/*--------------------------------*- C++ -*----------------------------------*\
| =========                 |                                                 |
| \\      /  F ield         | OpenFOAM: The Open Source CFD Toolbox           |
|  \\    /   O peration     | Version:  2412                                  |
|   \\  /    A nd           | Website:  www.openfoam.com                      |
|    \\/     M anipulation  |                                                 |
\*---------------------------------------------------------------------------*/
FoamFile
{
    version     2.0;
    format      ascii;
    arch        "LSB;label=32;scalar=64";
    class       volScalarField;
    location    "5";
    object      k;
}
// * * * * * * * * * * * * * * * * * * * * * * * * * * * * * * * * * * * * * //

dimensions      [0 2 -2 0 0 0 0];

internalField   nonuniform List<scalar> 
43136
(
0.0185848
0.0121663
0.0354878
0.018479
0.0186788
0.0188412
0.0240255
0.024021
0.0105991
0.0128576
0.0261774
0.0118602
0.0117425
0.01475
0.0142371
0.0169102
0.0468042
0.0642954
0.214816
0.0898455
0.0352747
0.0481752
0.0681235
0.0904245
0.013221
0.0118122
0.0241115
0.00911824
0.0125468
0.0149382
0.0136144
0.0167558
0.0127756
0.0234803
0.0193584
0.0137746
0.0152746
0.0197551
0.0178215
0.0217219
0.0141759
0.0157539
0.0256898
0.0214276
0.0156217
0.0152296
0.0166564
0.0164429
0.0375993
0.0222574
0.0160968
0.036347
0.0379639
0.0268779
0.0267304
0.020877
0.0296609
0.0469795
0.0183129
0.0328127
0.0284229
0.0324516
0.0237989
0.026524
0.00508265
0.00679851
0.00897146
0.0079189
0.00617942
0.00619627
0.00687593
0.00755882
0.00948092
0.0211387
0.00967514
0.0165849
0.0110306
0.0111464
0.0121413
0.0124919
0.0131324
0.00937865
0.0536395
0.0203568
0.018087
0.012257
0.0188142
0.01767
0.0116586
0.0196599
0.0189335
0.0152298
0.0148646
0.0178616
0.01414
0.0216468
0.00842322
0.0117821
0.0100532
0.016988
0.0108175
0.00914561
0.013584
0.0109372
0.00756294
0.0120042
0.0087836
0.00935647
0.00933591
0.00955919
0.0088163
0.0100816
0.01287
0.0102618
0.0165639
0.0186834
0.0153723
0.0136761
0.0208354
0.0142341
0.0125585
0.026289
0.0140373
0.0100735
0.0135512
0.0202706
0.0128614
0.0152655
0.12412
0.0642072
0.0773334
0.0504439
0.0772602
0.0566714
0.0653356
0.0488654
0.14047
0.245502
0.0898175
0.102715
0.15022
0.164991
0.134943
0.147835
0.084176
0.057342
0.123604
0.0523492
0.0750702
0.0753202
0.0658984
0.0644638
0.0207679
0.030053
0.0267715
0.010882
0.0164812
0.0210981
0.0138495
0.0180937
0.0613527
0.0594953
0.0352271
0.0476261
0.0555773
0.0348825
0.0516908
0.0304853
0.067169
0.0609797
0.065199
0.0590419
0.0640956
0.0668705
0.0602504
0.0604636
0.0551717
0.0288186
0.0382438
0.0332801
0.0450864
0.0279021
0.0364407
0.0250571
0.0548515
0.0354577
0.0485917
0.0552136
0.0451991
0.0417896
0.0512293
0.0405222
0.0225887
0.0205857
0.0214387
0.0241301
0.022179
0.0226026
0.0211683
0.021129
0.0191746
0.018856
0.020911
0.0372938
0.0185974
0.0189767
0.0183912
0.0206803
0.0190123
0.0206881
0.020191
0.0310954
0.018548
0.018729
0.0170175
0.0217121
0.0115185
0.0301874
0.0226791
0.032414
0.0176089
0.0221605
0.0204267
0.0237992
0.0197979
0.0204677
0.0230422
0.0269561
0.0190893
0.0202376
0.0229929
0.0243431
0.0202248
0.0289847
0.0193037
0.0207781
0.019199
0.0186365
0.0200098
0.0189549
0.0186883
0.0235404
0.0288794
0.022733
0.0231208
0.023463
0.0242071
0.0247382
0.0190333
0.0285954
0.0331812
0.0208012
0.0186337
0.0279223
0.0190234
0.0370772
0.0156729
0.0161476
0.0157079
0.0169947
0.0154274
0.0159664
0.0150609
0.0152864
0.0157647
0.0154099
0.0216121
0.0246908
0.015691
0.0158734
0.0241863
0.0218064
0.0151422
0.0184983
0.016976
0.0324411
0.0153739
0.0162265
0.0158449
0.0164909
0.0196081
0.0306821
0.0408246
0.0251687
0.0242954
0.0302495
0.0305004
0.0349082
0.0154515
0.0151373
0.0196424
0.0235732
0.0160755
0.015242
0.0228709
0.0195086
0.0158414
0.032828
0.0172494
0.0155811
0.0157312
0.0178852
0.0161392
0.0165058
0.0144355
0.0205717
0.0350857
0.0265262
0.0195896
0.0198862
0.022745
0.0224195
0.0147059
0.027457
0.0396119
0.017975
0.0149243
0.0240592
0.0176794
0.0383986
0.212057
0.0685427
0.0749344
0.0868029
0.131669
0.0917269
0.122607
0.0758132
0.02863
0.0148772
0.0245016
0.0119381
0.0199664
0.0172077
0.0196186
0.0199159
0.0459779
0.0467691
0.105294
0.0399134
0.037693
0.0602442
0.0493049
0.0754612
0.025967
0.0120526
0.0208455
0.00988542
0.0198279
0.014372
0.0150543
0.0169085
0.0437122
0.0481705
0.0558115
0.0207556
0.0420957
0.0422798
0.0278114
0.0337473
0.0361662
0.0138643
0.0299737
0.0392811
0.0326875
0.0202345
0.0348764
0.0254559
0.0457065
0.0390595
0.0182714
0.0281412
0.0313311
0.0288398
0.0243277
0.0191781
0.0396521
0.0299001
0.0151077
0.0364684
0.0275676
0.0223837
0.0264761
0.0176643
0.0045142
0.00555923
0.00719891
0.00589085
0.00496322
0.00537001
0.00540667
0.00597377
0.00726
0.0111165
0.00894162
0.0103007
0.00815629
0.00909971
0.00957306
0.0104857
0.010662
0.00987238
0.0140141
0.0143021
0.0137236
0.0116968
0.0137232
0.0149519
0.00722063
0.0103455
0.0109161
0.0081775
0.00806571
0.0100017
0.00791485
0.0105294
0.00606083
0.00847465
0.00658137
0.00847542
0.00717121
0.00671274
0.00777275
0.00783484
0.00668193
0.00955558
0.00870067
0.00858225
0.00764977
0.00825107
0.00831034
0.00912496
0.0089125
0.00676333
0.0098302
0.0108895
0.00983919
0.00845349
0.0119238
0.0087984
0.0102097
0.0157087
0.0114364
0.0108508
0.0114742
0.0144752
0.0117909
0.0146084
0.0046965
0.00565545
0.00665972
0.00808351
0.00561741
0.00541658
0.00633671
0.00662224
0.00699389
0.0153353
0.0096799
0.0177772
0.00943735
0.00914737
0.0114825
0.0117738
0.00896769
0.0103127
0.0126472
0.0144816
0.01151
0.00972069
0.0111211
0.0124226
0.0127487
0.0189084
0.0140445
0.0143552
0.0158204
0.0170285
0.0141769
0.0181613
0.00647613
0.00822602
0.0103084
0.0108463
0.00774901
0.00709325
0.00951763
0.0093113
0.00639833
0.0107501
0.00887819
0.00733184
0.00748502
0.00781546
0.00786779
0.00959969
0.00899442
0.0107489
0.0134183
0.0130471
0.011118
0.0107728
0.0136104
0.0109882
0.00942306
0.0172768
0.0143667
0.012257
0.0102444
0.0155148
0.0128299
0.0183335
0.0104813
0.0100065
0.0109441
0.0257065
0.0105723
0.0103956
0.0108052
0.0105659
0.00974085
0.011489
0.0126447
0.0174877
0.00942476
0.0117525
0.00982317
0.0120786
0.0116652
0.0132893
0.0136749
0.0266077
0.0113507
0.0133969
0.0119235
0.0131525
0.0360986
0.0221648
0.0337285
0.0219928
0.0280535
0.0260595
0.0316543
0.0276241
0.00969206
0.0111592
0.0218985
0.0190161
0.0100514
0.0110412
0.0239385
0.0237687
0.0102281
0.0189444
0.0129669
0.0112649
0.0101981
0.0102151
0.0107205
0.0101803
0.0115834
0.024285
0.0208664
0.02333
0.0245798
0.0237254
0.0219591
0.0212959
0.0112038
0.0216444
0.0196982
0.0127644
0.0112507
0.0215067
0.0107406
0.0212603
0.0038578
0.00385631
0.00389095
0.00427508
0.00392609
0.00384743
0.00401745
0.00398656
0.00388772
0.00387978
0.00390447
0.00429167
0.00397132
0.00387523
0.00405727
0.004014
0.00388893
0.00388239
0.00386821
0.00435122
0.00401067
0.00387276
0.00407844
0.00399241
0.00531928
0.00554375
0.00534356
0.00854939
0.00600265
0.00543988
0.00635728
0.00606431
0.00391758
0.00399752
0.00442072
0.00452249
0.00402739
0.00405237
0.00428792
0.00423701
0.00387171
0.00431966
0.00389084
0.00388961
0.00405213
0.00416783
0.00391373
0.00404046
0.00404215
0.00463315
0.00457936
0.00460609
0.00430835
0.00454906
0.00448721
0.00471073
0.00400509
0.00446448
0.00449984
0.00396039
0.00405873
0.00423266
0.00402549
0.0042569
0.004173
0.00422703
0.00493214
0.00730481
0.00498868
0.00443867
0.00591698
0.00513712
0.00423986
0.00437051
0.00892828
0.00589539
0.00497899
0.00482509
0.00581848
0.0058399
0.00672966
0.027055
0.0182439
0.021774
0.0120438
0.0163391
0.0176994
0.0245771
0.0118364
0.00860732
0.0176938
0.0149193
0.0127736
0.0106879
0.0155402
0.0133903
0.00500408
0.00578734
0.00905036
0.00732311
0.00572054
0.00556839
0.00652241
0.00697849
0.00454808
0.00681585
0.00956868
0.005955
0.00526928
0.00630971
0.00579707
0.00791262
0.00712829
0.0111124
0.00862955
0.0148014
0.00911106
0.00885761
0.0119111
0.00997098
0.00716406
0.0144559
0.00828165
0.0136261
0.00937131
0.0109787
0.0100203
0.0119902
0.00430585
0.00499791
0.00412483
0.00497739
0.0044021
0.00443533
0.00450299
0.00461268
0.00651392
0.0398369
0.00839377
0.00741046
0.0074452
0.00986501
0.00663501
0.00874736
0.00409116
0.00618744
0.004261
0.00532757
0.00442769
0.00516692
0.00463128
0.00502199
0.00637619
0.00794752
0.00724354
0.0160174
0.00732229
0.00727451
0.00859515
0.00889231
0.0052842
0.00424435
0.00527775
0.00653625
0.00504773
0.0047632
0.00585529
0.00515916
0.00558711
0.00668762
0.00653734
0.00447846
0.00543216
0.00571343
0.00488935
0.00534873
0.00441567
0.00544165
0.00658445
0.00569237
0.00484219
0.00574356
0.00516527
0.00600817
0.00478521
0.0061631
0.00706362
0.00679703
0.00494335
0.00556635
0.00544697
0.00626703
0.00403901
0.00386474
0.00415978
0.00529916
0.00429015
0.00398335
0.00481419
0.00428702
0.00383504
0.00384507
0.00387816
0.0042423
0.00390949
0.00385571
0.00403051
0.00402115
0.00407002
0.00390836
0.00404014
0.00656749
0.00449188
0.00389527
0.0048725
0.00423113
0.00724565
0.00565309
0.0156616
0.0110969
0.00771768
0.0084965
0.00957003
0.0105024
0.0039855
0.00464088
0.00562768
0.00461779
0.00413466
0.00454576
0.00442045
0.00529094
0.00387755
0.00448375
0.00388229
0.00392484
0.0040259
0.00412297
0.00388195
0.00402131
0.00517148
0.00672056
0.0050281
0.0100286
0.00692501
0.00615658
0.00830965
0.0070155
0.00417778
0.00613769
0.00492841
0.00409573
0.00448834
0.00505989
0.0042178
0.00461053
0.0212081
0.0206137
0.00873608
0.0146178
0.0179719
0.0157208
0.0137162
0.0118754
0.0217957
0.0105422
0.00751014
0.0142172
0.0165727
0.0111623
0.0134981
0.00829692
0.00612556
0.00574211
0.00437426
0.00610458
0.00606616
0.00565923
0.00525902
0.00488401
0.0136151
0.0146692
0.00864461
0.0166488
0.0157188
0.0130114
0.0126445
0.0106814
0.0202469
0.00917675
0.0151852
0.0157544
0.0141093
0.0114304
0.0150126
0.0120085
0.0175027
0.0137784
0.00764064
0.00957157
0.0143151
0.0122354
0.0119242
0.00992435
0.00742542
0.0118632
0.0122753
0.00730439
0.00781169
0.00912487
0.00888673
0.00979645
0.00757195
0.00726714
0.0113866
0.00632679
0.007183
0.00885673
0.00846962
0.00976716
0.249057
0.110478
0.0781694
0.0597148
0.10728
0.105813
0.0703397
0.0612193
0.0721488
0.0604648
0.0420655
0.0333594
0.0455738
0.0533815
0.0359813
0.0367494
0.0532948
0.0322472
0.0225494
0.0307581
0.0375058
0.0308064
0.033192
0.0216966
0.0390682
0.0316483
0.0280568
0.0193929
0.0319511
0.0318645
0.0252887
0.0290522
0.0652919
0.0473916
0.048007
0.0479609
0.0524936
0.0456922
0.0545373
0.0387415
0.0661522
0.032603
0.0400587
0.0652539
0.0449635
0.0346906
0.0630651
0.0354508
0.0366944
0.0387677
0.0364028
0.0305149
0.0336784
0.0348643
0.0314166
0.0343956
0.0428828
0.0283742
0.0295319
0.0282203
0.0336621
0.028517
0.0313129
0.0298222
0.0176465
0.0143515
0.0187634
0.0197646
0.0169166
0.0173144
0.0218403
0.0189415
0.0128901
0.0189623
0.0240204
0.0223739
0.014091
0.0172821
0.0163856
0.0177773
0.0194431
0.0302537
0.0414334
0.0279467
0.0199109
0.0247808
0.0220969
0.0266275
0.0179376
0.0233066
0.0279357
0.0169688
0.020718
0.0238072
0.0238111
0.0247114
0.0153838
0.0190247
0.0214528
0.0207571
0.0185554
0.019551
0.0247447
0.0242879
0.0160871
0.0225594
0.0202191
0.0185156
0.0171194
0.0174367
0.0175125
0.0175018
0.0201318
0.0247794
0.0232599
0.0247168
0.0255254
0.0240698
0.0241099
0.0233832
0.0194115
0.0256704
0.0239913
0.0212091
0.0197866
0.0247882
0.0186492
0.0264085
0.323152
0.0737688
0.093244
0.267725
0.181996
0.0877844
0.202552
0.0784955
0.0343525
0.0160567
0.0261143
0.0160369
0.0257015
0.0211482
0.0251316
0.0212028
0.0720758
0.0399282
0.0171877
0.0190093
0.0459298
0.0388675
0.0307399
0.0251286
0.151028
0.0233202
0.0255636
0.0739337
0.0704487
0.0423709
0.0554864
0.0334259
0.0484885
0.0531119
0.120413
0.0310811
0.0375504
0.0476119
0.0460676
0.0550738
0.0378228
0.0237598
0.0328624
0.0403865
0.0326206
0.030491
0.0337132
0.0335812
0.0732475
0.107467
0.0295153
0.028986
0.0596352
0.04493
0.0349761
0.0364987
0.0462765
0.0216795
0.0223097
0.0364488
0.0351378
0.0260266
0.0350565
0.0225984
0.0145367
0.011594
0.0237483
0.0268811
0.0138486
0.0124905
0.0117727
0.0119981
0.00969407
0.00956336
0.0192325
0.0238219
0.00955191
0.00919701
0.0105945
0.0115268
0.0279421
0.0280474
0.0132056
0.0119213
0.0270294
0.0261412
0.0158837
0.0157347
0.0221026
0.0276942
0.00981735
0.0137763
0.0237982
0.0251469
0.0122507
0.0131971
0.010778
0.0223276
0.0276675
0.0246566
0.0110139
0.011639
0.024796
0.0261516
0.0100162
0.0229753
0.0188548
0.0216058
0.0107361
0.0108304
0.0204728
0.019322
0.0159922
0.0170511
0.0190609
0.0110892
0.0175132
0.019014
0.0178622
0.0187444
0.0175269
0.0116431
0.019982
0.0186579
0.0174635
0.0187552
0.0173282
0.0191995
0.0194604
0.0146199
0.0114621
0.0120964
0.0173729
0.0160507
0.0114002
0.0108319
0.0116401
0.0126336
0.0117278
0.0161871
0.0108927
0.0111678
0.00887136
0.00855553
0.0102978
0.0134032
0.0466341
0.0112797
0.0103067
0.011148
0.0101692
0.0118273
0.00987624
0.0151117
0.0118298
0.0315637
0.0117719
0.0125303
0.0117689
0.0119454
0.0133853
0.0107803
0.01279
0.0144082
0.00992527
0.0102991
0.0135466
0.0122668
0.0125228
0.0144604
0.0105618
0.0108751
0.00941541
0.00903695
0.0108608
0.0103241
0.00801088
0.00739632
0.00794175
0.0101256
0.00735464
0.00743821
0.00755143
0.00745224
0.0080015
0.0100306
0.00814734
0.00837634
0.00796884
0.00762705
0.00802394
0.00780819
0.0164122
0.016446
0.0111352
0.015679
0.0125689
0.012078
0.0122396
0.0116407
0.0142214
0.0106425
0.021132
0.00846996
0.0121262
0.0137283
0.0141793
0.014334
0.0101714
0.0208285
0.011431
0.0259393
0.00952391
0.00976528
0.0102777
0.00983171
0.0189505
0.0120627
0.0310729
0.018856
0.0167868
0.0200347
0.0199583
0.0214463
0.0134416
0.0105496
0.0129536
0.00893593
0.0129704
0.0108432
0.0095405
0.0128314
0.0149366
0.0094868
0.0168342
0.0102734
0.0137378
0.0132752
0.0163836
0.014939
0.0104348
0.0143842
0.0104171
0.016981
0.0175217
0.014041
0.015587
0.0139899
0.00997524
0.0165664
0.0103657
0.01585
0.00947813
0.0154995
0.0150384
0.0126285
0.00396265
0.00486992
0.00412407
0.00478042
0.0041482
0.00432552
0.00433853
0.00452017
0.00672227
0.0113301
0.00803935
0.00751436
0.00741509
0.00854298
0.00731684
0.00902231
0.00416822
0.00589917
0.00413868
0.0049891
0.00457823
0.00517225
0.00452174
0.00470837
0.00604792
0.00757488
0.00644459
0.0101508
0.00658816
0.00712447
0.00768788
0.00798713
0.00511196
0.00441134
0.00499778
0.00587815
0.00498804
0.00463812
0.00544083
0.00523093
0.00529434
0.00663133
0.00679693
0.00471809
0.00550006
0.00593318
0.00512437
0.00579549
0.00454056
0.00531445
0.00665507
0.00560349
0.00489976
0.00568659
0.00536061
0.00598678
0.00487251
0.00592163
0.00731544
0.00683797
0.00508781
0.00582861
0.00583507
0.00644809
0.587483
0.0199807
0.21868
0.257951
0.225813
0.0440204
0.288203
0.0336175
0.0214177
0.0527509
0.0166576
0.011029
0.0167488
0.027943
0.0127876
0.0129341
0.117082
0.0126638
0.0514105
0.0291051
0.0607689
0.0137778
0.0985228
0.0104405
0.0900371
0.0114944
0.0204905
0.0443581
0.0449562
0.0142116
0.056133
0.0137495
0.0134301
0.0711427
0.0929807
0.0115047
0.0120808
0.017944
0.011481
0.0182851
0.0174038
0.0109875
0.0136167
0.0182997
0.0118581
0.0115398
0.0128114
0.00998577
0.0906119
0.114652
0.0118404
0.0418443
0.0651845
0.0185998
0.0309958
0.0139607
0.0150534
0.00924551
0.0101395
0.00882942
0.00995611
0.00917573
0.00857239
0.00825376
0.0139329
0.030611
0.019822
0.0153033
0.021537
0.0322038
0.0147267
0.0219766
0.0213492
0.0138728
0.00847737
0.0132766
0.0162148
0.0126311
0.0128438
0.00928031
0.0088834
0.00633704
0.00469956
0.00613961
0.00673624
0.00634936
0.00550786
0.00517385
0.019913
0.0180241
0.0107965
0.0657448
0.0283591
0.0168189
0.0238316
0.0135003
0.0287031
0.0144444
0.0170461
0.0170651
0.0202703
0.0161539
0.0196799
0.0159271
0.0204884
0.012803
0.00834965
0.0160455
0.0193023
0.012216
0.0165849
0.0102378
0.00944355
0.0123221
0.0130142
0.00770383
0.00954008
0.0117044
0.00995421
0.0102117
0.0107625
0.00699416
0.0101478
0.00688079
0.00740507
0.00848314
0.00869397
0.0093608
0.00455639
0.00593358
0.00596692
0.00618589
0.005027
0.00547182
0.00541962
0.00584696
0.00801966
0.0113638
0.0110716
0.0123405
0.00881683
0.0101387
0.010631
0.0122096
0.0170523
0.0380067
0.151017
0.0416161
0.0194187
0.0275723
0.0439775
0.0532252
0.00804884
0.0131707
0.0154885
0.0110837
0.00960056
0.012063
0.00994115
0.0125982
0.00656259
0.00636737
0.00714258
0.00992391
0.00748274
0.00630594
0.00923394
0.00849333
0.00738617
0.0119023
0.00897869
0.0068676
0.00774899
0.00878438
0.00720061
0.00786562
0.00764724
0.00715742
0.0118938
0.0167062
0.00820029
0.00832895
0.0101112
0.0093442
0.00860301
0.0188416
0.0142279
0.0147295
0.00928484
0.0125054
0.0106917
0.0151712
0.0157493
0.0210609
0.0292092
0.0367131
0.0199353
0.0210831
0.0459265
0.0462216
0.0231723
0.0295763
0.111201
0.0712753
0.0241856
0.0280561
0.0549765
0.129644
0.0237004
0.0704859
0.0744448
0.0473924
0.0267983
0.0390084
0.0307782
0.0492896
0.0359861
0.0799032
0.0592592
0.0300177
0.0410527
0.0582813
0.0389281
0.0512849
0.023223
0.0329442
0.0409034
0.0599239
0.0535465
0.04633
0.0575431
0.0537249
0.0230565
0.0615887
0.0519854
0.0291929
0.045871
0.0444552
0.027887
0.0282896
0.0409335
0.0499561
0.0818356
0.0523211
0.0441857
0.0557868
0.0497815
0.0651717
0.0383472
0.0677496
0.1105
0.0618129
0.036956
0.0595568
0.0375251
0.0763564
0.143205
0.113965
0.126989
0.0743742
0.0892526
0.123188
0.0983491
0.112149
0.19222
0.0309589
0.0281769
0.0836816
0.176173
0.0333099
0.131736
0.0312874
0.11119
0.0276467
0.0268844
0.0556636
0.0781572
0.0292019
0.0711902
0.0286273
0.073646
0.127391
0.111037
0.0399284
0.0769825
0.15063
0.0950536
0.123379
0.108554
0.108401
0.0967012
0.156619
0.10776
0.110078
0.122113
0.147379
0.181183
0.0884152
0.0325366
0.122238
0.148057
0.11685
0.132122
0.108218
0.16021
0.114683
0.142904
0.133903
0.163357
0.141737
0.141565
0.145703
0.111387
0.0599717
0.0808551
0.0297365
0.0800652
0.0683495
0.0845248
0.0674506
0.0197018
0.0273656
0.0432809
0.0232095
0.0216383
0.0275725
0.0277908
0.0417627
0.0293632
0.0292905
0.0373824
0.0521587
0.0317018
0.0318096
0.0468009
0.0528022
0.0589965
0.0558037
0.0348103
0.068316
0.0637433
0.0578611
0.0712368
0.0668454
0.0242675
0.0447765
0.0392482
0.035016
0.0293604
0.0380788
0.0373385
0.0428958
0.0311642
0.0492216
0.0263416
0.0445865
0.0502295
0.0453865
0.0436432
0.0369396
0.0317097
0.0511134
0.0387351
0.0451727
0.0463003
0.0447256
0.0414745
0.0417933
0.042221
0.0231691
0.0450497
0.0381125
0.0353126
0.0317794
0.0415674
0.0386981
0.0537543
0.0505194
0.0596088
0.0580754
0.0554234
0.0541425
0.0548766
0.0581638
0.0361097
0.0578832
0.0484417
0.0756734
0.0514747
0.0563378
0.0477467
0.0565489
0.0424603
0.0327092
0.107915
0.060377
0.0474292
0.0506403
0.0714027
0.0682673
0.0464194
0.0847836
0.0405355
0.0600463
0.053348
0.0556512
0.0454228
0.053418
0.0476966
0.0556681
0.0551724
0.0395106
0.0491026
0.0559144
0.0545594
0.0578484
0.0570397
0.0539587
0.0655056
0.073524
0.0582831
0.0589266
0.0784029
0.0829055
0.0592383
0.0734415
0.05912
0.0546165
0.0581048
0.0579695
0.0570334
0.0574529
0.0478397
0.0677475
0.0875968
0.0636593
0.0668997
0.0799319
0.0733226
0.0769385
0.0567185
0.072463
0.0870568
0.0694024
0.0588492
0.080774
0.0711683
0.107641
0.0270654
0.0307569
0.0492723
0.0507979
0.0300609
0.0326522
0.0497526
0.0541041
0.0291102
0.0234641
0.105066
0.0723948
0.0304928
0.0261381
0.0543808
0.108462
0.0544408
0.123002
0.11218
0.0996816
0.0565962
0.0725063
0.0710721
0.132229
0.0480141
0.107087
0.073089
0.0455205
0.0537705
0.0805749
0.0506805
0.072175
0.0334813
0.0529699
0.053718
0.0687309
0.0581395
0.0547608
0.0661336
0.0652967
0.0321489
0.0662968
0.0521489
0.0458552
0.0507261
0.0489941
0.0416184
0.0409675
0.0578478
0.0659995
0.100162
0.064265
0.0558109
0.071226
0.0630514
0.0772824
0.0606462
0.0908275
0.159714
0.105632
0.0589743
0.0727211
0.0599461
0.104603
0.224219
0.233715
0.196408
0.147302
0.250788
0.222257
0.203446
0.195369
0.162992
0.0234013
0.0257924
0.0841429
0.142676
0.0254925
0.109965
0.0276792
0.11657
0.028166
0.0327745
0.0880322
0.0830514
0.0287674
0.0870237
0.0340286
0.0974251
0.150271
0.173849
0.0683637
0.107515
0.197955
0.112544
0.194883
0.219685
0.16664
0.139167
0.246476
0.190339
0.180537
0.192086
0.206829
0.153619
0.0979458
0.0271078
0.12091
0.13516
0.104004
0.120212
0.0955782
0.174726
0.134087
0.209127
0.182588
0.199781
0.184852
0.193348
0.205625
0.11475
0.0953521
0.0968409
0.0294121
0.0879017
0.0959347
0.0852329
0.0865084
0.0199554
0.0370497
0.0345511
0.0483841
0.0347653
0.0355782
0.0466703
0.0393527
0.0331819
0.13828
0.0939959
0.0926698
0.0439716
0.0457277
0.0606156
0.068464
0.0360145
0.131414
0.0387759
0.0920557
0.0460589
0.0376245
0.0495442
0.0450978
0.0550066
0.0840072
0.13283
0.067148
0.0652003
0.0824845
0.0727965
0.0921521
0.0402992
0.0483366
0.0548021
0.0579534
0.0528815
0.0420366
0.0528593
0.0571657
0.0355179
0.0584312
0.0397961
0.0391281
0.0416544
0.0427595
0.0380231
0.0418663
0.0540138
0.0623173
0.0711685
0.0946271
0.0622769
0.0637253
0.0799559
0.0690351
0.0430529
0.0989781
0.0779553
0.0621554
0.0418716
0.0755063
0.0432444
0.107984
0.0394897
0.0394579
0.0959949
0.109063
0.0426898
0.0416853
0.0804523
0.0777266
0.0401013
0.0407722
0.17751
0.104102
0.0410712
0.0447192
0.0675358
0.0654145
0.149761
0.157183
0.236228
0.126283
0.145612
0.163191
0.139525
0.120489
0.18934
0.179824
0.114959
0.0804121
0.20182
0.261679
0.146783
0.142438
0.0400246
0.0993924
0.110677
0.110622
0.0761073
0.0845072
0.103827
0.124767
0.0436819
0.142617
0.167796
0.105397
0.0691632
0.0775692
0.109094
0.130169
0.151722
0.17386
0.175336
0.150359
0.203737
0.178244
0.198485
0.19016
0.128893
0.12245
0.164256
0.123484
0.135127
0.221824
0.128346
0.191479
0.03768
0.0382334
0.0335292
0.0381503
0.0357128
0.034774
0.0343867
0.0324635
0.042419
0.0273754
0.066662
0.0157053
0.0383445
0.0400013
0.0365726
0.0459227
0.030838
0.0440873
0.023686
0.0807558
0.0327291
0.027135
0.0433436
0.0205266
0.0325831
0.0123485
0.0404003
0.0176402
0.0258118
0.0247134
0.0250399
0.0261593
0.0351771
0.0345887
0.0332781
0.0267236
0.032534
0.031298
0.0332003
0.0315671
0.0370424
0.0273079
0.0389278
0.0338976
0.0330792
0.0312269
0.034043
0.0344678
0.0383338
0.0323565
0.0251303
0.0448835
0.0437577
0.0310279
0.0438351
0.0272616
0.0367381
0.0490179
0.0294365
0.0275412
0.0391376
0.0489735
0.0343761
0.0470118
0.38866
0.129669
0.127726
0.278949
0.273864
0.15205
0.277294
0.128393
0.0766285
0.0218434
0.0575013
0.0221736
0.0378823
0.0328148
0.0384096
0.0435185
0.0973344
0.103426
0.119907
0.112868
0.0850303
0.115286
0.105252
0.109894
0.168161
0.0318501
0.129547
0.1067
0.0723469
0.0546689
0.102832
0.10166
0.101291
0.090871
0.159587
0.0367236
0.0873696
0.0860123
0.0659909
0.0839672
0.0822021
0.0354034
0.0735986
0.100348
0.0698176
0.0385409
0.0859392
0.0544488
0.111421
0.171021
0.046262
0.115315
0.110625
0.0809674
0.068975
0.050915
0.0943182
0.0958434
0.0538938
0.0759051
0.0740915
0.0765667
0.0743486
0.0761472
0.013941
0.0166481
0.0135292
0.0332022
0.0134294
0.0139597
0.0130859
0.0131079
0.0197389
0.0174334
0.0174456
0.0328697
0.0200028
0.0175133
0.0202778
0.0175028
0.0148857
0.017582
0.0176751
0.0391679
0.0150112
0.0161155
0.0148866
0.0154262
0.0433477
0.0356476
0.0400339
0.0155083
0.0310927
0.0299233
0.0291952
0.0300292
0.016217
0.0136017
0.0253412
0.036067
0.0159008
0.0133019
0.0349232
0.0250263
0.0158345
0.0332879
0.0170948
0.0146915
0.0155133
0.0162078
0.0160015
0.0156851
0.0135638
0.0248214
0.0334335
0.0289373
0.0252825
0.0255632
0.0276203
0.0270604
0.0141403
0.0299603
0.0323821
0.0167106
0.0141134
0.0274316
0.0154387
0.0294729
0.197252
0.112937
0.0318464
0.0601809
0.108744
0.0879692
0.0551478
0.0457518
0.177826
0.235836
0.0566187
0.0454785
0.149436
0.181805
0.0740743
0.0615937
0.0185854
0.0143353
0.013763
0.0150424
0.0163716
0.0176104
0.0150094
0.0145596
0.0267409
0.0170528
0.0163087
0.0137199
0.0199749
0.0170266
0.0152526
0.0143644
0.107264
0.0285631
0.0392088
0.0413049
0.0565222
0.0440968
0.052431
0.0364642
0.130617
0.0353543
0.043811
0.0353496
0.0554161
0.052601
0.0421867
0.0325243
0.0207398
0.025726
0.0256563
0.0168853
0.020863
0.0232696
0.0177603
0.0220623
0.0203619
0.0166681
0.0212146
0.0182617
0.0195281
0.018319
0.0204765
0.0192275
0.00488078
0.00563348
0.0058776
0.00576648
0.00503727
0.00516764
0.00524414
0.00528093
0.0104704
0.0216201
0.0116372
0.0102341
0.0108902
0.0128101
0.0107096
0.0116736
0.00737144
0.009469
0.044119
0.0109403
0.00770927
0.00827638
0.00865865
0.00948666
0.00841239
0.00803012
0.0116445
0.0256124
0.00931893
0.00968689
0.00983263
0.0105324
0.0060834
0.00599364
0.00609366
0.00662027
0.00627892
0.00545886
0.006406
0.00645929
0.0070436
0.0070908
0.00803526
0.00636428
0.00677339
0.006913
0.00740271
0.00726975
0.00646258
0.00635441
0.00683255
0.0085651
0.00768851
0.00658058
0.00797612
0.00668327
0.00656123
0.00935353
0.00713145
0.00803446
0.00667295
0.00859567
0.00763476
0.00738852
0.0168635
0.0176846
0.0166904
0.0278981
0.0159082
0.0168289
0.0155589
0.0158419
0.0181872
0.0153626
0.0160516
0.0199619
0.0177144
0.0160041
0.0187845
0.0159118
0.0174568
0.0171104
0.0197861
0.0210092
0.0172088
0.0184699
0.0169678
0.0178056
0.0473413
0.0333144
0.0303384
0.0309751
0.0354184
0.0352396
0.0324714
0.0303222
0.0168868
0.0161399
0.0182371
0.0222906
0.0163836
0.0154774
0.0219927
0.0186344
0.0175017
0.0216288
0.0168345
0.0172859
0.0167337
0.0171696
0.0171896
0.0165548
0.0156662
0.0177334
0.0211243
0.0184991
0.0175499
0.0179584
0.0182829
0.0191837
0.0166069
0.0186363
0.0177421
0.0162912
0.0167081
0.0187115
0.0168016
0.01682
0.01511
0.0178351
0.0177628
0.0201563
0.0174777
0.0181326
0.017386
0.0174548
0.0196309
0.0230958
0.0222522
0.0139586
0.0190846
0.0240893
0.0184009
0.02223
0.0194209
0.0218275
0.0216439
0.0179007
0.0163314
0.0224936
0.0159085
0.0217628
0.0261291
0.0118067
0.0183516
0.0765993
0.0182486
0.0128267
0.0216367
0.0137115
0.0178035
0.0169844
0.0172537
0.0144335
0.0171915
0.016624
0.0164893
0.0162642
0.0203062
0.0140165
0.023043
0.0201892
0.0190186
0.0174673
0.0195109
0.0176196
0.0163454
0.0184884
0.0139733
0.0142901
0.0159133
0.0156983
0.0135828
0.0136822
0.0188502
0.0127626
0.0135998
0.0215466
0.0160016
0.0127735
0.0167617
0.0132862
0.0158707
0.0180305
0.0177765
0.0350958
0.0165903
0.0176245
0.0164525
0.0170362
0.0193006
0.0198903
0.0191404
0.0352046
0.0161946
0.0191276
0.0143814
0.0181855
0.0180745
0.0193437
0.0199143
0.0559732
0.0154261
0.0201404
0.015466
0.0191163
0.0337104
0.0371911
0.0352484
0.0166459
0.0327825
0.0331732
0.0239363
0.0332689
0.0164514
0.0168795
0.0409392
0.0371049
0.0157074
0.0164316
0.0374218
0.0362414
0.0185537
0.0348465
0.0195185
0.0181292
0.0179064
0.0144203
0.0189412
0.0144122
0.0173372
0.0419088
0.0348885
0.0366271
0.0387522
0.0375998
0.0367186
0.0358521
0.0170873
0.0513958
0.0388287
0.0184315
0.0148043
0.0454002
0.0145162
0.0414585
0.0537373
0.0760943
0.0417763
0.0467063
0.0594177
0.0466256
0.0540708
0.041532
0.0888412
0.170763
0.0363552
0.0654381
0.0731052
0.0630831
0.0489943
0.0424895
0.0417705
0.0339635
0.0293274
0.018426
0.0354659
0.0315663
0.0352105
0.0292114
0.0393017
0.0411417
0.0144508
0.0200687
0.0411574
0.0276779
0.031965
0.0191959
0.0573612
0.0442592
0.0551682
0.0553718
0.0448133
0.0399561
0.0536283
0.0366996
0.0435843
0.0378091
0.0296003
0.040749
0.0342986
0.0320694
0.0352403
0.0258792
0.0460702
0.0520425
0.0396762
0.0258558
0.0375443
0.0350485
0.0262066
0.0289923
0.038675
0.0208363
0.0255721
0.0287791
0.0298503
0.0216864
0.0257829
0.0207809
0.0167119
0.0189779
0.019216
0.0242711
0.017959
0.0187074
0.0182363
0.0184884
0.0202153
0.0214057
0.022035
0.0332767
0.0192135
0.0209419
0.018092
0.0208269
0.0203737
0.022719
0.0222234
0.035318
0.0203712
0.0223222
0.0212944
0.0220761
0.0223872
0.0236698
0.01494
0.0169783
0.0233221
0.0192115
0.0184656
0.0166975
0.0185082
0.0196446
0.0244128
0.02847
0.0182625
0.0189927
0.028116
0.0236144
0.0198045
0.0274327
0.0216714
0.0204161
0.0196879
0.0183543
0.020801
0.0186012
0.0207199
0.0223093
0.0256166
0.029049
0.0219908
0.0219502
0.0267464
0.0252135
0.0199652
0.0326805
0.029074
0.0217039
0.0193688
0.0296676
0.0187069
0.0306459
0.0041217
0.0050268
0.00392839
0.00495253
0.00468989
0.00462903
0.004341
0.00409611
0.0163083
0.124507
0.0506784
0.0359257
0.0479864
0.060818
0.0388466
0.052658
0.00405207
0.0134575
0.0049648
0.00573003
0.00668404
0.00799537
0.00538256
0.00600362
0.00604135
0.0117114
0.00603365
0.00930201
0.0077367
0.00770475
0.006744
0.00678457
0.00673574
0.00451573
0.00572444
0.015513
0.00571975
0.00453452
0.00615328
0.00506456
0.00816773
0.0240801
0.0258456
0.00454541
0.0070862
0.0181412
0.00530062
0.0204311
0.0043726
0.00501359
0.0119766
0.00557373
0.00456859
0.00485434
0.00656864
0.0066283
0.00450682
0.0061784
0.0164139
0.0201269
0.00727099
0.00763294
0.016166
0.0145525
0.0391582
0.0204029
0.036855
0.0304679
0.0249168
0.020778
0.0335033
0.0172214
0.0206391
0.0168056
0.0246164
0.0137774
0.0180455
0.0182979
0.0160299
0.0166309
0.0346137
0.0180922
0.0191485
0.0345337
0.0182096
0.0158624
0.0272657
0.0119686
0.0267676
0.0123612
0.0391928
0.0174713
0.0187652
0.0150839
0.0222199
0.0156953
0.0184504
0.0223124
0.0200665
0.0153376
0.0152197
0.0153473
0.0157928
0.0156168
0.0196327
0.0142833
0.0216565
0.0179739
0.0151784
0.0150765
0.0178883
0.0187733
0.0397746
0.0299174
0.0138224
0.0413107
0.0348196
0.0154826
0.0233604
0.0143415
0.0183102
0.0217223
0.0130389
0.0186235
0.0175672
0.0187231
0.0177836
0.0179984
0.00510864
0.00942015
0.00832779
0.00641122
0.00641029
0.00687651
0.00682146
0.00889395
0.0206281
0.0510051
0.0339456
0.0546024
0.0377693
0.0281301
0.0663914
0.0474085
0.0145686
0.0798994
0.0850684
0.0251433
0.0190975
0.025441
0.0227818
0.0318829
0.00866022
0.0173301
0.0307985
0.0290407
0.00918983
0.0123414
0.0206868
0.0192713
0.0157923
0.0108455
0.00692799
0.0176241
0.0161787
0.00926673
0.0147163
0.0102369
0.014963
0.0327749
0.02115
0.0112904
0.0227567
0.0314504
0.0134205
0.0197398
0.0109305
0.00724751
0.0197346
0.018503
0.0100804
0.0100207
0.0124662
0.0117716
0.0143521
0.0232533
0.0314247
0.0300387
0.0158337
0.0194194
0.0305933
0.0370625
0.0195742
0.0327795
0.0129815
0.0610396
0.0142576
0.0120461
0.0135036
0.0119744
0.0474164
0.0214302
0.0185021
0.01318
0.0286495
0.0251766
0.0239157
0.0179707
0.0147748
0.0153701
0.0207969
0.0175881
0.015385
0.0157942
0.0167952
0.0174138
0.0257526
0.0106592
0.0119574
0.0152872
0.0166429
0.0142519
0.0151393
0.0115821
0.0165561
0.012743
0.0275787
0.0179641
0.0150605
0.0118737
0.0283078
0.0255884
0.013873
0.0153953
0.0137704
0.0125092
0.0127952
0.0129206
0.0132075
0.0132896
0.0140398
0.0208609
0.015753
0.0169174
0.0196356
0.0173571
0.0154052
0.0147854
0.0136739
0.0144352
0.0122182
0.0142401
0.0138427
0.0142019
0.0135016
0.0116521
1.07324
1.01049
0.131867
0.134507
0.459147
0.37402
0.264773
0.181339
0.366533
0.108244
0.101256
0.0362829
0.111721
0.0826685
0.0850677
0.0587699
0.117525
0.0463942
0.0774486
0.0665972
0.0997445
0.0750608
0.0895156
0.0723434
0.0398792
0.0344603
0.0195081
0.0256201
0.0328039
0.0264817
0.0279057
0.0215857
0.253386
0.136336
0.0965214
0.0612789
0.140221
0.128202
0.116025
0.089798
0.136544
0.0481976
0.0530606
0.0871094
0.0776723
0.0654585
0.0800127
0.0568689
0.106566
0.0675636
0.0511043
0.0380431
0.0605025
0.064374
0.0522281
0.0503626
0.085721
0.0530256
0.0370953
0.039317
0.0727904
0.0558596
0.0524194
0.046578
0.0544216
0.0711551
0.0752463
0.0499486
0.063918
0.0668871
0.0572147
0.0576475
0.104144
0.13854
0.0725413
0.0647353
0.112243
0.117691
0.0856757
0.0882295
0.10624
0.0917461
0.196406
0.0944603
0.127294
0.143995
0.115243
0.139048
0.0427464
0.0427858
0.049973
0.0230246
0.0453168
0.0444795
0.0339556
0.0330683
0.0700208
0.0707164
0.0576226
0.0587112
0.065976
0.0562605
0.0616602
0.0570744
0.0807677
0.0652079
0.0990259
0.0772521
0.0699456
0.0673693
0.0838477
0.101501
0.0665522
0.0521348
0.0540163
0.0638557
0.0669413
0.0509109
0.0650723
0.048365
0.0762888
0.0687536
0.0515677
0.0727303
0.0777864
0.0750785
0.0841731
0.061833
0.0653296
0.443563
0.0513576
0.104163
0.176889
0.293052
0.106043
0.24151
0.832387
1.22915
0.487603
0.261518
0.70484
1.42632
0.540396
1.03643
0.0566594
0.29067
0.0722174
0.0453271
0.123285
0.23467
0.0638212
0.158003
0.0423879
0.0742538
0.0260598
0.0408492
0.0462735
0.0570744
0.0369926
0.0490785
0.430239
0.148908
0.105892
0.214979
0.367455
0.183556
0.266882
0.140895
0.616456
0.221983
0.362636
0.256885
0.556918
0.324492
0.340785
0.248536
0.0787387
0.0547196
0.113819
0.0354849
0.0709294
0.0986819
0.057337
0.0799882
0.215687
0.0536993
0.158354
0.270021
0.110592
0.0700706
0.159778
0.100546
0.00412422
0.00547819
0.00417921
0.00513379
0.00448686
0.004596
0.00445607
0.00477597
0.00821284
0.0174049
0.00701983
0.012311
0.0100356
0.0105251
0.0100572
0.0112792
0.00411461
0.00502808
0.004126
0.00508792
0.00440937
0.00456281
0.00443029
0.00467936
0.00758314
0.0117854
0.00703431
0.0147894
0.0094441
0.00971644
0.00971051
0.0105513
0.006318
0.00449241
0.00589509
0.00860392
0.00633484
0.00512835
0.00736547
0.00613106
0.00654495
0.0093733
0.00613714
0.00461843
0.00703474
0.00783938
0.00528151
0.00585572
0.0044336
0.00592229
0.00912379
0.00577303
0.00494969
0.00661203
0.00548804
0.00727829
0.00477495
0.00611738
0.00996875
0.00631729
0.00502376
0.00574045
0.00583605
0.00641152
0.308076
0.149855
0.178285
0.136217
0.195366
0.195515
0.179207
0.205104
0.0931341
0.0706425
0.0785612
0.0517078
0.0746886
0.0844501
0.0695691
0.0784401
0.133696
0.083675
0.119966
0.102453
0.106977
0.111459
0.115934
0.114214
0.0833456
0.0385903
0.0599563
0.0259272
0.0439527
0.0508303
0.0341557
0.0392328
0.0961515
0.143486
0.102665
0.0580724
0.0913568
0.11167
0.0901956
0.102195
0.0939982
0.0647147
0.0847832
0.143587
0.0858695
0.0653124
0.0940514
0.0731109
0.1381
0.106493
0.0515204
0.0809003
0.118396
0.104304
0.0726736
0.0561182
0.148817
0.0808116
0.0554587
0.0744998
0.086324
0.0771886
0.0731538
0.0620419
0.101753
0.102298
0.0631296
0.0923414
0.0786904
0.0852816
0.080207
0.0780372
0.143937
0.198554
0.163229
0.13386
0.150807
0.175726
0.153647
0.182272
0.0483579
0.0678138
0.0346123
0.0722577
0.0503245
0.0508243
0.0511452
0.0451322
0.117429
0.0849251
0.0915051
0.198071
0.104627
0.0861672
0.152154
0.0902204
0.103203
0.0659319
0.0838939
0.104233
0.102377
0.086199
0.0975745
0.0858214
0.120852
0.122936
0.104838
0.0740837
0.11819
0.12855
0.0874458
0.0923979
0.0670499
0.0954857
0.100551
0.0777088
0.0720215
0.0830473
0.0754327
0.0885763
0.0714712
0.0768698
0.120118
0.0848437
0.0791798
0.0844182
0.0894396
0.109743
0.0205038
0.0137954
0.0119651
0.0125651
0.0156831
0.0128101
0.0108501
0.0115133
0.0158184
0.0186994
0.0111953
0.0120688
0.0164568
0.0164769
0.0127931
0.0114848
0.00685219
0.00720774
0.00471567
0.00542697
0.00584312
0.00634472
0.00504072
0.0049196
0.00877623
0.0097743
0.00673851
0.0133028
0.0104422
0.00865063
0.00866022
0.00739991
0.013167
0.0094719
0.0112312
0.0115101
0.010348
0.00969561
0.0102506
0.00904677
0.0130903
0.0100554
0.0095053
0.010054
0.0111073
0.0091896
0.0109846
0.00857931
0.00794781
0.00724178
0.00856358
0.00604229
0.00682898
0.00710983
0.00654862
0.00693698
0.00738467
0.00561246
0.00738879
0.00720517
0.00609567
0.00646601
0.00698824
0.00677362
0.109268
0.0190472
0.838875
0.207339
0.0316237
0.0341405
0.247048
0.19293
0.0185885
0.0274745
0.0933231
0.126666
0.0220118
0.02475
0.0759341
0.0889043
1.22971
0.325088
1.03758
0.520794
0.64027
0.490418
0.862771
0.693916
0.0680605
0.133382
0.143448
0.0458376
0.0690577
0.0968752
0.0756386
0.112812
0.0191721
0.338365
0.0788641
0.0447187
0.0578552
0.120509
0.0421431
0.0785886
0.0200847
0.0572987
0.0770345
0.271883
0.0513255
0.0522637
0.111686
0.0771853
0.565903
0.17825
0.124702
0.496307
0.579363
0.161428
0.333509
0.128964
0.447548
0.50049
0.199164
0.250755
0.33459
0.30421
0.244251
0.383512
0.219067
0.122262
0.112349
0.278465
0.169342
0.126686
0.210425
0.123366
0.109662
0.0736496
0.0329955
0.158441
0.107414
0.0800884
0.11476
0.0662798
0.0195942
0.0125309
0.00697273
0.00862749
0.0147262
0.0111518
0.0092889
0.00755708
0.301902
0.275311
0.0404251
0.333653
0.245632
0.209095
0.266916
0.165167
0.115129
0.0771094
0.192837
0.15757
0.118047
0.123775
0.143995
0.150087
0.111075
0.133806
0.0324712
0.0546103
0.108229
0.115252
0.0504568
0.0357768
0.0725015
0.239832
0.184616
0.032995
0.0708746
0.167912
0.0472908
0.176883
0.0388091
0.0145533
0.10373
0.0185063
0.0298152
0.0253751
0.0253868
0.0290316
0.0164702
0.00683556
0.00945583
0.0305971
0.0160862
0.00793123
0.0151965
0.00946847
0.00501177
0.00449366
0.0051799
0.00549619
0.00489741
0.00463894
0.00538827
0.00494603
0.0081908
0.00619104
0.00730271
0.00981975
0.00792013
0.00661679
0.00834762
0.00738138
0.0301174
0.00752033
0.0133137
0.0199667
0.0183727
0.00899805
0.0181139
0.0119269
0.00649199
0.00828342
0.0215656
0.00664955
0.00695352
0.00802187
0.0078884
0.00933314
0.00537252
0.00602873
0.00557572
0.00682665
0.00634443
0.0059621
0.00658862
0.00648207
0.00894905
0.0197726
0.00741341
0.0108525
0.0112937
0.0107917
0.00982349
0.00859542
0.00793858
0.00952592
0.00684448
0.00591545
0.00765488
0.00839304
0.00668859
0.00754992
0.152273
0.105866
0.0806057
0.0937078
0.113561
0.100418
0.104089
0.0709946
0.0953518
0.0516041
0.0553924
0.040451
0.0880229
0.0691955
0.0560137
0.0375623
0.0711529
0.0857171
0.0992365
0.0315246
0.0607454
0.0951018
0.051738
0.0651792
0.0197732
0.0182401
0.0138845
0.0077915
0.0143105
0.021157
0.0101204
0.0115978
0.09705
0.0624698
0.059482
0.0480133
0.0609677
0.0597865
0.0605905
0.0573418
0.087153
0.0625512
0.0629206
0.0702976
0.0603344
0.0590317
0.0656003
0.0628823
0.0517904
0.0306617
0.0332393
0.018604
0.041152
0.0381097
0.0316455
0.0289134
0.0531178
0.025245
0.0375923
0.0583553
0.0491357
0.044376
0.0504874
0.0472748
0.00463422
0.00519131
0.00630405
0.00689606
0.00509102
0.0057776
0.00615584
0.00671219
0.00526475
0.00629858
0.0103538
0.00750625
0.00547835
0.00600809
0.00677391
0.00690208
0.00957574
0.0185942
0.0612803
0.152107
0.0132863
0.0177547
0.0675367
0.0599935
0.0258266
0.0253131
0.290032
0.35886
0.0323937
0.0418872
0.204214
0.158162
0.00506144
0.00769033
0.0075576
0.00714438
0.00733102
0.00821802
0.00726582
0.00908936
0.00559606
0.00808048
0.0113349
0.00923896
0.00725819
0.00758591
0.00895359
0.00943224
0.0104247
0.0144109
0.012744
0.124917
0.0175607
0.0134364
0.0223834
0.0150708
0.011366
0.0996242
0.012182
0.0146697
0.012859
0.0282468
0.0135882
0.0203652
0.00390481
0.00389137
0.00386046
0.00436713
0.00410308
0.00389954
0.00409977
0.00398286
0.00387005
0.0038835
0.00393302
0.00470991
0.00413488
0.0038939
0.00441273
0.00415726
0.0038669
0.0039563
0.00390401
0.00489727
0.00422831
0.00396796
0.00434163
0.00411188
0.00547638
0.00639684
0.0070382
0.0155878
0.00717018
0.00637747
0.00855235
0.00789746
0.00408887
0.00405366
0.00468275
0.0049919
0.00420138
0.00409691
0.00443104
0.0043813
0.00388416
0.00454337
0.00395422
0.00389564
0.00400339
0.00417234
0.00388215
0.00419132
0.00406769
0.00462131
0.00556144
0.00565309
0.00432777
0.00442472
0.00519052
0.00510982
0.00399005
0.00534955
0.00533188
0.00419806
0.0042521
0.00478941
0.00449612
0.00488641
0.100954
0.044279
0.0674782
0.0345892
0.0673887
0.06934
0.0493261
0.0541355
0.014481
0.00741699
0.00968755
0.00874252
0.0115138
0.00970535
0.0103556
0.00904057
0.0511623
0.0139833
0.0203268
0.0189663
0.0343566
0.0248399
0.0270611
0.0200445
0.0240099
0.00999936
0.0192703
0.013123
0.0203178
0.0175518
0.0186791
0.0158356
0.0309182
0.0453021
0.0304746
0.0153031
0.0256164
0.0350252
0.0174783
0.0259797
0.0250984
0.0137717
0.0153147
0.0492882
0.0219155
0.015965
0.0309559
0.0220132
0.0325572
0.0290312
0.0139141
0.0220768
0.0267602
0.0258054
0.0254817
0.0204597
0.0384066
0.0182544
0.0129186
0.0136961
0.0256709
0.0223198
0.0192525
0.0169973
0.285017
0.0342645
0.058719
0.253169
0.145308
0.0422278
0.218523
0.0527018
0.0175334
0.00933551
0.0171521
0.0129466
0.012289
0.0115068
0.0144094
0.0142297
0.0504347
0.0358911
0.0780241
0.0782199
0.0537228
0.0541754
0.0791583
0.0731275
0.120251
0.0197543
0.0737239
0.0392353
0.0470439
0.0383193
0.0809136
0.0672711
0.0254103
0.0429883
0.0875522
0.0181367
0.0305584
0.0326114
0.0257993
0.031239
0.0216713
0.0174349
0.0218638
0.0331883
0.0217901
0.0167481
0.0258896
0.0212425
0.0563689
0.121991
0.0239737
0.0758251
0.0536014
0.0449384
0.0495033
0.0329718
0.0422124
0.0707149
0.0243602
0.0293672
0.0404822
0.0507141
0.0311464
0.0311333
0.068318
0.0264427
0.0547235
0.0441862
0.0446318
0.0388279
0.0435808
0.0393835
0.0252407
0.0157237
0.0207221
0.0140576
0.0237932
0.0224349
0.0203
0.0212573
0.0452555
0.0173684
0.0201084
0.0207807
0.0310173
0.0250626
0.0273521
0.020768
0.0356043
0.0144774
0.0228968
0.0187203
0.0255615
0.0226569
0.0240375
0.0200604
0.0252237
0.0365029
0.0305098
0.0194528
0.023035
0.0290034
0.0208976
0.0261787
0.0255976
0.0181618
0.0201475
0.0309055
0.0226763
0.020753
0.0234054
0.0225566
0.0399006
0.0360592
0.0197613
0.0286648
0.0422747
0.0285364
0.0290651
0.0230924
0.031454
0.0216592
0.0186569
0.0162772
0.0242112
0.0249607
0.0184212
0.021875
0.290033
0.095392
0.0319115
0.50288
0.162352
0.0945396
0.142013
0.0597498
0.0504476
0.0208751
0.0120681
0.0405618
0.0309018
0.0245279
0.0214525
0.0167595
0.0161631
0.00977448
0.00832701
0.011059
0.0132338
0.0114827
0.0109141
0.0093615
0.124982
0.0401079
0.0153684
0.0254836
0.047455
0.0391599
0.0287053
0.0213223
0.0560424
0.0263087
0.150498
0.043745
0.0333231
0.0425679
0.0850244
0.0892793
0.0367993
0.0340794
0.0141165
0.0217907
0.0235695
0.0223549
0.0196987
0.0156976
0.0206016
0.0684345
0.031514
0.0152289
0.0237847
0.0396199
0.0184509
0.0343301
0.0165749
0.0124689
0.0220406
0.0102432
0.0138553
0.0152304
0.0120424
0.0132073
0.00484953
0.0064628
0.00840582
0.00702989
0.00545936
0.00629195
0.00603432
0.00701016
0.0090353
0.0151263
0.0155565
0.0161721
0.0107618
0.0126337
0.0137919
0.0159982
0.0125052
0.0188173
0.0130353
0.0120532
0.0159925
0.0184656
0.0129234
0.017476
0.010079
0.0179439
0.0124464
0.0151961
0.0121883
0.0157691
0.0118024
0.0161943
0.00725097
0.00984572
0.00814818
0.0117383
0.00888085
0.00745861
0.0105926
0.010148
0.00815143
0.0144581
0.0121086
0.0114958
0.00931224
0.0115619
0.0116716
0.0125298
0.00940008
0.00860069
0.0146893
0.0118992
0.0111968
0.0110757
0.0142622
0.0120156
0.0120495
0.0168769
0.0173384
0.0141489
0.0130172
0.0180944
0.0145578
0.0200282
0.00501809
0.00679147
0.00686771
0.00624735
0.00550319
0.00578434
0.00658316
0.00696893
0.00871013
0.00804366
0.0102531
0.00887355
0.00914736
0.00932592
0.0112891
0.0112109
0.0091833
0.0116054
0.0259211
0.0215124
0.0113246
0.01023
0.0157388
0.0135654
0.00646811
0.00743806
0.0141458
0.00639822
0.00644862
0.00843477
0.00714719
0.00861905
0.00765886
0.00840622
0.00639731
0.00795699
0.00956548
0.00843068
0.00831639
0.00834289
0.00802946
0.0101232
0.0103174
0.00775773
0.00991295
0.010663
0.00940137
0.0113858
0.0107134
0.00716907
0.00930611
0.0152545
0.0118554
0.00882063
0.0128512
0.00987
0.00982625
0.0175888
0.010928
0.0131161
0.0108092
0.0143236
0.0141097
0.016123
0.00428814
0.00394357
0.00436058
0.00607199
0.004355
0.00413157
0.00483094
0.00427664
0.00391451
0.00398458
0.00449639
0.00452395
0.00403963
0.00415525
0.00413759
0.00444688
0.00469031
0.00488264
0.00585342
0.00642654
0.00491159
0.00491154
0.0052879
0.00536492
0.0123555
0.00702071
0.0116158
0.166465
0.0170603
0.00754501
0.0250911
0.0109883
0.00403633
0.00432839
0.00579348
0.00442793
0.00407827
0.00423314
0.00422256
0.00434282
0.00403122
0.0044925
0.00452578
0.00434911
0.0041113
0.00418239
0.00423322
0.00439224
0.00445805
0.00680035
0.00457616
0.00572117
0.00502328
0.00472376
0.00509186
0.00489982
0.00443322
0.00599384
0.00478851
0.00476871
0.00477347
0.00533322
0.00455152
0.00524726
0.170125
0.724649
0.146102
0.0915939
0.135669
0.193408
0.0960917
0.114509
1.0485
1.97089
1.32945
0.122966
0.549615
0.876974
0.221778
0.606309
0.155363
0.686474
0.207068
0.146581
0.148714
0.210595
0.142673
0.146851
0.116374
0.120403
0.0903859
0.0991427
0.116385
0.116527
0.115728
0.110928
0.404355
0.122505
0.0937784
0.108371
0.18837
0.106253
0.107233
0.0935021
0.566524
0.111071
0.443656
0.190989
0.373986
0.195622
0.697173
0.268505
0.100792
0.0984774
0.109154
0.109573
0.0973634
0.0978334
0.105246
0.10647
0.127758
0.122756
0.10911
0.264504
0.126867
0.118904
0.123476
0.106887
0.0340516
0.0147585
0.0564669
0.0308309
0.0221638
0.0247557
0.0319575
0.0415448
0.0121938
0.00890274
0.0185989
0.00981191
0.0127326
0.0129156
0.0132651
0.0152205
0.0866529
0.0386643
0.100887
0.0288983
0.0484499
0.061837
0.0521213
0.0634278
0.017411
0.00812639
0.0135478
0.00696626
0.0102561
0.0103891
0.00976615
0.0114708
0.0157533
0.0411429
0.0238977
0.0137898
0.0217734
0.0289231
0.019993
0.0262315
0.0176323
0.0137475
0.0239936
0.0558546
0.0262356
0.0153858
0.0367149
0.0200313
0.0521572
0.0269861
0.0130621
0.0189961
0.0413445
0.0300796
0.0182159
0.0142496
0.0619017
0.0216294
0.0137419
0.0279691
0.0292847
0.0202101
0.0215748
0.0154929
0.00411851
0.00400642
0.00496285
0.00511506
0.00437179
0.00440368
0.00474484
0.00470279
0.00395314
0.00403336
0.00456568
0.00535285
0.00421982
0.00425965
0.00456504
0.00458249
0.00574532
0.00512532
0.00645615
0.00871698
0.00618263
0.00561663
0.00687141
0.00623725
0.00709027
0.0078025
0.0116237
0.0155715
0.00915909
0.00916321
0.0110717
0.0110201
0.00422661
0.00523272
0.00563011
0.00528718
0.00434863
0.00489689
0.00457363
0.00535817
0.00421931
0.00580474
0.00468749
0.00491997
0.00433847
0.00476224
0.00438563
0.00478119
0.00574981
0.00617464
0.00609058
0.00838699
0.00651038
0.0060186
0.00735297
0.00685045
0.00543363
0.00850298
0.00663469
0.00507778
0.00581975
0.00748192
0.00522292
0.00706387
0.00414662
0.00597021
0.00395434
0.00485938
0.00464089
0.0052611
0.00454171
0.00443331
0.00956736
0.0104194
0.00598759
0.0085439
0.0120054
0.00885165
0.00793526
0.00726354
0.00396074
0.00470798
0.00403946
0.00461909
0.00440466
0.00436282
0.00431414
0.00424305
0.00554452
0.00688772
0.00558989
0.00635995
0.0063713
0.00617844
0.00601382
0.00613836
0.007503
0.0044075
0.00548074
0.00719369
0.00581567
0.00466472
0.00606918
0.00510779
0.0078655
0.00716571
0.00537508
0.00443001
0.00577023
0.00619322
0.00478056
0.00560014
0.00426845
0.00526012
0.00635346
0.00521063
0.00451854
0.00506529
0.00520126
0.00547073
0.004203
0.00506368
0.00588524
0.00501356
0.00452459
0.0050427
0.0049889
0.00541608
0.0145183
0.0111851
0.00920066
0.014139
0.0148103
0.0113247
0.0121088
0.0119938
0.00838374
0.0068434
0.00618165
0.00794275
0.00792377
0.00668869
0.00770828
0.00650783
0.00645414
0.00535014
0.00451273
0.00577988
0.00575318
0.00505817
0.00541889
0.00482725
0.0149145
0.00889124
0.00738121
0.0108716
0.0115013
0.00940992
0.0100918
0.00770535
0.0112586
0.00905402
0.0138229
0.00969363
0.0116832
0.0102759
0.01392
0.0118517
0.0081649
0.008143
0.0058994
0.00736363
0.00897825
0.00731435
0.00766951
0.00694538
0.00831908
0.0106339
0.00888852
0.00707327
0.00874362
0.00957997
0.00775728
0.0089401
0.00754314
0.00612155
0.00728549
0.00570454
0.00616593
0.00695678
0.00667416
0.00709305
0.236682
0.108688
0.1247
0.244192
0.205058
0.146798
0.226269
0.124599
0.0164516
0.0134145
0.0308748
0.0141499
0.0116627
0.0161021
0.0160735
0.0245591
0.12103
0.0674007
0.297337
0.272184
0.140239
0.126884
0.255897
0.213584
0.274257
0.0363906
0.194189
0.181655
0.246815
0.122663
0.201093
0.135864
0.0803213
0.100418
0.21839
0.0400584
0.0674178
0.0794472
0.0587791
0.0773627
0.0233243
0.0232814
0.0380828
0.0490024
0.0275392
0.0217337
0.0324253
0.0291792
0.162834
0.240721
0.0481522
0.213478
0.170325
0.108117
0.157375
0.0947955
0.0854681
0.183329
0.0371587
0.0504561
0.0841815
0.108247
0.046709
0.0485566
0.0834499
0.0321559
0.0248677
0.0442982
0.0503506
0.0269972
0.0433452
0.0243295
0.0371123
0.176018
0.0334596
0.0465685
0.0422875
0.061985
0.0366188
0.0475118
0.0236151
0.0231849
0.0175897
0.0175809
0.0213715
0.0218381
0.0208111
0.018185
0.0327428
0.0232682
0.0187925
0.0214451
0.0251229
0.0187382
0.023863
0.0179767
0.0259543
0.0227271
0.0333113
0.0233949
0.0223684
0.0219882
0.0235672
0.0217332
0.0239188
0.0250228
0.0270295
0.0223118
0.0229991
0.024061
0.0225142
0.0224732
0.0231172
0.030948
0.0217167
0.0204225
0.0211619
0.0209826
0.0202832
0.0198289
0.022031
0.0185959
0.0236848
0.0232075
0.0203249
0.0190613
0.0218997
0.0214562
0.00412083
0.00402079
0.00547854
0.00515252
0.00450062
0.00433902
0.00488873
0.00481603
0.00411084
0.00416829
0.00486321
0.00635677
0.00472169
0.0043253
0.00520191
0.00468324
0.00709284
0.00597068
0.0115241
0.0102105
0.00764108
0.00668886
0.00813033
0.00801388
0.00674289
0.0101829
0.0137568
0.0113098
0.00851795
0.0112501
0.0105908
0.0128313
0.00449409
0.00618523
0.00570104
0.00702532
0.00490324
0.00545312
0.00539259
0.00603424
0.00430445
0.00680897
0.0050346
0.00524446
0.00451984
0.00561684
0.00477612
0.00531769
0.00653649
0.00652723
0.0085272
0.00980366
0.00744927
0.00659609
0.00886791
0.00892696
0.00592636
0.00903967
0.0080519
0.00531959
0.00645193
0.00790466
0.00560651
0.00793616
0.00536935
0.00666327
0.00852652
0.0124672
0.0064323
0.00858694
0.00666061
0.00819191
0.00641585
0.00833906
0.0171817
0.0118387
0.00668717
0.00759708
0.0098052
0.0100139
0.030952
0.0567604
1.12465
0.528544
0.0437704
0.0703719
0.423692
0.434682
0.0455845
0.0576967
0.456291
0.474141
0.0703232
0.0913668
0.117115
0.131275
0.00685376
0.0111555
0.0170845
0.0142458
0.0103721
0.0114677
0.0144366
0.0204296
0.00807608
0.0159131
0.0183658
0.0138063
0.0109512
0.0122786
0.0129708
0.0147637
0.0118573
0.0164338
0.0243781
0.160236
0.0213373
0.0219644
0.0322078
0.0268745
0.0147749
0.1688
0.0241617
0.0221678
0.0180434
0.050516
0.0186787
0.0432899
0.00481928
0.00410215
0.00491533
0.0105564
0.00500272
0.00438595
0.00614483
0.00464974
0.00404015
0.00402478
0.00472061
0.00471249
0.00424488
0.00416202
0.00438601
0.00447248
0.00523073
0.00581085
0.00761455
0.00739331
0.00573839
0.00622839
0.00616589
0.0069445
0.0505602
0.00928845
0.0256352
0.318138
0.0551016
0.0159384
0.0665837
0.0264258
0.00435766
0.00501956
0.00887302
0.00513687
0.00451695
0.00476887
0.00487631
0.00562145
0.00420292
0.00486166
0.00494787
0.0047287
0.00430693
0.00452679
0.00444696
0.00469655
0.00549094
0.0147852
0.00553864
0.00940826
0.00770254
0.00710371
0.00745188
0.00687861
0.00495016
0.00686489
0.0051911
0.00535519
0.00540919
0.00599086
0.00498533
0.00548015
0.00430051
0.00553432
0.0041596
0.00519495
0.00477721
0.00492617
0.00476817
0.00493646
0.00752842
0.00879055
0.00613442
0.00805438
0.00836151
0.00789533
0.0071204
0.00700518
0.00409571
0.0048056
0.00404087
0.00499456
0.00461234
0.00449304
0.00452485
0.00442074
0.00640195
0.00879898
0.00651503
0.00912433
0.00754129
0.0080153
0.00781175
0.00816927
0.00626708
0.00464563
0.00591802
0.00759143
0.00574571
0.00511005
0.00650508
0.00603216
0.00663912
0.00738655
0.00568283
0.00471747
0.00599331
0.00624646
0.0051489
0.00572248
0.00457548
0.0060556
0.00762572
0.00591728
0.00493962
0.00605393
0.00591669
0.00646273
0.00461395
0.00583283
0.0070503
0.00532776
0.00487036
0.00579534
0.0053743
0.00609032
0.00433719
0.00548289
0.0054723
0.00509205
0.00461233
0.00511362
0.00491718
0.00538107
0.00663275
0.00736431
0.0120208
0.00750729
0.00678778
0.00783737
0.00805227
0.00888095
0.00683908
0.0121064
0.00955529
0.0125283
0.0078368
0.00850832
0.00969141
0.0102574
0.00608833
0.00736033
0.0101315
0.00765774
0.00643003
0.00745061
0.0072674
0.00800439
0.00571888
0.00605031
0.00542094
0.00657105
0.00646224
0.00598838
0.00636972
0.00618
0.00652401
0.00774646
0.0105089
0.00658581
0.00712401
0.00814766
0.00795191
0.00889361
0.00647812
0.00590458
0.00746267
0.00902611
0.00700973
0.00656301
0.0077477
0.00734112
0.00684678
0.00983008
0.00834296
0.0115363
0.00771901
0.00868599
0.00965955
0.0101452
0.00389516
0.00390078
0.00396041
0.00456831
0.00400236
0.00388538
0.00416626
0.00412673
0.00391279
0.00388442
0.00384842
0.00435288
0.00400216
0.0038836
0.00413794
0.00405589
0.00394093
0.0038495
0.00383898
0.00448046
0.00396317
0.00385245
0.00407706
0.00400275
0.00585342
0.00583574
0.00548102
0.00966006
0.00622404
0.00577772
0.00678607
0.00647101
0.00399795
0.00403198
0.00461245
0.00461901
0.00415215
0.00421001
0.00441348
0.00444875
0.00389269
0.00440588
0.00384974
0.00389965
0.00410744
0.00415913
0.00390959
0.00395155
0.0041862
0.00494652
0.00492191
0.00476062
0.00450439
0.0048561
0.00442821
0.00500692
0.00411445
0.00465918
0.0047705
0.00399683
0.00411938
0.00431845
0.00405204
0.00434722
0.0578724
0.070881
0.0267975
0.141181
0.0973492
0.0526482
0.0401821
0.0324395
0.0401868
0.0193131
0.0281105
0.0286511
0.0338192
0.0311814
0.0283706
0.0252963
0.0247828
0.0243271
0.0198038
0.0191582
0.0295437
0.0254156
0.0191767
0.019131
0.0994559
0.0430571
0.0259923
0.212988
0.0576738
0.0436438
0.049303
0.0406555
0.0555276
0.0333008
0.112609
0.0330624
0.0452562
0.0367865
0.0623994
0.0700611
0.0401145
0.0308611
0.0285421
0.0279459
0.0358128
0.0316522
0.0345964
0.0314901
0.028552
0.0470999
0.0235555
0.0204175
0.0294955
0.0316349
0.0278729
0.0286109
0.028226
0.0180743
0.0210154
0.0234458
0.0294278
0.0272077
0.0271652
0.0202428
0.0856867
0.113297
0.091889
0.108253
0.123467
0.116423
0.100302
0.11356
0.0702301
0.0271759
0.0662552
0.0400535
0.0597784
0.0571438
0.0531936
0.0502283
0.126847
0.147046
0.0659535
0.228924
0.162377
0.180396
0.158496
0.168063
0.190766
0.0682689
0.258687
0.338262
0.228223
0.169842
0.237279
0.155242
0.116218
0.122946
0.150533
0.0981573
0.118933
0.132265
0.108584
0.172011
0.111683
0.0841528
0.145429
0.150507
0.113888
0.100059
0.130659
0.120032
0.11575
0.134741
0.0899845
0.194285
0.155982
0.173056
0.201522
0.17822
0.154938
0.24372
0.0721063
0.111053
0.182438
0.246605
0.112316
0.118566
0.00543028
0.00852169
0.00924444
0.00893217
0.00658001
0.00655067
0.00983359
0.00918102
0.0118965
0.011198
0.0122104
0.0201889
0.0147007
0.0125434
0.0195303
0.0169611
0.0216482
0.0173728
0.646198
0.0576802
0.0292745
0.0218455
0.0494108
0.0684846
0.00911847
0.0152376
0.0242652
0.00969267
0.00981203
0.0132829
0.0108604
0.0142288
0.010956
0.0122398
0.0092813
0.0142667
0.0148039
0.0103875
0.0145303
0.0107366
0.0104517
0.0176916
0.0129099
0.0104949
0.0146326
0.0152752
0.0121909
0.0162002
0.0171977
0.0107885
0.0172812
0.0201712
0.016374
0.0128113
0.0177827
0.0135124
0.0154008
0.0263411
0.021815
0.0186897
0.0163915
0.0183522
0.0233545
0.0291794
0.0191533
0.0237123
0.0235092
0.0406669
0.0292497
0.0257189
0.0344712
0.0311778
0.0201443
0.0209316
0.0319352
0.0285038
0.0219487
0.0216875
0.0245593
0.02469
0.0251541
0.073043
0.0365779
0.0969471
0.0364626
0.0447622
0.0461486
0.0486878
0.0452614
0.0351799
0.119147
0.0416651
0.043425
0.0637678
0.0488924
0.0715358
0.0251871
0.0327523
0.046723
0.0305391
0.0296473
0.0306204
0.0280515
0.0469059
0.0229701
0.0347698
0.0307146
0.0314605
0.028047
0.0296083
0.0273595
0.0314157
0.0386055
0.0566132
0.0345419
0.0685409
0.053963
0.0601264
0.0594713
0.0571199
0.034596
0.0633588
0.0391618
0.0425358
0.0353696
0.0491186
0.0371363
0.0528368
0.0284897
0.0313439
0.0784657
0.0599007
0.0303765
0.0315897
0.0689857
0.0762677
0.033429
0.0409401
0.130195
0.151463
0.0386833
0.0409013
0.099637
0.0835356
0.0674071
0.0471782
0.0246893
0.0362245
0.0672569
0.0593012
0.0354585
0.0298965
0.101897
0.221498
0.055537
0.047301
0.128299
0.203349
0.074628
0.100304
0.0337869
0.0831332
0.0698827
0.0993258
0.0851664
0.0804386
0.0833492
0.0802889
0.0354082
0.138338
0.127206
0.0909287
0.09572
0.103624
0.0991053
0.108594
0.0864203
0.11956
0.145727
0.0545755
0.117152
0.143997
0.114864
0.152167
0.0764417
0.0493996
0.112627
0.0597463
0.0778818
0.0944346
0.0765786
0.0878232
0.00437684
0.005331
0.004367
0.00689993
0.00465922
0.00505274
0.00494726
0.00521181
0.0067029
0.0096686
0.00940513
0.0123222
0.00740945
0.00811424
0.00755915
0.00862117
0.00424898
0.00563055
0.00415774
0.00503548
0.0045719
0.00499366
0.0044682
0.00457067
0.0150529
0.0201121
0.0100011
0.0734507
0.0183736
0.0165882
0.0268734
0.0213463
0.00568776
0.00467326
0.00771045
0.00936056
0.00595247
0.00547125
0.00829237
0.00765596
0.00626626
0.0095338
0.0079995
0.00517368
0.00638051
0.00684141
0.00598942
0.00656744
0.00478067
0.00927001
0.0105336
0.00657611
0.00594687
0.00919121
0.00669885
0.00928826
0.00496588
0.00619229
0.00973981
0.00610635
0.00506486
0.00633448
0.00553842
0.00648398
0.00406252
0.00502595
0.00403082
0.00459651
0.00439634
0.00463752
0.00431853
0.00441498
0.00697565
0.0108027
0.00652075
0.0079591
0.00825122
0.00913073
0.00729631
0.00766462
0.00408706
0.00502595
0.0042169
0.00512673
0.00479971
0.00468233
0.00460388
0.00450307
0.00529333
0.00689531
0.0058894
0.00629409
0.00588798
0.00645321
0.00596772
0.00648528
0.00566248
0.00453732
0.00504795
0.00628254
0.00521268
0.00470083
0.00553003
0.00515128
0.00619813
0.00721798
0.00601761
0.00459636
0.00562285
0.00620906
0.00492517
0.00588776
0.00443249
0.00497482
0.00643571
0.0054668
0.00468539
0.00518612
0.00558539
0.00570834
0.00441203
0.00558938
0.00672063
0.00556686
0.0049399
0.00564891
0.00554402
0.00602682
0.0348037
0.0253479
0.0219415
0.0178452
0.0274687
0.026565
0.0218108
0.0208841
0.0148251
0.00831434
0.0127191
0.00843715
0.0121319
0.0109711
0.0107437
0.0097228
0.0154903
0.0134363
0.00834941
0.00840824
0.0131852
0.0130598
0.0105146
0.00996646
0.0118167
0.00822817
0.00853578
0.00768718
0.0103147
0.00957881
0.0093618
0.00874236
0.0209865
0.0181509
0.0151261
0.0111615
0.0177243
0.0180443
0.0129535
0.0151862
0.0193111
0.010415
0.0146942
0.0186291
0.0163263
0.013211
0.018832
0.0159152
0.0153472
0.0144788
0.0103619
0.0102772
0.0135074
0.013197
0.0117211
0.0114972
0.0147956
0.00965444
0.00969542
0.0121189
0.0138349
0.011199
0.0135901
0.0114864
0.0550511
0.0259154
0.0292246
0.0201145
0.0284637
0.0295906
0.0225574
0.0222118
0.0169393
0.00937893
0.0116142
0.0104176
0.0140129
0.0131883
0.0115358
0.0112789
0.0273684
0.0160561
0.0190084
0.0189569
0.0206297
0.0204282
0.0207922
0.0218689
0.013787
0.00972336
0.0127279
0.0089808
0.0115995
0.0110696
0.0111247
0.010589
0.0230929
0.0206855
0.0163453
0.0138276
0.018904
0.0190695
0.0157816
0.015783
0.0220866
0.0131025
0.0156929
0.0212082
0.0186911
0.0144948
0.0213656
0.0179469
0.0197349
0.0153916
0.012753
0.015408
0.0183775
0.0148935
0.0159762
0.0135294
0.0202361
0.0161532
0.0131151
0.0145595
0.0180891
0.0168425
0.0162171
0.0168143
0.586045
0.311536
0.591031
0.271316
0.457468
0.412778
0.39618
0.388131
0.220859
0.143408
0.565334
0.0541895
0.19529
0.180516
0.186018
0.163383
0.945589
1.15516
1.14555
0.177674
1.1052
1.35027
0.603869
0.794146
0.0872297
0.0397781
0.04953
0.0298328
0.0574791
0.0472563
0.0414788
0.0389019
0.267616
0.60893
0.185551
0.0788273
0.341758
0.337601
0.104531
0.148492
0.248345
0.068063
0.636796
0.691714
0.31001
0.212546
0.739724
0.609801
0.422478
0.137122
0.0812575
0.0889411
0.163808
0.110867
0.124656
0.0830012
0.538382
0.121234
0.0743524
0.502514
0.414786
0.156251
0.482063
0.141341
0.152799
0.234443
0.0929077
0.181535
0.159454
0.186673
0.160538
0.175315
0.375508
0.947046
0.16717
0.502522
0.412272
0.574955
0.421769
0.399392
0.0375021
0.0267066
0.00983647
0.0155576
0.0275093
0.0207167
0.0179923
0.0120987
0.240706
0.438745
0.0795493
0.435145
0.262731
0.283817
0.28223
0.145813
0.236106
0.0799441
0.19683
0.290978
0.243627
0.198333
0.260847
0.218181
0.292741
0.324746
0.108482
0.0938883
0.287819
0.324981
0.141279
0.118418
0.0684556
0.212721
0.311147
0.0609382
0.0758134
0.231125
0.0710184
0.261264
0.057519
0.0274493
0.179306
0.0370919
0.0533328
0.0489455
0.066221
0.0778286
0.0299131
0.0540855
0.0213551
0.0912404
0.0366942
0.0292217
0.0445501
0.0312881
0.0390684
0.038393
0.0261293
0.0296544
0.0369205
0.0331632
0.0375567
0.0341724
0.017211
0.0168844
0.0107746
0.0227815
0.0195779
0.0168725
0.0193651
0.0151747
0.069314
0.0237772
0.0325148
0.0262851
0.0415543
0.0365668
0.0338822
0.0302796
0.0373987
0.0251261
0.0654847
0.0369553
0.0350633
0.0286628
0.0452804
0.052135
0.0305847
0.0334421
0.0218357
0.0212033
0.0293865
0.027674
0.0253715
0.0242757
0.0263384
0.0521819
0.0346385
0.0293671
0.0346874
0.0396823
0.0322679
0.034633
0.0227845
0.0249074
0.0312128
0.0239044
0.0219589
0.0275067
0.0273852
0.0333414
0.0366147
0.062432
0.0915665
0.128916
0.0557696
0.0863195
0.0939627
0.124393
0.0526505
0.0511863
0.139926
0.170935
0.0526791
0.0628532
0.141136
0.135062
0.0478458
0.0607269
0.0415726
0.0333881
0.0520081
0.0515807
0.0390058
0.0426161
0.12452
0.161868
0.0279041
0.0326389
0.138464
0.172726
0.0506034
0.0582867
0.0578609
0.109643
0.15618
0.163941
0.136682
0.134318
0.167388
0.201275
0.0698345
0.202736
0.121875
0.120878
0.130856
0.141629
0.147072
0.131482
0.0510373
0.119172
0.174847
0.0388298
0.0699064
0.171952
0.0757285
0.163531
0.0603009
0.0436013
0.168714
0.0734269
0.0609887
0.0727484
0.0655535
0.0857242
0.123853
0.058766
0.0471584
0.0386534
0.0715806
0.0608776
0.0578909
0.0537174
0.0294199
0.0274096
0.0188034
0.0217751
0.0225578
0.0229802
0.0211125
0.02113
0.0172063
0.0160997
0.00879515
0.009945
0.0147036
0.0138495
0.0122279
0.0116537
0.0278165
0.0212052
0.0114455
0.0149294
0.0223952
0.0197636
0.0201427
0.017205
0.0335261
0.0361489
0.0333034
0.0225374
0.030466
0.0324067
0.0284823
0.0273394
0.028943
0.0200644
0.0172787
0.0293061
0.0268463
0.0196481
0.0283749
0.0174023
0.0289043
0.0302381
0.0205532
0.0149819
0.0194267
0.0245225
0.015949
0.0188932
0.0245002
0.0129333
0.01833
0.0164778
0.0164401
0.0147799
0.0168293
0.0159587
0.55172
0.0253624
0.147688
0.0818142
0.210108
0.153974
0.176032
0.156755
0.0150526
0.0132339
0.038648
0.0210647
0.0192812
0.0206023
0.0251105
0.0282531
0.0855738
0.082895
0.163865
0.0785617
0.061111
0.0823424
0.0823951
0.0960041
0.0340627
0.0169172
0.0305907
0.0110414
0.0198554
0.0228263
0.017904
0.0236084
0.0246004
0.0735531
0.0441648
0.0299267
0.0367242
0.0553846
0.0381739
0.0441214
0.0272312
0.0327552
0.0469008
0.0743827
0.0404904
0.0314056
0.0619043
0.0375005
0.0779744
0.0506783
0.0307433
0.0445182
0.0701095
0.0489256
0.0377341
0.0312891
0.0759857
0.052875
0.0355902
0.0509503
0.048506
0.0405717
0.0415903
0.0384768
0.159743
0.0875171
0.0716844
0.0560859
0.12763
0.116058
0.0882814
0.0726371
0.0400101
0.0234793
0.0505386
0.0170365
0.0304962
0.0344257
0.0265702
0.0318483
0.0561179
0.0785176
0.116487
0.042373
0.0473844
0.103179
0.0481904
0.0939594
0.0207713
0.0121023
0.0142856
0.00908909
0.0163309
0.014142
0.0110984
0.011358
0.063764
0.0514942
0.0417122
0.023846
0.0456953
0.0440053
0.030744
0.0367867
0.0549816
0.0221145
0.0693591
0.054463
0.0392203
0.0262644
0.045304
0.0357732
0.0399765
0.02803
0.0165903
0.0188667
0.0273086
0.0237175
0.0228947
0.0170832
0.0465722
0.0321052
0.018801
0.064708
0.0355705
0.0365769
0.0328316
0.0284125
0.00394275
0.00436827
0.0039413
0.00434987
0.00408833
0.00419802
0.0041524
0.00429974
0.00500594
0.00659463
0.00697225
0.00618429
0.00542237
0.00606778
0.00582641
0.00754551
0.00397112
0.00567332
0.00417341
0.00466318
0.00435728
0.0050412
0.00434826
0.00476019
0.0048445
0.00580036
0.00505317
0.00556727
0.00517344
0.00544532
0.00521208
0.00560937
0.00460976
0.00413325
0.00458279
0.00530216
0.00471173
0.00441614
0.00495395
0.00472177
0.00476132
0.00572919
0.00617981
0.00431578
0.00496748
0.00526799
0.00454882
0.00507152
0.00419769
0.00464483
0.00550677
0.00480797
0.00439997
0.00484663
0.00477109
0.00504228
0.0043773
0.00530283
0.00612623
0.00658558
0.0045803
0.00509136
0.00516263
0.00551528
0.161864
0.247597
0.130507
0.113396
0.169567
0.201083
0.118745
0.123684
0.412644
0.695789
0.192151
0.142622
0.502396
0.548203
0.256143
0.214813
0.108206
0.109815
0.141155
0.072932
0.09473
0.107766
0.095374
0.096843
0.0405021
0.0381059
0.029118
0.0116847
0.0271076
0.0433609
0.0184985
0.0237422
0.270769
0.122503
0.0965032
0.118459
0.150327
0.12826
0.139928
0.121326
0.329142
0.148005
0.172151
0.150812
0.17773
0.193679
0.169922
0.173969
0.0911704
0.0603988
0.0802906
0.0410762
0.0737786
0.06683
0.0626789
0.0618465
0.0954475
0.053474
0.0744849
0.100771
0.0901127
0.0790645
0.103533
0.0900938
0.00465089
0.0069013
0.00643829
0.00568944
0.00510892
0.00562101
0.0054275
0.00611696
0.0119095
0.0144304
0.0130121
0.0155293
0.0139821
0.0158612
0.0176401
0.0196163
0.0077821
0.00959248
0.0081331
0.00917741
0.00944364
0.0084651
0.00895395
0.00953378
0.00684591
0.010883
0.00866151
0.00801895
0.00742036
0.00909711
0.0075986
0.0092887
0.00791809
0.00755619
0.0061914
0.00967915
0.00945796
0.00716927
0.00922553
0.00770162
0.00929597
0.012807
0.00988484
0.00733643
0.00983668
0.0116445
0.0089902
0.0111531
0.00755249
0.00650982
0.0111936
0.00862675
0.00820798
0.00794658
0.00932121
0.00825026
0.00824854
0.0111564
0.0139619
0.0122779
0.00972402
0.0113572
0.0130457
0.0141617
0.16233
0.106998
0.0953928
0.0849815
0.109753
0.111737
0.115137
0.0939199
0.154023
0.366858
0.172335
0.0347239
0.147493
0.306246
0.0903796
0.183941
0.0954752
0.128836
0.12799
0.0952674
0.0874623
0.125118
0.0941075
0.116778
0.0383562
0.0252371
0.060841
0.0199631
0.0272403
0.0369607
0.0286167
0.0493062
0.0952373
0.0760901
0.0567447
0.0344847
0.0775761
0.0699137
0.059191
0.0581574
0.14502
0.048098
0.155689
0.0987725
0.108817
0.0745156
0.102396
0.0806298
0.0777959
0.0500414
0.0385093
0.0635075
0.0642158
0.0479431
0.0539327
0.0393617
0.0877161
0.0851637
0.064745
0.123632
0.0807694
0.0805392
0.0818866
0.0819535
0.0342636
0.0131712
0.0187764
0.0312709
0.013954
0.0135023
0.0227709
0.0160861
0.0128943
0.0121628
0.0128652
0.0165219
0.0119326
0.011826
0.0158394
0.0159233
0.0247474
0.0154308
0.0158902
0.0301706
0.0188136
0.015343
0.0351312
0.0320601
0.0484577
0.0291299
0.0301281
0.025119
0.0360348
0.0340254
0.0346051
0.0300861
0.012526
0.0130785
0.0197292
0.0196399
0.0139092
0.0135421
0.0185969
0.0185495
0.0126642
0.017478
0.0125675
0.0125044
0.0136009
0.0144877
0.0123434
0.012838
0.0315832
0.0426626
0.030725
0.0427898
0.0367484
0.0338332
0.0272134
0.0292918
0.0229549
0.0351801
0.0306415
0.0217471
0.0207191
0.024872
0.0218861
0.026279
0.0436765
0.131828
0.132406
0.0814567
0.10217
0.116346
0.0908593
0.124625
0.0897872
0.0315794
0.0342385
0.04228
0.0810669
0.0412229
0.0697699
0.0321157
0.134042
0.0534995
0.108186
0.0666531
0.0904557
0.0724873
0.0962096
0.076249
0.135684
0.077867
0.0738844
0.0384755
0.137379
0.0990737
0.107265
0.078715
0.159417
0.164274
0.193486
0.155888
0.151103
0.148974
0.163647
0.159583
0.0799587
0.0565595
0.0426727
0.108672
0.0808748
0.0572133
0.0922555
0.0602435
0.17742
0.166918
0.132885
0.116403
0.200861
0.169307
0.11792
0.110882
0.112736
0.0527081
0.0434879
0.0403551
0.0743201
0.0530781
0.0629043
0.0423137
0.027399
0.0201386
0.0476256
0.0589229
0.0223295
0.0216608
0.0508752
0.0363221
0.0171572
0.0101923
0.0272406
0.0130917
0.0147289
0.0142562
0.0165373
0.0154217
0.0353324
0.0192902
0.0184209
0.0201241
0.0269959
0.023142
0.0230292
0.0168781
0.0344475
0.0201109
0.0224606
0.0323497
0.0273103
0.0233842
0.0337797
0.0292618
0.0180438
0.035565
0.0343844
0.0207794
0.0272552
0.0306599
0.0255847
0.0323477
0.0181489
0.0176371
0.0286738
0.034748
0.0251788
0.0200084
0.0360062
0.0287856
0.0346666
0.0325032
0.0181307
0.0205251
0.0297711
0.0262679
0.0204762
0.020199
0.0256711
0.0173592
0.0159359
0.0164807
0.0210506
0.0186119
0.0190082
0.017736
0.0346859
0.0274287
0.137525
0.0684281
0.031046
0.0289602
0.0784039
0.0741669
0.0251697
0.0231864
0.0618544
0.0515808
0.0236573
0.0242224
0.0549363
0.0519271
0.112437
0.0905369
0.0456718
0.0704175
0.101826
0.0946006
0.0646289
0.064781
0.0788345
0.0880311
0.069247
0.0430168
0.0820663
0.105357
0.071086
0.088376
0.0253007
0.112359
0.0606914
0.0516471
0.0581252
0.0669594
0.0531737
0.0617218
0.0244516
0.0640208
0.0678013
0.10215
0.0530467
0.0527105
0.0836114
0.0718649
0.101963
0.100389
0.116237
0.0805761
0.158559
0.100609
0.13885
0.0996572
0.0995563
0.0871877
0.11642
0.0930342
0.0978966
0.131555
0.0968547
0.12734
0.0489365
0.0257846
0.0420825
0.0636569
0.027944
0.0273074
0.0459982
0.0338172
0.0235969
0.0163387
0.0222121
0.0155084
0.0207721
0.0210163
0.0163307
0.0152734
0.0413009
0.0332428
0.0270246
0.0433231
0.0405615
0.0371663
0.0412624
0.0380419
0.0563808
0.0256047
0.0392337
0.0382964
0.0391463
0.0323823
0.0436078
0.0363606
0.0240528
0.0361393
0.0311473
0.0246753
0.0261986
0.0293128
0.0266338
0.0296
0.0248041
0.0205998
0.0249163
0.0364099
0.025178
0.0192329
0.0354062
0.0257597
0.0434185
0.0503758
0.0305925
0.0553047
0.0450023
0.0380343
0.0299609
0.0305629
0.0327176
0.0459772
0.028567
0.0263785
0.0293202
0.0287778
0.026231
0.028605
0.171131
0.182446
0.074475
0.129602
0.165541
0.146357
0.0956411
0.101009
0.133224
0.0492447
0.0995937
0.111328
0.105735
0.0976983
0.115957
0.106244
0.0467128
0.0738774
0.0352339
0.0638707
0.0527529
0.0505058
0.0395831
0.041956
0.0988452
0.170469
0.0971343
0.0670392
0.104341
0.10894
0.0854597
0.0925264
0.168414
0.0820061
0.129455
0.187255
0.139586
0.0990591
0.204266
0.125036
0.151275
0.172605
0.102642
0.0756341
0.130858
0.129831
0.102995
0.110733
0.0531775
0.0847727
0.148034
0.0617786
0.0754005
0.0907938
0.0804784
0.0897535
0.0581017
0.0655979
0.149178
0.0884156
0.0608106
0.0816996
0.0897652
0.122203
0.0041481
0.00536963
0.00426739
0.00484665
0.00451307
0.0046934
0.00452573
0.00479323
0.0078156
0.0672782
0.00705619
0.00902501
0.00928272
0.00943397
0.0083567
0.00899506
0.00436952
0.00535478
0.00430494
0.00544298
0.00488528
0.00468648
0.00489977
0.00478453
0.00597695
0.0074716
0.00716444
0.00815088
0.00664953
0.00674269
0.00749633
0.00776411
0.00608519
0.00471524
0.0052876
0.00675685
0.00579241
0.00498845
0.00592382
0.00516446
0.00657765
0.00777939
0.00606056
0.00480666
0.006658
0.00691408
0.00558273
0.0062984
0.00479308
0.00560353
0.0068925
0.00640214
0.00525124
0.00561927
0.0059515
0.00607065
0.00492247
0.00610622
0.00731322
0.00617294
0.00515395
0.00569188
0.0059603
0.00627428
0.0182363
0.023815
0.0315192
0.0422901
0.0304706
0.021655
0.0370939
0.0260295
0.02047
0.0179925
0.0197233
0.025688
0.0181379
0.0185657
0.018527
0.0195716
0.0272958
0.018976
0.0734527
0.0741684
0.0335283
0.0191312
0.0575031
0.0206903
0.049563
0.0375661
0.0677452
0.0602424
0.0554056
0.0422663
0.0658481
0.0496199
0.0217632
0.028292
0.0443026
0.0254465
0.0220874
0.0234162
0.0274358
0.0265255
0.0199921
0.0272799
0.0188966
0.0183234
0.0196176
0.0190272
0.0186716
0.0194126
0.039014
0.0514471
0.0269745
0.0566754
0.0436107
0.0314879
0.041965
0.0295227
0.0200286
0.0325972
0.0321994
0.0188546
0.0221623
0.0303654
0.0211735
0.0307102
0.0536524
0.116807
0.108831
0.127792
0.0864435
0.104063
0.0932178
0.110418
0.15479
0.179604
0.0689183
0.11594
0.160924
0.149929
0.116725
0.0882063
0.066346
0.0360271
0.0262499
0.0456612
0.0630574
0.0345665
0.0518802
0.0271604
0.180849
0.111142
0.0780322
0.0787862
0.162371
0.107174
0.120752
0.0860323
0.168993
0.130788
0.180451
0.182347
0.157205
0.150007
0.202624
0.18222
0.13737
0.107562
0.0629974
0.0862594
0.107529
0.105484
0.0943481
0.0937348
0.113899
0.16322
0.128529
0.0902611
0.125593
0.141668
0.110623
0.11795
0.072114
0.0496558
0.0755668
0.0410994
0.0660723
0.062563
0.0714707
0.0647855
0.259534
0.144918
0.0443618
0.121739
0.138742
0.105852
0.104225
0.0861201
0.143371
0.149016
0.09313
0.142657
0.123008
0.123865
0.113408
0.116248
0.0229518
0.0390828
0.0151398
0.0194494
0.0261139
0.0256104
0.02052
0.0216509
0.183698
0.197067
0.0831505
0.310667
0.214606
0.199853
0.242366
0.209446
0.121764
0.0549014
0.136692
0.148641
0.111419
0.0936423
0.143759
0.119926
0.106659
0.134526
0.0765367
0.0489752
0.0921073
0.101603
0.0690107
0.0753741
0.0525941
0.150302
0.157571
0.0668472
0.0642832
0.115548
0.0686302
0.137354
0.0458608
0.0558302
0.140717
0.0629666
0.0483942
0.0589054
0.0620688
0.0709397
0.122895
0.102217
0.0867123
0.0382318
0.0995369
0.126282
0.0721091
0.0876646
0.0524212
0.0280951
0.0399379
0.019994
0.0334508
0.039498
0.0307111
0.0321449
0.0652096
0.0610187
0.149066
0.0708688
0.0549565
0.0826057
0.0702038
0.0903365
0.0179067
0.0143106
0.0219226
0.00982466
0.0147385
0.0176735
0.0124536
0.0164742
0.0772821
0.0564718
0.0297957
0.0219723
0.0526756
0.0487471
0.032664
0.0355509
0.072934
0.0273218
0.0521223
0.0633663
0.0558571
0.0313641
0.056521
0.0362558
0.0475867
0.0243054
0.0204352
0.02875
0.0319352
0.0272929
0.0272931
0.0205788
0.0540938
0.0482435
0.0275079
0.0520819
0.0421878
0.045881
0.0367797
0.0364616
0.00435155
0.0040676
0.0073776
0.00586416
0.00479352
0.0046731
0.00576534
0.00558874
0.00396874
0.00398583
0.0046014
0.00453348
0.00423167
0.00421359
0.00436304
0.00433318
0.00994361
0.00594221
0.00939836
0.0129881
0.0100587
0.00726809
0.0125011
0.00911207
0.00682984
0.00557475
0.010176
0.00797534
0.00705258
0.00638047
0.0080196
0.00724951
0.00434792
0.00747265
0.00602517
0.00501525
0.00469848
0.00537801
0.00473347
0.00548158
0.00424628
0.00476482
0.00504954
0.00618135
0.00459945
0.00457613
0.00501316
0.0050691
0.00960939
0.00705678
0.00540843
0.0105126
0.00973685
0.00638244
0.0089027
0.00636709
0.00786538
0.0086312
0.00517428
0.00559861
0.00737845
0.00723936
0.00557701
0.00593035
0.00412621
0.00518991
0.00419034
0.00466057
0.00444788
0.00462899
0.00440822
0.0047333
0.00717535
0.0104267
0.00600591
0.00864308
0.00841954
0.00810853
0.0079618
0.00766051
0.0042936
0.00500934
0.0042797
0.00532924
0.0049112
0.00466068
0.00487195
0.00477842
0.00539283
0.00738087
0.00662997
0.00680175
0.00598737
0.00677771
0.00657882
0.00747147
0.00583333
0.00467615
0.00506971
0.00672191
0.00569672
0.0049603
0.00597698
0.00543177
0.00628749
0.00773914
0.0058201
0.00483655
0.00643326
0.00675781
0.00542234
0.0061834
0.00469475
0.00515903
0.00687749
0.00606932
0.00495766
0.00557512
0.00582918
0.00603443
0.00496043
0.00606956
0.00749243
0.00580074
0.00524185
0.00598028
0.00600999
0.00649641
0.0730545
0.0438011
0.0255419
0.0256337
0.042108
0.0388016
0.0333119
0.0288673
0.033981
0.0355255
0.0246033
0.0199195
0.0269731
0.0281354
0.0239324
0.0270299
0.0166973
0.0182053
0.0104615
0.0112471
0.0158375
0.0156023
0.0142949
0.0129799
0.0166599
0.0150881
0.0105655
0.00978553
0.014554
0.0134724
0.0122432
0.0114465
0.0275439
0.0221921
0.0235363
0.0182642
0.0226353
0.0218992
0.0214214
0.0201105
0.0282664
0.0182924
0.0215019
0.0207986
0.0228828
0.0200595
0.0241416
0.0211601
0.0208332
0.0199999
0.0162241
0.0135728
0.0164854
0.0182149
0.0143116
0.0148013
0.0177967
0.0124406
0.0176296
0.0194932
0.0155992
0.0138195
0.018452
0.0161277
0.00386473
0.00387968
0.00381948
0.00432805
0.00403036
0.00384549
0.00411939
0.00392282
0.0039259
0.00395299
0.00385992
0.00482202
0.00419517
0.00391908
0.00438412
0.00410182
0.00382315
0.00384338
0.00384143
0.00426728
0.00393808
0.00384107
0.00409716
0.00398896
0.00492733
0.00544457
0.00485931
0.00580564
0.00524211
0.00487178
0.00551707
0.00519384
0.00408895
0.00391111
0.0045176
0.00480517
0.00415967
0.00400942
0.00440512
0.00419482
0.00387664
0.0044736
0.00385717
0.00383011
0.00397776
0.00417394
0.00383283
0.00398257
0.00404201
0.00465295
0.00502641
0.00464479
0.00416278
0.00436133
0.00438019
0.00457062
0.00392722
0.00447203
0.00468852
0.00400864
0.00406277
0.00423051
0.00416583
0.00437283
0.245485
0.1668
0.164641
0.26412
0.241477
0.21206
0.241408
0.193701
0.203656
0.392014
0.207536
0.298817
0.278983
0.303353
0.297925
0.31454
0.128439
0.131142
0.121541
0.134098
0.134599
0.134054
0.134878
0.131025
0.252758
0.241151
0.150244
0.152825
0.202609
0.17606
0.147846
0.151469
0.196607
0.158269
0.253411
0.218064
0.220328
0.191807
0.213273
0.204181
0.211723
0.221124
0.188491
0.144869
0.205387
0.212947
0.185864
0.192717
0.13815
0.227515
0.222817
0.146701
0.147898
0.172079
0.147934
0.171857
0.137325
0.147577
0.222727
0.170896
0.152518
0.157177
0.192638
0.190119
0.0905973
0.0667631
0.060893
0.0511691
0.0688322
0.0716495
0.0655644
0.0614796
0.108821
0.175508
0.109611
0.106712
0.11966
0.161249
0.118378
0.14155
0.0786185
0.100053
0.115117
0.0863268
0.0857275
0.0996858
0.0880438
0.0985395
0.0334028
0.0481614
0.0566396
0.0232099
0.031333
0.0422079
0.0300887
0.0361538
0.0672119
0.0586876
0.0427412
0.0542511
0.0632229
0.0537667
0.0532213
0.0520963
0.0884069
0.0806191
0.108347
0.069845
0.0815247
0.0843186
0.0857058
0.0928845
0.0592589
0.0415301
0.0538394
0.0599052
0.0568819
0.0474504
0.0579738
0.045637
0.0718849
0.0738107
0.0656693
0.0978311
0.0798211
0.0802168
0.0907551
0.0794297
0.00395315
0.00393095
0.00385723
0.00467776
0.0043164
0.00390605
0.00438312
0.00404621
0.00388702
0.00387563
0.00381977
0.00466035
0.00410198
0.00385623
0.00434683
0.00397084
0.00383961
0.00382865
0.00386937
0.00444148
0.00396852
0.0038279
0.00419022
0.00399904
0.00533421
0.00561609
0.00485584
0.00792766
0.00610877
0.00511861
0.00581228
0.00541517
0.00418237
0.00398434
0.00520348
0.0049765
0.00429557
0.00410041
0.00458196
0.00440747
0.00386253
0.00431659
0.00381799
0.00383002
0.00397609
0.00406363
0.00382803
0.00393125
0.00416055
0.00502807
0.00514039
0.00461769
0.0042736
0.00455705
0.00441468
0.00463392
0.00394696
0.00454183
0.00448808
0.00392275
0.00398679
0.00404087
0.00410936
0.00417776
0.191288
0.0916187
0.15499
0.106499
0.142477
0.152899
0.137492
0.156977
0.0779634
0.113578
0.0645486
0.0352295
0.062706
0.0747031
0.0435749
0.0551877
0.115123
0.0854104
0.247126
0.0645124
0.103375
0.121438
0.112155
0.132927
0.0217192
0.0166599
0.0268868
0.0117568
0.0134066
0.0159239
0.0148416
0.0169785
0.064878
0.0722566
0.0384048
0.0232613
0.0544339
0.0557961
0.0433522
0.0423928
0.0746762
0.0268645
0.0542945
0.0758842
0.0601796
0.0316106
0.0629837
0.0432036
0.0506935
0.0263233
0.0200374
0.0363026
0.0393688
0.033134
0.0335219
0.0201089
0.0647742
0.0403492
0.0217732
0.0495914
0.0476463
0.0396651
0.0421658
0.0301339
0.0038685
0.00382179
0.0038221
0.00428872
0.00396616
0.00382511
0.00406404
0.00391183
0.00383176
0.00387571
0.0038572
0.00432898
0.00401447
0.00387585
0.00413945
0.00403783
0.0038211
0.00384616
0.00385594
0.0041454
0.00392328
0.00382982
0.00401536
0.00396399
0.00461434
0.00500293
0.00445325
0.00526058
0.00480899
0.00449482
0.004843
0.00472719
0.00393969
0.00390195
0.00442919
0.00456055
0.00409404
0.00401864
0.00429781
0.00417078
0.00383877
0.00431203
0.00383814
0.00382174
0.00395131
0.00415636
0.00382814
0.00394409
0.0039256
0.00433951
0.00464393
0.00423524
0.00396317
0.00411054
0.0040966
0.00425359
0.00390944
0.00423107
0.00439304
0.00396064
0.00402393
0.00407141
0.00398287
0.00410353
0.00403093
0.00459613
0.00403324
0.0045499
0.00433608
0.00434978
0.00425929
0.00442908
0.00523332
0.00612296
0.00512702
0.0062564
0.00579113
0.00563541
0.00573786
0.00585176
0.004006
0.00448866
0.00402195
0.00463226
0.00432402
0.00427424
0.00432512
0.00439899
0.00525865
0.00635402
0.00548615
0.00632736
0.00580639
0.00595672
0.00594059
0.00627729
0.00501977
0.00434256
0.00494709
0.00575869
0.00499212
0.00459252
0.00522827
0.00483457
0.00500234
0.00589598
0.00483895
0.00430993
0.00510689
0.00523684
0.0044997
0.00479662
0.00431185
0.00491682
0.0058721
0.00505461
0.00455753
0.0050388
0.0050213
0.00529115
0.00440812
0.00524486
0.00601842
0.00498853
0.00455704
0.00507797
0.00490481
0.0053124
0.0038255
0.00381883
0.00383115
0.00414815
0.00391847
0.00381768
0.00398771
0.00387651
0.00382238
0.00386868
0.00390855
0.00430645
0.00395464
0.00386816
0.00406606
0.00399609
0.00384337
0.00388721
0.00387544
0.00438425
0.00398302
0.00386385
0.00412113
0.00399984
0.00464461
0.00489024
0.00510693
0.00566645
0.00499055
0.00490015
0.00529412
0.00523939
0.00390889
0.00393512
0.00429346
0.00438258
0.00397948
0.00399151
0.00413335
0.00413463
0.0038241
0.00427487
0.00387727
0.00382963
0.00389093
0.00403889
0.00384267
0.00396845
0.00400659
0.00442974
0.00457193
0.0046869
0.00419436
0.00426461
0.00446453
0.00455588
0.00390087
0.00453302
0.00448319
0.00401335
0.00406826
0.00428929
0.00407981
0.0043397
0.134283
0.0706883
0.0538013
0.0713296
0.103201
0.0724495
0.0916577
0.0502937
0.0338119
0.012936
0.0204746
0.019942
0.024826
0.0171906
0.0215489
0.0178736
0.0434163
0.0340538
0.054958
0.0387573
0.0396609
0.0442518
0.0476634
0.0465378
0.0278385
0.0155831
0.0175694
0.0104692
0.021564
0.0183845
0.0133611
0.015366
0.0499801
0.0430431
0.0495165
0.032097
0.0421715
0.0407204
0.039867
0.0380334
0.0378922
0.0250341
0.0270023
0.0357107
0.0293092
0.0239831
0.032355
0.0265238
0.0387629
0.0356626
0.0198584
0.0231199
0.0301571
0.025263
0.0261718
0.01998
0.0351198
0.0319441
0.0217075
0.0299854
0.0320849
0.0328187
0.0292509
0.0255886
0.302681
0.0928368
0.0997143
0.124513
0.151031
0.0998046
0.122083
0.0865102
0.0998414
0.102363
0.0952053
0.0995457
0.100498
0.126561
0.102271
0.119609
0.141979
0.0897489
0.227019
0.135619
0.138096
0.171142
0.141858
0.188083
0.0942469
0.0691528
0.0721354
0.0478026
0.0729014
0.0699599
0.0679069
0.0591984
0.0783092
0.0887655
0.106126
0.0684505
0.0735179
0.072752
0.0724553
0.0760552
0.0838512
0.087843
0.114493
0.0924443
0.0830822
0.0879278
0.0992961
0.110366
0.0914856
0.0992649
0.069045
0.0790885
0.0856381
0.0732273
0.0824502
0.0682413
0.0980917
0.100902
0.0863512
0.101495
0.10414
0.107473
0.117606
0.108009
0.00420548
0.00487365
0.00422287
0.00538537
0.00466828
0.00462219
0.00475125
0.00490672
0.00618185
0.0103774
0.00852944
0.00951408
0.00749468
0.00914992
0.0084559
0.0110808
0.00412277
0.00532661
0.00407929
0.00470907
0.00461212
0.00474522
0.00442011
0.0046164
0.00703093
0.00819009
0.00565349
0.00763769
0.00812355
0.00735567
0.00718744
0.00654528
0.00556464
0.00474066
0.00616682
0.00765375
0.00589136
0.00516146
0.00650796
0.00598001
0.00587964
0.00826074
0.007114
0.00475633
0.00622197
0.00683129
0.00524473
0.00628855
0.00464159
0.00625118
0.00753462
0.00539196
0.00502623
0.00614936
0.00575011
0.00639504
0.00478326
0.00538614
0.00746699
0.00653751
0.00500485
0.00568978
0.0058434
0.00630123
0.0473914
0.0406655
0.0528756
0.0296038
0.0399333
0.039922
0.0348466
0.0371892
0.0809063
0.144498
0.07091
0.0744156
0.0875178
0.120924
0.0826787
0.104085
0.0591157
0.0528322
0.0629847
0.0422022
0.0549501
0.0610169
0.0501995
0.0560146
0.0197761
0.0281585
0.020365
0.0128931
0.0174639
0.0187606
0.0145243
0.0159451
0.0372195
0.0448598
0.026004
0.0343775
0.0342587
0.028825
0.0329738
0.0254822
0.050321
0.047048
0.0548094
0.0482956
0.0475495
0.0534048
0.0506612
0.0519542
0.0398585
0.0219852
0.0310309
0.0248395
0.0335939
0.0241065
0.0290568
0.0230124
0.0450874
0.0288584
0.0404211
0.0470996
0.0361298
0.0329418
0.0436881
0.0376264
0.0570814
0.0808245
0.0984407
0.268728
0.0892763
0.0882128
0.124681
0.117586
0.0580506
0.0565836
0.179499
0.106011
0.0555698
0.0648983
0.10564
0.118868
0.0939589
0.225369
0.12114
0.530186
0.120329
0.125207
0.106049
0.17963
0.180723
0.347067
0.584254
0.914308
0.234314
0.286058
0.454917
0.475328
0.0748992
0.114837
0.206617
0.0907128
0.0987327
0.132636
0.110236
0.200095
0.0756706
0.113704
0.111858
0.110662
0.0918423
0.0976276
0.0957201
0.103917
0.110846
0.226027
0.205351
0.34083
0.192436
0.210523
0.201306
0.211841
0.120507
0.459856
0.226527
0.242871
0.132568
0.220364
0.167876
0.390445
0.126329
0.268296
0.171831
0.749023
0.258806
0.205866
0.269741
0.222821
0.23949
0.0695418
0.187496
0.17038
0.218912
0.186055
0.31285
0.236098
0.120045
0.140431
0.0753374
0.298935
0.147016
0.0989724
0.152055
0.107832
0.866657
0.434326
0.671168
1.00264
0.728343
0.805794
0.767578
0.816025
0.362532
0.209111
0.81479
0.482616
0.342069
0.260302
0.650567
0.621495
0.227267
0.473499
0.173876
0.143205
0.24669
0.25978
0.178181
0.224626
0.204665
0.771677
0.522953
0.45311
0.485693
0.615743
0.46708
0.519005
0.155879
0.394231
0.52522
0.189676
0.179015
0.415326
0.268467
0.422984
0.00400743
0.00447215
0.00404009
0.00460395
0.00434761
0.00425318
0.00435462
0.00443261
0.00506408
0.0060081
0.00534951
0.00614545
0.00556462
0.0055784
0.00576532
0.00596142
0.00402217
0.00461984
0.00403271
0.00456085
0.00438097
0.0043509
0.00431192
0.00441523
0.00540883
0.00627509
0.0052548
0.00675072
0.0060203
0.00588038
0.00607418
0.00595977
0.00490038
0.00438105
0.00503318
0.00584395
0.00503137
0.0046042
0.0053333
0.00503438
0.00481016
0.00583216
0.00498997
0.00431086
0.00503655
0.00527251
0.00455065
0.0050162
0.00433809
0.00504586
0.00591411
0.00496106
0.00456685
0.00514656
0.00497581
0.00531786
0.00441886
0.00507272
0.00588633
0.0051281
0.00458209
0.00498242
0.00501433
0.00526901
0.0197691
0.0769315
0.0154256
0.0434853
0.0221054
0.0252918
0.0170591
0.0199538
0.0493199
0.0158883
0.0163794
0.0182358
0.0251932
0.0178024
0.0231634
0.0163038
0.0138425
0.0156761
0.00993271
0.00697671
0.0151607
0.0142403
0.0130368
0.0106548
0.026566
0.0207948
0.014955
0.0262465
0.0215288
0.0201439
0.0192345
0.0179466
0.0375608
0.0174269
0.0248064
0.0189794
0.0265312
0.0185
0.0265534
0.0185059
0.0358051
0.017895
0.0165694
0.0196696
0.0274933
0.0226967
0.0230705
0.0193798
0.0147267
0.0192451
0.0166181
0.00967877
0.0128544
0.0148397
0.0106657
0.0129452
0.0167172
0.00898076
0.0161975
0.0143724
0.0140585
0.0101296
0.0166305
0.0138767
0.0221273
0.018943
0.138562
0.0789782
0.0234085
0.0220976
0.0449993
0.0698643
0.0163595
0.0177569
0.0499638
0.0605973
0.0170119
0.0174987
0.0612396
0.0650884
0.0933718
0.0655325
0.0189989
0.0252119
0.0982164
0.0619196
0.0393919
0.0364055
0.0365706
0.0454481
0.0238585
0.0281603
0.0429787
0.0449849
0.0266883
0.0261074
0.0197359
0.130219
0.0785385
0.0627324
0.072673
0.0799302
0.0677164
0.0718802
0.0174082
0.0618151
0.0446894
0.0762161
0.064481
0.0630407
0.0590865
0.0608869
0.0863215
0.0385956
0.0506605
0.0270323
0.0535567
0.0489442
0.0619764
0.0501429
0.0873379
0.028573
0.0621443
0.0907566
0.0869683
0.0771297
0.090926
0.0819731
0.01591
0.0364785
0.0179621
0.0260399
0.0215416
0.023506
0.0197759
0.0216079
0.027882
0.0188885
0.0880458
0.0245309
0.0242667
0.0270047
0.038235
0.0425265
0.0211375
0.13027
0.0589121
0.13115
0.0377534
0.0461413
0.0446452
0.0872555
0.032475
0.0349175
0.0605543
0.0277145
0.0358939
0.0406327
0.0416244
0.0473343
0.0350228
0.024231
0.0292921
0.0231495
0.0326656
0.0249921
0.0223504
0.0335795
0.0374621
0.0260605
0.0591975
0.0263181
0.0378748
0.0405908
0.0363949
0.0468993
0.0237943
0.0334126
0.036684
0.0552379
0.0410621
0.0380938
0.042949
0.0416253
0.0262219
0.0805254
0.0382725
0.117474
0.0325135
0.0545689
0.0793591
0.0729555
0.0711738
0.184977
0.126438
0.297562
0.145244
0.14348
0.163206
0.165452
0.188639
0.0221808
0.099529
0.0537445
0.114533
0.0811074
0.13643
0.106664
0.0890937
0.145811
0.0594708
0.148308
0.116649
0.0772144
0.11774
0.0919065
0.109104
0.0520843
0.107975
0.0420182
0.0796699
0.0876727
0.0933858
0.100972
0.223437
0.149336
0.211202
0.084382
0.21496
0.171085
0.132186
0.176761
0.156472
0.102888
0.136888
0.102526
0.167584
0.156175
0.12256
0.156135
0.142541
0.234321
0.098895
0.162455
0.185208
0.192081
0.161869
0.14659
0.123902
0.173522
0.115934
0.160758
0.140239
0.193878
0.212589
0.164034
0.733871
0.743796
0.36718
0.520387
0.856345
0.975711
0.570529
0.548209
0.689991
0.874283
0.363497
0.512013
0.72616
0.784883
0.557736
0.556906
0.290163
0.156291
0.0417657
0.189212
0.321666
0.281802
0.341907
0.187564
0.243663
0.183174
0.182557
0.0557715
0.184763
0.212007
0.120984
0.153106
0.805255
0.392004
0.498798
0.446886
0.473719
0.48578
0.46753
0.609705
0.898146
0.546191
0.531864
0.401842
0.514164
0.516109
0.556446
0.652221
0.403645
0.329954
0.423068
0.292872
0.333464
0.34223
0.327768
0.245622
0.435425
0.28826
0.544569
0.455509
0.357644
0.395706
0.757126
0.572721
0.150901
0.072314
0.0512947
0.0521494
0.110784
0.0952505
0.0710533
0.0573337
0.0685837
0.140113
0.0677283
0.0548329
0.0653321
0.0944271
0.0702223
0.0747194
0.0302115
0.0314418
0.0289323
0.0205561
0.0274032
0.0287376
0.0245752
0.0264108
0.0191662
0.0186023
0.0172795
0.0100576
0.0133539
0.0182108
0.0117812
0.0154613
0.0510887
0.0393551
0.0349155
0.0250495
0.0414435
0.0415435
0.0316357
0.0398229
0.0671619
0.038824
0.041169
0.0383265
0.0474287
0.0437075
0.0439323
0.0397939
0.0291983
0.0239894
0.0237567
0.0201344
0.0243975
0.0240596
0.0212414
0.0204763
0.0295146
0.0202753
0.0296446
0.0316018
0.0260098
0.0238323
0.0313443
0.030347
0.0038535
0.00387115
0.00388707
0.00443677
0.00401636
0.00386208
0.0041264
0.00395461
0.00390667
0.00405393
0.00419236
0.00510875
0.00419711
0.00407541
0.00444926
0.00438466
0.00393191
0.00408319
0.00399537
0.00527117
0.00421883
0.00399425
0.00456137
0.00433055
0.00544327
0.00653178
0.00742887
0.0729953
0.00628523
0.00649014
0.00766693
0.00760745
0.00407079
0.0041102
0.00465005
0.00481896
0.00422757
0.00419156
0.00443991
0.00449118
0.00390606
0.00496948
0.00404902
0.00392299
0.00406627
0.00437763
0.00396445
0.00428265
0.00427612
0.00492249
0.00520172
0.00585041
0.00467194
0.00476821
0.00526429
0.00533927
0.00408339
0.00577736
0.0054523
0.00443476
0.00445025
0.00500749
0.0045845
0.00546188
0.0408187
0.0341071
0.0264983
0.0194857
0.0319801
0.033183
0.0273173
0.0270996
0.0328775
0.0816936
0.0330958
0.0235039
0.0273578
0.0465317
0.023038
0.0409002
0.0157459
0.01717
0.00950995
0.0101462
0.0133544
0.0132314
0.0123274
0.0128724
0.0130331
0.01314
0.00902935
0.00824309
0.0118226
0.0125448
0.0101405
0.0109855
0.0232645
0.0207727
0.0187736
0.0182632
0.0198518
0.0199281
0.0179385
0.0164777
0.026039
0.0198924
0.0226446
0.0203732
0.0211194
0.0190423
0.0211247
0.0167478
0.0189016
0.0160026
0.0153766
0.0111148
0.0136213
0.0147739
0.0121079
0.0131417
0.0167862
0.0127169
0.0195806
0.0215594
0.0141006
0.0129745
0.0155403
0.0157335
0.00388045
0.00388457
0.00385033
0.0044093
0.00402354
0.00386563
0.00415063
0.00399593
0.00390337
0.00385929
0.00382556
0.00424418
0.00399521
0.00385829
0.00404045
0.00393497
0.00384137
0.00382151
0.00383011
0.00418308
0.00389524
0.00382435
0.00403173
0.00392877
0.00508051
0.00475584
0.0047764
0.00570995
0.00504482
0.00474114
0.00534298
0.00504019
0.0040296
0.00391785
0.00454574
0.00442024
0.00408971
0.00407665
0.00434236
0.0042907
0.00387508
0.00421035
0.00382802
0.00383441
0.00396793
0.00402532
0.00384615
0.00390174
0.00406787
0.00471582
0.00446381
0.00455924
0.00424457
0.00447657
0.00425155
0.00446353
0.00396381
0.00437254
0.00429884
0.00391248
0.00401074
0.00415553
0.00398995
0.00413967
0.0565647
0.0710269
0.0789217
0.223665
0.079692
0.0769929
0.110893
0.0992962
0.0474509
0.825073
0.24116
1.17296
0.0835545
0.106776
0.244157
0.232756
0.065168
0.218806
0.0961801
0.556099
0.0831423
0.0889336
0.108007
0.162127
0.185395
1.33189
0.693298
1.19077
0.281797
0.371398
0.475075
0.530601
0.0643689
0.0929384
0.174413
0.102943
0.0882054
0.11308
0.0963424
0.168311
0.0633306
0.143234
0.102982
0.0889796
0.0818186
0.0972216
0.0810028
0.0900589
0.0850885
0.197296
0.251162
0.373152
0.181724
0.198868
0.197155
0.218236
0.0843614
0.507676
0.269898
0.263213
0.0986926
0.213729
0.197738
0.432917
0.100015
0.273874
0.153096
0.711052
0.226602
0.18994
0.244767
0.199221
0.319782
0.868857
0.307892
1.1501
0.32158
0.447917
0.345548
0.404887
0.125012
0.15229
0.103119
0.307992
0.152763
0.126058
0.152998
0.144754
1.05252
1.4279
0.818707
1.34595
0.853683
1.03889
0.860509
0.93517
0.402639
0.21503
0.83636
0.548709
0.392117
0.270754
0.746273
0.641281
0.275713
0.766891
0.196899
0.157591
0.29632
0.303958
0.223769
0.26159
0.212908
0.797011
0.550481
0.441088
0.497301
0.608797
0.477191
0.534929
0.166172
0.390388
0.666126
0.2132
0.18766
0.403673
0.263153
0.553345
0.00387031
0.00385187
0.00384707
0.00440359
0.00406483
0.00386938
0.00425271
0.00401397
0.00385953
0.00390283
0.00388355
0.00439236
0.00408167
0.003891
0.00416734
0.00411923
0.00384343
0.00389683
0.00397344
0.00447061
0.00401477
0.00386897
0.00431709
0.00422097
0.00487232
0.00499851
0.00499206
0.00633892
0.00528863
0.00480296
0.00550351
0.00520416
0.00404471
0.0039757
0.00470152
0.00450216
0.00420554
0.00414566
0.00436098
0.00435248
0.00387466
0.0042391
0.00386641
0.00384315
0.00400925
0.00415612
0.00384058
0.0040243
0.00416495
0.00469681
0.00467774
0.00473716
0.00422712
0.00448551
0.00442974
0.004623
0.00398415
0.00462055
0.00458537
0.00408234
0.00420245
0.00429635
0.00412802
0.00442929
0.00393389
0.00382168
0.00388459
0.00472127
0.00411167
0.00382765
0.0042054
0.00391063
0.00381238
0.00383899
0.00388211
0.00455032
0.00391622
0.00383117
0.00400637
0.00391883
0.00385942
0.00391894
0.00391086
0.0048342
0.00407595
0.00389033
0.00426433
0.00406643
0.00632976
0.00628939
0.00657887
0.0129298
0.00779029
0.00590232
0.00866039
0.00678209
0.00390537
0.00404735
0.00507219
0.0044906
0.00396093
0.00402468
0.00412756
0.00417703
0.00381363
0.0043747
0.00386355
0.00383007
0.00387542
0.00403014
0.00383666
0.00397661
0.00414065
0.00527759
0.00468383
0.00533574
0.00439886
0.00427892
0.00489225
0.00465502
0.00390479
0.00502055
0.00467238
0.0039989
0.00411722
0.00456449
0.00409134
0.00461762
0.122635
0.123156
0.108802
0.152132
0.127127
0.115147
0.131131
0.125709
0.0945661
0.0688195
0.0537672
0.111581
0.0973656
0.0721347
0.0947399
0.0731444
0.0621845
0.0365238
0.0264852
0.0517732
0.0574073
0.0378265
0.0478878
0.0331899
0.223455
0.192484
0.120011
0.337045
0.293375
0.212453
0.288691
0.208405
0.134236
0.116054
0.184706
0.172276
0.13703
0.141752
0.153442
0.158727
0.0995114
0.123047
0.0574114
0.0840599
0.100779
0.105636
0.0762712
0.077497
0.113608
0.192593
0.167665
0.109649
0.122495
0.169358
0.125446
0.186157
0.0811574
0.0735356
0.121747
0.0528312
0.0766961
0.0826118
0.0744476
0.0816919
0.0826949
0.0467121
0.0542594
0.0379186
0.0518495
0.0476792
0.0461488
0.0422978
0.0762736
0.140688
0.10032
0.0453583
0.0748696
0.103815
0.0607067
0.0894256
0.082911
0.0825873
0.16198
0.0813421
0.0881728
0.111475
0.09517
0.0965409
0.0198294
0.0205646
0.0280586
0.0114364
0.0160163
0.0171152
0.0135734
0.0147066
0.0423352
0.0571772
0.0261564
0.0285545
0.0403388
0.0352614
0.0358667
0.0310181
0.0537023
0.0362555
0.0730611
0.057872
0.0476847
0.0447129
0.0607856
0.0670511
0.0538944
0.0246448
0.0255124
0.035725
0.0413777
0.0262176
0.0391518
0.0223587
0.0547387
0.03893
0.0305713
0.060358
0.0512628
0.0469846
0.055726
0.0425063
0.0808592
0.0707671
0.100385
0.114826
0.0843566
0.0792647
0.106186
0.0912109
0.0583309
0.0470121
0.0551374
0.0758523
0.0541562
0.0501007
0.0611492
0.0534191
0.0714686
0.061193
0.032988
0.0515321
0.0658473
0.0636159
0.0642977
0.0610707
0.195637
0.147447
0.0908677
0.336858
0.183145
0.162611
0.210215
0.169715
0.0682919
0.0912261
0.114918
0.0906199
0.0800248
0.0852941
0.0935849
0.104232
0.0635907
0.0823834
0.0588143
0.0797351
0.0691751
0.0644263
0.0721046
0.0634428
0.102924
0.141408
0.104641
0.094992
0.101832
0.114222
0.0908806
0.107792
0.0806626
0.0874415
0.0898673
0.0614495
0.0700206
0.0846851
0.0667733
0.0791376
0.0186001
0.0246084
0.00930145
0.0191421
0.0171105
0.016731
0.0153397
0.0129582
0.024272
0.015496
0.00921434
0.0253065
0.0187477
0.0127752
0.0173776
0.0121447
0.0062917
0.00832389
0.00555112
0.0193329
0.0076822
0.00628454
0.0134464
0.00735636
0.0281632
0.0453029
0.0722125
0.229557
0.0478488
0.0370574
0.165176
0.0756482
0.0197277
0.0111696
0.01662
0.0193203
0.0132746
0.0117364
0.0149864
0.0128581
0.0170278
0.019993
0.00760773
0.00927804
0.0126095
0.0129979
0.011773
0.0110022
0.0149203
0.0196229
0.0291113
0.0390784
0.0184771
0.0184356
0.0154719
0.0183846
0.00891996
0.0217655
0.0213313
0.0109751
0.0085779
0.0108637
0.0121694
0.0155027
0.00778971
0.0102985
0.0162971
0.0149099
0.0113716
0.0114902
0.0120513
0.0139152
0.0102736
0.00977495
0.0169639
0.020284
0.0119828
0.010842
0.0134548
0.0152118
0.0265233
0.0254881
0.0353273
0.0248437
0.0297979
0.0297823
0.030791
0.039178
0.0175589
0.0288337
0.0184495
0.0212501
0.0213038
0.0239263
0.0194842
0.0245058
0.0131177
0.0198876
0.0163811
0.0165978
0.0147549
0.0154158
0.0160865
0.0167547
0.0117009
0.0176933
0.0166639
0.018514
0.014546
0.0157816
0.0169112
0.0206103
0.0202814
0.0153149
0.020751
0.0196039
0.0205438
0.0218715
0.0230309
0.0220588
0.0222944
0.0250579
0.0211273
0.028728
0.0247612
0.0262236
0.0233267
0.0312496
0.00386044
0.00383306
0.00384191
0.00432329
0.00397034
0.00383531
0.00407942
0.00394715
0.00382956
0.0038751
0.00394614
0.00454489
0.00401418
0.00387747
0.00420714
0.00406617
0.00387696
0.00394887
0.00400767
0.00534968
0.0042066
0.00394403
0.00470873
0.004272
0.00507469
0.0056997
0.00707117
0.00788822
0.00598621
0.0057426
0.00688644
0.00677295
0.00394414
0.00400764
0.00446532
0.00471025
0.00404139
0.00413685
0.00424607
0.00425197
0.0038317
0.00457738
0.0039255
0.0038557
0.00393719
0.00424793
0.00385737
0.00407924
0.00418864
0.00466576
0.00513989
0.00600139
0.00448441
0.00442722
0.00518902
0.00518383
0.00401673
0.00564283
0.00505296
0.0041884
0.00441034
0.00485507
0.00438585
0.00490387
0.0366237
0.0736089
0.05764
0.0592551
0.0662234
0.0659595
0.0545067
0.0579119
0.0642599
0.0322913
0.244699
0.0467307
0.0395159
0.0554296
0.0739271
0.0989281
0.0613393
0.465864
0.66662
0.664241
0.127027
0.203574
0.385163
0.430917
0.0913572
0.0748902
0.497642
0.0658489
0.0736845
0.0951665
0.097051
0.164459
0.0787132
0.0719768
0.105517
0.0588209
0.0830992
0.0803407
0.101862
0.0924691
0.0703234
0.0875458
0.131758
0.068461
0.0721874
0.079608
0.0695286
0.0810067
0.0672465
0.0853908
0.109436
0.289558
0.0730859
0.0796346
0.0947368
0.0913766
0.0645335
0.3659
0.162502
0.212845
0.12089
0.13458
0.175279
0.450959
0.0553649
0.0419739
0.0530988
0.0336837
0.0426193
0.0456715
0.0378206
0.0427304
0.0438202
0.0853887
0.0621794
0.0352418
0.0535125
0.0623572
0.0444154
0.0587241
0.0545399
0.0489737
0.0424246
0.0233042
0.0372443
0.0439158
0.0321247
0.0381132
0.0219761
0.0180837
0.0154168
0.0101812
0.0164113
0.0165593
0.012244
0.0140218
0.0331318
0.0416309
0.0270038
0.026029
0.0295398
0.0304544
0.0281011
0.0286111
0.035762
0.0283357
0.0483227
0.0453161
0.0319754
0.0309903
0.0371466
0.0375118
0.0387437
0.0270081
0.0213667
0.019321
0.0335465
0.0291239
0.0225653
0.018949
0.0450368
0.0223923
0.025947
0.0427237
0.029672
0.0247353
0.0351155
0.0288717
0.00410531
0.00395463
0.0038656
0.00468722
0.00446868
0.00394126
0.00455209
0.00415108
0.00390584
0.00386322
0.00384577
0.00442006
0.00410974
0.00386826
0.00422431
0.00403041
0.00383732
0.00384056
0.00383418
0.00414895
0.00398816
0.00385055
0.00408239
0.00398015
0.00486158
0.00478327
0.00451375
0.00595131
0.00490236
0.00467621
0.00518494
0.00472425
0.00419166
0.0040342
0.00463648
0.00446378
0.00424128
0.00425762
0.0043849
0.00435243
0.00389202
0.00433026
0.0038578
0.00386082
0.0040824
0.00419928
0.00385274
0.00402026
0.00412844
0.00471126
0.00453014
0.0044017
0.00423081
0.00441621
0.00432644
0.00449372
0.00400438
0.00426898
0.00436865
0.00400517
0.00413156
0.00419747
0.00412921
0.00420394
0.00386704
0.00384694
0.00382277
0.00444522
0.00399732
0.00384474
0.00410714
0.0039843
0.00386934
0.00412502
0.00434892
0.00832226
0.00442161
0.0040599
0.00532296
0.00488992
0.00385728
0.00434363
0.00430249
0.0091619
0.00467582
0.00417807
0.00559827
0.00482129
0.0150345
0.0312719
0.0405245
0.0952666
0.0360423
0.031023
0.0490147
0.0521092
0.00402517
0.00401239
0.00497482
0.0112513
0.00419478
0.00431172
0.0045813
0.00453865
0.00386217
0.00856999
0.00414158
0.00384824
0.00405309
0.00584261
0.00385257
0.00451945
0.00415379
0.00590893
0.0153371
0.0177395
0.00443026
0.00566746
0.0111631
0.015981
0.00404469
0.014148
0.0152955
0.00505258
0.00588625
0.00954515
0.00556276
0.0125105
0.00421344
0.00411431
0.00409244
0.00707712
0.00467679
0.00411067
0.00558032
0.00459797
0.00405678
0.00395971
0.0038207
0.0048194
0.0042077
0.00390139
0.00410157
0.00390645
0.00401597
0.00382169
0.00403548
0.00699896
0.00402898
0.00383285
0.00544946
0.00454543
0.0158585
0.0107664
0.0194494
0.091721
0.0234937
0.0123669
0.0419202
0.0266433
0.00449675
0.00425512
0.00851664
0.00589424
0.00455129
0.00461412
0.0058683
0.00594266
0.00398482
0.00456529
0.00382975
0.00395994
0.00403679
0.00410103
0.00388859
0.00396396
0.00544847
0.0101137
0.00615391
0.012704
0.00646162
0.00817309
0.00603871
0.00743238
0.00445739
0.00945364
0.00479042
0.00390769
0.00432673
0.0048322
0.00415138
0.00450948
1.00882
0.743165
0.250393
0.79133
1.08136
0.685714
0.752908
0.412778
0.727293
0.798551
0.615199
0.389733
0.573278
0.509828
0.432273
0.541291
0.219867
0.833076
0.918128
0.208078
0.262517
0.706716
0.250127
0.66284
0.483671
0.253634
0.0911509
0.0465753
0.171481
0.134732
0.0738744
0.0713132
0.690786
0.21012
0.730713
0.329387
0.701622
0.364084
0.639426
0.422994
0.568899
0.289965
0.559328
0.198981
0.371096
0.279832
0.297321
0.319687
0.132058
0.497754
0.249554
0.108118
0.137825
0.213753
0.120972
0.142592
0.206903
0.136017
0.287462
0.539609
0.254588
0.273847
0.350042
0.317445
0.0083805
0.00805361
0.0124652
0.0109913
0.0085387
0.0082615
0.00903886
0.00900585
0.00587604
0.00499476
0.00574482
0.00751333
0.00573414
0.00519199
0.00580482
0.00555047
0.0116021
0.00619636
0.010806
0.0148677
0.00856491
0.00728287
0.0106414
0.00807714
0.018205
0.0159158
0.0194756
0.0283889
0.0242591
0.0156465
0.0260043
0.0171949
0.00718836
0.00933659
0.0111073
0.0119621
0.00762398
0.0078078
0.0101276
0.0093162
0.00687972
0.00746243
0.00619952
0.00981268
0.00792615
0.00634872
0.00828927
0.00719918
0.0108029
0.0130985
0.0111098
0.0138204
0.0144785
0.0115332
0.0122591
0.0112091
0.0102579
0.010483
0.00778861
0.0065473
0.00779773
0.00917146
0.0071812
0.00853752
0.0530727
0.0898638
0.123957
0.148858
0.11848
0.106255
0.12754
0.113338
0.0624599
0.0819975
0.0629328
0.0767007
0.0562994
0.0591592
0.0595112
0.0645896
0.0905043
0.0706007
0.054661
0.0481855
0.0665849
0.0648565
0.0573302
0.0659029
0.145801
0.0744459
0.0411206
0.0462558
0.0910131
0.0673352
0.0761987
0.0557564
0.0807248
0.0854153
0.139361
0.0641494
0.0876131
0.0933575
0.101025
0.116993
0.0696992
0.0625228
0.0605956
0.0793796
0.0715973
0.0562447
0.0695909
0.0588934
0.0883035
0.153318
0.0661869
0.0639592
0.116473
0.119928
0.0711185
0.0684208
0.0844565
0.0607335
0.0669976
0.0667017
0.0623785
0.0629046
0.0613519
0.0676457
0.00660357
0.0111219
0.00895599
0.0121326
0.00832672
0.0102479
0.00916284
0.0114931
0.0124701
0.0185777
0.0195498
0.0264546
0.0154456
0.0135284
0.0212564
0.0211819
0.0106684
0.0233508
0.020888
0.0301093
0.0140405
0.0122013
0.0189778
0.025568
0.0204131
0.0300255
0.0314257
0.0347599
0.0242722
0.0232685
0.0277153
0.0349432
0.0128549
0.0118057
0.0141643
0.0193226
0.0135988
0.0118998
0.0171427
0.0128377
0.014384
0.0203802
0.0202653
0.0127377
0.016739
0.0176463
0.0166815
0.0189171
0.0148393
0.0144725
0.02246
0.0242301
0.0204748
0.01517
0.022061
0.0174749
0.0153607
0.0395272
0.0287687
0.0260951
0.0150171
0.0172877
0.0174316
0.0235159
0.0824926
0.11393
0.0782499
0.0756973
0.0920236
0.103999
0.0830664
0.103413
0.311167
0.930924
0.911834
0.635266
0.541201
0.850751
0.672962
0.88534
0.158598
0.623675
0.487546
0.664397
0.630252
0.764726
0.584901
0.672223
0.0786116
0.368199
0.327467
0.0741179
0.0989242
0.175565
0.110431
0.17008
0.131058
0.138578
0.0747333
0.289387
0.137057
0.0935944
0.160794
0.0921511
0.185304
0.484338
0.779989
0.174968
0.22799
0.417825
0.306783
0.603152
0.0912095
0.0774512
0.368632
0.267991
0.0892139
0.103549
0.242645
0.176235
0.189985
0.412616
0.511831
0.688978
0.363855
0.365284
0.759765
0.621293
0.0729298
0.0826143
0.0896974
0.0921267
0.0753009
0.0793148
0.080422
0.0849595
0.0641892
0.0331016
0.101956
0.0445607
0.0642577
0.0726533
0.0655969
0.0840564
0.0754437
0.141251
0.0521295
0.110701
0.0835008
0.087483
0.0942997
0.0921746
0.111722
0.0806395
0.176035
0.0453534
0.11755
0.132796
0.116942
0.156687
0.0860141
0.099161
0.0969882
0.116729
0.0959164
0.0916093
0.108831
0.10383
0.0865595
0.124941
0.126913
0.102955
0.0976961
0.101786
0.116957
0.122678
0.108657
0.103378
0.124085
0.160257
0.127897
0.114612
0.142087
0.121439
0.107552
0.172181
0.159158
0.150107
0.125571
0.152798
0.144183
0.177355
0.0183987
0.0162575
0.0190962
0.0295968
0.0311225
0.0146965
0.021859
0.0201343
0.0110791
0.009428
0.00706067
0.0125396
0.00996952
0.00688681
0.00914644
0.0075667
0.013059
0.00824339
0.00638395
0.00900801
0.010435
0.00993501
0.00788078
0.00712445
0.0237802
0.0195185
0.0179462
0.030411
0.0284162
0.0174496
0.023058
0.0183617
0.0200672
0.0198826
0.0349445
0.0227933
0.0170751
0.0196608
0.0232791
0.0191958
0.0107226
0.0117814
0.00766698
0.0156986
0.0137313
0.0103196
0.0134699
0.00924928
0.0179956
0.0182509
0.0148943
0.0141145
0.0175104
0.0176804
0.0140828
0.0148742
0.0137002
0.00930879
0.0113786
0.00863679
0.0110424
0.0109449
0.00964186
0.0106904
0.00382365
0.00381854
0.00383669
0.0041478
0.0039095
0.00381752
0.00398247
0.00388744
0.0038251
0.00387478
0.00395437
0.00434622
0.00396452
0.00386982
0.00409827
0.00402938
0.0038484
0.00394581
0.00396879
0.00483359
0.00405773
0.00392225
0.00434245
0.00418367
0.00464495
0.00488269
0.00586459
0.0058397
0.00499592
0.00497843
0.00537705
0.00550083
0.00390397
0.00394602
0.00422557
0.00434363
0.0039692
0.00400227
0.00409244
0.00413018
0.00382319
0.00432297
0.00391679
0.00382989
0.00389349
0.00407648
0.00383542
0.00399837
0.0040336
0.00437224
0.00456927
0.00515471
0.0042725
0.00429088
0.00470372
0.00463213
0.00392928
0.00505768
0.00461318
0.00415438
0.00421928
0.00456396
0.00418915
0.00457142
0.0129857
0.0145306
0.0169342
0.0203445
0.0282278
0.0114301
0.01827
0.0174529
0.0131616
0.00916257
0.00810574
0.0145482
0.0152132
0.008907
0.0108835
0.00859524
0.0140372
0.00949518
0.0072445
0.0111581
0.0145718
0.0117167
0.00965996
0.00851861
0.0206261
0.0234672
0.0143155
0.0188192
0.0249976
0.0202781
0.0171008
0.0150946
0.0213341
0.0193823
0.0283861
0.0267027
0.0171931
0.0186246
0.0226133
0.0189026
0.0120095
0.0134079
0.00855325
0.0146633
0.0134731
0.0117776
0.0133338
0.0109403
0.0164566
0.0192191
0.0186692
0.0126371
0.0180804
0.0178931
0.0196851
0.0189147
0.0146126
0.0114724
0.014662
0.0102021
0.0145052
0.0147146
0.0123485
0.0141807
0.0360647
0.0679691
0.0536364
0.0693105
0.045179
0.0530252
0.0567136
0.0553382
0.0881383
0.0481672
0.0677581
0.102819
0.0937929
0.0585374
0.087466
0.0670789
0.0592178
0.0722748
0.0705049
0.0951549
0.0752323
0.0671524
0.0765967
0.0688048
0.109185
0.156587
0.11978
0.0687241
0.106062
0.130061
0.0964165
0.119141
0.080926
0.0740604
0.0757373
0.136147
0.088513
0.0813511
0.11595
0.0900685
0.0755172
0.103122
0.0662026
0.0643292
0.0742094
0.0863205
0.0688609
0.078227
0.0727004
0.0899265
0.130554
0.105085
0.0834583
0.0878846
0.108206
0.119319
0.0627767
0.0973933
0.106171
0.0712361
0.0827128
0.0987563
0.0847766
0.107848
0.149328
0.141877
0.572533
0.101886
0.12286
0.164773
0.114896
0.184869
0.142461
0.164801
0.157792
0.14794
0.150531
0.151985
0.147605
0.135568
0.813244
0.210085
1.23612
0.126814
0.32182
0.314371
0.282943
0.327105
0.140915
0.182104
0.141825
0.189359
0.178501
0.176584
0.175142
0.181297
0.127414
0.263591
0.124293
0.164441
0.131642
0.129401
0.136943
0.125982
0.132833
0.151167
0.136591
0.25528
0.130627
0.136251
0.167527
0.130619
0.231963
0.126085
0.171034
0.129295
0.115822
0.132153
0.126238
0.160177
0.261006
0.126668
0.148913
0.136625
0.131511
0.122216
0.130376
0.13917
0.00588327
0.00800781
0.00695368
0.0110723
0.00625433
0.00647082
0.00771807
0.00796529
0.0107169
0.0150629
0.0197327
0.0202217
0.0129332
0.0131173
0.0131123
0.0182877
0.0074063
0.0296552
0.0170479
0.0227866
0.00850857
0.00981517
0.0102286
0.0173831
0.0183229
0.0284257
0.0303063
0.025181
0.0223939
0.0235235
0.0240242
0.03431
0.00865595
0.00733229
0.0121586
0.0141245
0.00849669
0.00795756
0.0135731
0.0108057
0.00855887
0.0145596
0.0132841
0.007694
0.00949623
0.0101259
0.00946605
0.0101945
0.0083611
0.0161991
0.0184198
0.0205975
0.0133726
0.0161972
0.0148368
0.0163759
0.00848965
0.0270205
0.021011
0.0263219
0.00845674
0.0116083
0.00973384
0.0141254
0.123205
0.0869382
0.121228
0.0917703
0.123072
0.135873
0.113556
0.142093
0.089345
0.149639
0.0928753
0.103222
0.107479
0.121337
0.103536
0.101535
0.0939614
0.0875551
0.146401
0.0825109
0.101633
0.112148
0.0975222
0.113414
0.0667345
0.0840172
0.0578549
0.0433809
0.0639922
0.0660011
0.0471697
0.0521444
0.0807411
0.107806
0.0714559
0.0861242
0.0777376
0.0820729
0.0706381
0.0754632
0.0892818
0.0874743
0.0848948
0.109686
0.08276
0.0843305
0.0876004
0.0811708
0.0860754
0.0717428
0.0785658
0.0666639
0.0794052
0.0743415
0.0704167
0.0663216
0.105875
0.0703248
0.0769323
0.074581
0.0734152
0.0721504
0.0746872
0.0724956
0.140051
0.122402
0.116027
0.103071
0.117619
0.117777
0.112417
0.108189
0.115904
0.168992
0.124719
0.0838239
0.119107
0.148304
0.103074
0.121163
0.11438
0.0990787
0.201063
0.0494045
0.0828874
0.103081
0.0797536
0.0988887
0.0469219
0.0332883
0.026489
0.0156223
0.0257614
0.0288608
0.0219676
0.0250571
0.102869
0.0828475
0.0677346
0.053883
0.090009
0.0774983
0.0809249
0.0741131
0.114146
0.0627879
0.0977421
0.084851
0.0924597
0.0709919
0.0875447
0.0785287
0.0789796
0.0611917
0.0401523
0.0405402
0.0689716
0.0639949
0.0460465
0.0362728
0.0838248
0.0466567
0.0465934
0.0797825
0.0600925
0.0533826
0.0700742
0.0570297
0.00418697
0.00397468
0.00402043
0.0068118
0.00438776
0.003941
0.00468217
0.0042202
0.00399916
0.00401776
0.00389818
0.00660367
0.00419163
0.00395348
0.00458252
0.00434551
0.00406263
0.00392806
0.00398861
0.00528116
0.00410254
0.00391169
0.00456369
0.00433051
0.0146296
0.0133488
0.00838918
0.0282629
0.0164062
0.012411
0.0179567
0.0145181
0.00420493
0.0040482
0.00704128
0.00708814
0.00439354
0.00451157
0.00567296
0.00554209
0.00393362
0.00595778
0.00388028
0.00387803
0.00418347
0.00439598
0.00389718
0.00400742
0.00450386
0.00858977
0.00855475
0.00625029
0.00575688
0.00733159
0.00536788
0.00805671
0.00429204
0.00567873
0.0075097
0.00422657
0.00429309
0.00489762
0.00433856
0.00501394
0.0639787
0.0444552
0.080601
0.0938339
0.0523469
0.0472953
0.0772358
0.0604869
0.0456425
0.0477239
0.0789626
0.0834691
0.0510023
0.050566
0.0690456
0.0688437
0.0689083
0.0604309
0.0248292
0.0548924
0.0562942
0.0528573
0.0539869
0.0521982
0.119235
0.0989241
0.0971272
0.0554777
0.0992924
0.103292
0.113685
0.125465
0.0485027
0.0696527
0.075691
0.0791825
0.061506
0.0620245
0.0712041
0.0732619
0.0484742
0.0833806
0.0732264
0.0670339
0.0628192
0.0688542
0.0649293
0.0717609
0.0961967
0.102962
0.0978971
0.117746
0.109891
0.0888064
0.101622
0.0935718
0.0864257
0.123502
0.104237
0.0905996
0.0926326
0.110657
0.0936575
0.120529
0.0038534
0.00386041
0.00382807
0.00425858
0.00396108
0.00383487
0.00403538
0.00392837
0.00387118
0.00418668
0.00436557
0.00648298
0.0041553
0.00392205
0.005114
0.00532625
0.00384105
0.00430349
0.00436458
0.0108619
0.00416033
0.00390838
0.00621488
0.00553018
0.0084563
0.0322016
0.106571
0.326424
0.0545712
0.045732
0.150452
0.189964
0.00398237
0.0039686
0.00447606
0.00553565
0.00403335
0.00407435
0.00426041
0.00417948
0.0038359
0.00486637
0.00394134
0.00384257
0.00396103
0.00419301
0.00383854
0.00416106
0.00413767
0.00479084
0.0133438
0.021088
0.0044588
0.00464022
0.00786982
0.00864357
0.00396799
0.0182514
0.0123213
0.00553005
0.00429434
0.00721942
0.00541506
0.00820931
0.0197226
0.0165929
0.00778907
0.0222556
0.0135638
0.0131913
0.0141061
0.0111735
0.0096675
0.00551471
0.00429952
0.0071495
0.00710025
0.00583305
0.00639249
0.0057821
0.00528466
0.00422361
0.00475431
0.00671764
0.00473309
0.00452589
0.00520926
0.00465414
0.0174371
0.0072515
0.00744991
0.012731
0.0086016
0.00706037
0.00906024
0.0072593
0.0107961
0.00626785
0.0111801
0.00742417
0.00884934
0.00850522
0.0107859
0.00973832
0.00961939
0.00670287
0.00447786
0.00580026
0.00800171
0.00627458
0.00535165
0.00458455
0.00702931
0.011762
0.00647489
0.00575712
0.00889716
0.00844983
0.00499345
0.00643741
0.00562317
0.00514278
0.00601191
0.00449149
0.00473815
0.00471772
0.0045616
0.00465604
0.0038334
0.00383201
0.00381765
0.00417404
0.00395498
0.00383083
0.00402683
0.00390696
0.00383495
0.00386895
0.00382481
0.00433206
0.00398924
0.00384991
0.00413596
0.00395963
0.00380481
0.00381744
0.00382091
0.00412908
0.00388215
0.00381455
0.00400212
0.00391909
0.00453277
0.00466154
0.00448331
0.00529738
0.00473591
0.00446074
0.00492839
0.00468359
0.00396005
0.00389035
0.00432787
0.00435137
0.00406208
0.00396144
0.00419212
0.0040902
0.00383805
0.0041164
0.00381822
0.0038132
0.00390872
0.00397832
0.00381408
0.00389129
0.00398166
0.00431901
0.00446809
0.00436265
0.00406031
0.00419485
0.00415598
0.00427804
0.00388337
0.00425889
0.00426427
0.00390833
0.00394985
0.00405739
0.00401033
0.00411328
0.00499963
0.00436575
0.00933209
0.0104165
0.00560544
0.00595493
0.00767431
0.00825214
0.00422832
0.00412538
0.00487841
0.00498
0.00442529
0.00463687
0.00477744
0.00477004
0.0143445
0.00674403
0.0160007
0.0292512
0.0182231
0.0120759
0.0222759
0.0191705
0.0156562
0.00679858
0.027883
0.0181514
0.0135749
0.0130401
0.0199027
0.0186196
0.0046583
0.0107365
0.00930119
0.00574767
0.00514008
0.00787782
0.00555062
0.00797298
0.00504417
0.00583541
0.00594071
0.00906435
0.00549052
0.00553288
0.00563317
0.00624328
0.0143906
0.0137754
0.0066895
0.0238658
0.0203099
0.0126311
0.0202922
0.0116619
0.0142228
0.0226761
0.00637867
0.00686597
0.0145276
0.0150464
0.00756262
0.00749839
0.0435949
0.0434057
0.0537125
0.0706134
0.0511543
0.0487786
0.0666605
0.0588239
0.0411508
0.0567365
0.0652
0.0492507
0.0414104
0.042317
0.0427609
0.0422669
0.0539406
0.0939523
0.431776
0.191726
0.0556438
0.0638958
0.164275
0.170195
0.0720978
0.0647115
0.125879
0.0705693
0.0691562
0.0680207
0.0811991
0.0850314
0.0423331
0.0500584
0.0618632
0.0532499
0.048091
0.0505035
0.0544019
0.0563534
0.0396208
0.0498004
0.0434146
0.0466764
0.0427733
0.0424975
0.0421207
0.0406808
0.0635761
0.0706268
0.058497
0.113735
0.0643997
0.0634151
0.0588107
0.0604574
0.0566884
0.119454
0.0566409
0.0545884
0.0529166
0.0592843
0.0513018
0.0589146
0.00390723
0.00386376
0.00392536
0.00501235
0.00411653
0.00387051
0.0046552
0.00413525
0.00385534
0.00393769
0.00398024
0.0047472
0.00407299
0.0039251
0.00432849
0.00425416
0.0039998
0.00403613
0.00435273
0.00664731
0.0043928
0.00397911
0.00556532
0.00472453
0.00617819
0.00601785
0.00769783
0.010436
0.00677896
0.00571908
0.00785419
0.00708182
0.00404672
0.00420715
0.00511724
0.00483634
0.00416958
0.00425991
0.00454846
0.00442777
0.00386214
0.00472944
0.00393601
0.00389709
0.00407354
0.0042951
0.00389836
0.00418393
0.0049478
0.00556011
0.00533733
0.00620361
0.00530264
0.00486471
0.00533129
0.0051604
0.0042493
0.00620092
0.00532777
0.00434095
0.00446328
0.00468952
0.00450293
0.00484536
0.0805533
0.182164
0.111189
0.253151
0.119454
0.13505
0.142023
0.123832
0.246297
0.0804511
0.177835
0.170411
0.262675
0.196385
0.236596
0.208683
0.129703
0.152156
0.131878
0.220812
0.153055
0.139959
0.161666
0.143743
0.518212
0.407022
0.433284
0.882604
0.63262
0.49716
0.657543
0.526767
0.210803
0.171439
0.320092
0.436776
0.219841
0.203076
0.386984
0.280386
0.195321
0.31845
0.174696
0.14742
0.182814
0.220736
0.163386
0.194751
0.170635
0.337636
0.383153
0.299149
0.228094
0.264675
0.290075
0.35459
0.145336
0.253295
0.323961
0.173423
0.177574
0.255936
0.198428
0.279411
0.140962
0.0747615
0.104881
0.0884947
0.110402
0.116085
0.112537
0.130167
0.0402491
0.0467434
0.0496158
0.036217
0.0366126
0.0389733
0.0379786
0.0396214
0.0909209
0.107048
0.14474
0.0991123
0.12888
0.140376
0.120311
0.13505
0.059039
0.0403155
0.0612123
0.028309
0.0406082
0.0536576
0.0371114
0.0454888
0.0494032
0.100996
0.0615317
0.039009
0.0544737
0.0708688
0.0496483
0.0634687
0.0505616
0.0435094
0.0672281
0.104398
0.053116
0.0432074
0.0717764
0.0589767
0.0799271
0.0632949
0.045806
0.0772344
0.0720234
0.0655275
0.0789562
0.0560823
0.106415
0.0831878
0.0466765
0.074628
0.0856041
0.084544
0.0730264
0.0653358
0.00389321
0.00385472
0.00384407
0.00435216
0.00399379
0.00384509
0.00408742
0.00395825
0.00385063
0.00385025
0.00382467
0.00429493
0.00394883
0.00384366
0.00405484
0.00395773
0.00383287
0.00383077
0.00385033
0.00424323
0.00390688
0.00382639
0.00402611
0.00396604
0.00497318
0.00517157
0.00492413
0.00651821
0.00563242
0.00520601
0.00587348
0.00551788
0.00394498
0.00390722
0.00441962
0.004536
0.00400022
0.00408867
0.004154
0.00421135
0.0038387
0.00430669
0.00382352
0.00382362
0.0039325
0.00410712
0.00382998
0.0039039
0.00397638
0.00460513
0.00474257
0.00456887
0.00415307
0.00441514
0.00437256
0.00483475
0.00390776
0.00442959
0.00455079
0.00393364
0.00403705
0.00420142
0.00399867
0.0041893
0.0705788
0.0643014
0.0476347
0.0337195
0.0563974
0.0605344
0.0427306
0.0479555
0.08056
0.169967
0.0685281
0.0575949
0.0943298
0.0999346
0.0674908
0.0811504
0.0360357
0.0405212
0.0363572
0.0215583
0.0301922
0.0355326
0.0268043
0.0326443
0.022307
0.0304499
0.0166216
0.0137995
0.0214622
0.0228742
0.0156095
0.0180632
0.0531347
0.0359818
0.0299315
0.0426035
0.0430144
0.0329987
0.0428049
0.0310507
0.0552616
0.0462113
0.0525197
0.0378358
0.0471576
0.0475261
0.0439609
0.0454841
0.0277557
0.0245428
0.0330298
0.0192563
0.0263739
0.0266409
0.0228663
0.0244357
0.0325534
0.0217325
0.037225
0.0405999
0.0269537
0.0246837
0.0356598
0.0315213
0.00543735
0.00566967
0.00808014
0.00773618
0.00578888
0.0066935
0.00669189
0.0067764
0.00564022
0.00931947
0.0134176
0.00673768
0.00583976
0.00666
0.00608745
0.0072637
0.010073
0.0145526
0.0140547
0.0166375
0.0107803
0.012224
0.0124921
0.0142903
0.0127226
0.0146212
0.0191015
0.0238523
0.0127169
0.0126181
0.0163094
0.019029
0.00569968
0.00807612
0.00759374
0.00674639
0.00614076
0.00695021
0.00684816
0.00784574
0.00570752
0.00688345
0.00894442
0.00796327
0.00597961
0.00619988
0.00671039
0.00699302
0.00953724
0.00974931
0.00914957
0.0150308
0.0125686
0.00980613
0.0123834
0.0098231
0.00930199
0.0170478
0.0105141
0.00986919
0.00938822
0.0126048
0.00794691
0.0138997
0.17308
0.158057
0.132801
0.250678
0.18054
0.142083
0.195293
0.153332
0.115988
0.0273607
0.072621
0.0884925
0.111824
0.0394356
0.0742725
0.0529622
0.124408
0.116844
0.106875
0.198377
0.132272
0.104943
0.163259
0.130134
0.390772
0.267341
0.365848
0.653069
0.415485
0.333904
0.503741
0.483788
0.162166
0.139334
0.264393
0.238238
0.164624
0.167078
0.225403
0.206814
0.102483
0.134315
0.0786236
0.0980751
0.0933163
0.0982131
0.0927448
0.0972598
0.179442
0.304306
0.222825
0.293644
0.209501
0.231812
0.225921
0.256766
0.135518
0.246152
0.189424
0.1332
0.15133
0.179574
0.148032
0.181828
0.0471461
0.0561479
0.0527552
0.0778276
0.0565402
0.0516452
0.0602777
0.053662
0.0694485
0.102596
0.106259
0.106491
0.0844556
0.102341
0.0905715
0.115855
0.0624702
0.0842062
0.0447354
0.0829283
0.0754158
0.0701967
0.0804004
0.0701226
0.149462
0.149691
0.135115
0.333147
0.202251
0.164739
0.229468
0.168367
0.0643502
0.0601146
0.0980969
0.112191
0.0688477
0.0645357
0.084303
0.0806148
0.0622738
0.111924
0.0897357
0.0586482
0.0629741
0.0851758
0.058405
0.0753067
0.0654826
0.108369
0.12508
0.116873
0.0801695
0.0869558
0.105824
0.120003
0.061448
0.101447
0.126057
0.100975
0.0769399
0.0964593
0.0826336
0.110685
0.0468058
0.0510546
0.0481835
0.0480106
0.0467875
0.043698
0.0470276
0.0444102
0.0647549
0.0910327
0.0586417
0.0841685
0.087671
0.0805379
0.0758395
0.0710676
0.0465776
0.04474
0.0483837
0.0540779
0.0469126
0.0461918
0.0499412
0.0483928
0.0531973
0.0703064
0.0615998
0.0549533
0.0670294
0.0627124
0.0595477
0.0622805
0.0538696
0.0441481
0.052228
0.0715388
0.0484369
0.0452712
0.0524918
0.0485042
0.0497062
0.0651389
0.0513437
0.0422698
0.046725
0.0596023
0.043509
0.0520425
0.0460558
0.0519287
0.0644341
0.0577811
0.046994
0.0501866
0.0539157
0.0585834
0.0438682
0.0554322
0.0605731
0.048278
0.0489472
0.0525147
0.0505963
0.0527897
0.10405
0.0990907
0.173832
0.212956
0.115243
0.108119
0.151417
0.148508
0.0940908
0.0973858
0.141599
0.244472
0.106628
0.0979115
0.14665
0.125963
0.326034
0.275275
0.780428
1.02643
0.376202
0.28361
0.622742
0.380102
0.467407
0.64995
1.22775
1.11965
0.586
0.631248
0.799967
0.878441
0.110909
0.197532
0.248298
0.268644
0.147257
0.165425
0.222534
0.248912
0.103314
0.24515
0.144149
0.181707
0.139684
0.158452
0.149764
0.170547
0.277936
0.329361
0.396374
0.781167
0.420348
0.353576
0.512324
0.417805
0.266018
0.646436
0.333528
0.191181
0.303202
0.46464
0.259458
0.447722
0.00388847
0.00384389
0.00386958
0.00462623
0.00398776
0.00383997
0.00417575
0.0040401
0.00386707
0.00386812
0.00379844
0.00427502
0.00396863
0.00384602
0.00400468
0.00391113
0.00389077
0.00382155
0.00388994
0.00455844
0.00391295
0.00382371
0.00419031
0.00403636
0.00615822
0.00530638
0.00562056
0.00929965
0.00585468
0.0053861
0.00698956
0.00639527
0.0039635
0.00392751
0.00466375
0.00443285
0.00404918
0.00415022
0.00429434
0.00437812
0.00384355
0.00422525
0.00381209
0.00382666
0.00394929
0.00401475
0.00383042
0.00388442
0.00414786
0.00523
0.00473644
0.00513102
0.00456435
0.00495846
0.00445519
0.00481836
0.00403137
0.0048344
0.00452659
0.00391906
0.00402877
0.00423147
0.00398869
0.00420387
0.00384267
0.00382869
0.00383428
0.00428512
0.00397224
0.00383019
0.00406214
0.00392053
0.00383857
0.00392811
0.00404567
0.00461711
0.00405257
0.00392746
0.00426337
0.00417103
0.00385831
0.00404154
0.00406337
0.00534296
0.00417885
0.00397812
0.00460649
0.00433937
0.0051458
0.00550064
0.00695133
0.00695865
0.00577598
0.00577295
0.00654239
0.00667898
0.00395601
0.00400034
0.00455837
0.00469279
0.00406197
0.00414335
0.00429081
0.00435188
0.00384115
0.00463285
0.0039736
0.00385228
0.00394691
0.00425991
0.00385899
0.00411894
0.00413962
0.00480298
0.00507535
0.00579652
0.00442265
0.00462921
0.00507894
0.00523879
0.00398486
0.00558056
0.00511276
0.0043107
0.00436188
0.00478688
0.00441568
0.00514858
0.0284229
0.0347372
0.0365497
0.037217
0.0290905
0.0305344
0.0307787
0.0331439
0.06843
0.228419
0.150675
0.0868178
0.0854121
0.135742
0.0811792
0.145405
0.0467426
0.104534
0.0447685
0.0831568
0.0521719
0.0483082
0.0596005
0.0509943
0.0407432
0.064541
0.0621095
0.0307385
0.0422746
0.0519126
0.0419769
0.0562449
0.0394117
0.0405861
0.0377703
0.0536891
0.0398599
0.0366028
0.0452356
0.0426465
0.0473457
0.0624747
0.0937747
0.0415685
0.0505708
0.0582706
0.0504349
0.0643512
0.0448864
0.0393997
0.0548805
0.0620903
0.0541656
0.0465192
0.0577669
0.0494487
0.0454525
0.0768014
0.0670274
0.101498
0.0530305
0.0684444
0.0653251
0.0680975
0.00383605
0.0038433
0.00389476
0.00437032
0.00396045
0.00385444
0.00408275
0.00396438
0.00387598
0.00399277
0.00410423
0.00466724
0.00409349
0.00400929
0.00432107
0.00427901
0.0039228
0.00399633
0.00393659
0.00501683
0.00418591
0.00397004
0.00452056
0.00424821
0.00585476
0.00531955
0.00660965
0.00958081
0.00615938
0.00584416
0.00685621
0.00670276
0.00398854
0.00408337
0.004532
0.00460002
0.00412652
0.00410034
0.00434899
0.00439287
0.00389255
0.00473762
0.00401865
0.00392556
0.00405161
0.00430094
0.00395559
0.0042481
0.00427089
0.00480188
0.00495236
0.00562964
0.00460899
0.00467008
0.00509506
0.00510999
0.00411891
0.0055098
0.00517689
0.00438011
0.00444965
0.00493153
0.0045607
0.00516655
0.0119687
0.0125367
0.00997776
0.0180001
0.0121837
0.0115535
0.0124782
0.0123017
0.0109958
0.00623829
0.00573177
0.00787541
0.008792
0.00673776
0.00887746
0.00695886
0.00973337
0.00615085
0.00640438
0.0184001
0.0100496
0.00682563
0.0120467
0.00909064
0.0245354
0.0085
0.0308921
0.0153809
0.0159868
0.0116676
0.0235536
0.0186319
0.0111963
0.0114922
0.0147247
0.00995094
0.0114701
0.0117637
0.014226
0.0141413
0.0111008
0.00929977
0.00636087
0.0103733
0.0113807
0.00993523
0.011319
0.00869624
0.0127494
0.0153847
0.0105494
0.0247762
0.0178954
0.0138745
0.0188139
0.011459
0.0119114
0.0179964
0.00926834
0.007762
0.0114939
0.0136722
0.00987603
0.0106891
0.00541272
0.008346
0.00440635
0.00733303
0.00665791
0.00617597
0.00615306
0.00616964
0.0175172
0.0268242
0.00926957
0.0142236
0.0224276
0.0195658
0.0131209
0.0120807
0.00435212
0.00588808
0.00419281
0.00543234
0.00535872
0.005219
0.00494709
0.00480544
0.0108051
0.012633
0.00839384
0.0160954
0.0134483
0.0108518
0.0132859
0.0110219
0.011818
0.00542054
0.00915828
0.0130592
0.00950909
0.00643728
0.0101775
0.00746495
0.0124595
0.011671
0.00764465
0.00525911
0.00898313
0.00961957
0.00640295
0.00814722
0.00531441
0.00902371
0.0111427
0.00724795
0.00605498
0.0076745
0.00755365
0.00849419
0.00516738
0.00652627
0.0094701
0.00706142
0.0057318
0.0068765
0.00702335
0.00779011
0.154292
0.0503736
0.0578319
0.0314217
0.0547778
0.0553245
0.0409621
0.0468636
0.0371119
0.0458861
0.0408763
0.0299556
0.0318006
0.0355047
0.0320892
0.0375909
0.0545551
0.0395009
0.0709434
0.0329428
0.0459932
0.0493647
0.0462119
0.0539856
0.019336
0.0208738
0.0182629
0.0113802
0.0173593
0.0180162
0.0129592
0.0152368
0.0338366
0.0410916
0.0262665
0.0236308
0.0283396
0.0300093
0.0274625
0.0278
0.0335619
0.025302
0.0330662
0.0450301
0.0301267
0.0266044
0.0344601
0.0307628
0.0366741
0.0229084
0.0225171
0.0223542
0.0313701
0.0262252
0.0251069
0.0209524
0.0440547
0.0251848
0.0258329
0.0328481
0.0308805
0.0257681
0.0304976
0.0289249
0.0040817
0.00381495
0.00401864
0.00704092
0.00465438
0.00384349
0.00534926
0.00397628
0.00381832
0.00383287
0.00381555
0.00417993
0.00390292
0.00382166
0.00398178
0.00390412
0.00397752
0.00382137
0.00399866
0.00534896
0.00420831
0.00382245
0.00471055
0.0039862
0.0253995
0.00626137
0.0116254
0.132275
0.0271839
0.00983803
0.0533701
0.0167572
0.00389601
0.00437058
0.00981151
0.00434358
0.00399434
0.00408856
0.00418972
0.00457978
0.00382051
0.0041088
0.003798
0.00382772
0.00389572
0.00396956
0.00380378
0.00385306
0.00494351
0.0131458
0.00464974
0.00837073
0.00587766
0.00553917
0.0067945
0.00589736
0.00395817
0.00480033
0.00426254
0.00387404
0.00409253
0.00432071
0.00394607
0.00407936
0.00528616
0.00717594
0.00448334
0.00787197
0.00628623
0.00609102
0.00614909
0.00686831
0.0089918
0.0115546
0.00743689
0.0123996
0.0101357
0.0101494
0.0103896
0.00980127
0.00432814
0.00519382
0.00419648
0.00545134
0.00524638
0.00482045
0.00495398
0.00504541
0.0125385
0.0141248
0.00748347
0.0179597
0.0130858
0.0125421
0.0143794
0.0106661
0.0074578
0.00562569
0.00849676
0.0122328
0.00782882
0.00723104
0.0100936
0.00913515
0.00784554
0.0113805
0.00667229
0.00517956
0.00778207
0.00826686
0.0058003
0.00703046
0.00543549
0.00931093
0.0121487
0.00705271
0.0064109
0.00967128
0.00718188
0.00940462
0.00578084
0.00699518
0.0095996
0.00632916
0.00598895
0.00656761
0.00715789
0.00767182
0.128937
0.14869
0.146352
0.200718
0.144832
0.148995
0.179295
0.156195
0.168477
0.094942
0.124279
0.161315
0.180138
0.106096
0.154841
0.120718
0.138924
0.129109
0.188454
0.228926
0.139377
0.127583
0.209676
0.178346
0.359902
0.336938
0.32083
0.638237
0.412839
0.315611
0.52143
0.355913
0.157279
0.15554
0.22062
0.259527
0.188469
0.178299
0.238133
0.205103
0.15669
0.164347
0.121047
0.126542
0.13586
0.147849
0.134032
0.13443
0.194831
0.298365
0.278648
0.278586
0.223279
0.239183
0.232062
0.268626
0.146517
0.213235
0.186589
0.122783
0.151378
0.175977
0.14716
0.16736
0.0502587
0.0640431
0.0443213
0.0427782
0.0496666
0.047371
0.0436762
0.0424423
0.0782216
0.151431
0.0515672
0.0429851
0.0613079
0.0680764
0.0435787
0.0499659
0.0401046
0.0508618
0.0608273
0.046844
0.0403678
0.04541
0.0426201
0.055545
0.0408639
0.0384371
0.0482236
0.0376334
0.0347835
0.036781
0.0393317
0.0397842
0.0449044
0.0396952
0.0421617
0.0336663
0.0378702
0.0393023
0.038061
0.0406968
0.0444088
0.0365465
0.0414528
0.0388292
0.0371212
0.0363438
0.0365032
0.0375502
0.0403708
0.0423958
0.0373534
0.0453709
0.0408575
0.040277
0.0392824
0.0364402
0.039429
0.0493069
0.0388227
0.0456008
0.0401451
0.0415949
0.0405485
0.0419335
0.4501
0.117756
0.137878
0.314025
0.340115
0.193991
0.284434
0.15418
0.150848
0.532315
0.0484261
0.114142
0.152071
0.153232
0.107133
0.0689404
0.0846782
0.0351495
0.101491
0.0559572
0.060701
0.0592956
0.0658178
0.0639156
0.132132
0.0390422
0.037848
0.0302174
0.0535061
0.0344345
0.0452369
0.0280289
0.0844698
0.0863231
0.205629
0.0571276
0.0681579
0.0933761
0.0693824
0.0985999
0.0653651
0.0453761
0.0328778
0.0628833
0.0529035
0.0487789
0.0413447
0.0355388
0.0749347
0.144061
0.039417
0.0444428
0.0639275
0.0652717
0.0441927
0.0363789
0.0554894
0.0417673
0.0289913
0.0302142
0.0409336
0.0411923
0.0288918
0.0282031
0.0296147
0.0320498
0.0355342
0.0255291
0.0273343
0.0309251
0.0296889
0.0318101
0.0557877
0.100258
0.0316718
0.0312297
0.05385
0.0486754
0.0321125
0.0311475
0.0410319
0.0325745
0.132337
0.0361207
0.0413289
0.0517828
0.0425078
0.0639384
0.0244487
0.0258655
0.0267795
0.0182741
0.0244128
0.0269902
0.0215486
0.0253374
0.0327108
0.0340853
0.0255155
0.030713
0.0306604
0.029913
0.0305638
0.0288255
0.034058
0.0274782
0.0259122
0.0341094
0.0291289
0.0278691
0.0281344
0.0260658
0.0342196
0.027176
0.0259332
0.0303747
0.0315074
0.0285368
0.0316923
0.0271463
0.0348932
0.0317338
0.0240744
0.0248701
0.0311725
0.0311511
0.0242378
0.0238525
0.00396703
0.00393953
0.00387487
0.00520091
0.00419537
0.00391595
0.00465325
0.00414243
0.00393257
0.00387964
0.00382612
0.00440303
0.0040566
0.00387526
0.00413458
0.00396664
0.0038482
0.00382115
0.00383603
0.00421185
0.00390379
0.00382198
0.00402953
0.00393491
0.00645149
0.00508294
0.00493179
0.00650692
0.00597103
0.00521778
0.00603259
0.00537897
0.00415112
0.00399266
0.00528891
0.0047445
0.00428793
0.00426737
0.00468054
0.00461869
0.00390922
0.00437931
0.00382914
0.00384774
0.0040259
0.00411744
0.00385212
0.00392362
0.00419205
0.00565637
0.00471146
0.00464643
0.00451345
0.00496158
0.00444097
0.00484829
0.0039934
0.00441267
0.0044097
0.00392088
0.00406396
0.00422685
0.00401573
0.00419067
0.00453516
0.00580993
0.0052997
0.00450248
0.00468237
0.00505152
0.00462841
0.0051509
0.00813952
0.00716409
0.0126856
0.00672325
0.00653664
0.00767094
0.0069752
0.00827597
0.005617
0.0112704
0.00936093
0.00653885
0.007074
0.00742157
0.00643915
0.00669538
0.0048333
0.0067998
0.00682769
0.00542531
0.00531429
0.00591163
0.00544745
0.0066748
0.00614417
0.0056026
0.00473917
0.00660803
0.00625494
0.00538201
0.0061435
0.00515459
0.00739496
0.00719956
0.0104927
0.00586984
0.00765409
0.00756814
0.00771492
0.00913958
0.00534874
0.00481718
0.0069806
0.00652517
0.00528129
0.00543052
0.00673637
0.0063354
0.00561667
0.00664798
0.00808578
0.0101835
0.00700776
0.00689131
0.00952649
0.00957288
0.126996
0.145626
0.123484
0.185278
0.163674
0.150527
0.159233
0.153222
0.149671
0.180439
0.152366
0.21857
0.208974
0.205729
0.205521
0.182349
0.0891947
0.103709
0.0530992
0.100167
0.101155
0.0817363
0.0785184
0.0712659
0.296615
0.293647
0.205413
0.460961
0.408605
0.34853
0.377439
0.311749
0.187011
0.147358
0.249008
0.260494
0.192796
0.188687
0.211373
0.217369
0.175867
0.239016
0.147168
0.123743
0.172281
0.205981
0.143762
0.164565
0.13444
0.245029
0.26276
0.16576
0.159152
0.212717
0.197212
0.286842
0.117879
0.144353
0.223021
0.134951
0.143995
0.16361
0.15189
0.174414
0.0465986
0.0473191
0.0464609
0.0604325
0.0491375
0.0422015
0.0534918
0.0465569
0.0622807
0.0556054
0.0757412
0.105677
0.0714073
0.058797
0.0853691
0.0849339
0.0472381
0.0538749
0.0661091
0.0529695
0.0461051
0.0460339
0.0497349
0.0508098
0.0724362
0.0812984
0.0616825
0.0766262
0.0733793
0.0660423
0.0710772
0.0628572
0.0529139
0.0459692
0.063982
0.0726721
0.0566408
0.0511928
0.0650919
0.0553298
0.0519131
0.0730591
0.0586724
0.045042
0.0581404
0.0687103
0.0522203
0.0573085
0.0484336
0.0651322
0.0707379
0.0571673
0.0528366
0.0571632
0.0560061
0.0624513
0.0452808
0.054034
0.0687334
0.057862
0.0496468
0.0529293
0.0549876
0.0625887
0.180238
0.17936
0.0654512
0.128935
0.125566
0.10367
0.0945979
0.0722302
0.124079
0.0233843
0.119966
0.0307486
0.067992
0.0503548
0.0550616
0.0537745
0.0639756
0.0850878
0.024114
0.0599269
0.0582931
0.0684275
0.0572603
0.065476
0.0914316
0.0291842
0.0473583
0.0358246
0.0676678
0.0478513
0.0526721
0.0292968
0.112836
0.0608571
0.0918529
0.0693743
0.0866513
0.0737113
0.12775
0.0780251
0.0889616
0.0531082
0.0959797
0.0691283
0.0622711
0.0550235
0.0839213
0.0832675
0.0570563
0.0726114
0.0502309
0.0480248
0.0530394
0.0521802
0.0528079
0.0477957
0.0638732
0.0596025
0.036332
0.0919743
0.0693182
0.0662768
0.0848081
0.0924724
0.288518
0.209831
0.168596
0.201261
0.272927
0.224729
0.211937
0.136263
0.072499
0.0292896
0.146949
0.0349126
0.0479902
0.047207
0.0510602
0.0868063
0.257167
0.292629
0.297862
0.252341
0.281478
0.405966
0.290573
0.319805
0.107286
0.035269
0.157448
0.0510376
0.0728936
0.102758
0.068987
0.116046
0.12706
0.15643
0.154605
0.0502927
0.0884938
0.0962587
0.0673267
0.0938043
0.114584
0.0689182
0.250114
0.215259
0.0973224
0.0638197
0.13112
0.0943581
0.201503
0.123881
0.0492275
0.188907
0.20623
0.0991908
0.171297
0.0860315
0.218423
0.226832
0.12015
0.23543
0.220112
0.268036
0.182087
0.186481
0.00509934
0.00636497
0.011813
0.00519947
0.00614107
0.007913
0.00619245
0.00871564
0.00588085
0.00882037
0.00876623
0.00579768
0.00558932
0.00606477
0.00618494
0.00628724
0.0179664
0.0133511
0.0137944
0.00965882
0.0130567
0.0131538
0.0128448
0.0139472
0.00550717
0.00647198
0.008723
0.00585532
0.00661797
0.00742091
0.00679695
0.00830571
0.00578039
0.0113034
0.00617317
0.00638547
0.00642338
0.00846753
0.00582854
0.00716689
0.00645545
0.00673707
0.00925326
0.0137139
0.00666613
0.00696258
0.0101756
0.00856101
0.013345
0.00644379
0.00714203
0.0104659
0.0104529
0.00864397
0.00980026
0.00868074
0.0159566
0.0107142
0.00734639
0.0100158
0.0116488
0.0101742
0.0100035
0.00906228
0.136503
0.149899
0.207652
0.180459
0.145315
0.163478
0.159047
0.186464
0.142668
0.0982833
0.168061
0.193306
0.1529
0.123534
0.174793
0.138706
0.371863
0.320037
0.711042
0.743451
0.466181
0.457782
0.573203
0.554152
0.2863
0.382089
0.767184
0.67556
0.390675
0.486674
0.464161
0.619023
0.16909
0.236307
0.211729
0.26385
0.191537
0.213688
0.222715
0.256208
0.168539
0.244758
0.21979
0.276291
0.193483
0.214525
0.229624
0.263202
0.271292
0.235196
0.316553
0.54309
0.324395
0.304819
0.442065
0.382519
0.328943
0.61758
0.290691
0.253801
0.39594
0.490822
0.316209
0.369493
0.0419179
0.109183
0.0704732
0.0465342
0.0532069
0.0870576
0.0527874
0.0788932
0.0825256
0.0383615
0.0679673
0.0567194
0.067855
0.0678258
0.0642199
0.0629859
0.0824844
0.089854
0.0943608
0.0937318
0.077272
0.0870697
0.0783145
0.0944803
0.0352152
0.0480498
0.0628087
0.0292065
0.0320662
0.0480063
0.032894
0.0500822
0.0873834
0.0713692
0.0440571
0.0576306
0.0782125
0.0703825
0.0659672
0.062871
0.106531
0.0696141
0.086266
0.0995848
0.0951191
0.0797893
0.10477
0.0889563
0.0674154
0.0406473
0.0537691
0.0576817
0.058899
0.0570586
0.0550661
0.0512907
0.0894239
0.0851486
0.0653608
0.086439
0.0810232
0.0794953
0.0888409
0.0887672
0.00567749
0.00914563
0.00513249
0.0136722
0.00709798
0.00612513
0.00791295
0.0074535
0.0182358
0.195822
0.0800213
0.076815
0.0532117
0.128689
0.0860488
0.139538
0.0047968
0.0121727
0.00533153
0.0130516
0.00658168
0.00711012
0.00824838
0.00809887
0.0359241
0.0397118
0.0338393
0.0963749
0.0404487
0.0228862
0.059742
0.043174
0.0126974
0.00655289
0.0189815
0.024313
0.0120112
0.00811747
0.0147598
0.0116391
0.0133796
0.0298382
0.0279899
0.00616321
0.0133146
0.0183559
0.00820578
0.0145498
0.00687244
0.0205987
0.0345261
0.0218302
0.0091623
0.0123142
0.0126719
0.0153583
0.00662499
0.0193965
0.0321388
0.0239911
0.00777422
0.0110021
0.0172183
0.0204052
0.00615689
0.0159408
0.0119095
0.0182262
0.00833956
0.0130836
0.00914709
0.0152682
0.0295737
0.0458863
0.0375525
0.085655
0.0378186
0.0326811
0.0266719
0.0406414
0.0352228
0.0667481
0.0625013
0.266053
0.0586983
0.0408912
0.094836
0.110423
0.175344
0.320449
0.108654
0.773142
0.229117
0.125853
0.194868
0.232681
0.0208271
0.019427
0.0386413
0.0430426
0.017716
0.0168482
0.0364451
0.0235604
0.0209252
0.0346447
0.0252287
0.0195092
0.0209946
0.0219074
0.0232598
0.0236714
0.0223509
0.0378331
0.0527676
0.0569715
0.0332566
0.0491628
0.0541316
0.0498215
0.0463567
0.150226
0.0581345
0.0559632
0.0471294
0.0704932
0.0430623
0.0636323
0.015632
0.00835561
0.00502539
0.0188947
0.00967955
0.00628755
0.00911944
0.00579332
0.00595307
0.00485613
0.00457682
0.0154739
0.00720315
0.00482647
0.00914891
0.00579476
0.00462109
0.00441688
0.00452403
0.012513
0.0052429
0.00487357
0.00801766
0.00569738
0.0193342
0.0416632
0.039491
0.206434
0.0372933
0.0195662
0.0576977
0.0460926
0.00758924
0.00494971
0.0104203
0.0175885
0.00636096
0.0057354
0.0099607
0.00645155
0.00494248
0.00903661
0.00460617
0.00459043
0.0049497
0.00617791
0.00444321
0.00483931
0.00549889
0.00900124
0.0204639
0.0182107
0.00604973
0.00674195
0.00698068
0.0106559
0.00475891
0.0131581
0.0130103
0.005289
0.00528894
0.00604772
0.00608792
0.00842432
0.00427308
0.00411271
0.00408781
0.00668253
0.00478891
0.00406825
0.00551535
0.00441423
0.00405096
0.00398423
0.00384688
0.00489597
0.00438124
0.00397511
0.00435541
0.00405336
0.0040442
0.00384474
0.00406041
0.00511695
0.00404539
0.00385216
0.00456867
0.0040836
0.0108834
0.00589992
0.00714548
0.0148898
0.010435
0.00696876
0.0104928
0.00759185
0.00454632
0.00418801
0.00741422
0.00578923
0.00473725
0.00455139
0.00565565
0.00538894
0.00401621
0.00478306
0.00385483
0.00388127
0.0041543
0.00427389
0.00386829
0.00401753
0.00468981
0.00786855
0.00499669
0.00616904
0.00541285
0.00571259
0.00506701
0.00571895
0.00421981
0.00530061
0.00443402
0.003985
0.00423891
0.00455108
0.00417381
0.00431643
0.00574107
0.00581074
0.0129823
0.0229405
0.00775461
0.00760913
0.0113619
0.0137728
0.00502704
0.0052702
0.0094188
0.0290845
0.00775326
0.00572729
0.0119951
0.00862153
0.0353986
0.025273
0.0703178
0.189766
0.0521697
0.0378035
0.0682221
0.066131
0.411104
0.279973
0.532236
0.774088
0.769362
0.461138
0.831587
0.933928
0.00733304
0.0223152
0.0615557
0.0735976
0.0144224
0.0167179
0.0418705
0.0578744
0.00550961
0.0395269
0.0122131
0.0145158
0.00964278
0.0156619
0.00904398
0.0178241
0.0347208
0.149245
0.142763
0.189288
0.104207
0.225761
0.145539
0.198519
0.0332232
0.206454
0.100562
0.0227816
0.0431834
0.0946332
0.0341069
0.0776086
0.0998668
0.12851
0.127863
0.180511
0.14112
0.132205
0.160883
0.153161
0.127717
0.124083
0.118112
0.163134
0.129068
0.118682
0.144188
0.127629
0.13435
0.130198
0.151736
0.217739
0.167652
0.149914
0.189279
0.169731
0.312325
0.255722
0.321573
0.536164
0.35034
0.307437
0.446237
0.353195
0.147356
0.163785
0.228364
0.193936
0.165881
0.176277
0.186409
0.203223
0.130916
0.175401
0.129351
0.145426
0.139808
0.153163
0.126979
0.138826
0.177888
0.270857
0.227359
0.278727
0.198471
0.230934
0.230526
0.259014
0.159264
0.240045
0.19228
0.138947
0.179199
0.206521
0.157325
0.17486
0.00846669
0.00691599
0.0111656
0.011927
0.00816165
0.00766301
0.00860353
0.00827713
0.00659911
0.00532244
0.00525389
0.00805545
0.00786323
0.00567513
0.00720872
0.00633872
0.0111388
0.00552422
0.00565537
0.00740118
0.0087566
0.00646571
0.00876272
0.00689582
0.0108379
0.00795997
0.00710854
0.00819392
0.00823385
0.00798521
0.00792733
0.00694825
0.0079412
0.0114305
0.0113816
0.00938141
0.00811987
0.00888565
0.0108925
0.0103539
0.00684955
0.00802376
0.00596874
0.00993256
0.00800212
0.00803167
0.00830966
0.00751426
0.0114868
0.01098
0.00840359
0.00753022
0.0104883
0.009527
0.00754562
0.0084015
0.00999886
0.00669876
0.0078315
0.00649222
0.00800577
0.00718708
0.00710716
0.00682912
0.0286033
0.0389384
0.0360005
0.044268
0.0322183
0.0313425
0.0305066
0.0326449
0.0431086
0.0362581
0.063987
0.0486278
0.0464678
0.0444158
0.0485732
0.0533552
0.0477019
0.0780852
0.0390864
0.0523299
0.0565661
0.0641577
0.0428803
0.0471024
0.0665738
0.0561533
0.0573192
0.0710664
0.0616744
0.0495094
0.0552398
0.0579215
0.0420185
0.0416008
0.0444814
0.0557068
0.0432103
0.0364377
0.0484959
0.0397788
0.0412447
0.0492837
0.0635753
0.0459115
0.0469022
0.0483847
0.0526189
0.0570706
0.0409785
0.037721
0.0544657
0.0512314
0.0401378
0.0392597
0.0476838
0.0449378
0.0452223
0.0557453
0.0586154
0.0696018
0.0527784
0.0518982
0.062759
0.0613254
0.0414771
0.0381008
0.0433493
0.0710784
0.0428799
0.0415495
0.0538817
0.0503232
0.0315187
0.0260537
0.0360692
0.0381137
0.030179
0.028766
0.038584
0.0354049
0.0417055
0.0423587
0.0692318
0.0742591
0.0413979
0.0392324
0.0528216
0.051692
0.0547708
0.0402964
0.063655
0.0241676
0.0499275
0.0461801
0.0459764
0.0430654
0.0372445
0.0433801
0.0642751
0.0488263
0.0477454
0.0487928
0.0519124
0.0591557
0.0349753
0.0448121
0.0344306
0.0403553
0.042796
0.0398102
0.0379921
0.0366185
0.0483863
0.0650629
0.0473503
0.0608205
0.0578529
0.0596169
0.0528355
0.0508336
0.0449559
0.0575007
0.0436336
0.0405151
0.0438339
0.0502585
0.0425666
0.0499969
0.00405507
0.00392417
0.0039463
0.00523987
0.00438459
0.00391254
0.00448973
0.00411131
0.00387094
0.00392407
0.00389874
0.00461887
0.00410973
0.00388897
0.00428215
0.00410613
0.00390067
0.00392801
0.00429119
0.00478657
0.00413388
0.00391065
0.00446599
0.00437566
0.00717442
0.00692709
0.00565246
0.0144129
0.00994083
0.00715821
0.0106248
0.00785626
0.00416863
0.00413783
0.00552288
0.00555555
0.00427212
0.00433149
0.00476664
0.00480444
0.00386356
0.00461914
0.00388114
0.00385827
0.00400416
0.00428341
0.00386345
0.00403357
0.00422047
0.00586122
0.00581032
0.00526728
0.0044343
0.00514741
0.00496135
0.00604288
0.00402161
0.00489786
0.00488165
0.00412134
0.00434149
0.00452294
0.00421384
0.00444314
0.00481239
0.00406286
0.00712811
0.0103528
0.00574349
0.00512124
0.00838912
0.00701052
0.00409516
0.00435305
0.00591542
0.0049162
0.00436777
0.00466572
0.0047522
0.00527497
0.00875041
0.00849873
0.0208558
0.0194545
0.011187
0.011971
0.0152434
0.0155463
0.0224593
0.00751426
0.0314652
0.0354396
0.026013
0.0152592
0.0349064
0.0254995
0.00437195
0.00814305
0.0134218
0.00561229
0.00474556
0.00763424
0.00493792
0.00871365
0.00440982
0.00515446
0.00619669
0.00609032
0.00451647
0.00478995
0.00464519
0.00493975
0.0125075
0.0189591
0.0069562
0.0247464
0.0180971
0.0130656
0.0195519
0.0139476
0.00899151
0.0171805
0.00567186
0.00705578
0.00940174
0.0105663
0.005364
0.00612817
0.142471
0.118019
0.122633
0.120358
0.123387
0.131363
0.118777
0.144182
0.136194
0.168668
0.185675
0.242703
0.202819
0.209516
0.232288
0.207977
0.114949
0.159708
0.1365
0.160889
0.166253
0.152986
0.142862
0.14176
0.20923
0.363735
0.256148
0.508909
0.43998
0.388499
0.393941
0.349352
0.150485
0.144908
0.165655
0.29981
0.163027
0.152028
0.170928
0.163402
0.152908
0.281277
0.194253
0.136769
0.16343
0.242971
0.154198
0.20783
0.123768
0.177584
0.320163
0.206152
0.140264
0.177074
0.245475
0.32244
0.132327
0.192837
0.280078
0.184038
0.191528
0.218053
0.204377
0.232608
0.275879
0.231942
0.223487
0.14227
0.300948
0.326272
0.237712
0.28574
0.195638
0.0367312
0.430422
0.0918474
0.177297
0.0794984
0.173318
0.158926
0.182322
0.93244
1.15622
0.350771
0.251082
0.495807
0.315723
0.410833
0.0986857
0.0905478
0.146566
0.0703447
0.111762
0.118915
0.0770089
0.102893
0.210787
0.166572
0.145138
0.15256
0.150388
0.159081
0.159949
0.171725
0.219403
0.139276
0.402337
0.206062
0.150187
0.152773
0.215508
0.246617
0.134986
0.107838
0.143313
0.141279
0.128912
0.128069
0.135531
0.127059
0.163325
0.227803
0.154069
0.36506
0.211306
0.171412
0.344188
0.36682
0.119652
0.0611989
0.0477614
0.0657976
0.0825227
0.0652451
0.0705146
0.0558286
0.045623
0.0401871
0.0353926
0.0388163
0.0436792
0.0387787
0.0399587
0.036935
0.0372279
0.0313563
0.0347763
0.0415822
0.0370763
0.0333146
0.0407712
0.0347904
0.0507512
0.0354593
0.0422663
0.0316982
0.0408421
0.0377209
0.0385315
0.0348384
0.050986
0.0445468
0.0556705
0.0392802
0.0462887
0.0468891
0.04331
0.0477739
0.0426731
0.0355178
0.0305414
0.0371229
0.0373013
0.0343672
0.0319814
0.0311405
0.0424426
0.0551881
0.0360335
0.0431255
0.040984
0.0417484
0.040124
0.0368305
0.0364286
0.0382617
0.0334272
0.0311846
0.0347491
0.0363175
0.0311205
0.0320132
0.00443928
0.00443302
0.00492782
0.0077288
0.00517238
0.00515302
0.00636383
0.00565972
0.00432679
0.00453171
0.00501526
0.00819305
0.00530904
0.00478766
0.00648284
0.00548633
0.00521962
0.00609544
0.00600435
0.00818416
0.00569337
0.00598519
0.00603788
0.00638094
0.0138927
0.0154366
0.01606
0.0225562
0.016957
0.0170229
0.0212013
0.0213599
0.00520834
0.00520706
0.00962316
0.0105091
0.00670301
0.00627858
0.00822325
0.00844943
0.00479563
0.00902873
0.00540713
0.00504675
0.00589128
0.00695562
0.00542545
0.0067411
0.00546928
0.012341
0.0134294
0.0100922
0.00704839
0.0102787
0.00905139
0.0125051
0.00520101
0.00876049
0.0110614
0.00578942
0.00580051
0.0072534
0.00691768
0.00940982
0.00389494
0.00391184
0.00385668
0.00496163
0.004126
0.00389586
0.00435525
0.00413476
0.00402081
0.00392586
0.00383255
0.00443216
0.00417365
0.00394467
0.00417641
0.00400424
0.00385854
0.00382225
0.00383886
0.00435064
0.00390296
0.00382206
0.00402754
0.00395478
0.0073644
0.0051838
0.00524092
0.00750609
0.00665555
0.00564363
0.00639699
0.00558672
0.0042239
0.00394532
0.00565734
0.0050178
0.0043083
0.00441157
0.00489013
0.00495198
0.00396193
0.00457347
0.00383265
0.00383412
0.00408081
0.0042043
0.00384364
0.00392359
0.00410387
0.0059106
0.00486027
0.00474516
0.00441995
0.0052518
0.00445594
0.00509176
0.00401984
0.00456264
0.00452188
0.003938
0.00406453
0.00425499
0.00402103
0.0042259
0.0756437
0.339543
0.117331
0.128902
0.108501
0.165963
0.106459
0.121456
0.204822
0.0287908
0.173671
0.067649
0.178503
0.162044
0.148493
0.168293
0.117483
0.183408
0.204517
0.104434
0.105389
0.133031
0.0960911
0.134609
0.100875
0.0661295
0.103055
0.0536645
0.0967728
0.119735
0.0925362
0.11071
0.25887
0.139151
0.149602
0.139483
0.213507
0.158353
0.190537
0.140315
0.237612
0.140758
0.155093
0.151621
0.207158
0.139355
0.192199
0.138966
0.108047
0.105593
0.1277
0.097334
0.100377
0.108234
0.103517
0.111
0.120445
0.101621
0.139291
0.158508
0.111036
0.111523
0.134677
0.141841
0.00611383
0.0122817
0.0109032
0.0178282
0.00833829
0.0102199
0.00879754
0.0144764
0.03291
1.01707
0.027
1.33205
0.122804
0.13414
0.0889486
0.0995944
0.0268072
0.0574903
0.0620258
0.223402
0.0497129
0.0335191
0.0752977
0.0955062
0.327339
1.28795
0.131992
1.1114
0.388284
0.24754
0.3175
0.330471
0.0158486
0.0181308
0.0465977
0.100882
0.0163307
0.0161951
0.0349166
0.024727
0.0138396
0.133236
0.0185874
0.0151748
0.0168886
0.0186496
0.0186552
0.0196095
0.0197822
0.045275
0.107867
0.0542267
0.0320234
0.0538431
0.0551437
0.053355
0.0409425
0.128813
0.098571
0.0513367
0.041215
0.0614031
0.0380715
0.0593562
0.0124001
0.0224546
0.0106448
0.0180209
0.0171893
0.0164546
0.0154708
0.0153183
0.0116025
0.00470262
0.00491676
0.00868027
0.00714697
0.00543918
0.00820947
0.00646428
0.00912543
0.00544802
0.00540198
0.00970754
0.00762229
0.00597227
0.00762643
0.00676206
0.0177798
0.016807
0.0143037
0.0280493
0.0234895
0.0196451
0.023337
0.0204636
0.0147645
0.0104699
0.0142651
0.0155948
0.0150058
0.0118302
0.0157021
0.0130245
0.0119897
0.0117037
0.00558957
0.00971652
0.0148847
0.010242
0.00943351
0.00793919
0.0115922
0.0148885
0.0168198
0.0122283
0.0144584
0.0141275
0.012467
0.0155514
0.0108816
0.0112778
0.0142441
0.00659487
0.00953851
0.0116906
0.00873718
0.0108775
0.305115
0.292617
0.0533783
0.272392
0.252197
0.176709
0.23416
0.0899739
0.323538
0.305461
0.0521597
0.0922473
0.190839
0.142561
0.0829869
0.0529752
0.0454294
0.0356719
0.0388787
0.0393979
0.0387233
0.0306144
0.0422567
0.0297092
0.196616
0.0682201
0.0570557
0.0597247
0.103761
0.0596431
0.0677627
0.0450438
0.230455
0.0524969
0.197085
0.129095
0.18364
0.0852927
0.215046
0.0907923
0.197364
0.0741328
0.0285667
0.0422179
0.0987814
0.0677426
0.0418906
0.0328328
0.0553086
0.168851
0.0623901
0.0614964
0.0566842
0.0592738
0.0555946
0.0562531
0.0404533
0.0395532
0.0412508
0.0257735
0.0369698
0.0401316
0.0309222
0.0315068
0.00486036
0.00620905
0.00499243
0.00761758
0.00602067
0.005355
0.00656857
0.00609158
0.00748846
0.00927745
0.0124859
0.012382
0.00846317
0.0098066
0.0107168
0.0127492
0.00490041
0.00867789
0.00532453
0.00750644
0.00675231
0.00634287
0.00656233
0.00687545
0.0111216
0.0149264
0.0104679
0.0152485
0.0128892
0.0125934
0.0133971
0.0137854
0.00777903
0.00624564
0.00966859
0.00992601
0.00797847
0.00664423
0.0096146
0.00849827
0.0071552
0.0103039
0.00924585
0.00555445
0.00788555
0.00893519
0.00685584
0.00948461
0.00636053
0.00987591
0.0125569
0.00892322
0.00707537
0.00939075
0.00841298
0.00984813
0.00612609
0.00948256
0.0141567
0.0115652
0.00712702
0.00849269
0.0106126
0.0118772
0.033705
0.0506896
0.0546032
0.0688858
0.0556025
0.0548983
0.0647495
0.0588391
0.0592146
0.0791154
0.0732403
0.0836096
0.0664132
0.0672456
0.0705851
0.0664345
0.059144
0.0680513
0.0563658
0.0615838
0.0579376
0.0612484
0.056925
0.0552606
0.102517
0.10504
0.0767466
0.0722641
0.095046
0.0892219
0.0791985
0.0801796
0.0635298
0.060826
0.0834385
0.0903598
0.0675012
0.0669325
0.0756514
0.078911
0.0635165
0.0836833
0.069324
0.062443
0.062708
0.0697121
0.0704767
0.066074
0.0635415
0.0913703
0.0900947
0.0691956
0.0722413
0.0833289
0.073831
0.0814615
0.0598258
0.0658678
0.0845317
0.0639594
0.0605903
0.0684988
0.0668661
0.0775907
0.00450583
0.00440473
0.0073102
0.00874329
0.00510744
0.00507806
0.00603708
0.00599214
0.00433959
0.00431584
0.00491551
0.00583479
0.00458463
0.00453584
0.0051684
0.00504036
0.0166106
0.00664725
0.0440092
0.139987
0.019335
0.0100772
0.058272
0.0342262
0.114792
0.0303442
0.360278
0.624833
0.126615
0.0647
0.538099
0.248042
0.0047149
0.00839651
0.0109588
0.00775287
0.00565428
0.00653041
0.00691361
0.009166
0.00464522
0.00654238
0.00524238
0.00647655
0.00529536
0.00560784
0.00519474
0.00565116
0.0165761
0.0467929
0.018225
0.169971
0.0433908
0.0276196
0.0521285
0.0331011
0.0120279
0.106119
0.0106103
0.00675927
0.0147897
0.0283021
0.00943865
0.0154217
0.307346
0.23661
0.257342
0.461917
0.355137
0.332987
0.434001
0.384231
0.156813
0.138885
0.113563
0.0931527
0.138636
0.136615
0.112138
0.120231
0.300589
0.195288
0.311113
0.348025
0.312823
0.301779
0.427936
0.371433
0.148526
0.0727975
0.23247
0.0381636
0.0604576
0.0714593
0.0556497
0.0639853
0.126637
0.3111
0.175279
0.0880936
0.127292
0.170468
0.123444
0.161023
0.118578
0.0915487
0.123753
0.296269
0.117081
0.0938375
0.174622
0.11987
0.352333
0.195414
0.0852641
0.340785
0.273981
0.174173
0.206993
0.0849632
0.339645
0.292765
0.0871345
0.135274
0.198084
0.211291
0.148303
0.133701
0.339091
0.171712
0.282163
0.250629
0.366344
0.230177
0.438476
0.201822
0.0963853
0.084853
0.0638103
0.0499393
0.0767266
0.081463
0.0568056
0.0579685
0.0822558
0.0521015
0.0246296
0.0256597
0.0543146
0.0444495
0.0311184
0.0315489
0.0908867
0.0387989
0.0266216
0.0288558
0.0552882
0.0382997
0.0362247
0.0287958
0.121331
0.146131
0.16527
0.0569185
0.107251
0.123091
0.0704544
0.0902038
0.100221
0.0526936
0.0654904
0.114969
0.0793004
0.0611131
0.0920235
0.0739009
0.100501
0.126813
0.0450821
0.0321179
0.0679664
0.0565133
0.0514209
0.049098
0.0889046
0.0331478
0.0488067
0.0496426
0.0652374
0.0487554
0.0652275
0.0505079
0.955366
0.79325
0.43851
0.295559
0.627454
0.906381
0.439932
0.479868
0.212746
0.0231834
0.0484032
0.0495228
0.096556
0.0290924
0.0576837
0.0344553
0.226711
0.086932
0.277586
0.378168
0.226926
0.119101
0.402974
0.205893
0.126458
0.0576041
0.141889
0.0577952
0.0911317
0.0735086
0.0708324
0.0643813
0.427565
0.281883
0.208636
0.112967
0.275422
0.248048
0.194254
0.181858
0.262403
0.0594985
0.0576314
0.164797
0.137181
0.0678567
0.131183
0.0774024
0.232796
0.164041
0.0720443
0.174665
0.171058
0.121187
0.148375
0.0849969
0.15284
0.200179
0.0524163
0.0637697
0.117762
0.121933
0.0822222
0.0791061
0.104789
0.0944017
0.0695943
0.0863302
0.0959269
0.0787128
0.0985994
0.0660816
0.147921
0.233492
0.0962868
0.125688
0.142359
0.147105
0.111647
0.108501
0.0570651
0.063056
0.0336491
0.030482
0.0425026
0.0470587
0.0386564
0.0354455
0.0764306
0.0588128
0.031789
0.0451989
0.0753377
0.045796
0.0743908
0.0360471
0.0939695
0.0675663
0.0894624
0.0753218
0.0839713
0.0648873
0.0775129
0.0638376
0.110937
0.0714477
0.0859407
0.0669045
0.0880507
0.0801812
0.0762579
0.0765565
0.0700015
0.0916424
0.0637776
0.0499289
0.0575523
0.0582209
0.0498961
0.0531498
0.051303
0.0299871
0.0562547
0.0681651
0.0438985
0.0371382
0.0604892
0.0466558
0.0042548
0.00428304
0.00505169
0.0065535
0.00474267
0.00447015
0.00578425
0.00573798
0.00431049
0.00441195
0.00515938
0.00807832
0.00503488
0.00456982
0.00643462
0.00630971
0.00643153
0.00647017
0.0110113
0.0206724
0.00808127
0.00671484
0.0116431
0.0106645
0.0141847
0.0201124
0.0370834
0.0728469
0.0246633
0.0209701
0.0491555
0.0613185
0.00481399
0.00545431
0.00736203
0.00985394
0.00536194
0.00598531
0.00608257
0.00652103
0.00445242
0.00848704
0.00526392
0.00506354
0.00511794
0.00717258
0.00484143
0.00592014
0.00701599
0.0110727
0.0160494
0.0227951
0.00886384
0.0113545
0.0153365
0.0155648
0.00704144
0.0245365
0.0161198
0.00885967
0.0106372
0.013264
0.00882903
0.0119276
0.00449376
0.00404381
0.00383916
0.00678271
0.00516209
0.00387655
0.00530106
0.00403473
0.00390668
0.00418537
0.00408751
0.00528928
0.00424501
0.00385616
0.00444034
0.0043596
0.00383291
0.0040486
0.00405415
0.00456706
0.00395774
0.00384349
0.00411305
0.00425643
0.00942003
0.00793809
0.00515447
0.015745
0.0119744
0.00518788
0.0110578
0.00627069
0.00408909
0.0039408
0.00674807
0.0054833
0.00422403
0.00414902
0.0047838
0.00435647
0.00382898
0.00438783
0.00384449
0.00382704
0.00395132
0.00414963
0.00383435
0.00395681
0.00399756
0.00642475
0.00563979
0.00458034
0.00411205
0.00447524
0.00433828
0.0046819
0.00394394
0.00476531
0.00504167
0.00425254
0.00408388
0.00423609
0.00417383
0.0045953
1.18535
0.783124
0.515927
0.798865
1.38919
0.759739
1.25285
0.586709
0.276765
0.115034
0.262474
0.0576071
0.149279
0.150923
0.133418
0.200139
0.413017
0.476064
0.754053
0.358666
0.370313
0.673757
0.487553
0.755063
0.36215
0.0783809
0.145315
0.0634679
0.166931
0.124923
0.0894227
0.115026
0.610895
0.419149
0.633593
0.244894
0.63222
0.448011
0.447746
0.327522
0.377503
0.0870792
0.356347
0.417891
0.273903
0.130391
0.312052
0.206427
0.32523
0.511573
0.134964
0.208949
0.255574
0.187011
0.203609
0.137153
0.367231
0.266233
0.107431
0.401799
0.227493
0.204471
0.216697
0.131262
0.113575
0.0661395
0.0784028
0.0719186
0.079954
0.080983
0.0809612
0.0817643
0.0323494
0.0150305
0.0208985
0.019805
0.0183864
0.0174114
0.0195292
0.0180051
0.0726081
0.0417695
0.0950447
0.0298284
0.0496866
0.0509132
0.0429182
0.0512777
0.0440722
0.0243063
0.0252587
0.0221879
0.0295786
0.0274516
0.0291989
0.0280055
0.043149
0.0625045
0.0509805
0.0235072
0.0448267
0.0480326
0.0451376
0.0504509
0.0412459
0.0221621
0.0244206
0.0640816
0.0406651
0.0208415
0.0509186
0.0245497
0.0535062
0.052601
0.0249071
0.0308469
0.0464483
0.0541495
0.0292143
0.0278905
0.0640639
0.0278681
0.0228547
0.0242598
0.027613
0.0271244
0.0246892
0.0244921
0.103766
0.0663676
0.0502975
0.076871
0.0949359
0.0694715
0.0742669
0.0590465
0.0667152
0.0719349
0.0643849
0.0557051
0.068155
0.0671798
0.0595871
0.0659182
0.0428286
0.0508972
0.0438786
0.0495944
0.0448362
0.0446571
0.0469475
0.0504312
0.0470768
0.0419376
0.0497382
0.0330312
0.0416796
0.0457433
0.0358105
0.0494104
0.0621757
0.047392
0.0670549
0.0500877
0.0533789
0.0511947
0.0526118
0.0529087
0.0556276
0.0546778
0.0502506
0.0437294
0.0521272
0.0532058
0.0484918
0.0498035
0.0444711
0.0476366
0.0445281
0.0484974
0.0449552
0.0465925
0.0460047
0.0447815
0.0447957
0.0538374
0.0516284
0.0549548
0.0463661
0.0483534
0.0501695
0.052683
0.0570209
0.0747265
0.0527128
0.0508706
0.05527
0.0629758
0.0485037
0.0573519
0.118226
0.218888
0.0744265
0.113809
0.127366
0.129968
0.110563
0.0937798
0.034033
0.0337971
0.0256311
0.0336822
0.0331727
0.0281594
0.0310212
0.0272458
0.0441087
0.0777866
0.037506
0.0309739
0.0416379
0.0558182
0.0300521
0.0385947
0.0797215
0.0522299
0.04825
0.0839167
0.0801318
0.0623715
0.0793227
0.0613238
0.0880603
0.0795389
0.0507525
0.0453978
0.075674
0.0796342
0.0637757
0.0617327
0.0442676
0.041699
0.0732122
0.0346193
0.0460114
0.0515281
0.0455966
0.0570815
0.0378052
0.0343605
0.0566742
0.0390225
0.0390406
0.0401332
0.0456993
0.0483225
0.255231
0.156756
0.234968
0.209982
0.265243
0.227691
0.29586
0.233623
0.19375
0.422258
0.424763
0.28085
0.283103
0.382407
0.326063
0.286799
0.285082
0.825834
1.75741
1.36558
0.626019
0.78515
0.82723
0.929916
0.152129
0.155821
0.484718
0.056697
0.0769172
0.151212
0.088548
0.104165
0.120732
0.253182
0.181432
0.154546
0.131456
0.145486
0.133668
0.154977
0.149854
0.248497
0.483533
0.256396
0.169853
0.232646
0.234198
0.346391
0.26165
0.21188
0.189529
0.402074
0.242946
0.164388
0.285105
0.148487
0.292914
0.536801
0.179217
0.427499
0.376221
0.433991
0.457263
0.460805
0.00409384
0.00395139
0.00403415
0.00537706
0.0044977
0.00392815
0.00468341
0.00409112
0.00405216
0.0041804
0.00445472
0.00558049
0.00460574
0.00427615
0.00500034
0.00472268
0.00423127
0.00433739
0.00432128
0.00809159
0.00494936
0.00418525
0.00641299
0.00485215
0.00675784
0.00654369
0.0112013
0.00877163
0.00756865
0.00790335
0.0105584
0.0100062
0.00445645
0.00445838
0.00566906
0.00557116
0.00462305
0.0044219
0.00493895
0.0050204
0.00404429
0.0057179
0.00426405
0.0040906
0.00431087
0.00478375
0.00416308
0.00468384
0.00495572
0.00623696
0.00632095
0.00834841
0.00579966
0.00560235
0.00688868
0.00642689
0.00446712
0.00719928
0.00658525
0.00476716
0.00506642
0.00600966
0.00514976
0.00635142
0.0715041
0.0688542
0.0751183
0.0828927
0.0708131
0.0699558
0.075969
0.0689568
0.0559566
0.0472904
0.0414309
0.0581032
0.0500269
0.0463201
0.053111
0.0427873
0.0566555
0.0390417
0.0376626
0.0546735
0.0541057
0.0430258
0.0574473
0.0427192
0.0962898
0.0765864
0.0933252
0.0563505
0.0824591
0.0829088
0.0866975
0.0860004
0.06216
0.0798282
0.0851089
0.0721819
0.0666078
0.0721119
0.0701642
0.0787498
0.0557795
0.0628397
0.0436903
0.0588963
0.0520159
0.0535621
0.0527914
0.0510787
0.0871299
0.0919114
0.0776962
0.100977
0.0973688
0.0853002
0.093066
0.0831751
0.0574801
0.0672595
0.0634494
0.0430979
0.0572666
0.0685599
0.0554514
0.0626817
0.166326
0.07508
0.108495
0.0847327
0.0801934
0.0732278
0.0904018
0.0773315
0.0898996
0.0382792
0.0368966
0.0920816
0.0904147
0.0471113
0.0811574
0.0395857
0.132217
0.0504175
0.150536
0.0676568
0.0867639
0.0767689
0.0952229
0.0835953
0.0941313
0.108721
0.069075
0.0647431
0.0850748
0.0870024
0.0719831
0.0722592
0.0775437
0.0853779
0.0716596
0.112859
0.0896059
0.0755717
0.101499
0.0784141
0.0711246
0.0809799
0.0473233
0.0778883
0.0706534
0.0748993
0.0643582
0.0639482
0.084046
0.0887673
0.0989972
0.0662199
0.0782187
0.0789563
0.0732488
0.084988
0.0775785
0.0635688
0.0704033
0.0530507
0.0590696
0.0628034
0.0614997
0.066958
0.00536218
0.00582549
0.0149747
0.0333646
0.00739838
0.00929651
0.0114073
0.0152507
0.00661986
0.00813368
0.104277
0.0681652
0.0136345
0.0169779
0.0454955
0.0393613
0.0882677
1.2738
2.44032
1.92613
0.335607
0.628458
1.4183
1.49665
0.605139
0.522517
1.61967
0.86992
0.796259
0.518921
1.02404
0.998956
0.00974954
0.0327664
0.148126
0.33461
0.044109
0.0262817
0.180865
0.198401
0.0157265
0.194346
0.235404
0.0515337
0.0468375
0.0665333
0.0428738
0.147013
0.0541247
0.272453
0.488402
1.16436
0.17604
0.393493
0.332047
0.380839
0.0920755
1.25749
0.495491
0.656741
0.277229
0.599529
0.751404
1.47684
0.0831491
0.0992287
0.0849088
0.109272
0.088889
0.0891329
0.100195
0.0865753
0.0683743
0.0252659
0.0446931
0.0577126
0.0544986
0.0326027
0.0544396
0.0455319
0.0597172
0.0481978
0.0506642
0.0683033
0.0611492
0.0478762
0.0623561
0.0487157
0.127219
0.0960928
0.080761
0.0633936
0.120698
0.101836
0.0903094
0.078636
0.100159
0.0876307
0.113918
0.116928
0.100615
0.0957733
0.114367
0.104521
0.0659943
0.0724058
0.0437318
0.0570659
0.0617257
0.0587176
0.0582741
0.0548818
0.0890264
0.117928
0.103072
0.0823856
0.0938279
0.0940671
0.09252
0.0974791
0.0600419
0.0680463
0.0782003
0.0485677
0.0648759
0.0750684
0.0634121
0.0775122
0.034144
0.0175164
0.0139205
0.0289006
0.0215489
0.01653
0.0136748
0.0135752
0.0159625
0.0173812
0.0161562
0.0193786
0.0138766
0.0161799
0.0129427
0.0156125
0.013762
0.0149995
0.0131527
0.018938
0.0125005
0.0139674
0.0119099
0.0130456
0.0481285
0.0377856
0.034501
0.0318364
0.0467804
0.0374457
0.0404143
0.0364621
0.0142224
0.0128849
0.0245555
0.0224734
0.0124095
0.0126564
0.0236677
0.0222552
0.0150141
0.0188635
0.0151392
0.0141239
0.0141436
0.0125456
0.0149742
0.012393
0.0125048
0.0207435
0.022257
0.0208948
0.0202622
0.0216464
0.0214332
0.0214803
0.0132818
0.0191464
0.0181088
0.0144741
0.012178
0.0180204
0.0119835
0.0171634
0.131239
0.123618
0.0477937
0.0465943
0.0780541
0.089772
0.0482353
0.0512484
0.103977
0.157944
0.0657612
0.0706378
0.0747398
0.0833267
0.0723809
0.0694665
0.0342792
0.0531975
0.026625
0.0333375
0.042021
0.0368225
0.0311921
0.0291147
0.038655
0.083628
0.0382777
0.03959
0.0483166
0.0548733
0.0389254
0.0406346
0.0788347
0.0472999
0.046508
0.0704282
0.0674726
0.0506713
0.0629518
0.0511419
0.0848251
0.0696082
0.0591144
0.043564
0.0667951
0.0658173
0.0617817
0.0620651
0.0367758
0.0376425
0.0762377
0.0370579
0.0377356
0.0388275
0.0497476
0.0541524
0.035415
0.0354999
0.068653
0.0576858
0.0460903
0.0483006
0.0622816
0.0635669
0.0191033
0.0210265
0.0275247
0.0320316
0.0196469
0.0203844
0.021824
0.0210945
0.0218503
0.0224908
0.0266102
0.0328339
0.0213919
0.021993
0.0204482
0.0218673
0.0291961
0.0282462
0.0283114
0.0517398
0.028762
0.0284048
0.0290556
0.0273807
0.0316108
0.0513923
0.0719084
0.0430569
0.0359915
0.0521622
0.0378084
0.0565994
0.0207901
0.0281335
0.0314542
0.0336017
0.0202908
0.0207266
0.0319444
0.0310179
0.0213291
0.0336649
0.0264935
0.0282592
0.0205515
0.0210322
0.0284425
0.026935
0.0288562
0.0321827
0.0393247
0.0457844
0.0421934
0.0345245
0.0408372
0.0358673
0.0268681
0.0481028
0.0391892
0.0240313
0.025529
0.0409928
0.0238044
0.0406505
0.0270738
0.0278006
0.0304007
0.0517188
0.0267779
0.0273059
0.0284849
0.026942
0.0267562
0.026909
0.0265325
0.0417548
0.0253957
0.0264543
0.0243954
0.0277019
0.0283791
0.0249807
0.0208704
0.0841797
0.0264351
0.0258677
0.0265913
0.0268342
0.0649809
0.0697963
0.157451
0.0954149
0.0635454
0.0694141
0.0624531
0.138051
0.0262737
0.0299999
0.0484792
0.039247
0.0239836
0.0256023
0.0395586
0.043871
0.0263496
0.0440358
0.0268425
0.0296321
0.0237387
0.0237158
0.0294631
0.0272141
0.0302002
0.0528979
0.0513272
0.0657017
0.057749
0.0514267
0.0539119
0.0505739
0.0273324
0.0806289
0.0664576
0.0256181
0.0253669
0.0523679
0.0237361
0.0542597
0.0298875
0.0266348
0.037011
0.0877109
0.0299929
0.0284634
0.0381295
0.0366641
0.0243662
0.0210055
0.037873
0.0517155
0.0235881
0.0224195
0.0488937
0.0456704
0.0375834
0.0400547
0.0381421
0.10748
0.0393096
0.0388552
0.0415285
0.0427572
0.120664
0.0627451
0.182246
0.0886772
0.0782809
0.0691931
0.105996
0.0992074
0.026226
0.0379065
0.0616293
0.0631644
0.0411686
0.0386416
0.059227
0.0584959
0.0253859
0.0647039
0.0378692
0.0388606
0.043784
0.04703
0.0394791
0.0394481
0.0374764
0.0776529
0.0780287
0.0841757
0.066292
0.0760842
0.0667769
0.0771499
0.0374115
0.0851819
0.07085
0.0465867
0.0392337
0.0597964
0.0417359
0.0634362
0.00454232
0.00438678
0.00383632
0.0753289
0.00576724
0.00411519
0.0160786
0.00517826
0.00437366
0.00415941
0.00388292
0.00586111
0.00482699
0.00408659
0.00463268
0.00420321
0.00403252
0.00384896
0.00417458
0.00620294
0.00403515
0.00385992
0.00485467
0.00444855
1.17224
0.0495459
0.0185575
1.72865
0.714371
0.0878001
0.370535
0.0579256
0.00516596
0.00419388
0.10483
0.00731039
0.00508443
0.00518064
0.0134561
0.015792
0.0041272
0.00513736
0.00389517
0.00389865
0.00427821
0.00448163
0.0039057
0.00412071
0.00546932
0.174368
0.00629062
0.010738
0.00878091
0.027155
0.00579619
0.0125412
0.00446364
0.00715009
0.00479191
0.00403783
0.00437256
0.00490848
0.00425905
0.00454301
0.00414233
0.00422435
0.00419965
0.014704
0.00465194
0.00410037
0.0058468
0.00510513
0.0045404
0.00435608
0.00390338
0.00834992
0.00483415
0.00423589
0.00525398
0.00468766
0.00423682
0.00394172
0.0041396
0.00691382
0.00422539
0.00393957
0.00505439
0.00455493
0.201868
0.0141572
0.0148515
0.108813
0.0717458
0.0183894
0.0514014
0.022367
0.00489394
0.00419897
0.0133095
0.00927256
0.00484257
0.0053002
0.00757705
0.00763024
0.00423013
0.00726373
0.00388635
0.00390586
0.00436641
0.00477155
0.00392469
0.00405078
0.00518204
0.0269837
0.00913123
0.00806542
0.0106719
0.0142971
0.00631126
0.0101552
0.00470844
0.00611265
0.00761439
0.00423229
0.00457781
0.00525897
0.00442932
0.00508542
0.00432627
0.00586217
0.00458517
0.00629356
0.00497778
0.00507038
0.00562694
0.0050431
0.0417304
1.61841
0.929281
0.668952
0.513943
0.872447
0.679648
1.00897
0.00462558
0.0653827
0.00649325
0.0262911
0.00793937
0.0087404
0.00795794
0.00795167
0.0185071
0.508226
0.193107
0.492544
0.0867629
0.101393
0.329513
0.297566
0.00769529
0.00559487
0.00722188
0.132832
0.0113454
0.00579274
0.0117442
0.00656881
0.00942015
0.211717
0.188356
0.00571328
0.0208102
0.120867
0.0135449
0.124693
0.00582546
0.0125336
0.38258
0.0496586
0.00752183
0.0114075
0.0337456
0.0496008
0.00540205
0.0487223
0.457462
0.110669
0.0103061
0.0405635
0.0838399
0.335232
0.0164726
0.0177451
0.0168578
0.0274102
0.0160131
0.0169367
0.0153517
0.0149167
0.0185168
0.019683
0.0190199
0.0275628
0.0177237
0.0187105
0.0180963
0.0182317
0.0164466
0.0175487
0.0151452
0.0223539
0.0164532
0.0169667
0.0154598
0.0155303
0.037846
0.0457987
0.0294189
0.0276763
0.038299
0.0469691
0.0359448
0.0385069
0.0168031
0.0163452
0.0259892
0.0214258
0.0140348
0.0142041
0.0219329
0.0242839
0.0176912
0.0301172
0.0181363
0.0172345
0.0140415
0.0140833
0.0180078
0.0175881
0.0157218
0.0293212
0.0343404
0.0273733
0.0268663
0.0278868
0.0270574
0.0276596
0.0155123
0.0276887
0.0344361
0.0152667
0.0152524
0.026466
0.0149921
0.0321705
0.0445724
0.0510789
0.0477717
0.0439946
0.0511147
0.0560346
0.042612
0.0582514
0.0356347
0.0239266
0.0407795
0.0337055
0.0294528
0.0270776
0.0313668
0.0282478
0.0494306
0.0604714
0.0671946
0.0503038
0.0670983
0.0649859
0.0482556
0.0612656
0.0569376
0.0450093
0.0690305
0.0518755
0.0510927
0.0492032
0.0541334
0.0522475
0.0429181
0.0679207
0.0496739
0.0397769
0.0436702
0.0455259
0.0441343
0.0475213
0.0410658
0.0366751
0.0464327
0.0709215
0.0410105
0.0331809
0.0598744
0.0469802
0.0468268
0.0517861
0.0424029
0.0602489
0.048641
0.0499016
0.0575779
0.0454298
0.0725778
0.0561608
0.0385912
0.0471639
0.0516254
0.0549588
0.0487933
0.0517454
0.00451536
0.00461465
0.0074881
0.00406521
0.0045463
0.00521268
0.00502754
0.00558865
0.00432451
0.00421161
0.00793165
0.00432965
0.00419048
0.00492387
0.00520649
0.00638939
0.00887648
0.012774
0.0117074
0.00718853
0.00916213
0.0116954
0.00957676
0.0127715
0.00396202
0.00430713
0.0059767
0.00428452
0.00409038
0.00459562
0.0048695
0.00551029
0.00431279
0.00622623
0.00411393
0.00422419
0.00479336
0.00491056
0.00424666
0.00442882
0.00494044
0.00488095
0.00844048
0.00734938
0.00537889
0.00554316
0.0067608
0.0067894
0.00623987
0.00438323
0.00492485
0.00633586
0.00486125
0.00449617
0.00538857
0.00478459
0.00723316
0.00712992
0.00577372
0.00960347
0.00658721
0.00587804
0.00776839
0.00667177
0.00391049
0.00386959
0.00449485
0.00389562
0.00386186
0.00407018
0.00414888
0.00421979
0.00394246
0.00398833
0.00459404
0.00395484
0.00396219
0.0043496
0.00425171
0.00440526
0.00575808
0.0050129
0.00587895
0.00552719
0.00545149
0.00543692
0.00582093
0.00540003
0.00389149
0.0039365
0.00521012
0.00417704
0.00384671
0.00431377
0.00465157
0.00476401
0.0038631
0.00437282
0.00383966
0.00385872
0.00403711
0.00419039
0.00385795
0.0040686
0.00417699
0.00423627
0.00482187
0.00475538
0.00433183
0.00434856
0.00459117
0.00456643
0.00510451
0.00412283
0.00420854
0.00565353
0.0048059
0.0044103
0.0047175
0.00442603
0.00533471
0.00544609
0.00431681
0.00486634
0.00513974
0.00506793
0.00483807
0.00453251
0.0160617
0.0162053
0.0154975
0.0258414
0.0142495
0.0155893
0.0140697
0.0149179
0.0179525
0.0246938
0.0222209
0.0323929
0.0198718
0.0227652
0.0187167
0.0222627
0.0162108
0.0200862
0.0174063
0.0224328
0.0161205
0.0187366
0.0156858
0.0178784
0.0646509
0.0531307
0.0356025
0.117389
0.0563404
0.047791
0.0514288
0.040125
0.014479
0.0144684
0.020383
0.0270277
0.0138784
0.0139306
0.018949
0.0180326
0.016968
0.028664
0.0206518
0.0165381
0.0162722
0.0153995
0.0171971
0.0158455
0.0145802
0.0195472
0.024817
0.0211996
0.0176702
0.017999
0.0210872
0.0209005
0.0158057
0.0236596
0.0258007
0.0200916
0.0156109
0.0222916
0.0156083
0.0231175
0.0136576
0.0126499
0.015569
0.0175442
0.0129439
0.0134853
0.0158513
0.0149126
0.0119991
0.0111331
0.0138595
0.0293224
0.0117594
0.0120055
0.0146063
0.0135511
0.0183007
0.0151824
0.0208137
0.0384769
0.0182929
0.0185216
0.0212764
0.0198429
0.021428
0.0335723
0.0506786
0.0317122
0.0221787
0.0246033
0.0306659
0.032191
0.0121073
0.0155914
0.018036
0.0195046
0.0138472
0.0156671
0.0190582
0.0175763
0.0125325
0.0228808
0.0142036
0.0159299
0.0131652
0.0139399
0.0141835
0.0138789
0.0191206
0.0241362
0.0220199
0.0317603
0.0260972
0.0214412
0.0247167
0.0220953
0.0176899
0.0314322
0.0249842
0.014466
0.0177509
0.0276409
0.0146158
0.038868
0.0190465
0.0165065
0.0174621
0.04919
0.0176276
0.0171295
0.0198687
0.0167127
0.0146749
0.0142686
0.0178143
0.022797
0.0135671
0.0152535
0.0156096
0.0160818
0.0183072
0.020951
0.0256365
0.0627484
0.018503
0.0215182
0.0237896
0.0236599
0.036687
0.0287304
0.0785956
0.0341754
0.0323088
0.0357498
0.0406445
0.0467681
0.0156069
0.0166503
0.0425549
0.0288656
0.0160283
0.0166287
0.0299981
0.0299149
0.015493
0.028084
0.0186188
0.0174181
0.0154964
0.0162078
0.0166447
0.0164785
0.0187517
0.0402788
0.0327994
0.0408503
0.0318756
0.0304204
0.0327965
0.0327577
0.0171798
0.0421028
0.0315416
0.0191895
0.0181739
0.033935
0.0179295
0.0343753
0.00398143
0.00388835
0.00391062
0.00594292
0.00427087
0.00386319
0.0046531
0.00414236
0.00387467
0.00389467
0.00386041
0.00435799
0.00404988
0.00386937
0.00414631
0.00403173
0.00390237
0.00386822
0.00391129
0.00489536
0.00412538
0.00387862
0.00451302
0.00412137
0.0113256
0.00578173
0.00731075
0.0203255
0.0125661
0.00585315
0.0138459
0.00782643
0.00407099
0.00413164
0.00681641
0.00492259
0.00421741
0.00429655
0.00451444
0.00443032
0.00385119
0.00422758
0.00386482
0.00385598
0.00401241
0.00410766
0.0038579
0.004021
0.00456039
0.00906135
0.00513869
0.00616994
0.00500085
0.00511485
0.00535521
0.00540285
0.00411156
0.00518573
0.00452178
0.00402459
0.00424394
0.00438466
0.00418724
0.00434774
0.00481313
0.0139412
0.00445176
0.00896332
0.00627343
0.00692678
0.00660303
0.00673707
0.109762
0.0996392
0.0125164
0.0758868
0.135506
0.0732249
0.0936114
0.0208538
0.00441626
0.00674303
0.00429311
0.00618909
0.00493187
0.00534821
0.00525531
0.0049751
0.0194117
0.0261896
0.0117427
0.042324
0.0257777
0.0120388
0.0284376
0.0135333
0.0195553
0.00495428
0.0123044
0.0246367
0.0184681
0.00703701
0.0199185
0.00872346
0.035567
0.0250732
0.00882502
0.00563448
0.0209348
0.0202506
0.00962499
0.0116245
0.00538107
0.0135084
0.025161
0.00996135
0.00742271
0.00935269
0.00827621
0.0101908
0.00532805
0.00697949
0.0155761
0.00744969
0.00543164
0.0060012
0.00701848
0.00725328
0.00405369
0.00405047
0.00383904
0.00473647
0.00432689
0.00389933
0.00430214
0.0040443
0.00405984
0.00406733
0.00387291
0.00467963
0.0042656
0.00384363
0.00429456
0.00403222
0.0038392
0.00388979
0.0039903
0.00463926
0.00398342
0.00385156
0.00428099
0.00426505
0.00550337
0.00539839
0.00561009
0.00902627
0.00592882
0.00478366
0.00673814
0.00563729
0.00423822
0.00397256
0.00487413
0.00479009
0.00419757
0.00406942
0.00453304
0.00424371
0.00385461
0.0042295
0.00383797
0.00384526
0.00399138
0.0040047
0.00384489
0.00396758
0.00413171
0.00477341
0.00480902
0.00489674
0.00431071
0.00447081
0.00435161
0.00448123
0.00399073
0.00468844
0.00442161
0.00405242
0.00406171
0.00417356
0.00408596
0.00425095
0.0164455
0.0181325
0.0189576
0.0338019
0.0163937
0.017306
0.024479
0.0221208
0.0187307
0.0205714
0.0225964
0.0503358
0.0179263
0.019163
0.0197929
0.0231305
0.020742
0.0263436
0.0449059
0.191521
0.0210157
0.0238237
0.0427892
0.0456924
0.0301319
0.0563901
0.251028
0.024935
0.0312283
0.03976
0.0358295
0.0685535
0.0172334
0.0185044
0.0327523
0.0266318
0.0193808
0.0210327
0.0270101
0.0302211
0.0179626
0.0330409
0.0208518
0.0190313
0.0184849
0.0181377
0.019531
0.0191665
0.0242194
0.0409602
0.041974
0.0554107
0.0358351
0.0382603
0.0367696
0.0380542
0.0223916
0.0789085
0.0708977
0.0257196
0.0219684
0.0394874
0.0210929
0.0454708
0.0110367
0.00524698
0.0048709
0.00618972
0.0064401
0.00549581
0.00576849
0.00505061
0.00461507
0.00391238
0.0039295
0.0038931
0.00430377
0.00407678
0.00419644
0.00397144
0.00448358
0.00393773
0.00396487
0.00394864
0.00440226
0.00413717
0.00436518
0.00400857
0.004798
0.00389592
0.00399291
0.00409331
0.00424829
0.00402846
0.00424696
0.00400775
0.00482376
0.00462871
0.00487376
0.00415516
0.00461173
0.00472616
0.00436317
0.00446671
0.00464799
0.00401506
0.00409946
0.0044026
0.00437078
0.0042053
0.00436054
0.0042207
0.00448407
0.00462281
0.00410705
0.00418443
0.00430214
0.00432988
0.00417236
0.00415997
0.00437519
0.00397818
0.00392863
0.00398147
0.00421356
0.00403193
0.00418375
0.0038972
0.0516006
0.12528
0.0886235
0.0653062
0.05631
0.0756146
0.0581297
0.087556
0.308398
0.749795
0.747518
0.666339
0.45162
0.771486
0.59612
0.878515
0.216384
0.731231
0.874084
0.665569
0.400663
0.605396
0.5348
0.723881
0.114033
0.569686
0.544084
0.23843
0.186512
0.341206
0.217661
0.340715
0.174661
0.123446
0.0910304
0.351264
0.199702
0.128269
0.235714
0.141771
0.244874
0.633559
0.640595
0.167569
0.321771
0.511882
0.326692
0.499929
0.136037
0.0976123
0.469695
0.417417
0.171485
0.179973
0.306321
0.296391
0.217932
0.517085
0.72937
0.695305
0.378805
0.449092
0.658184
0.814099
0.0410743
0.0384838
0.0870275
0.0586791
0.0405601
0.0412182
0.0767961
0.066638
0.0359356
0.0371016
0.064544
0.0572385
0.034688
0.036872
0.047721
0.0536544
0.0846381
0.0726557
0.0871958
0.266691
0.0813617
0.0755894
0.108177
0.10124
0.0525217
0.0774768
0.252446
0.0782462
0.0525996
0.0562061
0.0620772
0.103754
0.0370754
0.0814823
0.0551978
0.046725
0.0553723
0.0622321
0.0492253
0.0531641
0.0373303
0.0471742
0.0665915
0.077635
0.0515653
0.0510774
0.0733641
0.0691381
0.0967771
0.0674643
0.0569351
0.0981502
0.0838233
0.0620908
0.0778658
0.0603256
0.0865385
0.117117
0.076694
0.0728576
0.0799228
0.0777961
0.0724599
0.0795462
0.0396237
0.0379348
0.0311322
0.020129
0.0328346
0.0344675
0.0259674
0.0278136
0.0670712
0.214141
0.0873496
0.0617265
0.0825523
0.114373
0.0724581
0.109574
0.0303918
0.0517203
0.0898044
0.0282942
0.0298165
0.0415058
0.0325761
0.0455881
0.0149422
0.0257511
0.0156783
0.0111242
0.0154985
0.0173459
0.0125543
0.0145752
0.0368054
0.0244742
0.0187639
0.0324893
0.0321034
0.0228332
0.0285901
0.0207667
0.0459565
0.0441126
0.0435621
0.0258166
0.0401251
0.0450256
0.0352463
0.0379201
0.0213381
0.0172562
0.0284356
0.0176899
0.0199528
0.0186714
0.0191025
0.0192938
0.0236145
0.0199176
0.0365062
0.0394855
0.0215685
0.0202254
0.0307365
0.0306801
0.0142976
0.0231468
0.0182357
0.0152872
0.0150166
0.0149263
0.0154156
0.0153078
0.0367075
0.0592757
0.0278939
0.0333215
0.0383382
0.0279702
0.0318012
0.0247667
0.0256286
0.0327482
0.0534611
0.0323313
0.0277516
0.0305026
0.0304219
0.0331399
0.01558
0.0195914
0.0254912
0.0139283
0.0148074
0.0140404
0.0141871
0.0135855
0.024103
0.0195556
0.0152263
0.0221287
0.0226865
0.0156463
0.0226404
0.0153655
0.0199713
0.0182576
0.0227553
0.0209362
0.0188959
0.0184881
0.0197434
0.0205449
0.0212889
0.015319
0.0187973
0.0244675
0.0216715
0.0147407
0.0225717
0.0146821
0.0226872
0.0256639
0.0175611
0.0242427
0.0238876
0.0242075
0.0220147
0.0226334
0.0429138
0.0533473
0.043357
0.058132
0.0435258
0.0434572
0.042282
0.0426817
0.0648491
0.0625197
0.0616633
0.264176
0.0687883
0.0600363
0.0741866
0.0668747
0.0517996
0.0705971
0.0531705
0.0641184
0.0572572
0.0606571
0.0580883
0.0623459
0.125143
0.333143
0.0477866
0.928423
0.108367
0.100302
0.0992611
0.078454
0.0544486
0.046783
0.0555227
0.0893745
0.0543974
0.0447295
0.0869395
0.0572863
0.0551033
0.0907357
0.0693278
0.0485094
0.057541
0.0623335
0.0587163
0.0640058
0.0494237
0.0509333
0.0838623
0.0571498
0.052536
0.0506861
0.0542036
0.0536159
0.0505019
0.0609354
0.0791797
0.0741028
0.0532575
0.0566316
0.0656336
0.0714059
0.0169571
0.0156922
0.0156198
0.0478689
0.0161216
0.0161551
0.0176099
0.0153657
0.0138266
0.0111591
0.0149421
0.0178024
0.0126717
0.0120182
0.014766
0.0149216
0.0164601
0.0168251
0.0182297
0.166737
0.016691
0.0168151
0.0228739
0.0219164
0.0519183
0.0219141
0.120252
0.0234015
0.0367658
0.0239496
0.0334059
0.0278955
0.0147249
0.0151621
0.0347385
0.0289212
0.0157401
0.0159341
0.032308
0.0336196
0.0144801
0.0212984
0.0155131
0.0160106
0.0145597
0.0146516
0.0155661
0.0150631
0.0163434
0.0311802
0.0266155
0.0454208
0.033675
0.0279066
0.0328354
0.0270259
0.0160968
0.0458816
0.0240359
0.0179185
0.0164449
0.031824
0.0163941
0.0288751
0.0340912
0.0444375
0.0536837
0.0506712
0.0464515
0.0501205
0.0519851
0.0554743
0.0397335
0.0292271
0.0416121
0.0435144
0.036689
0.0366986
0.0378698
0.037498
0.0609312
0.0631177
0.0625462
0.0730126
0.0694328
0.0725654
0.0651284
0.0704771
0.0648195
0.060961
0.080297
0.0799815
0.0620348
0.0602875
0.0677837
0.0664242
0.0434115
0.0595578
0.0515786
0.0498242
0.0471971
0.0522237
0.0525452
0.0518232
0.0429376
0.0483846
0.049182
0.0601477
0.0450233
0.042804
0.0508179
0.0502003
0.0636306
0.0580041
0.0499294
0.0671956
0.0684093
0.055476
0.0624169
0.052894
0.0667946
0.0652995
0.0485689
0.0577779
0.0631488
0.0607776
0.0574468
0.0538352
0.00440016
0.00437578
0.00425903
0.00706404
0.00504693
0.00430091
0.00576897
0.0049063
0.00439602
0.0042186
0.00396774
0.00518208
0.00454143
0.00421496
0.00462978
0.00434856
0.00405321
0.00388095
0.00395645
0.00489448
0.00413459
0.00392065
0.00449858
0.00417536
0.00899831
0.00570154
0.00582327
0.00746629
0.00797425
0.00654483
0.00781053
0.00622609
0.00466642
0.00450926
0.00688113
0.00564314
0.00481666
0.00496516
0.00577219
0.00591551
0.00426008
0.00514538
0.00399053
0.00412085
0.00445443
0.00443356
0.00412164
0.00418206
0.00484342
0.00705273
0.00528745
0.00586658
0.00542576
0.00601048
0.00504803
0.00539384
0.00439142
0.00520581
0.00484171
0.00411279
0.0042632
0.00477118
0.00424266
0.00454761
0.0267345
0.0235029
0.02062
0.0677215
0.0259184
0.0228876
0.0215976
0.0208064
0.0219875
0.0210568
0.017201
0.03613
0.0242829
0.0200333
0.0219321
0.0180766
0.017824
0.0148241
0.0109578
0.0165727
0.0165724
0.0140738
0.0151736
0.0124026
0.050445
0.0394331
0.0238244
0.0401115
0.0515734
0.0354814
0.0354437
0.0269189
0.022864
0.0194222
0.0633974
0.0481477
0.0202618
0.0198159
0.0415915
0.0390195
0.0211907
0.0346024
0.0164917
0.0191719
0.0196027
0.0181075
0.0197521
0.0169932
0.0185249
0.0362096
0.0332087
0.0224653
0.0268526
0.0319281
0.0243809
0.026968
0.0182301
0.0175194
0.0222342
0.0155307
0.0164791
0.0183102
0.0162582
0.0191462
0.00383898
0.00382709
0.00383799
0.00432003
0.00394001
0.00382675
0.00408152
0.00394542
0.00383862
0.00388206
0.00388106
0.00427277
0.00398515
0.00386185
0.00413838
0.00404117
0.00384984
0.00387738
0.00396722
0.0045385
0.00400491
0.0038613
0.00426939
0.00415601
0.00492597
0.00478969
0.00513747
0.00647602
0.00507169
0.00473836
0.00548163
0.00522114
0.0039262
0.0039557
0.00445604
0.00441774
0.00401848
0.00409735
0.00418942
0.00419106
0.00383417
0.00430297
0.00385736
0.00383707
0.00395242
0.00415227
0.00384126
0.00399073
0.00413672
0.00452843
0.00456604
0.00474476
0.00434967
0.00436436
0.00439489
0.00454694
0.00398092
0.00461175
0.00443734
0.00402989
0.00417226
0.00427698
0.00406209
0.00422281
0.0489335
0.0601242
0.040693
0.0364977
0.0433361
0.0444417
0.0363096
0.0380828
0.0775976
0.0858955
0.087182
0.082937
0.0849046
0.0864581
0.0802812
0.0845109
0.0400174
0.0630684
0.0371414
0.0512967
0.0443283
0.0461459
0.0446087
0.0470067
0.0405233
0.0637271
0.0496962
0.0358699
0.0464
0.0473332
0.0471946
0.0476778
0.0552119
0.0394875
0.0366552
0.0683638
0.050281
0.0367677
0.0493212
0.036935
0.0567327
0.0681448
0.0619435
0.0417774
0.0534228
0.0570627
0.055363
0.0602498
0.0366752
0.0379446
0.0728858
0.0534616
0.0404798
0.0402011
0.0488722
0.0458803
0.0390004
0.0554777
0.0780791
0.0674048
0.0426218
0.0514645
0.0638147
0.0827176
0.0170127
0.0195726
0.0217695
0.0428914
0.0171553
0.0183514
0.019253
0.018305
0.0207484
0.0219182
0.0228481
0.0298622
0.0196802
0.0208095
0.0176949
0.0205552
0.0234931
0.0230004
0.0270319
0.0787201
0.0223127
0.0230256
0.0219047
0.0250152
0.0471463
0.0524949
0.148601
0.0503508
0.0478339
0.0527763
0.0487816
0.0842187
0.0187581
0.022216
0.0400518
0.0304315
0.0164689
0.0174169
0.0316284
0.0357402
0.0196837
0.0320662
0.0224088
0.0228731
0.0163234
0.0166568
0.0235698
0.0218458
0.0219629
0.0411443
0.0399704
0.0567327
0.049546
0.0401017
0.0465623
0.0400114
0.0204637
0.067144
0.0441451
0.0209428
0.0193527
0.0427069
0.0182766
0.041944
0.0485584
0.0293938
0.0265658
0.0566219
0.0348651
0.0286093
0.0266184
0.0255427
0.0260849
0.0261163
0.0243893
0.0378506
0.02391
0.0251438
0.0221743
0.0244969
0.0246229
0.0219972
0.0176628
0.0217812
0.0223927
0.0208025
0.0209224
0.0188032
0.057689
0.0574549
0.0321463
0.0497334
0.0688607
0.0475006
0.0508479
0.0432933
0.0249976
0.0244771
0.0451241
0.0397564
0.0229642
0.0238335
0.0375911
0.033494
0.0253047
0.0328877
0.023312
0.02515
0.0244419
0.0223522
0.0259836
0.0224018
0.0237136
0.0321976
0.0355526
0.0319263
0.0284028
0.0310856
0.0316287
0.0314187
0.0241078
0.0280915
0.0347687
0.022375
0.0220581
0.0282961
0.0219155
0.02991
0.129975
0.141932
0.142633
0.165574
0.141822
0.136022
0.150955
0.15233
0.146648
0.135002
0.131396
0.19461
0.163784
0.137722
0.173262
0.146442
0.127948
0.126265
0.0911193
0.15961
0.135808
0.106475
0.13817
0.110135
0.282149
0.317591
0.297627
0.561711
0.367302
0.331576
0.470158
0.389116
0.163222
0.161844
0.202308
0.240265
0.182634
0.176406
0.205813
0.200401
0.145297
0.210089
0.13854
0.137176
0.158204
0.178991
0.13905
0.157287
0.182201
0.246604
0.273072
0.255145
0.207923
0.236485
0.232914
0.28041
0.149997
0.200063
0.237247
0.148672
0.165063
0.187092
0.175934
0.202534
0.0491969
0.0572227
0.0426464
0.0459614
0.0473439
0.0511257
0.0449038
0.0465663
0.08331
0.0766148
0.051015
0.0873269
0.0872942
0.0747666
0.0850022
0.0652566
0.0350978
0.0371528
0.0277327
0.0373025
0.0361235
0.0327569
0.03432
0.0337303
0.0393561
0.0665977
0.0377992
0.0247421
0.032958
0.046032
0.024572
0.0386132
0.0572664
0.0424446
0.0430242
0.0627265
0.0592531
0.0484568
0.0586364
0.0481231
0.0648929
0.0645996
0.0461743
0.0405175
0.0598817
0.0644553
0.0547499
0.0556965
0.0374889
0.0377567
0.0626246
0.0353188
0.0395138
0.0421741
0.0408374
0.0475445
0.0377214
0.040143
0.0584272
0.0423234
0.0414846
0.0422165
0.0505888
0.0536548
0.0038297
0.0038404
0.00385023
0.00443481
0.00398369
0.00384294
0.00413835
0.00401399
0.00384229
0.00388076
0.00386363
0.0043743
0.00403624
0.00387619
0.00418248
0.00407875
0.00386519
0.00388415
0.00389466
0.00532984
0.00408533
0.00388615
0.00446667
0.00423254
0.00546174
0.00606957
0.00750265
0.0111675
0.00641969
0.00580634
0.00881308
0.00858045
0.00397521
0.00404922
0.00458149
0.00474085
0.0041069
0.00419537
0.0043575
0.00431449
0.00384411
0.00445074
0.00386358
0.00386907
0.00402287
0.00421819
0.00387211
0.0040116
0.00426493
0.00491976
0.00526804
0.00592922
0.0045073
0.00470452
0.00463499
0.0050454
0.0040865
0.00575428
0.00507114
0.00410253
0.00422627
0.00443731
0.00415663
0.00455461
0.00385878
0.00387192
0.00382708
0.00435915
0.00399778
0.00384077
0.0041288
0.00395351
0.00387186
0.00386666
0.00383576
0.00436225
0.00401759
0.00385289
0.00414059
0.00396358
0.00382161
0.00382463
0.003857
0.00441791
0.00392627
0.00383202
0.0041399
0.00399934
0.00509639
0.0049546
0.00527339
0.00653305
0.00534096
0.00489754
0.00593463
0.00540795
0.00401555
0.00393216
0.00452946
0.0045084
0.00414279
0.00405325
0.00436667
0.00422956
0.00385102
0.00422808
0.00383066
0.00382977
0.00395184
0.00405206
0.00382595
0.00392596
0.00407642
0.00473956
0.00461975
0.00485921
0.00426522
0.00445065
0.00434355
0.00458786
0.00393521
0.0046505
0.00432454
0.00392313
0.00405367
0.00423027
0.0040378
0.00421052
0.0456721
0.047502
0.0533535
0.0510119
0.0453062
0.0455142
0.0440915
0.0436967
0.0502075
0.0701935
0.0699205
0.057302
0.045742
0.0487136
0.0461708
0.0468934
0.0609166
0.063906
0.104077
0.036749
0.0482405
0.0482474
0.0439805
0.0444392
0.0518061
0.0798024
0.0575986
0.342793
0.0556287
0.0568297
0.0710415
0.0654459
0.0420618
0.0444023
0.0469582
0.0414732
0.0396896
0.0405296
0.0421202
0.0443688
0.0441112
0.0444661
0.0517921
0.0431525
0.0410037
0.0395175
0.0504127
0.0442763
0.040711
0.0446537
0.0465652
0.0385357
0.0409449
0.0432005
0.0393226
0.0412429
0.0400318
0.0369691
0.0465816
0.0446586
0.0369886
0.0371132
0.0413685
0.0419221
0.137165
0.0731373
0.0651104
0.0726304
0.0964003
0.0800299
0.076396
0.0697899
0.0893876
0.156728
0.127011
0.11433
0.103857
0.124034
0.113344
0.127985
0.088371
0.128266
0.119596
0.125558
0.103923
0.11927
0.118729
0.134617
0.0593909
0.103332
0.112848
0.0648168
0.0628557
0.0892338
0.0674155
0.099901
0.0712542
0.0678462
0.0642535
0.0873071
0.0727973
0.0637406
0.0758904
0.0663654
0.0763429
0.107712
0.117577
0.0745651
0.0828331
0.0987822
0.0879568
0.106233
0.0742616
0.0598499
0.0978343
0.106203
0.0774644
0.0709929
0.090654
0.0842015
0.0875964
0.136994
0.116971
0.12568
0.106401
0.117311
0.122715
0.127986
0.00401289
0.00408276
0.00394261
0.00499792
0.00413481
0.00402214
0.00446749
0.00435726
0.00417821
0.00431301
0.00426226
0.00610419
0.00443653
0.00417484
0.00472833
0.0048504
0.00409608
0.00434697
0.00440737
0.00726378
0.00441228
0.00423726
0.00525466
0.00504549
0.00741778
0.00810614
0.0136623
0.0151937
0.00855587
0.00809059
0.010221
0.00953911
0.00422523
0.00410668
0.00525507
0.00595499
0.00442673
0.00439395
0.00524738
0.00499973
0.00408603
0.00568112
0.00416028
0.00397284
0.00445747
0.00470022
0.00403657
0.0043264
0.00443871
0.00611267
0.00708639
0.00943966
0.00530177
0.00612976
0.00662055
0.00708276
0.00445098
0.00959495
0.00728128
0.00496948
0.00479593
0.0062258
0.00481977
0.00693753
0.00388255
0.0038273
0.00382006
0.00435567
0.00401882
0.00382201
0.00412072
0.0039067
0.00382553
0.00384797
0.00384836
0.00426456
0.00392761
0.00383967
0.00407315
0.0039743
0.0038209
0.00385228
0.00385369
0.00428716
0.0039164
0.00382556
0.00408201
0.0039618
0.00477871
0.00482708
0.00465069
0.00575165
0.00502758
0.00450504
0.00529908
0.00484736
0.00392151
0.0039005
0.00452139
0.00429929
0.00402131
0.00400418
0.00419243
0.00413991
0.00382068
0.00415949
0.00383309
0.00381912
0.00389904
0.00400289
0.00382018
0.00391776
0.00396291
0.00448612
0.00454039
0.00439524
0.0040181
0.00417527
0.0041078
0.00428486
0.00390047
0.00441961
0.00440086
0.00396993
0.00399799
0.00413436
0.00407468
0.0042584
0.0503469
0.0844719
0.0667622
0.0864069
0.0670595
0.0688494
0.0723767
0.0781971
0.131339
0.207603
0.155217
0.210637
0.164762
0.171909
0.184187
0.194551
0.0774909
0.108984
0.105234
0.113182
0.0935278
0.0929203
0.100067
0.105395
0.159906
0.207739
0.147531
0.302127
0.220723
0.184309
0.245829
0.18317
0.107712
0.0840957
0.119551
0.166774
0.117694
0.103024
0.13278
0.11492
0.106854
0.167283
0.11289
0.0790115
0.117589
0.147384
0.100262
0.119307
0.0863083
0.131965
0.180927
0.129052
0.100316
0.128596
0.126065
0.162051
0.0854652
0.124868
0.184949
0.118754
0.105746
0.116619
0.123026
0.140698
0.0289984
0.0730742
0.0468569
0.106857
0.0669771
0.0682284
0.0691722
0.0647645
0.0632558
0.208174
0.119731
0.304045
0.147057
0.152987
0.197996
0.178906
0.0428045
0.0652488
0.0452181
0.0635758
0.0473832
0.0423911
0.04955
0.0494144
0.138619
0.321463
0.185899
0.339685
0.316937
0.268213
0.291986
0.260689
0.137532
0.0570001
0.122035
0.266272
0.143
0.0721576
0.196275
0.109504
0.0989112
0.256232
0.0762027
0.0485113
0.109253
0.1082
0.0789218
0.0873496
0.0551042
0.108103
0.281693
0.0892648
0.0789583
0.10033
0.0933451
0.122182
0.0515351
0.0812617
0.259369
0.0849502
0.0495945
0.0785729
0.0916376
0.173574
0.0193986
0.0225108
0.0207964
0.0323068
0.019906
0.0211966
0.0202257
0.0203048
0.024664
0.0261544
0.0230575
0.0379969
0.0247656
0.0251486
0.0198693
0.0210716
0.0199118
0.02748
0.0709701
0.063634
0.0198393
0.0267359
0.0207473
0.0428955
0.0452006
0.0602203
0.0639427
0.0728994
0.057201
0.053699
0.0653502
0.0718441
0.0227025
0.0203708
0.0380861
0.0412972
0.0199528
0.0197802
0.0353797
0.0343832
0.0234032
0.0370884
0.0222288
0.0212519
0.0200663
0.0200285
0.0222957
0.0210088
0.0191632
0.0384818
0.0406782
0.0354852
0.0327311
0.0378551
0.035146
0.0372032
0.0194282
0.0480721
0.0397673
0.0219349
0.0190418
0.0344759
0.0186837
0.0377917
0.00411137
0.00409307
0.00383894
0.00584668
0.00455899
0.00388305
0.00480082
0.00408464
0.00404753
0.00385142
0.003806
0.00481727
0.00423112
0.00384557
0.00429454
0.00393241
0.00383229
0.00381852
0.00390667
0.00466441
0.00394426
0.00382289
0.00421597
0.00404128
0.00860899
0.00721956
0.00620579
0.0133076
0.00963725
0.00625343
0.0102039
0.0075958
0.00444971
0.00395176
0.00659086
0.00579477
0.00459796
0.00416288
0.00547689
0.00457038
0.00392255
0.00453139
0.0038117
0.00382577
0.00404118
0.00412912
0.00382434
0.00389735
0.00421036
0.00667855
0.00589591
0.0053368
0.00458783
0.005037
0.00475855
0.00519675
0.00397043
0.00487752
0.004698
0.00389519
0.00410346
0.00422435
0.00398751
0.00413658
0.288693
0.05949
0.0507975
0.282729
0.179206
0.0628706
0.1795
0.0610296
0.0370899
0.360669
0.138261
0.399347
0.0602672
0.124662
0.0592746
0.166575
0.0445791
0.105259
0.0448649
0.0386015
0.0334471
0.0467199
0.0297886
0.0518369
0.30277
0.2091
0.0601113
0.301658
0.180235
0.101285
0.149119
0.0985082
0.0392483
0.041382
0.203264
0.0709751
0.0393033
0.0407577
0.0498889
0.054946
0.0372034
0.138493
0.0744849
0.0407488
0.0387543
0.0349991
0.0381311
0.0351864
0.0401237
0.202394
0.0623107
0.0301619
0.0414982
0.0514187
0.0337459
0.0375171
0.0428084
0.054236
0.177404
0.0917915
0.0329379
0.0501575
0.0340774
0.109967
0.05737
0.0460732
0.044915
0.0380602
0.0515963
0.0567545
0.0440182
0.0476558
0.0625731
0.136945
0.0842293
0.07616
0.0824371
0.0974673
0.0829171
0.0893333
0.0393914
0.0538738
0.0668844
0.0347436
0.0412513
0.049404
0.044569
0.0538127
0.0236056
0.0362647
0.0216969
0.0145879
0.0200408
0.0241699
0.0171152
0.020404
0.0473953
0.0402488
0.0320978
0.0464845
0.0531197
0.0405627
0.044327
0.038173
0.0597008
0.0545218
0.060479
0.041658
0.056957
0.0570056
0.0539314
0.0548218
0.0346737
0.027831
0.0398927
0.0254295
0.0297777
0.0302678
0.0273534
0.026758
0.0383301
0.0299236
0.0425009
0.054147
0.0340883
0.0317293
0.0468004
0.0416193
0.00385298
0.00382334
0.00384334
0.00432383
0.00397526
0.00382476
0.00410674
0.00394849
0.0038208
0.00389429
0.00392657
0.00461511
0.00394332
0.0038565
0.00422659
0.00414053
0.00387965
0.00394404
0.00415729
0.00569831
0.00416833
0.00392221
0.00515859
0.00459581
0.00495479
0.00627091
0.00666377
0.00919544
0.0059356
0.00545947
0.00754084
0.00731175
0.00391381
0.00397203
0.00456784
0.00456908
0.00404459
0.00409131
0.00423083
0.00423452
0.00382166
0.00441049
0.0038745
0.00383759
0.00392389
0.00410752
0.00383833
0.00401609
0.0041894
0.00455554
0.00541555
0.00594105
0.00431422
0.00442836
0.00468613
0.00481801
0.004008
0.00636558
0.00535922
0.00423638
0.00425418
0.00472225
0.0045066
0.00508817
0.0921617
0.1166
0.0528094
0.0672901
0.065877
0.0626003
0.059499
0.0623745
0.180633
0.319776
0.143159
0.160123
0.173188
0.171622
0.15414
0.176383
0.0489064
0.0713796
0.0460741
0.0578638
0.0575832
0.0555004
0.0542402
0.052187
0.0720724
0.0888689
0.0691165
0.0635207
0.0722159
0.0744692
0.0693223
0.0722711
0.11364
0.0590255
0.0719861
0.10903
0.0902537
0.0643335
0.0998113
0.0670448
0.102983
0.107623
0.0902159
0.0558966
0.0904085
0.104253
0.0783424
0.0909505
0.0528391
0.0657819
0.0937431
0.0652285
0.0582766
0.0660013
0.0681231
0.0739594
0.0547059
0.0623049
0.107306
0.0819388
0.061777
0.0652754
0.0835727
0.0916368
0.150304
0.113496
0.115607
0.150673
0.138856
0.120719
0.141171
0.125131
0.108217
0.180662
0.142626
0.129918
0.110009
0.114277
0.118658
0.123541
0.132432
0.158329
0.172531
0.230199
0.156858
0.149276
0.194458
0.181589
0.182808
0.183209
0.301256
0.250117
0.192086
0.202641
0.237133
0.274942
0.112304
0.125732
0.153983
0.135907
0.117954
0.128369
0.126489
0.142121
0.103778
0.141983
0.128824
0.117266
0.110746
0.125796
0.109509
0.129017
0.144409
0.169507
0.166613
0.25806
0.159857
0.159364
0.191613
0.179561
0.136729
0.242294
0.177428
0.15016
0.162552
0.186891
0.160957
0.184624
0.00398118
0.00385758
0.00388328
0.00554222
0.00421696
0.00386129
0.00479163
0.00405779
0.00388452
0.00401204
0.00390447
0.00492655
0.00419147
0.00395984
0.0045208
0.00422586
0.00386224
0.00387609
0.00384934
0.00461151
0.00403081
0.00386195
0.0042874
0.00402691
0.00717122
0.00645619
0.00543621
0.117041
0.0106569
0.00535593
0.012171
0.00617552
0.00403716
0.00407181
0.0058701
0.00480359
0.00423066
0.00413985
0.00435957
0.0043677
0.00387521
0.00461004
0.00387769
0.00386299
0.00407962
0.00425899
0.0038763
0.0040776
0.00439899
0.00622501
0.00522836
0.00491883
0.0045742
0.00456811
0.00462306
0.00469421
0.00404415
0.00464013
0.00481685
0.00406308
0.00415445
0.00429421
0.00419512
0.00436188
0.00388892
0.00383379
0.00384508
0.00444803
0.00404033
0.00384074
0.00413195
0.00398135
0.003833
0.00394271
0.00406834
0.00502114
0.00408184
0.0039223
0.00433138
0.00437019
0.00384791
0.00404976
0.00409686
0.00572983
0.00415658
0.00395099
0.00478557
0.00450146
0.00516373
0.00754241
0.00857679
0.0118655
0.00739387
0.00687057
0.00961408
0.00917518
0.00395449
0.00396967
0.00456494
0.00517346
0.00398279
0.00404737
0.00418188
0.00421549
0.0038362
0.00489262
0.00398254
0.00383196
0.00395517
0.00425893
0.0038384
0.00415169
0.00412614
0.00466364
0.00611134
0.00688396
0.0042379
0.00444383
0.00537002
0.00546806
0.00396607
0.00634692
0.00601681
0.00441956
0.00429444
0.00498551
0.00458754
0.00544424
0.273411
0.153282
0.150671
0.269918
0.258234
0.202945
0.269702
0.203162
0.0683715
0.0505117
0.0583517
0.0624443
0.0580336
0.0522603
0.060626
0.0543543
0.103728
0.065415
0.0758494
0.0949654
0.0934746
0.0770875
0.0969634
0.0773268
0.256468
0.0987235
0.13105
0.163706
0.191401
0.148278
0.200322
0.142092
0.123861
0.149318
0.246504
0.0953748
0.130234
0.164027
0.129444
0.184851
0.0954909
0.0779629
0.0625242
0.12187
0.089419
0.0708213
0.0806229
0.0697287
0.153299
0.266582
0.101244
0.13642
0.144475
0.182514
0.124759
0.13428
0.122389
0.10588
0.0778712
0.0645888
0.0956951
0.104252
0.0764996
0.0800223
0.366806
0.113857
0.448296
0.340709
0.25746
0.241167
0.396665
0.292347
0.072063
0.0564281
0.0776148
0.0869171
0.0791841
0.0767309
0.0843421
0.0738593
0.471435
0.176101
0.629399
0.414988
0.315015
0.299042
0.457412
0.389237
0.294245
0.110304
0.238607
0.0938301
0.134692
0.140308
0.14954
0.140662
0.114863
0.288263
0.229664
0.106578
0.132368
0.196128
0.129246
0.215207
0.111014
0.101842
0.105258
0.263097
0.112727
0.0942108
0.128627
0.104017
0.412095
0.341847
0.110731
0.288354
0.343743
0.244769
0.204553
0.135555
0.317096
0.251773
0.0985094
0.122219
0.185411
0.200379
0.134699
0.129098
0.00388537
0.00383799
0.00383057
0.00467924
0.00404357
0.00383939
0.00429159
0.00396378
0.00384126
0.00392135
0.00387225
0.00447215
0.00404874
0.00390981
0.00432442
0.00412035
0.00382969
0.00384752
0.00385846
0.00443925
0.00396673
0.00384225
0.00420423
0.00398783
0.0062017
0.00491204
0.00490568
0.00937346
0.00621498
0.00485428
0.0069177
0.00517755
0.00397812
0.00396487
0.00470621
0.0043259
0.00409953
0.00410685
0.00418878
0.00420502
0.00384566
0.00438645
0.00385264
0.00383828
0.00398035
0.00411541
0.00383862
0.00398149
0.00413869
0.00519371
0.00469155
0.0046334
0.00435963
0.00432081
0.00444871
0.00449695
0.00395406
0.00442043
0.00462164
0.00398464
0.00407491
0.00420572
0.00404453
0.00419369
0.0039016
0.00393584
0.00394344
0.00648571
0.00450063
0.00393407
0.00540109
0.00443947
0.0038997
0.00389404
0.00394577
0.00457121
0.00414447
0.0038964
0.00440526
0.00417724
0.00394786
0.00403149
0.00408728
0.00681609
0.00457575
0.00401497
0.00557683
0.00467003
0.00973907
0.00667635
0.0103802
0.0143485
0.0105085
0.00812994
0.0121368
0.0104131
0.0042056
0.00449286
0.00708566
0.0054161
0.00450726
0.00498274
0.00497155
0.0052856
0.00390327
0.00489301
0.00394417
0.00394517
0.00419743
0.00454801
0.00395487
0.00428435
0.00535292
0.00811641
0.00598271
0.00855952
0.00633696
0.00651924
0.00697477
0.00736354
0.00446507
0.00732598
0.00556693
0.00435489
0.00507565
0.00556542
0.00470681
0.00527624
0.0039535
0.00385469
0.00383146
0.00444699
0.00409233
0.00383949
0.00411843
0.00394377
0.00383039
0.00383509
0.00383306
0.00436537
0.00394322
0.00383492
0.00407348
0.00401793
0.00383312
0.00390537
0.00438511
0.00643682
0.00407436
0.00390394
0.00505989
0.00522977
0.00485726
0.00623504
0.00834057
0.0105484
0.00551066
0.00518969
0.00873276
0.00914595
0.00397004
0.00394534
0.00448927
0.00440617
0.00404042
0.00404236
0.00423992
0.00416771
0.00382665
0.00427197
0.00384622
0.00383447
0.00393123
0.00407124
0.00383342
0.00396947
0.0039949
0.00443994
0.00530061
0.00646902
0.00403517
0.00420066
0.00445409
0.00470532
0.00394422
0.00707446
0.00538542
0.00426271
0.00414936
0.00439799
0.00423056
0.00479209
0.00399234
0.00397966
0.0040164
0.00818239
0.00444554
0.00394417
0.00643046
0.00467977
0.00394707
0.00393714
0.00394678
0.00475924
0.00420677
0.00392145
0.00430759
0.00424721
0.00393828
0.00391342
0.00398942
0.00823985
0.00432613
0.00389828
0.00629212
0.00439394
0.0153838
0.00767127
0.0172191
0.0284171
0.014397
0.0102097
0.0213267
0.0155415
0.00425778
0.00446279
0.00919198
0.00563137
0.00467896
0.0050435
0.00527409
0.00572079
0.00391831
0.00474617
0.00390834
0.00391882
0.00425013
0.0043838
0.00394169
0.00420069
0.00642516
0.0127853
0.00637257
0.0129783
0.00829189
0.00893464
0.0082733
0.00889864
0.00451485
0.00828728
0.00523684
0.00419849
0.00468094
0.00504769
0.00442555
0.00496438
0.111329
0.0462383
0.0419896
0.0404988
0.07007
0.0578578
0.0479993
0.0437186
0.0319825
0.03507
0.0413423
0.0229573
0.028472
0.0325424
0.0246743
0.0327901
0.0552388
0.0585236
0.130711
0.0513439
0.0561568
0.067876
0.0667659
0.0763017
0.0183886
0.0178287
0.0228003
0.0120261
0.0153094
0.0170644
0.0141763
0.0169063
0.0312167
0.0374025
0.0282529
0.0212014
0.0270173
0.0296108
0.0265715
0.027616
0.0297376
0.0223907
0.0388251
0.0382641
0.0264493
0.0237388
0.0297377
0.0311632
0.0393948
0.0230193
0.0184465
0.0283853
0.0336554
0.0237946
0.026209
0.0182759
0.0416432
0.0325215
0.0214727
0.0421507
0.0345279
0.0315912
0.0339217
0.0300674
0.00384908
0.00382085
0.00382125
0.00422538
0.00395122
0.00381991
0.00404153
0.00390566
0.00382069
0.00382647
0.00381787
0.00409973
0.00390399
0.00382384
0.00396896
0.00387756
0.00381671
0.00381856
0.00384389
0.0042046
0.00390387
0.00382107
0.00401297
0.00394641
0.00461968
0.00457892
0.00471304
0.00541358
0.00481146
0.00452649
0.00504625
0.00484727
0.00389674
0.00389153
0.00431219
0.00419039
0.00392191
0.00395227
0.00402928
0.0040386
0.0038174
0.00410995
0.00381846
0.00381539
0.00389026
0.00399244
0.00381506
0.00389297
0.00396142
0.00438172
0.00436177
0.00444584
0.00407025
0.00412085
0.0042507
0.00431283
0.00388987
0.00435496
0.00427434
0.00390957
0.00401525
0.00414888
0.00397537
0.00412133
0.0390793
0.0392451
0.0366889
0.0310434
0.036332
0.0361545
0.0344811
0.0340767
0.0482127
0.151565
0.0775927
0.0444462
0.0492215
0.0640612
0.0454172
0.0683811
0.0610847
0.0951535
0.156121
0.0747592
0.0697093
0.0915024
0.0859947
0.109896
0.0257264
0.0274256
0.0318041
0.0177877
0.0221424
0.0231247
0.0192922
0.0224978
0.036431
0.0371058
0.0281575
0.0315939
0.0340367
0.0299008
0.0347596
0.0285246
0.0373057
0.0351418
0.061257
0.0406329
0.0365187
0.0366806
0.041359
0.0472534
0.0377696
0.026537
0.0277927
0.0363447
0.032119
0.0268191
0.0319838
0.0243357
0.0454526
0.0454451
0.036615
0.0682448
0.0437024
0.0405937
0.052397
0.0487588
0.0172753
0.0183689
0.0183259
0.0315008
0.0176782
0.0181268
0.0179905
0.0178513
0.018137
0.0189683
0.017539
0.0250797
0.0166741
0.0175365
0.0165458
0.0167589
0.0174166
0.0168264
0.0150341
0.027034
0.0150983
0.0158465
0.0155422
0.0148406
0.0335188
0.0315366
0.0273305
0.0175811
0.0358564
0.0307653
0.0330805
0.0286001
0.0161
0.0170329
0.0349596
0.0309761
0.0158592
0.016489
0.0322966
0.0310415
0.0174846
0.0257225
0.0166337
0.0174444
0.017031
0.0142621
0.0180929
0.0140233
0.0172742
0.0369322
0.0312935
0.0314323
0.0312487
0.0314819
0.0303689
0.0296299
0.016648
0.0272213
0.0225928
0.0159666
0.0144652
0.0249566
0.01388
0.0229107
0.00388795
0.00389535
0.00389857
0.00579417
0.00416155
0.00389077
0.00488725
0.00413241
0.00394928
0.0040458
0.00395157
0.00524952
0.00432115
0.0039835
0.00462878
0.00431224
0.00396478
0.00390591
0.00437978
0.00862414
0.00450294
0.00391578
0.00677994
0.00477375
0.0102584
0.00717581
0.012999
0.0204934
0.0109343
0.00804845
0.013782
0.0126834
0.0041676
0.00436862
0.00617627
0.00505008
0.00432342
0.0044419
0.00480006
0.0049265
0.00391285
0.00481413
0.00390502
0.0038999
0.00417171
0.00439049
0.00391212
0.00417741
0.00600024
0.00815511
0.00583753
0.010263
0.00731883
0.00626091
0.0074941
0.00703144
0.0043102
0.00815868
0.00531852
0.00415167
0.00466488
0.00502548
0.00440774
0.0048947
0.0173368
0.0162154
0.0181594
0.0251534
0.016874
0.0176837
0.0174634
0.0171645
0.0157607
0.0154389
0.0163801
0.0199278
0.015196
0.0154051
0.0164647
0.0160935
0.0186982
0.0155585
0.0222254
0.0315381
0.0175899
0.0178274
0.0219801
0.0198067
0.029933
0.0330074
0.0428231
0.0366111
0.0301801
0.0294165
0.0386317
0.0365206
0.0154797
0.0170135
0.0244361
0.019315
0.0149543
0.0166708
0.0199
0.0232015
0.0160526
0.0205449
0.0151634
0.0174344
0.0150038
0.0146716
0.0157369
0.0147594
0.0194903
0.027544
0.0226723
0.0319917
0.0262473
0.024956
0.0252758
0.0248511
0.017977
0.0280361
0.0228594
0.0148389
0.0171787
0.0236759
0.0148052
0.0239867
0.00386192
0.00381647
0.00381484
0.00430369
0.00397052
0.00381984
0.00407158
0.00390324
0.00381815
0.00382503
0.00382547
0.00415383
0.00390711
0.0038238
0.00401419
0.0039153
0.00381349
0.0038228
0.00381926
0.00412201
0.00389637
0.0038179
0.00399112
0.00390367
0.00482795
0.00455544
0.00453483
0.00547828
0.00490926
0.00447754
0.00511328
0.00471426
0.00390031
0.00390432
0.00440771
0.00421561
0.00397566
0.00399823
0.00411138
0.00412635
0.00381703
0.00411214
0.00381861
0.00381612
0.00389059
0.00399158
0.00381416
0.00389524
0.00401445
0.00452715
0.00435805
0.00433702
0.00416157
0.00423045
0.00416179
0.00427781
0.00389973
0.00420478
0.00420725
0.00390204
0.00398494
0.00401936
0.00394251
0.00405217
0.0301426
0.0276004
0.0162438
0.0397516
0.0294043
0.0276042
0.0164061
0.0152343
0.0236441
0.0147269
0.0150515
0.0210687
0.0223448
0.0159295
0.0134492
0.0128034
0.0158633
0.0159879
0.0155996
0.0196964
0.0154859
0.0164275
0.0153216
0.0159164
0.071221
0.0240893
0.0273692
0.248912
0.0496254
0.0253111
0.0306354
0.017949
0.0267898
0.015356
0.0338972
0.0282532
0.0152809
0.0150839
0.0309707
0.0295769
0.024126
0.0210692
0.0159017
0.0162967
0.0140691
0.0132421
0.0155179
0.0147037
0.013666
0.0230659
0.0183737
0.0156589
0.0184729
0.019482
0.0171789
0.018288
0.0140947
0.0144665
0.0166168
0.01523
0.0138474
0.0167441
0.0142475
0.0172003
0.0116803
0.014536
0.0158677
0.0223818
0.0124417
0.0135753
0.0166163
0.0155731
0.0162879
0.0177961
0.0163523
0.029045
0.0164906
0.0167491
0.0137472
0.0141064
0.0169693
0.0167712
0.0159037
0.0357873
0.0164604
0.0166787
0.0174283
0.0166123
0.028027
0.0415336
0.0349685
0.0197591
0.0364893
0.0396929
0.0381934
0.0415362
0.0148166
0.0152507
0.0294411
0.0312758
0.0150666
0.014817
0.0280996
0.0290359
0.0154948
0.0284709
0.0158611
0.0159768
0.0145355
0.0141357
0.0165395
0.015521
0.0161281
0.0414935
0.0354332
0.0411937
0.0343017
0.0378014
0.0340675
0.0357279
0.01548
0.0406297
0.0355678
0.01468
0.0149204
0.033258
0.014486
0.0334336
0.0594964
0.046704
0.0562696
0.0687312
0.0582491
0.0547569
0.0645669
0.0574912
0.048502
0.0752855
0.0502674
0.0623706
0.0558544
0.0572395
0.0563267
0.0604129
0.0474006
0.040334
0.0417557
0.0525804
0.0455628
0.0419266
0.0481175
0.044367
0.0790252
0.0543354
0.0629296
0.0605953
0.0614895
0.0590036
0.0644082
0.0562111
0.0479743
0.0530684
0.0668843
0.0513041
0.0520477
0.0569821
0.0527721
0.0618086
0.0455986
0.0497835
0.0415999
0.0479833
0.0463886
0.0469299
0.0423548
0.0429111
0.0565355
0.0761611
0.0533585
0.0608305
0.0599986
0.0651714
0.055388
0.056104
0.0497114
0.0547591
0.0497952
0.0424271
0.0489292
0.0522086
0.0449627
0.0471567
0.157873
0.0993167
0.0652273
0.116171
0.148363
0.108103
0.0975286
0.0850742
0.0905596
0.139404
0.100091
0.0947226
0.104157
0.11359
0.0957529
0.118686
0.0524741
0.0521549
0.075716
0.0466654
0.0473982
0.0463361
0.0465101
0.045578
0.079539
0.0665949
0.0486956
0.046216
0.0530214
0.0519908
0.049917
0.0498235
0.0819209
0.0588548
0.117978
0.0693914
0.0769881
0.0758706
0.0813761
0.0829929
0.0751712
0.074332
0.0626294
0.0528172
0.0710652
0.0720391
0.0597125
0.0626683
0.0522697
0.0748938
0.0650122
0.0480368
0.055829
0.0631937
0.0490839
0.0514255
0.0505264
0.0456696
0.0731075
0.0595531
0.0456074
0.0468641
0.058386
0.0632399
0.0750915
0.0608623
0.0668105
0.069903
0.0685121
0.0652482
0.0651246
0.066424
0.070494
0.0798364
0.0845176
0.106326
0.080658
0.0927457
0.10092
0.100786
0.0696887
0.0657133
0.0549821
0.0710008
0.0703913
0.0637588
0.0691976
0.0633935
0.0706999
0.119279
0.0811895
0.0647809
0.0656042
0.0884333
0.0678129
0.0887537
0.0649398
0.0677446
0.0690701
0.0903845
0.0760487
0.0690913
0.0808044
0.0725372
0.0756484
0.109615
0.0871823
0.0665096
0.0869372
0.100952
0.0812666
0.0883359
0.0685769
0.0672802
0.110553
0.0807954
0.0722774
0.0760134
0.0787389
0.0854738
0.0700793
0.0819385
0.118324
0.0909977
0.0767272
0.0802526
0.0918241
0.0969793
0.0300935
0.0254683
0.0219831
0.0218657
0.0264063
0.0251449
0.0231274
0.0217772
0.0170955
0.00933278
0.0165429
0.0118312
0.0125931
0.0111106
0.012529
0.0131834
0.0202146
0.0222544
0.0250558
0.018241
0.0177703
0.0215737
0.0167822
0.0213589
0.0178359
0.0142587
0.0162035
0.017985
0.0168386
0.0145877
0.0162361
0.0159114
0.0196516
0.0198097
0.0204017
0.0145468
0.0170494
0.0188335
0.0158976
0.0167939
0.017944
0.0134795
0.017197
0.0207439
0.0175381
0.0146101
0.0218326
0.0163413
0.0176521
0.0172166
0.0142139
0.0147001
0.0161263
0.0156753
0.015029
0.0147918
0.018518
0.0179124
0.014926
0.0179487
0.0163834
0.0154133
0.0148699
0.0143938
0.0111053
0.0136827
0.0133635
0.0128602
0.0118548
0.0125107
0.0136579
0.0135265
0.0159149
0.0185555
0.015848
0.0286996
0.0165836
0.0172434
0.0167182
0.01654
0.0154015
0.0164046
0.0166539
0.0264193
0.0158549
0.016194
0.019714
0.0195472
0.0171424
0.0308301
0.0261555
0.0230106
0.0220671
0.0264653
0.0237768
0.0298188
0.0143519
0.0134984
0.0156621
0.0206193
0.0132485
0.0130421
0.0175283
0.0160567
0.0149469
0.0278138
0.015278
0.0140556
0.0136349
0.0135112
0.0144876
0.0146778
0.0156485
0.0176827
0.0258933
0.0262389
0.0170655
0.0181424
0.0188888
0.0183405
0.0155537
0.0308811
0.0287023
0.0153725
0.0149779
0.0208646
0.0150499
0.0243231
0.0189403
0.0191448
0.018424
0.0328993
0.0175331
0.0185701
0.0171618
0.0180155
0.019726
0.0216505
0.0198836
0.0264865
0.016423
0.0200584
0.0161596
0.0191627
0.0177134
0.0184321
0.01575
0.024287
0.0153325
0.0171593
0.0151276
0.0159235
0.0345315
0.0419763
0.0274729
0.0275386
0.0386476
0.0375268
0.0297235
0.0304237
0.0165912
0.0164039
0.0267072
0.0276419
0.0161487
0.0163129
0.0245973
0.01966
0.0188693
0.0261256
0.0186884
0.0180514
0.0181873
0.0144083
0.0188996
0.0145827
0.0165517
0.0196197
0.0253723
0.0227766
0.0190272
0.019099
0.0227824
0.0222791
0.0170812
0.0257217
0.022738
0.0176864
0.0149927
0.0240073
0.0146763
0.0224553
0.0192936
0.0148309
0.0178383
0.0225294
0.0170344
0.0167573
0.0188656
0.0166562
0.0121925
0.0079758
0.0135956
0.0130703
0.0099844
0.0104806
0.0123241
0.0112092
0.0210828
0.0211287
0.036472
0.0480207
0.0291791
0.0243191
0.0413708
0.0316869
0.0381535
0.0283054
0.055125
0.0594749
0.0403144
0.0349744
0.0546633
0.0473031
0.013926
0.0196508
0.0236126
0.0184435
0.0155914
0.0178241
0.0162353
0.0196581
0.0144842
0.0163402
0.0157099
0.0191333
0.0153955
0.0150029
0.0166104
0.0162939
0.0236233
0.0325559
0.0256181
0.0498581
0.0282534
0.0257595
0.0340382
0.0305584
0.019404
0.0421421
0.0227093
0.0177631
0.0248515
0.0300441
0.0211889
0.0244645
0.0179452
0.0156203
0.017206
0.0329277
0.0174717
0.016272
0.0174864
0.016113
0.0165792
0.0187441
0.0215677
0.0182175
0.0163765
0.0195552
0.0189815
0.0199979
0.0206166
0.0241191
0.0266904
0.0519064
0.0214271
0.0246783
0.0238876
0.0252776
0.0308153
0.0228469
0.0544449
0.0319686
0.0268275
0.0277538
0.0338214
0.0407678
0.0153884
0.017119
0.0266685
0.0208091
0.0163478
0.0166737
0.024584
0.0256798
0.0174148
0.0186636
0.0222554
0.0195643
0.0174253
0.0183387
0.0187402
0.0187989
0.0188242
0.0275898
0.0259115
0.0321467
0.029704
0.0258385
0.0272181
0.025568
0.0192127
0.0406424
0.0280683
0.0227587
0.0212391
0.0357334
0.0213111
0.0339048
0.00906713
0.0195936
0.0261719
0.0245538
0.0127485
0.0160088
0.0171689
0.0211402
0.0284913
0.026222
0.0569148
0.0692318
0.0325285
0.0355762
0.0429484
0.0486596
0.0551845
0.108286
0.0872172
0.0814839
0.068222
0.0826003
0.0757312
0.0870099
0.0500238
0.0911256
0.0782803
0.0778321
0.0625327
0.0668359
0.0700036
0.0758595
0.0243459
0.0334312
0.0344945
0.0597478
0.0321724
0.0258369
0.0434515
0.0357772
0.0284662
0.061145
0.0638596
0.0400989
0.0384607
0.0433791
0.0474513
0.0577657
0.0421007
0.0448798
0.0815068
0.0738572
0.0506847
0.0495313
0.0648036
0.0603482
0.0505821
0.0815129
0.0914378
0.0960147
0.0624045
0.0720127
0.0813772
0.093715
0.0128192
0.00525674
0.0116733
0.0125471
0.00806549
0.00725282
0.0118606
0.00890199
0.00494512
0.00454515
0.00428012
0.005176
0.00459549
0.00447849
0.0044693
0.00429293
0.0101607
0.00451512
0.00735009
0.00981088
0.00584252
0.00526698
0.0086084
0.00591501
0.0125198
0.00656142
0.0116432
0.0147301
0.00781158
0.00665426
0.0121013
0.00917711
0.00489602
0.00702956
0.00735802
0.00486601
0.00465141
0.0061394
0.00492427
0.00629272
0.00487623
0.00484047
0.00456245
0.00655465
0.00460215
0.00464025
0.00460942
0.00456636
0.0104484
0.0115633
0.0048561
0.0103479
0.0113329
0.00861263
0.0065407
0.00586748
0.00770152
0.0075848
0.004689
0.00456016
0.00519726
0.00562447
0.00454871
0.00467925
0.0244971
0.0298392
0.0595808
0.0627852
0.0342423
0.0317602
0.0487057
0.0427864
0.023884
0.0122354
0.0294888
0.0312628
0.0206613
0.0162727
0.0260439
0.0208654
0.0938146
0.0619056
0.103573
0.107425
0.0800973
0.0742467
0.103907
0.0940866
0.114621
0.057919
0.0963758
0.0793623
0.0842167
0.0683727
0.0780805
0.0679334
0.0324264
0.0608656
0.0695994
0.0471687
0.043415
0.046696
0.0545851
0.0636157
0.027739
0.0382514
0.0403532
0.0593499
0.0355049
0.0309683
0.0468253
0.0415064
0.0956488
0.10111
0.0547741
0.0954938
0.0997444
0.0864472
0.0802928
0.0661561
0.0820149
0.0865237
0.0455699
0.0553392
0.0715093
0.0751754
0.0599208
0.0604592
0.0280512
0.0245923
0.0207481
0.0530644
0.0265139
0.025282
0.0232567
0.0206726
0.0219132
0.0187359
0.0172568
0.0245902
0.0203391
0.0196391
0.0174754
0.0169119
0.0180568
0.0167926
0.0165487
0.04535
0.0170036
0.0174556
0.0172322
0.0158407
0.0641755
0.0326974
0.0410945
0.0454511
0.0527982
0.0377255
0.0471348
0.0366765
0.0231456
0.0194143
0.0501294
0.0346509
0.0205155
0.0205322
0.0400091
0.0421911
0.0227357
0.0261557
0.0181799
0.0197199
0.0180436
0.0174286
0.0187571
0.0175606
0.018659
0.0393291
0.0337721
0.0403908
0.0335995
0.0341205
0.0300086
0.0331485
0.0174564
0.0363015
0.0320567
0.0163038
0.0167861
0.0283106
0.0164428
0.028664
0.079187
0.0486504
0.0917527
0.100757
0.0770117
0.0630035
0.0935723
0.0859213
0.0235182
0.00683513
0.0148898
0.0215418
0.0137077
0.00942724
0.0201193
0.0116209
0.0649829
0.0219395
0.0243631
0.0746461
0.0422402
0.0242085
0.0387907
0.0220734
0.102403
0.0573388
0.114219
0.13595
0.0952846
0.0735474
0.123217
0.105097
0.0358219
0.0640772
0.0761947
0.0370891
0.0466658
0.0587095
0.0471035
0.0613457
0.0305318
0.027807
0.0176272
0.0515339
0.0388722
0.0280069
0.0428967
0.0296411
0.0697778
0.0852456
0.0517307
0.0917149
0.0774282
0.0750668
0.0719517
0.0669626
0.0592017
0.0685445
0.0349971
0.0181156
0.0422608
0.0472908
0.0342625
0.038079
0.100685
0.0581316
0.0876342
0.0857113
0.0754632
0.0698875
0.0846903
0.0780796
0.0279585
0.00951809
0.0180959
0.0218698
0.0161103
0.0125772
0.0215194
0.0145897
0.0541324
0.0236528
0.0294449
0.0430007
0.0376743
0.0256562
0.039614
0.026567
0.0611861
0.0333912
0.0463883
0.042722
0.0405398
0.037726
0.0433504
0.041356
0.0385898
0.0576409
0.05478
0.0291592
0.0452671
0.0543712
0.0416223
0.0492318
0.0348598
0.0263874
0.0204836
0.0496135
0.0407095
0.0284965
0.0441936
0.0293685
0.0594272
0.0608732
0.0330277
0.0465488
0.0556733
0.0496389
0.0403525
0.0390836
0.0488059
0.0388793
0.0289555
0.0200797
0.0371158
0.0351504
0.030747
0.0309969
0.0164906
0.0127403
0.00523963
0.0122643
0.0124394
0.0088763
0.00934569
0.00749473
0.0121062
0.0129518
0.0048573
0.0110488
0.0114404
0.00799407
0.00816147
0.00667766
0.00473093
0.00473498
0.00439492
0.00432055
0.00447457
0.00458707
0.00435111
0.00445557
0.00990921
0.00972918
0.00441579
0.00763221
0.00870351
0.00598038
0.00590161
0.00493807
0.011216
0.00469364
0.0103212
0.0101535
0.00804169
0.0062395
0.0108756
0.00717473
0.00785489
0.00698148
0.00460738
0.00481564
0.00653065
0.00610784
0.00485249
0.00449509
0.00460217
0.00738827
0.00714612
0.00443538
0.0045475
0.00596212
0.0044068
0.00528823
0.00472633
0.00443351
0.00581073
0.00455283
0.00443922
0.00444046
0.00447203
0.00447302
0.0724826
0.0295359
0.0181374
0.0723006
0.066113
0.030665
0.0682649
0.0277288
0.0122207
0.00832448
0.012883
0.013228
0.00845704
0.00871078
0.00983588
0.0114206
0.0152802
0.0172396
0.018881
0.0187069
0.0143852
0.0157871
0.016167
0.0185887
0.0566792
0.0240278
0.0195983
0.0305863
0.0326513
0.0254505
0.0359513
0.0280112
0.0212194
0.0167084
0.0558824
0.0156261
0.0220855
0.0230277
0.02433
0.0309734
0.0142015
0.0138409
0.0121091
0.0155072
0.0134277
0.0102287
0.0139867
0.0104201
0.017243
0.0595317
0.017728
0.016174
0.015775
0.0281524
0.0142374
0.0177368
0.0143062
0.0187472
0.016848
0.015571
0.0128562
0.0151611
0.0121233
0.0157989
0.0695907
0.0597357
0.0524579
0.0417193
0.0561631
0.0599207
0.045879
0.0502858
0.0323108
0.025547
0.040861
0.0229194
0.0277423
0.0225781
0.0226882
0.0212956
0.036715
0.0491986
0.0495255
0.0320267
0.0337132
0.0478672
0.0359705
0.0451501
0.0226185
0.017364
0.0188795
0.0103442
0.0166236
0.0152824
0.012647
0.0125516
0.0415078
0.0382813
0.0317851
0.0244397
0.0327335
0.0354925
0.0301941
0.0295811
0.0344133
0.0201651
0.038797
0.0359198
0.0300259
0.022924
0.034174
0.0305214
0.0346661
0.0251067
0.018464
0.023849
0.0307511
0.0253723
0.0236612
0.0182519
0.0323949
0.0242208
0.0170868
0.0368687
0.0289807
0.025321
0.0301488
0.0243371
0.010535
0.0270027
0.0281501
0.0249546
0.0166208
0.0201054
0.0221825
0.0281225
0.0539224
0.0856426
0.0801913
0.0602724
0.0655919
0.074573
0.0746585
0.0873165
0.0495498
0.0563773
0.281889
0.0661933
0.0523911
0.0563827
0.0664576
0.0812419
0.0263254
0.0374142
0.0424573
0.0256064
0.0290154
0.0358387
0.0316438
0.0377331
0.0367074
0.0386129
0.0310283
0.0458699
0.0445636
0.0387469
0.0410933
0.0372493
0.0430955
0.0565079
0.0681552
0.0425572
0.0533492
0.0666538
0.0499399
0.0614795
0.0391413
0.0323979
0.0503986
0.0496097
0.0392012
0.0378538
0.0475403
0.0450633
0.0440869
0.0555801
0.0599458
0.0671954
0.0544841
0.0543068
0.059607
0.0603917
0.00398349
0.00399344
0.00458762
0.00394687
0.00395749
0.00441986
0.00433377
0.00445747
0.004082
0.00419956
0.00530721
0.00417084
0.00406052
0.00496511
0.00483388
0.00518383
0.00515842
0.00542691
0.0130715
0.00909119
0.00514734
0.00587732
0.00782582
0.00774539
0.00402266
0.00414283
0.00668313
0.00463312
0.00401654
0.00452391
0.00465355
0.00471355
0.00396489
0.0045222
0.00393072
0.00395704
0.00442368
0.00441511
0.00397037
0.00435929
0.00460518
0.00464213
0.00581836
0.00508055
0.00483615
0.00480902
0.00500248
0.00502715
0.00465982
0.00438248
0.00453944
0.00584594
0.00462423
0.00455092
0.00469146
0.00460692
0.00497948
0.00596364
0.00488158
0.00535362
0.00490472
0.00483833
0.00497038
0.00486849
0.0144977
0.00680449
0.0147342
0.0127057
0.0121178
0.00844104
0.0161306
0.008149
0.0104195
0.00547908
0.00796824
0.00579308
0.0105335
0.00829077
0.00823191
0.00705356
0.0158363
0.00702592
0.0208209
0.0148927
0.0129788
0.00998837
0.0171511
0.0112297
0.0103254
0.00490018
0.0117608
0.0081241
0.00764055
0.00576022
0.0106863
0.00615802
0.00672605
0.0119529
0.0100389
0.00548617
0.00599794
0.00607073
0.00555874
0.00640608
0.0108794
0.00757375
0.00841023
0.0091641
0.00835992
0.00811246
0.0079141
0.00719409
0.0159101
0.0135893
0.0051721
0.0136717
0.0126654
0.00640867
0.00981734
0.00533979
0.00891321
0.00770231
0.00593186
0.00649349
0.00631603
0.00689533
0.00564437
0.00550489
0.00454668
0.00552715
0.00410791
0.00402691
0.00464225
0.00463397
0.00404747
0.00447566
0.00656375
0.00845659
0.00595468
0.00604506
0.00690839
0.00685819
0.00585086
0.00634786
0.00408422
0.0063803
0.00427992
0.00433525
0.00487426
0.00617598
0.00426934
0.00505883
0.00409605
0.00616432
0.0044962
0.00438799
0.00495899
0.00578626
0.00441783
0.00540349
0.00567051
0.00464938
0.00456862
0.00504142
0.00486041
0.00463643
0.00481758
0.00479051
0.00544607
0.00579275
0.00576382
0.0049778
0.00498293
0.00520296
0.00503728
0.0053005
0.00415368
0.00411969
0.00627459
0.0043103
0.00426851
0.00475777
0.00520338
0.00510334
0.00491058
0.00526791
0.00761782
0.00666974
0.00525
0.00575188
0.00584143
0.00659026
0.0093335
0.0237051
0.0143973
0.0216681
0.011533
0.016018
0.0118847
0.0144079
0.0524021
0.0997879
0.0782585
0.0778382
0.0629598
0.0782752
0.0703407
0.0827311
0.0215966
0.0345447
0.0308016
0.132262
0.024274
0.0291236
0.0277931
0.0282982
0.0549033
0.0503324
0.182639
0.294287
0.0725095
0.0713629
0.156825
0.174206
0.028415
0.0174622
0.0288216
0.0511074
0.0295303
0.019337
0.0400299
0.0298082
0.0372537
0.0544297
0.0529143
0.0234306
0.0359149
0.0478314
0.0326735
0.0396384
0.0170595
0.0373155
0.0422929
0.10863
0.0416834
0.0403859
0.0610046
0.047947
0.0196673
0.123209
0.045336
0.0372042
0.0240445
0.0581863
0.0320306
0.0405486
0.00429722
0.00411573
0.00436486
0.00636578
0.00508785
0.00408906
0.00542898
0.00451465
0.00400532
0.00436858
0.00419611
0.00593992
0.00451619
0.00415107
0.00443685
0.00436193
0.00421315
0.00403166
0.00400721
0.00520938
0.00457974
0.00396001
0.00468559
0.00421572
0.00755487
0.00773462
0.00732107
0.0117739
0.00776737
0.00655033
0.00775673
0.00634171
0.00460632
0.00473917
0.00581842
0.00575038
0.00457662
0.0046057
0.00484019
0.00495115
0.00395631
0.004984
0.00408566
0.00398581
0.00418061
0.00426983
0.00402513
0.00427319
0.00494536
0.00647868
0.00549001
0.00564126
0.00611348
0.00524523
0.00550609
0.00532106
0.00428875
0.00461322
0.00489833
0.00437247
0.00445784
0.00461767
0.00438043
0.00458916
0.122351
0.0545815
0.130587
0.0514141
0.0787758
0.0846229
0.0785342
0.0912171
0.0481393
0.206838
0.0805337
0.0681746
0.0510185
0.0735486
0.0674936
0.0817577
0.144133
0.105831
0.160132
0.147187
0.141735
0.142013
0.154337
0.161328
0.0412501
0.0530466
0.119824
0.0315982
0.0388326
0.0480587
0.0474699
0.0503761
0.0377079
0.107238
0.0441645
0.0430324
0.0405925
0.0511735
0.0369843
0.0495336
0.042044
0.0523966
0.0741479
0.109719
0.0455736
0.0522273
0.0698038
0.0670709
0.113411
0.0591868
0.0543642
0.136422
0.0979538
0.0588188
0.0925776
0.0492606
0.121316
0.125744
0.0614891
0.0798235
0.0933132
0.0981382
0.080226
0.076516
0.00794972
0.0187514
0.0199591
0.0147708
0.0111981
0.0121777
0.0147656
0.0174912
0.0325142
0.048345
0.0385759
0.0443722
0.0384908
0.0395501
0.0405984
0.0395371
0.0376978
0.0516146
0.0634894
0.0551434
0.0453349
0.0466659
0.0536511
0.0590031
0.0298828
0.0490069
0.046697
0.0518064
0.0414224
0.0411124
0.0485463
0.046005
0.0254291
0.0247835
0.0226338
0.0402492
0.0293217
0.0213295
0.0280384
0.0229565
0.026117
0.0402551
0.0382912
0.0258651
0.032136
0.0355889
0.0334719
0.0374791
0.0302098
0.0278167
0.0450893
0.0473103
0.0314569
0.030425
0.0397641
0.0360022
0.0339529
0.0496011
0.0440153
0.0465509
0.0386937
0.0405213
0.042757
0.0435577
0.0217263
0.0260846
0.0179027
0.0355315
0.0194964
0.0196745
0.0172317
0.0170148
0.0362712
0.0423814
0.0257528
0.248167
0.0361663
0.0284633
0.0401335
0.0303005
0.019066
0.0244199
0.0206109
0.0189707
0.0185298
0.0200161
0.0185149
0.0192826
0.119845
0.360285
0.0309617
0.607093
0.0837948
0.0686144
0.0798811
0.0404983
0.0246244
0.0173023
0.028848
0.0587696
0.0220563
0.0170806
0.0584568
0.0287033
0.0259264
0.0571949
0.0251505
0.0183886
0.0224026
0.0239859
0.022843
0.0232347
0.0175305
0.0237011
0.0522761
0.0200024
0.0216896
0.0216444
0.0189657
0.0220918
0.017701
0.0191713
0.0362413
0.0254066
0.0179051
0.0184266
0.0236518
0.0278489
0.0247003
0.023948
0.0290863
0.0388828
0.0240253
0.0251169
0.0290679
0.0290919
0.0230594
0.0204487
0.0284991
0.0389047
0.0218396
0.0224842
0.038434
0.0371932
0.0284483
0.0288467
0.0317482
0.17865
0.0290278
0.0285242
0.037996
0.0391509
0.050543
0.043881
0.266851
0.0507561
0.044714
0.0457186
0.0639988
0.0651556
0.0229429
0.0290676
0.0391791
0.045383
0.0320496
0.0307557
0.0416799
0.0399526
0.0242262
0.050165
0.028992
0.0310251
0.03419
0.0372984
0.0310297
0.0301145
0.0325958
0.0588812
0.0683462
0.0744671
0.0613779
0.0604896
0.0627285
0.0638089
0.0310963
0.0745008
0.0723468
0.0345342
0.0324886
0.0638938
0.032521
0.0648407
0.0299837
0.0228638
0.024767
0.123273
0.0349203
0.0231109
0.0417094
0.0239345
0.0190869
0.0123254
0.0173582
0.026555
0.0202046
0.0137382
0.0200104
0.0156915
0.0234658
0.0206709
0.0257839
0.0901343
0.0244976
0.0218041
0.0364611
0.0239057
0.151686
0.0405321
0.102292
0.0428331
0.0533879
0.0478713
0.0628253
0.0644476
0.0240522
0.0232162
0.0624643
0.0391833
0.0230504
0.0239858
0.0396229
0.038802
0.0199802
0.034401
0.0184402
0.0215602
0.0196551
0.0205667
0.0207852
0.0205033
0.0320015
0.076059
0.0410428
0.0618027
0.0586138
0.0464819
0.0440916
0.0414756
0.0216676
0.0490087
0.0383678
0.0191349
0.0239262
0.0409599
0.0228452
0.0409251
0.022579
0.0230133
0.0213224
0.0250583
0.0214298
0.0203925
0.0248709
0.0208968
0.0252956
0.0288703
0.0238472
0.0252447
0.0258655
0.0254283
0.0226986
0.0247889
0.0153742
0.0147287
0.00900148
0.0157541
0.0121279
0.0103567
0.013384
0.0104862
0.0238318
0.0234474
0.0209883
0.0236547
0.0208271
0.0189295
0.0236573
0.01973
0.0247435
0.0173244
0.0223397
0.0248595
0.021366
0.0184456
0.0239591
0.0204738
0.0238625
0.023371
0.0183541
0.0151815
0.0208785
0.0208559
0.017696
0.0188808
0.0197742
0.0243415
0.0210735
0.0196649
0.0210279
0.0204836
0.0167494
0.0175013
0.0158221
0.0158628
0.0213886
0.0176163
0.0131663
0.0147114
0.0167013
0.0197283
0.015224
0.028255
0.0153032
0.00812014
0.00888561
0.0204457
0.00874814
0.0125533
0.0340985
0.0396273
0.0314265
0.00621085
0.0133781
0.0308727
0.0112073
0.0231271
0.01411
0.0238527
0.01214
0.00573295
0.00740833
0.0161728
0.00641167
0.00948394
0.00615575
0.00627294
0.00524508
0.00452987
0.00605279
0.00633776
0.00548787
0.0056749
0.00924531
0.00821387
0.00968259
0.00696564
0.00897626
0.00776848
0.0118206
0.0113931
0.0268193
0.00598267
0.0240351
0.0181938
0.0186887
0.00930104
0.0248761
0.0102328
0.00750323
0.00845405
0.00690472
0.00707884
0.00793705
0.00940999
0.00714133
0.00737542
0.0110138
0.00624693
0.00571487
0.0178706
0.00689862
0.00636545
0.0085335
0.0060263
0.00693495
0.0213145
0.0139118
0.0115501
0.00886008
0.0121842
0.00995465
0.0139516
0.0489082
0.0581176
0.0515349
0.03568
0.0543007
0.0522136
0.0460879
0.0446219
0.0243153
0.0431381
0.0633644
0.0223029
0.022441
0.0292175
0.0232131
0.0329612
0.0162536
0.0279588
0.0193616
0.0188915
0.0182363
0.0223587
0.0187258
0.0229056
0.0276974
0.016634
0.0133203
0.0311608
0.0275402
0.0178437
0.0281541
0.01873
0.0320952
0.0338592
0.034317
0.0166654
0.0305931
0.0328336
0.0263497
0.0307188
0.0164785
0.0145266
0.0302068
0.0181601
0.0169753
0.0193358
0.0178752
0.021293
0.0171932
0.0197242
0.0325927
0.0351568
0.01841
0.0189549
0.0301541
0.0322453
0.0203755
0.0148557
0.0143491
0.00555057
0.00822333
0.013931
0.00768191
0.0105678
0.0137982
0.015549
0.0127146
0.0085751
0.0074156
0.013921
0.00645063
0.0108333
0.010984
0.0103254
0.00767821
0.00475244
0.0052505
0.00872509
0.00484403
0.00631897
0.00624855
0.00871429
0.00520582
0.00524395
0.00807806
0.00727839
0.00636106
0.00618264
0.00664678
0.0064259
0.00595505
0.00703882
0.00576859
0.00564274
0.00567413
0.00485389
0.0124489
0.00700647
0.0111919
0.010946
0.00917633
0.00542741
0.0122517
0.00596087
0.00625619
0.00534188
0.00667959
0.00532964
0.00487161
0.00492779
0.00536633
0.00571817
0.00815769
0.00507316
0.00668299
0.00854518
0.004707
0.00521069
0.00523178
0.00587048
0.0376452
0.0331388
0.00663398
0.0310989
0.0303144
0.0124216
0.0231786
0.0104446
0.027544
0.0150616
0.00810322
0.0151558
0.0201873
0.00891914
0.012488
0.0086855
0.00871925
0.00665826
0.00489763
0.00567318
0.00876747
0.00753209
0.00716217
0.00630852
0.0238652
0.0140653
0.00595818
0.0121353
0.0162946
0.0071932
0.00961011
0.00633895
0.0264016
0.00619092
0.0241109
0.0181112
0.0186625
0.00895375
0.0247547
0.00980699
0.00923543
0.00797719
0.00997918
0.00755499
0.00894515
0.00768483
0.0133274
0.0126047
0.00613032
0.0181516
0.0110739
0.00686949
0.00645229
0.00825901
0.00687218
0.00674083
0.00739645
0.00751653
0.00737552
0.00871506
0.00771162
0.00767985
0.0101286
0.00808288
0.0452899
0.0524159
0.0501804
0.0851114
0.0557571
0.0508997
0.0548007
0.0512444
0.0436113
0.0204544
0.0246275
0.0451681
0.042889
0.0221605
0.042241
0.0230034
0.0400177
0.0264609
0.0277353
0.061794
0.0363674
0.0276838
0.0381134
0.0266742
0.121288
0.0758907
0.139464
0.276595
0.110935
0.108269
0.191316
0.127209
0.0618022
0.0497179
0.0846621
0.0759349
0.0552733
0.054929
0.0783241
0.075796
0.0437325
0.0715365
0.0261014
0.0427376
0.0430405
0.0445102
0.0425345
0.0400775
0.0513843
0.0881164
0.0863995
0.0920232
0.0786477
0.0792199
0.081674
0.0871555
0.0402469
0.0586919
0.0657883
0.0251116
0.0388645
0.0586828
0.0388949
0.0605036
0.0428733
0.0246682
0.0326198
0.036888
0.0415163
0.0349427
0.0382615
0.0335045
0.0107534
0.00676365
0.0150533
0.0135452
0.0104079
0.00857733
0.0121384
0.00956863
0.0288307
0.0252633
0.0306489
0.0267895
0.0276966
0.027124
0.0266346
0.0279255
0.0309562
0.019877
0.0264668
0.0208549
0.0258325
0.0224966
0.0272463
0.0226703
0.021577
0.0308531
0.0338508
0.0173523
0.0229986
0.0279312
0.0216501
0.0282467
0.0167611
0.0151429
0.0190539
0.0277411
0.016422
0.0140219
0.0207416
0.0206236
0.0295188
0.0335653
0.0190124
0.0273333
0.0288608
0.0268086
0.0262326
0.0213054
0.0273245
0.0240313
0.0159708
0.0197861
0.0239456
0.0244218
0.0223634
0.0230138
0.00432223
0.00404957
0.00596627
0.00437074
0.00433689
0.004817
0.00521544
0.00566402
0.00401061
0.00446014
0.00598096
0.00409411
0.0040344
0.0047472
0.00445679
0.00499925
0.00660565
0.00755013
0.0100396
0.0106517
0.00621346
0.00823318
0.00683642
0.00879658
0.0042232
0.00405945
0.00805767
0.00421958
0.00415381
0.00488347
0.00494171
0.00629292
0.0040742
0.00611602
0.00420842
0.00412833
0.00462996
0.00490303
0.0042309
0.00502516
0.00451631
0.00499815
0.00630351
0.00527725
0.00478278
0.00465384
0.00482453
0.0049738
0.00745866
0.0049766
0.00484919
0.00664349
0.00623544
0.00562749
0.00558339
0.00514283
0.0065475
0.00880039
0.00618487
0.00645543
0.00545652
0.00767391
0.00513131
0.00664706
1.08036
0.453896
0.375319
1.40473
1.52289
0.344299
1.58264
0.360897
0.211487
0.0278557
0.0308586
0.0982884
0.218371
0.124214
0.198244
0.0789588
0.422251
0.0320285
0.0312126
0.0788208
0.596189
0.263149
0.560676
0.122364
0.644116
0.121853
0.106502
0.235373
0.410038
0.237504
0.307447
0.148258
0.540205
0.489146
1.97214
0.529122
0.586177
0.388396
0.470245
0.388125
0.171224
0.243965
0.231751
0.254872
0.174848
0.186044
0.167769
0.177364
0.473843
1.72802
0.438457
0.30093
0.42419
0.389852
0.470395
0.384199
0.315195
0.146725
0.183099
0.132744
0.331701
0.32672
0.175752
0.185857
0.0289227
0.023232
0.0247244
0.0262882
0.0250928
0.0253601
0.0225217
0.0229959
0.0217865
0.0266413
0.0258444
0.0223951
0.0187625
0.0215564
0.0199601
0.0262436
0.0222376
0.0277793
0.0279954
0.0258133
0.0201386
0.022199
0.0226983
0.0289605
0.0133595
0.0170898
0.0179075
0.00979335
0.00969866
0.0109968
0.0101903
0.0149147
0.0222719
0.0226376
0.0199577
0.0137448
0.0200267
0.0200485
0.0216697
0.0191779
0.0239118
0.0151503
0.0212004
0.0234812
0.0204959
0.0162918
0.0199927
0.0185465
0.0200426
0.0134316
0.0160445
0.0164874
0.0168853
0.014487
0.0140525
0.012143
0.0206583
0.0227139
0.0221582
0.0277476
0.017544
0.0164338
0.0211844
0.0238828
0.0377884
0.0378869
0.208293
0.0556292
0.0840744
0.123163
0.0660001
0.0886259
0.0400043
0.0351752
0.154657
0.0416215
0.0657648
0.082261
0.0510513
0.06506
0.187727
0.241643
0.329019
0.071385
0.125003
0.237721
0.103751
0.174358
0.0248071
0.0225865
0.0284068
0.00879959
0.0176918
0.0197691
0.0116975
0.0156243
0.0872127
0.120273
0.0413235
0.0387178
0.0657461
0.0608378
0.0527337
0.045718
0.114804
0.0395187
0.149189
0.161624
0.0821546
0.0543693
0.118038
0.089903
0.093206
0.0298244
0.0275318
0.0390525
0.0639376
0.0360392
0.0449268
0.026661
0.120193
0.0513834
0.0314044
0.117218
0.0834471
0.0602188
0.0738225
0.0537599
0.0304123
0.00538366
0.0209784
0.0239312
0.0113913
0.0100251
0.0213961
0.0138006
0.00523976
0.00430926
0.00429614
0.0047891
0.00508463
0.00487892
0.00464246
0.00447071
0.0159995
0.00455646
0.0105602
0.015206
0.00693916
0.00534685
0.0132584
0.00714195
0.0233516
0.00558451
0.0192664
0.0235475
0.0100593
0.00794249
0.0209883
0.0135253
0.00537228
0.00914805
0.0097493
0.00534353
0.00495049
0.00739201
0.00519634
0.00757473
0.00520305
0.00511462
0.00485882
0.0080932
0.0048598
0.00494857
0.00481168
0.00487414
0.0166417
0.0205407
0.00532114
0.0172749
0.0190484
0.0129069
0.00828834
0.00710881
0.0103596
0.0104342
0.0051846
0.00469404
0.00584168
0.0064398
0.0047142
0.00500567
0.00452367
0.00731409
0.00468319
0.00577961
0.00553738
0.0068444
0.00489251
0.00574984
0.00663258
0.0299958
0.0204352
0.0228887
0.0107963
0.0177148
0.0145022
0.0246965
0.00466744
0.0153342
0.010267
0.0135228
0.00648411
0.00762739
0.00821693
0.0133386
0.00693056
0.0219497
0.0175514
0.0212417
0.0103004
0.0121473
0.0159245
0.0223974
0.00714227
0.00541182
0.00631125
0.0106536
0.00611309
0.00574368
0.00676207
0.00628151
0.00596066
0.0140652
0.0113937
0.00525897
0.00559623
0.00730026
0.00536837
0.00833868
0.00504586
0.00613838
0.0151191
0.0116963
0.00544052
0.00583754
0.00814151
0.00749888
0.0050635
0.0177563
0.0223167
0.018394
0.00586042
0.00891727
0.0108984
0.0167912
0.0433793
0.0333652
0.0460686
0.0255701
0.0354955
0.0368425
0.0329059
0.0334612
0.0308032
0.0349288
0.034254
0.0241007
0.0242996
0.0280469
0.0238349
0.0313267
0.0390094
0.0368086
0.0381528
0.026386
0.0295277
0.0322586
0.0255263
0.0338145
0.0115354
0.0143555
0.0156143
0.00738013
0.00775
0.00955041
0.00773288
0.0123306
0.0293989
0.0346645
0.0178883
0.0140811
0.0215283
0.0263161
0.0183172
0.0201201
0.0327062
0.017365
0.0293869
0.0355515
0.0232573
0.0203252
0.0300862
0.0250798
0.0283213
0.01389
0.0144392
0.0150867
0.0205522
0.0155087
0.0150589
0.01168
0.0289325
0.0219996
0.0211082
0.0327041
0.0227177
0.018596
0.024489
0.0248001
0.451292
0.290442
0.549131
0.0721316
0.183207
0.307901
0.150401
0.20348
0.179277
0.0413041
0.114882
0.0338994
0.052544
0.063803
0.0445258
0.0528207
0.409092
0.149255
0.229101
0.0851251
0.155004
0.205093
0.145347
0.189932
0.0281917
0.0180161
0.0188759
0.00622037
0.0128867
0.0156547
0.010878
0.0128342
0.116159
0.254861
0.0475394
0.0275243
0.0966016
0.0871149
0.0591626
0.0561173
0.171924
0.0304258
0.191782
0.494941
0.118835
0.0397566
0.280882
0.128369
0.235779
0.0430904
0.0241823
0.0440276
0.0715888
0.046013
0.0406161
0.0218103
0.355251
0.0662036
0.0263975
0.165146
0.113537
0.0750777
0.123637
0.0712752
0.00583215
0.00449694
0.00613383
0.00643728
0.00567791
0.00460369
0.00598607
0.00499781
0.00471216
0.0121946
0.0151238
0.0167531
0.00625223
0.00812253
0.00845262
0.014763
0.00852166
0.0175061
0.0204773
0.0226851
0.00913892
0.0123147
0.0117706
0.0197229
0.00614584
0.0204335
0.0228
0.0281561
0.0110675
0.0132089
0.0129565
0.0207482
0.00491949
0.00617204
0.005739
0.00904168
0.00487583
0.00501946
0.00491001
0.00497105
0.0047505
0.0107681
0.0102911
0.00536112
0.00475999
0.00695823
0.00512159
0.00737536
0.00612751
0.00588637
0.0103021
0.011168
0.00598788
0.00510289
0.00829734
0.00810941
0.00574147
0.0200564
0.0169405
0.0171493
0.00793758
0.012407
0.00944671
0.0184861
0.00470935
0.00402821
0.00686002
0.00420557
0.00433569
0.0045028
0.00439975
0.00436421
0.00392861
0.00395957
0.00470562
0.00392442
0.00389879
0.00436889
0.00405257
0.0044042
0.00934334
0.00505238
0.0133888
0.0069328
0.00672864
0.00740639
0.00727401
0.00742575
0.00402308
0.003922
0.00516212
0.00411262
0.00396482
0.00420764
0.00427778
0.00432643
0.00396659
0.00517432
0.00412428
0.00391149
0.00415181
0.00422058
0.00395719
0.00420755
0.00434909
0.00417577
0.00477377
0.00589377
0.00431925
0.00426858
0.00453777
0.00443086
0.0052486
0.00437459
0.00405535
0.00540412
0.00498108
0.00433123
0.00471569
0.00430396
0.00552058
0.00511832
0.0042201
0.00487521
0.00500742
0.00472516
0.004474
0.004361
0.0187127
0.013622
0.014456
0.00668077
0.0112
0.0158527
0.0098749
0.0117435
0.0104546
0.00739778
0.0094776
0.00476798
0.00630512
0.00923792
0.00577535
0.00662653
0.0140278
0.0121109
0.0160175
0.00769817
0.00996942
0.0151403
0.00971422
0.0114641
0.00744702
0.0051359
0.00724996
0.00505836
0.00621338
0.00595993
0.00718742
0.00650005
0.0083129
0.00945179
0.0065913
0.00566493
0.0072313
0.00657411
0.00556335
0.00565272
0.0123048
0.00500858
0.0120219
0.0142927
0.00857402
0.00537285
0.0112522
0.00733233
0.00894595
0.0077307
0.00602404
0.00680152
0.00640833
0.00617684
0.00625409
0.0062571
0.0106626
0.00643848
0.00517283
0.00863493
0.00653724
0.00559466
0.00705257
0.00544782
0.00512377
0.00397147
0.00693125
0.00457116
0.00473494
0.00488352
0.00532524
0.00505776
0.00387941
0.00394388
0.00439068
0.00395157
0.00388417
0.00411741
0.00401907
0.00414913
0.00799389
0.00484657
0.00879238
0.00671647
0.00709908
0.00665135
0.00760296
0.00704553
0.0043835
0.00390572
0.00512975
0.00400674
0.00412671
0.00418398
0.00449994
0.00438041
0.0039544
0.00593343
0.00425874
0.00390036
0.0040584
0.00454528
0.0039459
0.00431012
0.00415111
0.00413415
0.00463111
0.00578431
0.00421756
0.00420436
0.00441789
0.00445752
0.00658911
0.0051855
0.00401709
0.00636409
0.00616616
0.0046108
0.00546753
0.00446028
0.00609822
0.00580648
0.00417499
0.00468781
0.00541628
0.00522586
0.00459841
0.00435461
0.00406829
0.00509513
0.00389833
0.00444707
0.00455062
0.0043579
0.00414447
0.00416677
0.00664484
0.00878805
0.00494635
0.00797354
0.0076212
0.00707412
0.00712157
0.00667986
0.00395766
0.00456048
0.0040543
0.00387682
0.00402757
0.00425836
0.00388715
0.00422233
0.00460859
0.00694791
0.00397452
0.00516659
0.00534392
0.00505709
0.00477583
0.00488655
0.00629837
0.00401609
0.00522642
0.00658222
0.00542594
0.00445724
0.0061081
0.00459472
0.00577617
0.00606046
0.00481546
0.00419216
0.00523343
0.00542497
0.00438295
0.00463399
0.00390076
0.00426774
0.0059455
0.00395715
0.00394628
0.00430405
0.0040537
0.00453427
0.00414199
0.00414221
0.00575008
0.00474194
0.00420845
0.00421679
0.00447812
0.00441352
0.0206123
0.0188572
0.00476676
0.0166102
0.0176279
0.00813335
0.0114327
0.00656293
0.0194981
0.0270794
0.00563433
0.0181988
0.0179649
0.0110753
0.0119001
0.00956414
0.00443923
0.00525264
0.00426517
0.00424339
0.00442774
0.00504044
0.00424855
0.00465921
0.013315
0.0139437
0.00433268
0.00958125
0.0113956
0.00603751
0.00657624
0.00498802
0.0165512
0.00467066
0.0143984
0.014077
0.0106535
0.00594122
0.0157568
0.00690401
0.00842186
0.00802242
0.00531165
0.00490902
0.0066525
0.00650947
0.00497655
0.00469826
0.00448012
0.00898711
0.00908843
0.00433508
0.00441667
0.00549979
0.00437836
0.00510959
0.00467261
0.00468275
0.00726003
0.00497577
0.00467479
0.00464588
0.00459868
0.00463605
0.00444974
0.00415765
0.00426294
0.00633498
0.00524914
0.00413753
0.00552699
0.0046553
0.00402237
0.00444124
0.00412526
0.00593069
0.00449122
0.00416284
0.00445645
0.00432096
0.00391691
0.00393156
0.00384647
0.00455479
0.00419352
0.00388147
0.00437759
0.00407547
0.00869363
0.00758743
0.00572274
0.0119524
0.00831079
0.00638123
0.00828516
0.00626568
0.00453855
0.00451106
0.00619048
0.00588651
0.00459597
0.0046931
0.00493967
0.0050918
0.00397608
0.00492125
0.00404867
0.0039183
0.00419699
0.00429803
0.00395965
0.00418072
0.00462429
0.0069777
0.0056555
0.00540784
0.00504695
0.00533791
0.00530679
0.0053975
0.00409722
0.00489886
0.00498637
0.00434204
0.00437582
0.0046589
0.00435662
0.00475963
0.0308513
0.0200323
0.018306
0.11193
0.0236463
0.0195575
0.0213051
0.0178451
0.0191798
0.022351
0.0215662
0.0210439
0.0159965
0.020879
0.0146625
0.0200876
0.0180761
0.0210541
0.0194127
0.0225938
0.0160305
0.0199147
0.0162574
0.0186921
0.291199
0.114701
0.122463
0.774496
0.27484
0.122844
0.284626
0.129431
0.0162481
0.0156191
0.0913007
0.0366524
0.0150632
0.0155968
0.0405381
0.0399644
0.0183779
0.0203248
0.0208052
0.0181098
0.0176705
0.014579
0.0191298
0.0146367
0.0159283
0.0788081
0.0333356
0.0346489
0.0332816
0.0381201
0.0321917
0.0329325
0.0171474
0.021891
0.0200055
0.0197866
0.0153865
0.0203287
0.0147058
0.0206821
0.0114173
0.0123186
0.0132347
0.0234977
0.0105276
0.0130337
0.0112761
0.0121349
0.0134072
0.0151288
0.0172548
0.0202258
0.0123044
0.016472
0.0132718
0.0157645
0.0159249
0.0189345
0.0216498
0.0316473
0.0139951
0.0199167
0.0157989
0.0193673
0.0297488
0.0260226
0.0462682
0.0318536
0.0279879
0.0335787
0.035336
0.0343944
0.0115489
0.0121699
0.0222325
0.0268674
0.0115445
0.0118373
0.0183278
0.0181862
0.0144114
0.0241541
0.0183678
0.0159015
0.0136158
0.0138795
0.0148563
0.013755
0.0135471
0.0258746
0.028682
0.033037
0.0226968
0.0199825
0.0271535
0.028342
0.0146643
0.0241649
0.0248791
0.0172474
0.0139491
0.0232624
0.013946
0.0240036
0.00420171
0.00427107
0.00491584
0.00451323
0.00435338
0.00449149
0.00448655
0.00461666
0.00450991
0.00975525
0.0174394
0.01036
0.00499051
0.00696918
0.00604017
0.0112957
0.00514535
0.0230456
0.0300383
0.0212293
0.00831932
0.0166267
0.0104334
0.0222301
0.00501385
0.0117831
0.0178275
0.0142184
0.00631386
0.00838096
0.00747966
0.0136639
0.00442026
0.004846
0.00469671
0.00543985
0.00459708
0.00467519
0.00478771
0.00484323
0.00460221
0.00733453
0.0123331
0.00476314
0.00470041
0.00528612
0.00472795
0.00675478
0.0048999
0.004828
0.00660603
0.00833063
0.0052464
0.0050195
0.00668817
0.00578404
0.0048818
0.0169705
0.0120473
0.0167828
0.00710417
0.0113885
0.00846571
0.0161091
0.0141539
0.0147931
0.014257
0.0417684
0.0123644
0.0139644
0.0117583
0.0131878
0.0175428
0.0247272
0.0227613
0.0446916
0.0140165
0.022538
0.0134533
0.0229932
0.0169629
0.0210802
0.0199627
0.037785
0.0145462
0.0200849
0.0147799
0.0190555
0.0466875
0.0662671
0.0445502
0.0353959
0.0427242
0.0449971
0.0318449
0.0459325
0.0123409
0.0122085
0.0313587
0.0269516
0.0116986
0.0119044
0.0234881
0.0211107
0.0164964
0.0309232
0.021735
0.0166172
0.0162699
0.0134961
0.0177411
0.0136678
0.0124634
0.0240016
0.0254031
0.0274862
0.0224091
0.0217262
0.0262902
0.0251355
0.015579
0.0361468
0.0333269
0.0209957
0.0139327
0.0317003
0.0138199
0.0306924
0.0059593
0.0055156
0.00855826
0.0109451
0.00759101
0.00514009
0.0069696
0.00637077
0.00532124
0.00523741
0.00426384
0.00768016
0.00671827
0.00468975
0.00554174
0.004956
0.00588699
0.00449652
0.00467516
0.0102729
0.0059392
0.00440169
0.00645505
0.00530723
0.0105696
0.009013
0.00901419
0.0103688
0.00905782
0.00738797
0.0079613
0.00796931
0.00730276
0.00966466
0.00964321
0.00824747
0.00605573
0.0056453
0.00883903
0.00731713
0.00490805
0.00609827
0.00425627
0.00557327
0.00531501
0.00507541
0.00581545
0.00589949
0.0100154
0.00791952
0.00671799
0.00710682
0.0119019
0.00669514
0.00685437
0.00609493
0.00785594
0.00741316
0.00599081
0.00553993
0.00646005
0.00664531
0.00603126
0.00613571
0.005493
0.00512199
0.00998569
0.00663675
0.00462086
0.00812786
0.00574626
0.00742394
0.00507142
0.00506485
0.00821542
0.003898
0.00429967
0.00691589
0.00507988
0.00623359
0.0116883
0.0109599
0.0121381
0.00587439
0.00604221
0.0124798
0.00684883
0.0112881
0.00464882
0.00392697
0.00633673
0.00432935
0.0041589
0.00458985
0.00493338
0.00519321
0.00440811
0.00648843
0.00472561
0.00394054
0.00559066
0.00565666
0.00402022
0.00504267
0.00745836
0.00437083
0.0102361
0.0115248
0.006684
0.00514358
0.00901703
0.0051987
0.00728677
0.00587782
0.00469551
0.00566942
0.00574288
0.00525148
0.00503469
0.00485956
0.0100699
0.00534139
0.00460444
0.00920304
0.0054461
0.00501174
0.00537095
0.00486858
0.00511883
0.0078864
0.00510346
0.0104916
0.0064382
0.00613495
0.00813581
0.00553568
0.00503293
0.00440916
0.00425319
0.00949665
0.00626962
0.00451894
0.00687136
0.00497304
0.00511516
0.00430299
0.00518575
0.0101013
0.00591968
0.00476085
0.00742569
0.00487127
0.0133305
0.00881409
0.0139546
0.0151199
0.00975081
0.00851583
0.0151095
0.0138029
0.00783894
0.0063242
0.00816379
0.00929926
0.00700095
0.00626196
0.00921647
0.00699027
0.00533449
0.00792047
0.00465942
0.00511504
0.00689653
0.00669674
0.0048392
0.00627923
0.00768186
0.0119251
0.00864501
0.0121373
0.0100024
0.00967646
0.00721883
0.00707877
0.00519063
0.0096888
0.00772589
0.00487538
0.00579134
0.00635997
0.00518646
0.00546449
0.00316246
0.00170233
0.00448968
0.0097381
0.00213659
0.00190615
0.00494323
0.00355874
0.00106586
0.000456856
0.000845343
0.00279008
0.000698427
0.000605218
0.00105971
0.000633849
0.00481117
0.00189039
0.00461718
0.00704069
0.00334783
0.00266272
0.00422396
0.00302155
0.0166747
0.0108978
0.0134059
0.0199538
0.0154108
0.0130556
0.0180612
0.0151602
0.00117556
0.00305649
0.00861656
0.0055776
0.00236058
0.00301639
0.00586983
0.00695089
0.00115183
0.00395321
0.00115982
0.00254506
0.00162431
0.00143536
0.00201286
0.00136296
0.0048018
0.0128756
0.00819167
0.0105058
0.00881357
0.0108804
0.00794238
0.00991908
0.00353125
0.00844717
0.00611156
0.00144345
0.00299445
0.00628863
0.0021989
0.00462062
0.00408072
0.0016943
0.00444625
0.0068955
0.00297733
0.00241314
0.004165
0.00306177
0.000702854
0.000352457
0.000834429
0.00243705
0.000541205
0.000473392
0.000937374
0.000538597
0.00398463
0.00132742
0.00248022
0.00907776
0.00337288
0.00152043
0.00469075
0.00166182
0.0129697
0.0101733
0.0156247
0.0169706
0.0147266
0.0123087
0.0167544
0.0142868
0.00131748
0.00337389
0.00869204
0.00603964
0.00204497
0.00279576
0.0042871
0.0058331
0.000974148
0.00357837
0.00091514
0.00220523
0.0011544
0.00129885
0.00172391
0.00147936
0.00455841
0.0105112
0.00798966
0.0129764
0.00822281
0.00735352
0.0108479
0.00973902
0.00267504
0.00798301
0.00491464
0.000909952
0.0028025
0.00641427
0.00217012
0.00519965
0.0172671
0.016089
0.010746
0.0142032
0.0175799
0.0146267
0.0151194
0.0127678
0.0101368
0.00361296
0.00188445
0.0072339
0.00630139
0.00252775
0.00480338
0.00233108
0.00265396
0.00107149
0.000441148
0.00123548
0.00136573
0.000700757
0.00082077
0.000602857
0.00818316
0.00746912
0.0033711
0.00618168
0.00576756
0.00556506
0.00446409
0.00458304
0.0147962
0.00925619
0.0122134
0.00684692
0.0125727
0.01137
0.012389
0.011347
0.00881731
0.00515758
0.00129161
0.0051507
0.00686136
0.00404414
0.00544899
0.00314145
0.00688508
0.0103194
0.00548005
0.00250105
0.0065616
0.00884168
0.00364683
0.00477119
0.00376914
0.00179725
0.00424541
0.00123673
0.00192629
0.00228574
0.00228001
0.0033181
0.0139573
0.0124456
0.0125835
0.00587252
0.0127676
0.0144935
0.00761665
0.00693171
0.00909065
0.00510345
0.00513181
0.00392917
0.00670932
0.00746904
0.00542387
0.00447039
0.0103746
0.00519632
0.00580785
0.00607386
0.0074169
0.00838219
0.00599523
0.00472676
0.00583335
0.00391382
0.00442867
0.00404411
0.00522302
0.00450869
0.00492031
0.0041347
0.0103719
0.0104821
0.00544482
0.00450665
0.00605218
0.00604325
0.00474365
0.00503905
0.011654
0.00441675
0.00788787
0.0123646
0.00578603
0.00540737
0.00948163
0.00697842
0.00776071
0.00560482
0.00492184
0.00595711
0.00570992
0.00526645
0.00531919
0.00511903
0.0065339
0.00466462
0.00406949
0.00457446
0.00572957
0.0050831
0.00587217
0.00411252
0.00433982
0.00405409
0.00541611
0.00446058
0.00429829
0.00512851
0.00531749
0.00537996
0.00404741
0.00582004
0.0106981
0.00565977
0.00432002
0.00496371
0.00496209
0.00765198
0.00527811
0.0133672
0.0161682
0.0132964
0.00568002
0.00982307
0.00846785
0.0124834
0.0046009
0.00563307
0.0107063
0.00565513
0.0045537
0.00489685
0.00503154
0.00774533
0.0040635
0.00518267
0.00429977
0.00437145
0.00465145
0.0048472
0.00408024
0.00481159
0.00470575
0.00485284
0.00783841
0.00490757
0.00470797
0.00457207
0.00460104
0.00433492
0.00500111
0.00491526
0.00489643
0.00735109
0.00458013
0.00466468
0.00439197
0.00458592
0.00531447
0.0102296
0.00761725
0.0101869
0.00596358
0.00729435
0.00602604
0.0105282
0.0524918
0.0371811
0.0232931
0.0254595
0.0445251
0.0367979
0.0285783
0.026873
0.0193093
0.00595561
0.00444316
0.0106903
0.0139534
0.00907371
0.0107496
0.00729219
0.0131177
0.0045728
0.00613667
0.00952677
0.00963433
0.00722879
0.00917801
0.00664445
0.020213
0.0169137
0.013271
0.0188647
0.0205704
0.0194825
0.01901
0.0191828
0.0293097
0.0185392
0.0248384
0.0184412
0.0207804
0.0225719
0.0200502
0.0216709
0.0223264
0.0140314
0.00707197
0.0154519
0.0172309
0.0137177
0.0132313
0.00988027
0.0157984
0.0223581
0.0172296
0.0136063
0.0150082
0.0218295
0.0145615
0.0198373
0.0131177
0.0120252
0.0137364
0.00578491
0.0106422
0.0115677
0.00812944
0.00864846
0.00430089
0.00416911
0.00459305
0.00562099
0.00514196
0.00419167
0.00535973
0.00495816
0.00415159
0.00595842
0.00594006
0.00929777
0.00503896
0.0049101
0.00617707
0.00799478
0.00497974
0.00588628
0.00570007
0.00884257
0.00471533
0.00488958
0.00625091
0.00790876
0.00576301
0.0105173
0.0101389
0.0115846
0.00671613
0.00766285
0.00861508
0.011195
0.00484498
0.00477776
0.00488852
0.00576658
0.00478381
0.00471352
0.00488633
0.00483214
0.00415775
0.00656281
0.0049405
0.0043182
0.00465775
0.00528715
0.00429232
0.00485258
0.00513054
0.00511509
0.00742308
0.00769175
0.00531267
0.00499464
0.00592348
0.00628038
0.00506024
0.0100866
0.010101
0.00807738
0.00524504
0.00667147
0.00617503
0.00943362
0.00632121
0.0148532
0.0095364
0.0144369
0.0088433
0.013072
0.00775462
0.00967881
0.0242986
0.0331068
0.0234767
0.036152
0.0256148
0.0302205
0.0210874
0.0233211
0.00957354
0.0151254
0.00723693
0.0134936
0.00954637
0.0129751
0.00780314
0.00912707
0.0293252
0.0416795
0.0273995
0.0492414
0.0367727
0.036116
0.0351848
0.036792
0.0166031
0.0106156
0.0201684
0.0326122
0.0138209
0.0115633
0.0255843
0.0215271
0.0220861
0.0312733
0.0210293
0.0149552
0.0162684
0.0180595
0.0158628
0.0157115
0.00896264
0.0192946
0.0296432
0.0186294
0.0183739
0.0218534
0.0215919
0.0267445
0.0105122
0.0182969
0.0309423
0.0158839
0.0113526
0.0209623
0.0133229
0.0237273
0.0066068
0.0121107
0.013388
0.0119744
0.00790005
0.00877688
0.0100656
0.0104794
0.023044
0.0373765
0.0350209
0.0266363
0.0270375
0.0326368
0.0251513
0.0332898
0.0208075
0.032066
0.0248035
0.0218699
0.0207038
0.0223355
0.0236444
0.023665
0.0169354
0.0212432
0.0197174
0.0166341
0.0162747
0.0161278
0.0185942
0.0171725
0.0154494
0.0141148
0.0125821
0.0201369
0.0149443
0.0115518
0.0171828
0.0128646
0.0185395
0.0222948
0.0303516
0.0145864
0.0195437
0.021633
0.0190826
0.0230287
0.0172867
0.0154207
0.0192604
0.0209471
0.0183867
0.0148225
0.018017
0.0154459
0.016624
0.0195191
0.023111
0.0316854
0.0174598
0.0181464
0.0225301
0.0226113
0.00422609
0.00388874
0.00401166
0.00527461
0.00472729
0.00392831
0.00499236
0.00440467
0.00383122
0.00384083
0.00384586
0.00480093
0.00396122
0.00383898
0.0043321
0.00404271
0.00399788
0.00391546
0.00453842
0.00584277
0.00419969
0.00391236
0.00469565
0.00469397
0.00543679
0.00569598
0.00722168
0.00894861
0.00580273
0.00507332
0.00735381
0.0073833
0.00403138
0.00430706
0.0053303
0.0046503
0.00423076
0.00442458
0.00442873
0.00462626
0.00383921
0.0044668
0.00381638
0.00385277
0.00399294
0.00411833
0.0038491
0.00396487
0.00462763
0.00519398
0.00532392
0.00598968
0.00477932
0.0049587
0.00474629
0.00488012
0.00423571
0.00592424
0.00537227
0.00420894
0.00430358
0.00437128
0.00438135
0.00477199
0.0357522
0.0217236
0.0221274
0.0274029
0.0276302
0.0256168
0.0269365
0.0244594
0.0112292
0.00455622
0.00557808
0.00929103
0.00660836
0.00560811
0.00780516
0.00644278
0.0159285
0.00731379
0.0102193
0.0119658
0.0103629
0.00966738
0.0118032
0.0108265
0.0226041
0.01405
0.0131474
0.0151408
0.01567
0.0142203
0.0143253
0.0133583
0.0155035
0.0187899
0.0208945
0.0113733
0.0168847
0.0195674
0.0174872
0.0202363
0.014333
0.00996961
0.00728696
0.0175697
0.014872
0.00901874
0.0132007
0.00807948
0.0202756
0.0226588
0.0122949
0.0128137
0.020943
0.0215089
0.0124553
0.013538
0.0181371
0.0117758
0.0107153
0.00793377
0.0109185
0.0114014
0.00900941
0.00974502
0.00476374
0.00480009
0.0134953
0.0119993
0.00686749
0.00754578
0.00994026
0.010009
0.0052307
0.00570907
0.0177197
0.0118469
0.00770104
0.00937666
0.0108626
0.0130584
0.022667
0.0321822
0.0437051
0.0411372
0.0266775
0.0349167
0.0282667
0.0388426
0.0236781
0.0241941
0.0401975
0.039899
0.0314297
0.0306493
0.0372405
0.0380038
0.00652314
0.0139397
0.0167696
0.0176498
0.00884021
0.0111155
0.0106069
0.015284
0.00813604
0.0169471
0.0217882
0.0163438
0.0108673
0.0140877
0.0140916
0.0170725
0.0165946
0.0218446
0.0227504
0.0358659
0.0232348
0.021461
0.0303945
0.0274108
0.018577
0.0384577
0.0225303
0.0256995
0.0221906
0.0302793
0.0200789
0.0243213
0.0123906
0.00508775
0.0103785
0.0108236
0.00880006
0.00633583
0.0114727
0.00705819
0.00468262
0.00408683
0.00393763
0.00416346
0.00445179
0.00430228
0.00442174
0.00394797
0.00896118
0.00402481
0.0058636
0.00582593
0.0060364
0.00467373
0.00784671
0.00479308
0.00913098
0.00446345
0.00578414
0.00568679
0.00612637
0.00463793
0.00769206
0.00472672
0.00477814
0.00739171
0.0076616
0.00459822
0.00464629
0.00592349
0.00471247
0.00548146
0.00461032
0.00444197
0.00443093
0.00542859
0.00446512
0.00446512
0.00445715
0.00448322
0.00996357
0.0100372
0.00460546
0.00784386
0.00898316
0.00607675
0.00608501
0.00501707
0.00611629
0.00478561
0.00405131
0.0040355
0.00505046
0.00473744
0.00447287
0.00405697
0.0192253
0.0156383
0.00971486
0.0149814
0.0178359
0.0157696
0.0135919
0.0118495
0.0101137
0.00863513
0.00203603
0.00629935
0.0077716
0.00580613
0.00438584
0.00312281
0.00182124
0.000572166
0.000218361
0.000521727
0.000712114
0.000386737
0.000327537
0.000297718
0.00734676
0.00383596
0.000837477
0.00159134
0.00428829
0.00290528
0.00112512
0.00110365
0.0130012
0.00798585
0.0129421
0.0067851
0.00974436
0.0099091
0.0107983
0.0111571
0.0111631
0.00516159
0.00195743
0.00584075
0.00776011
0.0042928
0.0056408
0.00311551
0.00381971
0.00622867
0.00254126
0.000561692
0.00401595
0.0051681
0.00180382
0.00233898
0.0027419
0.000590094
0.00206051
0.000845819
0.00101364
0.00117661
0.00102812
0.00152386
0.02535
0.0251753
0.0209604
0.0523419
0.0241784
0.0256991
0.0215024
0.0219659
0.0242615
0.0227459
0.0179375
0.0421407
0.0228614
0.0237152
0.0216405
0.0197474
0.018029
0.0165061
0.0273221
0.137306
0.0169566
0.0174607
0.0217909
0.0216954
0.172067
0.0988786
0.343211
0.632485
0.167493
0.14622
0.304071
0.26804
0.0239622
0.0199115
0.0479874
0.0470556
0.0232418
0.022997
0.0451859
0.0453184
0.0252772
0.0455692
0.0191306
0.021242
0.0226953
0.023426
0.0201505
0.01871
0.0186561
0.0719216
0.0564668
0.102918
0.0482742
0.0642545
0.0459595
0.0681517
0.0183774
0.0898875
0.0504778
0.0161387
0.0185523
0.0420811
0.0168503
0.0376588
0.00300235
0.00265737
0.0100645
0.0108672
0.00466369
0.00480409
0.00743124
0.00702424
0.002237
0.0025411
0.00901336
0.0077197
0.00322855
0.00390186
0.00515496
0.00609432
0.0172908
0.0178397
0.0253847
0.0567325
0.0162028
0.018224
0.019343
0.0205928
0.0347121
0.0337418
0.0802624
0.0939491
0.0587158
0.0499163
0.0820121
0.0723997
0.00348203
0.0103545
0.018521
0.0173427
0.00547286
0.00811089
0.00928529
0.0156619
0.00391543
0.0132139
0.0106999
0.0106674
0.00567346
0.00719148
0.00815994
0.00892947
0.0136306
0.0260957
0.0269486
0.0567098
0.0268883
0.0248146
0.042942
0.0380592
0.0129725
0.0509749
0.0208888
0.0135228
0.0139279
0.0345404
0.0115347
0.0232104
0.00419962
0.0039946
0.00433622
0.0051563
0.00466743
0.0040262
0.00490051
0.00461089
0.0040192
0.00593777
0.0058182
0.00892571
0.00486198
0.00487174
0.00612205
0.0078766
0.00454007
0.00576115
0.00566795
0.00882844
0.00464876
0.00472879
0.00625927
0.00782097
0.0054503
0.010199
0.0102452
0.0112932
0.00629701
0.00712671
0.00876531
0.011249
0.00452324
0.00455808
0.0046058
0.0054371
0.00454589
0.00454705
0.00459604
0.0046013
0.00402951
0.00611491
0.00477367
0.00411809
0.00447426
0.00508883
0.00410243
0.00473227
0.00482464
0.00494792
0.00741859
0.00771583
0.00502644
0.00482634
0.00548506
0.0059658
0.00474787
0.0100536
0.00993353
0.00783955
0.00502528
0.00611415
0.00611112
0.00897625
0.00429317
0.00459495
0.0118036
0.00935519
0.00567282
0.00671312
0.00804378
0.00890831
0.00634616
0.00758877
0.0216691
0.0177158
0.0098367
0.011716
0.0133914
0.0156692
0.0249204
0.0418373
0.05906
0.056415
0.0352939
0.045045
0.0385011
0.0540201
0.0240589
0.0352877
0.0555115
0.0535948
0.040956
0.0409892
0.0475413
0.0521512
0.00726357
0.014158
0.016695
0.0254278
0.00967413
0.0111632
0.0125721
0.0163737
0.00934578
0.0251558
0.0272087
0.0176343
0.0127031
0.0177029
0.0158519
0.0215053
0.0165429
0.0207032
0.0310474
0.0463715
0.0243607
0.0232268
0.039505
0.0342556
0.0210511
0.0544627
0.03377
0.0334587
0.0282533
0.0425626
0.0258358
0.0359971
0.0118318
0.00509382
0.0108355
0.0107206
0.00863851
0.00580532
0.0115699
0.00645061
0.00479974
0.00401473
0.00388822
0.00385883
0.00434416
0.00428047
0.00405872
0.00387097
0.00934661
0.00391983
0.00603407
0.00584738
0.00631085
0.00473558
0.00799597
0.00470241
0.00907765
0.00395912
0.00584673
0.00592081
0.00612846
0.00462285
0.00777746
0.00468532
0.00475734
0.00776846
0.00766854
0.00439098
0.00452612
0.00551323
0.00447186
0.00511949
0.00470049
0.00421895
0.00419103
0.00509233
0.00445127
0.00426258
0.0044928
0.00431206
0.0103941
0.0102072
0.00431986
0.00790713
0.0091052
0.00568759
0.00619329
0.00483033
0.00560171
0.00466474
0.00394969
0.00389996
0.00482568
0.00463053
0.00423423
0.00395124
0.00383576
0.00382894
0.00421494
0.003846
0.00383876
0.00396156
0.00399471
0.00409562
0.00387291
0.0042653
0.00585633
0.0040564
0.00395288
0.00486226
0.00452689
0.00521625
0.00476528
0.00618195
0.00959033
0.00675713
0.00488165
0.00628386
0.00619727
0.00730679
0.00391546
0.00402168
0.00545283
0.0045324
0.0039243
0.00420371
0.00452436
0.0045214
0.00384198
0.00423144
0.00384641
0.00387287
0.00405114
0.00413225
0.00387146
0.00402376
0.00403494
0.0044003
0.00619108
0.00451915
0.00432055
0.00458775
0.00448482
0.00477707
0.00438748
0.00411895
0.00430549
0.00500435
0.00427338
0.00417232
0.00430595
0.0042765
0.00460934
0.00569962
0.00466377
0.00540291
0.00476879
0.00464822
0.00500597
0.00479532
0.0849113
0.0843296
0.0725847
0.0310796
0.0854156
0.0893792
0.0595872
0.0584062
0.0620164
0.0325984
0.0359666
0.0214352
0.0344403
0.0365691
0.027422
0.0275008
0.0542342
0.0388405
0.052704
0.0241648
0.034603
0.0400309
0.0310108
0.0341873
0.00760629
0.0105736
0.0117378
0.00447185
0.00669327
0.00852661
0.00565829
0.00667745
0.0638733
0.0551527
0.0247226
0.016113
0.0463534
0.0421197
0.027844
0.0285531
0.0662787
0.0191427
0.0394851
0.0597555
0.0450796
0.0243793
0.0570122
0.0347131
0.0395608
0.0164999
0.0128444
0.0157242
0.0181973
0.0157619
0.0162564
0.0110494
0.0387802
0.0176107
0.0139942
0.0311927
0.0269662
0.0197803
0.0295826
0.0213355
0.00550774
0.00410459
0.00542696
0.0104344
0.00513415
0.00423136
0.00766286
0.00493864
0.00412266
0.00427008
0.00399356
0.0055795
0.00488948
0.00414956
0.00533083
0.00481427
0.00545359
0.00401472
0.00561938
0.0101073
0.00488054
0.00421788
0.00728477
0.00484796
0.0129971
0.00576116
0.0128087
0.0156389
0.00868836
0.00578685
0.0122359
0.00943565
0.00475664
0.00492916
0.0073737
0.00531471
0.00474074
0.00465245
0.00482862
0.00445713
0.0040121
0.00518479
0.00400401
0.00426317
0.00466197
0.00478853
0.00403644
0.00459186
0.00743427
0.0100433
0.00546861
0.0097174
0.0101352
0.00688532
0.0061964
0.00600597
0.00487247
0.00740813
0.00493199
0.00461828
0.0045547
0.00437424
0.00468544
0.00465528
0.00422157
0.00409411
0.0042781
0.00572574
0.00417394
0.00398468
0.0050121
0.00495571
0.00430701
0.00497317
0.003984
0.00640653
0.00453649
0.00443928
0.00462443
0.00474089
0.00424965
0.00389816
0.0042781
0.00617683
0.00412257
0.0039121
0.00482345
0.00458638
0.00925328
0.00732756
0.00848907
0.011041
0.00612211
0.0061712
0.008383
0.00859286
0.00435674
0.00420146
0.00535792
0.00519316
0.0044539
0.00461303
0.00495608
0.00509194
0.00416847
0.00527473
0.00397349
0.00398831
0.00431642
0.00438838
0.00404131
0.00417084
0.00505331
0.00985109
0.00536993
0.00633356
0.00683807
0.00980283
0.00481976
0.00516481
0.00472655
0.00568855
0.00560361
0.00421876
0.00440237
0.00455271
0.00429804
0.00446525
0.00397275
0.0104521
0.0122861
0.0053434
0.00601789
0.00809813
0.0075428
0.00940111
0.0281364
0.0482094
0.045184
0.0267788
0.0375677
0.0459224
0.0348186
0.0431251
0.0218547
0.0378282
0.030384
0.0238066
0.021223
0.0239414
0.0244308
0.0243619
0.006841
0.0131931
0.0170308
0.00875693
0.00860412
0.0104269
0.0112578
0.0130412
0.0176813
0.0136608
0.00717971
0.0176342
0.0162546
0.011142
0.0114961
0.00909621
0.0232049
0.0221416
0.0381264
0.0160114
0.0228579
0.0287759
0.0236439
0.0310149
0.0162938
0.00928793
0.0163584
0.0181808
0.0143275
0.0110689
0.0142043
0.0120097
0.0174928
0.0187178
0.0209707
0.0355161
0.0181475
0.0157101
0.0284612
0.021835
0.0537506
0.0276656
0.024164
0.0420846
0.0466724
0.0372078
0.0448145
0.0345248
0.00948561
0.00395431
0.00403268
0.0103331
0.00665833
0.00482127
0.00785776
0.0062017
0.00915811
0.00449619
0.00508348
0.0133566
0.00818568
0.00610536
0.0101893
0.00781697
0.0309932
0.0164807
0.0201816
0.0215893
0.017658
0.0165141
0.0204797
0.0206529
0.0199738
0.0194177
0.0304
0.011599
0.0196193
0.0242996
0.0205106
0.0259056
0.0145085
0.0100541
0.00524556
0.0144005
0.0132815
0.00832492
0.00893934
0.00686794
0.0178612
0.0315299
0.0135785
0.0166803
0.0187616
0.0247445
0.0132837
0.0143701
0.0131788
0.0154118
0.0126906
0.00675868
0.00998616
0.0118866
0.00859455
0.0112341
0.00871028
0.0153998
0.0112727
0.023126
0.010127
0.0142694
0.00910343
0.0110557
0.0238104
0.0347914
0.0272136
0.0904124
0.025097
0.0327278
0.0242085
0.0278658
0.0113658
0.0171274
0.00749452
0.0205843
0.0117051
0.0151808
0.009305
0.01037
0.0661783
0.125143
0.0643556
0.181574
0.111966
0.104462
0.0968243
0.0932975
0.0160418
0.0125076
0.0363541
0.0810021
0.0154446
0.0135518
0.0518114
0.0436675
0.0223394
0.0766454
0.024917
0.0176114
0.0182898
0.0222767
0.0185777
0.019257
0.0110448
0.0384975
0.0682416
0.0362996
0.037208
0.0464735
0.0446298
0.0613594
0.0127484
0.031562
0.0653358
0.019123
0.0145268
0.0380256
0.016777
0.0458374
0.00454959
0.00389417
0.00398795
0.00574332
0.0045723
0.00388391
0.00463104
0.00420394
0.00383806
0.00382499
0.00384661
0.00414037
0.00397036
0.00382596
0.00408241
0.0040101
0.00401825
0.00395205
0.00431697
0.00577354
0.0044659
0.00392838
0.005215
0.00499897
0.00715649
0.00475626
0.00674994
0.0098526
0.00647536
0.00492181
0.00732256
0.00627895
0.00407708
0.00424996
0.00527006
0.00446409
0.00416128
0.00426916
0.00435928
0.00435545
0.00382643
0.00418581
0.0038343
0.00386196
0.00398241
0.00407126
0.00385824
0.0040193
0.00462089
0.00588822
0.00466406
0.00534318
0.00473424
0.00472125
0.00492225
0.00480446
0.00434559
0.00589723
0.00447266
0.00420929
0.00447501
0.0046294
0.00428355
0.00452366
0.00450136
0.00422121
0.00670645
0.00469078
0.00447853
0.00575109
0.00604465
0.00639433
0.00423323
0.00604247
0.0127592
0.00597372
0.00451194
0.00540647
0.00517342
0.0087633
0.00638139
0.0174942
0.0207004
0.0147106
0.00595823
0.0138998
0.00858169
0.0170921
0.00484871
0.0059405
0.0106863
0.00591582
0.00462059
0.00505075
0.00528632
0.00822651
0.00418816
0.00589466
0.00453832
0.00448787
0.00489035
0.00505475
0.00418661
0.00507916
0.00508487
0.00507146
0.0103752
0.00566896
0.00509082
0.00482038
0.00520963
0.00464837
0.00650561
0.00554875
0.00512409
0.00662267
0.00492839
0.00503111
0.00467188
0.00483499
0.0060984
0.0123051
0.00849515
0.0135158
0.00572233
0.00964136
0.00529284
0.0121179
0.0640001
0.07035
0.0540983
0.0763047
0.0697076
0.0587689
0.0730718
0.0617363
0.0597272
0.0303133
0.0275307
0.0409956
0.0454764
0.0335193
0.0391749
0.0289288
0.0455443
0.0317055
0.0351353
0.0438033
0.043739
0.0351915
0.0423571
0.035656
0.0788326
0.0469323
0.0500717
0.056432
0.0717697
0.0676536
0.0561218
0.0523708
0.0598913
0.0599727
0.0721161
0.0592797
0.0693775
0.0590646
0.0673305
0.0612911
0.0510664
0.0538787
0.0301381
0.0532453
0.0648027
0.0507855
0.0478879
0.0470905
0.0577935
0.0852844
0.0454859
0.0480618
0.0613073
0.0859512
0.0681881
0.0653961
0.0536106
0.0452674
0.0399161
0.0316039
0.045155
0.0458234
0.0375719
0.038475
0.0254976
0.058671
0.0214675
0.0175387
0.0202562
0.0245777
0.0186173
0.0186188
0.0811345
0.100923
0.041665
0.0285578
0.0668355
0.072198
0.0523412
0.0555792
0.0113709
0.0108262
0.0025129
0.00291038
0.00820105
0.00716379
0.00521781
0.0043758
0.0106793
0.00950401
0.00372709
0.00551286
0.00794972
0.00662969
0.00655091
0.00510245
0.0481169
0.0161285
0.0136315
0.0185572
0.0369526
0.0157724
0.0209472
0.0119856
0.0628707
0.0229946
0.0340102
0.0158057
0.0452116
0.0401831
0.0360221
0.0336768
0.012819
0.0119928
0.0143988
0.00532848
0.00946499
0.00990259
0.00701822
0.00821203
0.011786
0.00446886
0.0168915
0.0239453
0.00968737
0.00649569
0.0216696
0.0124217
0.0114054
0.00500579
0.0102598
0.0105776
0.00829798
0.00580399
0.0111209
0.00645278
0.00462782
0.00409071
0.00388762
0.00392488
0.00439983
0.00441497
0.00416007
0.00387615
0.00897698
0.00392677
0.00579931
0.00574596
0.00611747
0.00469464
0.00772884
0.00465042
0.00903625
0.00398433
0.00570984
0.00569891
0.00612373
0.00469248
0.00764151
0.00462693
0.0048155
0.00741176
0.00762051
0.00443028
0.00463491
0.00555495
0.00452432
0.00516683
0.00477622
0.00428614
0.00422044
0.00508146
0.00453954
0.00434769
0.00450657
0.00434273
0.00991133
0.0100716
0.00441873
0.00771323
0.00881898
0.00571852
0.00604892
0.00488561
0.00561221
0.00465806
0.00396658
0.00390879
0.00480715
0.00457346
0.00425874
0.00397043
0.0149751
0.0105655
0.00964585
0.0173387
0.0139243
0.0124759
0.0128335
0.0138666
0.00682798
0.00462648
0.00466994
0.00861383
0.00664448
0.00513468
0.00702144
0.00499628
0.00624923
0.00474662
0.00512075
0.00674292
0.0069115
0.00577892
0.00625548
0.00560573
0.0157226
0.0118406
0.00695792
0.0189551
0.0136195
0.0109044
0.0112879
0.00750525
0.0108233
0.0151497
0.0184056
0.0141335
0.0152507
0.0165772
0.0174546
0.0203866
0.00734923
0.0105011
0.00554004
0.0136262
0.0100676
0.00902592
0.00880951
0.00798513
0.00688359
0.00999286
0.0112119
0.00684375
0.00666871
0.00725823
0.00903332
0.00889985
0.007382
0.00743878
0.00981873
0.00514733
0.00784819
0.00946343
0.00710281
0.00849554
0.004193
0.00412225
0.00515948
0.00421534
0.00410345
0.00491948
0.00488889
0.00503063
0.00432145
0.0059871
0.0129466
0.00594172
0.00448294
0.00526327
0.00519599
0.00915662
0.00529463
0.0187282
0.0218521
0.0157695
0.00590025
0.0147034
0.00836968
0.0176959
0.00423703
0.00587343
0.0115269
0.00596022
0.00437207
0.00504717
0.00515939
0.00832013
0.00407221
0.0050948
0.00408996
0.0044066
0.00479005
0.0049016
0.00413897
0.00484551
0.00492302
0.00513306
0.0107887
0.00505841
0.00482271
0.00490876
0.00486164
0.00474762
0.00517297
0.00479364
0.00508832
0.00669633
0.00476647
0.00475114
0.00452523
0.00474473
0.00522944
0.0122051
0.00858268
0.0143277
0.00611919
0.00919943
0.00575885
0.0124308
0.01031
0.0168214
0.0181485
0.0190316
0.0117693
0.0122731
0.0185525
0.0161886
0.0417556
0.0789205
0.0603424
0.0802106
0.0663007
0.0673848
0.0739831
0.0773634
0.0217782
0.0331362
0.0149089
0.0327115
0.0233666
0.0187749
0.028338
0.0205801
0.0319993
0.0694471
0.0499507
0.0536236
0.0358211
0.0402065
0.0503955
0.0515591
0.0261794
0.0210156
0.0204932
0.0551004
0.0335975
0.0197718
0.036913
0.0223577
0.0307219
0.0579657
0.0457846
0.0195209
0.0393823
0.0524011
0.0377497
0.0486075
0.0297011
0.0304964
0.0632789
0.0445941
0.0313535
0.0295601
0.0345087
0.0369841
0.0237277
0.0373906
0.0696355
0.0479996
0.0276174
0.0311032
0.0531625
0.0595445
0.00497046
0.00596378
0.00501709
0.0087326
0.00502331
0.00506533
0.00708849
0.00505529
0.00457989
0.00431465
0.00428522
0.00787107
0.00560297
0.00432006
0.00596392
0.00511278
0.00505169
0.00446703
0.00535242
0.0103683
0.00577306
0.00466377
0.00776058
0.00522915
0.0117268
0.00819625
0.0141094
0.0153932
0.0080219
0.00705358
0.015061
0.0138918
0.00655154
0.00549285
0.00637976
0.0078103
0.00525852
0.00538728
0.00587962
0.00558849
0.00466189
0.00712962
0.00452119
0.004767
0.00511882
0.0065077
0.00418198
0.00610293
0.00713831
0.0104947
0.00770636
0.0121892
0.00917521
0.00865702
0.00644468
0.00652317
0.00492911
0.00967729
0.00724547
0.00578738
0.0056716
0.00594292
0.00560842
0.00565256
0.0008225
0.0017434
0.00285049
0.00582963
0.000950003
0.00152852
0.00222031
0.00290768
0.0028071
0.00471819
0.00988192
0.0139625
0.00298361
0.00383287
0.00773639
0.00908808
0.00628304
0.0109306
0.0100464
0.0172238
0.00713531
0.00937902
0.0076263
0.00887108
0.0156679
0.0215608
0.0268317
0.0260582
0.0181002
0.0198234
0.024225
0.0265768
0.00167976
0.00323053
0.00744102
0.0104601
0.00472505
0.00404377
0.00906222
0.00849564
0.00248564
0.0118827
0.00786987
0.00442695
0.00539345
0.00674142
0.00518305
0.00575943
0.00492137
0.0116234
0.0178589
0.0190583
0.0140731
0.0135546
0.0165777
0.0159517
0.00607784
0.0205385
0.0198314
0.00984337
0.00796058
0.0178972
0.00870091
0.0193446
0.00458354
0.00496733
0.00405597
0.00814611
0.00536711
0.00428734
0.00582856
0.0049461
0.00705977
0.00568398
0.00512468
0.0102458
0.00606186
0.00457851
0.00763104
0.00815358
0.00391874
0.00507499
0.00506712
0.008241
0.00514702
0.00430362
0.00625767
0.00693536
0.00692506
0.0118334
0.0108953
0.011707
0.00773466
0.00665306
0.0111083
0.0122826
0.00655229
0.00503736
0.00750794
0.00823171
0.00580136
0.00529987
0.00707104
0.00561631
0.0049671
0.00677987
0.00444296
0.00400361
0.00529084
0.00579307
0.00413872
0.00574304
0.00483881
0.00621996
0.0103301
0.00923175
0.00516519
0.00539124
0.00570664
0.00580758
0.00455842
0.010217
0.0116473
0.00753957
0.00523658
0.00542382
0.00677686
0.00908795
0.0189051
0.0110182
0.0148377
0.0157442
0.0148775
0.0126267
0.0161041
0.0133114
0.00411289
0.000608162
0.00129087
0.00187813
0.00135645
0.000678989
0.00176598
0.00113266
0.0100505
0.00200292
0.00372835
0.00637489
0.00488949
0.00201561
0.00569948
0.00280454
0.00887426
0.00358256
0.00641923
0.00522075
0.0038107
0.00398581
0.0045347
0.00554767
0.00746949
0.0113394
0.00977238
0.00258378
0.00853956
0.0101026
0.00773814
0.00905685
0.00529147
0.00204768
0.00117526
0.00749385
0.00595866
0.00252747
0.0064747
0.00290584
0.0125333
0.0104894
0.00316828
0.0055537
0.0110326
0.00968036
0.00474193
0.00419125
0.00837142
0.00509472
0.00291414
0.00179351
0.00428552
0.00362506
0.00331542
0.00337972
0.00816533
0.00652206
0.0110263
0.0157695
0.0104913
0.00805853
0.0119636
0.00969705
0.00531702
0.00467044
0.009225
0.0121744
0.00754745
0.00609904
0.0093334
0.00818099
0.0187699
0.01925
0.0289656
0.025272
0.0214047
0.0223778
0.0247032
0.0263533
0.0221904
0.0208956
0.0233443
0.0276183
0.0225754
0.0198616
0.0226001
0.0226285
0.00882673
0.0130621
0.0168929
0.0154231
0.0104987
0.0112965
0.0134851
0.0132745
0.00684609
0.0130127
0.0134825
0.0133349
0.00862745
0.0106296
0.00960495
0.0126568
0.0158131
0.017343
0.0166639
0.0225809
0.016077
0.0145535
0.0192635
0.0168644
0.0159201
0.024376
0.0153937
0.0172923
0.0192776
0.0206014
0.0166989
0.017789
0.00405766
0.00552492
0.00390107
0.00437072
0.00478311
0.00510359
0.00407903
0.0044584
0.0056963
0.0136524
0.0122193
0.0123975
0.00725803
0.0124899
0.00660483
0.0141536
0.00390944
0.00901216
0.00509244
0.00509975
0.00527852
0.0066089
0.00438235
0.00735758
0.00582606
0.00984279
0.00512905
0.00558363
0.00555285
0.00707839
0.00443965
0.00789371
0.00525337
0.00462086
0.00534667
0.00721178
0.00495284
0.00477341
0.00548941
0.00507177
0.00531161
0.0103177
0.0101533
0.00445577
0.00496379
0.00581979
0.0046787
0.0057705
0.00394633
0.004282
0.00608757
0.00441681
0.00400273
0.00486253
0.00559813
0.00548563
0.00435021
0.0076132
0.011958
0.0114156
0.00528278
0.00678193
0.00554857
0.00923621
0.00496987
0.00975599
0.00507762
0.00586209
0.00572108
0.00736511
0.00478516
0.00501976
0.013393
0.0164058
0.0142006
0.00696076
0.00839048
0.0155266
0.00724015
0.0137708
0.00511257
0.010114
0.00519131
0.00418385
0.00582996
0.00736622
0.00469163
0.00484355
0.00449888
0.00667025
0.00415368
0.00421631
0.0054581
0.00614962
0.00426563
0.00479439
0.00654555
0.00590898
0.0063739
0.00659519
0.00590235
0.00567285
0.00647009
0.00568165
0.0113742
0.00701128
0.0120513
0.00742706
0.00901706
0.00630655
0.00987215
0.00658676
0.00479933
0.0046304
0.006316
0.00450698
0.00435238
0.00552281
0.00597518
0.00609111
0.00502545
0.0046681
0.00609621
0.00954845
0.0056302
0.00489241
0.00597982
0.00510637
0.00427489
0.00421404
0.00535343
0.00415791
0.00422914
0.00509223
0.0049947
0.00521667
0.0041051
0.00563088
0.0105342
0.00552703
0.00426281
0.00499292
0.00493623
0.00759204
0.00532732
0.0133388
0.0159658
0.0129368
0.00582269
0.00950022
0.00945904
0.012751
0.00412851
0.00553212
0.0101972
0.00560195
0.00429414
0.0049763
0.00482534
0.00747115
0.004065
0.00516398
0.00404888
0.0043531
0.00470921
0.00494875
0.00410374
0.00475192
0.00476315
0.00490572
0.00771308
0.00525747
0.00473544
0.00462431
0.00488138
0.0044202
0.0050367
0.00463833
0.00489409
0.00749874
0.00471636
0.00459176
0.00440883
0.00463663
0.00538628
0.0100749
0.00756719
0.010284
0.00618259
0.00664276
0.00664768
0.0103567
0.0379359
0.0342324
0.0323761
0.0171239
0.0347335
0.0351145
0.0265044
0.0255769
0.0274385
0.024208
0.0213113
0.0179063
0.0211274
0.0228587
0.0184039
0.0190829
0.0287857
0.0221504
0.0269598
0.0281402
0.0252405
0.0230817
0.0255809
0.0266069
0.00822791
0.0129071
0.0155904
0.00664624
0.00878863
0.0106762
0.00787826
0.00901338
0.0288986
0.0274553
0.0149783
0.0138421
0.0217072
0.0209253
0.0159292
0.0163547
0.0300842
0.0157494
0.0213736
0.0266944
0.0211952
0.0172018
0.0251521
0.0204101
0.0237806
0.0119502
0.013309
0.0201768
0.0179892
0.0122459
0.0189073
0.0119972
0.0233878
0.0221256
0.0146654
0.0211959
0.019677
0.0210551
0.0204437
0.0232534
0.0387053
0.0425058
0.0634205
0.0392307
0.0410158
0.0387406
0.0389179
0.0364788
0.039817
0.0410389
0.0411897
0.0380841
0.0376129
0.0373747
0.0342744
0.0362123
0.0527294
0.0392874
0.0370831
0.0429219
0.035873
0.0366185
0.0380312
0.0396107
0.0429085
0.0404816
0.0487822
0.0455427
0.0435741
0.0409266
0.04411
0.0440367
0.0379742
0.0439956
0.0404148
0.0389534
0.0339977
0.0337485
0.037729
0.0357624
0.0357893
0.0366198
0.0383265
0.044254
0.0328464
0.0330821
0.0456418
0.0371404
0.0439598
0.0385171
0.0367997
0.0438374
0.0414865
0.0352186
0.0398539
0.0363792
0.0429062
0.0449454
0.0385343
0.0397734
0.0376534
0.040279
0.0382875
0.0418665
0.0272273
0.032597
0.0383019
0.0352204
0.0322993
0.0349993
0.035028
0.0352564
0.0332461
0.0291967
0.0274438
0.0484974
0.0286406
0.0311973
0.0276012
0.0278633
0.0417043
0.0310069
0.0343687
0.0438318
0.0398611
0.0400985
0.0404267
0.0356481
0.0404161
0.0466094
0.0432052
0.0383421
0.0385736
0.0372289
0.0423203
0.0406375
0.0309496
0.038814
0.0356547
0.0356825
0.030623
0.035178
0.0373408
0.0350564
0.0344237
0.0349046
0.0352427
0.0402547
0.0325705
0.0306966
0.035922
0.0327521
0.0404746
0.0401693
0.036906
0.0455084
0.0429973
0.0390554
0.0414458
0.0381103
0.0381574
0.0417122
0.037197
0.0315042
0.0372053
0.0409094
0.0321255
0.0362297
0.0271898
0.0416422
0.0304002
0.0247343
0.032385
0.0375036
0.0235522
0.0257972
0.0513514
0.0529269
0.0394094
0.0369042
0.0535679
0.0546414
0.0340691
0.0367605
0.0276596
0.0315629
0.0240359
0.0331775
0.025921
0.0290132
0.0197496
0.0212647
0.0260325
0.0315885
0.0483681
0.0312771
0.0304249
0.0282484
0.0261591
0.0262915
0.0457847
0.0287718
0.0292681
0.0360652
0.0291827
0.0261589
0.0323058
0.0283312
0.0494127
0.0342431
0.0366148
0.0326315
0.031383
0.0309436
0.0360523
0.0338345
0.0220763
0.0239924
0.0264737
0.02365
0.0206772
0.0244787
0.0210562
0.0241011
0.0235395
0.0225893
0.0277486
0.0264196
0.0226388
0.0213288
0.024222
0.0227784
0.0319307
0.0360167
0.0339499
0.0454499
0.0370697
0.0314883
0.0419299
0.0322274
0.0381351
0.0435717
0.0619114
0.0409997
0.0418751
0.0423971
0.0383803
0.0442274
0.0281676
0.0328218
0.0218541
0.0296821
0.0262075
0.0201094
0.0283044
0.021206
0.0526568
0.0411416
0.037649
0.0512089
0.0539583
0.0362713
0.0539394
0.0377193
0.0400415
0.0319619
0.0489642
0.0432725
0.0375886
0.0320161
0.0402265
0.0342122
0.0373982
0.0350759
0.032368
0.0248103
0.0358544
0.0346836
0.0274918
0.0276054
0.0349642
0.0517595
0.0393645
0.0367678
0.0376557
0.0353407
0.0353064
0.0345847
0.0257291
0.027559
0.0373808
0.0335993
0.0248998
0.0261424
0.0272909
0.0282251
0.0230531
0.0355197
0.0283893
0.0300453
0.01996
0.0208058
0.0298443
0.0264665
0.0741932
0.0476955
0.0480504
0.0435178
0.0466786
0.0466011
0.0411007
0.0453144
0.033231
0.0437871
0.0527234
0.0473865
0.0310992
0.0318025
0.0482916
0.050166
0.0374144
0.0426313
0.044698
0.0477687
0.035541
0.033694
0.0453617
0.0444723
0.0353172
0.0243133
0.0262172
0.0380121
0.0278025
0.0246498
0.0284845
0.0246624
0.0411927
0.0362454
0.035741
0.0237245
0.0293646
0.0352463
0.0293275
0.0336444
0.0343693
0.0361554
0.0384569
0.0446012
0.0342682
0.032241
0.0316595
0.0330999
0.0303538
0.0455853
0.0406986
0.0411539
0.0316377
0.0314801
0.0385212
0.0430228
0.0350953
0.0350299
0.0280592
0.0377711
0.0308612
0.0286533
0.0308028
0.0259822
0.0348043
0.0332443
0.0331316
0.0506148
0.031038
0.0321617
0.0292531
0.0293913
0.0251012
0.0305742
0.0215802
0.032547
0.0250045
0.0265349
0.0268792
0.0261128
0.0403962
0.0489129
0.0386821
0.0410158
0.0367925
0.0346263
0.0386226
0.0371652
0.0313096
0.0261403
0.0334968
0.0384454
0.0301176
0.0253924
0.0401812
0.0308276
0.0312915
0.0362763
0.031304
0.0269115
0.0285018
0.0283926
0.0301019
0.0280898
0.02794
0.0342896
0.0366367
0.0346459
0.0323565
0.0299422
0.0305468
0.0303497
0.0240699
0.0327144
0.0366909
0.0292359
0.0245906
0.0299894
0.0275359
0.0381049
0.0502908
0.0478557
0.0403555
0.0391345
0.0479999
0.0471633
0.0344295
0.0327035
0.0507749
0.0561662
0.0379066
0.0430095
0.0520961
0.0534152
0.0308994
0.0330539
0.0332455
0.0325793
0.0263331
0.0402251
0.0285543
0.0296407
0.0209416
0.02128
0.0346077
0.0413579
0.06181
0.0352464
0.037236
0.0381099
0.0268544
0.037941
0.0478814
0.0348403
0.0398064
0.0410219
0.0309056
0.0310999
0.0397476
0.0367264
0.0487386
0.0403896
0.0343267
0.035514
0.030601
0.0295023
0.0380337
0.0324974
0.0252169
0.0270522
0.0255375
0.0242732
0.0239711
0.0253884
0.0229976
0.0240446
0.024689
0.0347347
0.0293924
0.0258465
0.0239764
0.0262134
0.0234082
0.0276774
0.0348936
0.0653998
0.0324767
0.0386904
0.0416171
0.0449266
0.0360811
0.0329492
0.0535795
0.0334742
0.0374578
0.0412388
0.0348496
0.0334162
0.0364917
0.0418209
0.0335511
0.043546
0.0376723
0.0518004
0.0473261
0.0480508
0.0484413
0.0433032
0.0443956
0.0491655
0.0579628
0.0526398
0.0472203
0.0472009
0.0576125
0.0586945
0.0457398
0.0400465
0.0388332
0.0419885
0.0354838
0.0382539
0.0393726
0.0382838
0.0496707
0.0384903
0.0380101
0.0407918
0.0342272
0.0350744
0.0342007
0.0375789
0.0375156
0.0429005
0.0481228
0.057929
0.041086
0.0415335
0.0491842
0.0467876
0.0338022
0.0553747
0.0518446
0.0481011
0.0447491
0.0469163
0.045092
0.0488537
0.0473293
0.0314582
0.0328415
0.0816841
0.0414832
0.0367836
0.0418205
0.0345428
0.0187187
0.0089126
0.00743323
0.0199476
0.0146243
0.0117466
0.0129268
0.00993007
0.0160391
0.00616151
0.00467772
0.0143863
0.0123556
0.00914632
0.010005
0.00736272
0.0901305
0.0512999
0.0379809
0.106546
0.0900949
0.0680324
0.0748864
0.0649393
0.0254795
0.0263992
0.0782581
0.0392608
0.0236644
0.0300458
0.0422172
0.0593865
0.0220396
0.0282997
0.0108515
0.022127
0.0195099
0.0166015
0.0178073
0.0140821
0.0231391
0.0655618
0.0404204
0.0326262
0.0374447
0.0570325
0.0361685
0.0520332
0.0189301
0.0257986
0.0309705
0.00912822
0.0158766
0.0258246
0.0122692
0.0186953
0.00551499
0.00408356
0.00544964
0.00986892
0.0048103
0.00422586
0.00732057
0.0049169
0.00411202
0.00425136
0.00409882
0.00500285
0.00486211
0.00418832
0.00487093
0.00486231
0.00545558
0.00408244
0.00554138
0.00960212
0.0048983
0.00423267
0.00720224
0.00479765
0.0120741
0.00494325
0.0117346
0.0137595
0.00848152
0.00543828
0.0112917
0.00841949
0.00455954
0.00482925
0.00714858
0.00483232
0.00451066
0.00456772
0.00463101
0.00432196
0.00402616
0.00494801
0.00402053
0.00433529
0.00467556
0.00482671
0.00406135
0.00465399
0.00726628
0.00949501
0.0050231
0.00925356
0.00983614
0.0063349
0.0063693
0.0058536
0.00483218
0.0069222
0.00482374
0.00455575
0.00454649
0.00429293
0.00451901
0.00464274
0.00551675
0.0138039
0.00832728
0.00359417
0.00662037
0.00839863
0.0041341
0.0059895
0.0252599
0.0385409
0.107747
0.0350241
0.0270997
0.0288662
0.0262451
0.036765
0.0287474
0.0961942
0.118978
0.0420835
0.0495304
0.0753246
0.0520319
0.0738913
0.00363566
0.0159422
0.0147048
0.00442349
0.00665933
0.00979441
0.00460832
0.00752649
0.0143588
0.0132011
0.00576221
0.018077
0.0107511
0.00807861
0.0124231
0.00763296
0.0167548
0.0231999
0.0791192
0.0205894
0.01446
0.0207383
0.0254471
0.0483624
0.0157326
0.00403737
0.0139778
0.0218059
0.0106195
0.00650765
0.0199443
0.0104695
0.0243318
0.0310562
0.0195008
0.0681703
0.0413694
0.033189
0.0492883
0.0384382
0.00431858
0.00440543
0.00515712
0.00422945
0.00417066
0.00523714
0.00510606
0.00508519
0.00446927
0.00582122
0.0110096
0.00579511
0.00446568
0.00493286
0.00495406
0.00793354
0.00499302
0.014675
0.0201699
0.0175661
0.00586476
0.00833345
0.0138161
0.0161444
0.0043661
0.00585099
0.012536
0.00589259
0.00451327
0.00520398
0.00519962
0.00890324
0.00418428
0.00507493
0.00413266
0.00445565
0.00490941
0.00498513
0.00419326
0.00487235
0.00493056
0.00507075
0.00682072
0.00503707
0.00473583
0.00470876
0.00475292
0.00449825
0.0049281
0.00495474
0.00507009
0.0104665
0.00477423
0.00479979
0.00473019
0.00490928
0.00507014
0.0136482
0.00833629
0.0113794
0.00617729
0.00585982
0.00876364
0.0117887
0.0156105
0.0193239
0.0136894
0.00663005
0.00988282
0.0152904
0.00754644
0.0101861
0.0225074
0.0279803
0.0225015
0.0110231
0.0150871
0.0209656
0.0122235
0.0155209
0.0132761
0.0190291
0.0122885
0.00718184
0.00879079
0.0127492
0.00737787
0.00894272
0.00764212
0.00987576
0.0075096
0.00571311
0.00731261
0.00753892
0.00718722
0.00762734
0.0124115
0.00925564
0.00681279
0.00826864
0.00975026
0.00804526
0.00850254
0.00700123
0.0182652
0.00837653
0.0170175
0.0137257
0.0127794
0.00979711
0.0172607
0.0116309
0.00737035
0.00680155
0.00851905
0.00751762
0.00694829
0.00707196
0.00741504
0.00729371
0.00934123
0.00781259
0.00872695
0.0132136
0.00750075
0.00744167
0.00977247
0.00772521
0.0080062
0.00427004
0.0075737
0.0200386
0.00593919
0.00450819
0.0127052
0.00524187
0.0040546
0.00410168
0.00407094
0.00502066
0.00465579
0.0040094
0.00484483
0.00471295
0.00752544
0.00433232
0.00776789
0.0178528
0.00519073
0.00447698
0.0113394
0.00556438
0.0256633
0.00523001
0.0234717
0.0315331
0.0156311
0.00693731
0.0221858
0.0128105
0.00478903
0.00535799
0.0129933
0.00493665
0.00476284
0.00476323
0.00467705
0.00451507
0.00403107
0.0048828
0.00402676
0.00442067
0.00468004
0.00476577
0.00420863
0.00465352
0.0112657
0.0183047
0.00517106
0.0165171
0.0175552
0.00812214
0.0096134
0.0076328
0.00520996
0.0103071
0.00493748
0.00474792
0.00464869
0.00436743
0.00471814
0.00459667
0.046465
0.0411555
0.0234944
0.030356
0.0401246
0.0368816
0.0331231
0.0275859
0.048596
0.0394135
0.0294263
0.0404225
0.0460534
0.039823
0.0377046
0.0322814
0.0128854
0.0150898
0.00598381
0.0105895
0.0105958
0.0112319
0.00801619
0.0075538
0.02355
0.0304493
0.0175108
0.0199069
0.0225128
0.0235074
0.0194396
0.0210667
0.0404267
0.0201687
0.0283729
0.0356099
0.0330634
0.0257035
0.035485
0.0269468
0.0406534
0.0306277
0.0239168
0.0222878
0.031179
0.0289046
0.0277432
0.0234832
0.0157546
0.0240052
0.0299592
0.0168166
0.0180007
0.0232953
0.0191021
0.0240342
0.0155383
0.0146472
0.027173
0.0174954
0.0139385
0.0162552
0.0190013
0.0217892
0.042481
0.0526277
0.0313618
0.0421149
0.0476971
0.0447393
0.0389454
0.0355144
0.0456434
0.0549914
0.0270058
0.0326822
0.0421801
0.0382477
0.0338094
0.0299688
0.0159453
0.0141793
0.0067785
0.0110745
0.0118357
0.0112051
0.00909682
0.00765311
0.0330239
0.027939
0.0184513
0.0244457
0.0290062
0.0233938
0.024861
0.0209212
0.0482288
0.0255065
0.0392897
0.0352957
0.0388904
0.0307591
0.0381587
0.0310424
0.0420211
0.0271483
0.0211703
0.0247715
0.0337196
0.027324
0.0306131
0.0233854
0.0201612
0.0335702
0.029429
0.018666
0.0229219
0.0279571
0.0212101
0.0253374
0.0183185
0.013912
0.0242715
0.01557
0.0145789
0.0157231
0.0184804
0.0194724
0.0146098
0.0162965
0.00915753
0.0204073
0.0197617
0.00654718
0.0160041
0.00689542
0.0163916
0.018498
0.011053
0.0212745
0.0202776
0.010889
0.0160569
0.0119354
0.00950842
0.0128293
0.00684032
0.0150261
0.0139762
0.0095527
0.0153001
0.0105282
0.0230006
0.0222231
0.0119502
0.0246703
0.0273501
0.0110902
0.0216548
0.0121347
0.0198038
0.0100501
0.0247875
0.023202
0.0140977
0.00704165
0.018601
0.00763019
0.00878752
0.0124782
0.0114386
0.0124058
0.00949066
0.00945976
0.0121244
0.0112228
0.0108933
0.0195574
0.0181677
0.0116811
0.0103769
0.00808826
0.0105614
0.00827606
0.0135142
0.0149899
0.0132927
0.0124931
0.013354
0.013061
0.0118266
0.0126109
0.0109783
0.007751
0.0158145
0.0167
0.00890925
0.00769797
0.0138468
0.00745074
0.00731884
0.0065521
0.0110039
0.00885521
0.00862998
0.0105182
0.00889327
0.010169
0.0180545
0.0108252
0.0205396
0.0227034
0.0138403
0.0103135
0.0197727
0.0105559
0.0209716
0.00639478
0.0232195
0.0245458
0.0165095
0.00675749
0.0219657
0.00794306
0.00767262
0.0119975
0.0131796
0.00660922
0.00725117
0.00658181
0.00656713
0.00652728
0.00906769
0.00820579
0.0102309
0.00900442
0.00851342
0.00816886
0.00852679
0.00803441
0.0171577
0.0184239
0.00639992
0.0210246
0.0206261
0.00704641
0.0153923
0.00642554
0.00868616
0.00882455
0.00779675
0.0098294
0.00771896
0.00762509
0.00761116
0.00735655
0.0221041
0.0237022
0.0192427
0.00761137
0.00852325
0.020484
0.00751103
0.0146128
0.0236933
0.0234015
0.0224904
0.00491326
0.00809954
0.0213762
0.00655928
0.01647
0.0177566
0.0200747
0.0133412
0.00650073
0.00598266
0.0159071
0.00582901
0.0106899
0.008479
0.00627686
0.00594407
0.00520116
0.0063083
0.00616166
0.00630137
0.00596088
0.00827606
0.00699311
0.00771418
0.00616567
0.00671958
0.00645985
0.00608922
0.00596068
0.0215737
0.00486461
0.0198726
0.018375
0.0162307
0.0059363
0.0217909
0.00643142
0.00668085
0.00785735
0.0060949
0.00649195
0.00596811
0.00602017
0.00631286
0.00617728
0.0132976
0.00610507
0.00506618
0.0151429
0.00554153
0.00577037
0.00562643
0.00534406
0.0055254
0.00743885
0.00398545
0.00984015
0.00555882
0.0063247
0.00454633
0.00456318
0.00719178
0.00377549
0.00207236
0.0106452
0.00643518
0.00278899
0.00530356
0.00199476
0.00201897
0.00143042
0.000709779
0.004338
0.00182788
0.00127414
0.00139307
0.000779036
0.0158646
0.0161242
0.0116315
0.0169869
0.0166837
0.0144515
0.0148214
0.0133988
0.00660053
0.00361209
0.01242
0.0146836
0.00553011
0.00482762
0.0130461
0.0114644
0.00569762
0.00895645
0.0019044
0.00317663
0.00406181
0.00463043
0.00369701
0.00351411
0.0028927
0.0111439
0.0126066
0.00816282
0.00896608
0.0105795
0.00949204
0.0114682
0.00222085
0.00561372
0.00807868
0.00127411
0.00260728
0.00638892
0.00300458
0.00699201
0.00299926
0.00367743
0.00362307
0.00801376
0.00410918
0.00290517
0.00685591
0.00376989
0.0058376
0.00736658
0.00580697
0.00973899
0.00814177
0.00751184
0.00847293
0.00816758
0.0037495
0.00361482
0.00266917
0.00858487
0.0041253
0.00308992
0.00751585
0.00428785
0.0145892
0.011975
0.0146069
0.0196136
0.0148214
0.0115688
0.0210666
0.0135543
0.00546506
0.00414232
0.00855884
0.0100502
0.006019
0.00486252
0.00762427
0.00642268
0.00496211
0.00902714
0.00497186
0.00313101
0.00563412
0.00770401
0.00413672
0.00566614
0.00762212
0.0134061
0.0101623
0.0142515
0.00843399
0.00799393
0.00854719
0.00923348
0.00421677
0.00907822
0.00977465
0.00539668
0.00518143
0.00684007
0.00604641
0.00747286
0.0208941
0.0284604
0.023795
0.0162291
0.0217661
0.0238227
0.0181413
0.0198958
0.037407
0.0329649
0.0411865
0.0276977
0.0309492
0.0366178
0.0291411
0.0364792
0.031433
0.0420296
0.0469946
0.0247066
0.0331909
0.0397619
0.0288167
0.0366272
0.0096785
0.0151348
0.0126279
0.00645606
0.0084052
0.0107698
0.00706747
0.0103292
0.0291577
0.024749
0.0161069
0.0173634
0.0237048
0.0208222
0.0192949
0.0181086
0.0327707
0.0213374
0.0364846
0.0282775
0.025777
0.0242759
0.0307594
0.0299614
0.0210279
0.0119228
0.016344
0.0139965
0.0165046
0.0135787
0.0165057
0.0127515
0.0237586
0.0190474
0.0219449
0.0362076
0.0245693
0.0209009
0.0286284
0.0269453
0.0322241
0.0556995
0.0199851
0.0209885
0.0279097
0.0242279
0.0247766
0.0203766
0.0745573
0.0654582
0.0250921
0.027794
0.0702349
0.0619958
0.0449784
0.044907
0.00958499
0.00804196
0.00273213
0.00253706
0.00668378
0.00542224
0.00448181
0.00347817
0.0102203
0.00779209
0.00272051
0.00325903
0.00726417
0.0062241
0.00508222
0.00413681
0.0529164
0.0152991
0.0161501
0.0201723
0.035643
0.0171519
0.0226865
0.0137818
0.0471742
0.0219108
0.0197726
0.0131149
0.036112
0.0314567
0.022501
0.0208883
0.0121904
0.0131945
0.0130474
0.00458556
0.0093927
0.0109243
0.00673649
0.00874591
0.00994169
0.00372545
0.0147061
0.013307
0.00782371
0.00561713
0.0126337
0.00780103
0.00592813
0.00578066
0.00397291
0.00881763
0.00762604
0.00477782
0.00595178
0.00456852
0.00571427
0.00564374
0.00397049
0.00849416
0.00756448
0.00472492
0.00600791
0.00476198
0.00386873
0.00388173
0.00417471
0.00532084
0.0041295
0.00388948
0.00441545
0.00423414
0.0101707
0.00982906
0.00547474
0.0112022
0.0107468
0.00663389
0.00816419
0.00606046
0.00761464
0.00433936
0.00956336
0.00957537
0.00593152
0.00486314
0.00870012
0.00585487
0.0047325
0.00577649
0.00398408
0.00398538
0.00457908
0.00490095
0.00397489
0.00434446
0.00440791
0.00721375
0.00722644
0.00477498
0.00448375
0.00523387
0.00453577
0.00563472
0.00428248
0.00471585
0.00524263
0.00431232
0.00435549
0.00447817
0.00438095
0.00449836
0.0154641
0.0105487
0.00929401
0.0205956
0.0172262
0.0127019
0.0181758
0.0132619
0.00590175
0.00292391
0.001876
0.0108417
0.00624971
0.00314435
0.00634083
0.00389494
0.00372651
0.00172521
0.00217958
0.00909397
0.00378884
0.00225023
0.00547078
0.00360714
0.0251056
0.0219301
0.0187631
0.0343093
0.0250592
0.018624
0.0255872
0.0223089
0.0117329
0.00928257
0.0214512
0.0143374
0.012023
0.0131646
0.014306
0.0153526
0.00746719
0.0093315
0.00218095
0.006042
0.00741607
0.00672764
0.00417225
0.00387133
0.00939029
0.0218127
0.0144598
0.0129202
0.0109954
0.0156316
0.0103394
0.0144206
0.00602191
0.0105505
0.0110115
0.00310794
0.00542967
0.0075001
0.00453048
0.00768077
0.00425048
0.00444003
0.00551244
0.00403858
0.00411421
0.00530303
0.00473831
0.00504159
0.00468544
0.00717461
0.0140015
0.00710371
0.00453603
0.00545561
0.0051716
0.00998509
0.00581862
0.0187435
0.0271955
0.0233311
0.00657312
0.0116867
0.0148662
0.0201006
0.00423135
0.00712762
0.0179707
0.00755206
0.0045495
0.00520369
0.00588766
0.0113805
0.00416866
0.00503359
0.00404384
0.00443148
0.004808
0.00479227
0.00418424
0.00462854
0.0050892
0.00507999
0.00852023
0.00549548
0.00472552
0.00464443
0.00471132
0.00434499
0.00500702
0.00482508
0.00526729
0.0123128
0.00473899
0.00482331
0.00449048
0.00473623
0.00550104
0.016726
0.0103545
0.0142497
0.0070577
0.00696493
0.00957465
0.0156646
0.0291232
0.0234933
0.00525597
0.0208341
0.0204012
0.014487
0.0119575
0.00666545
0.017903
0.00751298
0.00422318
0.00716408
0.0113329
0.00580548
0.0051888
0.00453342
0.00488274
0.00402773
0.00410064
0.00407108
0.00480425
0.00454779
0.00458415
0.00400665
0.0156894
0.00712981
0.00425973
0.00742296
0.0102178
0.0050976
0.00536237
0.00443779
0.0165061
0.00516629
0.0147936
0.0104091
0.0076317
0.00726077
0.0159762
0.00904837
0.0117588
0.00522149
0.00472201
0.00487619
0.00444094
0.00469331
0.00465664
0.00475367
0.00482077
0.00918703
0.00511539
0.004672
0.00454566
0.00429365
0.0046091
0.00458254
0.00482181
0.00401614
0.00438267
0.00402486
0.00469332
0.00458737
0.00458282
0.00413661
0.00816061
0.0114756
0.00299894
0.00667571
0.00738419
0.0058336
0.00503068
0.00364659
0.0185746
0.0208153
0.0120934
0.0176409
0.0189071
0.0173776
0.0157623
0.014412
0.0010708
0.00297163
0.000348385
0.000714082
0.00114152
0.0008499
0.000643328
0.000366229
0.00398134
0.00827547
0.000960028
0.00171346
0.00441299
0.00354031
0.00117945
0.00093583
0.0134471
0.00333029
0.00660431
0.0140206
0.010894
0.00481305
0.0124041
0.00548818
0.0123354
0.0124976
0.00757493
0.00250935
0.0098379
0.0111474
0.00817521
0.00903562
0.00159228
0.00278147
0.00674211
0.000897353
0.00184271
0.00199124
0.00225888
0.00313314
0.00112636
0.000575136
0.00598389
0.00402527
0.00176544
0.00203421
0.00455235
0.00494061
0.0333739
0.0189969
0.0223517
0.0302186
0.0294073
0.0251344
0.0300415
0.02473
0.00854592
0.00464531
0.00360583
0.0115454
0.00728241
0.00480172
0.00812768
0.00583505
0.0124281
0.004731
0.00761092
0.0138507
0.00875331
0.00693185
0.0109795
0.00886205
0.0271291
0.0186507
0.0212932
0.0279737
0.0204564
0.0177469
0.0240879
0.0218471
0.0150677
0.0175416
0.0246613
0.0127275
0.0156434
0.0188267
0.0167931
0.0209602
0.0110069
0.0100011
0.00480069
0.0145897
0.0106118
0.00792899
0.0084827
0.00638846
0.0177655
0.0263027
0.0143056
0.0173476
0.0179291
0.0211494
0.0133396
0.0145874
0.0144548
0.0149778
0.0120962
0.00619026
0.00961935
0.0115741
0.0079635
0.0103767
0.00575424
0.00395299
0.00850011
0.00570842
0.00478185
0.00478234
0.00750737
0.00591532
0.00388939
0.00399595
0.00462726
0.00386028
0.00389742
0.00431326
0.00412231
0.00435078
0.00972224
0.00489608
0.0111785
0.0102351
0.00677621
0.00603718
0.0105864
0.00800672
0.00576867
0.00396921
0.00891298
0.00594286
0.00484485
0.00460351
0.00766094
0.00593327
0.0039619
0.00588604
0.00478726
0.00398226
0.00432184
0.0049295
0.00396912
0.00459963
0.00432245
0.00426101
0.00466931
0.00524905
0.00436958
0.00434115
0.0044329
0.0044307
0.00934882
0.00756457
0.00430335
0.00950945
0.00863171
0.0058624
0.00601046
0.00493482
0.00698365
0.00714388
0.00438889
0.00470196
0.00566492
0.00533639
0.00450234
0.0044686
0.0220784
0.0171775
0.0207844
0.0282483
0.022843
0.0180058
0.0248371
0.0188361
0.0111821
0.00817297
0.0158223
0.0162824
0.00923593
0.00854862
0.0115323
0.0123468
0.0272772
0.0285394
0.050999
0.0393268
0.0289366
0.0294375
0.0338886
0.0378454
0.0342433
0.0273424
0.0407693
0.0349285
0.030029
0.0289187
0.0353915
0.0364916
0.0157765
0.0226808
0.0283871
0.0169846
0.0173501
0.0197481
0.0185648
0.0216599
0.0125366
0.0171875
0.0163274
0.0201266
0.0136995
0.0135389
0.0163525
0.0167124
0.0251639
0.031767
0.0206643
0.0333176
0.0270388
0.0234496
0.0275797
0.0234944
0.0222608
0.0353478
0.0232089
0.0220888
0.0234128
0.0277565
0.0205254
0.0272848
0.00729645
0.00415162
0.00707282
0.0158262
0.00539253
0.00436047
0.0103435
0.0050999
0.00398286
0.00405062
0.00404192
0.004736
0.00444029
0.00397738
0.00461795
0.00446192
0.00706951
0.004291
0.00739564
0.0150594
0.00503519
0.00443131
0.00977066
0.005251
0.0203616
0.00495891
0.0195187
0.0251043
0.0115589
0.00630122
0.0177597
0.0115415
0.00456074
0.00510983
0.00946715
0.00481149
0.00461623
0.00456677
0.00469101
0.00427362
0.00396317
0.00469687
0.00399596
0.00432921
0.00448077
0.0046014
0.00406875
0.00448832
0.00999218
0.0144151
0.00489076
0.0136832
0.0152771
0.00784498
0.00815405
0.00695335
0.00506123
0.00884774
0.0046484
0.00453313
0.00450096
0.00419777
0.00454095
0.00442837
0.0332149
0.0175469
0.0197845
0.0318423
0.0312387
0.0264971
0.0315163
0.0256013
0.00637158
0.00263506
0.00379167
0.00940314
0.00578916
0.00413369
0.0072197
0.00540287
0.00999299
0.00533863
0.00637068
0.0139297
0.00874679
0.00701892
0.0104479
0.0087722
0.0278228
0.0171767
0.0212465
0.0252498
0.0191593
0.0179005
0.0219595
0.0218428
0.0154436
0.0168691
0.0265474
0.0120445
0.0165067
0.0214647
0.0165029
0.0229345
0.0119643
0.0104345
0.00576219
0.0137062
0.0117243
0.00858154
0.00887206
0.00736361
0.0165357
0.0275654
0.0142917
0.0167367
0.0172866
0.0224067
0.0139026
0.0155583
0.0131247
0.0157736
0.0130149
0.0074004
0.0106948
0.0125719
0.00926857
0.0117498
0.0184668
0.0132093
0.00577584
0.0156779
0.0153565
0.00889495
0.0127505
0.00603127
0.00973973
0.00545732
0.00481512
0.00546497
0.00756407
0.0051462
0.00492914
0.00457262
0.00646188
0.0046035
0.00445467
0.00429859
0.00595382
0.00563582
0.00547866
0.00436084
0.0111848
0.00551408
0.00418224
0.00553229
0.00803932
0.00515151
0.00511346
0.00439352
0.0109003
0.00574708
0.012219
0.00774743
0.00847207
0.00604804
0.0106819
0.00558913
0.0070994
0.00509219
0.00562656
0.00676848
0.00471639
0.00483127
0.00512893
0.00501883
0.00517968
0.00942737
0.00495285
0.00500149
0.0051749
0.00472155
0.00498286
0.0048747
0.00599844
0.00419967
0.00446789
0.00446377
0.00534684
0.00510863
0.00512709
0.00421943
0.00561901
0.00399329
0.00839855
0.00571969
0.00472975
0.00475314
0.00748841
0.00593559
0.00388411
0.00389325
0.00444441
0.00386678
0.00389825
0.00419259
0.00413441
0.00423289
0.00968861
0.00484118
0.0111331
0.010287
0.00680457
0.00612795
0.0106894
0.00808525
0.00577832
0.00396595
0.00893031
0.00593569
0.00483696
0.00461022
0.00765835
0.00594396
0.00400851
0.0058957
0.00479406
0.00398932
0.00437961
0.00495955
0.00397883
0.00462607
0.00437788
0.00426609
0.00471265
0.00532885
0.00441801
0.00439917
0.00454881
0.00448706
0.00940146
0.00760046
0.00432052
0.00957575
0.00867876
0.00589913
0.0060111
0.0049445
0.00708737
0.00719721
0.00439612
0.00467961
0.0057302
0.00534308
0.00454663
0.00448162
0.0281957
0.0254188
0.018985
0.0187826
0.0232163
0.0222478
0.0217065
0.0189817
0.0294183
0.0294672
0.0128645
0.0148572
0.0299634
0.0288613
0.0216427
0.0220752
0.00854007
0.00495145
0.00172973
0.00246186
0.0061868
0.00495781
0.00405848
0.00316365
0.0118984
0.00695241
0.00335317
0.00476907
0.00901989
0.00708947
0.00674326
0.0052184
0.02493
0.014857
0.0149826
0.0130873
0.019444
0.0159755
0.0142091
0.0128177
0.0241504
0.0131253
0.0120604
0.0130456
0.019512
0.0173943
0.0140924
0.0130809
0.0121387
0.0132233
0.00971902
0.00513148
0.00961382
0.0107897
0.00715397
0.00877212
0.0101438
0.00408297
0.00983513
0.00899177
0.00796742
0.00583867
0.0092197
0.00639605
0.00567843
0.00712462
0.00862531
0.00706251
0.00690553
0.00714691
0.00731611
0.00723357
0.00578418
0.0129751
0.0173844
0.0123106
0.00669177
0.00849015
0.00900365
0.0137191
0.00959039
0.0207096
0.0276117
0.0223982
0.0113234
0.0135268
0.0156601
0.020445
0.00644448
0.0115319
0.0185327
0.0111814
0.00634444
0.00774072
0.00834861
0.0122773
0.00593753
0.00723633
0.00640057
0.00640545
0.00614243
0.00638
0.00606251
0.0063669
0.00600442
0.00809298
0.010651
0.00722984
0.006095
0.00699891
0.00694776
0.00862879
0.00768048
0.00686072
0.00838611
0.0132495
0.0071489
0.00655569
0.00921018
0.00671155
0.00743141
0.0170537
0.012788
0.016778
0.00917638
0.0109923
0.0120011
0.0164567
0.0292414
0.0352422
0.0329193
0.0398373
0.0311871
0.0304249
0.0339663
0.0348266
0.0411849
0.0587192
0.0353485
0.0593962
0.0514977
0.0468097
0.0485011
0.0407958
0.0183134
0.0191204
0.0104725
0.0213624
0.0190794
0.0136959
0.0149874
0.0120898
0.046134
0.0606187
0.0329203
0.0358547
0.0486377
0.04669
0.0337348
0.0353469
0.0395365
0.0341882
0.0420581
0.0624306
0.0437047
0.0392312
0.0523975
0.0433437
0.0339136
0.0521158
0.0264989
0.0262415
0.0341648
0.042794
0.0306291
0.0350906
0.0285974
0.0399852
0.0520361
0.0256252
0.0317476
0.0357845
0.0349051
0.0421502
0.0212822
0.0236598
0.0454632
0.0227024
0.0241666
0.0292892
0.0298338
0.0403488
0.0101111
0.00539975
0.0138485
0.0141924
0.00774594
0.0053107
0.0122354
0.00627064
0.00563473
0.00621567
0.00879822
0.00597683
0.00569337
0.00737147
0.00582901
0.00740833
0.0163283
0.00709581
0.0184867
0.0205865
0.0121034
0.00704117
0.0177008
0.00735589
0.0173378
0.00526763
0.0216266
0.0208668
0.0129671
0.00726904
0.0188133
0.00849231
0.00524687
0.0100772
0.0106425
0.00494116
0.00503621
0.00555051
0.00499133
0.0061894
0.00644673
0.00548119
0.0075406
0.00637916
0.0060069
0.00579793
0.00589609
0.00568184
0.0148349
0.0156783
0.00490876
0.0188317
0.017701
0.00744707
0.0131218
0.00663868
0.00706731
0.00765695
0.00539343
0.00726915
0.00629993
0.00667885
0.00553767
0.00540186
0.0076109
0.016629
0.00882903
0.00416194
0.00900619
0.0110288
0.00576675
0.00752481
0.025706
0.0319412
0.0226828
0.0194645
0.024429
0.0247736
0.0177483
0.0199803
0.0174364
0.0245271
0.0261699
0.013195
0.0186435
0.023805
0.0194448
0.023691
0.00290459
0.0111636
0.00608633
0.00306237
0.00499176
0.00702595
0.00354892
0.00603413
0.0165996
0.00993678
0.00585195
0.0124892
0.0111413
0.00856152
0.010818
0.00726135
0.0181799
0.0138234
0.0214025
0.0130751
0.012839
0.0139987
0.0142823
0.0170871
0.00980647
0.00376739
0.00930887
0.00870932
0.0059836
0.00530172
0.00858369
0.00698715
0.0124516
0.0122451
0.0120337
0.0203012
0.0151894
0.0128003
0.0169956
0.0140977
0.0492215
0.0530915
0.029669
0.0227945
0.0369941
0.0378785
0.0274499
0.0298758
0.0561461
0.0405213
0.0399786
0.027625
0.0408865
0.0400827
0.0315012
0.0329926
0.0251396
0.0339563
0.0239368
0.0202581
0.0220742
0.0269415
0.0197608
0.0248091
0.0104615
0.0128888
0.0107665
0.00521725
0.00831271
0.00917916
0.00560873
0.00698334
0.0411837
0.0243404
0.0170432
0.0201908
0.0315286
0.0242211
0.0260681
0.0198978
0.0467738
0.0222032
0.0366022
0.0327889
0.0367652
0.0276197
0.0401443
0.0304588
0.020888
0.0120828
0.0143954
0.0134771
0.0162638
0.0153531
0.0139452
0.0115493
0.026423
0.0200771
0.0169379
0.0328093
0.0248094
0.021617
0.0292443
0.0242772
0.00603841
0.00786002
0.0101556
0.00726582
0.00801285
0.00941723
0.00839702
0.00926921
0.00829482
0.0122496
0.0193276
0.0119814
0.00724087
0.0101386
0.00865948
0.0139505
0.0116221
0.0233716
0.0261258
0.0229634
0.0128773
0.0176659
0.0150831
0.0228249
0.00602565
0.0120822
0.0184499
0.0122424
0.00652514
0.0092457
0.00798951
0.0142039
0.00792643
0.00944994
0.00626585
0.00659969
0.00795906
0.00800455
0.00701126
0.00730402
0.00900357
0.00912605
0.0150073
0.0101668
0.00838336
0.00765104
0.00890564
0.0102927
0.00933369
0.00643151
0.00820811
0.0112134
0.00821563
0.00715494
0.00921252
0.00735733
0.00981452
0.0188682
0.0136074
0.0190007
0.0106748
0.0136563
0.0121415
0.0179859
0.0099179
0.0146753
0.0153734
0.00567598
0.00756176
0.0118519
0.00571529
0.00600167
0.0183239
0.0220666
0.0217529
0.00520545
0.0136035
0.0191595
0.00623706
0.00738622
0.0191797
0.0222542
0.0240377
0.00782903
0.0140715
0.0198155
0.00905477
0.00893521
0.00654696
0.00698171
0.00896792
0.00643768
0.00670655
0.00703298
0.00876189
0.00948138
0.0109848
0.0110449
0.00545444
0.00498658
0.00543511
0.00535057
0.00506057
0.00523761
0.0158005
0.00494776
0.0192741
0.0155742
0.00625615
0.005719
0.0183954
0.0135537
0.00770434
0.00709892
0.00642951
0.0079267
0.00666633
0.00675058
0.00632083
0.00661804
0.00772622
0.00796266
0.00636261
0.007488
0.00683768
0.00623735
0.00670991
0.00619917
0.00505886
0.0146124
0.0117354
0.0105804
0.00657866
0.00986971
0.00714971
0.00936266
0.0280504
0.0379967
0.0473448
0.0368688
0.029672
0.0365594
0.0333455
0.0393742
0.0238329
0.0496548
0.0469448
0.0307923
0.0295067
0.039655
0.0301702
0.0366139
0.0194872
0.0315408
0.0234795
0.0203263
0.0236716
0.0245573
0.0197381
0.0215766
0.0166289
0.0148447
0.0148566
0.0279685
0.0176498
0.0123396
0.0217557
0.0158541
0.0224466
0.0294381
0.0398873
0.0208685
0.0217174
0.0260219
0.0265919
0.030321
0.0161182
0.0167169
0.030206
0.0237473
0.0184243
0.01877
0.0243601
0.0232361
0.0202216
0.0268917
0.0335799
0.0408186
0.0257957
0.0275429
0.0330139
0.0355239
0.0068016
0.0111862
0.0139795
0.0144848
0.00786408
0.00793814
0.0113296
0.0100198
0.0194688
0.0215965
0.021336
0.0260193
0.0217368
0.0211858
0.0212749
0.0223451
0.02766
0.0285985
0.0501818
0.0392333
0.0297962
0.0333459
0.0375481
0.03778
0.0214918
0.0253611
0.0279014
0.0257218
0.0200281
0.0191055
0.025455
0.0216145
0.0141277
0.01547
0.014545
0.0206945
0.0139469
0.0117114
0.0170917
0.0136193
0.0160258
0.0234681
0.0233176
0.0165885
0.0174087
0.0198282
0.0168979
0.0203044
0.02078
0.0195723
0.0210224
0.0287323
0.0227371
0.0163576
0.0228365
0.0176441
0.0200912
0.0283749
0.0255464
0.0254308
0.0226072
0.0245097
0.0219666
0.02527
0.0351461
0.0232253
0.0394247
0.0432691
0.0305374
0.0262952
0.0374709
0.032714
0.0120312
0.00470757
0.0112679
0.013829
0.0094637
0.00645757
0.0128905
0.00833063
0.028944
0.0175945
0.0208588
0.0315494
0.0265936
0.0217241
0.025599
0.0215793
0.0484514
0.0288942
0.0456838
0.056447
0.0446198
0.0343487
0.0478793
0.0391266
0.0189353
0.0352732
0.0395323
0.0237484
0.025128
0.0306614
0.025941
0.0311406
0.014523
0.0173793
0.0150762
0.0277785
0.0189814
0.0172575
0.0231407
0.0207366
0.0341862
0.0440488
0.0265565
0.0325421
0.0345737
0.0344045
0.0321656
0.031888
0.0281924
0.0275178
0.0194987
0.0163821
0.0260475
0.0265223
0.0218446
0.022537
0.00450334
0.00416195
0.00424547
0.00634599
0.00557936
0.00417061
0.00584873
0.00492696
0.00448884
0.00485721
0.00421455
0.00575719
0.00521838
0.00473126
0.00517758
0.00492454
0.00433157
0.00427027
0.00434599
0.00585922
0.00517525
0.0043025
0.00534171
0.00491552
0.00681109
0.00583958
0.0061795
0.00662674
0.00587495
0.0055474
0.00599999
0.00578749
0.00531117
0.00504703
0.00608742
0.00531966
0.00538856
0.00533262
0.00540447
0.00554314
0.00447859
0.00531052
0.00427397
0.00422006
0.00494835
0.00500433
0.00422335
0.00494616
0.00525727
0.00656818
0.00533009
0.00583733
0.00562326
0.00619794
0.0055407
0.00525157
0.00489041
0.00556246
0.00520265
0.0047964
0.00519432
0.00526717
0.00502502
0.00504546
0.161371
0.112391
0.0472818
0.0496084
0.114403
0.102439
0.0746647
0.0638088
0.0744638
0.0388647
0.0273458
0.0393258
0.042122
0.0339415
0.034338
0.0318574
0.0154609
0.0141927
0.00580148
0.0126049
0.0138654
0.0112565
0.00935135
0.00806728
0.0271567
0.0302177
0.0189259
0.0227183
0.0258316
0.0275096
0.0223976
0.0237567
0.080219
0.0371789
0.0387957
0.0342797
0.053207
0.0467102
0.0394342
0.0366697
0.0677578
0.0350296
0.0224667
0.0296464
0.042899
0.031469
0.0322876
0.0258226
0.0243639
0.0296547
0.0290222
0.0177619
0.0232831
0.0283045
0.0220292
0.02607
0.0201257
0.0174489
0.030629
0.0176509
0.018511
0.0218962
0.0201149
0.0245192
0.00433896
0.00436718
0.00585098
0.0098327
0.00544497
0.00439571
0.00894013
0.00697683
0.00441501
0.00448961
0.00433123
0.00745611
0.00568014
0.00441221
0.00699309
0.00552524
0.00683259
0.00434304
0.00491593
0.00710958
0.00610452
0.00462068
0.00662056
0.00545741
0.0119612
0.00866836
0.00790878
0.010256
0.00988473
0.00876463
0.00880427
0.00833618
0.00539454
0.00667824
0.0104898
0.00808663
0.00711693
0.00714826
0.00865951
0.00843582
0.0043547
0.00715019
0.00437988
0.00463767
0.00564368
0.00629566
0.0044862
0.00570138
0.0101612
0.0112607
0.00818553
0.0069788
0.0104263
0.010587
0.0073845
0.00809832
0.00976106
0.00692684
0.00712698
0.00525517
0.00665578
0.00674313
0.00602708
0.00643474
0.0222277
0.0416582
0.0284288
0.0173003
0.0226126
0.0278651
0.0214949
0.0262319
0.0647466
0.0754852
0.0681076
0.0396001
0.0549027
0.0675317
0.0485672
0.0637877
0.038587
0.0575888
0.0352523
0.0240525
0.0345818
0.0433816
0.0270822
0.0313539
0.0115626
0.0163074
0.0131662
0.00545961
0.00949867
0.0142713
0.00744645
0.010652
0.03588
0.0290858
0.0170344
0.0251112
0.0305111
0.0258158
0.0236968
0.0217497
0.0466215
0.0350122
0.0578695
0.0352243
0.0412972
0.0417677
0.0446107
0.045108
0.0284991
0.016014
0.0211492
0.015682
0.0227844
0.0206507
0.020342
0.0183755
0.0348641
0.0203741
0.0297597
0.0534627
0.031542
0.0265035
0.0397218
0.0318256
0.00419608
0.00510777
0.00399455
0.00405283
0.00452512
0.0049545
0.00391437
0.00442103
0.00552501
0.0108977
0.00629174
0.00563121
0.00559668
0.00827217
0.00537138
0.00595729
0.00409686
0.00547912
0.00476268
0.0042875
0.00489985
0.00523025
0.00414526
0.00527058
0.00415396
0.00544603
0.00421633
0.00416522
0.00472169
0.00530606
0.00407298
0.00508543
0.00506307
0.00446675
0.00443476
0.00538339
0.00472343
0.00463253
0.00465594
0.00453099
0.00550943
0.00556314
0.00596087
0.00495286
0.00512675
0.00529233
0.0049858
0.00522141
0.0039398
0.00394216
0.00520833
0.00413526
0.00395103
0.00433879
0.00481193
0.00502119
0.00467457
0.00511177
0.00538832
0.00518849
0.00506641
0.00517696
0.00511348
0.00522965
0.00646113
0.0120749
0.0140074
0.0133905
0.00798113
0.00948011
0.0108485
0.0131048
0.0179195
0.0216487
0.0278938
0.0270851
0.0215057
0.0211488
0.0248887
0.0249681
0.0260609
0.0334353
0.049228
0.0371138
0.0299568
0.0307029
0.0352978
0.035999
0.0237914
0.032954
0.0376159
0.0358433
0.0267323
0.0290805
0.0316114
0.0349603
0.0152306
0.0173347
0.0152475
0.0259695
0.0188689
0.0165508
0.0209012
0.0179804
0.0157562
0.0254547
0.0252008
0.0189069
0.0193586
0.0233847
0.0200931
0.0242623
0.0226863
0.0199565
0.0298183
0.0350015
0.0242335
0.022723
0.0285511
0.0267977
0.0245776
0.0357725
0.0299195
0.0298358
0.0284707
0.0300624
0.0298236
0.0321862
0.00468825
0.00541153
0.00412368
0.00422173
0.0054109
0.00529048
0.00419199
0.00492082
0.00609253
0.00964135
0.00516121
0.00513242
0.00577749
0.00788822
0.00517641
0.00522119
0.00409733
0.00523527
0.00426626
0.00409538
0.00475965
0.00518154
0.00402707
0.00482973
0.004089
0.00535752
0.00419875
0.00428936
0.00506646
0.00517667
0.0042647
0.00493046
0.00521468
0.00475504
0.00501159
0.00497494
0.00506327
0.00506798
0.00500278
0.00505888
0.00592304
0.00504584
0.0052762
0.00497084
0.00511924
0.00514465
0.00493582
0.00507763
0.00397672
0.00407338
0.00501161
0.00404198
0.0039694
0.00478463
0.00451205
0.00497587
0.00471964
0.00457622
0.00514227
0.00517826
0.00489097
0.00469252
0.00498397
0.00496992
0.0556757
0.0482543
0.0555247
0.0429676
0.0539161
0.0593013
0.0537462
0.053143
0.0319536
0.0245648
0.034752
0.0231589
0.0288472
0.0307824
0.0284602
0.0308979
0.0479323
0.04059
0.0330246
0.0235851
0.0359037
0.0407526
0.02727
0.0300524
0.020044
0.0154687
0.0122124
0.00478469
0.0119492
0.0145549
0.00754423
0.00886898
0.0344336
0.0461363
0.0317188
0.0229258
0.0351398
0.0413069
0.0286673
0.0337873
0.0369116
0.0252561
0.0363869
0.0503574
0.0365951
0.030017
0.0414199
0.0325075
0.0417629
0.0276778
0.022382
0.0165238
0.0336872
0.0295509
0.0235678
0.0205138
0.0435004
0.0188694
0.0247582
0.0366688
0.0320013
0.0265142
0.0333619
0.0286517
0.00488254
0.00425377
0.00398513
0.00562825
0.00514774
0.00404685
0.00480434
0.00456593
0.00411427
0.00395995
0.00386433
0.00479799
0.00457283
0.00386501
0.00463938
0.00406421
0.00390231
0.00393515
0.00419471
0.00492725
0.00422415
0.00388885
0.00450954
0.00451777
0.00611537
0.00522609
0.0051901
0.00686486
0.00572071
0.00510306
0.00574348
0.00534051
0.00480881
0.00445641
0.00528748
0.00497439
0.00480142
0.00459542
0.00484934
0.00469143
0.00391925
0.00453268
0.00385395
0.00390802
0.00422533
0.00429942
0.00391455
0.00417881
0.0045359
0.00499562
0.00510345
0.00495625
0.00455959
0.00481949
0.00472108
0.00485148
0.00429591
0.00488523
0.00469253
0.00416673
0.00439349
0.0045877
0.00443304
0.00455397
0.0221907
0.0185766
0.0253122
0.0288938
0.0232988
0.0224483
0.0282633
0.025474
0.0107313
0.00450029
0.00809133
0.0108063
0.00662108
0.00578616
0.00916379
0.00753477
0.0303874
0.0212854
0.0427604
0.0385074
0.0307649
0.0325896
0.0398869
0.0383627
0.0304929
0.0173594
0.0316161
0.0227607
0.0200215
0.0189169
0.0222814
0.0206802
0.0149905
0.0247868
0.0241576
0.0132157
0.0189548
0.0227339
0.0194254
0.0240123
0.0141489
0.0119703
0.0136065
0.0241304
0.0162142
0.0106392
0.0158937
0.0130489
0.0307341
0.0303661
0.0157783
0.0328544
0.0305892
0.0279734
0.0244343
0.0174954
0.0278658
0.0310675
0.0138299
0.0179966
0.0247804
0.0257026
0.0196771
0.0190015
0.00830802
0.0173345
0.0198331
0.0156415
0.0111015
0.0133909
0.0129846
0.0153949
0.0321376
0.0460473
0.0421551
0.0436579
0.0366403
0.0413418
0.0401835
0.043611
0.0302928
0.0314543
0.0267872
0.0344918
0.0334588
0.0305693
0.0329838
0.0318242
0.0231533
0.0373635
0.0390999
0.0296087
0.02412
0.0254654
0.0273605
0.0276985
0.0217883
0.0257279
0.0175197
0.0291472
0.0228012
0.0181071
0.0248044
0.019476
0.0250672
0.0336299
0.0313365
0.0255146
0.0261303
0.0307399
0.0254793
0.0297721
0.0272775
0.020394
0.0321765
0.0368939
0.030127
0.0216634
0.0334719
0.0235339
0.0282098
0.0333243
0.0367592
0.0345914
0.0292851
0.0314383
0.0322735
0.0365201
0.00409209
0.0041247
0.00397809
0.00518124
0.00448804
0.00404541
0.00469935
0.00446439
0.00435729
0.00479779
0.00398946
0.0057773
0.00483593
0.00458885
0.0047352
0.00457686
0.0040741
0.00393994
0.00412577
0.00522075
0.004323
0.00397515
0.00473839
0.00449249
0.00576526
0.00624894
0.00552304
0.0071812
0.00534744
0.00541428
0.0058359
0.00574407
0.00482795
0.00435397
0.00486623
0.00505525
0.00476261
0.00470469
0.00488283
0.00479125
0.00435941
0.00508517
0.00401363
0.00402954
0.0045517
0.00455883
0.00407284
0.00436894
0.00482389
0.00540478
0.00503044
0.00537724
0.00492056
0.00526009
0.00469845
0.00481592
0.00457661
0.00502986
0.00493685
0.00425584
0.00444004
0.00456257
0.00437969
0.00446104
0.0033304
0.00736661
0.0113255
0.0100704
0.0051159
0.00756064
0.00577557
0.00945885
0.0164908
0.036341
0.0350308
0.0281219
0.0268428
0.0350409
0.026107
0.0353899
0.0237091
0.0341451
0.0341416
0.0441148
0.028059
0.0314208
0.0304622
0.0347194
0.0188627
0.0305796
0.0394353
0.0244721
0.0274846
0.0342192
0.0273821
0.0387525
0.0123534
0.0143568
0.0156632
0.0274814
0.0126513
0.012056
0.0172779
0.0196024
0.0160843
0.0316758
0.0308463
0.0181087
0.0181992
0.0233023
0.0186636
0.025204
0.0157872
0.0160796
0.02881
0.0318355
0.0243706
0.0228576
0.031288
0.0286898
0.0210997
0.0434407
0.0353754
0.0329876
0.0246907
0.0394724
0.0259077
0.0360442
0.0044709
0.00402122
0.00514124
0.00402741
0.00434282
0.00466916
0.00479528
0.00482056
0.00416565
0.00457866
0.00754098
0.00402953
0.00414499
0.00536102
0.00481708
0.00574381
0.00585137
0.00812404
0.010395
0.00544551
0.00551838
0.00849522
0.00560544
0.00790957
0.00399966
0.00393218
0.00510681
0.00430464
0.00397481
0.00436649
0.00456029
0.00479721
0.00400306
0.00479836
0.00398347
0.0039051
0.00440325
0.00458432
0.00389795
0.00422925
0.00463685
0.00442468
0.00696621
0.00564021
0.00474101
0.00479962
0.00507655
0.00514103
0.00490134
0.00439381
0.00421008
0.0047573
0.00458923
0.00442807
0.00455163
0.00446334
0.00541196
0.00516121
0.00465639
0.00733209
0.00520235
0.0050018
0.00521302
0.00487047
0.00416385
0.00394024
0.00492512
0.00412249
0.00402389
0.00439616
0.00475015
0.00478396
0.00395535
0.00395359
0.00459535
0.00391688
0.00394528
0.00432874
0.00433307
0.0045006
0.00502294
0.00501313
0.0062071
0.00571515
0.00490277
0.00505146
0.00531948
0.00535122
0.0041792
0.00400299
0.00543236
0.00482724
0.00406221
0.00461889
0.00511074
0.00479008
0.00393431
0.00467377
0.00399049
0.00394463
0.00439209
0.00459418
0.00395694
0.00450266
0.00427107
0.00443018
0.00476228
0.00488109
0.00450385
0.00450837
0.00463489
0.00462649
0.00494137
0.00484346
0.00459775
0.00508706
0.00484753
0.0048394
0.00469072
0.00467615
0.00494327
0.0049125
0.00466905
0.00498689
0.00484123
0.00482282
0.00484089
0.00469577
0.00898463
0.0166774
0.013302
0.00716659
0.00692479
0.013312
0.0064961
0.0112628
0.0192069
0.0215245
0.0172886
0.0109665
0.0108411
0.0180561
0.00928244
0.0155595
0.0149701
0.0149112
0.0144331
0.00591304
0.00789649
0.0131305
0.00737259
0.011995
0.00557418
0.00946658
0.0061689
0.0046667
0.00650195
0.00906711
0.00565023
0.00753758
0.00987181
0.00851173
0.00810184
0.00999098
0.00796333
0.00853177
0.00713522
0.00698984
0.0159425
0.0111367
0.0147347
0.0144241
0.0138335
0.00930419
0.0172111
0.00897426
0.00804157
0.00743133
0.00910974
0.00634014
0.00653726
0.00653218
0.00675314
0.00683226
0.0124368
0.00659861
0.00894748
0.0127513
0.00818922
0.00746545
0.00800251
0.00735918
0.0501206
0.0294908
0.0232973
0.0289919
0.0419054
0.0353784
0.0271506
0.0240511
0.0138021
0.00475016
0.00630563
0.0111285
0.00980922
0.00702621
0.00923256
0.00648045
0.0117754
0.00649556
0.00579372
0.00853209
0.0089039
0.008011
0.00648628
0.00561474
0.024335
0.0178957
0.0149262
0.0207148
0.0229222
0.0207736
0.0205627
0.0195666
0.0227058
0.0184946
0.0267893
0.0183627
0.0177158
0.0204397
0.0201955
0.0231133
0.0177894
0.0146559
0.00830853
0.0161729
0.0145254
0.0119539
0.013245
0.0100177
0.013471
0.0228856
0.0177134
0.0131317
0.0166343
0.0209821
0.0155016
0.0192556
0.0116858
0.0118429
0.0146919
0.00633109
0.0095751
0.0123932
0.00790609
0.0100878
0.00523661
0.00603324
0.0108693
0.00830736
0.00553774
0.00746371
0.00659041
0.00829682
0.00566705
0.00380263
0.0114424
0.0108317
0.00619183
0.00569818
0.00919565
0.00803998
0.0208937
0.0248289
0.0422075
0.027069
0.0263342
0.0296356
0.0299523
0.0351224
0.0143265
0.0170645
0.0210872
0.0174871
0.0181697
0.0192867
0.0187158
0.0199185
0.00600816
0.0116653
0.0119699
0.0148631
0.00770643
0.00948005
0.00947466
0.0116246
0.00751404
0.0145572
0.0148159
0.0146829
0.00923499
0.0124186
0.0121249
0.0150626
0.0136005
0.0136874
0.0177119
0.0225291
0.0150672
0.0141531
0.020803
0.0189832
0.0168512
0.0251105
0.017691
0.018987
0.0224704
0.0226352
0.0188621
0.0194675
0.00799134
0.0120123
0.00799902
0.0121636
0.0109833
0.00889584
0.00831336
0.00771207
0.0136566
0.0150112
0.0108809
0.0124107
0.0133788
0.0114602
0.0102618
0.00991726
0.00578272
0.0112788
0.00500744
0.0129667
0.0101851
0.0109828
0.0101385
0.0117996
0.0141951
0.0114708
0.00933977
0.0141251
0.0120378
0.00982654
0.010731
0.00923202
0.0128966
0.00924312
0.0124128
0.0121747
0.00994546
0.00886282
0.0124748
0.0100884
0.0105137
0.00986235
0.0103889
0.00932496
0.00912108
0.00902388
0.00911192
0.0096231
0.00962176
0.0100701
0.00969456
0.00966582
0.0112358
0.00920846
0.0095685
0.00900802
0.00986165
0.00997107
0.00882151
0.0105971
0.00983704
0.00973018
0.00992298
0.00972665
0.00849611
0.0124841
0.0144669
0.0065987
0.0060199
0.0142518
0.00588662
0.0118393
0.0135545
0.0128487
0.012565
0.00626172
0.00742221
0.0128876
0.00698371
0.0105973
0.0156408
0.0143015
0.0176757
0.00756741
0.00798832
0.0159301
0.00781786
0.0142422
0.00493982
0.00778801
0.00873632
0.00458881
0.00567969
0.00843698
0.00603573
0.00872497
0.00772069
0.00761821
0.00637042
0.00612055
0.00713823
0.00715373
0.00621351
0.00628123
0.0146763
0.00649762
0.0135879
0.0155295
0.0120716
0.00712135
0.0142144
0.00774117
0.0070671
0.00638612
0.00676764
0.00773209
0.00622329
0.00635946
0.00717226
0.00697882
0.0130132
0.00764073
0.006843
0.0116732
0.00736839
0.00727029
0.0074125
0.00696205
0.00910737
0.0087729
0.0143122
0.0127472
0.00690953
0.00644038
0.0145877
0.0123834
0.00647973
0.00524681
0.0137457
0.0142284
0.00793953
0.00800986
0.014413
0.0142624
0.0133865
0.00859973
0.0147813
0.0124053
0.00709176
0.00728197
0.0141724
0.0123796
0.0113766
0.0100532
0.0109226
0.0110961
0.00720588
0.00688277
0.0113642
0.00945749
0.0131091
0.00779289
0.0074851
0.00962
0.0134809
0.00765234
0.0140146
0.00740979
0.0124801
0.0105074
0.0117249
0.00733705
0.0135033
0.0106901
0.0127756
0.0110959
0.013516
0.0125429
0.00962831
0.0121032
0.0121486
0.0103688
0.00670035
0.0068626
0.011542
0.0102663
0.0093175
0.00865182
0.00662067
0.00653953
0.00873324
0.00886924
0.0434581
0.0275698
0.0279711
0.0233862
0.0392356
0.0322139
0.0258002
0.0234033
0.0141722
0.00540392
0.0130028
0.00899019
0.0111606
0.00788881
0.0100526
0.00787842
0.0215142
0.0183195
0.0181612
0.0151896
0.022062
0.0222512
0.0188118
0.0190786
0.012789
0.00885901
0.00933861
0.00729901
0.0121491
0.00903871
0.00730605
0.00687791
0.0232013
0.0270662
0.021329
0.0138258
0.0176149
0.0200738
0.0156248
0.0170529
0.0178497
0.0105653
0.0179105
0.0258789
0.0153758
0.0129388
0.0218985
0.0193245
0.0208967
0.0131999
0.00910306
0.011873
0.0156693
0.0120946
0.0142633
0.0101427
0.021295
0.0125258
0.00808735
0.0170943
0.0194066
0.0149981
0.0185921
0.0142518
0.0197873
0.0202451
0.0163908
0.0164987
0.0199297
0.0195108
0.0183819
0.0190416
0.0259738
0.0495789
0.0301549
0.0285371
0.0347696
0.0393207
0.0326073
0.0375098
0.0112328
0.0177762
0.0106843
0.00947047
0.0116032
0.0132248
0.00985673
0.0124138
0.00950286
0.013191
0.00628927
0.0031658
0.00816548
0.0108146
0.0059425
0.00764803
0.0225508
0.0155051
0.0173715
0.0202437
0.0216111
0.0200588
0.0192212
0.0186201
0.02331
0.0246924
0.0226629
0.0151789
0.0227264
0.0277959
0.0169876
0.0205204
0.0134208
0.0145973
0.0174594
0.00874432
0.0121363
0.0154131
0.0108946
0.0139335
0.0135838
0.0111859
0.0208949
0.021608
0.0152296
0.0133658
0.0182949
0.0169498
0.021144
0.0170959
0.0101761
0.0190366
0.0176187
0.0150426
0.0112431
0.00940233
0.0147165
0.0141429
0.00575336
0.0148068
0.0128886
0.011656
0.00806035
0.00716612
0.00863699
0.00579566
0.0046928
0.00541265
0.00842888
0.00710167
0.00627014
0.00543758
0.0162806
0.0128326
0.00694462
0.00878492
0.0126348
0.010489
0.00669522
0.00606341
0.0144936
0.0103895
0.0155432
0.0140531
0.00941447
0.00969561
0.0169901
0.0132519
0.0124364
0.0120352
0.00644177
0.00858029
0.00812749
0.00839575
0.00729728
0.00735157
0.00850636
0.010062
0.00835818
0.00723109
0.00687409
0.00778535
0.00671172
0.00835062
0.00796052
0.00658085
0.00752161
0.00587686
0.00644988
0.00631273
0.00635731
0.00627754
0.00663645
0.016094
0.012269
0.0165525
0.00913113
0.0126981
0.011465
0.0146653
0.0304508
0.0512439
0.0353547
0.0373055
0.0355738
0.0438305
0.0376245
0.0419127
0.0127696
0.019878
0.0114686
0.0178174
0.0137404
0.017105
0.0107354
0.011994
0.0237678
0.0321542
0.0280999
0.0273314
0.0272872
0.0303222
0.0292209
0.0305964
0.0196723
0.0150289
0.0208341
0.0298748
0.0224583
0.0188796
0.0265309
0.0237291
0.0253655
0.0338797
0.0301929
0.0190737
0.026731
0.0320597
0.0222635
0.0249613
0.0123039
0.0227347
0.032361
0.0229234
0.0212721
0.025801
0.0243478
0.0289692
0.0143106
0.0241877
0.0334689
0.0224801
0.0169819
0.0257338
0.0199323
0.0282664
0.0153995
0.00733742
0.0135259
0.0133965
0.0126867
0.00717811
0.0149883
0.00764884
0.0091693
0.00498134
0.00508188
0.0103404
0.00927833
0.00730782
0.00988628
0.00657272
0.0115972
0.0058615
0.00762279
0.0105399
0.00900961
0.00500433
0.0115123
0.00535735
0.0126998
0.00850686
0.0128372
0.0150822
0.0113848
0.00732067
0.0143391
0.00798222
0.00757336
0.010959
0.0112788
0.00821044
0.00776025
0.00731732
0.00803543
0.0072298
0.00798306
0.00901635
0.00727264
0.00641842
0.00811873
0.00861844
0.00631114
0.00652038
0.0135088
0.0135921
0.0082454
0.0131616
0.012407
0.00769037
0.0103922
0.00749391
0.00696389
0.00670713
0.00912836
0.0073224
0.00644068
0.00616645
0.00647896
0.00638465
0.0205953
0.0161398
0.021095
0.016769
0.0180455
0.0187581
0.0187995
0.0194694
0.0119392
0.00535826
0.0138991
0.007873
0.00734039
0.00754409
0.009185
0.010775
0.0255048
0.0272263
0.0441482
0.0214958
0.0221635
0.0316987
0.0247372
0.0390525
0.00943564
0.00742583
0.0107923
0.00594254
0.00554676
0.00754153
0.00590378
0.0101127
0.0144953
0.0187625
0.0117935
0.00711813
0.0154624
0.0163859
0.0118369
0.0133819
0.0154529
0.00946238
0.0172475
0.0219601
0.016814
0.011709
0.0193713
0.0139742
0.0194941
0.0120183
0.00801601
0.0116331
0.0151423
0.0134135
0.0107214
0.00886323
0.0228627
0.0191753
0.0123741
0.0226146
0.0185415
0.015288
0.0161494
0.0141092
0.00511918
0.0109411
0.00593177
0.0103938
0.010229
0.0101617
0.00845549
0.00849616
0.0129785
0.0170102
0.0162758
0.0129803
0.0108802
0.0132872
0.0106643
0.0151466
0.00787729
0.0138508
0.00892304
0.0128054
0.00830486
0.00993698
0.00884795
0.011986
0.00751732
0.0110918
0.0135247
0.0113621
0.00788183
0.00926798
0.00876202
0.011809
0.0122965
0.00996279
0.00958732
0.00864344
0.010378
0.0100628
0.0101168
0.0098569
0.0124726
0.0103964
0.0123105
0.00957778
0.0101393
0.00957146
0.00959736
0.010109
0.00973656
0.00903195
0.00931034
0.0102069
0.0102122
0.00975317
0.00927331
0.00871461
0.00926062
0.0139136
0.0131666
0.0146108
0.00920727
0.0109752
0.0105624
0.0139541
0.00778573
0.0147491
0.0120769
0.00634741
0.00600521
0.0114966
0.00576244
0.00961873
0.018053
0.0218148
0.0182773
0.00770341
0.0100533
0.0186678
0.00834276
0.0162773
0.0152381
0.0163724
0.016425
0.00705879
0.0079084
0.0151628
0.00779896
0.0139709
0.00577401
0.00840411
0.00797035
0.00510817
0.00707927
0.00830036
0.00633886
0.00824663
0.0085546
0.00698577
0.00700769
0.00746961
0.00674326
0.00712691
0.0069392
0.00700763
0.0148577
0.00777383
0.0162737
0.0137387
0.0129155
0.00873728
0.0164018
0.0085022
0.0063833
0.00704458
0.00728398
0.00719744
0.00736936
0.00710214
0.00724098
0.0070758
0.0122966
0.00713804
0.00780422
0.0142296
0.00799439
0.00729088
0.00762252
0.00769136
0.00658386
0.0129316
0.00879993
0.0103039
0.0074434
0.0119895
0.00694853
0.00926632
0.0233849
0.0437336
0.0281824
0.0272614
0.0279042
0.0398333
0.0254771
0.03288
0.00901678
0.0144763
0.00544741
0.0128195
0.010846
0.01141
0.00840314
0.00805208
0.0167
0.0210679
0.0179017
0.0182649
0.0189956
0.0210145
0.0186727
0.021234
0.014563
0.00980017
0.0143589
0.0225339
0.0132115
0.0110748
0.0169499
0.0152234
0.0212933
0.0259729
0.0238044
0.0142074
0.0176513
0.022081
0.0162452
0.0193235
0.00851083
0.0138638
0.0219412
0.0173981
0.0140952
0.0157876
0.0187906
0.0199128
0.011005
0.0175506
0.0250766
0.018307
0.0141224
0.019058
0.0167497
0.0215614
0.0100934
0.017188
0.0117147
0.00931427
0.0121045
0.0126299
0.00971388
0.0114978
0.0295702
0.0489634
0.0274277
0.0300231
0.0384546
0.0403966
0.0341774
0.0366255
0.0185443
0.021398
0.0215121
0.0188162
0.0211926
0.021419
0.0200786
0.0220235
0.00621475
0.0140449
0.0103321
0.00328361
0.00813823
0.0115591
0.00635118
0.00867002
0.0216158
0.0147872
0.011592
0.0221999
0.0185436
0.0155378
0.0174172
0.0138627
0.022319
0.02615
0.025318
0.0163763
0.0207618
0.0293237
0.0177696
0.0247212
0.0144863
0.00909545
0.0186048
0.0161669
0.0129439
0.0114299
0.0169219
0.0148817
0.0169142
0.0192673
0.02144
0.0246766
0.0226755
0.020792
0.023968
0.0213939
0.131079
0.0539599
0.0281437
0.0722364
0.0604919
0.040175
0.0546274
0.0343091
0.0257784
0.00972642
0.0129447
0.0233136
0.0165531
0.0124909
0.0185742
0.014688
0.0215493
0.0162119
0.0139805
0.037566
0.0230734
0.0171808
0.026837
0.0200314
0.0830507
0.0629623
0.0879651
0.176512
0.0870683
0.0730274
0.119154
0.111992
0.031082
0.0202208
0.0508314
0.0360533
0.0296879
0.0278786
0.0399687
0.0363133
0.0213217
0.0295367
0.016727
0.0184308
0.0203843
0.0252088
0.0172419
0.0210151
0.0242413
0.0550648
0.0445655
0.0549602
0.0327531
0.0372284
0.0413929
0.0474152
0.0209685
0.0492428
0.039202
0.0198528
0.0254093
0.0349222
0.0243846
0.0320983
0.0112285
0.0133427
0.0171218
0.010096
0.0114185
0.0144749
0.0128628
0.0144564
0.0111377
0.00860014
0.0190829
0.00967094
0.0107693
0.0119723
0.0118181
0.0141017
0.0219382
0.0413001
0.110092
0.0503935
0.0197616
0.027324
0.04598
0.060208
0.0108363
0.00931025
0.0258247
0.0141777
0.00999553
0.0118008
0.0160881
0.0183719
0.0134229
0.0118683
0.00851254
0.00932903
0.0133532
0.0107942
0.0113886
0.00985225
0.0155124
0.0108974
0.0158779
0.0156459
0.0144617
0.0133849
0.0155861
0.0139249
0.0150903
0.0125506
0.0109058
0.0279504
0.0138376
0.012873
0.0136416
0.0124712
0.0167964
0.033401
0.0127343
0.0255186
0.0179958
0.016333
0.0201917
0.0169784
0.0171902
0.0253771
0.0259496
0.043512
0.0206232
0.0239222
0.0343342
0.0308146
0.0256193
0.0308079
0.0296325
0.03454
0.0291276
0.0263922
0.031003
0.0295869
0.0329926
0.0388369
0.127421
0.0799211
0.0352796
0.0367853
0.0619692
0.0675983
0.0906862
0.0613006
0.0897761
0.158023
0.0923501
0.0696234
0.129618
0.10256
0.0267986
0.0258219
0.046618
0.0392428
0.0304314
0.0300635
0.03623
0.0384806
0.0254076
0.0344396
0.0273874
0.0260407
0.0280241
0.0288919
0.0269506
0.0269949
0.0289675
0.0715235
0.0465448
0.0639321
0.036382
0.0513163
0.0379779
0.0482911
0.0302666
0.0614628
0.040576
0.0309418
0.0313298
0.0359493
0.0300494
0.0350481
0.161564
0.0653599
0.0249822
0.0181881
0.0631662
0.0536875
0.0222757
0.0151235
0.0349462
0.0277542
0.0166734
0.00997333
0.0234546
0.0252577
0.0134953
0.0136409
0.0324872
0.0219152
0.0196622
0.0255269
0.0268686
0.026964
0.0356627
0.0287175
0.0214443
0.00970485
0.0268061
0.0545082
0.020372
0.0145543
0.0372027
0.0206495
0.0304912
0.0192625
0.0148277
0.0114057
0.0132589
0.0131795
0.0113435
0.0126619
0.0303028
0.011216
0.0173436
0.0178665
0.0132608
0.0128235
0.0166688
0.0163094
0.0269772
0.0179061
0.0113349
0.0423503
0.0264524
0.0133012
0.0234661
0.0125448
0.0176626
0.0350011
0.0106379
0.0145581
0.0165338
0.0204856
0.0146635
0.014859
0.253236
0.0675456
0.0485464
0.0842838
0.105612
0.062569
0.0847672
0.0635169
0.0881134
0.140459
0.0979394
0.0772157
0.103228
0.122432
0.0853645
0.0966595
0.0516457
0.0583226
0.0249161
0.0377257
0.0573095
0.051997
0.0330115
0.0321834
0.0986043
0.0721158
0.0642765
0.119044
0.106895
0.0816949
0.100753
0.0824069
0.0663372
0.0686777
0.109105
0.0669337
0.0639293
0.0676489
0.0706255
0.0850404
0.0666765
0.066824
0.0871984
0.0525068
0.0582353
0.0692602
0.056502
0.0718078
0.0698044
0.100855
0.0669494
0.0536703
0.077934
0.0989731
0.0676957
0.0743864
0.0649622
0.0486933
0.0610416
0.0629156
0.0586367
0.0579233
0.0620939
0.0608499
0.0232587
0.0608317
0.0409296
0.0309059
0.0421405
0.0514245
0.0391797
0.0474817
0.0997523
0.144597
0.0863303
0.0920751
0.115693
0.123281
0.0967254
0.104228
0.0326723
0.0556527
0.23354
0.0252311
0.0316139
0.0431776
0.0272963
0.0428769
0.0338324
0.0769656
0.0283074
0.0702973
0.063805
0.0632369
0.0547052
0.0560998
0.0870815
0.0379221
0.0516645
0.0902415
0.0738728
0.0519517
0.0764022
0.0558809
0.0881327
0.0823264
0.0532904
0.04003
0.076751
0.0772775
0.0499719
0.0438816
0.0331231
0.045848
0.0731388
0.0237127
0.0324746
0.0477988
0.0277863
0.0549515
0.0348854
0.0277983
0.0721018
0.0435766
0.0315958
0.0296916
0.0366537
0.0405839
0.0184156
0.0377889
0.0257326
0.035569
0.0239254
0.0245598
0.0272356
0.0262316
0.0448327
0.0736557
0.0550442
0.0637745
0.0470741
0.0485883
0.0521118
0.0514185
0.0347271
0.0572692
0.0603893
0.0629015
0.0429357
0.0464627
0.0542802
0.0555697
0.0618822
0.0927756
0.0816947
0.191717
0.0955393
0.0797649
0.113869
0.103285
0.0437754
0.0279862
0.0455372
0.063695
0.0462305
0.0301794
0.0563732
0.0408356
0.0412184
0.0549579
0.0467125
0.0307019
0.0435933
0.0442777
0.0442206
0.0441301
0.0309431
0.0513818
0.0701564
0.0641329
0.0408759
0.0492314
0.0531129
0.0548349
0.0328245
0.0629082
0.0606226
0.0470453
0.0366199
0.0485976
0.0433663
0.046988
0.0155795
0.0219219
0.032268
0.016634
0.0176024
0.0209492
0.0206249
0.0220166
0.0284128
0.0565994
0.048036
0.0330116
0.0313021
0.0370982
0.0326532
0.0360111
0.0372039
0.0436506
0.0609334
0.0229666
0.0281379
0.0348284
0.0227683
0.0290651
0.020688
0.0329976
0.0221409
0.0234951
0.0273967
0.0308462
0.026253
0.0283203
0.0215043
0.0261798
0.0207788
0.0264849
0.0211699
0.0217388
0.0206545
0.0213052
0.0248421
0.030097
0.0361295
0.0320355
0.0223724
0.0275517
0.0359983
0.0297024
0.02502
0.0235853
0.0329712
0.0211743
0.0250866
0.0234221
0.0248281
0.0281688
0.0271131
0.0220109
0.0335182
0.0282759
0.0246954
0.0238241
0.0260546
0.0275034
0.00773061
0.00734592
0.0085767
0.0095574
0.00813251
0.00789247
0.0094093
0.00919842
0.00588534
0.00433164
0.0047717
0.00544276
0.00522738
0.00472336
0.00524065
0.00481485
0.00823799
0.00620302
0.0116417
0.00882889
0.00742495
0.00679703
0.00848128
0.00789295
0.0109486
0.00679363
0.00808601
0.0104089
0.00930704
0.0080051
0.00937107
0.00781398
0.00695291
0.00766262
0.00947508
0.00682662
0.00765691
0.00797103
0.00832451
0.00945594
0.00634031
0.0060654
0.00505665
0.00644007
0.00690702
0.00549634
0.00619464
0.00546633
0.00794815
0.011182
0.0070737
0.00710585
0.00962902
0.0103871
0.00697431
0.00745713
0.00691828
0.00627295
0.0059232
0.00532553
0.00585239
0.00607905
0.00564059
0.00608052
0.00700896
0.00721584
0.00611624
0.00571302
0.00654817
0.0067997
0.00589015
0.00606339
0.0076938
0.00971068
0.00562742
0.00579921
0.0071484
0.00788255
0.0061871
0.00682997
0.00506174
0.00446415
0.00406807
0.00405794
0.00472392
0.00464227
0.00436053
0.00426559
0.00482419
0.00465458
0.00403006
0.00402742
0.00458391
0.00430019
0.00429009
0.00422177
0.00640546
0.00547294
0.00541116
0.00511787
0.00577029
0.00535297
0.00551533
0.00473686
0.00617278
0.00496132
0.00533703
0.00545859
0.00552944
0.00526067
0.00540885
0.00492457
0.00501277
0.00495321
0.00471267
0.00424351
0.00459393
0.00456058
0.00429649
0.00440773
0.00491501
0.0041446
0.00471082
0.00499641
0.0044839
0.00420695
0.00467479
0.00444606
0.0663901
0.0358156
0.0257228
0.019065
0.0380616
0.0346343
0.0265439
0.0286142
0.0239456
0.0223428
0.0412721
0.0236775
0.0227137
0.0228533
0.0228027
0.0239283
0.026366
0.0992544
0.570542
0.206325
0.0863935
0.100626
0.112426
0.126093
0.0134491
0.0285682
0.109985
0.0486381
0.0198703
0.029756
0.0229929
0.0430441
0.0252065
0.022054
0.0165487
0.0220669
0.0194426
0.0208068
0.0163479
0.0165185
0.0237654
0.0245205
0.0413661
0.0228435
0.0209386
0.0229224
0.0238166
0.0373411
0.0182644
0.0143762
0.0260325
0.0518814
0.0149764
0.0156157
0.0428187
0.0258782
0.0211247
0.0699785
0.0291863
0.0493553
0.0437934
0.0532059
0.0462405
0.0528206
0.0793489
0.0338506
0.0422174
0.105959
0.0786318
0.0453437
0.0996451
0.0556599
0.0325638
0.439214
0.0891406
0.0519751
0.0372854
0.104178
0.0441115
0.0896361
0.0273559
0.0387401
0.0227307
0.0358412
0.0292119
0.0253545
0.0323324
0.0264774
0.105622
0.0685264
0.0665125
0.126513
0.100193
0.0710592
0.102216
0.0743445
0.0336856
0.046189
0.0950109
0.0460761
0.0355235
0.0528598
0.0441565
0.0587943
0.0285485
0.0385508
0.0405448
0.0318361
0.0315297
0.0315609
0.0260123
0.0270716
0.0545187
0.100145
0.0502018
0.0642327
0.0596154
0.0634887
0.0579941
0.061272
0.0385107
0.0454377
0.0412796
0.0372491
0.0373378
0.0417176
0.0290349
0.032516
0.00923879
0.0049935
0.00594462
0.00493122
0.00636107
0.00566775
0.00629872
0.00529695
0.00441285
0.00391743
0.00389303
0.00386922
0.00415374
0.00409052
0.00403228
0.00388171
0.004677
0.00391352
0.00395617
0.00384114
0.0042551
0.00416901
0.00405005
0.00392046
0.00428223
0.0038551
0.00384001
0.00388116
0.00408543
0.00393808
0.00402966
0.00383962
0.00454915
0.00483518
0.00447538
0.00403049
0.00438809
0.00470951
0.00415214
0.00429225
0.00463842
0.00397529
0.00407412
0.00475674
0.00436316
0.00418924
0.00450167
0.00412873
0.00468434
0.00442888
0.00397803
0.00398096
0.00421541
0.00418523
0.00403069
0.00403507
0.00448175
0.00384445
0.0038546
0.00388456
0.00419806
0.00395388
0.00402496
0.00386288
0.411836
0.0658082
0.405356
0.107462
0.118914
0.0986405
0.138002
0.150702
0.0929521
0.0902279
0.190888
0.0628459
0.105599
0.110959
0.0954486
0.098893
0.398466
0.337613
0.76054
0.195553
0.33521
0.355458
0.311758
0.306526
0.0575478
0.0420072
0.0679081
0.0337881
0.0504359
0.0490756
0.0433583
0.0361296
0.081929
0.161442
0.0746696
0.0734071
0.0855582
0.0857187
0.0742352
0.0765914
0.087638
0.0770762
0.18406
0.138255
0.0951577
0.100431
0.141419
0.164192
0.165984
0.0696237
0.0598384
0.0972248
0.124003
0.06791
0.105143
0.0571285
0.172028
0.0888071
0.056676
0.147558
0.1361
0.107892
0.143543
0.100841
0.0079838
0.0102751
0.00485757
0.0113196
0.0110021
0.00762425
0.00751965
0.00659631
0.0121454
0.0137438
0.00870126
0.0141138
0.015381
0.0115992
0.00977156
0.0101768
0.00489931
0.00643236
0.00458707
0.00560244
0.00563262
0.00552064
0.00540268
0.00605524
0.0133774
0.0145843
0.00572079
0.0153913
0.0164483
0.0108128
0.0117535
0.00988884
0.013447
0.00502676
0.0141451
0.0155504
0.0081934
0.00603261
0.0123132
0.00915559
0.00956795
0.0109715
0.00723741
0.00533438
0.00771872
0.00718765
0.00597946
0.00619814
0.0049647
0.00967633
0.0106173
0.00537821
0.00520867
0.00788798
0.00521143
0.00701121
0.00534058
0.00604388
0.00955028
0.00727076
0.00551559
0.00552783
0.00608216
0.00619534
0.00470796
0.00435572
0.00606984
0.0039605
0.00446908
0.00461296
0.00467411
0.00468286
0.00419537
0.00398399
0.00552076
0.00393524
0.00404819
0.00432458
0.00422857
0.0044055
0.00704481
0.00757369
0.00825065
0.00521034
0.00603835
0.00658239
0.00643667
0.0064848
0.00387591
0.00398113
0.00474086
0.00406454
0.00387917
0.0040611
0.00414413
0.00425351
0.00429331
0.00522314
0.00394335
0.00392532
0.00432819
0.00450368
0.00398032
0.0041588
0.00461898
0.00407999
0.00653925
0.00548924
0.00451411
0.00442021
0.00559447
0.0053738
0.00543733
0.00417946
0.00419003
0.00476446
0.00441349
0.00426363
0.00439952
0.00426343
0.00529915
0.00481993
0.00425168
0.00635121
0.00491537
0.00447079
0.00544724
0.00448622
0.00512075
0.0139199
0.0129799
0.00956914
0.00810281
0.00950478
0.00920933
0.0113814
0.0264176
0.0573331
0.031643
0.026123
0.0307128
0.0332447
0.0273861
0.0294302
0.0263547
0.0376029
0.0391051
0.0825342
0.034486
0.0350329
0.0428436
0.0479585
0.0292745
0.038999
0.100743
0.0944587
0.0592725
0.0585639
0.0800627
0.0932199
0.0207774
0.0173842
0.0180552
0.0282446
0.0201518
0.015135
0.0184706
0.0179461
0.0226826
0.0287559
0.0345839
0.0192098
0.0232514
0.0293327
0.0248813
0.0318908
0.0209664
0.0251946
0.0353764
0.0701111
0.0297093
0.0297469
0.0516347
0.0462629
0.0245315
0.0816688
0.0352278
0.0351434
0.0311113
0.0498394
0.0315175
0.036636
0.00671914
0.014696
0.0133429
0.0144632
0.0086487
0.0114768
0.0107791
0.0127067
0.0252483
0.0335537
0.0375036
0.036862
0.0279921
0.0305897
0.031771
0.0383422
0.0258743
0.0305441
0.0585831
0.0464209
0.0269958
0.0329683
0.0417715
0.0474108
0.023241
0.0282796
0.0370765
0.0274239
0.0239733
0.0251088
0.0242436
0.0247907
0.0171129
0.0151872
0.0162607
0.025152
0.0188821
0.015651
0.0233001
0.0182185
0.0208181
0.0295779
0.0340477
0.0232189
0.0231697
0.0269244
0.0224534
0.0239045
0.0188781
0.0186154
0.0246875
0.0337121
0.0206779
0.0195553
0.0235267
0.0223889
0.022877
0.0403574
0.028912
0.0293734
0.0263767
0.029324
0.02545
0.0279598
0.0082249
0.0116828
0.00527418
0.0111932
0.0112802
0.00855953
0.00700775
0.00654881
0.0149619
0.0182844
0.00872437
0.0156203
0.0184795
0.0147874
0.00932478
0.00976939
0.00521343
0.00691149
0.00480883
0.00636133
0.00599804
0.00622211
0.00588822
0.00611735
0.0128395
0.0149968
0.00616936
0.015137
0.0158218
0.0117356
0.0111088
0.00959157
0.0150902
0.00540818
0.0140006
0.0165084
0.00752132
0.00602596
0.0130758
0.0100654
0.0115784
0.0127434
0.00769833
0.00582579
0.00752847
0.00714581
0.00622768
0.00641379
0.00523085
0.00888085
0.00996758
0.00555428
0.00560097
0.00783447
0.00555722
0.00696435
0.0056988
0.006381
0.0092654
0.00723694
0.00590767
0.00585816
0.00632145
0.0061598
0.00475431
0.00435948
0.00571995
0.00402037
0.00455681
0.00471281
0.00456176
0.00464137
0.00405866
0.0039394
0.00535795
0.00398623
0.00398442
0.00433513
0.00438043
0.0045807
0.00619636
0.00865863
0.00719337
0.00521691
0.00572434
0.00630954
0.00572645
0.00597645
0.00402426
0.0041647
0.00496776
0.00420126
0.00403852
0.00446448
0.00457613
0.00462687
0.00431694
0.00519304
0.00401838
0.0039972
0.00447455
0.00457551
0.00404782
0.00436123
0.00477107
0.0042853
0.00720234
0.00545865
0.00476273
0.00476413
0.00542873
0.00559105
0.00492333
0.00440995
0.00441429
0.00486632
0.00455868
0.00444908
0.00460745
0.00452369
0.00506355
0.00487931
0.00444134
0.00743226
0.00490975
0.00468972
0.00642691
0.00465989
0.0080755
0.00506538
0.00933311
0.012515
0.0068401
0.00568107
0.00950612
0.00648965
0.00487361
0.00454473
0.00990088
0.00544628
0.00528388
0.00671948
0.00587294
0.00781862
0.00989403
0.0134952
0.011069
0.0143402
0.00877739
0.00865747
0.0116787
0.0092283
0.0151256
0.00570658
0.0157395
0.0176576
0.0118753
0.00828822
0.0149418
0.0100162
0.00573651
0.00764738
0.00988244
0.00538508
0.00593533
0.00590343
0.00545268
0.00701235
0.00917054
0.0075553
0.0145455
0.00608797
0.00882791
0.00909272
0.00832615
0.0111635
0.0105197
0.0126318
0.00563508
0.0129352
0.0127607
0.00811603
0.0100081
0.00729325
0.00681945
0.0082758
0.00777506
0.0157014
0.00626524
0.00701215
0.0115912
0.0125341
0.00484838
0.00608958
0.00418842
0.00398269
0.00485632
0.00483215
0.00405917
0.00444186
0.00675145
0.00780163
0.00681164
0.00511163
0.00625482
0.00608651
0.00544366
0.00571479
0.00401824
0.00580823
0.00394295
0.00413714
0.00444055
0.00483207
0.00404374
0.00448499
0.0039583
0.00472569
0.00424988
0.00415983
0.00445654
0.00456657
0.00412525
0.00467401
0.00554337
0.00468688
0.00434453
0.00481087
0.00481071
0.00453213
0.00466488
0.00445336
0.00535914
0.00497356
0.00580294
0.00507434
0.0050686
0.00516977
0.00554715
0.0055733
0.00405033
0.00400107
0.00473784
0.00411998
0.00414083
0.00440408
0.00462217
0.00457117
0.00446998
0.00465891
0.00486745
0.00511814
0.00462771
0.00470816
0.00484599
0.00483667
0.0573149
0.0371129
0.0313236
0.0521803
0.0472432
0.0368629
0.0436221
0.0334969
0.0175716
0.0116393
0.00916887
0.0168081
0.0135038
0.0114137
0.013927
0.0119892
0.0223543
0.00923225
0.00916771
0.0152199
0.0133798
0.0111409
0.0135554
0.0116823
0.0499478
0.0248328
0.0219823
0.0419302
0.0366293
0.0273504
0.0350952
0.0251595
0.0244864
0.0280219
0.0416212
0.022297
0.024047
0.0287605
0.0292474
0.0322118
0.0188213
0.0178262
0.0104115
0.0237079
0.0187269
0.0152729
0.0177617
0.0122288
0.0307231
0.0416185
0.021513
0.0206026
0.0323701
0.0320278
0.0204236
0.0236683
0.0265377
0.0169379
0.016845
0.0111974
0.0158611
0.0171821
0.0128012
0.0147731
0.00827981
0.00824873
0.0195017
0.0145327
0.00989167
0.0108228
0.015134
0.0164058
0.00803707
0.00843473
0.0146373
0.0115501
0.00867347
0.00964875
0.0117586
0.0122495
0.0281084
0.0332552
0.0457189
0.0284641
0.0306911
0.0327609
0.0311644
0.0366779
0.0147984
0.0147573
0.0176171
0.0103353
0.0128313
0.0150152
0.0132214
0.0150387
0.00913199
0.0198782
0.0140253
0.0113056
0.0123015
0.0165925
0.0116153
0.0160128
0.00986936
0.0129802
0.0169314
0.0221982
0.0129137
0.0144459
0.0154624
0.0156274
0.0237764
0.0169333
0.0162273
0.0217078
0.0220968
0.0189632
0.0220574
0.0194391
0.0258676
0.0252852
0.0171803
0.0254822
0.0285289
0.0257023
0.0241193
0.0224282
0.0221398
0.0203788
0.0343861
0.0595294
0.0215996
0.0221604
0.0571631
0.0272355
0.0223743
0.0220076
0.036256
0.0265714
0.0223825
0.0292963
0.0271277
0.0315163
0.0412075
0.0594235
0.119804
0.0693237
0.0467727
0.0550541
0.0542569
0.0727689
0.0679665
0.0311612
0.064324
0.0948756
0.0690594
0.0414466
0.0775131
0.0524259
0.0200317
0.0329989
0.0597212
0.0247877
0.0241305
0.0280009
0.0250186
0.0314186
0.0267059
0.0320525
0.0408079
0.0414915
0.0289889
0.0300671
0.0375975
0.0361204
0.0365777
0.0698399
0.029928
0.0468577
0.0389095
0.0363009
0.0389329
0.0362152
0.040472
0.0536993
0.036517
0.0449993
0.039613
0.0388543
0.0373083
0.0371414
0.100665
0.0414454
0.0433634
0.0534271
0.0455882
0.040312
0.0435603
0.0435594
0.0380299
0.029164
0.0743178
0.0754636
0.035874
0.0317509
0.0586512
0.0619714
0.0405498
0.0582144
0.0261525
0.0657726
0.0465576
0.0482879
0.0691189
0.0627885
0.0611393
0.09647
0.0669569
0.114746
0.0689373
0.0698671
0.0803096
0.0782614
0.0403979
0.0432688
0.0465231
0.0638639
0.0464464
0.0423843
0.0516659
0.0445081
0.0385702
0.0637017
0.0613362
0.0441637
0.0490655
0.0566584
0.0481266
0.0574198
0.0445633
0.048091
0.0708643
0.0704662
0.0466422
0.0489999
0.058108
0.0596458
0.0473697
0.0655
0.0757666
0.0790577
0.05671
0.0618968
0.0723071
0.0734778
0.0049904
0.00637292
0.00415936
0.00396768
0.00490394
0.00493845
0.00404668
0.00439113
0.00715661
0.00825531
0.0075726
0.00546477
0.00661538
0.00668732
0.00581958
0.00612202
0.00410385
0.00789761
0.00417758
0.00429527
0.00480331
0.00618447
0.00415924
0.00489146
0.00396332
0.00514214
0.00442055
0.00417367
0.00441941
0.00478979
0.00420744
0.0048298
0.00570943
0.00473632
0.00431283
0.00492067
0.00489353
0.00452509
0.00472564
0.00448991
0.00560047
0.00528776
0.00625439
0.00527054
0.00516588
0.00534047
0.00566205
0.00582044
0.0041132
0.00402588
0.00511578
0.00421249
0.0042179
0.00446179
0.00487043
0.00465656
0.0046405
0.00494458
0.00560489
0.00579404
0.004919
0.00508295
0.0052236
0.00558241
0.00808694
0.00496822
0.00935933
0.0124617
0.00648596
0.00524858
0.00909598
0.00592391
0.00545976
0.00519535
0.012443
0.00637722
0.00611929
0.00791756
0.00755099
0.0094271
0.0102173
0.0142492
0.0112212
0.0135042
0.00873857
0.00841907
0.0115976
0.00878365
0.0153199
0.00553509
0.0144634
0.0191878
0.0113485
0.00823303
0.0142416
0.00967027
0.00539524
0.00750545
0.00947453
0.00506996
0.00553676
0.00541179
0.00508186
0.00656669
0.00742476
0.0067329
0.0141189
0.00601093
0.00710581
0.00771478
0.00729273
0.00930443
0.010221
0.0119148
0.0056449
0.0120539
0.0120897
0.00751779
0.00925009
0.00669166
0.0067318
0.00771455
0.00684549
0.0143317
0.00615474
0.00678851
0.00940846
0.00848176
0.0315068
0.0388757
0.0960691
0.169801
0.0319872
0.0309427
0.128044
0.0457029
0.0975427
0.114279
0.253069
0.0978905
0.103071
0.129028
0.10768
0.142953
0.296863
0.434266
0.919078
0.417191
0.276813
0.522173
0.337633
0.46081
0.246275
0.0638574
0.45274
0.487614
0.216801
0.110151
0.42277
0.135296
0.0462038
0.0947109
0.145277
0.0579809
0.0550636
0.0501722
0.0513619
0.0525482
0.074974
0.0925933
0.2411
0.14094
0.0908907
0.100419
0.188789
0.177918
0.200684
0.221634
0.0642009
0.358799
0.262377
0.103156
0.230177
0.111153
0.136962
0.145139
0.0900885
0.213224
0.133347
0.128116
0.166811
0.149975
0.0254942
0.0880559
0.0389724
0.0205029
0.0230502
0.026892
0.0206586
0.0278668
0.342073
1.10629
0.512325
0.993126
0.57253
0.700095
0.765238
0.993582
0.0984678
0.290295
0.113917
0.0973219
0.10492
0.143269
0.0952635
0.179829
0.029781
0.624518
0.0958449
0.0841757
0.0529523
0.108074
0.0811777
0.174638
0.111357
0.054631
0.0238025
0.339753
0.147033
0.0397222
0.174489
0.0377958
0.151496
0.404499
0.285632
0.0754651
0.211138
0.350287
0.216027
0.284262
0.069848
0.0295589
0.485189
0.092891
0.0722329
0.0565657
0.0952404
0.105496
0.0968939
0.176277
0.55367
0.337321
0.129355
0.134313
0.311888
0.36309
0.0203516
0.0525679
0.048769
0.0399499
0.0425386
0.0528953
0.0447733
0.0582753
0.0487194
0.0196823
0.0192312
0.0183264
0.0177081
0.0179137
0.0184477
0.0185186
0.034579
0.0179127
0.0173233
0.015862
0.0189072
0.017441
0.0153487
0.0155216
0.0374227
0.0168371
0.0156912
0.015215
0.0167279
0.0157934
0.01558
0.0151814
0.039522
0.0431535
0.0405745
0.0172551
0.0414139
0.0414173
0.0402869
0.0404654
0.0440117
0.0167953
0.0198797
0.0440499
0.0476379
0.0190482
0.0443043
0.020827
0.0394125
0.0398391
0.0173594
0.0154025
0.0400411
0.0425034
0.0188474
0.0185854
0.0440126
0.0153725
0.0172094
0.018112
0.02021
0.0173027
0.0180543
0.0172106
0.0224163
0.0521601
0.0476014
0.0352425
0.0321159
0.0577801
0.0324617
0.0480429
0.0366042
0.0187242
0.0195682
0.0327347
0.0340291
0.0173531
0.0325762
0.0195885
0.0414456
0.0210986
0.0202789
0.031788
0.0373198
0.0223931
0.0272848
0.025515
0.0365813
0.0359196
0.0514766
0.0883013
0.0354127
0.0318061
0.0384036
0.0473723
0.0486875
0.0440578
0.0368569
0.0391685
0.0421614
0.0436517
0.0415606
0.0404281
0.041501
0.0342178
0.0221271
0.0483365
0.0392643
0.036707
0.0445269
0.0397691
0.0349528
0.0323747
0.0349914
0.0283174
0.0322074
0.0347335
0.0305871
0.0319071
0.0405567
0.0379609
0.0386125
0.0244975
0.0369997
0.0344804
0.0357959
0.0361657
0.101952
0.127943
0.248877
0.0960009
0.102822
0.139732
0.110639
0.169372
0.0624369
0.0246439
0.0851448
0.0881226
0.0523487
0.0315445
0.0820449
0.0563381
0.553492
0.302274
0.863135
0.380102
0.426487
0.490344
0.4351
0.605217
0.0936522
0.113335
0.187524
0.0943562
0.0928775
0.135786
0.0994467
0.143302
0.108277
0.222461
0.0975496
0.105292
0.123609
0.168282
0.113026
0.143588
0.103973
0.128448
0.148386
0.31101
0.15528
0.146855
0.23215
0.180647
0.239398
0.104934
0.115427
0.20583
0.204699
0.155448
0.196088
0.154508
0.372511
0.2903
0.151461
0.21208
0.33837
0.280406
0.212225
0.208333
0.117771
0.31551
0.141713
0.144825
0.140001
0.160765
0.135008
0.162047
0.694397
0.970664
0.265874
0.599151
0.744971
0.586293
0.546736
0.368461
0.0538666
0.0674762
0.0238183
0.0215142
0.0390457
0.0331049
0.0219106
0.0215758
0.146844
0.322518
0.0238987
0.0461373
0.164403
0.113928
0.0465352
0.031213
0.383045
0.137811
0.175419
0.577871
0.405827
0.198676
0.470232
0.188729
0.385035
0.352532
0.160677
0.115951
0.333077
0.351891
0.254281
0.223495
0.0916792
0.136313
0.298177
0.0244284
0.0950727
0.128932
0.0729827
0.13149
0.0700388
0.0212671
0.161561
0.0827045
0.0548857
0.0501441
0.0997386
0.101393
0.0433411
0.0599531
0.0234987
0.0572677
0.0555092
0.0377754
0.0476268
0.0349426
0.125704
0.440796
0.103779
0.201842
0.176774
0.226899
0.165636
0.20698
0.0186025
0.0384848
0.02194
0.0292324
0.0243784
0.0258356
0.0226912
0.0259143
0.0658481
0.116391
0.0491231
0.0718571
0.0735241
0.0818221
0.06792
0.0736589
0.0820118
0.0317295
0.0665478
0.114857
0.0735997
0.0509271
0.0898925
0.063129
0.0712114
0.130254
0.0600706
0.0267682
0.0665436
0.102975
0.038009
0.0590911
0.0284982
0.0599798
0.103986
0.0430328
0.0363767
0.0581156
0.0458688
0.0722252
0.0249135
0.0459987
0.118798
0.0587226
0.0372583
0.0474463
0.0562737
0.0717528
0.0115185
0.00549333
0.00819344
0.0159596
0.00824719
0.00570359
0.00947772
0.0069068
0.00512986
0.00561687
0.00662456
0.00581178
0.00544093
0.00580199
0.00626534
0.00660709
0.00970336
0.00778196
0.0108056
0.0197938
0.0103272
0.00855769
0.0128226
0.0115675
0.0152857
0.00576702
0.0182296
0.0112217
0.00800291
0.00604145
0.0094023
0.0103279
0.00532394
0.00740792
0.0103754
0.00560119
0.00582554
0.00607423
0.00555905
0.00596229
0.00514391
0.00611102
0.00668193
0.00644087
0.00598499
0.00649971
0.00626826
0.0071499
0.0091442
0.0119144
0.0064109
0.011826
0.0121642
0.00809122
0.00871047
0.00652704
0.00823759
0.0122008
0.00724692
0.00755176
0.00781707
0.00829487
0.00770656
0.00780515
0.0154431
0.00937195
0.00790367
0.0139307
0.0114469
0.00917687
0.0103127
0.00809771
0.0073112
0.00889571
0.00658667
0.0114708
0.00861948
0.00769264
0.0075176
0.00780207
0.0061136
0.00568841
0.00517402
0.006927
0.00577247
0.00538302
0.0061458
0.00595546
0.010715
0.0135593
0.00807084
0.016702
0.00876087
0.0085818
0.00853222
0.00922229
0.00708408
0.0063368
0.00827786
0.00955059
0.00618636
0.00636655
0.00797036
0.00710971
0.00637437
0.00821617
0.00590033
0.00586627
0.00603255
0.00624515
0.00599016
0.00603173
0.00682915
0.007718
0.00872733
0.00741792
0.00745404
0.00751486
0.00729554
0.0072026
0.00606068
0.00812141
0.00897857
0.00634407
0.00574473
0.00705333
0.00619907
0.00796351
0.0359032
0.0647832
0.0577134
0.0496139
0.0509172
0.0482579
0.0456208
0.0444503
0.186602
0.509242
0.31396
0.175207
0.20588
0.413966
0.210653
0.349513
0.0997548
0.178996
0.116951
0.0952106
0.104518
0.143254
0.0979478
0.12482
0.050452
0.0808237
0.0668148
0.0445456
0.0506709
0.0681692
0.0485026
0.0598901
0.0944234
0.071912
0.0562964
0.0934236
0.0942057
0.0676602
0.0843254
0.0699657
0.152244
0.148234
0.247752
0.117956
0.134912
0.156605
0.136086
0.152186
0.0713652
0.0536974
0.091742
0.0748051
0.0628419
0.0642193
0.0727837
0.0716395
0.101446
0.102328
0.131203
0.211858
0.117735
0.111454
0.151497
0.132604
0.0268467
0.0480376
0.0910616
0.159662
0.0468153
0.0462982
0.127998
0.105912
0.0642708
0.143253
0.151267
0.145434
0.0899664
0.110326
0.152557
0.187332
0.145416
0.0711472
0.0755389
0.17005
0.156206
0.0781127
0.178466
0.116615
0.167508
0.150105
0.161603
0.15462
0.153373
0.146921
0.14125
0.161336
0.0568438
0.107414
0.147686
0.109541
0.0852131
0.102692
0.103655
0.109114
0.0607854
0.109785
0.110894
0.0878065
0.0909078
0.110953
0.102578
0.138978
0.214288
0.149163
0.142666
0.155446
0.206176
0.163512
0.168254
0.155256
0.186585
0.161752
0.156988
0.099071
0.157346
0.146261
0.145288
0.15141
0.028615
0.0681742
0.0780459
0.114172
0.0710375
0.0642218
0.0921514
0.0933515
0.0493226
0.049176
0.0791313
0.184313
0.0738827
0.0551572
0.212603
0.156755
0.0623324
0.170255
0.174268
0.280379
0.159916
0.140918
0.266996
0.24797
0.157034
0.228389
0.313905
0.377811
0.236095
0.238345
0.533389
0.413976
0.0735047
0.115611
0.0863256
0.169977
0.0780449
0.0886013
0.0784194
0.0845571
0.0596323
0.17467
0.0783418
0.0968653
0.0819265
0.157072
0.114498
0.102395
0.19564
0.155536
0.282962
0.369933
0.212818
0.1803
0.198535
0.239432
0.175541
0.308183
0.229931
0.15701
0.184824
0.193985
0.204298
0.184457
0.0189037
0.014179
0.01638
0.0160777
0.0165312
0.0134495
0.0158535
0.0136931
0.0137526
0.0159264
0.0209555
0.015274
0.0143955
0.0141441
0.0149759
0.0159833
0.0227132
0.0239789
0.0250707
0.0268647
0.0238902
0.0232045
0.0249947
0.0270098
0.0154592
0.0150331
0.0173828
0.0152612
0.015382
0.0153707
0.0154405
0.0151033
0.0136761
0.0152078
0.0155108
0.0147668
0.0136421
0.0146614
0.0139607
0.0145308
0.0117269
0.0152282
0.0196629
0.0152832
0.0129317
0.0148936
0.0158507
0.0178255
0.0154151
0.0154009
0.0149565
0.0166994
0.0158311
0.0143962
0.0164273
0.0153659
0.0153619
0.0182516
0.0152017
0.0222551
0.0178888
0.018202
0.0188839
0.0186409
0.0210928
0.0329893
0.0488903
0.0338891
0.0247302
0.036708
0.0328316
0.0417664
0.0256225
0.0241712
0.053112
0.05878
0.0220329
0.0233409
0.025736
0.0446403
0.0363628
0.0394371
0.0314036
0.0516278
0.0391796
0.0185098
0.0440801
0.0269689
0.0415827
0.0466395
0.119675
0.0887276
0.0377226
0.0407411
0.0575075
0.0572139
0.0275678
0.0508794
0.0295665
0.0221035
0.0284166
0.0362162
0.0233434
0.0311078
0.0284583
0.0321587
0.0237938
0.0339745
0.0276903
0.0268676
0.0326518
0.029276
0.0646933
0.0398365
0.0261739
0.0710693
0.0793291
0.0336792
0.0622485
0.0339934
0.037838
0.0383204
0.059153
0.0436541
0.0341439
0.0354531
0.0296206
0.0909063
0.0183899
0.0410634
0.0424462
0.0405445
0.037707
0.038342
0.037438
0.0380342
0.0311823
0.0190262
0.0196089
0.0179099
0.017481
0.0175592
0.0180492
0.0181437
0.0332694
0.0199391
0.0153041
0.017114
0.0210483
0.0196855
0.0159891
0.0161279
0.0342367
0.0178495
0.0186049
0.0168543
0.018844
0.0179552
0.0185486
0.0179452
0.0328112
0.0336121
0.0361094
0.01822
0.0352088
0.0346795
0.0361374
0.0351594
0.0336857
0.0176943
0.0210229
0.0319063
0.0364746
0.0188552
0.0335568
0.021551
0.0312451
0.0350744
0.0185679
0.0178472
0.0344646
0.0341797
0.0200086
0.0195064
0.0306937
0.0176905
0.0183319
0.0193738
0.020845
0.0189352
0.0192785
0.0184338
0.0882064
0.133719
0.244553
0.112169
0.0902236
0.137604
0.129267
0.170197
0.0684122
0.0216519
0.0515327
0.070856
0.0490555
0.0274093
0.0641365
0.0400949
0.449038
0.213935
0.718847
0.375312
0.34546
0.381014
0.439964
0.472569
0.128135
0.112674
0.194767
0.1217
0.118201
0.1435
0.130717
0.147246
0.112357
0.213534
0.108033
0.105345
0.126843
0.167173
0.118096
0.144415
0.11148
0.114368
0.107848
0.276548
0.147691
0.129562
0.205724
0.144374
0.260751
0.143393
0.115595
0.21865
0.221377
0.168898
0.196602
0.162247
0.307031
0.264707
0.123908
0.153834
0.277119
0.234034
0.160663
0.159039
0.100172
0.311437
0.150279
0.142049
0.137124
0.157237
0.13102
0.164306
0.575437
0.851306
0.207243
0.494242
0.641628
0.451479
0.451355
0.32623
0.0606511
0.0413224
0.0211335
0.0218147
0.0435146
0.0292819
0.0217537
0.0186619
0.173308
0.349173
0.0326126
0.0721579
0.209809
0.14525
0.0694634
0.0436452
0.378191
0.1541
0.180211
0.591927
0.407797
0.20922
0.475111
0.201276
0.34299
0.316035
0.116533
0.125542
0.306122
0.307826
0.225099
0.193827
0.11088
0.157326
0.321488
0.0323652
0.116869
0.15175
0.0972195
0.15997
0.0820149
0.0235547
0.167811
0.0619559
0.0628417
0.0590876
0.10003
0.103712
0.0484007
0.0636058
0.0646878
0.0510234
0.0495128
0.052542
0.0496851
0.0524921
0.0864982
0.071703
0.0575233
0.0605996
0.0736867
0.0726637
0.0649661
0.0632536
0.0570536
0.0420433
0.0518665
0.0516802
0.0483925
0.0468698
0.0494041
0.0478662
0.0497056
0.047695
0.0560027
0.0537104
0.0484196
0.0457516
0.0580127
0.0522425
0.0630491
0.0569752
0.0517582
0.0543028
0.0594804
0.0522468
0.0583315
0.0523328
0.0736176
0.0550398
0.0490945
0.0560604
0.0660783
0.0590534
0.0554393
0.0507571
0.0532297
0.0524202
0.0493609
0.0524881
0.0498667
0.0537786
0.0453937
0.0476306
0.0527295
0.0491654
0.0499078
0.0459471
0.0472418
0.0447894
0.047245
0.0465909
0.0354155
0.0124381
0.219532
0.0416581
0.0390365
0.0459328
0.0420093
0.0515827
0.0132428
0.0208241
0.0410672
0.016642
0.0152021
0.016962
0.0161504
0.0193157
0.365603
0.0916749
0.653677
0.354159
0.323166
0.265921
0.315262
0.270434
0.0359964
0.0155211
0.144291
0.0302769
0.0307171
0.0231894
0.0311364
0.0236718
0.0131633
0.179123
0.0378194
0.0145522
0.0132078
0.039322
0.0138973
0.03191
0.0123841
0.0141594
0.0403463
0.136625
0.0125453
0.0136918
0.027258
0.0288776
0.163487
0.0365676
0.0153205
0.128193
0.151289
0.0324394
0.1258
0.026968
0.138392
0.0914096
0.0155663
0.0478799
0.107031
0.0882036
0.0317507
0.0335437
0.021454
0.0350088
0.0354759
0.0202823
0.0194612
0.0259365
0.0190716
0.0290763
0.0749643
0.0876001
0.110815
0.0952164
0.0906629
0.0998745
0.0943543
0.108816
0.0537127
0.0731973
0.0302629
0.0565381
0.0656956
0.0672244
0.0539608
0.0656571
0.0227818
0.0973749
0.0718382
0.0341759
0.0285585
0.0828946
0.0284548
0.113853
0.0463598
0.0494067
0.0208595
0.0835722
0.0471851
0.0353779
0.0547336
0.0340466
0.0634695
0.108066
0.115798
0.0603214
0.0731902
0.100813
0.0739018
0.102126
0.0378301
0.0206717
0.0872885
0.053517
0.0413898
0.0417074
0.055192
0.0737146
0.0637524
0.125702
0.126102
0.129392
0.0919654
0.100136
0.100637
0.11169
0.0384455
0.0668594
0.0677473
0.0734693
0.0510301
0.0628652
0.073947
0.0629771
0.096961
0.080806
0.0670604
0.0591667
0.08609
0.0930257
0.065946
0.0713319
0.0427554
0.0320862
0.022753
0.0493141
0.0333025
0.0259557
0.0479023
0.0237156
0.0643757
0.0415163
0.0605046
0.0535235
0.0530446
0.0510767
0.0555083
0.0529301
0.0785179
0.0581795
0.0595872
0.0509598
0.0630455
0.0569431
0.0574629
0.0543517
0.10158
0.0525601
0.0604473
0.0560445
0.06901
0.0576278
0.0647222
0.0571653
0.0784794
0.0675159
0.0428944
0.0608232
0.0778338
0.0654239
0.0534957
0.0545612
0.0439696
0.0411903
0.0402398
0.0403907
0.0358599
0.0339771
0.0422257
0.0385217
0.00412864
0.00522984
0.00494292
0.00401154
0.00452252
0.00485454
0.00423002
0.00459083
0.00628812
0.0065815
0.00642367
0.00521085
0.00616672
0.00644846
0.00566334
0.00586088
0.00582947
0.00654806
0.00641025
0.00523393
0.0060569
0.00637624
0.00559387
0.00589353
0.00398124
0.00448686
0.00446986
0.0039371
0.00421596
0.00439166
0.00408804
0.00427048
0.00540593
0.00524786
0.00429667
0.00487076
0.00498814
0.00482785
0.00466896
0.00452639
0.00586792
0.00515588
0.00646279
0.00566409
0.00550306
0.00557602
0.00620535
0.00617386
0.00494461
0.00413013
0.004714
0.00471606
0.00465947
0.00441549
0.00491023
0.0045443
0.00542292
0.00496838
0.00494259
0.00595432
0.0055836
0.00519907
0.00579232
0.00539425
0.00732537
0.00753556
0.00671306
0.0103611
0.00808726
0.00723764
0.00861255
0.00762028
0.00745158
0.00701967
0.00670315
0.00769327
0.00800543
0.0072837
0.0078741
0.00702577
0.00558273
0.00556715
0.00437864
0.00512156
0.00546355
0.00522594
0.00501015
0.00464351
0.0108702
0.00743563
0.00592687
0.0070668
0.00890109
0.00825754
0.00690124
0.00629247
0.00835644
0.00701957
0.0101223
0.00891425
0.00905088
0.00759704
0.0101515
0.00885755
0.007429
0.00836303
0.00652439
0.00643976
0.00814605
0.00795805
0.00721782
0.00701347
0.00684711
0.00963879
0.00749263
0.00581075
0.00763663
0.00851189
0.00707983
0.00800121
0.00622793
0.00537306
0.00676403
0.00587654
0.00619101
0.00661739
0.00653645
0.0065429
0.0215733
0.0561194
0.0292091
0.0326092
0.0366439
0.0410579
0.0368792
0.0376023
0.0370589
0.0268727
0.0394203
0.0339484
0.0323247
0.0342555
0.0334585
0.0341561
0.0271071
0.0380963
0.0333595
0.0314336
0.0276542
0.0338582
0.027247
0.0334451
0.0353203
0.0372639
0.0355284
0.0378248
0.0348278
0.0362753
0.0374139
0.0362285
0.0473876
0.0320867
0.0356739
0.0375397
0.0453069
0.0387558
0.0437101
0.0403413
0.0367244
0.0330516
0.0389271
0.0320753
0.0349959
0.0329656
0.0345244
0.0326363
0.0308056
0.0372756
0.0367057
0.0316266
0.0319723
0.0379633
0.0323278
0.0356448
0.0302944
0.0302617
0.0329523
0.0380243
0.0292913
0.0290757
0.0316087
0.0314586
0.019451
0.0233501
0.0448286
0.0252143
0.0227227
0.0265306
0.0266096
0.0333228
0.0223535
0.0218742
0.0466617
0.0259495
0.0217753
0.0235162
0.0266503
0.0323204
0.0484775
0.0349065
0.0285322
0.0430961
0.0458324
0.04183
0.0426953
0.0365103
0.0283447
0.0270668
0.0391501
0.0289383
0.0286658
0.0335496
0.0297537
0.0337937
0.0234076
0.0453825
0.0278757
0.0272021
0.0275898
0.0363376
0.0266976
0.0340056
0.0260028
0.0320085
0.0429944
0.0507194
0.0327559
0.0343907
0.0452341
0.0417542
0.0445425
0.0300197
0.0281549
0.040018
0.0423018
0.0360657
0.0405509
0.03577
0.0476156
0.0413481
0.0323527
0.037929
0.0447472
0.0425121
0.038495
0.0370493
0.0219715
0.0339676
0.0383273
0.0295896
0.0311268
0.0367031
0.0328362
0.0393238
0.0486527
0.0212263
0.0213375
0.0193906
0.0211753
0.0209127
0.0197842
0.0197507
0.0386547
0.0226115
0.0184071
0.016268
0.0271066
0.0244579
0.0170042
0.0172554
0.0298635
0.0180588
0.0167656
0.0162438
0.0180445
0.0175661
0.0179882
0.0176558
0.0338288
0.0465918
0.0296252
0.0192148
0.0344915
0.0363986
0.0333788
0.0326985
0.0377948
0.018752
0.0238931
0.0502229
0.0460141
0.0206022
0.0475513
0.024647
0.0365627
0.034531
0.0189722
0.0166171
0.0343066
0.0412551
0.0205805
0.0202606
0.0482402
0.016667
0.0188356
0.0210445
0.0243848
0.0195452
0.0210263
0.0190752
0.0109187
0.00944936
0.012853
0.00934182
0.0094067
0.00823831
0.00914073
0.00817819
0.0101656
0.0128642
0.014362
0.0116669
0.0110458
0.0112228
0.0114587
0.011736
0.0181121
0.0171449
0.0191378
0.0272236
0.0216193
0.0190492
0.0234984
0.0212099
0.00973967
0.0111503
0.02179
0.0106169
0.0105544
0.0109621
0.0107154
0.0109088
0.00937153
0.0138016
0.00947373
0.0107312
0.00927574
0.00908882
0.00948385
0.0092932
0.00887545
0.0112426
0.0161658
0.0123872
0.00894996
0.0109101
0.0127754
0.0163703
0.0146228
0.00964402
0.0110508
0.019976
0.0190058
0.00951877
0.0197874
0.0107823
0.0134999
0.0191412
0.01122
0.0176682
0.0174473
0.0188401
0.0183355
0.0189799
0.0106101
0.010518
0.00913756
0.00520554
0.00679814
0.00702736
0.00618932
0.00715855
0.01586
0.0177501
0.0155597
0.00965898
0.0132531
0.0181709
0.0119501
0.01555
0.00984842
0.0135386
0.0124694
0.00583222
0.00761165
0.010203
0.00680388
0.00998047
0.00519566
0.0069626
0.00512653
0.00481512
0.0052909
0.00667555
0.0049164
0.00610839
0.00767485
0.00638075
0.00525916
0.00790522
0.00744356
0.00610552
0.00746897
0.00611755
0.0111688
0.010441
0.0150624
0.00782738
0.0106556
0.0100895
0.0114383
0.00946953
0.00603271
0.004979
0.00763114
0.0050942
0.00519213
0.00596333
0.00534496
0.00629119
0.00809748
0.00685836
0.00880894
0.013222
0.00719317
0.00725204
0.00883281
0.00869399
0.0173926
0.0210536
0.0151637
0.0170229
0.0165728
0.0152716
0.0165091
0.0153257
0.135953
0.893175
0.45032
0.32912
0.286019
0.402808
0.347075
0.496669
0.0168153
0.293203
0.0322589
0.0571518
0.060749
0.0999241
0.0576754
0.0572587
0.0176771
0.118865
0.0437685
0.0318876
0.0215551
0.025569
0.0314776
0.039663
0.0340987
0.0162821
0.0162019
0.0771697
0.0401222
0.0154703
0.0358383
0.0153485
0.0465009
0.122892
0.255922
0.0171121
0.0571853
0.125911
0.0621934
0.172225
0.0173141
0.0172909
0.116181
0.0441046
0.0179897
0.0174001
0.0322727
0.025653
0.0170634
0.0539843
0.178463
0.292554
0.043201
0.0434748
0.207103
0.178929
0.0179274
0.0175673
0.0496945
0.0170519
0.0174023
0.0180039
0.0170212
0.0190317
0.0162217
0.0205773
0.0317629
0.0158292
0.0158844
0.0165533
0.0152151
0.0173005
0.0402009
0.0466312
0.0345955
0.0375556
0.0372288
0.0403223
0.0382324
0.0414021
0.0170089
0.013814
0.0416562
0.0143266
0.0158007
0.0137498
0.0160035
0.0140278
0.0165057
0.0477122
0.0176415
0.0142139
0.0160241
0.0183381
0.0154454
0.016852
0.0153524
0.0142012
0.0320613
0.0386036
0.0155834
0.0145388
0.0304656
0.0277943
0.0505324
0.0176477
0.0137865
0.0482345
0.0491898
0.0176016
0.0450463
0.0154671
0.0373694
0.0331397
0.0148763
0.0342476
0.0334375
0.0343572
0.0288081
0.0279448
0.0229253
0.0476663
0.0230893
0.0807868
0.0440938
0.0277418
0.052455
0.0310258
0.0423082
0.0506146
0.0452949
0.0427706
0.0456344
0.0436077
0.0429962
0.0417495
0.0193812
0.0300632
0.023662
0.0397049
0.0243769
0.0199038
0.0256612
0.0222687
0.0870945
0.0406008
0.0669602
0.207838
0.0746664
0.0369097
0.0742286
0.0368447
0.0435115
0.0277473
0.0619072
0.041899
0.0395956
0.033214
0.0432382
0.0357942
0.037592
0.0357958
0.0342613
0.0190419
0.0345993
0.0354791
0.0286269
0.0296811
0.0362826
0.0721097
0.0377902
0.0386564
0.131263
0.0410887
0.0410284
0.0374179
0.0212375
0.0245246
0.0341187
0.0322789
0.0237098
0.0241895
0.0289816
0.0279398
0.0224124
0.0159795
0.0124922
0.0190918
0.0193559
0.0152563
0.018951
0.0167901
0.014683
0.0127408
0.0146469
0.0145646
0.0141107
0.0115082
0.0143218
0.012039
0.00933242
0.0135001
0.0708615
0.0183315
0.0131645
0.0127629
0.0142131
0.0144149
0.0177476
0.0155906
0.0185067
0.0161515
0.0167052
0.0161703
0.016976
0.0157224
0.0153725
0.0145681
0.0179413
0.0151907
0.0150773
0.016854
0.0153544
0.0165686
0.0133211
0.0142905
0.0120377
0.00856979
0.0134119
0.0141497
0.00900269
0.0113075
0.0136548
0.0179624
0.015698
0.0162352
0.0161838
0.0167852
0.0170701
0.0166238
0.0108629
0.0132078
0.0149187
0.0136356
0.0118425
0.0128841
0.0120943
0.014491
0.0223466
0.041067
0.0460106
0.0178382
0.0171421
0.0276006
0.0166239
0.0319259
0.0781445
0.0677716
0.127635
0.0906362
0.0866423
0.0960512
0.091532
0.105691
0.0711219
0.0991532
0.0431768
0.0789741
0.0850135
0.0960333
0.0653833
0.0991023
0.0198681
0.0973876
0.123466
0.033299
0.0262694
0.0833714
0.0261976
0.113547
0.0513093
0.0521138
0.017749
0.0836237
0.052576
0.0387522
0.0596017
0.0373157
0.0715451
0.108906
0.135666
0.078619
0.0810002
0.102146
0.0996727
0.130028
0.0417964
0.0173964
0.0885695
0.081829
0.0502478
0.0461588
0.0822062
0.0769013
0.0872575
0.17299
0.126985
0.149241
0.125028
0.140527
0.135493
0.150131
0.0225621
0.0461601
0.0454799
0.0356215
0.0301809
0.0315064
0.0345191
0.0389017
0.0739392
0.0553054
0.0909614
0.0742611
0.0776225
0.0792179
0.0787966
0.0841937
0.0768545
0.110432
0.0690981
0.0860172
0.0834215
0.0929376
0.0774701
0.0846829
0.0499387
0.0661507
0.0848416
0.101905
0.0575714
0.0587834
0.0691988
0.0758844
0.0686315
0.0668937
0.0550108
0.066907
0.0688487
0.0600717
0.0668332
0.0585364
0.0726444
0.071554
0.107448
0.0734578
0.0750962
0.0784454
0.089977
0.0937712
0.061792
0.0500517
0.0689089
0.0783345
0.0568069
0.0533726
0.0676451
0.0606185
0.0675499
0.0862387
0.0762847
0.0996109
0.0770332
0.0742746
0.0914325
0.0869924
0.00910681
0.0172135
0.0145195
0.0124722
0.0109549
0.0128115
0.0156469
0.0145835
0.0261195
0.0151966
0.0337859
0.0256141
0.0251449
0.0238011
0.0255798
0.0269275
0.0259581
0.0412068
0.0503562
0.0346526
0.0262077
0.0437633
0.0317496
0.0463572
0.0116347
0.0185598
0.024414
0.0145209
0.0126424
0.0138474
0.0143871
0.0147192
0.0208831
0.0160164
0.0128326
0.0179456
0.0228538
0.0164851
0.0197169
0.0155599
0.0221584
0.0196846
0.0323847
0.0258348
0.0227353
0.0223033
0.0292481
0.0266271
0.016807
0.0143998
0.0178809
0.0193699
0.0165918
0.0149332
0.0162517
0.0153848
0.0235634
0.0211659
0.0191068
0.0356879
0.0235512
0.0204526
0.0285257
0.0264914
0.0434599
0.029466
0.0257728
0.0214235
0.0376967
0.035746
0.0290952
0.0279928
0.0224048
0.0101984
0.0182101
0.008643
0.0168484
0.0174454
0.0143904
0.0156102
0.0129203
0.0134257
0.00566288
0.00511289
0.0103703
0.00949809
0.00710104
0.00614577
0.0100401
0.00694619
0.00527913
0.00490567
0.00783384
0.00733211
0.00599102
0.00566603
0.0196692
0.0226168
0.0177528
0.0118696
0.0168777
0.0199282
0.0159549
0.0166949
0.021192
0.00986647
0.0159103
0.0188319
0.0162976
0.0116872
0.0278052
0.0195426
0.0165486
0.0129338
0.00982683
0.00647609
0.0124436
0.0117314
0.00910791
0.00856938
0.0138319
0.00566935
0.00895214
0.0120514
0.00986978
0.00808179
0.0143944
0.00896138
0.0301466
0.0903073
0.0516095
0.0422809
0.0398113
0.0619317
0.0418089
0.0542482
0.140325
0.239603
0.211057
0.11361
0.135227
0.196116
0.124307
0.193727
0.0842717
0.176441
0.0860756
0.10292
0.0974034
0.117966
0.0923967
0.0948779
0.0506568
0.0696332
0.0873482
0.0582513
0.0562746
0.06387
0.0596808
0.074732
0.0880116
0.0712038
0.0472464
0.0776298
0.0766432
0.0592148
0.0750016
0.0571057
0.122961
0.108784
0.178614
0.112142
0.11958
0.117673
0.131333
0.131717
0.0735214
0.0503173
0.074325
0.0811032
0.0729725
0.0637944
0.0771677
0.0665187
0.093934
0.0979763
0.103137
0.166258
0.0920765
0.0903886
0.112353
0.109004
0.0286582
0.0515042
0.0791532
0.065387
0.0564683
0.0598794
0.0585441
0.0636036
0.0867775
0.0861089
0.236368
0.176448
0.128133
0.117298
0.15683
0.176553
0.109954
0.272747
0.30642
0.201374
0.126408
0.195647
0.166835
0.284777
0.0942862
0.121112
0.140168
0.0514367
0.0833089
0.0902808
0.0607948
0.136511
0.102029
0.0897208
0.101345
0.14533
0.102982
0.0915101
0.117536
0.0974364
0.109323
0.143977
0.180517
0.112169
0.107003
0.137874
0.130739
0.130176
0.07424
0.0848658
0.121989
0.11448
0.0767432
0.0817689
0.0875227
0.0954193
0.0871971
0.199507
0.183612
0.227128
0.131923
0.130578
0.165066
0.199667
0.0263306
0.0290094
0.0551883
0.020726
0.0222635
0.0272758
0.0218339
0.0293261
0.0450246
0.0532081
0.14088
0.0507339
0.0501752
0.0601434
0.0511155
0.0649579
0.0709227
0.0850487
0.0480087
0.0521955
0.065742
0.0725955
0.0551891
0.0641647
0.0188135
0.0459517
0.0675011
0.0198319
0.0193415
0.0334713
0.019102
0.040664
0.0304646
0.05376
0.0193313
0.041438
0.0304225
0.0276007
0.0321607
0.0253087
0.0397322
0.0506121
0.128394
0.0738925
0.0440107
0.0511228
0.0859466
0.109182
0.0426161
0.0189893
0.0422966
0.0583712
0.0434844
0.0280054
0.0652504
0.037741
0.0803008
0.0970852
0.0558241
0.141086
0.0973025
0.0989397
0.110421
0.121607
0.0645505
0.0772781
0.0845263
0.0798381
0.0760175
0.0708173
0.0856312
0.0820706
0.12013
0.0527724
0.0437639
0.0571813
0.082606
0.0614825
0.0629709
0.0516007
0.0603406
0.0284838
0.0267635
0.0354026
0.0450412
0.0290965
0.0381802
0.0293298
0.0657171
0.0451132
0.0439721
0.0478194
0.0561879
0.0515373
0.0498636
0.0446965
0.0859426
0.0775778
0.0740368
0.0596092
0.075035
0.0756713
0.0684196
0.070857
0.112526
0.0576971
0.0416531
0.0710209
0.0825764
0.0639957
0.0766702
0.0564271
0.0706959
0.070113
0.0491208
0.0468262
0.0656271
0.0661897
0.0543425
0.0563077
0.0655794
0.0401645
0.0458311
0.0341323
0.0516634
0.0477362
0.0468519
0.0430599
0.0222205
0.0142857
0.0189889
0.0195986
0.0204035
0.0154913
0.0193635
0.0181301
0.00897894
0.0276049
0.0223566
0.0276917
0.0194441
0.0253987
0.0249098
0.026533
0.0155091
0.016956
0.0115842
0.0138069
0.013881
0.0112555
0.0133888
0.0119446
0.0181571
0.0325016
0.0158024
0.0173381
0.0172226
0.0156182
0.0169655
0.016504
0.0168273
0.0168134
0.0186092
0.0237381
0.0146021
0.0170146
0.0174803
0.0168659
0.0122492
0.0192225
0.0197964
0.013532
0.0114463
0.0156751
0.0102618
0.0175733
0.0162898
0.0179349
0.0270999
0.0155006
0.0166419
0.0170312
0.015855
0.0160227
0.0151466
0.0146085
0.0297319
0.0217131
0.0142549
0.0141754
0.0234346
0.0250838
0.0762961
0.0242038
0.0250215
0.0605956
0.0645202
0.032226
0.0549202
0.0293793
0.0234825
0.0232597
0.0185761
0.0235086
0.0215209
0.020135
0.0201149
0.0194731
0.0105422
0.0118155
0.00679378
0.012735
0.0101371
0.00890241
0.00923203
0.00781952
0.0458978
0.0215908
0.0199984
0.0236896
0.0215803
0.0196863
0.0203706
0.0202222
0.0218695
0.0230573
0.0573718
0.01957
0.0189334
0.0266289
0.0210249
0.033541
0.0204585
0.019828
0.0144092
0.0156269
0.0156698
0.0177032
0.0142624
0.0152603
0.0175557
0.0423015
0.0185724
0.0155342
0.0191512
0.0237814
0.0153208
0.0173421
0.0125043
0.0138205
0.018926
0.0129894
0.0120564
0.0142409
0.0141815
0.0184143
0.00498868
0.00902725
0.0107543
0.0065636
0.00642784
0.00771051
0.00665887
0.00780648
0.0148328
0.0202822
0.0223077
0.0185076
0.0167587
0.0185779
0.0181609
0.0209729
0.0241833
0.0231397
0.0703316
0.0274353
0.0293271
0.027657
0.0316887
0.03439
0.0092828
0.0148069
0.0141846
0.010347
0.0122986
0.0135492
0.0118935
0.0129273
0.010817
0.0145401
0.00870587
0.0147837
0.0109361
0.00986994
0.0111206
0.00981998
0.0128071
0.0163939
0.0203978
0.0144596
0.0126599
0.0162336
0.0145444
0.0184466
0.0150527
0.00904832
0.0149755
0.0156746
0.0133627
0.0101445
0.0152657
0.0134962
0.0162732
0.0167206
0.0167086
0.0202413
0.0170483
0.0167396
0.0183406
0.0180167
0.0296786
0.0266754
0.074861
0.030405
0.0306626
0.0340574
0.0307079
0.0343767
0.0223931
0.0272326
0.0692968
0.020811
0.0210009
0.0272008
0.0204951
0.027074
0.061966
0.0651581
0.0317923
0.0444745
0.0575152
0.0530999
0.0482024
0.0432023
0.0289594
0.0186552
0.067452
0.0242944
0.0267459
0.0216569
0.0273635
0.0217061
0.0235749
0.0766799
0.0303097
0.0196252
0.023322
0.0284892
0.0221125
0.0274656
0.0251566
0.019846
0.0455382
0.0679619
0.0243847
0.0200184
0.0490903
0.0376021
0.0772003
0.0307131
0.0192602
0.0780198
0.077219
0.0278419
0.0740084
0.0239641
0.0613274
0.0402332
0.0207188
0.0373566
0.0437903
0.044488
0.0362065
0.0350271
0.0422824
0.0899528
0.0703977
0.064483
0.0595118
0.077238
0.0635862
0.0751712
0.080724
0.0289687
0.0264049
0.06058
0.0567263
0.0336857
0.0460922
0.0325185
0.0729247
0.0305005
0.0319425
0.0465175
0.0524781
0.0374532
0.0432556
0.0341191
0.0549284
0.071202
0.0531589
0.0563825
0.0481027
0.048391
0.0463229
0.0500537
0.0742836
0.0650182
0.0585427
0.0527269
0.0654323
0.0658709
0.0609579
0.0608678
0.0646609
0.0502266
0.0302936
0.069477
0.06254
0.0521775
0.0628223
0.0474012
0.0609664
0.0550557
0.0476091
0.0464112
0.0583164
0.0558471
0.0500847
0.0486407
0.0643221
0.0488237
0.0466772
0.0291223
0.0522508
0.049675
0.039166
0.0473447
0.010172
0.0150682
0.00984836
0.0124799
0.0115841
0.0131204
0.0121383
0.0132475
0.0184714
0.0217974
0.0207281
0.019843
0.0194106
0.0209197
0.0195189
0.0210491
0.0125357
0.010854
0.0156957
0.0192144
0.0147714
0.0142852
0.016616
0.0159267
0.0148939
0.0188178
0.0236636
0.0169153
0.0160427
0.0181756
0.0170286
0.0185804
0.0167027
0.0129583
0.0138131
0.0181223
0.0172567
0.0147647
0.0175225
0.0157798
0.0194712
0.018688
0.0192761
0.0138426
0.0190746
0.0188145
0.0127055
0.0150604
0.0147921
0.0147167
0.0186344
0.0226821
0.0166258
0.016235
0.0210704
0.0178456
0.0159704
0.0212959
0.0195872
0.0233592
0.0171088
0.0184454
0.0160254
0.0190155
0.0134967
0.0166671
0.0206337
0.0156164
0.0140083
0.0151626
0.0139973
0.0158275
0.0152396
0.0208721
0.0241412
0.0163705
0.01365
0.0147891
0.0160394
0.017212
0.0201984
0.0251897
0.019609
0.0145123
0.0188547
0.0220612
0.0160337
0.0177276
0.0099251
0.0128988
0.011453
0.00586555
0.00898214
0.00952024
0.0072067
0.00865547
0.0168501
0.0154092
0.0112668
0.0136292
0.0157707
0.011975
0.0169027
0.0113349
0.015646
0.0139181
0.0152685
0.0172252
0.0157865
0.0137258
0.0162561
0.0141325
0.0116143
0.0101553
0.013009
0.0114617
0.0106364
0.0106026
0.0110129
0.0100672
0.0145832
0.0131362
0.0137058
0.0154546
0.0127919
0.0115864
0.0146765
0.015144
0.0142524
0.0229062
0.0173875
0.0168031
0.0148088
0.0149775
0.0162511
0.0166138
0.0220834
0.0220439
0.0271627
0.0285887
0.0241279
0.0244754
0.026261
0.0294728
0.0159583
0.0234202
0.0213719
0.0181074
0.0158737
0.0144752
0.0176749
0.0189186
0.0178648
0.0289487
0.0180985
0.018774
0.0173594
0.0164679
0.0183041
0.0195269
0.0213176
0.0170952
0.0168145
0.0181521
0.0193805
0.0166234
0.0193137
0.0165893
0.0188133
0.0168305
0.015562
0.0153242
0.0174562
0.0166943
0.0161859
0.0158031
0.0171843
0.0175199
0.0216405
0.0177403
0.0176487
0.0175091
0.0169746
0.0167965
0.0162141
0.0180696
0.0268547
0.024107
0.0155393
0.0152627
0.0193325
0.0237259
0.144074
0.0575593
0.0695327
0.0986764
0.0840014
0.0745893
0.0936298
0.0852617
0.04097
0.0176457
0.0908789
0.044953
0.0456803
0.0315586
0.0597225
0.0474004
0.116224
0.199249
0.181957
0.149339
0.188651
0.159763
0.179442
0.167147
0.0824298
0.0437639
0.0604242
0.0350842
0.0646356
0.0587573
0.0472265
0.0393205
0.0503466
0.0969161
0.0891607
0.0716793
0.0703876
0.0774226
0.0732558
0.0815753
0.0419128
0.0651886
0.104987
0.0845766
0.0691403
0.068616
0.111849
0.115967
0.12189
0.08364
0.0596483
0.0763051
0.114438
0.0821051
0.0971362
0.0624176
0.116765
0.066223
0.0494573
0.0904068
0.110259
0.0913742
0.100815
0.0723999
0.145367
0.0546995
0.0511019
0.0506469
0.0626162
0.0779089
0.0613142
0.0663239
0.084712
0.187033
0.179699
0.0348267
0.0670644
0.0856286
0.046474
0.062061
0.0302165
0.094291
0.016439
0.0130416
0.0272912
0.0368042
0.0142209
0.017533
0.0186951
0.0204893
0.0115909
0.00730452
0.0111348
0.0181959
0.0102266
0.0179036
0.0356794
0.0312943
0.0305933
0.0224498
0.0364096
0.0376613
0.0307478
0.0381301
0.0464271
0.0309941
0.115697
0.0320793
0.0392361
0.0337494
0.0869641
0.0708371
0.0202086
0.0266059
0.0244089
0.013667
0.0225666
0.0257684
0.0172787
0.0202386
0.02336
0.0207165
0.0297068
0.0608165
0.0217397
0.0211323
0.0468205
0.0384075
0.0161262
0.0197842
0.0140125
0.0152948
0.0149995
0.012556
0.0148675
0.0137541
0.0317962
0.103233
0.0996465
0.0703011
0.0411364
0.0459886
0.0645381
0.0998288
0.0139656
0.0351828
0.0182499
0.0161298
0.013652
0.0122276
0.0155008
0.0167667
0.0148839
0.0266314
0.015584
0.0155061
0.0138935
0.0132242
0.0150846
0.0158693
0.0191938
0.0133717
0.0144975
0.0170263
0.0167539
0.0133347
0.0166967
0.0133001
0.018242
0.0173464
0.0229041
0.010861
0.0153201
0.0166138
0.0131257
0.0174743
0.0136608
0.0145478
0.0226069
0.014994
0.0140621
0.0138693
0.0136436
0.013482
0.0130809
0.015845
0.030107
0.0346584
0.0130814
0.0129537
0.0258562
0.0272776
0.0155223
0.0134149
0.0190442
0.00960348
0.0104186
0.0124955
0.0126649
0.0146194
0.0133858
0.0178643
0.037701
0.00834664
0.00982779
0.0118386
0.0105883
0.0147325
0.029259
0.0997286
0.0946624
0.0286326
0.029213
0.0396486
0.0308755
0.0434784
0.0106267
0.00922283
0.0160028
0.00619713
0.0091193
0.0108332
0.00952076
0.0125706
0.00917159
0.0152329
0.00913365
0.00750669
0.00912499
0.0107547
0.0078585
0.0106502
0.0105332
0.00865304
0.0208104
0.0174893
0.0107898
0.00915735
0.0132174
0.0129373
0.0172371
0.0137836
0.0109058
0.0180658
0.0164624
0.0146518
0.0145509
0.011616
0.0189481
0.024117
0.0130876
0.0325645
0.017419
0.0169025
0.0223051
0.0222608
0.0182488
0.0210793
0.0346579
0.0189941
0.0187596
0.021315
0.0185085
0.0223268
0.0199888
0.0202107
0.0339418
0.018719
0.019334
0.0193645
0.0189464
0.019548
0.0442831
0.0501473
0.0285023
0.0358104
0.0444578
0.0444857
0.0374218
0.0421199
0.0195767
0.0173406
0.0265988
0.0151332
0.0178002
0.0171221
0.0180763
0.0173801
0.0205608
0.034896
0.0193379
0.0182427
0.0203036
0.0223177
0.0191071
0.0203203
0.0203516
0.0177693
0.0384402
0.0354077
0.0206941
0.0191098
0.0377765
0.041012
0.0327236
0.0193652
0.0181096
0.0323576
0.0361481
0.0210267
0.0344682
0.0189066
0.0358282
0.0316162
0.018029
0.0373342
0.0330709
0.0318704
0.0361146
0.0378476
0.55735
0.381163
0.277864
0.0709415
0.28724
0.36778
0.178196
0.175069
0.236613
0.0352738
0.125827
0.0114596
0.0617882
0.0771021
0.0372439
0.0390722
0.0366037
0.0367375
0.00895293
0.00625615
0.0148603
0.0182
0.00908567
0.00979234
0.0294152
0.0125331
0.00576225
0.0200186
0.0139637
0.0101639
0.0132136
0.00680718
0.173526
0.0696052
0.0273584
0.0117298
0.111364
0.072545
0.024612
0.0179142
0.212343
0.0109926
0.0569954
0.104655
0.115598
0.0319901
0.237732
0.0404124
0.0238741
0.0201857
0.0111789
0.00644731
0.0093689
0.0101015
0.00715093
0.00899796
0.0224775
0.00602291
0.00733697
0.0167033
0.0121133
0.00691944
0.0153892
0.00712892
0.633437
0.150223
0.091176
0.179069
0.478445
0.248609
0.151277
0.0579932
0.0260981
0.00689243
0.021121
0.00618138
0.014302
0.0130144
0.00999986
0.00944311
0.0854875
0.0620447
0.0466741
0.0138648
0.0786698
0.0922876
0.0300311
0.0262783
0.0115119
0.00525658
0.00797244
0.00469888
0.00765059
0.00615665
0.00587998
0.00557336
0.0698276
0.0711372
0.0759825
0.0092139
0.0213421
0.0306861
0.0187573
0.028952
0.0491854
0.00753096
0.0361433
0.0785911
0.0178688
0.0119452
0.0643681
0.0407778
0.0214246
0.0129819
0.00622795
0.010183
0.012341
0.00824411
0.0112679
0.00687366
0.0248298
0.00891929
0.00561857
0.0149709
0.0181104
0.01183
0.0164549
0.00905207
0.00416873
0.00441971
0.00452548
0.0048582
0.00422456
0.0044146
0.00446033
0.00452439
0.00491195
0.00628772
0.0118263
0.00558736
0.00519373
0.00613871
0.00569166
0.00684823
0.00509322
0.0187532
0.0198863
0.0114383
0.00534179
0.00759841
0.00633123
0.00806283
0.00527527
0.00543742
0.0131237
0.0180081
0.00557849
0.00575594
0.00785588
0.00691628
0.00449795
0.00460567
0.0049191
0.00484133
0.00461398
0.00457845
0.00473387
0.00480643
0.00495339
0.00522678
0.00752253
0.0047534
0.00499225
0.00517478
0.00527768
0.00561747
0.00480849
0.00491356
0.00519008
0.00678461
0.00529204
0.00505553
0.00553937
0.00528911
0.00501916
0.00648157
0.00548548
0.00827886
0.0052947
0.00569658
0.00587285
0.00609508
0.00383917
0.00428775
0.00399895
0.0038718
0.00400928
0.00413619
0.00387916
0.0040085
0.0049178
0.0329634
0.0162581
0.01103
0.00608641
0.00859955
0.00797838
0.0110851
0.004227
0.00813843
0.00436615
0.00459754
0.00483322
0.00549556
0.00424199
0.00494279
0.00399917
0.00695801
0.00479748
0.00438436
0.00476618
0.00529254
0.00447785
0.00505605
0.00444238
0.00427167
0.00414011
0.00572684
0.00457723
0.00420759
0.0046944
0.00435139
0.00461
0.00677034
0.00722361
0.00455582
0.00475012
0.00596776
0.00505443
0.00597181
0.00411797
0.00402473
0.00599564
0.00437589
0.00419437
0.00427816
0.00476142
0.00490805
0.00441754
0.00503311
0.00715103
0.00738094
0.00496033
0.00525069
0.00607757
0.00760686
0.0135773
0.0174012
0.0324033
0.0216439
0.0171293
0.0175324
0.0215423
0.0247987
0.0199281
0.0225722
0.0801518
0.0374388
0.0250187
0.0259959
0.0388706
0.0527071
0.0498649
0.096657
0.0399132
0.0616965
0.0666166
0.0668975
0.0597193
0.058193
0.0279569
0.0404113
0.0527163
0.0404278
0.0349168
0.0388823
0.0400108
0.047355
0.0200635
0.0340982
0.024993
0.0338896
0.0257345
0.0281839
0.0245457
0.0266269
0.0209257
0.0400937
0.0607965
0.0346277
0.0308779
0.0435204
0.0411548
0.0570017
0.0377181
0.0274435
0.0417815
0.0521553
0.0373456
0.0306016
0.0490326
0.0402834
0.0413299
0.0595231
0.0515862
0.0781578
0.0573273
0.0558601
0.0658813
0.0641819
0.0134337
0.0298121
0.0160602
0.0120829
0.0127509
0.0168264
0.0122909
0.0154978
0.0418421
0.0305841
0.0564108
0.0381671
0.0393106
0.0451519
0.0391202
0.0403598
0.0182898
0.0508336
0.0199939
0.0149708
0.0180831
0.0236784
0.0150914
0.0184878
0.0113148
0.028708
0.0134042
0.010852
0.0113609
0.0136802
0.0108022
0.0127438
0.02731
0.0162178
0.0119863
0.0285139
0.0277492
0.0170904
0.0279398
0.0150648
0.0311168
0.03044
0.045757
0.0202819
0.0299896
0.0312026
0.034625
0.0348232
0.0147937
0.0114281
0.028226
0.0134356
0.0146191
0.0140762
0.0148254
0.0153693
0.0183932
0.0144659
0.0307261
0.0384836
0.0202514
0.0170505
0.0369977
0.0375118
0.00425094
0.00456173
0.00444239
0.00556352
0.0046137
0.00449588
0.00501722
0.00488756
0.00505212
0.014664
0.0118722
0.0126777
0.0062229
0.00884036
0.00767604
0.0127816
0.00432588
0.00598069
0.00420511
0.0058999
0.00467588
0.00450408
0.00504382
0.00493832
0.00669628
0.0131893
0.0115695
0.0182131
0.0081212
0.0091237
0.0112193
0.0123564
0.00484754
0.00483695
0.00579309
0.00626537
0.0052169
0.00517371
0.00533181
0.00583015
0.00510291
0.00737858
0.00680588
0.00458833
0.00563075
0.00622993
0.00544983
0.00622446
0.00523107
0.00683455
0.00798777
0.0085514
0.00649064
0.00671376
0.00724101
0.00754199
0.00513257
0.00812918
0.0101484
0.008098
0.00559644
0.00685781
0.00701965
0.00801373
0.00383953
0.00388625
0.004258
0.00383449
0.00383483
0.00390756
0.00397531
0.00408348
0.00390656
0.00390124
0.0052728
0.0039219
0.00387768
0.00401516
0.00422702
0.00444182
0.00486666
0.00751028
0.0092603
0.00737634
0.00542481
0.00613391
0.00750017
0.00819271
0.00388767
0.00407817
0.00617943
0.0042812
0.00390366
0.00410229
0.00491484
0.00509833
0.00387471
0.00426549
0.00383369
0.00387349
0.00410567
0.00412716
0.00388816
0.00391787
0.0039803
0.00398118
0.00534922
0.004422
0.00425995
0.00431424
0.00465441
0.00480824
0.00458072
0.00407184
0.00436832
0.00680997
0.00450324
0.00417044
0.00462266
0.00432509
0.00471822
0.00708274
0.00440857
0.00612045
0.00494653
0.00490836
0.00543144
0.00501727
0.0225294
0.0132192
0.0235868
0.020821
0.0169882
0.0162709
0.0190568
0.0192028
0.0073422
0.00448415
0.00920999
0.00801507
0.00684264
0.00585967
0.00839232
0.0067968
0.0217861
0.0193975
0.0152614
0.0132062
0.0227416
0.020867
0.0132261
0.0131641
0.0157921
0.0151641
0.0135868
0.0184702
0.0148391
0.0156387
0.0124716
0.0124073
0.0118426
0.0208401
0.0149738
0.0116253
0.0160576
0.0176214
0.0131634
0.0152235
0.0105106
0.0107091
0.0135251
0.0214767
0.0154842
0.012012
0.022888
0.0163502
0.0165365
0.0136023
0.0148507
0.0105109
0.0152836
0.014022
0.0119535
0.0140782
0.016693
0.0102053
0.0112707
0.0122119
0.015624
0.011953
0.0145007
0.0114976
0.0240519
0.0260358
0.0106453
0.0166994
0.0206248
0.017336
0.0171729
0.0131008
0.0185388
0.0142293
0.0127368
0.0104112
0.0150108
0.0138366
0.0134382
0.0115314
0.00590232
0.00790162
0.00404193
0.00411204
0.00524954
0.00613352
0.00446586
0.00506678
0.00961485
0.00747007
0.00449047
0.0049081
0.00790191
0.00751873
0.00630068
0.00558185
0.0206321
0.0090806
0.0142658
0.0143483
0.0190642
0.0123699
0.0179996
0.0118318
0.0186259
0.0128352
0.0122172
0.0105115
0.0161733
0.0140506
0.0177113
0.0124732
0.00727592
0.0116274
0.0106855
0.00506481
0.00620424
0.00921249
0.00540613
0.00903271
0.00695955
0.00483529
0.00845344
0.00867206
0.00622503
0.00534105
0.00924296
0.0061805
0.208275
0.0921101
0.057377
0.0898146
0.13587
0.0832245
0.100522
0.0712245
0.0800589
0.0280623
0.0236007
0.0409423
0.0464788
0.0270766
0.0363748
0.0249026
0.0252534
0.0165443
0.00848183
0.0154516
0.015207
0.013581
0.0128165
0.0114363
0.0410752
0.0369425
0.0258402
0.0353943
0.0372047
0.0349123
0.0329303
0.0326115
0.0711021
0.0405614
0.0543144
0.0420601
0.0585998
0.0523654
0.0554487
0.0506427
0.0662567
0.036367
0.021333
0.0378339
0.0546719
0.0326125
0.0438491
0.025794
0.0350619
0.045734
0.036052
0.0230346
0.0330922
0.0425312
0.0259397
0.0331901
0.0327521
0.0209405
0.0329203
0.0186568
0.0199871
0.0229506
0.0220726
0.0261045
0.216986
0.0605667
0.0954733
0.15427
0.142665
0.0812851
0.16369
0.0804092
0.0251453
0.0104297
0.0206444
0.0206506
0.0157869
0.0128478
0.018857
0.0162947
0.0915267
0.0292105
0.03067
0.0612097
0.0598012
0.0317263
0.0683778
0.0324664
0.127433
0.0329053
0.0444479
0.04155
0.0523764
0.0383219
0.0606689
0.0421702
0.0433635
0.0637749
0.109237
0.0277243
0.0477844
0.0578978
0.0475297
0.0658911
0.0328102
0.0248799
0.0239016
0.0555561
0.0336346
0.0233332
0.0428544
0.0308222
0.0721011
0.12969
0.0326178
0.0665934
0.0661435
0.0637589
0.0569424
0.0406946
0.0624006
0.0543312
0.0308006
0.0281624
0.0458207
0.0464989
0.037044
0.0390057
0.0168193
0.0199618
0.0236157
0.0228842
0.0216568
0.0206046
0.0202107
0.0196018
0.0237333
0.032886
0.0297219
0.0346344
0.030603
0.0314181
0.032767
0.0423266
0.0286803
0.0291891
0.0316061
0.0453628
0.0276754
0.0302149
0.0299279
0.0418471
0.0232651
0.0286734
0.0331297
0.0242587
0.024867
0.0227098
0.0232389
0.0246423
0.0241972
0.0225599
0.0240691
0.0284687
0.0221677
0.0196904
0.0247099
0.020174
0.0223385
0.0277885
0.0305747
0.0237069
0.0213779
0.0261451
0.0214471
0.0241031
0.0225728
0.0210566
0.0275179
0.0252627
0.0216691
0.0186424
0.0216455
0.0216773
0.0238454
0.0383449
0.0304871
0.0384893
0.0244307
0.0245871
0.0261232
0.0264011
0.0376757
0.0826853
0.0447708
0.0603345
0.0515388
0.0507219
0.054639
0.0537764
0.0766455
0.0427847
0.0423325
0.0452238
0.0493977
0.0453561
0.0414662
0.0421542
0.046355
0.0448514
0.0455054
0.0431523
0.0473621
0.0453512
0.0418515
0.0435364
0.0772111
0.0477406
0.0433706
0.0394398
0.0551628
0.0481889
0.0397132
0.0405335
0.0625197
0.0637766
0.072707
0.0475978
0.0630206
0.0663748
0.0628338
0.0716349
0.061503
0.0437201
0.0404568
0.0584968
0.0594715
0.0417893
0.0571424
0.0414872
0.054285
0.0738068
0.0437594
0.0405315
0.059049
0.0756885
0.047069
0.0455082
0.052755
0.0415201
0.0440624
0.0420635
0.0410746
0.042708
0.0409025
0.0443718
0.0522448
0.0456108
0.0435322
0.0345496
0.0421782
0.0600515
0.0356856
0.0390079
0.0575576
0.112139
0.145673
0.101583
0.0685373
0.114275
0.0959317
0.13579
0.0566875
0.101754
0.0454926
0.0426608
0.0572174
0.0764437
0.0430196
0.0455085
0.0296143
0.0888673
0.0388208
0.0315348
0.0249154
0.0434686
0.0297006
0.039372
0.0455509
0.0428246
0.0280178
0.0591928
0.0446911
0.0379167
0.0465346
0.0367028
0.0787854
0.0838934
0.14585
0.0709456
0.0702395
0.0835931
0.0821371
0.0895574
0.0440388
0.0299514
0.0817536
0.0378355
0.0433793
0.0413987
0.0430742
0.0499638
0.0535457
0.0429319
0.126265
0.107019
0.0630843
0.055264
0.098965
0.108914
0.0348872
0.116464
0.0515067
0.0298548
0.0325621
0.0738363
0.0308887
0.0508675
0.185617
0.124621
0.0597405
0.139366
0.182767
0.127991
0.128055
0.0679195
0.0379821
0.0414016
0.0464677
0.0306122
0.0334011
0.0455597
0.0321813
0.0341194
0.0262354
0.083789
0.0257752
0.02324
0.0250209
0.0386324
0.0224901
0.0204857
0.119238
0.0495033
0.0280488
0.121731
0.102892
0.0606457
0.111253
0.0504587
0.169036
0.0992521
0.0756213
0.0687019
0.10563
0.103244
0.0948712
0.080982
0.0389458
0.0264314
0.0778894
0.0265815
0.0380487
0.0373694
0.0361361
0.0460594
0.0372042
0.0239377
0.0511692
0.0397811
0.0326731
0.0310876
0.0403715
0.0411162
0.0424838
0.0459222
0.047004
0.0420862
0.0417749
0.0449797
0.0391127
0.0474477
0.03953
0.0308541
0.105037
0.0326259
0.0347493
0.0364997
0.0327447
0.0383571
0.0576305
0.112553
0.0769279
0.0923228
0.0802611
0.0954315
0.0817219
0.103436
0.0413011
0.0366576
0.117157
0.0377842
0.0389281
0.0496416
0.0384776
0.0578387
0.0429538
0.0584027
0.0406669
0.0391065
0.0410857
0.0456037
0.0429262
0.0462619
0.0436085
0.0386996
0.106515
0.0805293
0.0461673
0.0418615
0.0919304
0.104274
0.0607996
0.0390334
0.0383454
0.103881
0.0701697
0.052132
0.101174
0.0512791
0.0894675
0.142581
0.0424695
0.112684
0.110082
0.126734
0.111915
0.12043
0.0361189
0.0664279
0.0709144
0.0478925
0.0515531
0.0617881
0.0528099
0.0614451
0.0639
0.0593476
0.0479361
0.0396512
0.0587132
0.064762
0.0461641
0.0509494
0.0909915
0.0573873
0.044486
0.0517779
0.0729009
0.08096
0.058933
0.0611678
0.0412321
0.0330898
0.0396455
0.0285575
0.0353826
0.0392628
0.0311498
0.0335309
0.0684173
0.0758028
0.0466044
0.0452225
0.0630976
0.0618611
0.0545976
0.0552221
0.0761974
0.0494293
0.0736835
0.0891933
0.0717633
0.0575969
0.0818306
0.0652324
0.0699256
0.0452914
0.0373097
0.044078
0.061986
0.052895
0.0514071
0.0450374
0.0794104
0.046597
0.0410408
0.0583056
0.063289
0.0545608
0.0533023
0.0458023
0.0506157
0.0639109
0.100207
0.117625
0.0891047
0.0907536
0.106923
0.105681
0.052818
0.0554071
0.0635737
0.0591482
0.065072
0.0636396
0.0622382
0.0604605
0.0749817
0.0679165
0.0365227
0.0559037
0.0672032
0.0603688
0.0481867
0.0472305
0.152043
0.0818555
0.0955665
0.139645
0.132578
0.122446
0.137142
0.129851
0.0830207
0.105178
0.15033
0.0947328
0.10179
0.119216
0.106553
0.131065
0.0825804
0.0859486
0.075913
0.0955939
0.0926298
0.0789799
0.089151
0.0767502
0.0919423
0.1384
0.0876166
0.0826947
0.101062
0.123457
0.0917698
0.111777
0.0859837
0.0794825
0.0839914
0.0758532
0.0798822
0.0838745
0.0785626
0.0810544
0.0232972
0.0260708
0.054868
0.0290276
0.0226496
0.0244206
0.0307339
0.0335924
0.0391221
0.0480743
0.0377356
0.0310676
0.0406596
0.0449735
0.0352307
0.0379079
0.0737649
0.0405882
0.0361561
0.0410828
0.0555207
0.0573681
0.045533
0.0433051
0.0299348
0.0227379
0.032457
0.0236123
0.0266533
0.0290436
0.0251501
0.0269363
0.0288041
0.0507298
0.0290358
0.0276574
0.0314905
0.0373044
0.028545
0.0336726
0.0329527
0.0314215
0.0442898
0.0563735
0.0379002
0.0350917
0.0533744
0.0417738
0.0515274
0.0317289
0.0251214
0.0352261
0.0469248
0.036284
0.039355
0.0328425
0.0555197
0.0363682
0.0279737
0.0373131
0.0467044
0.0407212
0.0355733
0.0314567
0.0233145
0.0604184
0.0260878
0.0249136
0.0237207
0.0240524
0.0245982
0.0241814
0.0819316
0.0419359
0.0456894
0.087998
0.0823283
0.0652353
0.0817327
0.0556223
0.0389014
0.0422007
0.045252
0.0469216
0.0425842
0.0434442
0.0461873
0.0435068
0.0286549
0.09587
0.0429691
0.0360139
0.0309982
0.035006
0.0351678
0.0414114
0.0651173
0.0281314
0.0252328
0.0847498
0.0714359
0.025407
0.077196
0.0262919
0.0618607
0.0697078
0.0487654
0.0322071
0.0633379
0.0652354
0.0573373
0.0566335
0.0327872
0.0281005
0.0854989
0.042111
0.0331542
0.0294469
0.0368746
0.0331017
0.0353717
0.048603
0.066739
0.043341
0.040169
0.0416768
0.0556948
0.059406
0.0279361
0.0217519
0.025569
0.0387545
0.0239045
0.0221133
0.0244606
0.0221961
0.0203011
0.0227703
0.0209262
0.0265366
0.0218153
0.0207933
0.0233264
0.0245265
0.0194902
0.0204475
0.0212865
0.0225024
0.0162423
0.0169841
0.0196116
0.0222721
0.0266702
0.024536
0.0225531
0.0216681
0.0179679
0.0187919
0.020437
0.0228527
0.0220205
0.0181575
0.0210602
0.0204091
0.0187201
0.0182765
0.0185555
0.0181506
0.0210058
0.020886
0.0171365
0.0183293
0.0183019
0.0194287
0.0171705
0.0165439
0.0181573
0.0185307
0.0224247
0.0202784
0.0175847
0.0170246
0.0167494
0.0179707
0.0182364
0.0232203
0.0249009
0.0221524
0.017222
0.0181161
0.0197194
0.0227416
0.0241093
0.0188838
0.0226571
0.050411
0.0259717
0.0198342
0.0306417
0.0249736
0.0139141
0.0128077
0.0195954
0.0206968
0.0131906
0.0133917
0.0175374
0.0203153
0.0267986
0.0241492
0.0300792
0.0398535
0.0404232
0.0334565
0.0369978
0.035023
0.0487403
0.0250863
0.038736
0.0325037
0.02603
0.0245917
0.0317119
0.0341576
0.0156958
0.0285325
0.0300982
0.0168368
0.0153623
0.0229996
0.0171184
0.020958
0.0144294
0.0179019
0.0192222
0.0234027
0.0151982
0.0179989
0.0157548
0.0197729
0.0329554
0.0365241
0.022522
0.0369737
0.0335679
0.0318192
0.0337487
0.027061
0.0295863
0.0375184
0.0264089
0.0257474
0.0330133
0.0297859
0.0232845
0.0266381
0.0218541
0.0213371
0.0299275
0.0257575
0.0258556
0.0246782
0.0237941
0.0232916
0.0224999
0.0275055
0.0326225
0.0303941
0.0289641
0.0299883
0.0280676
0.0308783
0.0343181
0.0345438
0.0394509
0.0477404
0.0323723
0.0364937
0.034178
0.041472
0.0235743
0.0256788
0.028922
0.0202426
0.0229306
0.020126
0.0201572
0.0190816
0.0257582
0.0275914
0.0257303
0.0274526
0.0237981
0.0219505
0.0259755
0.0216735
0.0247983
0.0247129
0.0347998
0.0295558
0.0240013
0.0243983
0.02658
0.0272385
0.0273314
0.0223857
0.0245617
0.0245455
0.0253153
0.0197982
0.0233291
0.0201449
0.0293602
0.0302246
0.0236243
0.036751
0.0276181
0.0261346
0.028135
0.0263601
0.0234035
0.0229342
0.0190393
0.0320901
0.0295382
0.038533
0.0315892
0.0375559
0.0231047
0.0249268
0.0347497
0.0255007
0.024264
0.0249616
0.0244616
0.0240434
0.0181903
0.0516764
0.0191378
0.0306452
0.0255056
0.0352989
0.0293913
0.0384607
0.0326947
0.0271733
0.0342887
0.0321375
0.0318416
0.0303785
0.0316872
0.0297712
0.0250884
0.0256619
0.0327029
0.0264333
0.0251757
0.0334966
0.0259212
0.0331451
0.028195
0.0253728
0.0250366
0.0353953
0.0270278
0.0257373
0.0306445
0.0301897
0.0276668
0.0324243
0.0264412
0.0324364
0.0278974
0.0322094
0.0309583
0.0301379
0.0351027
0.0386215
0.0262737
0.02585
0.0333259
0.0359097
0.0292679
0.0316788
0.0180601
0.0384491
0.0174778
0.00654961
0.00926376
0.0240416
0.00693809
0.0112925
0.0226654
0.024435
0.0222941
0.00581874
0.00747581
0.0203269
0.00639136
0.00814919
0.0183498
0.0220857
0.0222713
0.00801757
0.013092
0.0349681
0.0082653
0.0107995
0.00801113
0.00747012
0.00941776
0.00693389
0.00884664
0.00810289
0.00825469
0.00765261
0.0122677
0.010811
0.0083236
0.00803172
0.00967328
0.0100875
0.00881935
0.00908223
0.0184747
0.00741239
0.024309
0.0262615
0.0118329
0.00769706
0.0226363
0.010719
0.00765038
0.00749136
0.00772309
0.00879174
0.00783205
0.00880205
0.00911104
0.00817261
0.0129233
0.00882218
0.00708857
0.00922345
0.00972203
0.00898575
0.00827978
0.00755772
0.017669
0.019092
0.0173493
0.00945368
0.0117545
0.0135959
0.00932852
0.013001
0.0200111
0.0215188
0.0238201
0.0132106
0.0132302
0.0151171
0.0145625
0.0173217
0.0172773
0.0213737
0.0180905
0.00709904
0.0116266
0.0118119
0.00771306
0.00959994
0.0113995
0.0135658
0.00857132
0.00850364
0.0103421
0.0110113
0.00888621
0.0108459
0.0138218
0.0115001
0.0116427
0.013904
0.014061
0.0119128
0.0130352
0.0118923
0.01522
0.0139257
0.0174739
0.010962
0.0159261
0.0136661
0.0139625
0.0149438
0.00760365
0.0100665
0.0126881
0.0075488
0.00768728
0.0108469
0.01054
0.0108747
0.00934146
0.00989961
0.0138656
0.0188842
0.0123843
0.0113184
0.0156494
0.0166575
0.0187136
0.0176657
0.0198379
0.0186724
0.017702
0.014347
0.0180084
0.0167535
0.0174402
0.018465
0.0207148
0.0168652
0.0154051
0.0122914
0.0157631
0.0157949
0.0206722
0.0229806
0.0219814
0.0208053
0.0200083
0.0166932
0.0202363
0.0190297
0.0195745
0.0180915
0.0199693
0.0205109
0.0192904
0.0177364
0.0194631
0.0187298
0.0151847
0.01921
0.018622
0.0160985
0.0144802
0.0176358
0.0156765
0.0175064
0.0112491
0.0146434
0.0186762
0.0164388
0.0123087
0.013913
0.0142384
0.0155817
0.019533
0.0190523
0.0159195
0.019441
0.0200869
0.0184121
0.0188145
0.0180007
0.0184174
0.0190093
0.0158634
0.0202494
0.0184768
0.0179218
0.0177939
0.0178018
0.0121611
0.0108073
0.00577834
0.0141684
0.0110643
0.00906713
0.0100174
0.00782653
0.011275
0.0710627
0.00622415
0.0077012
0.0109727
0.013078
0.0061653
0.00684137
0.00470527
0.00533792
0.00439632
0.00552005
0.00478448
0.00495783
0.00473033
0.00464542
0.0155005
0.0107973
0.0105145
0.0219616
0.0150872
0.0115848
0.0144516
0.0125198
0.00986271
0.00590141
0.0130913
0.00814329
0.00678336
0.00684362
0.00843972
0.00943866
0.00878055
0.00686279
0.0058919
0.00555335
0.00607291
0.005853
0.00572471
0.00557584
0.00579506
0.0118704
0.00851836
0.00788463
0.00742971
0.00951637
0.00767579
0.00855668
0.00514442
0.0064337
0.00756287
0.00566668
0.00504168
0.00647788
0.00525282
0.00645706
0.00409148
0.00488662
0.00437375
0.00413325
0.00429465
0.00450547
0.00422851
0.0043409
0.00569849
0.13489
0.0122092
0.00915113
0.00896695
0.0132536
0.00865314
0.0125759
0.00507449
0.0140393
0.0104839
0.00901708
0.00669056
0.00846511
0.00805659
0.010953
0.0043577
0.00684751
0.00685367
0.00488028
0.00533639
0.00664188
0.00546497
0.00702561
0.00503009
0.00459108
0.00433282
0.00611359
0.0046694
0.00463084
0.00463855
0.00455791
0.00522488
0.00745437
0.00847428
0.00486607
0.00490225
0.00697345
0.00524457
0.00706207
0.0046213
0.00438263
0.00645125
0.00731891
0.00456188
0.00458869
0.00640548
0.00593382
0.00486895
0.00971437
0.00811877
0.0100771
0.0065489
0.00795545
0.00801477
0.0101272
0.00414171
0.004238
0.00469416
0.00550093
0.00443022
0.00427128
0.00458581
0.004562
0.00449161
0.00449497
0.00548479
0.00823894
0.00496702
0.00446832
0.00534315
0.00522056
0.00588677
0.00643675
0.0137458
0.0156754
0.00703808
0.00633081
0.00827002
0.00829733
0.00998491
0.0103961
0.0169998
0.0239866
0.0123309
0.0109372
0.0125309
0.0109114
0.00450026
0.00510026
0.00684578
0.00825758
0.00490121
0.00497928
0.00669033
0.00653315
0.00442633
0.00771548
0.00543575
0.00497184
0.00492554
0.00557873
0.00505142
0.00583745
0.00552324
0.00772779
0.00891469
0.00982819
0.00753187
0.00768116
0.00887146
0.00904405
0.00562917
0.00939072
0.00822101
0.00602249
0.0063193
0.00768245
0.00613164
0.00774268
0.00773964
0.00547181
0.00484984
0.00599771
0.00631989
0.00581053
0.00669625
0.00499277
0.00458088
0.00384254
0.00389296
0.00383156
0.00417553
0.00409073
0.00400299
0.00390913
0.00422344
0.00388178
0.00386344
0.00387616
0.0041118
0.00405405
0.00407364
0.00386127
0.00557961
0.00388098
0.00395908
0.00421819
0.00505241
0.00412519
0.00486028
0.00394448
0.00492828
0.00456354
0.0056721
0.00410755
0.00443769
0.00446142
0.00431113
0.00444876
0.00498745
0.00397111
0.00408906
0.00444994
0.00434878
0.00404612
0.00429695
0.00414306
0.00447556
0.00621888
0.00407152
0.00420484
0.00437612
0.00442222
0.00418132
0.00412851
0.00423168
0.00385545
0.00384612
0.00389802
0.00405173
0.00401242
0.00403228
0.00384795
0.0294265
0.0320019
0.0193326
0.0278465
0.0296711
0.023845
0.0264407
0.0220529
0.0423021
0.098668
0.0379196
0.0339905
0.0400416
0.0459747
0.0361405
0.0398242
0.011799
0.0172487
0.00492055
0.00696717
0.00979821
0.00805087
0.00783245
0.00668968
0.0248375
0.0228179
0.0110062
0.0190276
0.022933
0.0177592
0.0204351
0.016536
0.0310119
0.0171699
0.0275682
0.0283646
0.0283239
0.0203015
0.0290253
0.0202798
0.0289697
0.024206
0.0235635
0.0156219
0.0263727
0.024982
0.0242379
0.022063
0.0146091
0.0248632
0.0244306
0.0116286
0.0144156
0.0193963
0.0135968
0.0181916
0.0133898
0.010015
0.0222477
0.0201025
0.0119285
0.0110602
0.0194519
0.0173592
0.0252839
0.0226916
0.0307616
0.0426719
0.0279043
0.0243213
0.0338754
0.0292803
0.0151912
0.00717002
0.0191382
0.0195806
0.0125781
0.00969965
0.0156399
0.012503
0.0422048
0.0403687
0.0904115
0.0738389
0.045362
0.046206
0.0665238
0.0634709
0.0669436
0.0409453
0.0748328
0.0617987
0.0565709
0.0478344
0.0631472
0.0549701
0.0216259
0.0312915
0.0433316
0.0290984
0.0262282
0.0290599
0.0324142
0.0376643
0.0176803
0.0235201
0.0254978
0.030442
0.0210955
0.0185606
0.0251818
0.0249127
0.0455905
0.0560106
0.0349357
0.0701996
0.0497351
0.0479584
0.0502983
0.0406976
0.0398893
0.0642678
0.028685
0.034789
0.0424091
0.0497935
0.0377347
0.0402814
0.878711
0.468406
0.670904
0.131333
0.423066
0.485133
0.31892
0.378929
0.310932
0.0315811
0.187066
0.0157136
0.103017
0.120551
0.0690624
0.0629948
0.0830865
0.0851469
0.00738135
0.0106199
0.0296832
0.0368422
0.016015
0.0115682
0.0197847
0.0143766
0.0114666
0.0166787
0.0154817
0.0126475
0.0147573
0.00955551
0.271339
0.207657
0.0440195
0.0164416
0.205125
0.181396
0.0645459
0.0485249
0.31129
0.0149925
0.119783
0.290959
0.237201
0.0728115
0.456021
0.0846483
0.06023
0.0227533
0.0141133
0.0151961
0.0224513
0.0188914
0.0160418
0.0147769
0.0572913
0.0108255
0.00879937
0.0360753
0.0266257
0.0117756
0.0303109
0.0103029
0.493684
0.124674
0.0758774
0.0935464
0.350088
0.183611
0.0780143
0.0322981
0.0305206
0.00619145
0.0393594
0.00569541
0.0134803
0.0126592
0.00982535
0.00924083
0.118483
0.0922538
0.0458482
0.018927
0.111695
0.138966
0.0547604
0.0512567
0.0120001
0.00564455
0.00885727
0.0048495
0.00827414
0.00669785
0.00636626
0.00611711
0.0498076
0.0615234
0.0386291
0.00809181
0.0162078
0.0203979
0.0127768
0.0171596
0.0428252
0.00699303
0.0534405
0.0828612
0.0149686
0.0108538
0.0675979
0.0503419
0.0254838
0.0133248
0.00677038
0.0123726
0.0138296
0.00890679
0.0128957
0.00747122
0.0318998
0.0114248
0.00612063
0.01861
0.022727
0.0142027
0.0203834
0.0105795
0.0042756
0.00461305
0.00491265
0.00541751
0.00454184
0.00482601
0.00488676
0.00502691
0.00504125
0.00532276
0.0189817
0.00729613
0.0052699
0.00652579
0.00658621
0.00793032
0.00596101
0.0248847
0.0246915
0.0150724
0.00635189
0.0106165
0.00789316
0.0111559
0.00604759
0.00796115
0.0148667
0.0178935
0.00649246
0.00696976
0.00840301
0.00789943
0.00488695
0.00505866
0.00570508
0.00626799
0.00527078
0.00514446
0.00580568
0.0056792
0.00549343
0.0070042
0.0106174
0.0054275
0.00600665
0.00654519
0.00622633
0.00708548
0.00530597
0.00565375
0.00698745
0.00747657
0.00559319
0.00595621
0.00590582
0.00629844
0.00572424
0.00716469
0.00790711
0.0125519
0.00614529
0.00638981
0.00735373
0.00772924
0.00386151
0.00463801
0.00404355
0.00391023
0.00418131
0.00433213
0.00390412
0.00405262
0.00587652
0.0289909
0.026082
0.014377
0.00759779
0.0134894
0.0118082
0.0192271
0.00429984
0.00953858
0.00428128
0.00471814
0.00503606
0.00585177
0.00429025
0.00511952
0.00421784
0.00772979
0.0050862
0.00450237
0.00528705
0.00599448
0.0047506
0.0055089
0.00510698
0.0044036
0.00436844
0.00686051
0.0049695
0.00433672
0.00515126
0.00461119
0.00538221
0.00859239
0.00922247
0.00477598
0.00531416
0.00755421
0.00555797
0.00722888
0.00420357
0.004163
0.00712247
0.00456984
0.00432786
0.0044891
0.00517071
0.00545625
0.00458486
0.00544496
0.0088833
0.00891832
0.00532417
0.00582106
0.0068895
0.00905578
0.01031
0.00728306
0.00629934
0.017841
0.00835228
0.00747218
0.00864171
0.00831416
0.00566316
0.00451474
0.00455518
0.00629238
0.00569544
0.00475764
0.00570902
0.00489695
0.00473679
0.00435359
0.00411406
0.00658017
0.00498993
0.00436326
0.00499636
0.00465302
0.0221947
0.00738756
0.0111422
0.0265737
0.0113979
0.00851406
0.0108645
0.00900066
0.00796662
0.0062761
0.0100259
0.00760726
0.00764995
0.00807659
0.0102897
0.0102394
0.00581312
0.00672782
0.00459354
0.00497356
0.00608257
0.00626036
0.00507356
0.00556589
0.00589541
0.0106189
0.00796099
0.00861938
0.00810689
0.0108633
0.0082805
0.00873137
0.00511158
0.00823239
0.00701681
0.00487157
0.00612244
0.00741017
0.00572291
0.00721104
0.00383751
0.00389069
0.00426894
0.00384861
0.00383822
0.00407658
0.00397021
0.0041509
0.00395215
0.00394648
0.00502943
0.00387369
0.0039545
0.00446663
0.00403965
0.00453449
0.00487878
0.00667525
0.00777746
0.00494935
0.00491318
0.00710632
0.00527034
0.00662558
0.00389992
0.00392483
0.00442827
0.00397449
0.00391517
0.00415125
0.00413948
0.00428217
0.003889
0.00417251
0.00385269
0.00386904
0.00398872
0.00405762
0.00385601
0.00401731
0.00420559
0.00403539
0.00580634
0.0045685
0.00417533
0.00412673
0.00437294
0.00445197
0.00440948
0.00406738
0.00407965
0.00458796
0.0043292
0.00420373
0.00434186
0.00416322
0.00454359
0.00476769
0.00417521
0.00614054
0.00448757
0.00443801
0.00445876
0.0043108
0.00423394
0.00515349
0.00493212
0.00592261
0.00447933
0.00495819
0.00498567
0.00495233
0.00636335
0.0145821
0.0114581
0.00815884
0.00707304
0.012508
0.00736583
0.0134968
0.00598184
0.00918426
0.00977537
0.0147521
0.00657676
0.00740986
0.00961418
0.0115831
0.0101741
0.0132437
0.0181931
0.0216082
0.0111054
0.0107671
0.011325
0.0186967
0.00538033
0.00512063
0.00700821
0.0063569
0.00536056
0.00512063
0.00561295
0.00560833
0.00599344
0.00675442
0.00882465
0.00535736
0.00583464
0.00597608
0.00575213
0.00601907
0.00606332
0.00864174
0.00904016
0.011188
0.00718653
0.007438
0.00850276
0.00788001
0.00606637
0.0172745
0.0157574
0.0123839
0.00630531
0.00865246
0.00757837
0.0099642
0.00780461
0.00812488
0.00515543
0.00552862
0.00600279
0.00611744
0.0056043
0.00570463
0.01127
0.0138803
0.00581608
0.00831427
0.0105971
0.0107509
0.00820831
0.00932187
0.00456324
0.00470253
0.00396782
0.00397328
0.00420092
0.00436215
0.00405675
0.00420734
0.00487773
0.00537952
0.00406782
0.00434919
0.00480471
0.00465191
0.00430718
0.0044303
0.00740024
0.00469667
0.00518865
0.0063413
0.00633135
0.00539225
0.00634924
0.00514367
0.00756914
0.00620216
0.00515173
0.00483796
0.00683212
0.00672372
0.00528894
0.00474155
0.00449441
0.00485664
0.0052171
0.00413891
0.00445094
0.00496342
0.004285
0.00482492
0.00460144
0.00424974
0.00576382
0.00495182
0.00444265
0.00429779
0.00450959
0.0045243
0.038474
0.0407395
0.029138
0.0367665
0.0401029
0.0381363
0.038652
0.0382378
0.0506165
0.0447774
0.0307381
0.0360446
0.042195
0.0410726
0.0373894
0.0361467
0.0186438
0.0172911
0.00831481
0.0140528
0.0164569
0.0141048
0.0134336
0.0119031
0.0270545
0.0266215
0.0183343
0.0174828
0.0230711
0.0245165
0.0209439
0.0221553
0.0434732
0.0320868
0.0340703
0.0315649
0.0401533
0.0367484
0.0378458
0.0357556
0.0464024
0.0327793
0.0258756
0.0288687
0.0418804
0.0348348
0.0320429
0.027691
0.0289256
0.0315114
0.0282529
0.0191885
0.0268216
0.0321889
0.0210901
0.0258108
0.0278953
0.0189436
0.0292579
0.021982
0.0220693
0.02119
0.0240022
0.0237547
0.0099964
0.0200787
0.0163927
0.0173898
0.0118015
0.0151229
0.013438
0.0165515
0.0353619
0.0495171
0.0524055
0.042659
0.0387334
0.0451931
0.0398544
0.0487002
0.0275549
0.0420924
0.0396075
0.0370281
0.0292932
0.0377061
0.0336993
0.0388528
0.0259107
0.0300778
0.0323682
0.0291445
0.0271794
0.029627
0.0275195
0.0303453
0.0227181
0.0188931
0.0192273
0.030564
0.0241687
0.0196328
0.0286916
0.0223551
0.0276542
0.0357527
0.0464289
0.0277169
0.0288742
0.0332559
0.0292088
0.0329262
0.020448
0.0209049
0.0290617
0.0295365
0.0220695
0.0230343
0.0245635
0.0260955
0.0286908
0.0356912
0.0339594
0.0419826
0.0317151
0.0335267
0.0345252
0.0373462
0.0103881
0.00725425
0.00637418
0.0179031
0.00833238
0.00738093
0.00875083
0.00841683
0.00584936
0.00476237
0.00444769
0.00823956
0.00652809
0.00488261
0.00649687
0.00515822
0.00466404
0.00411164
0.00404302
0.005239
0.0045709
0.00415421
0.00453526
0.00429073
0.0223088
0.0087914
0.00947025
0.0263758
0.0118129
0.0105363
0.0123306
0.0109851
0.00808965
0.00615632
0.0104972
0.0088937
0.00774378
0.00814786
0.0113096
0.0110602
0.00582646
0.00859658
0.00438348
0.0049314
0.006108
0.00702761
0.0050182
0.00547651
0.00576675
0.0114836
0.00958872
0.00818167
0.00801368
0.0117347
0.008373
0.0101779
0.00505105
0.00690242
0.00881698
0.00444594
0.00545068
0.00678826
0.00529423
0.00700646
0.0038352
0.00385812
0.00418937
0.00383565
0.00383416
0.00400639
0.00393748
0.00406782
0.00388478
0.00397968
0.00495909
0.00386368
0.00389161
0.00441069
0.00400172
0.00448227
0.00492237
0.00656303
0.00783219
0.00512605
0.00491902
0.0067732
0.00556056
0.00684669
0.00391785
0.00392867
0.00461929
0.0040809
0.00395068
0.00419458
0.00432451
0.00438468
0.00386225
0.00412628
0.00384119
0.00385945
0.00395953
0.00401131
0.00384576
0.00398882
0.00405989
0.00400776
0.00547092
0.00453566
0.00412216
0.00407259
0.00430935
0.00434236
0.00450422
0.00406405
0.00406788
0.00494007
0.00438069
0.00422184
0.00443569
0.00419171
0.00460711
0.00495277
0.00415917
0.00609511
0.00451394
0.00448636
0.0044414
0.00431231
0.00425531
0.00496953
0.00481916
0.0052147
0.00465167
0.00465496
0.00478494
0.00489766
0.00707291
0.0257095
0.0203453
0.00746164
0.00843052
0.0184651
0.00709951
0.0229293
0.00612269
0.0149067
0.0110385
0.0150565
0.00715786
0.00938237
0.0102165
0.0105687
0.00996103
0.0102902
0.0186114
0.0219464
0.0114521
0.0101256
0.0129282
0.0156637
0.00554928
0.00510224
0.00617445
0.00623695
0.00529416
0.00507378
0.00566987
0.00567583
0.00620264
0.00643081
0.0131807
0.00546688
0.00587457
0.00603126
0.00583628
0.00610969
0.00589751
0.00857527
0.00820005
0.0124315
0.00710812
0.00718659
0.00885461
0.00799924
0.00615283
0.0134661
0.0106232
0.0170707
0.00665008
0.00806417
0.00760312
0.00858393
0.00990164
0.0157147
0.00544709
0.0076722
0.00849403
0.00824113
0.00722018
0.00750762
0.020822
0.025716
0.00686067
0.0132509
0.0180277
0.0165847
0.0131659
0.0149913
0.00454649
0.00475852
0.00409214
0.004058
0.00425144
0.00437374
0.00409582
0.00424893
0.00656029
0.00721558
0.00430174
0.00495174
0.00651015
0.00581081
0.00513879
0.00518656
0.0131863
0.00491789
0.00750011
0.00918858
0.0105097
0.00741148
0.011026
0.00692919
0.0119492
0.00852238
0.00569397
0.00497123
0.0100491
0.00898971
0.00571496
0.00539679
0.00471411
0.00628183
0.0071239
0.00430399
0.00473944
0.00618544
0.00450865
0.00594539
0.00475659
0.00441005
0.00789646
0.00548894
0.00457662
0.00448883
0.00510016
0.00518586
0.0307155
0.0469484
0.0444428
0.0350201
0.035664
0.0427159
0.0361954
0.0420141
0.0652859
0.0611015
0.0518862
0.0600496
0.0615188
0.0560575
0.0601923
0.0588083
0.0581527
0.0391139
0.0314042
0.0487168
0.0499327
0.038555
0.0473701
0.0399118
0.0389215
0.0457156
0.047282
0.0424267
0.0397399
0.0436272
0.0423482
0.0481066
0.05178
0.0513707
0.0382534
0.0505961
0.0521784
0.0471708
0.0477606
0.0441445
0.0606089
0.0574402
0.0540353
0.0618643
0.0626383
0.0592249
0.0646734
0.0600777
0.0494612
0.0385852
0.0465409
0.0486108
0.045784
0.0432528
0.0463339
0.0441526
0.0558891
0.0513168
0.0527821
0.0455067
0.0506058
0.0499964
0.0495827
0.0498584
0.0219443
0.031829
0.053094
0.0487132
0.0253623
0.0299414
0.0495505
0.0490969
0.0394181
0.0517825
0.0639778
0.0461595
0.0407036
0.0484592
0.0494596
0.0555986
0.0457991
0.0479259
0.0335261
0.0313413
0.0398035
0.04208
0.0346674
0.0354696
0.0410091
0.0394334
0.0265219
0.0200401
0.0329909
0.0335281
0.0245028
0.0268692
0.0354822
0.0504065
0.0492495
0.0481094
0.0447349
0.0495594
0.0439774
0.0490017
0.042566
0.0490075
0.0548432
0.0571232
0.0455716
0.0476472
0.0525586
0.0480978
0.0461807
0.0439746
0.041589
0.0314032
0.0430046
0.0440284
0.0368588
0.0362977
0.0463842
0.0324196
0.0433831
0.0452085
0.0388894
0.0364927
0.0420612
0.0423221
0.0406717
0.0739989
0.0555755
0.0542488
0.0531993
0.066526
0.0549138
0.0631733
0.0502225
0.0259934
0.0230291
0.0336397
0.0402449
0.0258913
0.0353518
0.0245674
0.0374089
0.0223128
0.026086
0.0328812
0.0327313
0.0255661
0.0315446
0.0247072
0.0487912
0.0400345
0.038334
0.0416688
0.0440244
0.0432772
0.0426222
0.0408116
0.0624917
0.0487911
0.0537221
0.0470492
0.0568183
0.0586518
0.0547564
0.0558343
0.0511909
0.0397666
0.0249943
0.0413612
0.0481309
0.0424131
0.0394555
0.0345126
0.0452382
0.0512568
0.0426564
0.0370633
0.0438339
0.0522785
0.0389869
0.0457651
0.0388266
0.031842
0.0368771
0.0237087
0.0347617
0.0329954
0.0317312
0.0304997
0.0268705
0.0227813
0.0385175
0.0258701
0.027011
0.0283636
0.0279161
0.0309393
0.021574
0.0212779
0.0380249
0.0202559
0.0212753
0.0246765
0.0208399
0.0229448
0.0545319
0.0568905
0.0334791
0.0570575
0.0528152
0.0570867
0.0534757
0.0483278
0.0223915
0.021951
0.0433582
0.0198936
0.0221299
0.0257755
0.0213454
0.026815
0.0232471
0.0382994
0.0258564
0.0208558
0.0233236
0.0305395
0.0203471
0.0290631
0.0263162
0.0223618
0.0473151
0.0410269
0.0276833
0.0261401
0.0379997
0.0386118
0.0394588
0.0256735
0.0212322
0.0410385
0.0405523
0.030387
0.0383901
0.0288225
0.0412669
0.0389825
0.0229618
0.0449338
0.0392607
0.0369748
0.0373758
0.03543
0.0269093
0.0183031
0.0180631
0.0208271
0.022884
0.0181622
0.0203004
0.0176233
0.0165228
0.0223314
0.0294823
0.018138
0.0165039
0.0171144
0.019716
0.0231819
0.0265421
0.0537989
0.176387
0.056315
0.0327124
0.0447328
0.0560556
0.104468
0.0182784
0.016122
0.026001
0.0188732
0.0170177
0.016617
0.0189767
0.0200054
0.0171424
0.0172047
0.01793
0.0152027
0.0172088
0.0167438
0.0159249
0.0159886
0.0161939
0.0162252
0.0235439
0.0187488
0.0165911
0.0170006
0.017769
0.0188595
0.0180046
0.0184962
0.0169115
0.0256578
0.017487
0.0161877
0.0195747
0.0170904
0.0217261
0.0376272
0.0197191
0.0377622
0.0252523
0.0244733
0.0254691
0.0245258
0.0202821
0.0195225
0.0180148
0.0185664
0.0176903
0.017995
0.0186499
0.018057
0.026987
0.170884
0.0549417
0.0286208
0.0281526
0.0429862
0.0284805
0.030922
0.0164385
0.031722
0.0234644
0.0157993
0.0159902
0.0176419
0.0160563
0.0163946
0.0174137
0.0200773
0.0157641
0.0152239
0.0168239
0.0156167
0.014857
0.0151072
0.0165448
0.0172214
0.0171568
0.0204086
0.0177804
0.016582
0.0183405
0.0167177
0.0188853
0.0191183
0.0241945
0.0165263
0.0189511
0.0196214
0.0183289
0.0183922
0.0169264
0.0173277
0.019289
0.0158403
0.0166878
0.0168325
0.015989
0.0155824
0.0160786
0.0144397
0.0168689
0.0215093
0.0150355
0.014969
0.0176176
0.0180556
0.00492378
0.00654956
0.00460373
0.00601973
0.00535349
0.00552135
0.00555875
0.00605258
0.0105563
0.0153356
0.00763328
0.0125289
0.0119866
0.0128161
0.0114343
0.0129801
0.00438579
0.00572997
0.00441168
0.00499861
0.00460027
0.00498193
0.00460913
0.00535903
0.00657201
0.0101928
0.00585379
0.0100768
0.00714958
0.00791401
0.00664789
0.00814991
0.00718152
0.00493301
0.00644657
0.00868609
0.00708638
0.0062778
0.00800238
0.00665615
0.00776496
0.00984918
0.00665175
0.00499488
0.00772862
0.00786092
0.00550541
0.00575351
0.004927
0.00633312
0.008558
0.00541241
0.00537159
0.00679563
0.0056337
0.00695738
0.00518593
0.00609739
0.0104269
0.00712827
0.00524169
0.00590182
0.00596572
0.00700661
0.00396052
0.00515555
0.00398929
0.00391482
0.00415909
0.00455709
0.00390215
0.00431778
0.00680208
0.0130582
0.00918233
0.00654502
0.00730034
0.0103024
0.00660561
0.0100534
0.00404264
0.00603723
0.00408555
0.0039949
0.00421322
0.00489487
0.00397574
0.00461266
0.00391699
0.00447958
0.00392005
0.0038882
0.00402625
0.00428674
0.00388605
0.00416568
0.00519251
0.00414661
0.0040524
0.00494105
0.00473882
0.00443567
0.00475209
0.00431237
0.00583052
0.00574591
0.00703971
0.00464372
0.0055431
0.00581588
0.00505353
0.00522275
0.00392416
0.00389662
0.00460434
0.00390724
0.00394413
0.00419503
0.0040518
0.00432603
0.00439774
0.00429832
0.00551907
0.00674391
0.00446601
0.00439181
0.0049214
0.00503138
0.0284775
0.0194409
0.0201979
0.0262383
0.0261752
0.0191715
0.025521
0.0228137
0.0167078
0.0127572
0.049194
0.0180815
0.0172588
0.0137887
0.0169053
0.0155609
0.0167193
0.0260136
0.0137906
0.02374
0.021541
0.0159651
0.0226707
0.0253229
0.0253885
0.0203174
0.0278904
0.0250414
0.0247503
0.0228321
0.0246342
0.0234012
0.0192646
0.0219263
0.0254533
0.01938
0.0184559
0.0222768
0.0193463
0.0226531
0.0143539
0.0156979
0.0236752
0.0168605
0.0143916
0.015117
0.019967
0.0219214
0.0219237
0.0248494
0.0194114
0.0257975
0.0220579
0.022942
0.0244039
0.0225393
0.0234451
0.030862
0.0184763
0.0292872
0.0239986
0.0271888
0.0242498
0.0269309
0.0272826
0.019546
0.0185227
0.0107032
0.0156741
0.0174555
0.0116237
0.014168
0.0161905
0.0131213
0.0202834
0.00751866
0.00974362
0.0102513
0.00860164
0.00885187
0.0157711
0.037681
0.0118625
0.0076257
0.0110159
0.0133907
0.00772894
0.00852093
0.0107165
0.00867854
0.00889357
0.00685316
0.00903166
0.00929988
0.00781273
0.00943838
0.0126433
0.0121144
0.00976643
0.00828673
0.0110483
0.0116923
0.00951748
0.00986144
0.0138574
0.00910403
0.0182864
0.0135138
0.0127749
0.0102533
0.0172161
0.0130475
0.00899454
0.0095613
0.00905109
0.00824106
0.00860191
0.0100991
0.0100966
0.0100609
0.0104438
0.00991217
0.010157
0.0154098
0.0120037
0.0104593
0.0138212
0.014015
0.0371034
0.0517546
0.0788247
0.0435468
0.0425404
0.0471481
0.0432209
0.0510005
0.0545802
0.0454781
0.0492469
0.05412
0.0547237
0.0500852
0.0557871
0.049827
0.103657
0.0488771
0.0358971
0.111934
0.097758
0.0705835
0.105664
0.0637512
0.0641333
0.0651342
0.110957
0.0895344
0.0804293
0.081328
0.0838651
0.088669
0.0573034
0.0802794
0.0565021
0.0649688
0.0589027
0.0581539
0.0611029
0.0600729
0.0569013
0.0694274
0.0611139
0.0769361
0.0590227
0.0651181
0.0707263
0.0748279
0.0830364
0.058246
0.0670954
0.104135
0.0877902
0.0652147
0.0937311
0.0771801
0.0808624
0.102608
0.0762569
0.059272
0.0864874
0.0936698
0.0820946
0.0880383
0.0374249
0.0706698
0.0507817
0.0411262
0.047528
0.0498714
0.0445029
0.0490399
0.0919299
0.0317804
0.0419325
0.0452238
0.0642198
0.0612319
0.0509564
0.0468001
0.0538408
0.0425754
0.0475019
0.0366102
0.045136
0.0464362
0.0417997
0.0474784
0.0354311
0.0326143
0.0273105
0.0231737
0.0291
0.0302408
0.0248866
0.0253867
0.0663344
0.0506964
0.041567
0.0433182
0.0582528
0.0470313
0.0535003
0.0453375
0.0726493
0.0434253
0.0540926
0.0547029
0.0617989
0.0487012
0.0642753
0.0510389
0.0467844
0.0377537
0.0358074
0.0306376
0.0414608
0.040931
0.0345055
0.0332741
0.0521605
0.0324823
0.0361219
0.0430476
0.0412921
0.0364704
0.0425402
0.0370345
0.0440875
0.068285
0.0826795
0.061832
0.055272
0.0614859
0.0572249
0.0676717
0.0622563
0.0489603
0.0486894
0.0576239
0.0589813
0.0532548
0.0608007
0.053911
0.0973664
0.0596639
0.0434905
0.128232
0.105527
0.0876364
0.112666
0.0884522
0.0965012
0.0880231
0.172202
0.144058
0.131391
0.128736
0.139828
0.140345
0.0780829
0.0959857
0.0838307
0.0888582
0.0815104
0.0831678
0.0843696
0.0879645
0.0720773
0.0852451
0.0836184
0.099986
0.0738836
0.0779948
0.0928173
0.101937
0.103943
0.0879479
0.0933553
0.154795
0.11242
0.0965636
0.136508
0.117405
0.110373
0.167182
0.0917253
0.0844374
0.132478
0.146308
0.112859
0.118118
0.0429562
0.0756707
0.0648255
0.0448855
0.0510638
0.0599861
0.0495859
0.0579698
0.0876377
0.0386824
0.052434
0.0488753
0.0719864
0.0797211
0.0562918
0.0563302
0.060101
0.0430253
0.0502699
0.0359244
0.0454312
0.0478361
0.0415323
0.0480223
0.0370937
0.0363711
0.0290558
0.0238594
0.0304684
0.0331275
0.0258748
0.026892
0.0751912
0.0614833
0.0439342
0.0493674
0.0680993
0.0551228
0.0596079
0.0515659
0.0888743
0.0519169
0.0737056
0.0677074
0.0761352
0.059733
0.0826059
0.0664501
0.0549785
0.0404777
0.0407545
0.032943
0.0480204
0.0459528
0.0381184
0.0368982
0.060573
0.0343633
0.0425867
0.0505377
0.0453262
0.0401727
0.0516603
0.0443349
0.0154895
0.0158848
0.0100823
0.00737729
0.00749483
0.00942629
0.00740124
0.00797453
0.0167135
0.0253121
0.0198176
0.0108855
0.0112349
0.0164348
0.0109457
0.0135836
0.0101669
0.0157808
0.00988933
0.0066092
0.00757776
0.00891079
0.00688273
0.00727286
0.0095168
0.0103272
0.0082275
0.0077718
0.00930344
0.00900367
0.0084657
0.00848124
0.00845738
0.00885056
0.0082126
0.00959686
0.00809957
0.0081224
0.00821532
0.00833808
0.010371
0.00950883
0.0120774
0.00966821
0.00927365
0.00942017
0.0107889
0.00984748
0.00991903
0.0096024
0.0100237
0.00849098
0.0095377
0.00893732
0.00856235
0.00896871
0.00859678
0.00711511
0.00933503
0.0100297
0.00781775
0.00782875
0.00860918
0.00854097
0.0160561
0.0112564
0.0164621
0.0147687
0.0119941
0.00989317
0.0141539
0.0144613
0.0120516
0.0100554
0.0164049
0.0128398
0.0112878
0.0100534
0.0127346
0.0141854
0.017359
0.0207101
0.0263741
0.0228024
0.0183633
0.0186394
0.0222803
0.0247549
0.0148092
0.0135465
0.0185522
0.0167092
0.0143889
0.0141307
0.0159587
0.0163327
0.0110999
0.0128438
0.013239
0.0123999
0.0115873
0.0129486
0.0115564
0.0125472
0.0108769
0.012785
0.0138019
0.0108647
0.0120609
0.0126256
0.0116498
0.0131511
0.0149622
0.014241
0.0129822
0.0180951
0.0155081
0.01394
0.0157264
0.0144459
0.0154006
0.0192558
0.0139694
0.0188349
0.0166958
0.0164178
0.0160446
0.0156059
0.0648785
0.0290311
0.0288692
0.0401542
0.0336777
0.031955
0.0346477
0.0327006
0.0235645
0.0157527
0.0234702
0.0256109
0.0253477
0.025262
0.0253962
0.0253712
0.0221522
0.0205901
0.0135651
0.0184039
0.0191852
0.0190712
0.0181233
0.0178817
0.0304002
0.0251423
0.0237092
0.0351287
0.0238654
0.0235183
0.0242621
0.0240175
0.0254158
0.0274419
0.0274336
0.0249164
0.0255606
0.0258114
0.0276944
0.0262387
0.0248762
0.0248983
0.0281014
0.0270629
0.0251787
0.0249192
0.0207422
0.0267888
0.0268919
0.0274421
0.0243457
0.0222817
0.0264073
0.026138
0.0231707
0.0229718
0.026378
0.0217658
0.0246735
0.0261191
0.0231022
0.0233141
0.0258701
0.0249748
0.0133776
0.0208687
0.0218781
0.0305786
0.0109618
0.0169054
0.0286265
0.0224542
0.0228033
0.0135719
0.0181617
0.0105073
0.0195572
0.0247169
0.0122577
0.0136722
0.0254909
0.0221768
0.051355
0.0311109
0.0186293
0.0271752
0.0291808
0.03333
0.0379817
0.0150258
0.0286987
0.0248146
0.0241373
0.0215681
0.0257174
0.023768
0.0189407
0.0167849
0.0182451
0.013317
0.015275
0.0163639
0.0151398
0.0172984
0.0265203
0.0128121
0.0206844
0.024586
0.0149197
0.0126733
0.0176535
0.0132218
0.0244887
0.0360045
0.0153334
0.0276326
0.0263102
0.0284843
0.0197138
0.0195996
0.0223712
0.025968
0.0146209
0.0163515
0.0174995
0.0183017
0.0157777
0.0158645
0.0137422
0.0269712
0.0250257
0.0180019
0.0135399
0.0278838
0.0179299
0.02495
0.0347179
0.0648118
0.0690973
0.0366651
0.0342873
0.0560899
0.0366683
0.0574845
0.0330931
0.0627475
0.0677365
0.046419
0.0340655
0.0509006
0.0423086
0.0560353
0.0232081
0.0284531
0.0362758
0.0330111
0.0229563
0.0268103
0.0256163
0.0322048
0.0262103
0.0255083
0.0177393
0.0252
0.0252943
0.0253346
0.0249565
0.0243635
0.0347993
0.034534
0.0575626
0.0350792
0.0360427
0.0365381
0.0384561
0.038549
0.0268985
0.0220389
0.0273312
0.0324203
0.0271606
0.0262273
0.0272585
0.0271329
0.0326654
0.0398186
0.0354812
0.0539798
0.0333473
0.0334394
0.0368071
0.0379158
0.0616658
0.0669679
0.0309982
0.0492208
0.0466642
0.0464427
0.0415509
0.0383048
0.0740834
0.0706047
0.0336281
0.0505577
0.0556066
0.052709
0.0487567
0.0408274
0.0250012
0.025834
0.013564
0.0319447
0.0293115
0.0268397
0.0302602
0.0239102
0.0551677
0.0542636
0.0460772
0.045667
0.0502389
0.0475759
0.038833
0.0461035
0.0526071
0.0305627
0.0497729
0.0608135
0.0495436
0.0391886
0.0574462
0.0426442
0.0532197
0.0508723
0.0328915
0.0339601
0.0441395
0.0465066
0.0362036
0.0343019
0.0288223
0.044357
0.0524558
0.0411964
0.0324871
0.0419294
0.0400914
0.0462159
0.0294796
0.0377561
0.0472865
0.0296085
0.0341185
0.0380428
0.0346178
0.0370509
0.0143881
0.0396998
0.0185241
0.0242378
0.0257711
0.0295003
0.0216833
0.0259367
0.0472013
0.201344
0.145689
0.0870073
0.0727965
0.105801
0.0822381
0.092141
0.0182873
0.0490564
0.0210636
0.0173527
0.0242194
0.0285127
0.0185751
0.0238165
0.0271798
0.0555471
0.018769
0.0275226
0.0355642
0.0409804
0.0255537
0.0295322
0.0327374
0.0256448
0.0240946
0.0504106
0.0302534
0.0326632
0.0262733
0.0276163
0.0412834
0.0617002
0.0706675
0.0282833
0.0395952
0.058459
0.0442844
0.0588826
0.0187738
0.0250167
0.0540698
0.018952
0.020285
0.0278445
0.0228475
0.0374441
0.0227557
0.0219659
0.0526497
0.0415603
0.0274503
0.0250873
0.0348794
0.0381787
0.0256243
0.0648048
0.020946
0.0593145
0.0374147
0.0365877
0.0452751
0.0327427
0.157073
0.244322
0.061577
0.0762324
0.187594
0.157076
0.0767555
0.0743042
0.0207954
0.047551
0.0155128
0.0283734
0.0339901
0.0345026
0.0251542
0.0214885
0.0954349
0.0825905
0.0534363
0.102598
0.100888
0.0732128
0.0986373
0.0743133
0.0880643
0.0336342
0.0740333
0.0739783
0.0596073
0.0357517
0.0727659
0.0500253
0.104744
0.0689084
0.0533792
0.0341073
0.0653059
0.0660266
0.052371
0.0654048
0.0339362
0.0803441
0.0797477
0.0439425
0.0409651
0.0567806
0.0490573
0.0557232
0.0283388
0.0362384
0.0719875
0.0501677
0.0337905
0.0416079
0.0470955
0.0551158
0.00386121
0.00437121
0.00386656
0.00387405
0.00394024
0.00408348
0.00385804
0.00405762
0.00574511
0.0109161
0.00626481
0.00619264
0.00672006
0.00751669
0.00616009
0.00728872
0.00387397
0.00485437
0.00390591
0.00386871
0.00395082
0.00414574
0.00386036
0.00411686
0.00390057
0.00440248
0.00387258
0.00388352
0.00398394
0.00411702
0.00388007
0.00405842
0.00459436
0.00394983
0.00397235
0.00467744
0.00439624
0.00418973
0.00438701
0.00411143
0.00500428
0.00507908
0.00509084
0.0040897
0.00497983
0.00530839
0.00439185
0.00469311
0.00385917
0.00388314
0.00443693
0.00386258
0.00387211
0.00408471
0.00394538
0.00415253
0.00404989
0.00403617
0.00496124
0.00508525
0.00410599
0.00403775
0.00446991
0.00454252
0.00398457
0.00398868
0.00448026
0.00431182
0.00415249
0.0041701
0.00428165
0.00423538
0.00400306
0.00412231
0.00498069
0.00456187
0.00414061
0.00415695
0.00432803
0.00436225
0.00572371
0.00654017
0.0113974
0.00737947
0.00609078
0.00721929
0.00681145
0.00811435
0.00457846
0.00490383
0.00598161
0.00621671
0.00473762
0.00486968
0.00502003
0.00533194
0.00414903
0.00465557
0.00433625
0.00446648
0.00419834
0.00430014
0.00427087
0.0043372
0.00414218
0.0045785
0.00509148
0.00491813
0.00416983
0.00436572
0.00445623
0.00468449
0.00485468
0.00450141
0.00464777
0.00535706
0.00500382
0.00442212
0.00508263
0.00463204
0.00499289
0.00559099
0.0048262
0.00532625
0.00504847
0.00521262
0.00490281
0.00525147
0.00435842
0.00598043
0.00653221
0.00422203
0.00486688
0.00578974
0.00456393
0.00493885
0.00658676
0.0090065
0.0166472
0.00601301
0.00662592
0.00824581
0.00644797
0.00823043
0.0104195
0.0268993
0.0113035
0.00726637
0.00969946
0.0140775
0.00750119
0.00855161
0.00435252
0.00548837
0.00617553
0.00471502
0.00489181
0.00544848
0.00480159
0.00576159
0.00554622
0.00708027
0.00448414
0.00528375
0.00503978
0.00495426
0.00486973
0.00460484
0.00628967
0.00579256
0.0126302
0.00902073
0.00538826
0.00587439
0.0100421
0.0089795
0.00639008
0.00443743
0.00557702
0.0059401
0.00497601
0.00462658
0.00552412
0.0051966
0.00705091
0.00699289
0.00632099
0.00976472
0.00691073
0.0062138
0.00761543
0.00739484
0.0778133
0.0894675
0.0349347
0.0351967
0.053518
0.0564537
0.0370417
0.0378339
0.11112
0.207481
0.109789
0.112255
0.102281
0.103322
0.105993
0.105929
0.0454829
0.0879466
0.0428994
0.106248
0.0588268
0.0622554
0.076769
0.0798506
0.049605
0.124229
0.139595
0.157399
0.0877891
0.0851613
0.13663
0.148134
0.0587221
0.0409128
0.0380567
0.0794137
0.0494091
0.0388446
0.0479437
0.0390301
0.0579066
0.0778342
0.07358
0.0422693
0.0510918
0.0670679
0.0506377
0.0702522
0.046657
0.0462832
0.108887
0.116981
0.0496657
0.0506026
0.0742168
0.0691375
0.0483155
0.125869
0.114745
0.0906612
0.0578093
0.0741753
0.085625
0.110524
0.248591
0.198573
0.197881
0.109232
0.195151
0.267181
0.149151
0.156577
0.135472
0.186246
0.109279
0.0607259
0.082211
0.0924875
0.0586206
0.0634259
0.100677
0.0859563
0.0355003
0.0408028
0.0789551
0.100122
0.0372832
0.037819
0.0744653
0.0478467
0.0437786
0.0383088
0.0554856
0.0513413
0.0459852
0.0430404
0.114936
0.133008
0.0847514
0.0641299
0.077923
0.10065
0.0713463
0.079499
0.148777
0.0593506
0.0901077
0.185419
0.0782364
0.0625356
0.147495
0.0756752
0.0801417
0.0787032
0.0479492
0.0456786
0.0740037
0.0746308
0.0609424
0.0566434
0.0836844
0.0440412
0.0468233
0.053435
0.0636629
0.0571499
0.0529635
0.0519048
0.299763
0.257496
0.225352
0.3538
0.379899
0.355212
0.346386
0.321465
0.139553
0.0472666
0.0982446
0.14609
0.164984
0.145723
0.153544
0.132288
0.147097
0.115301
0.20653
0.139545
0.135054
0.11265
0.131188
0.125338
0.267919
0.186053
0.16827
0.205625
0.244259
0.216806
0.222331
0.214799
0.291896
0.212707
0.316943
0.223885
0.260486
0.278497
0.246837
0.274505
0.26251
0.198047
0.116674
0.187918
0.235922
0.195578
0.198044
0.171179
0.192245
0.277377
0.199787
0.163756
0.199186
0.25074
0.169645
0.213465
0.177774
0.158907
0.184479
0.12174
0.156424
0.151555
0.153616
0.154521
0.0301252
0.0622476
0.0365517
0.0575774
0.0464389
0.0694225
0.0573652
0.0652219
0.100517
0.175741
0.208412
0.133071
0.124983
0.191357
0.13678
0.213426
0.0916382
0.199305
0.204691
0.131812
0.10281
0.232673
0.124405
0.246806
0.0694378
0.0970928
0.100208
0.077055
0.0726055
0.0837921
0.0798978
0.0944405
0.0768249
0.0601529
0.0626307
0.0984782
0.0848962
0.0689426
0.0858545
0.0718259
0.108329
0.126232
0.243485
0.139973
0.105149
0.119252
0.120108
0.127515
0.0736785
0.0699739
0.101411
0.100058
0.0729362
0.0702345
0.0798155
0.0803243
0.130228
0.139916
0.137841
0.252575
0.125057
0.120967
0.13554
0.131682
0.149516
0.164519
0.0707947
0.0623359
0.0853527
0.168726
0.0608098
0.0675496
0.198426
0.18079
0.084039
0.104296
0.160176
0.166427
0.102507
0.068007
0.0256854
0.0525766
0.0236431
0.0168451
0.0239279
0.051004
0.0189354
0.0218307
0.0446076
0.040707
0.0167665
0.0228979
0.0445975
0.0357102
0.0229387
0.017005
0.11532
0.0635348
0.0630126
0.0909434
0.080348
0.0693871
0.0857873
0.0683544
0.187907
0.0837887
0.0842716
0.105519
0.0852469
0.0874544
0.105126
0.0752624
0.0313319
0.0410777
0.0396217
0.017645
0.0328316
0.0349299
0.0310735
0.0356916
0.0242318
0.015565
0.0238363
0.0322093
0.0224784
0.0200897
0.0262924
0.0208576
0.204367
0.107808
0.0651425
0.110615
0.0963234
0.0899353
0.0777205
0.0645774
0.0890184
0.0384835
0.0395536
0.0437392
0.0592413
0.056072
0.0469631
0.041997
0.0339397
0.0278846
0.0253892
0.0472375
0.0310462
0.0308996
0.0427643
0.0256474
0.087569
0.0349964
0.0576672
0.0722334
0.0523432
0.0417147
0.0639217
0.0543961
0.074259
0.0476187
0.0523333
0.0423469
0.0537656
0.0461845
0.0501648
0.0458136
0.076602
0.0428971
0.0435755
0.0474928
0.054196
0.0439658
0.0507892
0.0439787
0.0472287
0.0645485
0.0354755
0.0542581
0.0532602
0.0521161
0.0377265
0.0396745
0.0358851
0.0439352
0.0324649
0.0300069
0.0310124
0.0315446
0.0338414
0.0315465
0.0218145
0.0252776
0.0290288
0.0181249
0.0185274
0.0212358
0.0183092
0.0216109
0.0369822
0.035912
0.0856956
0.0397879
0.0392918
0.0400078
0.0397074
0.0396343
0.0574339
0.107907
0.139323
0.0588596
0.0555459
0.0690045
0.0584958
0.0805028
0.0209687
0.0395473
0.0441844
0.0299463
0.0274825
0.0336915
0.0278308
0.0368189
0.0291563
0.0313913
0.0197262
0.0379974
0.0293193
0.0260729
0.030693
0.0237568
0.0336095
0.0392906
0.0532035
0.034735
0.0344966
0.0401542
0.0461872
0.0443532
0.0324845
0.019682
0.0386426
0.0422625
0.0337881
0.0263214
0.0397316
0.0352131
0.0359599
0.0453275
0.0408947
0.0566188
0.0432266
0.0420608
0.0447225
0.0460681
0.00427434
0.00582746
0.00665411
0.00424562
0.00460195
0.00572125
0.00488809
0.00529778
0.00783179
0.0115895
0.0115181
0.00541377
0.007895
0.0103219
0.00664497
0.00814297
0.0102706
0.0111877
0.00854951
0.00549147
0.0100062
0.011266
0.00741818
0.00839186
0.00441016
0.00484447
0.00515689
0.00464087
0.00465063
0.00479319
0.00482918
0.0049862
0.00591904
0.00673081
0.00445274
0.00510659
0.0056567
0.00543739
0.00484868
0.00455781
0.00744228
0.00525281
0.01164
0.0086044
0.00623363
0.00633496
0.00967191
0.00933608
0.00788594
0.00461309
0.0049984
0.00506697
0.00492308
0.00472825
0.0049558
0.0047941
0.00832724
0.00518384
0.00518648
0.00988351
0.00817128
0.00513202
0.00856662
0.00533626
0.0077046
0.0112189
0.00689177
0.00535661
0.00586623
0.00762421
0.0057852
0.00658522
0.0123558
0.008494
0.006383
0.00565704
0.00723093
0.00738499
0.0057992
0.00609908
0.00599876
0.00578906
0.00421091
0.0044602
0.00488415
0.00547668
0.00465622
0.00458979
0.00498255
0.00577656
0.00490271
0.00504861
0.00573987
0.0057343
0.00506293
0.00551241
0.00651485
0.0054602
0.00525857
0.00592472
0.00576861
0.00551447
0.00565721
0.00534835
0.00967766
0.00544711
0.00617184
0.00725424
0.00758713
0.00549786
0.00920553
0.00531043
0.00525472
0.00500746
0.00570913
0.00492514
0.00499348
0.00529482
0.00504022
0.00558198
0.00596918
0.00481534
0.00524625
0.00539797
0.00501041
0.00485521
0.00502099
0.00489965
0.00397862
0.00450588
0.00397671
0.00467185
0.00424697
0.004224
0.00432957
0.00434953
0.00556199
0.00884023
0.00513506
0.00687575
0.00679352
0.00641401
0.00625634
0.00547226
0.00401559
0.00461236
0.00423102
0.0047557
0.00457878
0.00446629
0.0045085
0.00455515
0.00543922
0.00677753
0.00559504
0.00768902
0.00598486
0.00545894
0.00660893
0.00682368
0.00499274
0.00441907
0.00494611
0.00638411
0.00498122
0.00452272
0.00536205
0.00472256
0.00504764
0.00587514
0.00499076
0.00418115
0.00479482
0.00509296
0.0044552
0.00498855
0.00440072
0.00498777
0.00619958
0.00504181
0.00453531
0.00478321
0.0048567
0.0049778
0.00429803
0.00521736
0.00555778
0.00480895
0.00462286
0.00483936
0.00494051
0.00511985
0.00382615
0.00384074
0.00425328
0.00383357
0.00384344
0.00396253
0.00391412
0.00407995
0.00386135
0.00391202
0.00437799
0.0038609
0.00386323
0.00405601
0.00399136
0.00424159
0.00502131
0.00485185
0.00843243
0.00512664
0.00488745
0.00533825
0.00571732
0.00674214
0.00386678
0.00384636
0.00448626
0.00388924
0.00388319
0.00402055
0.00407936
0.00430598
0.00384622
0.00432353
0.00385118
0.00385115
0.00394337
0.00405427
0.00384303
0.00396888
0.00399223
0.00398582
0.00448514
0.00459346
0.00414678
0.00407138
0.00431711
0.00426476
0.00456733
0.00399419
0.00395451
0.00488958
0.00431583
0.00413947
0.00422357
0.00407038
0.00478951
0.00475892
0.00410437
0.00457185
0.00441123
0.00437942
0.00425258
0.00414388
0.00863732
0.0154276
0.0079238
0.00595197
0.00744921
0.00901871
0.00649512
0.00801767
0.0218883
0.01933
0.00953128
0.0112843
0.0141693
0.0165747
0.00989539
0.0122444
0.00921325
0.00686044
0.00464563
0.00497807
0.00687203
0.00703761
0.00625866
0.00542116
0.00579149
0.00892009
0.00543609
0.00506739
0.0069174
0.00762887
0.00580724
0.00624846
0.0130486
0.00687248
0.00719607
0.012189
0.0089949
0.0071508
0.0111065
0.0072472
0.0145045
0.00957099
0.00977144
0.0109596
0.011693
0.00822312
0.0124771
0.007534
0.00667152
0.00632895
0.00883432
0.0062262
0.00621168
0.00676328
0.00700224
0.00794546
0.0090732
0.00549934
0.00834566
0.00798995
0.00726543
0.00631502
0.00713281
0.00651297
0.0103131
0.0131953
0.0204523
0.0121341
0.0116417
0.0118146
0.0115568
0.0118666
0.0145341
0.0197825
0.0309716
0.0157538
0.0153095
0.0149577
0.0151572
0.0149878
0.0250614
0.0327188
0.0269503
0.0384563
0.0297575
0.0267017
0.0320563
0.0278287
0.0127648
0.0132788
0.0423653
0.013832
0.0127621
0.012056
0.013344
0.0118346
0.0127019
0.0210994
0.0124474
0.0131598
0.0120112
0.0116609
0.0125405
0.0116428
0.010973
0.0126895
0.0254461
0.0210657
0.0111194
0.0122125
0.02075
0.0228132
0.0216523
0.0122979
0.012813
0.0280931
0.024024
0.0116444
0.0255098
0.0120079
0.022323
0.0232454
0.0126151
0.0260243
0.0224075
0.02248
0.0232707
0.0228271
0.0239343
0.0269797
0.0211679
0.0114338
0.0176294
0.0212093
0.0133058
0.013778
0.0247539
0.0192434
0.0140918
0.00628526
0.00901472
0.0123113
0.00643038
0.00934059
0.0176033
0.0127637
0.0096165
0.0130627
0.0133089
0.0110075
0.0127156
0.00958695
0.00844362
0.00786979
0.0118542
0.0065323
0.00831096
0.0110283
0.0071273
0.0102806
0.013957
0.0143006
0.0106773
0.00942431
0.0108718
0.0105848
0.0106989
0.0105748
0.0180568
0.00741125
0.00920724
0.0176022
0.00935568
0.00714262
0.0168677
0.00880794
0.0140038
0.00918802
0.00821334
0.0122578
0.0138533
0.0103317
0.012028
0.0106349
0.0137277
0.0144268
0.00709101
0.00775346
0.0126688
0.0134687
0.00853855
0.00860316
0.0330963
0.0145071
0.0133675
0.0163534
0.0246155
0.0199292
0.0191247
0.013603
0.00754234
0.00594362
0.00754888
0.00481473
0.00585762
0.00656587
0.00732194
0.00644589
0.0105002
0.00744889
0.00792611
0.00864602
0.00962113
0.00752071
0.00928953
0.0068096
0.0104664
0.00514466
0.00792554
0.00547839
0.00772131
0.0067777
0.0081589
0.00664761
0.0102769
0.0118442
0.0108716
0.00564526
0.00830307
0.00903918
0.00660048
0.00862163
0.00926256
0.00563214
0.00771385
0.0104969
0.00813093
0.00717502
0.00903827
0.00818551
0.0125043
0.0143103
0.00848642
0.00965435
0.0120685
0.0109057
0.00921655
0.00846511
0.0099177
0.00786993
0.00682742
0.00762962
0.00915665
0.00885359
0.00893491
0.00824742
0.0251085
0.0129573
0.0194007
0.0149322
0.0232424
0.0151469
0.0209456
0.0151602
0.00730259
0.00470186
0.00613178
0.00500809
0.00669295
0.005242
0.00600241
0.00496319
0.0161271
0.00993141
0.0119851
0.0135489
0.0154996
0.00997397
0.0197325
0.00942397
0.00969528
0.00517163
0.0084495
0.0051123
0.00853846
0.00775012
0.00680116
0.00670877
0.0109409
0.0178719
0.0136699
0.00730262
0.00960024
0.0110121
0.00860776
0.0108637
0.0081611
0.00582816
0.00676414
0.0101141
0.00688565
0.00615524
0.00812844
0.00754256
0.0211298
0.0131897
0.00636128
0.0124536
0.0159726
0.00939021
0.0136875
0.00791979
0.0121301
0.00972866
0.0054126
0.00681651
0.00990074
0.0103475
0.00854203
0.00795628
0.00969267
0.00942058
0.00602316
0.00535886
0.00730798
0.00720079
0.00554881
0.00574695
0.00984117
0.0123816
0.0144139
0.00872933
0.0083016
0.00989324
0.00883581
0.00994496
0.00986275
0.0181993
0.0247227
0.010374
0.00933123
0.0162672
0.0108802
0.0149611
0.00516377
0.00575434
0.00636165
0.00484105
0.00506116
0.00539634
0.00513319
0.0056368
0.00706343
0.00582753
0.00528077
0.00542664
0.00541308
0.00550505
0.0052187
0.00545354
0.00754611
0.00701616
0.0132612
0.00699709
0.00692272
0.0073844
0.00737823
0.00763412
0.00615078
0.00530393
0.00590373
0.00687024
0.00605808
0.00569874
0.00625614
0.00563767
0.00738037
0.00842098
0.00694835
0.0108794
0.00774848
0.00763915
0.0079421
0.00799089
0.0103444
0.00658304
0.0101248
0.0103882
0.00957533
0.00721353
0.00984276
0.00896549
0.0105994
0.026298
0.0201749
0.0209022
0.0154734
0.0184463
0.0187688
0.0224804
0.010552
0.0169032
0.0131534
0.0122108
0.0107159
0.0100035
0.011752
0.0117792
0.0109289
0.0210907
0.0113637
0.0110611
0.0113561
0.00941969
0.0109331
0.0104021
0.00808043
0.00936464
0.0103564
0.0142182
0.0080841
0.00881601
0.0100878
0.00874332
0.00726272
0.0112782
0.0158243
0.00758791
0.00748116
0.00979283
0.00756527
0.0120526
0.00997281
0.0105045
0.0156692
0.0110758
0.0104945
0.0098679
0.0104069
0.00973678
0.00947629
0.0110885
0.0174245
0.0202643
0.00975474
0.0095083
0.0159354
0.0160899
0.0379374
0.0584146
0.0516558
0.0426059
0.041939
0.0535074
0.0434836
0.0509141
0.0366865
0.020632
0.0218925
0.0287814
0.0304453
0.0245146
0.0300491
0.0246932
0.043795
0.0226103
0.0620127
0.0429966
0.037386
0.0359973
0.038847
0.0352975
0.0436121
0.0328706
0.0496974
0.0460956
0.0405207
0.0377817
0.0493868
0.0397945
0.046704
0.046607
0.0404873
0.0349336
0.0437583
0.045052
0.0368761
0.0401756
0.0361445
0.031075
0.0224131
0.0399601
0.0350037
0.0310222
0.0318953
0.029694
0.0453504
0.0479468
0.0348191
0.0448829
0.0431355
0.0436502
0.0403792
0.0380086
0.0382999
0.0340166
0.0315227
0.0212231
0.0328391
0.032523
0.028242
0.0338666
0.00491088
0.0052509
0.00897338
0.00479225
0.00500138
0.00519736
0.00613839
0.00628852
0.00656781
0.0132703
0.010648
0.00717902
0.00759659
0.00773939
0.00680479
0.00844989
0.0102924
0.0158541
0.0103004
0.00788631
0.00936989
0.00949529
0.00760169
0.0085754
0.00510721
0.00809243
0.00739087
0.00549937
0.00583801
0.00639874
0.00669034
0.0081631
0.00536333
0.00821515
0.00503063
0.00560602
0.00575292
0.00608418
0.00518245
0.00512995
0.005541
0.00591179
0.00756562
0.00844534
0.00585338
0.00593074
0.00830462
0.00750403
0.00768704
0.00619712
0.00799973
0.00854031
0.00710771
0.00658819
0.00724416
0.00679643
0.00770257
0.0100917
0.0102865
0.0124608
0.00760229
0.00779655
0.00939176
0.0121623
0.0131248
0.0175204
0.0211033
0.0112881
0.0110689
0.013935
0.0119555
0.0152279
0.0182525
0.017182
0.0285192
0.00662366
0.010585
0.0117177
0.00906187
0.0117981
0.0166463
0.0205845
0.00979262
0.00775131
0.00992267
0.0129599
0.00886088
0.0107413
0.00755318
0.00639683
0.00678036
0.0050692
0.0067547
0.00756481
0.0057808
0.00649407
0.0098143
0.0110233
0.00804901
0.00695353
0.00819969
0.00874167
0.00725367
0.00863435
0.0114217
0.00828942
0.014662
0.017575
0.0110858
0.0083607
0.0436797
0.00959292
0.011523
0.00824494
0.00774867
0.00691879
0.0108646
0.00902882
0.00801569
0.0081021
0.0140093
0.007444
0.00853087
0.0124444
0.00909816
0.00846371
0.0106051
0.00920307
0.0117833
0.0275531
0.0210566
0.0307406
0.022147
0.0186767
0.0292782
0.0268291
0.0336643
0.0173769
0.0185159
0.0169772
0.0146231
0.014932
0.016778
0.0173992
0.0230871
0.0178396
0.0138852
0.0165376
0.0170744
0.0165355
0.0161599
0.0158031
0.0335842
0.0170595
0.0178776
0.017854
0.0190533
0.0182929
0.0181761
0.0178891
0.0241149
0.0353308
0.0384887
0.0170565
0.0330501
0.0366283
0.0303181
0.0355316
0.0246996
0.0169366
0.0150273
0.0309342
0.0364131
0.0167754
0.0475421
0.0153599
0.0326956
0.0367428
0.0170635
0.0177711
0.0324238
0.0363797
0.0181389
0.0189061
0.0308544
0.0172153
0.0168246
0.0167201
0.0176888
0.017496
0.016234
0.0164526
0.0143663
0.0149107
0.0111333
0.00950509
0.0102009
0.0131164
0.0098624
0.0109623
0.0152025
0.0158195
0.0209409
0.00667841
0.00966866
0.0128142
0.00741194
0.0107494
0.0138379
0.0265512
0.0194996
0.0116402
0.0143683
0.0217763
0.0130954
0.0175438
0.00862294
0.00756278
0.00879319
0.00646992
0.00703574
0.00761187
0.0072051
0.00794334
0.00916051
0.0103171
0.00781312
0.00734393
0.00685815
0.0077393
0.00651069
0.0077224
0.012407
0.00810944
0.0215068
0.0162487
0.00973621
0.00799073
0.0175816
0.0122775
0.010468
0.00906611
0.00814802
0.00933252
0.0100672
0.00878013
0.00831649
0.00776032
0.012009
0.010275
0.00959341
0.0160367
0.00986536
0.00951337
0.0120203
0.0116772
0.0217011
0.0313661
0.0161211
0.0280014
0.0282929
0.0264485
0.0272174
0.0252858
0.0268024
0.0161461
0.0154885
0.016
0.0151428
0.0149928
0.0156588
0.0155993
0.0123514
0.0151504
0.0149843
0.0154907
0.0157032
0.014658
0.0152815
0.0151252
0.0229764
0.0157672
0.0152702
0.0152155
0.015373
0.0153677
0.0152601
0.0153252
0.027186
0.0234695
0.0254653
0.0152901
0.0254707
0.0241286
0.0260977
0.0249439
0.0262524
0.0149372
0.0144023
0.0201007
0.0238989
0.0148534
0.0210096
0.0147689
0.0213282
0.0234129
0.0155277
0.0151958
0.0213424
0.0230016
0.0149828
0.0152067
0.0199408
0.0153892
0.0153878
0.0150488
0.0152053
0.0149967
0.014986
0.0152374
0.0104437
0.0170718
0.0180826
0.0149473
0.0137199
0.0157244
0.0145444
0.0163651
0.0193724
0.0203244
0.0579629
0.0172316
0.0177299
0.015284
0.0168504
0.0152869
0.0208117
0.0261066
0.0122845
0.0299829
0.0255713
0.0178051
0.0275065
0.0203407
0.0165082
0.017169
0.0380156
0.0163829
0.0167165
0.0171167
0.0166
0.0167278
0.0173176
0.0331105
0.01611
0.0172739
0.0170225
0.0168072
0.017281
0.0169041
0.0169932
0.016465
0.0332083
0.0391773
0.0172737
0.0167894
0.0575387
0.0465534
0.0372555
0.0163692
0.0169484
0.0407858
0.0363814
0.0172052
0.0405507
0.0175109
0.0449926
0.0430921
0.0165986
0.0336907
0.0441535
0.0430054
0.0425169
0.0410334
0.0102392
0.0187145
0.0164413
0.00759992
0.00966155
0.0127925
0.00804041
0.0104657
0.0396313
0.020204
0.0191936
0.00747491
0.00983614
0.0114289
0.0081475
0.0101868
0.0162296
0.0168218
0.00975045
0.0121582
0.0140981
0.0137282
0.0115452
0.0108552
0.00645845
0.00652689
0.00937904
0.00491142
0.00563217
0.00757406
0.00532865
0.0079337
0.0108902
0.0137195
0.00696031
0.007801
0.00914629
0.00791586
0.00886973
0.00763107
0.0174114
0.00923566
0.0141199
0.0241959
0.0114115
0.00911091
0.0483167
0.0171557
0.0116322
0.00667408
0.00713056
0.00952992
0.0118851
0.00789373
0.00997073
0.00784135
0.0169056
0.0152792
0.00929255
0.0106354
0.0146342
0.0151359
0.0171935
0.0182845
0.0162948
0.0140666
0.0182613
0.00920307
0.0100869
0.0112177
0.0100987
0.0116084
0.0128667
0.0113209
0.0108447
0.00871741
0.0094064
0.00912474
0.00952579
0.0087992
0.0246447
0.0173549
0.036123
0.0182607
0.0209426
0.0245919
0.0190557
0.0225594
0.0117782
0.013461
0.0133101
0.00985139
0.0113313
0.0125037
0.0117435
0.0114863
0.0101866
0.0144215
0.0101675
0.0127474
0.0116475
0.0118674
0.0104904
0.011817
0.011539
0.0128415
0.0140654
0.016725
0.0129471
0.0129529
0.0150768
0.0136656
0.0158851
0.0125992
0.014232
0.0138792
0.0160117
0.0134283
0.0154645
0.0131508
0.0156814
0.0133403
0.0123438
0.0129857
0.0148959
0.0147248
0.0129297
0.0129193
0.0170402
0.0202948
0.0147505
0.0156904
0.0154978
0.0115982
0.0152328
0.0139933
0.0265014
0.0381583
0.0191594
0.0317159
0.0304102
0.0272582
0.0287074
0.0250214
0.0135086
0.0117178
0.0118518
0.0124014
0.011807
0.00905722
0.0118873
0.0109412
0.0155509
0.0401922
0.0142768
0.0160206
0.0150516
0.0137164
0.0157132
0.0163431
0.0241771
0.0140946
0.0152234
0.028544
0.0235258
0.0137044
0.024113
0.0134989
0.0193029
0.0196043
0.0146509
0.0117869
0.0181493
0.0169088
0.0152605
0.0149908
0.014118
0.0152206
0.0315405
0.0138245
0.0145847
0.0145776
0.0137073
0.0139303
0.0131067
0.0131701
0.0225969
0.0151367
0.0121557
0.0121019
0.0150861
0.017358
0.0202872
0.0168261
0.0292483
0.0156459
0.0170033
0.0171776
0.016893
0.0177598
0.0167932
0.0171587
0.0285482
0.0171843
0.0167843
0.0166275
0.0165461
0.0166725
0.0434306
0.0499815
0.035128
0.0367883
0.0441801
0.0473366
0.0371128
0.0390408
0.0158449
0.0169927
0.0211264
0.0151983
0.0152545
0.0156226
0.0154119
0.0164116
0.0159487
0.0250693
0.0154403
0.0162171
0.0157415
0.0159698
0.0158802
0.0154829
0.0161988
0.0160646
0.0230375
0.0251804
0.016471
0.0162817
0.0234585
0.0230458
0.0251362
0.0154068
0.0161678
0.0214923
0.0236234
0.0161204
0.0211289
0.0157126
0.0247263
0.0219917
0.0165078
0.021175
0.0227231
0.0213422
0.0214505
0.0214479
0.0286002
0.0362988
0.0172117
0.0621253
0.0557901
0.0233817
0.045047
0.0228319
0.0478658
0.042803
0.0498354
0.0558542
0.0589813
0.0456573
0.0550286
0.0498182
0.0165746
0.0281395
0.0167942
0.01675
0.0169878
0.0188815
0.0168132
0.0184907
0.0791928
0.0493856
0.0191272
0.0716506
0.0753561
0.044529
0.0674372
0.043557
0.0613773
0.0169986
0.0770718
0.0552404
0.0513697
0.0331395
0.0637469
0.0435981
0.0311423
0.0393187
0.0280914
0.0170957
0.0300832
0.0357773
0.0223206
0.024261
0.0159155
0.0674744
0.0489914
0.0185468
0.0166541
0.0410944
0.0181383
0.0407373
0.0161134
0.0204772
0.0408521
0.0291243
0.0187962
0.0202718
0.0250477
0.0261343
0.0172053
0.0130529
0.0167946
0.0152684
0.0152734
0.0105479
0.0148676
0.0134419
0.0123974
0.0135177
0.0174493
0.0131556
0.0122175
0.0101648
0.0125609
0.0145639
0.0198719
0.015155
0.0229022
0.0241075
0.0194386
0.0144756
0.0201345
0.0164235
0.0146111
0.0140974
0.0331424
0.0179944
0.0144967
0.0137936
0.0180024
0.0293481
0.0122646
0.0185221
0.0146773
0.0121405
0.0115214
0.0129404
0.0119906
0.0126773
0.00887467
0.011037
0.0115601
0.0117377
0.00902286
0.0100274
0.00815134
0.00942515
0.0173194
0.0143603
0.0136
0.0202236
0.0213543
0.013187
0.0202441
0.0133437
0.0138198
0.0173146
0.0184314
0.0140256
0.0127093
0.0133232
0.0110519
0.0143192
0.0164933
0.0157212
0.012442
0.00755052
0.00885763
0.00949227
0.00779687
0.0085381
0.0181836
0.0210153
0.0129724
0.00940145
0.0135736
0.0132552
0.010129
0.0101065
0.0118238
0.0124595
0.0129729
0.00863559
0.00842159
0.00867259
0.00775907
0.00823329
0.00883717
0.00739201
0.00873413
0.00705488
0.00919119
0.00840904
0.00789951
0.00775586
0.0115707
0.00750361
0.00877398
0.00886526
0.0100346
0.00899014
0.00969957
0.00850315
0.0117408
0.008511
0.00922844
0.00775244
0.0101378
0.00893029
0.00813448
0.00868753
0.00661572
0.00770995
0.00814249
0.00805195
0.00706468
0.00829198
0.00863827
0.00882047
0.00739465
0.00849742
0.0077899
0.00875692
0.00869336
0.00847009
0.00881486
0.00894737
)
;

boundaryField
{
    walls
    {
        type            fixedValue;
        value           uniform 1e-10;
    }
    pressure_outlet
    {
        type            zeroGradient;
    }
    velocity_inlet
    {
        type            fixedValue;
        value           uniform 0.00375;
    }
}


// ************************************************************************* //
