/*--------------------------------*- C++ -*----------------------------------*\
| =========                 |                                                 |
| \\      /  F ield         | OpenFOAM: The Open Source CFD Toolbox           |
|  \\    /   O peration     | Version:  2412                                  |
|   \\  /    A nd           | Website:  www.openfoam.com                      |
|    \\/     M anipulation  |                                                 |
\*---------------------------------------------------------------------------*/
FoamFile
{
    version     2.0;
    format      ascii;
    arch        "LSB;label=32;scalar=64";
    class       volScalarField;
    location    "5";
    object      omega;
}
// * * * * * * * * * * * * * * * * * * * * * * * * * * * * * * * * * * * * * //

dimensions      [0 0 -1 0 0 0 0];

internalField   nonuniform List<scalar> 
43136
(
502.713
364.333
663.332
474.122
441.487
441.015
503.709
492.461
332.852
374.386
622.512
313.558
333.333
406.399
377.803
450.029
698.659
883.31
1502.11
916.607
547.546
680.259
754.928
901.03
357.86
268.809
473.815
237.641
304.366
324.237
313.084
356.956
348.805
462.877
415.755
284.254
363.396
410.733
338.276
410.7
369.805
341.993
518.877
434.426
375.166
368.529
383.048
380.454
577.576
441.106
323.206
516.084
579.253
459.504
437.707
378.65
503.359
613.711
385.658
586.715
480.264
506.353
452.692
528.532
157.489
198.184
255.846
240.878
182.103
166.148
212.501
200.053
290.463
516.063
270.639
350.375
309.898
319.012
311.111
330.835
364.722
254.711
858.813
522.968
404.914
317.233
454.015
396.107
311.598
324.046
441.788
355.346
342.079
332.826
348.652
388.884
218.224
278.185
268.842
297.46
240.14
216.701
269.043
242.819
208.846
254.835
248.903
230.368
231.61
233.031
238.101
249.698
322.479
291.651
296.927
417.98
389.476
293.151
432.054
297.055
281.638
453.622
271.878
261.472
292.363
363.93
283.829
304.235
904.111
673.525
680.663
563.856
701.066
597.14
648.048
557.546
1101.14
1570.75
978.339
954.148
1134.99
1256.26
1074.32
1190.12
768.892
779.659
1058.84
640.88
741.828
792.121
701.238
745.714
379.706
514.142
446.199
280.901
344.297
406.153
312.978
377.202
671.032
605.146
477.024
618.97
649.342
490.839
636.172
463.845
738.127
734.146
813.743
628.336
732.425
767.181
712.053
730.106
581.836
438.39
564.772
481.426
538.458
448.296
502.662
438.365
612.793
528.175
669.182
762.249
579.177
565.644
674.414
614.336
2097.29
2072.35
2082.46
1803.85
2508.72
2094.34
2536.26
2268.46
2056.38
2052.14
2069.27
2087.46
2104.37
2053.75
1977.05
2200.54
2056.05
2067.01
2057.22
1554.17
1952.74
2052.36
1926.65
2585.63
688.521
1225.17
858.516
831.275
810.548
976.753
836.402
960.363
2153.18
2057.51
1605.44
1733.73
2036.93
2110.44
1729.3
1628.88
2066.83
1766.5
2058.36
2074.68
2006.15
1907.63
2065.46
1949.68
2054.07
1551
1717.75
1358.38
1503.66
1553.84
1510.96
1536.8
2009.37
1539.3
1836.3
2086.61
1906.06
1594.12
1857.97
1904.94
2025.83
2030.12
2023.96
1384.41
2116.96
2027.6
2018.69
1986.06
2025.29
2019.19
2085.08
1590.67
1977.81
2025.95
2245.14
2287.35
2016.43
2052.74
2033.3
1624.64
1928.42
2026.52
1927.61
2027.62
916.76
1186.51
1281.79
813.46
1001.06
1115.74
1080.3
1173.73
1987.55
1904.14
1397.38
1512.32
1935.48
1877.22
1516.48
1376.27
2027.31
1754.25
2040.61
2021.52
1937.74
1975.59
2030.29
1943.01
1825.22
1380.64
1779.29
1455.66
1326.22
1359.29
1410.23
1413.29
1880.87
1489.56
1884.55
2025.35
1807.5
1429.7
1914.77
1832.87
1476.69
931.916
911.298
899.625
1138.17
1051.68
1096.2
905.397
667.758
433.364
563.383
329.929
519.433
466.762
487.459
504.4
713.62
727.046
1005.76
592.251
605.565
815.891
665.429
866.727
489.683
286.402
407.048
260.191
405.762
331.077
332.577
369.68
732.532
724.241
709.4
444.749
694.678
683.425
557.235
602.658
731.257
353.275
612.539
685.021
635.809
474.165
654.916
527.732
676.871
599.495
388.065
476.777
545.221
494.608
453.463
390.188
652.871
531.811
369.772
647.764
529.637
487.335
522.744
425.184
106.506
149.504
213.329
159.838
119.859
138.986
147.43
155.632
213.656
327.356
289.178
263.381
222.148
277.143
262.802
309.051
312.858
305.106
445.887
407.074
341.773
319.497
357.064
373.921
196.831
229.665
314.82
221.784
205.551
238.038
219.81
266.508
153.197
221.684
167.944
186.509
178.522
166.663
179.356
186.901
185.842
228.547
258.464
227.337
197.784
205.328
234.097
241.509
246.183
191.382
221.534
294.265
282.765
203.811
300.676
208.214
253.336
361.096
255.557
309.66
266.607
311.264
280.605
306.389
142.991
163.283
236.855
233.311
180.088
154.259
204.576
198.706
212.85
451.011
349.874
352.788
255.786
287.416
302.986
350.13
301.327
366.374
414.176
395.367
343.511
301.913
332.184
365.033
275.354
318.487
335.095
284.099
299.994
311.489
282.758
325.547
182.621
265.923
255.871
240.235
208.407
204.234
227.912
233.525
191.231
247.889
286.078
234.277
210.23
214.57
254.571
284.097
274.743
256.793
272.065
313.428
308.743
253.655
324.883
254.445
278.242
365.919
299.071
362.546
286.515
341.211
334.882
391.021
1451.04
1447.3
1456.75
1411.93
1398.88
1451.55
1375.03
1429.25
1444.97
1464.46
1476.14
1455.15
1525.3
1467.97
1502.32
1530.17
1464.63
1482.39
1485.63
1394.25
1364.77
1482.97
1360.15
1448.87
1108.08
893.476
1036.67
674.156
944.084
942.676
986.22
947.456
1440.22
1384.01
1269.68
1233.13
1402.09
1378.82
1479.29
1419.69
1450.53
1413.97
1479.37
1461.18
1428.45
1454.89
1455.47
1423.27
1358.56
1297.24
1248.67
1215.22
1369.84
1370.25
1223.12
1207.75
1423.24
1287.97
1352.74
1458.99
1357.97
1337.35
1382.06
1377.93
33.8355
35.4523
41.0717
72.9272
39.5134
34.4432
49.288
47.1239
44.0458
51.3582
53.6123
85.7938
55.7472
47.6998
63.9122
61.5753
40.5505
46.6577
39.6139
84.2426
58.4066
43.8985
63.5218
54.3796
145.369
160.083
138.968
276.633
186.129
151.628
202.002
186.799
42.7174
51.0073
85.5726
102.255
52.4299
53.2505
75.5519
69.0145
40.4152
85.0002
48.7815
42.9803
56.8218
70.9199
47.5027
60.5537
54.1737
110.161
103.946
100.143
74.3115
102.275
92.3678
110.811
51.5463
88.9617
98.5612
52.2325
58.531
70.8402
57.2844
74.4152
90.2944
94.7809
121.922
196.073
144.254
113.47
176.092
149.959
92.5703
109.429
269.89
129.681
129.757
137.331
149.144
166.795
195.514
596.614
586.091
405.894
293.155
445.948
369.03
534.79
252.955
172.848
312.284
280.927
259.217
208.917
281.182
259.355
136.419
152.815
227.1
170.194
151.197
152.128
163.877
174.858
119.327
157.361
258.549
173.188
141.684
156.003
170.398
204.623
188.527
249.927
184.473
281.428
218.056
211.522
251.392
208.853
200.629
292.997
183.446
309.51
224.844
240.081
232.113
249.689
97.7837
142.425
68.0559
148.45
104.319
99.0424
118.199
115.729
220.403
721.304
250.602
219.591
250.63
316.21
194.116
253.235
63.5783
168.155
94.2701
159.692
86.2858
131.749
110.518
128.511
217.971
241.647
240.741
436.68
249.616
229.233
284.446
275.939
157.039
75.3492
163.659
215.252
135.996
120.413
190.181
149.806
169.328
203.105
190.121
91.0703
151.452
158.35
118.551
139.725
96.5879
179.402
201.012
164.847
131.659
179.038
141.268
181.71
113.701
173.8
208.935
179.231
116.636
147.936
135.679
181.174
132.941
44.6329
131.262
241.533
134.609
65.8064
235.499
110.15
31.3333
35.391
48.8563
69.6244
36.7566
35.033
49.9606
66.871
114.161
61.7178
107.638
299.206
127.144
54.752
198.729
109.016
350.891
170.985
558.499
496.881
327.404
309.344
456.13
366.298
56.6427
142.569
223.53
111.02
69.7804
122.618
97.4682
167.82
39.1393
106.841
42.982
54.0519
57.6835
64.5802
43.5907
56.5365
235.725
347.992
145.115
410.87
334.684
222.829
318.974
245.122
92.2141
186.356
142
83.3
108.892
146.182
78.4889
116.47
629.584
489.018
350.236
536.313
572.071
440.811
506.483
399.386
365.107
229.632
174.214
322.762
311.403
253.287
288.178
195.578
230.944
144.442
104.009
209.43
199.274
161.034
171.485
130.345
525.866
418.418
317.421
578.086
544.381
409.182
485.835
357.87
454.2
332.797
533.056
393.214
392.413
367.65
415.067
384.085
336.006
322.884
192.055
275.452
317.19
265.68
296.258
239.937
291.235
469.048
353.613
269.219
315.494
335.196
305.777
322.782
249.436
228.899
283.95
162.36
213.519
257.425
228.361
260.269
1286.66
848.375
787.28
579.017
806.681
843.74
655.064
635.318
761.841
849.224
697.469
457.662
545.2
735.067
476.131
586.787
762.887
628.08
566.433
480.435
600.004
606.112
565.622
517.67
457.503
419.627
384.783
322.33
413.58
416.427
366.118
402.011
604.166
583.218
508.662
507.472
536.812
525.516
538.226
461.683
716.025
447.952
650.958
750.513
550.522
472.524
706.432
507.365
510.63
462.787
447.184
424.1
458.108
444.55
431.093
436.08
615.3
445.129
434.061
545.008
514.94
442.342
468.224
442.929
485.392
451.782
460.216
455.477
447.731
463.671
495.563
468.048
427.913
507.086
538.507
395.184
409.06
460.273
430.261
454.852
435.666
578.271
661.561
427.303
422.187
486.038
424.904
484.336
377.729
350.633
402.128
305.519
365.23
375.008
385.493
382.721
430.943
446.581
428.327
382.098
461.851
452.71
464.263
452.322
448.246
395.439
469.356
444.691
448.587
426.079
447.446
429.447
439.376
452.856
397.532
406.924
451.381
443.279
414.756
404.156
440.047
412.931
402.832
462.689
417.55
411.602
419.844
419.126
1560.78
735.638
937.956
1778.82
1204.89
819.168
1379.92
823.102
507.093
286.924
394.189
335.307
426.041
349.455
388.252
353.66
1022.34
652.188
668.913
778.572
839.793
730.831
835.587
744.688
1795.87
622.947
963.658
1603.72
1304.09
980.116
1314.87
1045.42
609.577
726.489
1259.11
586.143
510.385
634.36
704.278
839.661
514.373
464.47
486.935
608.514
471.282
453.801
511.385
518.313
984.048
1364.37
603.306
932.005
1077.02
864.484
875.884
769.852
752.402
806.433
530.217
591.775
658.45
720.644
591.648
580.349
3136.92
2358.6
1535.84
1497.49
2879.22
2587.71
1664.04
1627.46
1887.28
1732.43
1174.88
1271.62
1800.08
1706.26
1257.71
1248.67
921.888
892.551
463.681
449.27
883.221
864.326
559.658
554.759
883.394
952.748
411.013
496.975
905.655
916.411
516.744
534.835
2167.33
1450.35
1476.45
1315.44
1458.1
1541.66
1353.73
1402.12
1995.48
1257.67
1183.57
1379.92
1382.15
1306.05
1316.96
1223.03
770.987
812.825
826.924
467.995
748.748
848.48
742.437
826.693
793.753
474.55
849.242
781.542
773.448
748.515
762.636
751.501
3884.92
2868.77
1358.97
976.896
3471.79
3159.7
1348.75
1309.7
2235.92
2198.51
1175.5
1020.08
2067.43
2008.99
1067.21
1035.11
502.792
583.885
735.004
357.16
494.355
513.626
341.556
368.61
443.823
561.505
364.114
711.633
493.318
495.882
370.687
375.756
2608.05
1278.74
986.991
1002.02
1198.51
1239.71
997.071
955.998
2394.51
986.626
1142.54
1251.77
1159.08
1103.11
1228.81
1161.04
431.467
350.435
382.748
333.363
331.695
367.791
333.188
360.979
449.296
334.796
404.16
484.488
437.546
334.247
445.158
339.273
3107.32
1018.79
1689.14
1021.79
2022.55
1899.46
1848.71
1800.22
627.715
405.532
797.72
309.077
500.121
570.907
546.936
561.845
1411.2
1148.07
1494.81
1113.14
1339.78
1331.92
1296.57
1284.08
703.646
392.777
861.586
552.507
585.776
630.686
626.405
646.401
753.761
1595.74
750.218
374.971
760.668
1623.1
441.669
740.459
816.577
384.322
940.477
1520.19
774.813
744.951
938.235
836.456
1478.33
763.081
415.764
821.831
888.733
755.156
795.891
727.898
1449.01
801.436
405.39
890.225
1350.06
783.449
867.139
497.07
50.6608
133.049
81.9347
140.871
65.6273
81.7506
95.3165
104.161
227.759
367.815
244.118
238.662
248.195
288.09
234.493
280.999
85.7835
170.604
80.042
142.834
116.115
146.426
106.733
115.456
210.1
247.249
211.731
326.009
221.421
243.408
269.621
267.505
144.552
103.438
148.521
174.27
130.012
109.985
156.721
151.25
154.224
218.35
207.459
117.711
158.734
175.459
141.114
172.215
116.873
167.707
220.941
162.709
144.319
174.877
158.31
182.216
131.919
169.15
237.179
198.382
136.721
166.078
164.759
193.709
5541.55
466.679
2950.23
2324.43
2824.49
857.302
3298.64
715.127
477.697
816.568
610.594
345.93
411.325
559.954
371.835
386.194
2602.88
1060.46
3389.53
1214.36
1587.38
1095.71
2443.6
1067.11
1354.41
352.159
647.181
861.679
795.995
397.661
959.369
398.581
356.363
1439.97
1318.03
340.22
343.887
473.331
336.314
462.168
431.694
341.071
577.12
636.108
351.474
348.87
451.506
375.822
1791.09
1611.01
353.559
1109.7
1387.74
468.879
836.551
395.552
608.438
436.183
333.36
496.725
448.524
403.808
360.547
335.627
616.324
578.615
646.082
707.587
684.092
673.193
605.834
665.084
361.2
259.866
173.881
293.862
305.763
245.386
268.556
184.711
381.396
150.32
169.533
310.19
268.678
183.027
251.413
164.615
866.228
560.944
541.131
1510.61
966.173
610.244
911.322
575.631
527.399
465.539
721.483
461.815
491.693
496.724
554.468
557.058
375.02
305.837
183.27
398.887
380.135
270.105
356.735
246.246
412.556
639.721
445.568
420.278
489.662
534.811
447.196
451.972
401.455
306.548
284.871
153.264
277.082
318.949
250.91
283.94
114.366
161.319
147.301
175.587
133.887
129.278
129.945
134.197
206.717
258.955
224.79
304.775
227.738
233.182
230.184
249.335
347.311
551.126
1911.51
645.957
382.549
476.342
732.709
828.626
242.364
373.773
302.943
381.303
291.647
329.751
282.178
320.044
184.159
149.815
201.892
271.852
171.604
140.314
246.904
208.069
182.142
285.495
181.941
156.467
176.289
187.382
155.844
165.319
187.299
180.388
277.712
301.581
191.965
195.357
216.533
207.5
195.315
326.55
302.163
264.145
205.757
254.811
219.926
282.299
4707.87
5884.56
3090.88
2327.95
4462.09
4833.03
3184.51
3383.18
6544.97
7253.46
7053.48
3869.84
5960.2
6574.87
3885.89
6618.93
2342.64
4774.27
6957.53
2858.19
2459.9
3143.81
2326.82
3768.76
1529.99
2407.24
2137.33
1153.23
1607.39
1981.68
1387.63
1834.35
5444.5
3217.25
2372.73
3215.69
3668.2
3403.03
3216.66
2964.42
5743.28
3447.05
4663.47
3192.77
3563.66
3515.13
3397.24
3335.78
2362.02
2013.53
2643.71
1892.15
2072.61
2195.32
2197.75
2348.53
2521.16
2598.21
3401.18
3775.01
2470.58
2557.91
2602.66
3186.63
9599.23
5746.63
5628.5
3467.97
5241.44
5980.82
5063.91
5394.61
9042.87
6334.92
4346.21
4346.27
7764.4
6108.39
6163.81
5176.02
4962.05
3447.78
3184.53
3079.72
3996
3542.89
3819.2
3337.45
2446.28
3263.55
2970.23
1455.65
2354.41
3644.93
2558.13
3134.28
5040.63
4304.66
3277.68
4277.12
4585.88
4376.28
3913.2
4434.24
8451.52
4331.9
4367.35
5690.57
6949.06
5448.37
6242.7
5070.93
5142.83
3501.86
4036.8
3865.98
4535.54
4181.04
3974.8
3969.16
5058.04
3160.59
3900.01
3836.77
4060.51
3518.45
4346.38
3575.13
4571.22
5522.98
3619.98
1706.98
4092.84
4850.77
2178.01
3069.59
5762.81
5889.05
3686.29
2720.7
5011.79
5439.61
3387.46
3842.56
3540.37
3590.23
3471.69
2478.96
3587.38
3524.72
2868.26
3165.67
1067.36
1450.79
1201.17
889.915
1104.81
1302.15
1024.11
1155.48
4885.65
3619.42
1688.13
2292.08
3390.89
3227.46
2432.86
2104.25
5212.57
2562.94
3471.4
3587.63
3412.43
3334.33
3632
3437.96
2088.19
1130.67
1688.78
1321.09
1646.71
1424.76
1735.98
1572.7
2746.75
1706.37
2081.98
3099.59
2874.32
2167.37
2831.29
2345.56
3575.92
3606.52
2999.64
2642.15
3246.75
3459.19
2945.28
3326.64
3696.38
5411.09
5102.07
2744.45
3705.69
3803.08
4165.72
4146.2
2828.11
3877.71
2639.19
2154.48
2952.31
3048.54
2729.39
3088.12
1368.46
1567.59
1418.03
978.567
1304.89
1434.69
1379.6
1431.06
3268.03
3057.82
2196.25
2447.5
3101.07
3193.16
2669.04
2536.69
3323.49
2443.43
3057.27
3065.9
3161.25
3017.99
3097.86
3025.53
2702.75
2245.82
2614.68
2143.25
2265.82
2479.25
2335.62
2363.06
3208.23
2313.67
2625.22
3238.53
3097.8
2477.25
3262.14
2945.57
4878.49
5757.43
3874.91
2416.98
4375.49
5100.07
2886.27
3463.1
6078.77
6301.56
6895.51
3592.66
5336.48
5893.64
3736.08
5838.81
3691.09
5982.18
7783.39
3859.2
3699.76
4419.11
3463.13
5540.28
1588.28
2730.98
2325.88
1283.34
1664.97
2209.82
1432.64
1965.91
5120.9
3876.12
2359.73
3033.01
3648.68
3544.86
3113.17
2916.6
5543.84
3243.82
4566.21
3809.28
3604.34
3563.41
3821.31
3689.87
2705.03
2029.97
2851.98
1995.47
2181.97
2264.09
2336.82
2405.54
3139.49
2884.28
4021.35
4748.96
3157.81
2813.29
3169.88
3646.58
10994.3
8258.9
6764.42
4638.09
8690.28
7913.77
6907.58
6915.99
8380.61
5368.08
3724.94
3959.44
6753.47
5162.08
5377.34
4379.21
4735.43
3003.02
3062.86
3386.06
3759.99
3029.58
3773.93
3184.19
2697.81
3466.2
3663.55
1653.44
2500.88
4223.47
2546.23
3987.32
7240.49
5264.03
3736.97
5568.05
6069.37
5586.74
5054.24
5341.9
7775.54
4186.16
3636.42
5352.87
6409.1
4890.77
5725.19
4520.12
5177.26
3546.06
4863.31
4255.59
4966.89
4752.75
4483.1
4693.39
4765.89
3583.99
3848.73
3293.94
3945.41
3744.81
4050.98
3592.76
4846.57
3295.03
5671.42
2440.91
4047.19
4814.04
4628.67
4726.32
2706.54
9706.45
5276.01
3994.97
2841.83
3147.97
3394.49
3850.73
6278.23
7902.2
7271.56
5195.35
6113.91
6459.4
6128.85
6298.48
1635.51
2615.21
3306.82
1533.42
1669.56
2244.1
1805.58
2254.11
2831.23
5546.51
2165.29
2258.99
3244.3
4285.32
2367.41
2791.58
3028.19
2615.32
3683.37
5669.28
3071.78
3051.03
3396.74
3304.57
5745.54
2361.32
2518.1
3777.89
3384.23
2768.15
3464.17
2805.41
5530.03
4347.76
2864.14
4295.9
4980.68
4104.71
3318.42
4107.07
2884.92
2984.11
4934.24
3480.93
3022.16
3220.66
3912.71
4181.87
3446.36
5453.5
9811.88
4894.05
4122.58
5539.62
5890.09
7042.75
6207.06
6858.68
13225
4586.43
6233.6
6958.6
5839.44
5767.94
3543.09
3843.14
3059.24
1775.86
3776.75
4822.15
2911.75
2959.74
3191.19
5189.17
3600.26
4309.4
4531.91
4485.1
3895.04
4312.09
3697.07
5778.12
9109.37
5828.3
5031.8
5648.88
6322.34
7226.34
5462.16
4571.44
5395.3
4119.75
5635.08
5024.46
5627.14
5325.17
5221.54
3779.46
5719.17
6099.26
5448.49
6304.57
5666.6
5762.92
934.178
954.662
1151.07
922.092
921.113
930.437
915.151
941.017
1012.38
762.081
1526.71
496.286
970.062
1024.12
941.878
1159.86
1639.61
2018.59
2572.72
2166.98
1750.97
1879.16
1927.49
1983.96
806.081
412.494
1126.84
486.665
727.31
729.364
717.436
801.175
926.153
1195.99
869.695
769.613
899.525
904.274
848.918
870.688
973.78
798.651
1473.65
1249.96
969.567
903.767
1303
1348.66
1265.02
864.84
745.301
1395.71
1333.31
907.979
1360.29
819.296
1321.2
1638.99
889.222
1553.42
1377.31
1500.76
1399.02
1237.7
1877.83
1208.79
1388.36
2083.21
1664.53
1300.93
1970.99
1347.7
1119.91
754.281
1307.2
855.832
921.631
887.222
985.86
1146.45
1529.59
1766.17
1868.54
2043.98
1632.3
1849.62
1871.65
1821.07
2016.99
1095.36
2295.48
1933.86
1485.13
1341.05
1837.46
2047.38
1157.95
1270.66
1678.68
1037.53
1224.28
1239.39
1197.94
1294.2
1143.84
1034.87
1444.07
1396.09
1132.82
1007.84
1302.09
1178.75
1590.53
1987.06
1220.97
2044.3
1684.3
1398.65
1468.77
1269.24
1471.05
1907.67
1487.46
1525.37
1548.2
1664.21
1541.31
1745.69
2285.18
2315.17
2281.73
1800.49
2117.07
2286.66
2009.54
2095.31
2347.6
2322.99
2326.46
1964.58
2390.71
2326.31
2293.37
2262.43
2297.16
2330.16
2330.76
2632.72
2368.86
2312.63
2581.16
2740.94
1404.79
1418.88
1493.6
583.96
1194.61
1216.8
1138.61
1186.09
2200.87
2110.92
1609.53
1952.34
2079.87
2007.08
1915.97
1646.67
2307.37
1930.23
2323.2
2295.48
2149.94
2135.02
2310.35
2189.77
2071.14
1597.25
1876.7
1861.16
1702.92
1680.7
1819.93
1739.47
2196.66
1964.48
1901.63
2381.29
2213.09
1870.57
2208.85
1972.39
1711.9
1118.76
421.956
728.651
1019.45
903.483
671.005
596.27
1698.28
2412.35
693.785
686.321
1583.19
1860.68
986.227
925.184
309.528
266.444
280.418
330.919
295.322
292.895
299.173
271.672
559.886
320.109
407.47
458.025
439.946
353.346
388.445
348.803
1111.83
399.559
551.952
561.905
728.033
588.667
641.174
501.233
1305.86
521.64
541.587
444.25
759.81
735.323
511.738
442.512
343.607
450.357
387.339
360.072
364.977
384.295
342.687
374.112
328.262
327.431
346.228
302.408
322.821
325.767
322.091
313.259
162.663
234.401
207.297
205.468
169.965
175.581
176.944
177.744
797.915
4394.83
1381.23
866.627
952.693
1626.74
917.59
1335.72
268.645
467.15
692.029
354.676
277.413
314.724
295.914
323.796
313.107
344.248
363.914
620.711
339.895
337.834
331.474
347.724
269.068
210.493
223.653
299.028
271.928
186.348
280.594
235.859
371.467
344.341
440.361
237.923
334.773
362.718
354.27
358.222
224.688
226.432
295.53
284.659
266.039
233.661
275.735
235.591
235.124
313.415
325.54
409.136
237.898
300.498
354.242
328.878
2328.08
2336.48
2327.85
1951.34
2159.88
2328.11
2071.2
2153.45
2340.7
2310.49
2319.97
1816.11
2336.61
2318.49
2334
2268.04
2336.73
2332.88
2363.79
2050.09
2279.74
2349.67
2329.95
2303.57
1602.98
1430.36
1301.12
945.672
1359.46
1413.23
1254.92
1235.22
2195.29
2166.84
1606
1806.07
2105.9
2060.73
1778
1659.49
2334.85
1828.28
2329.91
2334.65
2197.94
2185.36
2333.1
2222.98
2096.22
1586.09
1762.07
1720.93
1673.74
1645.92
1716.43
1696.94
2203.89
1800.61
1680.11
2275.92
2183.05
1785.63
2215.18
1728.36
2323.87
2353.91
2352.45
2104.97
2338.32
2357.36
2240.3
2235.71
2373.3
2411.47
2403.36
1895.87
2544.34
2422.05
2392.04
2406.12
2371.11
2399.27
2395.43
1792.63
1986.88
2405.83
1924.87
2321.49
1459.06
805.789
1025.28
1162.14
1014.6
846.253
1071.72
854.81
2335.99
2103.14
1909.81
1776.08
2209.28
2112.94
1987.39
1924.18
2380.72
1851.77
2411.54
2379.7
2273.72
2267.34
2372.32
2198.8
2015.26
1911.59
1715.18
1617.35
1798.87
1827.97
1621.61
1656.8
2242.82
1580.78
1765.83
2299.92
1986.13
1624.12
2083.35
1691.48
2328.35
2352.27
2350.97
1937.09
2202.8
2348.04
2157.25
2250.42
2368.67
2376.5
2369.95
2149.73
2324.58
2369.1
2197.03
2269.11
2360.29
2372.43
2380.33
2824.7
2839.63
2381.75
3050.52
2309.62
1416.04
1552.18
1509.46
668.266
1276.92
1447.76
1057.11
1423.97
2187.02
2384.59
1933.08
1895.76
2143.31
2265.06
2079.88
2010.2
2360.94
2109.33
2374.4
2359.77
2269.82
2271.21
2368.07
2389.33
2496.61
1941.38
1787.44
1866.36
2143.12
2031.37
1886.4
1842.64
2278.7
2609.58
2207.08
2280.31
2672.83
2478.27
2499.98
2352.57
1040.45
1106.54
925.025
929.086
1049.57
906.213
1018.98
869.556
1027.9
1275.87
621.305
832.139
875.83
782.367
712.955
646.18
924.015
681.968
744.133
506.027
760.997
687.888
768.517
668.217
811.416
699.227
433.177
503.204
770.61
574.987
688.398
482.084
896.433
897.938
965.614
819.008
796.616
805.101
844.975
749.186
747.481
628.254
580.714
841.937
668.263
591.834
727.576
557.612
939.095
957.32
698.814
623.972
824.96
745.739
619.043
617.607
831.639
497.795
515.398
578.015
649.856
504.942
564.543
468.029
1592.71
1612.99
1615.83
1407.22
1783.81
1610.15
1888.82
1650.53
1622.74
1637.09
1645.81
1762.68
1759.52
1632.5
1794.43
1646.39
1629.55
1653.95
1653.51
2177.48
2601.44
1649.66
3145.42
2029.5
873.838
976.473
830.33
521.01
844.062
867.048
719.742
807.595
1727.39
2077.6
1281.33
1446.15
1832.23
1916.56
1529.65
1391.82
1618.48
1605.5
1641.87
1626.3
1644.05
1850.85
1629.79
2006.71
2380.46
1176.47
1337.76
1356.26
1455.55
1350.69
1379.02
1344.13
1789.8
1897.46
1682.52
1713.72
2324.99
1778.92
2216.5
1825
76.2232
122.21
36.1611
121.571
100.089
94.5263
73.1822
45.8535
361.764
1773.21
969.242
589.446
808.085
1099
665.389
973.085
59.486
417.584
196.524
162.201
185.476
264.939
147.342
219.062
179.794
257.836
180.568
348.358
216.764
199.387
203.919
203.735
174.674
78.4103
138.577
289.142
122.668
74.806
142.469
100.841
217.319
407.785
568.098
89.5919
177.722
358.092
138.025
389.545
74.0427
111.612
242.914
140.801
85.5359
97.3398
160.493
158.984
87.0057
171.775
324.284
494.38
186.013
192.472
338.71
300.028
744.366
513.797
930.032
747.589
567.829
524.023
766.257
501.953
539.955
506.921
792.273
473.832
517.629
545.082
525.309
563.159
1306.66
1030.23
2215.49
1422.5
968.065
1020.61
1432.84
1219.88
734.929
448.913
1070.73
602.601
562.538
515.281
693.623
576.067
494.114
685.206
541.836
484.409
477.587
476.033
479.647
483.038
532.331
488.272
749.411
633.844
497.695
502.527
627.37
666.382
1040.8
765.12
488.083
1130.07
978.041
514.783
766.741
496.868
701.973
869.851
495.55
768.089
693.166
723.717
705.868
689.722
288.231
526.809
483.982
206.445
309.467
420.657
253.191
420.064
801.814
1307.96
1271.14
981.875
975.571
961.953
1231.3
1186.5
720.866
1943.78
1901.46
798.727
804.926
1142.55
751.49
1194.22
287.146
393.677
875.097
800.623
297.47
383.854
594.738
557.893
599.33
527.769
213.408
440.074
562.209
421.872
456.563
345.546
675.42
742.221
989.458
677.911
767.352
865.458
711.037
825.239
406.322
230.879
459.683
574.183
330.273
306.798
383.393
330.318
683.18
667.27
672.292
1137.61
699.342
641.801
963.738
945.572
2469.32
1822.88
1895.57
1956.04
1767.63
1742.95
1696.65
1808.22
1298.65
682.631
852.116
440.608
919.254
854.323
864.59
711.873
2454.17
1582.93
3968.92
1400.62
2674.86
2890.95
2768.72
3199.35
924.721
367.119
537.458
448.132
630.627
589.419
600.635
460.222
1304.26
2001.07
1323.47
705.656
1301.31
1849.55
985.528
1266.7
1192.11
655.091
1183.54
2115.62
1175.89
1132.77
1266.11
1196.7
2057.09
1216.42
677.314
1135.2
1201.62
1091.83
1058.46
998.546
2303.37
1036.47
537.35
1229.59
2361.49
1015.25
1266.96
623.401
4220.45
4950.21
1362
1539.44
2715.3
2616.11
2031.61
1629.27
3484.39
2135.27
2185.48
982.662
2010
1827.95
1738.23
1562.38
1574.34
1455.12
1525.33
1026.82
1518.96
1526.01
1334.11
1448.18
1025.83
971.818
411.65
787.596
992.641
719.454
791.218
594.238
2320.21
1443.31
1383.49
1287.94
1719.74
1377.8
1716.54
1119.77
1871.8
1027.03
1470.34
1282.41
1448.64
1361.87
1560.4
1368.53
1213.34
1057.08
1033.6
671.355
839.737
925.915
846.571
880.066
1259.46
868.428
863.353
1294.22
1164.3
901.337
1243.71
1011.01
1015.66
1023.65
1062.19
932.192
1055.08
1043.53
1000.24
946.044
1123.37
1195.78
886.58
874.721
1154.45
1146.84
1000.22
982.278
1129.44
1006.55
1439.16
1054.94
1235.19
1313.02
1161.19
1268.98
817.802
756.078
808.121
535.268
778.262
795.144
676.356
687.003
969.887
966.424
952.108
872.946
948.544
889.327
919.339
915.211
1015.78
904.143
1077.46
989.552
934.144
905.017
1000.84
1108.02
936.364
907.936
842.871
902.322
940.886
856.257
908.809
816.122
977.022
940.139
809.832
916.562
982.7
979.65
1003.59
862.423
4454.52
10359.3
3480.67
3261.01
6804.14
8822.92
4658.75
7218
11907
12806.2
7404.99
4387.47
9817.21
14368.8
7899.23
11749.3
3726.3
7757.81
3920.05
1852.63
4892.31
7427.46
3654.96
5387.72
1550.05
2004.85
887.394
904.375
1765.36
2020.87
1456.52
1476.01
8697.9
5124.02
3203.03
4126.23
7075.4
5520.41
5092.47
3705.42
10448.3
4061.61
6341.8
6857.66
9347.49
6577.97
7776.04
5650.42
3515.8
2373.04
2930.64
1706.81
2629.03
3021.84
2284.04
2564.04
6076.74
2022.58
3228.62
4997.61
3574.04
2732.03
4065.71
2971.91
96.8544
236.143
97.5311
202.853
140.896
166.498
131.308
161.559
357.845
568.401
304.201
487.605
417.318
440.487
423.508
459.295
93.6587
193.074
89.4168
169.947
125.77
142.517
119.226
131.801
333.386
493.023
283.337
564.833
404.395
426.59
441.106
464.779
277.608
141.102
246.061
358.806
260.309
175.805
315.614
253.644
288.159
396.601
249.191
162.969
292.411
311.518
207.538
235.473
129.429
241.125
406.94
224.758
188.194
271.295
214.564
291.559
156.018
227.437
434.872
247.503
165.204
214.204
224.498
260.631
1564.88
1019.96
1481.64
1135.16
1274.78
1312.34
1342.69
1462.29
857.585
910.98
916.84
770.446
876.715
934.708
873.179
929.921
1591.27
1058.37
1740.27
1581.21
1354.89
1402.4
1724.86
1659.62
1022.07
690.033
1112.36
632.573
740.958
809.738
777.605
823.356
877.534
1378.96
1051.68
776.498
893.307
1092.85
880.475
1068.03
867.704
826.569
952.221
1402.47
862.882
814.745
960.697
873.928
1522.91
1192.7
788.062
1364.82
1361.8
1165.24
1020.62
836.723
1562.7
1331.98
813.273
952.069
1113.09
1069.97
959.166
879.037
1719.65
1794.94
1569.8
1794.1
1494.84
1588.28
1576.22
1574.09
2278.95
2650.7
2739.63
2314.87
2384.98
2636.82
2501.75
2856.97
1874.73
2323.64
2477.09
2785.56
2034.62
2222.39
2393.05
2617.01
2178.58
1926.55
2370.52
2872.23
2048.73
1958.44
2547.94
2141.58
1828.83
1657.8
1716.97
2074.72
1898.6
1689.67
1934.88
1775.48
2029.94
2310.45
2340.03
1792.49
2091.29
2246.1
1967.69
2101.59
1789.54
1909.35
2123.76
2308.29
1927.34
1824.83
2052.81
1936.23
1907.41
2686.83
2460.95
2451.24
2087.31
2289.84
2257.53
2439.96
4475.45
1336.04
920.13
1171.34
2745.16
1251.92
1223.59
892.332
721.886
624.981
438.293
410.128
575.504
562.445
452.046
437.528
372.659
297.372
157.42
193.212
220.305
244.766
172.725
159.323
397.892
340.268
248.55
411.933
380.044
325.713
322.072
260.466
905.341
573.501
705.24
440.162
609.32
634.514
552.83
500.082
651.163
375.324
373.928
504.045
537.525
374.678
541.405
343.202
409.326
336.22
325.54
221.061
320.958
326.855
244.604
263.333
380.069
194.681
262.254
293.077
240.961
239.026
270.852
251.339
6034.63
2019.88
10693.6
4479.26
2635.64
2555.9
5551.38
4900.8
1961.61
2353.17
2691.94
3531.41
1947.11
2003.37
2549.47
2926.05
12709.2
4335.35
10472.5
6763.43
7586.76
5749.79
9835.8
7713.13
1839.3
2443.6
2751.92
1123.01
1692.43
2042.36
1955.83
2357.77
1920.67
5726.25
2516.84
1804.91
2151.8
3294.38
1833.97
2444.46
1893.79
2036.64
2122.52
4738.69
2033.24
1947.51
2699.04
2208.24
8258.66
3475.36
2561.36
6098.85
7551.46
3296.94
4945.02
2651.51
6999.04
6267.73
3552.69
4152.07
5328.55
4613.56
4029.72
5359.99
2050.56
1619.09
1081.69
2725.13
1823.37
1556.27
2139.12
1529.5
1611.75
1348.18
610.366
2317.66
1616.58
1330.99
1712.08
1116.91
384.491
265.602
164.606
259.804
326.547
249.268
262.076
186.541
3326.48
3480.47
752.787
4185.45
3007.55
2656.73
3310.68
2178.87
1594.31
891.397
2271.85
2154.95
1650.39
1640.58
1960.76
1960.13
1569.23
1929.47
543.4
717.194
1570.8
1684.65
729.367
604.576
874.292
2698.91
2431.38
614.955
978.235
2161.34
737.199
2285.14
589.193
348.829
1567.71
371.175
531.754
499.573
494.177
582.383
504.998
212.318
257.428
832.652
489.056
252.45
455.009
301.657
143.669
127.567
134.929
187.105
141.64
126.258
156.732
135.302
201.349
149.16
171.383
258.343
203.477
157.018
212.912
177.753
855.289
283.838
387.174
686.07
598.349
323.734
559.335
404.327
202.265
229.857
636.429
227.28
209.169
235.436
263.31
305.694
155.626
198.428
144.546
184.384
189.314
173.799
180.807
178.536
234.919
562.387
239.353
300.953
308.317
350.544
285.838
265.531
212.564
260.251
217.279
150.328
200.333
228.392
175.076
217.239
1571.95
1415.61
860.162
920.594
1337.24
1281.39
983.164
821.723
1407.55
1010.3
820.003
650.734
1358.53
1168.19
858.461
701.537
690.945
806.636
721.759
399.072
643.055
849.899
515.559
599.34
357.63
333.109
277.72
179.574
282.6
360.097
230.947
255.991
1365.69
744.096
723.505
648.707
774.538
736.508
746.317
705.569
1275.54
775.193
851.459
851.72
823.602
812.42
838.891
821.266
557.502
436.483
467.888
314.517
500.559
489.272
438.848
423.714
600.038
359.7
513.688
684.973
580.05
542.629
606.358
568.829
149.802
124.186
235.501
243.126
158.208
181.727
219.222
224.12
107.697
135.938
225.494
193.314
109.523
129.95
157.252
157.683
338.437
444.547
1210.67
2277.23
406.601
475.487
1171.15
1055.4
587.436
529.61
3664.56
4449.3
730.44
837.972
2678.35
2139.15
106.813
262.671
237.38
173.559
189.299
248.156
181.703
263.38
128.271
204.915
262.487
289.673
178.077
181.666
241.511
235.633
351.698
395.818
321.978
1872.95
490.447
362.662
567.384
391.826
352.407
1538.39
300.068
329.513
372.673
638.567
333.886
468.43
62.7147
52.1792
43.2281
100.823
84.1745
51.2785
73.2794
54.3386
42.1252
48.118
64.9666
130.062
79.1673
45.5115
99.4981
100.428
44.6644
75.6759
57.8369
160.91
90.6224
73.065
105.355
97.3291
174.514
210.242
259.38
457.305
243.568
197.035
290.885
299.446
72.267
65.721
132.208
139.678
71.7025
65.6531
97.2687
95.1729
41.3795
102.433
64.0878
49.9256
55.0052
73.7026
46.8676
78.7713
66.7512
110.403
160.027
184.671
89.0455
94.1413
145.061
136.424
54.2716
193.634
183.058
112.745
84.3062
125.217
104.639
147.046
780.955
536.963
739.228
403.459
615.057
664.583
516.803
569.07
336.261
204.769
322.811
200.351
289.914
276.46
263.008
270.251
748.052
449.7
586.296
361.357
581.673
569.071
497.078
510.768
330.558
202.771
294.49
246.447
299.714
275.597
293.871
264.636
415.969
551.763
377.686
270.664
371.054
435.284
286.573
350.708
406.69
264.528
407.574
636.726
377.546
314.412
555.228
437.143
452.822
373.16
256.981
339.449
378.397
352.22
368.557
310.466
543.942
328.779
261.908
384.28
428.093
360.212
393.548
326.433
1797.67
487.012
725.521
1966.53
1168.15
546.445
1739.28
679.523
345.674
219.246
341.656
310.345
301.976
281.38
344.89
316.313
641.851
499.315
769.765
929.97
682.413
620.375
879.507
759.356
1521.94
466.406
1075.24
956.992
949.342
724.93
1315.33
1045.54
425.812
607.369
1116.21
448.578
501.336
531.175
503.273
558.293
379.396
410.097
391.638
480.11
394.478
377.41
429.586
414.866
778.736
1520.66
538.52
1039.16
800.481
735.906
776.812
640.297
585.767
900.9
492.622
459.475
598.338
711.12
511.394
546.776
695.075
413.749
729.751
676.934
582.149
527.432
612.602
569.742
401.468
320.895
341.681
348.002
396.244
380.296
379.768
382.131
750.665
347.912
608.082
679.515
602.842
491.854
670.782
504.057
715.161
425.091
731.039
672.571
621.791
563.033
653.911
573.917
411.371
563.714
578.353
439.528
411.136
489.79
449.417
524.467
406.157
416.538
347.776
488.748
395.621
391.606
384.774
381.267
654.595
664.371
461.684
691.121
774.544
581.462
615.703
526.718
547.482
533.617
446.269
328.322
477.154
524.695
367.717
452.165
2109.84
1540.97
441.361
2813.92
1508.36
1003.72
1136.76
705.111
1239.54
708.415
306.325
1172.73
857.056
611.919
565.717
463.168
311.005
240.146
198.103
279.169
286.657
259.498
279.083
241.617
1724.81
1148.52
412.951
843.964
1053.38
897.752
764.759
595.361
1107.69
408.338
1527.31
1042.93
620.703
650.157
1650.54
1087.16
683.319
785.49
316.989
367.741
492.346
521.907
361.727
332.088
388.423
1009.23
760.267
403.327
475.782
750.145
418.124
739.065
331.018
341.158
577.151
250.986
298.153
360.977
278.858
332.943
175.299
229.567
287.003
298.789
203.129
209.552
229.892
240.403
309.613
498.93
332.323
534.01
365.364
387.298
412.639
435.955
331.567
329.604
299.338
328.627
372.578
351.717
335.897
365.303
405.904
586.906
401.333
544.165
463.87
516.815
458.682
522.13
255.84
305.52
330.442
384.258
280.718
247.415
347.741
342.318
256.656
430.877
270.424
294.547
277.69
312.587
282.828
296.61
303.892
340.854
451.12
388.512
373.118
372.847
427.778
384.31
326.205
439.161
476.134
307.989
335.303
437.579
333.59
437.239
170.312
226.244
261.417
179.2
182.23
219.121
205.493
242.518
240.635
217.606
326.732
206.999
238.36
262.653
286.693
293.862
348.967
412.297
678.795
484.645
392.766
403.083
447.607
458.427
171.771
172.195
296.335
151.852
171.774
211.304
189.662
215.784
224.794
298.538
178.191
197.993
257.349
261.066
210.223
224.099
245.596
249.792
333.284
309.7
267.922
275.375
319.934
341.655
325.178
186.49
228.354
318.379
301.878
220.785
297.167
231.985
347.825
373.921
260.651
377.905
357.886
358.918
379.242
369.286
104.641
41.8004
73.7877
195.656
87.4833
59.7135
116.442
66.9164
35.0048
57.3936
75.3276
112.186
44.2888
63.3976
48.8865
80.7082
79.3742
83.1409
123.619
167.524
83.9796
83.3795
97.5118
98.2273
369.549
239.405
323.553
2378.54
424.575
228.02
557.534
299.956
45.4534
61.9392
163.75
68.1057
46.4969
56.8854
53.0549
61.207
43.4287
95.8273
72.5049
58.6674
46.6193
50.5405
52.3174
61.8796
67.2857
190.962
77.6833
127.919
102.578
82.3763
102.619
96.2538
61.4552
144.087
109.967
80.8305
80.1546
119.773
68.829
127.027
2159.33
4665.93
2131.93
1641.63
1829.56
2267.94
1588.52
1770.15
5507.18
6478.22
6511.57
1400.44
3546.6
4750.57
2348.82
4276.12
2371.7
5112.12
2868.09
2586.7
2373
2866.42
2408.2
2399.83
1945.49
1660.02
1990.52
1725.45
1958.37
2008.82
1982.11
1997.69
3091.18
1932.37
1677.72
1558.52
2045.17
1714.42
1553.61
1706.08
3962.62
1558.22
3815.17
2535.42
3104.54
2162.27
4708.45
2787.01
1811.43
1758.77
1627.52
2112.62
1881.15
1811.79
2015.45
1919.94
2080.81
2269.03
1598.96
3047.02
2136.06
2178.45
1999.88
1874.78
765.877
470.885
822.498
563.801
575.375
592.642
647.718
728.318
369.502
239.04
370.717
218.398
325.469
314.788
298.162
322.923
799.781
489.698
707.917
380.812
514.866
585.941
513.745
570.921
332.928
185.073
266.632
164.586
238.413
227.814
222.956
237.561
426.684
600.669
438.753
295.726
460.28
501.464
402.342
453.268
439.599
277.854
394.746
693.216
502.335
309.282
589.403
353.009
633.289
439.957
265.703
310.833
535.243
468.205
304.822
271.473
693.768
326.841
272.733
401.303
393.697
319.137
347.209
285.392
92.9413
59.1618
121.702
174.034
107.859
101.041
130.261
117.171
45.1507
60.197
85.8474
156.394
74.4162
72.891
107.2
100.209
131.859
101.155
148.081
228.641
148.941
118.611
175.481
143.99
280.798
282.168
354.977
570.616
343.556
319.701
388.603
357.591
80.3994
132.19
193.18
155.245
87.1999
119.735
108.826
152.672
70.4359
173.076
85.2543
101.814
78.0288
107.694
73.9874
98.9704
152.605
207.479
200.865
245.387
183.677
178.648
218.296
217.444
126.594
225.014
198.365
107.829
138.365
199.601
116.149
193.354
77.2314
163.115
41.7331
111.949
103.939
137.638
95.8354
83.1542
270.507
346.616
189.641
233.548
312.283
285.709
226.561
227.713
46.5295
121.866
65.2041
103.073
83.1144
88.5038
78.2724
77.5063
126.742
172.573
134.247
144.433
145.664
141.803
131.252
141.486
204.18
77.454
125.666
185.386
150.514
92.8488
159.25
106.156
225.53
191.564
148.385
84.1875
159.207
170.312
114.68
149.769
71.2586
109.55
157.2
115.268
88.0621
108.11
115.82
124.079
64.8494
119.286
150.438
133.15
88.0912
114.962
115.981
139.284
474.879
370.367
291.486
302.918
404.148
344.128
293.123
335.579
274.141
184.684
173.712
188.329
233.891
193.229
207.318
176.675
192.568
149.232
112.446
136.136
144.104
132.038
128.003
118.051
252.957
190.165
160.698
221.842
228.018
202.093
207.913
170.076
323.932
239.226
268.818
223.524
286.576
252.035
287.645
242.866
251.828
196.363
166.252
220.356
263.764
187.631
240.65
182.946
204.119
207.038
196.553
154.767
191.222
197.988
163.878
181.096
208.167
141.009
168.495
152.646
149.235
158.305
166.865
164.308
2108.45
1051.22
1303.65
2568.95
1950.89
1263.81
2269.52
1268.31
384.675
263.052
492.778
332.863
298.816
316.115
361.738
434.36
1198.31
723.717
1607.21
2009.78
1307.8
1029.53
1971.86
1427.68
3176.97
732.625
2202.16
2651.49
3070.43
1552.94
2753.25
1878.73
902.136
1189.39
2455.76
675.891
907.365
1020.68
870.178
1055.02
463.067
455.318
553.409
674.981
510.681
426.743
552.99
500.194
1741.71
2766.76
825.775
2302.94
1782.49
1403.04
1748.27
1282.06
993.208
1737.81
647.668
641.316
985.305
1173.36
699.557
739.158
778.292
472.782
404.1
670.273
642.261
432.177
605.88
414.208
497.419
1499.34
428.407
624.709
557.661
691.761
515.875
579.04
386.904
350.244
325.374
367.284
379.193
353.757
380.342
326.937
663.166
502.985
451.89
639.005
588.932
437.477
595.252
430.69
443.947
408.686
600.909
458.711
421.64
415.556
454.831
443.236
390.224
425.701
381.295
376.815
384.132
402.428
375.648
379.887
418.929
595.181
452.443
447.649
441.113
440.073
435.775
433.8
378.099
375.027
413.799
356.807
374.363
375.864
380.669
380.132
73.1657
56.5496
135.48
112.793
99.1795
89.7635
105.95
109.364
75.9584
85.2633
120.814
179.421
131.725
105.215
148.998
120.704
196.317
173.476
372.277
231.009
200.008
198.384
212.282
231.321
143.416
233.171
245.018
235.689
182.848
229.491
209.221
246.675
98.964
152.296
130.114
184.179
113.322
130.949
131.759
140.207
93.2985
181.238
124.618
129.99
99.3218
151.297
102.996
129.558
156.637
141.566
204.658
197.158
165.6
147.333
186.357
192.223
147.573
200.565
200.541
135.822
159.572
184.105
137.228
191.988
259.097
181.807
473.292
532.223
270.701
307.792
360.776
390.665
131.033
164.721
349.425
235.449
134.76
156.765
218.636
210.568
914.882
1118.12
6498.84
3992.82
1045.97
1340.77
3332.38
3493.27
982.843
887.214
3913.55
4315.05
1160.63
1319.84
1718.08
1808.63
170.377
513.016
539.043
332.906
324.801
440.936
366.412
568.982
193.983
350.481
453.796
549.362
301.801
313.563
436.187
417.344
604.781
608.6
583.636
1947.06
761.674
677.712
895.992
733.514
655.15
2023.36
537.796
610.639
696.671
1089.35
613.675
908.381
170.505
70.9763
105.368
366.574
152.678
92.5739
191.919
103.062
58.9116
58.6967
92.5854
106.265
70.8126
61.4987
75.5412
81.163
96.0565
119.968
151.095
150.2
109.991
126.98
118.103
138.659
854.249
230.112
467.95
3045.67
840.775
325.56
1011.08
478.672
91.2945
105.453
268.423
130.401
93.8525
102.585
123.109
144.188
67.6384
103.422
95.6653
83.19
70.7748
80.3373
71.7659
83.396
117.15
352.563
137.585
209.505
188.176
179.851
178.113
168.295
88.8066
143.096
112.6
106.21
105.485
125.348
91.6523
114.519
144.181
216.734
113.542
207.812
173.674
171.713
172.346
169.726
258.474
239.336
187.383
252.179
260.53
227.971
226.667
208.588
94.0643
142.842
82.0064
158.168
131.46
128.604
119.546
117.48
276.291
333.744
243.979
379.904
339.17
327.99
361.88
312.792
229.485
147.497
244.729
292.173
207.341
177.471
256.779
221.334
224.579
238.753
175.011
151.348
204.824
202.668
179.617
181.43
138.29
249.724
298.635
208.267
170.163
224.886
218.921
240.786
137.688
205.689
238.798
161.772
147.821
208.767
158.001
214.58
81.0529
123.523
112.954
113.386
94.7721
105.183
98.1377
107.321
154.841
182.957
213.364
168.751
160.745
181.626
181.853
196.987
155.803
211.033
227.016
244.567
166.536
177.332
203.016
200.434
138.822
164.727
202.692
168.288
149.939
165.649
165.888
177.286
129.925
119.97
125.38
150.362
137.565
118.199
144.394
134.263
140.684
169.943
178.414
135.452
146.89
159.805
157.346
165.699
128.309
128.22
168.369
176.222
139.381
137.845
151.99
148.669
135.315
182.78
180.265
186.696
146.06
162.874
169.815
179.511
45.5115
47.8944
69.6401
115.934
58.3998
46.1347
77.2033
70.9644
51.7893
54.5786
40.0936
95.2329
65.3126
52.9454
80.0292
69.0595
70.8468
41.201
37.018
128.782
59.9126
42.3701
71.755
61.3469
185.537
180.142
190.914
323.354
200.548
181.728
230.369
214.103
55.4152
71.7824
102.045
118.156
70.82
74.8929
91.8892
93.3002
47.3335
104.066
40.6314
54.2613
69.6391
77.491
56.5896
53.0881
88.2607
127.05
137.694
126.263
114.003
119.55
91.3677
135.554
76.3313
118.627
125.247
59.3558
65.5884
84.9589
61.8596
92.3587
4471.09
3666.88
2769.64
5099.47
5197.26
3965.38
3105.1
2887.37
2090.73
975.221
1106.94
1436.11
1703.17
1510.55
1315.16
1019.05
2679.85
1477.46
2916.31
2091.92
2927.72
2754.05
2456.63
2490.13
3366.27
1691.85
1371.34
3075.2
2212.12
2032.44
1670.15
1340.2
2836.54
3010.32
4434.57
1733.75
2146.27
2970.24
2733.27
3642.16
2281.32
1621.76
1529.29
2850.35
1873.29
1554.73
1970.73
1579.02
2653.46
2688.19
1171.19
1737.96
2341.7
2233.03
2035.83
1896.6
2683.33
1659.52
912.489
1256.02
2593.8
2035.86
1375.38
971.02
3827.94
3671.54
3755.65
3240.04
4487.21
3961.07
4094.33
3939.24
2646.59
1309.75
2850.25
1805.66
2411
2456.49
2240.87
2321.67
5042.35
5259.54
4611.21
6304.4
6060.89
7259.65
5765.61
7038.84
3562.38
2197.44
5173.17
3990.62
3910.89
3794.37
3768.38
3591.18
3726.79
4294.99
3837.36
3003.59
3754.69
4130.42
3185.33
4407.29
3781.12
2940.07
4947.42
5095.82
3871.74
3493.05
4406.39
4198.2
4112.12
3500.39
2801.83
4957.99
4389.84
4466.85
5234.63
4425.64
5286.97
6480.79
2721.96
4227.63
5723.73
6445.61
3984.18
3825.4
222.284
304.911
384.389
223.173
238.718
267.135
295.655
311.521
336.362
307.541
387.107
363.922
350.07
338.707
400.197
383.469
646.938
545.065
4364.85
1050.13
736.903
628.228
986.013
1018.89
182.528
264.914
434.264
189.982
190.037
245.983
208.32
253.596
317.897
422.658
216.619
289.796
363.716
325.248
308.502
276.628
323.903
353.979
415.878
411.778
370.393
372.894
420.816
464.517
513.899
228.955
316.479
459.401
452.089
280.313
438.178
286.977
483.555
551.092
376.743
488.441
491.171
479.468
548.707
576.719
3437.73
1618.26
2888.69
2933.13
3331.59
2768.91
3552.31
3087.92
1015.55
884.012
1736.58
1421.59
1030.91
1148.65
1268.2
1271.21
2978.52
3506.94
3789.85
4554.85
3314.9
3775.91
3607.05
3779.75
2032.86
1610.27
3831.45
1385.24
1714.91
2519.5
1865.68
2545.16
1477.66
3109.76
2576.41
1380.54
1599.71
2756.98
1444.9
2729.86
1401.01
1680.77
1819.94
3080.24
1554.89
1574.18
1817.96
1806.5
3308.22
2830.11
1585.69
3319.17
3223.97
3046.76
3135.46
2777.86
3166.4
3394.26
1748.93
2116.46
3058.28
3152.73
1968.91
2473.58
2632.11
2708.7
3147.7
2565.33
2532.17
2655.62
2816.53
3091.33
3017.16
4007.3
4862.65
5322.29
3227.66
3798.41
4493.31
4636.62
2605.41
2199.5
1114.15
1659.79
2610.18
2434.82
1608.58
1460.95
2860.5
5176.8
2061.6
1520.33
3372.73
4812.88
2290.44
3038.71
2671.34
3318.12
2764.46
3728.62
3472.9
3249.06
3275.32
3134.24
2982.64
4865.96
4678.38
3608.8
3988.04
4310.84
3909.39
4163.1
3030.89
3372.62
4408.36
2073.15
3643.29
4058.28
3687.45
4282.22
2892.5
2004.07
4408.34
2516.84
2960.98
3440.18
2943.08
3352.92
212.678
311.261
187.247
427.395
260.499
290.568
260.329
286.247
427.036
566.811
475.838
694.04
476.191
507.148
450.714
497.647
171.903
294.024
152.591
284.616
200.98
225.934
209.614
218.833
745.742
921.572
543.898
1693.63
868.868
801.983
1040.91
943.058
353.718
225.147
473.442
555.592
336.616
292.593
504.318
446.643
388.112
550.762
390.679
270.643
368.108
381.312
336.056
353.152
237.816
512.419
625.125
393.031
354.952
517.014
396.739
508.485
256.415
387.632
595.245
316.526
250.923
354.128
288.781
382.366
82.6016
159.398
80.6222
119.869
102.685
116.368
100.682
111.76
263.568
402.095
286.956
279.932
288.819
371.818
263.92
335.928
97.4477
202.195
124.731
170.904
152.306
160.845
139.072
141.368
150.398
217.917
181.65
168.874
178.428
199.657
173.202
196.221
179.978
121.697
141.446
203.018
161.59
130.728
179.611
141.276
211.713
257.14
247.447
133.783
205.199
220.725
172.928
209.092
120.433
135.559
207.938
163.185
139.491
155.373
174.933
177.076
122.235
183.596
239.042
228.551
155.889
186.625
187.666
216.775
331.638
292.392
272.967
253.914
299.97
296.532
272.459
266.458
250.994
201.069
216.337
191.691
231.466
223.817
212.234
199.258
248.799
225.155
194.997
190.173
225.909
223.251
208.692
198.756
220.654
190.012
192.322
186.792
207.861
199.568
201.455
190.02
271.781
245.918
238.03
209.388
250.242
251.444
223.148
237.818
265.284
202.86
216.878
246.59
240.395
222.712
248.377
223.282
232.293
236.514
204.107
202.286
227.384
225.125
209.927
213.25
222.671
193.237
190.129
188.454
214.593
201.478
205.311
199.816
671.123
346.214
531.676
316.705
388.854
399.153
353.722
363.087
292.525
214.051
271.776
206.282
267.458
265.203
235.786
240.308
558.868
352.145
490.82
396.59
416.047
415.739
424.809
445.338
268.281
203.372
293.663
214.761
247.008
239.365
248.384
248.232
329.869
366.723
284.922
245.653
298.599
313.851
260.558
278.227
330.243
240.138
304.469
371.311
304.85
267.327
344.798
318.187
365.943
284.83
239.932
321.725
336.483
283.952
317.922
266.81
385.051
332.7
247.747
294.945
340.235
321.429
302.838
291.764
4704.58
3338.58
4389.64
2838.62
4025.66
3783.72
3670.89
3618.43
2916.44
2387.75
4357.66
1238.91
2779.69
2663.03
2542.34
2362.15
4805.87
5365.98
4512.87
1928.13
4982.55
5736.53
3222.54
3763.73
1774.51
1127.93
1286.89
1002.21
1461.48
1321.69
1173.14
1143.38
3166.81
4404.44
2312.78
1523.21
3397.55
3323.76
1708.69
2014.24
3062.74
1404.43
4766.71
4758.22
3218.59
2728.93
4959.86
4613.81
3245.75
2075.67
1542.61
1568.38
2070.06
1804.63
1811.85
1581.2
3684.72
1665.76
1481
3449.21
3121.38
1988.85
3416.52
1944.14
1701.09
2432.69
1139.21
2081.87
1786.58
1987.73
1815.19
1942.81
3351.34
5892
1888.99
3952.74
3509.87
4245.75
3540.77
3357.9
483.094
464.927
188.956
290.232
416.535
360.278
306.59
248.588
2586.09
3905.25
1102.72
4026.32
2765.61
2894.41
2905.69
1927.32
2434.69
1063.19
2213.04
2908.53
2505.5
2150.54
2665.33
2380.73
2764.89
2991.92
1366.12
1206.56
2751.24
2974.43
1629.68
1455.57
970.753
2337.68
3057.41
898.815
1051.26
2496.63
1008.92
2718.39
900.059
561.308
2118.89
752.976
881.512
831.967
1063.56
1213.59
3909.81
3291.2
2641.9
4029.94
3405.01
3315.28
3355.62
2906.57
1882.48
1248.49
1077.35
1262.56
1329.12
1237.21
1285.42
1136.66
2352.5
1189.8
2274.72
1785.26
2215.06
2040.6
2398.33
2050.99
2479.5
1164.6
1348.13
1078.06
1791.07
1685.58
1345.17
1149.32
1897.33
2577.14
3024.92
1495.31
1737.23
2541.61
2085.86
2847.64
1764.43
1409.18
1191.13
2449.06
1527.03
1290.61
1527.89
1258.36
2483.92
2391.39
1301.21
1675.79
2206.85
2097.84
1777.13
1675.7
2352.86
1508.93
1123.53
1256.25
2005.31
1661.78
1367.82
1235.77
4196.53
4428.41
4366.19
4563.05
4463.38
5527.52
4822.78
5621.31
3646.5
3451.31
4709.34
4485.54
3359.44
3696.59
4488.91
4319.72
2289.99
2389.58
1414.09
1455.79
2325.25
2230.85
1502.16
1566.42
3263.66
3571.61
1365.21
1319.84
3293.9
3744.36
1935.5
2093.63
3828.55
4776.82
4699.9
4329.11
5063.46
5419.06
4640.53
5443.02
4165
4944.29
4435.15
4879.74
4849.73
4716.76
5369.57
4790.12
2350.92
3841.13
4474.58
1620.54
2723.42
4695.49
2804.74
4405.2
2550.54
1728.89
4322.76
2763.55
2530.66
2678.62
2606.25
2922.17
832.346
518.403
518.46
422.136
590.446
544.566
531.519
517.008
347.785
313.868
283.105
289.197
295.698
297.611
289.599
289.803
337.447
279.725
222.469
221.776
287.341
267.701
267.281
246.702
352.66
294.479
224.62
262.902
311.005
287.278
297.73
269.395
375.91
414.672
384.756
301.145
360.738
379.877
343.984
341.974
353.681
283.148
278.742
387.022
345.661
286.158
371.675
279.912
373.759
369.24
290.643
260.282
296.504
325.832
265.642
282.275
362.405
242.201
273.427
275.241
283.803
255.976
277.89
261.267
4026.76
635.545
1553.7
1203.58
1972.41
1581.23
1779.31
1618.36
422.677
329.886
526.347
370.267
417.021
415.385
440.18
464.42
912.023
718.637
985.395
639.914
659.533
734.492
702.646
764.55
505.074
280.714
383.241
213.065
313.68
329.543
293.481
334.95
565.689
924.031
734.825
464.428
649.794
790.11
639.184
702.63
572.357
469.484
581.353
896.183
671.571
487.963
799.593
537.16
903.012
713.063
429.312
488.22
822.194
706.004
486.116
428.906
873.747
537.655
468.334
584.533
574.843
493.713
529.381
479.789
1153.69
934.423
836.723
657.382
1046.61
1097.73
838.383
838.254
719.156
610.886
807.519
484.322
642.15
739.367
589.18
676.74
737.172
864.601
908.161
570.485
669.984
956.809
610.514
812.591
417.58
356.668
358.566
238.999
384.573
385.726
287.324
316.287
818.859
722.018
590.359
528.253
697.072
669.999
578.21
615.262
826.661
552.029
912.384
785.752
688.931
584.342
726.866
648.061
601.63
482.539
415.884
399.318
508.495
478.328
465.357
417.25
690.338
486.823
472.613
775.841
604.263
617.361
589.74
565.623
48.7663
83.5227
47.8736
82.9279
63.9658
69.7356
69.3505
76.2417
111.468
168.557
183.132
145.837
129.517
152.548
140.151
188.899
53.7756
151.759
90.2931
122.133
90.133
134.58
99.4577
127.781
106.205
136.494
132.932
130.566
116.766
126.568
123.078
145.948
94.5605
64.8212
90.2923
118.685
91.1038
80.2581
106.934
90.4592
98.6052
133.192
164.316
78.0723
107.462
120.327
97.373
123.235
79.0648
95.4459
125.265
115.758
92.53
103.796
106.042
111.858
87.8022
141.807
152.733
178.915
96.5768
116.315
129.004
139.307
1664.43
2367.94
1375.72
1259.06
1741.69
1919.51
1255.12
1350.4
3425.13
4834.63
1901.24
1664.09
3885.39
4212.85
2417.76
2077.12
1031.83
1108.55
963.186
648.471
955.99
1050.52
785.077
820.315
507.296
540.556
388.024
216.669
408.372
549.091
299.723
348.351
2521.86
1334.24
1174.04
1418.74
1616.99
1415.05
1571.07
1397.69
2832.19
1669.69
1729.57
1570.01
1835.49
1967.64
1720.48
1784.37
885.661
659.246
916.108
481.176
786.761
761.825
718.657
725.041
984.491
576.019
905.041
1091.64
964.864
867.599
1103.79
967.586
125.117
193.756
158.807
161.031
143.696
143.804
140.224
150.398
300.721
390.904
309.334
364.414
343.205
366.249
385.047
404.135
180.323
232.457
183.508
195.045
208.118
192.068
198.207
206.833
185.87
272.651
193.343
201.852
204.805
228.011
200.342
226.863
216.755
177.226
178.196
257.191
223.222
163.229
240.367
187.62
231.129
290.843
230.325
171.012
230.892
249.911
210.606
237.638
173.172
172.768
270.759
198.864
190.344
189.026
212.467
193.052
182.732
228.762
298.681
260.792
197.461
232.282
255.497
270.767
1062.87
1080.28
964.851
760.006
910.899
1069.68
927.008
952.452
1579.97
2997.66
1695.51
690.648
1550.25
2696.82
1102.72
1771.68
977.056
1251.6
1077.68
860.963
910.729
1163.67
875.744
1036.87
529.901
504.451
670.776
389.739
464.287
579.93
457.619
614.211
1054.77
872.345
649.775
625.729
913.635
840.269
782.112
758.717
1494.53
780.394
1537.15
1110.24
1211.4
975.381
1153.74
1003.44
831.798
605.264
623.927
694.548
749.531
658.135
692.139
609.571
951.725
823.579
798.924
1237.41
886.937
858.079
928.297
884.453
4864.01
2208.61
1960.9
2113.01
2195.36
2216.94
1809.15
1500.67
2243.22
2235.99
1138
1038.72
2116.74
2198.66
1204.62
1217.5
2547.73
1096.39
3564.75
1990.18
1683.48
1548.03
2740.59
2677.14
1705.35
1024.57
1334.7
941.446
1189.69
1149.66
1244.04
1175.34
2068.14
1390.82
1236.31
1120.49
1159.83
1229.71
1154.65
1212.09
2172.08
1086.4
1144.31
1380.78
1154.14
1142.98
1192.44
1126.29
1896.43
1543.71
1160.03
1803.29
1734.27
1372.92
1217.83
1164.85
1640.63
1669.55
1165.4
1123.74
1279.09
1161.86
1114.98
1092.58
3651.29
4377.21
5027.02
3540.15
4311.68
4219.76
4122.15
4508.91
3636.25
2688.57
2891.96
1994.66
3401.2
3186.05
3104.07
2765.17
5641.68
3875.05
7137.56
3188.09
4511.98
4924.56
4702.9
5218.96
3290.14
2071.45
2357.8
1346
2963.31
2515.35
2592.89
2229.98
4246.93
4844.13
4611.85
3739.3
4152.48
4297.3
4031.57
4078.96
3472.32
2365.14
3221.15
4629.41
3577.93
2834.86
4040.73
3122.59
5162.29
4237.9
3390.81
3409.86
5004
4312.34
3443.56
3157.48
4852.06
2615.39
2057.48
3165.77
3730.13
2603.14
3213.4
2199.15
3099.09
2626.92
3028.98
2232.04
2696.66
2735.49
2388.86
2026.42
2575.81
2089.12
1587.34
871.004
2289.12
2319.68
1097.17
1054.14
3050.53
1219.19
3483.73
1504.78
2097.64
1978.23
1862.17
1656.63
1102.41
737.811
974.705
821.372
909.1
850.283
926.07
846.084
2396.87
2242.54
1554.38
1123.29
1492.34
1701.36
1297.33
1529.29
2486.65
1056.82
1616.27
2264.96
1443.5
1217.99
1941.29
1598.67
1816.33
1171.7
763.468
984.437
1408.43
1006.03
950.197
827.6
1569.87
890.357
708.765
903.55
1214.53
913.078
982.592
821.186
4385.86
2807.17
5631.59
3027.6
3897.9
3620.15
4185.88
4003.97
2181.12
1862.19
2841.31
2399.51
2091.42
2091.88
2667.01
2567.27
4306.45
3366.11
2809.63
2335.87
3860.79
3622.09
3144.96
3086.66
1921.03
2014.96
1578.24
1039.07
1922.48
2193.75
1566.72
1764.64
2597.59
4743.01
2713.76
2426.24
3037.52
3458.51
2531.79
2680.99
2501.9
2665.77
3081.36
4345.04
2856.41
2678.46
3716.34
3265.91
3657.64
2791.55
2843.81
2386.29
3711.33
2802.92
3315.07
2629.24
3563.03
2483.04
2853.45
2972.42
3272.72
3164.81
3076.58
3050.34
4796.06
2788.59
3058.76
2913.71
2926.86
2947.03
2610.18
2200.92
2944.66
2575.28
1467.64
1075.85
3227.51
3337.83
1223.64
1181.35
3281.46
1733
3902.91
2128.91
2613.52
2532.89
2595.81
2545.85
1835.06
984.219
1382.91
1072.47
1258.53
1150.11
1285.54
1189.59
2945.92
2432.64
1644.62
1336.49
1607.91
1834.53
1451.74
1619.46
3069.84
1247.7
1626.17
2493.51
1582.52
1311.32
2049.82
1626.22
2269.16
1657.05
1204.46
1828.11
1823.86
1429.1
1259.9
1205.42
1951.31
1669.63
1169.53
1271.39
1568.89
1244.43
1267.39
1132.13
8281.56
6601.79
3631.84
4220.14
7101.51
6289.54
4175.45
4417.61
4927.05
3310.86
3401.71
3650.61
4150.03
3860.74
3902.47
3731.92
2753.04
2734.63
2492.76
2506.15
2672.74
2557.72
2429.76
2436.41
2664.9
3552.42
2325.17
1595.81
2577.58
2627.77
2119.64
2252.6
5601.58
3587.05
3886.57
4500.22
4390.12
3883.18
5058.53
3753.12
5074.9
4193.95
3319.35
3323.85
4239.89
3866.78
3625.15
3561.11
2727.96
2797.71
3592.32
2219.88
2710.58
2936.05
2661.25
2721.26
2845.79
2290.03
3638.2
2935.57
2657.76
2661.37
2987.84
3191.24
120.044
216.805
141.589
172.246
151.865
166.594
154.547
178.763
344.383
1086.28
358.554
382.589
388.41
462.264
375.02
455.449
163.51
262.92
176.436
227.122
201.398
197.098
190.535
207.279
216.941
282.3
268.844
266.5
248.443
256.579
265.422
279.753
251.572
175.062
198.565
267.975
243.733
187.511
250.751
193.084
282.811
342.042
299.663
189.469
309.043
303.292
262.187
278.149
178.015
204.625
268.651
239.915
214.644
214.332
246.417
236.283
202.104
252.842
320.698
315.892
212.428
244.567
252.064
282.169
3434.37
1493.48
2582.27
1952.6
2198.23
1674.65
2395.6
1821.89
1291.51
2655.31
2523.4
1409.25
1217.78
2544.93
1225.71
2569.37
2160.89
2389.78
7201.6
3444.71
1996.66
2381.46
2866.5
2438.8
1424.6
1175.57
2144.42
1365.33
1369.98
1258.94
1506.48
1380.63
1157.45
1714.29
1479.11
1011.58
1161.87
1344.74
1108.86
1171.99
1314.08
1428.24
2407.7
1514.37
1287.43
1234.63
1384.48
1302.01
2015.5
1603.25
1033.31
1877.63
1825.73
1278.7
1463.65
1126.59
1574.82
1618.61
1529.64
2333
1475.97
1562.43
1357.55
1521.32
3224.85
4979.27
3775.35
3724.53
3994.3
4455.03
3584.77
4031.21
6227.28
9809.47
4110.77
4298.74
6596.82
8292.09
4792.37
4973.12
2837.7
2784.68
2368.77
2164.42
2751.71
2654.36
2456.98
2396.08
3383.64
2939.26
2103.34
1704.96
3142.63
2838.99
2456.02
2275.74
5713.16
3997.26
4588.36
4673.2
4851.9
4458.66
5289.75
4806.82
5558.33
4029.31
3765.46
3609.53
4396.73
4253.39
3923.31
3870.52
3434.55
3810.8
3499.81
2563
3404.89
3794.86
3049.79
3196.43
3049.93
2175.24
3055.48
2907.19
2861.25
2644.26
3112
2746.4
2048.61
1179.61
512.806
1179.08
1210.1
959.5
1024.48
855.52
1231.37
1448.38
996.107
1577.61
1259.71
1257.06
1229.6
1241.59
340.149
457.658
284.76
326.904
362.38
352.959
322.22
329.31
1745.14
2052.78
988.17
3001.59
2137.94
2017.48
2356.75
2120.98
1133.1
597.126
1363.28
1577.35
1096.63
941.092
1364.91
1191.97
991.204
1465.34
831.674
546.973
928.795
1091.57
715.699
825.218
579.782
1462.9
1657.32
783.772
687.872
1164.1
798.952
1447.12
534.91
727.297
1538.91
769
601.232
732.734
753.013
885.659
870.017
940.878
871.55
508.627
819.692
1055.52
697.665
869.679
806.045
630.286
715.689
505.843
671.953
738.393
614.146
633.256
779.251
796.185
1161.43
764.572
706.347
903.536
769.306
896.553
374.914
382.06
431.321
255.253
339.752
410.157
295.081
351.056
855.866
728.826
456.859
479.761
718.812
680.375
573.239
587.102
935.873
569.022
801.047
829.434
788.77
610.132
789.328
640.102
641.56
430.635
446.23
486.051
536.16
495.756
492.826
440.849
723.887
611.658
510.083
722.992
627.866
646.62
602.542
593.453
104.693
65.4903
200.388
139.372
124.566
116.148
158.641
155.852
45.5585
51.8728
89.8024
70.7034
58.3111
68.7299
63.4896
71.4443
235.304
141.743
236.894
249.049
211.852
181.207
243.232
209.934
141.609
104.881
199.259
167.025
148.949
122.009
163.005
143.676
78.8999
183.762
137.641
90.9173
88.7523
117.743
81.7769
108.907
74.0667
77.1425
109.936
153.392
86.9191
72.9445
110.941
95.336
219.721
158.533
98.6704
195.946
204.461
135.724
171.442
122.322
189.515
165.271
87.3038
119.061
148.83
136.623
105.949
112.321
99.272
177.965
116.398
139.859
121.858
138.156
121.431
145.855
276.174
409.762
272.397
311.018
295.497
357.23
287.895
352.4
135.944
210.346
149.874
188.383
175.965
172.091
164.87
183.808
167.329
246.5
216.573
200.406
196.639
224.9
208.403
238.343
200.47
150.53
159.581
229.622
198.752
159.252
211.44
168.093
227.187
278.616
245.158
174.8
243.597
245.472
217.128
228.809
148.117
157.021
229.687
198.261
167.344
179.629
205.779
201.012
180.132
216.432
280.718
252.484
189.414
223.363
214.368
250.246
677.683
440.27
336.933
343.053
435.67
413.417
391.783
348.259
355.798
336.704
294.214
268.767
305.939
305.983
292.243
302.364
282.678
274.84
226.109
217.901
264.011
261.043
254.152
242.361
284.829
248.486
212.968
221.766
263.511
238.884
246.553
221.772
322.582
305.981
324.959
266.021
296.659
298.394
288.106
283.606
324.1
262.154
285.519
298.25
296.31
274.939
311.557
286.907
300.141
306.181
254.819
239.039
261.028
271.392
242.933
246.711
280.253
228.171
259.316
275.483
255.202
237.422
272.151
252.215
48.2827
55.5783
27.5847
89.364
68.3353
37.3403
58.4731
36.1931
71.3052
78.0127
42.0061
130.501
102.544
64.6234
97.5136
78.3569
28.8635
36.0715
34.907
63.1647
41.5982
35.7826
54.6922
53.52
115.14
138.085
85.0134
130.28
132.443
97.6882
117.596
101.206
83.0686
34.738
103.125
125.261
69.19
45.9565
102.386
66.6904
48.9757
92.428
41.9487
31.7559
50.927
69.7221
32.3955
53.3704
43.6046
85.7969
112.416
77.6816
52.5681
65.7421
66.1909
78.8717
38.1848
73.2745
95.1536
58.5389
51.1896
60.342
65.391
75.9496
2234.12
1630.56
1811.51
2714.75
2329.27
2021.9
2464.92
2026.02
1644.15
1927.28
1734.58
2187.11
2036.32
2043.48
2141.89
2130.94
1735.7
1722.79
1875.95
2117.82
1866.52
1910.67
2055.67
2035.23
2964.58
2471.84
2281.8
2348.27
2684.97
2354.56
2244.98
2225.11
1911.72
1814.31
2775.73
2237.24
2102.15
2040.18
2100.28
2217.59
1889.45
2177.85
1962.39
1694.37
1944.05
2027.35
1840.83
1954.45
1809.08
2677.48
2291.62
2181.22
1938.84
2136.45
2012.56
2189.86
1782.71
2240.42
2267.85
1959.27
1970.67
2107.71
2097.69
2132.4
757.223
620.438
601.699
568.199
641.533
647.09
636.878
604.945
829.151
1093.5
1003.33
842.029
881.956
1081.8
886.426
1022.46
718.795
967.804
972.325
792.992
769.336
867.301
788.76
874.813
472.147
576.647
630.341
407.027
457.334
532.545
454.495
500.859
631.787
597.352
520.22
596.168
622.662
572.206
580.978
572.021
743.606
742.668
959.576
664.507
725.415
753.533
781.42
842.056
608.63
521.271
602.198
641.118
604.366
552.031
621.973
548.682
684.7
732.102
679.313
922.091
744.896
753.908
853.951
812.021
85.4618
75.4961
38.7348
152.695
126.697
60.3648
118.377
64.4036
57.0027
50.6327
27.631
117.341
83.4344
42.0042
90.5702
53.2649
33.8037
30.7891
43.6939
96.4339
45.5792
30.249
76.0851
51.2383
189.442
173.185
117.262
291.742
247.753
137.504
182.998
162.537
101.317
47.8131
190.575
149.929
85.5079
62.1546
123.44
97.1484
43.9362
79.802
27.1639
31.8054
50.5667
54.5608
30.3352
39.1532
71.0266
147.661
136.456
99.4147
78.0237
101.485
84.9017
103.797
41.9972
97.1326
93.671
39.1736
44.6951
48.088
52.9756
57.4982
1724.67
877.91
1332.64
967.305
1169.41
1193.94
1139.99
1181.8
705.929
761.776
549.302
417.678
562.94
611.553
456.09
505.637
1071.47
714.879
1413.23
679.506
851.123
926.237
914.706
994.428
407.187
300.372
431.681
243.259
272.742
297.801
293.739
311.637
623.898
739.723
511.522
348.134
576.49
615.939
516.76
539.021
663.445
369.336
521.545
763.157
592.777
395.485
623.473
467.925
654.997
455.662
326.009
517.465
569.606
497.673
460.258
333.276
726.279
537.496
335.905
517.816
549.815
502.344
482.513
406.167
45.3866
27.2346
27.7098
70.2513
48.9761
28.771
47.2459
31.9902
30.9821
47.8135
41.3055
79.5992
59.275
48.1798
68.1826
62.6174
27.5724
37.3658
39.8182
50.6331
35.7156
30.4483
42.2457
42.5173
81.7601
102.151
65.6237
106.635
92.2017
65.5711
85.328
77.6987
43.5732
30.9252
76.6217
89.5327
55.0312
38.4675
68.4109
50.0771
34.6038
69.7823
33.0423
27.4816
43.4297
59.3872
30.1807
40.9551
32.9747
59.75
84.0505
50.286
33.9927
42.731
41.7671
51.0062
33.9544
52.5666
69.2789
42.9831
40.4174
42.5612
43.1937
49.6353
70.6302
98.4377
64.7501
104.022
88.3293
77.8912
84.9555
86.8431
119.167
140.153
123.265
139.013
129.997
124.741
121.692
142.635
59.3784
97.2285
65.499
91.7687
75.6827
77.4479
72.922
84.2169
127.721
146.835
121.453
152.753
146.239
139.67
142.719
140.946
109.525
85.7836
116.576
139.082
106.724
92.9872
124.281
103.464
104.158
129.782
101.823
79.8336
111.078
111.307
93.1098
97.9121
87.0932
109.677
134.438
101.247
97.3258
108.426
110.212
115.704
84.027
111.454
139.763
111.996
85.8759
107.132
93.1047
119.301
31.1009
28.518
26.7459
55.5509
37.5025
27.7434
44.5251
30.4854
30.5627
49.7154
54.1116
79.1582
44.3656
48.1222
56.7806
66.285
31.652
48.8202
48.0613
80.0335
43.6575
43.0091
60.7641
60.0532
78.2242
101.986
109.043
122.764
95.8145
104.733
116.506
125.087
35.0285
33.492
61.5593
71.9646
40.7555
38.1427
57.2154
51.3682
31.16
76.4454
47.6223
30.1999
35.8514
50.2295
31.5124
40.4489
41.5064
71.188
86.1653
86.1237
57.535
57.3112
71.0291
76.5813
35.0622
86.3312
94.632
67.6961
50.6788
70.6461
52.2206
76.6839
861.585
643.66
506.707
587.941
755.086
647.68
676.255
509.058
462.208
288.373
314.463
329.11
397.773
314.241
336.076
292.61
401.954
365.601
428.126
362.199
382.07
400.763
397.443
389.123
353.676
258.608
268.928
213.222
309.578
279.074
240.276
257.485
546.598
450.291
495.892
420.939
475.737
460.173
468.57
444.966
479.064
358.121
345.446
403.16
387.308
350.246
392.422
352.403
394.803
401.564
299.999
299.903
350.891
332.789
324.547
294.275
373.258
337.506
311.804
338.296
358.418
362.233
348.948
334.77
3664.52
1521.14
1485.08
2211.01
2363.46
1675.06
2127.71
1521.05
1041.09
898.683
926.951
1064.23
1034.45
1115.77
1066.62
1093.33
1438.43
995.38
1747.25
1400.07
1391.24
1493.83
1413.79
1589.74
1884.75
1088.25
1214.41
1222.76
1520.84
1253.68
1499.57
1134.49
1178.19
1338.41
1907.77
1055.33
1142.15
1300.2
1136.27
1373.52
1075.95
1103.29
1133.03
1225.99
1063.56
1075.37
1100.67
1158.32
1372.99
1909.44
1085.33
1254.03
1345.15
1333.6
1258.17
1203.47
1258.63
1290.95
1103.4
1075.21
1270.9
1331.36
1216.55
1171.85
126.135
172.242
116.51
176.145
146.007
149.795
146.867
156.59
235.755
360.533
285.547
302.312
277.548
336.835
291.67
343.694
94.2512
166.605
87.2858
132.283
123.991
124.849
121.798
131.096
211.21
236.873
165.081
202.51
226.282
216.066
202.233
187.156
198.268
147.418
191.206
250.088
191.924
164.895
223.349
193.754
212.634
267.821
235.59
144.158
207.389
225.517
179.344
216.105
143.18
192.684
221.155
159.091
163.718
196.006
174.293
194.588
144.687
157.273
226.151
217.3
146.898
159.8
196.515
204.079
397.229
382.915
409.904
327.724
370.37
367.959
347.743
356.769
588.375
870.707
563.838
586.086
623.637
751.88
608.189
706.553
432.812
433.667
457.948
373.58
422.363
442.253
399.355
424.641
280.069
347.932
283.565
233.365
267.056
282.202
243.693
261.626
375.498
380.4
313.204
375.88
361.592
323.734
361.5
310.934
441.996
443.012
455.566
395.625
431.586
471.871
427.803
442.145
359.101
290.084
358.433
302.672
338.66
305.007
325.288
306.494
383.421
324.361
414.879
423.963
354.268
343.999
402.7
381.617
5034.55
4222.44
4748.99
7645.34
5649.69
5523.2
5495.84
5567.03
2438.54
1556.03
5102.77
2846.38
2079.09
2248.64
3523.38
3550.1
4118.34
6238.01
5104.16
8868.05
4609.61
4643.09
4426.23
6035.98
3945.73
5410.99
7974.17
8516.88
4618.05
5237.26
6535.51
6812.54
3687.97
5031.35
6182.67
3368.72
4203.96
5432.73
3993.87
6002.9
3661.63
3852.69
4373.64
4840.61
3993.64
3953.49
4159.7
4228.13
4512.63
5763.8
5259.93
6785.81
5080.47
5663.32
5165.04
5389.69
4833.51
8288.31
5576.34
6808.41
4779.94
5468.74
5513.75
7885.95
4886.9
6489.51
4711.73
11936.7
7501.48
5637.21
7330.94
5984.3
5866.73
1773.27
4289
3854.08
5173.13
4127.64
6333.94
4935.46
3548.44
4080.88
3183.57
5770.35
3966.57
3403.9
4014.81
3503.99
10606.6
6663.52
8960.26
9322.89
9110.42
9817.55
9641.74
10134.4
8257.5
5289.07
11933.1
8681.88
7655.99
6201.07
10832.5
10028.1
5664.68
8013.24
4541.07
4096.47
5933.41
5788.31
4692.11
5270.4
5087.35
11600.5
9224.52
7790.89
8286.51
9899.49
8055.88
8767.98
4276.89
7062.3
8913.5
4715.27
4476.68
7449.81
5848.89
7600
66.9089
102.513
69.5424
102.59
94.4852
91.2157
85.8117
94.3687
123.495
147.867
130.867
141.344
137.182
134.492
134.25
142.701
66.2722
102.873
68.7419
100.362
86.7088
84.1953
85.7861
92.1017
127.655
144.012
124.212
156.953
144.859
141.57
143.041
144.173
119.963
94.7997
117.777
138.508
112.44
99.757
128.89
117.827
112.409
135.76
110.689
93.1307
114.966
122.497
105.619
119.68
87.9321
111.288
135.099
110.431
102.65
120.32
109.782
121.038
91.9876
119.025
136.41
116.45
94.8338
103.705
108.05
121.371
3640.18
4011.57
2804.31
2996.27
3153.54
3053.31
3051.13
2877.71
2163.43
726.402
918.605
999.812
1305.15
897.886
1348.02
792.592
2572.55
1472.34
2776.43
637.964
2424.08
2395.84
2290.83
2082.05
1663.3
1132.07
789.756
1064.29
1173.96
1067.31
1085.29
880.769
2563.27
2682.28
1648.12
1121.18
2411.17
2536.95
1750.07
1308.48
2215.14
938.537
1308.51
2631.04
1996.37
1519.38
2075.02
1521.73
2605.77
1527.33
1050.12
784.723
1239.39
1171.38
818.917
883.695
2502.6
670.909
779.536
1175.27
2044.18
769.534
1466.76
731.961
3596.25
2488.96
4785.48
4178.48
3478.2
2728.37
4002.15
3921.08
2148.89
2206.16
2136.07
2794.95
2139.46
1975.41
2702.1
2677.03
2722.56
1894.63
847.846
1219.53
2775.48
1886.77
1599.5
1384.45
2072.51
2213.29
1279.79
1240.6
2227.69
2235.75
1415.14
1376.75
2455.94
4454.37
4045.71
3170.69
3493.37
3803.71
3421.79
3642.51
2095.38
2929.22
1987.04
3016.27
2963.88
2781.34
2517.06
2511.24
3640.87
2146.07
2362.3
1429.46
2523.89
2387.82
2699.5
2378.84
3221.01
1407.79
2573.81
2723.68
3011.37
2907.33
3043.19
2931.66
3725.68
2621.48
2782.32
1691.33
3225.08
3292.63
2673.44
2870.4
1413.26
839.517
2926.03
1309.45
1130.41
1266.04
1839.18
1825.9
2770.22
4695.5
4564.03
4631.25
3275.05
3512.37
3744.72
4978.46
1299.47
1612.35
2593.25
1116.99
1324.52
1653
1889.41
2084.48
2052.94
2801.21
1589.85
1122.64
2084.1
2539.27
1212.78
1701.28
2102.69
1349.59
2788.44
2861.7
2188.04
2130.93
2427.93
2513.91
2656.02
1698.92
1853.77
2611.12
2056.19
1828.68
2004.52
1869.93
2776.4
3253.08
1893.01
4099.46
2759.95
2285.33
3496.81
2847.18
4650.93
5361.31
4744.21
7229.18
6453.63
5260.25
6598.89
5893.22
4248.35
961.844
2546.27
1889.54
2948.21
2288.43
3220.64
2667.18
3507.34
3959.51
3193.05
4011.35
3836.99
3328.14
3791.65
3564.04
3577.62
2074.21
3272.51
1580.69
2889.89
2934.41
3110.34
3166.81
5705.43
4900.71
5438.07
2875.09
5473.16
5219
3873.01
4722.61
4179.28
3044.35
3646.04
3765.73
4413.14
3936.39
3622.91
4021.51
4639.3
5902.59
3111.14
4350.09
4948.25
5022.64
4382.78
4047.39
4206.98
4426.17
3267.98
3977.71
4145.79
4808.76
4800.79
3974.83
7648.25
7433.33
5586.39
5875.36
8795.47
10038.3
6575.31
6835.07
7050.37
8794.57
4577.34
6562.88
7616.79
8142.62
6408.09
6363.96
6255.8
3444
2736.02
4533.84
6947.56
6897.13
7023.98
5461.43
3363.6
3097.57
3032.12
1320.42
2855.17
3354.29
2244.27
2755.24
7834.4
6021.31
5600.79
5668.3
5681.54
5938.32
5728.64
6662.25
8615.41
6791.47
6844.88
6334.52
6221.74
6383.26
6839.85
7843.18
6220.58
4324.86
5416.56
4376.11
5073.46
4782.78
4903.39
3713.15
7108.78
4839.63
6678.17
6300.68
5846.32
6113.29
8946.36
6934.08
1092.79
812.13
589.974
619.896
921.389
868.606
708.556
637.046
762.396
944.663
590.252
609.366
684.875
777.345
673.695
650.939
386.843
370.356
326.414
300.056
359.547
350.205
322.091
322.178
382.136
382.18
293.622
240.597
310.511
344.442
259.279
286.092
659.916
518.602
517.893
442.645
574.817
556.639
517.54
547.202
728.525
509.601
463.502
486.207
580.841
532.167
534.474
486.828
417.612
418.045
417.996
312.835
389.23
402.462
355.465
367.192
400.356
306.242
422.99
386.584
367.024
355.143
409.011
406.159
39.7387
46.7054
41.5975
100.342
56.8102
42.3915
66.1144
49.4037
61.0926
128.416
137.852
226.33
98.7715
112.841
136.935
158.648
54.9394
113.644
94.675
189.084
84.4811
84.7298
119.736
138.097
175.527
307.83
303.664
1208.18
218.481
283.749
290.121
352.947
67.9341
64.8239
116.712
133.518
86.4305
73.5601
102.747
107.631
61.1849
189.483
97.6854
60.0406
80.9492
114.591
65.9684
95.979
86.2043
139.592
184.04
190.311
117.59
128.002
154.607
174.375
78.5357
224.517
235.408
153.42
116.211
169.44
129.686
238.994
357.773
333.398
298.018
265.513
321.711
326.87
302.154
301.37
357.954
617.84
418.732
326.326
343.786
464.838
318.837
445.087
258.147
315.284
230.294
220.053
245.698
262.017
238.26
264.167
232.267
248.556
203.013
193.182
226.812
238.861
213.242
227.648
288.019
271.785
266.058
277.782
271.192
268.219
266.342
251.945
313.006
296.016
336.544
281.645
289.477
287.597
290.055
273.91
261.964
249.693
259.53
218.646
230.613
242.296
226.028
237.979
263.02
246.682
297.453
336.192
251.65
245.429
266.615
272.448
50.4431
49.2584
33.2446
84.5135
64.4371
42.6961
62.1649
46.8246
53.3505
44.9434
30.6802
70.9563
64.6593
42.4334
47.6076
38.9347
29.3282
28.7161
32.0859
63.0058
34.4837
30.0746
54.0408
41.3073
111.66
92.8341
89.9129
131.14
107.925
86.9589
112.229
97.5494
69.9846
37.678
89.2374
84.1499
51.5008
50.0613
82.6731
69.6648
45.5416
62.764
31.3898
31.395
40.4797
44.7152
32.2111
36.5377
50.7712
87.2743
69.9484
84.6738
61.2374
73.6414
55.7744
65.9314
40.1796
71.6802
60.2212
33.8596
40.9305
52.5899
38.9059
54.8009
5133.27
4037.06
4463.96
7640.83
5604.73
5391.9
5489.12
5357.3
2135.48
5101.15
5400.38
7968.34
2039.69
2286.99
3976.61
3925.3
3599.66
6477.63
4976.29
10945.3
3955.78
4061.33
4811.68
6151.44
4041.97
10299.3
8968.41
10969.4
4966.85
5792.45
6469.71
7046.51
3395.8
4727.49
6093.89
3325.72
4082.76
5278.33
3852.71
5891.82
3317.85
3872.82
4183.89
4522.87
3832.26
3773.28
3920.29
3866.91
4085.62
5816.6
5620.03
7780.71
5430.2
6073.52
5487.49
5750.7
4124.92
9736.95
5891.74
7532.36
4212.84
5759.27
6322.51
8711.09
4755.46
6932.09
4700.58
13270.9
7631.85
5682.08
7697.85
6006.68
6513.06
5458.08
4414.39
8044.67
5587.98
5064.72
5672.57
5178.55
3748.23
3817.88
3412.39
5974.49
4143.44
3778.73
4108.81
4115.49
12410
11099.3
9064.28
11939.5
9962.29
10034.7
10190.7
9725.84
9358.8
5770.51
14468.1
9486.19
8951.05
6817.81
12433.7
11540.4
6498.05
8542.2
4307.26
4394.6
6901.36
6036.2
5552.69
5710.2
5621.76
14042.5
9335.49
8149.19
9581.39
11179.4
8806.32
9247.83
4580.34
7090.05
8529.55
4661.97
4665.34
7118.38
5619.62
7595.59
45.6395
38.4952
35.6743
101.919
78.428
47.2056
90.8753
59.4135
42.0965
56.2574
50.7175
113.804
79.3853
54.2201
90.5708
89.254
35.135
55.7831
83.3586
122.666
61.2886
45.268
109.691
107.426
131.728
159.013
157.371
237.628
170.587
129.611
182.363
168.635
73.3398
49.8049
131.197
113.261
78.5565
69.2051
91.3629
90.1862
49.2943
86.067
45.0054
36.9321
59.9161
78.5052
34.9987
69.2925
74.459
121.079
130.072
135.131
78.4919
103.9
98.0378
115.157
52.1511
130.392
127.32
78.0536
80.6998
87.9907
78.4616
116.407
77.3706
29.164
49.4245
164.163
81.7772
32.0612
87.5993
41.2572
25.7354
32.6019
45.8624
123.167
36.9176
30.5767
48.8869
45.6669
38.184
56.3431
51.6275
146.613
62.1352
49.7729
79.0064
83.2623
269.431
225.059
253.699
497.629
308.057
204.701
332.675
267.746
34.4198
63.2391
173.276
89.8143
37.3609
44.587
53.2375
60.4851
26.0935
89.3058
40.5384
30.0569
31.1737
46.5723
28.8096
41.4517
69.1699
177.996
106.95
162.741
103.963
66.9469
139.452
100.029
34.5901
171.602
130.083
72.6668
58.7887
126.875
58.786
147.453
1163.01
1406.38
1204.51
1492.45
1250.73
1203.07
1288.62
1290.56
1476.18
1452.47
1295.88
1900.84
1611.14
1447.36
1663.37
1525.58
1014.28
1049.59
954.191
1093.89
1043.65
949.952
1038.32
976.723
2100.19
2404.34
1500.05
2852.02
2570.43
2029.98
2496.87
2041.11
1556.65
1294.85
1749.08
2049.97
1603.61
1434.1
1768.59
1547.86
1362.68
1716.05
1167.01
1090
1428.06
1542.81
1244.62
1310.35
1306.61
1790.17
2056.27
1365.29
1372.97
1648.05
1433.51
1795.05
1105.46
1185.25
1797.29
1185.71
1128.23
1185.59
1331.61
1444.57
706.686
523.984
583.02
476.705
551.022
524.623
518.414
500.569
697.667
929.684
921.598
559.668
694.834
825.784
634.094
775.958
776.941
853.474
1200.86
809.2
813.519
940.008
866.157
879.972
360.065
404.633
478.153
278.955
324.791
367.133
304.683
335.456
510.975
608.926
401.248
455.457
513.802
471.413
494.332
450.186
593.783
523.094
769.514
627.137
574.129
570.292
670.211
721.754
609.509
394.629
440.464
527.071
546.06
425.911
539.376
409.239
622.409
553.189
488.627
708.914
617.862
598.709
668.486
598.382
3575.62
2608.93
3285.56
3273.37
3211.41
2895.4
3677.27
3128.49
1933.84
1546.74
1885.04
1972.3
1752.87
1643.39
1866.47
1716.02
2614.68
2163.8
1425.77
2024.02
2427.86
2261.24
2439.98
2170.25
3568.35
2793.2
2504.08
4029.5
3298.54
3032.85
3583.02
3224.7
2272.63
2951.79
3030.98
2307.52
2445.55
2667.93
2511.02
2760.03
2088
2122.84
2006.57
2638.86
2200.39
1996.42
2404.83
2149.12
3250.58
3398.5
2503.36
2857
2997.85
2964.27
2724.79
2673.76
2722.24
2671.23
2285.28
2094.69
2394.02
2573.1
2257.31
2415.46
3300.06
1234.96
626.798
1889.71
1959.54
1125.04
1753.57
804.514
934.548
811.377
413.531
1193.45
716.583
548.897
725.193
506.283
299.471
372.933
268.593
687.254
339.832
283.421
527.408
353.741
1148.8
1558.04
1569.5
3221.84
1182.54
946.083
2537.61
1641.51
926.833
617.688
1206.16
707.16
662.288
670.896
707.387
694.894
759.272
679.605
338.306
532.22
612.236
525.082
603.362
459.339
709.779
997.047
929.163
1054.55
783.486
772.612
591.451
664.45
442.724
733.609
649.073
456.234
378.154
430.981
466.32
542.903
543.555
732.403
777.178
740.566
662.507
723.901
659.373
754.048
982.949
2132.49
1117.21
1302.59
1093.07
1175.61
1031.42
1274.55
893.021
998.728
1123.86
972.494
932.81
909.838
961.618
1059.84
786.064
1113.06
861.754
854.72
847.803
900.203
804.961
914.761
844.423
834.344
761.788
828.039
837.486
776.379
826.967
785.503
871.651
937.286
877.928
810.11
909.933
921.414
848.52
934.41
820.27
743.949
876.432
797.615
837.81
887.525
873.436
877.354
856.665
900.111
945.211
1199.18
889.059
911.596
933.116
1071.8
41.977
32.6299
34.5373
78.5368
47.9083
33.2426
56.2328
41.7702
30.9456
50.9684
70.2627
108.645
53.0284
49.1549
76.5461
84.1112
47.6703
75.6862
97.5415
188.397
92.7032
71.5523
145.042
127.768
102.965
149.342
218.438
194.471
134.327
139.434
163.489
188.367
43.2182
54.0372
74.6145
94.4563
48.4391
53.2443
65.5964
60.4184
32.2174
103.622
63.5084
40.1075
41.7453
72.796
39.5727
64.431
77.4995
83.5297
120.441
176.187
99.0981
71.476
134.604
110.005
60.2157
183.856
143.499
108.39
98.5057
132.463
102.621
148.679
2576.79
2869.08
2038.7
2399.67
2655.83
2558.74
2213.82
2143.56
2430.75
1237.9
3843.7
1837.84
1666.02
1741.97
2198.2
2395.81
1766.3
5198.94
5610.53
6236.54
2503.07
2989.95
4126.76
4392.66
2581.71
2348.78
5737.92
1794.04
2217.09
2551.06
2368.47
3236.72
2759.87
2252.51
3007.45
2116.54
2730.23
2500.16
3211.29
2760.35
2480.57
2532.27
2655.41
2136.96
2409.87
2303.54
2268.54
2248.46
1979.83
2443.28
2848.31
3923.04
2112.74
2307.21
2396.69
2439.78
1896.21
4540.71
3499.17
3450.46
2466.2
2717.84
3192.97
5930.6
425.517
366.156
404.211
327.48
361.549
372.919
340.757
362.191
411.464
633.069
521.729
424.261
491.427
527.545
460.908
524.203
415.887
426.552
378.363
302.622
362.445
390.804
339.516
365.821
293.978
311.456
265.243
228.598
276.838
278.244
245.907
260.366
343.522
366.25
312.956
351.838
327.729
324.127
325.533
320.586
357.628
365.084
443.024
381.529
345.524
377.236
364.156
396.873
355.04
314.843
325.595
286.5
339.412
325.528
303.613
291.065
381.901
304.93
353.917
413.064
337.004
316.784
380.127
357.352
127.975
73.3079
44.1108
163.698
153.685
71.2278
153.177
94.6434
57.7087
41.553
37.1789
113.965
88.3486
46.0038
94.6371
70.5268
34.0162
35.3998
32.8284
66.2039
58.1848
39.9592
63.2104
56.7099
152.143
139.873
93.9074
227.825
146.327
119.839
167.667
116.665
102.568
65.4263
143.855
115.218
101.132
96.9093
113.188
104.491
54.0134
99.2329
42.7419
43.6379
83.8968
88.4339
39.6222
66.7076
72.0707
141.5
115.489
87.1242
78.3743
103.5
83.8422
104.277
63.8442
76.0634
97.1221
63.7245
70.2727
73.9292
73.577
77.6528
45.6797
38.406
29.1612
101.163
60.1064
36.5409
69.4746
50.8871
46.9683
135.548
204.091
421.894
134.935
96.4154
214.84
225.854
43.3642
202.956
192.957
456.383
140.372
122.358
232.682
235.099
369.609
912.472
1005.54
1614.41
850.935
826.093
1056.12
1134.77
65.3859
57.3262
130.057
370.494
81.4556
81.5017
103.722
97.7437
43.6823
339.032
110.205
39.1705
61.5471
191.01
40.3406
120.869
74.9883
167.208
522.66
515.775
105.584
153.035
354.193
510.804
67.0724
528.206
584.856
242.531
197.415
339.567
210.53
587.478
163.646
138.004
103.114
417.783
208.799
98.8748
308.744
166.824
126.992
96.4248
27.9482
230.181
142.007
57.9927
75.7966
36.2332
85.4628
28.1477
105.255
332.268
60.1907
32.1132
248.135
148.085
726.793
500.218
648.623
1759.44
813.785
443.435
1117.27
754.206
186.535
102.338
442.536
291.328
135.338
139.275
304.395
239.408
84.1571
150.373
29.36
59.2623
62.8352
62.3185
46.484
44.7245
272.327
503.523
211.141
505.063
313.651
362.239
217.699
270.795
145.157
383.18
116.966
33.4897
96.7428
138.317
65.4306
97.6357
7756.08
6894.32
2996.28
7096.96
8383.88
6076.01
6680.84
4327.97
5882.36
5612.41
4514.49
3743.82
4729.7
4185.45
3855.7
4387.7
2195.74
4553.89
4041.93
2218.19
2438.61
3917.8
2405.33
3428.29
4606.85
3210.32
1686.1
1283.28
2571.85
2165.84
1592.25
1505.46
6381.54
2671.66
6782.12
3749.64
6210.26
4085.38
5909.07
4511.94
5174.71
3133.04
3983.56
2270.67
3725.5
3020.81
2944.38
2998.96
1949.16
4971.24
3073.63
1828.57
2048.09
2794.14
1896.32
2215.07
2234.15
1920.29
3015.87
3680.04
2535.27
2682.82
3160.28
2970.37
1789.58
550.026
920.128
773.542
805.349
644.766
763.178
657.317
316.858
272.43
384.184
384.765
309.813
286.687
315.682
317.879
785.67
556.051
2141.18
1115.49
647.205
708.498
903.431
833.874
685.819
572.257
818.343
753.568
718.727
562.307
745.367
586.14
398.922
555.288
578.83
514.411
410.027
427.641
472.953
455.34
386.135
377.98
432.887
584.117
429.763
338.019
494.865
444.162
594.422
605.695
482.5
656.982
683.959
505.474
538.566
482.27
590.003
580.163
388.91
467.807
481.113
512.007
458.934
475.896
3291.75
2771.73
4066.06
3955.18
3573.21
3257.85
3875.56
3505.56
1826.85
1730.62
1653.92
1927.31
1535.69
1519.71
1629.5
1631.32
2740.7
1828.81
1546.6
1689.76
1943.77
1791.9
1813.81
1789.91
3259.61
2089.53
1606.44
1581.17
2513.28
2032.56
2368.96
1861.13
2303.86
2763.51
3553.19
1882.57
2499.11
2686.94
2741.73
3113.12
2033.01
1784.87
1671.05
2492.65
2116.16
1629.12
2185.91
1723.99
2893.17
3873.29
1959.14
2061.05
3341.1
3251.86
2155.98
2057.84
2599.95
1899.86
1896.51
1776.69
1860.91
1930.35
1808.02
1959.5
490.78
636.62
679.709
767.899
559.044
618.312
637.374
687.986
614.682
763.868
959.681
1179.87
672.401
629.761
873.076
859.818
1110.93
1471.11
3749.45
2175.56
1239.55
1209.38
1657.09
2529.84
919.094
1297.71
1500.53
1106.04
983.613
1047.05
1046.99
1315.26
671.471
823.874
808.126
879.938
723.345
725.155
841.804
746.756
730.128
936.149
1042.93
907.437
832.768
891.529
1022.98
1065.53
1042.53
811.871
994.722
1253.39
1167.78
852.805
1191.71
944.27
1075.3
1944.18
1207.85
1336.62
1105.75
1154.19
1090.45
1260.74
821.176
1289.78
857.902
957.897
983.155
1091.3
949.012
1139.37
3293.83
7697.79
6480.3
5725.46
4936.51
7174.73
5861.98
7427.48
1393.77
4111.5
2895.38
3786.04
3744.83
4264.27
3360.98
3816.52
1203.27
3635.62
2878.54
1495.41
1599.25
2266.44
1716.53
2229.43
1637.62
1369.39
1078.37
3094.36
1719.35
1258.37
1969.63
1279.8
2128.36
4456.51
5532.23
1625.52
2503.08
4099.34
2786.72
4662.27
1078.23
1123.88
3685.6
2482.31
1125.39
1429.32
2381.25
2280.08
1770.56
3215.87
4513.63
4904.35
3132.11
3015.17
5288.77
4474.41
1819.48
2168.97
2359.41
2150.84
1886.6
2024.18
1978.19
2150.57
2566.17
2666.33
3703.65
2023.04
2646.31
3035.54
2671.33
3336.92
2929.84
4312.23
3789.92
3979.57
3260.47
3625.89
3654.4
4055.7
2478.91
2079.69
3773.66
1454.45
2595.81
2865.25
2602.59
3267.9
2277.11
2578.63
2261.3
2860.55
2439.01
2273.26
2647.68
2455.21
2433.31
3118.75
3511.48
2766.04
2611.32
2744.98
3004.54
3189.53
2776.62
2366.24
2971.14
3752.93
3105.2
2666.99
3422.03
2760.79
2956.51
4330.17
3709.94
3999.41
3305.71
3831.2
3591.63
4079.75
2216.96
1038.05
1023.85
1502.29
1895.52
1035.65
1224.07
1029.47
776.001
2216.19
801.813
880.508
892.487
806.859
747.684
832.853
722.59
596.64
409.55
487.894
597.259
617.587
460.216
434.785
998.056
804.206
669.962
864.867
991.913
690.748
761.697
669.271
966.779
888.395
1365.73
1014.71
796.462
896.855
958.354
856.783
662.114
658.928
592.605
776.51
699.437
626.231
701.234
607.446
805.558
862.882
679.121
604.48
784.657
777.072
643.511
665.4
723.74
490.462
617.306
603.109
612.696
580.268
600.393
605.705
28.4935
26.9447
28.6824
61.824
34.2233
26.6465
48.5989
33.9099
29.8148
51.8295
72.8759
93.4063
47.6454
45.933
62.8159
77.926
35.2203
74.8555
84.0883
138.898
61.4473
63.2725
101.878
109.304
88.0477
115.449
168.188
147.482
98.6114
118.76
128.305
154.749
32.3937
37.3304
57.8682
71.0675
37.2671
39.6661
49.6289
51.8034
28.6864
81.8612
59.4764
30.3858
32.6385
51.3568
28.5593
46.0542
52.5957
75.3634
91.1229
133.247
75.6474
65.1769
100.781
86.7601
42.1946
149.598
116.014
100.884
75.3849
112.559
76.5352
122.227
2304.3
966.537
1036.7
1368.02
2006.47
863.738
1209.55
1027.41
965.23
1947.07
813.952
891.659
1188.5
1175.31
767.433
828.006
748.574
650.72
481.858
615.751
730.706
684.581
575.027
525.704
983.857
892.487
662.954
734.667
997.138
809.519
716.734
671.373
1052.56
916.012
1361.46
1068.33
845.55
930.022
973.392
905.479
778.608
707.074
661.69
727.264
708.795
679.741
714.804
672.128
797.075
902.595
790.765
636.95
832.561
818.749
809.476
799.489
746.338
615.84
713.133
664.746
724.835
714.731
684.18
710.964
2436.89
2492.97
1965.06
2561.54
2443.72
2222.04
2433.81
2118.7
3024.87
3177.35
2727.63
3364.99
3300.69
2945.8
2980.7
2790.25
1732.27
2269.74
1900.59
2199.68
2037.76
1996.5
1946.83
1908.11
2456.25
3281.67
2470.76
1592.03
2407.32
2789.1
2139.07
2503.85
2666.32
2146.36
2458.03
3321.31
2562.64
2342.19
3002.51
2534.34
2565.9
3052.16
2399.23
1982.44
2352.1
2748.9
2186.65
2495.67
2004.06
2436.4
2987.22
2281.38
2182.37
2332.86
2447.49
2671.58
1847.38
2274.07
2843.42
2302.09
2226.61
2437.89
2430.73
2816.72
1944.09
1634.04
3911.35
1658.24
1713.26
1860.73
1671.6
1963.13
1464.38
1498.33
1303.49
1565.49
1517.58
1425.32
1528
1327.24
4563.4
1550.51
4760.45
1315.44
2296.59
2159.69
2107.18
2171.45
2025.34
1951.69
1640.05
2286.06
2211.98
1978.8
2222.82
1995.57
1513.47
2253.6
1823.74
1777.3
1570.8
1597.18
1626.47
1657.89
1463.75
1581.94
1260.25
2116.04
1442.03
1450.84
1553.03
1305.08
2089.28
1875.88
1849.19
1562.58
1491.99
1693.36
1505.58
1816.53
2121.29
1397.46
1566.6
1248.17
1371.78
1378.59
1312.18
1376.83
444.462
522.306
552.441
653.438
451.493
425.179
530.095
527.002
552.656
629.305
1058.57
994.207
595.681
568.372
641.768
821.593
764.03
2003.91
3853.75
1567.04
828.861
1301.61
1113.99
2215.92
794.655
1229.61
1249.12
963.491
865.212
931.623
908.694
1147.99
533.528
561.108
672.763
718.991
538.304
533.338
715.67
617.785
479.142
708.645
767.913
578.926
556.353
589.291
660.964
676.518
674.962
798.627
852.324
1087.86
908.913
797.495
934.896
830.384
681.182
1373.46
946.138
1396.91
708.547
819.173
737.153
920.379
878.152
807.395
1038.72
894.92
982.801
1052.23
985.816
1123.17
932.315
1545.51
1190.43
1362.58
1305.61
1385.93
1328.14
1295.91
967.972
1021.02
1193.15
967.945
1073.32
1111.5
1021.44
1100.67
925.052
1257.21
895.635
858.053
1055.23
1050.21
854.857
903.735
903.004
1069.96
899.636
1228.93
912.762
934.09
882.846
923.669
954.301
1219.42
1090.67
1077.08
961.163
1160.85
983.095
1083.25
976.279
935.86
1167.42
928.93
952.795
947.045
984.983
1023.85
1081.06
950.267
1143.33
1005.19
958.43
977.761
1017.36
1042.2
1393.99
1216.56
1040.43
1070.36
1193.29
1148.75
1108.81
1022.56
1012.75
1030.36
802.519
672.675
864.699
947.488
737.162
797.779
962.705
730.335
1621.96
526.954
709.24
807.188
735.603
837.958
514.693
407.166
361.192
276.802
354.041
381.007
330.173
350.099
919.844
761.511
691.283
543.569
810.883
727.549
783.295
710.177
949.67
574.098
699.25
760.243
795.997
609.879
752.386
632.93
752.211
625.793
442.264
460.554
680.282
634.33
489.55
423.647
757.058
489.838
473.142
617.703
553.429
520.769
579.335
526.238
157.69
74.8012
102.141
418.543
145.158
64.0907
210.216
105.108
73.128
87.6234
54.6952
323.05
104.813
62.1006
163.17
130.977
112.392
66.9517
101.157
261.095
92.1615
57.4417
189.314
134.137
650.059
533.364
407.363
836.721
633.535
515.945
650.019
539.591
107.858
73.2389
353.691
361.519
120.237
130.912
261.26
247.61
56.5931
270.564
45.9795
43.7706
79.513
122.552
44.3538
58.0105
187.666
428.669
401.915
303.045
315.78
334.051
204.033
345.871
114.722
229.034
340.998
111.731
112.208
170.794
117.427
188.306
1722.01
1646.57
2062.39
1989.97
1550.98
1578.49
1850.51
1728.26
2124.05
2812.19
3030.62
2528.39
2343.51
2658.6
2623.16
3053.1
2336.92
2611.57
1879.51
2373.08
2197.15
2356.29
2386.37
2486.29
2014.29
1926.14
2073.55
1165.84
1820.91
1932.33
1933.3
2153.05
1780.28
1931.58
1765.37
2166.8
1926.29
1795.1
1990.52
1872.93
1971.8
2416.23
2662.21
2027.11
2149.25
2340.98
2144.91
2344.98
2271.61
1962.71
2341.58
2606.83
2413.14
1961.69
2363.67
2063.15
2270.92
2889.31
2717.52
2838.03
2431.24
2652
2602.69
2883.35
40.9889
44.6144
30.4656
81.9313
47.2326
33.2757
48.4476
38.5611
49.3052
157.46
221.399
322.53
93.1546
57.402
184.76
278.674
35.0354
212.074
201.64
505.968
83.7667
57.1926
247.061
296.12
219.51
770.681
1542.79
3176.72
803.551
689.953
1801.13
2086.95
56.4747
48.0705
91.7826
169.042
52.5487
54.3691
83.1671
59.4407
33.346
139.944
67.5658
36.8036
46.3927
81.0757
34.6252
86.3375
63.905
107.765
394.603
640.458
90.2994
98.2016
232.342
236.538
47.591
684.808
543.54
293.976
88.956
228.693
209.758
440.797
3351.79
1179.4
542.412
1179.49
1171.13
1144.84
1054.76
884.649
653.799
344.968
133.774
360.497
431.499
369.527
352.18
301.349
240.291
104.796
196.145
296.173
167.699
154.865
206.333
145.232
758.559
320.873
335.716
602.681
366.462
306.54
400.37
290.035
711.028
346.347
617.246
375.586
575.704
544.412
612.637
574.23
678.012
346.535
158.236
318.351
517.024
339.164
263.985
166.901
405.374
614.012
298.204
231.927
487.074
452.875
168.351
283.417
267.734
165.669
261.266
138.867
161.97
151.054
150.058
141.539
35.7542
33.8927
26.8308
61.4811
54.9012
33.3504
46.3323
34.0835
34.0017
46.881
31.086
82.7364
61.7806
40.817
63.5296
48.7168
25.4544
28.0223
28.9485
49.4372
29.3845
26.6831
41.8455
37.6282
76.6842
92.1578
66.4207
104.739
97.0754
68.1091
88.5548
76.2849
56.5962
30.1806
78.3037
84.0284
51.048
36.9216
65.2795
49.0797
36.4261
51.1242
28.2355
26.273
34.9768
39.3177
26.4239
31.1933
38.7019
59.0146
73.3645
61.9264
42.5725
51.3267
46.839
54.9561
30.3038
56.5293
56.758
35.3858
34.2324
41.5922
40.0955
45.532
255.989
130.128
479.232
585.786
293.02
270.512
497.489
470.696
106.889
94.9874
142.31
162.746
135.228
137.98
155.314
145.372
552.738
217.865
550.309
890.958
619.779
387.107
760.83
618.536
658.362
266.786
887.545
673.699
527.842
481.667
712.112
636.347
168.959
503.753
469.465
226.596
196.723
415.326
221.075
387.825
185.597
213.174
199.899
366.218
210.028
199.325
200.134
233.713
671.773
652.848
265.95
841.356
796.518
565.036
727.395
491.739
593.831
732.505
235.172
234.961
550
535.79
278.235
271.577
2841.18
1868.96
1922.52
2667.96
2236.56
2029.96
2495.78
2205.47
1476.27
1519.41
1518.01
1403.37
1324.02
1285.12
1273.3
1216.71
1609.28
1817.34
4204.39
3272.65
1525.06
1539.02
2705.62
2614.77
2375.05
1649.97
2473.03
1662.53
1896.42
1776.57
1902.11
1878.28
1618.31
1709.58
2180.45
1603.88
1692.12
1815.25
1872.7
1962.15
1467.83
1451
1234.6
1566.27
1501.55
1326.28
1415.17
1248.52
1978.21
2339.28
1572.08
2295.4
2056.5
2102.84
1724.1
1732.09
1766.57
2254.9
1473.44
1349.92
1527.7
1622.69
1382.13
1491.29
52.0288
45.2363
57.9811
200.387
88.4836
47.1051
164.428
101.697
42.1904
75.1426
88.8708
150.747
76.3207
66.1594
106.742
133.806
82.6945
109.232
199.031
347.656
144.086
80.6976
280.162
212.982
269.802
237.446
372.169
432.972
287.468
230.644
330.262
302.493
74.6254
109.258
197.76
156.946
86.5034
110.738
139.223
124.415
44.3202
154.25
67.6859
55.2067
87.1027
105.957
57.2081
100.025
215.508
228.489
194.83
279.752
241.438
172.158
226.245
196.206
128.887
283.234
207.538
151.273
146.744
163.8
141.358
174.992
3506.87
4551.48
2930.36
4897.89
3712.59
3672.53
3658.42
3270.06
4816.21
1929.09
3535.24
3821.34
5063.98
3883.44
4600.7
4058.92
2742.42
3054.63
2560.48
3679.93
3020.03
2793.9
2996.04
2771.44
7216.65
6352.72
5868.13
8672.86
8325.56
7029
7677.49
6848.62
4851.43
3612.38
5834.61
7604.96
4683.77
4169.01
6902.75
5153.02
4204.39
5862.89
3453.8
3183.09
3931.3
4330.48
3524.67
3886.68
3392.58
5467.89
6509.86
4606.98
4038.35
4625.52
4791.84
5672.53
3038.67
4141.42
5783.78
3412.07
3405.27
4389.91
3857.3
5091.74
1064.69
806.083
1012.81
947.312
1010.79
1045.1
1065.71
1145.71
678.546
949.987
792.359
768.187
737.52
754.105
748.693
766.957
949.356
1030.96
1081.26
1007.74
1143.52
1175.7
1062.41
1124.42
855.614
764.42
897.157
645.997
731.622
851.806
743.08
815.443
699.145
1042.92
835.56
722.742
762.003
873.443
743.224
850.304
709.95
755.721
863.059
1053.97
751.22
734.79
858.407
816.112
939.128
879.228
786.293
975.661
905.064
884.948
984.284
852.91
1073.63
1004.33
786.383
907.484
986.59
1010.12
913.96
884.81
48.1873
39.7948
33.5971
75.7594
49.0555
34.466
55.798
41.2635
37.0824
38.1469
28.8714
72.1985
41.995
35.1536
50.4688
40.8929
28.5155
31.1533
38.3712
61.342
32.9108
28.322
46.9636
44.5003
94.0374
109.978
91.708
139.942
115.804
106.338
129.652
117.526
39.3724
32.7296
65.6093
76.639
40.4063
46.8717
50.75
53.5312
32.1466
67.4043
28.3622
27.0992
36.2261
49.8612
28.3085
33.6648
37.8384
80.2582
91.5675
79.1792
53.172
67.8356
63.9612
87.1112
31.5363
71.3043
82.4933
38.1684
41.7911
56.8909
42.8018
61.2218
641.466
528.599
448.336
390.694
505.878
514.725
435.012
452.865
601.176
993.359
551.541
539.6
675.137
692.521
569.211
627.305
363.28
385.839
341.519
281.129
328.766
353.937
306.582
332.431
325.944
382.437
264.831
259.674
317.266
324.265
273.523
289.592
477.334
374.985
367.393
444.403
432.098
375.888
438.264
369.949
483.45
459.416
459.386
379.377
449.604
462.34
419.999
433.895
327.206
335.982
390.3
278.373
323.72
344.256
307.007
332.387
350.477
291.755
412.731
399.848
323.452
313.617
378.019
363.653
327.959
378.277
452.492
423.868
344.045
420.086
384.371
403.465
444.728
2625.58
1042.93
516.843
492.508
714.067
470.91
691.78
483.717
738.177
594.609
785.269
496.568
568.279
537.411
591.919
561.472
715.949
885.29
924.709
555.77
545.831
660.848
771.093
374.299
442.577
414.928
404.123
383.2
403.847
407.056
422.536
391.423
424.344
610.993
426.95
388.748
399.124
399.843
420.958
492.948
493.747
488.605
609.655
563.168
483.236
548.723
479.355
471.455
694.26
619.922
584.757
469.565
545.895
441.698
662.043
2473.06
2802.1
2136.54
3179.45
2582.31
2421.32
2611.87
2418.92
3032.02
2724.28
2311.02
2504.42
3049.72
2456.93
2283.7
2167.13
2046.41
2296.9
1890.79
2837.26
2157.58
2014.5
2354.14
2126.22
4541.57
3901.75
4467.51
6882.86
4802.54
4212.98
5556.48
5506.37
2911.3
2244.3
3349.66
3751.08
2815.61
2648.04
3507.72
3014.81
2546.47
2758.22
2124.07
1992.68
2197.25
2351.9
2104.23
2161.58
2531.58
3655.78
3343.15
3631.8
2851.8
3138.99
3042.02
3463.65
2222.03
3335.31
3128.96
2536.94
2462.93
2725.68
2573.47
3010.49
1451.28
1512.85
1729.95
1853.19
1552.16
1546.33
1652.06
1625.21
1587.24
1758.78
2024.53
2098.75
1759.75
1872.51
1908.69
2064.93
2056.01
1998.24
1539.84
2464.46
2281.26
1961.06
2435.1
1971.06
2637.45
2724.36
3098.24
4044.84
3184.03
3006.28
3541.46
3241.71
1609.53
1891.31
2076.41
2252.59
1727.4
1784.79
1907.58
2004.62
1598.97
2299.9
2020.17
1837.02
1662.07
1962.13
1729.19
2004.19
2048.57
2269.02
2493.92
2979.26
2319.22
2190.99
2722.57
2598.19
1941.61
2708.65
2615.47
2195.41
2206.53
2553.64
2196.27
2633.59
1453.27
1413.25
1467.44
1555.42
1446.85
1373.49
1501.04
1408.82
1474.96
1586.82
1302.95
1719.2
1659.67
1539.1
1583.25
1470.34
1438.9
1258.11
1505.8
1581.75
1388.3
1390.17
1521.06
1468.3
1719.88
1746.61
1726.08
1644.79
1804.71
1687.33
1705.75
1698.17
1461.29
1367.39
1628.02
1695.51
1447.08
1414.31
1551.97
1508.51
1366.19
1561.44
1295.61
1312.17
1344.34
1442.51
1257.91
1327.6
1432.68
1644.5
1627.74
1638.2
1464.13
1541.12
1513.99
1578.73
1352.83
1561.04
1523.91
1288.77
1382.95
1473.33
1362.8
1409.69
1899.18
2199.47
2751.73
3080.96
2071.06
2112.44
2415.38
2521.8
2621.25
3346.63
3570.69
4868.92
2942.37
3052.2
3508.17
3520.67
3740.41
4001.48
5145.31
7656.23
4172.47
3812.97
5637.87
4601.46
5521.46
7587.86
10178
10565.6
6563.37
7005.85
8245.47
8822.34
2435.6
3058.75
3489.36
4435.63
2863.18
2781.65
3680.98
3630.17
2502.6
4580.75
3337.78
3056.3
2970.93
3349.57
3035.05
3416.09
3792.51
4222.95
5604.58
7675.8
5072.97
4554.38
5900.77
5236.88
3810.14
7354.59
5787.05
3980.1
4339.1
5955.14
4415.62
6440.3
54.9089
34.461
43.2539
126.39
54.5449
34.4068
79.9629
59.5116
39.6383
42.6312
24.8852
73.6576
54.5399
35.7914
43.7651
35.3788
51.8365
28.3489
60.4759
155.67
44.4344
29.6259
108.881
70.8739
214.735
152.941
231.432
358.633
175.051
158.005
272.584
245.45
48.7325
44.1422
98.2973
81.2396
49.7336
63.875
71.9598
82.6268
34.3201
64.3216
27.299
29.3354
37.5271
42.6284
27.0995
33.9074
88.2691
157.347
110.415
189.542
135.476
139.324
93.9231
115.448
59.5358
153.47
95.9122
37.708
49.0934
69.4039
43.1298
66.0812
35.2748
30.4236
29.1934
76.1671
47.7527
31.0686
58.4575
36.023
34.4991
74.4334
102.585
129.61
63.4039
66.7837
87.2203
107.344
39.1314
107.066
115.783
187.713
82.1467
76.4874
126.254
136.895
118.822
162.577
222.876
190.978
141.448
158.758
180.309
206.154
43.819
50.3854
88.8329
100.737
55.573
56.818
78.4373
77.9085
35.789
113.007
74.7088
37.7539
44.7793
76.8567
36.6595
66.2863
66.9241
103.887
126.698
163.045
90.4284
87.7222
125.134
120.426
50.0224
184.173
155.058
129.861
88.417
126.193
101.649
182.704
1411.03
1454.64
1825.45
1652.94
1405.73
1487.74
1501.8
1629.32
1840.57
3472.49
3101.79
2177.73
2042.12
2650.92
2049.04
2849.23
2688.74
3229.96
3979.86
3138.06
2651.05
2855.54
2911.83
3114.89
1973.52
2220.65
2565.45
2370.16
2031.48
2150.97
2168.85
2334.58
1517.55
1887.66
1680.55
1838.29
1576.09
1680.32
1691.48
1793.62
1656.18
1964.95
2667.91
2077.09
1784.36
1895.37
1942.16
2143.84
2054.58
1796.82
1933.27
2435.6
2210.4
1958.62
2262.35
2007.41
2293.61
2773.28
2114.49
2913.68
2329.05
2501.74
2244.28
2252.57
34.3121
39.1136
46.6495
96.578
46.7401
44.1064
68.2621
59.1127
53.1772
102.626
114.314
162.523
82.2571
97.3759
114.023
139.067
55.2354
92.4971
72.3553
154.884
88.9907
82.176
120.806
124.404
203.004
209.359
243.295
358.97
212.32
234.636
265.425
294.312
54.3112
68.0219
103.277
120.049
71.9214
67.9996
98.8714
106.017
59.4236
163.172
94.7088
63.7219
81.9175
103.104
66.7709
96.5694
91.1714
135.921
165.881
183.053
117.201
130.529
149.131
157.192
89.9669
200.155
206.703
144.33
118.901
162.803
125.688
190.598
2095.02
1050.5
944.675
1144.19
1163.08
1120.73
994.827
958.786
820.582
445.316
381.975
616.832
662.814
504.126
604.879
472.924
733.074
453.417
523.902
951.363
691.143
560.033
803.25
699.844
1437.93
875.469
1405.45
2276.62
1293.37
1013.09
1665.56
1553.11
850.426
860.296
896.507
762.657
778.652
783.54
913.981
885.514
852.005
661.14
489.312
821.401
760.126
638.376
851.815
597.271
845.929
877.23
748.188
1083.96
933.781
838.438
950.286
767.34
808.646
926.414
674.179
574.84
702.223
820.661
660.272
714.802
302.1
519.774
194.212
447.609
380.455
334.918
350.126
338.258
747.305
819.36
462.717
582.029
796.765
705.615
548.712
518.061
174.247
315.694
132.952
249.177
250.665
272.708
200.893
199.983
562.389
565.028
404.339
631.847
626.216
528.994
591.704
511.638
604.352
276.142
506.844
605.057
478.138
338.047
532.869
371.71
567.187
515.422
400.458
277.801
466.474
454.718
381.751
400.379
262.642
476.453
510.362
346.342
342.397
389.969
377.872
408.712
247.23
328.533
431.447
353.221
266.1
354.44
318.15
369.913
1118.15
473.033
655.487
413.448
557.585
562.27
493.186
531.84
365.312
381.851
382.6
325.294
326.486
344.857
334.936
364.66
614.026
418.606
680.379
438.036
490.158
513.259
533.545
567.083
321.77
294.825
316.963
236.669
281.085
286.451
266.08
283.581
364.383
487.585
358.728
302.103
344.667
383.056
336.586
371.215
361.313
312.059
359.017
509.192
347.96
317.181
386.87
346.194
476.024
359.385
305.023
358.825
430.345
375.279
345.849
305.627
512.177
374.216
326.593
370.84
380.957
351.715
358.811
348.944
124.208
25.6715
102.121
317.628
156.046
36.6004
215.949
50.6175
27.2865
33.0227
26.5817
75.1217
33.9383
28.5326
36.8585
32.798
87.6123
28.3868
84.983
207.23
97.9426
27.5448
155.027
46.8617
687.802
192.133
409.363
2223.48
717.587
278.542
1097.89
422.426
31.3275
120.126
368.163
64.283
37.8502
58.7901
53.7989
105.608
27.638
45.678
23.9685
30.1553
31.1507
34.7212
24.6321
26.2311
178.399
446.377
85.787
320.106
255.216
153.233
254.822
167.704
46.1697
115.101
57.1228
29.4167
58.3629
76.138
31.4637
44.4712
282.683
383.141
178.446
422.63
340.779
321.411
333.634
355.549
429.744
454.867
323.112
469.675
446.484
417.521
412.139
383.547
148.764
209.298
125.907
242.065
221.451
171.69
211.273
197.899
562.078
523.929
353.707
661.277
562.034
487.518
578.203
433.573
386.552
275.962
431.357
502.269
368.437
354.362
466.516
415.362
374.639
433.819
276.526
231.56
350.151
351.044
280.661
307.69
278.862
447.331
461.752
335.87
336.717
434.243
346.467
408.383
277.288
308.342
361.198
251.089
262.432
281.216
293.906
323.822
2460.97
2920.05
2764.8
3310.69
2684.49
2825.56
2988.81
2922.45
3313.6
2071.12
2157.3
3372.13
3556.83
2247.37
3191.81
2252.36
2307.03
1924.58
2007.7
2667.82
2279.66
1912.17
2489.81
2077.06
4984.69
5172.56
3851.78
6817.75
5612.6
4702.25
5919.47
4308.81
3074
2962.13
3593.8
4791.53
3620.89
3352.56
4424.6
3727.11
3046.69
3352.34
2158.18
2537.53
2796.94
3061.9
2724.41
2780.97
3166.84
4259.93
4503.06
3468.61
3532.51
3736.65
3701.29
4212.17
2469.22
2722.29
3013.62
1968.38
2488.31
2772.53
2491.3
2629.55
1020.18
1000.56
1053.65
955.549
978.062
950.311
964.195
923.465
953.674
1208.42
837
705.761
789.425
842.463
710.831
755.701
1200.63
1184.04
1630.43
1416.85
1176.13
1275.21
1357.13
1491.69
954.328
785.425
1311.4
952.595
817.897
866.801
981.89
981.743
790.231
951.649
909.799
672.038
776.45
865.184
776.778
895.379
787.134
718.913
883.779
965.742
747.111
709.131
788.873
803.948
1062.81
973.618
786.774
1268.6
1062.2
925.627
1029.79
851.432
1037.57
1307.02
800.15
1024.28
1056.44
1097.83
953.083
952.058
4276.75
1721.41
1668.6
3603.74
3650.34
2390.13
3300.47
2041.47
1594.59
2793.2
604.474
1243.7
1581.47
1342.36
1198.47
801.872
970.441
507.693
885.148
764.461
787.081
728.632
822.266
748.555
1974.39
727.549
711.714
892.485
1149.52
728.961
1059.17
638.621
1345.69
1229.96
2631.58
1017.92
1146.21
1443.46
1169.71
1504.08
1026.29
733.032
523.872
930.682
857.162
762.547
682.532
593.66
1074.05
2101.03
732.76
763.548
971.189
1109.11
768.302
740.483
829.791
686.091
537.775
490.753
672.864
687.623
513.139
507.861
327.672
362.273
382.313
316.082
320.854
346.123
337.011
357.816
509.746
787.255
448.328
409.904
508.639
506.491
411.855
429.615
450.056
451.601
1186.03
437.829
462.61
571.338
475.485
683.659
325.875
373.559
374.993
314.874
335.386
371.879
335.548
372.51
371.18
384.534
322.639
380.778
364.942
357.478
367.234
354.484
387.007
377.715
382.906
394.847
369.842
377.866
371.272
371.722
398.961
341.082
369.976
394.25
387.924
367.045
397.213
371.327
411.408
406.995
373.827
386.672
400.923
401.722
373.408
375.7
87.0154
75.9278
48.6901
159.224
115.491
63.9968
134.089
84.142
68.6368
55.3001
32.3146
94.6151
84.8863
50.2951
65.1068
47.919
36.1279
30.1582
35.375
65.008
35.8749
29.6788
49.1766
41.714
184.472
121.828
96.1032
152.965
162.977
123.699
141.032
113.988
106.752
58.4242
159.309
123.949
89.9112
86.9368
128.745
117.374
61.6685
89.1566
33.1853
38.9323
57.8738
62.6083
38.0982
43.7251
81.6155
162.869
96.2136
84.4055
104.63
126.13
73.9154
97.4799
53.1369
73.7332
75.2136
40.4472
49.7545
61.9884
47.2089
63.984
242.483
346.173
365.646
229.073
241.052
284.482
247.416
311.863
614.312
1814.38
1047.04
659.892
629.816
763.989
645.096
848.064
569.989
876.587
1987.98
631.37
632.084
680.883
697.006
752.708
299.04
529.987
534.461
379.806
364.321
410.875
380.393
479.435
370.136
365.419
254.461
502.291
406.517
317.313
420.243
299.779
457.958
545.391
676.357
401.374
504.337
555.741
509.44
623.631
364.616
289.25
523.189
517.065
337.039
347.554
493.087
437.168
401.382
524.818
626.091
698.062
514.166
508.367
679.714
712.628
2309.37
2567.64
2023.62
2861.97
2680.66
2464.39
2510.62
2403.44
2266.54
1971.59
1951.51
2594.68
2446.25
2370.96
2467.58
2209.85
1631.62
1678.62
1421.13
1869.45
1759.84
1615.98
1679.48
1579.73
3962.4
3589.43
2926.48
5318.7
4875.27
4207.16
4515.54
3810.11
2924.97
2234.51
3540.17
3249.93
2852.13
2734.06
3105.86
3078.69
2698.69
2977.55
2038.1
1940.64
2488.37
2634.89
2117.18
2231.88
2091.2
3320.98
3263.49
2439.26
2356.89
2919.29
2713.63
3589.93
1882.47
2207.95
2829.46
1951.62
2113.52
2332.35
2151.51
2371.27
1333.71
1612.13
1363.13
1533.81
1382.24
1385.14
1369.59
1417.97
2316.75
3053.63
2388.36
3450.04
2625.95
2458.29
2839.43
2686.25
1367.25
1604.44
1472.25
1413.16
1379.84
1361.59
1300.6
1313.94
1733.98
2437.37
1608.46
1800.24
1774.43
1801.08
1674.6
1657.2
1761.63
1370.32
1606.1
2254.5
1788.55
1563.09
2023.68
1641.83
1860.63
2360.12
1871.54
1456.74
1925.01
2260.05
1729.55
1887.27
1357.17
1568.74
2151.61
1481.29
1476.14
1605.02
1557.68
1775.94
1366.68
1460.5
2162.07
1734.13
1532.42
1579.65
1762.37
1985.65
2997.82
2989.47
1972.97
2769.97
2462.46
2161.27
2182.6
1905.09
2390.84
943.571
2585.62
1323.53
1771.96
1486.31
1657.15
1619.94
2320.03
2793.9
2811.57
2644.69
2246.89
2495.8
2415.57
2644.27
2332.59
1390.38
2164.08
1373.06
2013.96
1767.92
1736.36
1446.58
2327.95
1939.36
2284.93
2062.77
2119.42
1958.82
2770.25
2130.13
2021.9
1804.09
2454.48
2078.07
1806.8
1714.97
2291.44
2328.82
2002.18
2044.16
1782.29
2096.46
2046.36
1817.72
2109.34
1741.17
2147.09
2442.27
1575.3
2690.17
2324.31
2449.3
2597.92
3003.12
3324.92
2549.51
2728
2955.97
3251.18
2849.85
2960.05
2339.99
1492.51
1005.37
2475.11
1238.23
1202.29
1269.38
1445.31
1897.33
3797.11
3837.92
3930.31
3976.7
4101.92
4766.66
4243.48
4152.85
2161.99
1356.94
3077.07
1571.56
1788.7
2249.44
1809.34
2543.72
2033.55
2664.75
2557.99
1399.21
1806.77
1964.21
1581.47
2004.86
1871.45
1748.32
3271.21
3182.13
1950.32
1639.92
2342.97
2074.92
3270.19
2327.32
1569.47
3408.69
3333.28
2190.09
3097.74
2045.53
3469.7
3695.87
2613.5
3331.87
3565.17
4049.72
3262.29
3259.74
330.847
502.252
700.372
332.791
430.736
540.576
459.643
581.68
800.853
2291.35
712.869
579.751
657.266
712.462
576.961
591.454
993.367
934.311
1800.9
883.814
999.238
1049.37
1178.46
1205.51
369.205
538.509
712.916
451.159
497.777
556.936
539.218
641.425
447.971
666.137
432.284
527.087
451.376
549.841
422.829
485.366
515.606
538.407
639.477
744.489
459.556
542.549
607.772
609.901
804.319
477.294
556.33
824.227
688.887
586.626
716.107
610.207
864.698
848.362
561.058
693.369
795.62
759.447
697.694
658.722
1551.33
1885.58
2313.63
2111.7
1708.69
1952.9
1825.16
2168.14
1935.02
1726.72
2463.88
2664.93
2109.91
1932.23
2351.55
2140.6
3565.83
3434.05
4939.6
6014.45
4321.9
4178.71
4985.17
4794.48
3176.69
4507.87
6903.17
6621.79
4233.17
5280.4
4817.37
6334.14
2133.54
2681.78
2472.87
3255.75
2359.32
2508.31
2703.49
2999.12
2148.95
3151.86
2824.18
2999.45
2407.93
2691.6
2681
3144.46
2974.83
2665.31
3753.07
5276.28
3482.06
3430.02
4547.07
4213.47
3413.43
5954.75
3624.06
3175.82
4086.31
5028.73
3629.33
4288.47
3924.45
3588.11
2756.04
2838.93
3375.43
3391.51
3069.04
3093.51
3150.31
2786.53
2596.26
2334.28
2747.3
2921.38
2568.76
2681.1
2222.6
2309.51
2166.74
2300.78
2093.1
2165.86
2067.51
2243.03
2007.37
1888.42
2035.33
1609.23
1807
1870.97
1753.07
1921.45
3020.61
2533.23
2461.83
2181.78
2708.35
2676.31
2444.17
2401.5
3149.83
2291.41
2484.03
2666.13
2837.26
2515.79
2781.26
2468.95
2344.3
2232.75
2047.21
1919.16
2124.03
2199.01
1955.04
1972.08
2452.36
2239.25
2166.47
2410.14
2231.71
2177.07
2401.05
2383.22
415.363
622.707
346.679
805.871
572.35
452.14
539.515
474.947
810.764
2721.12
1490.87
1608.88
1261.17
1807.94
1573.61
2080.86
264.377
588.345
301.422
632.081
384.501
360.404
459.627
410.892
1181.19
1207.22
1038.34
1760.61
1228.2
860.061
1338.72
1162.75
792.961
444.577
916.801
981.314
629.05
487.89
757.15
616.703
703.6
996.219
830.386
370.068
628.596
729.523
489.732
673.881
435.756
846.156
1035.17
789.333
554.527
629.555
595.242
663.661
372.025
742.556
1013.16
792.911
413.472
503.173
692.927
829.79
635.198
840.461
1225.25
1429.09
811.312
800.46
984.325
1183.6
993.456
1171.98
1567.97
2085.31
1121.72
1001.46
1229.77
1496.57
2664.28
3284.03
5655.65
7916.84
3445.62
2711.84
5546.72
5974.59
3737.9
4832.76
3156.6
7622.64
4391.39
3183.55
3781.16
4556.01
938.908
1519.76
1872.8
1691.27
1164.43
1258.48
1624.07
1408.27
886.197
1472.45
1347.79
1333.04
1166.23
1211.94
1354.43
1362.29
1966.37
1772.96
2139.33
2701.48
2131.2
2118.17
2708.43
2240.38
2785.7
4920.46
2468.22
2825.71
2806.86
3151.33
2570.88
2973.32
3259.56
861.291
297.697
1425
1322.17
742.386
997.879
482.334
412.777
304.247
268.341
817.061
479.512
255.706
542.099
380.291
177.371
218.905
209.969
515.606
229.653
213.948
359.569
297.61
946.639
1221.27
936.647
2889.66
1027.57
661.818
1214.53
1054.68
582.816
243.894
675.915
789.161
392.487
358.693
633.919
402.23
264.179
447.553
202.94
181.238
230.746
306.606
147.01
207.11
280.996
511.562
819.202
611.452
309.632
366.18
326.751
465.359
189.897
554.689
640.558
303.5
225.656
270.86
315.266
484.042
179.635
136.238
120.882
351.669
262.718
116.542
276.785
157.489
114.423
93.9452
37.8632
173.183
163.006
85.315
109.667
66.1824
107.459
37.573
114.971
255.136
72.654
39.7544
203.681
103.088
516.636
247.922
361.935
611.977
512.503
343.345
501.858
356.073
211.961
112.118
402.762
272.624
169.425
159.224
270.308
254.234
98.6369
170.567
41.996
50.1643
89.7044
94.8294
45.0927
66.696
188.372
402.666
175.029
325.087
265.126
272.959
188.465
238.996
113.385
239.683
97.2481
51.4186
92.1666
129.911
77.0598
86.3094
629.375
471.484
685.071
1389.92
806.48
608.268
1006.82
1029.24
308.563
263.176
422.717
989.317
537.687
355.058
632.434
497.502
1092.78
763.408
1550.64
2951.68
1395.58
1018.45
1671.39
1618.88
6413.18
3939.57
6247.48
8796.33
9197.05
5878.56
9454.59
9612.23
607.429
981.814
2046.8
1833.48
821.302
1087.2
1550.13
1821.36
392.678
1241.51
537.157
593.012
599.914
730.386
407.834
740.075
1313.81
3214.68
2614.6
3236.18
2219.58
3830.35
2846.25
3597.88
1238
3220.71
1950.42
777.514
1338.42
2034.86
1011.35
1663.06
1728.36
1744.98
1933.7
2436.2
1989.83
1896.52
2235.66
2106.34
1594.55
1424.61
1486.61
1913.36
1555.74
1466.69
1743.84
1564.74
1981.49
1709.69
2107.09
2685.26
2149.28
1984.71
2417.71
2198.78
3737.08
2929.1
3731.45
5622.41
3949.42
3529.14
4899.21
4022.53
1880.93
2176.96
2854.28
2288
2109.13
2266.11
2296.55
2541.74
1698.7
2087.13
1669.58
1985.37
1787.5
1871.27
1700.85
1763.66
2367.6
3329.38
2662.42
3298.5
2551.23
2874.08
2790.15
3049.18
2134.17
2890.05
2279.41
1783.4
2237.65
2506.78
1975.41
2139.83
1758.92
619.003
770.81
890.089
859.343
766.305
773.975
698.054
479.69
345.749
331.382
684.061
594.173
383.425
533.419
469.531
642.311
371.983
385.16
574.152
581.749
473.655
590.783
512.372
977.787
864.318
814.373
2019.05
974.836
797.046
1155.55
1245.11
636.693
689.46
808.882
803.654
591.255
609.546
780.247
724.147
520.092
645.635
418.134
653.007
552.82
561.367
560.783
502.963
661.528
763.17
730.302
619.002
663.5
709.838
570.266
713.155
612.339
575.022
699.432
478.156
525.542
539.485
492.325
542.669
1458.14
1627.57
1742.52
1689.89
1527.93
1527.28
1433.91
1550.91
1937.17
2389.41
2352.29
1834.06
2074.11
2132.62
1936.58
2124.17
2696.53
2830.71
4217.29
2555.4
2729.45
3031.31
2888.46
3199.44
1988.63
1715.09
2019.73
1972.69
1860.73
1635.54
1766.9
1869.63
1719.46
1828.58
1656.23
1875.1
1648.53
1605.25
1755.65
1557.06
1760.46
1769.51
2330.64
2003.96
1796.47
1868.97
1999.11
2119.4
2005.48
1488.5
1748.78
2091.51
1738.49
1570.68
1818.09
1646.3
2229.67
2283.31
1881.81
2460.98
2256.43
1969.07
2226.08
2026.52
3326.7
2490.74
2049.09
2779.87
2844.34
2579.5
2573.29
2398.67
1850.67
1491.75
1516.58
1716.24
1695.93
1597.61
1686.62
1577.74
1593.82
1503.93
1823.88
1965.07
1532.74
1450.89
1620.78
1570.53
2430.1
1953.26
2210.47
1942.85
2261.92
2105.94
2216.76
2052.99
2184.58
1928.7
2507.02
2006.45
2060.38
2169.37
2149.59
2311.63
1994.44
1870.14
1481.16
1787.75
1897.22
1736.14
1695.16
1585.64
1879.12
2470.94
1966.31
1943.33
2007.23
2270.46
1871.6
2044.36
1763.11
1831.73
1824.13
1506.62
1647.32
1760.73
1584.31
1765.5
116.246
66.5032
68.7987
205.663
134.771
58.6674
135.501
79.2488
46.158
59.9689
51.831
147.124
80.0223
46.3538
111.82
79.3098
59.5174
60.8997
190.932
168.357
81.5546
55.2253
133.296
133.997
303.3
300.112
220.392
520.702
405.375
315.106
436.575
335.156
96.4735
80.4602
219.908
225.84
106.302
106.219
158.856
160.534
42.2317
142.408
46.9219
40.3189
56.238
98.6528
40.9255
63.35
86.3516
240.99
255.299
198.367
104.032
180.946
165.818
249.413
59.6629
165.063
168.508
87.3476
99.7837
119.21
91.4206
117.391
237.606
73.9485
373.389
570.869
303.292
198.286
515.283
336.402
76.7207
153.445
245.92
135.533
103.545
146.16
132.546
185.987
392.68
351.927
693.945
687.603
437.103
443.241
589.33
543.362
814.755
271.842
941.575
987.619
857.929
503.999
1013.73
734.087
111.812
386.451
629.769
201.121
145.292
340.864
152.18
365.197
107.118
155.029
244.902
238.383
112.961
132.184
122.239
140.395
598.265
810.661
267.81
856.239
730.669
507.292
714.699
505.014
376.273
580.389
183.206
266.755
360.682
378.275
166.11
204.572
1027.01
1112.8
1153.41
1210.61
1122.67
1171.89
1141.92
1306.87
1365.73
1641.13
1746.36
2204.74
1905.38
1920.96
2086.2
1897.26
1122.24
1508.03
1168.75
1510.44
1532.7
1369.52
1300.61
1280.85
1987.26
3074.36
2345.46
3926.35
3625.44
3293.32
3288.3
3044.27
1482.88
1410.91
1647.45
2642.89
1595.33
1494.98
1670.2
1597.57
1468.57
2473.4
1811.65
1306.46
1539.7
2193.11
1454.43
1919.4
1284.15
1729.38
2781.18
1915.78
1432.42
1728.69
2273.18
2856.4
1296.15
1814.17
2485.37
1736.95
1792.92
1982.4
1885.76
2127.41
3673.11
3487.36
3568.63
2918.54
3971.98
4144.04
3788.68
4243.43
3382.56
1306.05
4713.08
2404.09
3319.07
1930.9
3226.73
2881.77
3114.65
7848.14
8401.19
4399.03
3808.58
5172.66
4023.04
4667.26
2546.34
2643.82
2832.21
1939.54
2808.36
2819.78
2002.03
2307.14
3370.32
3111.99
3026.07
3433.65
3133.32
3154.48
3411.3
3357.03
3483.12
3097.29
4716
3355.16
2928.27
3072.97
3514.6
3869.41
2803.03
2591.68
3378.92
2722.95
2804.31
2856.2
2926.07
2929.39
3032.49
3519.05
3396.47
4652.41
3536.62
3192.52
4810.35
5162.99
1172.85
925.594
852.058
946.905
1001.73
910.96
965.36
875.488
939.689
991.165
1053.96
959.05
958.189
982.006
961.233
1011.33
952.34
1054.24
1140.67
1138.57
995.261
1013.1
1107.28
1085.19
881.025
860.128
1025.3
710.856
783.27
837.888
780.712
838.876
881.682
866.428
884.277
851.286
869.143
835.148
851.37
855.624
867.026
897.43
937.051
849.868
850.092
866.2
838.412
877.486
898.03
908.727
852.691
1018.17
892.426
829.846
924.385
814.711
891.96
1018.23
914.842
996.384
916.976
946.854
926.752
958.287
232.784
205.433
278.915
433.621
304.431
300.734
379.488
322.091
171.17
194.67
225.669
432.251
308.883
255.595
370.225
291.839
368.295
405.326
1420.13
576.56
404.15
470.532
441.488
529.551
570.863
579.062
598.675
670.026
624.101
624.674
684.719
687.048
289.196
290.541
493.05
500.42
385.11
345.75
425.133
449.887
245.315
458.71
269.195
285.34
314.198
354.753
288.87
364.37
313.218
557.64
550.385
470.542
384.064
487.416
440.482
527.376
296.233
464.983
495.803
294.189
331.213
379.77
361.61
457.087
56.9177
57.9601
35.4625
144.441
93.488
53.763
102.772
73.6584
88.5624
76.8547
31.6091
111.666
114.487
79.2912
85.9621
54.205
36.6031
28.157
34.6619
100.998
40.2929
28.7282
56.0594
47.2026
245.437
160.01
159.744
277.444
266.408
203.6
225.762
172.052
110.575
48.4638
192.528
174.892
95.8534
100.557
149.844
149.718
73.2916
133.618
33.0996
30.8959
60.0947
78.3184
29.9355
43.3862
65.2875
182.869
139.203
117.579
88.1319
146.556
85.7275
141.558
53.8739
103.664
97.057
41.2466
52.7975
69.5276
51.4527
70.36
3864.59
6065.47
3004.2
3464.33
3832.53
4078.59
3288.7
3209.95
3699.11
1109.71
3157.7
2098.4
3484.17
3059.35
3070.25
3176.71
2506.72
3142.34
3179.43
2504.69
2353.74
2546.86
2198.09
2551.37
3044.25
2302.2
2729.14
1745.71
3005.59
3302.01
2567.88
2939.94
4983.51
3056.96
3839.82
3512.37
4239
3440.99
4195.92
3455.15
4397.4
3377.94
2956.22
3059.69
3931.3
3032.96
3637.56
2946.66
2583.8
2991.99
3243.34
2551.61
2666.41
2891.24
2749.38
2968.95
2610.74
2544.17
3334.08
2985.59
2523.86
2754.73
2863.03
3264.93
602.418
686.544
1129.12
1380.95
778.242
632.866
940.909
1125.38
900.478
5687.91
1249.92
8519.7
1504.07
1585.77
1608.63
1779.32
2303.7
2916.44
5852.21
7957.5
3157.59
2430.67
5163.4
5876.86
5088.5
10216.1
3419.48
10328.2
5806.92
4247.22
5000.14
5360.35
757.505
1429.58
1918.69
2055.28
1115.73
1203.71
1574.17
1375.07
648.774
2280.78
1012.54
1086.76
1008.1
1044.51
1078.92
1116.69
1835.67
1811.49
2589.25
2624.35
2066.08
2097.66
2708.75
2212.81
2539.35
4734.11
2643.53
2641.53
2561.83
2949.06
2353.12
2847.31
1927.37
1183.49
996.287
1186.09
1178.98
1154.45
1121.75
1118.93
701.181
242.459
282.145
462.462
440.418
363.533
482.231
426.245
702.566
377.757
464.737
581.467
544.59
437.719
521.921
483.839
860.059
641.03
647.141
830.62
790.332
729.302
775.342
736.019
747.769
788.191
825.446
660.857
751.5
808.509
754.552
792.988
684.273
580.026
372.6
723.667
758.106
523.495
667.712
466.254
778.739
824.177
678.235
634.576
846.418
813.361
659.757
690.083
750.062
612.33
638.905
440.382
611.154
636.454
514.47
553.781
3527.13
3881.25
1518.9
3615.43
3226.71
2587.69
3137.36
1792.08
4247.47
4025.52
1761.98
2202.75
3105.49
2574.21
1979.6
1599.49
1758.91
1915.89
3001.32
1875.73
1721.21
1753.47
1882.24
1932.1
3137.52
1875.08
1788.63
1651.7
2213.24
1649.45
1776.99
1495.42
3442.5
1533.4
2992.72
2534.99
2965.36
1786.48
3373.42
1900.91
3007.34
1815.54
1306.9
1376.52
1960.52
1667.44
1312.84
1253.47
1652.8
2745.69
1701.07
1872.57
1691.17
1559.63
1707.11
1553.15
1400.56
1571.62
1437.59
1358.17
1398.82
1494.44
1297.76
1371.58
349.004
510.036
336.831
501.168
441.276
384.053
423.825
401.992
748.164
1836.25
916.149
866.952
807.265
1017.65
842
991.1
294.824
567.774
345.403
429.386
422.133
432.909
377.362
422.467
583.191
734.544
519.461
619.516
615.79
596.076
620.298
627.342
609.021
430.793
570.127
634.639
549.791
428.498
628.629
514.891
593.713
655.056
600.471
375.784
581.519
609.049
523.89
613.057
368.312
528.697
702.61
473.581
415.889
508.542
444.556
506.734
362.104
496.037
756.639
646.674
408.201
446.516
595.653
646.315
2394.56
1875.26
2154.37
2466.8
2358.89
2259.6
2440.02
2237.77
1733.08
2002.44
1750.96
1941.94
1766.45
1756.27
1728.38
1654.96
1759.12
1627.22
1498.61
1534.29
1589.61
1628.09
1498.07
1458.81
2319.74
2194.43
1726.29
1626.78
2118.57
2007.2
1784.77
1778.73
1866.21
1939.49
2335.65
2067.75
1868.73
2039.05
2004.21
2197.89
1834.85
1928.16
1726.32
1929.28
1756.13
1735.58
1902.05
1692.62
1821.43
2238.03
1972.8
1653.47
1929
2098.66
1823.63
1926.04
1741.4
1589.13
1864.44
1553.76
1612.38
1703.19
1601.6
1745.96
207.623
164.781
295.404
413.877
253.72
224.64
311.442
270.834
152.39
148.965
203.284
229.937
178.741
154.216
205.523
200.533
529.181
286.284
1081.34
2290.53
588.865
389.441
1304.96
830.696
1910.92
705.148
4558.89
7183.79
2137.28
1235.06
6041.11
3172.86
199.004
331.553
479.591
344.567
271.775
283.881
305.141
401.774
171.703
257.597
216.454
250.155
213.427
220.546
187.414
214.833
541.936
1036.77
521.751
2633.82
1038.58
704.069
1167.93
787.554
411.952
1748.47
373.041
284.049
465.416
738.712
365.685
478.74
3264.68
2315.6
3159.72
3921.97
3344.57
3160.15
3918.27
3540.46
1435.43
1082.1
1212.63
1005.7
1203.51
1184.48
1115.67
1140.27
3883.68
2357.03
3755.89
3966.01
3540.39
3390.51
4628.31
4048.44
1993.21
1061.46
2827.59
1014.26
1170.15
1308.06
1274
1355.6
1465.42
3479.61
2104.73
1105.48
1556.56
2029.38
1515.54
1990.52
1384.52
1134.87
1546.01
3381.96
1414.55
1129.56
2087.41
1486.66
3939.25
2338.88
1192.46
3767.06
3279.74
2160.93
2559.42
1397.8
3818.47
3364.41
1190.11
1761.46
2455.72
2600.58
1898.56
1746.32
3436.96
1845.18
2695.16
3024.88
3523.97
2349.99
4020.78
2202.41
1078.98
801.667
793.776
740.719
921.203
858.764
807.872
731.667
1398.94
810.513
713.707
794.65
1076.79
872.888
921.912
777.399
1735.86
754.555
853.079
996.872
1305.48
854.22
1198.47
769.171
1444.86
1925.51
2285.64
892.755
1369.7
1596.71
1041.93
1342.75
1189.42
810.423
858.701
1481.04
1065.02
889.417
1207.01
1026.47
1652.69
2040.72
806.958
1016.9
1348.98
1036.17
1110.32
950.646
1305.98
804.591
782.27
754.198
1066.91
923.775
963.978
849.091
7746.59
6867.27
4680.01
3817.82
5932.66
7595.09
4740.08
5190.15
3079.53
851.77
1300.43
1361.59
2202.8
1065.61
1698.21
1103.13
2700
1646.83
2494.24
2903.14
2632.82
2028.49
3185.4
2393.83
2413.71
1570.13
2025.05
1500.49
2002.57
1879.12
1672.94
1554.15
4855.62
3631.01
3174.53
2460.47
3795.3
3585
3248.43
3019.06
3556.05
1578.75
1494.7
2609.68
2515.2
1750.1
2385.74
1819.53
3027.92
2704.69
1831.96
2381.31
2625.95
2320.8
2386.99
1973.86
2382.32
2468.26
1334.68
1487.54
2107.53
2231.02
1760.01
1684.98
1901.16
1551.44
1575.67
1910.39
1861.82
1567.31
1966.82
1462.63
1519.15
1952.11
1150.54
1366.71
1458.65
1340.79
1308.64
1160.29
1303.1
1016.12
803.608
954.529
1084.67
911.099
1064.14
801.026
1922.29
1205.75
1079.96
1350.87
1854.6
1180.24
1903.01
1055.77
1528.9
1558.41
1958.56
1386.23
1498.34
1449.9
1439.95
1480.44
1405.86
1119.45
1100.45
1293.23
1272.55
1178.16
1237.35
1206.91
1655.12
2064.58
1311.23
1410.14
1553.7
1447.74
1361.97
1318.47
1148.76
831.255
1016.88
990.813
1020.72
918.484
1105.23
955.632
191.201
166.445
233.784
494.368
280.359
207.416
469.382
450.033
167.108
179.086
199.019
473.742
293.081
212.725
439.545
393.674
364.451
282.715
615.003
1105.76
365.434
283.682
808.778
725.775
873.786
876.53
1543.22
2149.13
1045.1
923.516
1870.83
2085.64
292.603
231.53
481.891
549.958
300.231
320.949
330.599
385.471
208.396
492.588
220.396
184.535
256.62
414.4
182.095
289.703
504.745
793.885
821.627
1253.07
578.245
805.935
720.255
795.853
504.728
1295.74
779.219
515.021
593.499
657.916
556.871
626.746
269.701
117.878
35.2143
347.994
277.668
40.006
235.086
55.2377
59.1803
155.966
132.575
190.87
109.512
35.6443
123.174
123.448
32.9562
121.296
122.03
167.602
47.5383
34.2151
65.3555
111.481
412.539
311.257
215.823
603.991
457.011
141.399
414.288
243.662
96.6313
42.4654
303.603
199.584
84.3491
65.8322
163.725
86.2477
28.7636
82.6064
34.3819
30.3743
41.8868
63.0838
33.9076
45.3084
45.1653
255.086
194.447
100.285
52.7492
90.6108
74.5395
106.862
44.6601
153.91
155.668
107.905
56.3036
66.0612
71.5631
138.772
8443.48
7318.27
5917.82
7197.22
9332.5
7468.03
9046.25
6479.24
3847.12
2046.74
3138.81
1779.39
2758.03
2337.07
2519.57
2736.04
4273.77
4175.45
5387.76
3607.79
3860.17
4967.46
4316.83
5258.2
4534.9
2187.59
2546.85
1717.43
3113.53
2718.3
2082.69
2356.65
6030.99
5231.8
6169.91
4264.4
6528.21
5395.09
5681.72
4656.55
4597.17
2130.77
3629.73
4572.32
3709.21
2529.51
3930.63
3060.23
4377.75
5425.44
2912.72
3057.02
3798.8
3314.44
3310.63
2877.36
4053.94
3191.37
2198.55
3842.65
3063.94
2881.54
3015.87
2270.07
1971.89
1555.69
1864.21
1764.43
1740.54
1770.41
1810.17
1818.72
1243.85
1055.38
1249.68
1430.62
1251.32
1211.13
1384.32
1280.35
1900.78
1649.02
2107.92
1580.57
1870.57
1879.9
1758.19
1896.55
1728.26
1908.09
1978.13
2505.44
2179.99
2127.24
2474.18
2330.58
1416.52
1817.8
1720.22
1631.5
1504.19
1576.4
1550.62
1692.29
1401.48
1580.47
1397.8
1848.82
1442.03
1440.38
1619.58
1426.72
1723.01
1819.97
1821.17
1927.35
1665.11
1807.17
1760.25
1911.99
1883.54
1765.38
1679.2
1429.47
1561.39
1673.23
1494.71
1544.15
1482.82
920.138
895.729
1259.45
1397.13
1092.4
1211.73
994.914
938.94
1063.93
1116.95
981.001
1002.06
1050.98
1000.05
1106.74
905.191
1055.18
1090.23
1128.78
973.061
1004.15
1073.83
1156.11
943.848
885.423
1078.26
818.492
873.462
938.625
845.323
1024.06
892.988
881.227
1138.52
881.75
856.864
916.047
861.635
958.817
874.159
991.103
975.637
852.533
893.828
954.929
882.025
944.241
889.222
939.473
899.809
1044.13
909.183
914.982
950.071
910.901
910.604
1148.77
1028.26
1088.81
968.882
1011.39
1011.38
1060.61
1842.53
2020.89
1785.39
2095.57
1944.18
1956.37
1995.78
1926.36
2368.62
3267.18
1885.9
2542.56
2567.09
2484.97
2452.12
2159.46
1405.53
1418.7
1348.78
1596.64
1431.63
1334.62
1516.74
1390.61
2336.41
2496.81
1877.88
2402.68
2369.04
2215.45
2278.49
1950.57
2190.38
1796.73
2162.92
2429.72
2289.69
2033.25
2316.51
2088.57
2169.74
2178.2
1585.97
1578.83
2058.1
2099.19
1822.2
1793.93
1734.23
2192.68
2335.3
1760.13
1821.76
1988.38
1848.94
2121.71
1498.52
1644.03
1903.12
1502.89
1546.41
1635.48
1627.38
1728.79
3307.97
2156.91
3438.82
2973.88
3314.92
2911.24
3668.82
3003.26
2240.05
3302.31
3872.09
2888.2
2870.64
3418.18
3223.74
2982.08
3562.07
6352.92
12274.7
9252.48
5299.65
6416.75
6600.06
7434.08
2475.02
2203.45
4336.34
1507.06
1610.46
2304.13
1910.78
1974.37
1787.82
3373.87
2690.68
2085.65
1931.53
2168.35
1952.37
2327.02
1964.97
2811.77
4498.79
3222.13
2155.88
2661.73
2721.52
3462.83
3572.9
3076.49
2503.39
4088.04
3306.33
2454.68
3211.41
2218.24
3534.88
5223.23
2411.04
4076.08
3910.46
4390.89
4277.45
4197.42
166.362
103.136
123.57
424.974
240.768
92.3166
260.896
144.018
159.334
270.408
285.494
450.771
275.57
250.057
342.153
343.9
198.552
250.28
266.667
560.349
316.317
208.315
443.735
347.651
807.358
659.441
868.054
1980.64
1354.77
829.285
1527.19
1004.13
211.632
231.77
529.605
442.225
239.031
199.345
309.622
334.979
145.592
476.632
215.292
171.359
216.141
282.19
181.607
263.66
312.969
572.919
561.744
607.424
434.441
422.358
517.842
513.718
264.063
481.637
594.987
311.789
322.474
410.531
319.774
476.322
1756.24
1680.55
1955.73
1934.99
1710.02
1747.83
1825.9
1764.32
1530.76
1415.4
1578.45
1535.09
1414.17
1438.99
1499.61
1424.74
2249.37
2006.52
2770.67
2234.73
2172.93
2205.58
2320.38
2395.91
2169.05
1811.27
2248.27
1589.72
1950.92
1954.65
2042.05
2036.93
1557.23
2024.71
1948.95
1721.78
1655.61
1800.17
1703.46
1899.32
1571.19
1652.79
1688.46
1926.19
1560.3
1572.9
1745.22
1695.74
2190.62
2087.66
1836.15
2425.85
2372.22
2049.76
2262.52
1981.66
2011.65
2172
1730.49
1775.87
1968.8
2076.96
1828.65
1910.58
2561.92
2025.42
2269.62
2055.96
1837.42
1860
2033.76
1946.97
2730.72
3001.81
2126.87
2981.39
2851.69
2417.23
2660.61
2289.19
2505.64
1679.75
2555.07
1829.91
1994.87
1866.24
2096.41
1943.71
2352.83
2664.95
1957.08
1823.12
2275.43
2247.81
1892.8
2034.28
2129.38
2028.19
1897.79
2888.45
2369.16
1985
2637.57
2049.46
2150.35
2443.45
1837.53
1960.14
2132.95
2320.37
1957.08
2000.02
2017.44
2184.4
2455.81
1835.7
1974.81
2023.98
1925.32
2175.12
1919.85
1800.74
2215.91
1799.16
1698.72
1771.79
1914.75
2080.5
555.105
456.879
715.516
1496.69
751.734
645.562
945.433
1025.43
392.963
405.046
1801.13
1496.68
683.087
760.059
1176.02
1099.97
1618.08
8108.03
11123.9
12681.5
3376.71
5093.56
8098.15
8625.61
7414.69
5140.07
11503.3
7351.65
8186.32
5483.68
8758.73
8032.13
689.684
1129.68
2866.14
3994.2
1285.64
1341.4
2732.78
3184.55
803.448
2901.2
2818.81
1315.63
1283.66
1538.32
1115.36
2119.02
1456.1
4194.75
4774.9
8826.16
2682.18
5117.76
3766.77
4416.68
1817.47
9044.8
4622.95
5323.37
2999.28
5314.34
5972.26
10485.3
1954.44
2280.84
1869.81
2070.22
2001.3
2060.13
1974.06
1924.58
2405.43
1925.71
1987.03
2325.37
2344.52
1940.89
2216.4
2055.35
1655.51
1660.91
1399
1523.28
1670.16
1579.51
1503.73
1394.59
2043.82
2024.83
1543.85
1240.46
1982.62
1965.36
1559.1
1536.19
2290.87
1925.7
2064.92
2543.86
2218.18
2080.04
2441.81
2182.3
2176.24
2258.7
1867.44
1822.33
2012.79
2114.52
1943.49
1966.1
1827.91
1944.84
2184.84
1597.28
1882.43
1907.57
1896.34
1995.46
1701.99
1545
2044.79
1713.54
1770.28
1852.54
1856.7
2002.55
2137.97
2025.52
1999.91
2059.54
2097.96
2016.22
2110.86
1975.28
2019.16
2036.84
2025.45
1440.47
1849.88
2024.27
1815.54
1963.04
1999.66
2013.31
1993.74
1222.17
2014.5
2001.96
2048.78
1975.28
1685.83
1274.35
1131.47
1060.62
1459.5
1236.05
1248.94
1168.1
1887
1975.38
1566.82
1308.08
1850.97
1911.37
1552.79
1451.21
2009.45
1371.44
2014.31
2002.58
1933.85
1823.52
2011.62
1855.12
2016.28
1260.08
1207.54
1141.38
1285.29
1306.44
1185.72
1195.77
1961.28
1218.48
1315.96
1951.68
1929.77
1274.68
1872.96
1315.24
2344.96
2387.62
1582.47
1644.34
1872.38
1998.25
1627.49
1669.27
2180.7
2464.37
1706.85
1899.88
1852.76
1903.78
1890.64
1798.41
1512.41
1625.33
1394.96
1747.3
1646.3
1528.09
1663.46
1526.94
2124.1
2555.99
2222.88
2963.84
2410.09
2377.46
2651.03
2368.27
1949.35
1645.87
1795.9
2103.43
1945.3
1736.93
1909.3
1811.29
1999.3
2033.73
1714.44
1576.8
1912.97
1909.63
1796.13
1810.33
1693.06
1971.54
2335.48
2055.79
1770.11
1854.44
2044.6
2202.89
1602.32
1866.75
2105.14
1756.23
1781.65
1924
1902.17
1970.09
1534.83
1552.17
1594.54
2167.04
1608.12
1545.81
3887.28
3570.11
1559.48
1562.24
1585.46
2123.32
1662.89
1557.1
2319.04
2050.85
1604.26
1595.22
1593.65
2973.57
2002.06
1595.25
4486.19
3569.16
1318.8
1681.03
1979.74
1103.01
1354.49
1667.68
1228.3
1564.96
1662.69
1845.53
2090.96
2194.71
3101.17
3266.57
2279.2
2195.89
1554.05
2158.59
1583.29
1599.43
2703.02
2425.91
1602.18
1828.34
4448.1
1818.55
2025.33
2261.44
2659.13
1909.23
2489.31
1967.68
3757.93
2381.38
2125.4
2502.92
3278.93
2480
3029.44
2483.48
2126.49
2132.87
2137.02
2699.76
2142.36
2127.86
3892.75
3532.19
2120.9
2114.99
2100.17
2318.45
2114.74
2110.07
2433.16
2674.87
2112.39
2083.05
2046.58
4240.73
2302.9
2089.23
4518.38
3869.4
2015.96
2161.21
3743.11
2035.07
1952.46
2129.85
1836.39
3058.2
2108.01
2184.78
2528.24
2243.22
2989.47
3237.55
2357.68
2443.95
2116.48
2387.22
2101.42
2129.06
2688.13
2472.21
2129.29
2246.57
4503.64
2322.27
2264.47
2851.54
3165.27
2293.62
2897.95
2281.54
3806.88
3345.24
2852.14
2787.94
3306.56
2862.12
3024.63
2908.96
2132.57
2113.83
2185.29
2936.53
2193.76
2125.05
2659.35
2676.6
2097.34
2069.5
2195.1
2500.04
2149.93
2083.05
4106.06
4387.89
2187.11
2210.03
2188.29
4270.96
2600.08
2201.76
3590.1
4237.01
2513.35
1752.9
3717.1
1961.75
1954.29
1844.12
2295.16
2218.91
2154.64
2181.71
2367.42
2645.91
3210.02
2916.61
2508.54
2391.47
2106.71
2790.48
2196.99
2200.67
3468.66
3769.53
2203.28
2556.95
2904.87
2443.62
2532.61
3220.87
2655.25
2447.01
2730.96
2447.49
3059.9
3422.04
2524.59
4505.73
3409.88
2791.59
3711.51
2963.47
229.031
232.91
52.9279
1469.31
296.8
116.166
547.923
202.215
238.474
173.485
51.1267
393.571
257.342
123.425
169.418
102.035
98.9838
38.0856
177.258
318.968
64.9582
41.9795
201.911
161.91
6239.26
1189.99
616.66
7772.04
4302.84
1438.92
3221.95
1231.64
287.792
93.2891
1496.16
412.933
195.05
176.085
648.4
512.161
135.265
229.577
58.0355
54.0543
108.776
129.839
51.9688
94.2244
212.934
2050.02
249.987
443.657
372.421
777.616
194.019
376.989
133.06
321.352
132.643
62.566
103.61
157.17
91.5795
115.261
141.234
168.762
165.434
590.063
195.87
111.154
286.845
195.939
245.99
202.867
55.5845
482.68
258.273
152.111
244.02
187.345
179.561
72.8621
168.292
472.366
127.825
71.2198
281.851
169.866
2095.6
587.314
787.061
2086.98
1165.95
628.138
1229.25
691.926
236.395
109.289
509.631
473.178
178.172
202.743
396.928
341.201
137.128
359.918
49.0675
52.7509
110.645
161.884
52.2815
72.831
278.403
767.992
390.704
496.175
599.918
519.402
255.978
387.18
161.536
277.019
323.745
114.383
145.32
193.282
131.747
188.793
219.455
409.482
272.407
392.087
305.674
314.604
337.332
320.667
1019.71
7808.57
5480.14
4937.51
3945.02
5455.5
4591.64
5945.97
264.488
1328.82
354.023
850.625
472.621
443.658
483.966
460.271
698.028
4656.47
2382.76
4576.34
1401.02
1530.25
3170.75
3092.81
515.244
366.78
472.525
1850.86
525.544
362.811
552.256
436.023
533.004
2587.36
2208.68
352.375
741.786
1816.95
646.652
1848.21
359.714
563.465
3580.94
1103.51
455.805
525.742
840.652
1100.12
322.479
1089.82
4297.99
1771.45
520.415
877.46
1521.32
3780.58
2032.94
2044.93
2036.56
2001.56
2012.34
2036.39
2795.64
2592.94
2052.67
2063.97
2057.95
1876.31
1995.9
2054.44
2259.08
2184.58
2031.49
2041.95
2016.56
1577.47
2004.14
2035.82
1968.84
1959.96
1408.87
1537.02
1203.42
893.474
1359.84
1547.9
1211.77
1276.15
1981.26
2014.47
1840.87
1638.22
2296.03
2454.22
1734.29
1817.06
2044.04
1972.16
2048.7
2039.6
2196.37
2113.12
2047.96
2003.99
2260.49
1628.64
1783.83
1567.41
1775.73
1612.83
1740.95
1586.12
2165.92
1593.73
1831.81
1944.44
2073.47
1749.82
1998.57
1961.01
1308.14
1554.98
1381.2
1523.63
1574.51
1663.08
1428.07
1717.59
1363.53
1204.03
1374.6
1557.21
1389.64
1335.09
1490.79
1372.25
1378.34
1589.07
1481.49
1508.05
1725.18
1670.2
1421.7
1608.37
2139.82
2039.66
2204.38
2876.17
2336.36
2202.54
2501.42
2268.41
1518.98
1865.87
1804.65
1769.2
1573.45
1615.96
1624.08
1724.47
1503.07
1669.21
1481.25
1898.52
1531.76
1530.37
1711.71
1529.19
1513.52
1896.2
1900.13
1928.09
1615.66
1783.98
1835.49
1950.67
1940.19
1794.94
1719.82
1504.55
1627.35
1751.39
1582.67
1656.34
359.47
313.281
635.974
188.57
299.8
407.441
340.3
411.058
252.308
244.517
602.488
212.449
215.167
375.086
373.923
501.6
931.97
945.079
1939.07
685.86
886.315
1092.12
1282.08
1490.6
131.827
206.064
510.809
261.412
165.779
281.471
364.369
443.429
228.646
518.167
189.761
210.992
294.611
313.821
217.175
261.856
340.674
332.037
565.032
643.44
348.819
372.376
506.464
466.815
515.086
215.62
343.556
536.556
300.168
231.45
370.371
292.678
631.194
601.804
456.233
717.543
489.606
415.39
606.685
528.496
97.9809
70.377
182.88
95.3016
63.7399
106.375
162.606
149.268
101.773
155.912
249.256
116.975
111.187
212.543
185.88
219.533
406.883
355.09
1644.98
551.683
392.641
449.527
601.787
594.856
89.1237
103.903
399.718
232.031
49.4007
179.513
323.545
304.896
65.6937
150.368
50.8307
61.0781
107.816
128.915
62.0474
108.357
135.972
163.473
278.922
216.515
164.514
184.895
210.388
218.122
293.604
155.265
168.178
456.034
257.386
188.439
242.238
198.623
337.251
446.614
194.364
314.011
344.095
337.321
304.127
247.626
2023.8
2026.94
2019.52
1774.85
1875.7
2020.05
1897.45
1941.72
2045.31
2104.87
2088.24
1972.66
1981.82
2090.79
1913.97
2032.13
2027.73
2070.3
2043.58
1756.54
2105.67
2056.75
2141.52
2044.43
1715.12
1735.72
1349.25
1891.89
1557.1
1586.65
1446.02
1416.21
1824.5
1932.87
1471.09
1656.48
1800.14
1854.18
1529.94
1510.85
2035.25
1868.21
2074.29
2030.65
1937.84
1819.47
2037.6
1888.83
1988.03
1434.91
1565.74
1446.46
1550.73
1512.17
1453.89
1419.48
1976.87
1758.57
1780.91
2004.02
2022.35
1701.54
1934.21
1727.3
1485.61
1473.7
1505.19
1285.5
1537.04
1482.48
1606.75
1545.42
1467.31
1457.73
1486.23
1523.25
1455.77
1467.35
1531.13
1496.61
1532.56
1499.73
1553.51
2029.14
1538.98
1534.24
1643.82
1571.29
889.985
1115.55
1559.54
872.148
863.272
931.876
1105.02
1101.2
1457.47
1510.75
1185.32
1188.6
1490.42
1549.79
1209.39
1165.31
1472.9
1290.87
1490.52
1508.79
1461.61
1467.9
1490.59
1455.37
1630.31
1480.26
1258.55
1837
1566.63
1342.67
1467.97
1339.77
1560.78
1731.98
1328.94
1454.43
1530.54
1532.51
1435.65
1774.86
2050.47
2031.32
2037.84
2345.67
2263.85
2037.84
2122.43
2006.62
2013.44
2006.63
2041.41
1580.75
2665.22
2017.34
2583.95
2012.84
2044.24
2069.53
2105.82
2390.92
2008.4
2075.46
2021.15
2093.96
1301.95
1078.55
1836.76
912
1155.91
1210.28
1263.27
1389.18
2320.67
2004.5
2077.82
1678.98
2154.96
2057.44
1880.48
1844.15
2022.21
1732.42
2050
2040.25
2125.83
2437.47
2032.05
2307.64
1944.95
1925.37
1729.13
1727.69
1713.87
1732.57
1657.89
1660.61
1988.82
1945.27
1793.64
2007.32
2062.73
1806.01
2176.53
1843.59
85.0251
55.7484
56.9971
277.509
122.117
42.1611
184.481
88.3655
51.0661
58.4004
42.8935
97.7678
74.9224
46.6076
76.9954
73.1125
54.8849
45.1602
59.3738
160.576
85.8177
50.1639
129.284
86.1461
454.883
205.936
266.935
601.43
459.317
200.194
493.038
273.775
80.371
88.6346
309.388
170.93
90.2511
102.889
125.036
112.78
39.189
77.7961
45.1908
40.9241
62.9719
69.3862
42.5568
64.0164
142.875
391.796
169.155
220.538
171.416
168.739
182.002
181.963
79.8873
162.928
106.597
67.5566
91.1214
99.7174
78.6353
92.0451
238.033
648.731
217.266
570.298
421.045
511.375
510.281
540.619
1753.91
2216.82
762.191
1914.37
2446.08
2037.67
2185.67
1121.64
222.382
478.921
213.691
411.845
306.703
355.328
326.347
315.613
864.905
1158.43
638.682
1215.73
990.007
687.238
1069.98
714.222
928.169
278.022
683.423
1120.09
997.314
511.198
975.713
598.425
1264.38
1186.15
631.402
376.771
1044.62
982.547
593.555
677.959
321.865
771.105
1187.15
533.185
452.803
612.573
491.495
629.928
371.03
496.449
880.325
566.411
359.023
443.974
480.829
527.256
139.969
122.694
35.1548
176.922
131.754
56.825
107.941
68.9057
124.887
125.636
49.1256
139.992
110.003
33.505
90.7178
65.7558
35.4218
55.7362
88.2373
149.305
53.2078
37.6291
106.273
117.118
239.029
191.12
203.646
403.281
221.694
119.265
248.965
192.563
106.055
50.9929
146.754
138.102
69.412
60.4608
132.309
71.8246
38.9484
76.1184
33.8352
37.6962
56.0032
53.15
37.3143
49.8303
68.3014
122.744
127.643
153.456
85.0696
94.9117
81.3138
90.9976
58.0341
144.061
93.752
73.0705
59.0798
66.1993
68.8565
80.9845
2309.67
2326.66
2329.95
2356.39
2273.99
2317.48
3198.05
2906.15
2333.35
2348.08
2355.21
2644.24
2228.02
2335.76
2273.68
2657.89
2338.03
2377.04
2514.04
5243.65
2277.49
2364.07
3165.99
3029.56
1410.27
1931.02
4867.28
1059.94
1381.47
1612.67
1442.28
2065.33
2221.96
2274.4
2213.21
1928.8
2503.09
2727.62
2021.4
2137.71
2324.87
2181.91
2343.12
2330.27
2368.75
2254.15
2335.85
2248.44
2627.07
2184.12
2146.36
2638.81
2334.02
2117.99
2270.77
2060.2
2452.37
3025.64
2805.38
2427.53
2334.89
2313.66
2199.39
2430.43
2944.81
552.308
284.834
693.039
1366.23
590.794
722.13
377.665
247.745
81.1615
91.0494
74.223
173.451
124.94
140.467
106.132
169.611
93.2462
104.789
102.729
167.2
137.277
163.497
122.126
259.577
77.3503
131.574
182.067
142.054
101.967
165.689
143.168
326.11
214.888
349.763
117.097
240.451
255.03
165.435
178.838
250.127
96.1024
126.295
166.971
179.974
137.825
163.786
138.22
174.156
226.344
105.194
132.914
132.335
140.918
115.251
111.295
154.969
118.299
85.2271
110.862
132.672
104.718
130.908
76.4016
1281.79
1659.31
1529.29
1420.59
1254.36
1357
1316.55
1471.65
2876.26
5330.9
6210.79
5256.85
3802.49
5473.56
4755.35
6051.62
2621.53
6888.13
6904.55
6333.61
4076.88
5762.8
5259.98
6797.95
1921.27
4937.63
5201.14
2985.17
2489.38
3671.45
2846.88
3607.74
2036.75
1793.63
1618.15
3401.5
2279.16
1819.95
2570.34
1983.33
2514.96
5231.54
5765.41
2136.25
3116.01
4429.7
3242.61
4560.59
1979.01
1739.79
4252.07
4327.36
2306.99
2343.74
3395.02
3297.45
2615.39
5285.36
5793.05
6212.15
3982.46
4609.45
5774.98
6752.19
2514.21
2491.03
2744.58
3310.49
2508.79
2510.71
4819.53
4129.23
2470.62
2471.6
2622.48
2850.6
2368.28
2468.45
2676.53
2813.97
2730.94
2665.33
2782.34
6181.32
2697.86
2684.18
3977.67
3613.75
2220.22
2795.41
5966.8
1977.72
2161.54
2327.89
2176.37
2989.53
2415.71
2796.04
3107.22
2665.53
3412.62
3813.33
2831.37
3016.58
2480.1
2607.59
2632.62
2694.76
3101.1
2855.85
2675.6
2611.83
4173.9
3336.78
2796.49
3854.74
3702.24
3121.01
3425.15
2978.02
3650.2
3936.35
3182.1
2957.93
3348.54
3270.8
3048.03
3210.06
352.496
371.756
324.385
270.548
327.82
338.407
296.774
310.297
586.043
1253.61
718.973
631.918
697.402
855.338
669.137
851.254
346.286
480.889
641.231
356.866
355.844
418.025
377.088
443.829
248.942
386.055
273.454
225.462
260.24
281.625
236.441
263.986
387.409
302.436
269.721
409.168
367.498
297.739
356.495
286.957
450.663
495.504
469.071
314.93
434.014
497.928
398.613
437.099
286.635
261.676
390.341
283.268
283.847
276.967
291.084
296.58
306.056
302.124
469.237
439.038
309.444
301.807
391.908
402.755
1104.7
1045.98
1040.33
1293.9
1177.43
1048.67
1254.8
1095.16
1069.52
1246.59
820.521
1050.48
1100.41
895.906
1014.11
856.83
995.729
925.03
1247.11
1112.18
1023.34
1013.1
1064.68
1064.29
1456.12
1093.61
1246.87
1499.17
1443.18
1296.95
1481.28
1374.44
1086.93
1071.9
1324.09
1106.7
1092.22
1133.28
1112.51
1181.97
961.289
986.784
834.065
999.843
964.794
970.513
867.876
864.873
1120.46
1395.2
1063.17
1200.82
1160.58
1224.02
1167.44
1252.8
1044.68
1157.26
1004.44
859.96
1074.89
1111.95
876.569
901.568
2491.32
2540.4
2498.97
2605.79
2375.2
2494.09
2280.07
2324.13
2606.14
2623.62
2591.15
6270.83
2796.89
2579.86
3025.07
2938.29
2552.11
2649.83
2581.2
3678.01
2992.02
2608.89
3571.93
3815.85
3054.74
6692.49
2107.06
5690.42
2777.51
3005.71
2368.58
2192.8
2402.79
2425.03
2603.13
3541.94
2363.95
2275.2
3364.63
2706.25
2555.3
3729.89
2635.77
2530.29
2488.36
2618.03
2577.17
2709.08
2509.71
2613.43
3518.46
3129.82
2820.04
2692.22
2959.93
2804.9
2573.7
3346.17
3525.73
3263.64
2787.98
3086.71
2974.54
3463.93
2346.68
2333.57
2327.37
2168.9
2264.73
2337.94
1900.3
1919.66
2313.3
2283.23
2323.41
1502.81
2397.03
2293.06
2377.29
2619.08
2336.6
2343.03
2352.71
4631.51
2208.05
2342.95
2500.73
2729.6
1603.41
1038.01
2786.02
1035.99
1309.83
1076.33
1259.92
1171.56
2288.24
2159.24
1849.54
1753.29
2078.83
1974.29
1825.46
1833.6
2320.35
1605.85
2329.88
2332.85
2183.25
2231
2327.83
2236.02
1968.85
1614.37
1597.64
2273.78
1849.84
1576.47
1891.61
1571.74
2095.92
2438.44
1582.92
2461.27
2120.18
2010.1
2224.65
1973.55
2348.85
2127.86
2117.93
1872.35
2477.71
2517.95
2116.45
2209.49
1749.78
1479.22
1610.17
1677.1
1686.15
1656.75
1609.82
1625.56
1813.44
1805.92
1621.17
1759.51
1963.71
1989.69
1719.08
1824.84
1874.59
1838.81
1935.81
2063.59
1814.43
1759.47
1816.66
1806.9
1983.74
2205.82
1849.66
1763.77
1880.56
2046.18
1827.97
1823.74
1925.8
1761.7
1794.91
2174.37
1849.92
1738.71
1924.57
1873.5
1951.59
1779.04
1662.29
1747.83
1893.87
1746.13
1776.96
1658.13
2028.1
1738.66
1675.62
1842.86
1904.21
1736.4
1823.95
1635.18
267.121
260.048
195.857
508.747
363.861
234.373
414.62
314.639
284.329
271.15
141.09
391.981
289.009
227.512
263.91
213.506
127.056
83.4559
99.9048
332.416
155.257
98.7185
278.438
176.896
801.395
544.083
559.828
1994.14
883.56
692.118
1042.42
728.607
296.15
262.742
494.433
470.53
282.438
301.592
433.899
421.354
221.832
384.894
134.287
184.842
229.93
216.093
184.112
176.56
329.36
558.493
392.934
520.722
395.393
461.59
321.414
374.101
236.377
393.885
287.27
126.866
168.375
280.024
152.076
223.056
1679.11
1650.69
1628.63
2549.37
2257.89
1645.27
2549.41
1862.34
1637.51
1632.97
1596.48
1800.28
2140.71
1623.18
1915.36
1645.86
1604.16
1573.86
1536.2
1176.91
2009.82
1565.97
2262.94
1772.3
1441.12
1241.2
869.397
994.868
1390.26
1140.32
1023.27
911.356
1922.34
2035.68
2274.84
1899.44
1926.47
1951.16
1902.32
1812.81
1630.16
1748.25
1589.03
1613.57
1672.76
1723.62
1619.26
1754.93
2358.28
1571.29
1474.12
1150.46
1488.69
1569.26
1258.19
1337.39
1786.35
1166.42
1422.15
1663.65
1896.87
1294.32
1847.43
1385.3
34.456
30.8044
33.016
95.2128
43.4947
30.2522
60.2153
44.8407
35.2066
52.168
52.1126
82.8845
51.6227
42.4294
73.3696
73.2438
36.5734
50.5371
78.6726
130.088
54.18
40.5539
94.4952
92.4853
133.756
119.334
167.723
228.226
133.112
107.846
167.392
159.806
37.2828
45.2436
91.4664
87.0687
47.0115
55.5493
66.3363
60.8867
32.7587
80.2793
39.607
33.6871
46.7406
68.7102
36.3489
54.4451
67.405
92.8245
103.99
125.351
87.9363
79.7595
83.2971
94.0616
52.042
124.15
98.5027
68.4267
68.5397
75.4331
66.6307
81.6791
1496.92
1650.27
1605.88
1459.21
1477.5
1480.44
1462.93
1540.25
1867.78
2008.63
2202.7
2100.7
2041.63
2064.27
2033.73
2105.73
2017.58
2402
2704.84
2312.1
2189.64
2228.5
2430.14
2566.08
1629.06
1965.17
1965.16
1675.66
1773.94
1822.62
1832.8
1880.4
1650.76
1673.94
1548.9
1958.03
1659.48
1588.97
1644.5
1573.4
1663.9
1986.99
2002.99
1707.01
1739.28
1855.65
1806.18
1977.67
1804.99
1632.66
2058.66
2070.18
1782.82
1734.02
1932.59
1835.32
1923.58
2164.09
2176.02
2274.7
2026.08
2012.35
2142.88
2327.73
2366.03
2390.34
2396.94
2852.99
2377.46
2377.94
4012.9
3659.45
2401
2409.72
2407.15
2419.9
2327.68
2398.53
2686.49
2806.35
2413.66
2408.38
2449.98
4778.67
2584.67
2407.53
5177.08
4445.76
1873.92
2112.39
3955.96
1771.13
1853.64
2062.67
1779.43
2470.41
2318.51
2491.54
2657.98
2387.45
3134.39
3399.89
2512.69
2597.37
2389.98
2494.12
2401.9
2406.43
2895.93
2697.37
2414.4
2454.74
4849.99
2403.01
2355.95
3055.79
3456.97
2397.6
3201.87
2381.63
4167.37
3485.63
2678.6
3137.2
3660.03
3137.7
3374.42
3131.18
2558.97
2444.27
2432.18
2753.4
2586.48
2437.11
2761.05
2430.63
2428.49
2439.87
2426.55
2189.35
2359.6
2430.07
2265.15
2447.39
2423.8
2403.91
2364.94
1583.29
2802.88
2391.08
3125.12
2588.76
1859.64
1745.56
1224.9
1288.5
1839.78
1527.19
1423.2
1373.13
2329.64
2613.08
2165.82
1930.61
2355.85
2463.34
2106.51
1916.08
2420.68
2012.56
2414.67
2423.44
2344.52
2328.15
2432.26
2428.42
2841.95
1637.54
1676.69
1499
1683.83
1703.42
1573.08
1585.26
2496.46
1677.86
2044.83
2451.87
2613.83
1869.15
2537.65
2011.63
1179.85
1417.51
1487.5
1575.83
1315.16
1326.78
1420.9
1498.25
1527.1
1455.21
1589.65
2015
1708.42
1533.51
1829.65
1666.36
1619.09
1671.04
1578.36
2195.09
1782.72
1578.69
1946.88
1722.88
2548.14
2998.64
3076.77
4213.21
3161.29
3030.58
3751.52
3516.86
1620.22
1686.74
1910.15
2369.3
1796.46
1727.23
1968.37
1908.81
1486.87
2170.11
1676.54
1527.12
1622.73
1836.78
1555.45
1782.86
1921.61
2244.24
2666.24
2696.88
2118.1
2233.23
2384.09
2584.53
1719.31
2410.47
2480
1833.51
1939.91
2143.42
2040.01
2282.02
1494.73
1706.36
1599.16
1746.35
1588.1
1663.82
1693.93
1690.33
1890.22
1882.18
1570.18
2110.6
2016.96
1829.9
2040.7
1741.87
1439.71
1470.49
1444.07
1668.64
1495.01
1409.73
1562.02
1505.29
1946.71
2292.93
1885.85
1935.54
1920.15
1985.96
1866.5
1941.33
1826.78
1632
1835.32
2074.34
1924.63
1766.07
1949.21
1812.12
1817.5
1933.58
1515.94
1516.67
1807.66
1857.63
1680.16
1701.96
1614.98
1859.68
2151.18
1776
1704.83
1796.19
1766.85
1929.72
1516.06
1738.34
1889.84
1522.7
1597.25
1674.74
1694.33
1792.38
30.9486
36.384
37.6539
124.335
58.6663
37.4822
81.2808
65.8554
36.8598
52.1192
45.1769
99.3688
66.2352
48.7091
81.0299
74.574
43.0021
53.252
55.3484
228.707
79.3037
52.8897
138.641
112.58
194.513
199.912
316.975
384.623
212.531
187.893
320.745
320.684
55.7464
74.1045
113.088
124.734
67.5718
78.9475
93.2321
87.0742
37.7877
101.562
44.6751
45.9381
61.9447
77.6717
46.7223
60.4119
105.324
148.458
164.449
234.892
125.936
130.667
122.948
146.071
80.6198
234.861
157.069
82.1883
87.2617
106.248
81.1744
121.426
42.353
47.1482
29.8028
78.9833
60.3316
34.4515
58.548
42.9395
47.1245
45.0976
33.3082
74.3181
63.7953
39.176
57.7514
45.7275
27.7097
29.0006
41.2836
93.0939
36.4826
32.145
65.5779
50.9745
106.391
97.724
120.44
141.354
116.188
88.1526
129.087
113.719
65.3266
39.5429
86.6308
86.5774
59.203
47.7386
81.6301
58.855
38.5991
59.0789
31.0445
31.1671
41.9721
47.1574
29.3266
37.8152
54.1295
87.9326
79.7857
98.0928
68.0598
71.7805
65.0717
74.7359
38.8546
90.4531
63.7896
35.7212
45.0017
59.2534
43.5464
60.5679
2951
1941.97
2934.61
1831.95
2353.66
2285.73
2115.52
2106.52
1690.37
1809.5
2047.26
1447.26
1494.08
1543.06
1492.49
1488.11
3147.38
2239.79
3227.15
1542.54
2488.8
2360.73
2279.95
2116.51
1538.8
1658.78
1486.79
3524.81
1498.76
1515.11
1655.11
1596
1659.15
2311.57
1640.67
1297.43
1582.46
1902.99
1399.71
1553.67
1674.06
1378.84
1813.08
2186.91
1577.4
1484.93
1891.53
1664.12
2111.71
1544.81
1394.64
1349.73
1484.81
1500.11
1412.39
1413.85
2028.63
1370.19
1393.45
1639.37
1823.8
1426.68
1603.69
1396.39
1176.26
1041.14
1113.22
968.325
1039.39
1012.93
978.937
1038.23
1325.95
1735.19
2026.5
1699.83
1512.94
1753.23
1677.36
1869.39
1783.33
2448.41
2320.12
2494.67
2064.31
2289.16
2354.93
2562.02
1071.39
1783.97
2304.91
1440.47
1273.71
1773.05
1449.54
2037.7
1131.82
1279.83
1003.11
1495.68
1216.31
1114.43
1270.35
1165.46
1270.49
1827.38
2207.48
1466.09
1423.76
1689.67
1615.32
1951.33
1487.3
1059.38
1706.41
2170.84
1557.63
1354.77
1845.58
1665.39
1746.19
2653.18
2026.43
2427.32
2089.23
2281.52
2292.86
2411.01
117.675
152.485
72.9042
241.362
137.979
126.2
178.281
161.947
180.21
209.952
218.387
528.769
213.166
159.122
284.65
314.648
122.834
249.926
267.299
617.299
210.368
194.018
370.803
385.819
581.814
990.04
1198.03
3663.56
861.519
849.775
1199.12
1238.04
160.499
101.715
288.46
448.839
189.061
171.679
311.488
261.698
141.728
430.211
166.434
87.0409
197.803
265.163
106.452
187.072
165.466
387.95
615.937
737.134
280.43
404.511
488.988
591.668
177.856
801.003
674.101
343.861
279.062
474.108
298.589
613.6
50.7979
29.9233
27.15
82.569
57.1079
27.1108
55.5658
32.2876
29.1643
37.3891
37.8814
65.4215
35.5815
34.3647
49.4523
54.367
27.4481
39.473
40.1615
68.0276
34.557
28.8778
50.2587
50.9103
95.2371
92.9492
81.2048
119.091
95.8659
67.8748
104.634
96.2962
34.7374
29.9569
82.6154
62.5191
40.8766
36.7075
60.0895
46.2604
27.1216
53.9799
31.9151
26.6277
30.7045
38.8145
27.093
33.7303
32.6377
70.5999
77.2567
62.4893
34.6709
45.1247
41.2071
50.6593
31.3424
77.4249
79.6093
54.4004
38.157
48.4583
50.0698
69.8348
1378.86
1446.76
1443.49
1769.43
1500.76
1454.51
1605.95
1542.79
1650.69
2006.34
1755.41
2300.96
1912.21
1902.48
2072.53
2096.26
1471.79
1541.52
1696.73
1899.42
1586.24
1553.07
1730.21
1732.29
2524.38
2610.6
2340.82
3779.54
3010.09
2576.51
3298.09
2611.63
1633.16
1561.45
2021.21
2193.42
1752.89
1722.93
1897.08
1881.26
1550.45
2093.14
1537.63
1443.45
1647.98
1867.15
1480.84
1627.09
1657.35
2213.59
2337.1
2122.94
1815.02
2048.74
1990.88
2298
1530.38
1982.57
2285.28
1619.57
1692.17
1840.28
1710.01
1880.97
3472.74
2199.68
2371.2
4695.79
4376.4
2890.05
4253.63
3014.86
1376.58
2731.3
1994.49
4337.24
2370.97
2351.24
2959.7
2688.48
1769.75
1608.52
1615.91
2021.77
1843.82
1598.71
1856.59
1775.66
3814.11
4717.23
3522.82
5026.73
5289.03
4679.65
4942.27
4526.48
3053.33
2472.44
4340.06
4327.39
3105.1
2767.68
3795.54
3391.76
2239.16
4117.83
1762.09
1901.69
2443.19
2353.82
1905.06
2012.36
2364.07
3847.6
4465.38
2623.8
2730.27
3279.62
2777.25
3179.57
2036.07
2433
4155.71
1921.29
1904.72
2390.46
2085.99
3091.52
2407.3
2439.62
2417.11
1887.86
2479.44
2425.24
2544.9
2462.98
2461.21
2473.47
2435.84
2184.56
2508.2
2462.9
2175.12
2266.56
2407.07
2456.41
2728.42
3147.7
2332.59
2449.25
2362.3
2527.3
1435.7
1770.18
2059.75
1550.45
1588.38
1609.51
1605.9
1887.93
2469
2360.82
1973.88
2186.55
2313.75
2359.27
2100.89
2000.41
2447.15
2117.72
2427.28
2420.19
2280.5
2230.82
2431.16
2314.15
2298.48
1663.65
1744.8
1679.67
1684.52
1685.9
1715.53
1672.46
2306.36
2303.8
1860.5
2243.84
2239.27
1868.85
2167.48
2047.27
131.473
131.717
34.3945
330.976
208.583
48.0218
195.813
75.902
115.019
39.0477
24.9764
159.841
127.383
35.6128
98.0435
40.3779
32.4821
27.5197
61.4531
164.185
45.2656
28.5624
90.9339
69.3158
449.725
293.334
268.963
510.605
463.205
239.16
418.711
324.539
181.099
46.462
363.024
263.645
146.936
73.8289
271.853
128.325
57.0315
110.34
25.1426
29.9963
61.9797
61.8517
29.0015
31.8309
91.0903
312.834
217.508
189.509
138.159
174.781
138.493
175.632
50.181
161.929
118.006
32.0521
58.4256
67.4721
38.0732
54.058
3336.4
1477.84
1452.46
3727.11
2539.06
1550.78
2595.49
1563.68
1451.09
8081.8
7107.44
7114.57
3024.48
6603.91
2831.16
8760.08
1713.32
6861.02
3317.21
2022.75
1728.2
3440.5
1757.77
4277.54
3996.71
4021.48
1923.93
3999.91
2900.64
2439.55
2646.29
2536.08
1259.92
1314.71
3006.61
2181.61
1259.2
1282
1406.64
1488.14
1388.75
3924.36
4868.54
1530.71
1465.46
1716.4
1474.79
1804.56
1317.37
3037.6
1965.29
1355.14
1302.7
1452.35
1383.64
1384.46
1630.4
2497.28
4800.23
6073.75
1624.51
2233.66
1726.76
3742.3
440.345
423.62
420.184
388.946
429.109
453.647
411.37
431.732
556.021
885.81
682.623
669.238
678.606
733.909
687.948
711.918
426.596
527.837
617.038
439.063
454.711
497.025
488.19
533.852
337.099
471.985
348.242
290.932
331.386
361.207
308.833
336.974
457.357
412.537
371.85
517.35
500.205
416.056
466.388
406.668
516.972
556.175
562.225
423.951
524.821
560.748
510.998
538.913
394.869
358.777
484.855
371.15
373.444
376.815
377.119
377.002
418.692
402.935
498.252
537.4
415.157
405.795
503.729
485.877
40.9171
29.3405
37.0783
97.7074
56.1918
29.4854
61.2453
47.925
28.1861
56.7458
68.4163
128.16
41.4569
39.1628
84.1338
106.715
50.5976
74.492
153.211
264.446
94.166
64.1496
225.654
219.457
155.963
233.742
294.622
361.56
218.978
193.195
307.605
336.963
35.6747
50.1069
116.207
106.466
48.2544
59.6878
71.2695
69.346
28.6062
103.715
46.4764
34.2285
39.5971
60.5694
34.7405
60.355
73.835
102.796
187.109
241.273
83.2597
87.6936
126.325
130.391
61.4063
314.055
221.138
139.336
94.3333
153.583
135.172
208.159
1694.37
1627.77
1251.48
1450.5
1380.69
1288.48
1342.08
1290.82
1725.83
3206.64
1869.05
2051.65
1749.27
1887.28
1933.5
2233.73
1229.69
1232.55
1220.76
1349.41
1226.67
1200.56
1298.84
1244.72
1455.75
1341.61
1461.98
1310.82
1292.6
1326.81
1412.77
1415.52
1445.29
1241.62
1401
1362.65
1321.09
1234.21
1408.02
1295.15
1337.01
1404.34
1301.78
1180.26
1266.65
1367.15
1191.35
1292.73
1253.26
1398.02
1367.15
1429.94
1293.46
1308.74
1307.04
1294.43
1214.52
1358.06
1548.87
1299.6
1212.98
1279.59
1334.77
1423.4
1469.04
1378.27
1443.54
1655.2
1480.73
1390.63
1565.8
1484.47
1540.45
2394.17
2240.39
2046.8
1677.1
1811.63
1875.52
2015.53
1751.81
2366.12
2395.93
2829.02
2036.96
2024.78
2445.36
2441.9
2108.91
2569.36
3497.85
3040.92
2361.99
2490.33
2877.1
3249.95
1466.52
1595.42
1753.53
1948.07
1581.14
1583.93
1691.24
1716.64
1456.58
2045.34
1944.35
1552.36
1601.04
1847.22
1618.39
1895.8
1836.44
1966.58
2333.44
3046.59
1996.88
1956.53
2367.12
2247.97
1784.46
2938.31
2505.33
2264.96
2095.27
2333.68
2295.74
2586.64
84.4398
42.3564
50.688
246.051
102.17
42.4421
174.368
75.7372
52.2339
102.416
60.0886
180.244
99.5581
80.635
122.933
107.969
43.1383
49.8163
37.8933
130.788
68.3682
42.8179
97.8107
66.4122
289.502
265.758
186.223
1822.28
377.813
182.468
417.785
220.707
64.6045
77.8628
243.801
135.617
84.9543
80.475
93.6334
102.162
48.3059
126.979
48.5057
42.9575
81.926
95.4851
49.568
80.3404
122.804
255.539
164.971
148.594
136.515
123.037
127.227
129.445
73.067
120.483
135.842
72.9452
78.9417
87.1437
83.8155
95.574
53.9934
33.3746
37.5806
119.784
76.5773
36.4966
74.1702
56.3773
31.9752
69.8494
118.442
215.706
79.2425
59.7768
131.445
165.27
37.5548
110.605
124.488
295.857
92.1255
63.1775
194.956
197.636
162.041
340.278
411.156
439.562
293.461
294.647
388.624
423.688
50.6061
52.0524
111.407
191.448
49.8765
56.2346
68.1841
70.6399
34.5712
186.83
71.4136
31.4116
46.7994
103.67
33.7811
86.5762
73.704
114.627
269.411
317.842
82.4693
95.2516
206.819
197.826
51.1316
332.827
307.892
169.125
101.334
192.713
157.228
272.426
3092.35
1949.11
2400.31
3109.01
2903.25
2424.66
3103.61
2471.47
1300.04
1325.17
1407.47
1428.02
1287.91
1253.74
1359.98
1338.39
2129.93
1550.38
1943.5
2053.79
1926.14
1728.93
2123.48
1793.74
3121.3
1795.63
2349.59
2409.88
2565.7
2183.91
2699.78
2201.01
1716.47
2290.98
2893.41
1639.63
1823.58
2119.69
1858
2343.03
1496.06
1501.67
1358.18
2016.56
1485.6
1387.17
1482.27
1419.17
2471.86
3152.46
1745.71
2398.43
2382.05
2381.89
2135.44
1994.54
2083.47
2022.29
1568.29
1452.99
1777.21
1916.38
1568.66
1652.78
4431.41
2153.83
4849.5
4107.76
3418.41
3163.76
4670.38
3573.05
1794.05
1576.87
1492.08
1826.53
1827.68
1738.46
1727.64
1547.96
5050.51
2406.76
6532.04
5322.47
3923.95
3709.88
5460.07
4674.94
3669.24
1961.23
3366.98
1710.15
2133.35
2121.81
2178.68
2088.67
2130.69
3452.21
3048.88
1984.89
2179.83
2565.1
2236.19
2794.09
2004.13
1842.37
1706.7
3203.22
1905.75
1713.37
1975.9
1736.95
4670.48
3980.1
1877.01
3843.9
4170.95
3040.81
2866.46
2034.56
3757.48
3433.04
1705.89
1868.16
2601.15
2819.5
2041.7
2013.86
46.2255
34.8688
31.0228
147.417
64.3579
35.0001
94.6597
47.0916
35.6171
66.3035
48.1901
108.265
67.1544
62.0274
98.8889
95.0233
30.5611
38.8732
41.1461
95.7434
50.4731
35.9979
73.452
58.7388
253.669
133.626
124.258
375.28
233.808
126.986
260.537
145.499
52.3916
49.5495
137.524
77.8524
61.9401
58.6258
66.8399
65.102
38.0392
98.9485
39.1861
34.995
54.9429
64.1195
35.0418
54.0364
68.0982
173.79
120.073
101.482
89.2985
75.8995
90.5849
90.0647
46.6963
83.6655
119.291
57.2938
55.8684
64.2289
58.2521
70.9541
54.8324
72.6879
72.3458
378.732
203.228
67.0891
331.976
182.66
59.2201
57.5723
77.2495
139.432
101.316
57.1834
132.855
115.591
73.8382
108.927
125.866
411.41
211.767
94.9904
332.042
229.028
451.171
245.984
489.515
503.193
424.566
320.201
470.009
416.709
117.436
195.71
361.822
199.219
148.556
212.396
179.165
217.874
59.6913
165.807
73.3208
70.1908
119.029
143.749
79.6824
135.143
299.175
406.816
227.226
423.045
336.363
299.258
342.863
315.194
183.772
375.988
218.267
158.004
225.173
241.28
178.781
212.656
78.5617
41.557
32.3222
124.341
82.1346
33.1913
65.4068
42.7669
31.9588
33.2589
31.9163
93.5516
42.1639
33.096
61.2329
65.0373
31.7819
58.5641
224.515
340.359
67.5784
52.337
227.547
285.166
152.037
237.974
359.705
374.39
174.794
157.566
325.995
372.164
50.4944
44.8221
101.641
84.6714
50.8202
49.2794
75.2127
59.1274
29.8509
75.1498
36.9159
33.459
40.2446
54.0387
32.9903
47.9617
45.0522
84.8343
182.799
267.337
48.0719
59.814
108.711
122.839
42.0239
332.698
212.828
130.337
77.0852
111.019
108
180.146
86.9407
88.5544
91.966
481.655
202.89
68.5191
435.149
217.616
76.6571
72.7507
76.5224
167.91
117.991
64.2421
127.892
132.112
62.24
63.6602
76.1708
454.645
146.716
53.7809
344.822
153.581
616.745
300.714
661.729
780.81
548.426
414.659
680.81
573.823
131.614
176.059
450.703
209.63
161.637
222.353
199.206
247.328
61.642
154.804
57.6419
60.2794
124.975
128.366
73.6264
112.993
376.539
571.598
244.484
554.696
433.909
401.966
374.683
390.85
180.22
397.957
193.847
118.459
180.87
199.708
134.705
188.836
885.083
521.302
481.589
519.421
684.013
598.526
555.767
507.098
375.273
349.614
393.917
309.138
338.965
350.916
317.244
350.296
543.343
513.14
860.131
556.949
550.25
598.99
626.619
648.809
343.947
292.481
378.925
261.772
290.061
299.254
280.62
296.904
414.592
448.516
428.857
317.331
379.282
411.738
378.571
405.072
387.517
318.154
403.287
445.237
358.084
323.972
370.124
369.11
461.521
376.392
296.735
418.461
432.151
364.716
382.372
307.72
465.899
430.412
309.896
425.68
425.082
414.768
393.584
371.146
39.084
28.1353
28.1703
67.6365
46.0464
27.2574
46.3643
32.9851
28.0995
30.439
27.1486
49.1684
33.95
29.1996
37.2447
30.824
26.5708
27.1927
36.929
64.6305
33.8486
28.2586
49.2947
42.6189
80.2795
73.3165
85.9734
104.889
83.3061
67.5689
94.0853
82.812
31.3615
29.7691
66.6674
48.2634
31.0901
33.0631
40.3085
37.4635
26.1595
44.5207
27.108
25.7536
28.9032
34.5623
25.9188
30.2994
34.1977
62.7946
60.1968
70.9617
40.3277
41.1822
53.6817
52.7046
28.4196
63.7329
56.5493
33.7062
36.9519
51.0592
37.4567
53.173
370.153
403.198
374.373
348.835
366.04
367.331
361.114
362.663
487.642
1297.71
637.86
487.351
507.159
617.583
488.364
627.725
504.947
659.318
917.201
594.888
552.841
645.897
633.447
733.389
338.234
369.592
382.753
296.665
329.224
331.775
304.637
326.82
402.75
385.273
344.46
392.629
392.712
352.169
403.299
348.495
406.845
410.761
523.097
403.574
405.733
415.704
424.341
460.731
393.806
339.613
368.014
404.712
370.03
343.092
376.673
336.59
433.192
455.335
420.545
552.885
435.734
423.839
487.73
476.673
2321.35
2333.47
2336.3
1926.39
2173.84
2331.21
2181.85
2228.81
2332.28
2339.68
2326.04
1766.65
2048.03
2325.39
2020.21
2208.32
2329.29
2319.01
2300.31
1814.14
2224.97
2308.53
2337.3
2234.84
1399.56
1321.45
1141.55
668.558
1333.53
1267.86
1232.2
1160.38
2019.68
2191.76
1903.04
1719.87
1987.75
2090.06
1908.33
1846.46
2325.62
1764.32
2316.39
2328.22
2187.95
1937.13
2334.67
1967.56
2264
1946.09
1694.03
1740.82
1877.39
1834.63
1712.81
1672.83
2224.06
1781.82
1642.51
2199.12
2106.49
1741.91
2001.79
1697.89
47.0124
56.7611
49.5141
277.575
96.2362
53.7906
192.925
90.0933
77.0168
112.019
78.1419
235.237
140.751
87.7694
153.868
141.769
71.0461
60.4841
189.714
503.23
185.124
58.8243
419.297
226.395
440.696
334.171
523.881
694.539
418.731
309.061
473.176
439.546
107.223
151.437
276.566
177.153
117.766
132.212
168.26
175.063
59.6373
156.247
56.2248
54.7711
106.375
123.59
62.746
108.186
316.763
361.933
213.873
443.676
356.586
259.093
321.953
286.305
140.544
384.805
189.172
101.463
175.168
191.045
125.422
171.035
2336.84
2321.77
2338.91
1934.9
2475.98
2336.12
2386.69
2301.7
2315.98
2311.24
2321.58
1815.51
2219.92
2311.21
2200.93
2229.8
2340.73
2312.32
2367.42
1903.19
2143.05
2331.52
2161.29
2199.15
1289.35
1438.88
1666.12
1106.26
1189.23
1228.16
1444.25
1382.08
2270.22
2206.49
1643.8
1588.67
2147.05
2197.1
1701.35
1608.6
2319.18
1661.6
2308.64
2331.26
2161.62
2069.29
2315.05
2131.98
2163.42
1747.93
1643.19
1888.92
1727.13
1647.71
1642.41
1606.7
2178.08
1731.8
1673.04
2133.8
2060.33
1593.7
2045.66
1720.48
45.8828
27.4773
26.6742
85.3002
49.3306
28.6887
58.7372
33.2447
28.2022
31.0738
31.3206
53.6912
34.8848
30.3701
44.3462
40.8545
26.1964
30.3055
28.5006
50.3552
31.9131
27.5594
38.8265
34.0392
102.113
69.3658
69.8872
107.496
89.7353
64.7048
97.2275
78.4824
32.6369
33.8775
73.3134
52.2037
36.581
37.3923
51.6875
47.2661
27.524
44.7668
27.7913
27.3744
30.9566
37.2107
26.5563
31.8895
46.4051
79.5399
59.6842
59.2689
58.284
55.8903
49.6152
55.1498
33.3728
52.2065
52.9085
36.0467
36.1014
37.8438
35.8401
42.526
2431.95
2413.31
2335.67
2291.52
2347
2416.24
2000.33
2048.62
2384.82
2322.37
2327.2
1968.82
2455.09
2335.06
2589.08
2765.33
2333.48
2335.28
2328.44
2031.74
2235.89
2340.23
2162.73
2277.84
2003.2
1124.68
1326.25
2192.23
1558.69
1150.28
1044.7
811.093
2330.94
2204.01
2153.61
2123.73
2216.78
2115.63
2180.67
2089.37
2391.32
1932.79
2336.66
2338.26
2350.6
2449.18
2329.56
2286.01
2066.86
1601.95
1525.81
1623.01
1677.14
1530.57
1681.07
1483.01
2164.99
1625.83
1470.63
2487.58
2203.61
1798.64
2310.13
1863.18
2289.26
2321.01
2334.95
1542.94
2413.31
2310.44
2523.42
2364.82
2339.91
2354.83
2337.04
1819.34
2318.62
2343.58
1903.96
1949.41
2343.98
2339.66
2328.59
1957.3
2240.99
2338.87
2189.94
2127.7
1173.6
1525.55
1452.51
752.013
1313.63
1462.52
1370.36
1458.18
2314.02
2235.82
1707.79
1843.76
2160.75
2223.78
1806.99
1800.47
2331.21
1791.27
2331.88
2335.38
2075.03
1991.98
2341.26
2188.37
2234.55
1961.49
1723.11
1970.22
1892.68
1849.98
1833.62
1769.32
2136.72
1944.78
1764.61
1965.06
2030.63
1845.93
1931.83
1893.5
1538.48
1191.17
1410.81
1678.85
1477.12
1389.37
1596
1424.94
1063
1255.11
958.179
1238.2
1136.78
1081.87
1143.51
1107.44
1258.86
924.413
1173.69
1316.07
1153.01
1083.6
1254.9
1137.61
1861.67
1294.66
1502.62
1616.69
1573.2
1448.14
1642.51
1381.91
1192.39
1315.86
1620.96
1238.23
1273.4
1390.77
1298.97
1494.73
1107.33
1130.29
933.53
1216.14
1117.63
1068.16
1032.96
991.312
1402.79
1785.4
1269.23
1459.53
1464.06
1552.75
1344.07
1370.71
1247.14
1293.96
1101.78
939.043
1183.16
1254.78
1035.5
1061.17
2435.73
1531.2
1460.68
2078.03
2247.49
1798.46
1851.45
1590.32
1017.58
1066.87
983.509
996.879
1030.95
1032.26
998.725
1068.45
1240.83
870.981
1397.75
1044.83
996.095
976.628
1051.08
1010.69
1584.67
992.966
1061.65
1057.23
1140.98
1052.57
1109.59
1011.92
1253.98
1233.16
1879.21
1014.44
1236.05
1364.7
1258.21
1469.33
1106.78
991.625
875.433
1132.49
1056.23
953.329
972.36
900.614
1214.96
1531.1
991.109
1054.75
1252.91
1279.18
1018.09
1020.02
1123.14
982.372
982.108
874.938
926.041
964.215
906.908
933.354
947.253
1045.21
1068.02
1018.71
954.29
972.783
948.065
1020.44
1388.75
1823.35
1801.5
1931.29
1557.72
1778.85
1821.42
1925.34
1286.5
1633.15
1380.95
1457.16
1357.15
1381.5
1406.22
1443.32
1136.38
1887.32
1465.45
1198.91
1144.97
1452.75
1210.06
1497.96
1142.51
1129.18
1065.68
1523.03
1284.45
1109.4
1363.38
1158.82
1286.37
1766.16
1681.27
1165.74
1441.1
1642.76
1443.84
1594.97
1177.85
1073.37
1761.22
1433.89
1235.62
1236.86
1359.14
1395.97
1253.9
1524.52
1899.71
1790.77
1396.94
1448.79
1712.02
1806.71
5286.02
5247.43
5219.4
1878.41
4078.65
5241.29
2358.08
3959.87
5163.47
5079.4
5159.53
2431.5
3712.07
5098.37
2960.96
3874.39
5200.89
5215.94
5231.57
1809.28
3482.34
5205.28
2151.85
4212.48
1294.66
1450.17
1287.98
1046.87
1225.23
1460.9
1068.74
1269.25
4042.43
3815.76
1759.5
2294.24
3217.72
3541.18
2568.71
2529.98
5170.98
2559.17
5164.88
5204.31
3926.6
3374.66
5217.23
3756.29
2241.88
1410.79
1515.89
1373.79
1783.73
1639.98
1625.27
1570.35
4000.62
1729.5
2188.88
4119.75
3388.58
2392.76
3085
2417.99
1538.36
1564.56
1561.89
956.155
1669.57
1553.07
1793.37
1725.14
1586.38
1612.09
1586.4
1571.49
1617.61
1599.41
1682.43
1663.32
1582.34
1591.79
1591.97
1456.32
1607.68
1589.8
1725.8
1715.14
698.893
1054.23
974.902
645.353
791.302
927.791
819.784
937.558
1609.28
1579.32
1047.29
1303.01
1606.25
1659.41
1214.41
1101.16
1576.84
1527.24
1580.54
1568.49
1587.38
1546.21
1572.85
1575.83
1708.7
1081.06
1307.16
1352.45
1138.86
1101.51
1168.3
1090.4
1673.73
1451.8
1388.83
1572.91
1602.97
1260.16
1565.69
1384.96
2373.36
2380.29
2374.6
2318.73
2203.49
2374.36
2235.62
2297.41
2389.34
2412.13
2395.65
2080.32
2107.56
2396.55
2123.35
2301.56
2370.07
2380.82
2352.93
1926.95
2391.23
2367.22
2434.74
2331.05
1574.64
1700.54
1271.87
1073.99
1382.46
1515.5
1144.08
1320.18
2111.65
2248.66
1841.17
1791.5
2112.7
2182.08
1980.29
1750.6
2380.4
2004.94
2383.12
2372.75
2290.38
2067.7
2381.71
2137.75
2310.13
1571.78
1668.19
1560.98
1753.14
1703.41
1582.25
1547.28
2294.86
1940.57
1856.91
2284.66
2301.43
1896.91
2201.87
1865.4
1001.88
1321.06
1203.55
1008.78
1120.2
1234.1
1044.32
1145.17
2047.32
3194.22
3294.6
1630.45
2128.63
3009.31
1900.95
2815.56
1627.09
3383.04
2895.22
1951.33
2071.35
3268.68
2040.14
2664.69
1212.04
1320.51
1654.46
1467.52
1339.16
1393.4
1497.61
1556.46
1591.52
1410.26
1147.91
1385.5
1432.09
1317.61
1277.62
1226.3
1946.27
1613.84
3215.91
1654.35
1764.84
1853.04
1905.13
2044.76
1357.34
1213.02
1388.93
1693.99
1325.21
1256.39
1523.38
1418.15
1525.81
1820.68
1573.07
2967.69
1850.16
1706.66
1896.07
1686.32
2360.01
2344.87
2359.64
2111.92
2419.64
2351.84
2274.06
2196.73
2355.49
2379.48
2405.97
1556.83
2298.85
2388.37
2401.6
2596.26
2394.21
2429.66
2451.95
2416.44
2119.07
2435.36
2142.4
2496.05
1353.79
975.732
1621.71
1057.85
1092.07
1074.84
1200.82
1314.65
2250.98
2104.18
1764.87
1541.09
2171.31
2081.21
1734.3
1742.03
2364.73
1545.3
2413.31
2386.23
2268.4
2271.17
2377.23
2236.29
2087.74
1717.29
1644.04
1711.25
1737.26
1662.59
1615.08
1575.87
2234.7
2113.13
1748.9
2465.45
2123.34
1957.03
2227.82
1929.82
5006.4
5094.5
5140.45
1925.81
3606.67
5065.42
2781.64
3295.19
5173.83
5196.62
5352.6
2418.47
4005.56
5235.01
3073.51
3432.22
5347.46
5654
5572.62
2499.08
4278.22
5518.69
3139.26
3479.75
1576.4
2027.22
1954.55
1689.18
1657.67
1777.37
1711.61
1829.24
3845.92
3925.21
1811.31
2078.44
3032.57
2999.37
2039.75
2009.27
5165.51
2291.66
5397.16
5241.41
3532.14
3219.51
5288.75
4205.08
3042.85
1729.3
2125.44
2108.25
2129.28
1875.04
2145.83
1924.27
3533.44
2295.59
2343.86
3610.24
3274.15
2385.77
3225.44
2573.79
4901.23
457.667
4888.04
4898
3304.07
2955.44
4889.54
3886.51
310.583
264.305
183.365
359.098
228.611
213.46
208.292
181.277
4870.86
312.376
4838.27
4866.69
3287.99
2883.79
4852.79
3280.91
4897.69
1011.65
4887.96
4923.63
3372.43
2996.58
4892.86
3719.97
376.855
3440.84
3232.5
476.247
403.631
2897.16
489.33
2828.65
353.16
423.26
281.788
3233.3
362.672
312.993
381.523
306.22
4873.65
4886.11
598.673
4872.84
4884.08
3901.27
3269.95
2950.29
3887.35
3504.9
531.225
298.186
2934.06
2882.11
354.647
547.618
5106.57
5116.55
2253.44
5306.9
5157.82
4078.52
3279.4
2988.41
5058.99
4961.48
2110.23
5110.67
5033.04
3799.56
3517.71
3024.47
2058.1
1772.92
2146.6
2411.78
1967.04
1884.71
2287.61
2149.96
5631.85
5307.39
2697.97
5486.51
5474.71
4318.54
3481.72
3165.31
5127.24
2259.08
5361.03
5224.64
3572.56
3224.79
5266.79
4250.57
3978.74
4105.64
1984.46
2083.18
3134.74
3173.05
2119.49
2169.65
2331.6
3601.11
3706.6
2521.76
2560.55
3244.1
2461.94
3346.13
2115.64
2352.51
3258.56
1894.16
2047.51
2287.06
2031.87
2307.11
2497.12
2465.05
2422.99
2456.48
2678.61
2471.48
2226.38
2193.47
2439.35
2408.68
2390.89
1813.73
2533.18
2418.72
2574.72
2702.34
2395.58
2384.62
2380.18
2523.42
2263.77
2391.94
2291.9
2325.41
1743.52
1260.4
1603.02
1319.18
1552.14
1343.58
1486.59
1337.53
2493.04
2307.31
2374.57
1991.26
2321.6
2220.66
2131.96
2169.87
2447.85
1835.57
2401.11
2415.8
2390.96
2445.98
2405.28
2355.42
2176.52
1924.03
1895.82
2106.71
1913.7
1837.53
1852.69
1818.57
2208.12
2044.77
1873.54
2451.72
2190.52
1907.37
2293.21
1951.05
1707.01
1504.05
2000.43
1871.21
1725.7
1647.11
1905.99
1897.82
1642.23
2996.47
3240.88
1529.9
1870.25
2699.05
1769.6
2710.27
2222.17
3485.81
3503.72
2593.39
2241.58
3178.59
2437.36
3143.93
1918.31
1618.46
2422.19
2218.45
1930.34
1839.08
2231.9
2251.16
1469.53
1847.75
1770.61
1464.26
1570.25
1721.94
1524.18
1694.91
1605.36
1543.31
2942.57
1865.55
1656.58
1706.45
1802.62
1893.27
2000.79
1887.23
1645.29
2386.53
1981.48
1913.03
2017.5
1860.13
2040.78
2383.74
1654.69
2971.53
2026.2
1952.73
1932.68
1803.52
2052.65
1652.66
1913.56
1693.71
1699.42
1733.57
1746.57
1777.51
1791.62
3153.42
3381.7
1673.33
2054.24
2902.55
1940.42
2904.66
2011.26
3521.06
3349.3
2073.23
2144.08
3210.51
2219.41
3068.18
1474.16
1420.64
1665.87
1423.3
1413.77
1482.13
1474.76
1590.69
1556.63
1703.9
1473.04
1467.74
1567.43
1623.6
1461.28
1507.38
1737.26
1651.82
3108.77
1845.41
1733.16
1843.34
1857.44
2022.88
1739.02
1519.18
1497.65
1751.96
1635.79
1543.84
1634.49
1545.67
1865.04
1942.36
1675.38
3096.75
1959.34
1817.46
1988.43
1787.25
5070.25
5027.68
670.042
5022.01
5023.75
3709.41
3881.99
3197.48
5020.72
5031.19
551.911
5008.78
5013.01
3739.52
3912.25
3293.23
271.638
271.915
207.426
196.609
223.613
239.346
204.689
213.192
4995.08
4993.56
288.941
4969.72
4981.49
3298.56
3311.24
2511.61
5009.84
405.945
4999.62
4998.19
3858.76
3111.09
5006.21
3632.51
3640.71
3643.56
413.214
405.334
3096.47
3160.85
458.68
419.144
356.616
3718.75
3812.89
267.627
378.67
3089.08
349.058
2933.17
370.32
259.74
3153.93
383.598
301.953
302.061
375.189
423.377
1940.05
1658.48
1434.16
2102.89
1921.34
1596.86
1993.18
1568.43
1991.78
4942.41
4993.97
4993.32
2839.79
3769.71
3277.17
4976.34
1860.76
5041.99
5061.43
5056.18
2637.61
4044.21
2916.26
5056.02
2352.76
5090.29
5063.58
5159.25
2964.91
4043.02
3258.84
5128.9
1642.14
1560.28
2043.27
3062.36
1734.6
1659.81
2057.13
1938.6
1823.66
3932.66
3869.7
1841.28
1907.68
2902.37
1884.3
2820.79
1639.02
2177.99
3468.78
3004.97
1845.67
2060.37
2708.68
3041.35
1905.64
5055.78
5031.48
5022.38
2883.17
3921.99
3232.56
5024.74
5632.82
5543.99
2179.06
5421.14
5531.7
3391.42
4236.19
3059.1
5365.12
5337.2
2414.32
5296.94
5341.01
3070.6
4133.73
2878.68
1626.65
1947.83
1679.19
1677.11
1622.97
1807.37
1643.04
1734.97
5267.23
5231.7
2158.05
5157.93
5217.53
3473.73
3899.81
2993.38
5424.32
2069.5
5343.97
5295.13
4156.35
3196.2
5335.77
3574.01
3217.32
3520.37
2133.54
1871.58
2939.68
3169.53
2050.86
2135.8
1904.76
4128.93
4063.65
1953.54
2035.2
3135.05
2078.17
3155.8
1750.49
1714.94
3100.16
2021.77
1765.2
1810.35
1994.56
2069.04
3227.2
3475.19
1768.4
1598.07
2692.8
3121.24
2068.82
2098.16
3674.67
3611.43
2403.14
2084.01
3120.06
3429.81
2622.62
2796.36
1615.97
1736.99
3823.16
1692.06
1600.37
1703.45
1759.49
1975.37
1297.46
1444.36
1358.21
1110.67
1340.27
1392.31
1290.13
1357.09
2952.79
1729.86
1618.19
1875.91
2263.22
2012.74
1829.31
1730.06
3350.45
1974.71
2163.41
1832.16
2358.12
2369.07
1971.74
2020.44
1576.46
1466.3
1769.73
1524.49
1433.99
1531.78
1543.86
1615.86
1638.37
1639.05
1928.09
1996.29
1718.95
1683.79
1862.63
1821.91
140.267
147.544
252.923
116.455
117.485
234.98
213.156
231.966
193.866
245.991
463.038
219.779
170.091
364.335
356.229
440.483
672.873
936.113
4000.67
3745.64
735.052
1069.4
3182.76
3051.79
155.557
196.42
3246.2
1817.99
146.938
291.261
1495.64
2214.55
120.702
245.044
102.01
114.877
244.008
230.735
128.622
216.423
287.973
321.57
548.976
381.339
331.757
343.732
364.11
383.497
322.499
227.202
293.392
2775.89
316.469
282.729
351.803
302.522
597.431
2917.12
458.254
715.154
665.31
656.206
676.237
675.18
5642.34
868.507
5644.76
5621.72
4396.15
2548.27
5661.25
2930.64
873.787
503.942
752.694
586.579
900.634
734.592
807.247
658.041
5656.16
1309.03
5712.7
5643.49
4316.33
2966.4
5670.27
4039.33
5594.48
624.588
5608.21
5568.4
3886.89
2919.17
5599
3335.23
877.412
4211.1
4280.77
739.963
851.446
2269.13
724.8
2709.98
1000.12
956.344
976.159
2537.24
929.288
922.184
1097.22
1100.58
5657.84
5632.46
726.92
5630.94
5620.03
2888.83
4101.1
2459.51
3153.35
3561.06
886.694
1010.17
2278.12
2853.18
1245.43
1239.95
1511.42
2277.93
155.206
153.186
1711.17
1678.66
170.381
292.851
2745.84
3113.69
584.225
900.097
2856.01
2764.61
795.93
947.461
159.92
504.618
271.36
311.228
358.926
494.723
271.343
437.04
196.888
530.318
348.241
342.682
364.492
473.378
310.609
465.775
2468.13
330.462
299.394
561.326
421.978
315.764
456.522
348.396
2352.9
697.188
551.578
423.445
457.645
501.868
433.84
477.738
199.407
208.198
631.582
281.971
236.324
405.559
418.424
441.34
430.771
470.519
771.659
601.791
457.531
480.057
537.447
585.243
5566.18
5687.89
5617.26
2009.41
4026.84
5625.1
2864.88
3409.17
5903.89
6202.78
6106.86
2501.62
4834.25
6076.01
2968.79
3338.09
5690.9
5795.45
5785.86
3799.92
4316.77
5760.86
2970.32
3292.34
1804.69
1704.04
3627.66
4066.27
1991.87
2039.48
3004.36
3340.01
4304.05
4207.26
1884.9
2112.54
2975.62
2990.82
2089.71
2039.21
5793.63
2298.62
5928.48
5697.55
3509.81
3152.12
5769.7
4427.47
3111.37
1764.03
1710.23
3080.67
2305.44
1916.86
2402.61
1919.7
3629.62
3475.78
1836.04
3087.38
3136.33
2529.71
2742.88
1998.48
299.225
205.749
287.121
572.626
419.13
175.281
447.053
301.944
132.999
1208.34
238.678
1956.48
1111.41
537.138
978.029
605.315
238.393
109.283
117.268
402.27
265.546
90.2419
265.442
158.254
1127.35
2608.49
1243.98
3431.12
2399.7
1938.59
2283.49
1872.09
347.791
309.588
668.038
1818.77
313.354
315.554
550.876
480.65
97.5871
1254.64
149.541
114.276
159.004
673.371
128.608
317.258
333.846
720.453
1654.87
713.867
549.246
525.848
811.874
1300.69
208.061
452.459
1238.75
216.891
292.091
453.536
299.491
594.757
1685.33
797.816
2229.07
907.53
1130.6
1209.92
1217.9
1316.21
637.721
1593.79
1172.61
933.73
691.882
914.535
915.618
1113.44
2535.72
1697.32
2607.11
2458.36
2280.69
2261.11
2565.95
2537.69
807.812
849.319
2010.62
767.426
743.429
867.687
990.289
1030.18
616.812
1774.51
800.873
679.887
697.82
890.509
642.405
879.164
667.484
787.119
1154.46
1827.07
734.215
782.244
1143.54
1051.8
1989.76
1038.46
869.377
2255.59
1732.89
1030.42
1569.52
879.755
2027.23
2087.62
956.492
1299.7
1579.55
1659.49
1324.83
1265.61
3336.92
1963.35
3474.37
1990.02
2498.06
2928.07
2425.23
2777.65
1657.55
1637.02
1599.13
1556.11
1568.82
1639.83
1581.58
1563.38
3452.88
2025.41
3478.9
2225.35
2586.41
2811.35
2588.51
2790.49
1585.22
1596.44
1724.73
1661.74
1623.17
1683.59
1704.03
1670.92
1670.63
2595.48
1749.51
1543.04
1650.6
2323.98
1570.88
1931.61
1804.79
1591.39
1760.23
2918.89
1708.78
1607.8
1860.44
1696.13
2492.33
1718.42
1606.79
1887.19
2004.45
1831.27
1835.58
1726.6
2747.4
1974.31
1583.48
1838.3
2281.06
1927.12
1742.78
1642.33
2921.62
2950.45
2894.83
2248.22
2680.25
2904.98
2471.07
2557.57
3024.9
3049.56
2968.57
6190.65
2996.85
2981.76
3092.14
2940.97
2907.17
2959.9
2924.25
2052.15
2597.19
2915.83
2494.18
2600.77
2932.05
5990.33
1520.36
5976.61
2386.88
2529.79
2056.82
1600.78
2665.16
2584.53
2015.22
2895.31
2482.38
2416.62
2792.34
2014.04
2956.72
3090.12
2962.86
2899
2621.54
2533.72
2938.91
2635.99
2471.16
1936.87
2692.79
1951.62
1944.7
1876.17
1837.19
1884.15
2573.31
1856.79
2394.69
2743.85
2457.13
1790.74
2562.97
2228.27
2957.59
2953.29
2991.43
2243.63
2770.53
2963.58
2494.28
2614.68
2945.11
2924.73
2992.98
2767.32
2837.01
2941.03
3663.05
3918.5
2986.61
2996.57
3016.79
5318.15
2789.46
2994.37
3061.7
3336.82
1918.28
1907.07
5347.04
1705.03
1823.29
1924.57
2209.76
2293.39
2780.99
2800.68
2303.61
2756.58
2899.99
2707.71
2574.6
2436.17
2957.06
3046.69
2999.27
3010.33
3163.11
3382.17
3008.27
2969.36
2539.01
2475.62
2951.67
3129.47
2743.77
2610.42
2873.24
2734.18
2648.47
3336.39
3196.12
3088.08
2717.39
3088.96
2852.9
3216.83
3002.22
2942.28
2954.56
4006.94
3135.84
2945.28
3026.75
2660.24
2908.06
2844.73
2901.85
1900
2689.55
2860.21
2541.9
2866.82
2943.83
2937.52
2981.83
3598.94
2292.54
2947.39
2485.02
2977.9
3511.67
1499.34
2692.19
1714.72
1812.77
1634.88
1966.7
1944.72
2552.1
2342.55
2599.49
2006.15
2393.69
2285.58
2179.46
2098.92
2918.12
2112.76
2913.29
2930.52
2654.21
2407.84
2921.55
2421.99
2370.41
2665.8
1970.61
2241.79
2421.93
2149.47
1947.36
1899.46
2708.23
2407.01
2282.27
2845.9
2232.05
2239.76
2342.36
2320.07
5034.35
1837.24
5016.45
5054.98
2659.51
2530.08
5054.15
3946.4
1380.26
1219.75
1416.49
1258.61
1274.77
1246.65
1281.07
1306.41
4949.38
2022.61
4877.18
4951.46
3278.71
2840.62
4925.62
3719.49
5037.73
1586.07
5007.96
5037.91
2596.92
2405.1
5036.07
3857.65
1605.2
3231.18
2630.71
1454.78
1781.2
2838.36
1633.91
2447.46
1539.79
1385.65
1483.94
2869.72
1660.19
1447.39
1821.91
1551.63
4996.88
5044.13
1661.69
4993.51
5009.79
3891.21
3232.85
2785.26
3870.24
3905.55
1566.31
1783.81
2963.19
2877.59
1889.04
1771.5
8808.76
8958.75
8811.65
1376.58
3056.03
8870.75
3002.23
7077.56
9023.7
9085.86
8994.37
1392.1
4489.37
8988.02
4033.67
7243.88
8798.43
8910.05
8775.93
1140.51
3532.01
8821.79
2778.39
7124.46
555.802
658.201
537.558
252.068
542.89
652.825
466.269
575.919
3432.51
3580.3
1279.33
1053.45
3397.63
3311.25
1792.33
1776.44
8942.84
1181.3
8911.01
8844.64
6969.22
3819.81
8920.85
4310.1
3051.43
1132.21
1016.73
898.604
1537.15
1630.12
1024.89
1028.28
6893.58
1056.41
1121.85
7178.3
3300.96
1294.35
3791.4
1235.36
3163.21
1657.42
1726.29
3364
2796.16
2042.18
3126.98
1973.53
1503.19
1250.29
1356.91
1235.58
1540.28
1376.04
1430.81
1241.42
1496.42
1499.47
1812.53
1484.6
1420.12
1457.56
1461.5
1512.65
3345.05
1599.84
1734.48
3038.83
2895.48
1804.59
3021.94
1806.17
1657.63
1633.4
2928.3
1643.07
1704.72
1791.94
1675.07
1917.5
1499.95
1435.31
1340.67
1448.13
1418.61
1379.8
1324.24
1365.24
1670.71
3195.08
1655.87
1671.98
1685.6
1841.43
1596.46
1703.58
1431.68
1440.93
1400.95
1346.61
1372.75
1434.47
1396.11
1432.11
5531.58
5468.43
5461.56
1317
3225.29
5456.92
3048.4
4224.67
5456.48
5478.07
5444.87
1122.62
3236.87
5458.77
2961.64
4608.19
5422.91
5416.56
5385.78
477.008
3266.48
5397.7
2959.35
4228.98
594.857
730.746
457.252
399.648
678.512
639.993
554.751
560.664
2903.78
3247
902.419
774.877
2529.29
2645.37
957.734
963.194
5440.03
1009.49
5426.79
5422.53
4285.11
2941.19
5438.07
3283.76
3135.42
809.859
703.724
585.633
1061.16
967.209
606.201
635.879
4250.54
576.399
950.187
4438.53
2919.6
671.175
3029.57
815.378
8867
8816.74
1484.27
8794.53
8784.52
4128.59
7113.58
3715.12
8754.8
8610.96
1342.22
8614.21
8672.05
2940.78
6932.96
2867.58
871.316
587.234
356.962
598.271
879.702
677.922
766.403
564.411
8714.6
8602.38
1179.95
8580.6
8627.79
3246.13
7032.94
2590.88
8742.07
1236.93
8716.09
8648.02
6826.39
3573.5
8723.64
4014.57
3199.96
3329.82
1247.05
1073.54
3156.77
3096.11
1840.42
1819.37
1219.76
7079.52
6818.77
1137.68
1326.07
3529.91
1355.4
3051.75
1043.38
920.77
2853.1
1109.45
1041.01
1051.27
1674.93
1537.37
3105.54
3158.37
3136.32
3005.55
3033.93
3150.46
2838.27
2973.45
3097.47
2927.91
2967.81
2553.77
3913.13
2944.95
3459.78
2897.26
3068.5
2984.8
2995.77
2558.11
2685.51
2996.59
2600.92
2848.27
2734.84
2165.29
2800.84
3654.92
2442.01
2554.79
3130.35
2666.47
3504.93
2884.09
2940.26
3003.26
3123.66
2955.71
3069.27
2938.71
3101.39
3171.58
2982.03
3092.54
3067.29
3261.06
3087.9
3106.59
2741.81
2718.36
2920.8
2642.87
2708.03
2792.5
2662.64
2763.08
2881.15
2523.4
2952.65
2826.9
2724.16
2660.73
2888.4
2778.31
1208.61
1447.08
1171.52
1371.25
1324.68
1344.4
1283.1
1398.2
1910.93
3187.28
1851.04
3295.08
2327.73
2399.36
2654.15
2807.15
1150.9
1425.25
1202.34
1214.14
1200.96
1230.11
1162.97
1283.43
1748.67
3143.01
1481.25
2798.38
2128.22
2233.97
2227.86
2418.09
1591.83
1233.67
1538.82
2309.83
1673.09
1512.36
1823.54
1570.27
1647.4
2451.35
1510.29
1223.04
1820.12
2214.77
1388.94
1461.92
1193.96
1558.49
2511.24
1383.72
1250.94
1642.77
1340.45
2012.37
1258.79
1413.31
2753.42
1629.96
1315.36
1362.89
1478.76
1609.04
313.588
175.809
511.176
292.687
289.043
351.199
444.928
483.052
147.212
1401.17
2365.87
143.934
162.499
1694.73
286.96
1791.68
907.962
2838.72
3273.12
1109.34
762.429
2976.29
854.477
3027.45
257.076
135
723.641
250.298
207.504
383.071
401.942
562.997
185.021
595.978
228.069
183.453
362.754
390.313
222.958
387.943
283.184
480.196
2512.13
573.224
351.52
319.572
433.959
423.51
729.223
403.606
411.242
591.841
530.405
454.263
487.832
437.085
788.955
948.141
748.987
2483.11
526.238
876.814
464.583
819.913
17767.4
13943.7
16313.8
18380.3
26990.4
12918.5
28447.8
13555.9
11814.2
5329.27
7006.28
3668.77
12299.2
10376
10043.5
7591.78
25558.5
6635.67
4197.92
4793.01
35288.8
27681
27953.6
12468
9915.99
2901.19
3257.87
4071.25
7744.68
5080.42
6530.67
3583.3
16310.5
20753.6
22479.4
9864.53
16547.1
13342.5
9151.02
8866.3
9305
6559.33
25473
15554
9420.05
8675.91
13698.3
14803.3
19268.2
20289.7
8110.75
8211.26
11269.7
9221.41
11495.7
8881.93
18115.3
6136.97
5261.59
14233.1
17926
9996.16
11296.9
6677.92
1386.89
1502.92
1565.95
1739.95
1391.54
1416.13
1493.56
1557.07
2107.6
8320.97
8305.53
8275.66
3774.91
4211.22
6100.87
8316.02
2200.48
8322.34
8331.79
8307.92
3648.68
3942.21
6348.49
8342.32
2445.09
8214.64
8221.46
8130.92
3819.39
4272.99
5844.9
8188.67
1713.58
1696.43
1829.68
3899.92
1999.39
1703.74
2291.21
1797.09
1816.41
4315.49
3989.77
1756.43
2182.39
3874.31
1989.96
3611.63
2132.72
2116.19
6067.55
6101.21
2300.35
2342.84
3930.86
3946.46
2299.63
8273.78
8270.36
8328.35
3979.88
4502.37
6244.72
8287.75
10034
9992.26
14241.1
10067
10238.9
15696.2
8364.72
11007.5
10029.9
9996.51
10234.5
10005.2
10179.1
11184.7
7948.54
8639.1
9302.25
8882.58
9081.28
2923.83
5907.62
8897.18
4571.58
6511.5
9857
9843.34
2286.33
9729.89
9803.05
4610.8
6410.77
3786.12
10238.2
8543.87
9971.32
9958.14
8188.16
7281.47
10039.5
6289.1
15450.9
6117.89
8707.67
11214.2
10782
7091.9
10630.4
6715.75
6303.49
6939.6
6881.26
2469.3
4448.87
4908.48
3260.07
4331.12
8039.08
2612.87
4735.95
6510.1
5112.17
3442.66
5053.92
3760.12
9997.36
1301.38
9891.32
9925.87
5361.07
4650.01
9896.46
6859.06
477.157
193.343
192.274
282.382
406.228
367.545
254.614
225.536
9834.52
436.682
9772.98
9827.82
5444.37
4276
9803.92
5709.96
9919.39
921.809
9875.02
9921.79
5065.37
4105.6
9893.94
6846.53
883.924
5573.07
4833.8
601.807
849.959
4073.55
802.156
3743.29
816.206
492.952
445.762
4856.26
793.252
456.119
965.358
486.478
9841.96
9887.09
773.021
9851.18
9870.59
7021.91
5119.09
4149.68
6756.65
6495.17
702.043
432.012
4198.09
4078.22
512.267
691.528
333.707
845.83
401.414
617.691
515.813
778.303
353.331
620.264
1572.68
8777.62
8668.85
8697.71
3532.42
6939.89
5477.79
8718.8
444.296
8610.57
8553.66
8592.52
3524.98
5488.25
4163.12
8589.96
1198.39
8688.37
8639.37
8681.11
3164.87
4401.3
6010.54
8695.3
883.254
688.66
755.989
3170.3
860.5
703.657
1135.92
864.547
1189.67
5342.9
6095.02
712.923
1248.83
2709.73
1185.23
3603.25
587.423
896.565
5558.63
5399.1
705.185
830.755
3423.4
2597.65
603.826
8641.89
8693.25
8646.63
2675.79
4289.01
4872.64
8628.86
2399.77
2463.07
3104.71
2235.81
2293.57
2388.8
2434.13
2604.95
3523.68
10018.5
10006.5
9911.71
4968.24
5632.05
7276.12
9983.39
3916.26
10023.3
10030.3
9925.59
5005.87
5395.02
7701.49
9994.71
2728.47
9806.96
9817.16
9729.23
4060.65
4698.65
6532.77
9783.08
2662.99
2915.16
2327.63
4638.78
3106.56
2654.17
3153.27
2530.45
2935.74
5501.24
5691.92
2927.37
3525.35
5075.39
3565.74
5035.43
3322.31
2577.02
6894.19
6957.15
3092.65
2941.09
4472.07
4342.92
3646.31
9882.33
9878.33
9990.94
4986.42
5296.48
7464.66
9913.82
9990.61
9443.23
8415.63
2303.65
5921.58
9374.03
4369.56
5774.59
10162.3
8625.48
4627.91
5540.18
6263.26
8202.2
4808.49
6053.14
6715.14
3598.31
4189.31
1836.18
3368.55
4419.04
3118.85
4087.65
1597.72
4828.52
1629.36
4581.33
2784.19
3136.61
2316.84
2419.41
5508.91
4365.85
1865.84
3265.18
4089.87
2986.23
2881.15
2185.82
8376.43
3701.94
5446.96
7887.05
5323.98
3325.08
6251.97
3843.79
3735.97
1408.95
2549.55
1325.07
1491.23
1563.95
1549.85
1915.09
5846.42
1693.33
2693.63
4656.67
2866.6
2152.97
3459.23
2468.81
572.11
269.303
615.351
675.583
540.046
260.433
564.756
364.896
661.135
9794.42
9828.18
9843.34
4748.34
5801.98
6085.4
9822.24
1612.35
9855.63
9889.23
9911.76
4698.9
6844.15
5937.98
9879.74
1383.17
9885.32
9912.45
9972.56
4910.88
6736.81
5996.33
9888.56
540.969
918.377
908.357
5191.65
602.285
576.613
918.621
786.636
583.694
6801.63
6481.23
1037.1
676.519
4851.58
1056.77
4796.02
998.906
976.525
6097.62
5554.22
1042.07
862.535
4103.8
4438.74
1161.58
9881.38
9845.31
9850.85
4813
6999.59
5902.81
9864.55
2042.95
145.737
3088.31
276.88
833.038
1461.82
842.403
1311.48
96.5781
109.903
286.602
81.3651
76.6913
218.967
104.341
210.72
3828.78
654.546
4640.68
1137.18
2269.3
2632.11
2293.91
2538.81
119.144
81.3089
374.189
193.495
101.977
146.421
177.311
166.625
106.52
1720.96
186.643
79.3283
141.181
742.623
91.6626
296.278
221.075
130.268
380.89
2212.6
209.025
165.634
371.189
262.157
1704.07
238.322
99.7851
571.528
764.146
294.901
458.367
215.541
2033.1
551.974
132.709
397.735
1157.97
520.217
278.718
183.113
4710.11
4651.23
4662.17
1317.05
3621.31
4677.47
2800.25
3563.9
4615.1
4580.39
4604.94
505.189
3206.96
4602.29
2454.46
2502.62
4658.25
4635.65
4680.69
1142.8
3056.69
4670.97
2721.77
3529.13
699.903
448.887
628.66
439.394
572.962
522.147
614.768
534.734
3450
3070.26
1028.77
743.931
2704.34
2220.71
1100.72
1104.07
4637.01
574.655
4634.94
4661.32
3184.84
2071.62
4625.74
2838.75
2476.4
957.675
702.279
717.642
859.49
890.906
704.752
674.403
3375.77
824.06
559.744
3101.8
2110.5
760.798
2494.23
731.753
2364.78
125.145
3092.71
622.956
1277.32
1569.33
1713.51
1622.96
79.1836
130.429
185.544
100.927
81.3745
137.76
110.574
139.781
3281.4
340.906
3400.2
1245.91
2346.29
2203.33
2476.81
2271.33
235.508
70.0515
382.01
102.118
126.881
156.834
229.032
193.467
112.686
2037.12
297.514
67.9275
131.748
966.068
83.587
438.245
145.841
120.735
262.78
1961.02
158.202
147.047
229.035
220.194
2356.33
567.25
86.7387
802.893
1173.45
484.015
698.448
327.311
2055.49
762.171
121.226
273.349
1324.27
725.59
250.672
173.125
132.894
371.185
64.4507
259.035
242.648
187.904
130.056
152.011
1218.33
3326.49
356.283
3254.66
2447.23
2224.6
2325.05
2149
103.246
240.657
197.557
79.3202
116.854
179.923
85.6391
180.277
648.949
3094.8
126.968
2411.06
1717.93
1617.01
1311.87
1564.12
783.856
86.3747
580.328
2326.74
690.647
320.768
1174.86
482.234
743.776
2013.17
305.691
126.529
708.019
1288.95
180.818
262.86
68.5169
304.851
2028.02
114.489
84.0645
436.523
132.633
940.732
124.5
145.415
1919.11
290.874
150.326
159.449
229.722
228.252
8870.8
8848.52
500.518
8823.65
8835.3
4289.45
6133.47
3520.22
8855.75
8942.28
1256.39
8840.1
8837.58
5293.09
6073.19
4524.61
169.732
478.464
187.38
172.75
184.843
419.217
153.824
308.104
8785.26
8791.24
289.842
8741.7
8762.52
4750.51
5273.87
3836.83
8821.78
422.854
8797.55
8792.87
6178.02
3451.92
8812.88
4384.77
4398.28
5004.42
888.687
411.272
3402.51
3592.56
648.523
719.51
336.335
5840.56
6024.22
254.514
364.708
3451.77
330.743
3595.4
318.669
358.612
4366.62
735.293
341.064
374.195
663.066
837.89
388.278
223.222
239.4
678.28
434.154
201.364
484.805
313.392
145.202
1481.99
244.44
2062.91
1225.06
654.343
1103.84
748.957
82.7468
69.2403
47.2548
241.162
146.599
59.6393
198.32
111.448
1413.95
2631.98
955.692
3587.81
2675.57
1969.62
2553.04
1940.7
312.076
252.74
781.464
1955.96
305.201
318.01
569.524
509.238
108.741
1324.42
144.395
78.079
156.022
789.21
89.8917
279.754
278.506
842.773
1780.21
666.593
387.411
551.598
690.139
1436.8
113.537
498.174
1370.31
228.984
248.224
427.559
287.483
618.76
2980.07
2910.17
2903.18
3510.82
2559.34
2904.74
2545.97
2683.92
2912.73
2946.99
2939.4
2175.3
2366.41
2931.66
2189.64
2760.25
2904.63
2934.8
2918.09
2670.92
2526.42
2923.24
2604.64
2792.5
4712.88
2681.58
2732.57
7926.09
4205.77
2741.29
4085.95
2732.93
2400.69
2492.49
2935
2188.42
2293.93
2413.35
2381.63
2290.06
2904.12
2185.64
2932.01
2903.6
2698.2
2234.51
2914.54
2257.31
2565.53
2627.23
2076.05
2251.12
2338.02
2277.87
2162.51
2104.14
2739.13
2506.39
2197.39
2768
2416.36
2356.37
2300.19
2320.76
2830.01
2841.5
2850.71
2211.52
2533.84
2849.76
2400.11
2561.72
2854
2872.59
2895.51
1860.91
2749.21
2887.61
2665.15
2746.25
2879.67
2912.41
2938.03
1979.5
2127.06
2923.28
2113.2
2761.64
1407.44
1209
1567.32
1142
1198.77
1351.62
1344.88
1354.6
2657.4
2306.92
1794.66
1817.49
2454.74
2296.86
1871.19
1821.02
2865.39
1958.19
2907.81
2880.72
2640.17
2483.5
2868.93
2418.69
2239.76
1845.24
1820.85
1755.42
1787.93
1740.17
1669.13
1723.33
2634.09
1749
1912.97
2721.01
2138.47
1784.31
2276.41
1849.9
168.427
197.038
350.776
191.59
176.346
246.728
203.506
263.618
339.915
8539.7
8628.43
8546.05
2752.77
6181.37
3965.71
8557.36
920.017
8692.14
8771.23
8671.8
3449.29
6776.12
4242.7
8683.24
409.72
8562.79
8633.23
8588.44
3029.63
5999.1
4120.49
8585.03
223.313
435.051
249.798
3004.79
291.914
296.188
361.582
350.323
339.923
5871.3
6566.93
698.356
423.865
3242.29
710.549
3578.47
497.275
301.14
4208.9
4240.62
554.991
429.63
3364.68
3408.5
749.515
8623.18
8566.05
8620.51
3465.71
6142.79
4463.97
8612.8
2857.75
2870.5
2866.14
2505.4
2380.2
2861.61
2364.56
2657.42
2901.59
2978.37
2961.33
2631.54
2406.63
2956.39
2389.01
2975.34
2897.14
2944.78
2933.5
2675.6
3048.26
2935.33
3263.62
2914.68
1864.13
2111.7
1704.54
1266.24
1498.78
1720.4
1218.74
1679.69
2364.96
2508.71
1876.41
1797.74
2305.26
2406.13
2004.26
1831.17
2890.25
2315.3
2950.85
2893.32
2709.54
2483.97
2905.58
2595.55
2595.62
1619.07
1687.88
1759.2
1901.6
1801.24
1757.21
1707.18
2724
2458.35
2366.49
2895.61
2844.44
2385.93
2717.13
2358.22
6966.9
6959.23
2884.44
7022.38
6985.95
4169.32
5763.03
4746.8
6956.01
6954.13
576.532
6983.45
6972.44
3396.34
4968.59
3402.34
1187.13
649.267
698.232
1667.09
1071.97
539.129
1025
841.457
7015.86
6999.1
3537.88
7011.79
6999.26
5890.12
5751.57
5405.65
6980.83
2599.54
7007.58
6990.07
5215.98
4825.46
6998.06
5875.98
3839.41
5529.96
504.04
1225.81
3891.19
4551.86
1677.52
1675.58
2254.55
5876.5
5737.72
2199.94
3807.67
5308.64
2545.03
5186.78
1598.07
1880.05
5148.02
1071.14
1440.58
1822.26
1412.13
1994.69
6960.42
6953.92
7011.35
2520.89
1210.24
6990.61
2528.52
5992.64
6952.97
6952.39
6989.82
149.665
852.903
6975.12
1302.01
6244.01
7030.51
7021.19
7032.75
1356.73
2186.45
7038.88
2718.91
6241.85
845.25
189.567
873.539
556.105
414.61
580.186
596.956
663.49
847.548
2621.13
972.087
206.262
1892.14
1899.67
283.744
968.249
6983.06
440.436
7013.9
7030.48
6156.22
1323.79
7000.49
1513.12
3236.47
1212.67
749.987
1013.51
1450.89
1001.5
860.026
798.221
6011.33
952.08
547.726
6262.51
1727.51
838.682
1717.3
729.066
6953.88
2941.55
6953.36
7015.82
3893.66
3155.54
6989.44
6834.53
1057.54
654.138
519.122
1436.31
934.702
663.356
1074.12
682.099
6953.61
633.877
6954.88
7013.71
2507.63
1311.69
6981.34
6253.9
7047.81
2701.56
7058.04
7065.53
4489.69
3916.14
7070.05
6647.88
1698.47
3232.39
4460.77
1947.19
1862.41
3162.93
2660.43
3721.29
1167.17
1639.43
866.046
1997.12
1406.45
1508.53
1086.68
1485.69
6983.25
7033.42
2251.4
7037.52
7011.07
6420.58
3496.35
3382.1
6410.08
6544.53
1737.3
950.651
2455.46
2967.23
1285.6
1534.6
6927.02
6910.4
6941.16
2206.91
4635.17
6912.46
2907.27
2722.91
6902.92
6895.26
6899.98
1765.03
4508.04
6897.15
2266.77
2745.88
6943.98
6911.7
6942.12
2475.49
4933.25
6920.18
3695.76
3606.3
1821.87
1580.77
1696.47
1518.48
1748.67
1665.08
1666.25
1589.92
4651.01
4807.51
2017.21
1778.94
2241
2370.25
1865.58
1894.44
6903.79
1735.3
6903.69
6919.34
2546.8
2260.99
6913.68
4583.51
3338.73
1962.41
1678.35
1979.59
2314.83
1876.88
2131.78
1791.8
3162.38
1901.23
1606.3
2982.85
2731.65
2069.81
2597.58
2022.22
6935.39
6909.27
6939.14
2322.42
3504.38
6917.05
3531.1
4896.71
6898.19
6893.94
6900.07
1709.06
2739.66
6895.49
2200.74
4400.74
6934.54
6905.86
6918.61
2052.11
2565.14
6907.68
2735.44
4541.18
1582.2
1452.08
1671.99
1422.47
1477.19
1527.6
1552.88
1594.37
2906.52
3030.98
1760.73
1530.68
2500.99
2623.79
1924.31
1965.11
6901.36
1666.88
6900.87
6915.04
4514.63
2189.87
6910.03
2464.27
3195.43
1823.07
1550.43
1781.32
2190.16
2014.86
1722.3
1644.99
4727.16
1866.22
1645.65
4547.41
2267.5
1759.5
2125.58
1733.95
1466.67
1717.34
1509.87
1712.5
1669.31
1623.42
1575.49
1576.47
2083.88
6931.47
6912.21
6970.13
2761.72
4638.25
2817.43
6916.86
1789.25
6902.87
6895.04
6904.21
2322.17
4492.87
2779.83
6897.06
2400.96
6973.15
6927.91
6960.53
3661.51
5320.71
3693.68
6941.11
1882.37
1637.84
1950.32
3303.9
1823.84
1738.82
2232.56
2083.15
1887.61
5090.2
4644.21
1740.12
1870.42
2631.2
1851.58
2350.75
1589.15
1882.21
3149.1
3015.01
2052.27
2080.29
2659.88
2789.85
1755.95
6910.5
6937.3
6904.55
2390.76
4774.27
2671.06
6927.64
7127.51
7113.33
7115.56
1310.16
6279.25
7137.11
3360.1
2934.94
7075.72
7027.42
7028.16
184.613
6326.84
7056.91
1659.8
956.602
7090.78
7029.61
7036.98
1937.6
5869.17
7068.51
2846.24
1347.82
783.189
173.196
697.48
313.469
669.542
549.362
581.922
401.457
6328
5904.8
967.595
498.612
2416.02
2372.41
673.912
837.402
7105.65
479.928
7062.76
7114.94
2125.18
1649
7080.64
5986.75
3703.83
1025.4
900.237
1228.11
1307.65
979.297
1055.75
945.19
2959.31
918.369
352.62
1129.28
2256.06
999.131
2315.49
384.747
314.025
167.5
472.159
375.772
287.931
427.373
466.23
457.903
165.101
5023.21
5079.74
5020.94
320.125
2954.9
2002.87
5043.74
1408.82
5110.66
5142.24
5109.34
2746.74
3966.28
3551.28
5099.88
451.593
5020.44
5080.15
5021.18
582.292
2611.77
3046.89
5045.02
172.887
497.652
298.757
381.147
370.461
414.079
179.58
430.529
370.751
2797.48
3804.13
773.972
645.003
2134.03
786.035
2020.04
843.781
477.364
2329.71
3572.45
1128.95
897.288
2192.84
2309.91
1181.95
5073.44
5043.28
5073.41
2928.53
3591.9
2908.32
5077.92
5420.16
5299.69
5213.98
2345.74
4675.8
5302.44
3782.35
3742.34
5151.95
5033.74
5022.92
1983.89
3885.63
5062.58
2683.06
2890.98
5118.27
5026.89
5044.46
2325.8
3707.59
5055.62
3076.89
3110.92
1528.07
1487.56
1646.13
1180.5
1489
1546.3
1318.06
1407.78
4227.25
3989.64
2204.19
2004.05
3078.09
3225.1
2225.83
2269.43
5179.56
1997.97
5050.35
5136.25
3218.27
2692.87
5112.23
3673.17
3384.21
1866.29
1698.89
2091.73
2444.87
1925.73
2222.81
1766.64
3337.83
1966
1674.53
2897.66
2809.72
2119.43
2647.69
1996.64
285.16
231.212
418.656
526.601
422.319
247.584
462.379
428.08
219.226
4996.52
4996.06
5034.94
1895.45
2155.42
3393.79
5020.86
717.677
4995.35
4993.42
5030.06
2084.52
2182.03
3671.64
5020.26
1297.94
5048.68
5044.28
5060.03
3421.15
3876.16
4061.87
5056.87
475.464
423.608
632.197
3162.93
515.019
498.626
747.54
632.052
226.273
3574.06
2231.92
313.071
538.126
2808.98
291.023
1960.77
752.975
901.233
3879.27
3996.43
1298.07
1075.18
3239.76
3345.61
917.676
5044.08
5044.09
5021.89
2841.99
3620.3
3451.29
5036.17
4990.54
5073.77
5024.03
1662.41
3589.56
5059.82
2826.26
3062.39
5159.9
5246.15
5171.59
2222.01
4061.26
5225.05
3520.54
4092.83
5027.04
5088.08
5003.28
1833.4
2978.07
5066.1
2788.96
3578.7
1415.15
1801.3
1513.27
1700.88
1588.55
1669.43
1573.25
1663.45
3880.5
3295.35
1640.65
1977.79
3068.09
2651.68
1888.61
1773.62
5144.74
2039.17
5147.97
5081.6
3392.18
3064.17
5087.48
3293.23
2830.35
1483.05
1807.87
1561.62
1517.8
1551.75
1565.41
1653.07
3272.1
1762.56
1895.05
3911.38
2600.39
1771.83
3002.2
1905.48
4400.43
1753
4475.34
4460.33
3252.71
2565.9
4438.93
3013.91
1255.5
1164.05
1392.57
1186.7
1213.16
1190.28
1226.89
1223.95
4555.12
1844.53
4603.14
4563.59
3601.38
2346.24
4584.07
2483.34
4516.5
1586.63
4544.34
4518.82
3493.12
2365.91
4535.38
2518.76
1598.26
3478.94
3455.98
1544.79
1753.6
2755.69
1715.75
2765.85
1382.32
1278.91
1487.28
2681.38
1466.75
1384.9
1708.85
1573.37
4517.05
4498.16
1669.58
4556.02
4528.8
3155.7
3527.29
2769.8
3031.52
2434.61
1331.62
1558.59
2682.35
2282.9
1692.22
1532.39
250.282
76.6427
133.544
418.666
292.192
99.287
357.536
221.091
47.0462
47.7684
54.0352
266.878
70.767
52.6438
150.854
121.581
127.032
89.1585
1546.31
2617.78
268.122
89.1573
2023.9
1407.19
946.488
726.131
3090.03
3395.11
1087.34
622.614
3030.7
2973.34
97.3726
172.216
442.207
205.358
135.265
195.246
172.579
237.078
52.5164
174.291
36.7407
57.2178
88.7842
98.4144
57.8218
68.7835
300.515
668.042
582.687
2739.05
505.842
536.438
550.703
556.931
158.33
2512.87
623.273
191.409
242.6
299.704
221.505
406.859
1158.29
1238.07
1097.84
1210.18
1192.84
1137.08
1167.58
1147.66
1621.55
3027.47
1854.81
3269.85
2553.32
2210.19
2590.9
2272.38
1146.55
1423.28
1148.38
1525.06
1457.14
1323.93
1387.65
1274.67
1531.32
3512.44
2147.93
3460.15
2827.35
2602.17
2775.27
2605.87
1483.98
1223.79
1472.03
2704.23
1464.6
1330.58
1588.28
1399.05
1383.28
2424.86
1630.46
1163.21
1411.39
2140.68
1337.11
1817.33
1223.52
1440.4
2838.45
1846.34
1300.69
1389.41
1987.76
2304.33
1199.26
1705.33
2551.16
1640.08
1662.99
1811.16
1830.92
2104.98
4874.05
4877.42
4956.67
1943.31
2965
4903.11
2760.48
3632
4881.84
4885.04
4998.31
2017.92
2918.89
4920.34
2726.33
3862.71
5043.33
5122.37
5218.14
2225.92
3422.07
5145.93
3138.49
4115.41
1439.14
1482.25
1707.23
1495.01
1446.82
1546.29
1528.76
1633.17
2928.35
3215.2
1628.69
1677.15
2681.37
2743.8
1938.87
1903.48
4910.82
2001.46
5033.7
4988.7
3663.19
2751.74
4968.65
3220.19
3015.97
1617.91
1669.82
1851.65
2007.72
1804.01
1824.78
1693.81
3897.64
2042.23
1940.56
4043.44
3008.77
2086.47
3001.59
2106.65
5024.86
722.458
5000.98
5007.18
4042.56
3262.65
5014.21
3626.47
277.023
191.005
105.84
230.457
220.958
176.332
229.555
114.574
4984.86
152.371
4948.88
4948.23
3407.52
1707.59
4972.64
1985.52
4987.84
392.022
4947.6
4946.85
3625.3
1871.78
4970.96
1948.15
575.553
3860.5
3943.28
448.063
618.114
3172.65
692.471
3004.05
396.003
231.888
243.908
2972.3
369.667
303.473
450.558
335.654
4996.45
4997.82
551.716
4972.55
4985.09
3322.49
3456.07
2613.45
3324.6
2000.03
165.98
163.243
2585.66
1746.47
392.034
169.503
1715.71
2106.96
1663.29
2028.9
1943.08
1839.68
1885.94
1787.65
2894.65
6987.15
6912.9
6958.78
4012.56
3765.48
4914.91
6924.44
1658.65
6896.47
6892.18
6896.05
2077.81
2600.42
4204.72
6893.22
2335.86
6931.49
6899.57
6906.55
3232.61
2805.68
4206.85
6902.14
2405.35
1766.44
2227.73
3606.95
2494.56
1949.31
2774.2
2082.41
2256.55
3172.27
2825.81
1648.02
2302.34
2715.22
2119.9
2490.69
1690.63
2046.03
4605.05
4286.47
1795.92
1882.09
2086.04
2392.13
1653.15
6896.68
6912.67
6899.57
2122.89
2390.07
4407.48
6907.27
2975.16
2976.9
2931.37
2351.89
2767.79
2980.88
2263.29
2361.67
2970.57
2955.44
2902.56
2928.64
2852.12
2966.24
2790.94
2852.84
2894.99
2882.68
2941.18
4113.64
2648.11
2892.72
2464.44
2572.36
3072.51
2464
5386.17
6751.52
3023.92
2881.08
4212.82
3943.59
2793.05
2734.33
2292.58
2627.87
2472.64
2364.73
2508.78
2372.1
2980.4
2783.5
2915.8
2936.19
2577.59
2666.43
2924.46
2740.69
2264.9
2325.49
2380.41
2911.83
2434.3
2316.69
2433.8
2387.23
2354.88
2847.35
2413.54
2607.68
2392.4
2551.79
2475.51
2644.22
4893.97
4893.01
4959.97
1754.54
2762.56
4912.96
2523.89
3447.42
4889.68
4892.21
4959.72
1679.21
2602.08
4906.46
2290.73
3501.01
5031.03
5048.77
5126.05
2359.46
2984.38
5055.68
2897.38
4054.61
1418.79
1388.6
2051.19
1849.28
1582.28
1593.96
1887.76
1866.71
2657.24
2904.77
1468.23
1428.91
2351.4
2431.03
1693.97
1701.06
4907.29
1673.84
4976.84
4972.87
3406.06
2302.28
4950.68
2769.5
2756.99
1513
1492.63
2063.28
1885.36
1671.88
1839.71
1654.73
3726.79
2116.59
1669.89
3796.82
2577.44
1977.13
2533.94
1866.35
244.135
138.64
315.736
426.527
315.138
164.236
369.517
323.69
148.753
4938.6
4937.13
4973.04
1679.52
2002.25
3383.15
4961.74
458.504
4936.34
4935.49
4972.54
1860.67
1914.86
3686.08
4961.31
1163.52
4987.41
4988.73
5000.43
3276.33
3669.72
4070.68
5000.39
303.278
301.222
433.397
2953.22
357.42
342.487
513.551
428.613
159.622
3299.76
1974.15
207.356
385.377
2558.21
193.688
1745.68
597.393
780.031
3862.81
3966.03
1029.61
920.635
3001.26
3187.7
713.261
4986.78
4984.73
4961.45
2596.91
3318.92
3471.92
4973.9
4968.63
4970.08
5043.61
1894.03
2961.47
4992.32
2713.1
3628.94
4984.69
4996.81
5116.51
1983.28
3069.88
5032.1
2789.85
3783.16
5149.88
5271.03
5398.75
2275
3478.55
5292.6
3078.61
4145.37
1378.98
1492.49
1746
1501.27
1450.06
1542.69
1524.27
1643.99
3009.44
3251
1581.89
1666.63
2722.9
2743.64
1921.64
1858.05
5012.38
1928.55
5157.26
5087.74
3685.25
2816.56
5070.96
3305.57
2958.76
1549.99
1646.81
1843.9
1937.05
1741.35
1817.84
1674.78
3858.22
2081
1849.56
4005.79
3005.19
2055.42
3014.65
2051.98
5064.61
415.45
5053.21
5051.86
3827.26
2523.23
5061.57
2976.91
320.966
151.539
80.0347
62.1807
192.432
195.328
110.731
65.7615
5036.51
93.0525
4997.57
4995.37
3484.27
1216.97
5021.12
1462.84
5033.16
115.886
4995.32
4995.91
3559.9
1471.32
5018.45
1734.74
305.501
3717.38
3822.77
209.199
270.204
2478.35
246.138
2425.42
268.455
170.071
163.084
2117.71
210.204
171.511
233.853
183.17
5048.25
5046.16
203.688
5020.21
5033.29
2812.86
3561.7
2098.01
2559.68
1668.55
113.388
81.7387
1913.97
1432.63
175.423
111.477
46.9824
45.2828
113.587
53.0902
52.6379
78.033
89.97
96.9694
64.9231
273.406
537.726
156.669
112.4
356.019
269.984
408.886
402.585
1110.79
3467.17
2957.64
568.753
1165.26
2705.28
3019.8
91.5215
139.255
2475.22
1513.68
97.2528
243.03
1334.21
1958.54
53.7349
119.751
55.7145
68.0938
114.254
110.503
71.2987
93.8239
103.309
217.595
600.932
186.165
163.149
253.916
201.745
295.466
214.708
128.689
184.077
2230.15
207.241
162.235
271.144
230.28
320.937
2648.99
319.574
743.255
525.35
506.292
570.715
530.067
2388.06
2822.28
2502.67
1798.5
2633.15
2799.69
2165.83
2263.13
3260.72
5001.49
3068.46
5421.74
3798.91
4158.34
3574.58
3922.1
2337.91
2446.57
2534.98
2026.14
2099.3
2341.35
1926.66
2112
2438.86
5380.71
2327.93
5171.58
3162.55
3847.84
3031.93
3420.63
2892.71
2406.43
1958.81
3302.85
2512.99
2255.85
2559.55
2238.74
3072.82
3956.11
2848.02
2616.6
2667.35
3066.77
2704.36
2619.05
2008.35
1951.53
3228.18
1945.14
1857.66
2204.66
2033.12
2762.62
2101.09
2132.02
3697.22
2463.39
2064.3
2217.49
2302.28
2561.63
4553.95
198.428
4552.47
4611.13
2742.54
263.106
4578.11
2080.11
209.483
280.11
136.429
497.515
430.461
217.054
459.449
363.441
4552.88
148.635
4555.17
4607.46
1926.49
266.03
4574.1
2618.62
4640.66
1210.45
4638.86
4671.07
3362.64
2597.84
4631.96
3612.68
436.601
2267.46
3295.27
746.335
639.907
2041.86
821.444
1949.58
133.917
497.881
140.152
288.745
377.387
394.302
158.688
355.327
4575.1
4605.91
1021.41
4602.59
4607.36
3136.89
2802.18
2742.28
2426.56
3414.33
643.272
326.184
1989.56
1899.93
548.064
658.457
257.553
141.079
309.65
572.685
126.509
92.5483
379.26
407.061
499.024
2264.28
136.588
3019.19
1129.32
1070.25
1497.17
1593.85
317.27
95.756
340.813
737.437
166.723
100.335
351.711
270.004
1689.1
3251.27
1370.27
4766.83
2321.99
2372.99
2990.21
3216.37
310.647
153.243
817.153
1971.89
503.92
432.717
1103.35
784.947
258.792
2004.28
124.637
107.759
519.833
1039.39
131.462
166.876
389.348
1305.67
2030.76
725.9
873.548
1432.14
308.209
1512.94
325.396
582.617
2107.3
168.419
199.882
244.141
185.089
245.497
5094.83
2209.75
5178.38
5109.93
3229.17
3123.36
5131.58
3847.9
1681.58
1668.87
1929.98
1644.3
1659.47
1761.62
1734.5
1812.99
5275.39
2498.33
5373.44
5310.81
3841.97
3647.01
5316.36
4131.76
5127.61
2188.16
5236.63
5146.48
3287.01
3031.74
5174.48
4006.55
1853.55
3591.85
3229.82
1816.6
2134.05
3050.26
2148.48
2980.11
1885.67
1800.85
2144.05
3443.41
2054.19
1911.72
2313.27
2065.06
5223.66
5154
2080.22
5250.43
5207
3904.1
3521.92
3049.69
4086.11
4127.62
1956.55
2239.67
3336.34
3251.53
2239.56
2163.79
1403.75
1430.2
1412.66
1528.75
1484.43
1398.41
1534.72
1473.95
1868.87
4485.6
4486.53
4556.18
2668.87
2806.83
3429.92
4510.53
1918.4
4491.1
4496.45
4586.31
2583.06
2742.7
3604.16
4526.32
1900.06
4620.04
4656.76
4673.35
3050.33
3303.95
3694.66
4661.09
1568.77
1586.12
1655.68
2908.59
1714.05
1566.87
1913.08
1681.16
1563.22
3071.16
2742.7
1593.5
1814.99
2596.6
1829.07
2524.24
1840.97
1796.47
3663.47
3727.91
1977.31
1926.46
2860.84
2897.81
1904.44
4607.2
4580.1
4515.95
2616.1
3046.52
3396.45
4564.52
5565.48
5634.31
5591.17
1800.99
3625.62
5626.96
3004.72
3350.81
5714.89
5810.18
5735.89
2962.64
3775.9
5799.44
3470.04
4252.55
5590.74
5645.03
5553.51
1818.36
3358.05
5630.92
3080.15
3878.37
1809.98
2735.77
1770.73
2833.97
2347.36
2372.9
2102.02
2157.83
3862.26
3571.79
1732.94
2530.13
3161.39
2755.79
2173.54
2004.69
5706.11
2630.85
5721.38
5654.59
3581.61
3048.9
5657.9
3589.5
3109.91
1650.1
2236.84
1679.05
1761.63
1822.04
1815.14
2013.58
3644.5
1812.07
2373.48
4160.62
2838.76
2016.01
3282.6
2165.04
1482.91
81.0763
120.728
2493.87
1253.46
73.6317
1900.84
165.441
50.2038
41.3217
58.6508
101.009
81.5232
44.7127
95.3
99.2397
136.337
120.426
328.653
575.573
242.619
96.5936
400.418
355.708
2977.75
332.001
1177.23
3523.85
2514.98
476.987
2914.54
992.414
120.474
162.266
2081.51
192.494
133.692
169.831
183.993
211.954
44.0251
106.25
48.1424
62.3769
80.8716
93.3332
63.5003
100.93
295.95
2547.33
275.903
681.025
477.666
396.206
512.321
434.229
190.913
536.93
169.535
170.866
214.674
244.565
155.192
206.755
384.738
252.265
652.899
464.892
353.182
539.181
600.04
617.096
258.296
5544.86
5622.58
5543.65
479.971
4003.36
1686.28
5576.2
1318.81
5676.35
5711.43
5643.3
2426.67
4657.89
3307.29
5670.89
752.107
5542.8
5597.34
5542.68
664.34
3590.9
2902.89
5568.47
235.817
721.843
413.875
488.083
493.92
522.026
232.117
552.493
567.733
3688.82
4684.82
903.225
758.361
1884.37
872.791
1817.09
1020.17
840.238
1940.04
3302.03
1319.42
1064.02
2178.39
2281.64
1227.51
5615.36
5572.64
5631.01
2480.57
4572.24
2208.5
5615.69
1822.78
2234.44
1949.64
2392.63
2021.04
1828.65
2273.11
2099.78
2632.79
3049.78
3622.88
3242.7
3149.27
3080.28
3464.92
3651.48
2354.58
3447.23
3190
2838.77
2870.04
2939.37
2816.68
3291.76
2740.02
2712.88
2695.73
2575.25
2858.18
2862.45
2645.06
2683.37
2254.47
2305.6
2452.29
3016.3
2760.22
2261.73
2728.56
2289.15
2100.15
2978.61
2999.19
2196.58
2747.57
2934.74
2362.03
3115.31
2420.94
2803.25
2826.81
2661.34
2491.02
2909.9
3113.77
2877.62
2500.06
2821.18
2874.74
3465.32
2695.03
2664.66
3152.92
2974.68
4960.21
2910.12
4865.2
4878.78
3837.14
3443.69
4889.54
3362.98
2424.34
2391.48
1255.71
1508.55
2071.13
2079.63
1765.99
1733.63
4773.75
1537.13
4705.79
4713.5
3256.57
2380.98
4730.03
2666.16
4804.45
1898.31
4726.07
4747.58
3526.04
2561.3
4758.84
2875.28
2341.64
3473.71
3769.24
1818.87
2044.85
2668.88
1957.36
2675.73
2437.56
1651.78
1316.02
2512.93
1997.91
1724.91
1829.91
1550.16
4801.43
4818.46
1765.91
4741.33
4781.13
2939.03
3308.54
2437.22
2831.7
2694.78
1565.51
1220.14
2240.73
2332.32
1480.72
1566.99
4884.12
379.835
4871.66
4875.26
3724.69
2658.16
4881.22
3111.34
246.983
189.751
79.3949
99.5059
207.499
238.111
145.102
67.7487
4857.24
97.6616
4819.6
4819.24
3343.83
1283.56
4842.98
1533.79
4857.87
128.017
4818.62
4818.44
3544
1543.42
4842.19
1692.32
329.909
3598.44
3790.92
263.007
326.911
2659.77
345.593
2645.83
275.478
176.222
174.091
2215.31
230.176
186.531
239.252
191.237
4867.68
4869.76
296.337
4842.87
4855.01
2914.68
3418.67
2246.38
2659.19
1697.22
121.154
86.6161
1999.63
1465.37
180.774
123.145
6799.33
1819.35
1698.82
7026.64
4950.94
3334.17
4749.07
2270.75
833.88
397.362
402.981
856.575
728.684
442.794
725.257
473.921
636.356
404.783
445.271
714.828
754.4
542.226
628.361
549.304
6680.26
1497.87
1279.83
6985.28
4408.98
1674.51
4492.01
1458.67
1450.4
1874.99
4748.86
1438.42
1682.88
2089.04
1892.57
2351.4
894.696
1090.68
502.855
1517.88
1164.81
964.649
1100.81
851.521
972.984
4129.67
1373.03
1009.77
1021.3
1244.36
1194.67
1253.94
864.11
838.879
1055.96
493.881
866.397
1128.77
796.014
930.141
246.03
207.472
461.04
259.826
181.792
419.744
429.014
440.317
306.428
5570.93
5651.78
5568.66
461.837
4028.04
1695.82
5607.44
1157.11
5716.73
5750.48
5681.98
2535.93
4657.77
3295.5
5703.62
268.644
5567.22
5633
5568.43
370.104
3153.31
2727.94
5594.99
168.813
520.66
175.689
406.837
455.473
472.145
210.824
471.487
523.63
3602.58
4790.06
857.407
748.783
1934.77
863.351
1869.54
706.654
465.743
2094.53
3294.74
939.739
776.707
2172.52
2292.66
1078.89
5640.59
5599.3
5666.34
2688.01
4295.09
2425.58
5644.86
4963.12
1776.71
5030.3
5048.97
3510.02
2980.51
5047.77
3247.58
1645.23
1936.72
1729.41
2103.15
1869.34
1820.36
1980.47
1938.98
5052.83
1874.4
4990.21
5137.62
3257
3025.89
5110.27
3658.72
5160.07
2343.01
5272.91
5323.27
3695.97
3225.23
5309.42
3720.78
1651.15
3488.87
3727
1989.76
1826.86
2772.43
1909.75
3098.38
1592.9
1928.01
1680.58
3105.47
1701.47
1809.63
1711.95
1751.22
5130.97
5153.11
2191.58
5242.73
5136.96
3384.9
3417.61
2875.1
3521.86
3853.15
2122.37
1801.4
2820.75
3154.5
1952.03
2051.36
6951.07
2029.82
6951.68
6994.74
3151.54
2239.07
6975.53
6093.23
830.52
610.175
532.598
1323.67
892.163
536.3
1033.73
779.42
6952.47
775.466
6957.23
7016.07
2341.46
1115.44
6984.47
6351.34
7029.13
2641.09
7059.36
7070.24
3965.22
3412.33
7069.03
6655.19
1518.51
2405.59
3820.64
1858.38
1435.47
2841.24
1974.79
2971.94
848.475
1588.83
784.702
1305.73
917.638
1488.56
452.222
1525.95
6976.21
7015.41
2303.22
7037.05
7000.68
6420.46
3121.42
3309.26
6020.99
6475.33
1908.31
1432.08
2512.88
2692.06
1580.6
1746.56
6899.84
6910.86
6922.46
1572.22
4530.61
6908.16
2460.52
2477.54
6922.64
6944.13
6995.73
2028.75
4613.16
6933.96
2492.89
2898.16
6957.67
7005.65
6997.98
2343.52
4982.03
6990.59
3716.14
4027.08
1484.8
1729.39
1756.94
1557.03
1599.86
1679.5
1679.09
1785.93
4739.16
4710.45
1600.11
1781.81
2110.03
1971.46
1704.05
1687.2
6918.87
1905.01
6975.33
6939.75
2274.7
2226.51
6947.1
5002.33
2989.13
1540.87
1859.39
2010.44
1805.69
1642.56
1921.84
1742.62
3115.61
2148.57
2020.71
3598.34
2782.95
2090.25
3136.73
2166.97
634.476
938.592
321.374
1122.85
706.021
483.248
807.701
728.791
2673.61
6961.28
6954.06
7014.08
2959.71
1151.27
6083.85
6991.15
170.134
6953.05
6952.43
6990.04
1380.11
832.188
6275.74
6975.38
1852.79
7031.67
7020.11
7026.12
3394.78
2684.47
6205.34
7036.14
1372.04
971.782
1402.3
3891.99
1279.35
1030.62
2021.12
1139.72
1091.19
2910.44
909.042
272.42
1208.33
2118.83
412.37
2122.06
713.733
1277.29
6027.5
6272.27
960.057
1123.53
2032.28
2045.56
569.905
7013.56
7031.97
6984.16
1413.16
1718.94
6131.44
7001.46
1384.01
1325.05
1526.01
1461.14
1373.66
1402.88
1434.68
1452.39
1480.38
6897.26
6905.65
6912.21
2454.92
4409.22
2511.19
6903.59
1899.99
6913.63
6932.21
6960.75
2448.09
4531.29
2868.59
6922.17
1928.13
6930.57
6961.46
6949.46
3496.48
4754.55
3847.72
6952.43
1390.72
1616.12
1610.57
2896.46
1447.82
1512.69
1586.89
1666.11
1476.2
4554.96
4616.53
1661.48
1555.93
1978.3
1574.98
2109.92
1728.76
1687.38
3058.68
3508.28
1894.9
1824.59
3033.13
2673
1776.59
6947.22
6923.88
6911.19
2181.78
4793.92
2289.04
6928.64
4868.56
4849.92
2065.51
4954.58
4895.3
3137.59
3801.1
2894.9
4834.45
4827.12
2184.36
4903.34
4856.65
3126.5
3696.95
3084.67
1413.76
1497.61
1272.47
1474.11
1409.46
1332.71
1379.89
1351.64
5024.82
4993.69
2091.95
5076.2
5026.32
3629.51
3846.91
3396.74
4874.96
1931.91
4966.92
4941.32
3709.19
2905.97
4924.82
3354.6
3076.5
3437.35
1741.42
1667
2845.03
2921.74
2037.26
2019.47
1766.27
3886.97
3883.59
1844.18
1963.58
3084.81
1964.75
3148.96
1607.91
1759.18
3339.07
1742.74
1639.03
1760.38
1895.12
2159.11
319.726
722.954
162.612
644.523
546.284
636.753
359.699
521.252
1249.6
7123.94
7110.3
7113.4
3059.1
6284.21
2614.6
7132.94
163.726
7073.88
7027.23
7027.65
1479.67
6325.1
857.167
7055.29
1829.54
7084.72
7028.21
7033.52
2355.3
6041.32
920.809
7063.13
888.101
711.475
994.422
3264.63
811.923
753.401
1153.25
858.792
919.964
6029.86
6320.67
459.9
800.265
2092.62
635.928
2104.36
215.252
560.619
2471.37
866.644
265.065
794.565
1908
1873.45
434.161
7059.32
7110.07
7102.68
1481.29
6128.08
1859.5
7077.7
6951.31
7007.37
6952.88
1816.3
2759.86
6979.08
1408.49
6221.48
7050.03
7082.95
7061.48
2057.7
3933.94
7075.95
3409.58
6604.48
6953.58
7013.98
6954.98
503.721
2350.99
6980.67
1186.95
6214.06
752.418
1097.76
444.874
502.339
796.823
923.991
487.258
606.138
3524.37
2617.36
1480.71
1544.77
2965.93
2621.57
1878.96
1401.59
7026.89
1793.26
7036.59
6980.16
6263.07
3006.66
7009.57
3137.05
1417.83
819.524
1460.17
796.126
614.138
1095.04
1494.19
1473.1
6202.6
755.586
1392.03
6496.8
2287.34
1034.15
2704.05
1241.14
285
257.503
501.783
227.166
257.867
475.209
427.376
477.28
197.976
4775.34
4832.44
4773.63
283.572
2831.15
2045.47
4797.55
1473.72
4864.74
4893.87
4860.12
2714.71
3697.54
3755.9
4857.12
210.87
4773.66
4828.53
4775.03
300.232
2107.35
2769.46
4795.86
163.216
523.975
157.184
358.02
428.164
480.943
193.676
451.194
424.068
2514.31
3593.16
846.235
695.143
2103.63
916.95
2004.47
833.437
363.965
2476.09
3596.57
941.128
724.195
2021.54
2128.21
1257.47
4826.04
4796.65
4828.71
2902.67
3117.26
3104.06
4829.98
1338.66
1611.81
1286.42
1612.88
1441.14
1470.34
1467.38
1552.74
2186.31
4330.85
1869.61
4891.43
2856.13
3098.51
2772.53
2950.84
1308.17
1381.82
1286.83
1701.15
1379.26
1313.02
1367.81
1409.25
2446.64
4966.14
2168.82
4756.71
3110.44
3682.46
2963.85
3324.62
1803.7
1340.8
1834.95
3107.83
1809.34
1707.06
2313.11
1998.2
1887.56
3521.79
1642.25
1329.96
1921.31
2397.1
1421.05
1582.45
1345.27
1926.91
3005.49
1708.47
1577.28
2155.17
1711.7
2660.02
1398.48
1826.41
3280.81
1601.8
1467.68
1766.8
1548.55
2006.87
9829.85
9863.2
5755.01
9840.74
9850.46
8621.71
7866
7342.49
9837.54
9853.63
9852.49
9828.65
9819.06
9901.7
8762.3
9803.62
6094.29
9838.2
9820.54
9884.62
7919.39
8553.36
8788.1
9843.82
9881.79
9859.72
9945.6
9918.1
9892.25
9304.38
8275.57
9897.35
9819.32
5377.53
9851.04
9838.75
8063.23
7284.99
9821.3
8256.63
8824.05
9368.63
8448.1
5363.34
7639.31
8366.24
5388.61
7372.25
5621.53
8063.61
8536.18
8576.65
6065.03
7323.52
7614.58
8033.65
5452.61
9900.45
9833.41
9840.17
7319.17
8369.98
8233.43
9866.88
9709.32
9770
9840.46
9800.44
8993.97
9801.76
9801.92
8877.16
9777.41
9730.71
9716.96
5256.24
8101.07
9761.05
7184.81
7475.4
9881.19
9757.76
9806.84
9906.08
9643.76
9867.34
9870.88
9497.55
9857.05
6063.92
9892.72
9835.92
8813.08
8557.95
9881.9
9668.5
8404.83
9421.45
8427.45
5394.26
8005.2
8563.9
6751.96
8065.5
9792.53
5516.93
9802.4
9863.69
8703.74
7866.8
9810.39
8433.41
9866.24
9859.89
5522.34
9922.2
9893.4
8875.94
9079.64
8354.13
9132.8
9606.56
5193.18
7809.07
8982.1
9057.34
7672.99
5377.25
9724.88
9887.15
9754.4
9689.1
9784.25
9841.51
5753.41
6325.44
9992.86
10005.9
9852.5
9824.38
10016.8
10027.3
7167.15
7423.73
9722.08
9763.47
9679.41
6085.8
8948.52
9735.88
7231.22
7567
9698
9759.41
5174.69
9740.23
9747.12
8406.13
5180.06
6095.31
9933.28
8975.81
9740.4
9816.76
6802.26
6297.85
9774.26
8891.33
9972.64
8920.69
9822.94
9778.38
7044.33
6848.56
9816.4
8984.52
7266.26
4827.36
6441.7
4126.5
4707.32
5636.11
4701.87
5520.88
7532.13
4330.62
6884.59
7599.31
7195.17
4999.63
7240.62
5570.31
9777.6
9781.29
9782.55
9927.38
9835.67
6658.43
9889.19
6964.19
9790.99
9829.41
5322.74
9827.57
9832.3
5554.73
8442.83
6869.32
9718.88
5620.17
9649.19
9734.6
8843.09
6919.71
9720.03
7331.55
10004.5
9852.38
9824.45
9983.87
10018.2
7140.74
10016.5
7321.39
9825.91
8956.3
9966.01
9869.6
8962.65
6821.63
9834.66
7141.96
5102.26
6414.36
4285.43
7157.1
5798.54
5624.18
4744.78
4679.91
9793.52
9995.75
8784.09
9815.14
9823.75
7242.91
8997.11
6990.37
7382.89
7441.33
7091.4
4677.95
7059.52
7112.29
4993.11
5551.56
9662.85
5677.67
9721.22
9738.98
6914.08
6476.38
9736.91
8577.63
5838.35
9870.43
9898.04
9856.69
6976.73
7354.47
8809.1
9866.44
9773.83
9877.81
9993.97
9937.88
7117.78
7202.11
9946.11
9966.04
9822.05
9869.99
9909.75
9944.69
6896.18
6817.12
9916.57
9906.45
4745.34
6307.86
7083.59
7027.07
5098.49
6084.41
5457.06
6423.19
4847.89
7042.6
7088.81
5929.01
4915.43
7011.85
4820.3
6613.65
9787.74
9807.82
8666.65
9908.02
9786.06
8604.79
6768.4
6878.79
8597.67
9917.73
9843.75
9847.48
6949.34
6845.49
8640.85
9870.94
9794.59
9791.52
9722.6
9822.07
10175.5
9725.48
9748.5
8622.2
9790.55
9771.6
9776.51
5288.3
8537.5
9766.74
7540.69
8420.36
9692.36
9748.39
9646.68
9771.57
9079.25
9707.06
9711.71
8481.56
9854.46
6018.92
9838.68
9864.62
8815.83
7846.44
9839.21
8795.39
8594.1
9270.29
8913.55
5459.55
7239.65
8143.27
5469.3
7367.47
9754.07
5433.29
9758.86
9709.35
7964.71
7042.5
9745.05
8274.25
9721.06
9787.39
5501.29
9798.45
9771
7872.4
8252.05
7087.66
8284.44
8432.32
5718.13
8424.99
7719.32
7455.35
7458.32
6566.52
9975.67
9948.11
9863.47
9848.55
9948.96
9940
7085.77
6905.55
9979.57
10035.7
9833.18
9883.22
9992.84
10006.6
7224.84
7927.01
9782.79
9772.49
9705.33
6675.17
8590.36
9738.57
7247.77
7425.86
9793.76
9859.21
5856.13
9779.87
9821.7
9579.39
6194.1
7123.93
9948.35
8671.9
9854.23
9867.26
6745.61
6839.25
9852.21
8927.2
9957.35
9482.5
9792.99
9806.59
6932.61
6897.22
9835.11
8514.71
7198.67
6675.35
6328.49
4391
5590.87
6257.35
5227.04
5883.08
7144.95
5328.8
6894.57
7454.24
7001.14
5293.82
6724.57
5408.26
9788.89
5806.85
9775.54
9834.27
7159.94
6382.88
9810.29
9594.89
6265.61
9782.23
9828.57
9866.95
8193.64
8789.21
8294.1
9876.68
9791.5
9898.69
9842.76
9997.57
8007.98
7761.15
9961.86
9906.19
9896.97
9949.23
10061.3
9995.46
7950.02
7856.7
10054.5
10068.4
5439.98
6554.2
7500.89
7984.07
5320.42
6299.04
6069.47
6804.89
5526.46
7969.77
8732.26
5900.03
5076.14
7577.36
5172.47
8100.76
9831.7
9884.42
8818.8
10062.7
9868.84
9464.43
8201.61
7755.86
9558.4
10036.5
9984.43
9948.82
7655.81
7894.04
8725.98
9951.52
4925.46
4782.39
4782.31
2801.47
3980.92
4825.1
2985.95
3249.73
4664.66
4573.37
4558.14
1926.48
3486.29
4598.71
2645.47
2917.66
4636.86
4545.36
4530.85
1810.5
3418.28
4573.24
2552.75
2803.01
2342.6
1755.25
1452.66
2236.06
2321.54
1960.53
1940.03
1817.58
3700.63
3646.74
2652.29
1940.55
2808.23
2832.91
2163.29
2359.4
4693.91
1927.28
4590.49
4691.32
3074.04
2649.1
4654.8
3473.55
2811.44
2125.56
1754.22
1550.56
1947.24
2050.58
1793.57
1868.75
3077.84
1575.32
1699.28
2866.77
2633.27
1841.08
2616.42
1877.8
4560.47
187.648
4559.28
4611
2620.09
264.974
4580.54
2022.54
203.081
273.803
196.01
414.961
386.216
238.857
394.595
385.755
4559.32
187.142
4560.66
4607.46
2079.45
269.466
4578.74
2531.75
4636.18
1295.44
4632.08
4654.52
3469.89
2564.85
4626.05
3510.11
321.039
2375.62
3368.6
717.249
630.859
2041.31
827.408
1934.82
146.08
436.884
143.831
343.092
390.025
410.293
171.025
378.517
4579.74
4605.65
1113.27
4602.51
4610.36
2968.9
2994.86
2764.29
2334.02
3345.03
722.022
320.298
2053.48
1943.24
636.448
845.054
9707.87
9798.22
2936.93
9684.9
9719.13
6567.33
4976.87
4313.01
9914.6
10046.9
8166.89
9945.89
9927.53
7899.07
6226.47
6455.78
2121.84
5103.03
3893.22
1913.26
2654.99
3840.96
2357.29
3245.92
9683.62
9795.37
2617.83
9690.95
9711.93
6280.8
5002.98
4658.35
9801.09
2845.4
9706.37
9812.69
5283.03
4232.49
9770.72
6200.74
7115.49
6851.69
6008.39
2858.53
4803.81
4983.53
3396.9
4407.9
2345.56
4906.25
5512.97
1993.29
2795.06
4218.43
2661.44
4308.64
2428.35
2082.55
5261.14
4657.47
2874.04
2711.97
3657.27
3441.86
301.859
349.83
484.113
262.434
222.287
476.641
453.214
467.266
379.574
5364.46
5424.47
5363.68
479.726
2834.3
3076.76
5388.25
1379.2
5466.09
5528.09
5500.79
2589.49
3371.11
4500.26
5482.11
327.646
5364.94
5444.16
5367.13
488.563
1697.33
3921.87
5401.56
233.375
525.723
200.509
451.476
487.791
502.103
237.68
491.34
507.438
2130.33
3407.09
794.437
908.832
2328.89
1141.94
2208.62
933.158
529.446
3484.49
4629.58
962.491
813.845
1890.51
1965.73
1238.49
5455.36
5393.37
5427.85
2764.67
2512.59
4141.07
5434.35
7149.11
7190.71
7126.34
960.527
4213.55
7144.09
2883.63
5058.29
7227.04
7289.74
7227.79
2033.47
4953.72
7209.67
3870.36
5455.74
7123.82
7190.8
7118.95
1918.47
4747.88
7120.38
3783.03
5145.18
790.565
1176.83
947.243
574.895
819.083
885.619
793.739
893.848
4692.31
4585.42
1046.93
1548.8
3550.89
3538.63
1526.26
1277.93
7178.45
1773.44
7166.18
7127.2
5121.28
3615.74
7168
4861.78
3323.38
951.144
1495.4
1446.01
1367.44
1273.09
1494.86
1229.32
4851.17
1754.97
1829.19
5466.06
3547.57
1687.53
3999.76
2039.4
9747.21
283.441
9738.84
9885.89
6079.84
544.458
9800.56
3339.47
171.295
193.279
181.904
456.647
372.1
133.427
403.988
380.205
9737.79
317.904
9742.05
9858.51
4073.65
535.865
9783.02
5490.6
9947.22
1537.55
9921.31
10011.5
6792.93
4365.49
9906.91
6214.64
480.765
4935.22
6892.67
1000.36
946.374
3524.05
1173.18
3250.37
149.35
453.906
146.331
489.167
402.03
414.699
250.631
395.489
9781.68
9862.93
1347.99
9841.27
9855.18
5100.79
5975.73
4848.19
4207.94
6250.18
928.33
465.155
3730.78
3418.24
923.923
1225.93
7373.25
7265.84
7127.92
2977.79
4009.02
7245.6
3498.17
5522.05
7312.01
7264
7167.93
3176.73
5212.58
7255.65
4441.27
5578.1
7022.68
7042.28
6954.57
2138.33
3867.93
7007.35
3170.83
4691.76
1928.91
1954.75
1590.41
1406.81
1676.44
1822.41
1552.71
1674.39
5192.03
3968.04
2496.83
2674.79
4396.39
3963.27
3302.66
2919.71
7258.53
2838.46
7122.36
7109.99
5559.58
4113.85
7153.61
4276.95
3307.53
2206.23
2358.71
1795.13
2361.36
2521.75
2012.33
2142.07
5032.15
2025.44
2484.82
5112.84
3447.58
2282.14
3580.69
2391.35
7283.2
7356.95
7186.95
3347.08
5129.6
7297.43
4376.71
5602.6
7322.64
7470.28
7165.26
3447.83
5586.03
7274.37
4658.45
5358.21
7052.07
7038.65
6964.28
2197.45
4026.95
7009.71
3339.43
4849.35
2081.28
2063.27
1637.2
1442.23
1776.36
1894.34
1626.9
1710.61
5459.25
4491.65
2803.7
2919
4588.28
4255.58
3454.06
3005.43
7280.71
2960.14
7106.18
7133.11
5525.34
4280.73
7183.33
4549.56
3759.83
2465.06
2528.06
1890.98
2507.53
2615.14
2118.61
2259.44
5191.38
2104.76
2564.66
5028.9
3663.67
2381.03
3776.58
2487.46
7073.37
7083.87
2703.59
7134.03
7131.72
4661.32
5938.16
3837.07
7083.15
7107.14
2277.72
7136.2
7128.5
4478.51
5361.9
3604.55
1375.55
1540.71
859.172
1402.31
1544.9
1222.84
1462.59
1115.46
7159.29
7146.88
1691.84
7176.73
7208.22
3271.41
5691.02
2770.13
7124.59
2610.68
7182.03
7160.87
5300.32
3304.73
7108.36
3300.21
4286.55
3974.85
1998.85
2335.76
3612.28
3102.56
2791.49
2532.18
2385.58
5842.56
5507.32
1820.17
2206.22
3009.12
2061.39
2645.29
2060.56
1584.26
3260.85
1670.8
1802.81
1739.94
2027.42
1950.02
7025.11
2437.6
7078
7090.48
5678.07
4578.59
7057.53
4406.03
1181.55
779.354
1283.9
1181.24
1221.65
1206.1
1213.25
1174.1
7102.06
1979.13
7130.68
7155.1
5659.19
4536.07
7121.01
4498.31
7137.94
1716.78
7161.55
7176.64
5742.15
2999.83
7147.91
3296.54
2352.97
5652.4
5734.58
1879.03
2267.26
3789.94
2004.88
3541.62
1946.33
1548.6
1762.24
4485.89
1900.28
1684.5
2036.6
1909.74
7092.74
7109.08
1847
7135.85
7132.49
3621.23
5632.13
3206.96
4293.1
3473.96
1520.69
1706.04
3539.85
3138.72
1829.1
1713.39
7151.08
7165.69
7117.34
1488.73
2625.96
7130.2
2307.67
5562.3
7165.12
7162.23
7153.82
1328.91
3029.41
7139.76
2550.64
5423.26
7101.82
7130.36
7058.45
2111.49
2745.92
7083.72
2621.95
5837.3
1024.69
802.105
869.711
590.032
691.317
815.955
693.161
830.425
2889.23
2931.86
1105.69
1088.72
2417.68
2534.77
1270.39
1285.72
7141.62
1493.85
7125.18
7107.4
5568.66
2510.88
7145.79
2760.9
2792.34
1118.3
1067.25
1248.66
1430.9
1327.73
1228.09
1133.47
5538.59
1976.28
1532.88
5573.03
2512.27
1893.74
2462.3
1703.08
6950.83
6970.55
6934.15
1934.22
3855.42
6959.38
3507.77
4773.62
6968.39
6932.97
6914.54
1988.62
2932.88
6922.04
2499.68
4606.52
6913.7
6907.38
6898.52
1565.34
2593.74
6905.35
2515.85
4480.59
1448.45
1615.3
1372.8
1367.63
1501.83
1522.33
1422.2
1453.69
3564.92
3106.81
1654.13
1802.89
3100.55
2728.35
1943.57
1869.87
6952.95
1856.81
6912.61
6926.55
4801.53
2231.63
6931.74
2401.82
2926.19
1575.38
1667.12
1450.42
1629.75
1699.19
1504.74
1565.67
4571.35
1567.03
1730.28
4672.41
2068.73
1646.6
2225.77
1675.05
8451.43
1943.45
8460.32
8508.19
4487.53
3466.36
8496.87
4153.9
1228.47
1005.82
1290.72
1457.87
1243.62
1162.03
1386.18
1257.39
8461.86
2044.28
8447.9
8515.62
4262.45
3559.79
8504.87
4710.43
8582.37
2353.5
8584.36
8641.18
5476.09
4192.86
8660.11
4630.49
1736.85
4509.16
4827.88
1961.8
2064.51
3098.47
2107.14
3780.43
1566.01
1773.08
1625.11
3614.67
1677.2
1573.1
1851.95
1725.02
8506.61
8571.07
2318.21
8582.26
8514.9
4563.13
4878.12
3501.11
4453.78
4810.82
1934.32
1836.24
3189.77
3901.54
2139.45
2185.38
1467.58
1964.49
2044.1
1696.49
1616.7
1745.63
1711.66
1876.89
3009.21
7220.73
7270.63
7161.04
4229.93
4893.9
5512.7
7235.25
3216.74
7292.67
7376.61
7144.4
4153.11
4791.64
5302.88
7260.01
2281.02
7047.8
7024.57
6961.98
3429.63
4133.59
4863.03
7002.29
2299.77
2354.07
1941.73
3905.29
2494.55
2195.35
2494.22
2138.01
2560.92
4638.62
5036.39
2645.54
2843
4245.34
3134.44
4327.19
2509.12
2167.29
5199.26
5019.1
2575.41
2463.09
3866.55
3771.06
2892.09
7087.47
7111.51
7237.71
4211.99
4652.34
5478.92
7156.06
4971.06
3001.76
4845.52
4870.33
4201.07
3314.78
4904.29
3423.99
2608.82
1983.13
1448.5
1553.63
2402.5
2078.61
1874.16
1727.15
4747.2
1855.34
4680.28
4678.82
3405.14
2617.09
4698.2
2741.24
4762.39
1870.13
4681.43
4687.16
3598.53
2492.38
4707.05
2700.02
2743.8
3716.73
3870.83
1969.53
2417.16
2899.96
2230.83
2841.37
2346.39
1689.55
1606.99
2955.5
2121.97
1847.57
2093.71
1821.08
4776.07
4792.13
1880.79
4701.23
4751.06
3010.39
3312.41
2496.58
3033.43
2639.45
1591.62
1546.47
2483.02
2379.07
1803.26
1745.13
4724.77
4723.09
124.596
4758.62
4745.12
1902.22
3311.81
1613.1
4722.02
4720.96
121.818
4754.74
4744.41
1894.91
3361.86
1614.4
67.5136
75.6918
239.329
426.531
137.927
82.255
203.943
164.831
4773.82
4769.91
584.689
4785.87
4780.42
3289.83
3704.14
2771.91
4745.12
216.834
4766.93
4767.02
3313.32
2351.55
4756.86
3059.75
1875.52
3064.71
136.806
136.438
1604.51
2388.25
125.016
218.251
220.161
3661.54
3672.95
324.132
255.668
2658.39
291.428
2793.98
187.449
283.188
2671.68
203.965
203.738
235.664
216.252
265.073
1244.49
1465.7
1596.5
1703.12
1414.05
1407.1
1570.76
1596.08
2293.49
8450.16
8440.5
8531.4
3295.93
4016.58
5314.99
8461.34
2537.24
8439.26
8442.82
8516.78
3536.88
4086.43
5483.29
8458.84
2646.21
8639.35
8617.04
8761.95
4097.03
4926.51
6221.02
8650.14
1737.75
1890.35
1982.94
3637.6
2036.3
1869.2
2362.74
2117.9
1863.16
4308.37
4056.24
1979.45
2280.06
3403.73
2415.71
3426.38
2279.32
2338.61
5877.44
5842.89
2596.22
2644.41
4004.02
4014.83
2436.4
8533.3
8534.74
8454.39
3577.24
4527.41
5225.2
8503
279.838
375.749
576.127
157.842
184.328
595.512
335.587
420.86
548.186
8519.63
8597.32
8517.73
586.073
4528.87
4266.26
8549.6
1720.01
8651.45
8746.32
8705
3895.18
5762
6120.93
8666.58
253.398
8518.69
8645.57
8525.09
548.928
2762.28
5548.38
8569.64
216.599
478.775
161.574
476.644
447.445
402.532
236.299
354.634
683.229
3332.02
5513.92
1115.13
1190.78
3410.22
1545.02
3145.23
895.922
404.546
4694.35
6256.97
947.604
774.989
2828.58
3041.46
1424.6
8629.57
8555.72
8598.35
4250.3
4155.49
5686.07
8618.16
8965.66
8902.96
1404.69
8871.99
8867.29
6137.62
5747.72
4053.68
8840.28
8719.24
251.369
8714.36
8763.76
5499.04
3081.37
547.648
373.771
154.704
201.926
183.114
351.287
274.201
337.483
136.348
8813.72
8713.6
282.052
8718.05
8749.98
3902.05
4620.22
482.6
8822.77
1176.45
8801.94
8752.08
4641.45
4462.59
8817.37
5464.99
6187.68
4488.49
381.383
851.694
3001.93
3244.24
986.058
768.27
814.399
5605.32
3675.99
413.183
1103.84
3152.8
833.094
3427.77
402.315
141.138
437.279
151.104
364.37
356.484
341.532
212.992
6980.16
2606.62
6923.01
6961.61
4329
3774.41
6944.21
4476.07
1920.48
1642.31
1600.85
2005.11
1831.08
1753.98
1860.37
1751.04
6902.51
1565.63
6893.98
6898.6
2438.54
2312.88
6897.57
4181.94
6931.68
2311.07
6901.07
6907.48
3462.13
2712.48
6902.64
4141.42
2247.46
2988.79
3960.57
2205.1
2419.28
2768.79
2630.55
3229.64
2126.18
2008.7
1604.88
2752.38
2123.53
1846.76
1908.79
1719.08
6908.25
6919.53
2076.89
6900.36
6910.47
4353.51
2314.25
2284.46
4279.32
4324.42
1880.01
1609.17
1889.18
2030.25
1718.75
1761.3
1397.46
1462.81
1556.33
1722.8
1531.99
1482.82
1607.9
1570.11
1962.81
4549.32
4539.87
4617.65
2744.71
2807.77
3394.89
4562.07
2009.26
4553.15
4584.14
4652.73
2658.9
2911.39
3496.61
4598.22
2343.47
4689.76
4732.79
4791.23
3314.18
3418.02
4029.14
4736.1
1599.64
1796.04
1947.65
2949.32
1767.72
1682.41
2022.63
1873.64
1580.76
3082.16
2764.8
1746.69
1822.27
2556.83
1828.22
2507.11
1981.31
2133.86
3578.27
3698.13
2119.57
2072.65
2826.63
2877.89
1951.04
4665.63
4628.8
4569.4
2576.57
3037.61
3325.67
4614.12
4571.87
112.385
4603.84
4571.6
1807.29
1495.71
4592.97
3101.38
79.9843
140.822
260.966
62.7369
86.9264
215.477
134.868
199.885
4617.94
356.094
4635.07
4624.2
3233.02
2683.25
4628.05
3545.9
4572.52
122.856
4609.54
4574.66
1989.35
1643.73
4595.01
3142.61
123.076
3002.21
1921.41
136.374
207.732
2282.47
122.151
1604.49
217.816
185.037
272.308
2552.94
215.604
201.834
256.69
229.885
4613.86
4594.08
210.886
4615.65
4605.58
3144.12
3083.61
2350.83
3475.28
3499.54
218.344
300.949
2666.91
2582.96
279.915
253.617
1492.09
1801.79
1970.65
1953.96
1633.36
1773.21
1707.46
1892.32
2349.32
6981.23
7060.17
7062.17
3400.07
4999.82
4029.33
7024.02
3205.76
7189.27
7418.87
7280.5
4414.89
5571.37
5048.48
7279.97
2964.93
7164.19
7276.64
7239.31
4034.71
5600.39
4628.53
7244.17
1974.8
2348.76
2246.64
3771.25
2123.71
2202.98
2498.39
2527.63
2235.14
5291.1
5197.09
2580.92
2466.1
3731.28
2553.92
3844.83
2583.41
2475.68
4430.34
4912
3061.97
2840.12
4260.03
4147.19
2903.24
7241.09
7129.3
7121.83
4259.07
5594.14
4529.95
7167.3
8511.33
224.591
8508.08
8610.43
4556.4
400.354
8546.37
3238.23
134.234
175.02
166.95
316.334
266.237
116.614
290.701
265.231
8508.02
297.518
8512.93
8601.36
3774.29
481.553
8539.79
4327.9
8661.78
960.569
8651.69
8715.03
5596.42
3940.81
8631.61
5704.32
345.332
4079.03
5546.71
531.702
503.297
3240.98
619.529
2986.25
112.869
329.293
131.822
391.127
287.94
307.049
176.601
292.672
8542.07
8593
824.315
8584.35
8604.02
4846.43
5064.13
4374.71
3659.87
5467.9
654.657
312.698
3345.09
3070.51
648.109
874.136
1217.69
1351.34
1302.14
1457.72
1332.42
1294.32
1366.72
1358.15
1866.62
4355.01
4368.1
4428.07
2575.3
2721.33
3265.81
4385.19
1852.85
4386
4398.03
4482.13
2616.65
2824.71
3434.27
4424.95
1942.41
4511.42
4560.89
4603.22
2887.46
3242.27
3551.92
4566.34
1571.6
1497.55
1635.27
2844.69
1710.56
1546.38
1930.87
1657.79
1576.97
3061.03
2769.13
1543.92
1813.18
2588.46
1824.78
2559.21
1649.42
1747.07
3519.13
3583.99
1842.85
1853.89
2839.49
2851.14
1786.79
4501.69
4468.38
4408.67
2652.92
3065.74
3339.71
4456.28
4707.77
4647.69
1375.89
4677.53
4672.63
3170.24
3923.45
2326.59
4607.7
4558.48
619.05
4557.98
4581.76
2685.39
2787.01
570.677
641.119
434.703
367.925
295.553
583.481
548.209
509.109
305.963
4625.48
4559.13
235.377
4559.79
4588.41
1427.29
3293.8
353.541
4620.45
1239.81
4637.1
4584.77
3694.39
2403.89
4619.67
2104.1
3222.39
1861.17
763.888
1033.52
2037.42
2112.11
1292.96
1056.83
868.222
3956.53
3102.38
542.526
878.333
1623.45
733.761
1674.4
724.755
234.265
459.699
375.379
630.483
614.787
586.436
249.307
4615.9
134.875
4648.75
4617.43
1900.59
1625.59
4638.75
3251.96
76.4935
82.9483
202.093
66.6005
89.6633
172.388
140.197
162.637
4663.52
358.849
4680.2
4670.44
3343.85
2811.94
4674.78
3628.78
4618.28
120.74
4655.37
4620.16
1983.69
1646.01
4640.67
3182.69
150.824
3146.37
1947.98
139.236
250.268
2461.7
127.104
1654.1
234.55
185.576
298.204
2782.9
246.534
223.971
297.444
256.648
4660.28
4640.23
215.882
4662.07
4651.88
3206.44
3110.95
2388.45
3615.9
3553.13
220.446
307.665
2820.33
2630.04
301.381
256.926
4659.44
2274.27
4559.27
4575.9
3774.16
3111.92
4600.01
3334.73
1669.59
1317.21
1305.81
1426.32
1603.29
1499.12
1482.97
1374.55
4456.32
1745.11
4387.78
4395.97
3135.07
2403.12
4411.86
2576.2
4502.03
1940.82
4406.61
4421.99
3548.24
2568.88
4444.42
2717.71
2065.99
3496.83
3713.87
1944.02
2082.96
2862.16
2144.19
2873
1885.4
1645.27
1538.73
2787.05
1828.95
1639.13
1980.51
1719.31
4495.67
4516.34
1912.54
4425.78
4473.48
3041.55
3204.68
2557.58
2944.84
2595.83
1610.37
1493.67
2419.13
2360.38
1731.98
1717.35
550.305
722.941
1078.18
854.192
742.925
775.52
839
832.73
875.097
7118.49
7169.31
7110.65
3456.65
4445.21
5138.04
7126.7
1990.4
7207.21
7286.33
7227.06
3944.38
4746.45
5546.82
7203.89
1671.71
7102.79
7185.05
7102.27
3498.95
4456.73
5259.85
7113.56
874.135
1413.22
1229.3
3497.25
1134.72
1141.2
1171.15
1304.31
969.103
4540.58
4585
1473.94
1159.17
3671.27
1381.77
3698.14
1731.88
1574.29
5038.54
5573.36
1898.4
1524.92
4025.52
3589.38
1688.91
7166.88
7116.95
7161.89
3690.82
4767.49
5174.24
7158.96
1508.28
2173.63
1820.11
1845.2
1615.03
1900.94
1675.73
1877.03
3715.48
7500.72
7241.51
7417.28
4359.28
5400.17
5462.09
7285.34
2672.95
7082.64
6999.97
7100.89
3442.89
4698.96
4583.61
7012.28
2429.4
7377.96
7198.44
7220.39
2804.2
4625.75
4934.39
7204.14
2358.39
1955.11
1994.42
3184.06
2326.82
2123.97
2651.19
2269.77
3038.2
4908.09
5008.79
2632.18
3254.39
4503.12
3121.58
3897.19
2422.08
2201.34
5054.27
4956.9
2791.19
2880.57
3687.49
4229.68
2749.65
7112.61
7283.62
7110.1
4041.66
4655.74
4900.43
7255.97
7012.89
1389.68
7055.15
7060.43
5056.96
3525.54
7037.04
4000.17
740.899
696.309
1190.33
661.42
694.56
957.547
702.591
938.489
7082.65
1700
7107.3
7132.16
5475.02
3087.86
7098.33
3178.75
7096.79
957.111
7144.4
7137.29
5346.34
3393.57
7113.33
3741.92
1213.24
5414.42
5251.81
936.745
1184.38
3477.06
1039.58
3497.44
1386.99
1065.36
1496.06
3485.8
1304.64
1191.82
1570.84
1430.48
7066.18
7077.33
949.426
7111.94
7099.63
3929.58
5550.68
3423.46
3769.29
3380.61
1040.8
1437.12
3194.88
3094.82
1400.19
1295.97
8105.38
8207.02
2673.22
8066.6
8120.78
5886.83
4517.89
4032.81
8306.19
8369.81
2651.79
8229.23
8290.65
6745.3
5456.7
5031.24
1728.07
1768.74
1432.22
1601.95
1694.26
1656.56
1584.98
1584.3
8051.71
8135.45
2393.43
8049.95
8073.26
5298.63
4163.44
3525.69
8206.28
2490.3
8085.86
8157.67
4898.7
3965.28
8141.38
5340.84
6288.36
5761.36
2409.82
2295.26
4473.1
4449.52
2566.78
2629.42
2088.26
4328.98
4692.46
2012.31
2556.16
3748.05
2432.11
3732.46
2009.77
1888.52
4016.99
2195.45
2026.04
2176.27
2260.06
2508.56
7400
7340.91
3086.23
7124.11
7263.67
4598.88
5292.3
3872.83
7334.36
7248.88
2215.5
7141.69
7237.48
3695.92
5190.49
3292
1860.38
1676.68
1427.52
1577.92
1654.29
1540.42
1527.06
1477.69
7000.18
7019.14
2071.4
6948.06
6979.17
3700.11
4621.59
3100.04
7249.46
2665.16
7063.5
7081.38
5238.08
3807.62
7129.21
4239.04
3992.64
4022.88
1926.32
2172.57
3440.53
3640.33
2355.27
2267.28
2283.6
4861.31
4876.19
1893.57
2294.58
3492.69
2134.17
3393.74
1948.13
1690.56
3376.25
1818.04
1805.7
1792.58
2052.08
2087.38
673.977
1053.61
1109.06
682.423
806.265
1099.21
884.742
1081
2361.65
7041.67
7120.15
7034.28
3600.69
5882.11
4426.32
7059.58
1905.59
7164.43
7194.93
7158.7
4247.02
6221.98
4893.17
7157.66
817.75
7034.36
7108.01
7036.38
3056.51
5254.36
3894
7058.9
1463.06
1563.94
853.11
3429.34
1646.36
1481.19
1299.87
1349.58
2219.18
5200.65
6022.97
1923.02
2114.34
3766.15
1994.13
4210.82
1615.86
985.279
4335.04
4432.71
1486.07
1353.24
3726.39
3653.98
1868.61
7112.27
7053
7116
3973.46
5396.12
4827.05
7103.05
7010.3
7065.52
7071.47
1399.47
5029.86
7032.4
3470.98
3668.77
7106.92
7150.44
7145.02
821.397
5230.49
7115.91
2577.03
2986.72
7114.48
7150.85
7170.2
1943.44
5458.78
7121.97
3682.14
3593.22
852.12
784.993
1224.15
696.922
829.952
845.86
987.792
1014.96
5259.02
5334.22
1219.42
864.054
2759.54
2993.88
987.497
1181.38
7077.84
873.673
7116.06
7073.78
3104.3
2631.33
7106.73
5453.73
3843.61
1491.98
1119.08
1649.91
1832.99
1417.02
1639.37
1246.73
3869.68
1624.81
1109.06
3018.3
3096.36
1585.18
2784.38
1461.78
6944.15
7039.02
7011.27
2101.78
4578.15
6993.12
3198.34
3989.93
7163.8
7253.62
7304.98
2219.86
5306.82
7238.56
3353.76
3835.06
7128.23
7340.15
7376.34
3045.85
5536.81
7269.17
3713.16
4347.39
1490.91
1694.68
1936.5
1427.91
1534.32
1597.67
1513.29
1650.22
5034.02
4973.87
1929.25
2026.83
3451.16
3439.72
2124.69
2160.21
7112.89
2222.47
7255.55
7096.94
4110.38
3602.92
7144.62
5364.23
3304.83
1630.55
1806.19
2125.91
2180.17
1800.06
2136.41
1777.46
3977.34
2386.37
1983.7
3911.56
3551.53
2378.92
3401.91
2354.89
6965.22
2295.47
7041.92
7048.1
4740.12
3335.93
7014.06
4060.25
1648.97
1471.36
1901.98
1659.55
1592.52
1557.53
1617.89
1647.81
7177.82
3044.82
7410.73
7282.11
5565.54
3587.83
7270.4
3948.1
7121.24
2119.19
7176.75
7159.54
5294.16
3127.99
7159.24
3471.75
2062.98
5102.31
5174.9
2035.57
2265.73
3630.14
2196.61
3593.34
1746.86
1779.11
2125.9
3466.66
1885.8
1817.82
2254.76
2147.57
7110.71
7101.12
2202.21
7187.51
7129.81
4211.91
5341.62
3621.84
4057.08
3605.84
1915.8
2307.97
3660.35
3237.75
2350.12
2223.09
4932.12
4687.99
2668.19
2462.03
4311.94
4281.72
2712.08
2618.01
4258.58
4032.44
1852.99
1824.6
3530.57
3421.07
2170.29
2255.49
1725.35
1485.35
1382.57
1468.13
1581.48
1510.38
1415.33
1354.27
1892.57
1486.61
1636.45
1741.51
1779.61
1569.11
1662.09
1541.16
3952.34
2387.03
2268.52
1879.97
2374.1
2359.21
2067.01
2113.42
3782.34
1794.34
1791.67
2175.74
2301.47
2030.85
2094.03
1883.83
1932.48
1957.41
1574.24
1453.52
1711.89
1766.35
1585.81
1622.72
1787.31
1383.83
1522.99
1529.24
1628.59
1483.68
1577.93
1435.23
304.405
189.87
259.557
565.194
491.004
215.707
509.45
364.557
396.933
1943.82
264.739
1978.97
1385.3
1233.83
1326.34
1215.33
293.653
295.587
298.923
493.659
434.752
304.427
424.239
363.042
808.311
1986.93
746.561
2019.46
1571.06
1686.22
1732.95
1815.14
608.557
412.166
663.805
1535.32
607.797
547.777
634.904
617.326
376.697
1582.24
313.111
248.874
499.129
1259.38
235.211
498.913
423.402
742.737
1623.39
598.959
478.526
715.06
572.47
1445.57
361.601
560.005
1686.82
433.71
492.45
528.79
490.153
523.659
2738.29
2623.08
1719.46
1598.05
2349.12
2403.24
1889.86
1923.1
2839.32
4683.91
4575.94
2706.27
2756.65
4120.99
2691.31
3750.18
1911.41
4218.21
4008.02
1866.71
2276.24
3539.75
2214.83
2952.61
1360.05
1799.17
1499
1368.44
1445.96
1632.3
1355.84
1496.57
2416.85
1751.67
1556.5
2004.58
2044.31
1858.99
1836.59
1695.38
2599.75
2410.67
3906.3
1998.24
2269.94
2417.84
2198.56
2505.97
1627.64
1433.18
1860.88
1532.87
1493.28
1560.02
1639.73
1697.83
1870.66
1740.98
2183
3303.94
2093.63
1928.48
2370.24
2152.18
268.556
315.642
601.095
824.654
481.734
313.244
788.136
671.405
338.105
378.193
314.529
676.13
507.239
325.711
635.284
500.323
951.776
325.644
1569.11
2484.48
1119.33
468.691
2283.06
1924.61
1182.5
997.006
2540.45
2635.42
1242.19
1206.43
2264.5
2472.33
484.206
793.964
922.797
761.662
662.663
759.216
799.969
855.266
307.58
719.199
330.287
401.108
535.758
658.221
351.481
653.436
1299.81
1155.95
949.012
2300.87
1296.3
1211.07
1145.93
1144.03
1097.75
2424.59
876.213
584.407
1098.15
1105.63
752.729
837.69
1470.6
1720.4
1868.91
1561.42
1471.63
1620.36
1562.23
1726.17
1914.18
1932.28
2103.75
1719.38
1760
1908.79
1820.99
2005.13
2702.3
2653.45
4660.81
4449.11
2758.49
2954.92
3739.35
4152.69
1932.99
1935.87
4216.8
4024.08
2224.09
2254.12
3011.03
3577.39
1606.28
1923.65
1609.46
1689.24
1674
1780.86
1600.7
1712.91
1763.62
1802.06
2205.17
2113.43
1832.91
1881.37
1978.91
2025.79
2171.17
1803.81
1925.36
3404.38
2160.18
1970.46
2371
2126.85
2448.18
3876.9
2059.13
2482.47
2500.27
2503.01
2294.31
2215.16
245.451
385.063
126.92
180.877
241.621
357.647
88.7996
239.949
721.336
2923.62
2034.43
575.506
657.822
2277.63
564.321
1687.34
172.566
1819.69
1187.44
271.017
450.857
1708.19
209.026
1253.38
225.197
448.441
215.829
213.93
317.746
436.399
170.432
420.148
367.098
270.33
238.21
458.246
301
290.126
269.276
251.569
653.956
560.268
1944.56
451.32
500.446
542.322
495.423
532.853
103.213
105.638
444.228
206.556
108.104
220.441
410.983
418.452
358.527
515.969
543.905
1606.87
476.624
516.263
497.143
530.612
4173.98
2012.1
1916.36
4298.69
3028.87
2242.94
3631.28
2259.19
1623.43
1419.83
1428.05
1781.89
1535.86
1418.2
1645.64
1513.06
1458.61
1391.6
1532.32
1577.44
1471.05
1358.09
1513.2
1400.34
4476.07
2505.69
2120.1
4279.51
3528.63
2565.29
3816.51
2610.15
1830.32
1850.91
3346.63
2071.49
1951.38
2083.17
2140.23
2318.47
1615.96
1810.27
1384.86
1573.34
1658.82
1671.65
1506.82
1519.77
1892.74
3865.12
2277
1985.77
2033.2
2410.99
1996.64
2325.4
1580.09
1723.93
1935.74
1428.21
1581.05
1687.27
1574.03
1692.08
1068.72
1821.35
184.567
239.585
1303.73
1731.82
233.113
484.889
2162.81
2975.15
864.437
566.41
1950.81
2572.8
581.044
682.418
178.297
431.136
264.086
195.059
334.296
407.681
150.681
303.152
167.586
449.815
240.908
273.084
425.35
426.162
273.124
351.547
1711.4
384.288
528.553
544.39
523.242
504.27
543.539
529.607
2111.69
541.565
715.32
460.839
553.421
559.915
533.843
555.375
122.975
174.796
424.558
162.155
116.974
406.948
285.791
421.427
341.325
267.112
436.001
422.346
361.135
306.442
374.275
360.376
1526.09
1504.03
1756.75
1500.77
1598.78
1738.14
1680.39
1709.06
1376.65
1402.78
1687.13
1454.29
1427.26
1508.68
1459.28
1569.87
2074.19
2112.36
3844.14
4221.32
2339.82
2428.95
3139.6
3420.91
1691.19
1754.53
4139.35
3892.65
2173.9
2158.01
2940.55
3350.34
1411.21
1827.65
1560.79
1470.73
1485.28
1673.01
1395.46
1590.61
1519.09
1513.18
1776.92
1958.2
1578.39
1556.53
1715.34
1684.25
1893.28
1700.54
1640.64
3191.37
1893.2
1827.42
2263.25
2023.06
1993.42
3581.09
1712.04
1932.07
2136.1
2271.94
1829.96
1863.03
1990.81
270.78
134.541
2546.06
1953.29
159.568
1734.03
478.367
180.063
104.183
67.8041
297.133
291.179
62.4312
280.833
115.611
90.7828
113
249.135
330.785
194.865
77.0545
245.043
265.191
2939.7
487.788
421.444
2857.99
2511.05
496.09
2316.17
534.761
419.046
285.154
2354.27
456.571
422.876
438.122
450.826
470.734
90.9251
235.772
58.7606
88.1633
179.288
187.401
95.6354
171.98
273.298
2357
458.845
345.532
275.858
455.284
301.014
422.146
213.935
314.711
262.737
152.934
224.493
258.173
220.352
240.741
1428.42
1567.13
1379.95
1623.99
1505.04
1418.43
1530.26
1451.52
1996.93
4096.4
2078.22
4151.28
3355.13
2817.54
3155.03
2696.76
1461.64
1516.9
1501.02
1682.91
1581.18
1543.54
1646.52
1573.69
1926.42
3998.12
1980.17
3366.25
3129.5
2717.16
2564.19
2385.75
1812.48
1471.77
1795.48
3377.22
1724.47
1582.71
1903.59
1681.82
1662.87
2916.94
1786.99
1412.05
1647.37
2539.13
1540.02
1991.86
1546.39
1788.29
3091.22
1861.48
1613.49
1685.99
1934.21
2434.28
1483.99
1758.67
2750.84
1701.84
1700.66
1802.42
1852.59
2061.37
4170.9
1803.57
2237.7
4073.65
3287.09
2336.67
3737.17
2294.63
1584.67
1654.14
1652.68
1941.91
1682.69
1750.71
1830.04
1837.08
1694.1
1439.09
1434.74
1705.75
1652.39
1544.78
1644.68
1561.03
4077.69
2212.55
2101.21
3811.32
3353.16
2321.68
3741.86
2354.37
1742.86
2023.86
3369.18
1886.03
1844.78
2018.64
1884.67
2205.63
1653.32
1884.51
1465.71
1813.94
1664.15
1742.72
1520.99
1528.71
2134.74
3833.36
2049.91
2007.61
2197.53
2239.05
1897.02
2134.9
1842.56
1760.73
2012.76
1548.06
1590.81
1706.85
1597.71
1733.12
162.943
150.819
105.161
411.438
229.39
133.722
288.917
235.17
400.053
1927.04
143.049
2205.8
1174.73
1105.41
1059.61
973.496
160.941
118.518
234.981
397.429
221.233
144.966
325.577
265.754
863.978
2393.63
517.389
2501.8
1711.11
1742.86
1809.95
1756.3
440.491
198.767
531.588
1499.31
455.141
400.725
661.626
518.511
327.58
1510.45
162.294
137.545
434.879
883.487
145.819
244.072
323.271
632.83
1527.57
475.949
333.48
626.798
297.377
1217.06
285.711
380.133
1533.84
196.356
234.763
265.639
227.82
254.154
3896.63
1958.6
4065.81
1830.61
2625.47
2544.12
3146.98
3017.76
1452.29
1459.58
1730.78
1468.38
1507.48
1629.54
1605.46
1700.42
4218.95
2291.05
4042.59
2225.66
3007.42
2967.6
3379.19
3273.16
1439.2
1468.86
1798.4
1466.9
1452.93
1604.64
1524.65
1741.72
1707.62
2845.55
1551.52
1452.61
1923.58
2423.62
1488.86
1600.42
1691.01
1612.09
1940.25
2820.95
1897.26
1775.97
2165.46
1955.69
3312.66
1687.63
1537.54
1878.57
1884.38
1704.17
1778.39
1650.51
3244.94
2076.01
1698.59
2093.77
2642.8
1922.69
2154.45
1766
1059.89
150.583
1099.16
133.801
583.675
1031.68
736.377
933.816
232.661
364.367
674.643
154.914
201.613
432.246
323.79
497.432
1299.3
974.95
2449.98
491.584
1089.52
1936.89
1109.54
1781.35
115.942
103.192
369.72
280.05
115.783
216.502
259.858
321.412
133.129
892.233
116.804
89.1248
223.416
754.429
82.5285
154.495
345.514
241.504
763.474
1275.99
348.531
343.554
446.801
429.708
918.237
226.323
162.346
279.591
248.977
208.665
228.211
211.2
1143.74
409.499
294.121
785.557
933.972
369.197
433.726
325.535
219.425
108.423
361.803
183.362
149.875
233.437
354.493
344.698
119.436
131.146
255.682
100.085
110.973
217.967
245.395
256.138
500.835
376.947
2743.21
2720.32
531.723
522.665
2439.51
2386.8
234.064
141.859
2355.3
1894.33
168.371
511.857
1871.6
1707.73
104.296
310.583
130.651
107.724
259.774
300.564
117.079
295.365
193.382
268.993
302.693
349.479
271.407
274.737
291.372
291.308
472.089
419.576
344.594
2220.75
464.103
436.989
516.862
486.318
472.131
2299.56
329.949
373.097
506.214
546.65
355.313
330.678
7076.43
7164.12
7126.32
2204.45
3888.08
7124.4
3073.3
5969.71
7191.07
7215.8
7166.66
2074.22
4453.25
7176.23
3979.19
6394.03
7143.8
7138.06
7132.08
1339.75
3573.79
7117.32
3217.15
5931.26
872.151
1179.79
820.141
463.052
792.432
1131.35
663.633
927.907
4673.98
4137.25
1629.73
1748.91
4017.23
4299.17
2110.51
1888.25
7153.33
1973.84
7137.1
7135.65
5918.72
4101.31
7168.17
4003.4
3708.83
1375.98
1504.7
1129.65
1707.12
1633.43
1284.79
1351.14
5961.3
1384.76
1661.65
6089.52
3786.35
1572.91
3608.05
1566.71
7425.35
7216.48
7132.67
3297.43
6340.96
7276.84
4731.34
4497.4
7047.29
6944.94
6960.64
2381.5
5229.37
6971.11
3253.65
3594.26
7016.07
6961.85
6954.36
2437.01
5129.19
6977.83
4015.57
4363.61
2048.79
1887.58
1698.48
1504.47
1943.35
1950.75
1699.85
1734.75
5755.73
5547.94
3032.67
2521.99
3730.57
3926.33
2770.79
2911.25
7090.76
2465.79
6981.99
7062.52
3824.82
3293.38
7033.59
5097.51
4312.21
2466.45
2175.21
2021.64
2518.85
2396.66
2289.49
2210.97
4387.88
2081.86
2131.76
4017.03
3715.03
2383.15
3585.14
2386.57
6947.28
6955.53
7003.99
2256.98
4092.77
6970.31
3426.14
5065.1
6952.08
6933.29
7018.53
2206.91
3396.07
6954.62
3017.05
5146.71
7105.56
7161.67
7335.15
2834.05
3580.65
7209.86
3487.66
6213.32
1587.89
1745.65
1888.85
1426.33
1621.87
1819.19
1578.55
1808.49
3847.31
3838.06
1904.92
1929.83
3380.07
3338.41
2254.23
2230.89
6971.54
2251.26
7054.65
7044.56
5087.63
2993.55
7019.09
3451.77
3441.67
1807.75
1957.42
2145.73
2337.27
2138.59
2117.01
1975.63
5531.38
2629.68
2262.51
5669.96
3222.58
2563.74
3244.59
2475.41
6988.87
7033.86
2925
7035.8
7022.93
5581.79
4917.51
4550.58
7050.87
7066.17
2043.94
7035.81
7047.07
6004.85
5697.1
5285.72
1130.95
1324.89
696.852
1646
1304.79
1327.66
1299.9
1368.25
7057.28
7024.8
2683.3
7052.76
7030.68
5279.11
5213.09
4372.39
7042.38
2255.03
7036.69
7032.8
5398.61
4567.69
7037.38
5473.37
5736.26
5493.21
2024.22
2182.42
4896.39
4871.46
2168.75
2039.77
2208.95
5245.56
5360.55
2275.38
2858.55
4553.77
2271.78
4367.95
2194.47
2131.81
4603.94
2005.73
2010.35
2162.21
2060.4
2123.4
6997.43
7041.16
7063.44
2466.85
2842.47
7061.13
2731.74
5875.77
7052.31
7040.48
7038.52
1460.03
3177.39
7041.01
2836.28
5659.73
7075.78
7059.85
7099.32
1575.72
2973.9
7079.08
2693.51
6157.68
868.89
1020.49
1080.3
575.595
688.864
1032.67
699.931
1060.47
3563.41
3442.62
1383.03
1167.73
3204.56
3153.84
1623.5
1601.27
7064.54
1461.26
7051.05
7074.7
5793.67
2837.28
7059.1
3192.73
3089.19
1339.52
1170.84
1176.01
1522.5
1542.99
1189.33
1145.02
5947.96
1534.83
1481.35
5917.86
2685.07
1504.17
2818.92
1511.91
7005.38
2767.76
7060.53
7043.03
5571.3
5106.26
7063.17
6175.91
1205.88
746.571
1697.15
1857.86
1172.04
1148.75
1843.83
1764.39
7049.04
2320.66
7063.28
7035.47
3677.06
3498.21
7056.54
6214.56
7025.16
3444.37
7016.94
7017.99
5201.76
4537.37
7020.84
5804.66
2546.82
4504.74
5470.2
2429.89
3652.37
4527.21
3854.08
4870.94
2411.17
2341.42
2089.67
4162.46
3440.68
2200
3246.63
2200.97
7050.76
7038.12
3233.34
7031.54
7034.2
5951.84
4018.99
4101.61
6115.61
5980.68
2868.65
2392.12
3431.81
3612.73
2542.98
2704.52
7344.29
7189.59
2983.15
7134.43
7307.51
6085.02
4959.29
4478.07
7048.13
6951.17
2199.65
6988.11
7015.81
5108.65
3499.89
3240.97
1980.27
1824.24
1478.35
1710.05
2017.25
1983.27
1786.24
1766.25
7028.68
6987.49
2277.93
6972.5
7024.48
4470.96
4763.91
3904.84
7145.37
2879.25
7117.08
7040.18
3998.13
3926.28
7056.82
5091.38
5611.01
4876.85
2254.36
2689.46
3731.63
3247.32
2549.1
2450.53
2457.6
4839.46
4113.48
2085.79
2359.67
4119.33
2277.31
3559.13
2380.14
1988.24
3704.97
2048.79
2188.68
2110.1
2167.7
2195.25
1670.24
2102.16
2065.24
2122.71
1967.44
1998.61
1991.4
2137.32
3248.73
7406.7
7209.4
7193.92
5505.9
6303.59
5828.61
7286.75
2881.49
7083.18
7008.53
6993.3
4301.32
5662.07
4596.58
7026.84
2590.81
7031.22
6957.38
6922.91
3893.85
4971.17
4323.72
6971.68
2760.59
2417.12
2500.6
4714.95
2817.96
2628.35
2973.06
2715.34
2930.55
5647.31
5880.54
2579.81
3101.72
5065.67
2847.76
4826.3
2469.36
2454.5
5142.52
4415.13
2910.85
2806.79
4109.86
4247.92
2826.89
7011.65
7113.47
7122.88
4411.14
5300.46
5159.35
7072.82
7212.06
7164.95
2118.74
7189.66
7171.7
6266.66
4643.83
4074.79
7136.29
7128.74
1314.3
7142.12
7114.94
5840.93
3561.54
2969.84
1123.26
763.776
471.717
819.514
1075.63
874.095
762.621
629.512
7159.66
7121.38
2093.24
7073.49
7116.43
5671.76
3918.04
2662.36
7134.87
1979.34
7149.05
7131.49
4179.18
4266.2
7165.87
5770.83
5995
5788.86
1362.9
1672.29
3636.59
3811.28
1622.71
1601.45
1654.94
4804.33
4071.29
1508.56
2037.02
3977.79
1795.04
4261.25
1388.18
1190.53
3329.71
1012.69
1283.61
1500.14
1215.33
1583.61
6965.54
7071.63
7019.69
2210.08
5184.92
7034.2
3188.51
3416.68
7225.33
7431.33
7250.08
3443.57
5954.76
7361.63
4785.91
5217.4
7023.69
7094.81
7012.46
2502.6
4462.13
7069.66
3946.28
4737.67
1855.91
2179.54
1823.21
1614.01
1951.04
2125.9
1909.08
1948.35
5621.81
4954.86
2291.78
2851.8
3749.33
3286.31
2677.7
2508.98
7172.91
3150.66
7201.65
7091.07
4066.63
4190.96
7120.57
5122.4
3757.73
2205.26
2811.36
2305.35
2325.4
2391.43
2372.28
2569.64
4146.92
2492.39
2950.62
4916.65
3640.96
2607.87
4176.26
2806.44
7070.7
1865.6
7050.05
7047.08
6024.47
3417.15
7065.96
3762.17
1291.12
685.188
872.618
1474.3
1305.37
1028.08
1393.05
993.924
7028.66
1957.48
6983.23
7016.22
5651.03
3592.04
7027.61
3851.92
7037.89
2628.05
7041.87
7065.33
5664.7
3649.14
7056.33
4089.32
1905.64
5823.71
5884.88
2213.74
2034.91
3496.69
2189.7
3507.01
1658.09
1926.75
1650.56
3653.56
1754.62
1801.9
1770.91
1814.81
7050.14
7049.13
2387.05
7045.24
7036.72
3886.89
5672.74
3626.79
4088.44
4138.6
2016.97
1691.39
3691.08
3691.76
1928.54
2035.83
1454.4
1604.08
1770.85
1528.09
1518.27
1659.23
1539.37
1707.91
2048.62
6950.05
7044.07
6976.55
3166.95
5081.98
3422.18
7010.5
2801.23
7185.14
7353.07
7116.24
4406.74
5971.04
4968.09
7306.53
2054.1
6972.12
7007.1
6957.45
3693.76
4292.29
4622.21
7002.45
1846.91
2100.24
1753.91
3599.99
1927.81
1940.1
2000.37
1875.52
2049.99
4713.05
5551.69
2411.22
2213.99
3171.93
2340.35
3652.72
2204.37
1859.61
4078.16
4745.91
2128.18
2059.89
3958.6
3400.61
2580.83
7095.9
7025.48
7138.18
3823.66
4865.58
3942.59
7041.94
667.411
1154.36
1024.02
1249.13
1108.71
1114.08
1020.49
1046
1991.07
7090.59
7084.12
7043.89
5404.33
6245.13
5607.45
7069.62
2756.02
7056.91
7001.27
7045.63
4251.07
5597.91
4541.03
7036.38
1911
7022.27
7052.17
7021.19
4066.42
5269.61
4642.3
7031.38
1899.36
1965.44
1721.6
4543.65
1814.25
1776.57
1857.1
1821.91
1942.23
5563.6
5890.48
2030.54
1849.54
4865.59
2017.78
4853.95
1985.55
1741.65
5223.6
4999.19
2498.02
1940.86
4410.34
4300.5
2118.58
7057.86
7046.6
7064.84
4458.64
5523.81
5236.78
7057.27
6986
7065.68
7035.49
1969.82
3852.25
7027.03
2726.54
5501.86
7102.77
7143.18
7103.01
2052.94
4390.77
7107.27
3851.13
6332.76
7071.52
7080.59
7082.22
2043.64
3753.84
7066.06
3661.44
6071.91
948.72
1246.87
1216.89
627.365
923.397
1212.97
853.172
1206.74
4505.54
3859.71
1642.61
1767.86
3780.41
4013.81
2049.32
1952.61
7065.46
1984.04
7079.4
7052.2
5793.4
4056.51
7083.55
3970.01
3386.45
1530.62
1656.84
1578
2086.81
1935.84
1651.5
1666.99
5800.11
1961.56
1899.98
6177.59
3813.84
1922.71
3611.52
1960.58
6962.51
7025.55
6984.31
2059.84
4375.88
7019.19
3633.52
4295.11
7129
7346.23
7193.84
2820.22
4081.14
7311.88
3965.39
6112.34
6987.01
7050.16
6951.26
2162.12
3500.78
7017.58
3244.03
5103.19
1494.44
1859.61
1716.04
1431.95
1591.13
1842.74
1599.03
1824.93
4195.61
4092.2
1740.74
2171.75
3821.13
3329.57
2090.05
2047.88
7112.21
2693.78
7149.81
7041.97
4961.14
3532.31
7060.36
3809.27
3659.66
1696.26
2137.92
1941.62
2060.74
1894.28
2016
1978.64
4807.11
2160.9
2538.86
5615.31
3169.07
2348.48
3627.89
2439.08
7001.85
7077.1
2823
6990.65
7023.31
5405.06
4511.08
4196.36
7200.6
7399.69
3096.12
7203.2
7289.11
5647.47
5705.94
5109.04
1945.53
2019.6
1668.25
2108.64
2039.12
1901.18
1892.21
1893.48
6955.25
7037.39
2619.99
6923.5
6975.33
5005.72
4321.5
3925.24
7120.08
2698.81
7013.86
7123.01
5091.18
4392.66
7074.34
5333.87
5432.89
5644.59
2688.72
2348.2
4607.16
4992.69
2655.99
2942.54
2310.82
4440.22
5183.72
2397.85
2907
4156.29
2770.05
4291.45
2240.61
2433.14
4740.29
2570.45
2501.89
2637.65
2667.33
2902.79
1042.51
585.352
456.352
683.832
615.201
502.428
579.149
465.373
406.581
255.211
349.125
411.184
332.646
296.977
366.149
350.343
436.857
442.923
407.92
648.748
496.308
447.242
550.783
506.115
694.691
656.446
873.474
1134.67
773.513
717.316
929.891
918.154
418.859
362.558
528.399
493.503
407.786
401.211
472.179
450.707
356.005
460.964
390.62
350.163
351.312
428.52
335.161
420.182
411.646
554.585
567.344
707.357
475.731
472.755
599.963
597.378
394.2
690.57
564.682
464.038
487.783
563.675
475.24
551.781
353.769
376.828
392.035
309.308
333.867
400.308
350.946
369.094
299.652
225.843
356.979
230.015
253.621
283.1
274.055
311.359
392.918
533.446
948.921
718.16
372.06
426.887
641.259
722.05
315.824
251.901
554.583
393.53
277.62
305.608
422.532
478.933
331.632
274.469
235.67
225.625
296.453
261.8
267.803
250.264
366.357
253.766
305.697
324.827
314.018
279.505
320.919
284.177
333.275
332.337
284.457
541.689
329.402
321.229
321.022
308.948
343.772
601.459
333.176
435.571
360.722
351.268
388.148
392.066
469.699
625.715
511.13
693.703
506.764
591.085
618.919
584.37
658.28
756.575
616.198
606.842
687.859
673.574
609.714
618.879
529.228
618.8
1053.8
717.546
539.144
576.813
644.783
703.646
899.103
692.448
723.776
1058.3
893.844
740.636
983.202
844.525
630.476
504.134
708.068
624.926
576.42
563.001
609.73
625.489
637.74
593.86
574.59
543.708
574.036
574.855
567.51
558.47
470.381
822.499
620.144
610.341
510.654
665.672
514.856
624.709
509.177
612.346
582.322
546.563
510.138
512.048
516.082
520.794
1979.82
862.678
402.38
357.035
914.187
745.154
418.346
324.065
619.943
586.604
355.856
274.37
500.152
538.824
332.208
341.83
425.754
338.28
392.695
493.162
391.379
384.439
513.269
436.851
407.865
259.967
573.549
863.987
400.055
327.789
617.701
425.962
552.303
347.782
314.816
282.337
313.5
306.068
282.067
292.013
554.527
283.524
352.148
340.49
318.223
315.662
336.446
331.904
406.656
352.066
275.237
604.598
411.156
297.52
392.11
291.576
311.281
513.987
265.806
275.337
301.202
354.79
280.798
298.246
2205.56
755.993
607.38
915.487
1046.9
716.671
903.739
716.477
792.203
1050.77
823.741
691.678
848.366
954.4
741.588
811.572
571.353
631.742
423.909
516.031
617.669
599.737
485.159
474.572
885.831
670.095
657.54
923.68
865.115
731.488
832.304
736.307
664.247
688.759
915.369
635.664
635.479
684.349
672.331
769.819
661.57
635.612
774.084
563.606
588.201
654.745
583.145
676.773
724.023
878.578
645.046
604.83
767.031
848.086
675.337
704.376
636.54
572.513
611.488
649.859
614.266
607.055
631.949
618.559
421.986
656.955
478.76
538.195
562.425
609.864
553.178
586.725
852.915
1092.69
800.74
948.614
976.006
1001.58
921.039
941.073
470.539
705.291
2230.67
464.491
484.95
590.737
470.167
620.873
633.161
959.958
500.004
1001.12
862.925
847.843
790.93
796.623
810.501
478.999
686.988
956.642
760.936
630.62
810.062
698.903
804.596
890.435
601.289
490.672
761.087
806.745
552.614
540.943
455.058
655.435
876.502
422.101
458.782
643.606
444.757
734.396
462.706
459.974
848.501
555.998
459.157
461.783
509.331
570.656
309.146
462.327
367.469
424.301
349.616
365.383
369.728
373.828
571.805
945.858
680.033
657.799
573.051
635.634
588.161
631.742
430.339
625.898
644.073
559.825
477.297
513.567
527.535
556.371
568.155
722.489
618.313
1071.62
713.806
627.129
777.612
714.53
490.168
379.899
482.3
578.954
498.796
393.785
545.439
451.477
497.867
547.691
569.52
409.387
501.818
501.07
528.181
519.424
393.604
507.711
602.51
549.161
444.244
492.624
505.887
512.699
417.539
561.938
567.99
556.765
437.129
494.448
504.152
509.666
283.126
344.704
433.317
347.883
312.754
343.812
367.56
374.553
394.427
645.965
594.838
527.739
424.412
467.968
491.073
509.315
519.544
631.308
907.438
477.772
466.162
536.02
449.471
512.6
439.938
578.773
495.395
547.337
500.29
538.637
546.31
562.475
346.264
410.823
385.719
431.587
375.394
386.13
373.957
394.82
375.193
469.413
510.095
453.335
382.194
435.936
485.222
452.956
425.43
448.854
549.401
461.106
447.131
442.009
463.68
498.003
438.246
468.287
549.667
475.778
443.81
457.602
460.228
488.972
193.935
196.655
203.196
271.64
213.707
197.395
230.689
231.179
173.706
99.4479
108.425
173.924
158.243
116.878
140.134
111.622
219.557
178.938
348.304
275.441
209.293
193.101
240.792
234.494
342.372
234.669
258.813
344.566
322.091
261.45
295.41
239.079
199.978
186.156
281.524
236.343
202.3
205.772
269.603
274.238
172.498
189.044
119.558
149.936
184.07
144.622
148.488
134.351
194.914
297.687
218.081
196.159
246.211
281.241
191.064
222.797
174.184
175.234
166.933
133.763
146.246
166.358
143.018
172.79
164.503
165.762
136.478
112.161
131.179
144.433
113.865
123.66
201.109
300.88
153.19
147.46
182.953
220.835
155.441
201.478
113.766
85.5084
64.3147
61.6814
104.106
102.568
84.3541
79.5112
92.4575
95.6717
55.1514
60.5858
88.5608
71.7359
73.6439
69.533
139.186
115.134
105.23
108.401
120.975
105.433
117.232
83.8525
142.493
107.111
135.895
120.539
120.699
115.498
118.36
101.842
100.716
92.3597
94.4296
67.8213
83.7071
78.7644
68.4953
73.7109
99.3355
60.607
99.2022
126.129
78.9182
62.6791
90.3049
80.0283
945.678
696.94
541.747
653.958
711.493
676.341
610.215
629.379
699.203
858.28
969.604
1054.41
829.868
854.296
940.809
944.321
582.542
1584.39
5309.25
2893.49
1371.43
1570.86
1710.91
1976.22
1071.87
1488
2496.31
3167.3
1416.98
1546.93
1615.93
1802.28
689.046
527.028
727.268
1026.13
688.919
675.219
723.194
729.663
689.383
1087.41
945.151
536.397
700.473
907.252
553.325
873.089
495.447
741.326
1237.59
1307.06
511.259
738.644
1094.6
1162.7
531.721
1505.18
1242.76
1116.38
1007
1234.98
1080.32
1245.23
1103.78
630.08
747.748
1257.65
1079.31
765.241
1236.34
856.885
652.034
4261.57
1431.75
754.579
680.846
1547.76
738.177
1357.3
714.193
917.538
842.884
780.547
721.654
810.696
773.936
783.553
1127.26
768.688
889.277
1101.06
1028.21
874.173
1034.6
871.98
598.553
776.936
1120.6
643.502
612.568
823.152
652.859
847.158
573.982
617.263
867.334
721.01
592.16
584.664
562.678
567.037
852.703
1145.44
679.07
896.802
882.084
873.598
851.179
843.77
768.223
765.173
627.962
794.14
745.644
750.201
598.929
618.666
331.426
152.299
220.208
135.047
219.6
188.734
218.31
163.889
104.887
56.8649
48.1429
41.126
76.7131
79.0759
60.8591
48.2506
147.167
49.5873
63.6808
35.226
101.149
99.5471
71.4217
58.1111
85.3452
36.1853
35.136
50.8949
62.4002
44.1195
61.2827
35.1871
108.054
144.632
92.3121
52.3258
88.525
119.427
59.9415
72.3983
129.338
52.3544
74.4587
143.765
96.0161
71.0707
127.386
69.6636
130.745
91.2475
48.6868
52.6601
73.2155
66.0838
54.9611
51.856
115.677
38.0317
39.1107
46.0974
81.9507
47.5978
57.0184
39.1046
5081.86
1881.64
4843.96
2247.73
2497.47
2202.51
2642.55
2755.12
2604.25
2655.67
4662.61
2098.09
2979.83
3129.12
2751.38
2850.01
4725.38
5020.37
7827.11
2825.91
4598.97
4830.11
4283.08
4182.73
1646.25
1417.44
1496.86
1126.88
1561.43
1553.26
1386.4
1217.5
2217.3
3100.69
1982.21
2190.97
2276.96
2173.71
2074.78
2052.41
2361.25
2295.96
4246.18
2837.09
2487.52
2742.27
3146.3
3812.52
3183.82
1899.97
1809.13
2092.13
2565.33
1863.55
2326.92
1720.4
3300.12
1899.77
1732.72
3075.12
2971.03
2389.65
3147.46
2255.55
4963.62
4990.65
552.657
5002
4999.46
2780.18
3861.37
2719.73
5012.49
5031.38
1176.13
5034.83
5050.23
3679.98
3135.9
2741.44
430.282
540.628
301.142
476.293
518.196
417.857
436.717
474.285
5025.65
5039.6
1042.98
5049.42
5061.5
3340.46
4240.03
3021.36
5028.03
594.727
5035.34
5051.18
3119.07
2278.44
5013.35
3293.03
3385.76
3500.92
897.976
627.474
2706.02
2303.99
887.157
918.108
600.968
4037.5
3405.07
828.793
860.852
2872.42
867.004
2337.94
584.132
708.824
2641.85
746.51
573.828
678.212
713.791
794.37
1764.54
397.329
2567.47
119.581
911.636
942.962
1305.1
1225.76
187.068
101.175
401.688
85.7131
119.508
174.6
164.916
187.682
2871.39
1141.03
3097.27
417.556
2054.45
2081.19
2134.73
2080.09
75.9641
121.224
291.011
191.457
76.3096
124.859
153.838
178.249
273.699
1684.43
104.941
79.6062
374.119
839.126
102.118
150.883
360.107
104.389
722.39
1712.76
385.574
286.615
888.676
602.015
1795.85
143.136
139.002
283.99
215.953
160.748
192.516
154.594
1726.79
297.637
143.944
731.598
1237.15
213.494
698.707
190.538
3072.97
1953.89
3014.88
1649.2
2228.77
2618.96
2021.96
2348.38
1573.2
1916.81
1587.6
1300.45
1473.71
1580.92
1391.27
1488.65
3010.19
1899.9
2593.51
2538.3
2411.46
2806.91
2165.93
2407.73
1351.36
1401.73
2296.96
1907.55
1607.42
1690.11
1871.55
2129.72
1716.54
2353.27
1474.64
1324.85
1610.46
2046.89
1445.43
1663.2
1878.86
1404.87
1761.58
2766.22
1753.84
1526.43
1991.07
1654.85
2106.8
1460.12
1456.22
2080.43
1789.21
1619.74
1859.91
1692.38
2409.39
2356.11
1531.96
1750.71
2141.74
1984.76
1643.52
1624.6
4995.95
5077.57
2213.54
5081.41
5016.04
3471.92
3744.1
2640.77
5181.63
5262.31
1986.93
5280.29
5205.46
3921.41
3445.74
2221.77
1597.74
1636.2
2008.19
2042.22
1589.65
1634.97
1864.63
1906.2
5176.03
5223
2183.48
5222.7
5182.45
3242.69
4155.81
2137.58
5099.98
2296.14
5099.04
5183.94
3736.76
3080.36
5167.09
3424.12
3811.47
3494.05
1848.59
2067.24
2785.13
3119.82
2295.84
2296.42
2062.15
4153.43
3810.02
1999.26
2326.17
2799.76
2352
3119.54
1631.04
2081.18
2142.14
1716.9
1703.15
1852.32
1709.3
1885.97
5023.95
5064.76
719.405
5057.57
5060.25
3324.85
3714.38
2917.82
5102.61
5141.16
1049.25
5109.32
5143.07
4066.02
2652.44
2293.17
494.909
574.523
350.252
591.451
551.978
503.92
504.555
483.553
5076.14
5101.3
1232
5102.71
5111.24
3782.59
4268.96
3068.03
5104.64
751.171
5090.86
5119.65
2837.58
2414.93
5079.74
3698.25
3787.16
3844.07
933.335
748.688
2522.09
2131.13
866.554
894.776
753.073
3957.48
3222.81
953.025
1141.58
3027.47
1132.72
2444.16
698.768
819.923
2471.21
697.303
660.153
871.059
714.034
829.757
1741.54
365.642
2035.44
153.548
980.068
1013.41
923.224
953.771
131.517
107.094
383.045
126.009
105.229
204.112
187.829
236.08
2296.59
942.479
2598.35
597.186
1827.4
1876.85
2139.19
1997.21
160.57
215.947
345.314
247.121
167.852
251.369
278.318
279.913
288.53
1422
150.97
118.654
366.235
789.905
135.243
220.444
394.334
166.972
762.874
1463.52
405.636
356.469
710.289
590.291
1601.25
255.097
218.231
380.415
326.64
250.119
302.874
258.23
1529.57
374.236
207.789
770.735
1316.17
324.326
727.107
248.851
4975.76
645.49
4989.9
5027.99
4209.69
2938.79
4992.62
3407.13
374.283
277.754
825.686
408.997
446.774
604.369
499.445
682.834
4996.09
1307.36
5007.57
5046.98
4296.03
3016.54
5016.57
3312
5057.89
826.251
5064.28
5086.89
4343.2
3269.12
5056
3636.21
715.577
4120.95
4277.39
760.127
991.016
3103.18
847.811
3296.78
974.991
875.908
1254.48
2933.91
1049.95
1037.87
1113.86
1275.1
5003.62
5029.09
828.361
5032.16
5029.97
3578.33
4108.98
3215.65
3297.9
3385.09
938.831
1346
3011.5
3076.39
1342.37
1382.73
2045.36
2742.12
201.232
146.428
1681.2
1655.16
191.903
302.333
3020.1
3097.93
734.502
357.284
2652.44
2348.85
503.775
565.328
114.8
468.521
105.977
211.062
226.311
292.595
148.643
246.175
133.534
295.82
249.629
232.355
269.73
279.579
203.57
334.842
2420.17
372.173
223.265
300.853
372.295
303.041
284.399
240.895
2227.21
327.479
530.083
440.716
442.588
440.301
559.89
532.884
146.478
152.138
325.539
185.454
186.949
286.429
291.417
306.966
266.901
302.232
339.427
357.445
285.728
298.079
321.655
314.369
451.21
347.684
314.33
405.908
381.375
341.55
362.445
322.068
262.687
221.757
199.156
257.771
231.956
216.377
238.372
222.654
294.968
203.555
209.222
259.882
244.84
228.742
248.285
233.406
398.436
299.357
291.711
373.866
350.101
311.373
345.02
302.431
289.736
299.439
357.398
285.856
283.404
303.339
311.291
320.05
261.213
262.147
209.404
279.138
255.491
245.063
245.86
222.992
322.033
359.611
281.428
285.241
329.106
322.552
279.216
293.178
306.349
266.101
255.398
218.479
256.4
263.149
229.647
243.359
199.879
184.085
278.756
236.16
212.254
222.276
247.082
261.05
179.107
185.39
247.839
218.904
183.921
198.374
226.195
233.106
300.936
335.633
382.573
325.981
316.112
324.356
325.744
346.493
240.339
265.374
281.251
237.284
229.819
253.259
243.882
261.027
187.541
258.204
212.865
201.454
202.334
234.957
193.677
225.419
195.302
226.059
246.526
270.603
210.36
231.799
229.681
236.535
282.046
243.825
267.095
283.948
274.995
254.927
280.72
270.675
291.555
304.912
277.263
302.53
309.381
301.174
298.285
308.229
2715.05
2314.62
1485.32
2385.43
2602.42
2058.22
2583.64
1858.58
2440.45
2599.8
1588.16
2094.54
2351.43
2445.97
2274.92
2321.83
1275.33
1587.81
2049.91
1729.14
1397.78
1423.01
1483.94
1654.65
2069.82
1657.97
1761.71
2130.47
2071.92
1689.04
1998.15
1878.69
2213.95
1446.79
2362.04
1806.27
2006.59
1726.84
1880.12
1776.96
2159.15
1858.09
1605.42
1577.15
1933.73
1824.06
1576.3
1520.48
1431.91
2226.35
1745.91
1501.12
1435.23
1679.49
1428.85
1605.19
1536.68
1691.64
1946.91
1641.93
1477.3
1434.62
1506.92
1497.33
1753.77
1061.04
1292.63
1365.87
1131.7
1064.55
1227.29
1258.37
1030.77
916.999
1908.04
1718.57
1028.34
974.557
1529.08
1632.95
1611.43
2161.19
2677.19
2278.58
1823.99
1928.31
2383.36
2305.52
1555.78
1993.58
1932.34
2206.83
1624.36
1674.72
1858.64
1883.3
1055.17
1316.88
1244.8
1532.35
1302.29
1241.16
1340.68
1230.47
1044.86
1560.91
1710.23
1360.67
1382.5
1512.66
1435.45
1611
1518.9
1403.75
1747.56
2036.26
1503.7
1460.78
1707.22
1618.39
1627.7
2002.69
1884.4
2196.25
1803.25
1816.99
2017.01
2018.14
2233.19
2917.03
186.064
137.008
1699.24
1675.43
186.993
281.792
3224.2
3392.39
844.338
494.335
2873.7
2719.34
637.685
705.162
147.218
670.36
230.621
274.035
326.245
492.798
203.061
361.678
139.771
391.601
310.393
269.898
266.861
330.573
251.989
391.789
2508.25
396.822
211.14
337.296
396.703
292.985
303.82
248.465
2366.31
436.357
619.736
512.985
469.034
490.421
599.107
597.558
177.583
171.197
421.947
225.568
223.728
316.568
354.628
340.479
330.924
385.211
494.031
474.886
367.973
372.562
413.935
451.94
5050.36
684.21
5064.64
5100.76
4079.94
2644.84
5061.47
3147.41
501.701
421.482
938.929
561.038
562.505
690.319
674.206
781.621
5074.3
1386.41
5084.5
5111.82
4287.74
3265.83
5089.95
3512.8
5133.08
1306.83
5123.37
5178.29
4128.74
3164
5120.5
3593.66
687.16
4099.96
4133.03
951.21
896.972
2874.17
1055.59
3119.5
862.233
974.15
1279.96
2951.64
930.221
943.995
1093.04
1186.4
5074.36
5093.88
1080.32
5095.5
5095.92
3447.39
4018.08
2977.74
3352.34
3404.04
1040.44
1353.68
3050.66
3091.8
1293.48
1184.65
2312.26
2013.48
2496.89
4462.83
2240.53
2107.74
3932.58
2173.86
2289.64
2398.16
6123.29
2686.58
2699.14
3744.13
2917.61
3954.96
3795.35
6389.28
9436.43
4851.06
3629.77
6141.91
4094.88
5562.57
4448.18
1886.01
5252.58
5850.04
3925.02
2416.4
5496.71
2642.55
2028.78
2385.67
3899.66
1942.62
2044.01
2053.21
1942.24
2053.14
2368.37
2405.2
4948.95
2881.93
2494.15
2577.64
3802.45
3708.79
3422.28
4382.53
1950.28
4523.56
4021.8
2483.01
3594.78
2438.95
2744.8
2679.12
2327.41
4406.1
2673.4
2571.48
3524.76
3199.9
1791.88
2428.34
1864.38
1881.29
1930.58
1975.32
1882.31
1945.91
4412.94
11303.1
7297.89
11539.7
6649.78
7806.35
8984.01
10704.1
2208.99
6893.06
2236.85
2346.44
2695.46
4271.75
2335.6
5487.86
1937.91
10064.8
2364.4
2248.83
2349.45
3663.41
2235.88
5377.78
2581.67
2129.58
1879.02
5794.32
3153.78
2095.66
3556.27
2082.59
3090.65
6670.1
5478.38
2429.55
3970.74
5843.56
4285.61
5536.03
2188.61
1936.62
8031.33
2348.65
2200.78
2452.01
2752.78
3517.47
2798.04
4772.98
8854.74
6265.09
3586.92
3734.26
6334.7
7276.17
759.801
1760.77
1633.55
1535.09
1464.76
1656.56
1570.93
1808.79
2373.58
2370.53
2351.82
2352.69
2252.25
2278.64
2241.63
2349.26
1870.51
2339.07
2347.75
2328.84
2048.09
2113.49
2171.78
2324.56
1971.51
2336.04
2325.9
2320.2
2075.8
2075.82
2181.02
2318.99
1909.31
1889.56
1899.02
2116.22
1960.74
1838.93
2020.97
1892.66
2012.86
2119.61
2127.8
1926.71
2113.4
2063.74
1961.34
2066.98
1906.28
1961.79
2196.77
2154.81
1992.63
2010.02
1997.07
1995.96
2011.93
2320.81
2334.74
2338.72
2025.86
2060.07
2188.42
2333.57
759.959
1625.89
1549.75
994.765
1003.8
1688.25
986.018
1491.93
1806.56
2505.49
2326.96
1463.13
1690.43
2004.58
1533.58
1925.46
1989.06
2464.29
2559.38
1485.44
1809.43
2371.34
1443.34
2302.96
1018.71
1176.31
1407.1
1643.21
1013.24
1064.18
1082.32
1285.4
1569.63
1502.35
1054.7
1314.58
1426.21
1407.31
1363.8
1305.59
1785.09
1454.63
2105.79
2043.82
1678.61
1579.44
1906.39
1726.78
1264.52
977.238
1199.21
1073.33
1156.12
1165.04
1140.94
1100.57
1827.42
1567.16
1522.2
2064.46
1698.83
1562.02
1593.12
1551.87
3193.07
3318.05
5097.04
2595.03
3064.11
3548.09
2907.72
3782.7
2961.66
2700.12
2505.83
2544.42
2746.04
2439.02
2625.02
2324.65
7098.27
4309.69
8572.81
4703.75
5604.74
6137.4
5272.19
6615.81
2109.82
2283.4
2792.38
1828.83
1996.7
2461.15
1912.75
2330
3054.45
4358.29
2469.92
2484.78
2990.46
3573.17
2708.92
3105
3167.9
2850.07
3179.59
5506.87
3518
3204.49
4541.45
3633.44
4017.66
2328.76
2378.92
3053.31
3464.98
2927.26
3212.51
2752.43
5366.25
3869.81
2836.53
3446.5
4803.04
4113.45
3585.4
3428.76
3466.13
6287.71
3541.04
3606.64
3741.13
3996.62
3560.89
4098.35
8576.86
9259.01
3999.39
7969.57
9382.11
7065.23
7461.45
5070.15
3096.04
2424.57
2952.22
2922.7
2818.7
2576.69
2926.02
2538.18
3633.69
7004.35
2927.11
3080.8
5755.87
4087.68
3077.02
2637.62
7484.4
3902.61
4693.48
10925.5
8151.73
4839.22
9242.58
4748.95
6600.98
6507.83
3427.9
3477.56
6316.83
6191.55
5034.66
4528.61
3309.46
3584.68
6505.67
2930.19
3324.84
3811.85
3411.81
4187.69
2976.17
2506.81
3930.69
2557.28
2797.15
2840.19
3022.51
3110.85
2529.98
2201.87
1570.93
2072.42
2357.11
1881.46
2088.16
1751.55
2327.38
3424.54
1445.16
2654.55
2660.44
2222.49
2419.69
2084.04
1117.17
1050.91
965.588
1041.97
1072.74
973.067
1013.88
969.728
1773.02
2105.91
1325.22
1581.16
1732.58
1746.28
1618.53
1632.43
2312.23
1486.91
1983.35
2264.48
2060.15
1770.94
2189.27
1829.67
1748.09
2032.99
1168.33
1242.52
1651.06
1859.69
1338.21
1419.29
1369.77
1808.26
2052.59
1293.77
1395.14
1693.58
1388.85
1715.91
1178.06
1195.43
1891.62
1148.67
1184.61
1223.88
1330.62
1443.8
416.504
210.631
345.616
690.082
375.524
211.195
428.303
339.008
222.078
315.223
326.305
393.702
291.346
302.262
339.618
356.136
379.258
343.588
400.724
763.458
441.477
360.985
498.688
487.127
1097.82
706.077
1289
3160.77
1170.38
711.094
1459.45
1002.25
228.629
341.714
564.276
374.414
262.026
269.665
311.4
323.499
207.714
395.674
309.022
255.544
276.618
343.709
264.373
346.038
401.547
643.989
434.987
622.583
605.439
491.641
508.175
438.12
375.24
626.523
482.762
354.495
364.542
464.541
364.037
477.331
488.841
324.678
360.969
580.236
424.634
342.071
459.376
360.98
264.939
351.49
288.253
528.82
342.656
306.348
327.438
351.757
305.98
259.355
269.622
473.299
292.455
236.416
355.476
337.626
834.985
829.014
754.384
3412.92
972.19
661.728
1299.63
838.754
276.678
304.467
448.618
480.859
266.717
303.501
374.511
365.139
232.443
408.23
241.958
249.765
237.497
274.443
233.858
269.499
372.969
500.83
500.658
516.437
424.813
427.1
462.733
458.117
302.374
548.809
511.863
312.606
291.548
419.456
306.341
465.748
2796.19
2415.34
2023.06
2160.17
2484.98
2176.7
2214.99
2012.7
3258.8
5694.48
4144.84
2798.88
3278.16
4955.31
3161.11
4244.41
2028.45
2789.99
2190.25
1780.15
1966.98
2389.22
1869.06
2157.94
1726.58
1843.22
1531.42
1454.18
1606.42
1688.02
1523.83
1572.81
2483.47
1948.09
1961.12
2096.94
2307.05
2013.43
2158.62
1956.23
2826.67
2439.02
3456.5
2331.54
2541.34
2594
2538.29
2509.53
1839.07
1818.12
1965.5
1622.82
1699.41
1812.83
1671.97
1758.43
2063.48
1827.19
2192.6
2979.78
2092.54
1959.37
2429.98
2175.1
806.936
1104.06
2115.12
2729.79
1081.99
1120.71
2380.7
2140.29
1237.13
2051.97
2786.57
2611.46
1476.45
1681.98
2662.94
3212.65
3330.02
2419.74
4002.24
3809.25
3541.38
2644.22
4060.04
4236.96
2897.71
2775.84
3134.64
2728.14
2702.11
2746.53
2627.76
3052.82
1187.01
2371.77
2571.85
2106.94
1765.15
2162.74
2037
2204.92
1244.68
2231.8
2326.95
2152.39
1938.29
2280.41
2286.23
2791.73
3911.24
2726.79
2710.68
3101.19
3729.07
3033.97
3175.49
2920.98
3646.85
3535.77
3085.73
2736.43
3296.19
3016.77
3137.24
3106.06
3918.85
5336.03
2437.12
4833.14
4284
4076.61
4295.01
3984.62
4604.46
3913.88
2729.36
5391.5
4348.4
3705.58
7024.6
5623.3
1405.33
3196.84
2491
4118.27
2876.57
2584.24
3890.22
3720.92
4235.1
4776.39
4682.93
5475.48
4802.27
4956.12
7430.8
6156.69
4536.33
2813.65
3472.14
5035.42
3864.87
3294.96
3749.43
3362.07
3974.93
5272.28
2405.52
2443.28
3586.82
5192.35
2917
2824.54
3866.24
4372.25
6163.2
5388.29
4114.81
4624.96
3732.82
5186.95
3452.86
4772.58
5169.98
3499.09
3673.04
3728.04
4114.46
3691.8
2354.62
2302.11
1837
2321.19
2326.93
2425.34
2338.46
2400.67
2297.2
2322.77
1737.93
2311.34
2303.27
2481.06
2358.8
2572.26
1049.65
1080.14
819.137
1240.93
1121.92
945.069
1083.23
1007.25
2313.28
2307.93
1719.41
2309.46
2311.43
2303.37
2257.16
2229.32
2295.84
1684.65
2314.25
2305.88
2293.95
2380.39
2297.98
2358.86
2253.6
2383.8
1292.83
1285.5
2315.51
2372.29
1600.82
1631.99
1554.68
2298.9
2285.39
1587.91
1688.28
2299.5
1676.04
2291.36
1268.21
1472.44
2330.42
1357.19
1414.85
1496.53
1539.53
1650.73
648.616
1080.05
1543.6
874.462
697.051
1241.81
896.598
1310.03
1379.71
3435.11
4562.32
2082.02
1237.87
2033.83
1325.7
2980.88
1908.91
4042.1
3499.27
2131.8
1973.87
2062.72
2115.4
2473.87
947.738
1189.54
2344
1550.35
837.28
1070.21
1119.96
1332.82
923.84
1545.23
742.512
740.181
932.911
1143.21
781.698
978.572
1407.86
1303.45
2082.39
1691.19
1327
1280.16
1580.72
1440
1821.4
959.875
816.43
1729.44
1911.33
1012.48
1576.94
993.708
1757.7
1528.83
1745.53
2962.73
1583.65
1526.87
1416.69
2490.49
668.768
1476.53
1407.65
1523.06
1356.7
1370.59
1391.23
1389.98
1853.01
2338.63
2333.3
2325.08
2072.48
2113.94
2175.75
2323.07
1783.37
2335.87
2299.09
2319.12
2058.95
2155.04
2216.27
2307.84
1978.2
2324.43
2334.8
2316.17
2136.8
2128.13
2330.99
2326.89
1753.41
1659.41
1883.23
2043.58
1836.51
1740.84
1942.7
1853.88
1772.7
2064.7
2135.64
1649.9
1866.65
1981.03
1721.26
2037.77
1755.55
1941.57
2191.62
2243.14
1873.85
1881.14
2026.38
2016.5
1721.33
2324.42
2324.61
2331.01
2028.58
2085.6
2189.2
2325.07
3330.2
3329.61
4722.02
2905.65
3002.84
3395.01
3243.71
3618.31
2956.98
2704.81
2344.55
2261.44
2626.04
2472.47
2350.94
2227.1
6457.65
3588.09
7504.67
4933.87
4975.01
5228.31
5572.93
5567.65
2680.96
2266.74
3141.43
2354.65
2440.81
2630.78
2488.23
2534.06
3009.79
4038.83
2668.42
2410.44
2900.98
3408.61
2677.7
2994.9
3109.68
2589.13
2793.15
4866.1
3241.64
2874.37
3979.7
3092.6
4375.76
2927.15
2368.88
3460.8
3806.08
3120.27
3348.58
2927.22
4817.38
3785.6
2494.33
2942.42
4279.47
3710.57
3024.06
2910.29
3409.42
5818.52
3595.51
3629
3686.21
3804.43
3574.19
3917.79
7875.54
8446.96
3609.51
6831
8515.79
5975.04
6387.18
4812.7
3126.54
2404.89
2928.73
2920.08
2984.81
2646.24
2918.86
2645.03
3800.43
6615.67
2988.35
3275.78
6117.01
4316.74
3248.23
2824.37
6745.35
3854.21
4435.33
9639.43
7161.38
4538.37
8129.72
4517.77
5831.97
5660.27
3012.28
3428.12
5463.11
5355.97
4364.08
4007.06
3412.58
3725.92
6169.94
2982.86
3439.56
3890.03
3614.56
4301.43
3070.4
2667.93
3970.84
2562.7
2852.91
2941.92
3036.12
3163.36
1545.91
2212.94
1847.04
1682.24
1635.73
1793.43
1616.52
1742.69
2851.03
2874.8
2088.98
2191.26
2523.79
2551.29
2272.41
2294.61
1707.84
1634.9
1644.23
1615.41
1565.05
1632.85
1588.39
1632.39
1616.8
1675.28
1669.78
1638.06
1572.65
1586.44
1736.13
1689.21
2154.35
1725.55
1689.37
1869.36
2032.48
1759.97
1998.39
1770.97
2458.3
1950.68
1847.16
1787.18
2215.66
2042.2
1927.74
1802.04
1627.4
1670.73
1734.29
1609.81
1574.31
1756.88
1495.53
1629.05
1680.44
1610.48
1799.73
1737.92
1594.22
1554.45
1698.87
1659.22
3044.79
2839.85
6256.68
3055.28
3052.05
3198.06
3040.86
3234.14
2851.39
2934.73
2982.86
2886.99
2872.13
2761.07
2909.35
2861.7
5693.63
2379.83
6925.93
5554.31
5101.98
3879.23
4961.79
3894.45
3004.64
2871.17
4300.95
2961.7
2967.53
2736.31
3029.67
2665.33
2848.86
5085.46
3022.47
2862.49
2692.34
2987.44
2854.74
2878.69
2435.25
2553.19
2191.92
3510.28
2400.87
2503.33
2632.29
2476.32
4556.45
2931.43
2863.62
3763.35
4277.68
2834.45
3775.84
2772.81
3441.58
2879.44
2604.92
2332.1
3063.28
2874.24
2441.68
2567.92
2406.65
2482.95
2236.21
2387.42
2380.38
2487.02
2305.48
2493.28
2717.12
2814.65
3559.55
2827.49
2804.18
3242.33
2950.77
3558.01
1900.52
2471.06
1218.18
2191.79
2114.74
2261.04
1908.07
2311.2
2398.46
2832.81
3290.17
2472.98
2430.14
3963
2385.62
4974
2541.74
2472.53
2383.51
2755.62
2504.06
2488.16
2590.83
2544.56
2765.88
3615.64
3730.78
2617.52
2909.21
3399.07
2857.22
3515.42
2168.18
2289.6
3046.35
2649.17
2384.26
2696.82
2666.73
3548.55
2675.58
4241.56
4214.09
4033.87
3323.65
3635.55
3537.38
3873.76
1355.39
2260.16
2103.56
1998.74
1729.75
2120.31
2045.63
1994.54
3138.61
2723.19
2608.16
2184.6
2824.15
3058.95
2387.04
2626.44
2357.51
2402.44
2487.95
2479.17
2237.82
2417.41
2572.2
2381.73
1864.3
1680.38
2068.18
1677.54
1722.03
1809.69
1758.15
1857.15
2597.61
2127.47
1823.36
1915.46
2221.67
1966.44
2019.69
1871.04
3286.44
2097.89
2679.88
2417.76
2539.46
2281.08
2552.04
2403.45
2500.8
1962.1
1767.02
2160.89
2400.32
2081.28
2042.07
1929.11
2212.75
2133.18
1883.33
2368.17
2088.15
1951.09
2132.83
1985.5
70.2085
108.149
97.8168
50.412
92.003
95.8093
71.221
82.5591
133.699
161.904
160.655
105.975
131.954
145.617
119.017
129.318
121.623
161.19
153.696
111.686
122.459
146.616
120.9
131.027
44.5563
78.1473
84.5255
47.1693
60.0071
71.3001
59.7951
72.071
109.873
95.9591
67.4029
84.4841
89.6709
81.1874
77.3528
74.8306
115.392
101.221
146.604
112.158
102.22
110.796
125.952
124.761
91.7109
58.6477
82.3981
91.6237
79.0732
69.314
86.9463
74.0457
100.846
103.029
98.4256
130.657
107.879
101.952
124.014
118.985
175.435
182.736
140.383
187.438
177.442
168.702
163.561
151.665
182.587
174.126
143.583
171.325
180.621
169.626
175.245
156.892
112.604
118.179
85.575
116.483
106.251
103.084
105.74
98.5927
200.629
165.946
144.817
172.515
185.932
174.691
165.437
155.827
177.545
130.801
168.848
183.829
165.462
136.561
186.158
153.664
167.72
174.396
128.242
125.982
154.357
146.233
146.333
134.698
126.883
169.449
167.629
133.537
146.797
157.846
139.776
154.63
118.123
126.401
156.507
128.479
117.404
132.866
137.6
145.384
1987.13
1903.32
1472.43
1611.79
1803.88
1742.9
1745.81
1615.96
1135.72
660.28
1019.53
884.034
929.036
875.321
929.634
863.898
1176.29
1135.02
1172.88
1108.98
1109.42
1131.26
1079.23
1114.14
1225.16
995.577
1111.27
1012.53
1055.59
1065.22
1080.36
1048.96
1520.52
1365.4
1351.71
1096.75
1446.21
1434.62
1347.55
1350.83
1255.08
965.814
1086.58
1253.74
1203.38
1046.57
1245.76
1115.79
1299.17
1350.08
1066.3
1107.43
1231
1279.42
1144.81
1137.07
1197.78
1028.07
952.518
1058.55
1092.39
1021.75
1073.01
1004.51
1756.82
1722.7
1875.52
1688.56
1912.59
2052.79
1796.87
1880.16
1736.72
1718.51
1968.51
1525.38
1731.49
1880.22
1623.51
1794.54
1328.28
1163.53
705.358
1136.32
1253.29
1177.23
1143.43
982.248
1380.55
1254.9
1233.76
1155.31
1275.76
1306.53
1200.31
1212.99
1718.59
1788.71
1578.94
1425.11
1611.15
1739.63
1531.27
1634.28
1877.75
1479.8
1683.88
1822.64
1702.64
1574.72
1732.35
1620.77
1622.09
1466.39
1316.66
1271.1
1542.69
1516.08
1386.87
1381.69
1550.88
1198.32
1348.73
1400.99
1372.33
1314.77
1434.17
1365.1
611.227
1170.9
1195.65
1017.71
995.641
1119.73
1044.48
1274.9
2090.05
1631.25
1628.94
1612.6
1737.91
1719.09
1601.7
1613.1
1782.91
1646.01
1610.78
1589.05
2100.58
1997.29
1700.89
1599.85
1524.79
1602.91
1593.08
1587
1667.6
1615.6
1659.25
1599.89
1528.81
1723.7
1395.16
1655.26
1525.19
1500.11
1554.47
1466.74
1620.03
1616.03
1758.21
1864.58
1860.64
1608.42
1832.05
1756.55
1590.01
1573.23
1604.46
1618.95
1574.75
1704.63
1630.58
1604.19
2000.14
1591.15
1607.94
1628.71
1752.07
1641.27
1648.67
1612.28
1458.17
1442.3
1313.17
1440.17
1441.16
1568.93
1510.84
1537.63
1449.49
1477.19
1150.56
1462.83
1456.94
1569.96
1514.71
1580.31
808.682
760.762
625.041
977.179
878.167
737.692
870.62
782.362
1444.12
1457.91
1334.1
1452.31
1452
1457.84
1434.79
1428.3
1440.45
1150.22
1441.5
1453.87
1450.08
1464.32
1441.51
1456.85
1505.11
1496.77
1004.97
939.001
1486.76
1507.87
1155.6
1140.85
1100.41
1455.6
1464.99
1231.73
1363.2
1447.96
1281.82
1450.81
962.537
1145.3
1472.9
1038.51
1091.49
1151.27
1141.45
1196.54
3676.45
1157.12
3233.45
513.164
1915.98
1641.33
1903.91
1678.26
721.215
593.733
716.878
500.474
609.352
677.697
589.446
636.642
3166.2
1103.03
3392.93
701.832
1789.07
1564.02
1761.93
1549.64
314.739
436.647
328.51
268.088
310.76
447.477
275.291
417.94
624.15
1666.46
402.999
480.574
620.684
834.952
473.124
451.683
728.066
589.444
866.729
1528.42
722.137
615.184
1065.7
715.552
1673.98
365.745
474.286
365.066
443.186
441.191
397.408
429.483
1564.76
608.596
543.83
824.793
889.836
616.238
702.038
601.656
2897.75
2675.14
2874.04
2893.03
2711.34
2507.98
2887.49
2756.9
2721.69
8720.79
6332.01
5069.79
4068.37
5073.17
5150.97
6816.88
2887.2
6777.79
3046.31
3167.82
3364.57
3816.28
3169.23
3532.26
2895.85
3528.55
3069.86
2986.22
2690.57
2664.71
2983.46
3269.62
2309.55
2659.6
2678.4
2631.94
2376.98
2613.8
2358.61
2546.35
1739.56
3095.05
4509.23
2379.82
2482.69
3176.62
2819.25
3745.35
2891.62
2891.85
3372.12
3071.26
2898.43
2788.36
2920.85
2758.84
2705.95
3280.74
4297.61
6296.96
3024.62
2968.19
4790.64
4374.23
2892.71
2884.23
2585.18
2884.59
2886.98
2476.95
2589.16
2397.1
2876.27
2924.89
1892.11
2876.66
2875.25
2362.12
2649.53
2282.96
1913.85
1619.82
1285.41
1788.84
1805.49
1612.73
1855.15
1582.93
2885.48
2855.21
2796.05
2860.64
2874.57
2443.42
2872
2437.08
2874.84
2659.56
2889.91
2856.79
2662.15
2414.17
2866.61
2471.65
2377.04
2380.07
1791.88
2230.53
2281.34
2269.42
1930.13
1857.31
2801.47
2665.32
2641.44
2957.29
2837.19
2411.29
2787.92
2365.34
2181.19
2098.86
2324.86
1822.14
2065.3
2169.17
1919.4
1940.91
4180.41
2384.9
5488.75
3289.44
2640.28
2321.14
3320.77
2465.81
1907.96
1524.47
1565.67
1554.59
1727.08
1567.12
1605.77
1499.09
5060.16
1778.79
3903.79
3023.83
2400.52
2070.9
2623.57
2273.74
2453.63
1531.51
2431.19
3367.22
2011.98
1549.37
1992.96
1494.45
2075.24
2524.6
2174.1
1688.06
1925.51
2020.6
1903.7
1874.61
1993.64
1523.47
1640.97
2075.82
1840.91
1620.92
1789.9
1606.44
3059.47
2411.03
1540.54
1935.38
5314.34
2002.28
1984.06
1677.75
2217.55
1558.21
1438.02
1555.57
1734.4
1552.39
1522.61
1436.58
2404.15
2337.4
1841.73
2366.95
2370.98
3257.35
2683.93
3317.13
2325.24
2303.2
1720.05
2322.67
2318.45
2801.95
2509.32
2798.51
685.998
800.481
1028.49
1187.19
923.21
640.424
887.688
692.618
2352.33
2331.18
2087.76
2333.8
2341.16
2429.12
2376.45
2335.96
2330.41
1949.99
2355.13
2327.76
2494.84
2936.72
2329.66
2737.28
3018.17
2598.7
1286
1236.1
2957.57
2754.44
1501.85
1655.33
1769.16
2463.61
2446.16
1912.7
2027.57
2685.73
2043.7
2532.19
1353.72
1590.75
2590.56
1341.2
1468.2
1603.51
1603.02
1862.64
2950.2
3056.13
2522.72
2895.61
2889.36
2886.78
2690.38
2848.01
3294.97
3242.88
3527.6
3376.76
3348.49
3307.65
3319.21
3467.97
2181.62
2870.26
1460.09
2637.59
2459.88
2745.66
2141.41
2866.13
2903.39
3427.21
3992.27
3011.16
2945.46
4069.41
2720.81
4876.64
3118.09
2529.59
2884.95
3330.59
3001.23
2832.27
3173.83
2926.59
3116.52
3757.89
3731.78
2836.79
3203.61
3520.97
3118.51
3680.11
2197.47
2662.79
3407.97
2988.68
2475.94
2980.01
2977.37
3638.8
2945.89
4671.98
4154.92
4013.14
3618.42
4032.54
3829.63
4196
2827.98
2427.81
3016.21
2221.3
2466.08
2593.53
2393.77
2555.05
2189.32
1651.19
2647.98
2115.58
2224.85
2288.65
2241.89
2397.23
3177.8
3058.84
3493.42
2587.29
2723.57
2987.77
2723
2992.13
1706.41
1845.48
2101.17
2067.77
1652.49
1712.54
1770.22
1906.38
2372.96
2650.41
1959.38
1946.47
2262.78
2239.39
2121.44
2069.4
2481.49
2070.76
3028.55
2864.64
2417.29
2270.91
2802.12
2696.59
2464.77
1799.02
1950.18
2147.49
2176.29
1903.1
2033.64
1812.3
2640.54
2331.38
2132.82
2795.9
2389.27
2211.01
2588.36
2416.89
634.299
879.63
736.948
830.327
724.115
720.602
845.008
775.836
1244.14
2213.85
1590.21
1416.22
1412.97
1500.71
1387.05
1518.77
903.664
1261.46
1219.7
1123.94
905.321
1188.2
987.973
1211.25
986.647
1074.57
1346.27
2382.63
1016.97
954.941
1176.85
1052.53
964.559
774.635
834.322
908.221
987.963
809.458
946.783
855.366
948.949
955.828
1170.54
935.935
956.567
959.871
1034.6
996.79
780.928
884.043
894.468
929.863
839.082
852.994
839.037
850.413
889.003
900.948
925.243
1196.15
879.976
865.391
1019.86
1027.04
1109.68
1069.47
898.028
854.45
1096.51
1086.13
973.071
970.944
1259.49
1897.85
1024.8
835.172
1161.77
1211.34
1072.16
1127.97
671.924
706.837
348.221
316.47
621.703
567.24
494.092
442.361
633.886
577.669
372.263
390.494
573.901
520.986
481.841
445.037
920.559
868.916
814.133
777.17
871.153
846.806
878.451
798.474
951.113
729.615
752.087
807.225
830.32
759.73
989.472
855.544
763.221
703.483
704.35
464.459
659.819
694.724
589.345
569.853
719.194
401.607
690.694
660.824
570.004
514.899
761.398
638.042
2404.66
2829.48
2211.32
2216.1
2333.32
2513.08
2229.65
2239.56
2929.59
3461.63
3146.28
2271.65
2682.64
3097.44
2412.92
2918.86
2113.31
2795.8
1777.77
2092.8
2114.65
2236.89
1959.69
1856.19
1965.25
1879.56
2015.81
1744.73
1954.77
1853.06
1805.02
1873.78
2541.71
2282.18
2153.64
2161.62
2250.11
2154.05
2247.65
2059.73
2741.29
2288.74
2855.76
2697.49
2620.16
2453.26
2827.59
2584.92
2170.75
1992.76
1963.21
1933.94
2141.69
2026.66
2045.09
1941.34
2270.57
2022.49
2107.67
2615.31
2111.48
2047.42
2208.53
2181.31
2339.14
2237.26
2535.24
2636.86
2536.36
2505.62
2421.87
2322.92
2186.38
1778.13
3502.8
3256.21
2515.58
2254.53
2895.33
2947.39
2518.41
3916.48
4279.48
3757.43
2568.92
3148.51
3107.67
4022.12
3326.18
3496.73
3806.21
3073.37
3201.88
3007.49
2945.61
3837.44
2719.45
2484.04
3085.77
3417.27
2765.01
2582.67
3137.84
2817
2683.82
3052.89
2937.22
2622.06
2574.57
2759.73
2816.16
2584.03
2232.87
2895.23
3222.64
3099.04
2406.23
2587.34
2571.98
2832.35
2239.16
3836.56
3590.29
3476.53
2724.62
2892.2
3096.64
3745.92
2477.65
2486.7
2499.13
2421.76
2433.77
2627.46
2342.24
2629.77
2590.54
2654.63
4417.47
2630.35
2623.87
3160.48
2720.49
3383.34
1938.16
2523.61
1445.57
1958.24
2032.48
2151.15
1814.22
2048.53
2402.34
2607.54
3188.45
2407.86
2404.84
2965.19
2355.21
3152.11
2490.32
2492.54
2405.28
2572.19
2483.28
2551.61
2503.82
2549.17
2696.25
3017.06
4032.65
2763.8
2766.17
2966.84
3056.23
3702.38
2087.98
2306.18
2675.42
2733.51
2194
2534.39
2874.61
2968.28
2849.12
3484.79
3292.62
4337.84
3351.77
3533.22
3797.35
4226.61
1643.79
2312.95
2135.16
1953.47
1925.25
2070.41
2085.42
2128.95
3795.52
2728.22
2600.73
2326.97
3146.21
3145.76
2592.02
2777.97
2572.23
2452.59
2535.6
2295.35
2549.8
2664.12
2502.18
2698.41
1760.89
1678.73
1834.71
1509.96
1643.54
1717.14
1593.91
1641.67
2655.42
2322.94
1891.1
2036.77
2389.98
2109.79
2164.28
1987.69
3537.25
2225.36
2762.99
2607.74
2791.47
2450.38
2750.96
2539.09
2345.07
1881.8
1830.37
1977.02
2170.23
1969.61
2052.28
1859.73
2530.94
2094.86
1981.16
2493.94
2365.45
2186.2
2321.71
2119.98
2092.98
1452.08
2055.59
2061.14
2784.43
3165.77
2058.62
2578.96
500.415
756.363
955.562
1129.52
802.267
877.919
1017.49
1007.89
2022.02
1405.5
1979.89
2003.77
2512.21
2850.43
1999.18
2531.34
2045.36
2051.23
2023.24
2037
2120.81
2106.35
2033.4
2223.49
1300.92
2506.26
2263.83
1559.6
1335.68
2473.72
1589.07
2412.72
795.723
1174.33
1109.04
2909.03
948.954
1075.27
1025.9
1149.46
2027.7
2042.98
1815.22
2019.87
2031.38
2204.33
2258.16
2174.48
2459.2
2316.9
1764.8
1431.98
2434.25
2379.33
1646.71
1829.24
2005.26
1579.83
1515.72
2052.34
1951.26
1549.72
1869.59
1574.99
2097.76
4938.42
4885.62
4928.64
2293.57
3788.19
3392.77
4893.07
2052.59
4813.89
4760.82
4825.39
2562.98
3244.17
3452.22
4771.01
2285.82
4908.24
4903.76
4943.76
2537.96
3398.04
3569.89
4904.55
1651.72
1623.92
2231.73
2193.04
1682.42
1701.63
1887.97
1880.19
1810.56
3561.27
3495.32
1915.21
2287.42
3119.17
2229.31
2759.83
1994.47
2069.37
3564.07
3772.87
2252.93
2309.53
2786.95
3117.75
2116.22
4835.32
4883.11
4824.37
2945.07
3320.96
3519.49
4880.6
3089.9
3138.04
1824.5
1566.56
2460.84
2788.17
1994.89
2040.38
3318.13
3027.81
1896.64
1958.7
2821.94
3055.6
2347
2441.66
1467.91
1476.65
1887.59
1382.59
1524.97
1488.88
1533.19
1576.63
1153.82
1381.05
1096.69
960.022
1197.34
1313.14
1122.61
1180.08
2659.72
1756.86
1483.17
1694.2
2069.44
1836.28
1734.51
1638.98
3008.38
1860.16
1759.09
1815
2142.98
2056.92
1892.28
1619.52
1650.82
1346.48
1541.93
1208.68
1372.95
1394.18
1251.88
1398.91
1684.08
1251.99
1622.52
1604.35
1400.53
1339.85
1519.19
1407.96
2455.22
2432.06
3032.08
2463.47
2463.65
2669.87
2489.73
2580.63
2404.74
2453.76
2753.16
2394.23
2393.48
2529.83
2287.46
2258.79
2273.99
1856.32
1130.98
1838.08
2133.09
1691.41
1957.38
1461.34
2455.46
2370.17
3037.91
2417.67
2437.9
2265.14
2637.38
2314.38
2404.79
3122.66
2463.98
2375.85
2318.72
2302.35
2394.35
2318.76
2482.58
2136.72
2012.65
2731.81
2238.73
2074.36
2170.63
1898.84
3186.65
2563.94
2277.42
3292.27
3219.87
2341.25
3139.91
2248.66
2558.67
2058.49
2147.38
1811.03
2110.55
2182.23
1881
1876.19
1279.79
2216.55
2348.45
1687.73
1632.68
2032.09
1703.37
1974.36
2909.51
2836.79
3594.92
2683.58
2642.24
2910.25
2452.74
2906.48
2874.68
3402.61
3017.57
2405.24
2598.72
2826.17
2412.58
2698.97
1570.69
2213.98
1922.91
1618.97
1476.39
1610.33
1465.15
1662.43
2192.21
2315.65
1636.84
1826.92
2080.44
1924.37
1941.47
1818.79
2409.39
2032.12
2794.78
2635.01
2291.55
2133.92
2395.57
2343.59
2214.63
1604.57
1758
1835.9
2088.76
1747.32
1911.97
1653.29
2439.8
2098.59
1996.22
2752.75
2220.95
2091.04
2238.3
2345.39
1528.25
1579.3
763.197
1553.08
1543.09
2611.01
1793.77
2572.15
1612.66
1648.7
1616.27
1623.96
1620.71
3319.47
1855.79
3246.94
554.473
619.692
488.933
790.159
686.915
624.09
714.137
669.365
1577.38
1611.54
1369.62
1594.95
1587.79
1984.55
1680.99
1965.36
1593.68
985.885
1566.59
1606.1
1847.85
2382.7
1600.85
2230.23
2984.08
2383.02
1139.54
906.567
2893.3
2597.5
1012.1
1167.86
1008.12
1743.96
1730.86
1308.27
1116.64
2214.57
1306.71
2093.58
966.667
1166.65
2388.21
1229.22
1028.01
1103.76
1152.43
1310.44
4751.53
5659.24
1537.05
1817.83
3233.37
2669.5
1573.34
1583.88
5590.64
6404.31
1573.51
1546.1
3453.86
3148.05
1513.01
1488.75
983.588
1084.26
772.694
657.94
851.775
857.945
680.48
697.123
980.296
979.815
679.48
540.003
748.729
735.278
577.899
615.682
3543.33
1161.65
1228.56
1235.65
1571.73
1146.89
1664.98
1130.63
2951.59
1154.31
986.229
1108.55
1465.03
1135.17
1316.95
1042.71
805.58
921.183
955.777
657.859
816.437
908.35
728.387
746.648
872.59
673.945
935.762
835.552
731.196
706.164
870.432
905.447
2336.83
1779.09
2367.14
2360.81
2475.77
2607.22
2355.13
2550.85
1073.73
909.549
1171.25
1367.8
1028.8
905.55
1178.85
1201.45
2352.79
1851.47
2406.43
2369.97
2665.31
3033.81
2365.4
2837.13
2368.8
2142.03
2369.42
2372.54
2328.8
2320.09
2369.74
2771.07
1523.65
2625.32
2398.59
1537.49
1603.55
2530.72
1714.13
2484.26
1148.76
1312.13
989.842
2857.21
1343.72
1317.65
1552.64
1326.92
2361.47
2365.25
1795.7
2365.84
2366.32
2464.8
2457.28
2388.35
2683.74
2757.6
1880.42
1599.8
2592.06
2519.24
1637.91
1931.89
2363.01
1884.42
1737.12
2572.49
2036.45
1883.97
2247.14
2186.34
2361.82
2737.88
2848.47
3168.75
3773.08
2901.81
3810.66
3264.5
2131.59
3301.16
2496.2
2592.89
2980.55
2673.94
2843.55
2685.33
3182.2
2834.91
2244.92
2646.99
3242.99
3125.67
2835.97
2671.34
2341.68
2244.73
3054.09
3766.47
2701.95
2562.49
3046.76
2934.44
2057.58
3633.39
2796.62
2071.34
2669.3
3608.54
2673.09
2985.18
2527.69
2967.18
3296.62
2353.98
2564.56
2992.39
2632.27
3073.34
2456.33
2226.56
2981.45
2519.31
2713.5
2533.63
2699.16
2326.23
2318.49
1506.09
1540.96
1482.89
1515.87
1744.57
1573.68
1689.07
1786.26
2588.1
3020.21
1168.8
1519.92
1735.19
1364.43
1555.56
1667.64
2772.58
2781.39
1075.45
1578.7
1904.98
1324.78
1503.63
1065.3
994.452
764.614
569.325
840.844
1128.36
763.862
989.878
1207.85
1197.46
1203.91
1062.2
1258.11
1339.38
1165.33
1371.43
1375.57
1245.9
2623.87
1248.6
1312.34
1284.67
2256.57
1902.04
999.14
1184.24
1108.86
946.789
1107.65
1195.09
1045.51
1159.28
1114.61
1261.15
1177.78
1829.36
1195.7
1188.61
1577.7
1418.05
2029.93
1582.9
2006.21
2017.78
2157.36
2235.1
2013.17
2191.92
1186.4
1698.74
2110.29
1750.45
1258.46
1232.34
1625.63
2057.56
2006.84
2118.75
2050.68
2025.79
2220.31
2431.13
2019.99
2319.15
2012.86
1799.8
2019.02
2017.77
1942.2
1945.13
2013.79
2259.01
1378.68
2191.1
2046.96
1363.04
1404.19
2143.8
1494.19
2106.97
1073.59
1205.67
1100.67
2157.92
1182.79
1197.27
1315.42
1236.76
2000.21
2009.18
1616.13
2013.62
2004.63
2056.58
2037.47
1997.7
2180.04
2219.16
1764.64
1831.62
2145.69
2094.53
1682.72
1807.13
3675.17
4021.59
1411.36
1309.59
2434.93
2267.66
1485.87
1456.08
4136.52
4922.03
1935.59
1125.8
2516.58
2463.15
1265.03
1395.77
1116.44
2104.63
1591.9
957.359
1013.02
1138.47
962.117
1142.96
845.976
708.909
849.757
521.984
701.212
748.688
675.75
765.774
2224.99
1066.42
983.322
748.121
1078.73
1005.88
939.234
1014.34
2164.36
803.99
1055.33
1057.36
1136.62
824.731
1112.64
895.051
976.277
986.14
763.472
847.892
986.751
991.767
832.838
774.431
981.089
953.565
833.24
1230.63
860.409
862.933
1067.83
1100.07
2046.22
2068.71
1665.49
2056.69
2052.4
1958.87
2045.98
1934.48
2059.72
2068.96
1973.02
2052.62
2056.23
2113.75
2004.9
2160.11
1367.48
1575.49
877.559
1290.79
1427.53
1379.86
1275.58
1333.57
2062.94
2037.96
1654.85
2015.7
2043.55
1951.29
2145.9
1973.12
2063.4
1686.14
2059.47
2044.38
1991.41
1904.54
2051.34
1927.99
1912.59
1967.2
1892.4
1632.33
1897.47
1911.52
1784.4
1961.29
1645.23
2032.28
1999.99
1746.49
1778.97
1903.32
1780.72
1883.46
1635.33
1661.63
1987.12
1880.45
1616.89
1665.04
1852.38
1993.56
6233.93
5808.9
3287.01
1992.15
3988.56
4860.79
2753.7
2653.36
6747.1
7053.72
3424.84
4678.3
3449.26
3709.52
3286.87
2280.27
1137.49
1225.61
463.449
313.295
540.361
655.957
399.35
454.059
2551.75
4633.66
463.385
5091.08
2299.36
1753.82
2583.93
1169.7
3845.69
1441.59
1518.01
2179.75
2714.22
1695.44
2578.61
1206.08
4640.59
1878.93
1728.13
1917.84
2713.39
1891.91
3520.61
1309.05
797.659
1426.05
2481.8
429.214
515.737
980.98
453.185
1227.44
798.668
346.691
1213.26
815.577
538.803
404.824
745.152
523.819
6734.41
2517.94
2517.83
3322.57
5644.53
3497.5
3026.29
1784.11
948.639
353.886
928.907
437.146
733.686
624.303
609.987
559.005
3722.09
2339.88
5287.27
2071.56
3769.41
3635.85
3690.83
3161.26
1014.48
511.348
1106.79
492.021
812.378
611.455
747.432
627.546
1780.92
2297.82
2005.2
688.242
948.913
1210.89
1014.5
1280.12
1415.68
563.783
1502.33
2493.15
855.327
726.081
2220.16
1838.36
1701.45
1080.81
587.51
1490.32
1226.79
810.067
1124.23
653.113
1843.59
1235.62
479.034
1133.84
1424.35
1117.88
1372.37
966.932
143.296
195.996
184.714
303.621
147.351
173.088
189.55
191.552
262.146
353.863
649.303
286.893
274.53
348.006
305.589
383.456
381.907
1262.98
6652.11
5097.06
443.893
772.999
2305.42
1646.09
724.246
446.225
5065.09
5241.95
791.592
651.241
2412.08
1457.84
198.636
193.082
310.422
240.241
206.163
196.414
230.329
262.205
263.863
273.506
485.896
211.241
256.83
269.181
305.591
337.585
259.343
401.588
329.881
2323.01
480.094
371.303
548.118
417.13
288.99
1401.54
333.488
561.529
346.927
501.137
385.317
456.364
55.5232
139.989
137.883
81.361
89.9142
110.592
79.8438
110.932
324.368
4548.24
1268.25
1951.72
738.122
1104.13
892.172
1222.33
199.143
544.192
209.976
343.03
270.604
332.053
187.078
280.823
160.675
984.44
449.78
392.114
307.389
405.622
313.782
425.986
160.709
172.692
143.867
463.285
218.988
148.01
255
191.287
193.352
646.83
518.088
221.45
242.935
440.796
310.214
412.599
179.918
161.304
550.655
236.902
213.094
224.117
283.745
315.305
227.853
354.114
723.115
531.207
294.994
341.271
434.567
776.476
1509.73
1759.19
1426.26
1391.65
1551.76
1586.29
1428.43
1454.76
1811.81
2019.45
2730.54
1852.07
1870.38
1908.63
1957.74
2231.65
1242.76
2046.4
926.793
1324.84
1492.63
1521.74
1315.99
1270.24
1139.76
1446.17
1272.72
1149.88
1165.87
1246.87
1166.05
1264.02
1598.18
1326.18
1243.08
1482.54
1476.77
1309.11
1400.44
1274.95
1617.3
1634.92
2105.97
1360.14
1523.56
1710.42
1548.75
1948.66
1242.87
1156.29
1511.02
1284.28
1211.15
1181.17
1327.72
1256.15
1255.79
1369.46
1677.18
2014.99
1446.77
1449.36
1892.51
1821.67
1482.14
1407.92
1501.86
1467.64
1539
1540.83
1469.59
1520.72
1148.94
825.047
1569.02
1159.05
1127.18
1215.46
1169.22
1208.64
1520.64
2223.23
1545.97
1497
1581.85
1739.82
1498.01
1572
1459.68
1476.27
1480.98
1454.35
1497.59
1462.12
1453.91
1488.3
1323.81
1512.88
1479.5
1404.27
1383.76
1485.31
1404.28
1478.38
1308.33
1377.28
1804.58
1564.62
1336.89
1330.8
1453.47
1494.62
1491.75
1460.61
1443.57
1481.13
1489.88
1499.83
1515.9
1448.49
1556.09
1502.63
1461.01
1820.83
1539.5
1501.59
1646.64
1675.14
166.552
205.815
189.046
483.697
261.458
218.381
336.249
292.41
466.812
5545.21
983.65
4784.02
1611.29
1621.61
1626.58
1885.68
164.706
346.091
143.498
395.221
239.155
210.582
278.288
263.985
1042.94
4777
1018.47
5214.25
2120.59
1516.67
2303.67
1875.73
309.045
262.291
614.438
1529.99
388.49
340.017
545.54
521.172
358.035
1308.03
523.663
238.062
464.165
574.627
403.774
494.598
309.275
721.72
1660.3
655.62
482.255
637.053
564.839
738.391
305.38
588.676
1612.96
608.381
347.542
497.946
532.867
684.554
51.2753
66.8571
125.601
52.0765
49.1343
64.562
82.0907
103.779
66.3068
69.4678
282.182
82.1913
66.2577
108.261
124.919
164.004
348.78
610.416
2668.25
1008.27
457.778
566.916
1132.47
1138.21
86.7862
179.271
535.692
294.521
95.5472
169.585
335.694
346.845
69.7648
125.874
49.4862
65.6317
105.049
108.533
70.1093
74.5329
95.0933
88.7982
339.728
153.41
138.398
144.107
264.996
272.947
199.515
117.667
185.936
617.092
203.29
131.148
221.998
168.86
222.791
616.427
183.198
402.445
259.731
267.756
328.042
287.123
748.521
530.269
1030.36
898.401
647.306
632.559
791.095
803.006
354.502
161.677
502.483
487.606
319.746
272.542
459.836
385.326
1662.17
1147.48
5062.33
4525.85
1734.4
1492.67
2413.98
2156.04
1645.12
1085
4529.76
4870.03
1697.53
1532.55
2324.82
2388.5
479.604
949.094
803.698
638.908
660.62
740.016
646.749
765.424
453.257
580.429
656.062
961.009
656.577
561.358
889.247
728.614
1037.93
1041.47
901.428
2100.15
1441.55
1072.37
1346.86
1018.1
1054.22
1952.59
753.564
765.205
965.457
1120.67
815.727
831.226
803.216
1252.73
455.333
706.763
761.659
735.131
690.927
607.671
1813.18
3050.57
840.664
1149.92
1729.61
2042.52
1249.27
1174.95
283.524
421.139
73.9622
115.709
244.424
312.799
168.583
247.319
612.87
638.839
246.121
409.898
598.394
578.589
481.488
386.017
1156.47
412.729
694.862
979.469
1061.39
625.68
1064.69
636.537
1192.15
995.073
667.05
465.126
995.77
1016.58
795.954
655.664
356.957
626.974
761.57
264.606
332.152
556.361
279.838
592.862
334.091
227.787
657.929
517.984
312.084
265.907
537.435
393.928
3604.58
2875.43
1928.37
2266.93
2990.81
2527.4
2520.88
2260.24
3715.29
3674.19
3513.61
2328.8
3422.46
3465.86
2968.12
3198.9
1744.36
3271.38
3013.27
1619.44
2077.17
2922.75
2031.28
2568.74
1571.51
1717.1
1396.31
1453.17
1595.38
1653.63
1481.05
1558.71
2926.19
1922.88
1991.61
2087.28
2568.34
2280.28
2268.68
2103.15
3118.97
2223.2
3194.41
2013.15
2674.73
2618.65
2298.22
2464.72
1782.14
1801.18
1904.28
1529.91
1597.63
1819.86
1615.07
1747.67
1842.57
1660.33
2025.42
2857.99
2039.38
1828.07
2305.35
1942.1
3800.47
2023.59
3065.41
3633.09
3195.93
2376.11
3664.3
2525.48
1916.19
4584.37
4677.65
4671.88
2553.3
3391.61
3002.85
4636.29
4218.07
4774.39
4802.14
4989.38
3881.45
4080.79
4448.17
4818.85
4091.18
4787.44
4885.46
4883.05
3442.42
3913.09
4080.22
4872.43
1914.63
2753.43
3358.89
2842.19
2148.58
2414.81
2368.73
2726.48
1894.14
3608.03
3660.18
2763.66
2101.14
2763.42
2419.67
2877.73
3149.91
4002.72
3342.59
4439.13
3361.9
2977.85
3789.24
3267.67
3205.42
4944.02
4756.27
4745.28
3405.79
4078.17
3417.64
4820.89
9604.18
9636.15
4218.26
9668.05
9655.63
6452.83
8185.73
6129.1
9678.74
9788.53
3465.27
9800.45
9757.78
6190.62
8756.25
6812.92
3448.29
3181.45
3748.97
4339.03
3341.18
3176.92
3437.14
4486.76
9671.87
9731.94
5188.85
9680.24
9689.12
7733.86
8457.74
7697.55
9684.63
4191.63
9681.27
9731.21
8272.98
6784.62
9689.95
7446.92
6755.56
7810.4
3360.8
3777.56
6428.75
7228.89
4292.85
4285.83
3938.81
8261.19
8679.21
4187.69
4038.12
6897.32
4199.1
7251.55
3697.2
4751.1
7851.59
4293.3
3783.91
4000.52
4140.95
4645.16
8477.4
5753.3
7941.96
5810.44
5681.65
5641.89
6653.27
6355.92
4033.73
9827.56
9821.14
9844.15
4938.25
6249.26
8010.52
9813.55
7835.92
9866.29
9894.77
9868.92
8449.32
8539.79
9765.17
9871.08
5588.96
9874.15
9868.62
9830
6058.66
6890.18
9319.86
9835.84
3812.59
5954.48
4791.52
4931.33
4154.75
4764.26
3966.18
4878.4
3812.96
6207.68
7237.63
5723.05
3994.44
5791.86
4708.71
6426.83
6248.04
5656.38
8097.85
9220.88
5364.19
5617.5
7518.89
6337.62
6005.98
9850.31
9839.48
9832.17
7179.92
7800.93
8487.86
9853.12
9977.99
8422.39
9833.22
9788.88
9194.52
9939
9800.61
8572.39
8730.35
10834.9
6302.81
6231.18
7747.36
9988.6
5917.68
6344.44
9908.42
5429.12
9843.11
9818.04
8014.76
7682.77
9826.61
7995.49
9730.94
7427.93
9785.86
9736.88
8034.28
7252.71
9719.26
8111.69
7216.52
8671.9
8329.3
6189.51
5524.42
6580.59
5826.26
7180.92
8759.07
6074.31
6616.35
8370.55
5476.64
5725.89
5628.73
5704.08
9829.92
9734.09
6789.09
9781.92
9817.61
8026.39
7425.95
6742.68
8270.93
7372.17
7597.37
5869.76
6327.16
6689.84
5954.99
6539
9759.23
5072.5
9858.11
9704.48
7874.88
7269.9
9718.25
7689.32
6716
9946.96
7875.38
6620.49
6960.68
8805.13
6156.37
6798.19
9776.45
7614.28
9915.56
9739.93
7862.01
8755.36
9757.46
8846.22
9674.7
6402.03
9688.33
9657.72
7942.66
6470.09
9651.15
7057.17
5424.58
7982.5
7298.92
6711.17
5450.74
5928.7
5882.22
6295.64
6555.12
5667
7414.62
7881.06
5482.38
5548.98
5306.45
5069.16
9778.59
9680.02
5901.57
9697.12
9763.75
6962.1
7558.77
6022.13
8098.01
7186.94
4920.99
6227.89
5779.43
6307.03
4588.84
4774.31
9867.58
9870.17
7772.92
9863.57
9857.87
8264.29
9696.45
8176.97
9791.61
9721.64
4941.21
9731.83
9747.16
5693.71
8041.01
4733.46
7777.69
6089.03
9320.42
5983.71
6479.88
6619.61
6760.55
7068.95
9857.09
9773.98
7494.79
9823.84
9826.98
7521.9
9281.5
7251.34
9834.62
6180.03
9848.07
9791.93
8531.74
7181.95
9833.59
7674.8
6846.12
6155.18
5319.66
6302.48
6281.16
5770.1
5608.89
5525.6
6512.47
9253.03
8232.31
6999.74
5868.46
7483.53
6686.2
6822.36
6668.17
7357.53
5363.57
5569.24
6313.36
6828.79
5890.04
6123.34
2686.02
2945.42
2999.11
2378.6
2837.91
3088.72
2607.92
2846.59
3072.94
3447.28
7672.99
3875.34
4823.28
5881.95
4579.17
5772.74
3677.75
7572.83
6198.47
3712.13
4561.98
5819.32
4226.85
5156.12
1879.24
2227.83
2243.73
1516.34
1755.34
1995.42
1667.54
1879.34
3331.66
3240.59
2191.74
2653
3071.03
2744.82
2704.25
2470.28
3730.65
3241.89
6208.27
3823.57
3502.71
3722.93
4005.84
4905.86
2978.72
2067.14
2550.89
2509.5
2697.48
2333.13
2636.76
2218.11
3358.18
2982.58
3120.67
5707.79
3523.28
3143.16
4540.39
3887.86
6976.65
8479.51
4063.89
5306.08
6501.43
5803.2
4799.59
4649.74
8592.56
2899.79
2866.58
2864.45
7746.33
6473.61
3403.3
2860.73
3197.82
2843.9
2668.2
2769.65
3120.19
2999.55
2673.67
2720.3
6477.18
2959.32
2979.94
3212.36
7644.58
5796.28
4691.67
3153.5
7209.05
4471.32
6340.82
7119.66
5372.54
5146.76
5898.81
5610.77
6417.12
5644.28
3802.3
4045.69
4950.03
5223
4423.44
4212.27
3932.67
5826.06
3568.51
3144.51
4332.03
5290.26
4080.21
5357.43
3668.53
2892.15
2954.79
2889.08
3399.41
3550.07
2993.72
2924.58
2595.18
2634.44
2603.6
2057.42
2299.03
2325.7
2193.69
2285.1
2802.89
3261.51
6682.55
3314.28
3603.47
4287.24
3729.71
4729.81
2968.87
6405.73
5422.78
3073.16
3446.73
4319.43
3395.74
4165.34
1743.81
2003.32
2031.24
1498.37
1646.22
1811.48
1596.46
1744.53
2504.26
2557.93
1910.51
2235.38
2372.63
2229.39
2190.35
2063.76
2641.18
2624.5
4613.29
2879.04
2602.37
2879.56
3064.21
3648.19
2481.16
1857.29
2207.84
2200.2
2296.82
1999.93
2246.93
1948.31
2660.25
2525.07
2625.74
4677.79
2817.35
2601.74
3655.3
3233.41
2595.27
2851.67
2615.53
2604.03
2261.39
2318.76
2601.7
2452.93
3266.67
6186.87
7183.63
3940.49
3472.82
4282.74
3709.86
4965.43
2726.9
7472.47
2807.34
2797.68
2953.97
4601.74
2791.96
5791.4
2640.34
5203.17
2772.29
2721.6
2983.7
3441.45
2714.57
4117.23
3099.91
2485.59
2478.93
4211.17
3461.41
2457.92
3710.56
2556.25
3088.69
3806.43
4658.44
2683.14
3322.36
3584.32
3314.9
3574.2
2679.54
2635.93
4705.53
2765.53
2681.51
2836.46
2852.38
3250.31
2924.52
4222.03
3936.03
5563.84
3332.28
3484.4
3930.04
4172.56
4869.27
3192.77
2837.32
3958.77
3342.1
2954.78
3031.77
2888.65
3323.68
9673.64
9646.53
9709.73
5065.66
5052
8245.01
9688.26
3504.14
9643.47
9655.51
9666.2
5566.67
5812.05
8041.06
9665.28
5130.36
9686.23
9664.49
9652.77
7022.18
7474.95
8428.3
9667.5
3257
3028.13
3679.45
7069.72
3648.28
3256.35
4112.07
3511.58
3063.55
7378.65
5853.61
3092.96
3868.54
6657.47
3586.81
5652.07
3490.57
3967.57
8500.56
8333.65
3826.36
4072.13
6763.7
7030.65
3736
9673.41
9690.87
9661.49
6501.01
7269.68
8141.11
9667.07
3953.25
2658.97
3163.08
4525.65
3014.42
2681.47
3592.77
3237.37
3304.36
9559.15
9634.82
9646.89
5423.83
5579.99
8157.16
9642.88
3422.7
9684.68
9757.98
9861.34
6169.84
5832.37
8595.01
9803.61
5710.23
9693.02
9842.64
9773.36
7398.9
7549.29
8824.83
9792.1
2977.82
3575.33
4026.27
6607.48
3431.96
3459.42
3793.01
3534.05
2915.54
7047.28
5931.21
3354.78
3638.27
6437.03
3609.62
5954.53
4169.57
4839.67
8403.5
9163.76
4621.68
4784.89
7599.4
7319.09
4088.38
9832.1
9708.01
9701.03
6820.44
7401.73
8363.46
9710.08
9661.25
9650.73
4234.59
9693.01
9697.22
6482.26
8168.44
6118.58
9662.38
9726.92
3235.08
9741.46
9727.91
6226.76
8402.68
6256.1
3570.13
3054.57
4210.97
4253.8
3422.12
3181.38
3443.35
3900.16
9667.61
9690.15
4781.68
9630.5
9660.67
7268.12
8169.52
6782.72
9693.58
4259.54
9691.65
9709.64
8320.61
6689.44
9693.78
7290.42
6794.91
7484.13
3243.07
3884.73
6506.65
6962.43
4327.1
4254.49
4007.06
8205.36
8391.91
4024.71
4135.01
6695.96
4190.45
6858.65
3785.35
3981.21
7054.16
3543.94
3698.07
3780.59
3951.79
4265.74
2625.24
2614.18
5194.37
2676.57
2661.87
5140.03
3280.88
4989.98
2618.09
2635.28
2381.24
2630.68
2624.63
4524.89
2925.37
4181.08
5184.63
2598.38
5549.95
4156.47
4511.6
3389.31
4197.47
3649.32
2673.63
2636.73
3534.68
2664.12
2664.87
3418.6
2883.77
3305.15
2627.68
4590.7
2676.88
2633.18
2925.16
4376.77
2630.76
4069.88
4479.65
3558.7
1826.21
3665.61
4252.01
3768.45
2184.37
2098.7
4235.41
2994.58
2768.6
3501.48
4148.08
3944.28
3704.5
3539.6
3696.21
3405.91
3352.46
1812.7
3353.13
3242.65
2026.98
2107.86
5377.03
2182.89
5034.34
895.942
2135.83
3059.15
1713.22
2079.57
1923.07
6696.71
6386.69
1193.71
1218.54
4086.98
1185.11
2457.06
5032.15
6178.86
6583.43
1725.9
2652.44
5081.52
2297.16
3299.84
809.907
811.422
1154.27
690.683
833.835
806.848
821.949
798.453
980.176
2272.81
953.059
802.004
911.186
1007.87
854.556
942.966
1512.63
933.66
4119.97
3384.66
1060.62
929.291
1846.69
1379.31
1932.69
923.361
805.399
1283.13
1379.36
914.803
1268.12
802.905
2428.34
1207.8
994.501
2419.92
1257.84
1215.45
1262.87
1242.97
6387.75
5680.4
5039.35
1904.63
3357.55
3219.69
2418.57
2577.76
5611.32
5453.59
1601.37
1452.12
2358.26
2240.38
1467.85
1543.22
5107.33
1750.41
5678.49
1024.21
2065.22
2208.58
2147.55
2321.9
1353.61
1207.2
808.834
831.634
1054.03
1043.72
904.661
964.464
2767.51
2150.48
1532.45
1386.01
1734.62
1474.25
1737.35
1491.95
2597.4
1302.33
1255.85
2119.56
1732.2
1267.33
1661.69
1228.37
2073.1
1375.87
1135.27
920.485
1320.38
1384.42
1050.75
1033.85
2102.22
1046.55
1147.87
1246.34
1120.16
1078.57
1186.23
1220.14
2575.25
5024.68
2582.67
2569.83
3006.38
3247.21
2562.64
2910.13
5040.03
5556.48
1677.64
2943.49
3942.14
2304.93
2990.8
2009.79
2589.73
1664.12
2603.41
2581.59
2561.38
2337.51
2575.18
2446.42
2576.11
2254.89
2575.43
2580.27
2583.24
2422.09
2571.71
2483.92
3899.65
2651.34
2688.7
2588.98
3038.74
2757.27
3051.25
2707.2
2186.66
1847.31
1288.27
2655.12
1969.89
1815.08
1762.25
1582.52
2571.91
2570.43
2153.38
2569.57
2577.88
2608.67
2469.21
2476.3
2625.16
2479.86
1707.2
1422.3
2529.31
2451.72
1579.88
1594.76
4231.52
1303.71
430.59
4677.81
2990.69
1415.14
1808.27
980.687
571.435
950.821
249.434
490.948
511.479
411.28
315.324
282.894
169.007
201.242
126.87
243.282
170.587
173.85
167.969
145.372
4818.23
1532.61
877.137
5164.11
3738.22
1851.51
2475.45
1482.29
1059.63
392.376
3375.33
1089.09
667.385
673.864
1291.79
1603.02
526.5
507.221
238.391
277.457
369.957
306.743
278.961
252.956
343.821
2072.32
868.942
556.747
609.063
1202.23
580.347
881.637
226.956
333.992
468.703
220.879
201.324
355.602
213.65
330.826
105.181
170.985
125.089
118.262
122.865
141.224
120.813
125.798
218.447
1508.11
570.859
406.259
357.813
429.811
382.363
488.697
255.326
1067.42
2512.09
990.029
572.763
864.098
886.296
1429.38
180.332
385.284
559.122
349.758
295.019
396.959
360.074
496.526
183.89
152.32
146.929
286.165
166.427
161.85
172.202
169.167
198.121
371.136
443.349
185.7
181.581
319.57
220.383
353.048
168.527
165.645
339.381
551.566
165.102
180.403
382.673
302.664
194.799
776.397
455.328
602.067
374.876
524.014
464.811
620.42
96.3077
122.007
175.203
255.301
141.482
125.023
159.598
163.086
177.861
232.556
428.492
791.567
283.35
207.651
378.061
400.415
469.46
824.713
5103.35
5598.11
788.103
765.592
1684.66
2051.7
950.302
1479.15
5777.5
6277.73
1426.82
1376.8
2385.13
2649.13
163.445
242.313
423.596
702.037
230.879
234.626
452.994
416.769
158.387
690.498
388.709
231.412
251.412
396.117
256.948
424.045
327.021
557.339
897.246
1937.22
674.657
620.479
1016.68
894.233
373.404
2253.38
915.39
597.784
562.822
979.338
552.274
1059.16
2289.98
493.047
231.254
768.684
1085.92
544.675
811.944
285.803
189.099
47.5196
71.5881
47.3508
106.962
113.446
87.3441
93.9108
112.219
68.1717
65.3615
81.601
100.518
96.712
105.604
64.756
419.919
72.9383
127.606
247.158
315.813
127.276
295.936
111.202
250.099
164.683
462.571
102.129
154.401
157.802
140.228
158.503
260
77.3952
99.5108
136.222
134.735
87.5517
119.936
97.6416
152.598
471.339
107.061
145.346
147.479
160.288
119.713
117.706
115.057
61.2597
56.7351
86.9642
95.7627
94.355
94.7735
57.6766
3746.48
2010.58
3429.53
2362.19
3057.69
2895.11
2789.66
2650.15
1552.24
1998.24
1428.01
1374.09
1492.25
1512.15
1417.25
1420.42
3215.41
1623.85
2985.65
1802.6
2532.09
2520.14
2204.91
2164.99
1746.43
1375.41
1423.36
1311.67
1582.4
1511.95
1438.58
1383.56
1873.35
2746.17
2094.83
1558.08
1737.76
2323.61
1649.45
1998.17
1706.76
1436.49
1534.89
2666.29
1624.37
1525.73
1686.68
1551.08
2454.84
1909.77
1460.56
1611.11
2013.01
1829.6
1767.44
1688.09
2386.13
1587.65
1366.17
1428.99
2103.23
1767.23
1472.84
1390.13
4763.88
4712.27
2138.24
4857.05
4766.73
3736.02
3150.37
2790.66
4633.14
4555.3
1767.32
4666.5
4607.1
3343.91
3039.49
2579.46
1583.08
1462.96
1943.3
1926.52
1542.39
1517.32
1757.49
1666.45
5028.31
4842.78
2384.24
5023.13
4961.27
3802.55
3235.84
2869.36
4693.09
2002.32
4859.9
4747.3
3225.54
2916.18
4772.9
3768.06
3541.83
3600.49
1663.78
1808.52
2777.74
2768.14
1841.89
1816.1
1840.96
3208.12
3273.07
2101.72
2110.65
2829.87
2048.18
2955.17
1679.38
1931.52
2829.94
1531.06
1662.02
1881.77
1653.24
1883.05
8435.19
6364.37
5986.74
2618.11
5172.18
5755.12
3827.91
4211.74
7191.09
6891.5
3929.24
5542.81
3927.19
4218.53
3633.09
2798.19
1839.56
1849.22
449.468
595.613
937.594
1099.06
675.118
579.996
2636.63
5302.11
910.02
5308.62
2570.94
2183.46
2863.12
1521.38
4692.66
3064
1681.26
2379.43
3388.14
2884.56
2802.2
1644.98
5405.34
2163.76
2529.48
3865.71
3674.33
2312.63
5279.78
1969.02
1532.48
1456.08
2545.56
874.035
969.07
1276.05
857.64
1478.65
1489.08
662.237
1371.89
1265.44
937.289
693.321
1148.84
772.836
5584.89
2185.32
2320.68
2486.32
4619.68
2796.55
2200.85
1384.11
1071.96
366.442
1253.34
455.479
737.833
640.217
653.566
577.297
4083.32
2862.19
5113.73
2393.05
4124.21
4179.75
4564.05
4151.58
1096.24
576.848
1211.9
540.265
888.053
677.218
811.869
705.095
1483.49
2145.85
1617.8
681.501
884.875
1056.98
900.883
1072.84
1332.05
559.047
1784.17
2585.27
811.071
723.407
2291.37
1935.03
1836.48
1141.61
657.273
1646.6
1309.75
868.884
1221.68
718.311
2058.1
1426.98
545.82
1278.46
1589.35
1242.87
1520.38
1067.87
171.842
243.919
298.868
445.678
234.745
269.211
323.287
322.026
279.423
288.034
872.96
439.6
310.796
408.751
397.274
492.087
864.61
1776.35
7438.63
6012.26
928.849
1449.61
2871.94
2191.37
1026.78
723.772
5782.27
5868.02
1076.53
884.99
2880.01
1756.15
285.925
319.732
476.178
436.469
330.968
332.954
401.157
432.848
340.315
456.799
683.553
404.824
391.282
418.7
449.417
504.153
471.312
660.28
561.018
2595.08
724.487
578.58
797.743
620.712
512.916
1580.76
569.901
812.659
576.722
726.803
575.394
666.011
66.4199
245.044
160.047
89.0723
139.091
164.753
87.7456
129.087
756.252
4397.55
1672.61
2255.4
1703.38
2081.01
1338.43
1837.42
217.775
631.776
203.714
368.333
294.141
365.902
217.837
346.423
231.773
1094.27
503.036
441.427
420.886
534.185
385.832
517.138
436.841
209.355
196.838
683.738
320.632
181.836
368.788
248.433
471.761
881.65
678.081
268.667
372.235
630.847
392.969
545.476
212.353
205.32
712.537
281.615
249.631
282.811
357.107
411.337
277.949
422.468
905.016
657.356
358.162
425.971
523.48
897.895
4954.99
1088.77
517.897
5223.46
2055.12
1053.05
1712.34
1063.35
435.695
250.226
233.762
582.424
451.23
300.312
436.248
313.547
183.105
165.696
113.421
387.542
234.841
170.871
235.884
215.905
5572.81
1211.83
1013.36
6086.19
3073.5
1218.6
2507.41
1234.25
854.615
434.307
2411.64
926.192
738.287
760.134
1327.4
1194.6
437.883
598.909
225.054
229.481
455.735
485.98
255.763
352.379
363.055
1994.86
871.081
670.707
691.875
1198.79
710.472
907.127
241.127
563.696
606.943
256.225
379.581
527.281
360.866
544.289
50.1359
79.5487
113.439
56.6525
44.8229
112.912
71.5401
94.8646
110.668
86.5939
318.699
58.3412
115.365
245.349
91.1463
206.751
248.206
920.972
2611.16
342.256
268.559
925.233
412.23
1893.78
80.9443
88.7774
187.262
147.908
82.0303
129.308
161.636
159.614
74.6962
97.6302
51.7302
58.7478
79.092
86.2155
56.2515
85.1354
148.742
89.7037
417.985
160.942
102.513
100.779
135.599
156.845
147.96
99.6477
103.917
209.723
140.711
122.516
148.298
121.911
180.768
278.87
119.049
669.211
177.526
171.572
174.037
149.397
126.676
192.375
203.55
309.505
142.629
171.68
229.981
203.021
254.741
459.685
507.429
416.913
276.453
425.506
331.789
574.147
415.219
682.062
3416.37
3890.02
523.72
609.133
1747.74
2785.24
861.313
1149.32
4257.84
4796.57
1353.48
1233.8
2452.82
3578.64
200.013
222.348
391.457
309.217
223.013
215.957
249.85
265.303
236.508
320.681
434.901
245.785
271.36
278.894
276.653
287.843
367.583
657.089
715.128
1984.5
549.39
556.181
821.244
681.09
404.673
3202.65
950.587
803.638
458.03
763.039
513.338
752.814
1868.31
562.521
269.831
426.009
514.913
463.832
442.433
384.919
475.083
446.801
222.304
349.317
415.618
394.171
341.311
352.984
155.41
153.92
73.2589
64.6523
86.7388
110.424
74.7827
88.5884
254.806
248.576
93.3945
198.804
250.407
211.031
186.146
177.152
403.124
176.226
290.982
311.753
341.64
288.905
338.227
267.649
380.954
278.905
181.368
189.096
329.727
300.382
229.689
148.838
151.708
245.326
238.995
101.017
146.556
242.616
117.086
220.611
150.658
106.584
246.564
160.517
125.857
113.098
128.899
129.734
1361.34
1579.59
1503.63
1393.96
1496.68
1526.82
1500.62
1534.68
2136.02
3613.6
3494.24
2030.7
2416.32
3313.41
2356.12
3019.99
1874.61
3249.23
3115.42
1622.81
2106.51
2874.03
2057.66
2555.19
1216.04
1445.41
1218.04
1057.19
1263.59
1382.59
1213.32
1290.75
1792.04
1750.62
1403.92
1679.06
1725.67
1605.94
1593.65
1524.38
2008.12
1922.35
3143.91
1875.29
1857.85
2105.7
1968.65
2177.3
1715.67
1362.03
1596.86
1394.39
1451.73
1411.93
1446.59
1469.49
1821.24
1543.15
1764.41
2796.4
1902.87
1695.44
2113.39
1788.68
4607.35
4703.37
2106.31
4687.98
4624.73
3254.13
3381.29
2637.43
4838.62
4958.53
2338.75
4898.43
4862.95
3575.55
3752.03
2663.27
1567.84
1691.49
1433.36
1796.59
1610.17
1545.55
1629.14
1513.97
4781.83
4815.1
2411.68
4819.32
4793.39
3611.74
4114.89
2733.7
4725.23
2175.82
4705.33
4806.94
3473.27
3018.54
4792.05
3471.18
3521.55
3437.9
2058.63
1974.58
2859.73
3212.63
2230.62
2264.23
2122.09
3654.57
3837.27
2170.26
2407.39
2979.9
2467.04
3330.79
1699.06
1936.18
2477.91
1825.56
1801.62
1915.74
1930.25
2134.25
4864.64
1053.41
506.193
5155.07
1971.77
1013.92
1660.63
1028.03
434.974
305.251
175.093
725.074
512.21
309.946
493.247
334.422
169.671
98.231
82.4318
224.969
159.155
109.01
151.007
122.096
5467.54
1307.58
871.537
5963.49
2880.2
1327.75
2423.76
1331.33
819.831
395.069
2286.1
979.452
709.102
728.556
1335.17
1199.63
418.353
715.424
154.171
211.894
436.322
523.469
232.546
298.087
327.323
1923.02
944.658
574.916
639.04
1200.78
646.562
960.052
221.441
419.09
715.689
157.872
277.289
419.717
268.188
456.08
48.8919
60.0555
95.9633
47.7949
45.8078
85.8307
58.5118
75.2984
70.3312
96.937
297.241
52.2623
78.6972
215.451
76.5885
190.695
253.375
889.065
2558.01
375.16
264.365
848.668
460.62
1879.94
82.1058
89.6792
241.287
202.19
93.1542
143.383
226.054
195.733
61.9461
84.6514
46.9426
53.8627
68.0174
73.2633
50.398
74.7811
94.6715
78.2408
360.407
149.545
86.0794
83.8077
117.033
131.997
166.236
94.6764
101.695
287.968
153.421
128.477
169.68
130.809
192.049
318.92
121.402
644.902
185.571
184.461
174.502
153.782
121.111
168.632
185.651
212.098
150.118
135.988
168.954
187.011
288.272
698.455
793.85
363.623
333.127
590.146
321.632
781.1
426.496
981.004
3615.2
3789.49
627.678
764.869
1735.07
2829.27
770.936
900
4098.79
4586.3
1218.71
1024.02
2386.65
3270.41
207.836
214.138
296.591
301.873
215.666
204.121
251.728
263.245
251.387
306.284
624.909
256.691
272.5
280.812
276.838
291.502
332.535
576.046
654.791
1945.41
506.217
504.217
827.316
659.326
413.178
2973.45
720.295
963.533
512.879
681.781
551.291
663.649
2142.66
976.712
311.057
680.748
760.228
654.44
625.113
564.087
801.164
708.303
276.415
537.017
645.528
573.379
530.13
530.4
149.679
152.323
93.1938
74.3929
88.58
108.027
76.2313
97.1922
483.101
394.604
127.144
326.403
452.605
342.991
317.629
267.394
706.485
201.657
543.935
509.893
610.065
478.817
646.957
461.817
600.652
429.102
228.334
200.45
519.827
432.109
258.409
204.502
182.822
430.314
386.913
123.553
186.349
396.651
143.123
341.9
172.193
130.821
382.156
220.628
142.524
137.153
186.036
195.9
1280.7
1296.46
1315.17
1198.24
1191.46
1275.9
1196.67
1245.52
1298.87
1057.09
1036.43
1160.57
1161.53
1019.93
1157.71
1089.47
1360.36
948.838
848.443
1178.26
1159.98
938.198
1141.57
939.937
1176.86
1074.17
1205.1
1185.91
1088.46
1087.37
1174.15
1200.42
1218.25
1260.73
1108.3
1106.74
1199.75
1203.64
1143.93
1140.89
1276.1
1168.3
1074.37
1346.94
1309.11
1208.57
1353.61
1217.71
1261.94
1149.79
1080.86
1216.61
1220.02
1160.1
1138.68
1108.27
1303.83
1188.53
1125.18
1009.23
1173.92
1149.24
1102.55
1107.58
696.838
853.308
1265.81
1218.17
762.307
839.553
1218.03
1193.41
906.572
989.773
1282.75
1066.56
884.166
950.177
1100.95
1163.09
1328.76
1316.4
1357.69
1497.24
1278.97
1305.29
1452.54
1404.99
1547.87
1391.37
1744.65
2286.72
1527.03
1500
1932.86
1789.57
874.065
1217.73
1243.47
1197.11
1111.66
1212.31
1119.93
1231.99
953.686
1197.13
1222.45
1299.29
1106.92
1149.59
1202.6
1146.89
1369.38
1466.2
1333.98
1629.53
1372.8
1392.22
1378.85
1423.37
1327.06
1542.4
1308.89
1258.76
1299.95
1350.93
1245.6
1298.08
1043.42
1920.73
1425.03
1344.11
1327.63
1685.75
1367.9
1601.1
2286.97
2940.6
1909.71
1893.61
2133.81
2279.64
2016.66
2121.56
1301.15
1381.48
1230.85
1234.3
1233.13
1266.38
1217.02
1216.12
1304.16
1504.69
1235.36
1238.94
1282.47
1416.63
1275.38
1340.48
1898.05
1369.03
1389.24
1665.55
1830.07
1609.97
1753.53
1585.01
2073.99
1789.63
1564.66
1442.9
1935.17
1854.49
1628.37
1534.15
1319.07
1363.9
1599.79
1223
1277.51
1491.14
1242.2
1442.71
1359.53
1259.08
1665.34
1473.49
1336.47
1318.97
1460.51
1398.58
1291.58
1452.81
1358.52
1548.45
1324.93
1290.61
1414.54
1335.8
1935.9
2296.32
2045.35
2154.05
2002.86
2190.1
1996.73
2063.78
1432.29
1669.78
942.924
1541.82
1428.76
1529.66
1448.19
1377.75
1959.68
2212.8
1816.16
2452.19
2029.24
1816.19
2137.06
1877.2
1516.91
1382.45
1595.43
1819.34
1594.35
1401.29
1739.7
1493.95
1537.55
1743.32
1976.25
1394.07
1574.02
1644.88
1632.65
1689.73
1446.8
1716.98
1906.54
1668.47
1577.19
1554.09
1563.34
1635.8
1379.83
1545.13
1787.04
1896.31
1414.62
1481.92
1673.24
1677.65
2567.33
2326.79
1654.41
1606.39
2309.11
2116.75
1719.86
1761.61
2280.98
2302.71
1820.05
1621.8
2107.27
2009.49
1775.58
1812.97
1149.81
1575.85
1851.8
1150.6
1146
1245.8
1167.92
1484.69
1187.27
1172.63
986.186
976.561
1102.13
1092.93
1003.99
996.345
2144.19
1528.1
1474.9
1434.65
1738.41
1584.37
1600.67
1498.87
2013.45
1409.99
1504.49
1562.49
1650.08
1487.11
1536.68
1441.89
1209.77
1238.33
1246.86
1000.71
1143.13
1243.62
1099.47
1137.41
1283.05
1087.7
1261.7
1459.86
1178.96
1131.56
1337.78
1260.43
2378.71
1842.53
2350.09
2359.21
2202.91
2149.01
2359.52
2260.06
1224.82
1748.33
1658.58
1417.11
1266.48
1252.74
1394.72
1163.47
2334.61
1984.53
2381.17
2330.55
2213.3
2090.04
2332.91
2131.4
2346.44
2034.63
2330.77
2324.01
2326.3
2135.11
2320.45
2178.45
1713.48
2249.46
2196.17
1963.49
1808.12
2039.21
1866.52
2116.45
1618.89
1724.92
1571.11
2077.1
1688.76
1639.26
1612.79
1602.41
2340.02
2345.21
1951.85
2331.24
2337.22
2242.34
2218.95
2055.06
2152.54
2135.74
1703.71
1606.48
1965.9
2052.44
1638.43
1682.64
300.98
353.467
236.432
470.166
328.819
311.319
379.045
381.622
452.001
527.581
391.403
570.015
481.029
489.108
474.16
529.23
192.74
333.147
212.895
311.891
210.964
239.505
239.142
323.016
802.117
769.821
644.83
2479.46
845.42
725.75
1001.76
934.208
378.975
268.467
497.858
526.741
393.416
385.15
502.567
454.959
373.319
524.676
329.071
248.689
387.605
383.738
277.213
288.379
298.158
544.178
555.938
402.471
377.997
517.639
397.886
515.38
292.788
452.553
629.68
410.898
287.796
380.021
329.401
458.337
68.3346
251.707
77.2279
53.1024
122.878
188.064
53.339
148.279
310.454
464.465
411.422
246.062
297.597
408.943
263.085
399.888
88.2791
311.822
122.262
90.98
119.128
222.421
79.8739
195.872
53.3805
125.904
63.8008
54.3488
75.8332
111.896
52.6417
98.6182
219.546
111.289
80.3433
177.068
161.652
135.3
161.409
115.203
258.569
226.154
330.597
190.355
232.816
227.499
216.588
201.055
59.7351
49.7008
142.616
56.7523
62.1028
98.1963
74.5573
106.858
153.796
126.438
210.381
324.442
140.593
130.242
178.128
185.276
2678.74
2584.04
5619.99
2657.26
2655.27
3587.87
2981.74
3839.66
2554.85
2512.21
2731.78
2566.71
2560.35
2486.39
2508.4
2454.83
5343.9
1730.7
5068.82
4182.08
4660.64
2634.84
4228.37
3448.44
2646.47
2589.79
3400.99
2637.5
2637.78
3115.2
2763.51
3085.78
2581.65
4747.79
2648.7
2582.15
2553.24
3522.44
2582.42
3418.57
2518.27
2448.75
1487.93
2832.16
2478.94
2417.61
2072.96
1939.21
4262.84
2834.69
2562.34
3360.24
4158.1
3389.52
3601.27
3151.35
3362.87
3125.02
2499.34
1659.82
3041.8
2929.79
1887.3
1971.9
6852.46
5531.09
5503.83
1997.92
4207.67
3755.18
2898.46
2816.73
5266.74
4905.48
1487.4
926.889
2954.22
2464.18
1078.71
1080.11
5596.83
2420.17
5529.75
949.227
2003.15
2381.77
2306.94
2340.2
1179.01
810.587
768.338
623.593
880.012
849.307
709.602
765.708
3425.37
2294.13
1470.75
977.204
1521.6
1472.52
1439.24
1378
2820.87
940.169
1257.12
2470.54
1507
1011.27
1953.05
1060.85
2481.36
1265.78
823.618
872.335
1344.34
1267.39
934.337
874.333
2395.09
967.603
860.376
1052.95
1049.92
955.053
1037.13
1014.16
2692.01
2773.31
3397.46
2710.65
2716
2748.4
2845.17
2847.45
2815.71
2806.62
7674.27
2829.54
2827.15
5201.27
3078.87
6258.2
3931.35
7398
6317.14
4693.33
4087.67
4705.99
4367.82
5211.01
2832.52
2886.24
5354.23
2992.87
2936.14
4046.91
3409.42
4908.91
2809.01
3607.86
2787.62
2875.11
2797.57
2925.46
2838.2
3020.74
3078.32
4149.43
5133.27
3563.44
3296.63
3927.23
3648.24
4123.87
3776.77
2909.45
3100.03
4929.67
4034.1
3271.88
4476.01
3857.5
3798.43
4943.14
4935.88
5846.19
4211.13
4538
4478.22
4908.54
2824.86
3035.2
2872.48
2280.74
2644.14
2698.59
2486.79
2631.8
3494.6
5593.46
6469.4
3210.38
3640.99
4434.47
3617.07
4582.82
2970.07
6716.81
3166.17
3337.53
4106.34
4979.4
3785.19
4177.53
1838.42
2078.75
2122.71
1527.55
1729.74
1914.54
1644.27
1800.8
2893.15
2745.94
2114.03
2382.12
2677.48
2434.85
2458.37
2279.34
3253.91
2780.87
4769.97
2959.1
2953.58
3032.92
3312.23
3798.8
2613.04
1981.47
2287.32
2364.06
2388.46
2123.1
2473.25
2060.45
2815.43
2710.81
2644.01
4902.61
3184.49
2930.26
3823.12
3340.42
2715.08
2839.06
3019.63
2807.01
2768.15
2735.21
2673.09
2825.91
2832.5
2835.76
8148.17
2829.19
2826.42
5734.61
3257.1
6910.9
3669.07
8026.77
6939.8
4985.28
4162.82
5257.49
4450.5
6041.65
2990.89
2971.11
6382.03
3231.1
3165.03
5218.1
3999.3
6645.94
2893.5
3454.08
2920.59
2964.41
2930.16
3184.91
2930.76
3342.11
3341.4
4950.72
5909.09
3705.54
3689.98
4598.06
3956.6
4622.73
3722.12
3008.93
3454.82
5638.92
4102.25
3751.4
5047
4837.95
4106.33
6170.69
6097.67
6759.45
4979.23
5455.08
5050.46
5505.21
2767.12
2765.57
2872.26
2132.05
2453.22
2593.9
2341.41
2515.91
3304.17
6193.68
7131.69
3424.38
3798.65
4807.97
3941.3
5261.85
2957.96
7235.22
3094.89
3409.84
4341.09
5427.36
3918.08
4326.79
1717.5
2078.42
2131.8
1467.66
1657.89
1889.27
1592.73
1779.07
2796.58
2825.64
1974.48
2397.55
2649.87
2400.9
2357.89
2207.19
3313.28
2935.32
5381.2
3145.7
3043.57
3271.7
3533.42
4256.46
2659.55
1872.04
2342.78
2403.5
2405.63
2059.06
2531.56
2055.6
2875.71
2788.47
2818.33
5479.7
3359.38
3072.12
4251.08
3652.62
4651.35
4854.88
1231.97
1485.72
2507.05
2407.8
1459.75
1294.44
5164.39
7229.26
5769.24
1874
3422.35
4270.31
1867.9
3666.46
1067.52
5643.27
5037.6
852.604
963.806
2542.09
906.95
2789.24
1082.34
1164.17
766.875
777.006
995.758
950.565
796.291
847.581
2636.19
1048.55
1294.99
1418.5
1481.65
1175.9
1509.95
1166.33
2552.72
1457.47
2989.34
1082.43
1481.99
1455.7
1530.47
1483.82
939.47
1073.34
1137.31
772.625
935.632
976.53
859.93
963.085
946.112
907.426
1404.79
3240.88
977.775
949.059
1419.85
1418.69
2546.71
1345.35
2550.06
2528.83
2412.61
2389.37
2521.93
2531.22
1142.18
4890.55
5584.78
3071.1
2146.67
2782.45
3163.67
4324.93
2559.71
5773.43
2656.77
2611.59
3655.54
4419.99
2605.94
3734.33
2528.34
2188.79
2567.32
2546.11
2449.94
2447.06
2538.96
2465.6
1193.91
2527.62
2380.08
1736.81
1349.97
2439.95
1332.45
2355.11
1120.66
2068.88
3178.65
2559.69
1488.41
2079.32
1672.22
2562.16
2529.55
2521.95
2186.84
2562.26
2535.33
2399.31
2757.92
2519.28
2630.94
2751.75
2699.22
4666.78
3134.38
3049.96
3553.71
3409.64
794.366
544.314
648.575
683.755
597.87
593.142
631.366
628.201
545.384
487.292
789.792
675.286
655.856
670.086
677.387
701.276
803.009
1054.11
1478.98
1071.58
1090.09
1174.91
1095.82
1157.84
671.102
703.928
851.506
882.571
681.435
692.571
725.227
751.537
581.95
686.822
604.093
672.586
591.145
611.206
611.456
602.357
586.238
686.67
941.615
695.268
597.434
711.21
571.945
875.604
700.443
629.303
694.984
840.18
686.945
632.977
818.429
706.713
717.848
878.362
731.628
935.473
876.386
847.257
888.57
856.435
1506.76
1081.69
811.539
1136.25
1268.37
1217.83
1081.67
873.143
783.607
454.677
468.589
356.482
635.081
679.051
394.556
400.099
614.179
462.153
707.686
612.761
469.284
551.059
580.075
588.09
919.355
438.236
630.332
620.354
672.96
598.077
630.664
578.821
931.551
633.719
810.111
448.749
541.802
641.108
520.746
701.338
964.735
420.408
532.127
681.906
513.982
410.601
532.281
416.635
661.555
887.867
441.6
612.911
689.239
742.881
542.58
548.336
596.958
569.759
406.356
400.617
459.84
485.932
412.24
411.197
1467.55
1238.31
872.304
1064.87
1406.93
1203.85
1091.32
909.643
1121.42
1378.96
1236.55
950.584
1093.46
1242.39
971.086
1157.88
707.542
996.466
834.631
741.31
709.073
859.952
719.334
806.93
853.68
781.556
735.453
856.504
833.901
761.758
766.363
770.146
1189.65
863.743
1031.09
875.967
913.554
886.572
891.25
878.237
1107.5
916.625
1087.38
900.303
962.397
941.947
951.776
938.209
731.396
859.676
776.705
700.882
710.835
771.191
701.485
749.589
748.425
739.446
840.355
958.809
733.881
736.233
805.346
798.821
817.187
1061.4
699.85
811.453
748.4
823.117
715.67
764.74
1317.63
1488.5
1134.17
1140.16
1158.34
1185.67
1082.71
1071.73
904.837
1281.83
1465.47
1273
1116.19
1201.34
1169.44
1242.88
939.961
1127.5
1102.55
940.733
936.472
976.871
827.343
1005.84
965.565
742.207
849.516
1153.23
950.575
806.867
1062.35
849.298
1030.3
1079.61
1064.37
872.367
954.017
1023.59
935.297
986.68
731.046
807.352
1068.75
996.732
799.26
867.18
966.417
957.616
851.441
1108.06
1083.63
1077.2
999.702
1042.15
1018.58
1087.44
299.381
574.14
374.42
379.182
416.138
480.9
355.972
425.916
688.079
1735.91
1391.95
1066.36
878.038
1075.3
981.739
1034.29
463.449
930.398
657.231
624.721
672.152
730.221
607.663
685.673
536.654
950.449
638.397
700.921
712.623
785.166
666.438
712.475
492.919
519.099
451.758
758.399
498.674
522.441
470.207
497.605
598.626
870.831
999.397
575.692
577.815
810.458
735.194
901.808
437.655
502.694
872.498
605.648
469.672
527.49
614.825
712.321
507.331
649.046
860.787
819.279
658.302
660.465
754.735
850.632
718.457
1061.85
499.456
955.949
833.901
812.632
846.229
692.81
1477.21
1803.22
849.502
910.189
1591.45
1333.3
927.914
912.507
405.82
682.856
320.195
450.681
530.749
548.57
425.924
385.977
1021.2
848.958
619.93
894.352
1003.14
802.437
889.188
743.747
1181.72
622.348
1014.45
917.27
865.471
668.498
943.452
780.28
1209.09
860.867
725.766
642.237
903.446
857.474
816.665
833.943
567.074
944.981
840.87
571.478
615.338
748.199
639.398
698.08
503.433
519.785
774.048
687.39
532.842
580.984
650.44
683.173
35.6538
90.6122
35.9872
37.0562
42.6278
65.636
34.3926
59.9319
184.107
378.934
265.536
222.761
249.007
284.952
227.296
283.025
38.5075
200.521
52.2175
41.242
47.3676
86.3939
39.0754
89.3623
47.0887
107.832
42.5221
52.7005
58.0122
77.7394
49.8238
73.1732
107.971
47.3734
48.839
134.02
91.0933
70.1135
93.531
65.8191
148.569
170.779
177.47
73.3469
148.361
179.789
100.537
131.793
36.5587
43.0722
115.052
39.7499
38.2381
66.5781
44.2506
78.5807
65.1343
64.2158
165.502
186.698
63.4742
59.0111
111.617
127.953
50.6537
49.3893
94.8102
75.7954
64.0225
69.999
73.4981
72.596
54.0343
84.8789
195.06
119.634
73.6026
87.3058
93.0235
105.897
177.286
264.998
378.035
241.113
197.13
276.863
221.862
291.531
95.2772
139.331
191.567
219.865
110.776
124.438
129.312
163.557
65.9963
105.03
77.39
96.2352
69.6479
75.3032
75.2632
77.4124
72.3442
112.675
184.244
137.186
73.735
90.7686
102.592
125.402
118.48
88.4731
110.495
148.103
126.293
81.2337
131.487
100.967
138.506
174.648
134.261
194.042
143.291
154.89
142.291
167.738
146.774
317.107
454.934
127.955
215.391
332.057
194.725
239.233
311.735
388.126
795.951
273.554
286.425
386.153
308.642
412.469
1123.87
1577.5
3514.77
747.097
1139.24
1359.76
1530.25
1577.31
176.895
277.3
489.91
294.471
242.655
304.739
270.72
375.202
248.473
492.89
160.605
225.846
218.448
221.242
198.041
176.107
323.246
273.047
688.924
644.699
256.212
281.633
626.412
521.68
543.781
177.541
286.692
445.417
264.998
195.219
337.895
264.4
583.3
563.473
356.68
654.857
512.024
419.722
521.533
489.776
2273.97
2220.1
1664.29
1530.47
1814.69
1903.8
1624.62
1690.7
2239.65
2869.03
2323.81
2163.87
2122.87
2174.5
2181
2194.3
2063.33
2471.14
2630.25
2945.69
2299.8
2458.98
2693.79
2847.05
1606.71
2282.45
2760.2
2574.9
1984.24
2032.15
2502.47
2701.22
1806.65
1740.93
1517.16
1910.99
1684.45
1658.26
1622.85
1591.9
1833.74
1955.11
2126.1
1817.31
1745.91
1910.83
1792.36
2025.94
1912.59
1652.5
2231.92
2695.92
1846.85
1781.69
2091.61
1953.84
2014.65
2906.49
2343.78
2337.46
2103.89
2159.39
2210.49
2414.76
3355.61
2963.81
3386.91
2530.12
2926.54
3641.55
2783.2
2847.62
2269.73
2478.37
2267.87
1571.51
1630.09
1778.95
1533.66
1589.94
2976.22
2464.42
3071.36
2694.57
2433.46
2896.31
2497.65
2441.89
2695.58
1910.51
2642.78
2668.45
2336.5
2171.39
2584.92
2392.85
2121.41
2692.08
2270.87
1749.81
1948.09
2275.22
1913.24
2151.89
2515.67
1658.49
2108.37
3438.24
1909.24
1663.01
2875.04
1872.38
2444.89
2559.2
1867.03
2544.97
2448.61
2411.89
2157.94
2118.27
2456.9
2413.4
1795.41
1805.06
2082.8
2039.11
1844.13
1883.52
3791.25
3972.73
3171.97
4250.61
4558.9
4393.69
4207.21
4039.91
3522.05
3287.53
2632.12
3488.72
4026.77
3893.46
3725.28
3463.15
2349.09
2340.7
2703.06
2333.29
2301.93
2112.21
2246.08
2206.02
3406.34
3157.11
2617.03
2903.67
3274.22
3212.04
3100.19
3147.39
4561.11
3109.09
3927.37
3706.08
4133.84
3702.97
3899.04
3691.89
4481.91
3608.3
2564.03
2997.53
4007.7
3543.27
3470.02
3210.2
2879.9
3530.4
3397.61
2598.29
2907.57
3380.42
2640.97
3127.8
2819.34
2662.88
3326.59
2564.84
2663.59
2627.68
2945.09
2893.97
2385.42
2522.21
1739.42
2542.12
2499.01
2683.29
2619.45
2538.86
2336.74
2468.12
2822.76
2425.47
2448.91
2667.79
2454.66
2841.18
1996.81
2699.89
2750.37
2368.47
2080.43
3071.72
2324.76
3140.87
2356.48
2266.82
2286.45
2163.44
2238.72
2166.28
2282.66
2324.86
2529.48
1943.1
2418.34
2449.81
2509.95
2369.23
2475.18
2322.39
2513.22
2419.58
3168.33
2665.01
2413.01
2396.75
2389.19
2376.47
2068.85
2453.72
2374.39
2276.09
2070.67
2236.1
2057.91
2191.95
2515.76
2461.19
2549.56
3185.95
2339.19
2252.68
2395.76
2364.86
2284.08
2443.06
1717.25
1593.23
1701.38
2556.12
1532.49
1620.96
2789.32
2478.26
2098.45
2084.3
2458.01
2448.23
2061.13
1686.4
1488.43
2361.89
2084
1930.42
1516.94
2308.01
1936.25
1989.68
1869.86
1901.3
1980.28
2110.58
1998.09
1761.06
1995.09
1929.48
2007.74
1659.5
1654.3
2112.58
1818.17
1688.43
1966.63
1737.65
2713.78
1874.92
2162.26
2237.93
1812.59
1876.24
2147.9
1782.52
1479.81
1719.37
1818.48
1918.97
1568.18
1607.46
1582.66
1703.7
1413.83
1816.56
1514.24
1751.06
1462.53
1447.43
1578.04
1486.31
2871.12
2386.13
1738.5
2245.54
2147.56
2116.78
1855.18
1741.59
2609.78
2156.46
2191.87
2159.94
2714.54
2951.04
2329.5
2315.8
1717.78
2166.58
2204.52
2422.01
2122.33
2487.37
2420.8
2176.23
2224.34
1735.51
2253.08
2223.84
1873.17
1773.81
2152.49
2133.08
2241.88
1825.81
1773.55
1915.49
1950.45
1747.74
1850.94
1705.91
2362.05
2070.41
2598.09
1914.32
2040.46
2156.73
2035.92
2349.18
1825.59
1914.85
1816.5
2281.69
1869.37
1813.63
1823.65
1762.97
1738.46
2267.04
1887.49
2165.21
1932.8
1897.16
2100.71
1957.58
1764.2
1782.41
1617.92
1856.6
1860.44
1965.31
1867.8
1895.2
1859.29
1864.58
2635.94
2007.78
2003.46
2242.37
2045.41
2272.93
1671.5
2446.27
2263.51
1662.19
1662.16
1811.2
1610.06
1923.53
1876.28
2006.82
1908.14
1941.21
1922.17
2109.51
1974.28
2197.76
1936.44
1614.61
1866.57
1996.78
1949.39
1993.37
1944.79
1913.61
2079.64
2113.95
1957.08
1642.62
2014.24
2135.97
1968.82
1872.99
1588.23
1878.39
2081.62
1810.81
1673.95
1959.75
1813.47
2141.64
1637.83
1821.06
2213.92
1997.01
1793.46
1788.07
1837.11
1886.53
138.006
276.641
470.535
134.888
177.649
297.342
247.783
275.935
349.3
443.825
553.446
210.257
326.053
418.695
294.228
349.958
942.198
862.702
2494.84
609.661
863.281
977.026
1628.52
1400.74
205.148
203.453
344.069
247.081
221.417
230.914
278.706
283.833
264.136
442.18
155.303
208.657
273.139
277.777
189.715
163.481
363.895
215.924
631.301
585.797
304.951
304.659
592.442
528.044
656.833
214.535
223.877
364.045
274.272
217.244
267.776
221.532
640.437
364.082
232.736
590.2
607.018
290.636
558.505
285.528
2413.87
957.285
659.958
395.586
575.27
747.637
535.972
584.033
697.86
393.803
319.919
269.294
380.717
361.706
289.782
276.112
442.957
307.724
128.331
206.206
267.911
316.994
245.626
185.529
320.808
337.086
274.116
311.13
384.554
348.641
340.203
329.717
454.787
382.357
372.453
337.226
379.813
375.188
359.48
355.27
622.75
277.656
340.724
533.123
478.198
288.146
620.508
286.124
360.148
340.728
331.563
299.881
319.833
344.496
301.74
331.414
410.874
237.867
256.738
256.06
270.401
254.263
258.321
236.27
58.3256
103.647
51.9107
131.565
75.9883
68.0443
92.3796
85.8178
185.481
304.315
153.995
249.16
249.269
240.44
238.178
172.069
58.6437
119.359
106.114
149.932
122.533
115.947
123.798
136.971
181.481
247.904
209.288
286.688
199.328
169.802
236.504
267.891
137.541
98.5102
139.118
227.146
135.717
101.66
180.27
113.8
147.808
197.209
152.697
66.6168
119.822
144.176
94.2003
141.906
101.478
142.665
226.095
158.068
109.593
123.464
131.5
136.629
83.3249
186.853
178.748
134.657
118.726
132.71
141.629
153.581
27.7808
34.7179
74.7742
30.8001
31.0875
45.2036
37.6338
57.2888
43.0482
59.999
95.2476
41.6294
37.0661
68.2411
55.5322
81.0351
141.528
130.094
296.782
156.31
136.104
164.453
193.299
238.86
43.4177
36.0135
113.754
55.8108
48.0068
58.9331
82.3214
89.2448
31.2232
96.1509
32.674
34.3887
45.1068
53.5996
35.2356
46.2263
55.0376
50.7142
98.8867
116.811
65.5474
58.2985
82.845
76.4599
106.139
55.8009
46.9146
148.366
83.0353
65.6851
71.8971
59.2031
126.808
120.781
57.3375
101.246
81.9455
83.0574
66.1796
59.0927
3013.62
1177.19
794.105
588.136
980.7
838.809
760.022
746.599
993.146
727.405
472.878
557.249
699.241
657.353
513.581
550.845
691.581
401.065
246.141
294.882
463.278
428.653
444.839
308.436
451.149
532.927
374.961
378.393
521.295
503.405
462.175
427.815
890.983
556.792
636.745
708.913
640.598
555.014
750.339
538.635
804.211
506.557
517.329
747.832
715.347
472.374
777.031
454.149
548.385
551.461
528.725
462.951
484.121
504.775
484.911
509.927
658.12
334.547
465.8
445.225
461.005
386.556
438.578
379.045
2823.12
2855.65
1533.06
2841.1
2836.78
2771.37
2731.65
2713.28
2871.28
2930.87
2336.01
2883.41
2879.84
3518.15
2965.46
3428.83
1160.73
1450.03
1025.77
1663.97
1274.81
1133.01
1307.33
1147.49
2847.49
2854.89
2462.23
2854.18
2847.48
2593.93
2754.02
2490.54
2850.49
1569.92
2844.63
2854.22
2803.07
2650.66
2847.71
2658.34
3022.55
2789.13
1752.09
1475.97
2965.28
2850.4
1825.91
1871.87
1531.85
2726.61
2745.36
1836.29
1655.24
2590.49
1788.95
2567.37
1493.11
1630.32
2709.63
1740.8
1569.73
1629.35
1801.65
1847.15
869.017
1225.81
1005.46
570.093
713.57
908.623
612.108
722.853
1899.99
5088.87
4823.16
1287.99
1311.96
3396.72
1297.39
3344.88
1330.06
4627.95
4039.37
1211.02
1213.91
2621
1210.48
2963.7
515.708
642.299
870.568
490.251
542.943
779.365
510.014
793.961
807.915
853.407
576.318
710.505
733.509
670.133
729.223
676.547
1330.12
1039.89
2879.07
1178.02
1059.15
1047.49
1530.24
1179.69
877.539
536.851
672.569
876.584
885.223
710.115
841.744
755.513
1056.96
1255.97
1026.07
3013.43
1100.07
1138.46
1155.27
1152.47
948.807
634.466
645.782
706.893
810.77
761.767
744.039
626.164
433.705
374.1
571.848
302.938
309.223
402.482
475.925
471.516
760.192
715.411
2158.43
1004.21
739.498
718.995
1060.32
950.82
620.783
366.215
660.449
452.855
465.088
480.908
592.355
522.397
539.072
634.331
529.231
302.079
458.856
488.451
385.908
488.335
519.286
357.058
573.639
637.606
482.29
454.656
569.585
532.675
763.133
731.848
597.9
780.195
767.757
659.028
627.566
572.193
703.776
765.679
536.965
636.617
694.597
700.291
686.431
691.174
852.993
597.804
889.807
725.723
856.888
664.156
927.39
717.108
431.51
241.724
468.636
333.529
420.685
309.269
398.421
288.844
1218.81
1223.04
3222.47
1463.36
1304.11
1687.2
1895.19
2313.62
630.152
376.812
773.092
423.973
609.914
558.649
587.591
542.401
561.637
904.948
699.082
457.264
541.226
594.166
507.52
602.646
469.449
385.408
601.432
703.864
427.288
398.061
569.565
567.19
1193.89
794.308
443.02
1055.54
1002.19
597.883
940.308
545.265
905.222
934.545
366.796
754.653
820.031
870.635
704.035
661.356
3630.44
3659.83
555.113
460.893
2541.49
2188.68
515.379
556.882
3736.29
3829.34
1401.31
1132.96
2910.43
2519.73
1148.07
1544.74
584.767
879.751
826.766
516.001
533.557
722.303
522.2
637.209
324.407
416.676
373.119
279.159
297.513
349.017
300.169
340.793
2647.76
482.499
429.59
550.195
580.49
504.183
529.203
468.695
2327.11
763.129
1029.09
579.496
796.48
855.304
784.132
772.766
397.462
337.583
426.215
395.296
394.617
378.782
406.27
376.316
479.571
467.381
576.59
721.496
521.027
499.081
590.226
596.798
2819.48
851.477
2816.97
2819.84
2695.12
2152.37
2813.52
2541.97
679.562
971.572
1057.68
1216.31
897.563
827.104
1041.42
1051.17
2821.92
1739.42
2851.01
2840.36
2788.59
2485.82
2835.18
2726.48
2825.65
2242.23
2830.32
2826.25
3076.3
2480.4
2825.09
2621.1
888.19
2659.1
2878.22
1529.77
1149.09
2502.49
1431.99
2440.66
593.517
1036.36
1160.6
2289.56
837.411
973.116
1038.5
1134.68
2814.96
2820.9
1853.51
2827.04
2820.93
2654.55
2755.17
2590.52
2649.31
2718.9
1631.65
1618.82
2620.08
2529.09
1663.96
1853.96
1029.73
1531.57
1483.58
1043.49
1073.57
1477.15
1096.67
1408.94
1852.66
2360.66
1727.24
1575.13
1799.63
1888.2
1728.62
1766.68
1496.14
1452.51
1770.86
1444.72
1385.98
1525.85
1405.47
1476.77
1025.84
1137.16
1283.35
1038.5
990.242
1141.3
1098.9
1135.05
1455.5
1370.96
1010.84
1242.47
1385.38
1323.77
1281.29
1232.96
1600.34
1395.44
1506.63
1504.55
1491.79
1474.01
1462.08
1396.24
1336.6
1106.14
1222.07
1247.98
1247.4
1245.67
1192.09
1176.16
1431.29
1273.45
1345.16
1415.44
1324.21
1286.36
1332.2
1404.35
285.949
243.309
685.46
261.295
251.372
265.81
436.605
428.066
291.284
535.167
633.841
379.053
329.429
333.959
353.519
470.241
989.577
1141.71
2838.88
943.086
872.516
869.268
882.735
1037.75
313.395
473.548
588.277
419.569
347.558
375.467
502.952
562.705
236.439
603.601
255.793
264.657
338.278
388.134
243.944
267.779
247.437
282.025
477.19
603.005
336.91
323.344
550.614
476.514
634.48
449.474
472.715
751.063
555.308
455.626
534.53
439.099
631.73
823.373
604.944
845.171
602.897
559.172
666.985
796.67
4372.34
5822.21
1469.46
1244.99
2533.69
2547.61
1272.58
1428.37
5898.11
5407.84
1920.13
1008.23
3285.82
3241.9
1266.59
1467.96
801.933
964.48
428.799
395.272
523.788
622.991
431.24
484.384
582.077
504.76
395.476
310.139
507.574
551.634
361.134
406.883
2604.1
813.255
757.922
774.129
957.729
767.004
853.332
763.135
2653.24
874.383
1033.48
1074.73
1179.1
870.745
2126.93
868.665
693.806
606.297
612.755
387.267
689.92
638.686
530.685
567.523
766.094
406.548
646.058
717.177
539.522
524.154
669.519
622.76
498.75
1233.32
945.01
1284.26
957.221
869.288
1182.71
1178.46
2465.75
2327.25
2340.21
2323.93
3271.86
3413.35
2532.93
2328.86
1633.43
2329.86
2287.56
2320.2
2909.84
2940.91
2475.55
2311.5
1980.47
2322.5
2331.88
2327.97
2379.61
2409.42
2298.54
2330.25
1527.19
1750.68
1972.6
2624.79
1996.67
1874.72
2012.77
1923.04
1578.73
2695.08
3116.59
1660.66
2204.57
2861.14
2448.44
3054.41
1818.4
2005.16
2380.12
2395.5
1894.52
2067.54
2575.18
2489.71
1860.97
2326.4
2321.26
2320.95
2734.61
2604.28
2500.57
2318.1
3703.98
4548.83
962.268
983.384
2071.23
2676.39
1013.12
1072.13
4928.71
4998.44
1537.59
1083.57
2759.85
2926.28
1152.32
1238.62
682.824
1097.23
705.191
542.867
674.498
856.573
568.088
675.217
663.956
609.472
490.366
446.248
511.339
518.499
471.022
493.161
2235.34
783.047
687.497
808.056
856.215
711.431
806.809
678.557
2814.79
794.426
1241.63
1028.7
1089.63
828.417
1354.57
933.958
657.312
671.327
634.093
502.045
652.001
613.2
520.195
533.225
674.81
543.088
659.552
786.757
553.822
541.458
689.304
683.867
751.389
1261.65
775.584
1126.43
1068.47
1040.13
1070.52
1054.85
1898.72
2029.08
2022.38
2027.51
2947.27
2997.25
2293.75
2024.49
1146.15
2019.16
2018.26
2023.19
2717.43
2692.68
2239.58
2019.69
1560.66
2024
2019.84
2017.4
2028.66
2073.24
1980.76
2019.33
1562.59
1401.74
1536.09
2319.46
1632.65
1476.44
1697.12
1541.92
1554.85
2342.71
2851.06
1319.52
1663.56
2521.98
1636.98
2821.81
1418.16
1531.01
2088.13
2047.42
1488.18
1565.63
2212.65
2110.7
1441.07
2021.53
2020.92
2018.9
2430.03
2261.73
2258.98
2019.98
2274.84
2346.85
1337.28
2325.12
2310.9
2939
2475.47
2919.22
2374.86
2387.64
2905.59
2351.16
2358.2
3292.5
2532.72
3196.43
972.346
1352.83
538.803
1294.18
1183.04
942.957
1192.5
989.565
2339.29
2344.26
1992.67
2334.13
2339.57
2353.37
2270.45
2264.62
2348.66
1860.79
2336.28
2346.36
2505.9
2698.32
2346.48
2574.54
3121.75
2599.23
1826.4
1905.56
3057.73
2770.56
2583.77
2322.97
1900.17
2355.13
2348.62
2023.04
1936.48
2529.01
2075.38
2415.91
2019.21
2015.29
2540.49
1811.69
2037.38
2044.68
2142.68
2155.23
458.29
1047.67
828.671
410.371
471.857
690.887
410.425
593.06
2203.31
5605.72
5650.3
905.777
1086
3003.72
973.972
3381.03
1198.75
5349.91
3769.94
1102.97
1219.92
2649.57
1059.16
2864.24
384.041
492.601
716.425
285.795
331.369
553.688
316.645
619.443
669.481
809.942
390.119
568.301
603.787
499.115
610.398
489.559
1148.84
892.485
2791.71
1359.82
902.391
879.529
2205.02
1353.13
748.357
383.889
532.941
698.696
777.165
523.19
700.278
557.593
1083.26
1181.42
962.293
2978.02
1056.85
1090.64
1412.83
1498.98
4314.12
4492.96
1361.99
1201.71
2439.77
2238.75
1264.98
1221.07
4376.25
4039.7
908.341
951.981
2275.19
1635.52
1067.43
920.836
1028.73
869.189
1062
741.257
839.456
871.46
748.833
804.432
871.055
903.965
694.426
678.273
801.372
794.203
722.812
673.267
2241.21
960.992
971.474
999.807
1234.04
971.077
1109.89
976.91
2045.13
924.766
830.532
972.427
1167.95
921.996
1092.58
876.278
878.22
879.338
902.435
700.901
892.423
872.065
825.89
801.011
816.663
667.998
805.187
740.462
748.287
749.496
776.034
787.768
2390.76
1683.42
2365.24
2373.12
2552.12
2240.77
2367.99
2516.45
1148.51
1149.83
958.004
1433.25
1174.45
958.399
1256.75
1111.06
2353.28
1056.66
2334.89
2339.44
2064.34
1610.6
2333.75
2096.01
2370.4
2514.01
2357.55
2374.47
2362.1
2231.78
2371.31
3023.47
1626.97
2346.83
2468.67
1810.79
1734.6
2370.35
1891.85
2311.86
1108.64
1232.86
844.912
2038.12
1236.68
1148.14
1268.77
1064.02
2354.55
2366.55
2111.65
2352.7
2359.68
2433.24
2262.26
2292.83
2288.05
2477.2
1658.88
1101.71
2120.12
2084.39
1229.23
1464.23
2351.87
2321.83
1803.08
2312.8
2323.77
2129.14
2230.53
2089.83
2322.43
2329.42
1905.76
2329.29
2323.59
2156.25
2194.34
2126.1
1614.3
1628.22
1039.78
1499.56
1576.53
1589.61
1449.03
1432.83
2315.05
2326.81
1836.11
2307.99
2308.33
2158.38
2229.54
2166.71
2313.3
1677.49
2310.42
2317.39
2165.3
2011.49
2313.29
2098.14
2100.9
2122.6
1671.17
1645.7
2035.48
2051.58
1623.97
1679.46
1700.87
2210.23
2180.12
1742.54
1720.35
2059.75
1701.92
2054.45
1633.98
1709.13
2100.15
1627.44
1635.94
1674.91
1643.13
1698.27
2609.75
1903.57
2290.51
2360.66
2566.12
1990.87
2301.41
1896.58
1736.5
1167.99
1579.58
1645.89
1790.42
1458.8
1660.52
1502.15
2286.46
1821.3
2262.6
1782.56
1938.88
1964.55
1864.51
1930.53
2182.53
1633.85
1420.22
1901.76
2040.51
1626.41
1917.84
1624.13
2138.87
1918.71
2325.37
1803.08
1907.44
1763.74
2047.52
1833.44
1619.28
1488.66
1571.83
1848.1
1541.99
1497.17
1534.15
1475.37
1802.64
2131.55
1667.16
1450.65
1707.88
1727.22
1498.17
1605.82
1769.74
1486.42
1528.37
1585.94
1546.14
1468.74
1459.45
1445.2
2363.5
2318.67
1537.28
2341.08
2341.79
2013.92
2305.73
2277.12
2311.11
2324.44
1623.12
2317.39
2308.23
1852.47
2257.01
2319.2
915.596
864.565
889.5
1253.12
948.499
664.663
959.374
879.3
2333.5
2324.76
2221.34
2358.62
2331.18
2249.45
2534.96
3381.94
2309.28
1591.69
2334.53
2307.14
2138.96
2203.04
2305.96
2216.55
1707.44
1972.84
910.62
912.423
1696.64
1840.83
1084.54
1063.65
1431.97
2276.41
2363.3
1597.99
1680.32
2212.78
1625.33
2220.18
1060.74
1495.47
2697.88
1143.47
1064.76
1171.5
1093.85
1392.02
4219.18
1446.17
4112.33
1303.98
1926.26
1868.24
2060.35
1758.94
843.569
767.786
719.689
428.872
562.539
549.773
484.965
453.329
4130.8
1414.84
4358.66
1018.05
1737.85
1658.26
1843.66
1597.12
747.474
436.502
680.848
502.371
607.512
563.808
585.234
535.77
768.91
1621.8
814.888
505.952
757.9
822.495
688.748
782.75
744.968
471.269
625.591
1519.84
672.435
486.174
1057.54
615.282
1680.87
810.456
491.401
709.495
945.029
768.737
700.342
574.725
1433.91
695.238
436.141
610.102
709.796
687.826
648.322
624.525
)
;

boundaryField
{
    walls
    {
        type            omegaWallFunction;
        blending        binomial;
        n               2;
        value           nonuniform List<scalar> 
3584
(
2097.29
2072.35
2082.46
2094.34
2056.38
2052.14
2069.27
2053.75
2056.05
2067.01
2057.22
2052.36
2066.83
2058.36
2074.68
2065.46
2025.83
2030.12
2023.96
2027.6
2025.29
2019.19
2085.08
2025.95
2016.43
2052.74
2033.3
2026.52
2027.31
2040.61
2021.52
2030.29
1451.04
1447.3
1456.75
1451.55
1444.97
1464.46
1476.14
1467.97
1464.63
1482.39
1485.63
1482.97
1450.53
1479.37
1461.18
1455.47
2285.18
2315.17
2281.73
2286.66
2347.6
2322.99
2326.46
2326.31
2297.16
2330.16
2330.76
2312.63
2307.37
2323.2
2295.48
2310.35
2328.08
2336.48
2327.85
2328.11
2340.7
2310.49
2319.97
2318.49
2336.73
2332.88
2363.79
2349.67
2334.85
2329.91
2334.65
2333.1
2323.87
2353.91
2352.45
2357.36
2373.3
2411.47
2403.36
2422.05
2371.11
2399.27
2395.43
2405.83
2380.72
2411.54
2379.7
2372.32
2328.35
2352.27
2350.97
2348.04
2368.67
2376.5
2369.95
2369.1
2360.29
2372.43
2380.33
2381.75
2360.94
2374.4
2359.77
2368.07
1592.71
1612.99
1615.83
1610.15
1622.74
1637.09
1645.81
1632.5
1629.55
1653.95
1653.51
1649.66
1618.48
1641.87
1626.3
1629.79
2137.97
2025.52
1999.91
2016.22
2019.16
2036.84
2025.45
2024.27
1999.66
2013.31
1993.74
2001.96
2009.45
2014.31
2002.58
2011.62
1534.83
1552.17
1594.54
1545.81
1559.48
1562.24
1585.46
1557.1
1604.26
1595.22
1593.65
1595.25
1554.05
1583.29
1599.43
1602.18
2126.49
2132.87
2137.02
2127.86
2120.9
2114.99
2100.17
2110.07
2112.39
2083.05
2046.58
2089.23
2116.48
2101.42
2129.06
2129.29
2132.57
2113.83
2185.29
2125.05
2097.34
2069.5
2195.1
2083.05
2187.11
2210.03
2188.29
2201.76
2106.71
2196.99
2200.67
2203.28
2032.94
2044.93
2036.56
2036.39
2052.67
2063.97
2057.95
2054.44
2031.49
2041.95
2016.56
2035.82
2044.04
2048.7
2039.6
2047.96
2023.8
2026.94
2019.52
2020.05
2045.31
2104.87
2088.24
2090.79
2027.73
2070.3
2043.58
2056.75
2035.25
2074.29
2030.65
2037.6
1485.61
1473.7
1505.19
1482.48
1467.31
1457.73
1486.23
1467.35
1532.56
1499.73
1553.51
1534.24
1472.9
1490.52
1508.79
1490.59
2050.47
2031.32
2037.84
2037.84
2013.44
2006.63
2041.41
2017.34
2044.24
2069.53
2105.82
2075.46
2022.21
2050
2040.25
2032.05
2309.67
2326.66
2329.95
2317.48
2333.35
2348.08
2355.21
2335.76
2338.03
2377.04
2514.04
2364.07
2324.87
2343.12
2330.27
2335.85
2514.21
2491.03
2744.58
2510.71
2470.62
2471.6
2622.48
2468.45
2730.94
2665.33
2782.34
2684.18
2480.1
2632.62
2694.76
2675.6
2491.32
2540.4
2498.97
2494.09
2606.14
2623.62
2591.15
2579.86
2552.11
2649.83
2581.2
2608.89
2555.3
2635.77
2530.29
2577.17
2346.68
2333.57
2327.37
2337.94
2313.3
2283.23
2323.41
2293.06
2336.6
2343.03
2352.71
2342.95
2320.35
2329.88
2332.85
2327.83
1679.11
1650.69
1628.63
1645.27
1637.51
1632.97
1596.48
1623.18
1604.16
1573.86
1536.2
1565.97
1630.16
1589.03
1613.57
1619.26
2366.03
2390.34
2396.94
2377.94
2401
2409.72
2407.15
2398.53
2413.66
2408.38
2449.98
2407.53
2389.98
2401.9
2406.43
2414.4
2558.97
2444.27
2432.18
2437.11
2428.49
2439.87
2426.55
2430.07
2423.8
2403.91
2364.94
2391.08
2420.68
2414.67
2423.44
2432.26
2407.3
2439.62
2417.11
2425.24
2461.21
2473.47
2435.84
2462.9
2407.07
2456.41
2728.42
2449.25
2447.15
2427.28
2420.19
2431.16
2321.35
2333.47
2336.3
2331.21
2332.28
2339.68
2326.04
2325.39
2329.29
2319.01
2300.31
2308.53
2325.62
2316.39
2328.22
2334.67
2336.84
2321.77
2338.91
2336.12
2315.98
2311.24
2321.58
2311.21
2340.73
2312.32
2367.42
2331.52
2319.18
2308.64
2331.26
2315.05
2431.95
2413.31
2335.67
2416.24
2384.82
2322.37
2327.2
2335.06
2333.48
2335.28
2328.44
2340.23
2391.32
2336.66
2338.26
2329.56
2289.26
2321.01
2334.95
2310.44
2339.91
2354.83
2337.04
2343.58
2343.98
2339.66
2328.59
2338.87
2331.21
2331.88
2335.38
2341.26
5286.02
5247.43
5219.4
5241.29
5163.47
5079.4
5159.53
5098.37
5200.89
5215.94
5231.57
5205.28
5170.98
5164.88
5204.31
5217.23
1538.36
1564.56
1561.89
1553.07
1586.38
1612.09
1586.4
1599.41
1582.34
1591.79
1591.97
1589.8
1576.84
1580.54
1568.49
1572.85
2373.36
2380.29
2374.6
2374.36
2389.34
2412.13
2395.65
2396.55
2370.07
2380.82
2352.93
2367.22
2380.4
2383.12
2372.75
2381.71
2360.01
2344.87
2359.64
2351.84
2355.49
2379.48
2405.97
2388.37
2394.21
2429.66
2451.95
2435.36
2364.73
2413.31
2386.23
2377.23
5006.4
5094.5
5140.45
5065.42
5173.83
5196.62
5352.6
5235.01
5347.46
5654
5572.62
5518.69
5165.51
5397.16
5241.41
5288.75
4901.23
4888.04
4898
4889.54
4870.86
4838.27
4866.69
4852.79
4897.69
4887.96
4923.63
4892.86
4873.65
4886.11
4872.84
4884.08
5106.57
5116.55
5306.9
5157.82
5058.99
4961.48
5110.67
5033.04
5631.85
5307.39
5486.51
5474.71
5127.24
5361.03
5224.64
5266.79
2497.12
2465.05
2422.99
2471.48
2439.35
2408.68
2390.89
2418.72
2395.58
2384.62
2380.18
2391.94
2447.85
2401.11
2415.8
2405.28
5070.25
5027.68
5022.01
5023.75
5020.72
5031.19
5008.78
5013.01
4995.08
4993.56
4969.72
4981.49
5009.84
4999.62
4998.19
5006.21
4942.41
4993.97
4993.32
4976.34
5041.99
5061.43
5056.18
5056.02
5090.29
5063.58
5159.25
5128.9
5055.78
5031.48
5022.38
5024.74
5632.82
5543.99
5421.14
5531.7
5365.12
5337.2
5296.94
5341.01
5267.23
5231.7
5157.93
5217.53
5424.32
5343.97
5295.13
5335.77
5642.34
5644.76
5621.72
5661.25
5656.16
5712.7
5643.49
5670.27
5594.48
5608.21
5568.4
5599
5657.84
5632.46
5630.94
5620.03
5566.18
5687.89
5617.26
5625.1
5903.89
6202.78
6106.86
6076.01
5690.9
5795.45
5785.86
5760.86
5793.63
5928.48
5697.55
5769.7
2921.62
2950.45
2894.83
2904.98
3024.9
3049.56
2968.57
2981.76
2907.17
2959.9
2924.25
2915.83
2956.72
2962.86
2899
2938.91
2957.59
2953.29
2991.43
2963.58
2945.11
2924.73
2992.98
2941.03
2986.61
2996.57
3016.79
2994.37
2957.06
2999.27
3010.33
3008.27
3002.22
2942.28
2954.56
2945.28
2908.06
2844.73
2901.85
2860.21
2943.83
2937.52
2981.83
2947.39
2918.12
2913.29
2930.52
2921.55
5034.35
5016.45
5054.98
5054.15
4949.38
4877.18
4951.46
4925.62
5037.73
5007.96
5037.91
5036.07
4996.88
5044.13
4993.51
5009.79
8808.76
8958.75
8811.65
8870.75
9023.7
9085.86
8994.37
8988.02
8798.43
8910.05
8775.93
8821.79
8942.84
8911.01
8844.64
8920.85
5531.58
5468.43
5461.56
5456.92
5456.48
5478.07
5444.87
5458.77
5422.91
5416.56
5385.78
5397.7
5440.03
5426.79
5422.53
5438.07
8867
8816.74
8794.53
8784.52
8754.8
8610.96
8614.21
8672.05
8714.6
8602.38
8580.6
8627.79
8742.07
8716.09
8648.02
8723.64
3105.54
3158.37
3136.32
3150.46
3097.47
2927.91
2967.81
2944.95
3068.5
2984.8
2995.77
2996.59
3101.39
2982.03
3092.54
3087.9
8320.97
8305.53
8275.66
8316.02
8322.34
8331.79
8307.92
8342.32
8214.64
8221.46
8130.92
8188.67
8273.78
8270.36
8328.35
8287.75
10034
9992.26
10067
10238.9
10029.9
9996.51
10005.2
10179.1
9857
9843.34
9729.89
9803.05
10238.2
9971.32
9958.14
10039.5
9997.36
9891.32
9925.87
9896.46
9834.52
9772.98
9827.82
9803.92
9919.39
9875.02
9921.79
9893.94
9841.96
9887.09
9851.18
9870.59
8777.62
8668.85
8697.71
8718.8
8610.57
8553.66
8592.52
8589.96
8688.37
8639.37
8681.11
8695.3
8641.89
8693.25
8646.63
8628.86
10018.5
10006.5
9911.71
9983.39
10023.3
10030.3
9925.59
9994.71
9806.96
9817.16
9729.23
9783.08
9882.33
9878.33
9990.94
9913.82
9794.42
9828.18
9843.34
9822.24
9855.63
9889.23
9911.76
9879.74
9885.32
9912.45
9972.56
9888.56
9881.38
9845.31
9850.85
9864.55
4710.11
4651.23
4662.17
4677.47
4615.1
4580.39
4604.94
4602.29
4658.25
4635.65
4680.69
4670.97
4637.01
4634.94
4661.32
4625.74
8870.8
8848.52
8823.65
8835.3
8855.75
8942.28
8840.1
8837.58
8785.26
8791.24
8741.7
8762.52
8821.78
8797.55
8792.87
8812.88
2980.07
2910.17
2903.18
2904.74
2912.73
2946.99
2939.4
2931.66
2904.63
2934.8
2918.09
2923.24
2904.12
2932.01
2903.6
2914.54
2830.01
2841.5
2850.71
2849.76
2854
2872.59
2895.51
2887.61
2879.67
2912.41
2938.03
2923.28
2865.39
2907.81
2880.72
2868.93
8539.7
8628.43
8546.05
8557.36
8692.14
8771.23
8671.8
8683.24
8562.79
8633.23
8588.44
8585.03
8623.18
8566.05
8620.51
8612.8
2857.75
2870.5
2866.14
2861.61
2901.59
2978.37
2961.33
2956.39
2897.14
2944.78
2933.5
2935.33
2890.25
2950.85
2893.32
2905.58
6966.9
6959.23
7022.38
6985.95
6956.01
6954.13
6983.45
6972.44
7015.86
6999.1
7011.79
6999.26
6980.83
7007.58
6990.07
6998.06
6960.42
6953.92
7011.35
6990.61
6952.97
6952.39
6989.82
6975.12
7030.51
7021.19
7032.75
7038.88
6983.06
7013.9
7030.48
7000.49
6953.88
6953.36
7015.82
6989.44
6953.61
6954.88
7013.71
6981.34
7047.81
7058.04
7065.53
7070.05
6983.25
7033.42
7037.52
7011.07
6927.02
6910.4
6941.16
6912.46
6902.92
6895.26
6899.98
6897.15
6943.98
6911.7
6942.12
6920.18
6903.79
6903.69
6919.34
6913.68
6935.39
6909.27
6939.14
6917.05
6898.19
6893.94
6900.07
6895.49
6934.54
6905.86
6918.61
6907.68
6901.36
6900.87
6915.04
6910.03
6931.47
6912.21
6970.13
6916.86
6902.87
6895.04
6904.21
6897.06
6973.15
6927.91
6960.53
6941.11
6910.5
6937.3
6904.55
6927.64
7127.51
7113.33
7115.56
7137.11
7075.72
7027.42
7028.16
7056.91
7090.78
7029.61
7036.98
7068.51
7105.65
7062.76
7114.94
7080.64
5023.21
5079.74
5020.94
5043.74
5110.66
5142.24
5109.34
5099.88
5020.44
5080.15
5021.18
5045.02
5073.44
5043.28
5073.41
5077.92
5420.16
5299.69
5213.98
5302.44
5151.95
5033.74
5022.92
5062.58
5118.27
5026.89
5044.46
5055.62
5179.56
5050.35
5136.25
5112.23
4996.52
4996.06
5034.94
5020.86
4995.35
4993.42
5030.06
5020.26
5048.68
5044.28
5060.03
5056.87
5044.08
5044.09
5021.89
5036.17
4990.54
5073.77
5024.03
5059.82
5159.9
5246.15
5171.59
5225.05
5027.04
5088.08
5003.28
5066.1
5144.74
5147.97
5081.6
5087.48
4400.43
4475.34
4460.33
4438.93
4555.12
4603.14
4563.59
4584.07
4516.5
4544.34
4518.82
4535.38
4517.05
4498.16
4556.02
4528.8
4874.05
4877.42
4956.67
4903.11
4881.84
4885.04
4998.31
4920.34
5043.33
5122.37
5218.14
5145.93
4910.82
5033.7
4988.7
4968.65
5024.86
5000.98
5007.18
5014.21
4984.86
4948.88
4948.23
4972.64
4987.84
4947.6
4946.85
4970.96
4996.45
4997.82
4972.55
4985.09
6987.15
6912.9
6958.78
6924.44
6896.47
6892.18
6896.05
6893.22
6931.49
6899.57
6906.55
6902.14
6896.68
6912.67
6899.57
6907.27
2975.16
2976.9
2931.37
2980.88
2970.57
2955.44
2902.56
2966.24
2894.99
2882.68
2941.18
2892.72
2980.4
2915.8
2936.19
2924.46
4893.97
4893.01
4959.97
4912.96
4889.68
4892.21
4959.72
4906.46
5031.03
5048.77
5126.05
5055.68
4907.29
4976.84
4972.87
4950.68
4938.6
4937.13
4973.04
4961.74
4936.34
4935.49
4972.54
4961.31
4987.41
4988.73
5000.43
5000.39
4986.78
4984.73
4961.45
4973.9
4968.63
4970.08
5043.61
4992.32
4984.69
4996.81
5116.51
5032.1
5149.88
5271.03
5398.75
5292.6
5012.38
5157.26
5087.74
5070.96
5064.61
5053.21
5051.86
5061.57
5036.51
4997.57
4995.37
5021.12
5033.16
4995.32
4995.91
5018.45
5048.25
5046.16
5020.21
5033.29
4553.95
4552.47
4611.13
4578.11
4552.88
4555.17
4607.46
4574.1
4640.66
4638.86
4671.07
4631.96
4575.1
4605.91
4602.59
4607.36
5094.83
5178.38
5109.93
5131.58
5275.39
5373.44
5310.81
5316.36
5127.61
5236.63
5146.48
5174.48
5223.66
5154
5250.43
5207
4485.6
4486.53
4556.18
4510.53
4491.1
4496.45
4586.31
4526.32
4620.04
4656.76
4673.35
4661.09
4607.2
4580.1
4515.95
4564.52
5565.48
5634.31
5591.17
5626.96
5714.89
5810.18
5735.89
5799.44
5590.74
5645.03
5553.51
5630.92
5706.11
5721.38
5654.59
5657.9
5544.86
5622.58
5543.65
5576.2
5676.35
5711.43
5643.3
5670.89
5542.8
5597.34
5542.68
5568.47
5615.36
5572.64
5631.01
5615.69
4960.21
4865.2
4878.78
4889.54
4773.75
4705.79
4713.5
4730.03
4804.45
4726.07
4747.58
4758.84
4801.43
4818.46
4741.33
4781.13
4884.12
4871.66
4875.26
4881.22
4857.24
4819.6
4819.24
4842.98
4857.87
4818.62
4818.44
4842.19
4867.68
4869.76
4842.87
4855.01
5570.93
5651.78
5568.66
5607.44
5716.73
5750.48
5681.98
5703.62
5567.22
5633
5568.43
5594.99
5640.59
5599.3
5666.34
5644.86
4963.12
5030.3
5048.97
5047.77
5052.83
4990.21
5137.62
5110.27
5160.07
5272.91
5323.27
5309.42
5130.97
5153.11
5242.73
5136.96
6951.07
6951.68
6994.74
6975.53
6952.47
6957.23
7016.07
6984.47
7029.13
7059.36
7070.24
7069.03
6976.21
7015.41
7037.05
7000.68
6899.84
6910.86
6922.46
6908.16
6922.64
6944.13
6995.73
6933.96
6957.67
7005.65
6997.98
6990.59
6918.87
6975.33
6939.75
6947.1
6961.28
6954.06
7014.08
6991.15
6953.05
6952.43
6990.04
6975.38
7031.67
7020.11
7026.12
7036.14
7013.56
7031.97
6984.16
7001.46
6897.26
6905.65
6912.21
6903.59
6913.63
6932.21
6960.75
6922.17
6930.57
6961.46
6949.46
6952.43
6947.22
6923.88
6911.19
6928.64
4868.56
4849.92
4954.58
4895.3
4834.45
4827.12
4903.34
4856.65
5024.82
4993.69
5076.2
5026.32
4874.96
4966.92
4941.32
4924.82
7123.94
7110.3
7113.4
7132.94
7073.88
7027.23
7027.65
7055.29
7084.72
7028.21
7033.52
7063.13
7059.32
7110.07
7102.68
7077.7
6951.31
7007.37
6952.88
6979.08
7050.03
7082.95
7061.48
7075.95
6953.58
7013.98
6954.98
6980.67
7026.89
7036.59
6980.16
7009.57
4775.34
4832.44
4773.63
4797.55
4864.74
4893.87
4860.12
4857.12
4773.66
4828.53
4775.03
4795.86
4826.04
4796.65
4828.71
4829.98
9829.85
9863.2
9840.74
9850.46
9837.54
9853.63
9853.63
9852.49
9828.65
9828.65
9819.06
9803.62
9838.2
9820.54
9884.62
9843.82
9881.79
9859.72
9859.72
9945.6
9918.1
9918.1
9892.25
9897.35
9819.32
9851.04
9838.75
9821.3
9900.45
9833.41
9840.17
9866.88
9709.32
9709.32
9770
9840.46
9840.46
9800.44
9801.76
9801.92
9777.41
9730.71
9716.96
9761.05
9881.19
9881.19
9757.76
9806.84
9806.84
9906.08
9867.34
9870.88
9857.05
9892.72
9835.92
9881.9
9792.53
9802.4
9863.69
9810.39
9866.24
9859.89
9922.2
9893.4
9724.88
9724.88
9887.15
9887.15
9754.4
9689.1
9784.25
9841.51
9992.86
9992.86
10005.9
10005.9
9852.5
9824.38
10016.8
10027.3
9722.08
9763.47
9679.41
9735.88
9698
9759.41
9740.23
9747.12
9933.28
9740.4
9816.76
9774.26
9972.64
9822.94
9778.38
9816.4
9777.6
9777.6
9781.29
9782.55
9927.38
9927.38
9835.67
9889.19
9790.99
9829.41
9827.57
9832.3
9718.88
9649.19
9734.6
9720.03
10004.5
10004.5
9852.38
9824.45
9983.87
9983.87
10018.2
10016.5
9825.91
9966.01
9869.6
9834.66
9793.52
9995.75
9815.14
9823.75
9662.85
9721.22
9738.98
9736.91
9870.43
9898.04
9856.69
9866.44
9773.83
9877.81
9993.97
9993.97
9937.88
9937.88
9946.11
9966.04
9822.05
9869.99
9909.75
9909.75
9944.69
9944.69
9916.57
9906.45
9787.74
9807.82
9908.02
9786.06
9917.73
9843.75
9847.48
9870.94
9794.59
9794.59
9791.52
9722.6
9722.6
9822.07
9725.48
9748.5
9790.55
9771.6
9776.51
9766.74
9692.36
9692.36
9748.39
9646.68
9646.68
9771.57
9707.06
9711.71
9854.46
9838.68
9864.62
9839.21
9754.07
9758.86
9709.35
9745.05
9721.06
9787.39
9798.45
9771
9975.67
9975.67
9948.11
9948.11
9863.47
9848.55
9948.96
9940
9979.57
9979.57
10035.7
10035.7
9833.18
9883.22
9992.84
10006.6
9782.79
9772.49
9705.33
9738.57
9793.76
9859.21
9779.87
9821.7
9948.35
9854.23
9867.26
9852.21
9957.35
9792.99
9806.59
9835.11
9788.89
9775.54
9834.27
9810.29
9782.23
9828.57
9866.95
9876.68
9791.5
9898.69
9842.76
9842.76
9997.57
9997.57
9961.86
9906.19
9896.97
9949.23
10061.3
10061.3
9995.46
9995.46
10054.5
10068.4
9831.7
9884.42
10062.7
9868.84
10036.5
9984.43
9948.82
9951.52
4925.46
4782.39
4782.31
4825.1
4664.66
4573.37
4558.14
4598.71
4636.86
4545.36
4530.85
4573.24
4693.91
4590.49
4691.32
4654.8
4560.47
4559.28
4611
4580.54
4559.32
4560.66
4607.46
4578.74
4636.18
4632.08
4654.52
4626.05
4579.74
4605.65
4602.51
4610.36
9707.87
9798.22
9684.9
9719.13
9914.6
10046.9
9945.89
9927.53
9683.62
9795.37
9690.95
9711.93
9801.09
9706.37
9812.69
9770.72
5364.46
5424.47
5363.68
5388.25
5466.09
5528.09
5500.79
5482.11
5364.94
5444.16
5367.13
5401.56
5455.36
5393.37
5427.85
5434.35
7149.11
7190.71
7126.34
7144.09
7227.04
7289.74
7227.79
7209.67
7123.82
7190.8
7118.95
7120.38
7178.45
7166.18
7127.2
7168
9747.21
9738.84
9885.89
9800.56
9737.79
9742.05
9858.51
9783.02
9947.22
9921.31
10011.5
9906.91
9781.68
9862.93
9841.27
9855.18
7373.25
7265.84
7127.92
7245.6
7312.01
7264
7167.93
7255.65
7022.68
7042.28
6954.57
7007.35
7258.53
7122.36
7109.99
7153.61
7283.2
7356.95
7186.95
7297.43
7322.64
7470.28
7165.26
7274.37
7052.07
7038.65
6964.28
7009.71
7280.71
7106.18
7133.11
7183.33
7073.37
7083.87
7134.03
7131.72
7083.15
7107.14
7136.2
7128.5
7159.29
7146.88
7176.73
7208.22
7124.59
7182.03
7160.87
7108.36
7025.11
7078
7090.48
7057.53
7102.06
7130.68
7155.1
7121.01
7137.94
7161.55
7176.64
7147.91
7092.74
7109.08
7135.85
7132.49
7151.08
7165.69
7117.34
7130.2
7165.12
7162.23
7153.82
7139.76
7101.82
7130.36
7058.45
7083.72
7141.62
7125.18
7107.4
7145.79
6950.83
6970.55
6934.15
6959.38
6968.39
6932.97
6914.54
6922.04
6913.7
6907.38
6898.52
6905.35
6952.95
6912.61
6926.55
6931.74
8451.43
8460.32
8508.19
8496.87
8461.86
8447.9
8515.62
8504.87
8582.37
8584.36
8641.18
8660.11
8506.61
8571.07
8582.26
8514.9
7220.73
7270.63
7161.04
7235.25
7292.67
7376.61
7144.4
7260.01
7047.8
7024.57
6961.98
7002.29
7087.47
7111.51
7237.71
7156.06
4971.06
4845.52
4870.33
4904.29
4747.2
4680.28
4678.82
4698.2
4762.39
4681.43
4687.16
4707.05
4776.07
4792.13
4701.23
4751.06
4724.77
4723.09
4758.62
4745.12
4722.02
4720.96
4754.74
4744.41
4773.82
4769.91
4785.87
4780.42
4745.12
4766.93
4767.02
4756.86
8450.16
8440.5
8531.4
8461.34
8439.26
8442.82
8516.78
8458.84
8639.35
8617.04
8761.95
8650.14
8533.3
8534.74
8454.39
8503
8519.63
8597.32
8517.73
8549.6
8651.45
8746.32
8705
8666.58
8518.69
8645.57
8525.09
8569.64
8629.57
8555.72
8598.35
8618.16
8965.66
8902.96
8871.99
8867.29
8840.28
8719.24
8714.36
8763.76
8813.72
8713.6
8718.05
8749.98
8822.77
8801.94
8752.08
8817.37
6980.16
6923.01
6961.61
6944.21
6902.51
6893.98
6898.6
6897.57
6931.68
6901.07
6907.48
6902.64
6908.25
6919.53
6900.36
6910.47
4549.32
4539.87
4617.65
4562.07
4553.15
4584.14
4652.73
4598.22
4689.76
4732.79
4791.23
4736.1
4665.63
4628.8
4569.4
4614.12
4571.87
4603.84
4571.6
4592.97
4617.94
4635.07
4624.2
4628.05
4572.52
4609.54
4574.66
4595.01
4613.86
4594.08
4615.65
4605.58
6981.23
7060.17
7062.17
7024.02
7189.27
7418.87
7280.5
7279.97
7164.19
7276.64
7239.31
7244.17
7241.09
7129.3
7121.83
7167.3
8511.33
8508.08
8610.43
8546.37
8508.02
8512.93
8601.36
8539.79
8661.78
8651.69
8715.03
8631.61
8542.07
8593
8584.35
8604.02
4355.01
4368.1
4428.07
4385.19
4386
4398.03
4482.13
4424.95
4511.42
4560.89
4603.22
4566.34
4501.69
4468.38
4408.67
4456.28
4707.77
4647.69
4677.53
4672.63
4607.7
4558.48
4557.98
4581.76
4625.48
4559.13
4559.79
4588.41
4620.45
4637.1
4584.77
4619.67
4615.9
4648.75
4617.43
4638.75
4663.52
4680.2
4670.44
4674.78
4618.28
4655.37
4620.16
4640.67
4660.28
4640.23
4662.07
4651.88
4659.44
4559.27
4575.9
4600.01
4456.32
4387.78
4395.97
4411.86
4502.03
4406.61
4421.99
4444.42
4495.67
4516.34
4425.78
4473.48
7118.49
7169.31
7110.65
7126.7
7207.21
7286.33
7227.06
7203.89
7102.79
7185.05
7102.27
7113.56
7166.88
7116.95
7161.89
7158.96
7500.72
7241.51
7417.28
7285.34
7082.64
6999.97
7100.89
7012.28
7377.96
7198.44
7220.39
7204.14
7112.61
7283.62
7110.1
7255.97
7012.89
7055.15
7060.43
7037.04
7082.65
7107.3
7132.16
7098.33
7096.79
7144.4
7137.29
7113.33
7066.18
7077.33
7111.94
7099.63
8105.38
8207.02
8066.6
8120.78
8306.19
8369.81
8229.23
8290.65
8051.71
8135.45
8049.95
8073.26
8206.28
8085.86
8157.67
8141.38
7400
7340.91
7124.11
7263.67
7334.36
7248.88
7141.69
7237.48
7000.18
7019.14
6948.06
6979.17
7249.46
7063.5
7081.38
7129.21
7041.67
7120.15
7034.28
7059.58
7164.43
7194.93
7158.7
7157.66
7034.36
7108.01
7036.38
7058.9
7112.27
7053
7116
7103.05
7010.3
7065.52
7071.47
7032.4
7106.92
7150.44
7145.02
7115.91
7114.48
7150.85
7170.2
7121.97
7077.84
7116.06
7073.78
7106.73
6944.15
7039.02
7011.27
6993.12
7163.8
7253.62
7304.98
7238.56
7128.23
7340.15
7376.34
7269.17
7112.89
7255.55
7096.94
7144.62
6965.22
7041.92
7048.1
7014.06
7177.82
7410.73
7282.11
7270.4
7121.24
7176.75
7159.54
7159.24
7110.71
7101.12
7187.51
7129.81
7076.43
7164.12
7126.32
7124.4
7191.07
7215.8
7166.66
7176.23
7143.8
7138.06
7132.08
7117.32
7153.33
7137.1
7135.65
7168.17
7425.35
7216.48
7132.67
7276.84
7047.29
6944.94
6960.64
6971.11
7016.07
6961.85
6954.36
6977.83
7090.76
6981.99
7062.52
7033.59
6947.28
6955.53
7003.99
6970.31
6952.08
6933.29
7018.53
6954.62
7105.56
7161.67
7335.15
7209.86
6971.54
7054.65
7044.56
7019.09
6988.87
7033.86
7035.8
7022.93
7050.87
7066.17
7035.81
7047.07
7057.28
7024.8
7052.76
7030.68
7042.38
7036.69
7032.8
7037.38
6997.43
7041.16
7063.44
7061.13
7052.31
7040.48
7038.52
7041.01
7075.78
7059.85
7099.32
7079.08
7064.54
7051.05
7074.7
7059.1
7005.38
7060.53
7043.03
7063.17
7049.04
7063.28
7035.47
7056.54
7025.16
7016.94
7017.99
7020.84
7050.76
7038.12
7031.54
7034.2
7344.29
7189.59
7134.43
7307.51
7048.13
6951.17
6988.11
7015.81
7028.68
6987.49
6972.5
7024.48
7145.37
7117.08
7040.18
7056.82
7406.7
7209.4
7193.92
7286.75
7083.18
7008.53
6993.3
7026.84
7031.22
6957.38
6922.91
6971.68
7011.65
7113.47
7122.88
7072.82
7212.06
7164.95
7189.66
7171.7
7136.29
7128.74
7142.12
7114.94
7159.66
7121.38
7073.49
7116.43
7134.87
7149.05
7131.49
7165.87
6965.54
7071.63
7019.69
7034.2
7225.33
7431.33
7250.08
7361.63
7023.69
7094.81
7012.46
7069.66
7172.91
7201.65
7091.07
7120.57
7070.7
7050.05
7047.08
7065.96
7028.66
6983.23
7016.22
7027.61
7037.89
7041.87
7065.33
7056.33
7050.14
7049.13
7045.24
7036.72
6950.05
7044.07
6976.55
7010.5
7185.14
7353.07
7116.24
7306.53
6972.12
7007.1
6957.45
7002.45
7095.9
7025.48
7138.18
7041.94
7090.59
7084.12
7043.89
7069.62
7056.91
7001.27
7045.63
7036.38
7022.27
7052.17
7021.19
7031.38
7057.86
7046.6
7064.84
7057.27
6986
7065.68
7035.49
7027.03
7102.77
7143.18
7103.01
7107.27
7071.52
7080.59
7082.22
7066.06
7065.46
7079.4
7052.2
7083.55
6962.51
7025.55
6984.31
7019.19
7129
7346.23
7193.84
7311.88
6987.01
7050.16
6951.26
7017.58
7112.21
7149.81
7041.97
7060.36
7001.85
7077.1
6990.65
7023.31
7200.6
7399.69
7203.2
7289.11
6955.25
7037.39
6923.5
6975.33
7120.08
7013.86
7123.01
7074.34
4963.62
4990.65
5002
4999.46
5012.49
5031.38
5034.83
5050.23
5025.65
5039.6
5049.42
5061.5
5028.03
5035.34
5051.18
5013.35
4995.95
5077.57
5081.41
5016.04
5181.63
5262.31
5280.29
5205.46
5176.03
5223
5222.7
5182.45
5099.98
5099.04
5183.94
5167.09
5023.95
5064.76
5057.57
5060.25
5102.61
5141.16
5109.32
5143.07
5076.14
5101.3
5102.71
5111.24
5104.64
5090.86
5119.65
5079.74
4975.76
4989.9
5027.99
4992.62
4996.09
5007.57
5046.98
5016.57
5057.89
5064.28
5086.89
5056
5003.62
5029.09
5032.16
5029.97
5050.36
5064.64
5100.76
5061.47
5074.3
5084.5
5111.82
5089.95
5133.08
5123.37
5178.29
5120.5
5074.36
5093.88
5095.5
5095.92
1791.88
1864.38
1881.29
1882.31
2208.99
2236.85
2346.44
2335.6
1937.91
2364.4
2248.83
2235.88
2188.61
1936.62
2348.65
2200.78
2370.53
2351.82
2352.69
2349.26
2339.07
2347.75
2328.84
2324.56
2336.04
2325.9
2320.2
2318.99
2320.81
2334.74
2338.72
2333.57
3466.13
3541.04
3606.64
3560.89
3096.04
2952.22
2922.7
2926.02
3633.69
2927.11
3080.8
3077.02
3309.46
3584.68
2930.19
3324.84
2354.62
2302.11
2321.19
2326.93
2297.2
2322.77
2311.34
2303.27
2313.28
2307.93
2309.46
2311.43
2295.84
2314.25
2305.88
2297.98
2338.63
2333.3
2325.08
2323.07
2335.87
2299.09
2319.12
2307.84
2324.43
2334.8
2316.17
2326.89
2324.42
2324.61
2331.01
2325.07
3409.42
3595.51
3629
3574.19
3126.54
2928.73
2920.08
2918.86
3800.43
2988.35
3275.78
3248.23
3412.58
3725.92
2982.86
3439.56
3044.79
2839.85
3055.28
3052.05
2851.39
2934.73
2886.99
2872.13
3004.64
2871.17
2961.7
2967.53
2848.86
3022.47
2862.49
2854.74
2406.65
2482.95
2387.42
2380.38
2717.12
2814.65
2827.49
2804.18
2398.46
2832.81
2472.98
2430.14
2541.74
2383.51
2755.62
2590.83
1631.25
1628.94
1612.6
1613.1
1646.01
1610.78
1589.05
1599.85
1602.91
1593.08
1587
1599.89
1591.15
1607.94
1628.71
1612.28
1458.17
1442.3
1440.17
1441.16
1449.49
1477.19
1462.83
1456.94
1444.12
1457.91
1452.31
1452
1440.45
1441.5
1453.87
1441.51
2897.75
2874.04
2893.03
2887.49
2887.2
3046.31
3167.82
3169.23
2895.85
3069.86
2986.22
2983.46
2891.62
2891.85
3071.26
2898.43
2892.71
2884.23
2884.59
2886.98
2876.27
2924.89
2876.66
2875.25
2885.48
2855.21
2860.64
2874.57
2874.84
2889.91
2856.79
2866.61
2404.15
2337.4
2366.95
2370.98
2325.24
2303.2
2322.67
2318.45
2352.33
2331.18
2333.8
2341.16
2330.41
2355.13
2327.76
2329.66
2950.2
3056.13
2895.61
2889.36
3294.97
3242.88
3376.76
3348.49
2903.39
3427.21
3011.16
2945.46
3118.09
2884.95
3330.59
3173.83
2477.65
2486.7
2421.76
2433.77
2590.54
2654.63
2630.35
2623.87
2402.34
2607.54
2407.86
2404.84
2490.32
2405.28
2572.19
2503.82
2092.98
2055.59
2061.14
2058.62
2022.02
1979.89
2003.77
1999.18
2045.36
2023.24
2037
2033.4
2027.7
2042.98
2019.87
2031.38
4938.42
4885.62
4928.64
4893.07
4813.89
4760.82
4825.39
4771.01
4908.24
4903.76
4943.76
4904.55
4835.32
4883.11
4824.37
4880.6
2455.22
2432.06
2463.47
2463.65
2404.74
2453.76
2394.23
2393.48
2455.46
2370.17
2417.67
2437.9
2404.79
2463.98
2375.85
2394.35
1528.25
1579.3
1553.08
1543.09
1612.66
1648.7
1623.96
1620.71
1577.38
1611.54
1594.95
1587.79
1593.68
1566.59
1606.1
1600.85
2336.83
2367.14
2360.81
2355.13
2352.79
2406.43
2369.97
2365.4
2368.8
2369.42
2372.54
2369.74
2361.47
2365.25
2365.84
2366.32
2029.93
2006.21
2017.78
2013.17
2006.84
2050.68
2025.79
2019.99
2012.86
2019.02
2017.77
2013.79
2000.21
2009.18
2013.62
2004.63
2046.22
2068.71
2056.69
2052.4
2059.72
2068.96
2052.62
2056.23
2062.94
2037.96
2015.7
2043.55
2063.4
2059.47
2044.38
2051.34
1482.14
1501.86
1467.64
1469.59
1520.64
1545.97
1497
1498.01
1459.68
1480.98
1454.35
1453.91
1491.75
1460.61
1481.13
1489.88
4584.37
4677.65
4671.88
4636.29
4774.39
4802.14
4989.38
4818.85
4787.44
4885.46
4883.05
4872.43
4944.02
4756.27
4745.28
4820.89
9604.18
9636.15
9668.05
9655.63
9678.74
9788.53
9800.45
9757.78
9671.87
9731.94
9680.24
9689.12
9684.63
9681.27
9731.21
9689.95
9827.56
9821.14
9844.15
9813.55
9866.29
9894.77
9868.92
9871.08
9874.15
9868.62
9830
9835.84
9850.31
9839.48
9832.17
9853.12
9977.99
9833.22
9788.88
9800.61
9908.42
9843.11
9818.04
9826.61
9730.94
9785.86
9736.88
9719.26
9829.92
9734.09
9781.92
9817.61
9759.23
9858.11
9704.48
9718.25
9776.45
9915.56
9739.93
9757.46
9674.7
9688.33
9657.72
9651.15
9778.59
9680.02
9697.12
9763.75
9867.58
9870.17
9863.57
9857.87
9791.61
9721.64
9731.83
9747.16
9857.09
9773.98
9823.84
9826.98
9834.62
9848.07
9791.93
9833.59
2899.79
2866.58
2864.45
2860.73
2843.9
2668.2
2769.65
2720.3
2959.32
2979.94
3212.36
3153.5
2892.15
2954.79
2889.08
2924.58
2595.27
2615.53
2604.03
2601.7
2726.9
2807.34
2797.68
2791.96
2640.34
2772.29
2721.6
2714.57
2679.54
2635.93
2765.53
2681.51
9673.64
9646.53
9709.73
9688.26
9643.47
9655.51
9666.2
9665.28
9686.23
9664.49
9652.77
9667.5
9673.41
9690.87
9661.49
9667.07
9559.15
9634.82
9646.89
9642.88
9684.68
9757.98
9861.34
9803.61
9693.02
9842.64
9773.36
9792.1
9832.1
9708.01
9701.03
9710.08
9661.25
9650.73
9693.01
9697.22
9662.38
9726.92
9741.46
9727.91
9667.61
9690.15
9630.5
9660.67
9693.58
9691.65
9709.64
9693.78
2625.24
2614.18
2676.57
2661.87
2618.09
2635.28
2630.68
2624.63
2673.63
2636.73
2664.12
2664.87
2627.68
2676.88
2633.18
2630.76
2575.25
2582.67
2569.83
2562.64
2589.73
2603.41
2581.59
2575.18
2576.11
2575.43
2580.27
2571.71
2571.91
2570.43
2569.57
2577.88
4763.88
4712.27
4857.05
4766.73
4633.14
4555.3
4666.5
4607.1
5028.31
4842.78
5023.13
4961.27
4693.09
4859.9
4747.3
4772.9
4607.35
4703.37
4687.98
4624.73
4838.62
4958.53
4898.43
4862.95
4781.83
4815.1
4819.32
4793.39
4725.23
4705.33
4806.94
4792.05
2378.71
2350.09
2359.21
2359.52
2334.61
2381.17
2330.55
2332.91
2346.44
2330.77
2324.01
2320.45
2340.02
2345.21
2331.24
2337.22
2678.74
2584.04
2657.26
2655.27
2554.85
2512.21
2566.71
2560.35
2646.47
2589.79
2637.5
2637.78
2581.65
2648.7
2582.15
2582.42
2692.01
2773.31
2710.65
2716
2815.71
2806.62
2829.54
2827.15
2832.52
2886.24
2992.87
2936.14
2809.01
2787.62
2875.11
2838.2
2715.08
2839.06
2807.01
2768.15
2832.5
2835.76
2829.19
2826.42
2990.89
2971.11
3231.1
3165.03
2893.5
2920.59
2964.41
2930.76
2546.71
2550.06
2528.83
2521.93
2559.71
2656.77
2611.59
2605.94
2528.34
2567.32
2546.11
2538.96
2529.55
2521.95
2562.26
2535.33
1764.2
1782.41
1856.6
1860.44
1859.29
1864.58
2007.78
2003.46
1876.28
2006.82
1941.21
1922.17
1936.44
1866.57
1996.78
1944.79
2823.12
2855.65
2841.1
2836.78
2871.28
2930.87
2883.41
2879.84
2847.49
2854.89
2854.18
2847.48
2850.49
2844.63
2854.22
2847.71
2819.48
2816.97
2819.84
2813.52
2821.92
2851.01
2840.36
2835.18
2825.65
2830.32
2826.25
2825.09
2814.96
2820.9
2827.04
2820.93
2327.25
2340.21
2323.93
2328.86
2329.86
2287.56
2320.2
2311.5
2322.5
2331.88
2327.97
2330.25
2326.4
2321.26
2320.95
2318.1
2029.08
2022.38
2027.51
2024.49
2019.16
2018.26
2023.19
2019.69
2024
2019.84
2017.4
2019.33
2021.53
2020.92
2018.9
2019.98
2274.84
2346.85
2325.12
2310.9
2374.86
2387.64
2351.16
2358.2
2339.29
2344.26
2334.13
2339.57
2348.66
2336.28
2346.36
2346.48
2390.76
2365.24
2373.12
2367.99
2353.28
2334.89
2339.44
2333.75
2370.4
2357.55
2374.47
2371.31
2354.55
2366.55
2352.7
2359.68
2351.87
2321.83
2312.8
2323.77
2322.43
2329.42
2329.29
2323.59
2315.05
2326.81
2307.99
2308.33
2313.3
2310.42
2317.39
2313.29
2363.5
2318.67
2341.08
2341.79
2311.11
2324.44
2317.39
2308.23
2333.5
2324.76
2358.62
2331.18
2309.28
2334.53
2307.14
2305.96
)
;
    }
    pressure_outlet
    {
        type            zeroGradient;
    }
    velocity_inlet
    {
        type            fixedValue;
        value           uniform 22.3607;
    }
}


// ************************************************************************* //
