# Region type : patch pressure_outlet
# Faces       : 11534
# Area        : 3.696967e-03
# Scale factor: 1.000000e+00
# Time        	sum(phi)
1             	3.696908e-06
2             	3.696915e-06
3             	3.696931e-06
4             	3.696988e-06
5             	3.697013e-06
6             	3.696979e-06
7             	3.696956e-06
8             	3.696953e-06
9             	3.696955e-06
10            	3.696986e-06
11            	3.696975e-06
12            	3.696973e-06
13            	3.696953e-06
14            	3.696961e-06
15            	3.696962e-06
16            	3.696976e-06
17            	3.696971e-06
18            	3.696970e-06
19            	3.696961e-06
20            	3.696963e-06
21            	3.696964e-06
22            	3.696968e-06
23            	3.696969e-06
24            	3.696969e-06
25            	3.696968e-06
26            	3.696964e-06
27            	3.696964e-06
28            	3.696966e-06
29            	3.696969e-06
30            	3.696969e-06
31            	3.696967e-06
32            	3.696965e-06
33            	3.696965e-06
34            	3.696966e-06
35            	3.696968e-06
36            	3.696968e-06
37            	3.696968e-06
38            	3.696966e-06
39            	3.696966e-06
40            	3.696966e-06
41            	3.696967e-06
42            	3.696968e-06
43            	3.696967e-06
44            	3.696966e-06
45            	3.696966e-06
46            	3.696966e-06
47            	3.696969e-06
48            	3.696967e-06
49            	3.696967e-06
50            	3.696966e-06
51            	3.696966e-06
52            	3.696966e-06
53            	3.696967e-06
54            	3.696967e-06
55            	3.696967e-06
56            	3.696966e-06
57            	3.696966e-06
58            	3.696966e-06
59            	3.696968e-06
60            	3.696967e-06
61            	3.696968e-06
62            	3.696966e-06
63            	3.696966e-06
64            	3.696966e-06
65            	3.696968e-06
66            	3.696968e-06
67            	3.696968e-06
68            	3.696967e-06
69            	3.696965e-06
70            	3.696965e-06
71            	3.696967e-06
72            	3.696969e-06
73            	3.696969e-06
74            	3.696968e-06
75            	3.696965e-06
76            	3.696965e-06
77            	3.696965e-06
78            	3.696969e-06
79            	3.696969e-06
80            	3.696969e-06
81            	3.696964e-06
82            	3.696965e-06
83            	3.696965e-06
84            	3.696970e-06
85            	3.696969e-06
86            	3.696970e-06
87            	3.696964e-06
88            	3.696964e-06
89            	3.696964e-06
90            	3.696970e-06
91            	3.696971e-06
92            	3.696970e-06
93            	3.696963e-06
94            	3.696963e-06
95            	3.696964e-06
96            	3.696972e-06
97            	3.696970e-06
98            	3.696970e-06
99            	3.696967e-06
100           	3.696962e-06
101           	3.696963e-06
102           	3.696963e-06
103           	3.696973e-06
104           	3.696973e-06
105           	3.696972e-06
106           	3.696962e-06
107           	3.696960e-06
108           	3.696959e-06
109           	3.696966e-06
110           	3.696974e-06
111           	3.696974e-06
112           	3.696968e-06
113           	3.696960e-06
114           	3.696958e-06
115           	3.696959e-06
116           	3.696967e-06
117           	3.696964e-06
118           	3.696963e-06
119           	3.696962e-06
120           	3.696966e-06
121           	3.696960e-06
122           	3.696958e-06
123           	3.696962e-06
124           	3.696966e-06
125           	3.696963e-06
126           	3.696963e-06
127           	3.696957e-06
128           	3.696955e-06
129           	3.696958e-06
130           	3.696965e-06
131           	3.696967e-06
132           	3.696964e-06
133           	3.696958e-06
134           	3.696953e-06
135           	3.696965e-06
136           	3.696957e-06
137           	3.696960e-06
138           	3.696946e-06
139           	3.696949e-06
140           	3.696956e-06
141           	3.696964e-06
142           	3.696962e-06
143           	3.696967e-06
144           	3.696956e-06
145           	3.696943e-06
146           	3.696951e-06
147           	3.696938e-06
148           	3.696934e-06
149           	3.696933e-06
150           	3.696940e-06
151           	3.696959e-06
152           	3.696980e-06
153           	3.696975e-06
154           	3.696938e-06
155           	3.696914e-06
156           	3.696915e-06
157           	3.696932e-06
158           	3.696981e-06
159           	3.697004e-06
160           	3.696962e-06
161           	3.696881e-06
162           	3.696850e-06
163           	3.696794e-06
164           	3.696780e-06
165           	3.696792e-06
166           	3.696867e-06
167           	3.696996e-06
168           	3.697067e-06
169           	3.697155e-06
170           	3.697173e-06
171           	3.697190e-06
172           	3.697173e-06
173           	3.697074e-06
174           	3.697046e-06
175           	3.697049e-06
176           	3.696895e-06
177           	3.696867e-06
178           	3.696858e-06
179           	3.696895e-06
180           	3.697039e-06
181           	3.697051e-06
182           	3.697077e-06
183           	3.696998e-06
184           	3.696894e-06
185           	3.696886e-06
186           	3.696894e-06
187           	3.696945e-06
188           	3.697024e-06
189           	3.697042e-06
190           	3.697038e-06
191           	3.696980e-06
192           	3.696928e-06
193           	3.696924e-06
194           	3.696944e-06
195           	3.696993e-06
196           	3.697027e-06
197           	3.697024e-06
198           	3.697007e-06
199           	3.696968e-06
200           	3.696947e-06
201           	3.696955e-06
202           	3.696983e-06
203           	3.697005e-06
204           	3.697017e-06
205           	3.697004e-06
206           	3.696984e-06
207           	3.696960e-06
208           	3.696963e-06
209           	3.696982e-06
210           	3.697001e-06
211           	3.697004e-06
212           	3.696995e-06
213           	3.696974e-06
214           	3.696960e-06
215           	3.696967e-06
216           	3.696984e-06
217           	3.696995e-06
218           	3.696996e-06
219           	3.696985e-06
220           	3.696971e-06
221           	3.696963e-06
222           	3.696969e-06
223           	3.696982e-06
224           	3.696990e-06
225           	3.696987e-06
226           	3.696979e-06
227           	3.696968e-06
228           	3.696964e-06
229           	3.696970e-06
230           	3.696982e-06
231           	3.696985e-06
232           	3.696982e-06
233           	3.696975e-06
234           	3.696967e-06
235           	3.696963e-06
236           	3.696968e-06
237           	3.696977e-06
238           	3.696980e-06
239           	3.696976e-06
240           	3.696971e-06
241           	3.696966e-06
242           	3.696965e-06
243           	3.696971e-06
244           	3.696976e-06
245           	3.696976e-06
246           	3.696974e-06
247           	3.696970e-06
248           	3.696966e-06
249           	3.696966e-06
250           	3.696969e-06
251           	3.696972e-06
252           	3.696973e-06
253           	3.696971e-06
254           	3.696967e-06
255           	3.696965e-06
256           	3.696967e-06
257           	3.696970e-06
258           	3.696971e-06
259           	3.696971e-06
260           	3.696970e-06
261           	3.696967e-06
262           	3.696966e-06
263           	3.696967e-06
264           	3.696968e-06
265           	3.696969e-06
266           	3.696970e-06
267           	3.696968e-06
268           	3.696968e-06
269           	3.696967e-06
270           	3.696967e-06
271           	3.696968e-06
272           	3.696969e-06
273           	3.696968e-06
274           	3.696967e-06
275           	3.696966e-06
276           	3.696966e-06
277           	3.696967e-06
278           	3.696968e-06
279           	3.696968e-06
280           	3.696968e-06
281           	3.696967e-06
282           	3.696967e-06
283           	3.696966e-06
284           	3.696967e-06
285           	3.696967e-06
286           	3.696967e-06
287           	3.696966e-06
288           	3.696967e-06
289           	3.696967e-06
290           	3.696968e-06
291           	3.696967e-06
292           	3.696967e-06
293           	3.696967e-06
294           	3.696967e-06
295           	3.696967e-06
296           	3.696966e-06
297           	3.696967e-06
298           	3.696967e-06
299           	3.696966e-06
300           	3.696968e-06
301           	3.696968e-06
302           	3.696967e-06
303           	3.696967e-06
304           	3.696967e-06
305           	3.696967e-06
306           	3.696967e-06
307           	3.696967e-06
308           	3.696967e-06
309           	3.696967e-06
310           	3.696966e-06
311           	3.696966e-06
312           	3.696967e-06
313           	3.696967e-06
314           	3.696968e-06
315           	3.696967e-06
316           	3.696967e-06
317           	3.696967e-06
318           	3.696967e-06
319           	3.696967e-06
320           	3.696967e-06
321           	3.696967e-06
322           	3.696967e-06
323           	3.696966e-06
324           	3.696967e-06
325           	3.696967e-06
326           	3.696967e-06
327           	3.696967e-06
328           	3.696967e-06
329           	3.696967e-06
330           	3.696967e-06
331           	3.696967e-06
332           	3.696967e-06
333           	3.696967e-06
334           	3.696967e-06
335           	3.696966e-06
336           	3.696967e-06
337           	3.696967e-06
338           	3.696967e-06
339           	3.696967e-06
340           	3.696967e-06
341           	3.696967e-06
342           	3.696967e-06
343           	3.696967e-06
344           	3.696967e-06
345           	3.696967e-06
346           	3.696967e-06
347           	3.696966e-06
348           	3.696967e-06
349           	3.696967e-06
350           	3.696967e-06
351           	3.696967e-06
352           	3.696967e-06
353           	3.696967e-06
354           	3.696967e-06
355           	3.696967e-06
356           	3.696967e-06
357           	3.696966e-06
358           	3.696967e-06
359           	3.696966e-06
360           	3.696967e-06
361           	3.696967e-06
362           	3.696967e-06
363           	3.696967e-06
364           	3.696967e-06
365           	3.696966e-06
366           	3.696967e-06
367           	3.696966e-06
368           	3.696967e-06
369           	3.696966e-06
370           	3.696967e-06
371           	3.696966e-06
372           	3.696967e-06
373           	3.696967e-06
374           	3.696968e-06
375           	3.696967e-06
376           	3.696967e-06
377           	3.696966e-06
378           	3.696967e-06
379           	3.696966e-06
380           	3.696967e-06
381           	3.696966e-06
382           	3.696967e-06
383           	3.696967e-06
384           	3.696968e-06
385           	3.696967e-06
386           	3.696968e-06
387           	3.696967e-06
388           	3.696967e-06
389           	3.696966e-06
390           	3.696967e-06
391           	3.696966e-06
392           	3.696967e-06
393           	3.696966e-06
394           	3.696967e-06
395           	3.696967e-06
396           	3.696968e-06
397           	3.696967e-06
398           	3.696968e-06
399           	3.696967e-06
400           	3.696968e-06
401           	3.696967e-06
402           	3.696968e-06
403           	3.696967e-06
404           	3.696968e-06
405           	3.696967e-06
406           	3.696967e-06
407           	3.696968e-06
408           	3.696969e-06
409           	3.696968e-06
410           	3.696968e-06
411           	3.696967e-06
412           	3.696967e-06
413           	3.696967e-06
414           	3.696967e-06
415           	3.696967e-06
416           	3.696967e-06
417           	3.696966e-06
418           	3.696968e-06
419           	3.696967e-06
420           	3.696968e-06
421           	3.696967e-06
422           	3.696967e-06
423           	3.696966e-06
424           	3.696967e-06
425           	3.696967e-06
426           	3.696967e-06
427           	3.696966e-06
428           	3.696967e-06
429           	3.696966e-06
430           	3.696967e-06
431           	3.696967e-06
432           	3.696968e-06
433           	3.696967e-06
434           	3.696967e-06
435           	3.696967e-06
436           	3.696967e-06
437           	3.696966e-06
438           	3.696967e-06
439           	3.696966e-06
440           	3.696967e-06
441           	3.696966e-06
442           	3.696967e-06
443           	3.696967e-06
444           	3.696968e-06
445           	3.696967e-06
446           	3.696967e-06
447           	3.696966e-06
448           	3.696967e-06
449           	3.696966e-06
450           	3.696967e-06
451           	3.696966e-06
452           	3.696966e-06
453           	3.696967e-06
454           	3.696968e-06
455           	3.696967e-06
456           	3.696967e-06
457           	3.696967e-06
458           	3.696967e-06
459           	3.696966e-06
460           	3.696967e-06
461           	3.696966e-06
462           	3.696967e-06
463           	3.696966e-06
464           	3.696966e-06
465           	3.696967e-06
466           	3.696968e-06
467           	3.696967e-06
468           	3.696967e-06
469           	3.696967e-06
470           	3.696967e-06
471           	3.696966e-06
472           	3.696967e-06
473           	3.696966e-06
474           	3.696967e-06
475           	3.696966e-06
476           	3.696966e-06
477           	3.696967e-06
478           	3.696968e-06
479           	3.696967e-06
480           	3.696967e-06
481           	3.696967e-06
482           	3.696967e-06
483           	3.696966e-06
484           	3.696967e-06
485           	3.696966e-06
486           	3.696967e-06
487           	3.696966e-06
488           	3.696967e-06
489           	3.696967e-06
490           	3.696967e-06
491           	3.696967e-06
492           	3.696967e-06
493           	3.696966e-06
494           	3.696967e-06
495           	3.696966e-06
496           	3.696967e-06
497           	3.696966e-06
498           	3.696967e-06
499           	3.696966e-06
500           	3.696967e-06
501           	3.696967e-06
502           	3.696967e-06
503           	3.696967e-06
504           	3.696967e-06
505           	3.696966e-06
506           	3.696967e-06
507           	3.696966e-06
508           	3.696967e-06
509           	3.696966e-06
510           	3.696967e-06
511           	3.696966e-06
512           	3.696967e-06
513           	3.696967e-06
514           	3.696968e-06
515           	3.696967e-06
516           	3.696967e-06
517           	3.696966e-06
518           	3.696967e-06
519           	3.696966e-06
520           	3.696967e-06
521           	3.696966e-06
522           	3.696966e-06
523           	3.696967e-06
524           	3.696968e-06
525           	3.696967e-06
526           	3.696967e-06
527           	3.696966e-06
528           	3.696967e-06
529           	3.696966e-06
530           	3.696967e-06
531           	3.696966e-06
532           	3.696967e-06
533           	3.696966e-06
534           	3.696966e-06
535           	3.696967e-06
536           	3.696968e-06
537           	3.696967e-06
538           	3.696967e-06
539           	3.696967e-06
540           	3.696967e-06
541           	3.696966e-06
542           	3.696967e-06
543           	3.696966e-06
544           	3.696967e-06
545           	3.696966e-06
546           	3.696966e-06
547           	3.696967e-06
548           	3.696968e-06
549           	3.696967e-06
550           	3.696967e-06
551           	3.696967e-06
552           	3.696967e-06
553           	3.696966e-06
554           	3.696967e-06
555           	3.696966e-06
556           	3.696967e-06
557           	3.696966e-06
558           	3.696967e-06
559           	3.696967e-06
560           	3.696967e-06
561           	3.696967e-06
562           	3.696967e-06
563           	3.696966e-06
564           	3.696967e-06
565           	3.696966e-06
566           	3.696967e-06
567           	3.696966e-06
568           	3.696967e-06
569           	3.696966e-06
570           	3.696967e-06
571           	3.696967e-06
572           	3.696967e-06
573           	3.696967e-06
574           	3.696967e-06
575           	3.696966e-06
576           	3.696967e-06
577           	3.696966e-06
578           	3.696967e-06
579           	3.696966e-06
580           	3.696967e-06
581           	3.696966e-06
582           	3.696967e-06
583           	3.696967e-06
584           	3.696967e-06
585           	3.696967e-06
586           	3.696967e-06
587           	3.696966e-06
588           	3.696967e-06
589           	3.696966e-06
590           	3.696967e-06
591           	3.696966e-06
592           	3.696966e-06
593           	3.696967e-06
594           	3.696968e-06
595           	3.696967e-06
596           	3.696967e-06
597           	3.696966e-06
598           	3.696967e-06
599           	3.696966e-06
600           	3.696967e-06
601           	3.696966e-06
602           	3.696967e-06
603           	3.696966e-06
604           	3.696966e-06
605           	3.696967e-06
606           	3.696968e-06
607           	3.696967e-06
608           	3.696967e-06
609           	3.696967e-06
610           	3.696967e-06
611           	3.696966e-06
612           	3.696967e-06
613           	3.696966e-06
614           	3.696967e-06
615           	3.696966e-06
616           	3.696966e-06
617           	3.696967e-06
618           	3.696968e-06
619           	3.696967e-06
620           	3.696967e-06
621           	3.696967e-06
622           	3.696967e-06
623           	3.696966e-06
624           	3.696967e-06
625           	3.696966e-06
626           	3.696967e-06
627           	3.696966e-06
628           	3.696967e-06
629           	3.696967e-06
630           	3.696967e-06
631           	3.696967e-06
632           	3.696967e-06
633           	3.696966e-06
634           	3.696967e-06
635           	3.696966e-06
636           	3.696967e-06
637           	3.696966e-06
638           	3.696967e-06
639           	3.696966e-06
640           	3.696967e-06
641           	3.696967e-06
642           	3.696967e-06
643           	3.696967e-06
644           	3.696967e-06
645           	3.696966e-06
646           	3.696967e-06
647           	3.696966e-06
648           	3.696967e-06
649           	3.696966e-06
650           	3.696967e-06
651           	3.696966e-06
652           	3.696967e-06
653           	3.696967e-06
654           	3.696968e-06
655           	3.696967e-06
656           	3.696967e-06
657           	3.696966e-06
658           	3.696967e-06
659           	3.696966e-06
660           	3.696967e-06
661           	3.696966e-06
662           	3.696966e-06
663           	3.696967e-06
664           	3.696968e-06
665           	3.696967e-06
666           	3.696967e-06
667           	3.696966e-06
668           	3.696967e-06
669           	3.696966e-06
670           	3.696967e-06
671           	3.696966e-06
672           	3.696967e-06
673           	3.696966e-06
674           	3.696966e-06
675           	3.696967e-06
676           	3.696968e-06
677           	3.696967e-06
678           	3.696967e-06
679           	3.696967e-06
680           	3.696967e-06
681           	3.696966e-06
682           	3.696967e-06
683           	3.696966e-06
684           	3.696967e-06
685           	3.696966e-06
686           	3.696966e-06
687           	3.696967e-06
688           	3.696968e-06
689           	3.696967e-06
690           	3.696967e-06
691           	3.696967e-06
692           	3.696967e-06
693           	3.696966e-06
694           	3.696967e-06
695           	3.696966e-06
696           	3.696967e-06
697           	3.696966e-06
698           	3.696967e-06
699           	3.696967e-06
700           	3.696967e-06
701           	3.696967e-06
702           	3.696967e-06
703           	3.696966e-06
704           	3.696967e-06
705           	3.696966e-06
706           	3.696967e-06
707           	3.696966e-06
708           	3.696967e-06
709           	3.696966e-06
710           	3.696967e-06
711           	3.696967e-06
712           	3.696967e-06
713           	3.696967e-06
714           	3.696967e-06
715           	3.696966e-06
716           	3.696967e-06
717           	3.696966e-06
718           	3.696967e-06
719           	3.696966e-06
720           	3.696967e-06
721           	3.696966e-06
722           	3.696967e-06
723           	3.696967e-06
724           	3.696968e-06
725           	3.696967e-06
726           	3.696967e-06
727           	3.696966e-06
728           	3.696967e-06
729           	3.696966e-06
730           	3.696967e-06
731           	3.696966e-06
732           	3.696966e-06
733           	3.696967e-06
734           	3.696968e-06
735           	3.696967e-06
736           	3.696967e-06
737           	3.696966e-06
738           	3.696967e-06
739           	3.696966e-06
740           	3.696967e-06
741           	3.696966e-06
742           	3.696967e-06
743           	3.696966e-06
744           	3.696966e-06
745           	3.696967e-06
746           	3.696968e-06
747           	3.696967e-06
748           	3.696967e-06
749           	3.696967e-06
750           	3.696967e-06
751           	3.696966e-06
752           	3.696967e-06
753           	3.696966e-06
754           	3.696967e-06
755           	3.696966e-06
756           	3.696966e-06
757           	3.696967e-06
758           	3.696968e-06
759           	3.696967e-06
760           	3.696967e-06
761           	3.696967e-06
762           	3.696967e-06
763           	3.696966e-06
764           	3.696967e-06
765           	3.696966e-06
766           	3.696967e-06
767           	3.696966e-06
768           	3.696967e-06
769           	3.696967e-06
770           	3.696967e-06
771           	3.696967e-06
772           	3.696967e-06
773           	3.696966e-06
774           	3.696967e-06
775           	3.696966e-06
776           	3.696967e-06
777           	3.696966e-06
778           	3.696967e-06
779           	3.696966e-06
780           	3.696967e-06
781           	3.696967e-06
782           	3.696967e-06
783           	3.696967e-06
784           	3.696967e-06
785           	3.696966e-06
786           	3.696967e-06
787           	3.696966e-06
788           	3.696967e-06
789           	3.696966e-06
790           	3.696967e-06
791           	3.696966e-06
792           	3.696967e-06
793           	3.696967e-06
794           	3.696968e-06
795           	3.696967e-06
796           	3.696967e-06
797           	3.696966e-06
798           	3.696967e-06
799           	3.696966e-06
800           	3.696967e-06
801           	3.696966e-06
802           	3.696966e-06
803           	3.696967e-06
804           	3.696968e-06
805           	3.696967e-06
806           	3.696967e-06
807           	3.696966e-06
808           	3.696967e-06
809           	3.696966e-06
810           	3.696967e-06
811           	3.696966e-06
812           	3.696967e-06
813           	3.696966e-06
814           	3.696966e-06
815           	3.696967e-06
816           	3.696968e-06
817           	3.696967e-06
818           	3.696967e-06
819           	3.696967e-06
820           	3.696967e-06
821           	3.696966e-06
822           	3.696967e-06
823           	3.696966e-06
824           	3.696967e-06
825           	3.696966e-06
826           	3.696966e-06
827           	3.696967e-06
828           	3.696968e-06
829           	3.696967e-06
830           	3.696967e-06
831           	3.696967e-06
832           	3.696967e-06
833           	3.696966e-06
834           	3.696967e-06
835           	3.696966e-06
836           	3.696967e-06
837           	3.696966e-06
838           	3.696967e-06
839           	3.696967e-06
840           	3.696967e-06
841           	3.696967e-06
842           	3.696967e-06
843           	3.696966e-06
844           	3.696967e-06
845           	3.696966e-06
846           	3.696967e-06
847           	3.696966e-06
848           	3.696967e-06
849           	3.696966e-06
850           	3.696967e-06
851           	3.696967e-06
852           	3.696967e-06
853           	3.696967e-06
854           	3.696967e-06
855           	3.696966e-06
856           	3.696967e-06
857           	3.696966e-06
858           	3.696967e-06
859           	3.696966e-06
860           	3.696967e-06
861           	3.696966e-06
862           	3.696967e-06
863           	3.696967e-06
864           	3.696968e-06
865           	3.696967e-06
866           	3.696967e-06
867           	3.696966e-06
868           	3.696967e-06
869           	3.696966e-06
870           	3.696967e-06
871           	3.696966e-06
872           	3.696966e-06
873           	3.696967e-06
874           	3.696968e-06
875           	3.696967e-06
876           	3.696967e-06
877           	3.696966e-06
878           	3.696967e-06
879           	3.696966e-06
880           	3.696967e-06
881           	3.696966e-06
882           	3.696967e-06
883           	3.696966e-06
884           	3.696966e-06
885           	3.696967e-06
886           	3.696968e-06
887           	3.696967e-06
888           	3.696967e-06
889           	3.696967e-06
890           	3.696967e-06
891           	3.696966e-06
892           	3.696967e-06
893           	3.696966e-06
894           	3.696967e-06
895           	3.696966e-06
896           	3.696966e-06
897           	3.696967e-06
898           	3.696968e-06
899           	3.696967e-06
900           	3.696967e-06
901           	3.696966e-06
902           	3.696967e-06
903           	3.696966e-06
904           	3.696967e-06
905           	3.696966e-06
906           	3.696967e-06
907           	3.696966e-06
908           	3.696967e-06
909           	3.696967e-06
910           	3.696967e-06
911           	3.696967e-06
912           	3.696967e-06
913           	3.696966e-06
914           	3.696967e-06
915           	3.696966e-06
916           	3.696967e-06
917           	3.696966e-06
918           	3.696967e-06
919           	3.696966e-06
920           	3.696967e-06
921           	3.696967e-06
922           	3.696968e-06
923           	3.696967e-06
924           	3.696967e-06
925           	3.696966e-06
926           	3.696967e-06
927           	3.696966e-06
928           	3.696967e-06
929           	3.696966e-06
930           	3.696967e-06
931           	3.696966e-06
932           	3.696967e-06
933           	3.696967e-06
934           	3.696968e-06
935           	3.696967e-06
936           	3.696967e-06
937           	3.696966e-06
938           	3.696967e-06
939           	3.696966e-06
940           	3.696967e-06
941           	3.696966e-06
942           	3.696966e-06
943           	3.696967e-06
944           	3.696968e-06
945           	3.696967e-06
946           	3.696967e-06
947           	3.696966e-06
948           	3.696967e-06
949           	3.696966e-06
950           	3.696967e-06
951           	3.696966e-06
952           	3.696967e-06
953           	3.696966e-06
954           	3.696966e-06
955           	3.696967e-06
956           	3.696968e-06
957           	3.696967e-06
958           	3.696967e-06
959           	3.696967e-06
960           	3.696967e-06
961           	3.696966e-06
962           	3.696967e-06
963           	3.696966e-06
964           	3.696967e-06
965           	3.696966e-06
966           	3.696966e-06
967           	3.696967e-06
968           	3.696968e-06
969           	3.696967e-06
970           	3.696967e-06
971           	3.696967e-06
972           	3.696967e-06
973           	3.696966e-06
974           	3.696967e-06
975           	3.696966e-06
976           	3.696967e-06
977           	3.696966e-06
978           	3.696967e-06
979           	3.696967e-06
980           	3.696967e-06
981           	3.696967e-06
982           	3.696967e-06
983           	3.696966e-06
984           	3.696967e-06
985           	3.696966e-06
986           	3.696967e-06
987           	3.696966e-06
988           	3.696967e-06
989           	3.696966e-06
990           	3.696967e-06
991           	3.696967e-06
992           	3.696967e-06
993           	3.696967e-06
994           	3.696967e-06
995           	3.696966e-06
996           	3.696967e-06
997           	3.696966e-06
998           	3.696967e-06
999           	3.696966e-06
1000          	3.696967e-06
1001          	3.696966e-06
1002          	3.696967e-06
1003          	3.696967e-06
1004          	3.696968e-06
1005          	3.696967e-06
1006          	3.696967e-06
1007          	3.696966e-06
1008          	3.696967e-06
1009          	3.696966e-06
1010          	3.696967e-06
1011          	3.696966e-06
1012          	3.696966e-06
1013          	3.696967e-06
1014          	3.696968e-06
1015          	3.696967e-06
1016          	3.696967e-06
1017          	3.696966e-06
1018          	3.696967e-06
1019          	3.696966e-06
1020          	3.696967e-06
1021          	3.696966e-06
1022          	3.696967e-06
1023          	3.696966e-06
1024          	3.696966e-06
1025          	3.696967e-06
1026          	3.696968e-06
1027          	3.696967e-06
1028          	3.696967e-06
1029          	3.696967e-06
1030          	3.696967e-06
1031          	3.696966e-06
1032          	3.696967e-06
1033          	3.696966e-06
1034          	3.696967e-06
1035          	3.696966e-06
1036          	3.696966e-06
1037          	3.696967e-06
1038          	3.696968e-06
1039          	3.696967e-06
1040          	3.696967e-06
1041          	3.696967e-06
1042          	3.696967e-06
1043          	3.696966e-06
1044          	3.696967e-06
1045          	3.696966e-06
1046          	3.696967e-06
1047          	3.696966e-06
1048          	3.696967e-06
1049          	3.696967e-06
1050          	3.696967e-06
1051          	3.696967e-06
1052          	3.696967e-06
1053          	3.696966e-06
1054          	3.696967e-06
1055          	3.696966e-06
1056          	3.696967e-06
1057          	3.696966e-06
1058          	3.696967e-06
1059          	3.696966e-06
1060          	3.696967e-06
1061          	3.696967e-06
1062          	3.696967e-06
1063          	3.696967e-06
1064          	3.696967e-06
1065          	3.696966e-06
1066          	3.696967e-06
1067          	3.696966e-06
1068          	3.696967e-06
1069          	3.696966e-06
1070          	3.696967e-06
1071          	3.696966e-06
1072          	3.696967e-06
1073          	3.696967e-06
1074          	3.696968e-06
1075          	3.696967e-06
1076          	3.696967e-06
1077          	3.696966e-06
1078          	3.696967e-06
1079          	3.696966e-06
1080          	3.696967e-06
1081          	3.696966e-06
1082          	3.696966e-06
1083          	3.696967e-06
1084          	3.696968e-06
1085          	3.696967e-06
1086          	3.696967e-06
1087          	3.696966e-06
1088          	3.696967e-06
1089          	3.696966e-06
1090          	3.696967e-06
1091          	3.696966e-06
1092          	3.696967e-06
1093          	3.696966e-06
1094          	3.696966e-06
1095          	3.696967e-06
1096          	3.696968e-06
1097          	3.696967e-06
1098          	3.696967e-06
1099          	3.696967e-06
1100          	3.696967e-06
1101          	3.696966e-06
1102          	3.696967e-06
1103          	3.696966e-06
1104          	3.696967e-06
1105          	3.696966e-06
1106          	3.696966e-06
1107          	3.696967e-06
1108          	3.696968e-06
1109          	3.696967e-06
1110          	3.696967e-06
1111          	3.696967e-06
1112          	3.696967e-06
1113          	3.696966e-06
1114          	3.696967e-06
1115          	3.696966e-06
1116          	3.696967e-06
1117          	3.696966e-06
1118          	3.696967e-06
1119          	3.696967e-06
1120          	3.696967e-06
1121          	3.696967e-06
1122          	3.696967e-06
1123          	3.696966e-06
1124          	3.696967e-06
1125          	3.696966e-06
1126          	3.696967e-06
1127          	3.696966e-06
1128          	3.696967e-06
1129          	3.696966e-06
1130          	3.696967e-06
1131          	3.696967e-06
1132          	3.696967e-06
1133          	3.696967e-06
1134          	3.696967e-06
1135          	3.696966e-06
1136          	3.696967e-06
1137          	3.696966e-06
1138          	3.696967e-06
1139          	3.696966e-06
1140          	3.696967e-06
1141          	3.696966e-06
1142          	3.696967e-06
1143          	3.696967e-06
1144          	3.696968e-06
1145          	3.696967e-06
1146          	3.696967e-06
1147          	3.696966e-06
1148          	3.696967e-06
1149          	3.696966e-06
1150          	3.696967e-06
1151          	3.696966e-06
1152          	3.696966e-06
1153          	3.696967e-06
1154          	3.696968e-06
1155          	3.696967e-06
1156          	3.696967e-06
1157          	3.696966e-06
1158          	3.696967e-06
1159          	3.696966e-06
1160          	3.696967e-06
1161          	3.696966e-06
1162          	3.696967e-06
1163          	3.696966e-06
1164          	3.696966e-06
1165          	3.696967e-06
1166          	3.696968e-06
1167          	3.696967e-06
1168          	3.696967e-06
1169          	3.696967e-06
1170          	3.696967e-06
1171          	3.696966e-06
1172          	3.696967e-06
1173          	3.696966e-06
1174          	3.696967e-06
1175          	3.696966e-06
1176          	3.696966e-06
1177          	3.696967e-06
1178          	3.696968e-06
1179          	3.696967e-06
1180          	3.696967e-06
1181          	3.696967e-06
1182          	3.696967e-06
1183          	3.696966e-06
1184          	3.696967e-06
1185          	3.696966e-06
1186          	3.696967e-06
1187          	3.696966e-06
1188          	3.696967e-06
1189          	3.696967e-06
1190          	3.696967e-06
1191          	3.696967e-06
1192          	3.696967e-06
1193          	3.696966e-06
1194          	3.696967e-06
1195          	3.696966e-06
1196          	3.696967e-06
1197          	3.696966e-06
1198          	3.696967e-06
1199          	3.696966e-06
1200          	3.696967e-06
1201          	3.696967e-06
1202          	3.696967e-06
1203          	3.696967e-06
1204          	3.696967e-06
1205          	3.696966e-06
1206          	3.696967e-06
1207          	3.696966e-06
1208          	3.696967e-06
1209          	3.696966e-06
1210          	3.696967e-06
1211          	3.696966e-06
1212          	3.696967e-06
1213          	3.696967e-06
1214          	3.696968e-06
1215          	3.696967e-06
1216          	3.696967e-06
1217          	3.696966e-06
1218          	3.696967e-06
1219          	3.696966e-06
1220          	3.696967e-06
1221          	3.696966e-06
1222          	3.696966e-06
1223          	3.696967e-06
1224          	3.696968e-06
1225          	3.696967e-06
1226          	3.696967e-06
1227          	3.696966e-06
1228          	3.696967e-06
1229          	3.696966e-06
1230          	3.696967e-06
1231          	3.696966e-06
1232          	3.696967e-06
1233          	3.696966e-06
1234          	3.696966e-06
1235          	3.696967e-06
1236          	3.696968e-06
1237          	3.696967e-06
1238          	3.696967e-06
1239          	3.696967e-06
1240          	3.696967e-06
1241          	3.696966e-06
1242          	3.696967e-06
1243          	3.696966e-06
1244          	3.696967e-06
1245          	3.696966e-06
1246          	3.696966e-06
1247          	3.696967e-06
1248          	3.696968e-06
1249          	3.696967e-06
1250          	3.696967e-06
1251          	3.696967e-06
1252          	3.696967e-06
1253          	3.696966e-06
1254          	3.696967e-06
1255          	3.696966e-06
1256          	3.696967e-06
1257          	3.696966e-06
1258          	3.696967e-06
1259          	3.696967e-06
1260          	3.696967e-06
1261          	3.696967e-06
1262          	3.696967e-06
1263          	3.696966e-06
1264          	3.696967e-06
1265          	3.696966e-06
1266          	3.696967e-06
1267          	3.696966e-06
1268          	3.696967e-06
1269          	3.696966e-06
1270          	3.696967e-06
1271          	3.696967e-06
1272          	3.696967e-06
1273          	3.696967e-06
1274          	3.696967e-06
1275          	3.696966e-06
1276          	3.696967e-06
1277          	3.696966e-06
1278          	3.696967e-06
1279          	3.696966e-06
1280          	3.696967e-06
1281          	3.696966e-06
1282          	3.696967e-06
1283          	3.696967e-06
1284          	3.696968e-06
1285          	3.696967e-06
1286          	3.696967e-06
1287          	3.696966e-06
1288          	3.696967e-06
1289          	3.696966e-06
1290          	3.696967e-06
1291          	3.696966e-06
1292          	3.696966e-06
1293          	3.696967e-06
1294          	3.696968e-06
1295          	3.696967e-06
1296          	3.696967e-06
1297          	3.696967e-06
1298          	3.696967e-06
1299          	3.696966e-06
1300          	3.696967e-06
1301          	3.696966e-06
1302          	3.696967e-06
1303          	3.696966e-06
1304          	3.696966e-06
1305          	3.696967e-06
1306          	3.696968e-06
1307          	3.696967e-06
1308          	3.696967e-06
1309          	3.696967e-06
1310          	3.696967e-06
1311          	3.696966e-06
1312          	3.696967e-06
1313          	3.696966e-06
1314          	3.696967e-06
1315          	3.696966e-06
1316          	3.696966e-06
1317          	3.696967e-06
1318          	3.696968e-06
1319          	3.696967e-06
1320          	3.696967e-06
1321          	3.696967e-06
1322          	3.696967e-06
1323          	3.696966e-06
1324          	3.696967e-06
1325          	3.696966e-06
1326          	3.696967e-06
1327          	3.696966e-06
1328          	3.696967e-06
1329          	3.696967e-06
1330          	3.696967e-06
1331          	3.696967e-06
1332          	3.696967e-06
1333          	3.696966e-06
1334          	3.696967e-06
1335          	3.696966e-06
1336          	3.696967e-06
1337          	3.696966e-06
1338          	3.696967e-06
1339          	3.696966e-06
1340          	3.696967e-06
1341          	3.696967e-06
1342          	3.696967e-06
1343          	3.696967e-06
1344          	3.696967e-06
1345          	3.696966e-06
1346          	3.696967e-06
1347          	3.696966e-06
1348          	3.696967e-06
1349          	3.696966e-06
1350          	3.696967e-06
1351          	3.696966e-06
1352          	3.696967e-06
1353          	3.696967e-06
1354          	3.696968e-06
1355          	3.696967e-06
1356          	3.696967e-06
1357          	3.696966e-06
1358          	3.696967e-06
1359          	3.696966e-06
1360          	3.696967e-06
1361          	3.696966e-06
1362          	3.696966e-06
1363          	3.696967e-06
1364          	3.696968e-06
1365          	3.696967e-06
1366          	3.696967e-06
1367          	3.696966e-06
1368          	3.696967e-06
1369          	3.696966e-06
1370          	3.696967e-06
1371          	3.696966e-06
1372          	3.696967e-06
1373          	3.696966e-06
1374          	3.696966e-06
1375          	3.696967e-06
1376          	3.696968e-06
1377          	3.696967e-06
1378          	3.696967e-06
1379          	3.696967e-06
1380          	3.696967e-06
1381          	3.696966e-06
1382          	3.696967e-06
1383          	3.696966e-06
1384          	3.696967e-06
1385          	3.696966e-06
1386          	3.696966e-06
1387          	3.696967e-06
1388          	3.696968e-06
1389          	3.696967e-06
1390          	3.696967e-06
1391          	3.696967e-06
1392          	3.696967e-06
1393          	3.696966e-06
1394          	3.696967e-06
1395          	3.696966e-06
1396          	3.696967e-06
1397          	3.696966e-06
1398          	3.696967e-06
1399          	3.696967e-06
1400          	3.696967e-06
1401          	3.696967e-06
1402          	3.696967e-06
1403          	3.696966e-06
1404          	3.696967e-06
1405          	3.696966e-06
1406          	3.696967e-06
1407          	3.696966e-06
1408          	3.696967e-06
1409          	3.696966e-06
1410          	3.696967e-06
1411          	3.696967e-06
1412          	3.696967e-06
1413          	3.696967e-06
1414          	3.696967e-06
1415          	3.696966e-06
1416          	3.696967e-06
1417          	3.696966e-06
1418          	3.696967e-06
1419          	3.696966e-06
1420          	3.696967e-06
1421          	3.696966e-06
1422          	3.696967e-06
1423          	3.696967e-06
1424          	3.696968e-06
1425          	3.696967e-06
1426          	3.696967e-06
1427          	3.696966e-06
1428          	3.696967e-06
1429          	3.696966e-06
1430          	3.696967e-06
1431          	3.696966e-06
1432          	3.696966e-06
1433          	3.696967e-06
1434          	3.696968e-06
1435          	3.696967e-06
1436          	3.696967e-06
1437          	3.696966e-06
1438          	3.696967e-06
1439          	3.696966e-06
1440          	3.696967e-06
1441          	3.696966e-06
1442          	3.696967e-06
1443          	3.696966e-06
1444          	3.696966e-06
1445          	3.696967e-06
1446          	3.696968e-06
1447          	3.696967e-06
1448          	3.696967e-06
1449          	3.696967e-06
1450          	3.696967e-06
1451          	3.696966e-06
1452          	3.696967e-06
1453          	3.696966e-06
1454          	3.696967e-06
1455          	3.696966e-06
1456          	3.696966e-06
1457          	3.696967e-06
1458          	3.696968e-06
1459          	3.696967e-06
1460          	3.696967e-06
1461          	3.696967e-06
1462          	3.696967e-06
1463          	3.696966e-06
1464          	3.696967e-06
1465          	3.696966e-06
1466          	3.696967e-06
1467          	3.696966e-06
1468          	3.696967e-06
1469          	3.696967e-06
1470          	3.696967e-06
1471          	3.696967e-06
1472          	3.696967e-06
1473          	3.696966e-06
1474          	3.696967e-06
1475          	3.696966e-06
1476          	3.696967e-06
1477          	3.696966e-06
1478          	3.696967e-06
1479          	3.696966e-06
1480          	3.696967e-06
1481          	3.696967e-06
1482          	3.696967e-06
1483          	3.696967e-06
1484          	3.696967e-06
1485          	3.696966e-06
1486          	3.696967e-06
1487          	3.696966e-06
1488          	3.696967e-06
1489          	3.696966e-06
1490          	3.696967e-06
1491          	3.696966e-06
1492          	3.696967e-06
1493          	3.696967e-06
1494          	3.696968e-06
1495          	3.696967e-06
1496          	3.696967e-06
1497          	3.696966e-06
1498          	3.696967e-06
1499          	3.696966e-06
1500          	3.696967e-06
1501          	3.696966e-06
1502          	3.696966e-06
1503          	3.696967e-06
1504          	3.696968e-06
1505          	3.696967e-06
1506          	3.696967e-06
1507          	3.696966e-06
1508          	3.696967e-06
1509          	3.696966e-06
1510          	3.696967e-06
1511          	3.696966e-06
1512          	3.696967e-06
1513          	3.696966e-06
1514          	3.696966e-06
1515          	3.696967e-06
1516          	3.696968e-06
1517          	3.696967e-06
1518          	3.696967e-06
1519          	3.696967e-06
1520          	3.696967e-06
1521          	3.696966e-06
1522          	3.696967e-06
1523          	3.696966e-06
1524          	3.696967e-06
1525          	3.696966e-06
1526          	3.696966e-06
1527          	3.696967e-06
1528          	3.696968e-06
1529          	3.696967e-06
1530          	3.696967e-06
1531          	3.696967e-06
1532          	3.696967e-06
1533          	3.696966e-06
1534          	3.696967e-06
1535          	3.696966e-06
1536          	3.696967e-06
1537          	3.696966e-06
1538          	3.696967e-06
1539          	3.696967e-06
1540          	3.696967e-06
1541          	3.696967e-06
1542          	3.696967e-06
1543          	3.696966e-06
1544          	3.696967e-06
1545          	3.696966e-06
1546          	3.696967e-06
1547          	3.696966e-06
1548          	3.696967e-06
1549          	3.696966e-06
1550          	3.696967e-06
1551          	3.696967e-06
1552          	3.696967e-06
1553          	3.696967e-06
1554          	3.696967e-06
1555          	3.696966e-06
1556          	3.696967e-06
1557          	3.696966e-06
1558          	3.696967e-06
1559          	3.696966e-06
1560          	3.696967e-06
1561          	3.696966e-06
1562          	3.696967e-06
1563          	3.696967e-06
1564          	3.696968e-06
1565          	3.696967e-06
1566          	3.696967e-06
1567          	3.696966e-06
1568          	3.696967e-06
1569          	3.696966e-06
1570          	3.696967e-06
1571          	3.696966e-06
1572          	3.696966e-06
1573          	3.696967e-06
1574          	3.696968e-06
1575          	3.696967e-06
1576          	3.696967e-06
1577          	3.696966e-06
1578          	3.696967e-06
1579          	3.696966e-06
1580          	3.696967e-06
1581          	3.696966e-06
1582          	3.696967e-06
1583          	3.696966e-06
1584          	3.696966e-06
1585          	3.696967e-06
1586          	3.696968e-06
1587          	3.696967e-06
1588          	3.696967e-06
1589          	3.696967e-06
1590          	3.696967e-06
1591          	3.696966e-06
1592          	3.696967e-06
1593          	3.696966e-06
1594          	3.696967e-06
1595          	3.696966e-06
1596          	3.696966e-06
1597          	3.696967e-06
1598          	3.696968e-06
1599          	3.696967e-06
1600          	3.696967e-06
1601          	3.696967e-06
1602          	3.696967e-06
1603          	3.696966e-06
1604          	3.696967e-06
1605          	3.696966e-06
1606          	3.696967e-06
1607          	3.696966e-06
1608          	3.696967e-06
1609          	3.696967e-06
1610          	3.696967e-06
1611          	3.696967e-06
1612          	3.696967e-06
1613          	3.696966e-06
1614          	3.696967e-06
1615          	3.696966e-06
1616          	3.696967e-06
1617          	3.696966e-06
1618          	3.696967e-06
1619          	3.696966e-06
1620          	3.696967e-06
1621          	3.696967e-06
1622          	3.696968e-06
1623          	3.696967e-06
1624          	3.696967e-06
1625          	3.696966e-06
1626          	3.696967e-06
1627          	3.696966e-06
1628          	3.696967e-06
1629          	3.696966e-06
1630          	3.696967e-06
1631          	3.696966e-06
1632          	3.696967e-06
1633          	3.696967e-06
1634          	3.696968e-06
1635          	3.696967e-06
1636          	3.696967e-06
1637          	3.696966e-06
1638          	3.696967e-06
1639          	3.696966e-06
1640          	3.696967e-06
1641          	3.696966e-06
1642          	3.696966e-06
1643          	3.696967e-06
1644          	3.696968e-06
1645          	3.696967e-06
1646          	3.696967e-06
1647          	3.696966e-06
1648          	3.696967e-06
1649          	3.696966e-06
1650          	3.696967e-06
1651          	3.696966e-06
1652          	3.696967e-06
1653          	3.696966e-06
1654          	3.696966e-06
1655          	3.696967e-06
1656          	3.696968e-06
1657          	3.696967e-06
1658          	3.696967e-06
1659          	3.696967e-06
1660          	3.696967e-06
1661          	3.696966e-06
1662          	3.696967e-06
1663          	3.696966e-06
1664          	3.696967e-06
1665          	3.696966e-06
1666          	3.696966e-06
1667          	3.696967e-06
1668          	3.696968e-06
1669          	3.696967e-06
1670          	3.696967e-06
1671          	3.696967e-06
1672          	3.696967e-06
1673          	3.696966e-06
1674          	3.696967e-06
1675          	3.696966e-06
1676          	3.696967e-06
1677          	3.696966e-06
1678          	3.696967e-06
1679          	3.696967e-06
1680          	3.696967e-06
1681          	3.696967e-06
1682          	3.696967e-06
1683          	3.696966e-06
1684          	3.696967e-06
1685          	3.696966e-06
1686          	3.696967e-06
1687          	3.696966e-06
1688          	3.696967e-06
1689          	3.696966e-06
1690          	3.696967e-06
1691          	3.696967e-06
1692          	3.696967e-06
1693          	3.696967e-06
1694          	3.696967e-06
1695          	3.696966e-06
1696          	3.696967e-06
1697          	3.696966e-06
1698          	3.696967e-06
1699          	3.696966e-06
1700          	3.696967e-06
1701          	3.696966e-06
1702          	3.696967e-06
1703          	3.696967e-06
1704          	3.696968e-06
1705          	3.696967e-06
1706          	3.696967e-06
1707          	3.696966e-06
1708          	3.696967e-06
1709          	3.696966e-06
1710          	3.696967e-06
1711          	3.696966e-06
1712          	3.696966e-06
1713          	3.696967e-06
1714          	3.696968e-06
1715          	3.696967e-06
1716          	3.696967e-06
1717          	3.696966e-06
1718          	3.696967e-06
1719          	3.696966e-06
1720          	3.696967e-06
1721          	3.696966e-06
1722          	3.696967e-06
1723          	3.696966e-06
1724          	3.696966e-06
1725          	3.696967e-06
1726          	3.696968e-06
1727          	3.696967e-06
1728          	3.696967e-06
1729          	3.696967e-06
1730          	3.696967e-06
1731          	3.696966e-06
1732          	3.696967e-06
1733          	3.696966e-06
1734          	3.696967e-06
1735          	3.696966e-06
1736          	3.696966e-06
1737          	3.696967e-06
1738          	3.696968e-06
1739          	3.696967e-06
1740          	3.696967e-06
1741          	3.696967e-06
1742          	3.696967e-06
1743          	3.696966e-06
1744          	3.696967e-06
1745          	3.696966e-06
1746          	3.696967e-06
1747          	3.696966e-06
1748          	3.696967e-06
1749          	3.696967e-06
1750          	3.696967e-06
1751          	3.696967e-06
1752          	3.696967e-06
1753          	3.696966e-06
1754          	3.696967e-06
1755          	3.696966e-06
1756          	3.696967e-06
1757          	3.696966e-06
1758          	3.696967e-06
1759          	3.696966e-06
1760          	3.696967e-06
1761          	3.696967e-06
1762          	3.696967e-06
1763          	3.696967e-06
1764          	3.696967e-06
1765          	3.696966e-06
1766          	3.696967e-06
1767          	3.696966e-06
1768          	3.696967e-06
1769          	3.696966e-06
1770          	3.696967e-06
1771          	3.696966e-06
1772          	3.696967e-06
1773          	3.696967e-06
1774          	3.696968e-06
1775          	3.696967e-06
1776          	3.696967e-06
1777          	3.696966e-06
1778          	3.696967e-06
1779          	3.696966e-06
1780          	3.696967e-06
1781          	3.696966e-06
1782          	3.696966e-06
1783          	3.696967e-06
1784          	3.696968e-06
1785          	3.696967e-06
1786          	3.696967e-06
1787          	3.696966e-06
1788          	3.696967e-06
1789          	3.696966e-06
1790          	3.696967e-06
1791          	3.696966e-06
1792          	3.696967e-06
1793          	3.696966e-06
1794          	3.696966e-06
1795          	3.696967e-06
1796          	3.696968e-06
1797          	3.696967e-06
1798          	3.696967e-06
1799          	3.696967e-06
1800          	3.696967e-06
1801          	3.696966e-06
1802          	3.696967e-06
1803          	3.696966e-06
1804          	3.696967e-06
1805          	3.696966e-06
1806          	3.696966e-06
1807          	3.696967e-06
1808          	3.696968e-06
1809          	3.696967e-06
1810          	3.696967e-06
1811          	3.696967e-06
1812          	3.696967e-06
1813          	3.696966e-06
1814          	3.696967e-06
1815          	3.696966e-06
1816          	3.696967e-06
1817          	3.696966e-06
1818          	3.696967e-06
1819          	3.696967e-06
1820          	3.696967e-06
1821          	3.696967e-06
1822          	3.696967e-06
1823          	3.696966e-06
1824          	3.696967e-06
1825          	3.696966e-06
1826          	3.696967e-06
1827          	3.696966e-06
1828          	3.696967e-06
1829          	3.696966e-06
1830          	3.696967e-06
1831          	3.696967e-06
1832          	3.696967e-06
1833          	3.696967e-06
1834          	3.696967e-06
1835          	3.696966e-06
1836          	3.696967e-06
1837          	3.696966e-06
1838          	3.696967e-06
1839          	3.696966e-06
1840          	3.696967e-06
1841          	3.696966e-06
1842          	3.696967e-06
1843          	3.696967e-06
1844          	3.696968e-06
1845          	3.696967e-06
1846          	3.696967e-06
1847          	3.696966e-06
1848          	3.696967e-06
1849          	3.696966e-06
1850          	3.696967e-06
1851          	3.696966e-06
1852          	3.696966e-06
1853          	3.696967e-06
1854          	3.696968e-06
1855          	3.696967e-06
1856          	3.696967e-06
1857          	3.696966e-06
1858          	3.696967e-06
1859          	3.696966e-06
1860          	3.696967e-06
1861          	3.696966e-06
1862          	3.696967e-06
1863          	3.696966e-06
1864          	3.696966e-06
1865          	3.696967e-06
1866          	3.696968e-06
1867          	3.696967e-06
1868          	3.696967e-06
1869          	3.696967e-06
1870          	3.696967e-06
1871          	3.696966e-06
1872          	3.696967e-06
1873          	3.696966e-06
1874          	3.696967e-06
1875          	3.696966e-06
1876          	3.696966e-06
1877          	3.696967e-06
1878          	3.696968e-06
1879          	3.696967e-06
1880          	3.696967e-06
1881          	3.696967e-06
1882          	3.696967e-06
1883          	3.696966e-06
1884          	3.696967e-06
1885          	3.696966e-06
1886          	3.696967e-06
1887          	3.696966e-06
1888          	3.696967e-06
1889          	3.696967e-06
1890          	3.696967e-06
1891          	3.696967e-06
1892          	3.696967e-06
1893          	3.696966e-06
1894          	3.696967e-06
1895          	3.696966e-06
1896          	3.696967e-06
1897          	3.696966e-06
1898          	3.696967e-06
1899          	3.696966e-06
1900          	3.696967e-06
1901          	3.696967e-06
1902          	3.696967e-06
1903          	3.696967e-06
1904          	3.696967e-06
1905          	3.696966e-06
1906          	3.696967e-06
1907          	3.696966e-06
1908          	3.696967e-06
1909          	3.696966e-06
1910          	3.696967e-06
1911          	3.696966e-06
1912          	3.696967e-06
1913          	3.696967e-06
1914          	3.696968e-06
1915          	3.696967e-06
1916          	3.696967e-06
1917          	3.696966e-06
1918          	3.696967e-06
1919          	3.696966e-06
1920          	3.696967e-06
1921          	3.696966e-06
1922          	3.696966e-06
1923          	3.696967e-06
1924          	3.696968e-06
1925          	3.696967e-06
1926          	3.696967e-06
1927          	3.696966e-06
1928          	3.696967e-06
1929          	3.696966e-06
1930          	3.696967e-06
1931          	3.696966e-06
1932          	3.696967e-06
1933          	3.696966e-06
1934          	3.696966e-06
1935          	3.696967e-06
1936          	3.696968e-06
1937          	3.696967e-06
1938          	3.696967e-06
1939          	3.696967e-06
1940          	3.696967e-06
1941          	3.696966e-06
1942          	3.696967e-06
1943          	3.696966e-06
1944          	3.696967e-06
1945          	3.696966e-06
1946          	3.696966e-06
1947          	3.696967e-06
1948          	3.696968e-06
1949          	3.696967e-06
1950          	3.696967e-06
1951          	3.696967e-06
1952          	3.696967e-06
1953          	3.696966e-06
1954          	3.696967e-06
1955          	3.696966e-06
1956          	3.696967e-06
1957          	3.696966e-06
1958          	3.696967e-06
1959          	3.696967e-06
1960          	3.696967e-06
1961          	3.696967e-06
1962          	3.696967e-06
1963          	3.696966e-06
1964          	3.696967e-06
1965          	3.696966e-06
1966          	3.696967e-06
1967          	3.696966e-06
1968          	3.696967e-06
1969          	3.696966e-06
1970          	3.696967e-06
1971          	3.696967e-06
1972          	3.696968e-06
1973          	3.696967e-06
1974          	3.696967e-06
1975          	3.696966e-06
1976          	3.696967e-06
1977          	3.696966e-06
1978          	3.696967e-06
1979          	3.696966e-06
1980          	3.696967e-06
1981          	3.696966e-06
1982          	3.696967e-06
1983          	3.696967e-06
1984          	3.696968e-06
1985          	3.696967e-06
1986          	3.696967e-06
1987          	3.696966e-06
1988          	3.696967e-06
1989          	3.696966e-06
1990          	3.696967e-06
1991          	3.696966e-06
1992          	3.696966e-06
1993          	3.696967e-06
1994          	3.696968e-06
1995          	3.696967e-06
1996          	3.696967e-06
1997          	3.696966e-06
1998          	3.696967e-06
1999          	3.696966e-06
2000          	3.696967e-06
2001          	3.696966e-06
2002          	3.696967e-06
2003          	3.696966e-06
2004          	3.696966e-06
2005          	3.696967e-06
2006          	3.696968e-06
2007          	3.696967e-06
2008          	3.696967e-06
2009          	3.696967e-06
2010          	3.696967e-06
2011          	3.696966e-06
2012          	3.696967e-06
2013          	3.696966e-06
2014          	3.696967e-06
2015          	3.696966e-06
2016          	3.696966e-06
2017          	3.696967e-06
2018          	3.696968e-06
2019          	3.696967e-06
2020          	3.696967e-06
2021          	3.696967e-06
2022          	3.696967e-06
2023          	3.696966e-06
2024          	3.696967e-06
2025          	3.696966e-06
2026          	3.696967e-06
2027          	3.696966e-06
2028          	3.696967e-06
2029          	3.696967e-06
2030          	3.696967e-06
2031          	3.696967e-06
2032          	3.696967e-06
2033          	3.696966e-06
2034          	3.696967e-06
2035          	3.696966e-06
2036          	3.696967e-06
2037          	3.696966e-06
2038          	3.696967e-06
2039          	3.696966e-06
2040          	3.696967e-06
2041          	3.696967e-06
2042          	3.696967e-06
2043          	3.696967e-06
2044          	3.696967e-06
2045          	3.696966e-06
2046          	3.696967e-06
2047          	3.696966e-06
2048          	3.696967e-06
2049          	3.696966e-06
2050          	3.696967e-06
2051          	3.696966e-06
2052          	3.696967e-06
2053          	3.696967e-06
2054          	3.696968e-06
2055          	3.696967e-06
2056          	3.696967e-06
2057          	3.696966e-06
2058          	3.696967e-06
2059          	3.696966e-06
2060          	3.696967e-06
2061          	3.696966e-06
2062          	3.696966e-06
2063          	3.696967e-06
2064          	3.696968e-06
2065          	3.696967e-06
2066          	3.696967e-06
2067          	3.696966e-06
2068          	3.696967e-06
2069          	3.696966e-06
2070          	3.696967e-06
2071          	3.696966e-06
2072          	3.696967e-06
2073          	3.696966e-06
2074          	3.696966e-06
2075          	3.696967e-06
2076          	3.696968e-06
2077          	3.696967e-06
2078          	3.696967e-06
2079          	3.696967e-06
2080          	3.696967e-06
2081          	3.696966e-06
2082          	3.696967e-06
2083          	3.696966e-06
2084          	3.696967e-06
2085          	3.696966e-06
2086          	3.696966e-06
2087          	3.696967e-06
2088          	3.696968e-06
2089          	3.696967e-06
2090          	3.696967e-06
2091          	3.696967e-06
2092          	3.696967e-06
2093          	3.696966e-06
2094          	3.696967e-06
2095          	3.696966e-06
2096          	3.696967e-06
2097          	3.696966e-06
2098          	3.696967e-06
2099          	3.696967e-06
2100          	3.696967e-06
2101          	3.696967e-06
2102          	3.696967e-06
2103          	3.696966e-06
2104          	3.696967e-06
2105          	3.696966e-06
2106          	3.696967e-06
2107          	3.696966e-06
2108          	3.696967e-06
2109          	3.696966e-06
2110          	3.696967e-06
2111          	3.696967e-06
2112          	3.696967e-06
2113          	3.696967e-06
2114          	3.696967e-06
2115          	3.696966e-06
2116          	3.696967e-06
2117          	3.696966e-06
2118          	3.696967e-06
2119          	3.696966e-06
2120          	3.696967e-06
2121          	3.696966e-06
2122          	3.696967e-06
2123          	3.696967e-06
2124          	3.696968e-06
2125          	3.696967e-06
2126          	3.696967e-06
2127          	3.696966e-06
2128          	3.696967e-06
2129          	3.696966e-06
2130          	3.696967e-06
2131          	3.696966e-06
2132          	3.696966e-06
2133          	3.696967e-06
2134          	3.696968e-06
2135          	3.696967e-06
2136          	3.696967e-06
2137          	3.696966e-06
2138          	3.696967e-06
2139          	3.696966e-06
2140          	3.696967e-06
2141          	3.696966e-06
2142          	3.696967e-06
2143          	3.696966e-06
2144          	3.696966e-06
2145          	3.696967e-06
2146          	3.696968e-06
2147          	3.696967e-06
2148          	3.696967e-06
2149          	3.696967e-06
2150          	3.696967e-06
2151          	3.696966e-06
2152          	3.696967e-06
2153          	3.696966e-06
2154          	3.696967e-06
2155          	3.696966e-06
2156          	3.696966e-06
2157          	3.696967e-06
2158          	3.696968e-06
2159          	3.696967e-06
2160          	3.696967e-06
2161          	3.696967e-06
2162          	3.696967e-06
2163          	3.696966e-06
2164          	3.696967e-06
2165          	3.696966e-06
2166          	3.696967e-06
2167          	3.696966e-06
2168          	3.696967e-06
2169          	3.696967e-06
2170          	3.696967e-06
2171          	3.696967e-06
2172          	3.696967e-06
2173          	3.696966e-06
2174          	3.696967e-06
2175          	3.696966e-06
2176          	3.696967e-06
2177          	3.696966e-06
2178          	3.696967e-06
2179          	3.696966e-06
2180          	3.696967e-06
2181          	3.696967e-06
2182          	3.696967e-06
2183          	3.696967e-06
2184          	3.696967e-06
2185          	3.696966e-06
2186          	3.696967e-06
2187          	3.696966e-06
2188          	3.696967e-06
2189          	3.696966e-06
2190          	3.696967e-06
2191          	3.696966e-06
2192          	3.696967e-06
2193          	3.696967e-06
2194          	3.696968e-06
2195          	3.696967e-06
2196          	3.696967e-06
2197          	3.696966e-06
2198          	3.696967e-06
2199          	3.696966e-06
2200          	3.696967e-06
2201          	3.696966e-06
2202          	3.696966e-06
2203          	3.696967e-06
2204          	3.696968e-06
2205          	3.696967e-06
2206          	3.696967e-06
2207          	3.696966e-06
2208          	3.696967e-06
2209          	3.696966e-06
2210          	3.696967e-06
2211          	3.696966e-06
2212          	3.696967e-06
2213          	3.696966e-06
2214          	3.696966e-06
2215          	3.696967e-06
2216          	3.696968e-06
2217          	3.696967e-06
2218          	3.696967e-06
2219          	3.696967e-06
2220          	3.696967e-06
2221          	3.696966e-06
2222          	3.696967e-06
2223          	3.696966e-06
2224          	3.696967e-06
2225          	3.696966e-06
2226          	3.696966e-06
2227          	3.696967e-06
2228          	3.696968e-06
2229          	3.696967e-06
2230          	3.696967e-06
2231          	3.696967e-06
2232          	3.696967e-06
2233          	3.696966e-06
2234          	3.696967e-06
2235          	3.696966e-06
2236          	3.696967e-06
2237          	3.696966e-06
2238          	3.696967e-06
2239          	3.696967e-06
2240          	3.696967e-06
2241          	3.696967e-06
2242          	3.696967e-06
2243          	3.696966e-06
2244          	3.696967e-06
2245          	3.696966e-06
2246          	3.696967e-06
2247          	3.696966e-06
2248          	3.696967e-06
2249          	3.696966e-06
2250          	3.696967e-06
2251          	3.696967e-06
2252          	3.696967e-06
2253          	3.696967e-06
2254          	3.696967e-06
2255          	3.696966e-06
2256          	3.696967e-06
2257          	3.696966e-06
2258          	3.696967e-06
2259          	3.696966e-06
2260          	3.696967e-06
2261          	3.696966e-06
2262          	3.696967e-06
2263          	3.696967e-06
2264          	3.696968e-06
2265          	3.696967e-06
2266          	3.696967e-06
2267          	3.696966e-06
2268          	3.696967e-06
2269          	3.696966e-06
2270          	3.696967e-06
2271          	3.696966e-06
2272          	3.696966e-06
2273          	3.696967e-06
2274          	3.696968e-06
2275          	3.696967e-06
2276          	3.696967e-06
2277          	3.696966e-06
2278          	3.696967e-06
2279          	3.696966e-06
2280          	3.696967e-06
2281          	3.696966e-06
2282          	3.696967e-06
2283          	3.696966e-06
2284          	3.696966e-06
2285          	3.696967e-06
2286          	3.696968e-06
2287          	3.696967e-06
2288          	3.696967e-06
2289          	3.696967e-06
2290          	3.696967e-06
2291          	3.696966e-06
2292          	3.696967e-06
2293          	3.696966e-06
2294          	3.696967e-06
2295          	3.696966e-06
2296          	3.696966e-06
2297          	3.696967e-06
2298          	3.696968e-06
2299          	3.696967e-06
2300          	3.696967e-06
2301          	3.696967e-06
2302          	3.696967e-06
2303          	3.696966e-06
2304          	3.696967e-06
2305          	3.696966e-06
2306          	3.696967e-06
2307          	3.696966e-06
2308          	3.696967e-06
2309          	3.696967e-06
2310          	3.696967e-06
2311          	3.696967e-06
2312          	3.696967e-06
2313          	3.696966e-06
2314          	3.696967e-06
2315          	3.696966e-06
2316          	3.696967e-06
2317          	3.696966e-06
2318          	3.696967e-06
2319          	3.696966e-06
2320          	3.696967e-06
2321          	3.696967e-06
2322          	3.696967e-06
2323          	3.696967e-06
2324          	3.696967e-06
2325          	3.696966e-06
2326          	3.696967e-06
2327          	3.696966e-06
2328          	3.696967e-06
2329          	3.696966e-06
2330          	3.696967e-06
2331          	3.696966e-06
2332          	3.696967e-06
2333          	3.696967e-06
2334          	3.696968e-06
2335          	3.696967e-06
2336          	3.696967e-06
2337          	3.696966e-06
2338          	3.696967e-06
2339          	3.696966e-06
2340          	3.696967e-06
2341          	3.696966e-06
2342          	3.696966e-06
2343          	3.696967e-06
2344          	3.696968e-06
2345          	3.696967e-06
2346          	3.696967e-06
2347          	3.696966e-06
2348          	3.696967e-06
2349          	3.696966e-06
2350          	3.696967e-06
2351          	3.696966e-06
2352          	3.696967e-06
2353          	3.696966e-06
2354          	3.696966e-06
2355          	3.696967e-06
2356          	3.696968e-06
2357          	3.696967e-06
2358          	3.696967e-06
2359          	3.696967e-06
2360          	3.696967e-06
2361          	3.696966e-06
2362          	3.696967e-06
2363          	3.696966e-06
2364          	3.696967e-06
2365          	3.696966e-06
2366          	3.696966e-06
2367          	3.696967e-06
2368          	3.696968e-06
2369          	3.696967e-06
2370          	3.696967e-06
2371          	3.696967e-06
2372          	3.696967e-06
2373          	3.696966e-06
2374          	3.696967e-06
2375          	3.696966e-06
2376          	3.696967e-06
2377          	3.696966e-06
2378          	3.696967e-06
2379          	3.696967e-06
2380          	3.696967e-06
2381          	3.696967e-06
2382          	3.696967e-06
2383          	3.696966e-06
2384          	3.696967e-06
2385          	3.696966e-06
2386          	3.696967e-06
2387          	3.696966e-06
2388          	3.696967e-06
2389          	3.696966e-06
2390          	3.696967e-06
2391          	3.696967e-06
2392          	3.696967e-06
2393          	3.696967e-06
2394          	3.696967e-06
2395          	3.696966e-06
2396          	3.696967e-06
2397          	3.696966e-06
2398          	3.696967e-06
2399          	3.696966e-06
2400          	3.696967e-06
2401          	3.696966e-06
2402          	3.696967e-06
2403          	3.696967e-06
2404          	3.696968e-06
2405          	3.696967e-06
2406          	3.696967e-06
2407          	3.696966e-06
2408          	3.696967e-06
2409          	3.696966e-06
2410          	3.696967e-06
2411          	3.696966e-06
2412          	3.696966e-06
2413          	3.696967e-06
2414          	3.696968e-06
2415          	3.696967e-06
2416          	3.696967e-06
2417          	3.696966e-06
2418          	3.696967e-06
2419          	3.696966e-06
2420          	3.696967e-06
2421          	3.696966e-06
2422          	3.696967e-06
2423          	3.696966e-06
2424          	3.696966e-06
2425          	3.696967e-06
2426          	3.696968e-06
2427          	3.696967e-06
2428          	3.696967e-06
2429          	3.696967e-06
2430          	3.696967e-06
2431          	3.696966e-06
2432          	3.696967e-06
2433          	3.696966e-06
2434          	3.696967e-06
2435          	3.696966e-06
2436          	3.696966e-06
2437          	3.696967e-06
2438          	3.696968e-06
2439          	3.696967e-06
2440          	3.696967e-06
2441          	3.696967e-06
2442          	3.696967e-06
2443          	3.696966e-06
2444          	3.696967e-06
2445          	3.696966e-06
2446          	3.696967e-06
2447          	3.696966e-06
2448          	3.696967e-06
2449          	3.696967e-06
2450          	3.696967e-06
2451          	3.696967e-06
2452          	3.696967e-06
2453          	3.696966e-06
2454          	3.696967e-06
2455          	3.696966e-06
2456          	3.696967e-06
2457          	3.696966e-06
2458          	3.696967e-06
2459          	3.696966e-06
2460          	3.696967e-06
2461          	3.696967e-06
2462          	3.696967e-06
2463          	3.696967e-06
2464          	3.696967e-06
2465          	3.696966e-06
2466          	3.696967e-06
2467          	3.696966e-06
2468          	3.696967e-06
2469          	3.696966e-06
2470          	3.696967e-06
2471          	3.696966e-06
2472          	3.696967e-06
2473          	3.696967e-06
2474          	3.696968e-06
2475          	3.696967e-06
2476          	3.696967e-06
2477          	3.696966e-06
2478          	3.696967e-06
2479          	3.696966e-06
2480          	3.696967e-06
2481          	3.696966e-06
2482          	3.696966e-06
2483          	3.696967e-06
2484          	3.696968e-06
2485          	3.696967e-06
2486          	3.696967e-06
2487          	3.696967e-06
2488          	3.696967e-06
2489          	3.696966e-06
2490          	3.696967e-06
2491          	3.696966e-06
2492          	3.696967e-06
2493          	3.696966e-06
2494          	3.696966e-06
2495          	3.696967e-06
2496          	3.696968e-06
2497          	3.696967e-06
2498          	3.696967e-06
2499          	3.696967e-06
2500          	3.696967e-06
2501          	3.696966e-06
2502          	3.696967e-06
2503          	3.696966e-06
2504          	3.696967e-06
2505          	3.696966e-06
2506          	3.696966e-06
2507          	3.696967e-06
2508          	3.696968e-06
2509          	3.696967e-06
2510          	3.696967e-06
2511          	3.696967e-06
2512          	3.696967e-06
2513          	3.696966e-06
2514          	3.696967e-06
2515          	3.696966e-06
2516          	3.696967e-06
2517          	3.696966e-06
2518          	3.696967e-06
2519          	3.696967e-06
2520          	3.696967e-06
2521          	3.696967e-06
2522          	3.696967e-06
2523          	3.696966e-06
2524          	3.696967e-06
2525          	3.696966e-06
2526          	3.696967e-06
2527          	3.696966e-06
2528          	3.696967e-06
2529          	3.696966e-06
2530          	3.696967e-06
2531          	3.696967e-06
2532          	3.696967e-06
2533          	3.696967e-06
2534          	3.696967e-06
2535          	3.696966e-06
2536          	3.696967e-06
2537          	3.696966e-06
2538          	3.696967e-06
2539          	3.696966e-06
2540          	3.696967e-06
2541          	3.696966e-06
2542          	3.696967e-06
2543          	3.696967e-06
2544          	3.696968e-06
2545          	3.696967e-06
2546          	3.696967e-06
2547          	3.696966e-06
2548          	3.696967e-06
2549          	3.696966e-06
2550          	3.696967e-06
2551          	3.696966e-06
2552          	3.696966e-06
2553          	3.696967e-06
2554          	3.696968e-06
2555          	3.696967e-06
2556          	3.696967e-06
2557          	3.696966e-06
2558          	3.696967e-06
2559          	3.696966e-06
2560          	3.696967e-06
2561          	3.696966e-06
2562          	3.696967e-06
2563          	3.696966e-06
2564          	3.696966e-06
2565          	3.696967e-06
2566          	3.696968e-06
2567          	3.696967e-06
2568          	3.696967e-06
2569          	3.696967e-06
2570          	3.696967e-06
2571          	3.696966e-06
2572          	3.696967e-06
2573          	3.696966e-06
2574          	3.696967e-06
2575          	3.696966e-06
2576          	3.696966e-06
2577          	3.696967e-06
2578          	3.696968e-06
2579          	3.696967e-06
2580          	3.696967e-06
2581          	3.696967e-06
2582          	3.696967e-06
2583          	3.696966e-06
2584          	3.696967e-06
2585          	3.696966e-06
2586          	3.696967e-06
2587          	3.696966e-06
2588          	3.696967e-06
2589          	3.696967e-06
2590          	3.696967e-06
2591          	3.696967e-06
2592          	3.696967e-06
2593          	3.696966e-06
2594          	3.696967e-06
2595          	3.696966e-06
2596          	3.696967e-06
2597          	3.696966e-06
2598          	3.696967e-06
2599          	3.696966e-06
2600          	3.696967e-06
2601          	3.696967e-06
2602          	3.696968e-06
2603          	3.696967e-06
2604          	3.696967e-06
2605          	3.696966e-06
2606          	3.696967e-06
2607          	3.696966e-06
2608          	3.696967e-06
2609          	3.696966e-06
2610          	3.696967e-06
2611          	3.696966e-06
2612          	3.696967e-06
2613          	3.696967e-06
2614          	3.696968e-06
2615          	3.696967e-06
2616          	3.696967e-06
2617          	3.696966e-06
2618          	3.696967e-06
2619          	3.696966e-06
2620          	3.696967e-06
2621          	3.696966e-06
2622          	3.696966e-06
2623          	3.696967e-06
2624          	3.696968e-06
2625          	3.696967e-06
2626          	3.696967e-06
2627          	3.696966e-06
2628          	3.696967e-06
2629          	3.696966e-06
2630          	3.696967e-06
2631          	3.696966e-06
2632          	3.696967e-06
2633          	3.696966e-06
2634          	3.696966e-06
2635          	3.696967e-06
2636          	3.696968e-06
2637          	3.696967e-06
2638          	3.696967e-06
2639          	3.696967e-06
2640          	3.696967e-06
2641          	3.696966e-06
2642          	3.696967e-06
2643          	3.696966e-06
2644          	3.696967e-06
2645          	3.696966e-06
2646          	3.696966e-06
2647          	3.696967e-06
2648          	3.696968e-06
2649          	3.696967e-06
2650          	3.696967e-06
2651          	3.696967e-06
2652          	3.696967e-06
2653          	3.696966e-06
2654          	3.696967e-06
2655          	3.696966e-06
2656          	3.696967e-06
2657          	3.696966e-06
2658          	3.696967e-06
2659          	3.696967e-06
2660          	3.696967e-06
2661          	3.696967e-06
2662          	3.696967e-06
2663          	3.696966e-06
2664          	3.696967e-06
2665          	3.696966e-06
2666          	3.696967e-06
2667          	3.696966e-06
2668          	3.696967e-06
2669          	3.696966e-06
2670          	3.696967e-06
2671          	3.696967e-06
2672          	3.696967e-06
2673          	3.696967e-06
2674          	3.696967e-06
2675          	3.696966e-06
2676          	3.696967e-06
2677          	3.696966e-06
2678          	3.696967e-06
2679          	3.696966e-06
2680          	3.696967e-06
2681          	3.696966e-06
2682          	3.696967e-06
2683          	3.696967e-06
2684          	3.696968e-06
2685          	3.696967e-06
2686          	3.696967e-06
2687          	3.696966e-06
2688          	3.696967e-06
2689          	3.696966e-06
2690          	3.696967e-06
2691          	3.696966e-06
2692          	3.696966e-06
2693          	3.696967e-06
2694          	3.696968e-06
2695          	3.696967e-06
2696          	3.696967e-06
2697          	3.696966e-06
2698          	3.696967e-06
2699          	3.696966e-06
2700          	3.696967e-06
2701          	3.696966e-06
2702          	3.696967e-06
2703          	3.696966e-06
2704          	3.696966e-06
2705          	3.696967e-06
2706          	3.696968e-06
2707          	3.696967e-06
2708          	3.696967e-06
2709          	3.696967e-06
2710          	3.696967e-06
2711          	3.696966e-06
2712          	3.696967e-06
2713          	3.696966e-06
2714          	3.696967e-06
2715          	3.696966e-06
2716          	3.696966e-06
2717          	3.696967e-06
2718          	3.696968e-06
2719          	3.696967e-06
2720          	3.696967e-06
2721          	3.696967e-06
2722          	3.696967e-06
2723          	3.696966e-06
2724          	3.696967e-06
2725          	3.696966e-06
2726          	3.696967e-06
2727          	3.696966e-06
2728          	3.696967e-06
2729          	3.696967e-06
2730          	3.696967e-06
2731          	3.696967e-06
2732          	3.696967e-06
2733          	3.696966e-06
2734          	3.696967e-06
2735          	3.696966e-06
2736          	3.696967e-06
2737          	3.696966e-06
2738          	3.696967e-06
2739          	3.696966e-06
2740          	3.696967e-06
2741          	3.696967e-06
2742          	3.696967e-06
2743          	3.696967e-06
2744          	3.696967e-06
2745          	3.696966e-06
2746          	3.696967e-06
2747          	3.696966e-06
2748          	3.696967e-06
2749          	3.696966e-06
2750          	3.696967e-06
2751          	3.696966e-06
2752          	3.696967e-06
2753          	3.696967e-06
2754          	3.696968e-06
2755          	3.696967e-06
2756          	3.696967e-06
2757          	3.696966e-06
2758          	3.696967e-06
2759          	3.696966e-06
2760          	3.696967e-06
2761          	3.696966e-06
2762          	3.696966e-06
2763          	3.696967e-06
2764          	3.696968e-06
2765          	3.696967e-06
2766          	3.696967e-06
2767          	3.696966e-06
2768          	3.696967e-06
2769          	3.696966e-06
2770          	3.696967e-06
2771          	3.696966e-06
2772          	3.696967e-06
2773          	3.696966e-06
2774          	3.696966e-06
2775          	3.696967e-06
2776          	3.696968e-06
2777          	3.696967e-06
2778          	3.696967e-06
2779          	3.696967e-06
2780          	3.696967e-06
2781          	3.696966e-06
2782          	3.696967e-06
2783          	3.696966e-06
2784          	3.696967e-06
2785          	3.696966e-06
2786          	3.696966e-06
2787          	3.696967e-06
2788          	3.696968e-06
2789          	3.696967e-06
2790          	3.696967e-06
2791          	3.696967e-06
2792          	3.696967e-06
2793          	3.696966e-06
2794          	3.696967e-06
2795          	3.696966e-06
2796          	3.696967e-06
2797          	3.696966e-06
2798          	3.696967e-06
2799          	3.696967e-06
2800          	3.696967e-06
2801          	3.696967e-06
2802          	3.696967e-06
2803          	3.696966e-06
2804          	3.696967e-06
2805          	3.696966e-06
2806          	3.696967e-06
2807          	3.696966e-06
2808          	3.696967e-06
2809          	3.696966e-06
2810          	3.696967e-06
2811          	3.696967e-06
2812          	3.696967e-06
2813          	3.696967e-06
2814          	3.696967e-06
2815          	3.696966e-06
2816          	3.696967e-06
2817          	3.696966e-06
2818          	3.696967e-06
2819          	3.696966e-06
2820          	3.696967e-06
2821          	3.696966e-06
2822          	3.696967e-06
2823          	3.696967e-06
2824          	3.696968e-06
2825          	3.696967e-06
2826          	3.696967e-06
2827          	3.696966e-06
2828          	3.696967e-06
2829          	3.696966e-06
2830          	3.696967e-06
2831          	3.696966e-06
2832          	3.696966e-06
2833          	3.696967e-06
2834          	3.696968e-06
2835          	3.696967e-06
2836          	3.696967e-06
2837          	3.696966e-06
2838          	3.696967e-06
2839          	3.696966e-06
2840          	3.696967e-06
2841          	3.696966e-06
2842          	3.696967e-06
2843          	3.696966e-06
2844          	3.696966e-06
2845          	3.696967e-06
2846          	3.696968e-06
2847          	3.696967e-06
2848          	3.696967e-06
2849          	3.696967e-06
2850          	3.696967e-06
2851          	3.696966e-06
2852          	3.696967e-06
2853          	3.696966e-06
2854          	3.696967e-06
2855          	3.696966e-06
2856          	3.696966e-06
2857          	3.696967e-06
2858          	3.696968e-06
2859          	3.696967e-06
2860          	3.696967e-06
2861          	3.696967e-06
2862          	3.696967e-06
2863          	3.696966e-06
2864          	3.696967e-06
2865          	3.696966e-06
2866          	3.696967e-06
2867          	3.696966e-06
2868          	3.696967e-06
2869          	3.696967e-06
2870          	3.696967e-06
2871          	3.696967e-06
2872          	3.696967e-06
2873          	3.696966e-06
2874          	3.696967e-06
2875          	3.696966e-06
2876          	3.696967e-06
2877          	3.696966e-06
2878          	3.696967e-06
2879          	3.696966e-06
2880          	3.696967e-06
2881          	3.696967e-06
2882          	3.696968e-06
2883          	3.696967e-06
2884          	3.696967e-06
2885          	3.696966e-06
2886          	3.696967e-06
2887          	3.696966e-06
2888          	3.696967e-06
2889          	3.696966e-06
2890          	3.696967e-06
2891          	3.696966e-06
2892          	3.696967e-06
2893          	3.696967e-06
2894          	3.696968e-06
2895          	3.696967e-06
2896          	3.696967e-06
2897          	3.696966e-06
2898          	3.696967e-06
2899          	3.696966e-06
2900          	3.696967e-06
2901          	3.696966e-06
2902          	3.696966e-06
2903          	3.696967e-06
2904          	3.696968e-06
2905          	3.696967e-06
2906          	3.696967e-06
2907          	3.696966e-06
2908          	3.696967e-06
2909          	3.696966e-06
2910          	3.696967e-06
2911          	3.696966e-06
2912          	3.696967e-06
2913          	3.696966e-06
2914          	3.696966e-06
2915          	3.696967e-06
2916          	3.696968e-06
2917          	3.696967e-06
2918          	3.696967e-06
2919          	3.696967e-06
2920          	3.696967e-06
2921          	3.696966e-06
2922          	3.696967e-06
2923          	3.696966e-06
2924          	3.696967e-06
2925          	3.696966e-06
2926          	3.696966e-06
2927          	3.696967e-06
2928          	3.696968e-06
2929          	3.696967e-06
2930          	3.696967e-06
2931          	3.696967e-06
2932          	3.696967e-06
2933          	3.696966e-06
2934          	3.696967e-06
2935          	3.696966e-06
2936          	3.696967e-06
2937          	3.696966e-06
2938          	3.696967e-06
2939          	3.696967e-06
2940          	3.696967e-06
2941          	3.696967e-06
2942          	3.696967e-06
2943          	3.696966e-06
2944          	3.696967e-06
2945          	3.696966e-06
2946          	3.696967e-06
2947          	3.696966e-06
2948          	3.696967e-06
2949          	3.696966e-06
2950          	3.696967e-06
2951          	3.696967e-06
2952          	3.696967e-06
2953          	3.696967e-06
2954          	3.696967e-06
2955          	3.696966e-06
2956          	3.696967e-06
2957          	3.696966e-06
2958          	3.696967e-06
2959          	3.696966e-06
2960          	3.696967e-06
2961          	3.696966e-06
2962          	3.696967e-06
2963          	3.696967e-06
2964          	3.696968e-06
2965          	3.696967e-06
2966          	3.696967e-06
2967          	3.696966e-06
2968          	3.696967e-06
2969          	3.696966e-06
2970          	3.696967e-06
2971          	3.696966e-06
2972          	3.696966e-06
2973          	3.696967e-06
2974          	3.696968e-06
2975          	3.696967e-06
2976          	3.696967e-06
2977          	3.696966e-06
2978          	3.696967e-06
2979          	3.696966e-06
2980          	3.696967e-06
2981          	3.696966e-06
2982          	3.696967e-06
2983          	3.696966e-06
2984          	3.696966e-06
2985          	3.696967e-06
2986          	3.696968e-06
2987          	3.696967e-06
2988          	3.696967e-06
2989          	3.696967e-06
2990          	3.696967e-06
2991          	3.696966e-06
2992          	3.696967e-06
2993          	3.696966e-06
2994          	3.696967e-06
2995          	3.696966e-06
2996          	3.696966e-06
2997          	3.696967e-06
2998          	3.696968e-06
2999          	3.696967e-06
3000          	3.696967e-06
3001          	3.696967e-06
3002          	3.696967e-06
3003          	3.696966e-06
3004          	3.696967e-06
3005          	3.696966e-06
3006          	3.696967e-06
3007          	3.696966e-06
3008          	3.696967e-06
3009          	3.696967e-06
3010          	3.696967e-06
3011          	3.696967e-06
3012          	3.696967e-06
3013          	3.696966e-06
3014          	3.696967e-06
3015          	3.696966e-06
3016          	3.696967e-06
3017          	3.696966e-06
3018          	3.696967e-06
3019          	3.696966e-06
3020          	3.696967e-06
3021          	3.696967e-06
3022          	3.696967e-06
3023          	3.696967e-06
3024          	3.696967e-06
3025          	3.696966e-06
3026          	3.696967e-06
3027          	3.696966e-06
3028          	3.696967e-06
3029          	3.696966e-06
3030          	3.696967e-06
3031          	3.696966e-06
3032          	3.696967e-06
3033          	3.696967e-06
3034          	3.696968e-06
3035          	3.696967e-06
3036          	3.696967e-06
3037          	3.696966e-06
3038          	3.696967e-06
3039          	3.696966e-06
3040          	3.696967e-06
3041          	3.696966e-06
3042          	3.696966e-06
3043          	3.696967e-06
3044          	3.696968e-06
3045          	3.696967e-06
3046          	3.696967e-06
3047          	3.696966e-06
3048          	3.696967e-06
3049          	3.696966e-06
3050          	3.696967e-06
3051          	3.696966e-06
3052          	3.696967e-06
3053          	3.696966e-06
3054          	3.696966e-06
3055          	3.696967e-06
3056          	3.696968e-06
3057          	3.696967e-06
3058          	3.696967e-06
3059          	3.696967e-06
3060          	3.696967e-06
3061          	3.696966e-06
3062          	3.696967e-06
3063          	3.696966e-06
3064          	3.696967e-06
3065          	3.696966e-06
3066          	3.696966e-06
3067          	3.696967e-06
3068          	3.696968e-06
3069          	3.696967e-06
3070          	3.696967e-06
3071          	3.696967e-06
3072          	3.696967e-06
3073          	3.696966e-06
3074          	3.696967e-06
3075          	3.696966e-06
3076          	3.696967e-06
3077          	3.696966e-06
3078          	3.696967e-06
3079          	3.696967e-06
3080          	3.696967e-06
3081          	3.696967e-06
3082          	3.696967e-06
3083          	3.696966e-06
3084          	3.696967e-06
3085          	3.696966e-06
3086          	3.696967e-06
3087          	3.696966e-06
3088          	3.696967e-06
3089          	3.696966e-06
3090          	3.696967e-06
3091          	3.696967e-06
3092          	3.696967e-06
3093          	3.696967e-06
3094          	3.696967e-06
3095          	3.696966e-06
3096          	3.696967e-06
3097          	3.696966e-06
3098          	3.696967e-06
3099          	3.696966e-06
3100          	3.696967e-06
3101          	3.696966e-06
3102          	3.696967e-06
3103          	3.696967e-06
3104          	3.696968e-06
3105          	3.696967e-06
3106          	3.696967e-06
3107          	3.696966e-06
3108          	3.696967e-06
3109          	3.696966e-06
3110          	3.696967e-06
3111          	3.696966e-06
3112          	3.696966e-06
3113          	3.696967e-06
3114          	3.696968e-06
3115          	3.696967e-06
3116          	3.696967e-06
3117          	3.696966e-06
3118          	3.696967e-06
3119          	3.696966e-06
3120          	3.696967e-06
3121          	3.696966e-06
3122          	3.696967e-06
3123          	3.696966e-06
3124          	3.696966e-06
3125          	3.696967e-06
3126          	3.696968e-06
3127          	3.696967e-06
3128          	3.696967e-06
3129          	3.696967e-06
3130          	3.696967e-06
3131          	3.696966e-06
3132          	3.696967e-06
3133          	3.696966e-06
3134          	3.696967e-06
3135          	3.696966e-06
3136          	3.696966e-06
3137          	3.696967e-06
3138          	3.696968e-06
3139          	3.696967e-06
3140          	3.696967e-06
3141          	3.696967e-06
3142          	3.696967e-06
3143          	3.696966e-06
3144          	3.696967e-06
3145          	3.696966e-06
3146          	3.696967e-06
3147          	3.696966e-06
3148          	3.696967e-06
3149          	3.696967e-06
3150          	3.696967e-06
3151          	3.696967e-06
3152          	3.696967e-06
3153          	3.696966e-06
3154          	3.696967e-06
3155          	3.696966e-06
3156          	3.696967e-06
3157          	3.696966e-06
3158          	3.696967e-06
3159          	3.696966e-06
3160          	3.696967e-06
3161          	3.696967e-06
3162          	3.696968e-06
3163          	3.696967e-06
3164          	3.696967e-06
3165          	3.696966e-06
3166          	3.696967e-06
3167          	3.696966e-06
3168          	3.696967e-06
3169          	3.696966e-06
3170          	3.696967e-06
3171          	3.696966e-06
3172          	3.696967e-06
3173          	3.696967e-06
3174          	3.696968e-06
3175          	3.696967e-06
3176          	3.696967e-06
3177          	3.696966e-06
3178          	3.696967e-06
3179          	3.696966e-06
3180          	3.696967e-06
3181          	3.696966e-06
3182          	3.696966e-06
3183          	3.696967e-06
3184          	3.696968e-06
3185          	3.696967e-06
3186          	3.696967e-06
3187          	3.696966e-06
3188          	3.696967e-06
3189          	3.696966e-06
3190          	3.696967e-06
3191          	3.696966e-06
3192          	3.696967e-06
3193          	3.696966e-06
3194          	3.696966e-06
3195          	3.696967e-06
3196          	3.696968e-06
3197          	3.696967e-06
3198          	3.696967e-06
3199          	3.696967e-06
3200          	3.696967e-06
3201          	3.696966e-06
3202          	3.696967e-06
3203          	3.696966e-06
3204          	3.696967e-06
3205          	3.696966e-06
3206          	3.696966e-06
3207          	3.696967e-06
3208          	3.696968e-06
3209          	3.696967e-06
3210          	3.696967e-06
3211          	3.696967e-06
3212          	3.696967e-06
3213          	3.696966e-06
3214          	3.696967e-06
3215          	3.696966e-06
3216          	3.696967e-06
3217          	3.696966e-06
3218          	3.696967e-06
3219          	3.696967e-06
3220          	3.696967e-06
3221          	3.696967e-06
3222          	3.696967e-06
3223          	3.696966e-06
3224          	3.696967e-06
3225          	3.696966e-06
3226          	3.696967e-06
3227          	3.696966e-06
3228          	3.696967e-06
3229          	3.696966e-06
3230          	3.696967e-06
3231          	3.696967e-06
3232          	3.696968e-06
3233          	3.696967e-06
3234          	3.696967e-06
3235          	3.696966e-06
3236          	3.696967e-06
3237          	3.696966e-06
3238          	3.696967e-06
3239          	3.696966e-06
3240          	3.696967e-06
3241          	3.696966e-06
3242          	3.696967e-06
3243          	3.696967e-06
3244          	3.696968e-06
3245          	3.696967e-06
3246          	3.696967e-06
3247          	3.696966e-06
3248          	3.696967e-06
3249          	3.696966e-06
3250          	3.696967e-06
3251          	3.696966e-06
3252          	3.696966e-06
3253          	3.696967e-06
3254          	3.696968e-06
3255          	3.696967e-06
3256          	3.696967e-06
3257          	3.696966e-06
3258          	3.696967e-06
3259          	3.696966e-06
3260          	3.696967e-06
3261          	3.696966e-06
3262          	3.696967e-06
3263          	3.696966e-06
3264          	3.696966e-06
3265          	3.696967e-06
3266          	3.696968e-06
3267          	3.696967e-06
3268          	3.696967e-06
3269          	3.696967e-06
3270          	3.696967e-06
3271          	3.696966e-06
3272          	3.696967e-06
3273          	3.696966e-06
3274          	3.696967e-06
3275          	3.696966e-06
3276          	3.696966e-06
3277          	3.696967e-06
3278          	3.696968e-06
3279          	3.696967e-06
3280          	3.696967e-06
3281          	3.696967e-06
3282          	3.696967e-06
3283          	3.696966e-06
3284          	3.696967e-06
3285          	3.696966e-06
3286          	3.696967e-06
3287          	3.696966e-06
3288          	3.696967e-06
3289          	3.696967e-06
3290          	3.696967e-06
3291          	3.696967e-06
3292          	3.696967e-06
3293          	3.696966e-06
3294          	3.696967e-06
3295          	3.696966e-06
3296          	3.696967e-06
3297          	3.696966e-06
3298          	3.696967e-06
3299          	3.696966e-06
3300          	3.696967e-06
3301          	3.696967e-06
3302          	3.696967e-06
3303          	3.696967e-06
3304          	3.696967e-06
3305          	3.696966e-06
3306          	3.696967e-06
3307          	3.696966e-06
3308          	3.696967e-06
3309          	3.696966e-06
3310          	3.696967e-06
3311          	3.696966e-06
3312          	3.696967e-06
3313          	3.696967e-06
3314          	3.696968e-06
3315          	3.696967e-06
3316          	3.696967e-06
3317          	3.696966e-06
3318          	3.696967e-06
3319          	3.696966e-06
3320          	3.696967e-06
3321          	3.696966e-06
3322          	3.696966e-06
3323          	3.696967e-06
3324          	3.696968e-06
3325          	3.696967e-06
3326          	3.696967e-06
3327          	3.696966e-06
3328          	3.696967e-06
3329          	3.696966e-06
3330          	3.696967e-06
3331          	3.696966e-06
3332          	3.696967e-06
3333          	3.696966e-06
3334          	3.696966e-06
3335          	3.696967e-06
3336          	3.696968e-06
3337          	3.696967e-06
3338          	3.696967e-06
3339          	3.696967e-06
3340          	3.696967e-06
3341          	3.696966e-06
3342          	3.696967e-06
3343          	3.696966e-06
3344          	3.696967e-06
3345          	3.696966e-06
3346          	3.696966e-06
3347          	3.696967e-06
3348          	3.696968e-06
3349          	3.696967e-06
3350          	3.696967e-06
3351          	3.696967e-06
3352          	3.696967e-06
3353          	3.696966e-06
3354          	3.696967e-06
3355          	3.696966e-06
3356          	3.696967e-06
3357          	3.696966e-06
3358          	3.696967e-06
3359          	3.696967e-06
3360          	3.696967e-06
3361          	3.696967e-06
3362          	3.696967e-06
3363          	3.696966e-06
3364          	3.696967e-06
3365          	3.696966e-06
3366          	3.696967e-06
3367          	3.696966e-06
3368          	3.696967e-06
3369          	3.696966e-06
3370          	3.696967e-06
3371          	3.696967e-06
3372          	3.696967e-06
3373          	3.696967e-06
3374          	3.696967e-06
3375          	3.696966e-06
3376          	3.696967e-06
3377          	3.696966e-06
3378          	3.696967e-06
3379          	3.696966e-06
3380          	3.696967e-06
3381          	3.696966e-06
3382          	3.696967e-06
3383          	3.696967e-06
3384          	3.696968e-06
3385          	3.696967e-06
3386          	3.696967e-06
3387          	3.696966e-06
3388          	3.696967e-06
3389          	3.696966e-06
3390          	3.696967e-06
3391          	3.696966e-06
3392          	3.696966e-06
3393          	3.696967e-06
3394          	3.696968e-06
3395          	3.696967e-06
3396          	3.696967e-06
3397          	3.696966e-06
3398          	3.696967e-06
3399          	3.696966e-06
3400          	3.696967e-06
3401          	3.696966e-06
3402          	3.696967e-06
3403          	3.696966e-06
3404          	3.696966e-06
3405          	3.696967e-06
3406          	3.696968e-06
3407          	3.696967e-06
3408          	3.696967e-06
3409          	3.696967e-06
3410          	3.696967e-06
3411          	3.696966e-06
3412          	3.696967e-06
3413          	3.696966e-06
3414          	3.696967e-06
3415          	3.696966e-06
3416          	3.696966e-06
3417          	3.696967e-06
3418          	3.696968e-06
3419          	3.696967e-06
3420          	3.696967e-06
3421          	3.696967e-06
3422          	3.696967e-06
3423          	3.696966e-06
3424          	3.696967e-06
3425          	3.696966e-06
3426          	3.696967e-06
3427          	3.696966e-06
3428          	3.696967e-06
3429          	3.696967e-06
3430          	3.696967e-06
3431          	3.696967e-06
3432          	3.696967e-06
3433          	3.696966e-06
3434          	3.696967e-06
3435          	3.696966e-06
3436          	3.696967e-06
3437          	3.696966e-06
3438          	3.696967e-06
3439          	3.696966e-06
3440          	3.696967e-06
3441          	3.696967e-06
3442          	3.696968e-06
3443          	3.696967e-06
3444          	3.696967e-06
3445          	3.696966e-06
3446          	3.696967e-06
3447          	3.696966e-06
3448          	3.696967e-06
3449          	3.696966e-06
3450          	3.696967e-06
3451          	3.696966e-06
3452          	3.696967e-06
3453          	3.696967e-06
3454          	3.696968e-06
3455          	3.696967e-06
3456          	3.696967e-06
3457          	3.696966e-06
3458          	3.696967e-06
3459          	3.696966e-06
3460          	3.696967e-06
3461          	3.696966e-06
3462          	3.696966e-06
3463          	3.696967e-06
3464          	3.696968e-06
3465          	3.696967e-06
3466          	3.696967e-06
3467          	3.696966e-06
3468          	3.696967e-06
3469          	3.696966e-06
3470          	3.696967e-06
3471          	3.696966e-06
3472          	3.696967e-06
3473          	3.696966e-06
3474          	3.696966e-06
3475          	3.696967e-06
3476          	3.696968e-06
3477          	3.696967e-06
3478          	3.696967e-06
3479          	3.696967e-06
3480          	3.696967e-06
3481          	3.696966e-06
3482          	3.696967e-06
3483          	3.696966e-06
3484          	3.696967e-06
3485          	3.696966e-06
3486          	3.696966e-06
3487          	3.696967e-06
3488          	3.696968e-06
3489          	3.696967e-06
3490          	3.696967e-06
3491          	3.696967e-06
3492          	3.696967e-06
3493          	3.696966e-06
3494          	3.696967e-06
3495          	3.696966e-06
3496          	3.696967e-06
3497          	3.696966e-06
3498          	3.696967e-06
3499          	3.696967e-06
3500          	3.696967e-06
3501          	3.696967e-06
3502          	3.696967e-06
3503          	3.696966e-06
3504          	3.696967e-06
3505          	3.696966e-06
3506          	3.696967e-06
3507          	3.696966e-06
3508          	3.696967e-06
3509          	3.696966e-06
3510          	3.696967e-06
3511          	3.696967e-06
3512          	3.696967e-06
3513          	3.696967e-06
3514          	3.696967e-06
3515          	3.696966e-06
3516          	3.696967e-06
3517          	3.696966e-06
3518          	3.696967e-06
3519          	3.696966e-06
3520          	3.696967e-06
3521          	3.696966e-06
3522          	3.696967e-06
3523          	3.696967e-06
3524          	3.696968e-06
3525          	3.696967e-06
3526          	3.696967e-06
3527          	3.696966e-06
3528          	3.696967e-06
3529          	3.696966e-06
3530          	3.696967e-06
3531          	3.696966e-06
3532          	3.696966e-06
3533          	3.696967e-06
3534          	3.696968e-06
3535          	3.696967e-06
3536          	3.696967e-06
3537          	3.696966e-06
3538          	3.696967e-06
3539          	3.696966e-06
3540          	3.696967e-06
3541          	3.696966e-06
3542          	3.696967e-06
3543          	3.696966e-06
3544          	3.696966e-06
3545          	3.696967e-06
3546          	3.696968e-06
3547          	3.696967e-06
3548          	3.696967e-06
3549          	3.696967e-06
3550          	3.696967e-06
3551          	3.696966e-06
3552          	3.696967e-06
3553          	3.696966e-06
3554          	3.696967e-06
3555          	3.696966e-06
3556          	3.696966e-06
3557          	3.696967e-06
3558          	3.696968e-06
3559          	3.696967e-06
3560          	3.696967e-06
3561          	3.696967e-06
3562          	3.696967e-06
3563          	3.696966e-06
3564          	3.696967e-06
3565          	3.696966e-06
3566          	3.696967e-06
3567          	3.696966e-06
3568          	3.696967e-06
3569          	3.696967e-06
3570          	3.696967e-06
3571          	3.696967e-06
3572          	3.696967e-06
3573          	3.696966e-06
3574          	3.696967e-06
3575          	3.696966e-06
3576          	3.696967e-06
3577          	3.696966e-06
3578          	3.696967e-06
3579          	3.696966e-06
3580          	3.696967e-06
3581          	3.696967e-06
3582          	3.696967e-06
3583          	3.696967e-06
3584          	3.696967e-06
3585          	3.696966e-06
3586          	3.696967e-06
3587          	3.696966e-06
3588          	3.696967e-06
3589          	3.696966e-06
3590          	3.696967e-06
3591          	3.696966e-06
3592          	3.696967e-06
3593          	3.696967e-06
3594          	3.696968e-06
3595          	3.696967e-06
3596          	3.696967e-06
3597          	3.696966e-06
3598          	3.696967e-06
3599          	3.696966e-06
3600          	3.696967e-06
3601          	3.696966e-06
3602          	3.696966e-06
3603          	3.696967e-06
3604          	3.696968e-06
3605          	3.696967e-06
3606          	3.696967e-06
3607          	3.696966e-06
3608          	3.696967e-06
3609          	3.696966e-06
3610          	3.696967e-06
3611          	3.696966e-06
3612          	3.696967e-06
3613          	3.696966e-06
3614          	3.696966e-06
3615          	3.696967e-06
3616          	3.696968e-06
3617          	3.696967e-06
3618          	3.696967e-06
3619          	3.696967e-06
3620          	3.696967e-06
3621          	3.696966e-06
3622          	3.696967e-06
3623          	3.696966e-06
3624          	3.696967e-06
3625          	3.696966e-06
3626          	3.696966e-06
3627          	3.696967e-06
3628          	3.696968e-06
3629          	3.696967e-06
3630          	3.696967e-06
3631          	3.696967e-06
3632          	3.696967e-06
3633          	3.696966e-06
3634          	3.696967e-06
3635          	3.696966e-06
3636          	3.696967e-06
3637          	3.696966e-06
3638          	3.696967e-06
3639          	3.696967e-06
3640          	3.696967e-06
3641          	3.696967e-06
3642          	3.696967e-06
3643          	3.696966e-06
3644          	3.696967e-06
3645          	3.696966e-06
3646          	3.696967e-06
3647          	3.696966e-06
3648          	3.696967e-06
3649          	3.696966e-06
3650          	3.696967e-06
3651          	3.696967e-06
3652          	3.696967e-06
3653          	3.696967e-06
3654          	3.696967e-06
3655          	3.696966e-06
3656          	3.696967e-06
3657          	3.696966e-06
3658          	3.696967e-06
3659          	3.696966e-06
3660          	3.696967e-06
3661          	3.696966e-06
3662          	3.696967e-06
3663          	3.696967e-06
3664          	3.696968e-06
3665          	3.696967e-06
3666          	3.696967e-06
3667          	3.696966e-06
3668          	3.696967e-06
3669          	3.696966e-06
3670          	3.696967e-06
3671          	3.696966e-06
3672          	3.696966e-06
3673          	3.696967e-06
3674          	3.696968e-06
3675          	3.696967e-06
3676          	3.696967e-06
3677          	3.696966e-06
3678          	3.696967e-06
3679          	3.696966e-06
3680          	3.696967e-06
3681          	3.696966e-06
3682          	3.696967e-06
3683          	3.696966e-06
3684          	3.696966e-06
3685          	3.696967e-06
3686          	3.696968e-06
3687          	3.696967e-06
3688          	3.696967e-06
3689          	3.696967e-06
3690          	3.696967e-06
3691          	3.696966e-06
3692          	3.696967e-06
3693          	3.696966e-06
3694          	3.696967e-06
3695          	3.696966e-06
3696          	3.696966e-06
3697          	3.696967e-06
3698          	3.696968e-06
3699          	3.696967e-06
3700          	3.696967e-06
3701          	3.696967e-06
3702          	3.696967e-06
3703          	3.696966e-06
3704          	3.696967e-06
3705          	3.696966e-06
3706          	3.696967e-06
3707          	3.696966e-06
3708          	3.696967e-06
3709          	3.696967e-06
3710          	3.696967e-06
3711          	3.696967e-06
3712          	3.696967e-06
3713          	3.696966e-06
3714          	3.696967e-06
3715          	3.696966e-06
3716          	3.696967e-06
3717          	3.696966e-06
3718          	3.696967e-06
3719          	3.696966e-06
3720          	3.696967e-06
3721          	3.696967e-06
3722          	3.696967e-06
3723          	3.696967e-06
3724          	3.696967e-06
3725          	3.696966e-06
3726          	3.696967e-06
3727          	3.696966e-06
3728          	3.696967e-06
3729          	3.696966e-06
3730          	3.696967e-06
3731          	3.696966e-06
3732          	3.696967e-06
3733          	3.696967e-06
3734          	3.696968e-06
3735          	3.696967e-06
3736          	3.696967e-06
3737          	3.696966e-06
3738          	3.696967e-06
3739          	3.696966e-06
3740          	3.696967e-06
3741          	3.696966e-06
3742          	3.696966e-06
3743          	3.696967e-06
3744          	3.696968e-06
3745          	3.696967e-06
3746          	3.696967e-06
3747          	3.696966e-06
3748          	3.696967e-06
3749          	3.696966e-06
3750          	3.696967e-06
3751          	3.696966e-06
3752          	3.696967e-06
3753          	3.696966e-06
3754          	3.696966e-06
3755          	3.696967e-06
3756          	3.696968e-06
3757          	3.696967e-06
3758          	3.696967e-06
3759          	3.696967e-06
3760          	3.696967e-06
3761          	3.696966e-06
3762          	3.696967e-06
3763          	3.696966e-06
3764          	3.696967e-06
3765          	3.696966e-06
3766          	3.696966e-06
3767          	3.696967e-06
3768          	3.696968e-06
3769          	3.696967e-06
3770          	3.696967e-06
3771          	3.696967e-06
3772          	3.696967e-06
3773          	3.696966e-06
3774          	3.696967e-06
3775          	3.696966e-06
3776          	3.696967e-06
3777          	3.696966e-06
3778          	3.696967e-06
3779          	3.696967e-06
3780          	3.696967e-06
3781          	3.696967e-06
3782          	3.696967e-06
3783          	3.696966e-06
3784          	3.696967e-06
3785          	3.696966e-06
3786          	3.696967e-06
3787          	3.696966e-06
3788          	3.696967e-06
3789          	3.696966e-06
3790          	3.696967e-06
3791          	3.696967e-06
3792          	3.696968e-06
3793          	3.696967e-06
3794          	3.696967e-06
3795          	3.696966e-06
3796          	3.696967e-06
3797          	3.696966e-06
3798          	3.696967e-06
3799          	3.696966e-06
3800          	3.696967e-06
3801          	3.696966e-06
3802          	3.696967e-06
3803          	3.696967e-06
3804          	3.696968e-06
3805          	3.696967e-06
3806          	3.696967e-06
3807          	3.696966e-06
3808          	3.696967e-06
3809          	3.696966e-06
3810          	3.696967e-06
3811          	3.696966e-06
3812          	3.696966e-06
3813          	3.696967e-06
3814          	3.696968e-06
3815          	3.696967e-06
3816          	3.696967e-06
3817          	3.696966e-06
3818          	3.696967e-06
3819          	3.696966e-06
3820          	3.696967e-06
3821          	3.696966e-06
3822          	3.696967e-06
3823          	3.696966e-06
3824          	3.696966e-06
3825          	3.696967e-06
3826          	3.696968e-06
3827          	3.696967e-06
3828          	3.696967e-06
3829          	3.696967e-06
3830          	3.696967e-06
3831          	3.696966e-06
3832          	3.696967e-06
3833          	3.696966e-06
3834          	3.696967e-06
3835          	3.696966e-06
3836          	3.696966e-06
3837          	3.696967e-06
3838          	3.696968e-06
3839          	3.696967e-06
3840          	3.696967e-06
3841          	3.696967e-06
3842          	3.696967e-06
3843          	3.696966e-06
3844          	3.696967e-06
3845          	3.696966e-06
3846          	3.696967e-06
3847          	3.696966e-06
3848          	3.696967e-06
3849          	3.696967e-06
3850          	3.696967e-06
3851          	3.696967e-06
3852          	3.696967e-06
3853          	3.696966e-06
3854          	3.696967e-06
3855          	3.696966e-06
3856          	3.696967e-06
3857          	3.696966e-06
3858          	3.696967e-06
3859          	3.696966e-06
3860          	3.696967e-06
3861          	3.696967e-06
3862          	3.696967e-06
3863          	3.696967e-06
3864          	3.696967e-06
3865          	3.696966e-06
3866          	3.696967e-06
3867          	3.696966e-06
3868          	3.696967e-06
3869          	3.696966e-06
3870          	3.696967e-06
3871          	3.696966e-06
3872          	3.696967e-06
3873          	3.696967e-06
3874          	3.696968e-06
3875          	3.696967e-06
3876          	3.696967e-06
3877          	3.696966e-06
3878          	3.696967e-06
3879          	3.696966e-06
3880          	3.696967e-06
3881          	3.696966e-06
3882          	3.696966e-06
3883          	3.696967e-06
3884          	3.696968e-06
3885          	3.696967e-06
3886          	3.696967e-06
3887          	3.696966e-06
3888          	3.696967e-06
3889          	3.696966e-06
3890          	3.696967e-06
3891          	3.696966e-06
3892          	3.696967e-06
3893          	3.696966e-06
3894          	3.696966e-06
3895          	3.696967e-06
3896          	3.696968e-06
3897          	3.696967e-06
3898          	3.696967e-06
3899          	3.696967e-06
3900          	3.696967e-06
3901          	3.696966e-06
3902          	3.696967e-06
3903          	3.696966e-06
3904          	3.696967e-06
3905          	3.696966e-06
3906          	3.696966e-06
3907          	3.696967e-06
3908          	3.696968e-06
3909          	3.696967e-06
3910          	3.696967e-06
3911          	3.696967e-06
3912          	3.696967e-06
3913          	3.696966e-06
3914          	3.696967e-06
3915          	3.696966e-06
3916          	3.696967e-06
3917          	3.696966e-06
3918          	3.696967e-06
3919          	3.696967e-06
3920          	3.696967e-06
3921          	3.696967e-06
3922          	3.696967e-06
3923          	3.696966e-06
3924          	3.696967e-06
3925          	3.696966e-06
3926          	3.696967e-06
3927          	3.696966e-06
3928          	3.696967e-06
3929          	3.696966e-06
3930          	3.696967e-06
3931          	3.696967e-06
3932          	3.696967e-06
3933          	3.696967e-06
3934          	3.696967e-06
3935          	3.696966e-06
3936          	3.696967e-06
3937          	3.696966e-06
3938          	3.696967e-06
3939          	3.696966e-06
3940          	3.696967e-06
3941          	3.696966e-06
3942          	3.696967e-06
3943          	3.696967e-06
3944          	3.696968e-06
3945          	3.696967e-06
3946          	3.696967e-06
3947          	3.696966e-06
3948          	3.696967e-06
3949          	3.696966e-06
3950          	3.696967e-06
3951          	3.696966e-06
3952          	3.696966e-06
3953          	3.696967e-06
3954          	3.696968e-06
3955          	3.696967e-06
3956          	3.696967e-06
3957          	3.696966e-06
3958          	3.696967e-06
3959          	3.696966e-06
3960          	3.696967e-06
3961          	3.696966e-06
3962          	3.696967e-06
3963          	3.696966e-06
3964          	3.696966e-06
3965          	3.696967e-06
3966          	3.696968e-06
3967          	3.696967e-06
3968          	3.696967e-06
3969          	3.696967e-06
3970          	3.696967e-06
3971          	3.696966e-06
3972          	3.696967e-06
3973          	3.696966e-06
3974          	3.696967e-06
3975          	3.696966e-06
3976          	3.696966e-06
3977          	3.696967e-06
3978          	3.696968e-06
3979          	3.696967e-06
3980          	3.696967e-06
3981          	3.696967e-06
3982          	3.696967e-06
3983          	3.696966e-06
3984          	3.696967e-06
3985          	3.696966e-06
3986          	3.696967e-06
3987          	3.696966e-06
3988          	3.696967e-06
3989          	3.696967e-06
3990          	3.696967e-06
3991          	3.696967e-06
3992          	3.696967e-06
3993          	3.696966e-06
3994          	3.696967e-06
3995          	3.696966e-06
3996          	3.696967e-06
3997          	3.696966e-06
3998          	3.696967e-06
3999          	3.696966e-06
4000          	3.696967e-06
4001          	3.696967e-06
4002          	3.696967e-06
4003          	3.696967e-06
4004          	3.696967e-06
4005          	3.696966e-06
4006          	3.696967e-06
4007          	3.696966e-06
4008          	3.696967e-06
4009          	3.696966e-06
4010          	3.696967e-06
4011          	3.696966e-06
4012          	3.696967e-06
4013          	3.696967e-06
4014          	3.696968e-06
4015          	3.696967e-06
4016          	3.696967e-06
4017          	3.696966e-06
4018          	3.696967e-06
4019          	3.696966e-06
4020          	3.696967e-06
4021          	3.696966e-06
4022          	3.696966e-06
4023          	3.696967e-06
4024          	3.696968e-06
4025          	3.696967e-06
4026          	3.696967e-06
4027          	3.696966e-06
4028          	3.696967e-06
4029          	3.696966e-06
4030          	3.696967e-06
4031          	3.696966e-06
4032          	3.696967e-06
4033          	3.696966e-06
4034          	3.696966e-06
4035          	3.696967e-06
4036          	3.696968e-06
4037          	3.696967e-06
4038          	3.696967e-06
4039          	3.696967e-06
4040          	3.696967e-06
4041          	3.696966e-06
4042          	3.696967e-06
4043          	3.696966e-06
4044          	3.696967e-06
4045          	3.696966e-06
4046          	3.696966e-06
4047          	3.696967e-06
4048          	3.696968e-06
4049          	3.696967e-06
4050          	3.696967e-06
4051          	3.696967e-06
4052          	3.696967e-06
4053          	3.696966e-06
4054          	3.696967e-06
4055          	3.696966e-06
4056          	3.696967e-06
4057          	3.696966e-06
4058          	3.696967e-06
4059          	3.696967e-06
4060          	3.696967e-06
4061          	3.696967e-06
4062          	3.696967e-06
4063          	3.696966e-06
4064          	3.696967e-06
4065          	3.696966e-06
4066          	3.696967e-06
4067          	3.696966e-06
4068          	3.696967e-06
4069          	3.696966e-06
4070          	3.696967e-06
4071          	3.696967e-06
4072          	3.696967e-06
4073          	3.696967e-06
4074          	3.696967e-06
4075          	3.696966e-06
4076          	3.696967e-06
4077          	3.696966e-06
4078          	3.696967e-06
4079          	3.696966e-06
4080          	3.696967e-06
4081          	3.696966e-06
4082          	3.696967e-06
4083          	3.696967e-06
4084          	3.696968e-06
4085          	3.696967e-06
4086          	3.696967e-06
4087          	3.696966e-06
4088          	3.696967e-06
4089          	3.696966e-06
4090          	3.696967e-06
4091          	3.696966e-06
4092          	3.696966e-06
4093          	3.696967e-06
4094          	3.696968e-06
4095          	3.696967e-06
4096          	3.696967e-06
4097          	3.696966e-06
4098          	3.696967e-06
4099          	3.696966e-06
4100          	3.696967e-06
4101          	3.696966e-06
4102          	3.696967e-06
4103          	3.696966e-06
4104          	3.696966e-06
4105          	3.696967e-06
4106          	3.696968e-06
4107          	3.696967e-06
4108          	3.696967e-06
4109          	3.696967e-06
4110          	3.696967e-06
4111          	3.696966e-06
4112          	3.696967e-06
4113          	3.696966e-06
4114          	3.696967e-06
4115          	3.696966e-06
4116          	3.696966e-06
4117          	3.696967e-06
4118          	3.696968e-06
4119          	3.696967e-06
4120          	3.696967e-06
4121          	3.696967e-06
4122          	3.696967e-06
4123          	3.696966e-06
4124          	3.696967e-06
4125          	3.696966e-06
4126          	3.696967e-06
4127          	3.696966e-06
4128          	3.696967e-06
4129          	3.696967e-06
4130          	3.696967e-06
4131          	3.696967e-06
4132          	3.696967e-06
4133          	3.696966e-06
4134          	3.696967e-06
4135          	3.696966e-06
4136          	3.696967e-06
4137          	3.696966e-06
4138          	3.696967e-06
4139          	3.696966e-06
4140          	3.696967e-06
4141          	3.696967e-06
4142          	3.696967e-06
4143          	3.696967e-06
4144          	3.696967e-06
4145          	3.696966e-06
4146          	3.696967e-06
4147          	3.696966e-06
4148          	3.696967e-06
4149          	3.696966e-06
4150          	3.696967e-06
4151          	3.696966e-06
4152          	3.696967e-06
4153          	3.696967e-06
4154          	3.696968e-06
4155          	3.696967e-06
4156          	3.696967e-06
4157          	3.696966e-06
4158          	3.696967e-06
4159          	3.696966e-06
4160          	3.696967e-06
4161          	3.696966e-06
4162          	3.696966e-06
4163          	3.696967e-06
4164          	3.696968e-06
4165          	3.696967e-06
4166          	3.696967e-06
4167          	3.696966e-06
4168          	3.696967e-06
4169          	3.696966e-06
4170          	3.696967e-06
4171          	3.696966e-06
4172          	3.696967e-06
4173          	3.696966e-06
4174          	3.696966e-06
4175          	3.696967e-06
4176          	3.696968e-06
4177          	3.696967e-06
4178          	3.696967e-06
4179          	3.696967e-06
4180          	3.696967e-06
4181          	3.696966e-06
4182          	3.696967e-06
4183          	3.696966e-06
4184          	3.696967e-06
4185          	3.696966e-06
4186          	3.696966e-06
4187          	3.696967e-06
4188          	3.696968e-06
4189          	3.696967e-06
4190          	3.696967e-06
4191          	3.696967e-06
4192          	3.696967e-06
4193          	3.696966e-06
4194          	3.696967e-06
4195          	3.696966e-06
4196          	3.696967e-06
4197          	3.696966e-06
4198          	3.696967e-06
4199          	3.696967e-06
4200          	3.696967e-06
4201          	3.696967e-06
4202          	3.696967e-06
4203          	3.696966e-06
4204          	3.696967e-06
4205          	3.696966e-06
4206          	3.696967e-06
4207          	3.696966e-06
4208          	3.696967e-06
4209          	3.696966e-06
4210          	3.696967e-06
4211          	3.696967e-06
4212          	3.696967e-06
4213          	3.696967e-06
4214          	3.696967e-06
4215          	3.696966e-06
4216          	3.696967e-06
4217          	3.696966e-06
4218          	3.696967e-06
4219          	3.696966e-06
4220          	3.696967e-06
4221          	3.696966e-06
4222          	3.696967e-06
4223          	3.696967e-06
4224          	3.696968e-06
4225          	3.696967e-06
4226          	3.696967e-06
4227          	3.696966e-06
4228          	3.696967e-06
4229          	3.696966e-06
4230          	3.696967e-06
4231          	3.696966e-06
4232          	3.696966e-06
4233          	3.696967e-06
4234          	3.696968e-06
4235          	3.696967e-06
4236          	3.696967e-06
4237          	3.696966e-06
4238          	3.696967e-06
4239          	3.696966e-06
4240          	3.696967e-06
4241          	3.696966e-06
4242          	3.696967e-06
4243          	3.696966e-06
4244          	3.696966e-06
4245          	3.696967e-06
4246          	3.696968e-06
4247          	3.696967e-06
4248          	3.696967e-06
4249          	3.696967e-06
4250          	3.696967e-06
4251          	3.696966e-06
4252          	3.696967e-06
4253          	3.696966e-06
4254          	3.696967e-06
4255          	3.696966e-06
4256          	3.696966e-06
4257          	3.696967e-06
4258          	3.696968e-06
4259          	3.696967e-06
4260          	3.696967e-06
4261          	3.696967e-06
4262          	3.696967e-06
4263          	3.696966e-06
4264          	3.696967e-06
4265          	3.696966e-06
4266          	3.696967e-06
4267          	3.696966e-06
4268          	3.696967e-06
4269          	3.696967e-06
4270          	3.696967e-06
4271          	3.696967e-06
4272          	3.696967e-06
4273          	3.696966e-06
4274          	3.696967e-06
4275          	3.696966e-06
4276          	3.696967e-06
4277          	3.696966e-06
4278          	3.696967e-06
4279          	3.696966e-06
4280          	3.696967e-06
4281          	3.696967e-06
4282          	3.696967e-06
4283          	3.696967e-06
4284          	3.696967e-06
4285          	3.696966e-06
4286          	3.696967e-06
4287          	3.696966e-06
4288          	3.696967e-06
4289          	3.696966e-06
4290          	3.696967e-06
4291          	3.696966e-06
4292          	3.696967e-06
4293          	3.696967e-06
4294          	3.696968e-06
4295          	3.696967e-06
4296          	3.696967e-06
4297          	3.696966e-06
4298          	3.696967e-06
4299          	3.696966e-06
4300          	3.696967e-06
4301          	3.696966e-06
4302          	3.696966e-06
4303          	3.696967e-06
4304          	3.696968e-06
4305          	3.696967e-06
4306          	3.696967e-06
4307          	3.696966e-06
4308          	3.696967e-06
4309          	3.696966e-06
4310          	3.696967e-06
4311          	3.696966e-06
4312          	3.696967e-06
4313          	3.696966e-06
4314          	3.696966e-06
4315          	3.696967e-06
4316          	3.696968e-06
4317          	3.696967e-06
4318          	3.696967e-06
4319          	3.696967e-06
4320          	3.696967e-06
4321          	3.696966e-06
4322          	3.696967e-06
4323          	3.696966e-06
4324          	3.696967e-06
4325          	3.696966e-06
4326          	3.696966e-06
4327          	3.696967e-06
4328          	3.696968e-06
4329          	3.696967e-06
4330          	3.696967e-06
4331          	3.696967e-06
4332          	3.696967e-06
4333          	3.696966e-06
4334          	3.696967e-06
4335          	3.696966e-06
4336          	3.696967e-06
4337          	3.696966e-06
4338          	3.696967e-06
4339          	3.696967e-06
4340          	3.696967e-06
4341          	3.696967e-06
4342          	3.696967e-06
4343          	3.696966e-06
4344          	3.696967e-06
4345          	3.696966e-06
4346          	3.696967e-06
4347          	3.696966e-06
4348          	3.696967e-06
4349          	3.696966e-06
4350          	3.696967e-06
4351          	3.696967e-06
4352          	3.696967e-06
4353          	3.696967e-06
4354          	3.696967e-06
4355          	3.696966e-06
4356          	3.696967e-06
4357          	3.696966e-06
4358          	3.696967e-06
4359          	3.696966e-06
4360          	3.696967e-06
4361          	3.696966e-06
4362          	3.696967e-06
4363          	3.696967e-06
4364          	3.696968e-06
4365          	3.696967e-06
4366          	3.696967e-06
4367          	3.696966e-06
4368          	3.696967e-06
4369          	3.696966e-06
4370          	3.696967e-06
4371          	3.696966e-06
4372          	3.696966e-06
4373          	3.696967e-06
4374          	3.696968e-06
4375          	3.696967e-06
4376          	3.696967e-06
4377          	3.696966e-06
4378          	3.696967e-06
4379          	3.696966e-06
4380          	3.696967e-06
4381          	3.696966e-06
4382          	3.696967e-06
4383          	3.696966e-06
4384          	3.696966e-06
4385          	3.696967e-06
4386          	3.696968e-06
4387          	3.696967e-06
4388          	3.696967e-06
4389          	3.696967e-06
4390          	3.696967e-06
4391          	3.696966e-06
4392          	3.696967e-06
4393          	3.696966e-06
4394          	3.696967e-06
4395          	3.696966e-06
4396          	3.696966e-06
4397          	3.696967e-06
4398          	3.696968e-06
4399          	3.696967e-06
4400          	3.696967e-06
4401          	3.696967e-06
4402          	3.696967e-06
4403          	3.696966e-06
4404          	3.696967e-06
4405          	3.696966e-06
4406          	3.696967e-06
4407          	3.696966e-06
4408          	3.696967e-06
4409          	3.696967e-06
4410          	3.696967e-06
4411          	3.696967e-06
4412          	3.696967e-06
4413          	3.696966e-06
4414          	3.696967e-06
4415          	3.696966e-06
4416          	3.696967e-06
4417          	3.696966e-06
4418          	3.696967e-06
4419          	3.696966e-06
4420          	3.696967e-06
4421          	3.696967e-06
4422          	3.696967e-06
4423          	3.696967e-06
4424          	3.696967e-06
4425          	3.696966e-06
4426          	3.696967e-06
4427          	3.696966e-06
4428          	3.696967e-06
4429          	3.696966e-06
4430          	3.696967e-06
4431          	3.696966e-06
4432          	3.696967e-06
4433          	3.696967e-06
4434          	3.696968e-06
4435          	3.696967e-06
4436          	3.696967e-06
4437          	3.696966e-06
4438          	3.696967e-06
4439          	3.696966e-06
4440          	3.696967e-06
4441          	3.696966e-06
4442          	3.696966e-06
4443          	3.696967e-06
4444          	3.696968e-06
4445          	3.696967e-06
4446          	3.696967e-06
4447          	3.696966e-06
4448          	3.696967e-06
4449          	3.696966e-06
4450          	3.696967e-06
4451          	3.696966e-06
4452          	3.696967e-06
4453          	3.696966e-06
4454          	3.696966e-06
4455          	3.696967e-06
4456          	3.696968e-06
4457          	3.696967e-06
4458          	3.696967e-06
4459          	3.696967e-06
4460          	3.696967e-06
4461          	3.696966e-06
4462          	3.696967e-06
4463          	3.696966e-06
4464          	3.696967e-06
4465          	3.696966e-06
4466          	3.696966e-06
4467          	3.696967e-06
4468          	3.696968e-06
4469          	3.696967e-06
4470          	3.696967e-06
4471          	3.696967e-06
4472          	3.696967e-06
4473          	3.696966e-06
4474          	3.696967e-06
4475          	3.696966e-06
4476          	3.696967e-06
4477          	3.696966e-06
4478          	3.696967e-06
4479          	3.696967e-06
4480          	3.696967e-06
4481          	3.696967e-06
4482          	3.696967e-06
4483          	3.696966e-06
4484          	3.696967e-06
4485          	3.696966e-06
4486          	3.696967e-06
4487          	3.696966e-06
4488          	3.696967e-06
4489          	3.696966e-06
4490          	3.696967e-06
4491          	3.696967e-06
4492          	3.696967e-06
4493          	3.696967e-06
4494          	3.696967e-06
4495          	3.696966e-06
4496          	3.696967e-06
4497          	3.696966e-06
4498          	3.696967e-06
4499          	3.696966e-06
4500          	3.696967e-06
4501          	3.696966e-06
4502          	3.696967e-06
4503          	3.696967e-06
4504          	3.696968e-06
4505          	3.696967e-06
4506          	3.696967e-06
4507          	3.696966e-06
4508          	3.696967e-06
4509          	3.696966e-06
4510          	3.696967e-06
4511          	3.696966e-06
4512          	3.696966e-06
4513          	3.696967e-06
4514          	3.696968e-06
4515          	3.696967e-06
4516          	3.696967e-06
4517          	3.696966e-06
4518          	3.696967e-06
4519          	3.696966e-06
4520          	3.696967e-06
4521          	3.696966e-06
4522          	3.696967e-06
4523          	3.696966e-06
4524          	3.696966e-06
4525          	3.696967e-06
4526          	3.696968e-06
4527          	3.696967e-06
4528          	3.696967e-06
4529          	3.696967e-06
4530          	3.696967e-06
4531          	3.696966e-06
4532          	3.696967e-06
4533          	3.696966e-06
4534          	3.696967e-06
4535          	3.696966e-06
4536          	3.696966e-06
4537          	3.696967e-06
4538          	3.696968e-06
4539          	3.696967e-06
4540          	3.696967e-06
4541          	3.696967e-06
4542          	3.696967e-06
4543          	3.696966e-06
4544          	3.696967e-06
4545          	3.696966e-06
4546          	3.696967e-06
4547          	3.696966e-06
4548          	3.696967e-06
4549          	3.696967e-06
4550          	3.696967e-06
4551          	3.696967e-06
4552          	3.696967e-06
4553          	3.696966e-06
4554          	3.696967e-06
4555          	3.696966e-06
4556          	3.696967e-06
4557          	3.696966e-06
4558          	3.696967e-06
4559          	3.696966e-06
4560          	3.696967e-06
4561          	3.696967e-06
4562          	3.696967e-06
4563          	3.696967e-06
4564          	3.696967e-06
4565          	3.696966e-06
4566          	3.696967e-06
4567          	3.696966e-06
4568          	3.696967e-06
4569          	3.696966e-06
4570          	3.696967e-06
4571          	3.696966e-06
4572          	3.696967e-06
4573          	3.696967e-06
4574          	3.696968e-06
4575          	3.696967e-06
4576          	3.696967e-06
4577          	3.696966e-06
4578          	3.696967e-06
4579          	3.696966e-06
4580          	3.696967e-06
4581          	3.696966e-06
4582          	3.696966e-06
4583          	3.696967e-06
4584          	3.696968e-06
4585          	3.696967e-06
4586          	3.696967e-06
4587          	3.696966e-06
4588          	3.696967e-06
4589          	3.696966e-06
4590          	3.696967e-06
4591          	3.696966e-06
4592          	3.696967e-06
4593          	3.696966e-06
4594          	3.696966e-06
4595          	3.696967e-06
4596          	3.696968e-06
4597          	3.696967e-06
4598          	3.696967e-06
4599          	3.696967e-06
4600          	3.696967e-06
4601          	3.696966e-06
4602          	3.696967e-06
4603          	3.696966e-06
4604          	3.696967e-06
4605          	3.696966e-06
4606          	3.696966e-06
4607          	3.696967e-06
4608          	3.696968e-06
4609          	3.696967e-06
4610          	3.696967e-06
4611          	3.696967e-06
4612          	3.696967e-06
4613          	3.696966e-06
4614          	3.696967e-06
4615          	3.696966e-06
4616          	3.696967e-06
4617          	3.696966e-06
4618          	3.696967e-06
4619          	3.696967e-06
4620          	3.696967e-06
4621          	3.696967e-06
4622          	3.696967e-06
4623          	3.696966e-06
4624          	3.696967e-06
4625          	3.696966e-06
4626          	3.696967e-06
4627          	3.696966e-06
4628          	3.696967e-06
4629          	3.696966e-06
4630          	3.696967e-06
4631          	3.696967e-06
4632          	3.696967e-06
4633          	3.696967e-06
4634          	3.696967e-06
4635          	3.696966e-06
4636          	3.696967e-06
4637          	3.696966e-06
4638          	3.696967e-06
4639          	3.696966e-06
4640          	3.696967e-06
4641          	3.696966e-06
4642          	3.696967e-06
4643          	3.696967e-06
4644          	3.696968e-06
4645          	3.696967e-06
4646          	3.696967e-06
4647          	3.696966e-06
4648          	3.696967e-06
4649          	3.696966e-06
4650          	3.696967e-06
4651          	3.696966e-06
4652          	3.696966e-06
4653          	3.696967e-06
4654          	3.696968e-06
4655          	3.696967e-06
4656          	3.696967e-06
4657          	3.696966e-06
4658          	3.696967e-06
4659          	3.696966e-06
4660          	3.696967e-06
4661          	3.696966e-06
4662          	3.696967e-06
4663          	3.696966e-06
4664          	3.696966e-06
4665          	3.696967e-06
4666          	3.696968e-06
4667          	3.696967e-06
4668          	3.696967e-06
4669          	3.696967e-06
4670          	3.696967e-06
4671          	3.696966e-06
4672          	3.696967e-06
4673          	3.696966e-06
4674          	3.696967e-06
4675          	3.696966e-06
4676          	3.696966e-06
4677          	3.696967e-06
4678          	3.696968e-06
4679          	3.696967e-06
4680          	3.696967e-06
4681          	3.696967e-06
4682          	3.696967e-06
4683          	3.696966e-06
4684          	3.696967e-06
4685          	3.696966e-06
4686          	3.696967e-06
4687          	3.696966e-06
4688          	3.696967e-06
4689          	3.696967e-06
4690          	3.696967e-06
4691          	3.696967e-06
4692          	3.696967e-06
4693          	3.696966e-06
4694          	3.696967e-06
4695          	3.696966e-06
4696          	3.696967e-06
4697          	3.696966e-06
4698          	3.696967e-06
4699          	3.696966e-06
4700          	3.696967e-06
4701          	3.696967e-06
4702          	3.696967e-06
4703          	3.696967e-06
4704          	3.696967e-06
4705          	3.696966e-06
4706          	3.696967e-06
4707          	3.696966e-06
4708          	3.696967e-06
4709          	3.696966e-06
4710          	3.696967e-06
4711          	3.696966e-06
4712          	3.696967e-06
4713          	3.696967e-06
4714          	3.696968e-06
4715          	3.696967e-06
4716          	3.696967e-06
4717          	3.696966e-06
4718          	3.696967e-06
4719          	3.696966e-06
4720          	3.696967e-06
4721          	3.696966e-06
4722          	3.696966e-06
4723          	3.696967e-06
4724          	3.696968e-06
4725          	3.696967e-06
4726          	3.696967e-06
4727          	3.696966e-06
4728          	3.696967e-06
4729          	3.696966e-06
4730          	3.696967e-06
4731          	3.696966e-06
4732          	3.696967e-06
4733          	3.696966e-06
4734          	3.696966e-06
4735          	3.696967e-06
4736          	3.696968e-06
4737          	3.696967e-06
4738          	3.696967e-06
4739          	3.696967e-06
4740          	3.696967e-06
4741          	3.696966e-06
4742          	3.696967e-06
4743          	3.696966e-06
4744          	3.696967e-06
4745          	3.696966e-06
4746          	3.696966e-06
4747          	3.696967e-06
4748          	3.696968e-06
4749          	3.696967e-06
4750          	3.696967e-06
4751          	3.696967e-06
4752          	3.696967e-06
4753          	3.696966e-06
4754          	3.696967e-06
4755          	3.696966e-06
4756          	3.696967e-06
4757          	3.696966e-06
4758          	3.696967e-06
4759          	3.696967e-06
4760          	3.696967e-06
4761          	3.696967e-06
4762          	3.696967e-06
4763          	3.696966e-06
4764          	3.696967e-06
4765          	3.696966e-06
4766          	3.696967e-06
4767          	3.696966e-06
4768          	3.696967e-06
4769          	3.696966e-06
4770          	3.696967e-06
4771          	3.696967e-06
4772          	3.696967e-06
4773          	3.696967e-06
4774          	3.696967e-06
4775          	3.696966e-06
4776          	3.696967e-06
4777          	3.696966e-06
4778          	3.696967e-06
4779          	3.696966e-06
4780          	3.696967e-06
4781          	3.696966e-06
4782          	3.696967e-06
4783          	3.696967e-06
4784          	3.696968e-06
4785          	3.696967e-06
4786          	3.696967e-06
4787          	3.696966e-06
4788          	3.696967e-06
4789          	3.696966e-06
4790          	3.696967e-06
4791          	3.696966e-06
4792          	3.696966e-06
4793          	3.696967e-06
4794          	3.696968e-06
4795          	3.696967e-06
4796          	3.696967e-06
4797          	3.696966e-06
4798          	3.696967e-06
4799          	3.696966e-06
4800          	3.696967e-06
4801          	3.696966e-06
4802          	3.696967e-06
4803          	3.696966e-06
4804          	3.696966e-06
4805          	3.696967e-06
4806          	3.696968e-06
4807          	3.696967e-06
4808          	3.696967e-06
4809          	3.696967e-06
4810          	3.696967e-06
4811          	3.696966e-06
4812          	3.696967e-06
4813          	3.696966e-06
4814          	3.696967e-06
4815          	3.696966e-06
4816          	3.696966e-06
4817          	3.696967e-06
4818          	3.696968e-06
4819          	3.696967e-06
4820          	3.696967e-06
4821          	3.696967e-06
4822          	3.696967e-06
4823          	3.696966e-06
4824          	3.696967e-06
4825          	3.696966e-06
4826          	3.696967e-06
4827          	3.696966e-06
4828          	3.696967e-06
4829          	3.696967e-06
4830          	3.696967e-06
4831          	3.696967e-06
4832          	3.696967e-06
4833          	3.696966e-06
4834          	3.696967e-06
4835          	3.696966e-06
4836          	3.696967e-06
4837          	3.696966e-06
4838          	3.696967e-06
4839          	3.696966e-06
4840          	3.696967e-06
4841          	3.696967e-06
4842          	3.696967e-06
4843          	3.696967e-06
4844          	3.696967e-06
4845          	3.696966e-06
4846          	3.696967e-06
4847          	3.696966e-06
4848          	3.696967e-06
4849          	3.696966e-06
4850          	3.696967e-06
4851          	3.696966e-06
4852          	3.696967e-06
4853          	3.696967e-06
4854          	3.696968e-06
4855          	3.696967e-06
4856          	3.696967e-06
4857          	3.696966e-06
4858          	3.696967e-06
4859          	3.696966e-06
4860          	3.696967e-06
4861          	3.696966e-06
4862          	3.696966e-06
4863          	3.696967e-06
4864          	3.696968e-06
4865          	3.696967e-06
4866          	3.696967e-06
4867          	3.696966e-06
4868          	3.696967e-06
4869          	3.696966e-06
4870          	3.696967e-06
4871          	3.696966e-06
4872          	3.696967e-06
4873          	3.696966e-06
4874          	3.696966e-06
4875          	3.696967e-06
4876          	3.696968e-06
4877          	3.696967e-06
4878          	3.696967e-06
4879          	3.696967e-06
4880          	3.696967e-06
4881          	3.696966e-06
4882          	3.696967e-06
4883          	3.696966e-06
4884          	3.696967e-06
4885          	3.696966e-06
4886          	3.696966e-06
4887          	3.696967e-06
4888          	3.696968e-06
4889          	3.696967e-06
4890          	3.696967e-06
4891          	3.696967e-06
4892          	3.696967e-06
4893          	3.696966e-06
4894          	3.696967e-06
4895          	3.696966e-06
4896          	3.696967e-06
4897          	3.696966e-06
4898          	3.696967e-06
4899          	3.696967e-06
4900          	3.696967e-06
4901          	3.696967e-06
4902          	3.696967e-06
4903          	3.696966e-06
4904          	3.696967e-06
4905          	3.696966e-06
4906          	3.696967e-06
4907          	3.696966e-06
4908          	3.696967e-06
4909          	3.696966e-06
4910          	3.696967e-06
4911          	3.696967e-06
4912          	3.696967e-06
4913          	3.696967e-06
4914          	3.696967e-06
4915          	3.696966e-06
4916          	3.696967e-06
4917          	3.696966e-06
4918          	3.696967e-06
4919          	3.696966e-06
4920          	3.696967e-06
4921          	3.696966e-06
4922          	3.696967e-06
4923          	3.696967e-06
4924          	3.696968e-06
4925          	3.696967e-06
4926          	3.696967e-06
4927          	3.696966e-06
4928          	3.696967e-06
4929          	3.696966e-06
4930          	3.696967e-06
4931          	3.696966e-06
4932          	3.696966e-06
4933          	3.696967e-06
4934          	3.696968e-06
4935          	3.696967e-06
4936          	3.696967e-06
4937          	3.696966e-06
4938          	3.696967e-06
4939          	3.696966e-06
4940          	3.696967e-06
4941          	3.696966e-06
4942          	3.696967e-06
4943          	3.696966e-06
4944          	3.696966e-06
4945          	3.696967e-06
4946          	3.696968e-06
4947          	3.696967e-06
4948          	3.696967e-06
4949          	3.696967e-06
4950          	3.696967e-06
4951          	3.696966e-06
4952          	3.696967e-06
4953          	3.696966e-06
4954          	3.696967e-06
4955          	3.696966e-06
4956          	3.696966e-06
4957          	3.696967e-06
4958          	3.696968e-06
4959          	3.696967e-06
4960          	3.696967e-06
4961          	3.696967e-06
4962          	3.696967e-06
4963          	3.696966e-06
4964          	3.696967e-06
4965          	3.696966e-06
4966          	3.696967e-06
4967          	3.696966e-06
4968          	3.696967e-06
4969          	3.696967e-06
4970          	3.696967e-06
4971          	3.696967e-06
4972          	3.696967e-06
4973          	3.696966e-06
4974          	3.696967e-06
4975          	3.696966e-06
4976          	3.696967e-06
4977          	3.696966e-06
4978          	3.696967e-06
4979          	3.696966e-06
4980          	3.696967e-06
4981          	3.696967e-06
4982          	3.696967e-06
4983          	3.696967e-06
4984          	3.696967e-06
4985          	3.696966e-06
4986          	3.696967e-06
4987          	3.696966e-06
4988          	3.696967e-06
4989          	3.696966e-06
4990          	3.696967e-06
4991          	3.696966e-06
4992          	3.696967e-06
4993          	3.696967e-06
4994          	3.696968e-06
4995          	3.696967e-06
4996          	3.696967e-06
4997          	3.696966e-06
4998          	3.696967e-06
4999          	3.696966e-06
5000          	3.696967e-06
