/*--------------------------------*- C++ -*----------------------------------*\
| =========                 |                                                 |
| \\      /  F ield         | OpenFOAM: The Open Source CFD Toolbox           |
|  \\    /   O peration     | Version:  2412                                  |
|   \\  /    A nd           | Website:  www.openfoam.com                      |
|    \\/     M anipulation  |                                                 |
\*---------------------------------------------------------------------------*/
FoamFile
{
    version     2.0;
    format      ascii;
    arch        "LSB;label=32;scalar=64";
    class       volScalarField;
    location    "100";
    object      omega;
}
// * * * * * * * * * * * * * * * * * * * * * * * * * * * * * * * * * * * * * //

dimensions      [0 0 -1 0 0 0 0];

internalField   nonuniform List<scalar> 
43136
(
130.256
77.517
121.832
88.7377
104.174
113.086
108.464
112.487
82.2215
116.493
129.313
87.778
88.9815
120.123
98.667
117.83
128.644
123.69
156.676
144.887
129.84
138.726
137.614
142.466
88.5078
60.7923
116.314
52.7523
72.6043
80.6476
80.201
92.0842
77.3996
115.177
74.329
72.3152
86.3746
110.535
76.1656
80.0386
93.4528
82.6505
117.12
116.05
94.0255
98.2844
100.706
99.6335
120.287
79.379
74.4033
117.313
85.4039
81.628
97.0113
85.6928
120.358
116.004
80.8149
112.851
122.864
103.802
104.183
94.0447
23.7289
37.5468
34.6288
26.5037
24.2472
28.4807
25.0939
29.3235
57.0758
137.454
87.3195
81.8607
62.6006
102.344
70.5911
104.83
72.0187
81.9938
171.689
93.9867
86.7319
101.358
93.3288
114.04
42.6974
85.5705
97.0198
58.0711
48.6556
61.441
59.5787
65.8583
41.207
35.242
31.5742
68.1086
44.4363
34.6983
54.5281
39.8351
37.888
52.8052
57.9226
50.4935
40.5585
43.7922
40.4569
44.0854
39.7259
38.9089
72.7352
74.5597
49.9049
45.1003
58.275
56.8612
53.9871
75.183
61.7454
62.1157
61.4146
63.7068
45.7571
54.9688
193.751
220.039
211.392
148.046
179.904
219.343
168.813
212.616
280.104
225.48
301.702
212.892
268.608
281.118
256.288
274.606
269.254
324.807
361.414
216.222
272.227
353.643
252.297
342.843
123.298
151.784
127.175
79.9607
123.124
151.519
109.303
134.374
214.081
206.006
139.635
190.104
204.109
196.883
190.188
173.041
270.935
231.411
314.989
273.717
267.922
264.184
277.101
270.159
186.575
131.997
177.531
149.371
157.807
165.544
162.61
162.896
265.89
220.674
206.631
306.183
254.678
236.823
254.559
230.547
2043.39
2040.86
2049.92
1511.04
2511.2
2041.07
2512.5
2231.31
2029.42
2013.13
2059.04
1251.79
2005.05
2020.74
2121.91
2284.6
2038.37
2057.17
2025.12
1353.92
1906.85
2034.12
1797.23
1890.39
589.728
589.47
666.23
290.578
510.912
611.804
502.142
571.821
2318.13
2055.54
1299.11
1282.37
2184.92
2142.01
1424.99
1405.86
2036.43
1297.54
2071.66
2043.52
2099.41
2411.17
2038.92
2155.9
1993.73
1289.34
1257.2
1334.18
1315.61
1333.45
1340.16
1321.19
1974.66
1402.75
1259.92
1970.31
1859.7
1391.75
1995.81
1378.77
2028.06
2029.82
2042.64
933.874
2089.57
2035.28
2072.76
2047.08
2043.12
2056.48
2055.18
1120.84
1985.23
2051.49
1956.87
1980.17
2045.96
2054.59
2042.06
1152.59
1920.11
2046.31
1830.49
1900.22
420.5
590.808
678.386
301.878
422.271
625.901
427.131
587.006
2011.08
1979.34
809.87
1002.43
1967.98
1982.88
1001.41
1030.78
2043.33
1175.75
2054.94
2046.74
2006.37
1973.14
2047.5
1974.11
1943.39
811.602
1026.64
1059.72
1019.55
979.143
1043.03
1038.99
1970.47
1128.1
1130.76
1951.05
1903.65
1150.13
1905
1221.55
181.609
135.121
254.409
177.036
183.834
159.088
228.001
183.272
151.597
144.917
218.699
112.067
142.323
181.433
166.317
194.022
287.502
257.547
356.077
219.196
279.141
303.589
297.334
330.828
138.67
72.1893
120.66
63.6201
108.752
87.0255
121.708
94.9458
123.534
197.892
144.619
94.0918
133.781
146.774
111.262
132.876
165.737
132.175
239.05
227.416
174.709
173.133
196.332
192.154
252.028
168.086
109.883
202.37
198.391
146.498
180.576
129.611
259.597
200.354
142.421
241.694
237.781
190.723
217.461
156.047
22.6189
30.9118
28.1961
24.7203
22.8354
24.3953
23.7507
27.2624
60.1531
98.776
68.5365
84.5028
64.6169
78.7194
76.5626
82.0851
52.1154
65.0132
105.394
78.5215
64.9227
69.5004
79.2149
86.551
32.6365
50.3723
78.6692
45.7617
39.3908
49.2632
45.673
55.2945
35.7411
32.4205
27.8438
45.1294
41.21
31.4956
42.4799
35.2789
49.252
68.1714
59.666
43.036
52.5084
64.5943
53.0569
65.8226
39.2391
31.475
48.425
64.2231
47.7426
39.4354
51.2954
45.4535
47.9247
60.4874
67.2528
69.1629
50.9138
54.1548
67.95
68.5057
23.431
26.2573
27.6394
26.701
23.8443
24.3095
25.245
25.1388
66.3834
143.119
87.7527
113.274
99.6067
96.6596
93.6594
98.0689
40.8498
65.8004
77.9378
69.0515
42.0883
49.9579
48.3778
50.5177
57.3045
79.2828
80.2475
59.8575
59.8829
58.5158
63.0401
64.8844
32.0242
28.7685
32.6002
59.8389
33.8694
26.1953
40.7318
34.4477
33.2859
63.9872
43.0906
32.902
35.8253
38.9313
35.2281
39.2592
36.1922
36.0224
67.4178
60.5166
42.6222
37.6674
44.6091
41.0326
35.8136
58.2293
72.0954
46.7641
39.2043
47.7359
44.6128
64.8657
1496.92
1486.96
1490.07
1126.43
1449.14
1491.46
1403.6
1430.83
1484.06
1495.8
1498.26
1137.96
1608.04
1497.22
1591.53
1499.28
1485.03
1492.94
1503.84
1083.59
1460.81
1496.58
1432.69
1490.09
604.492
563.874
635.693
300.579
522.368
634.722
527.498
609.675
1458.56
1394.07
1067.61
1058.07
1424.79
1394.77
1098.55
1125.47
1484.45
1180.31
1496.07
1486.2
1452.57
1543.86
1485.12
1509.86
1369.87
1055.35
1034.96
1016.81
1099.61
1090.62
1036.21
1026.88
1414.98
1086.78
1135.85
1458.28
1470.36
1137.64
1486.79
1163.56
22.4728
22.514
22.3677
24.1737
22.5898
22.4743
22.6994
22.5868
22.5514
22.502
22.3634
23.1315
22.6518
22.5102
22.7091
22.5778
22.3672
22.3386
22.3594
22.83
22.3322
22.3389
22.3629
22.3354
36.1588
32.6402
33.5958
67.7663
44.032
35.0226
47.2118
42.4653
22.6449
22.3614
27.0006
26.5725
22.7271
22.761
24.0999
24.5638
22.5141
24.3087
22.3632
22.3518
22.6053
22.8501
22.359
22.4017
22.4227
27.9561
26.7947
26.9198
23.6496
27.3288
26.1366
29.189
22.3926
24.9057
25.7046
22.3723
22.4971
23.9599
22.4363
23.1349
22.9423
22.8705
26.6214
25.3657
23.4067
23.0498
23.4704
23.3788
24.1621
26.3381
93.788
32.8729
30.2711
33.8817
33.427
36.5304
70.7453
174.222
171.808
143.304
132.983
159.141
160.596
194.625
45.7092
35.9561
83.0005
51.4059
47.4388
42.5723
50.6137
48.1296
24.7836
34.4968
29.3545
34.0277
25.8733
25.8999
26.7922
28.6154
25.5928
35.5582
95.1018
41.1514
26.793
35.0431
39.2328
68.6241
38.4284
34.8477
38.7964
77.61
41.0361
35.0681
68.0508
41.7416
43.9302
95.8318
39.0703
118.302
82.2649
86.7256
86.5827
88.8916
22.7012
32.8479
24.0109
29.1989
23.7424
25.454
24.1865
25.1336
68.107
169.171
69.2021
80.8899
88.9112
98.7762
82.1224
93.595
23.2327
33.9052
23.4455
30.1056
24.8453
28.8493
24.6045
28.0739
72.0008
86.5637
51.7692
135.087
99.0668
87.5536
99.8905
97.858
40.9057
25.5558
40.6795
54.6791
39.4898
28.7185
47.8246
39.3265
48.0771
55.7549
59.1003
25.8231
50.0232
52.2293
31.2147
40.5867
24.2593
38.2862
51.8124
34.5557
28.617
43.7179
36.1404
46.2305
25.2213
36.3783
54.9873
51.001
25.9892
33.2056
39.0966
39.1578
25.3404
23.7237
30.3714
53.0005
28.2713
26.4471
46.1231
37.6753
22.808
22.5762
22.7752
26.8033
23.0181
22.6889
24.1914
23.1778
33.2143
24.4555
27.3787
95.2319
38.6731
29.2546
64.3087
42.2148
94.7107
67.3134
142.683
144.834
90.4085
92.0425
125.944
115.373
24.3802
33.1793
55.6502
45.3193
33.9862
44.4237
43.9296
58.0713
23.2848
34.2982
23.707
27.5543
26.6241
26.9078
24.5607
25.5177
53.9018
90.0565
58.8622
109.808
78.2634
73.2073
88.9021
83.3838
37.4204
91.3459
42.5921
26.1331
40.0835
69.1753
31.7969
43.4089
147.334
130.517
88.1499
188.069
162.99
116.697
132.794
108.736
80.1628
44.0431
33.7821
66.9037
62.8684
41.8083
57.7215
38.8582
35.4772
26.2363
24.5266
32.4243
27.4294
25.9251
26.9963
25.0704
150.781
96.7325
50.6603
103.726
120.916
95.4938
99.783
70.6777
128.959
88.1862
184.31
97.8641
120.092
113.306
142.308
145.9
75.8968
60.4451
32.3835
48.7016
61.9596
50.7739
55.0548
39.7594
70.8886
156.408
86.4222
45.8031
82.2404
113.687
52.1869
81.4689
40.1158
34.339
50.0448
28.6427
33.5175
36.3549
34.7579
38.4636
144.564
175.201
174.305
130.519
140.61
149.454
137.216
142.36
239.095
299.776
282.697
185.21
238.775
287.996
223.983
282.794
212.221
227.124
175.203
128.81
200.741
212.68
179.126
191.952
118.262
100.144
108.476
92.0247
110.957
102.197
105.734
95.2868
171.365
173.007
127.798
144.896
159.905
140.123
146.112
128.755
198.224
164.621
263.963
192.989
191.914
188.842
229.311
226.468
157.966
125.678
124.472
121.095
137.352
117.032
129.541
113.502
160.231
105.584
143.598
235.187
154.935
122.762
190.666
134.608
118.779
98.0611
199.703
83.3268
89.5873
162.583
94.5171
147.981
114.359
157.213
224.192
116.513
113.533
191.003
123.812
185.831
283.981
278.712
292.521
176.118
251.55
288.851
251.996
277.108
83.4979
92.0396
98.8666
76.3157
80.7709
91.6337
82.9671
90.2374
77.0113
166.885
71.6391
76.4533
81.7129
130.583
73.1339
90.549
151.092
108.827
247.705
241.7
133.678
135.159
192.654
166.5
171.995
72.9455
84.1084
107.137
118.951
86.072
105.494
88.4529
226.035
137.265
104.69
228.086
222.115
147.752
170.396
131.637
174.23
136.893
176.901
215.109
161.299
143.399
176.949
174.977
120.941
75.8326
139.131
116.283
113.109
103.682
122.349
107.389
237.327
205.682
225.015
363.816
233.625
215.992
317.798
296.127
307.038
222.38
385.228
472.766
274.12
246.737
359.715
343.718
131.486
164.075
196.887
161.248
159.049
172.52
166.753
173.088
125.118
143.692
145.71
161.845
151.384
146.839
150.541
149.869
249.522
282.649
211.341
370.359
307.053
281.915
314.588
259.503
245.758
363.399
211.98
209.621
258.175
293.975
232.49
277.164
2920.22
2414.21
940.361
783.809
2652.6
2546.2
1304.52
1508.84
2156.82
1917.01
1260.26
917.517
2081.6
2007.91
1612.8
1611.22
369.61
550.52
176.126
152.24
427.609
441.141
241.514
297.171
307.827
466.024
156.145
167.688
370.092
378.18
213.14
264.538
2288.6
1025.75
792.846
861.142
1548.81
1458.94
834.198
792.475
2208.19
875.663
1213.34
1025.38
1626.96
1580.96
1179.57
1229.96
495.402
410.454
573.753
204.477
300.988
491.438
342.404
498.361
621.824
242.518
632.571
857.86
612.793
354.629
770.338
433.269
3178.99
2643.95
1638.26
1119.78
2936.79
2757.85
2007.09
2083.83
2263.65
1960.62
1470.3
1271.43
2161.35
2059.17
1820.17
1747.76
709.685
777.668
316.548
169.266
747.75
734.274
342.486
405.33
351.207
419.363
160.749
214.829
362.401
380.367
209.067
233.82
2507.97
1641.28
1118.53
1288.19
1993.38
1989.74
1317.26
1239.25
2383.98
1283.22
1509.2
1588.5
1978.45
1899.15
1582.65
1552.63
961.697
508.603
697.954
202.779
435.751
653.038
448.864
635.15
1071.64
244.943
738.031
1127.51
1046.92
490.127
1109.17
535.356
2655.37
914.571
1705.1
901.6
1918.09
1880.67
1789.6
1793.55
408.873
172.008
503.33
142.626
294.582
318.834
417.906
377.43
1529.53
979.741
1354.95
786.494
1486.37
1441.01
1408.45
1394.46
398.035
189.829
401.591
235.032
329.712
339.341
370.089
361.343
644.517
1686.59
647.02
256.132
889.245
1738.18
355.791
697.568
670.72
263.614
888.692
1626.07
803.755
787.218
981.68
889.775
1599.42
696.656
333.348
763.578
779.739
700.058
724.043
672.986
1581.51
740.255
301.97
913.926
1498.48
715.643
953.45
387.972
23.8124
30.2218
24.0097
29.1354
25.2514
27.3707
26.2809
27.4078
37.5452
106.982
45.5439
46.0309
44.5816
48.9115
42.1704
49.1926
22.8293
25.8669
22.5123
26.4604
23.2957
24.0941
22.9697
23.9186
55.8756
65.0396
51.5358
97.3829
70.9274
65.8775
75.2602
76.5412
32.4803
25.0272
34.7896
41.8945
31.7846
29.1861
38.7264
37.983
31.7739
42.4787
36.6069
23.9471
34.209
38.1723
26.5669
31.364
23.9538
40.6816
46.9923
37.3961
25.1344
42.7079
31.2829
46.4716
23.9263
43.0936
49.2492
38.7996
24.7883
34.3999
31.5233
41.6906
398.586
208.406
525.034
311.299
302.236
250.628
313.866
275.288
274.605
323.329
758.78
174.201
278.634
479.012
238.729
457.778
1065.87
1385.08
1784.76
1216.02
1175
1463.57
1273.51
1634.98
281.314
166.335
437.917
225.889
273.823
244.664
253.579
256.877
215.608
538.337
307.922
212.212
223.526
267.256
209.89
260.227
285.97
265.363
1015.17
630.523
290.103
280.803
683.527
725.553
593.556
297.696
202.851
545.392
551.5
270.017
570.993
250.349
632.346
732.577
279.05
1087.35
648.887
664.17
664.547
527.41
198.668
224.337
237.369
338.263
301.144
268.703
288.306
272.878
131.725
55.2604
38.669
96.2912
83.7775
56.1281
77.061
45.1754
137.166
31.807
31.278
80.2055
68.0892
33.492
59.5428
31.1605
360.794
199.839
173.274
473.77
275.352
216.849
256.069
184.59
206.683
224.212
346.541
175.723
219.121
255.66
267.227
300.598
148.561
111.447
40.7334
171.654
147.043
84.6164
146.443
78.5437
208.513
324.754
186.596
178.804
270.89
290.429
192.268
230.515
152.643
79.6229
93.0306
35.0347
97.0542
84.2108
77.1257
85.4822
24.8814
30.9404
37.5598
27.2172
26.6423
27.0334
28.0924
28.5751
46.7511
69.2793
58.4521
83.0347
61.6824
67.5569
55.8633
60.7934
130.129
121.821
574.453
189.939
124.613
147.466
182.658
196.996
31.0231
54.2958
77.1749
76.0583
36.8634
43.386
48.3295
51.6639
35.8232
38.2359
30.0456
65.6649
33.6621
29.5424
49.3988
31.7663
36.5792
68.2018
47.9131
42.7833
35.6593
39.2605
42.3014
42.9052
66.8672
35.4276
57.4451
99.9595
51.523
36.9573
59.267
41.2115
63.2645
100.667
65.0181
58.2004
69.7707
75.2065
60.3695
72.4802
4793.73
5195.11
2488.53
1379.04
4161.4
4583.93
2010.85
2252.78
5025.48
5208.43
3191.25
2033.2
4243.67
4230.53
2621.22
2894.33
2397.39
2723.41
2661.68
1718.24
2294.63
2553.38
1970.34
2302.59
626.993
861.093
770.894
395.2
597.53
769.827
463.999
642.795
4442.7
2300.74
1246.84
1620.76
2236.46
2244.33
1748.98
1553.84
4559.99
1858.5
3041.24
2646.9
2649.27
2640.2
3011.96
2739.86
1482.22
712.575
1081.1
948.543
1212.08
1000.55
1196.94
1068.17
1991.07
1366.37
1459.94
2419.57
2089.85
1598.52
2103.21
1765.15
2564.69
2645.2
2484.76
1646.4
2358.84
2662.36
2278.34
2516.64
3114.78
4205.02
3228.07
2030.6
3148.08
4207.32
3024.03
3716.75
2539.13
2701.08
2426.97
1662.72
2502.45
2681.29
2256
2457.31
780.728
933.502
925.445
428.465
741.751
962.401
741.917
900.512
2582.51
2517.13
1452.79
1612.9
2529.41
2396.53
1705.85
1733.45
3113.02
2036.02
3206.97
2818.91
2912.63
2832.01
2859.6
2899.49
2329.49
1379.25
1561.8
1442.9
1610.32
1647.54
1572.83
1468.3
2615.39
1661.96
1841.72
2910.31
2483.54
1809.72
2644.75
1823.82
4294.78
4710.37
2566.94
1076.71
3481.25
3946.86
1639.11
2101.04
4782.86
4684.55
2872.83
1764
4011.88
4167.27
2516.73
2672.67
2319.33
2601.19
2498.43
1387.31
2169.41
2463.95
1572.5
1985.32
413.534
636.634
509.726
276.064
415.884
552.813
338.244
440.981
3937.22
2234.91
989.036
1372.81
2127.47
2116.08
1471.87
1255.44
4230.47
1587.95
2746.67
2493.39
2512.7
2544.76
2790.89
2656.87
1293.17
574.807
873.017
620.091
948.158
783.505
894.94
838.494
1834.95
997.089
1214.58
2287.1
1952.65
1230.68
1994.98
1427.22
2339.56
2455.3
2027.9
1487.89
2157.14
2167.35
2059.97
2107.84
2698.87
3889.3
2405.73
1616.32
2671.12
2673.25
2387.19
2466.01
1930.17
2111.5
1785.18
1210.08
1951.63
1953.69
1798.86
1835.98
564.07
615.318
574.128
300.972
514.979
534.353
494.817
514.568
2393.47
2031.5
1283.88
1372.68
2231.8
2058.32
1464.84
1333.23
2397.54
1382.78
2343.98
2118.38
2323.57
2280.97
2358.23
2348.63
1912.49
1225.82
1255.33
1171.91
1366.52
1260.39
1280.8
1185.97
2003.47
1204.05
1331.37
2217.62
1956.77
1278.38
2134.61
1337.84
4602.01
5168.47
2639.66
1280.34
3789.53
4318.88
1753.01
2223.13
5160.32
4810.82
2796.17
1946.06
4250.59
4369.33
2475.47
2609.1
2368.85
2471.47
2609.07
1590.27
2226.55
2365.36
1797.17
2235.77
620.491
926.875
882.408
458.142
618.556
831.519
511.058
735.452
4228.58
2332.58
1184.16
1552.31
2195.71
2223.83
1680.77
1484.93
4535.5
1747.36
2677.28
2559.28
2482.44
2479.26
2737.46
2535.46
1554
801.454
1145.06
1037.39
1308.17
1087.39
1229.4
1142.16
2002.64
1320.99
1425.26
2299.55
2056.69
1544.11
2042.63
1651
2506.63
2439.33
2259.02
1529.66
2286.23
2408.74
2153.56
2281.19
2761.69
3643.01
2771.5
2060.83
2815.79
3533.91
2768.21
3304.82
2250.82
2394.34
2147.34
1653.45
2198.8
2350.48
2028.96
2187.35
877.867
1011.94
1047.57
496.253
850.554
1058.22
859.673
1012.94
2450.82
2294.56
1400.12
1600.08
2336.51
2206.06
1633.09
1648.25
2719.14
2151.84
2693.25
2533.45
2642.48
2645.86
2594.38
2616.21
2128.96
1353.67
1580.25
1468.89
1571.7
1586.74
1573.86
1488.29
2336.31
1657.32
1913.45
2601.45
2234.37
1812.62
2377.43
1832.35
4548.65
2780
4559.83
1638.29
2988.19
3857.05
2953.99
3525.57
2305.59
2562.31
2509.88
1653.28
2051.07
2360.88
2027.42
2285.4
4509.52
2760.45
4580.96
2737.94
3667.97
4002.27
3627.18
3808.91
766.243
1005.65
1165.05
504.594
646.088
1003.58
661.824
917.656
2140.95
3568.5
1187.46
1243.24
2133.02
2925.78
1478.94
1688.2
2531.29
1658.7
2596.03
3789.16
2420.19
2254.55
2678.95
2419.3
3502.46
1205.42
1264.98
1723.33
1953.75
1551.22
1668.18
1450.79
3639.41
2131.98
1567.22
2571.11
3141.95
2232.55
2395.93
1848.41
2443.49
2877.95
3046.55
2506.67
2598.32
2870.09
2682.38
3019.2
3115.04
3460.29
3106.91
3476.79
3591.68
3412.06
3463.99
3584.96
2774.7
2783.11
2510.88
1703.64
2745.2
2750.9
2445.94
2450.23
1333.32
1363.87
1045.81
568.488
1226.59
1390.12
1006.78
1006.12
3119.27
3177.43
2754.49
3247.14
3204.62
3219.68
3549.28
3600.2
3094.96
3404.38
3059.15
3166.34
3244.04
3387.2
3203.75
3202.27
2868.58
2219.54
2538.82
1823.19
2443.95
2646
2332
2326.65
2881.96
1784.47
2476.93
2837.31
2784.35
2356.06
2865.12
2242.2
886.58
852.263
1105.51
740.631
914.525
962.631
911.656
1012.6
528.001
363.334
671.3
187.549
533.8
575.557
510.785
583.689
1414.95
1249.64
1670.32
1087.9
1478.9
1594.29
1462.72
1689.43
314.392
157.609
371.204
162.519
302.954
305.311
299.885
306.431
869.647
1158.57
731.505
500.882
856.187
1014.82
497.725
787.181
927.24
536.727
1161.06
1232.49
966.236
947.003
1046.31
1083.78
1159.55
708.928
480.251
882.94
905.244
822.25
926.615
788.232
1310.58
1056.91
543.406
1212.48
1302.08
1019.35
1063.7
613.891
181.88
181.023
203.831
231.473
181.976
180.812
192.847
190.664
254.443
274.107
443.451
426.494
323.581
320.321
362.152
377.148
420.308
553.657
632.095
592.045
520.992
552.398
555.751
572.47
340.316
422.226
499.424
572.208
370.417
422.769
403.318
445.643
251.259
281.192
289.167
371.295
278.838
278.37
322.794
325.002
263.813
423.01
463.268
333.559
285.563
367.553
315.153
394.881
325.585
317.556
399.197
460.535
363.84
331.561
426.467
411.155
365.339
531.76
444.607
502.096
493.183
497.009
445.802
482.847
2350.35
2357.35
2362.4
1517.86
2170.15
2359.68
2085.26
2221.89
2339.85
2341.89
2340.06
1665.71
2210.07
2333.96
2198.69
2248.89
2353.97
2335.28
2353.09
1536.16
2550.19
2344.02
2629.98
2615.57
873.583
930.231
697.524
330.748
675.795
771.903
556.357
578.581
2227.21
2291.92
1537.65
1661.67
2136.37
2227.93
1847.47
1609.31
2352.09
1701.93
2337.99
2367.93
2265.95
2300.55
2352.58
2323.94
2331.61
1479.11
1651.49
1238.46
1461.23
1460.45
1377.59
1429.92
2419.9
1273.76
1648.64
2383.3
2546.24
1507.82
2386.88
1889.68
286.417
340.609
151.895
180.774
245.663
269.908
192.628
167.681
447.581
714.623
152.09
194.871
295.316
321.695
212.352
185.788
102.491
68.1501
73.4634
86.1593
92.3805
83.331
87.0055
73.7739
116.88
94.1907
62.1102
93.6152
83.466
73.7518
83.4478
61.7178
232.398
136.863
128.448
125.151
165.871
146.957
138.194
110.814
264.295
114.069
102.154
138.584
135.301
103.217
143.665
91.1836
118.628
119.633
110.546
77.3278
102.499
98.0205
85.5481
91.1876
107.254
78.2537
101.308
66.5334
98.1067
88.2065
76.12
78.0019
24.9367
61.7445
45.5415
48.2429
28.1205
38.9096
31.977
40.7427
381.062
3578.47
1597.75
892.671
829.744
2081.75
888.987
1793.48
104.78
619.867
290.543
148.684
134.815
274.71
139.441
238.032
119.053
313.859
147.052
188.889
152.158
183.269
166.277
179.681
88.4834
55.266
68.0266
185.842
102.491
52.6903
129.917
75.3623
228.652
421.883
846.293
102.388
203.661
418.678
201.728
318.253
62.2345
73.2546
197.219
90.9823
73.5064
75.0308
87.7871
102.55
93.6631
146.737
361.053
731.595
158.103
168.769
340.321
352.394
2326.5
2333.31
2341.65
1353.02
2103.79
2346.58
1997.42
2211.2
2328.29
2329.06
2329.55
1442.38
2184.42
2325.85
2130.33
2256.43
2348.5
2333.13
2351.98
1475.58
2314.83
2343.5
2324.27
2354.41
773.937
810.445
636.201
439.728
634.629
708.912
562.908
616.234
2145.76
2243.06
1365.71
1448.6
2062
2149.25
1500.71
1425.6
2324.94
1485.63
2330.02
2349.62
2167
2087.18
2330.66
2184.5
2196.12
1341.18
1449.23
1281.91
1391.61
1361.5
1334.24
1340.46
2267.49
1393.26
1473.25
2303.61
2231.48
1435.57
2188.77
1589.5
2331.56
2342.95
2338.62
1419
2165.8
2349.01
2068.86
2186.08
2362.03
2398.54
2405.85
1628.74
2437.03
2407.87
2377.6
2349.82
2365.55
2372.72
2335.68
1516.27
2165.5
2371.82
2035.13
2141.62
735.919
708.662
852.065
447.774
649.378
819.127
666.29
791.976
2212.89
1930.43
1398.86
1503.71
2144.4
2027.88
1624.5
1648.72
2363.33
1708.09
2402.94
2369.93
2421.74
2459.86
2373.11
2459.12
1841.86
1382.52
1544.42
1482.11
1592.65
1572.53
1528.02
1506.55
2196.96
1596.62
1648.88
2239.02
2293.6
1677.76
2430.1
1679.2
2347.73
2369.9
2353.2
1322.16
2158.9
2366.01
2246.33
2424.51
2429.45
2327.26
2343.07
1424.1
2649.72
2337.79
2752.45
2100.11
2351.31
2384.54
2379.13
1467.91
2647.66
2394.2
2736.54
2543.85
679.812
774.762
512.941
298.104
527.255
671.534
418.68
488.089
2333.67
2454.58
1314.21
1456.19
2439.77
2561.89
1518.36
1475.82
2422.27
1634.35
2362.48
2371.11
2665.56
3013.4
2373.95
2859.53
2567.02
1196.27
1332.71
959.433
1373.16
1331.57
1175.56
1213.66
2596.64
1370.37
1515.34
2224.47
2980.91
1646.64
2799.65
1682.31
775.24
630.308
802.387
726.628
766.426
720.655
794.179
739.015
421.371
261.8
314.861
287.872
331.746
292.997
324.789
283.479
515.754
394.344
371.005
191.641
443.571
404.87
443.624
394.972
313.841
238.928
164.949
173.467
281.616
236.593
276.359
215.883
587.686
725.295
604.911
329.458
602.714
666.386
532.407
550.051
475.006
304.836
359.766
573.519
464.523
347.867
514.777
372.878
740.812
607.877
327.582
421.657
490.763
534.318
418.255
361.957
571.592
279.315
297.22
358.348
402.008
317.35
373.063
304.987
1566.01
1580.58
1566.19
1051.86
1647.21
1574.47
1684.29
1651.69
1602.01
1638.25
1616.28
1315.37
1761.58
1632.83
1830.78
1831.37
1585.09
1609.08
1610.64
1415.43
2214.62
1611.14
2519.4
2009.89
505.413
531.381
333.277
190.624
356.275
467.998
278.532
338.36
1672.15
1930.88
1052.53
1105.62
1847
1868.67
1186.24
1180.1
1597.2
1329.74
1613.18
1585.17
1723.71
1827.08
1586.37
1951.59
1921.54
932.327
940.02
731.583
1093.32
1116.58
833.201
877.585
1674.55
1310.65
1392.08
1723.68
2153.36
1517.61
2080.21
1578.56
23.5484
37.6336
25.7889
25.8146
27.9932
28.1859
25.1716
27.6125
151.734
613.911
445.411
241.552
238.106
436.43
219.147
390.851
28.7522
149.002
30.0467
34.2406
48.9284
55.3464
33.9958
37.0573
29.6333
83.7131
36.8572
70.9797
44.3335
47.5138
40.7617
40.3875
84.3329
33.5261
34.1768
109.062
56.9836
35.9739
54.2431
42.1558
129.524
180.185
243.787
33.1684
78.9657
134.443
57.5688
127.937
29.567
30.2198
92.7713
35.176
29.5995
34.624
42.27
45.8407
32.5437
40.6198
156.304
197.351
52.9094
52.5791
125.139
124.22
484.894
455.73
750.799
410.603
496.115
490.842
508.5
530.327
321.252
187.544
550.187
155.748
322.059
324.888
321.964
378.926
1195.78
1221.16
1800.63
897.517
1266.78
1333.46
1316.94
1557.38
288.915
158.636
472.268
182.907
287.352
280.111
299.521
331.517
460.132
777.832
405.877
268.259
469.53
511.917
278.155
387.341
454.01
262.13
811.183
799.859
541.29
478.156
764.138
782.933
803.089
429.074
273.079
654.305
613.767
463.184
618.229
416.037
867.81
695.719
304.976
936.805
841.261
606.088
785.807
431.779
40.663
216.495
129.299
42.0754
48.503
113.115
52.1717
106.914
509.899
666.041
702.793
311.892
505.388
616.572
500.47
594.085
185.295
487.066
314.978
255.549
235.57
359.495
261.787
343.403
47.4579
143.241
182.526
141.645
50.9755
97.7856
79.8785
98.6034
254.436
181.224
48.0393
187.538
238.676
127.828
169.156
122.172
378.075
262.465
536.908
280.7
352.919
390.272
373.526
410.793
179.537
51.6653
167.397
159.702
117.421
92.3996
157.344
107.317
246.301
210.867
237.786
480.689
261.88
257.855
372.584
324.695
1741.22
1300.22
1986.02
1119.44
1806.64
1874.3
1839.06
1958.32
660.664
333.193
577.461
178.42
518.016
437.104
578.918
421.861
2313.94
1496.9
3175.3
1290.12
2445.81
2556.76
2472.03
2708.29
350.439
153.197
275.333
144.554
246.474
271.441
223.791
208.02
1235.63
2132.06
1073.8
497.591
1317.31
2028.08
611.007
1090.05
1185.09
472.025
1016.43
2188.66
1216.67
1111.13
1332.28
1145.96
2175.09
1087.96
528.927
1005.44
1173.08
1087.92
1058.42
1021.06
2279.1
987.854
443.324
1031.22
2338.92
1134.92
1251.85
645.962
315.558
365.589
327.601
216.754
290.139
331.651
258.548
304.877
452.67
421.2
527.234
310.808
423.135
481.985
362.35
469.33
467.64
679.386
712.521
264.453
368.16
609.416
313.398
606.911
155.887
217.584
132.116
137.853
132.71
146.347
115.946
135.932
350.409
267.066
176.121
260.518
317.735
261.006
286.08
196.818
424.283
288.955
560.324
409.62
407.157
356.937
442.674
374.069
225.121
154.622
225.48
141.447
157.672
179.873
156.564
166.488
395.265
240.55
270.645
565.762
313.049
241.055
327.431
301.677
747.639
622.605
604.331
686.133
751.046
687.398
738.137
655.138
510.152
395.993
433.835
359.412
373.59
379.03
366.13
368.138
412.162
368.238
253.012
292.812
335.341
330.217
318.512
312.966
341.39
307.172
257.567
212.564
294.651
283.925
256.938
266.783
519.068
586.199
516.864
329.618
513.899
531.224
493.014
512.759
549.493
340.348
453.944
573.072
540.032
376.934
611.754
450.124
562.462
483.974
308.164
300.338
514.391
487.151
323.974
301.894
546.215
306.35
328.033
413.362
392.154
332.466
387.601
359.985
1764.4
1287.61
1717.52
1079.23
1640.26
1405.38
1672.77
1428.54
1100.12
714.938
810.26
409.948
763.615
779.401
689.573
636.844
1708.97
1275.99
1861.26
1261.71
1495.72
1502.05
1524.26
1531.67
536.331
381.411
558.445
279.217
465.417
451.557
453.289
425.618
1096.29
1480.9
914.785
578.819
1026.93
1159.22
745.787
935.524
1219.93
493.132
954.8
1369.56
1127.25
814.985
1286.15
999.975
1516.75
921.621
572.426
968.229
1180.67
931.845
957.943
741.859
1395.27
890.28
485.77
910.99
1201.17
884.88
972.168
690.657
26.2296
37.6023
24.7565
37.2315
29.6599
30.5108
28.9305
30.8669
65.1366
141.49
77.5742
155.151
93.2935
96.1161
100.204
107.575
24.141
36.1836
24.2214
31.2818
26.4839
26.5061
24.7788
25.763
45.2486
123.339
48.7632
102.493
61.2396
74.2262
65.0378
81.1155
51.264
27.3269
58.7909
122.733
56.0673
35.2595
93.6289
62.6727
53.7762
125.492
62.8808
28.0616
67.5564
76.6943
48.4297
64.7045
27.097
51.4338
111.419
37.5398
36.8087
58.516
46.348
66.5843
29.3595
43.3023
124.388
61.6101
32.4377
47.4884
55.253
76.3345
154.178
172.421
194.51
177.445
152.686
154.549
178.17
185.75
229.105
296.044
313.206
307.198
271.632
271.545
320.326
317.867
367.272
378.486
546.146
438.161
384.337
411.916
485.57
488.803
230.475
238.177
324.488
217.973
232.78
255.09
250.677
288.156
191.794
237.863
196.469
272.885
245.707
227.005
238.664
217.994
194.317
289.204
304.567
257.445
257.764
304.53
267.277
302.284
291.759
237.707
273.144
368.23
267.988
241.116
299.231
272.874
315.615
393.249
300.959
334.767
348.674
345.276
315.861
307.181
835.804
802.497
877.211
918.446
853.973
824.485
895.334
887.944
670.573
479.126
620.345
630.102
658.157
558.144
668.125
588.287
1234.61
1112.95
1721.44
1355.8
1291.18
1275.69
1437.52
1563.77
826.047
733.705
987.315
878.728
800.683
754.379
899.075
844.476
813.365
895.808
930.908
760.521
851.93
898.798
818.51
899.129
717.607
695.556
755.891
895.045
786.496
758.479
849.289
844.707
945.262
806.654
785.398
1135
934.212
796.708
951.898
773.342
981.395
1205.7
771.142
979.095
963.572
926.768
933.218
827.295
3635.34
1273.46
642.362
1014.56
2254.31
1259.05
1026.21
713.11
398.06
310.697
92.5236
107.107
222.166
236.993
124.331
109.318
113.403
51.932
25.624
38.2792
51.5435
43.9308
31.5614
27.8815
180.92
106.822
76.526
126.371
126.635
103.08
101.983
86.5451
462.613
395.062
552.193
173.799
473.192
532.054
462.452
402.605
343.018
95.9498
77.4253
252.823
308.263
105.249
272.219
78.9758
182.562
169.725
106.727
56.2139
151.1
174.99
99.1335
112.602
151.228
47.8441
83.5091
54.4898
75.1986
75.3656
67.0732
77.1841
1791.73
1778.05
1332.9
1139.1
1771.63
1694.06
1392.32
1353.2
1854.83
1932.25
1335.56
1468.24
1779.94
1700.35
1335.96
1339.38
1202.99
996.672
946.495
592.017
1059.72
1068.58
855.491
921.634
563.868
812.916
501.731
369.576
551.486
596.652
490.374
571.307
1829.18
1280.19
1115.97
1255.46
1229.21
1224.3
1180.72
1110.35
1759.92
1227.27
1201.75
1250.11
1237.21
1218.91
1208.3
1217.45
1004.65
771.451
806.532
598.064
825.899
790.076
819.462
704.465
1033.1
667.119
879.507
990.52
963.612
842.548
932.311
873.301
861.085
782.138
329.605
1004.12
873.322
808.387
916.164
854.335
615.59
274.725
91.2929
776.074
569.564
307.84
618.643
234.991
70.6055
56.4811
39.4835
59.1689
51.2523
45.6264
50.363
34.2727
1076.25
1277.47
209.598
1096.73
1039.57
970.601
954.866
591.829
786.13
262.961
1013.82
987.215
859.703
882.136
1011.15
960.27
637.201
691.881
74.9981
183.112
658.072
653.912
222.304
121.478
258.624
1016.06
1080.96
153.672
364.14
954.559
198.804
975.146
112.645
67.2831
456.834
60.6229
87.6092
87.4884
84.1795
100.157
85.5657
37.2018
51.3973
177.91
57.9418
40.3142
58.6912
43.1548
24.0084
22.8066
23.5105
27.809
23.1621
22.8418
24.3818
23.5052
45.3805
31.9272
47.9555
52.5026
41.0674
35.4492
42.7984
41.5677
173.427
53.972
102.609
160.889
132.015
70.2196
139.487
99.1591
28.1746
43.7852
119.057
40.7564
30.676
38.7997
44.6762
48.149
25.0367
31.8182
25.3371
36.7414
27.1795
25.6688
31.7476
29.4085
48.3482
95.3032
46.2524
57.4827
54.8709
53.868
51.135
53.8436
45.8537
50.7662
39.2048
30.7381
38.5125
42.4243
33.7266
40.6765
799.399
699.2
479.935
290.289
774.044
710.66
552.079
536.761
501.798
233.528
219.39
129.121
329.059
254.032
242.578
214.352
339.018
224.229
231.517
175.089
305.957
252.88
266.941
240.165
93.6329
77.7163
105
39.9458
75.5483
102.443
67.9052
96.0934
616.869
421.83
218.221
124.155
445.268
414.768
201.615
238.348
524.144
173.995
243.006
369.434
384.925
255.174
348.112
282.303
369.814
166.46
138.948
176.232
198.793
180.92
180.256
134.214
352.149
181.287
174.383
230.827
276.269
193.105
260.378
166.423
22.6234
23.7169
28.6899
28.6456
23.3281
24.597
26.0259
26.1394
26.3143
33.3956
45.7278
42.1631
27.4383
30.7661
29.9663
31.53
54.5533
76.023
152.719
396.584
67.659
77.3899
153.346
131.176
105.683
136.004
934.833
901.38
170.666
212.464
593.344
507.213
24.3825
30.1321
31.1147
33.8218
26.8496
28.0123
29.1156
36.2351
27.1158
38.5106
42.9266
34.4788
27.746
30.6205
33.1536
35.076
44.1593
57.1389
69.2054
365.179
68.5615
54.616
96.1628
88.042
45.5161
296.066
60.7783
57.6726
65.1874
113.621
56.7403
80.7828
22.6064
22.5122
22.5608
25.4995
23.0211
22.5117
23.4844
22.8072
22.523
22.6318
22.7906
26.0196
23.1352
22.7172
24.2887
23.7864
22.6918
22.6698
23.1818
30.518
24.4385
23.0041
27.8868
25.3835
46.0617
44.7031
51.2222
115.974
64.0955
48.2138
73.9742
58.4703
22.7993
22.8489
26.4511
27.5383
22.9126
22.9078
23.9653
24.6255
22.5332
25.2339
22.789
22.5502
22.6399
23.0332
22.5392
22.9099
23.3704
30.4367
37.4525
42.4881
26.44
28.9387
34.8366
37.1732
23.1396
35.8442
29.4513
23.0699
24.4423
30.0909
23.8867
26.6149
219.618
165.87
169.596
90.647
212.945
204.01
191.023
184.836
103.855
74.3641
99.8412
62.8449
97.5136
95.7385
92.5798
89.5315
119.712
110.158
96.9599
57.5239
110.975
106.758
95.4092
84.2165
61.2024
51.5962
48.1495
41.8567
49.1024
49.5572
46.9615
43.5895
151.363
156.035
75.7836
67.4154
144.688
167.535
87.9304
76.0289
140.48
66.6369
109.824
157.873
130.185
115.719
131.8
115.441
137.569
68.9522
62.3088
55.4779
63.4138
66.3676
59.7554
67.5743
133.966
51.9873
57.4361
106.437
128.008
61.1901
112.885
71.7764
323.831
155.251
324.592
841.323
380.516
212.182
449.287
282.808
80.8503
58.7382
111.722
82.9174
70.1791
82.0044
94.6515
103.017
239.855
176.027
213.097
240.421
211.223
190.543
229.628
203.795
507.22
180.505
280.037
273.918
253.891
260.465
311.577
286.634
108.182
290.281
446.23
141.607
148.992
267.413
144.722
303.949
103.603
150.947
139.493
194.783
119.972
135.274
134.973
154.253
345.851
535.744
202.447
302.761
373.712
378.066
278.828
243.516
245.987
231.229
185.178
164.399
204.337
215.226
184.99
190.126
224.081
112.594
169.048
214.073
224.186
191.663
221.733
185.585
90.7942
57.6209
54.4789
107.547
85.5732
72.5009
82.2271
66.5374
147.003
54.1701
119.422
133.782
133.268
115.295
126.07
109.566
199.403
112.349
152.651
207.263
152.029
128.273
174.054
125.853
103.332
152.278
196.374
101.884
100.377
167.043
123.608
174.989
89.3357
99.1545
53.1931
138.289
75.8245
80.1565
62.4689
57.18
160.895
201.382
93.9956
150.69
184.535
171.23
158.513
155.315
142.838
130.037
87.9056
49.9925
133.874
149.184
53.7448
91.3064
310.249
391.053
146.836
766
377.036
343.672
371.099
328.452
266.878
136.75
62.1368
389.975
209.206
160.727
193.602
107.835
66.3753
54.5125
50.2284
58.8108
57.6908
55.1876
51.3218
46.1075
490.553
342.606
147.16
240.519
384.523
323.68
195.2
166.442
380.775
125.4
651.84
480.597
374.451
364.146
624.054
621.334
287.303
432.215
66.2283
102.853
224.815
215.769
86.0705
74.0288
88.893
370.997
228.947
101.39
98.2921
287.556
84.8458
247.82
77.47
65.2015
156.924
59.1783
74.12
67.8472
71.6171
59.3942
23.1455
29.5254
32.0835
27.0182
24.38
26.0726
25.3792
26.7987
38.3715
87.0779
50.1285
93.9695
49.8022
54.8634
61.9753
62.9906
53.3057
48.6893
58.4069
91.2896
64.586
60.1112
74.2811
72.8517
47.737
112.789
92.245
139.087
68.58
71.4292
80.9015
84.7494
36.6881
34.7018
33.4579
84.6257
38.0393
27.726
48.4981
37.8349
36.1483
81.3443
38.9255
36.4508
38.6143
46.5624
33.1662
38.3057
36.9193
41.75
86.0367
63.6718
53.3111
47.2015
59.5901
52.9049
43.617
80.4986
98.1204
43.2714
59.689
75.8673
47.7466
84.5655
23.5378
27.2112
32.9068
23.7899
24.2447
26.3657
25.3229
27.5665
34.998
34.3031
86.7612
44.7751
41.8911
54.9299
63.1095
67.4805
60.188
147.816
127.598
103.474
78.5432
104.749
97.8576
120.362
27.8285
46.3915
61.1842
30.6263
30.4815
39.4141
36.302
41.5551
31.7804
34.9206
27.0388
44.4891
41.3154
29.3822
40.7328
33.5136
47.5505
51.4958
128.577
47.2593
52.3483
57.2566
89.8495
90.1146
40.0151
31.7359
55.697
71.0667
45.7516
38.5882
58.4269
51.061
49.961
82.2178
57.5142
129.533
60.0685
72.6101
101.136
80.3404
22.467
22.334
22.6814
25.529
22.4489
22.3343
22.9311
22.5057
22.3258
22.742
23.0795
27.967
22.405
22.5839
22.7235
22.741
24.1621
25.167
31.2555
42.2456
24.8717
25.746
26.4251
27.479
62.1021
46.5066
82.7425
568.519
91.9744
46.0285
128.144
67.8548
22.4036
23.7468
25.7876
24.0854
22.5211
22.8224
22.898
23.6428
22.3158
26.9519
23.104
22.8306
22.3968
23.0298
22.5591
23.1532
24.4981
27.63
25.819
32.9557
25.5417
24.5139
29.5501
27.5529
23.2526
34.6304
29.1483
23.6864
24.3634
29.5935
24.2605
30.7867
886.818
868.427
762.976
860.883
875.787
893.917
866.846
816.669
648.231
397.015
474.421
414.703
540.246
460.571
517.029
431.168
602.525
504.773
459.434
538.809
551.752
515.116
541.222
489.716
758.081
646.138
730.773
806.473
737.287
745.353
709.879
685.293
748.722
718.09
825.508
630.776
727.477
799.647
707.92
785.805
708.396
546.442
547.748
667.31
657.875
603.685
691.909
607.435
702.237
794.478
653.017
625.929
679.638
728.57
634.494
707.744
624.371
561.176
507.138
493.492
596.046
588.24
573.089
534.04
158.991
160.026
193.117
120.479
148.375
168.059
163.86
179.278
103.87
42.2548
91.9626
54.4527
81.5162
77.2545
77.9924
83.8382
193.256
122.503
191.234
133.919
176.609
168.963
180.283
181.299
78.6733
61.3108
85.2287
33.1992
59.2966
73.9858
59.0422
72.949
143.428
178.945
107.307
73.9717
136.298
161.798
94.0728
118.994
137.273
75.3635
120.377
172.051
140.177
107.75
142.588
123.549
190.429
118.54
79.927
125.899
131.964
126.262
124.029
113.081
187.248
126.351
78.1788
118.507
157.56
121.697
115.219
83.4911
22.5012
22.4146
23.3959
25.4475
22.5182
22.6957
23.5824
23.5514
22.4893
23.2111
23.701
27.0733
22.7819
23.0275
23.3049
23.4949
28.9824
29.7879
40.4534
51.3041
35.8784
35.1243
39.097
40.1214
40.2064
37.5865
64.6992
80.6434
53.2608
51.7643
61.4678
59.2337
22.4955
24.6263
26.7345
25.1389
23.1502
24.2095
23.7052
25.5529
22.5771
28.0474
24.4886
23.7346
23.5866
24.3631
23.5177
24.8948
27.4727
29.8037
31.4324
52.9691
37.7134
34.7823
48.6023
40.71
27.4579
43.9778
30.3829
27.5535
31.8471
37.8068
28.9397
31.7797
22.5353
24.3276
22.3807
22.6825
22.654
23.302
22.3866
22.6766
33.1271
73.3017
35.3101
36.9759
44.9812
49.9246
37.0766
42.1842
22.5315
23.4
22.6064
22.7172
22.6477
22.636
22.5069
22.6648
24.7921
31.3428
25.9782
37.6096
32.8401
28.1808
32.5753
30.9664
26.334
22.4797
23.7129
26.6607
23.0956
22.6443
23.4503
23.0443
29.9447
28.0961
30.1866
22.7118
24.4741
25.4759
23.4392
24.5275
22.3804
23.6357
26.241
22.8457
22.6594
22.9884
23.0564
23.2848
22.7207
23.0612
32.6644
25.09
22.9883
23.2452
23.9647
27.3469
71.2668
87.5609
32.8006
55.0511
54.8626
51.0492
45.4547
37.3715
85.5914
57.0646
33.3811
48.1256
70.1712
64.9112
49.9599
43.5793
25.0025
24.4036
22.7606
23.8157
24.4472
23.8809
23.3162
23.0898
45.1078
44.0743
28.5862
40.1876
37.1744
34.3609
36.5737
30.8238
96.4062
29.3341
43.669
40.1727
64.5082
34.1522
54.3653
38.7491
91.1221
39.5915
30.6366
30.0813
58.722
35.5552
42.2029
33.0129
26.1001
40.0353
38.9893
27.6907
27.3552
31.9946
27.6343
32.2114
26.1651
26.1362
37.5691
26.8574
25.7311
26.6416
28.124
32.5474
855.947
339.954
621.373
964.965
867.635
545.56
925.217
652.901
103.685
71.0985
131.881
100.869
96.2175
113.39
129.005
126.242
376.888
155.884
210.511
276.508
305.141
221.048
294.111
214.841
963.299
257.645
409.057
823.439
846.028
391.007
837.46
421.62
291.246
556.462
933.92
229.787
354.517
503.621
374.069
584.107
203.468
169.535
157.287
379.088
264.698
172.636
271.872
211.254
623.002
946.508
282.195
514.211
633.224
649.327
511.05
404.528
399.483
278.041
213.539
150.424
277.126
264.599
227.555
206.177
231.338
193.744
142.981
246.122
234.681
176.497
238.862
169.927
204.697
254.844
155.723
208.815
213.961
193.419
203.36
183.166
110.796
100.775
61.523
115.844
127.251
99.4596
105.116
87.2104
228.377
182.39
121.567
230.491
193.181
167.618
180.73
153.228
197.697
141.87
234.939
184.706
187.084
172.044
194.643
194.814
186.729
180.06
145.452
149.212
179.619
181.958
159.844
161.324
124.583
217.08
171.814
120.106
139.906
183.845
135.489
153.413
143.971
126.392
162.803
128.466
141.964
135.42
151.091
142.419
22.4903
22.5305
23.4773
23.6456
22.6452
22.7217
22.7977
22.9574
22.8853
22.683
25.2405
28.9454
23.373
22.7793
23.6852
23.7593
28.4613
29.588
59.1507
41.031
29.1864
31.8736
36.4953
40.1714
28.6523
43.687
42.5915
42.6238
36.9133
38.052
39.1367
42.0867
22.952
24.0189
26.0285
30.8673
23.2483
23.6092
26.6891
25.6794
23.0762
28.4154
25.701
24.9451
23.9396
24.477
24.446
25.6865
24.7682
26.7514
33.3208
38.768
27.3679
27.1109
32.8381
31.8246
26.067
31.036
29.6925
26.9341
27.1462
28.9126
26.3571
29.0461
74.1196
94.5152
525.177
1157.54
176.994
213.371
498.599
436.233
53.1835
58.8675
210.697
109.748
57.1576
72.3141
92.128
100.069
1056.71
964.843
1136.51
2157.6
1158.09
1157.44
1563.51
1429.46
1447.72
528.514
1833.78
1440.98
1232.88
1391.9
1797.8
1710.02
93.1874
691.843
1186.08
358.556
236.769
631.044
455.185
1209.84
118.035
355.793
526.19
710.351
210.961
263.526
351.633
454.888
1191.67
1888.17
681.443
2133.92
1934.18
1761.73
1930.91
1778.57
1083.19
2055.28
602.198
813.726
1229.25
1886.78
886.544
1059.93
42.5826
33.8541
50.8519
746.06
117.746
37.1272
185.656
54.3382
22.7421
22.6238
23.8724
29.018
22.8286
22.6752
23.7087
23.0702
31.2163
30.669
49.8042
58.4931
37.418
33.5907
43.2154
44.2159
986.684
165.867
280.785
1124.75
554.453
218.872
630.398
286.835
28.3821
43.0052
458.768
60.5569
30.5805
41.8624
71.6597
125.652
23.0683
31.2483
25.7942
25.8931
23.6869
24.3995
24.4229
26.0272
47.0739
575.311
76.3223
146
204.119
230.78
128.083
130.56
28.4398
50.8745
36.2357
28.4586
31.5696
40.8216
29.2218
35.2558
22.6985
29.7355
22.7081
24.743
24.0816
25.1499
23.5648
25.8865
44.6949
50.1751
42.5551
76.497
57.8639
55.1259
65.01
72.1253
24.6182
29.2333
23.6539
27.663
27.2812
29.8731
28.926
30.9822
36.8959
67.4973
28.4465
76.1474
52.1177
48.1239
52.0235
44.794
35.7598
24.5406
32.0605
68.5297
34.847
27.1474
46.7913
33.9693
39.9694
75.745
37.8702
24.3253
45.2284
55.9871
26.6785
43.2491
24.3662
34.3075
65.2065
26.0942
25.0929
30.8584
26.8021
32.0841
25.8299
33.3969
82.8756
45.3598
31.3814
42.0767
53.6996
61.2256
22.5981
25.1635
23.6595
23.4821
23.1514
23.4761
23.5428
23.8813
33.7872
38.4688
52.5382
50.9027
40.4873
44.7462
46.3459
50.9111
33.7793
54.4007
45.9635
46.6432
37.7919
40.7582
39.2432
43.4545
29.7499
54.1035
45.3293
42.7089
34.6546
38.0082
36.5101
39.9797
29.1218
26.9365
26.1349
38.617
29.5324
24.8952
33.7022
27.4105
31.5776
46.3711
48.3376
29.7536
33.8323
39.01
37.2575
43.4014
29.9309
27.1079
43.8868
43.5514
31.5101
29.4681
36.915
37.4767
33.6241
47.8107
51.539
52.5448
37.0514
43.382
48.7885
55.5738
22.3639
22.3418
22.3969
23.4696
22.3549
22.3555
22.5319
22.4199
22.3645
22.474
22.4642
22.9555
22.5369
22.4598
22.6752
22.5781
22.5562
22.5408
22.6818
25.9816
22.8472
22.7136
23.2146
23.0774
34.9508
34.1622
44.9546
71.0501
38.9609
35.1103
49.1179
49.0432
22.3705
22.5012
25.6864
26.2963
22.476
22.6486
23.5956
24.2537
22.3594
24.2019
22.4507
22.4312
22.4483
22.8811
22.3872
22.5445
22.6808
27.3697
27.789
30.76
23.9981
25.8973
26.5236
29.4507
22.5713
29.1642
26.8742
22.618
23.1969
25.2786
22.7553
24.4995
2006.05
1009.13
1983.86
1449.81
1755.98
1751.83
1776.99
1759.13
508.691
192.168
302.948
356.501
355.423
337.01
305.263
257.263
2153.19
684.125
2889
1592.01
1959.67
1887.21
2266.91
2296.3
1063.94
537.419
988.228
1300.5
924.178
867.234
1040.12
1020.46
796.359
1739.45
1173.6
479.714
716.928
1477.52
617.26
1145.19
789.692
449.051
555.143
1726.21
693.263
523.829
793.893
552.493
1825.49
1238.97
442.666
1151.7
1407.35
1238.52
1116.41
1012.89
1844.73
1152.02
381.096
504.771
1528.21
1099.28
514.03
365.065
2103.76
1559.29
2199.52
1417.16
1869.73
1915.18
1900.5
1935.46
1005.89
348.92
748.456
551.877
788.415
587.819
831.785
569.059
2258.36
1324.38
2290.13
1535.16
2019.17
1974.86
2032.04
1991.77
1235.36
785.363
1085.23
1338.86
1255.45
1085.82
1267.99
1026.34
1405.31
1962.06
1382.06
979.533
1414.23
1744.74
1128.24
1412.86
1404.17
756.704
1095.3
1979.35
1389.5
1197.77
1595.43
1333.78
1974.73
1375.41
1008.49
1364.34
1456.88
1411.84
1416.44
1367.46
2015.97
1373.05
733.104
1072.33
1823.2
1373.68
1355.48
940.235
41.9344
42.0073
145.922
47.2677
42.9634
58.1033
59.4889
67.477
50.7122
46.3978
123.646
62.054
57.4901
78.6784
83.6241
90.1214
360.141
186.53
441.707
505.355
358.721
259.177
528.328
396.492
43.5276
45.4834
134.913
48.0465
44.8485
54.9342
53.5297
61.6238
42.9881
137.438
42.6543
43.9649
57.1161
79.1658
44.5946
62.8736
71.8344
55.5702
180.599
159.742
76.2192
91.3247
127.724
128.795
231.362
47.352
51.2817
225.961
162.741
67.6755
150.406
73.7024
206.71
255.883
59.2614
186.829
237.536
213.428
160.429
122.597
2558.44
1101.37
2064.62
1243.03
1857.07
1774.82
1854.1
1787.1
341.731
382.631
586.611
281.911
287.919
395.26
293.134
389.993
1979.59
1236.05
1969.02
1560.4
1702.49
1707.22
1703.9
1700.55
708.326
437.111
1004.59
474.764
578.274
739.752
593.563
712.849
766.987
1819.2
970.821
485.315
771.479
1491.31
596.881
1128.98
681.658
476.809
947.375
1749.17
701.079
578.934
1039.59
837.483
1826.44
1010.93
515.4
1298.19
1534.88
1137.58
1290.51
998.617
1748.37
1273.29
502.627
941.379
1478.39
1232.55
867.764
685.841
2456.75
2556.3
1942.35
1967.18
2320.37
2464.95
1957.68
2038.93
2304.13
2203.81
1365.76
1844.42
2124.73
2163.66
1787.31
1686.35
1076.58
693.765
412.308
409.816
956.526
728.035
492.168
421.818
1255.29
1178.34
586.376
558.288
1194.59
1184.42
719.755
772.706
2453.44
1897.35
2067.75
2182.28
2043.97
2073.2
2272.87
2228.31
2265.89
1819.16
1368.61
1754.32
1888.68
1808.51
1737.68
1626.48
1326.36
1323.43
1360.43
664.242
1239.82
1373.69
1161.73
1297.88
1239.02
567.041
1352.34
960.969
1081.58
973.381
1086.9
970.056
28.7105
71.8612
48.1394
117.201
55.04
61.5517
66.0842
74.6264
116.511
166.446
234.336
299.053
165.347
189.385
238.608
243.552
49.3188
138.72
35.6615
97.0463
84.9094
93.2352
55.381
63.641
170.881
333.664
154.069
442.955
245.876
269.319
210.75
241.607
114.55
84.6513
156.35
245.341
151.678
120.76
210.475
181.091
127.589
274.265
216.186
95.6219
163.247
207.032
149.734
190.651
70.5448
126.659
262.871
142.795
116.444
154.334
169.601
191.828
76.5876
167.191
293.007
205.109
123.585
198.145
182.148
250.966
22.7326
25.0116
22.6799
23.656
24.3076
23.7333
23.952
23.1393
33.2723
61.0371
33.5714
73.1864
49.1224
44.4031
53.519
42.0774
22.5499
26.1564
22.5514
26.2055
23.2287
25.007
23.5194
23.7373
29.9742
62.6412
36.7064
47.0647
59.65
51.0181
48.9721
48.5226
32.1532
22.725
30.4905
82.287
30.828
24.1702
44.3638
38.9182
31.4856
68.3482
31.919
23.6329
27.8143
36.5988
24.4713
27.9294
22.5675
27.3734
64.507
32.5506
24.4245
33.6566
33.8732
39.6066
23.5153
28.7974
52.7844
31.2973
24.7965
31.456
28.7147
39.0992
112.347
78.2112
101.517
81.8608
103.486
96.4253
104.834
98.5912
63.6026
40.4252
50.0069
35.6596
53.6469
47.5546
45.1932
42.9646
74.66
52.4016
44.7166
50.247
66.1083
63.8826
57.9704
55.1973
56.0238
32.512
40.3161
35.2672
46.5006
43.2345
43.6828
38.6412
69.7897
93.0236
72.8472
45.5055
64.8275
88.6078
56.8549
69.1795
66.3933
41.9978
53.6512
84.9962
58.0705
51.4404
63.0532
58.3315
85.0057
64.8901
38.673
51.7152
61.4241
58.7895
58.9551
51.6642
77.6245
51.9597
38.341
49.03
64.7549
58.0175
55.263
44.1451
185.621
113.952
160.321
95.5997
174.313
164.164
160.901
150.295
59.0912
40.1388
47.3624
43.1155
51.0811
46.646
51.6807
44.0635
135.634
67.8363
89.7683
85.1967
97.8312
94.1275
91.4802
80.6259
79.7324
61.1035
82.8469
55.8906
73.8675
70.7628
70.575
68.5171
101.774
124.157
89.8844
51.6074
96.6279
124.017
55.6259
83.9095
93.6525
47.9291
68.475
118.972
83.2362
71.8723
80.4409
74.1081
117.18
90.0729
51.7009
84.4201
89.658
87.1852
87.3252
81.8818
116.79
80.6039
44.5272
61.2482
100.583
82.2548
69.742
60.245
894.258
708.97
979.062
1321.98
848.571
803.606
1056.05
931.268
598.19
478.329
506.271
507.331
571.055
532.325
622.41
543.777
585.397
410.683
362.514
312.121
500.583
461.478
450.392
377.471
708.757
457.881
236.982
263.725
617.143
540.932
265.697
205.849
671.848
858.246
1195.63
944.403
779.943
850.36
1026.07
1085.71
643.991
831.301
535.862
762.547
718.735
682.727
662.957
561.432
740.262
749.32
518.088
318.536
593.072
658.563
499.572
539.969
638.655
271.341
422.41
414.133
501.421
463.433
458.143
397.654
1397.51
1632.09
976.757
1435.68
1442.9
1525.39
1435.73
1484.04
1705.31
1156.83
1009.21
2126.77
1732.26
1375.09
1847.44
1461.29
387.009
335.858
73.6282
177.398
280.278
244.938
171.376
126.74
1478.64
1843.05
753.597
1454.75
1516.42
1554.39
1489.45
1472.68
1662.27
917.366
1469.59
1818.98
1699.51
1529.11
1785.51
1571.28
1655.25
1892.62
895.885
899.419
1670.4
1744.08
1073.04
985.901
804.333
1438.89
1813.02
653.815
981.779
1474.25
879.526
1545.43
702.975
555.589
1895.56
776.25
739.816
866.744
916.773
1166.72
1971.07
1051.68
1950.97
1446.36
1709.9
1731.35
1699.22
1697.55
542.246
300.282
469.624
325.843
409.548
406.007
361.711
354.135
1980.84
630.445
2750.63
1331.02
1680.13
1641.6
1895.14
1916.24
868.095
370.589
661.775
458.971
612.698
611.989
576.693
562.876
778.236
1651.61
1081.29
432.338
716.262
1394.11
551.195
1048.17
773.737
426.334
557.637
1669.88
699.404
506.755
839.564
561.194
1650.71
1146.49
418.243
941.449
1286.69
1099.93
963.04
803.064
1666.5
944.718
413.726
536.919
1319.93
964.23
544.486
477.352
2268.19
2462.12
1327.84
1709.63
2312.25
2295.07
1772.56
1865.15
2581.72
2463.24
1957.44
1734.54
2342.92
2272.99
1893.66
1907.56
708.44
964.592
369.502
393.253
822.752
842.821
452.521
499.937
942.884
997.364
451.748
504.258
918.838
928.027
596.641
609.282
2485.59
1548.53
1735.61
1808.31
1946.91
1870.54
1866.38
1841.45
2460.21
1807
1964.38
1585.05
2102.37
1989.72
1828.27
1925.37
832.132
1099.81
1113.12
463.429
749.955
1174.46
894.199
1125.46
922.986
496.295
1128.91
1168.71
957.395
928.468
1059.71
1026.76
221.335
185.144
179.888
113.603
199.557
196.991
188.777
188.638
151.816
139.125
125.442
103.359
124.041
134.692
115.122
128.851
110.075
111.631
88.8494
76.7697
98.5972
103.727
95.7281
99.7111
67.0769
91.8528
60.8987
49.9337
78.2187
83.5505
58.6017
70.4649
157.044
155.215
99.247
102.088
142.988
146.03
113.851
111.705
154.949
102.1
117.595
145.332
145.249
113.074
142.513
108.645
140.638
83.4208
97.1016
70.83
98.2665
104.278
83.5323
92.8523
133.595
82.5248
97.714
114.023
101.515
89.503
104.477
96.2275
654.071
220.912
551.576
544.377
483.2
392.637
583.068
479.317
143.534
55.5337
117.245
80.0359
100.185
91.8908
98.003
100.009
496.946
215.149
457.496
356.619
442.283
406.625
470.756
440.902
185.423
63.2129
146.764
50.857
92.8632
121.852
85.2995
110.864
200.791
451.229
374.097
87.0425
214.558
377.371
162.448
349.99
189.401
101.268
178.384
401.907
207.709
150.465
223.114
181.758
514.879
390.211
112.073
302.737
410.902
383.658
330.4
270.415
462.142
319.838
120.73
195.09
397.44
336.094
207.509
162.118
203.761
195.094
292.2
163.109
189.738
206.496
188.159
231.094
172.218
148.83
211.934
109.747
154.21
188.248
185.383
198.76
279.957
224.766
231.474
195.622
258.351
285.564
238.697
248.331
111.587
96.9062
125.232
94.1764
103.401
113.648
118.72
123.95
185.517
296.42
167.471
125.769
209.936
224.024
140.378
177.206
205.688
151.571
275.851
285.126
224.022
198.379
251.173
218.509
257.51
185.963
147.842
161.143
206.544
194.164
179.695
162.65
251.526
185.696
166.515
247.201
214.899
190.573
207.653
165.37
22.3136
22.5477
22.3269
22.3321
22.3072
22.3441
22.3033
22.3791
24.2155
29.101
31.3897
30.2082
25.0754
27.9884
26.4078
28.9936
22.5939
25.3862
22.9476
22.6789
23.0264
23.8985
22.8111
23.7116
23.216
31.5606
23.9738
27.0214
24.8835
26.5901
25.9337
27.6892
22.8388
22.3763
22.8832
28.1848
23.1072
22.8709
24.7243
23.6335
23.5954
31.2896
29.5746
22.632
23.8192
25.6187
24.0864
25.8724
22.3527
23.3252
31.9884
22.9064
22.7122
24.0283
22.9436
24.5971
22.5063
23.6027
36.9146
28.7463
22.7415
24.0037
25.1223
30.1026
1385.34
1599.17
1248.7
949.873
1477.41
1531.74
1248.58
1351.85
1608.33
999.466
899.203
823.016
1397.74
1160.21
1173.27
971.817
966.59
746.454
611.111
476.04
874.33
777.078
712.407
676.613
432.963
302.458
218.913
77.1125
333.762
376.22
166.706
189.819
1634.37
1214.22
872.062
839.329
1356.78
1256.68
985.525
967.445
1622.24
845.223
957.174
1240.2
1383.57
1113.44
1294.31
1108.4
999.964
694.226
601.448
458.089
728.292
754.94
600.891
584.305
1058.38
483.265
595.632
826.694
892.931
610.773
932.838
568.246
22.9866
25.5858
23.3246
27.2494
24.198
23.7774
24.1597
23.9567
38.3179
76.6209
53.1611
71.4214
49.7736
56.0319
59.4218
65.4142
27.0087
39.1098
36.9544
37.6471
30.4862
35.0896
32.9187
35.1308
36.5146
72.164
50.6827
50.719
46.53
47.4004
50.0115
52.0843
30.0532
24.0403
30.235
64.6835
31.5574
24.7169
44.4204
29.0008
33.3157
61.5029
38.5029
24.4306
35.3129
41.1951
29.0523
36.3426
24.6381
31.0966
68.43
32.2693
29.6708
30.8903
31.1833
33.7486
25.8823
33.5134
68.9082
44.5325
29.3748
32.3566
41.4396
55.2616
471.39
532.233
445.765
243.459
470.474
549.195
410.886
431.382
616.467
437.901
399.069
169.832
516.098
627.338
315.88
300.492
437.911
467.467
436.348
206.274
339.73
523.652
284.227
415.551
120.43
151.01
141.522
76.6097
104.941
155.371
103.903
132.575
513.345
415.721
222.419
206.684
376.659
352.338
228.237
247.261
640.281
200.819
545.194
545.749
426.357
294.246
505.481
410.523
333.523
207.021
184.4
200.257
232.111
223.091
212.679
185.967
423.187
209.164
152.386
395.319
291.056
221.83
305.885
179.925
2608.72
2519.77
2236.9
1579.97
2644.98
2671.61
1971.21
1896.95
2573.23
2696.97
1064.78
1014.8
2595.82
2654.59
1253.22
1169.39
2106.67
797.933
3500.42
1157.3
1295.22
1302.58
2005.26
2081.82
705.17
455.022
576.918
359.8
547.398
538.469
453.197
447.314
2512.96
1753.96
1371.09
1062.13
1364.14
1507.64
1206.24
1359.8
2562.62
1074.33
1081.55
1784.18
1326.06
1169.35
1422.36
1074.08
1485.24
914.921
595.271
703.12
1095.81
893.773
757.765
662.942
1481.17
702.515
535.987
693.35
951.785
742.749
731.069
561.849
2246.92
1959.69
2360.9
1510.59
1980.61
2204.74
1977.25
2212.2
1758.02
1936.66
2011.11
1319.57
1519.3
1912.14
1534.29
1955.75
2315.46
2193
2404.48
1584.8
2037.77
2281.67
2062.15
2336
857.557
778.827
820.048
428.44
679.261
776.16
668.631
772.067
1651.59
2062.1
1246.36
1026.43
1662.23
1873.71
1276.96
1371.32
1900.52
1357.44
2036.99
2097.19
1941.77
1624.99
2097.2
1717.87
2071.46
1256.07
1030.14
1226.2
1494.49
1374.56
1224.3
1115.85
2146.16
1503.9
1371.47
2091.93
1884.97
1493.77
1751.65
1433.91
2478.12
2469.4
2078.84
1301.31
2373.02
2433.91
1545.19
1551.11
2386.95
2193.05
872.362
596.276
2159.5
2208.7
852.46
774.702
2192.88
813.124
3009.52
858.666
1368.03
1387.61
1557.82
1503.6
464.243
273.154
337.442
238.834
352.057
345.268
301.954
263.402
2394.63
1532.24
1050.08
699.924
1064.02
1258.5
903.042
1050
2421.39
690.068
956.956
1537.51
1027.08
871.406
1233.72
945.366
1260.91
599.297
357.85
530.611
827.082
573.432
562.485
433.597
1267.43
498.796
333.075
529.969
801.67
562.053
573.868
408.476
3122.65
2401.94
2304.87
1668.06
3049.02
2943.32
2265.53
2300.74
2087.48
1909.14
1806.49
1550.2
2141.66
2095.52
1752.68
1760.68
2010.8
1768.2
1763.9
1183.09
1923.41
1883.02
1745.19
1762.87
681.796
737.496
568.534
322.814
676.786
686.741
514.817
533.513
2465.08
2199.48
1580.98
1483.82
1963.02
2091.9
1551.99
1554.15
2412.88
1461.02
1893.37
2155.01
2003.66
1830.5
2048.79
1946.49
1993.39
1192.46
1030.24
1107.62
1353.25
1221.2
1259.19
1084.25
1994.11
1123.65
1072.27
1693.15
1804.3
1247.98
1683.85
1165.67
2585.33
2641.66
2196.04
1543.78
2577.36
2593.47
1802.74
1823.3
2859.8
3022.51
1016.64
983.236
2804.25
2848.18
1341.27
1141.54
2381.81
1294.73
3147.95
1115.76
1579.17
1597.15
1754.53
1809.86
826.19
534.369
528.545
425.702
659.672
653.537
487.267
461.328
2642.28
1647.25
1380.95
1069.29
1557.33
1608.77
1294.8
1395.12
2693.61
1076.53
1079.22
1669.67
1459.32
1252.83
1469.03
1073.86
1566.31
1009.68
719.219
793.16
1218.78
989.726
964.495
813.346
1592.08
772.763
670.94
982.265
1198.04
961.285
1012.47
775.109
2471.42
2191.27
2173.74
1533.73
2268.12
2208.14
2099.74
2110.16
2151.87
2042.53
1794.19
1577.14
2044.99
1996.95
1793.34
1807.62
2004.46
1686.11
1985.25
1263.87
1858.57
1839.72
1810.17
1804.2
896.087
989.641
838.835
509.212
876.134
882.302
796.765
829.727
2143.55
2021.96
1418.45
1466.15
1923.44
1893.91
1500.86
1399.72
2144.14
1453.08
1850.54
2011.43
1989.17
1814.87
2030.58
1890.15
1907.13
1281.26
1252.62
1167.07
1334.26
1318.78
1255.29
1207.33
1928.6
1179.48
1299.89
1683.51
1737.25
1241.64
1653.46
1276.03
23.6367
38.2295
25.956
24.7699
25.0303
28.7192
24.1668
28.706
71.7528
201.775
128.269
127.948
85.1893
118.36
111.828
133.228
30.545
75.6953
33.8582
47.7707
45.1318
44.4352
46.051
56.2509
39.154
147.287
61.1024
43.9131
62.7727
121.097
46.6114
78.2361
68.9411
31.2777
36.3989
139.751
89.5599
40.1787
105.498
83.2846
117.954
184.412
98.6344
38.8976
142.904
160.38
91.0125
125.909
32.3417
41.6375
150.302
82.9086
37.7182
91.4009
83.2881
102.037
42.8108
113.754
204.464
127.141
69.7928
117.848
140.041
174.357
3199.47
1168.05
2399.99
1187.12
1780.51
1496.26
1742.46
1481.71
1142.5
2514.17
2560.42
959.542
1086.2
2541.26
1215.01
2536.84
2191.99
2593.64
2577.52
1564.12
1835.57
2643.94
1861.31
2581.84
582.951
607.07
896.408
433.386
479.195
707.552
521.063
735.124
887.304
1635.07
741.558
694.334
914.906
1123.29
772.865
933.187
1194.47
1059.13
2636.16
1873.03
1189.23
1217.1
1683.25
1473.16
1644.24
777.517
726.2
1048.85
1264.41
958.927
1016.85
804.991
1830.96
1381.59
1052.63
2591.45
1610.64
1395.96
1550.87
1250.7
2463.5
2854.61
2314.24
2340.95
2581.74
2736.15
2347.39
2456.77
2647.77
2461.79
2415.06
1709.13
2439.82
2447.6
2228.04
2444.28
1926.19
2220.46
2213.13
1513.34
1728.22
2141.7
1627.74
2145.4
1230.38
1069.13
984.413
571.661
1022.87
1111.97
883.073
978.172
2768.04
2229.15
2186.79
1840.23
2473.61
2300.69
2232.74
2172.72
2562.04
1761.44
2291.95
2233.53
2382.37
2077.54
2275.93
2020.36
1983.82
1587.51
1594.62
1282.64
1752.82
1894.3
1449.23
1475.62
2034.86
1506.38
1652.59
2217.35
1759.11
1612.29
1862.88
1660.27
373.896
631.356
249.01
578.722
468.05
468.805
461.366
453.847
977.019
1269.56
884.395
1303.53
1151.8
1195.33
1193.93
1229.17
153.496
337.801
84.521
149.736
177.436
179.166
131.263
138.988
741.744
1213.28
340.172
1124.42
867.335
942.445
837.349
942.596
791.391
319.35
636.462
1093.88
808.214
578.531
974.422
688.127
806.179
1173.8
637.309
327.997
804.297
980.062
521.901
659.307
262.191
598.032
1107.06
289.116
343.142
632.978
437.489
824.756
297.852
375.328
1194.89
608.349
399.385
480.092
631.556
821.002
205.01
193.317
207.683
143.738
201.095
211.602
195.302
198.155
183.325
161.48
130.597
104.455
156.263
172.408
117.803
130.994
181.195
131.267
158.89
162.203
153.369
147.888
164.632
143.226
101.139
106.025
130.913
57.7412
98.813
128.605
98.0547
102.41
184.945
185.044
146.132
144.413
161.549
172.047
147.909
163.677
188.424
109.011
131.957
193.327
158.448
136.606
162.449
127.779
203.936
139.314
130.131
195.047
185.499
152.106
186.702
134.633
165.957
144.243
86.8463
122.983
134.58
137.903
108.823
90.5614
31.4804
24.1163
35.4828
31.0781
28.3288
28.1154
31.4526
31.8277
22.5561
22.4561
23.2031
23.631
23.2466
22.5574
23.334
22.6828
37.4022
26.7827
37.1866
41.7958
33.607
30.3124
38.282
34.4574
32.0898
26.7075
38.1062
38.2036
30.8875
28.4779
33.7449
32.3333
23.1469
30.2305
26.5518
25.1504
23.3724
25.5944
23.6911
24.7645
22.8425
24.3789
24.1521
28.6246
23.0316
23.8919
25.1533
24.4506
31.8931
27.1631
25.7858
33.4216
33.575
25.781
30.7137
26.5885
30.0419
34.1135
25.7776
25.2215
28.5805
31.1082
26.0008
28.6826
22.6258
25.6277
23.0423
24.2395
24.9862
24.4195
24.4566
25.0265
50.2374
87.3605
39.5874
125.722
74.79
49.3504
102.687
56.5318
24.9044
30.9665
23.4489
29.1804
30.9104
33.3258
31.2349
29.7896
29.5209
83.2884
32.8522
35.087
38.7461
56.2949
39.0812
38.6222
41.0846
32.5019
28.1889
89.9433
48.3855
31.3558
54.0678
38.3001
65.5656
111.962
35.9403
25.8636
67.259
83.4295
35.4326
68.3846
29.3718
27.6469
88.1084
34.3548
28.4518
35.0017
40.4543
44.1463
27.8917
51.099
140.139
46.7425
35.6971
86.5708
75.175
104.553
182.637
116.01
110.945
101.847
161.644
132.589
148.272
118.153
102.7
119.072
106.085
88.4043
102.136
120.413
94.2731
115.051
66.4719
67.8402
42.92
51.9061
66.657
63.2272
56.5063
58.8533
85.5662
79.1208
63.5657
65.1423
80.6051
80.8602
75.9484
75.7664
94.8273
89.7061
96.8047
83.9964
92.5412
92.9533
88.539
87.6574
91.456
80.3459
91.6877
80.5618
88.5786
83.1714
81.9721
78.4358
87.9239
92.0511
81.1302
57.8241
65.5504
83.5573
66.7704
77.9105
78.3381
56.996
72.1727
84.3996
68.4679
59.5757
72.4695
62.8872
22.3913
22.4429
22.3458
22.5498
22.4679
22.3836
22.4883
22.3673
22.3983
22.4585
22.4182
24.3166
22.6518
22.4932
23.0803
22.6424
22.3408
22.3624
22.3497
22.7928
22.3436
22.3451
22.3892
22.3431
24.7077
28.8642
26.6861
38.0184
29.2145
26.8926
33.3393
29.7149
22.4087
22.3481
22.9288
24.0174
22.4724
22.3912
22.9522
22.6829
22.3751
23.5061
22.3892
22.3461
22.3596
22.5068
22.3483
22.37
22.3532
23.36
25.2693
23.6374
22.396
22.6949
22.7033
23.1109
22.3573
23.264
23.7406
22.44
22.373
22.703
22.4571
23.0121
910.109
641.092
765.95
958.948
919.777
774.482
949.635
764.212
390.761
211.964
268.363
277.291
339.058
288.465
323.632
258.279
734.3
463.27
681.493
631.237
676.271
623.273
687.586
602.695
889.153
400.375
557.957
761.547
783.501
541.151
769.938
476.973
625.392
737.395
917.456
559.066
638.785
707.486
603.903
707.254
558.543
451.671
446.142
682.964
547.927
454.437
532.632
486.158
737.605
907.761
503.136
591.02
678.293
618.434
624.358
578.031
640.489
500.477
398.852
427.005
591.298
557.265
488.177
429.152
191.856
176.881
196.438
154.579
173.564
173.051
167.016
170.871
255.639
443.374
407.897
241.511
264.999
402.905
254.393
408.143
219.545
400.347
411.153
200.225
216.879
300.145
205.568
302.677
119.058
128.476
149.321
86.3181
110.886
127.448
99.4549
119.286
167.368
184.948
138.8
148.494
161.96
161.267
155.846
154.461
221.219
219.779
333.078
210.734
224.375
234.166
239.942
243.234
179.321
131.187
138.978
154.541
166.625
149.897
157.394
138.039
209.658
203.872
215.862
340.805
216.18
206.891
235.385
230.593
22.5235
22.5777
22.5229
24.0857
22.8861
22.4704
23.4162
22.5701
22.6303
22.6853
22.5175
24.3672
23.076
22.5382
23.9663
22.7658
22.5617
22.713
23.001
24.2775
22.8016
22.4973
23.4001
23.2149
32.5865
27.4751
30.5735
79.72
35.3841
27.3766
49.2598
33.3839
22.7288
22.5959
25.9165
24.5968
23.2544
22.667
24.2951
23.6803
22.4555
24.2157
22.4279
22.3947
22.5066
22.6902
22.4004
22.5089
22.9884
28.5918
25.8449
28.4965
23.8786
25.2936
26.2999
26.4409
22.6047
25.2093
24.934
22.8544
22.7392
23.519
22.856
23.4646
806.216
522.981
541.018
307.907
637.699
631.596
429.489
460.295
371.248
256.336
240.036
191.382
295.443
291.937
216.837
226.862
350.796
232.761
209.792
162.401
278.478
278.96
196.218
205.994
109.526
111.365
125.214
59.5651
94.6615
106.353
93.9185
104.618
425.573
411.947
232.628
201.091
284.074
331.892
223.04
249.129
428.247
208.66
251.7
407.22
303.962
237.754
346.943
259.449
308.571
165.748
132.363
146.113
227.682
186.541
177.885
142.572
325.367
153.137
140.73
193.68
231.715
182.394
187.418
158.923
22.3552
22.3479
22.3444
22.4734
22.3407
22.3462
22.3597
22.3313
22.369
22.3866
22.3912
22.6951
22.3958
22.3604
22.4914
22.4288
22.3457
22.3844
22.4498
22.6489
22.3451
22.3633
22.4676
22.4923
23.1815
23.5609
26.3688
34.0087
24.6402
23.1441
29.9758
27.4172
22.3336
22.3307
22.6094
22.4293
22.3269
22.3224
22.3873
22.3733
22.3522
22.4196
22.3512
22.3507
22.3261
22.3356
22.343
22.3341
22.3213
22.8588
22.9666
23.8013
22.3556
22.4473
22.4816
22.7092
22.3313
22.8901
22.5904
22.3963
22.3316
22.4385
22.3641
22.5111
22.3765
22.5099
22.3499
23.213
22.4658
22.4271
22.4856
22.5008
24.4102
34.2999
29.8878
38.4064
25.8058
30.3173
31.5474
35.2933
22.5603
22.926
22.4659
23.768
22.7041
22.6476
22.5968
22.5987
25.8975
33.9279
25.837
31.7089
31.5355
31.187
30.1182
34.8417
23.1328
22.4756
23.8169
32.3503
23.9355
22.917
26.3675
24.4774
24.0786
35.4937
24.7413
22.6602
24.4502
28.5744
22.9671
23.9155
22.5633
23.9134
31.9396
25.7827
23.1209
24.5128
24.1464
25.9665
22.8798
26.3743
37.7403
25.1092
23.7421
26.3268
25.1323
27.543
22.335
22.3367
22.3409
22.2917
22.3123
22.3364
22.3018
22.3252
22.3393
22.3484
22.3514
22.6469
22.3229
22.3425
22.3395
22.338
22.3544
22.3905
22.3836
22.712
22.4322
22.3657
22.4552
22.3757
22.8585
23.2807
23.6531
25.3115
23.6957
23.0085
24.3149
24.1952
22.3267
22.3477
22.3273
22.4431
22.3545
22.3613
22.3692
22.3595
22.3557
22.6474
22.3789
22.3576
22.3861
22.4291
22.3787
22.5117
22.3627
22.4211
22.5593
22.8089
22.5141
22.3896
22.6713
22.5241
22.3633
22.8704
22.7406
22.4135
22.6056
22.7566
22.6936
22.7764
426.631
211.317
251.381
345.96
414.43
249.839
382.906
267.518
111.051
59.322
75.9437
84.3262
94.643
69.4453
93.5761
66.3174
154.489
100.833
122.646
92.0152
133.91
126.106
117.603
122.115
163.537
76.0899
89.7937
67.5046
135.498
119.129
100.284
94.9548
202.301
231.922
311.777
145.07
205.177
222.308
169.806
214.536
138.455
134.62
95.8361
181.133
158.516
130.97
160.348
136.884
203.797
259.173
109.197
102.749
163.917
179.829
126.676
126.88
154.233
85.2404
92.4618
94.3897
113.466
88.5878
106.351
82.2593
736.707
351.756
319.356
464.123
522.93
332.922
476.245
301.701
272.311
236.452
226.662
231.45
242.647
248.53
236.232
238.222
304.618
239.43
355.001
276.939
296.956
311.045
297.123
306.1
376.504
233.649
231.389
252.826
326.086
242.399
299.184
227.774
318.58
297.435
429.902
265.683
290.819
287.387
277.941
286.601
299.097
260.186
268.537
306.907
287
283.208
320.37
301.977
297.709
414.519
258.436
244.457
266.187
263.283
259.142
252.053
300.187
281.329
241.882
236.763
298.735
293.76
285.094
260.13
23.317
29.0725
23.5565
26.9055
27.6354
31.0905
28.669
30.3359
37.824
67.9015
37.4548
77.8462
47.1704
40.4876
61.7043
45.6609
24.095
26.7495
22.9218
26.1299
25.9189
27.6324
26.7604
26.3229
37.5042
63.4848
33.0924
45.3187
48.9132
54.8034
47.2806
57.1444
37.7871
24.9867
28.3039
75.1646
43.4007
32.1263
40.2775
32.9733
34.6556
87.7984
36.6243
24.245
46.7276
49.8368
27.3517
37.6607
25.6596
31.2057
67.5557
30.1456
26.2472
33.9946
34.4799
41.0713
28.5667
35.3615
83.2646
32.3111
30.9879
43.2761
35.9944
49.2618
116.953
129.222
108.964
98.0957
110.236
118.715
104.087
114.212
251.971
404.254
236.817
315.852
301.057
333.525
290.988
337.256
115.307
144.799
130.212
99.0926
115.362
122.98
106.994
122.008
85.3228
145.448
90.4188
75.6282
83.346
102.531
79.87
97.7215
136.673
108.561
92.5971
154.252
129.577
109.841
132.395
104.241
177.645
227.345
188.663
117.939
182.327
224.696
145.34
162.399
102.694
87.4172
141.886
95.0004
100.013
101.972
100.054
105.802
115.418
104.1
225.154
188.655
114.808
110.16
147.968
152.561
2727.46
1575.99
2546.49
2312.44
2131.75
2120.01
2480.23
2420.06
1140.75
693.204
1777.42
1832.61
1072.65
1092.67
1662.63
1528.29
2623.82
2429.81
2543.19
2282.82
2521.44
2488
2472.74
2443.28
2842.95
2170.2
2227.2
1793.11
2516.77
2502.3
2207.68
2325.93
1462
2465.3
2412.17
2064.97
2107.58
2413.56
2222.43
2484.4
1543.44
2105.58
2116.56
2460.66
2017.27
2016.18
2163.84
2107.16
2541.87
2466.6
2346.08
2238.24
2543.39
2570.21
2510.36
2522.9
2496.49
2295.92
2273.22
2216.18
2483.13
2489.03
2269.31
2325.72
2609.42
2610.77
2551.35
2378.37
2512.99
2532.2
2569.16
2526.43
1807.03
719.504
1363.78
1792.1
1670.93
1296.57
1669.14
1415.54
2298.61
1713.73
2126.92
2173.49
2198.37
2021.51
2162.67
2030.32
2274.98
2240.49
2311.08
1985.21
2282.65
2266.98
2259.09
2252.35
2407.19
2473.29
2319.67
2283.06
2380.5
2480.36
2333.5
2391
2116.67
2016.17
1727.5
2231.41
2171.5
2019.87
2124.3
2052.19
2439.87
2339.18
2266.97
2409.89
2501.63
2377.91
2399.15
2319.17
2253.24
2233.14
2062.1
1791.2
2184.38
2211.66
2036.46
2067.84
22.5213
23.2964
22.5238
23.5328
22.8591
22.9309
23.251
23.2245
27.5719
36.5088
30.3865
46.6162
34.9871
34.5722
46.2926
41.2778
22.5363
24.8283
22.4982
22.8006
22.9415
22.8646
22.6865
22.8167
25.6496
44.2565
26.7495
37.2441
28.9824
35.6828
32.8081
37.6638
24.036
23.1406
26.1526
41.0272
25.6933
24.3613
30.7398
28.6942
24.4628
35.399
25.6875
22.7703
25.0982
27.76
24.3945
25.3411
23.7404
24.9661
39.7791
25.8503
23.6341
26.5725
25.631
30.8703
23.9965
26.0639
35.9776
26.2741
24.4997
27.1691
25.9039
30.3875
2211.48
1527.86
2252.59
1168.06
1923.7
1926.85
1926.69
1940.65
715.026
254.825
479.889
274.958
469.282
383.917
492.428
362.988
2418.84
1247.87
3287.41
884.089
2289.54
2259.49
2334.16
2279.82
595.991
322.339
454.683
467.516
471.846
392.471
491.753
387.027
1150.62
2036.56
933.795
413.369
1144.8
1679.91
559.573
827.433
1103.87
349.139
808.37
2101.46
1101.71
816.058
1359.98
978.638
2045.44
973.404
428.693
723.974
997.271
813.113
695.044
612.089
2135.76
622.397
342.623
803.626
1888.1
632.472
1053.66
422.179
2282.92
2539.38
1975.26
1487.96
2271.76
2638.79
1959.92
2035.67
2376.73
2168.83
1432.83
1958.18
2315.63
2111.84
1984.46
1655.83
790.827
771.75
329.266
381.592
799.063
773.296
520.465
486.466
781.062
1126.4
387.728
488.719
782.479
1013.87
521.463
559.647
2505.79
1957.32
1507.68
1867.54
2031.19
2001.96
1889.86
1813.32
2420.61
1937.8
1584.99
2069.45
1994.02
1971.09
1981.73
1965.39
1295.77
1057.7
1288.72
486.147
877.98
1206.61
900.233
1127.86
1187.09
536.962
1324.6
1004.28
1067.4
988.727
1169.41
1070.59
2649.29
1107.38
2129.62
703.726
1795.57
1772.99
1791.16
1772.68
559.007
296.129
785.709
363.955
432.376
449.916
572.55
550.573
2113.36
1385.98
2147.22
1187
1817.3
1799.29
1888.22
1852.88
346.006
309.332
599.113
269.799
287.877
308.607
409.863
399.645
802.386
1720.24
520.391
381.298
931.271
1326.81
462.353
531.778
837.762
403.461
1047.96
1701.25
937.708
823.305
1220.16
1037.44
1801.61
687.139
456.689
953.818
894.642
653.779
741.222
558.779
1769.83
940.595
463.275
1071.48
1504.49
766.137
1073.16
610.246
2174.22
1560.38
1977.95
1481.06
1989.18
1812.62
1973.99
1841.93
927.337
375.117
868.228
545.733
756.66
707.473
758.409
722.809
1924.09
1423.71
1885.67
1518.61
1741.75
1673.6
1723.08
1665.77
895.787
508.864
1084.15
433.009
674.33
860.522
690.56
830.682
1335.96
1827.12
1234.41
725.716
1359.13
1691.54
934.866
1358.49
1218.12
840.858
1273.57
1723.15
1253.33
1094.95
1414.83
1263.62
1818.73
1274.08
737.31
1475.64
1621.2
1370.52
1422.42
1186.61
1729.05
1397.91
820.407
1268.48
1581.02
1380.89
1266.76
1031.09
1641.02
1608.31
1477.88
1332.58
1671.63
1832.14
1515.37
1676.85
1098.44
964.404
1036.11
697.131
1043.08
1061.76
1025.03
996.399
1684.98
1400.04
1902.9
1488.48
1651.27
1603.37
1691.81
1570.08
783.414
578.652
836.64
454.732
733.039
731.243
729.791
727.733
1599.92
1447.04
1250.33
848.645
1636.47
1573.12
960.674
1286.07
1542.37
861.711
1209
1528.53
1399.18
1205.61
1275.97
1194.56
1413.14
1108.37
847.761
1124.83
1288.78
1174.63
1180.47
1091.52
1476.66
1122.47
818.121
1175.28
1409.75
1192.98
1154.75
893.498
213.409
276.033
200.841
184.351
215.669
252.99
206.664
214.159
246.46
226.431
191.81
192.992
224.99
217.967
203.448
208.537
162.606
159.59
146.65
133.925
152.883
156.136
139.56
145.67
123.786
123.081
119.716
102.14
129.898
135.627
118.019
118.669
243.509
180.012
196.181
161.307
204.594
196.711
189.156
192.061
232.498
173.083
171.205
179.416
198.409
181.4
186.01
168.94
159.874
144.619
133.542
128.39
149.977
152.598
139.8
139.424
161.301
130.449
152.699
164.294
149.524
141.599
152.854
149.102
22.6885
22.7562
22.6081
26.7672
23.0448
22.6634
23.1973
22.8656
22.7495
25.2463
26.4278
37.5394
25.2724
25.3893
28.2486
28.041
23.2214
26.6577
24.0272
38.0118
29.059
25.4247
29.0035
27.1116
48.9267
63.6835
65.4963
184.176
86.2207
59.1162
92.6052
68.0475
23.3065
23.5788
33.47
36.4447
23.6237
23.9514
28.1779
29.0704
22.6251
36.5396
26.615
22.9725
23.1699
29.2978
23.463
29.6574
24.1959
37.5478
42.9805
60.2898
29.4176
34.7611
50.1532
44.5739
24.8375
66.3195
44.3463
31.4203
36.5577
61.0073
35.7151
70.1777
111.881
111.409
89.6329
86.7482
101.951
101.907
96.0244
95.2207
138.541
180.193
128.693
131.123
135.019
158.693
128.794
154.678
81.1782
92.7352
50.9585
55.4883
74.2501
82.419
61.296
77.589
65.2402
89.0225
47.753
41.7591
59.1252
75.8123
50.4099
70.683
102.34
84.0238
75.4881
93.4282
94.5316
89.6535
91.1117
86.0713
126.473
121.773
116.92
102.353
119.875
117.092
111.894
100.629
76.0061
73.399
91.349
56.4446
74.9615
84.8121
69.1489
78.0967
95.6096
81.283
119.69
111.745
92.4193
87.5354
96.4501
88.8759
22.3656
22.378
22.3538
23.4582
22.3778
22.3548
22.4513
22.412
22.3914
22.3657
22.3425
22.8189
22.4265
22.3875
22.4374
22.3613
22.3563
22.3401
22.3354
22.384
22.3642
22.3477
22.3413
22.3308
26.0946
24.2863
23.4743
28.8606
25.3121
24.544
26.0187
24.6685
22.4165
22.4007
23.7301
24.0222
22.6135
22.6672
23.7284
23.3433
22.3685
23.2976
22.343
22.3559
22.4752
22.5448
22.3641
22.3638
22.4269
23.7947
23.6841
22.6177
22.7874
23.4182
22.7164
23.2887
22.39
22.4951
23.0097
22.3396
22.4289
22.5007
22.3663
22.5049
2936.64
1613.11
2628.77
2191.92
2345.35
2398.96
2535.68
2552.45
1098.81
846.584
1704.42
2206.31
1089.81
1162.21
1715.71
1571.95
2529.06
2222.79
2446.1
2148.22
2403.54
2363.72
2358.03
2331.02
2600.43
2483.57
2261.52
1748.25
2447.44
2493.14
2219.74
2352.44
1441.61
2483.78
2155.64
1953.56
1937.92
2392.79
1986.01
2208.85
1446.62
2036.94
1966.21
2475.77
1835.38
1870.13
2031.21
1964.13
2455.49
2312.59
2303.28
2160.54
2254.95
2343.06
2287.55
2353.71
2450.49
2179.66
2223.63
2076.89
2355.89
2266.78
2132.42
2240.55
2541.79
2313.74
2450.96
2274.7
2429.57
2418.33
2474.03
2445.75
1702.53
817.662
1311.93
2022.66
1627.39
1253.27
1648.57
1383.35
2212.41
1615.03
2041.48
2058.22
2079.31
1921.51
2060.11
1924.36
2253.63
2422.91
2272.77
1941.69
2289.73
2307.95
2260.39
2281.67
2209.03
2359.34
2211.67
2219.38
2218.14
2344.83
2241.23
2283.6
1946.81
2039.1
1599.19
2111.83
2024.74
1898.21
1935.46
1893.18
2330.38
2218.78
2208.35
2330.08
2415.47
2285.03
2296.79
2235.24
2134.94
2113.15
2070.02
1661.08
2020.11
2078.27
1882.71
1984.99
22.4131
22.5418
22.5191
23.7443
22.7748
22.786
23.2799
23.0269
22.7287
25.657
24.0503
30.0306
25.1575
24.9695
27.7437
26.826
22.9292
24.1091
23.9486
33.8868
25.3321
24.42
29.8627
27.9506
33.4913
48.9484
52.6728
82.2936
41.8364
33.3735
60.7436
64.5896
23.373
23.0958
25.3975
26.9676
24.7919
23.4908
25.7384
25.2485
23.0316
27.5852
24.6078
23.2316
23.683
25.3408
22.763
25.1713
24.5407
28.1334
32.978
34.7089
25.6225
26.1771
27.114
27.8941
23.9392
33.435
35.0326
26.961
25.963
28.2596
27.8679
33.3137
22.3827
22.4423
22.3597
23.3545
22.4252
22.3879
22.4687
22.3856
22.7339
24.0342
22.7406
29.3446
23.5698
23.4953
24.2989
23.7421
22.3602
22.5667
23.1414
25.0855
22.4563
22.4297
22.5965
22.5977
33.8408
33.6149
32.3944
62.6128
43.1873
33.9726
48.9755
39.178
22.6847
22.4221
25.8583
29.3304
22.9845
22.6741
24.8187
24.288
22.6043
28.1838
22.552
22.3769
22.6799
23.5582
22.449
22.9044
22.4742
26.5499
31.7891
25.3973
23.4577
25.1986
25.0582
29.0477
22.3883
24.8139
30.8951
22.7797
22.7146
24.0518
23.1686
25.7875
464.557
663.508
495.56
469.932
469.724
494.728
427.303
500.355
824.855
942.817
829.794
943.264
870.624
848.468
877.181
875.053
640.065
787.862
777.719
799.79
713.899
727.4
755.696
782.571
478
762.896
679.724
439.075
489.782
686.444
460.135
702.334
674.388
542.92
457.843
729.414
647.114
558.668
685.564
569.353
676.819
783.738
755.229
571.884
689.394
758.212
681.278
743.647
555.314
439.011
727.138
628.957
591.896
615.118
625.978
679.147
608.586
767.653
825.577
798.463
686.589
711.065
771.69
816.679
190.255
186.245
219.786
152.848
179.736
195.802
169.769
183.859
197.374
214.201
224.57
168.678
189.383
212.296
184.539
209.703
279.197
233.483
207.704
211.068
263.165
252.371
249.17
230.876
126.4
128.456
153.826
77.4293
113.085
134.959
104.534
128.495
165.708
213.522
141.725
150.883
163.406
166.814
159.072
156.99
188.332
176.733
234.634
227.892
190.313
193.752
230.706
225.615
207.511
137.296
144.892
179.073
195.036
153.432
188.016
148.184
229.573
211.021
171.118
229.475
229.879
215.305
222.733
209.756
2004.81
1535.63
1623
1413.79
1686.54
1572.4
1659.33
1580.94
1272.57
1124.25
1309
1190.93
1191.9
1168.96
1225.99
1227.7
1025.69
1177.37
598.125
1298.55
1065.71
1138.36
1072.96
1113.51
1313.8
1402.87
1612.35
1646.01
1408.66
1429.79
1460.26
1560.68
1423.17
1707.41
1352.55
1249.73
1401.93
1500.21
1268.74
1304.36
1335.67
1229.84
1341.29
1565.74
1368.62
1274.14
1495.86
1382.45
1347.79
1330.21
1323.29
1422.89
1133.38
1311.33
1227.33
1329.32
1388.05
1704.15
1291.44
1389.63
1377.32
1334.31
1371.01
1303.98
3194.26
524.854
336.17
981.766
1557.1
621.565
879.511
449.473
182.832
127.934
77.61
320.28
153.58
132.424
204.735
134.213
58.0261
48.2103
36.5147
84.2216
63.2824
47.4936
67.5182
50.4418
846.029
521.439
228.912
1364.2
1058.6
573.181
1015.77
522.975
288.591
244.734
572.971
337.754
217.09
308.8
230.663
346.059
196.366
294.225
68.3744
151.449
175.774
205.092
121.363
107.859
189.259
589.142
369.025
211.091
213.117
367.104
228.975
422.17
112.865
158.952
259.228
72.5141
86.7399
147.262
91.7803
114.398
39.4616
88.5804
66.8355
67.9947
44.58
60.2669
54.1737
73.3384
328.385
3058.85
464.237
757.941
636.5
800.169
679.566
844.47
92.2013
348.599
234.611
267.335
134.659
161.144
180.324
205.7
178.398
418.924
318.928
333.764
286.682
417.547
315.224
425.807
184.792
79.7429
132.905
289.224
246.515
110.95
279.673
212.467
319.139
436.62
450.064
105.43
338.696
378.466
299.126
339.253
94.6592
183.561
357.718
292.258
183.402
306.284
257.173
315.975
114.144
328.014
445.845
436.343
182.086
283.906
392.517
417.023
22.3722
22.3533
22.4237
22.7847
22.462
22.3699
22.5265
22.4551
22.3502
22.4085
22.6515
23.1388
22.4956
22.4126
22.6718
22.7016
22.9181
22.4934
22.4727
26.2658
23.5957
22.5769
23.83
22.7723
25.7074
27.097
34.7482
38.05
30.4553
28.9094
33.7411
31.22
22.3629
22.6284
23.9453
23.3728
22.4015
22.6096
22.6152
23.8313
22.3492
23.5613
22.4867
22.4749
22.3752
22.7085
22.4704
22.6514
22.8889
25.1476
24.6657
28.467
25.4586
26.2652
28.217
28.0736
23.098
25.5637
24.5145
22.6034
24.3867
24.7574
23.187
24.4694
2248
1930.35
1636.05
1889.32
1870.04
1819.35
1824.84
1737.84
1157.25
473.949
1016.01
483.19
842.609
858.191
769.838
855.036
1340.62
1214.69
1219.17
914.909
1289.58
1320.07
1055.61
1150.3
1218.68
640.316
755.213
586.791
852.195
859.527
682.802
753.747
1496.53
1421.29
1378.66
886.347
1398.72
1420.09
1253.38
1363.23
1493.41
888.282
1227.05
1415.72
1454.03
1133.43
1417.19
1234.19
1319.71
1215.86
785.688
829.519
1273.52
1285.94
1058.52
962.26
1383.4
896.996
829.856
1048.64
1243.03
1073.7
1016.07
875.737
125.385
127.271
114.572
109.811
119.523
126.52
114.911
120.053
145.468
170.665
139.591
134.287
155.333
155.497
137.26
144.124
114.896
124.007
117.185
103.541
119.079
123.001
109.919
115.715
91.1898
98.9721
88.7016
57.0586
87.7777
92.0017
69.6409
77.0296
136.645
119.785
115.705
123.882
132.723
128.648
127.85
124.834
141.188
126.196
131.009
119.525
138.453
132.851
132.675
132.739
106.729
99.7066
104.308
93.07
108.166
109.045
109.169
103.519
111.735
98.3792
109.706
118.959
115.067
110.758
116.464
115.126
23.6404
23.7686
22.8427
33.4507
27.6246
24.3841
29.7625
25.5959
24.9981
24.4509
22.8784
31.8537
29.0344
25.3457
31.1768
25.8663
22.5858
22.5791
22.4301
23.9233
22.9796
22.7878
22.965
22.7491
43.6873
42.9088
32.1608
68.989
55.9962
38.7511
56.9231
44.2358
27.5112
24.7374
38.6553
35.6458
30.8315
27.1433
36.7058
29.2251
24.2622
27.763
23.4219
23.3131
26.1386
26.5571
23.0684
24.3495
24.9977
34.3112
32.7078
26.6534
27.0444
29.6822
26.784
31.029
23.6735
25.3115
27.5228
23.3719
23.7405
24.54
24.6183
25.8651
22.5047
22.9484
24.4045
35.0283
23.7761
22.9349
25.8889
27.0085
24.8377
38.2984
36.5112
154.102
50.9893
38.3564
99.4114
101.145
27.9532
35.7651
30.0137
127.521
39.9134
31.3478
56.4137
61.2901
122.354
317.91
327.532
572.703
386.261
328.324
453.179
430.424
33.1855
29.7374
82.1788
188.84
48.4618
52.7902
80.1058
71.3383
26.2661
159.85
35.8099
26.1616
52.0609
116.888
29.5774
52.3477
31.9264
101.736
250.113
217.007
50.7558
110.678
195.702
261.181
33.6448
209.457
253.049
53.4204
98.7268
167.053
66.5607
224.608
25.9058
25.8814
25.4247
87.5204
32.9972
26.55
40.3188
31.5264
25.1533
23.2607
22.7971
41.4352
26.2778
23.4481
30.0028
23.9219
23.1414
22.4226
23.5095
34.8405
23.5588
22.6071
26.1404
24.2764
123.779
70.7739
93.1512
326.309
97.396
59.0237
169.003
105.183
30.8912
24.2084
66.545
78.8225
34.4255
29.7386
66.0971
44.6253
25.4452
58.9152
23.8652
23.4738
29.404
35.0027
25.3704
27.9606
24.6884
54.2362
40.6852
50.1125
30.5994
36.2972
33.5513
36.9635
24.1689
43.9438
31.4505
22.7083
24.6902
30.5672
24.1837
25.7339
1308.35
1521.28
777.77
984.035
1286.66
1270.72
1104.99
998.068
1626.67
1022.06
1173.17
1470.82
1532.01
1497.42
1438.51
1351.79
538.128
716.136
424.447
333.276
472.414
577.337
368.386
481.332
711.962
849.981
280.324
471.427
613.428
423.072
520.759
326.121
1362.05
643.115
893.399
978.826
1142.17
853.907
1108.13
777.04
1277
947.905
943.795
652.197
1131.54
1018.07
1006.76
920.486
497.368
785.886
852.112
315.987
467.406
612.647
378.52
491.086
559.158
349.473
834.638
811.728
533.119
477.371
797.344
740.716
1658.84
225.091
415.01
445.591
713.274
307.302
619.743
330.771
75.798
33.776
74.3259
63.9139
52.9262
41.1632
53.4193
49.3636
567.843
474.639
1791.87
510.891
603.267
591.256
657.149
715.8
212.812
112.12
231.706
169.071
173.228
131.845
173.711
143.612
160.277
328.076
242.95
111.232
170.486
209.451
167.056
194.112
115.782
73.3692
160.839
380.244
168.584
73.6641
269.738
180.025
348.988
253.669
113.655
267.221
300.857
231.608
246.182
154.096
416.658
296.552
96.9098
230.431
341.356
262.743
206.103
197.515
2229.44
1859.68
1891.97
1690.55
1770.32
1840.6
1781.13
1780.99
1177.85
799.676
727.547
725.075
792.098
765.515
765.18
740.213
1007.33
771.271
428.791
459.853
803.37
711.146
529.818
541.5
1069.11
721.877
487.92
543.986
669.805
654.22
589.532
595.849
1315.23
1402.91
1120.84
808.151
1230.7
1289.08
1124.41
1129.36
1212.65
743.747
741.485
1287.19
1216.1
792.119
1261.79
776.02
1204.63
1128.71
783.141
505.799
1134.77
1119.31
641.776
764.285
1188.85
504.108
714.992
732.298
800.111
593.157
712.065
588.681
38.1272
68.4609
78.3706
63.6076
44.5773
55.4519
54.8344
67.9197
110.652
299.619
225.323
219.55
131.185
219.383
163.685
222.48
441.432
611.015
2646.55
722.674
547.977
795.275
673.593
924.499
218.89
352.31
471.996
379.128
267.954
336.245
356.509
406.368
85.9984
160.013
90.3249
170.17
103.697
81.5669
104.398
135.381
108.932
258.828
326.099
270.191
151.119
237.407
309.879
310.584
288.439
149.667
256.823
460.338
287.817
174.219
383.842
274.596
311.126
571.452
309.236
353.594
407.814
490.165
340.744
427.1
231.456
316.566
257.595
247.705
253.574
270.379
246.703
271.136
576.119
1423.14
2181.48
770.591
1019.9
1323.3
942.531
1339.65
427.571
1265.1
392.721
1024.61
837.266
926.194
773.684
922.816
298.159
517.384
724.444
393.266
410.258
486.229
386.934
496.745
422.238
411.906
307.399
585.28
398.289
369.457
363.273
328.564
498.75
711.222
2109.27
475.124
518.574
916.018
786.882
1690.88
389.016
309.703
566.13
713.376
407.732
334.287
753.289
514.614
484.048
1031.18
735.613
2135.97
1063.51
1003.44
1497.97
1376.28
1168.45
1249.79
1398.56
1036.46
1215.29
1267.89
1223.1
1323.17
1402.95
1884.72
1684.52
1279.76
1446.01
1511.41
1459.14
1551.87
1716.4
1857.9
2160.18
1487.21
1786.99
1869.96
1802.62
1987.42
742.078
764.818
863.061
451.17
725.87
746.148
705.122
751.587
1290.33
1460.67
1044.46
1078.8
1307.3
1325.18
1058.24
1085.84
1341.05
1127.51
1606.48
1524.04
1401.58
1419.61
1470.34
1535.86
1472.4
1034.38
1062.27
1175.88
1188.93
1120.03
1210.94
1096.25
1600.71
1325.58
1137.76
1679.46
1599.53
1295.96
1557.57
1312.17
1856.23
893.462
369.134
602.881
1058.12
817.44
539.735
466.86
745.41
2891.45
444.718
650.438
760.136
738.917
617.743
605.586
111.001
95.3205
40.8086
71.9154
88.1222
64.4563
63.4616
51.3443
307.102
361.57
142.744
359.381
343.901
270.056
248.402
160.723
722.762
273.22
482.676
478.722
514.425
347.21
530.778
392.034
578.189
426.109
231.725
240.477
435.155
397.921
353.27
315.094
166.914
286.772
336.161
142.961
190.017
255.602
211.747
243.909
135.911
106.372
306.739
163.844
143.421
193.174
282.217
283.396
22.3378
22.3413
22.347
22.5542
22.3241
22.3487
22.3362
22.3459
22.3536
22.3755
22.6901
22.8959
22.477
22.4811
22.8484
22.9089
22.717
22.7911
22.9234
24.7588
23.5953
22.9354
24.1214
23.6155
24.5232
27.9583
29.7424
29.4754
27.0476
29.6469
28.1294
30.7244
22.3492
22.4843
23.296
23.2148
22.403
22.4774
22.7467
23.4496
22.3653
22.9909
22.5335
22.4298
22.4001
22.6886
22.3851
22.7117
22.7168
24.1497
25.0663
28.2736
24.431
25.7668
27.8067
28.1258
22.8622
25.9154
24.0329
23.1045
24.7205
25.2051
23.537
24.2242
2248.4
603.787
230.121
543.422
990.289
540.897
396.115
271.909
774.859
2444.47
716.03
791.021
1080.7
1368.02
854.437
950.153
127.231
150.027
45.6111
74.6421
94.1006
78.3076
68.8074
57.0967
471.382
341.017
180.408
280.834
337.634
300.132
265.796
207.737
551.831
258.006
396.482
415.072
365.391
283.773
382.514
322.989
547.297
436.111
411.819
232.276
401.916
432.514
346.631
423.355
216.033
412.732
342.399
188.129
287.098
321.21
255.118
279.322
165.659
118.151
360.652
253.319
148.184
226.8
334.061
341.436
1956.49
1592.06
1482.68
1227.86
1754.83
1558.77
1651.09
1543.01
1693.57
1972.23
1565.4
1536.2
1696.86
1787.59
1573.26
1628.41
1173.99
1296.68
1148.59
1128.98
1201.26
1213
1144.11
1183.72
820.867
986.189
907.607
534.588
822.171
950.367
804.733
909.107
1592.63
1320.55
1152.49
1252.2
1467.44
1368.8
1252.78
1216.76
1573.43
1425.12
1425.53
1299.29
1471.1
1467.44
1395.96
1402.99
1233.4
1082.14
1147.68
1051.16
1119.86
1155.88
1082.32
1082.62
1222.93
1135.39
1333.1
1339.48
1239.01
1200.82
1321.12
1299.05
863.413
867.817
836.818
881.182
870.734
878.429
874.07
885.486
938.484
1127.66
877.684
1154.78
1054.67
1037.27
1077.06
1053.76
638.725
596.858
402.588
521.352
588.988
557.108
536.514
524.118
806.433
1056.76
699.189
993.077
948.336
954.196
887.395
921.333
903.031
746.813
893.206
1034.57
915.728
906.213
945.536
920.479
888.549
1047.33
801.066
719.957
899.599
1003.5
743.554
827.289
727.033
843.77
1016.81
673.487
722.798
899.748
701.331
945.499
717.507
697.663
1046.62
791.116
768.014
726.312
818.926
854.619
37.7304
61.3014
89.1917
66.6257
49.4403
63.0383
63.302
80.0596
102.038
177.652
357.691
312.038
130.547
193.898
222.36
261.358
565.711
680.655
2417.91
509.311
611.394
683.211
771.927
850.484
110.801
279.579
292.268
204.761
142.264
207.847
208.149
220.655
75.2407
219.97
88.861
163.263
131.175
96.3313
136.427
118.78
108.475
220.334
276.908
360.453
139.315
185.544
273.813
263.724
331.787
122.755
233.79
294.497
260.85
150.053
272.677
194.888
403.769
320.586
273.481
413.995
455.522
320.717
423.691
388.468
225.317
306.27
236.267
225.281
250.411
252.879
230.457
246.373
424.503
740.959
506.986
630.311
639.033
627.37
575.515
592.635
211.547
294.414
179.765
179.749
223.799
231.116
178.594
197.003
226.563
460.051
225.204
285.507
263.698
301.84
259.127
304.84
341.365
247.91
243.26
478.613
301.013
261.542
315.524
246.668
336.449
481.504
389.072
243.134
310.973
462.455
281.9
395.615
217.056
220.073
426.426
193.599
213.573
235.666
250.919
319.175
219.218
215.383
452.223
342.787
252.231
252.547
329.708
368.358
1298.05
1183.18
978.132
905.627
1225.58
1184.6
1043.96
1028.64
953.113
663.587
593.049
499.403
779.183
750.606
577.01
584.197
638.803
478.705
373.657
260.728
521.811
500.742
373.361
380.38
412.284
245.227
162.149
90.7192
260.986
260.756
143.869
159.984
1031.19
852.531
775.606
556.276
807.625
853.283
726.961
758.66
995.055
537.303
614.454
818.225
810.27
629.158
799.609
643.91
674.187
548.065
339.19
250.683
544.04
564.904
416.932
381.63
672.437
262.071
361.853
463.623
494.423
396.941
451.945
376.949
29.5596
28.3407
24.011
50.9981
32.8204
28.4983
36.7988
30.7739
28.0912
26.9867
24.1701
41.7866
32.7645
28.0486
38.424
32.7134
24.2702
23.3639
23.5601
32.0902
26.8849
24.6679
28.0471
26.0015
72.518
72.5216
57.7146
138.874
92.9531
84.0212
98.9657
87.4466
33.0399
27.2227
57.7262
53.599
38.2206
37.3874
43.5777
47.4699
28.4758
44.1279
25.176
25.0797
31.5552
37.5996
24.2417
27.2969
28.8681
60.3264
57.6527
48.9459
38.6687
57.8255
44.75
64.0439
26.4049
41.4266
47.5363
26.7292
27.8294
34.7941
28.1016
31.899
1242.98
1417.75
1243.6
1012.22
1291.78
1348.89
1220.99
1288.14
1556.57
1714.08
1699.14
1180.88
1612.93
1667.71
1622.51
1698.81
1507.05
1736.72
1853.67
1502.57
1586.67
1659.63
1605.13
1706.76
580.651
579.821
731.773
335.299
571.292
585.573
549.374
552.64
1472.46
1305.13
1035.71
1099.3
1416.14
1341.2
1071.58
1043.71
1504.34
1136.02
1610.88
1373.49
1474.93
1526.33
1448.66
1514.16
1256.27
970.528
1029.74
995.398
1013.05
976.974
1032.22
968.34
1343.58
1103.97
1101.46
1634.72
1378.79
1093.01
1486.51
1127.24
22.4045
22.8624
23.0491
28.2734
22.7285
22.5565
24.1213
23.8731
40.0614
40.1715
204.42
769.726
155.06
116.125
453.154
402.684
27.663
64.6585
38.6785
192.934
50.4953
33.0359
89.3688
73.6547
176.411
867.115
539.864
1153.52
552.911
505.968
797.284
800.646
26.8701
25.798
55.3237
347.913
46.0558
27.8024
79.6625
43.6499
25.4908
342.114
65.5722
23.8544
44.3776
156.042
28.0914
78.5542
41.046
130.37
560.155
337.817
88.5859
125.791
227.945
281.241
38.3718
331.324
581.583
162.576
85.129
174.857
188.36
301.511
3182.88
627.162
323.575
522.9
726.385
638.014
610.442
535.373
334.75
38.6785
26.8462
76.4532
97.4321
61.6152
77.8115
51.1276
52.3412
24.0278
28.9175
38.125
35.7394
30.5047
33.0877
29.3622
176.691
94.4181
61.1229
120.391
101.775
96.178
99.2078
83.7601
301.898
155.537
240.992
104.269
241.388
263.104
213.162
232.74
285.569
89.5685
33.6476
132.116
198.334
86.7944
91.7287
43.1726
122.339
192.969
91.1272
61.132
117.926
167.856
65.6616
96.6337
96.7975
48.4345
73.5216
31.7764
43.3609
49.3937
37.4585
40.8305
22.336
22.3362
22.3375
22.2939
22.3156
22.3364
22.297
22.3141
22.3758
22.4078
22.337
22.43
22.389
22.3536
22.385
22.3266
22.3388
22.3394
22.3723
22.4509
22.3194
22.3389
22.3509
22.3571
22.8266
22.9597
23.0179
26.269
23.343
23.2345
25.5254
23.8685
22.3187
22.314
22.3669
22.3985
22.3078
22.3107
22.327
22.3298
22.3424
22.3703
22.3352
22.3374
22.3167
22.3246
22.3358
22.3124
22.2949
22.489
22.5332
22.437
22.3399
22.4259
22.3621
22.4969
22.3134
22.4521
22.4687
22.3153
22.3002
22.312
22.294
22.3926
32.4704
24.5982
40.0734
54.5697
35.0033
28.5332
39.4387
34.2218
22.9945
22.5128
23.9198
26.6004
23.0568
22.9893
24.3535
23.6432
51.544
36.1125
93.5835
189.883
63.0405
61.7634
74.8808
76.2517
106.234
52.6295
226.333
162.56
112.041
96.2522
121.523
124.651
25.2624
40.0635
59.9436
35.3724
26.9122
32.8496
31.0674
39.3665
24.7808
31.0142
27.0732
34.152
25.1375
27.4066
27.132
29.7293
47.2848
76.1704
42.5957
153.619
77.2901
53.8275
85.2806
58.9926
44.3071
118.94
35.589
28.9242
42.835
54.5551
32.1585
41.1562
2122.88
1740.42
1564.24
1787.2
1854.52
1743.89
1788.24
1680.08
1416.81
1157.07
1036.44
1107.48
1188.41
1129.59
1093.82
1063.88
1263.1
1168
1304.73
1484.58
1256.05
1218.32
1413
1353.3
1206.99
993.99
1024.5
616.324
1104.25
1087.87
884.883
919.268
1405.15
1469.98
1562.61
1160.51
1335
1484.84
1343.57
1520.73
1328.72
1114.35
1065.63
1384.39
1245.96
1103.29
1187.91
1100.55
1383.11
1466.56
1056.22
1298.7
1414.11
1463
1325.4
1238.39
1324.3
1349.2
1041.97
1150.15
1282.96
1352.66
1148.19
1135.25
25.5641
24.0132
25.632
41.1101
30.013
24.4316
32.9006
27.9799
22.9382
22.4759
22.7021
24.3209
23.0485
22.4759
23.1281
22.6266
27.8051
23.8846
27.4397
39.1551
31.4047
24.5789
32.4851
28.7497
67.9931
41.0198
68.908
117.941
80.0264
49.564
82.9702
65.5459
24.215
28.9182
47.7746
27.5393
24.7237
27.8731
25.8079
31.2044
22.9192
25.5463
22.9784
24.2463
23.5123
23.773
23.462
23.6447
31.3212
53.2826
31.5797
46.9789
38.8547
41.329
45.6569
49.6564
28.9017
43.8136
26.6887
23.866
31.7215
33.3892
24.8288
29.1302
2025.98
1639.1
1694.12
2051.72
1960.33
1812.28
1880.84
1781.31
1309.96
693.703
1204.55
1715.96
1340.31
1147.33
1349.41
1216.44
1529.67
1406.08
1405.03
1649.92
1546.35
1487.15
1530.28
1474.14
2266.96
2171.34
2019.85
2053.59
2234.9
2151.31
2169.64
2113.37
1680.8
1642.25
2101.82
2023.33
1686.51
1683.71
2041.66
2037.23
1594
1895.36
1432.23
1575.2
1606.45
1567.7
1529.88
1512.97
1629.49
2037.17
1981.43
1796.01
1885.43
1981.1
1858.9
1941.68
1586.51
1731.2
1891.61
1428.01
1605.66
1767.12
1484.93
1824.35
205.585
229.771
251.446
204.148
210.37
220.296
209.836
219.336
267.131
394.098
362.685
368.748
377.829
371.839
359.673
361.69
297.647
353.081
292.606
314.685
324.636
348.469
325.73
360.075
192.556
330.768
246.719
179.66
233.358
261.807
205.444
218.222
231.038
253.304
210.876
328.556
229.207
217.869
228.673
214.144
233.566
344.804
347.695
278.043
239.361
336.321
265.183
335.887
290.929
203.47
315.543
291.516
252.009
215.627
279.797
261.718
299.665
325.88
326.442
345.496
313.439
303.886
335.299
326.106
24.5472
23.1779
22.5537
26.0765
23.9526
22.7259
23.67
23.0763
22.4355
22.4023
22.3659
22.8229
22.4512
22.4101
22.4933
22.415
22.3904
22.3608
22.3531
22.6917
22.4925
22.4032
22.5517
22.4348
28.6653
25.8112
24.7104
32.4162
26.801
25.6361
27.8226
26.2681
22.6949
22.5205
24.7503
23.75
22.7233
22.8567
23.2743
23.7057
22.4236
23.2241
22.3772
22.4034
22.5381
22.6688
22.3907
22.4543
22.6075
25.1296
23.6897
24.1301
23.3549
24.6924
23.6952
23.8737
22.4685
23.4103
23.1563
22.4031
22.5689
23.0739
22.462
22.6176
180.982
151.203
119.133
117.298
154.318
149.74
140.047
138.617
137.7
159.154
126.658
133.15
138.65
143.032
133.613
141.234
105.66
106.59
115.734
90.2856
101.063
104.05
96.5404
103.204
96.2398
116.694
84.7541
81.3531
104.052
104.265
85.2758
89.4526
130.904
110.191
112.347
125.046
120.9
115.697
119.348
112.275
129.419
123.371
113.19
112.12
125.116
124.615
115.511
113.026
101.142
99.5207
115.441
85.1803
98.8027
103.444
95.219
110.715
107.023
87.103
115.931
107.609
95.4875
93.0938
102.859
101.491
34.2517
84.606
49.1541
69.0693
38.915
48.9906
43.1285
52.84
435.352
3555.39
666.846
675.948
613.278
971.369
812.059
1020.61
116.717
301.189
166.902
227.138
143.653
194.33
196.375
203.402
269.256
396.244
281.901
424.815
289.398
288.506
322.505
312.766
127.732
64.4058
97.994
266.221
158.272
71.8972
224.247
145.274
196.831
350.276
302.246
112.935
194.115
316.219
244.232
273.284
76.4477
139.128
299.158
252.463
200.618
169.729
210.189
190.526
106.825
258.953
342.433
319.186
177.367
243.982
323.662
325.173
1284.96
1384.88
1396.53
1498.27
1342.34
1390.43
1439.77
1486.59
1686.89
2686.68
1794.58
1868.02
1800.01
2148.76
1779.02
1900.46
1310.43
1458.04
1160.98
1489.86
1361.51
1289.52
1382.05
1312.56
1821.02
2022.4
1908.36
1981.43
1925.02
2047.52
2029.39
2054.45
1463.4
1460.08
1591.29
1722.34
1546.05
1572.37
1623.62
1673.03
1550.65
1802.49
1595.66
1398.74
1594.39
1696.48
1510.78
1593.42
1540.45
1772
1889.25
1782.94
1653.02
1816.39
1712.34
1928.38
1452.65
1727.05
1951.5
1666.28
1545.94
1645.64
1695.79
1805.57
1107.79
1181.24
1310.69
1219.03
1154.47
1209.31
1184.94
1256.17
1067.76
975.742
911.845
946.613
986.073
955.684
989.666
935.223
1171.78
921.792
656.802
1078.2
1123.34
978.967
1143.02
900.385
1495.62
941.261
877.919
1415.28
1850.66
1110.07
1707.38
807.798
1225.3
1359.21
1337.22
1110.79
1226.78
1292.26
1211.8
1319.31
1114.53
962.532
937.851
1207.59
1098.7
996.319
1118.98
1029.83
1373.03
1354.22
1112.66
1583.04
1371.32
1349.09
1589.07
1301.44
1192.99
925.143
910.947
902.627
1122.07
1121.58
1028.32
929.561
1057.3
1107.97
1028.3
1223.81
1142.24
1102.98
1168.67
1124.08
1062.3
993.879
937.085
962.004
993.817
980.062
990.189
987.159
956.893
892.862
989.935
1028.57
936.446
926.53
1013.19
972.678
1144.53
929.369
926.756
596.387
957.179
933.857
797.556
795.108
1115.17
1048.88
1178.04
977.196
1129.99
1143.97
1123.61
1156.63
1091.21
969.161
908.826
1000.65
1106.79
999.559
1027.14
937.625
1030.66
1150
953.585
961.806
1064.21
1124.11
942.161
973.237
976.376
931.034
941.303
898.442
909.935
920.086
909.787
917.049
1123.09
1301.33
1207.76
1512.98
1193.9
1212.26
1276.74
1277.39
1569.57
1945.45
1553.54
1940.61
1655.64
1729.08
1662.81
1748.96
1194.61
1261.56
792.879
1904.43
1233.52
1217.37
1308.08
1247.31
1968.77
2178.18
2261.26
1999.78
2076.92
2112.72
2176.55
2240.8
1378.32
1275.19
1631.38
1859.88
1438.85
1369.18
1734.89
1672.1
1420.17
1903.71
1507.8
1317.46
1459.01
1555.46
1401.98
1475.5
1328.41
1730.1
2000.79
2002.91
1811.31
1805.23
1903.24
1885.46
1353.57
2001.84
2032.29
1554.37
1450.26
1925.73
1562.5
1915.6
22.4413
22.4622
22.4354
23.4195
22.4985
22.403
22.8696
22.5496
22.4897
22.5726
22.5195
23.8236
22.7282
22.6139
23.0134
22.7565
22.4703
22.4572
22.4662
23.1169
22.5571
22.4925
22.6639
22.5502
29.3561
28.5003
30.0581
50.8027
31.9779
30.2383
43.3306
36.6179
22.5703
22.5702
24.7641
24.9184
22.6668
22.7885
23.884
24.3188
22.4118
24.2363
22.5147
22.4924
22.566
22.871
22.4219
22.5943
22.7115
27.0594
25.5723
25.2537
23.6015
25.3
25.1183
27.0654
22.6023
24.6041
24.6244
22.5567
22.6815
24.0824
22.7452
23.5483
22.3706
22.3586
22.4442
23.0783
22.3647
22.3566
22.4048
22.3864
22.3731
22.4265
22.7497
22.9635
22.4786
22.4227
22.6677
22.715
23.299
24.906
28.5395
33.6941
27.5332
25.2998
30.102
28.6333
25.6333
28.2582
35.9826
35.2897
29.4478
30.2805
32.3268
32.2361
22.5248
22.5744
23.7453
24.3427
22.8254
22.99
23.1688
23.5877
22.4808
23.551
22.7403
22.4566
22.778
22.9745
22.541
23.173
22.794
25.1201
26.2376
32.7596
25.1075
25.9666
31.978
29.5876
22.9429
31.9454
24.9297
23.6301
27.4288
29.6236
24.9143
28.7807
1607.8
1407.54
1969.53
1800.14
1639.24
1619.36
1755.22
1772.68
1385.62
1496.1
1654.98
1429.23
1404.8
1495.08
1465.41
1539.5
2511.29
2123.3
3354.93
2212.97
2365.16
2430.9
2535.11
2611.56
2039.35
1653.14
1928.53
2446.38
2082.36
1755.19
2208.54
1833.62
1434.11
1926
1809.71
1531.52
1546
1730.09
1519.8
1648.36
1515.77
1526.07
1798.1
2015.74
1635.11
1592.9
1824.2
1749.25
2066.88
1902.63
1623.05
1992.83
1875.33
1751.43
1867.3
1739.43
2170.45
2036.2
1609.54
1908.19
2062.83
1905.13
1867.4
1749.47
23.0016
22.4967
22.4983
25.9085
22.9702
22.5057
23.0979
22.5916
22.3882
22.3993
22.5836
24.6438
22.4384
22.3619
22.6499
22.7263
22.5957
22.5188
22.472
25.2469
22.9613
22.5511
23.0458
22.7746
33.78
29.0097
35.9864
83.5972
39.8912
31.4577
43.6132
35.6096
22.5136
22.6259
26.6714
24.595
22.516
22.6167
22.9907
23.5289
22.3714
24.6809
22.4783
22.4353
22.3964
22.6676
22.4308
22.6689
22.7967
26.8034
25.4007
30.8667
24.0687
25.4061
29.1885
28.1099
22.7566
29.9724
25.7714
22.7206
24.2498
26.9225
23.1066
26.4068
2537.07
897.78
511.547
864.571
1020.29
871.361
906.206
845.234
478.851
52.155
37.9342
221.519
168.794
86.9151
162.663
96.4558
68.0422
33.6415
29.9258
77.0038
57.9263
43.3501
51.7805
40.9689
790.723
631.393
328.788
1802.1
664.64
581.654
856.263
951.341
624.257
364.485
780.256
368.608
593.258
678.119
717.766
725.71
443.876
280.241
69.635
196.066
429.779
213.273
143.075
109.117
349.018
705.086
386.199
184.385
402.435
653.099
174.284
459.115
222.559
156.814
378.071
57.299
94.4504
135.108
86.6734
143.831
34.308
66.3001
26.376
48.8994
49.1048
54.9961
41.1649
38.1262
85.4287
175.926
70.4457
177.068
116.855
134.542
126.563
130.518
25.3168
39.1283
26.2001
42.974
36.9184
33.5992
35.3813
31.5945
90.1581
212.58
59.0197
150.378
153.162
129.846
118.385
91.7648
89.6797
54.7833
84.2958
235.47
124.426
55.6946
177.882
83.8686
73.4533
112.805
61.7013
39.2382
64.9815
93.2792
49.1926
64.7487
41.3004
73.2544
187.734
65.4998
40.9448
67.0183
68.9113
80.0484
35.7837
92.8697
145.769
51.9367
40.3246
100.255
58.3586
106.442
196.677
120.395
227.35
134.268
159.856
179.949
157.288
170.946
112.181
127.462
136.566
111.104
127.886
132.191
119.915
128.25
214.499
141.641
191.69
149.441
172.471
181.4
170.983
177.115
82.1705
78.4778
96.5205
53.0299
78.0001
88.2154
74.3971
82.9619
103.312
159.226
100.535
104.516
111.596
129.136
96.8918
114.937
116.979
115.79
146.441
175.801
123.895
125.065
138.116
135.989
163.219
100.715
89.85
119.113
132.453
111.729
113.436
94.4762
179.5
128.775
100.307
128.509
143.452
124.862
119.464
105.785
24.2851
22.393
22.7611
49.0885
24.8666
23.0775
28.9076
23.4845
22.3989
22.4551
22.3475
25.8708
22.6442
22.3705
22.7005
22.3713
22.5025
22.3547
22.3669
25.3353
22.6712
22.3919
22.9703
22.4318
175.798
37.2083
59.7931
652.907
187.623
45.5058
267.276
96.3038
22.4193
22.9106
49.6148
24.504
22.6564
23.6752
23.0936
25.752
22.3577
22.7376
22.4154
22.4911
22.3902
22.4899
22.4004
22.513
23.3916
74.2639
26.1251
30.3996
25.9335
28.1477
26.5481
28.6873
22.7309
25.5807
23.1637
22.4402
22.8939
24.1508
22.6222
22.7874
28.8472
31.2754
23.7925
41.2588
34.6283
28.3397
29.0406
27.1927
58.7543
90.3497
35.492
124.266
155.238
108.101
80.2675
59.9383
23.6067
29.8483
22.9725
26.744
27.7433
27.5988
26.7881
24.7841
152.545
158.359
45.0386
233.32
223.859
130.206
108.908
86.8121
47.2284
28.5207
69.7838
188.161
41.5802
32.9386
119.03
50.7583
36.1056
83.1406
34.0389
26.9346
35.144
42.6333
27.3444
34.4046
24.5715
54.2375
96.0286
39.3459
35.0787
57.6847
49.6924
64.8002
24.3252
33.8894
102.513
36.8083
29.7942
34.5467
39.2661
46.1727
1332.26
1350.51
1342.08
1585.02
1420.65
1333.74
1462.09
1390.66
1185.51
691.173
1105.77
1654.44
1186.24
978.773
1365.23
1126.87
1308.14
1146.02
1145.37
1465.93
1405.18
1224.9
1411.22
1224.53
1945.15
2100.5
1806.64
2070.97
2096.03
2107.41
2005.24
1923.38
1365.82
1440.49
1707.99
1801.24
1537.94
1534.89
1739.97
1687.98
1232.27
1652.8
1159.74
1259.02
1335.86
1436.67
1292.85
1385.99
1504.98
1831.7
1852.13
1741.14
1675.92
1731.48
1795.48
1861.03
1343.2
1561.89
1645.36
1192.59
1451.52
1638.56
1434.69
1624.23
761.096
630.983
764.116
802.586
718.772
708.429
791.079
753.363
453.525
303.392
457.663
381.682
348.121
356.29
406.97
406.145
810.507
675.342
1052.58
912.352
759.171
777.629
909.332
886.498
561.824
455.21
726.188
427.969
491.025
498.131
537.721
538.614
511.011
676.316
625.484
431.797
565.842
621.548
556.403
626.571
515.787
448.083
531.678
685.151
549.412
460.819
586.442
513.118
779.706
670.576
488.782
803.388
762.117
660.899
672.861
535.806
753.145
794.157
487.146
604.856
685.594
699.438
614.679
592.995
1015.69
530.439
608.874
850.041
936.47
677.258
895.544
594.277
406.728
348.673
216.198
257.488
343.383
307.166
285.986
248.268
316.419
204.532
235.084
278.817
294.008
233.861
288.512
244.121
649.272
251.148
402.828
396.333
556.889
421.187
516.961
351.967
418.523
585.483
745.645
281.695
366.362
518.644
327.896
524.841
313.872
233.639
229.805
366.211
281.009
250.29
273.597
250.723
621.765
729.126
268.267
510.063
567.241
477.492
512.692
416.29
355.984
319.749
198.189
220.948
313.176
329.324
226.731
206.478
142.764
157.807
144.28
111.509
132.98
144.241
120.379
138.532
185.225
228.565
186.077
135.046
182.401
190.73
146.669
173.318
158.101
197.156
245.414
157.669
159.463
184.994
163.806
190.442
97.9932
93.0568
99.1104
61.2739
87.3687
103.119
72.068
92.1608
152.916
139.274
114.276
120.349
128.929
132.928
120.671
125.516
161.895
147.979
179.053
150.056
151.153
152.293
162.16
164.759
124.911
109.749
110.187
105.023
119.973
118.448
114.13
112.887
146.788
141.69
146.149
184.259
150.449
143.83
165.934
161.795
22.7548
22.5261
22.6373
24.4975
23.5
22.7265
23.9932
23.3567
22.4729
22.3739
22.3462
22.9234
22.5263
22.368
22.4342
22.3422
22.5232
22.3517
22.5269
23.3849
22.54
22.4275
22.8048
22.5589
30.8797
24.9321
24.273
34.4706
30.3507
27.2166
31.7079
27.9026
22.6785
22.74
24.247
23.6569
22.9663
23.6061
23.6046
23.9315
22.4632
23.1062
22.3533
22.4601
22.5923
22.49
22.387
22.3694
22.7631
25.7641
23.9207
23.6195
23.6259
25.178
23.7275
25.6383
22.5534
23.2502
22.9907
22.3303
22.5154
22.7753
22.3526
22.4508
30.2288
55.3852
61.7519
30.0006
35.1473
43.4492
39.321
50.4139
201.365
1623.06
480.698
378.117
366.678
406.716
371.339
405.69
381.633
645.104
2851.81
587.102
633.301
698.281
642.218
780.626
35.0817
127.233
215.638
42.6889
61.5365
98.4236
74.1487
114.916
81.6795
117.287
43.5408
197.24
101.105
64.6418
72.8697
57.0439
140.01
267.4
481.513
212.165
149.693
301.462
247.132
446.314
147.535
54.3247
193.867
241.787
98.5254
75.1515
189.935
126.706
224.137
349.558
248.727
526.861
441.288
322.392
472.698
446.079
1289.65
1307.35
1347.06
1545.56
1393.55
1354.56
1466.09
1419.37
1335.94
1243.95
1411.57
1533.25
1411.29
1394.68
1527.31
1457.73
1322.54
1350.38
1154.72
1473.13
1407.57
1321.33
1387.35
1293.4
1866.92
1786.55
1799.25
2016.35
1898.69
1857.72
1963.01
1880.23
1482.54
1477.78
1714.45
1699.04
1568.56
1580.89
1625.38
1657.8
1450.17
1660.61
1463.02
1419.61
1515.11
1614.29
1428.15
1522.09
1509.53
1783.92
1756.97
1742.44
1595.27
1702.04
1707.68
1804.79
1454.26
1651.94
1672.45
1471.4
1565.7
1643.12
1545.71
1598.72
1204.47
1409.82
1050.62
1217.91
1230.78
1176.21
1201.85
1127.86
1661.8
2216.74
1642.93
1725.09
1747.51
1760.02
1584.94
1667.45
960.721
1172.86
793.473
739.226
963.35
974.34
758.192
785.198
1073.82
1051.43
769.136
589.891
1054.88
1049.08
680.212
741.157
1398.77
1069.64
1192.93
1534.5
1348.48
1163.19
1422.61
1163.01
1320.15
1525.08
1243.1
1038.03
1264.84
1411.77
1191.52
1310.95
984.827
1036.99
1149.43
770.966
1002.7
1027.81
991.944
1074.41
998.61
757.546
1263.27
1184.2
1018.48
997.991
1197.17
1226.12
1238.59
1088.82
1433.02
1410.52
1262.31
1235.68
1310.2
1346.17
699.123
338.392
768.215
425.493
659.111
618.92
671.752
644.69
1607.64
1380.03
2049.69
1888.27
1621.17
1574.2
1738.34
1769.62
915.194
465.564
1159.55
544.137
872.398
847.534
876.478
879.01
1101.06
1419.77
1422.52
780.538
1119.82
1331.61
815.557
1370.12
1050.08
753.183
1027.89
1354.22
1108.95
1048.97
1216.02
1135.85
1562.24
1392.64
808.563
1515.19
1526.6
1415.48
1450.5
1360.18
1529.46
1546.43
807.25
1144.77
1455.3
1452.06
1149.1
1098.1
1052.74
1150.56
1220.35
870.74
1045.88
1295.29
970.357
1274.74
795.37
413.583
768.938
534.269
711.068
695.441
689.54
692.407
1431.57
1108.05
1201.59
1384.93
1332.29
1219.45
1324.02
1242.8
726.196
587.35
986.42
548.764
672.049
915.801
631.01
908.911
1066.83
1205
844.939
821.071
1022.4
1144.72
935.376
1104.91
1112.17
926.381
1150.76
1468.99
1053
952.522
1090.86
1073.14
1201.63
828.226
767.657
1074.67
1162.44
1057.28
1093.17
954.906
1540.58
1513.73
879.972
1155.24
1533.01
1514
1035.44
961.415
34.1045
70.5831
77.8645
36.0133
42.5238
51.4213
41.9675
58.3629
333.658
2677.86
731.883
515.45
546.885
658.451
518.779
673.916
346.102
902.148
1769.57
629.52
678.526
812.246
841.533
1044.05
33.1604
208.921
192.943
45.4845
63.8544
125.484
101.44
157.051
109.853
136.453
44.4646
188.843
97.127
84.5284
81.5743
59.1093
150.063
314.918
572.255
170.035
172.876
381.089
326.865
530.49
129.414
42.1449
224.507
272.779
114.42
58.7929
258.481
165.974
186.919
417.321
377.668
621.308
429.385
357.135
511.734
529.852
1390.93
1444.27
1655.51
1532.05
1448.07
1532.43
1496.57
1622.26
1277.35
1086.89
1154.59
1469.53
1291.09
1163.37
1377.69
1203.58
1718.56
1183.64
862.564
2005.18
1722.41
1406.34
1795.11
1311.86
1751.27
1882.11
2157.95
1931.01
1922.73
2004.05
1952.73
2108.57
1495.14
1687.18
1639
1667.67
1586.12
1679.6
1650.8
1765.75
1379.06
1583.87
1226.66
1630.92
1439.74
1451.72
1494.73
1481.39
1740
1667.55
1756.9
1973.43
1871
1849.63
1930.09
1892.31
1713.05
1975.21
1679.81
1261.73
1730.34
1875.91
1568.39
1756.27
3579.03
1912.64
1869.57
2652.17
2942.81
1981.58
2745.54
2039.76
1767.09
2233.32
1600.5
1850.59
1890.69
1784.28
1792.36
1728.49
1437.62
1339.18
1164.33
1289.5
1397.2
1279.85
1345.05
1242.85
1904.28
1614.11
1377.34
1484.18
1700.74
1528.26
1580.56
1450.05
1873.17
1805.89
2251.67
1752.01
1798.06
1875.36
1759.41
1819.82
1703.79
1667.93
1446.73
1578.94
1680.73
1623.69
1555.15
1537.4
1723.17
2092.16
1628.44
1491.72
1657.13
1776.03
1559.69
1612.12
1557.5
1359.98
1594.95
1401.2
1460.06
1413.14
1458.82
1475.12
37.4786
71.6542
30.1325
73.4702
100.893
65.0879
64.3245
43.0816
263.083
308.425
374.064
532.926
385.977
287.067
417.815
375.84
29.3257
101.188
108.14
196.649
81.7451
57.8829
202.974
177.811
291.593
569.676
221.764
606.107
461.942
389.462
484.494
436.774
227.654
36.8262
161.93
539.49
285.875
58.991
357.102
142.027
212.8
460.397
166.394
33.847
214.269
376.926
80.9745
227.888
42.5343
203.587
394.817
205.631
49.6713
139.437
122.778
207.958
38.0172
227.016
349.708
143.537
86.4321
104.746
167.415
252.168
639.077
668.823
1034.88
1842.19
985.834
971.827
1295.94
1198.46
606.221
490.258
897.297
1507.7
701.678
715.168
1052.11
923.744
1244.47
1205.43
2673.19
2341.04
1230.91
1201.81
1513.66
1438.24
2259.11
1960.99
3138.95
1830.33
2068.1
2005.05
2177.45
2224.85
698.979
1111.41
1857.48
1604.63
1036.45
1235.17
1419.11
1733.84
746.499
1528.36
927.537
1034.29
958.092
1050.66
941.951
998.485
1280.1
2290.81
1902.65
2658.99
2328.91
2085.77
2294.09
2038.15
1194.05
2508.38
1840.32
1230.64
1296.29
2215.51
1263.57
2072.7
2754.55
623.716
220.32
1300.61
1845.41
755.696
1288.73
517.081
95.9777
35.4617
28.3103
50.1771
49.1846
35.6688
41.0391
32.623
46.4689
28.0758
42.3781
109.321
44.9687
34.4604
67.0972
62.6369
585.524
231.887
166.365
533.38
417.203
212.122
357.552
212.811
369.985
151.445
840.404
196.157
255.519
357.184
267.744
362.817
122.258
107.013
30.1178
78.6191
91.2294
67.0236
43.5196
43.7149
120.436
551.878
193.555
127.698
133.03
270.242
118.789
202.264
80.7604
122.821
105.29
30.5626
63.7124
86.5612
41.9471
51.3242
24.3877
23.1733
25.3696
37.5871
27.1402
24.4329
29.145
26.9331
22.8181
22.5211
22.9798
25.0274
23.254
22.619
23.7244
23.2187
25.1447
24.0387
25.1492
36.1193
27.9082
24.9279
32.2023
28.0182
93.9157
38.5123
129.462
248.108
83.0108
51.6784
165.615
131.146
23.7034
27.1842
38.0853
30.0644
26.0815
29.8451
27.9102
31.6057
22.9978
26.5673
22.9578
24.4407
24.6602
25.6729
23.8749
24.7007
29.6687
53.3841
31.8516
62.6781
35.3526
37.6417
41.4081
45.8535
27.5607
38.7051
28.8106
24.9482
30.3053
32.9654
26.1087
27.1486
460.359
387.404
345.842
1539.62
1090.38
671.47
1145.52
908.943
154.912
45.6929
72.1468
291.251
200.404
99.487
213.125
142.442
238.089
99.0512
190.874
873.462
396.946
194.393
474.65
314.11
2001.06
690.347
1951.72
1812.41
1662.48
1296.7
1679.19
1511.16
447.341
411.1
1535.52
445.532
437.82
715.633
713.452
1032.79
226.826
316.048
72.0059
184.747
286.413
289.336
102.505
94.5749
532.958
1842.65
621.797
1771.65
960.386
1737.36
1721.87
1093.04
337.975
1344.23
465.286
103.692
513.774
1044.62
175.859
448.213
1102.37
1227.94
1262.65
1423.38
1235.12
1209.36
1338.13
1297.07
1349.48
1320.48
1340.15
1508.55
1409.26
1365.94
1472.5
1399.41
1374.4
1372.42
1346.43
1587.71
1483.15
1424.08
1512.48
1444.94
1833.83
1742.74
1827.52
1950.55
1872.88
1833.44
1948.13
1890.24
1403.91
1395.53
1605.89
1630.32
1473.42
1459.25
1563.86
1554.93
1354.35
1592.67
1402.28
1355.26
1410.42
1519.4
1336.7
1452.98
1503.33
1727.42
1713.29
1776.27
1594.5
1650.31
1703.8
1763.06
1441.35
1710.53
1646.9
1452.58
1568.63
1654.86
1527.94
1583.31
1836.57
551.934
206.615
607.977
625.926
561.074
544.773
453.881
227.604
64.6812
50.7898
331.518
116.435
81.9436
131.326
101.066
108.5
38.9343
36.6928
142.194
91.2369
45.5753
69.4807
49.2766
806.91
925.438
695.928
2268.97
916.371
847.429
1341.37
1494.15
332.796
148.517
537.121
448.137
286.417
315.991
470.963
428.247
235.576
297.037
63.2796
113.334
219.606
174.489
104.394
79.9658
184.66
548.828
543.111
333.466
353.368
553.463
363.061
592.929
181.776
294.91
549.686
63.6803
145.502
277.926
87.7906
314.832
1602.18
1649.23
1817.12
1367.92
1520.3
1631.74
1520.31
1615.39
1832.73
2335.47
1641.94
1390.94
1878.66
2002.31
1469.57
1543.63
2157.35
1763.31
3250.82
1866.18
1886.91
1981.75
2188.2
2373.49
1199.19
1155.57
1398.39
1159.07
1160.21
1206.74
1237.29
1285.11
1641.34
1659.7
1276.91
1266.52
1403.4
1493.59
1299.81
1369.05
1763.84
1338.54
1657.19
1767.84
1479.99
1428.75
1616.29
1551.57
1730.11
1311.67
1230.81
1521.86
1565.54
1396.55
1416.36
1294.65
1826.57
1611.72
1293.44
1593.36
1647.32
1486.1
1513.31
1393.29
3873.08
2748.24
1907.49
1774.08
3179.86
2959.91
1976.35
2113.11
2023.51
1497.5
1333.76
1516.5
1784.08
1641.44
1487.71
1385.1
1442.42
1248.34
1193.02
1211.27
1390.66
1330.17
1282.83
1250.42
1733.31
1825.13
1540.72
2127.05
1838.54
1733.71
1772.91
1698.98
2397.61
1814.75
1738.64
1632.15
1836.4
1860.38
1642.48
1636.54
2261.65
1517.2
1443.53
1729.61
1814.18
1589.76
1683.58
1550.16
1563.88
1609.16
1541.19
1356.85
1451.83
1548.04
1416.86
1501.15
1553.26
1298.42
1445.77
1271.06
1435.71
1338.22
1344.41
1308.95
23.9503
23.4418
23.3803
33.877
25.5794
24.1098
27.0783
25.2024
24.3979
26.5755
27.0662
37.8994
30.0772
27.0849
33.3531
31.4386
23.5146
27.1851
27.0814
42.0873
28.4151
26.3651
32.3278
30.3146
70.6386
65.7689
75.3911
217.275
91.8832
76.1968
99.3042
93.7269
26.1636
25.6413
43.2967
45.1098
28.1944
27.9297
32.2488
34.715
25.1502
41.145
27.008
24.429
26.1792
33.1647
23.6327
28.0077
26.909
49.3756
54.2667
59.7265
37.554
44.2901
56.7217
64.296
25.4975
48.7656
50.6863
30.3509
30.0603
38.4148
31.6158
38.3333
31.846
26.2429
52.6216
48.3125
33.2621
30.2968
38.8363
36.5345
24.9282
26.3077
41.9179
29.319
25.6761
27.8625
27.6901
30.4789
91.9654
105.147
269.106
162.215
116.536
121.853
144.657
220.722
106.564
41.4391
162.112
206.606
103.609
63.3113
172.006
98.549
26.8307
63.5603
59.6635
33.0536
30.0828
40.3732
32.2005
38.8708
27.1463
31.1763
49.7119
57.8719
29.3587
29.7454
40.6953
40.9632
69.447
68.8658
39.9839
98.154
76.1972
48.3353
82.8983
55.9841
79.2267
97.3018
37.0719
79.4775
80.2952
80.5028
51.078
56.916
577.218
898.504
634.058
744.813
719.98
732.331
688.89
740.867
1208.23
1361.05
1398.28
1560.93
1454.02
1421.29
1505.99
1466.05
726.21
1212.19
718.78
868.325
1040.81
1026.09
841.52
847.841
914.257
1531.56
871.827
878.458
1112.93
1139.11
909.676
917.463
1153.35
867.003
929.703
1576.46
1159.15
972.68
1257.77
979.78
1139.69
1552.2
1350.86
870.031
1182.81
1489.05
1084.75
1389.61
798.25
877.113
1480.78
925.464
879.52
958.814
1147.99
1185.91
847.156
938.998
1480.97
1316.76
1149.48
1171.04
1342.46
1415.23
1176.04
1176.67
1188.26
1258.28
1186.85
1163.91
1230.37
1202.34
882.882
495.457
894.57
729.254
836.193
839.07
812.183
823.725
1168.34
1411.91
1256.83
835.585
1113.24
1348.15
889.004
1048.94
1052.12
734.312
711.036
546.294
994.693
1007.98
630.738
652.462
1261.02
1261.2
1228.11
958.771
1112.03
1303.46
1080.57
1218.07
1294.29
955.289
1250.75
1339.44
1136.97
1054.5
1354.75
1167.25
1141.64
1101.75
870.181
761.457
1091.51
1133.29
1002.53
1055.73
1144.39
768.55
891.818
1183.15
1105.06
976.147
1085.07
974.494
478.038
549.62
587.168
399.063
450.325
490.529
426.462
489.138
693.721
772.863
814.727
770.593
747.243
756.22
751.259
803.998
848.339
852.714
1046.32
984.891
901.937
928.08
972.132
1023.42
369.576
498.659
625.27
294.622
365.287
491.702
346.057
495.677
524.203
610.686
391.901
538.71
524.568
494.944
524.601
496.732
613.187
686.099
775.468
727.071
645.465
679.995
701.507
738.115
658.196
389.959
540.436
675.776
666.79
498.955
690.821
498.83
789.406
838.691
674.304
817.453
809.225
831.181
789.194
814.698
28.1637
27.6345
47.0069
40.1212
29.0357
31.1304
32.7273
33.82
28.5469
30.1421
51.9115
47.3012
31.6396
36.2949
34.3219
39.0941
190.46
181.209
1634.05
249.889
199.652
319.2
248.201
350.742
83.1005
82.891
148.547
152.491
104.233
117.302
134.55
137.663
30.4298
48.1958
45.0673
50.2735
32.0449
37.9786
43.0164
51.611
33.1329
49.9878
53.7554
63.2441
33.724
37.3243
39.3842
42.4879
62.2301
57.6688
61.688
134.036
90.8854
63.281
108.424
82.2942
75.5649
151.393
67.0138
71.2569
110.293
130.307
52.0283
107.525
22.4388
22.5216
22.3642
24.1967
22.8373
22.4327
22.9299
22.607
22.4907
22.4402
22.3994
23.9274
22.6817
22.3965
22.6217
22.4478
22.411
22.3688
22.4061
23.1892
22.36
22.358
22.4236
22.4197
31.4827
31.5536
34.7001
68.2923
34.6748
32.5427
47.3802
45.5387
22.8664
22.4667
25.8999
24.8924
23.2173
23.5377
25.0278
24.5957
22.4659
23.937
22.3787
22.3971
22.7704
22.8174
22.4285
22.4081
22.4997
27.3664
26.2072
27.648
23.4113
26.0365
25.5155
28.362
22.416
26.1535
25.2394
22.4131
22.482
23.6217
22.4374
22.9111
1802.84
1384.26
1418.16
1543.85
1653.95
1501.22
1583.75
1489.37
859.383
396.89
769.811
619.525
799.719
717.638
812.149
774.703
1260.72
1196.48
1223.25
1280.3
1286.27
1275.37
1240.83
1229.63
1100.73
607.692
1024.54
474.232
974.679
970.449
1025.33
1006.04
1312.45
1375.64
1437.85
940.58
1319.05
1390.2
1080.32
1371.32
1214.44
912.722
1148.54
1315.97
1274.01
1189.39
1340.23
1252.83
1332.05
1420.71
944.712
1262.77
1392.53
1374.82
1314.52
1293.2
1300.18
1289.19
920.751
1206.87
1342.49
1297.02
1266.03
1027.88
655.532
735.849
922.238
1828.92
977.252
993.61
1303.32
1263.42
589.141
684.468
931.146
2096.38
907.208
795.671
1144.59
979.82
1101.55
1124.02
2958.84
2242.85
1082.19
1084.26
1609.49
1513.91
2152.29
2322.62
2861.92
1865.37
2060.85
2064.61
2245.57
2289.01
817.794
1102.12
1791.63
1769.75
1118.14
1308.44
1425.73
1648.45
753.457
1640
921.804
1068.95
987.692
1082.94
1003.35
1024.9
1242.65
2306.58
1945.9
2227.69
2161.43
2049.52
2084.3
2006.7
1178.05
2122.22
1852.31
1168.05
1234.6
1946.5
1201.02
1861.68
2156.31
347.626
313.802
524.358
613.681
440.247
543.987
454.042
68.2688
34.6334
32.1094
62.1964
62.0352
48.4936
53.4845
41.6797
64.6136
32.0683
31.2802
116.789
76.2215
49.8289
70.5124
46.5012
304.723
126.929
232.435
377.542
298.207
236.037
332.457
282.715
183.398
261.159
300.265
118.759
190.661
288.507
233.453
285.386
128.73
94.1055
49.8737
120.056
122.865
69.6257
72.0824
66.6573
239.163
301.474
117.022
205.049
297.897
297.448
203.689
208.217
132.552
165.919
87.6542
45.4667
90.6004
152.977
60.2277
66.6053
1095.9
1293.16
1236.83
898.181
1010.54
1159.3
1000.18
1160.62
1230.29
1238.26
1309.52
1352.7
1250.75
1263.27
1297.12
1292.07
1485.64
1692.84
2359.89
1612.35
1524.43
1800.65
1585.36
1908.07
763.543
1145.09
1055.58
573.941
734.73
901.288
697.026
909.464
1167.76
1177.53
891.139
1189.67
1169.6
1129.99
1175.43
1098.83
1181.29
1242.99
1267.84
1270.31
1177.7
1203.04
1211.06
1247
1189.77
868.331
1118.66
1089.22
1186.22
1111.51
1122.1
1037.18
1337.35
1430.13
1283.68
1378.33
1358.74
1383.32
1286.29
1337.55
30.3604
105.651
35.5997
91.9031
53.4752
75.7106
76.0008
112.759
302.822
2380.62
213.694
564.185
487.655
411.154
478.946
382.763
34.0429
71.1714
33.0143
59.5575
48.5536
55.2739
55.8424
64.3233
209.886
507.589
159.614
229.698
230.266
331.773
205.433
281.696
197.814
58.2989
234.115
548.912
368.535
156.087
461.122
314.892
234.919
502.17
117.447
103.963
325.163
390.21
181.208
276.425
80.6001
235.591
522.205
150.863
96.2913
282.944
142.574
300.521
130.663
176.4
468.308
194.528
147.875
192.712
295.17
332.4
1989.84
1467.33
1593.05
1217.46
1759.74
1681.6
1629.03
1620.38
1131.18
1093.17
1003.35
1102.03
1109.32
1063.13
1072.6
1039.16
1455.83
1017.63
1144.4
1029.02
1359.32
1283.55
1190.03
1172.04
813.156
910.96
817.44
556.817
799.544
819.961
739.897
786.905
1309.5
1531.25
1125.39
1054.66
1249.82
1508.52
1083.88
1110.96
1243.71
1045.13
1074.15
1497.49
1209.89
1127.05
1200.17
1131.12
1462.64
1039.41
1011.01
1022.99
1073.83
1067.53
1048.72
1002.06
1468.35
1045.8
1006.78
1030.3
1347.54
1080.36
1058.43
984.248
37.8265
23.8289
65.9576
141.177
42.9004
28.2642
78.3881
37.8634
22.7745
22.5331
25.7031
26.9386
23.4562
23.0135
24.0733
24.5358
79.9754
41.9423
154.474
459.556
86.415
48.4689
197.283
96.4411
499.254
152.381
1395.4
1357.69
548.828
288.21
1026.48
877.99
24.1921
68.3232
162.439
40.1555
28.5013
46.8519
35.5616
60.6693
23.8592
27.6649
27.0848
34.0177
25.1242
25.9273
27.1693
28.5761
92.838
294.532
90.5252
932.849
227.029
141.741
305.264
182.334
53.7923
303.912
49.0961
37.6052
74.0749
112.415
45.783
72.5281
1027.22
1071.76
1206.72
1192.71
1171.26
1206.46
1237.75
1220.62
668.461
370.988
731.601
554.806
469.906
498.63
675.495
660.88
1304.67
897.022
1111.47
1005.32
1013.11
1015.83
1102.54
1077.7
849.656
613.604
751.946
425.493
629.446
661.898
584.582
597.557
853.338
1128.07
976.201
730.318
1012.12
1057.31
939.572
1019.9
901.506
747.4
851.027
1135.99
1005.91
834.66
1057.61
865.186
1204.15
978.428
717.166
910.144
1067.89
978.181
854.924
757.819
1195.18
890.74
722.565
833.964
929.956
868.547
840.26
794.511
980.953
866.599
1162.32
873.991
979.596
1052.05
960.14
1115.12
379.97
247.25
259.074
297.231
329.442
284.128
347.293
253.969
726.938
293.603
384.193
356.544
595.258
440.827
556.235
367.345
752.674
577.59
495.12
498.413
691.35
576.299
690.923
477.922
897.863
1062.65
845.549
851.831
955.244
1055.57
924.077
956.739
626.131
583.812
423.816
792.998
646.519
540.891
663.843
562.502
1001.42
813.995
786.666
786.791
933.529
916.152
824.785
812.029
754.415
294.182
443.096
307.034
583.602
387.439
536.628
366.122
1672.25
1845
2365.47
1061.36
1495.48
2366.93
1503.85
2392.64
968.943
484.166
585.149
785.935
872.382
630.851
929.877
529.733
1820.02
542.42
391.201
985.275
1597.75
564.991
1291.75
448.62
746.85
805.044
948.5
573.707
697.422
836.573
687.113
831.367
1403.4
2163.67
929.875
1046.71
1518.21
1846.32
1120.28
1272.64
1271.11
924.842
880.986
2180.75
1398.02
1105.97
1571.47
1420.73
2022.38
876.107
1134.2
1222.63
1535.43
1296.28
1260.54
1177.85
2066.21
1231.6
998.297
724.299
1775.03
1538.25
1412.24
1161.11
621.447
407.924
476.611
518.242
530.111
446.419
528.504
432.483
380.286
574.646
393.976
266.227
340.143
520.075
295.364
334.712
564.721
305.683
334.73
355.377
458.923
319.255
438.443
259.414
464.09
231.167
265.341
375.337
408.023
265.605
422.157
225.822
385.165
465.806
477.237
290.437
367.039
414.995
325.468
395.099
366.27
265.436
354.874
504.262
319.792
291.716
439.55
385.477
450.867
482.746
278.06
319.418
389.787
367.43
358.823
318.078
471.089
276.222
256.449
261.586
420.866
345.951
386.286
301.28
29.2498
25.5589
65.3122
116.968
41.2389
31.4984
85.0688
77.5211
23.9913
25.4709
40.0995
55.3915
32.9906
28.216
44.3552
41.8499
80.3238
69.7868
112.998
270.482
99.3456
77.8036
188.424
168.757
197.361
165.545
344.685
591.422
202.55
168.486
363.052
371.147
31.9854
101.171
124.919
72.7505
46.8406
77.711
62.6068
93.2918
28.863
64.1712
50.3018
65.2234
47.3964
57.8309
54.3357
70.2418
150.498
158.672
123.471
246.056
185.509
151.43
151.024
133.243
129.296
238.068
122.785
86.27
128.388
130.449
102.369
113.229
95.4337
124.838
25.9255
134.272
156.707
38.7584
94.8816
38.654
49.1783
30.7645
22.856
56.1669
48.4533
26.9681
44.008
27.5388
22.7726
22.5059
22.4028
24.5824
23.2124
22.5366
23.8015
22.8504
101.731
59.1943
33.3946
132.371
100.445
49.4289
93.2283
43.7292
108.222
28.7767
106.855
59.5657
72.1955
39.1338
72.3397
46.8152
30.932
40.3778
23.626
23.3045
34.1543
36.5473
25.7836
27.6427
27.1877
75.0867
44.5706
28.7784
31.2562
41.35
31.6926
39.7328
24.0403
25.7414
31.6488
23.2195
24.0126
24.7559
26.1325
26.2218
1321.77
1276.74
1654.51
988.48
1514.35
1543.6
1568.4
1639.32
1108.16
599.437
664.767
617.917
971.474
725.307
1005.45
654.315
1673.5
782.608
983.066
1327.51
1509.92
972.196
1543.22
969.44
780.432
686.42
878.785
586.536
770.852
793.457
670.629
819.29
1266.99
1604.43
1009.54
854.732
1378.63
1410.95
910.55
1063.58
1319.73
869.974
823.502
1699.12
1463.43
1162.99
1495.3
1184.87
1554.83
970.705
853.918
1066.93
1213.5
1080.26
1026.91
902.167
1724.44
1185.25
920.523
758.957
1364.08
1138.3
1196.26
1018.83
489.583
614.746
655.135
655.946
613.816
614.514
626.074
629.238
787.678
1145.01
1057.87
1284.2
1168.84
1178.39
1236.53
1231.14
873.169
959.146
1147.84
1079.48
952.457
973.567
986.854
1016.22
913.61
1440.65
1528.13
1832.13
1443.69
1480.27
1605.25
1561.12
778.228
862.399
805.23
1271.43
799.162
807.741
813.117
817.495
786.698
1295.62
1075.76
853.039
817.445
1221.4
837.86
1098.51
893.962
849.378
1388.05
1324.47
1003.08
854.976
1225.37
1353.21
873.743
1254.43
1364.21
1101.26
1130.48
1219.42
1145.3
1201.18
663.708
418.929
587.353
553.573
584.037
587.362
584.894
552.272
346.365
396.533
602.341
430.02
363.379
418.153
433.683
493.111
704.573
725.344
882.398
841.661
760.2
785.506
832.835
857.013
507.947
385.174
679.846
418.313
502.718
511.421
476.545
494.226
387.362
586.023
537.639
397.257
416.652
535.729
393.275
536.855
416.005
443.487
619.582
611.242
448.242
448.463
513.316
561.55
605.19
542.966
423.026
680.153
607.78
532.018
642.612
515.711
650.799
736.713
468.598
674.082
685.934
698.483
633.947
636.086
1314.41
1186.8
1349.65
1584.7
1388.32
1245.15
1529.32
1332.48
1239.23
1460.39
1314.85
1357.66
1272.58
1374.56
1306.3
1334.04
1268.52
1292.27
1475.31
1702.07
1353.32
1240.96
1572.11
1500.25
1897
1581.27
1946.05
2403.81
2027.37
1776.51
2294.42
1990.21
1241.75
1365
1688.6
1416.88
1302.03
1374.84
1356.58
1445.66
1203.66
1338.92
1239.04
1184.8
1237.76
1289.13
1204.03
1246.51
1481.84
1859.21
1499.37
1856.4
1581.65
1571
1661.03
1629.58
1286.67
1721.13
1443.06
1310.96
1373.76
1497.18
1338.34
1428.8
1137.5
1044.14
1374.99
1123.53
1149.66
1203.77
1176.09
1228.37
1035.74
875.118
2076.12
884.221
1086.42
1157.1
1045.52
1054.02
1552.71
2538.8
1932.4
1923.53
2229.38
2495.02
2086.17
2685.58
879.059
727.833
914.411
539.807
683.426
692.985
675.113
676.407
970.517
1531.75
1114.55
827.846
1051.99
1167.69
993.699
1145.5
1096.12
1006.23
2287.31
1658.16
1178.48
1171.07
1723.38
2000.39
1530.29
1100.02
811.667
1154.51
1383.56
1161.19
1172.59
785.848
1744.27
1383.41
1002.64
2295.03
1832.82
1418.07
1929.42
1668.48
39.5746
29.9692
31.8681
177.673
75.6173
29.9808
78.692
35.2729
27.3625
25.2516
25.9141
46.6452
33.8499
24.8408
34.6632
26.7557
28.1421
26.5287
26.0075
54.3606
32.6303
25.9117
33.6084
27.7554
724.55
249.884
371.138
2236.74
1277.12
402.818
1303.81
550.237
40.7484
38.2251
367.481
146.318
42.5487
44.1338
79.9591
84.9523
27.5322
49.8725
25.9888
27.0562
31.0385
35.4167
27.3374
31.9875
41.3089
385.306
159.011
149.209
104.764
135.024
142.04
163.414
30.5202
62.6904
67.0224
28.1562
35.569
49.8577
33.8328
52.055
1078.63
1005.53
1210.09
1008.27
1080.11
1095.23
1105.7
1137.16
1021.05
1139.31
1275.3
982.738
1030.84
1156.28
1026.08
1192.37
1352.62
1499.55
1856.62
1246.22
1321.74
1540.23
1361.37
1645.05
746.523
736.668
763.716
462.358
702.572
745.677
673.996
748.316
1000.15
1150.87
960.918
880.512
1018.79
1075.17
961.827
993.883
1060.25
993.336
1306.95
1204.6
1094.08
1062.66
1170.54
1137.16
1200.31
971.103
885.879
1004.63
1029.47
1004.71
982.963
922.475
1262.82
1152.78
1003.86
1374.34
1231.14
1103.21
1176.32
1082.13
822.73
1186.16
1028.16
787.981
785.309
991.828
794.542
1003.16
1736.84
2363.84
1654.76
1618.35
1687.26
1816.59
1622.6
1927.63
1086.47
1223.32
1111.78
1201.89
1095.75
1057.73
1200.39
1125.11
810.329
1189.75
1119.06
637.018
776.811
1056.3
758.33
1008.66
1330.07
1140.14
826.316
1156.23
1309.86
1168.4
1167.99
1077.63
1427.05
1362.39
1233.15
1180.86
1322.26
1352.6
1249.72
1229.34
1138.35
866.449
1169.44
1146.88
1047.18
1039.12
1089.59
1071.21
1131.65
1117.17
1440.75
1274.03
1099.52
1102.41
1239.56
1301.59
467.007
427.357
456.076
1497.08
973.429
600.419
1024.38
803.714
192.042
79.2998
342.708
368.199
250.466
152.472
314.126
233.158
462.474
1713.39
944.579
2201.49
1034.03
1376.98
1511.71
1792.83
1801.43
885.823
2249.45
1812.3
1720.2
1480.59
1759.41
1648.51
587.494
777.232
1607.93
670.532
626.179
809.273
838.841
1126.39
269.036
578.723
727.508
375.047
400.18
395.48
259.104
584.981
857.983
1675.57
975.832
2205.68
1072.31
1469.85
1599.38
1372.86
632.436
2185.41
846.997
1350.98
1067.5
1558.69
1177.82
1524.67
1192.71
1189.44
1044.76
996.65
1176.41
1141.48
1091.78
1081.27
1422.65
1794.08
1528.91
1457.52
1558.82
1667.7
1473.45
1569.61
950.416
1284.59
1105.79
977.156
1107.49
1207.99
1046.56
1129.96
580.916
751.196
727.101
346.292
574.39
751.458
546.249
725.997
1208.5
1006.88
956.786
979.585
1118.66
1035.82
988.499
962.081
1280.96
1342.49
1403.85
1042.9
1188.84
1382.94
1137.53
1320.45
950.261
912.619
898.435
824.766
914.561
931.739
859.38
863.247
979.728
985.953
1228.96
1311.29
1149.91
1075.05
1255.59
1193.33
2142.5
2114.6
2085.57
1535.74
2316.4
2109.1
2518.59
2212.25
2085.19
2093.49
2091.8
1288.14
1982.6
2082.45
1894.75
1971.15
2070.15
2087.95
2059.14
1304.56
2405.53
2078.82
2601.09
2362.38
790.924
774.809
583.378
409.432
669.278
710.19
553.789
599.191
2007.6
2243.66
1359.71
1280.48
2056.95
2157.24
1346.81
1362.97
2078.65
1315.58
2082.87
2073.65
1997.66
1968.8
2078.47
2086.95
2420.28
1345.62
1270.85
1065.97
1352.24
1340.55
1215.14
1259.65
2179.42
1215.27
1349.36
2114.11
2315.08
1320.15
2210.97
1395.15
1063.09
1100.35
1163.26
1181.88
1029.82
1026.9
1125.37
1155.11
1012.89
825.969
1067.77
1178
1014.86
976.24
1141.73
1094.68
1375.09
1206.53
1472.9
1714.61
1366.16
1291.18
1683.62
1549.39
1588.78
1681.78
1936.95
2360.1
1785.57
1734.29
2164.2
2008.17
1162.45
1259.2
1218.87
1383.75
1297.12
1295.84
1317.21
1279.83
1104.78
1272.07
1137.62
1219.23
1226.19
1207.57
1192.2
1181.72
1510.67
1493.13
1608.28
1857.75
1574.55
1523.37
1611.71
1664.02
1417.68
1752.89
1437.41
1254.65
1409.7
1489.66
1347.78
1376.14
1512.42
1551.54
1532.43
1543.09
2148.1
1544.29
3479.21
3061.09
1576.63
1579.34
1554.95
1740.97
1618.31
1572.08
2499.56
2378.26
1541.92
1542.64
1555.13
1790.89
1690.12
1540.72
3592.71
3221.46
607.482
844.2
745.999
339.837
643.554
778.129
466.6
603.068
1747.31
1845.23
1507.78
1789.02
2900.14
2956.07
1832.73
1692.26
1571.18
1801.54
1548.22
1540.99
2707.43
2628.19
1548.63
1572.24
3685.07
1055.34
1385.72
1369.64
1675.32
1298.33
1586.65
1375.89
3281.43
1460.92
1417.19
2700.24
3070.84
1598.52
2883.42
1576.49
2046.43
2064.28
2045.99
1567.45
2435.09
2054.19
3625.71
3076.56
2070.24
2061.2
2040.48
1680.58
2022.56
2054.81
2276.23
2161.48
2045.3
2044.99
2042.61
1978.84
2105.92
2047.25
3708.05
3325.02
784.023
1104.21
1064.38
526.546
786.35
986.509
665.054
885.694
2242
2457.02
1519.37
1677.52
2722.71
2863.61
1721.76
1636.02
2062.8
1666.9
2037.32
2037.11
2513.99
2397.76
2043.87
2047.91
3894.06
1239.44
1558.85
1546.31
1856.76
1547.45
1785.02
1586.55
3437.67
1741.57
1541.33
2669.91
3098.2
1762.8
2837.92
1737.92
2117.04
2057.28
2189.32
2126.95
2219.02
2071.71
2412.38
2381
2053.98
2033.43
2042.34
1861.33
2171.21
2040.33
2777.24
2774.54
2112.2
2058.13
2110.72
3715.26
2511.67
2069.16
3787.43
3715.34
1397.02
974.393
1452.36
629.851
1254.98
1171.86
1020.95
950.502
2063.22
2374.74
2063
1950.54
2412.27
2376.54
1949.01
2039.24
2057.62
1990.26
2048.45
2055.54
2502.79
2663.25
2050.86
2203.94
3225.23
2162.57
1464.65
2797.49
3555.92
2242.73
3283.47
1706.78
2998.75
2653.57
1403.47
3219.82
3079.43
2588
3098.04
2092.91
41.8575
80.7889
47.1179
217.496
90.8185
54.7476
112.004
101.32
190.22
31.2084
23.0722
198.447
82.6285
31.6453
68.7344
32.3187
108.471
26.455
82.7574
161.778
38.1047
26.3223
119.858
59.4657
876.927
290.732
189.818
474.631
393.561
266.854
403.783
218.778
289.738
63.1507
729.358
371.351
272.418
231.157
946.871
533.931
121.282
183.263
24.3783
30.3322
128.409
91.7037
32.4938
35.6306
88.2547
548.568
194.058
132.464
131.746
353.015
80.0512
193.956
78.3618
116.614
114.632
29.1097
44.1298
53.1657
34.8156
41.0746
47.6402
25.2346
25.4208
65.5559
32.0371
25.6244
40.6077
29.6209
27.4276
26.3819
24.46
45.1724
31.6019
26.8094
35.2882
31.189
42.5667
23.9655
25.6046
56.8989
30.8125
25.6985
42.6804
31.455
271.835
142.793
144.398
248.935
190.367
150.423
209.467
185.899
28.9591
30.6342
64.5035
66.2163
32.8959
34.705
48.1034
48.0104
26.3244
47.1037
25.4862
26.6997
28.2152
32.5233
25.968
29.3424
81.1802
204.954
83.78
99.8261
133.995
159.806
72.932
113.107
55.9705
75.1975
58.0435
28.2244
37.5503
51.9813
32.7041
41.8309
127.724
559.489
563.292
1222.86
504.787
424.339
919.302
954.008
726.67
686.968
1389.5
2594.23
1177.8
857.1
2685.54
2552.73
203.215
364.952
66.9765
307.791
223.556
216.66
202.903
169.155
1447.22
2140.37
1024.67
1795.93
1727.2
1774.21
1892.11
1657.56
1042.67
1108.68
1733.89
2353.52
1888.21
1613.24
2000.38
1764.95
826.811
2376.47
1389.51
950.788
1833.13
2181.87
1449.51
1789.88
690.18
1332.05
2295.48
878.821
808.042
1362.43
1126.54
1645.79
557.831
698.857
2203.7
1230.92
588.65
1012.99
1598.23
1720.58
2075.21
2092.7
2068.25
1422.33
2199.21
2084.87
2262.32
2231.21
2099.34
2111.18
2108.59
1469.48
2036.81
2100.96
2094.17
2081.03
2064.86
2080.8
2055.81
1188.21
2034.73
2073.09
1944.76
1929.16
657.935
880.793
692.57
339.865
651.844
779.034
528.23
639.891
2069.75
2091.61
1352.03
1498.14
2191.19
2267.51
1549.49
1474.44
2092.59
1530.37
2097.2
2076.27
2131.12
2134.24
2090.59
2058.81
2117.32
1117.03
1315.43
1099.61
1285.07
1261.32
1265.11
1243.67
2086.01
1180.9
1367.68
2010.48
2081.24
1335.95
2044.39
1377.47
1176.12
1134.71
1030.13
1362.77
1202.91
1168.84
1231.9
1179.27
1116.91
1313.74
1116
1563.6
1411.05
1360.32
1469.16
1371.04
957.645
1032.01
792.8
1169.27
1075.65
1057.03
1060.17
1048.56
1604.62
1792.95
1591.88
2214.51
1883.89
1846.57
1955.83
1876.54
1187.39
1090.19
1358.01
1644.31
1223.7
1220.12
1282.67
1325.72
1150.28
1607.6
1143.24
1064.71
1165.82
1435.32
1040.45
1170.06
1091.03
1406.46
1712.66
1354.54
1167.4
1353.34
1307.61
1684.78
1075.32
1300.11
1621.11
1157.1
1178.14
1284.54
1201.17
1263.77
25.4534
25.7173
38.0068
26.0265
24.8296
26.2016
29.7266
30.1318
27.1445
28.7702
47.9263
26.9803
26.9327
30.6304
32.1859
34.356
191.613
315.326
2070.32
663.028
345.268
477.551
1280.96
1288.15
29.9769
28.2766
175.606
39.9962
29.3613
33.3061
80.3595
82.2627
25.8122
41.2415
26.1231
26.532
30.7384
32.4698
26.5038
29.1564
27.9825
30.1859
52.7836
52.3355
32.326
35.2827
45.4191
44.646
115.889
39.0808
36.6411
355.736
78.7388
41.7063
71.3318
42.3099
117.75
362.362
39.4295
122.44
132.724
92.5292
115.976
80.0965
24.9034
25.1749
39.7708
25.3223
23.7871
30.1143
28.6496
31.5111
24.6758
26.3343
49.3335
26.6514
23.5919
30.5906
30.137
39.0026
124.969
231.719
2085.02
257.007
113.335
311.723
328.949
532.219
28.5482
27.9371
93.9244
33.6916
27.5654
37.3875
49.8459
69.2266
23.9376
36.4023
23.5351
24.7007
29.0549
31.3307
25.736
29.536
27.7776
31.5004
69.2934
47.9818
33.8908
33.5019
39.9197
41.1581
56.429
32.2316
32.6788
121.677
49.7844
37.2039
50.6803
37.8576
84.9078
132.828
41.7395
113.704
77.848
74.4922
67.7954
57.4414
2057.6
2081.26
2076.47
1419.99
1934.8
2077.2
1959.4
2020.29
2116.7
2085.78
2084.45
1657.95
2069.27
2082.45
2098.47
2013.96
2091.72
2079.64
2078.58
1482.48
2208.04
2081.69
2259.58
2199.02
841.408
1024.19
784.292
534.679
772.426
908.79
672.502
787.131
2015.36
2123.26
1324.22
1404.66
2049.58
2098.23
1559.51
1539.82
2114.29
1642.23
2080.62
2105.29
2076.54
2122.91
2109.25
2145.1
2106.08
1305.44
1391.94
1297.68
1519.75
1477.16
1391.56
1357.85
2154.16
1487.39
1620.04
2084.82
2179.1
1561.16
2167.61
1635.27
1523.22
1506.79
1536.32
1497.27
1620.87
1519.21
1723.53
1657.89
1506.88
1501.98
1508.77
1129.07
1484.99
1503.96
1457.82
1456.18
1545.7
1524.06
1559.5
1407.81
1536.85
1549.74
1513.86
1536.18
733.966
632.732
876.055
345.546
601.93
769.654
615.214
711.611
1551.74
1604.12
1248.91
1212.36
1587.79
1694.56
1336.47
1363.12
1507.52
1234.29
1517.64
1545.68
1530.16
1506.12
1517.49
1490.72
1570.56
1289.77
1237.82
1416.28
1435.89
1331.79
1409.27
1370.76
1535.78
1414.38
1230.21
1457.05
1505.14
1439.84
1448.34
1291.72
2012.58
2004.23
2005.82
1203.44
1948.57
2009.48
1865.5
1907.96
1995.73
2006.87
2037.72
1383.84
2175.76
2009.73
2077.06
2023.14
2021.22
2056.61
2091.25
1765.21
1924.21
2063.65
1878.93
2081.11
582.827
597.997
987.276
359.883
467.362
691.093
538.547
805.469
2053.2
1870.16
1120.55
1103.9
1952.68
1890.49
1280.62
1281.7
2004.35
1436.79
2041.56
2017.07
1925.86
2021
2008.23
2029.33
1811.21
1098.26
1178.44
1307.5
1282.01
1256.81
1221.43
1189.18
1938.5
1698.34
1493.18
2022.48
1907.58
1639.45
1968.84
1581.99
25.8218
24.3224
24.471
40.1077
28.1998
23.1886
29.2331
27.0488
23.0227
22.6353
22.6255
27.2469
24.1739
22.7866
24.8598
23.4418
23.6426
22.5618
23.1124
28.5579
24.6115
22.8147
25.834
25.0947
83.8539
54.2163
48.9625
149.742
112.565
45.6677
116.589
67.8435
27.3015
26.4746
44.5585
45.0573
28.3911
27.949
36.1312
31.1644
23.4379
30.9273
22.5906
23.3646
25.9819
26.5715
23.464
24.6692
27.3294
49.3939
41.8613
40.2571
29.2714
35.8208
33.2315
36.2796
25.0892
34.5629
28.6848
23.081
25.6779
27.5252
24.7251
25.9136
91.2747
119.611
43.2266
193.452
154.989
110.726
181.325
160.72
321.763
280.689
214.658
564.35
420.85
269.97
486.621
298.679
96.7328
150.421
49.0615
262.875
197.395
118.539
226.863
155.16
247.734
820.593
452.844
546.839
398.424
744.873
494.238
620.286
274.785
134.238
231.936
640.524
387.851
265.229
466.38
407.445
330.665
619.425
187.28
187.522
395.411
476.85
243.188
333.832
196.611
249.65
770.004
443.107
315.26
488.363
475.07
594.245
225.798
422.281
686.694
223.705
294.792
373.737
367.431
413.032
25.3071
23.3067
24.8254
38.599
27.8172
23.9763
30.6253
26.0327
22.5536
23.4965
23.4393
30.2185
23.8017
23.096
26.8312
24.4964
25.4018
25.9536
28.6564
44.3119
28.3925
24.8444
35.0758
33.3717
67.2032
51.4239
68.2788
93.8482
65.0108
49.9223
79.2002
69.7969
26.5109
25.8442
42.3115
42.2179
31.1798
29.7635
37.2001
35.6868
23.2818
31.8881
23.1821
22.8183
26.0643
27.4352
23.6171
24.9385
27.5063
51.0462
41.6556
63.9681
31.6372
40.3178
42.6369
45.1982
26.5477
54.7246
37.1257
27.1575
28.7661
35.4449
27.2417
31.7501
2284.43
2309.7
2279.15
1542.4
2351.24
2298.41
1886.53
1986.85
2318.13
2325.1
2302.98
1709.68
2197.55
2315.71
1923.33
1911.65
2289.87
2295.96
2297.88
1625.1
2168.13
2294.39
1824.25
1914.23
859.686
1080.56
1031.58
451.649
868.789
996.201
697.929
867.198
2178.44
2185.91
1690.71
1693.16
2024.94
1990.53
1741.74
1700.25
2306.92
1716.42
2298.86
2286.85
2039.12
1940.76
2297.21
2157.67
1806.3
1247.17
1526.2
1278.97
1342.17
1396.35
1335.51
1376.24
1894.26
1361.36
1581.45
1994.96
1887.07
1498.35
1932.17
1700.06
2695.69
295.756
174.798
612.65
1359.31
327.116
737.889
250.034
54.9027
26.5743
28.2696
26.5711
36.7434
28.776
31.7076
26.0118
38.809
25.2748
26.5187
24.9141
31.7142
28.4874
28.4864
25.5316
77.0659
26.1022
25.497
27.2312
34.5048
27.3138
27.1904
24.8251
158.303
95.3733
243.571
35.6073
89.3143
115.706
66.3989
75.8108
73.8838
29.041
36.3287
56.5118
45.8161
33.884
46.6822
37.4278
59.6574
89.1971
29.1903
26.3994
35.5939
41.9182
28.7759
29.5973
43.3425
24.4915
25.095
27.0836
33.3333
26.8191
31.179
24.9151
1023.86
1000.25
1128.06
1011.44
993.316
1035.52
1021.81
1092.67
1061.46
1113.24
1705.54
944.334
1100.99
1160.62
1073.11
1129.33
1303.95
1855.71
1401.09
1580.73
1627.75
1802.07
1634.54
1859.92
956.085
908.972
1162.17
689.513
963.828
1022.98
858.88
958.692
1058.33
1256.31
989.59
1034.66
1103.72
1154.95
1047.56
1167.46
1208.23
1093.7
1658.78
1355.76
1246.06
1156.41
1414.99
1486.37
1262.72
1036.66
1016.56
1280.04
1220.83
1153.33
1266.11
1045.27
1361.23
1326.08
1058.78
1723.36
1489.7
1385.56
1580.29
1513.1
2307.89
2323.11
2434.64
1952.85
2554.06
2320.81
2278.29
2420.3
2334.59
2347.78
2408.49
1616.25
2229.98
2335.52
2298.19
2229.63
2696.98
2633.47
2779.25
2654.96
2573.35
2685.61
2435.85
2454.17
1367.29
1283.5
1808
742.28
1240.8
1389.47
1145.58
1347.63
2310.67
2511.18
1899.66
1670.54
2547.92
2401.57
1788.62
1963.82
2331.43
1752.75
2407.17
2436.75
2531.61
2441.83
2415.57
2333.42
2458.32
1838.84
1804.98
2086.5
2099.65
1872.46
2155.93
1911.99
2517.6
2149.74
1786.94
2259.64
2402.49
2184.37
2278.78
2125.12
112.436
108.029
116.133
90.3301
105.253
109.487
99.5593
106.376
139.165
198.103
192.492
142.785
146.764
167.06
140.495
172.319
143.184
188.509
205.093
159.238
154.238
171.073
155.611
183.173
82.1027
111.254
105.966
70.4197
89.5946
98.9011
76.1819
94.5388
104.716
111.481
86.035
116.282
102.58
96.9359
100.196
90.7444
118.564
126.968
153.628
120.184
119.581
128.832
127.017
135.986
104.173
83.6557
111.936
102.846
97.7938
90.5462
105.512
100.824
119.972
121.702
127.875
156.759
122.217
118.401
131.393
132.511
990.942
763.073
852.523
1058.08
994.48
831.744
1018.17
871.293
598.432
454.397
564.817
621.502
604.295
579.527
614.06
605.773
854.11
727.94
874.839
945.047
876.884
826.697
917.977
898.283
1171.09
893.071
1014.85
1297.59
1191.48
1092.62
1258.81
1164.97
776.957
873.31
1068.02
849.087
798.338
891.172
825.009
947.431
700.623
807.831
686.303
798.83
739.35
754.858
725.551
743.352
914.576
1114.22
884.196
997.509
948.364
1009.37
957.143
1025.93
844.886
981.376
863.324
738.545
862.267
917.299
769.753
792.091
2342.22
2423.14
2330.86
1582.26
2150.93
2331.89
2079.33
2171.04
2586.25
2741.38
2626.36
2311.38
2387.17
2715.27
2323.8
2468.63
2331.28
2450.11
2319.01
1744.67
2265.57
2334.41
2291.64
2353.84
1182.84
1705.9
1122.31
740.042
1203.69
1420.47
1027.82
1123.52
2197.83
2160.55
1594.06
1893.02
2128.76
2074.06
1829.28
1658.52
2483.09
1920.89
2570.44
2338.64
2301.9
2228.24
2477.86
2348.12
2134.67
1581.84
1926.01
1562.6
1654.66
1684.69
1631.44
1725.1
2226.32
1648.98
1928.7
2453.95
2236.37
1737.06
2319.48
1963.87
2353.02
2357.08
2372.2
1205.98
2202.84
2362.96
2043.53
2109.35
2371.14
2363.61
2340.31
1336.56
2336.72
2374.19
2477.29
2616.24
2362.68
2333.79
2345.34
2346.19
2466.99
2340.73
2707.81
2577.73
730.809
589.797
827.26
394.207
674.214
729.313
720.031
683.425
2209.42
2348.35
1237.57
1261.26
2192.28
2114.77
1297.3
1327.83
2377.03
1404.69
2342.41
2364.51
2334.14
2410.89
2360.97
2320.36
2297.42
1335.68
1225.9
2035.56
1758.84
1340.97
1772.19
1288.9
2260.93
1992.56
1209.63
2242.63
2153.41
1893.91
2192.84
1614.44
2385.81
1800.72
1688.57
1381.46
2068.77
1980.89
1772.54
1794.19
1545.82
1424.5
1211.33
1198.59
1464.11
1385
1253.94
1241.9
1377.74
1178.08
1124.19
1002.65
1275.96
1239.07
1143.86
1131.3
1112.24
1103.9
1019.24
1105.09
1111.23
1074.64
1073.29
1066.94
1647.98
1597.04
1290.65
1198.38
1444.07
1590.32
1221.91
1251.72
1563.19
1142.97
1268.91
1532.06
1428.43
1298.18
1405.77
1309.81
1388.96
1194.85
1096.83
1042.01
1160.74
1187.34
1110.35
1111.6
1390.35
1028.3
1077.87
1153.6
1239.03
1081.01
1163.84
1043.65
28.473
24.1613
27.1837
47.3535
27.0986
24.5422
32.6548
30.773
24.1498
25.0903
27.2447
45.4763
27.0357
24.7659
29.8102
29.5483
32.3811
31.1209
30.0496
108.494
35.9081
30.428
45.1772
40.8202
169.661
183.845
329.682
2314.27
193.58
168.29
420.497
395.953
26.7748
31.5356
51.6385
53.9399
34.5024
33.5716
50.3286
45.2332
24.5399
42.5154
27.0068
27.9295
32.7764
34.0708
28.5551
30.6991
42.0307
92.8238
83.2412
131.297
73.7154
87.7198
73.4148
93.5546
38.965
120.109
78.4249
37.2732
41.6597
57.2366
39.779
53.792
1662.72
1656.11
1623.75
1399.98
1928.42
1648.41
2306.6
1978.38
1662.44
1670.38
1651.05
1238.48
1758.68
1661.98
1769.96
1740.51
1590.87
1590.93
1561.4
1023.92
2218.56
1586.82
2230.41
1894.8
592.735
640.59
467.693
311.497
487.361
580.682
392.261
486.614
1819.31
2089.26
1259.09
1200.12
1990.93
2064.59
1454.94
1266.67
1654.37
1207.09
1642.09
1620
1827.89
1806.72
1628.2
1809.8
2350.16
1113.26
1025.41
838.619
1134.68
1149.36
987.993
1020.16
1894.88
1062.45
1203.94
1998.06
2274.18
1201.32
2191.57
1272.05
22.4547
22.3937
22.8716
23.3136
22.6186
22.5176
22.965
22.9185
22.4116
22.4258
22.7546
23.4104
22.606
22.4881
22.9597
22.9271
23.2649
23.695
25.3109
30.6152
24.4852
23.7736
27.0687
26.9459
34.9588
33.8585
40.1319
85.2332
54.5262
43.1287
68.5119
56.9852
22.6403
23.947
25.888
28.352
23.0404
23.5368
23.5671
24.9728
22.5584
25.5257
22.8236
22.8591
22.9361
23.4746
22.7666
23.4186
24.8746
27.9124
31.5803
35.6148
25.5122
27.2378
30.5921
34.3735
24.1404
32.4476
28.7819
24.1223
25.2656
27.214
24.3578
25.2781
1112.46
1017.17
1327.6
1220.81
1134.28
1132.55
1267.85
1297.13
1010.43
1084.14
1259.83
1180.27
1090.37
1097.17
1177.48
1217.58
1619.19
1490.86
2134.9
1830.3
1696.67
1651.65
1871.21
1909.41
1268.92
1279.54
1541.06
1372.36
1281.98
1311.04
1384.23
1443.17
1062.58
1397.53
1230.4
1204.86
1156.88
1310.13
1133.29
1248.52
1062.08
1211.72
1277.94
1367.31
1194.84
1230.92
1222.62
1290.91
1514.67
1341.17
1294.31
1622.76
1467.77
1389.95
1518.18
1395.42
1552.93
1678.71
1340.2
1425.3
1553.09
1517.09
1386.09
1381.91
2368.5
2395.45
2392.63
1763.09
2431.82
2383.23
3842.47
3435.82
2396.41
2394.52
2389.29
1700.86
2295.88
2381.65
2421.64
2331.25
2392.49
2397.58
2434.61
1988.69
2587.34
2389.78
3896.79
3456.5
805.837
965.607
958.979
466.273
785.545
915.129
642.234
798.039
2453.47
2564.49
1659.25
1702.51
2984.45
3145.17
1786.25
1745.56
2384.82
1709.92
2378.79
2383.25
2728.14
2552.84
2394.44
2399.82
4052.63
1269.51
1538.57
1578.75
1871.08
1521.11
1769.57
1560.19
3534.2
1669.74
1533.68
2723.99
3146.66
1755.91
2944.71
1796.26
2464.23
2467.57
2431.9
1570.13
2421.32
2455.84
2432.1
2398
2470.57
2487.37
2498.77
1496.07
2341.99
2474.14
2130.9
2254.68
2427.67
2494.2
2415.3
1639.92
3270.74
2500.05
3319.48
3218.98
878.497
864.873
699.322
487.34
772.666
827.705
711.047
726.031
2357.7
2683.58
1429.74
1380.36
2344.52
2483.42
1435.42
1453.9
2459.62
1505.83
2487.39
2447.77
2318.86
2232.87
2457.5
2494.77
2618.71
1390.38
1346.92
1230.19
1501.43
1497.49
1319.45
1342.73
2532.3
1621.73
1634.56
2742.13
3001.19
1801.46
2844.93
1812.65
731.987
1203.8
861.511
767.405
785.94
889.263
758.978
884.845
1366.89
1341.74
1373.32
1566.73
1449.33
1396.68
1487.78
1450.77
947.844
1221.81
1023.93
1064.78
1002.45
1037.79
1012
1055.17
686.979
1548.22
990.735
663.382
719.999
996.407
638.643
966.552
1303.55
905.123
765.888
1473.04
1332.23
984.711
1394.94
946.345
1282.65
1472.63
1268.46
978.29
1325.71
1410.35
1253.04
1319.68
882.817
677.67
1488.58
939.88
908.851
911.539
969.273
1080.75
970.149
1064.54
1518.15
1301.22
1074.89
1059.63
1351.14
1435.06
1134.24
991.441
1111.95
1351.51
1200.64
1028.59
1301.05
1128.53
1041.97
1160.31
1191.18
1165.6
1088.27
1105.91
1112.32
1200.3
1048.58
1211.06
1308.67
1379.49
1078.21
1123.78
1270.92
1254.33
1639.88
1449.19
1692.01
2027.77
1735.38
1474.51
1965.18
1624.51
1039.04
1132.68
1432.26
1252.58
1125.86
1141.02
1177.17
1186.87
1008.05
1135.18
1114.54
1030.68
1059.38
1098.73
1036.69
1061.24
1268.33
1591.5
1367.91
1598.25
1330.26
1337.36
1391.92
1394.15
1083.42
1360.32
1246.18
1188.03
1134.45
1186.81
1162.14
1236.04
22.6015
22.6058
22.8053
25.3283
22.9779
22.682
23.3905
23.374
22.4296
22.4669
22.7958
23.0309
22.6377
22.4766
22.8446
22.7686
23.1949
23.7067
24.1007
30.9882
25.7558
23.5473
26.4968
26.0369
47.127
36.5213
55.3746
82.3861
52.4713
39.6906
64.0732
61.0701
22.7078
23.4903
28.3844
27.4015
23.026
23.9127
23.9165
24.8704
22.4516
24.1844
22.7565
22.7429
22.7921
23.025
22.6662
23.2142
24.1484
31.9348
29.1707
33.869
29.3695
30.1596
30.1104
34.9174
23.6717
31.4016
26.5414
23.4958
25.0312
25.1925
23.6342
24.2116
22.3746
22.3587
22.3436
22.6906
22.4718
22.373
22.5877
22.4297
22.368
22.3504
22.3701
22.4758
22.413
22.3553
22.4259
22.3851
22.3527
22.3669
22.3656
22.6941
22.3948
22.3847
22.5323
22.3955
23.61
23.2238
25.961
32.2721
25.498
24.0692
27.5126
26.2063
22.5118
22.3512
22.9504
22.8453
22.6014
22.4804
22.8017
22.7191
22.3735
22.5298
22.3775
22.3483
22.4214
22.4651
22.3558
22.4114
22.397
22.9796
22.8216
23.348
22.574
22.7467
22.7904
22.9882
22.3731
23.0357
22.6858
22.3833
22.4379
22.6504
22.4671
22.5585
2059.73
1722.39
1722.87
1511.4
1849.51
1778.35
1760.2
1748.63
1423
1136.63
1090.36
1001.93
1218.65
1181.49
1137.73
1131.14
1549.67
1137.48
1426.63
1133.85
1443.62
1353.54
1356.33
1335.38
1234.79
1116.16
1123.62
1281.84
1216.81
1170.81
1197.88
1166.21
1455.87
1700.74
1421.55
1087.56
1403.41
1677.68
1149.78
1351.39
1394
1069.51
1196.26
1652.09
1367.31
1254.18
1330.47
1256.85
1624.87
1373.27
1057.88
1209.34
1306.81
1337.79
1252
1234.97
1603.57
1179.71
1038.87
1165.65
1444.98
1196.58
1177.75
1000.39
287.043
440.607
524.865
385.08
320.997
383.043
387.367
449.092
735.267
1027.02
1154.72
984.122
870.536
987.041
955.734
1077.15
830.362
1170.91
1180.1
1149.49
997.47
1068.05
1058.93
1140.68
511.662
908.515
1003.26
538.116
551.935
733.968
551.504
804.61
555.179
644.798
472.189
810.43
625.201
574.335
645.001
579.692
658.903
911.442
1018.21
714.978
731.355
889.074
818.455
957.849
707.977
519.085
850.397
935.664
746.552
648.678
910.041
746.37
794.124
1063.27
966.289
1088.21
978.314
1003.32
1033.72
1077.65
30.2495
26.5573
23.5128
57.6748
29.6879
25.9873
32.7204
31.2862
31.8528
44.0524
39.7584
154.405
49.0213
39.1898
59.3359
56.1493
26.1152
36.9224
31.0453
304.137
39.8317
33.2425
58.3247
59.8727
314.391
542.759
535.513
3757.64
480.461
458.709
614.892
672.437
32.292
28.9925
117.315
167.119
38.355
46.9254
93.0201
85.4682
28.6275
147.751
35.3122
26.381
38.9146
72.016
28.5934
45.6229
32.4668
155.15
209.726
210.648
84.5883
159.147
172.279
223.904
32.1066
221.501
219.601
54.0819
67.7318
137.128
57.1982
165.373
22.3668
22.3777
22.3552
22.7039
22.3665
22.3686
22.4273
22.3569
22.3498
22.3629
22.3646
22.7321
22.3637
22.366
22.438
22.4054
22.3546
22.3412
22.3392
22.398
22.3482
22.3436
22.3558
22.3361
24.416
24.7221
23.4203
31.2397
25.5803
24.1554
26.9957
24.9027
22.3967
22.341
22.9772
23.2823
22.3997
22.3675
22.6579
22.4736
22.3539
22.6298
22.3662
22.3465
22.3648
22.4147
22.3609
22.3949
22.33
23.3388
23.3847
22.8926
22.4376
22.7344
22.6971
23.0091
22.3428
22.6695
22.7311
22.3798
22.3949
22.5707
22.4879
22.6084
1106.08
1177.56
1133.66
1284.68
1173.38
1159.94
1209.74
1201.21
1197.4
1057.67
962.832
1199.92
1210.84
1125.04
1172.44
1089.57
1024.79
962.745
977.935
944.876
967.693
959.68
959.935
958.155
1546.13
1301.95
929.18
1428.68
1576.43
1355.13
1528.21
1211.35
1270.52
1157.55
1427.28
1328.03
1283.35
1286.74
1333.2
1344.59
1201.19
1209.39
983.563
1101.84
1206.27
1177.14
1066.02
1020.5
1169.47
1451.56
1286.86
993.137
1165.07
1349.26
1066.35
1315.93
1102.4
946.845
1147.74
961.552
1013.84
1017.19
990.253
981.729
1921.37
1230.12
1535.83
1497.45
1708.58
1551.09
1645.94
1572.07
787.999
539.477
667.244
633.317
718.056
652.538
717.089
675.318
1320.6
976.637
1118.58
1225.36
1258.65
1136.66
1224.67
1140.56
1443.44
1018.16
1331.01
1234.34
1347.39
1317.68
1423.92
1344.76
1115
1428.66
1440.38
1027.98
1110.4
1385.66
1063.01
1437.97
1014.46
983.133
939.535
1351.57
1071.9
1003.87
1077.72
1027.26
1397.61
1483.12
1086.33
1379.71
1401.38
1464.09
1370.27
1376.11
1345.62
1272.5
1025.64
988.809
1257.05
1261.56
1061.66
1034.41
2408.88
2480.36
2437.27
1353.12
2871.78
2471.64
2876.62
2907.56
2494.99
2492.43
2471.97
1618.94
2315.83
2478.94
2244.95
2358.7
2459.82
2485.83
2482.36
1644.15
2448.18
2479.36
2565.35
2563.96
692.623
978.368
985.362
496.703
704.465
906.346
786.143
830.723
2488.2
2565.91
1299.2
1678.64
2742.91
2842.7
1818.73
1648.66
2485
1599.23
2464.67
2461.21
2539.79
2332.26
2467.95
2319.74
2593.15
1046.84
1236.12
1349.49
1443.08
1163.6
1410.67
1216.08
2528.8
1437.91
1365.92
2336.24
2439.28
1536.22
2324.52
1689.46
25.1774
23.9417
23.0016
30.841
28.1646
24.2808
29.1117
25.1524
22.9175
24.2188
22.6573
30.3747
24.4611
23.8262
25.4595
23.9192
22.7338
22.4406
22.402
24.2189
22.9762
22.4759
22.9857
22.5488
45.7711
35.5306
37.554
63.4125
50.6762
38.7597
58.1577
46.353
25.218
24.0362
37.4976
32.7618
26.3128
25.4087
30.3932
30.4943
23.2987
28.0561
22.5989
22.7349
24.5134
24.5222
22.6709
23.2256
24.7246
42.794
32.7913
29.9458
25.7507
33.7531
28.1616
32.4171
23.6534
26.7745
30.011
22.7483
23.5598
25.5258
23.2874
25.3001
1105.14
1153.32
1201.13
1266.41
1115.52
1176.48
1138.62
1156.92
1186.92
1820.76
1574.17
1351.49
1258.47
1775.16
1339.93
1985.1
1442.89
1899.39
2270.58
1684.47
1599.19
1995.43
1750.31
2203.16
1214.76
1215.79
1265.2
1215.17
1253.24
1276.21
1263.16
1420.72
1106.02
1202.94
1236.43
1115.12
1149.13
1158.7
1134.64
1165.62
1228.17
1363.37
1621.64
1354.1
1249.64
1300.8
1302.12
1348.85
1239.85
1205.97
1166.27
1215.2
1194.7
1163.69
1161.29
1158.63
1399.42
1610.57
1460.07
1853.04
1493.14
1467.26
1439.61
1419.24
130.066
170.648
132.106
112.635
127.517
141.759
121.601
124.673
240.53
410.407
236.689
224.166
237.182
258.035
220.2
241.153
136.307
164.412
177.182
137.426
143.084
148.871
151.243
156.955
87.2243
124.779
104.753
66.2474
83.659
98.7399
81.0617
90.0499
181.472
140.638
104.495
142.076
172.006
138.976
163.335
122.539
184.27
151.4
165.767
148.603
171.992
157.027
171.431
158.526
123.348
97.072
130.798
112.204
118.3
108.375
119.632
113.377
129.319
122.135
140.268
158.575
132.017
127.131
150.137
148.262
22.4699
22.4821
22.7454
23.3134
22.5459
22.4425
22.6685
22.6962
22.5415
22.5729
22.584
24.1486
22.8344
22.6295
23.1575
22.9941
23.1505
23.337
23.9603
27.7207
24.809
23.2943
26.6755
25.5957
30.7368
28.126
33.2004
49.4507
37.4418
30.9761
42.5673
38.3797
22.553
22.9503
24.0887
24.5265
22.8718
23.17
23.6591
23.5209
22.4679
24.1929
22.6866
22.5434
23.0403
23.9486
22.8367
23.7166
23.7422
24.9073
25.7335
27.9623
24.3004
24.4505
26.2021
26.4127
23.633
27.734
25.5424
23.668
24.9396
25.938
24.1969
25.6078
707.641
569.243
827.065
635.849
615.398
651.363
666.642
699.348
631.867
1137.64
890.449
760.664
870.226
1064.39
826.251
910.934
950.693
908.285
1106.49
1094.71
975.22
982.091
1097.79
1076.04
760.472
634.879
935.74
596.088
618.096
688.954
649.105
689.015
625.774
853.149
693.9
684.788
717.177
755.609
681.345
734.284
668.287
750.582
851.993
864.153
721.96
797.51
783.507
830.855
885.727
764.312
736.199
959.48
853.673
756.059
884.383
756.21
903.264
956.104
775.837
879.404
899.524
909.122
860.069
824.411
1136.25
975.739
1202.46
1263.86
1143.14
1132.03
1240.83
1210.37
891.512
880.65
998.151
905.053
921.225
932.486
926.854
970.182
1256.56
1066.42
1199.24
1318.23
1275.48
1232.27
1283.15
1237.1
1464.67
1036.43
1483.56
1646.14
1533.74
1497.6
1716.93
1535.51
1003.6
1262.38
1302.06
1028.4
1075.18
1270.67
1053.99
1324.47
980.7
988.68
1001.2
1228.81
1004.11
972.426
997.951
989.141
1354.99
1459.55
1084.51
1482.49
1401.83
1417.04
1425.11
1445.3
1302.66
1372.76
987.323
1047.79
1325.67
1365.73
1058.12
1041.24
28.2434
26.2066
24.2722
50.5564
33.9765
25.4765
37.6805
29.5344
22.9532
23.3993
22.497
41.4334
24.2055
23.1711
27.9445
24.8111
23.5542
23.0805
23.1387
27.9097
24.5005
23.0368
25.4455
23.6335
137.49
91.3869
50.6872
285.123
168.021
108.628
207.279
117.259
28.1226
26.0355
63.3273
44.3234
31.588
32.3445
40.2975
44.9846
23.9784
40.398
22.8502
23.5457
27.5125
29.7881
23.9095
25.7005
27.6495
79.5463
53.9897
38.8097
30.0422
49.9535
34.8341
59.5121
25.7883
33.4837
41.6143
23.8232
27.3156
29.94
25.9803
29.3342
22.9981
23.4991
23.2135
33.6689
25.9905
24.6793
29.6162
26.87
23.739
27.1018
28.9145
46.8353
31.9287
28.6035
41.3466
37.4188
24.1546
27.353
24.2346
45.3334
31.5464
28.0724
39.3122
34.9074
60.443
79.3155
78.131
113.707
78.0461
74.3705
86.8479
90.179
26.8345
27.0196
43.3183
55.5013
30.156
29.2939
35.2187
34.5986
25.3292
47.4861
28.031
24.1757
28.6935
37.2658
22.8577
30.8883
30.4496
50.1198
65.6471
64.3925
34.0079
43.5091
49.7173
64.3487
28.6473
57.0055
64.7302
33.9835
35.1948
43.707
37.4808
42.5427
893.756
796.099
799.648
798.591
796.123
764.895
788.039
764.108
879.168
998.097
922.908
948.095
905.738
932.209
912.549
979.911
1010.02
975.896
1086.7
1091.02
1072.3
1046.67
1103.22
1044.09
738.103
826.564
881.62
618.491
702.035
817.653
668.01
810.255
829.226
815.188
747.002
828.82
800.355
767.313
799.828
768.538
846.94
892.706
916.172
863.465
838.218
872.781
859.884
903.775
828.128
738.173
823.911
898.057
821.023
781.58
876.924
812.13
889.547
987.395
938.541
949.178
951.641
962.806
935.235
951.285
1490.95
1237.62
1354.08
1340.98
1361.92
1283.01
1391.47
1231.08
1107.37
1129.6
967.421
1105.47
1081.96
1046.6
1057.42
1050.84
1225.36
977.243
1045.57
847.421
1074.64
1059.05
1013.13
1033.17
960.125
972.092
741.492
620.348
833.641
808.19
675.639
698.299
1146.71
1226.77
1121.47
1009.55
1130.86
1106.46
1167.66
1084.64
1087.02
990.122
901.421
1203.52
1068.3
983.223
1045.84
928.735
1271.26
1045.72
952.748
816.832
1102.51
1028.43
905.544
863.501
1243.44
811.258
950.331
888.588
928.522
876.241
902.358
898.509
25.3805
24.2168
23.8482
34.1899
28.5773
24.5131
29.4404
25.2991
23.0149
22.553
22.5682
24.1299
23.4605
22.7654
23.6425
23.1707
23.3671
22.5825
22.9576
24.833
23.4222
22.6645
23.5391
23.2116
65.759
35.3638
33.16
109.877
79.3264
43.9833
79.8921
53.9863
24.6395
24.1585
41.9618
29.4822
25.1706
25.5304
26.1609
32.4159
23.197
26.0878
22.6266
23.0119
23.805
23.8361
22.8802
23.1521
24.5462
52.2967
32.0862
28.5202
28.2123
42.2156
28.1235
38.0377
24.052
26.4649
29.2663
22.9905
24.022
24.4654
23.4011
23.8698
23.8874
23.9412
25.3324
33.2658
26.3081
24.1166
27.4598
26.7011
22.8516
22.5225
23.1265
23.567
22.9589
22.6286
23.2494
23.0183
25.5484
24.2533
26.3554
38.8791
28.553
24.8613
30.5225
28.116
58.9647
37.0322
63.6734
119.536
76.2516
49.3458
90.4249
74.3532
23.7426
27.4314
34.7609
28.5309
24.1623
26.4748
24.7113
28.4573
22.8548
25.8213
23.3045
24.0567
23.6524
24.4477
23.8257
24.7896
28.9667
38.8097
31.7121
44.1614
34.634
34.9919
40.5862
40.65
27.1169
38.8292
29.3039
24.1793
28.8828
31.482
25.5249
26.751
22.37
22.3892
22.4625
23.785
22.5191
22.4904
23.0205
22.7341
22.4178
23.5057
25.1985
28.0727
22.9446
22.8887
24.8044
25.7751
23.1788
24.5821
29.0734
70.4333
27.7469
25.9255
39.028
32.9814
31.4938
35.9382
114.351
141.071
45.6423
43.1489
94.4935
118.413
22.7143
23.7422
24.9384
28.6372
23.1706
23.2279
23.8327
24.2588
22.5472
28.4574
24.2476
23.2093
23.2528
24.8877
22.6283
25.0037
25.6162
29.4903
34.3687
62.4241
27.6615
29.1959
36.5914
35.0053
24.745
71.9633
34.8583
26.0787
26.8077
32.403
26.6434
30.6839
26.3236
25.1944
27.5758
48.7345
28.932
25.169
32.9475
30.3257
24.1021
23.5614
24.7476
29.1717
25.2786
23.468
26.175
25.9941
27.1129
26.6227
30.2176
44.0299
30.9652
26.0649
35.2727
35.7856
97.7521
44.0142
75.31
160.757
91.9265
58.284
118.345
87.1839
26.6446
31.0771
49.9383
35.9928
28.1049
31.7851
29.6098
37.0802
24.0401
30.5987
24.0744
25.034
26.3454
27.1973
25.1775
26.1676
33.9802
57.0156
40.4281
57.2636
38.7277
47.4608
47.6241
50.4502
29.9237
51.4318
37.9204
28.2364
31.1318
36.1205
27.9864
30.4302
212.047
193.398
180.191
175.094
201.418
198.581
181.791
179.545
154.147
130.065
135.331
122.883
138.222
136.565
129.478
128.998
182.426
152.761
188.404
156.471
166.194
170.079
169.078
165.083
131.8
118.053
121.636
91.8703
119.284
116.023
103.082
102.335
166.028
166.611
148.91
134.83
157.614
158.305
151.681
151.345
163.251
133.241
142.903
167.472
152.633
138.108
154.155
141.615
159.767
139.043
125.644
133.98
150.59
141.353
133.242
122.386
161.402
131.398
122.253
135.221
140.061
134.149
134.28
126.661
22.355
22.3553
22.3396
22.5723
22.3677
22.3507
22.3879
22.338
22.3411
22.3364
22.3359
22.3191
22.3172
22.3369
22.3051
22.3149
22.3371
22.3382
22.3499
22.4175
22.3365
22.3415
22.366
22.3327
25.7186
24.0029
23.6827
29.499
25.7606
23.965
26.772
24.5759
22.3369
22.3299
22.8396
22.7009
22.3307
22.3404
22.4103
22.4938
22.341
22.3697
22.3355
22.3361
22.3198
22.3019
22.3348
22.3182
22.3259
23.1324
22.9701
22.7225
22.4253
22.7682
22.6003
23.2607
22.3266
22.5078
22.4678
22.3162
22.3282
22.4293
22.3119
22.3294
129.102
142.851
139.9
112.86
121.686
131.149
117.623
127.409
195.923
332.156
396.002
215.036
219.037
289.896
227.383
321.181
291.559
483.96
539.653
400.946
357.382
437.471
393.374
485.441
97.3599
125.304
189.899
82.2531
87.4847
106.76
88.4016
120.52
135.284
150.143
111.934
133.723
134.697
128.941
130.058
120.676
160.793
182.856
340.855
190.088
171.8
196.746
224.733
271.718
157.268
102.676
135.162
201.765
151.901
116.631
182.639
121.027
218.917
295.727
207.111
382.814
270.393
256.393
299.426
297.085
2337.86
2333.96
2324.19
1566.64
2170.03
2327.31
2198.01
2211.83
2318.59
2323.45
2318.1
1549.46
1924.96
2311.52
1925.5
2145.46
2301.39
2315
2293.37
2112.19
2237.87
2306.2
2284.06
2308.99
803.204
932.873
800.517
326.827
726.821
872.141
560.077
769.665
2039.72
2217.37
1503.21
1437.43
2044.71
2125.74
1545.63
1553.04
2312.3
1551.7
2307.98
2311.71
2139.45
2014.78
2319.51
2075.16
2233.96
1412.42
1436.57
1456.47
1616.98
1507.36
1534.87
1479.71
2202.7
1956.02
1619.02
2152.66
2160.66
1784.63
2087.68
1768.16
28.9194
26.2656
27.4734
41.1566
33.1313
25.569
34.1088
31.8406
24.7778
24.7114
24.6925
39.9156
25.9592
24.4121
27.8859
26.0548
28.4542
25.5977
28.1095
55.1507
32.5809
25.7569
37.7283
33.4151
81.7106
83.9725
143.77
257.333
110.987
95.9313
167.686
149.682
28.3935
31.1683
49.3412
47.5428
29.3623
34.4189
34.4283
39.0434
24.3644
38.2765
25.1816
25.5736
27.0228
28.3351
25.1884
27.956
36.6819
55.4219
58.7724
73.7293
49.6001
51.4409
54.4321
63.918
32.6741
64.9637
49.2257
29.2746
35.5081
41.0283
30.6727
33.7218
2313.78
2305.32
2308.6
1811.57
2326.9
2300.81
2246.55
2298.27
2316.85
2325.58
2320.56
1415.23
2196.52
2320.18
2159.42
2209.77
2319.39
2312.5
2318.12
1407.66
2115.99
2313.11
2063.27
2152.87
967.438
721.867
938.064
492.476
783.879
831.157
825.82
823.056
2248.82
2211.24
1516.51
1291
2199.09
2222.75
1431.45
1510.36
2312.14
1384.07
2314.82
2317.11
2215.33
2101.55
2310.77
2118.83
2177.68
1573.55
1264.92
1358.35
1515.75
1501.08
1378.26
1337.16
2215.8
1362.67
1342.39
2157.92
2057.25
1391.09
2039.35
1380.54
22.3502
22.3369
22.3428
22.4915
22.324
22.3373
22.3249
22.3217
22.3361
22.3353
22.3376
22.2783
22.3122
22.3353
22.2949
22.313
22.3484
22.3444
22.3761
22.4955
22.3606
22.3535
22.4167
22.3754
23.3674
23.0407
23.0422
25.8348
23.6608
23.0801
24.3732
23.9635
22.3151
22.3196
22.3739
22.3245
22.299
22.2972
22.3043
22.2958
22.3357
22.2863
22.337
22.3381
22.3117
22.2863
22.3369
22.311
22.3073
22.4639
22.5031
22.432
22.3001
22.3184
22.3233
22.6167
22.3226
22.3831
22.3308
22.3154
22.3129
22.2993
22.2984
22.2956
2335.29
2324.36
2316.91
1510.42
2241.76
2326.89
2084.67
2127.19
2323.5
2322.69
2316.94
1606.47
2343.21
2322.01
2649.2
2695.24
2316.34
2321.34
2333.98
1413.6
2177.61
2321.57
2069.98
2168.77
902.883
813.816
711.21
459.6
817.554
842.497
603.332
606.079
2253.99
2179.36
1443.76
1515.04
2269.37
2151.18
1574.18
1489.48
2320.25
1595.45
2315.66
2317.57
2337.22
2432.93
2316.53
2255.35
2109.67
1271.06
1261.49
1211.2
1391.48
1288.71
1337.43
1258.66
2171.29
1240.21
1294.68
2314.93
2187.59
1409.09
2283.13
1450.48
2319.73
2345.09
2318.23
1165.33
2334.22
2333.95
2365.58
2304.23
2342.08
2339.96
2328.52
1142.86
2145.66
2327.87
1938.28
1946.42
2334.74
2342.67
2346.85
1252.76
2208.63
2335.57
2187.88
2156.03
500.677
682.478
623.672
294.667
524.014
645.153
448.352
620.449
2183.04
2191.14
1128.07
1143.13
2110.6
2200.6
1207.72
1179.5
2331.52
1137.64
2321.31
2321.73
2097.04
2025.97
2329.68
2140.66
2229.84
950.085
1042.12
1066.43
1139.52
1054.03
1104.99
1061.47
2199.69
1180.13
1082.71
1986.1
2094.61
1196.27
1998.21
1236.63
967.233
842.751
922.119
934.573
939.737
884.959
966.897
887.285
861.791
921.899
794.324
884.212
933.601
918.423
870.704
882.822
952.291
786.665
998.409
900.377
871.921
877.137
945.7
926.918
808.368
797.192
701.044
548.013
691.332
673.522
640.972
640.284
848.346
901.947
856.66
829.589
829.662
820.699
839.558
837.483
835.419
824.455
770.316
881.229
830.655
816.129
819.844
778.796
931.172
865.942
762.769
786.672
907.755
842.199
760.944
679.756
897.959
769.26
777.834
750.43
759.69
758.402
753.4
752.264
1029.52
762.77
793.979
897.439
976.631
870.777
935.702
827.577
636.965
396.367
460.579
548.809
602.036
581.213
579.658
531.793
588.418
450.858
454.261
425.238
448.472
448.599
443.868
435.282
584.597
455.821
400.157
308.254
391.961
405.193
367.029
376.526
681.378
652.079
712.405
564.612
647.364
664.586
639.327
670.651
639.027
564.572
488.27
639.191
610.109
561.515
587.077
517.956
637.53
665.86
461.196
433.438
600.755
619.711
440.147
416.828
600.663
418.462
478.283
445.964
457.848
439.489
469.418
452.528
480.53
628.602
666.104
425.583
485.559
575.496
464.445
600.848
865.976
1072.28
993.377
978.168
924.672
944.771
948.782
1016.62
842.015
903.904
1054.03
937.199
878.757
931.627
920.268
988.554
400.48
585.353
699.359
352.178
407.574
562.813
384.908
548.209
656.052
665.462
428.89
707.659
668.005
611.388
684.133
612.469
769.985
905.533
868.596
735.407
836.16
895.506
825.576
855.921
670.12
431.769
681.846
699.268
657.277
598.984
681.156
604.418
777.364
813.76
898.251
894.889
828.624
836.024
877.999
901.092
5159.68
5127.49
5137.67
1927.89
4888.95
5152.46
2872.85
3652.97
5127.68
5188.56
5194.77
1575.14
2527.31
5170.57
2457.2
4220.34
5127.57
5197.19
5179.73
1660.71
3545.11
5176.58
2452.27
4040.82
1163.53
1130.03
1169.44
903.157
1071.04
1124.98
1027.21
1076.11
2836.04
4317.89
1768.51
1582.52
3007.88
3664.68
1974.61
1941.13
5112.18
1584.31
5180.02
5126.07
3816.48
2686.45
5124.18
3019.5
2793.56
1380.04
1388.39
1356.98
1835.09
1497.64
1663.51
1473.27
3700.16
1466.29
1552.96
4158.52
3143.47
1693.05
2954.33
1735.14
1545.02
1573.97
1546.92
1154.62
1631.46
1559.34
1743.92
1718.94
1643.15
1671.33
1630.19
1288.88
1742.41
1658.15
1735.05
1698.62
1558.02
1580.37
1568
1011.68
1553.89
1563.73
1532.7
1565.23
499.548
669.951
527.128
233.865
515.79
617.531
408.666
494.453
1836.34
1611.5
1187.5
1277.43
1853.39
1760.35
1340.88
1307.36
1616.99
1290.71
1607.15
1560.37
1762.6
1730.85
1595.95
1619.54
1686.22
1005.07
1187.39
1021.65
1204.32
1200.9
1229.49
1176.11
1651.15
1110.9
1198.51
1573.24
1598.98
1319.14
1579.78
1346.28
2398.74
2408.15
2403.4
1398.4
2117.33
2398.93
2189.34
2284.53
2411.63
2420.64
2406.2
1627
2128.94
2406.2
2187.01
2314.86
2385.4
2399.06
2377.93
1626.56
2440.37
2388.36
2536.67
2366.37
815.952
915.768
802.501
409.238
755.191
829.794
667.732
806.466
2122.91
2251.02
1321.15
1454.56
2181.93
2205.01
1601.94
1497.7
2400.74
1642.95
2396.79
2385.08
2336.29
2241.77
2392.65
2302.59
2321.29
1277.08
1429.66
1393.18
1402.21
1381.05
1429.11
1408.82
2303.11
1620.39
1629.41
2321.95
2361.93
1619.2
2319.48
1662.55
843.687
1023.86
1096.27
866.511
914.703
1020.83
927.713
1055.26
1307.28
2088.26
2428.54
1203.85
1258.17
2017.03
1314.05
2199.57
1425.82
2616.97
2343.19
1552.89
1703.4
2363.36
1720.43
2386.31
882.531
1045.65
1163.46
982.26
984.79
1072.77
1012.98
1105.89
1060.11
1108.38
905.825
1078.45
1065.68
1071.23
989.857
1000.01
1307.79
1251.86
2275.75
1333.94
1289.99
1369.68
1360.43
1469.84
1117.19
919.455
1122.91
1245.49
1049.75
1009.47
1215.78
1142.62
1356.6
1461.48
1305.7
2477.11
1562.82
1424.27
1558.92
1378.26
2382.86
2396.63
2406.65
1700.25
2209.85
2404.08
2120.4
2245.08
2421.44
2436.6
2484.96
1876.44
2384.2
2439.14
2551.21
2714.27
2517.02
2513.01
2508.59
1717.28
2489.24
2522.93
2375.52
2370.4
992.794
931.183
991.504
522.767
923.638
1023.95
932.476
945.364
2252.43
2157.4
1666.45
1718.38
2216.98
2131.38
1715.04
1713.66
2427.26
1922.17
2480.87
2457.47
2367.98
2440.51
2454.17
2455.97
2190
1669.5
1715.95
1640.6
1643
1676.86
1680.97
1681.2
2468.38
1699.61
1808.35
2623.48
2584.88
1801.51
2594.55
1794.26
5004.36
5043.1
5084.5
1382.08
3236.98
5037.86
2102.31
2389.7
5129.04
5256.67
5306.96
1881.06
4079.37
5234.69
2636.26
2776.13
5243.22
5473.22
5389.77
1750.78
4112.28
5381.7
2598.07
2768.79
1232.73
1424.75
1315.37
1127.48
1276.28
1345.69
1209.25
1265.53
3561.95
3660.36
1418.42
1681.55
2383.57
2293.59
1615.45
1530.5
5102.78
1828.45
5270.3
5144.28
2672.07
2709.13
5166.72
3926.96
2296.86
1344.74
1531.54
1491.36
1516.3
1413.62
1561.94
1458.52
2506.42
1575.31
1614.73
2804.47
2602.57
1667.71
2616.75
1702.9
4979.92
471.559
4935.12
4972.6
3818.35
3471.3
4949.64
3994.3
74.6562
33.1467
65.2076
144.752
58.7485
45.1015
80.0844
56.6507
4897.64
425.736
4853.91
4900.44
3114.98
2626.63
4872.41
3391.63
4973.45
832.389
4935.83
4966.16
3476.04
3039.77
4950.84
3762.94
342.285
3510.23
3549.1
473.45
476.692
3017.95
597.788
3113.78
250.271
348.344
169.393
3148.56
358.891
232.227
451.248
249.118
4912.85
4950.79
651.781
4915.66
4937.58
3987.73
3186.98
2832.69
3867.56
3604.69
585.618
300.329
2708.64
2692.25
401.626
694.598
5116.1
4989.28
1889.18
5208.07
5104.13
3791.48
3069.58
2828.07
4937.68
4926.8
1295.82
4967.59
4941.23
3224.59
2437.13
2122.92
1465.33
1273.48
1345.22
1632.07
1408.85
1341.21
1512.32
1432.51
5369.77
5036.95
2341.76
5191.21
5220.24
3879.78
3438.08
3214.33
4971.03
1838.69
5166.93
5028.99
2774.65
2769.62
5054.51
3672.11
3438.72
3490.22
1371.1
1679.64
2426.23
2310.01
1566.24
1471.71
1691.43
3107.64
2963.5
2004.81
1858.6
2797.53
1918.4
2867.58
1585.3
1869.22
2600.18
1386.36
1539.5
1777.78
1484.69
1694.13
2503.32
2493.88
2511.76
1783
2373.04
2503.13
2276.03
2329.66
2483.02
2460.15
2482.95
1583.34
2646.2
2466.43
2622.22
2586.44
2494.68
2471.51
2442.56
1629.71
2437.68
2480.27
2265.2
2361.84
1041.63
788.978
850.909
491.389
887.667
912.783
858.522
751.182
2384.07
2457.31
1682.5
1548.42
2407.35
2339.42
1699.03
1741.83
2488.24
1673.13
2494.04
2501.55
2485.23
2574.7
2494.06
2421.2
2380.02
1612.45
1511.54
1607.59
1828.48
1586.06
1691.12
1501.27
2372.38
1565.94
1535.75
2464.69
2376.77
1740.34
2363.43
1678.99
1110.38
1203.94
1403.53
1243.57
1186.11
1258.18
1247.37
1338.86
1304.65
2457.73
2757.83
1578.01
1417.02
2147.45
1634.26
2291
1760.29
3250.48
3226.97
2002.26
2470.44
3306.79
2431.27
3327.32
1337.42
1442.84
1452.58
1304.82
1329.84
1421.2
1351.68
1407.66
1246.8
1450.26
1283.68
1463.89
1323.15
1374.94
1289.72
1339.72
1354.95
1670.93
2674.9
1586.39
1454.79
1743.42
1534.9
1967.45
1533.63
1347.3
1548.93
1614.7
1470.36
1412.58
1630.43
1536.46
1681.15
1905.32
1843.5
2872.77
2200.82
1963.98
2198.88
1964.66
1297.65
1212.78
1387.9
1284.89
1252.67
1265.5
1315.07
1321.48
1225.95
2385.25
2629.7
1366.73
1355.39
2164.15
1488.97
2307.56
1698.35
2954.06
3123.52
1754.25
2084.05
3060.81
2035.15
2887.61
1239.78
1187.75
1287.25
1105.08
1142.52
1212.45
1163.22
1233.51
1188.84
1382.37
1230.48
1229.85
1250.09
1311.43
1200.7
1253.14
1284.45
1418.13
2580.32
1520.76
1360.44
1562.1
1449.33
1714.81
1450.14
1292.25
1282.56
1428.35
1371.21
1309.23
1396.56
1321.89
1594.76
1653.3
1483.03
2630.48
1889.27
1636.73
1822.73
1580.22
5127.75
5107.46
434.51
5077.71
5090.28
3658.15
4024.79
3203.94
5102.82
5102.08
456.514
5074.49
5084.58
3637.02
4046.32
3157.04
61.6059
63.9879
29.491
38.0906
51.8277
43.1105
40.4477
36.7906
5040.23
5036.96
171.791
4985.49
5011.85
2898.95
3555.96
1956.09
5084.47
369.935
5056.47
5054.29
4078.35
2972.46
5076.23
3327.26
3576.06
3333.48
291.327
279.293
3120.55
2934.12
452.071
381.087
277.21
3882.89
3902.34
131.39
352.514
2710.26
237.09
2477.47
191.089
81.5378
2693.8
183.147
136.294
132.969
272.139
352.585
1228.09
1189.04
1176.51
1395.34
1246.71
1206.01
1306.31
1242.07
1295.65
4889.04
4915.47
4905.55
2190.06
3133.31
2586.81
4909.19
1842.47
4986.04
5077.37
5020.19
2664.61
3938.13
2775.53
5050.19
2023.92
4922.29
5025.08
5015.59
2911.44
3622.71
3079.87
4990.91
1316.89
1315.83
1551.85
2498.41
1401.73
1413.6
1569.86
1643.6
1362.41
3226.89
3485
1630.51
1494.85
2368.95
1641.66
2594.15
1380.28
1658.56
2954.94
2721.25
1669.08
1813.18
2538.8
2754.15
1828.18
4974
4924.62
4964.28
2803.28
3450.79
2965.21
4932.23
5307.03
5264.99
1581.68
5202.06
5265.91
2885.08
3926.89
2746.47
5292.26
5337.24
2160.85
5254.1
5290.69
3278.63
4029.86
3151.93
1360.33
1556.2
1207.71
1354.06
1446.89
1441.95
1377.19
1374.11
5139.98
5167.5
1491.12
5123.54
5140.87
2969.6
3433.13
2567.33
5237.31
1712.25
5188.35
5191.19
3820.25
2870.21
5187.57
3079.86
2936.69
3510.9
1896.19
1676.63
2807.09
3144.92
1906.42
2108.97
1596.72
3597.12
3730.53
1560.27
1592.33
2699.55
1647.48
2707.73
1584.89
1620.56
3054.81
1812.68
1738.75
1732.5
1927.24
1924.94
1775.79
2584.95
1279.71
1194.34
1678.74
2034.05
1180.05
1269.76
3332.65
2888.97
1957.36
1746.8
2937.46
3236.73
2058.25
2039.68
1522.1
1786.34
1559.66
1433.27
1568.7
1659.09
1525.07
1545.19
1218.71
1367.26
1336.26
1082.03
1287.71
1343.26
1261.93
1310.1
2291.19
1396.81
1334.46
1664.14
1555.22
1378.67
1526.44
1430.87
2747.39
1727.17
1842.46
1520.3
1675.08
1851.79
1667.76
1745.7
1330.47
1304.47
1551.51
1378.66
1241.02
1378.72
1345.67
1439.02
1416.84
1419.97
1556.56
1716.22
1483.15
1454.96
1644.05
1524.52
25.567
25.1115
45.3999
28.6836
24.2694
28.5229
32.9717
36.4065
26.0279
28.4495
54.5322
31.8465
26.0364
33.8733
36.9678
42.2364
267.173
287.47
4027.7
3393.16
357.772
439.315
2875.21
3048.18
63.5069
48.2731
2905.5
2128.74
98.8157
151.567
1630.92
1583.87
25.0288
53.9532
27.8746
27.4711
33.4531
43.1484
29.4011
39.0021
30.4937
42.6153
76.2054
68.1432
40.5956
47.2737
48.5883
63.8867
136.741
67.0391
58.3832
2392.75
123.353
75.1392
210.186
114.279
193.866
2384.66
70.0611
183.237
255.091
298.237
159.545
132.165
5676.32
437.876
5686.62
5655.33
4063.9
3321.06
5708.17
3770.52
78.3347
34.0426
95.4118
47.8641
68.9178
73.0229
97.4833
84.1834
5720.97
554.901
5789.18
5716.05
4166.79
3766.68
5771.32
4267.65
5611.03
246.267
5653.47
5573.3
3047.37
2622.01
5646.47
3557.18
416.349
3863.92
3656.15
293.655
501.925
2625.18
362.694
2944.85
337.922
207.777
391.912
3304.6
430.984
279
535.482
432.806
5727.72
5673.59
481.201
5712.65
5671.54
3582.86
3636.12
2331.73
3944.48
3999.98
333.704
401.46
2915.17
3173.94
549.947
426.554
2031.95
2766.92
76.5245
45.4014
1835.94
1651.78
81.2574
158.53
3173.31
3435.34
294.285
203.096
3040.9
2900.89
317.097
418.386
32.5926
52.7411
28.7058
25.96
35.7509
37.8204
25.5318
28.815
31.2622
40.2173
26.0021
26.1283
32.836
34.6353
26.2969
29.5445
2535.64
88.3505
56.3385
115.17
195.127
120.566
103.359
63.7656
2330.85
117.443
200.934
94.6672
306.49
248.726
192.025
197.804
31.2173
32.1512
45.9317
26.0421
31.8208
41.5246
35.3807
41.5055
40.6282
29.6867
57.4494
69.8114
43.6185
37.0236
53.0614
45.5487
5514.15
5527.99
5527.14
1458.1
2328.62
5550.04
1552.09
2351.06
5520.15
5615.11
5599.79
2425.07
3993.23
5626.13
3258.27
3351.86
5510.1
5597.66
5670.57
2409.18
3376.06
5591.79
3268.76
3297.54
1578.08
1852.52
1737.34
1581.76
1591.62
1666.94
1592.44
1654.09
3357.58
3067.45
1493.73
1928.38
1491.46
1656.08
1685.92
1607.85
5524.41
2205.74
5595.76
5534.77
2609.64
2763.53
5501.61
3493.63
2406.3
1632.82
1956.65
1995.05
1958.68
1799.74
2083.03
1909.18
3233.4
2113.8
2056.93
3538.92
3025.77
2337.34
3360.6
2408.04
25.5714
27.7705
26.3078
51.6561
33.2219
27.0218
38.1401
32.0483
55.4944
1817.69
319.224
2300.46
996.511
946.279
1050.13
1032.13
27.4343
58.4882
29.538
141.131
48.4345
38.0601
50.6682
41.891
300.634
2435.96
862.679
2725.56
1736.3
1730.08
1719.66
1740.08
47.3662
38.502
143.186
1426.68
54.6881
48.4077
140.032
109.609
41.4
1503.64
154.734
30.4401
58.5342
583.76
33.2425
186.216
46.7607
190.056
1438.43
457.235
102.369
173.248
450.15
952.06
35.4078
426.993
1531.51
159.155
123.306
379.51
196.2
625.217
397.639
306.251
469.201
441.023
349.012
367.999
453.984
443.719
277.23
416.603
668.518
458.891
336.405
417.674
494.813
570.506
1004.45
971.727
1116.18
1109.58
1094.07
1103.24
1153.12
1110.47
424.009
463.758
679.254
373.915
383.52
417.483
420.46
445.165
316.267
524.82
394.43
441.374
390.648
434.211
372.361
423.093
338.902
506.993
726.765
583.126
405.741
537.85
505.982
693.562
631.335
456.061
482.201
764.589
606.332
477.06
748.132
464.389
701.537
870.712
524.225
832.113
918.854
820.758
827.617
750.851
2529.73
1304.99
2493.25
1347.44
1791.67
1942.95
1750.69
1878.68
1240.38
1148.95
1284.55
1087.03
1213.03
1237.38
1194.42
1226.91
2852.27
1510.4
3210.36
1771.27
2327.59
2439.61
2297.92
2391.41
1165.79
1020.61
1270.45
1088.79
1111.04
1128.85
1150.88
1170.76
1274.15
1934.39
1257.43
1100.43
1248.74
1582.59
1133.25
1298.81
1329.55
1135.18
1383.99
2051.08
1287.7
1247.46
1385.13
1332.66
2066.02
1325.14
1080.67
1455.9
1595.24
1380.05
1449.28
1269.55
2209.14
1490.68
1103.34
1353.02
1891.63
1495.89
1316.66
1188.22
2907.43
2887.23
2932.33
1525.94
2576.71
2918.35
2427.01
2627.35
2903.39
2914.84
2899.78
1650.36
2538.99
2901.95
2287.87
2332.29
2934.9
2898.19
2939.18
1739.28
2706.78
2924.09
2585.47
2578.62
1197.96
1081.37
1116.09
1379.35
1162.06
1163.74
1166.46
1088.42
2576.22
2704.06
1486.45
1488.81
2429.6
2529.12
1517.28
1506.16
2895.63
1582.69
2892.96
2931.96
2586.1
2406.69
2895.76
2537.58
2617.85
1482.52
1441.01
1455.76
1587.12
1501.04
1492.23
1458.41
2675.17
1459.27
1435.92
2284.89
2589.19
1565.65
2256.97
1563.02
2929.95
2931.16
2945.98
1832
2707.83
2930.34
2324.78
2415.51
2922.62
2892.92
2878.22
1555.52
2932.43
2897.7
2291.33
2276.25
2901.53
2883.01
2895.68
2099.96
2707
2892.33
2095.2
2031.96
1352.45
1014.31
1335.65
677.826
1216.27
1180.08
1143.02
1007.5
2785.02
2755.99
1861.15
1727.18
2448.42
2402.84
1850.88
1900.88
2925.69
1714.5
2889.09
2916.2
2464.7
2358.1
2910.93
2847.85
2588.12
1905.77
1430.54
2390.64
2449.96
1849.2
2238.55
1552.35
2571.26
2289.12
1265.04
2370.67
2538.07
2203.54
2526.28
1960.17
2910.21
2882.9
2911.35
1844.84
1931.95
2898.83
2083.82
2858.01
2865.74
2899.7
2914.69
1516.35
2182.44
2908.43
2164.22
2743.19
2904.07
2916.93
2927.98
1661.7
2241.06
2919.72
2165.97
2733.36
1007.91
841.612
1162.78
560.174
782.232
1046.73
836.834
1036.3
1908.97
2253.99
1549.41
1111.82
2013.79
2122.98
1414.19
1495.83
2872.1
1628.82
2916.26
2879.84
2669.23
2185.4
2876.43
2301.51
2161.59
1568.4
1169.35
1574.47
1735.02
1543.58
1616.07
1450.6
2615.24
1640.83
1672.11
2719.35
2233.33
1674.76
2236.32
1692.71
5049.39
1986.75
4989.06
5011.62
2963.83
2929.63
5020.53
3783.62
1482.87
1229.17
1284.13
1204.06
1387.69
1334.67
1319.58
1288.36
4885.02
1351.93
4818.96
4815.53
2578.1
2218.47
4821.69
2870.13
4941.19
1448.53
4877.26
5025.32
2628.49
2632.85
4949.33
3479.31
1708.33
3251.15
2656.63
1411.32
1916.33
2939.25
1626.61
2569.93
1644.23
1356.72
1490.82
2888.42
1773.3
1544.5
1815.07
1574.56
4913.95
4947.21
1572.79
4859.58
4904.57
3493.09
2818.82
2676.85
3558.31
2991.39
1450.07
1427.55
2432.96
2512.5
1501.91
1461.51
8860.26
8938.01
8828.34
1149.26
4469.37
8849.69
3497.73
6576.33
9038.53
9126.05
9049.46
929.66
5750.36
9028.03
5102.81
7248.62
8807.92
8948.9
8783.62
506.631
4440.87
8835.5
2345.62
6640.39
300.494
169.36
127.356
50.3704
105.677
155.659
77.6036
121.96
4737.05
4735.51
679.559
579.668
3942.79
3767.17
791.036
794.105
8945.71
827.752
8956.12
8841.77
6935.97
4810.89
8916.85
5362.32
3633.58
630.064
384.707
248.914
789.134
729.216
377.296
344.699
6454.94
432.611
675.978
6929.15
3856.14
560.893
4359.18
683.702
2446.51
1287.19
1223.15
2651.43
2070.38
1367.08
2376.1
1421.67
1064.35
864.671
913.23
1107.94
1067.48
905.447
1100.97
909.951
1107.84
985.644
1184.99
1141.78
1106.04
1072.07
1138.06
1098.7
2819.76
1553.03
1631.54
2902.93
2773.56
1950.15
3019.66
1896.5
1367.26
1306.91
2324.22
1492.09
1431.95
1517.38
1498.36
1717.35
1154.75
1247.04
1011.37
1162.55
1162.36
1174.23
1097.2
1121.32
1375.7
2630.3
1565.05
1571.48
1468.05
1714.68
1513.64
1758.74
1177.06
1289.25
1253.23
1009.14
1202.58
1296.32
1157.5
1181.84
5574.03
5546.17
5512.63
493.882
3883.28
5525.62
3544.93
4441.2
5533.41
5526.46
5491.88
522.887
3752.68
5512.02
3296.5
4299.99
5464.17
5450.07
5402.92
174.36
3122.05
5424.93
2218.04
3675.45
66.9336
70.0068
45.481
35.3523
49.8471
52.7407
43.305
43.3023
3772.01
3664.68
315.61
315.237
3365.19
3245.44
529.385
448.012
5510.44
435.278
5469.86
5479.28
4347.16
3030.07
5498.13
3475.2
3103.21
204.816
206.543
87.8086
352.526
312.579
164.787
160.37
4185.44
138.27
300.524
4000.61
2615.45
258.763
2816.14
356.099
8918.55
8836.46
891.848
8844.33
8829.84
5520.65
7134.29
4973.15
8734.76
8655
1136.08
8630.57
8652.12
4353.23
6454.7
3419.83
159.059
296.601
54.0604
133.228
145.149
98.6298
118.294
74.1603
8744.33
8613.71
493.183
8583.68
8633.74
4351.97
6478.96
2332.91
8743.07
770.422
8751.6
8646.65
6780.82
4695.84
8716.98
5280.38
4582.4
4671.47
668.114
533.336
3914.51
3758.71
772.703
787.334
629.548
6784.2
6344.68
424.998
658.508
4325.14
545.555
3794.34
371.233
244.807
3586.13
622.71
339.945
368.382
721.809
786.61
2901.71
2894.89
2903.06
1437.42
1952.89
2904.12
2108.64
2701.22
2901.28
2912.45
2927.86
1626.99
2296.05
2912.71
2334.21
2743.36
2900.83
2943.85
2950.83
1746.77
2321.97
2946.29
2169.17
2754.94
1082.28
970.999
1163.21
909.232
1030.31
1059
1079.72
1111.88
2019.48
2065.35
1466.49
1225.02
2163.03
2090.95
1609.92
1686.27
2911.14
1677.67
2923.26
2911.31
2744.92
2240.87
2911.34
2356.2
2016.52
1533.49
1311.61
1377.86
1654.74
1702.22
1399.86
1369.31
2613.52
1710.58
1620.7
2812.66
2349.69
1717.27
2460.48
1726.67
923.898
1088.07
893.49
1242.05
1049.62
1046.79
1075.17
1073.2
1211.51
2032.28
1158.07
1939.95
1506.82
1490.35
1603.01
1594.47
944.941
1139.15
1136.07
1132.5
1031.31
1092.83
1057.67
1147.37
1737.45
2769.88
1321.32
2970.15
2191.1
2354.35
2297.31
2438.03
1296.74
966.039
1433.63
2044.7
1357.73
1269.7
1550.99
1463.51
1207.94
1816.45
1135.86
976.888
1227.89
1495.52
1006.37
1123.7
989.335
1485.39
2200.53
1194.36
1075.3
1537.14
1165.91
1955.14
1010.14
1238.79
1868.87
1192.88
1127.74
1192.47
1155.82
1241.86
26.3149
30.7311
39.5791
26.4836
26.3466
32.8552
29.356
34.5457
44.182
1892.5
2610.41
71.5868
74.9971
1703.85
143.682
1566.21
211.998
2973.03
3343.3
294.945
306.044
2849.8
419.9
2750.06
27.0332
31.3657
51.4322
28.0252
26.5887
36.5852
30.7728
37.9461
30.9973
43.5762
26.3461
31.3612
38.721
37.3743
31.017
34.3558
51.5534
88.2059
2406.33
114.491
59.1439
113.48
94.231
178.487
56.0024
29.5866
41.388
67.5913
44.4778
35.9995
51.4644
42.6621
126.294
196.904
88.6764
2224.85
229.614
189.349
271.015
157.372
2752.59
2463.29
2116.88
1597.74
2997.05
3070.72
2669.22
2688.81
2149.93
2561.37
2667.94
1891.15
2084.82
2400.21
2020.9
2352.04
1992.33
2578.02
2620.18
1761.42
2099.94
2329.85
2062.1
2296.5
1314.47
1565.21
1424.45
1277.23
1386.4
1424.74
1375.36
1425.27
2143.44
2096.6
1567.67
1658.26
2079.74
2385.25
1754.6
1880.76
2194.55
1844.12
2347.81
1939.61
2077.93
1999.65
1994.06
2067.14
1943.57
1490.52
1621.88
1619.26
1604.07
1707.09
1677.86
1582.14
1950.9
1722.48
1850.4
2314.81
1957.3
1771.56
2017.13
1931.74
1224.97
1300.22
1502.01
1404.23
1241.99
1270.57
1367.92
1468.09
1963.56
8364.94
8317.74
8222.27
4385.73
4863.41
5669.47
8304.08
2442.21
8263.15
8271.66
8226.58
3761.41
3851.3
5408.04
8247.73
1777.41
8171.07
8176.8
8093.31
3974.95
5184.93
5009.72
8123.47
1520.45
1665.06
1755.61
4220.79
1808.57
1731.98
2086.63
1864.58
1587.94
5750.15
4281.39
1689.91
2072.07
4777.75
2035.06
4201.93
2168.08
1783.07
5521.7
5352.44
2113.93
1931.92
4381.3
4234.96
2474.18
8189.05
8201.54
8208.76
4420.67
5583.55
5020.83
8218.23
9875.04
9840.96
2471.12
9769.06
9838.91
4164.19
6708.93
4770.25
9847.46
9898.59
2531.17
9786.18
9801.96
4821.81
6222.56
4404.95
2622.87
2585.35
2476.94
2406.36
2731.16
2655.03
2508.11
2475.45
9744.5
9719.03
2782.47
9705.08
9722.6
6296.53
5069.64
4068.19
9781.19
2768.21
9729.3
9771.46
5598.6
4250.65
9746.73
5277.96
4596.32
6039.25
2634.03
2252.74
4343.98
4308.63
2662.3
3038.18
2609.11
5273.25
6067.34
3012.8
3090.86
4362.52
3569.16
5467.5
2337.24
2726.54
4515.4
2529.03
3105.3
3035.63
2942.68
3248.91
10110.3
1239.59
10004.4
10009.3
6803.84
6109.69
10005.3
7525.94
221.24
62.0556
166.219
268.533
184.685
103.1
172.074
147.426
9932.08
589.424
9827.81
9906.28
5388.67
3903.84
9859.76
6060.45
10002.7
1215.44
9942.64
9975.58
5976.24
5230.34
9947.99
6749.97
674.434
6368.82
6322.04
756.943
869.657
5622.72
1015.47
5663.21
456.195
551.703
295.518
5373.77
641.007
408.182
738.998
443.929
9950.66
9957.1
994.063
9930.62
9971.46
7327.43
5830.34
5017.26
7034.82
6469.59
840.876
471.699
4314.75
4574.15
655.338
990.186
45.8262
163.062
60.0513
89.733
95.3929
148.668
70.511
134.041
810.415
8875.35
8799.88
8785.48
5353.34
6359.81
5602.25
8878.49
393.126
8716.89
8568.77
8626.27
3686
5355.65
3929.96
8702.09
518.345
8736.22
8676.04
8709.91
4400.65
5265.41
5636.95
8767.71
550.773
262.169
305.583
4556.5
581.09
345.472
678.427
548.565
608.891
5803.36
5933.15
565.203
860.514
4183.69
698.419
4635.81
284.427
400.003
5414.28
5178.78
400.893
601.041
3990.48
3511.25
750.653
8722.73
8807
8808.17
3290.02
5064.85
5259.38
8720.57
2414.62
1656.76
2313.72
2543.14
2330.35
2131.96
2429.52
2355.97
2238.88
10078
9963.61
9865.06
5111.78
6069.17
6318.78
9957.82
2578.39
9922.91
9913.87
9801.68
4804.39
5532.01
6274.46
9865.24
2416.71
9754.51
9745.25
9700.15
4365.5
5616.97
5835
9723.17
1825.12
2162.67
2396.26
5056.16
2410.15
2278.15
2624.36
2336.2
1919.95
6363.41
5841.21
2185.27
2717.21
5023.57
2598.43
5074.98
2542.61
2403.53
6146.69
5705.11
2492.26
2523.08
4522.93
4510.68
2887.9
9754.1
9801.13
9883.02
4740.17
5742.82
6256.71
9796.86
2483.63
2557.93
2183.47
2247.03
2439.47
2619.59
2516.05
2782.06
2301.82
3966.18
2085.93
2724.53
3019.56
2870.81
2752.27
2708.22
1544.54
1582.91
1309.39
1542.04
1606.08
1465.41
1518.75
1435.74
1915.89
3336.22
1655.04
2585.53
1616.84
1750.94
1379.48
1638.03
2350.95
2330.51
2386.33
2702.59
2461.56
2697.77
2385.96
2465.86
2327.72
2668.86
1827.15
1880.2
2688.38
2608.97
2123.45
2094.56
2082.48
2284.27
2597.38
1736.99
1886.41
2284.62
1843
2236.29
1932.56
1773.31
2751.82
1812.09
1895.36
1882.22
1963.9
2007.98
73.6257
206.235
384.838
248.756
117.05
164.751
263.273
187.649
654.753
9827.69
9902.39
9935.05
3939.73
6118.88
5450.66
9859.34
1618.01
9938.26
9964.72
10017.2
5115.4
6459.58
6427.47
9952.45
1102.15
10008.7
10006.3
10101
6254.54
7555.15
7024.3
9999.66
320.557
661.489
514.877
5475.72
474.714
446.815
733.762
655.569
511.032
6999.42
6475.05
963.935
694.614
4326.58
1139.03
4552.17
925.029
780.72
6494.46
6363.72
1106.39
896.691
5342.23
5732.22
1082.9
9957.13
9955.83
9926.54
5073.44
7292.23
5849.33
9968.38
2680.42
90.3219
3493.79
287.976
1172.87
1373.73
1272.76
1380.89
33.1354
27.1993
60.5085
27.5256
29.1036
38.3051
34.3358
41.6048
3828.8
436.337
4171.77
1004.68
2411.5
2575.5
2310.12
2436.55
42.5593
25.8883
113.39
28.9995
33.4025
38.2692
40.4515
44.5479
54.9327
2023.4
116.565
31.8707
85.2312
644.491
34.5534
167.533
89.5564
40.5025
199.643
2153.1
105.227
81.2522
274.508
178.385
2002.4
140.522
36.6666
399.405
668.774
183.761
342.584
94.8855
2083.6
499.387
43.2796
249.808
1224.19
466.829
259.801
113.779
4755.98
4697.26
4704.43
422.115
3514.81
4743.99
3189.89
3493.62
4648.24
4588.86
4639.45
353.562
3005.76
4646.31
2325.22
2808.8
4690.01
4683.15
4714.77
820.005
3199.6
4728.47
2904.65
3518.62
76.1153
54.6663
118.662
32.2585
59.8525
79.7936
63.185
62.3862
3337.22
3319.41
362.737
327.159
2690.68
2499.82
381.349
513.816
4698.19
510.832
4688.55
4718.85
3125.59
2032.51
4671.92
2998.35
2812.76
375.853
208.723
413.422
559.073
438.922
519.36
289.84
3326.81
566.967
284.252
3292.89
2301.04
650.94
2577
563.642
2092.24
84.6121
2702.62
430.314
1086.43
1484.09
1115.13
1439.78
28.5489
25.5231
51.942
27.2
27.0666
33.3384
30.1887
34.6908
2971.92
347.349
3145.3
1331.34
2221.23
2271.17
2172.32
2202.41
103.439
29.137
329.326
42.9282
62.5292
91.5064
70.7302
104.658
54.0766
1884.28
230.492
35.1362
75.3687
911.583
43.7078
354.144
71.848
43.2524
191.556
1995.38
88.1784
73.5081
239.707
170.54
1846.39
242.04
40.7149
637.404
934.659
363.774
629.232
233.324
1929.43
748.967
48.4445
228.605
1406.08
773.982
243.379
159.948
39.394
331.93
29.2349
102.466
69.5815
106.897
62.0896
92.1861
1315.2
3138.09
343.885
2941.79
2144.07
2179.39
2193.19
2249.83
27.5969
55.2055
25.4789
28.6544
30.0669
34.5275
26.7353
33.1369
422.605
2692.88
83.2177
2072.87
1101.71
1425.62
1071.84
1469.4
633.516
40.416
241.309
1843.04
625.137
230.014
933.516
355.725
736.574
1912.64
230.491
48.4438
758.318
1380.72
152.246
232.241
34.8135
228.027
1878.54
53.6871
43.1529
346.206
74.7387
887.505
43.0504
70.8955
1976.71
203.082
72.034
86.7871
162.941
230.757
8948.23
8963.47
738.007
8898.58
8912.8
5308.59
6256.47
4587.05
8979.78
9034.97
848.997
8960.25
8960.12
6077.65
6877.72
5578.06
189.101
158.001
51.9627
61.2772
98.5956
89.8446
73.0482
69.516
8862.44
8887.02
347.233
8788
8825.89
4917.59
5321.28
3457.62
8926.27
628.031
8884.6
8906.18
6695.61
4558.16
8925.76
5244.36
5676.31
5803
516.818
457.356
5067.37
5142.76
786.319
737.466
437.134
6038.24
6436.07
269.264
553.603
4124.44
519.369
4057.15
349.256
160.828
4942.89
353.106
287.099
304.216
521.88
621.032
29.765
29.15
27.309
55.4712
33.4119
28.2806
35.4161
31.2596
56.242
2082.95
444.275
2678.41
1151.29
1166.9
1235.57
1322.42
27.7964
105.204
47.3258
289.37
85.9126
64.5487
106.628
86.5158
237.085
2885.64
1185.24
3091.29
1932.55
2103.31
1934.9
2062.73
47.2992
41.0837
119.153
1660.56
58.0014
56.877
152.527
119.7
41.0783
1826.17
239.757
33.5611
58.6222
752.804
38.3393
293.375
47.4077
153.987
1691.65
637.912
111.115
156.323
635.754
1208.73
40.7047
607.505
1831.23
287.198
218.725
597.908
322.436
919.024
2893.05
2913.23
2899.87
3252.58
2863.7
2911.83
2660.45
2639.76
2913.03
2936.57
2940.32
1937.38
2417.32
2927.78
2410.12
2691.96
2922.98
2945.09
2955.84
2313.99
2757.3
2948.62
2730.87
2834.01
2062.77
1577.87
1395.1
1660.77
1682.76
1516.71
1339.37
1394.01
2447.99
2540.78
2461.82
1888.66
2354.12
2463.36
1956.86
2000.69
2905.57
2035.73
2934.27
2908.69
2733.51
2499.78
2900.81
2553.89
2607.85
1964.85
1892.01
1962.94
2101.34
2003.83
1998.42
1945.24
2755.77
2182.57
2090.08
2767.43
2661.16
2226.57
2579.76
2226.35
2911.03
2913.94
2904.03
1671.53
2623.63
2913.41
2499.9
2686.42
2910.85
2907.07
2918.4
1958.04
2845.62
2913.32
2710.4
2784.07
2913.72
2932.2
2940
1886.47
2486.57
2940.79
2445.79
2748.96
908.722
1124.84
1280.97
594.348
796.786
1211.13
801.914
1164.34
2746.44
2529.65
1636.44
1814.47
2611.29
2512.67
1990.99
1940.22
2917.75
2012.15
2919.08
2914.29
2750.05
2588.55
2915.12
2601.71
2412.85
1583.1
1772.88
1708.2
1845.09
1846.17
1752.18
1780.52
2721.58
1894.22
1954.55
2788.16
2503.18
1967.58
2573.37
1999.93
38.8694
55.8744
137.401
113.779
56.3388
89.0216
81.3351
130.376
257.308
8573.69
8744.37
8598.72
2537.97
6384.9
4320.18
8626.91
912.704
8823.06
8900.9
8800.81
5271.97
6934.5
5904.51
8786.7
560.534
8621.92
8732.49
8682.97
4113.52
6432.32
5215.98
8642.57
186.671
379.215
265.678
3383.15
338.768
301.696
381.663
383.866
387.661
6294.93
6676.92
685.547
650.464
3882.79
781.073
4536.5
542.06
364.491
4674.35
5591.01
699.771
500.818
4857.89
4113.18
821.014
8724.46
8646.23
8739.76
4943.67
6769.21
5470.64
8721.39
2910.83
2930.59
2919.66
2031.98
2604.74
2918.76
2533.38
2701.15
2952.41
2971.86
2950.44
1882.57
2500
2953.14
2523.85
2803.74
2939.78
2962.44
2982.14
1882.64
2884.63
2973.12
2929.82
2869.7
1167.09
1353.26
910.89
509.114
1015.35
1098.2
769.613
946.112
2523.6
2688.54
1953.01
1732.3
2550.31
2607.19
1952.59
1869.41
2941.24
1897.56
2947.29
2940.01
2831.01
2672.73
2943.5
2733.65
2802.3
1622.83
1658.61
1429.55
1812.49
1745.6
1626.15
1599.58
2828.38
1860.39
1892.59
2783.17
2912.8
2034.65
2819.28
2013.39
6946.3
6954.75
74.3725
6983.14
6971.24
3482
4796.84
2798.38
6955.48
6958.31
101.968
7023.71
6982.58
4022.49
5188.9
3478.67
33.9309
39.8048
30.7617
65.3734
41.2244
35.3426
44.3255
39.1656
7014.87
7075.59
1190.7
7102.55
7079.6
6277.54
6249.57
5886.26
6975.96
133.878
7001.86
7040.23
4873.68
3715.24
6994.13
5126.95
3626.57
6144.97
70.4542
58.2911
2880.72
4520.59
82.8132
159.351
100.545
5539.96
6254.4
668.223
229.26
4459.52
716.277
5747.38
62.7872
531.781
5830.74
89.1732
184.846
455.714
137.253
552.12
6943.81
6947.47
6987.14
52.44
1074.77
6972.64
963.499
5419.83
6947.76
6944.54
7005.62
75.6091
1489.16
6978.73
1662.43
5760.67
7036.95
7073.23
7144.3
459.954
3070.45
7110.63
3000.04
6532.52
26.1449
29.1987
56.1458
24.6006
28.0321
38.9663
32.8433
43.0749
1668.74
2535.53
35.4264
34.6457
1777.15
1893.51
83.9804
140.524
6973.72
134.273
7042.51
7021.6
5549.64
1767.72
6993.45
2321.52
2310.18
41.1785
52.7857
153.647
212.342
139.971
131.412
78.1919
5860.53
385.055
162.998
6310.9
2726.67
394.952
2463.78
279.562
6944.22
41.2098
6955.97
7010.5
690.292
114.135
6978.22
5225.2
37.3768
41.1157
30.0881
72.4951
54.549
40.3779
53.6455
46.1885
6952.05
40.2521
6951.63
7021.86
1798.59
310.404
6982.27
6359
7058.23
636.85
7080.14
7158.34
3289.45
2484.13
7105.64
6430.35
64.5379
1213.16
2727.73
336.625
156.183
1756.19
251.058
1714.26
41.2857
211.551
49.3177
156.882
93.5583
142.738
39.1985
118.064
6969.9
7022.76
536.603
7039.95
7005.71
5871.57
2222.66
2462.54
5437.96
6032.69
339.808
63.3034
1823.44
1690.19
128.285
200.982
6916.22
6903.38
6919.8
2091.7
4220.42
6913
1797.94
1804.73
6891.22
6889.47
6889.64
681.89
2941.45
6889.76
1157.53
1756.65
6910.76
6904.08
6904.17
1692.71
2614.97
6899.94
1986.58
1990.59
1968.62
1564.78
1659.86
1636.7
1833.26
1702.37
1784.7
1678.04
3622.32
3853.88
1766.53
1137.35
1301.14
1452.55
1239.42
1563.5
6898.26
947.674
6900.84
6912.23
1423.05
1068.09
6903.68
3225.53
2026.1
2065.72
1545.54
1777.07
2008.56
1895.51
1781.99
1715.26
2319.21
1661.61
1412.15
1739.62
1659.5
1634.39
1539.78
1471.11
6895.87
6899.28
6906.84
1682.55
1865.93
6901.96
1806.03
2288.78
6889.48
6889.38
6890.43
877.56
1653.89
6890.29
1039.18
2659.89
6910.93
6894.21
6911.4
2094.46
2179.13
6909.5
2228.1
3725.29
1684.68
1587.52
1944.28
1695.45
1735.24
1729.28
1846.64
1849.52
1650.96
2078.67
1651.36
1454.76
1478.97
1603.18
1432.05
1595.57
6893.5
1075.55
6894.32
6904.94
2723.79
1235.1
6896.33
1658.7
2008.33
1782.67
1594.25
2066.62
1943.43
1753.24
1915.58
1765.21
3673.76
1897.63
1281.07
3181.83
1724.83
1670.47
1454.95
1453.61
1618.98
1946.14
1587.03
1717.78
1851.96
1838.15
1742.08
1723.42
2301.1
6909.38
6904
6916.28
2408.76
4156.73
2339.37
6909.59
1252.47
6894.52
6892.39
6897.84
1236.45
2277.46
1513.85
6898.88
1683.73
6916.21
6919.28
6903.6
1939.41
2388.9
1932.19
6911.93
2177.27
1689.63
1818.1
2091.76
2010.67
1855.34
2048.69
1862.72
2089.51
3115.22
3264.75
1598.1
1911.51
1798.58
1777.67
1693.91
1555.94
1694.11
2222.84
1760.86
1575.98
1724.21
1617.93
1785.94
1429.25
6901.68
6902.11
6905.61
1402.26
2274.16
1809.64
6907.94
7228.55
7154.41
7113.96
501.677
6564.76
7196.56
3114.55
3225.47
7088.84
7021.86
7021.16
105.773
6013.56
7059.59
2407.23
1991.18
7061.19
7021.75
7017.69
58.9144
5517.49
7046.91
935.267
1019.76
54.7702
28.5644
28.0535
26.4562
42.6853
37.3207
35.8883
27.2333
6328.17
5902.16
443.346
228.148
2790.93
2928.31
360.955
480.491
7124.72
198.283
7048.78
7099.01
2795.78
2371.89
7069.63
5621.61
2399.09
147.807
52.566
48.1789
204.382
127.223
145.228
71.9751
2605.29
34.5181
40.7212
1743.77
1947.04
154.305
1853.34
87.4524
27.1276
32.217
46.9613
30.9152
26.2929
33.6985
32.6684
38.902
43.918
5026.08
5097.47
5026.56
142.808
2246.33
2282
5047.01
297.107
5141.33
5186.23
5138.77
2206.47
3423.29
3307.82
5122.21
38.7189
5026.65
5098.14
5022.08
136.91
2172
2325.11
5046.49
31.8488
67.2047
31.4782
140.629
53.5171
60.8892
45.0539
53.1047
57.3039
2224.54
3013.39
143.627
106.275
1758.16
169.419
1511.34
139.133
49.1614
2267.96
2893.8
174.733
103.277
1485.04
1738.13
208.892
5087.24
5046.52
5088.7
2482.65
2982.29
3013.44
5097.42
5148.97
5105.02
5104.9
2047.97
3869.55
5117.6
3345.89
3599.47
5055.26
5020.79
5028.64
1348.32
3375.03
5021.14
2085.37
2203.08
5135.86
5097.63
5189.62
1553.26
3969.67
5103.25
2306.54
2422.3
1294.34
1209.59
1151.16
918.398
1234.03
1242.11
1075.61
1083.68
3670.41
3715.79
1841.81
1535.44
2703.7
2926.04
1701.58
1924.19
5064.51
1541.5
5037.06
5074.16
2933.1
2378.11
5063.15
3556.97
2662.76
1682.39
1447.35
1519.01
1895.38
1686.22
1712.57
1569.62
2745.17
1497.34
1405.7
2520.32
2386.88
1714.09
2350.53
1665.22
24.7705
30.6653
29.2903
76.337
35.2154
32.6477
49.0619
40.907
96.6098
5001.39
4995.98
5057.69
1593.39
1995.97
3492.88
5033.02
96.0117
4995.81
4995.53
5056.7
1595.61
2036.62
3504.53
5033.67
486.899
5100.31
5093.58
5136.76
3156.06
3495.12
4121.84
5119.99
84.4486
65.6192
224.416
2626.32
148.072
90.2185
247.093
165.072
80.1348
2954.67
1962.21
61.4619
174.639
1897.55
86.247
1575.54
130.747
338.562
3964.97
3879.55
281.548
407.053
2542.83
2873.23
170.02
5078.07
5082.88
5030.75
2013.64
2934.18
3523.35
5055.05
4961.12
4984.34
4994.43
1599.45
2760.54
4979.23
2429.87
3117.83
5063.36
5130.72
5088.21
2282.07
3787.62
5130.71
3497.84
4189.24
5011.49
4966.09
4964.41
1672.91
2518.7
4950.66
2174.91
2421.59
1366.29
1587.66
1434.11
1233.81
1435.34
1562.16
1394.25
1466.02
3392.11
2975.34
1725.57
1940.36
3069.24
2661.89
1984.94
1887.64
5068.08
2247.41
5044.87
5048.15
3867.73
3068.91
5049.1
3051.51
2673.61
1613.88
1894.33
1631.25
1623.95
1717.82
1702.94
1775.83
3416.15
1811.95
2056.01
3675.35
2465.66
1934.18
2871.27
2097.13
4424.19
1262.73
4455.48
4451.67
3260.64
2475.31
4444.62
2835.7
1082.23
1037.74
1193.28
1061.48
1061.14
1073.68
1084.93
1106.07
4519.19
1774.32
4585.87
4535.85
3497.03
2840.91
4556.81
2939.96
4488.94
1356.21
4506.83
4531.42
3425.79
2407.22
4515.71
2543.82
1271.87
3299.92
3362.1
1261.6
1311.68
2629.87
1295.31
2700.93
1282.22
1162.65
1425.19
2819.24
1332.58
1310.78
1515.98
1515.11
4482.77
4477.63
1363.79
4501.96
4473.96
3058.39
3217.26
2631.71
3239
2685.67
1206.27
1475.6
2842.29
2512.48
1651.5
1402.54
26.2675
25.101
28.8316
45.2231
28.1179
24.9994
35.6268
34.0263
25.7092
29.6602
31.8356
53.4409
32.7686
28.5177
44.0159
40.3487
40.4293
79.7705
1911.96
2736.77
183.156
123.645
1723.83
1789.69
246.156
438.754
3213.07
3440.1
827.723
616.68
2918.08
3038.2
31.0366
39.9211
59.8209
76.6018
40.2859
42.3887
49.1045
50.4503
25.8219
50.8023
29.9473
31.0465
33.7289
38.7893
29.158
37.0853
64.5291
155.711
293.185
2580.24
129.307
174.562
325.915
327.443
64.5234
2660.51
198.302
91.0338
152.406
243.987
102.797
180.13
931.997
1000.07
884.495
1015.35
983.021
951.36
958.751
942.146
1146.6
2792.14
1607.27
2860.49
2138.31
1979.37
2182.09
2034.18
888.86
1242.99
1089.99
1280.3
1162.92
1123.61
1172.12
1144.87
1237.4
3085.27
1751.04
3012.35
2445.39
2295.54
2353.93
2244.89
1133.08
981.797
1139.73
2245.49
1113.21
1062.74
1190.24
1107.55
1092.99
2121.95
1364.6
949.432
1096.83
1736.9
1017.4
1428.8
961.141
1117.73
2387.39
1492.13
1014.21
1092.03
1517.59
1876.88
944.066
1440.53
2225.34
1414.81
1301.84
1451.73
1489.53
1728.21
4912.3
4889.2
4939.82
1337.39
3112.73
4911.19
2700.06
3474.87
4874.34
4907.32
4925.4
1247.24
2754.27
4908.02
2295.84
3154.66
4990.02
4974.05
5041.37
1752.36
3488.22
5002.65
3013.45
3531.61
1113.84
1123.16
1244.81
1061.85
1126.18
1167.41
1139.06
1177.89
2726.19
3382.01
1309.17
1244.64
2440.85
2773.36
1243.42
1373.02
4873.35
1311.69
4939.33
4943.75
3130.25
2451.72
4908.45
3018.47
2977.51
1335.91
1293.3
1487.75
1501.66
1408.66
1485.06
1399.16
3569.02
1569.34
1377.35
3259.28
2997.05
1591.17
2579.52
1522.18
5080.26
392.827
5051.85
5039.41
4021.42
2966.98
5063.66
3348.94
50.1807
25.3231
27.6241
28.5615
39.1739
33.0801
38.9522
29.1531
5009.77
90.0641
4948.53
4948.95
3514.63
1568.81
4983.85
1926.88
5002.74
95.4082
4949.65
4943.88
3415.86
1579.27
4978.76
1987.02
288.637
3876.22
3776.18
137.297
383.286
2719.22
274.051
2429.35
142.577
69.0087
67.1105
2447.31
138.186
83.2989
237.383
126.126
5035.05
5024.87
178.272
4983.82
5008.44
2911.1
3494.15
1969.92
2892.28
1929.17
61.2144
61.2303
1925.69
1548.95
163.818
87.7129
1517.24
1674.74
1695.7
1941.14
1868.91
1762.93
1826.34
1759.45
1857.34
6945.75
6940.34
6953.15
3685.4
3916.81
5006.61
6945.39
1825.2
6902.96
6889.86
6897.91
2359.79
2425.98
3872.57
6892.12
2672.56
6987.51
6933.6
6998.08
4303.79
4115.93
5391.95
6953.89
1952.21
1931.01
2357.85
3547.16
1936.09
2073.01
2065.05
2224.32
1840.05
3782.46
3337.9
1827.03
1836.93
3252.19
1803.74
3114.32
2082.64
2432.06
5166.57
4748.94
2294.99
2382.27
3195.45
3555.5
1978.19
6907.4
6953.11
6912.5
2703.06
3175.29
4725.38
6934.36
2959
2946.23
2972.73
1897.72
2773.92
2949.1
2444.92
2566.13
2966.1
2978.51
2904.69
2122.46
2828.93
2976.37
2734.49
2646.01
3002.18
2889.19
2895.04
2957.53
2924.93
2897.25
2939.35
2761.48
1531.55
1225.24
2352.91
1520.5
1491.61
1471.1
2091.09
2129.85
2750.27
2768.27
1919.31
2079.56
2571.69
2507.86
2005.67
1943.66
2949.41
2132.46
2894.56
2954.1
2728.18
2676.43
2916.98
3016.54
2594.4
1781.46
1726.9
2365.7
2165.09
1824.89
2155.9
1735.24
2745.12
2304.52
1680.34
2579.27
2658.62
2010.12
2567.63
1916.84
4920.53
4873.17
4918.82
1527.45
2049.74
4884.85
2106.67
2996.49
4872.38
4888.55
4932.06
1409.19
1964.29
4882.56
1454.97
2152.56
4896.53
4925.69
5073.52
2571.01
3215.62
4922.99
3569.52
3886.64
1440.57
1406.74
1560.77
1302.87
1409.73
1480.31
1410.94
1476.46
2261.29
2275.95
1662.58
1497.26
1853.6
2146.06
1613.92
1809.24
4915.44
1518.32
4937.28
4927.37
2891.44
1746.81
4951.49
2361.58
2680.7
1720.58
1605.56
1990.14
2034.02
1861.84
1988.08
1836.06
3307.81
2216.96
1649.34
3349.47
2235.96
2181.09
2199.14
1894.02
24.9243
29.9333
28.4418
64.95
33.8811
31.1271
43.1202
37.6524
92.3174
4941.51
4937.86
4998.4
1600.87
1976.34
3489.71
4974.1
95.6472
4937.57
4938.32
4998.45
1569.67
1988.47
3483.57
4976.13
471.587
5039.7
5035.76
5077.9
3071.44
3368.27
4114.71
5060.66
76.4844
61.7967
203.801
2538.84
147.462
86.8322
245.071
161.757
69.1749
2871.09
1906.97
59.698
170.046
1880.28
86.0094
1549.01
131.482
332.225
3913.29
3852.02
278.812
393.044
2481.85
2748.35
167.438
5020.23
5022.4
4972.24
1987.71
2883.78
3482.02
4995.24
5006.99
5011.32
5054.42
1235.75
3152.4
5003.12
2681.26
3259.55
5010.69
4994.17
5056.35
1310.85
2994.31
5037.43
2376.72
3005.73
5159.58
5192.05
5287.96
1802.3
3671.51
5230.48
2949.96
3403
1101.91
1173.48
1275.64
1079.57
1132.1
1180.93
1147.85
1212.01
3163.04
3430.86
1259.13
1292.25
2671.68
2649.77
1340.99
1331.53
5049.3
1399.35
5194.59
5081.57
3331.53
2811.09
5124.27
3503.74
2872.46
1287.67
1279.52
1485.18
1492.61
1376.21
1473.38
1360.9
3412.16
1596.99
1366.92
3162.49
2874.6
1576.94
2665.48
1468.41
5136.33
356.471
5100.71
5100.62
4137.59
2921.96
5122.41
3255.13
49.2168
24.3241
27.9686
27.8216
38.3508
32.3597
35.8868
28.9875
5055.67
79.542
4999.42
4994.8
3474.07
1382.51
5032.33
1752.19
5056.13
98.6356
4995.16
4993.23
3564.98
1646.38
5031.18
1978.2
260.205
3929.73
3939.75
127.8
321.613
2634.51
256.277
2471.53
139.642
64.5263
61.3974
2387.52
119.747
73.6597
188.044
113.604
5083.28
5082.53
171.889
5030.92
5056.4
2895.17
3540.44
1967.99
2788.02
1898.02
60.0483
58.4025
1808.92
1545.11
149.155
88.3583
30.5692
26.9023
95.8869
35.2224
27.0526
35.2305
47.5357
56.5583
25.1777
25.5536
53.6463
29.1216
24.0153
26.5534
33.5735
32.9137
426.673
292.219
3570.61
3314.67
538.845
680.744
3148.32
3026.73
100.471
42.1675
2893.6
2073.61
142.974
210.952
2005.86
1863.53
26.2268
61.7336
28.7068
30.6857
36.6073
45.1091
30.0961
42.0459
31.7841
40.6909
78.5551
93.865
42.9012
43.424
57.7801
53.296
236.637
122.594
64.4015
2730.01
203.695
118.176
268.466
168.887
285.623
2600.46
64.4251
180.129
319.847
317.144
181.368
134.228
1241.17
1522.5
1256.85
1420.26
1362.1
1392.38
1325.65
1367.58
2046.21
3489.37
1936.35
2686.14
2667.41
2844.39
2576.19
2717.47
1357.29
1574.12
2399.9
2374.95
1491.76
1517.13
2066.08
2191.46
1703.33
2566.99
1960.37
3571.65
2081.64
2244.21
2220.86
2458.13
1731.44
1385.35
1589.63
2268.8
1694.74
1538.25
1838.12
1652.93
1791.19
2379.44
1729.66
1421.78
1761.99
2238.23
1531.37
1681.1
1371.69
1599.87
2330.61
1896.81
1412.37
1694.55
1591.65
2100.88
1413.5
2107.52
2526.5
1656.15
1544.42
1652.73
1630.08
1828.87
4555.86
42.0503
4557.95
4623.64
2252.12
129.972
4578.37
2088.98
30.5199
26.9905
31.1762
47.6538
35.5463
26.4132
38.7171
33.1388
4557.69
40.9953
4557.97
4620.99
2107.45
126.101
4575.72
1993.25
4664.24
267.826
4660.95
4704.8
3223.3
2089.58
4652.32
3146.2
57.6856
2097.33
2911.86
156.183
102.146
1675.81
172.357
1477.78
30.536
64.1875
30.5043
125.478
52.845
54.3606
42.4145
51.1237
4576.36
4617.09
190.863
4614.49
4621.74
2804.9
2827.54
2327.51
2053.55
2746.66
128.498
50.0272
1620.46
1405.25
91.8132
146.494
50.2797
130.754
37.602
392.387
84.1729
73.5959
140.091
129.382
518.775
2224.26
97.2539
2977.9
1373.29
1237.87
1668.86
1674.22
35.1682
28.5717
27.3782
105.819
33.0309
28.4143
50.4656
37.3396
1747.3
3134.54
512.251
3397.59
2347.81
2374.42
2414.85
2435.01
311.855
50.4057
718.869
2061.65
412.876
252.21
1112.62
705.322
268.103
2075.15
58.7943
41.0713
410.15
978.051
48.9462
78.7229
114.972
1059.35
2053.05
495.162
330.729
1089.7
284.578
1475.23
80.7113
330.04
2087.66
69.1298
66.7251
229.821
79.1406
230.585
5108.29
1623.65
5148.78
5119
3135.12
2707.75
5126.82
3550.52
1408.02
1199.09
1593.22
1346.7
1355.15
1399.09
1426.14
1473
5225.4
2372.3
5275.88
5226.59
3716.71
3539.72
5246.44
3994.49
5121.62
1513.78
5170.33
5134.58
3135.64
2661.61
5139.04
3507.87
1682.53
3445.63
3039.85
1548.9
1802.7
2827.2
1572.83
2645.03
1782.18
1605.55
1939.7
3274.42
1883.49
1733.14
2148.69
1884.32
5169.14
5117.21
1685.04
5184.18
5145.06
3404.39
3395.05
2779.04
3913.52
3702.24
1748.32
2098.92
3143.99
2909.89
2110.2
1980.03
875.879
1005.99
1034.45
1172.6
1037.61
1018.68
1100.72
1064.02
1221.52
4485.73
4483.71
4503.3
2210.05
2587.46
2956.8
4483.59
1224.94
4496.43
4530.16
4550.62
2034
2348.58
2957.97
4529.51
1752.72
4564.58
4602.79
4653.05
2851.68
3232.72
3426.31
4626.8
1282.45
1269.93
1442.16
2547.68
1378.61
1349.95
1480.39
1442.19
1257.46
2840.04
2467.11
1234.57
1342.89
2352.41
1277.69
2155.24
1365.49
1570.3
3221.13
3203.7
1503.18
1620.36
2493.66
2734.29
1311.6
4556.89
4524.47
4493.99
2272.37
2759.12
2930.26
4513.71
5493.99
5501.07
5564.49
1463.99
2207.27
5520.98
1556.72
2126.05
5629.95
5812.09
5775.52
2512.7
3964.76
5764.48
3716.43
4124.39
5595.07
5663.45
5546.15
1828.99
3429.37
5635.15
2942.44
3555.44
1499.88
1736.61
1533.09
1474.61
1582.19
1696.85
1533.61
1599.58
3325.92
3087.8
1628.67
2177.1
2939.45
2403.26
2043.02
1900.05
5553.49
2484.74
5758.71
5616.66
3417.87
3272.39
5647.03
3999.59
2840.92
1587.44
2057.04
1817.7
1753.48
1779.99
1927.36
1910.82
3586.14
1976.41
2193.08
4016.65
3026.62
2240.56
3508.91
2286.17
2039.85
93.2889
40.5615
2694.28
1769.79
113.644
1594.98
156.224
33.5255
26.704
25.6118
79.1413
41.4532
25.722
52.4301
33.4686
29.4995
24.9871
34.0818
56.7923
35.5377
25.745
42.0786
38.4871
3218.53
534.838
230.396
3544.82
3081.6
696.46
2920.48
674.906
140.529
59.3523
2566.96
234.645
133.555
135.679
195.05
238.479
32.0241
71.7984
25.9579
29.1886
42.4874
46.4468
30.12
35.71
60.2417
2528.37
324.519
175.518
111.249
322.792
152.288
312.579
37.3695
76.1294
91.868
32.0433
43.9283
53.5332
42.349
53.508
27.3944
36.485
55.1492
30.9409
26.6066
37.7983
34.5965
43.6973
48.2818
5548.46
5627.57
5548.97
156.165
2436.95
2397.47
5569.96
371.164
5681.6
5740.81
5678.94
2457.12
3994.11
3595.58
5671.92
42.9601
5547.33
5628.15
5549.82
163.485
2402.89
2499.43
5570.04
34.5381
79.8291
31.5704
158.269
62.8795
71.0406
50.8266
59.7376
62.2184
2481.05
3471.42
184.92
123.612
1924.11
194.924
1662.09
151.06
54.6545
2427.37
3126.18
195.019
119.975
1636.72
1906.58
247.705
5618.65
5570.68
5619.67
2736.1
3394.19
3163.1
5628.42
1212.63
1461.82
1418.28
1213.31
1286.3
1370.3
1279.51
1417.85
1881.23
2581.86
2437.55
1959.51
2151.44
2302.25
2079.22
2407.64
1763.55
2370.24
2364.36
1924.7
1896.55
2082.81
1999.87
2281.49
1274.47
1570
1807.18
1816.72
1377.46
1480.78
1643.52
1715.16
1604.12
1523.52
1329.43
1591.33
1574.83
1480.26
1515.32
1457
1735.65
1797.82
2112.86
1633.84
1758.51
1826.71
1747.82
1872.8
1519.04
1310.77
1630.42
1717.44
1444.45
1435.76
1597.11
1515.97
1737.37
1875.98
1834.34
2242.58
1816.87
1779.74
1948.12
1888.31
4838.22
2074.62
4809.05
4736.98
3626.58
2878.58
4736.5
2813.7
1502.53
1227.02
1365.85
1280.28
1390.16
1337.53
1382.86
1326.08
4729.26
1641.15
4695.71
4726.57
1878.59
1764.74
4725.33
2804.14
4744.24
1454.22
4737.33
4764.12
2797.37
2165.13
4735.44
2769.71
1914.28
3221.84
2898.8
1688.02
1891.38
2526.96
1861.25
2338.66
1754.96
1572.27
1803.77
2531.72
1726.5
1650.81
2049.19
1816.31
4752.88
4722.31
1593.06
4732.15
4734.44
2670.73
2726.15
2150.23
3025.47
2800.77
1503.96
1667.17
2008.23
2110.29
1720.45
1526.57
4952.15
346.56
4918.06
4908.59
3955.5
2829.61
4934.33
3207.53
47.4469
24.6428
27.9854
28.273
36.3997
31.4174
35.4172
28.4905
4877.66
79.2845
4823.29
4819.05
3386.3
1396.27
4854.75
1740.64
4871.13
95.9647
4819.56
4814.21
3331.74
1562.57
4850.12
1933.17
253.307
3785.28
3717.77
135.853
347.804
2627.08
288.948
2409.15
126.331
64.87
59.0966
2316.18
112.351
73.2249
178.681
107.938
4902.79
4895.72
175.707
4853.58
4876.56
2815.01
3411.64
1957.64
2716.36
1842.05
56.4229
56.846
1758.14
1489.49
141.288
82.7106
5998.78
1308.21
1717.28
7126.01
4748.38
2334.83
5035.46
1739.26
327.943
45.3741
79.1709
530.401
271.33
77.9402
469.094
120.806
406.06
81.6247
70.4841
268.695
302.171
144.314
253.163
87.7603
6856.34
820.337
909.08
7185.63
5011.61
928.701
5286.63
1002.26
1101.64
1451.84
5411.9
1137.49
1367.16
1567.21
1446.01
1576.05
547.988
589.824
154.413
1027.58
752.415
612.858
715.701
527.909
779.581
4746.38
734.413
696.669
960.864
1017.4
786.313
879.77
415.261
305.15
356.253
97.1291
345.011
353.868
251.197
309.419
29.2751
34.8026
61.2336
34.0313
28.9669
42.0364
40.3224
48.6114
53.4866
5575.67
5653.11
5572.83
161.305
2342.7
2417.08
5594
347.377
5703.37
5756.08
5703.38
2512.2
3899.08
3571.71
5691.66
52.0616
5573.42
5654.04
5573.81
164.542
2452.94
2435.84
5596.46
33.7236
87.6276
33.8207
158.792
63.1181
71.4154
52.3475
64.5973
67.6727
2490.95
3421.6
196.011
134.111
1986.48
209.361
1734.75
189.76
67.4401
2477.45
3327.5
208.508
133.966
1752.08
1975.08
265.88
5644.76
5597.04
5641.41
2839.11
3449.56
3237.79
5654.26
4890.36
1249.82
4919.35
4910.53
2410.61
2123.6
4902.02
2765.54
1242.87
1263.42
1234.75
1514.97
1338.46
1318.96
1450.63
1377.21
4957.8
1238.25
4933.76
4970.07
3128.01
1987.17
4945.69
2174.86
4914.17
2109.67
4956.14
5057.42
2746.93
2657.72
5046.39
2958.12
1348.06
2656.85
2440.41
1686.31
1519.14
1840.63
1565.67
2110.34
1373.36
1667.39
1282.57
2240.05
1473.54
1539.82
1362.14
1418.57
4917.25
4877.32
1951.25
4908.72
4941.42
2510.53
2741.22
2251.11
2412.54
2671.79
1773.6
1329.39
2111.37
2422.26
1529.16
1631.37
6942.44
30.5446
6951.58
7003.88
678.223
97.8733
6973.1
5137.29
27.3767
26.8554
42.6403
62.6273
34.3511
28.0113
53.4773
49.4776
6952.97
43.1634
6952.66
7029.91
1511.36
220.766
6985.98
7020.72
7049.01
438.77
7087.02
7165.04
2812
2163.76
7113.07
6366.75
36.9963
1604.07
2354.1
135.209
82.491
1849.06
119.304
1643.88
29.5171
105.833
44.5083
201.138
48.0037
93.5968
32.5405
77.6953
6972.79
7014.75
360.602
7044.75
7006.58
5560.12
2105.12
2313.15
5462.24
6058.67
324.479
70.8026
1642.1
1503.96
118.028
278.998
6890.41
6891.51
6900.66
656.296
2256.66
6895.88
1017.25
1629.68
6899.99
6918.21
6913.04
1940.93
4100.02
6921.33
1814.79
2233.58
6973.51
6917.92
6911.66
1962.01
3030.95
6907.83
2133.88
2376.5
1553.8
1882.82
1615.63
1599.54
1678.03
1772.88
1698.35
1801.62
3141.49
2116.85
924.672
1470.48
1091.26
941.162
1107.33
988.033
6903.02
1758.92
6924.29
6906.42
1647.75
1495.57
6905.99
2949.68
1926.66
1515.16
1944.78
1929.53
1786.32
1641.28
1962.83
1827.49
2524.25
2072.95
2191.21
3663.39
2557.61
2223.74
2732.81
2363.57
31.1146
31.6481
30.7513
68.5596
42.0528
35.5043
46.6168
41.8728
61.0011
6944.26
6947.73
6986.29
1155.56
1249.82
5464.53
6971.66
75.1722
6946.79
6944.51
7005.17
1630.04
1463.66
5758.64
6978.49
762.497
7040.23
7072.95
7147.43
3065.18
3187.3
6561.94
7111.58
61.1959
56.7065
703.005
2728.7
130.025
149.077
203.016
638.632
48.6729
3073.68
1548.37
38.5859
142.14
1918.57
74.8065
1509.8
155.733
612.969
5912.25
6331.29
253.226
456.066
2575.24
2693.39
133.994
7042.19
7025.69
6973.98
1783.26
2419.68
5464.19
6994.57
1515.72
1460.74
1862.52
1394.43
1602
1595.87
1706.75
1712.53
873.607
6891.16
6891.24
6899.06
1360.25
2322.86
1785.62
6896.1
1917.51
6896.35
6908.51
6907.97
1721.28
3801.05
2100.2
6908.99
1253.43
6922.27
6899.53
6891.32
1561.03
2348.25
2615.54
6905.86
1294.29
1807.97
1243.94
1280.67
1427.52
1628.46
1299.11
1387.5
1018.45
2010.24
2993.28
1485.85
1151.44
1071.72
1309.88
1250.37
2013.58
1340.96
1857.91
2802.67
1730.97
1523.05
1788.51
1523.24
1671.17
6910.58
6900.06
6900.39
1520.26
3119.11
1791.14
6901.23
4833.7
4841.47
1382.57
4886.08
4852.77
2972.03
3151.7
2455.5
4846.35
4848.72
1545.89
4890.54
4858.35
3033.15
3362.99
2666.23
1300.57
1355.72
1241.83
1645.72
1464.97
1393.81
1486.95
1424.18
4944.2
4973.74
2415.77
5018.15
4968.49
3532.19
3806.42
3526.01
4850.47
1611.9
4918.13
4896.9
3288.94
2765
4880.22
3389.54
3059.25
3238.42
1554.42
1507.79
2607.09
2614.64
1522.05
1681.41
1652.3
3437.11
3654.63
2078.01
1893.11
2817.56
2086.27
2865.33
1556.62
1988.53
2997.57
1623.96
1770.3
1931.26
1768.37
1976.05
26.2856
55.1644
28.2742
28.2039
35.3976
42.6585
27.3043
36.996
492.137
7226.13
7152.67
7112.86
3141
6570.31
3237.85
7193.42
108.342
7088.1
7021.2
7020.93
2456.12
6017.31
2000.87
7060.06
57.3045
7061.34
7021.87
7017.79
903.845
5518.47
993.903
7046.69
151.011
52.623
47.0749
2408.78
129.017
72.4289
210.653
148.518
432.506
5909.83
6325.14
234.247
461.889
2942.8
349.943
2829.83
41.1227
34.3096
2603.23
1727.69
87.1849
155.364
1842.96
1971
209.154
7048.74
7098.16
7122.71
2431.74
5615.5
2851.12
7068.9
6943.92
7005.41
6952.74
34.1582
1028.12
6974.73
125.593
5234.07
7047.12
7149.37
7075.44
378.087
2942.88
7096.5
2313.86
6306.83
6953.46
7021.63
6951.82
42.2846
1683.62
6982.48
302.727
6351.79
27.7502
46.8032
30.3737
25.1521
32.788
40.9292
27.0846
37.9177
2421.83
1538.8
40.2959
136.035
1551.12
1732.08
136.002
97.5262
7011.97
279.672
7035.93
6972.03
5555.34
2449.31
7005.58
2226.38
206.648
29.7094
86.6174
36.561
32.4998
60.5287
63.388
73.1992
5494.55
59.4484
211.238
5957.06
1725.03
101.422
1598.26
163.116
27.4202
31.7315
54.6872
30.014
27.2527
36.885
33.3846
41.4355
40.6857
4778.27
4847.69
4779.65
134.08
2210.64
2218.04
4800.18
283.154
4890.49
4930.06
4886.2
2139.29
3242.84
3287.93
4873.55
42.4793
4778.81
4845.48
4780.62
131.112
2114.18
2095.68
4797.7
31.0453
70.2089
29.6045
130.069
53.2353
54.8556
43.6036
50.215
56.6101
2103.12
2898.27
163.401
103.053
1692.1
166.205
1479.01
159.276
49.8367
2180.96
2869.69
159.436
96.0334
1442.95
1677.03
208.341
4837.2
4798.27
4840.31
2359.17
2858.32
2988.89
4845.89
1160.4
1494.25
1017.88
1314.7
1309.72
1342.71
1281.16
1302.95
2021.49
2784.83
1667.01
2638.72
2428.62
2395.07
2468.42
2658.88
957.506
1223.67
1147.19
1088.27
1077.76
1124.48
1064.84
1107.77
1479.6
2206.04
1255.45
2942.24
1852.73
1996.3
1867.71
2029.05
1726.97
1108.6
1547.97
2251.65
1723.31
1581.24
1777.01
1630.62
1773.03
2378.24
1454.37
1135.97
1804.43
2267.26
1244.31
1405.83
1080.04
1475.33
2166.48
1208.63
1053.32
1514.28
1226.54
1946.24
1099.33
1262.56
2334.13
1377.04
1267.5
1278.1
1343.79
1355.14
9834.68
9863.52
2970.94
9928.82
9858.99
7666.58
7020.05
6305.35
9916.75
9884.45
9806.73
9923.66
9898.54
9378.89
8850.78
9896.9
3703.16
9769.55
9744.44
9854.32
6917.53
7881.15
7791.07
9766.41
10053.4
9956.68
9928.93
9888.64
9999.92
9595.07
8642.94
9984.18
9937.38
3445.77
9981.6
9957.94
8231.3
7185.86
9957.12
7855.97
8457.09
9471.4
8287.34
3473.45
7649.92
8642.29
3753.1
7757.95
3532.19
6833.97
9045.02
7971.49
3842.23
6268.36
7251.35
8742.41
3610.76
9861.48
9940.99
9818.83
7547.35
8133.36
8386.66
9851.03
9757.22
9797.75
9771.1
9809.66
9137.92
9759.29
9756.4
8406.52
9804.76
9783.73
9792.43
3144.68
7787.1
9806.04
6380.43
6603.33
9856.97
9850.99
9926.77
9945.47
9317.51
9907.92
9890.86
8886.79
9831.98
3442.05
9926.26
9839.47
8195.21
7370.2
9855.48
8700.12
8177.27
9186.33
8137.25
3473.96
7153.12
8133.19
3479.19
7190.71
9810.24
3538.03
9830.1
9819.16
8025.61
7197.92
9835.01
8005.11
9815.44
9821.05
3567.51
9888.63
9847.91
8034.03
8254.9
7147.32
8540.7
8866.09
3615.68
6833.81
8281.87
7646.27
6793.07
3713.86
9947.26
9517.92
9889.57
9881.62
9868.58
9730.28
6704.19
7537.81
9756.26
9876.95
9874.01
9873.75
9820.92
9851.77
7574.27
7834.27
9772.88
9771.9
9736.4
3211.39
8491.87
9745.03
6028.66
6137.03
9811.97
9805.78
2645.93
9773.94
9832.77
8978.87
3321.17
3342.96
9664.9
8711.96
9912.2
9893.61
7721.74
7459.64
9902.86
9173.61
9811.1
8266.19
9840.67
9852.82
8041.3
7733.08
9879.96
8554.99
5883.29
3970.59
4969.48
3186.13
3437.17
4061.09
3478.53
4415.69
5784.73
3210.08
4745.72
5912.99
5603.29
3643.28
5348.96
3892.59
9598.78
9938.71
9879.7
9757.73
9612.26
7217.55
9682.69
8856.84
9822.78
9786.07
2804.73
9850.18
9855.48
3782.26
8654.39
4485.27
9794.78
3485.51
9685.05
9762.81
8629.4
6519.08
9749.2
6557.76
9758.69
9926.12
9798.88
9868.65
9856.44
8440.15
9877.35
8581.5
9964.15
8766.07
9881.26
9951.87
9059.35
8526.81
9943.27
8809.95
3654.3
3775.81
3187.46
6605.66
3709.37
3643.1
3351.74
3273.39
9826.85
9938.76
8325.4
9778.31
9833.9
9442.76
8355.39
8727.73
6793.43
6537.8
3712.73
3190.12
6583
6248.07
3411.51
3529.21
9692.81
3407.78
9712.64
9772.72
6607.54
6123.99
9743.79
8035.3
2834.71
9812.26
9889.64
9871.16
4400.03
4406.39
8723.46
9865.2
9783.91
9954.09
9873.03
9911.21
6402.39
6201.69
9903.4
9897.46
9816.96
9951.87
9913.65
9874.26
8287.35
7891.05
9893.15
9909.56
3138.09
6071.46
6733.52
3637.96
3415.73
6054.93
3508.46
6256
3037.43
3776.96
4413.08
5960.72
3267.8
3661.34
3287.52
3904.13
9795.11
9800.31
8629.71
9920.55
9786.4
8559.85
7085.64
7349.54
8678.42
9923.95
9937.35
9940.84
6545.33
6952.73
8999.8
9959.7
9625.59
9727.02
9643.67
9745.61
8909.84
9638.17
9643.16
8215
9795.76
9794.46
9833.93
3141.25
8365.64
9814.95
7680.54
8404.14
9699.81
9824.46
9752.04
9831.48
9089.86
9737.49
9737.1
8894.06
9817.52
3361.17
9856.58
9873.47
8326.25
7596.12
9835.78
8659.21
8272.16
9006.57
8279.08
3439.74
7653.32
8052.18
3590.6
7684.7
9759.17
3486.53
9804.35
9683.05
8368.63
7777.73
9775
8446.18
9682.65
9763.6
3477.57
9813.86
9780.49
8399.03
8448.17
7798.08
8347.44
8609.26
3416.25
8589.19
8159.77
7909
7899.38
3502.01
9904.85
9977.95
9902.56
9906.53
9929.35
9960.21
7598.87
7535.04
9998.67
9979.89
9897.43
9902.34
9999.51
9997.55
6604.35
6407.72
9792.83
9776.09
9770.74
3201.24
7902.04
9742.93
5643.88
6022.18
9822.02
9829.85
2721.67
9790.03
9825.48
8207.41
4133.24
4005.84
9993.89
8498.29
9911.18
9932.03
7095.76
7155.42
9908.67
8967.49
10004.7
8987.06
9876.93
9869.21
7043.28
6718.52
9893.07
8903.31
5647.25
4732.6
4744.62
3149.04
3962.02
4586.44
3733.03
4337.18
6250.24
3122.33
5061.07
6294.52
6164.97
3761.96
6087.48
3800.98
9786.65
2873.47
9843.41
9898.11
4546.81
3755.23
9852.9
8859.54
3616.77
9739.05
9859.91
9847.12
6272.81
6765.99
8897.42
9876
9973.5
9974.01
10100.1
9656.11
8372.05
6689.79
9866.98
10038.1
10024.5
9904.24
9733.88
9883.05
8259.24
7990.98
9875.56
9821.23
3403.01
3930.33
4257.56
6484.49
3757.92
4075.49
3919.85
4150.44
3386.58
6722.78
7273.94
3492.22
3546.43
6579.38
3561.31
6925.15
9975.13
9989.24
8748.85
9826.1
10013.4
8946.52
8548.31
8069.27
9210.26
9681.39
9924.78
9978.71
8008.86
7999.48
8962.48
9948.15
4665.25
4522.59
4559.85
2047.22
3203.19
4573.44
2663.45
2721.13
4518.61
4512.63
4536.99
1337.55
2478.66
4532.69
1949.76
2708.48
4513.79
4533
4515.01
1229.65
2479.91
4514.76
1873.34
2309.7
1387.85
1492.66
1164.02
1122.03
1332.43
1341.64
1188.82
1213.85
2353.2
2744.64
1831.8
1488.69
1867.01
2304.52
1605.06
1696.78
4527.66
1430.63
4536.45
4530.68
2485.79
1896.05
4530.42
2549.37
2148.88
1587.51
1478.49
1323.61
1582.91
1527.08
1452.57
1482.27
2708.3
1271.78
1401.89
2596.5
1967.02
1392.36
2013.08
1334.3
4565.55
41.6623
4563.37
4627.31
1892.64
124.336
4581.21
2078.15
31.7466
28.7536
30.1233
49.1966
36.9285
28.4981
42.4551
35.7757
4563.47
42.5633
4564.62
4627.92
2063.63
126.172
4582.17
2025.16
4665.68
280.39
4665.6
4703.44
3050.84
2081.39
4653.51
3150.84
51.5189
2091.68
2706.56
140.641
95.2334
1644.12
146.558
1425.78
30.7145
64.7082
29.7569
126.256
51.635
51.3468
43.9947
50.5942
4582.32
4618.87
212.7
4618.35
4627.5
2822.05
2733.25
2358.97
2080.9
2790.29
150.333
50.2262
1638.21
1419.36
95.0882
155.304
9714.98
9743.5
2391.54
9759.96
9708.39
5918.25
4586.38
3899.01
9769.64
9811.17
2920.92
9705.83
9734
5175.94
5571.23
4078.98
2190.41
2490.59
2357.41
2394.13
2256.66
2356.39
2230.49
2405.03
9702.05
9750.24
2909.89
9692.57
9698.89
6006.15
3922.17
4017.39
9724.52
2456.53
9738.22
9704.82
5283.61
4039.65
9730.35
5767.83
5557.14
5201.58
2646.19
2528.3
3884.55
3814.15
2713.36
2890.96
2300.36
4706.15
5002.44
2567.11
2736.71
3945.09
2833.89
4063.04
2500.84
2774.18
4410.78
2657.22
2633.76
2927.16
2816.11
3308.88
28.2212
33.1819
52.3229
35.8658
27.3196
35.4515
37.6704
43.2136
48.9597
5365.02
5446.84
5368.74
152.508
2427.6
2409.65
5389.63
352.736
5496.61
5551.72
5495.68
2387.05
3452.9
3827.55
5479.55
51.3117
5368.99
5445.95
5371.54
153.97
2300.64
2314.77
5389.88
32.4286
78.9241
33.4681
151.052
62.4239
68.2407
49.2912
60.5285
58.2491
2328.14
3104.39
152.802
124.242
1898.78
208.026
1645.35
177.713
66.9404
2455.69
3369.71
202.401
128.359
1666.61
1913.02
235.474
5436.62
5390.81
5436.62
2659.64
3079.39
3317.54
5446.33
7217.14
7290.71
7181.74
1010.25
5196.47
7211.7
4346.07
5667.46
7350.97
7580.17
7408.8
1409.5
5477.37
7337.65
4667.01
5119.43
7131.76
7222.78
7110.02
217.292
4070.94
7148.01
2656.72
5205.06
376.893
454.749
66.9489
53.6416
237.789
359.543
101.526
182.03
5514.53
4878.77
1066.68
1187.29
4839.99
4423.83
1252.81
1106.11
7289.63
1289.09
7240.97
7172.78
5904.4
5076.09
7259.83
5557.41
3836.4
795.46
1056.25
252.913
710.958
947.562
546.115
852.08
5399.89
442.797
1025.07
5392.28
3882.46
792.807
4637.9
1214.59
9748.08
92.2926
9755.1
9917.12
4306.75
356.349
9798.35
3856.28
41.3725
34.2484
39.3704
91.7429
45.8846
31.5066
56.0969
44.3269
9754.85
89.5088
9748.2
9915.49
3806.6
351.225
9797.33
4323.43
10007.9
1028.19
10005.2
10106.8
6580.03
4299.95
9964.56
6382.51
112.974
3917
5660
332.046
259.537
3032.67
458.038
2728.89
40.9944
139.064
39.8113
342.465
118.194
125.51
99.9337
112.662
9801.81
9888.22
492.006
9887.61
9912.43
5404.74
5427.03
4649.57
3978.87
5516.41
318.555
103.86
3009.52
2689.97
248.191
465.583
7136.88
7137.17
7066.31
3433.13
5121.76
7183.52
4835.64
5458.84
7074.64
7080.97
7034.64
2691.22
4689.91
7082.2
4225.06
5057.85
6897.14
6922.82
6899.75
1896.35
2626.12
6904.86
1999.2
2733.67
2435.44
2062.05
1858.93
1814.49
2185.89
2197.75
2046.76
2027.56
4708.27
4526.31
2905.77
2626.73
4356.88
4415.88
3062.39
3431.46
7109.4
2863.63
6998.06
6961.16
4980.33
4126.25
7044.95
4711.54
3739.48
2746.53
2432.42
2217.15
2865.9
3034.35
2509.19
2651.48
4005.54
2096.09
2547.09
4404.27
2848.22
2336.12
3703.57
2530.66
7337.74
7296.07
7138.89
2824.91
4325.39
7267.36
4038.26
5872.57
7206.49
7305.46
7180.32
3486.81
4173.76
7295.54
4161.27
6149.4
6971.15
6910.11
6904.51
1901.98
3228.42
6931.43
2362.3
2944.69
2148.15
2411.25
1845.74
1711.98
1963.9
2273.52
1819.23
2039.06
5470.43
4748.7
2706.9
2893.22
5695.18
4966.2
3644.33
3636.74
7134.69
3459.87
7016.8
7014.89
7277.67
4113.95
6974.51
4060.27
4105.72
2532.39
2740.33
2110.54
2824.62
3188.8
2406.17
2581.77
4213.55
2148.95
3185.97
3792.19
3124.48
2485.54
3471.53
3001.4
7023.83
7106.75
451.556
7081.98
7125.14
4749.93
4210.47
3220.88
7287.26
7460.54
2240.77
7318.53
7361.76
4349.91
6205.68
4164.04
94.5366
1041.26
91.1235
488.707
489.322
673.455
365.83
566.169
7148.5
7248.16
1030.61
7193.62
7229.32
4121.22
5553.95
3929.93
7192.85
804.469
7170.36
7281.08
5352.46
2920.02
7190.52
4056.52
4812
4512.16
1632.73
886.034
4549.9
4224.98
1841.61
1911.51
559.176
4975.93
5731.91
867.543
611.722
3703.76
835.428
3361.06
601.659
1177.19
4398.66
1646.72
889.697
1085.46
1895.02
1999.85
7035.52
591.549
7100.99
7108.56
4876.99
4108.83
7070.75
4694.74
402.169
216.974
1048.99
765.277
298.844
548.023
527.563
615.375
7187.19
1967.82
7263.17
7276.16
6093.56
5556.33
7242.38
5453.16
7157.66
1304.87
7256.9
7206.33
5294.24
4080.98
7181.72
4469.57
520.497
5732.93
5098.22
1016.86
813.987
4267.47
1079.88
4105.99
839.121
1251.05
1847.26
5373.71
927.526
1108.82
1638.23
1620.84
7150.11
7125.64
1183.88
7225.37
7199.14
4574.5
5840.24
4111.08
5335.69
4904.22
1269.5
1808.95
4841.87
4619.22
1720.28
1614.41
7439.21
7338.24
7279.63
1496.42
3853.83
7298.48
3637.26
6142.93
7313.83
7243.18
7173.47
866.548
4361.01
7202.36
4034.77
5593.46
7126.68
7114.13
7040.37
279.068
3982.08
7076.14
2853.44
5005.44
511.715
210.777
51.6156
44.458
117.564
130.571
62.5266
89.1259
4345.25
4070.64
1026.76
687.477
4057.68
3797.14
1289.55
1259.17
7250.42
743.311
7134.52
7175.49
5961.08
3924.28
7227.79
4282.41
3745.02
915.049
554.481
159.214
951.403
1067.64
349.265
489.845
5735.53
283.735
549.729
5284.86
3601.99
491.275
3630.33
593.051
6892.98
6900.32
6915.73
1384.28
2056.22
6903.58
1687.79
3486.38
6917.08
6911.2
6900.49
2379.62
3032.32
6913.1
2701.89
4027.91
6903.53
6891.21
6892.26
1434.66
1899.33
6895.81
1603.3
2577.76
1490.35
1953.11
1604.4
1601.24
1815.16
1855.61
1724.9
1743.47
2313.89
2721.57
1580.14
2236.94
2201.69
1897.19
1963.26
1787.54
6908.16
2230.5
6904.64
6909.34
4330
2356.76
6913.91
2351.42
2333.4
1482.54
2086.52
1636.69
1591.02
1663.51
1776.98
1928.78
4219.51
1612.26
2078.55
2824.64
1760.77
1767.99
2021.46
1893.27
8448.14
1112.37
8450.41
8436.61
4086.63
1629.98
8442.9
1890.33
1038.4
1056.32
1155.34
1320.73
1174.44
1126.8
1277.65
1170.67
8476.05
1614.65
8494.52
8534.45
4778
3293.01
8525.06
3665.92
8432.15
2184.71
8549.64
8566.28
4278.47
3543.22
8499.93
4352.37
1192.86
4453.66
3357.63
1719.74
1427.49
1599.35
1554.49
1906.59
1172.25
1564.24
1351.65
2660.07
1325.39
1455.44
1360.57
1489.83
8465.71
8435.91
2097.51
8541.58
8480.73
2634.8
4932.44
2890.3
3060.16
3837.89
1645.46
1442.85
2853.05
3404.82
1684.59
1715.16
1576.9
1955.43
2282.14
1877.89
1775.19
1870.59
2063.58
2221.55
3085.25
7139.11
7159.17
7058.31
4606.78
4912.23
5705.51
7141.44
3319.19
7114.94
7197.08
7088.9
4114.64
4250.23
5675.53
7195.99
1833.01
6961.72
6911.08
6905.06
2676.17
3785.94
3178.5
6923.37
2321.17
2639.44
2092.55
3772.34
2955.1
2522.2
2642.9
2353.91
2527.42
4741.57
5761.12
2839.01
3471.62
4677.07
3633.23
5251.16
2977.9
2044.58
4391.07
3762.33
2757.82
2304.55
3075.09
3295.77
3321.47
6946.1
7012.47
7037.69
4052.76
3698.38
5471.79
6982.09
4829.36
2155.11
4675.86
4822.1
3327.97
2794.22
4811.34
2965.06
1467.77
1183.88
1256.44
1399.02
1383.75
1301.62
1381.49
1298.29
4670.13
1352.76
4656.79
4656.71
2585.7
1328.02
4662.87
1592.1
4794.26
1645.55
4664.45
4759.08
3341.05
2310.08
4756.36
2687.93
1898.54
2905.41
3596.15
1838.02
2002.62
2462.45
2066.45
2662.33
1723.74
1632.26
1436.46
1940.04
1746.92
1608.94
1738.13
1592.61
4672.6
4809.07
1753.19
4661.46
4670.49
3019.49
2815.73
2182.4
2207.65
2278.49
1582.69
1403.55
1928.61
1798.77
1560.05
1588.27
4722.77
4722.73
90.7627
4782.92
4756.8
1997.94
3422.43
1620.47
4722.79
4727.55
92.6345
4779.35
4756.46
1764.06
3266.12
1414.86
27.6385
28.3914
24.7188
65.4114
39.1829
30.117
41.1589
33.6275
4820.47
4821.56
392.375
4850.82
4836.83
3367.17
3891.03
2965.14
4755.87
152.966
4805.33
4804.6
3380.33
1987.42
4781.56
2906.98
1949.53
2872.6
71.5787
58.1094
1566.67
1832.97
81.6362
144.918
115.638
3743.46
3766.89
284.406
227.556
2491.12
349.139
2785.63
64.1756
168.432
2535.55
75.7279
84.387
148.18
119.057
193.928
1287.92
1247.82
1357.2
1629.86
1424.86
1324.69
1543.6
1416.07
1470.87
8479.26
8441.72
8481.22
2518.43
3454.46
4260.1
8446.85
1583.37
8432.13
8456.59
8454.73
2080.25
3267.79
3929.15
8451.14
2503.7
8497.34
8452.55
8545.02
3898.17
3349.41
5251.33
8454.09
1518.75
1480.87
1889.26
2893.03
1619.47
1586.27
1817.77
1774.54
1405.72
3230.42
2068.09
1388.73
1477.57
2239.81
1355.14
1796.59
1774.48
2206.78
4504.86
2503.37
2017.13
2085.34
2333.36
2665.69
1646.77
8438.67
8430.3
8433.04
1862.62
3267.5
2548.96
8444.45
30.9735
34.6109
77.2548
41.2409
29.3314
41.3797
49.1332
55.1957
68.7959
8538.28
8672.18
8529.91
311.308
3931.04
3341.57
8573.97
650.699
8742.68
8833.6
8746.61
3710.28
5508.07
5763.4
8710.14
91.0656
8533.93
8677.13
8524.3
340.888
3380.38
4273.67
8577.7
35.5624
106.672
39.6325
291.193
84.2501
104.594
85.3169
93.9756
75.8327
3575.79
4618.94
250.656
203.626
2648.22
373.173
2283.63
271.338
103.038
3561.03
4822.23
343.182
219.888
2259.79
2624.15
395.403
8647.41
8569.94
8644.14
3973.38
4696.82
4785.08
8664.97
9035
8946.4
735.621
8948.19
8913.05
5827.67
5687.57
3798.43
8878.99
8721.22
90.7765
8731.08
8776.63
4380.21
3395.19
347.837
85.1687
40.9126
33.3934
39.8824
57.3362
48.9785
45.59
30.8486
8867.31
8726.96
83.8974
8718.46
8764.1
3579.79
3896.89
312.95
8847.21
408.837
8844.03
8767.63
4715.62
4074.91
8864.01
5010.01
4913.63
3686.73
102.56
277.416
2300.2
2687.48
351.326
222.502
262.071
4977.24
3515.7
99.1817
395.884
2490.61
241.6
2821.26
115.336
39.2779
295.126
39.5477
110.285
107.363
90.3982
84.1059
6922.53
1563.25
6953.41
6973.15
3846.95
3557.03
6967.83
4977.88
1384.66
1391.23
1605.16
1718.68
1628.25
1564.97
1695.94
1627.06
6925.04
1899.97
6891.06
6901.92
3053.77
2604.6
6897.39
3666.99
7020.63
2799.4
6947.29
7031.32
4885.82
4305.39
7003.01
5191.33
1692.36
3968.11
4523.28
2305.86
1995.2
3558.56
1998.72
4048.59
1660.11
2193.37
1895.74
3596.33
1876.52
2042.71
1962.98
1988.05
6958.5
7005.4
2692.13
6929.2
6971.38
5174.15
3748.89
3751.4
4667.59
4470.23
2448.55
2053.67
2862.97
3329.91
2279.7
2398.8
1489.66
1578.34
1765.76
1962.89
1741.06
1712.82
1812.25
1792.8
1516.07
4576.08
4511.94
4584.68
1711.67
1842.55
2975.46
4570.57
2264.36
4518.38
4577.33
4555.4
2212.13
2407.42
2053.85
4527.44
2906.81
4595.05
4553.69
4725.13
3147.96
3323.51
3888.85
4576.61
1737.71
2219.11
2423.83
2489.74
1951.37
2108.93
2126.54
2314.56
1605.56
2739.08
2137.22
2109.45
1797.11
1946.41
1925.41
2008.47
2597.38
2705.2
3362.97
3294.01
2863.82
2647.63
2865.62
3257.23
2411.97
4569.31
4614.15
4525.95
2458.21
3065.06
2901.63
4594.78
4575.98
81.2969
4627.73
4571.03
1820.11
1478.43
4604.61
3222.78
28.5387
24.5763
56.9282
27.7344
30.5526
32.7104
37.0238
40.1418
4667.33
355.296
4694.93
4669.77
3209.02
2911.34
4685.27
3797.12
4570.93
88.9605
4630.34
4570.74
1891.2
1573.16
4604.23
3331.27
68.3752
2760.85
1864.62
57.7545
146.627
1808.13
78.6688
1531.08
70.7196
64.3196
187.417
2484.06
124.729
91.0431
212.21
153.42
4650.82
4603.1
151.872
4653.14
4627.72
3294.23
2780.49
1911.44
3674
3654.22
116.693
279.466
2635.2
2404.44
332.111
224.493
1461.45
1800.89
2251.76
2004.25
1648.19
1894.08
1784.82
2168.77
1987.49
6949.2
7040.13
7013.91
2941.14
4046.22
3859.34
6969.79
4084.99
7190.65
7434.33
7353.8
6401.36
7163.54
6970.94
7414.49
2992.96
7158.99
7290.94
7202.39
4399.15
6126.53
4589.83
7282.14
2370.9
2680.13
2399.36
4312.98
2675.46
2768.11
3058.51
3406
2220.14
4786.57
4372.8
3147.25
2439.15
3439.2
2833.59
3913.3
2953.09
2588.95
5350.47
7449.03
3802.15
3995.72
6742.87
5713.2
3636.5
7408.47
7126.69
7145.24
5872.23
8193.38
5178.42
7192.97
8519.24
81.2809
8526.23
8660.83
3806.02
289.687
8564.97
3477.17
39.7842
32.5338
37.744
79.9976
50.0254
31.3308
59.7691
45.384
8521.86
79.3177
8512.01
8665.16
3462.7
341.51
8564.24
4142.2
8744.96
534.614
8732.52
8822.96
5721.45
3613.65
8708.16
5459.93
123.048
3535.48
5188.79
304.748
246.544
2804.47
383.893
2479.18
41.269
128.595
38.1423
286.962
91.1256
111.047
84.8216
87.469
8559.08
8643.76
403.821
8632.1
8654.32
4773.51
4790.55
3919.35
3537.07
4582.5
271.185
79.0251
2662.56
2290.55
204.858
356.155
1102.76
1194.48
1098.45
1406.89
1242.75
1200.98
1250.87
1221.64
1263.6
4380.29
4368.36
4393.17
1946.06
2390.94
2679.36
4363.53
1266.55
4391.52
4420.99
4438.98
2317.93
2772.75
3115.05
4413.96
2049.49
4456.33
4399.42
4520.48
2862.08
2858.23
3484.24
4450.98
1386.69
1334.92
1711.79
2333.41
1478.51
1502.98
1604.75
1627.75
1327.65
2588.84
2515.91
1294.22
1404.98
2048.64
1263.23
1993.66
1391.08
1770.97
3105.43
2816.97
1562.39
1699.75
2167.35
2460.1
1362.01
4409.26
4398.21
4380.83
2024.68
2552.8
2714.64
4394.29
4720.27
4665.87
275.622
4673.04
4664.65
2973.46
3346.28
2053.92
4626.64
4565.96
49.526
4561.79
4581.03
2053.25
2143.14
145.065
49.3542
30.3223
25.9695
32.7226
39.7498
32.2004
35.0544
25.8097
4628.59
4563.34
41.7598
4563.29
4582.32
1962.28
2205.01
127.736
4620.24
188.913
4624.08
4581.98
2882.75
2294.38
4627.37
2708.42
2592.2
1998.18
55.1392
131.202
1399.82
1624.49
160.073
102.603
152.822
3055.25
2239.22
56.7806
163.452
1472.6
104.589
1663.11
76.5429
32.4635
132.414
30.6712
67.3783
58.8773
56.7408
45.6886
4621.46
89.6533
4672.76
4616.91
1720.23
1395.96
4650.33
3198.82
28.4412
24.8211
52.7736
27.9084
29.8153
34.8599
37.185
40.2767
4713.07
376.372
4741.54
4716.56
3261.83
2926.38
4732.51
3840.4
4616.85
89.8994
4675.67
4616.68
1911.18
1584.64
4650.2
3366.9
67.775
2758.3
1886.31
58.1058
140.121
1781.86
81.0132
1543.04
72.4923
64.9495
174.005
2439.89
112.397
81.7304
184.073
137.389
4696.89
4649.41
154.139
4699.46
4674.32
3328.43
2818.05
1935.85
3687.52
3680.94
118.732
288.384
2691.92
2428.06
341.883
224.877
4579.44
2394.61
4425.66
4500.53
3908.08
3228.9
4463.2
3314.62
1591.32
1213.29
1256
1326.66
1464.42
1393.33
1431.88
1356.84
4412.42
1125.66
4399.75
4373.72
2168.46
1481.75
4380.12
1961.44
4450.26
1471.77
4391.75
4464.49
2851.48
1545.48
4452.42
2173.87
2106.6
2688.26
2582.95
1660.53
2044.17
2847.37
1891.49
2446.14
1904.51
1505.94
1373.91
2076.59
1823.96
1671.55
1650.83
1513.65
4400.96
4438.86
1544.97
4401.77
4407.68
2514.58
2189.33
1634.73
2037.55
1935.46
1396
1251.75
1575.96
1364.09
1320.33
1210.44
49.5801
344.824
452.324
62.8138
87.1259
228.559
134.735
301.827
806.991
7186.79
7274.18
7163.87
3890.49
4708.68
5631.81
7195.78
1422.59
7363.17
7565.15
7398.74
4724.99
5496.88
5216.81
7339.94
211.59
7123.11
7221.13
7110.55
2571.49
3978.13
5149.3
7144.91
643.304
1034.78
239.912
3588.44
822.084
837.756
662.317
518.836
820.155
4648.89
5258.72
1151.56
957.462
4214.83
1306.76
4690.26
994.321
410
5362.26
5377
1190.43
778.078
4574.63
3805.48
1243.76
7229.17
7168.06
7255.47
5042.48
5464.04
5913.87
7236.18
1736.65
2351.67
1694.13
1930.62
1871.93
2073.01
1769.88
1839.03
3825.02
7118.78
6968.11
7156.76
4760.79
5605.41
4999.16
6967.5
1984.84
6954.26
6934.97
6965.69
2138.85
2658.95
2221.48
6927.58
3248.02
7106.62
6904.59
7118.62
4544.94
5082.74
4059.64
6925.35
2607.01
2057.04
2079.41
4192.2
2469.07
2279.05
3098.2
2678.64
3345.03
5350.83
3996.47
2347.39
3166.54
4180.59
3111.35
3338.11
2008.94
2235.85
4566.26
2724.72
2543.23
2650.03
2725.08
3738.86
2051.97
6938.57
6955.94
6936.76
2308.47
3778.34
3343.47
6915.07
7042.83
438.381
7119.19
7114.91
4891.8
2547.06
7080.04
3810.79
103.827
58.756
750.231
260.695
147.261
94.4718
211.258
236.656
7239.11
1816.45
7404.76
7277.36
6010.19
3986.89
7258.93
4419.79
7149.32
1103.83
7232.92
7174.23
5182.2
3980.73
7156.31
4421.28
404.232
5418.61
5103.6
844.955
686.229
3400.96
934.453
3647.57
166.718
563.795
1062.62
3972.58
437.533
522.176
1168.97
1197.36
7145.44
7131.34
990.224
7192.43
7184.15
4367.6
5691.8
3931.85
4600.07
4798.82
772.731
1228.58
4291.72
4438.18
1530.99
1357.64
8101.44
8176
1744.16
8091.32
8107.37
5406.82
4571.57
4004.21
8254.65
8173.05
3356.69
8078.99
8174.56
5337.09
5930.16
4937.57
1362.94
1739.83
1254.92
1530.51
1601.61
1557.75
1527.41
1508.54
8063.99
8049.56
2144.96
8038.92
8032.88
4199.42
3835.35
3115.2
8157.76
1838.71
8095.77
8069.19
5398.98
4221.05
8125.96
4929.78
5773.06
4560.69
2789.55
1871.11
4744.03
4359.64
2081.97
2952.88
1736.9
4701.13
4286.51
2120.93
1902.97
3759.35
2320.92
3377.59
1740.41
2139.35
3658.21
2538.6
2305.47
2338.92
2616.13
2636.44
7123.37
7175.94
3949.29
6927.69
7073.54
5339.1
4746.37
5147.91
7186.24
7148.67
2464.9
6950.85
7110.35
3889.81
4764.87
3691.3
2261.13
1673.05
1572.4
1582.95
2051.62
1743.49
1860.99
1647.89
6920.72
6904.77
1378.09
6908.23
6920.48
2489.68
2004.72
1459.72
7017.46
3638.74
6908.52
6914.55
4760.21
3942.98
6933.1
3436.68
5062.81
3321.97
2071.75
2608.36
4245.43
3424.42
2898.02
2742.45
3173.05
4080.76
2812.9
1605.12
2676.19
2622.85
1955.34
2442.46
2524.8
1592.54
2138.6
1893.07
2190.48
1849.73
2300.73
1922.17
58.2387
114.764
664.739
551.21
120.982
415.287
419.013
526.384
492.158
7035.63
7149.87
7069.13
3352.21
5814.47
4714.63
7094.33
2046.88
7216.31
7306.29
7270.7
5295.75
6325.11
5621.97
7249.32
919.465
7093.04
7210.14
7126.39
3861.26
5636.96
4661.43
7126.25
372.579
1574.08
833.383
3998.81
821.146
907.747
938.456
982.197
905.865
5523.64
6186.61
1637.43
1072.35
4318.59
1571.08
5213.36
1658.57
964.666
4869.8
5177.23
1545.67
1092.63
4632.83
4420.26
1762.97
7203.63
7113.58
7172.33
5165.29
5964.45
5706.57
7181.32
7038.3
7117.05
7115.87
382.812
4882.41
7074.84
2711.8
3799.47
7163.77
7204.68
7242.52
1083.91
5297.7
7176.16
3819.8
4280.97
7280.81
7325.39
7464.34
1969.01
6153.84
7300.81
3851.47
4233.83
99.65
319.198
766.29
57.2125
167.478
241.847
103.651
320.281
5174.66
5435.6
392.175
804.905
3535.17
3323.42
928.817
633.826
7133.55
952.819
7206.86
7145.24
4212.67
3793.7
7189.04
5723.05
4151.31
195.127
643.353
1263.74
1325.3
420.138
1355.88
595.995
4700.18
1416.76
781.186
4846.78
4399.02
1744.32
4451.63
1704.73
6904.3
6935.02
6896.19
1462.32
2069.72
6914.85
1674.89
2553.33
6933.49
7184.25
7084.92
2704.55
5121.86
7073.07
4142.51
4246.13
7041.43
7219.97
7152.71
3331.48
5298.72
7136.4
4661.59
4934.75
1566.27
1722.02
2285.12
1649.59
1735.74
1854.44
1878.7
1994.61
3849.05
3157.35
1624.08
2193.1
2429.22
2180.16
1987.35
1825.9
6921.59
2602.26
7011.75
6958.74
3199.29
3676.48
6937.52
4566.08
3170.49
1782.82
1979.82
2626.91
2407.55
2047.54
2647.28
2208.46
4029.35
2751.68
2158.1
3897.09
3965.64
2967.89
3799.72
2672.73
6926.79
1568.15
6957.31
6932.53
2489.58
2029.33
6905.99
2572.38
1391.26
1442.25
2114.74
1671.99
1505.58
1624.04
1609.09
1772.65
6981.1
3236.24
7418.02
7202.62
5025.75
4105.23
7107.52
4488.86
6941.83
2436.36
7038.62
7149.24
4949.22
3896.59
7072.75
4036.89
1665.12
2774.23
3367.8
2087.77
1871.28
2501.33
1994.97
3039.08
1630.57
1930.36
2410.2
2578.75
1806.41
1913.06
2054.43
2290.74
6950.2
6923.36
2344.17
6999.74
6940.26
3635.6
4754.72
3489.19
3251.97
4046.58
2089.81
2650.51
3536.96
3885.95
2558.23
2564.97
4632.19
5030.18
2349.06
2014.38
4065.3
4349.13
2254.49
2360.72
3946.48
2089.77
1719.79
1684.73
2843.45
2055.22
1817.14
1629.83
1890.2
1748.56
1634.19
1383.04
1757.77
1848.9
1500.7
1528.51
1478.4
1408.76
1218.67
1195.87
1413.53
1449.68
1269.29
1251.86
3930.36
2204.1
1921.09
1837.68
2082.98
2205.37
1990.24
2074.21
3435.27
1760.34
1831.14
2334.99
2091.56
1956.02
2282.95
2048.31
1745.32
1595.45
1483.12
1306.91
1617.53
1645.12
1515.4
1533.04
1845.41
1330.02
1417.49
1565.78
1731.34
1611.29
1613.2
1535.65
74.2252
134.183
31.5677
330.124
111.855
79.3328
132.56
103.053
441.875
2197.11
68.5476
2720.83
1257
1141.78
897.348
777.102
29.8475
28.8374
23.7513
63.6495
38.6275
29.563
41.4871
34.0563
1093.95
2920.61
378.484
2994.54
2006.67
2006.17
1947.62
1970.08
338.523
47.645
622.828
1718.58
312.804
202.756
813.482
538.447
247.525
1702.98
50.2899
37.517
240.292
550.755
43.1141
72.0126
58.7436
637.631
1490.84
240.036
180.329
612.619
239.027
1010.08
51.612
180.065
1423.51
62.7096
69.7821
171.384
79.6777
199.242
1478.94
1729.63
1577.02
1365.13
1511.34
1649.62
1458.06
1622.08
2276.12
4595.29
4592.08
2542.79
2565.43
4071.48
2605.64
3732.89
1745.43
3707.94
2305.26
1739.42
1903.26
2897.77
1665.05
2059.58
1370.6
1953.72
1634.99
1554.28
1545.19
1816.33
1480.67
1706.71
1866.28
1690.13
1459.26
1966.4
1856.71
1728.99
1818.54
1668.82
2154.99
2325.88
3918.95
1987.86
2189.84
2379.01
2162.44
2426.81
1558.98
1365.17
1911.14
1534.86
1524.51
1604.2
1661.82
1774.27
1862.04
1887.84
2302.25
3471.2
2072.8
2098.4
2307.4
2330.58
37.0339
31.6582
40.5
204.517
50.3048
33.5908
84.4925
58.5618
29.0811
27.2619
35.227
51.3764
32.0793
27.6254
42.4266
38.6602
108.993
50.4816
2441.94
3264.13
219.595
99.6367
1976.13
2129.98
660.599
322.714
3745.37
3929.25
759.753
496.115
3490.16
3638.57
38.5238
51.335
187.886
83.5287
53.5629
67.5954
73.2239
103.18
29.2617
61.3797
34.5449
34.764
46.7676
50.7135
37.4123
48.2703
148.72
392.484
233.594
2880.47
262.401
328.998
389.721
391.837
128.434
3032.11
180.565
60.8199
168.78
261.166
71.726
121.297
1425.4
1350.03
1806.14
1639.04
1383.24
1480.25
1619.66
1655.83
1326.97
1212.58
1565.48
1555.36
1314.3
1324.96
1582.94
1485.94
2696
2251.79
4305.99
4225.7
2954.18
2806.64
4063.91
3968.55
1708.31
1714.32
3520.26
2613.95
1626.91
1857.23
2248.32
2875.88
1345.57
1823.75
1480.16
1479.04
1533.85
1657.18
1441.46
1523.92
1461.84
1693.73
1760.08
2089.92
1668.09
1727.92
1798.93
1875.68
2215.08
1846.46
1830.08
3263.81
2190.56
1958.35
2292.12
2015.72
2494
3757.6
2090.11
2090.81
2646.96
2619.96
2349.41
2307.07
27.2483
54.367
31.923
26.754
33.6964
45.3648
27.3162
40.9864
298.213
3976.84
3695.75
395.474
694.737
3473.05
467.744
3547.61
44.7887
3173.51
2485.4
91.1529
210.171
1790.34
134.11
2063.19
27.7058
98.9244
38.5345
30.1076
39.78
64.1392
28.4782
52.6856
80.726
49.2907
35.7596
96.1084
76.0599
57.0217
66.3259
55.7307
189.247
275.495
2791.92
84.9231
193.927
350.959
156.227
360.76
33.1296
28.4444
76.0676
34.1097
31.3853
42.7301
45.7978
52.8781
73.1978
121.636
242.369
2814.48
172.359
135.149
306.637
242.139
3169.31
1819.19
1700.26
3705.73
2435.83
1713.26
3027.48
1936.81
1531.15
1368.64
1296.27
1868.67
1562.26
1410.51
1712.21
1525.16
1507.42
1251.4
1229.09
1638.6
1566.88
1356.94
1547.36
1371.47
4043.55
2697.04
2438.69
4703.81
4027.74
2918.41
4201.34
3027.49
1959.79
1819.96
3318.03
2216.41
2035.9
2081.99
2254.03
2353.97
1498.1
1913.78
1371.82
1543.83
1614.78
1742.75
1462.29
1570.12
1978.37
3584.07
2458.06
2254.68
2208.4
2532.06
2320.66
2614.6
1687.87
1862.2
2144.15
1431.39
1772.43
1923.82
1672.08
1812.86
2371.18
3071.99
42.9032
75.8872
2085.47
1784.23
129.923
202.834
3570.49
3804.12
281.938
384.984
3284.73
3315.11
445.012
514.389
32.6962
52.0629
26.1452
24.9685
38.9412
41.5766
26.3005
32.3173
35.7814
84.3619
26.3004
28.1161
55.3172
65.8679
30.1109
39.8239
2702.94
70.2185
112.526
249.27
281.147
179.295
215.92
127.72
2706.96
285.58
187.216
84.6699
345.75
333.878
156.885
194.43
33.5514
32.4697
78.4005
28.8527
31.8408
48.9234
41.1896
56.0808
51.1767
32.826
96.3099
77.3449
55.5774
49.2483
72.6183
63.8396
1120.15
1131.66
1389.26
1197.83
1182.44
1212.98
1269.77
1330.45
1161.45
1380.45
1523
1318.49
1254.28
1315.68
1367.76
1473.46
1985.96
2055.23
3923.82
2575.16
2346.41
2307.99
3077.45
3519.3
1237.51
1132.12
2489.52
1523.9
1110.49
1203.94
1105.65
1202.76
1179.6
1512.82
1242.7
1184.82
1241.09
1382.84
1146.54
1292.86
1218.49
1261.25
1535.03
1526.51
1308.79
1351.09
1375.3
1485.76
1735.57
1340.18
1275.62
1900.79
1581.12
1436.08
1635.77
1360.99
1855.95
2178.76
1427.39
1851.21
1935.39
1707.58
1708.56
1602.9
2103.79
93.1463
66.2556
2621
1889.7
127.283
1300.31
151.044
30.1334
28.7774
29.079
130.121
49.4
31.3532
69.5027
43.4494
30.497
26.5961
24.6951
54.7276
38.6327
27.8022
41.9297
32.3626
3062.54
420.293
272.412
3412.48
2925.77
407.705
2741.1
434.854
119.471
94.7365
2517.65
371.499
132.715
147.688
296.674
277.144
31.9976
83.4393
29.6812
33.6526
45.2634
54.8238
30.8998
41.3729
100.929
2207.84
328.999
196.447
165.384
346.689
222.938
330.902
50.1913
89.6059
100.036
37.8545
51.6788
70.5467
50.3721
62.4189
1271.15
1191.53
1061.16
1440.38
1278.42
1212.65
1304.03
1234.88
1287.06
1880.38
1353.39
2072.91
1536.92
1450.49
1722.21
1589.56
1162.71
1385.04
1237.09
1561.63
1411.4
1367.21
1427.56
1393.68
1986.89
3231.31
2138.07
3895.25
3146.93
2897.47
2952.82
2775.59
1345.07
1236.67
1686.28
2126.07
1460.87
1425.01
1634.29
1613.08
1296.52
2043.11
1423.65
1208.63
1378.55
1678.78
1202.71
1465.82
1323.69
1761.95
2540.03
1864.82
1437.08
1680.62
1837.18
2364.94
1278.78
1799.11
2310.78
1536.8
1592.16
1755.87
1622.29
1787.89
1795.77
1681.2
1698.79
3038.86
1671.57
1652.83
1798.83
1735.88
1604.7
1468.73
1333.54
1827.17
1738.86
1632.96
1792.63
1618.09
1522.52
1257.2
1490.04
1773.35
1589.09
1421.52
1684.12
1486.83
3041.93
2609.23
2533.91
4160.55
3863.83
3092.96
4679.93
2988.26
1877.76
1781.43
2254.74
2376.51
1988.9
1860.6
2181.46
2155.21
1633.4
2044.99
1353.81
1437.68
1680.67
1829.81
1392.8
1480
1917.53
2592.28
2502.83
2276.65
2119.22
2266.27
2140.86
2566.58
1516.98
1824.39
1997.57
1394.65
1630.18
1773.87
1552.42
1626.96
50.8634
94.1306
29.0613
224.343
94.1408
64.439
114.875
87.2071
371.793
2015.96
59.4543
2504.71
1248.58
1126.37
912.123
767.794
26.2679
27.7071
24.7389
49.9679
34.6507
28.1538
38.6317
33.0289
984.049
2693.89
282.036
2826.92
1876.73
1901.86
1790.16
1788.28
266.651
44.48
522.597
1633.63
275.683
209.245
738.706
500.031
212.375
1621.41
46.6114
36.4742
223.474
576.148
39.7195
67.1443
49.0209
525.612
1433.39
186.177
103.549
506.775
177.531
1005.78
42.9057
146.682
1377.95
54.6873
64.1797
135.368
70.6253
168.619
1524.4
1268.2
1965.81
1252.74
1302.99
1445.44
1416.3
1569.84
1359.67
1240.22
1634.06
1241.51
1372.66
1411.18
1434.02
1459.61
2765.42
2352.97
4091.99
2134.14
2953.3
2971.96
3131.21
3159.44
1349.6
1237.78
1564.17
1412.96
1373.17
1346.22
1470.71
1416.5
1365.75
1862.2
1312.5
1300.2
1408.01
1528.95
1257.71
1394.98
1530.26
1370.43
1916.13
2111.38
1634.44
1638.28
1789.44
1832.85
1969.73
1380.31
1341.67
1778.81
1658.92
1487.89
1690.68
1492.73
2322.7
1862.9
1438.21
1999.26
2353.36
1771.12
1924.35
1591.93
1989.46
50.2036
2457.04
358.634
1133.06
1054.2
1246.6
1138.85
28.948
24.7042
42.598
25.289
28.4028
30.5921
32.375
33.3142
2689.32
234.292
2662.56
941.43
1962.89
1953.57
1938.34
1916.53
94.977
28.1054
219.822
52.3256
66.4607
88.8618
104.959
123.124
38.8594
1641.87
210.133
33.4501
60.6795
716.661
35.5131
244.08
45.9649
37.5204
120.465
1644.94
59.2865
57.4356
141.877
113.02
1640.08
277.902
41.5612
494.747
704.888
289.709
476.783
212.782
1635.71
557.065
43.7305
159.541
1170.69
558.337
153.428
101.287
30.1113
27.4121
106.586
40.1524
29.2196
51.5694
52.3579
71.7876
25.5651
25.3573
54.2086
30.6317
25.8632
34.7151
37.5577
42.5034
323.471
277.97
3376.54
2993.83
374.565
493.732
2891.29
2785.96
95.8499
67.1805
2639.69
2091.98
129.99
155.874
1875.77
1330.07
27.9873
66.1227
32.9773
32.0091
39.9075
53.4682
31.1454
46.7371
36.3896
46.0094
90.9584
92.9635
49.4682
49.0895
60.707
64.0265
221.777
131.019
92.4238
2442.11
212.775
144.241
272.351
148.436
233.86
2112.91
93.4794
165.568
287.122
311.714
173.804
146.345
7070.6
7147.75
7104.62
114.148
2500.96
7105.02
919.943
5286.16
7300.97
7510.82
7449.39
1334.86
3332.59
7461.5
3401.05
6908.03
7159.59
7374.94
7285.48
619.342
3298.35
7318.19
2988.98
6790.24
43.6956
175.293
76.9168
40.0562
69.0937
111.356
48.8717
92.2633
3937.31
3056.56
118.814
736.193
3346.2
3397.94
570.722
405.878
7249.63
1274.13
7397.63
7170.15
6564.36
3421.27
7220.7
3547.61
2136.44
66.129
555.669
194.611
303.426
355.218
390.171
432.713
6018.46
788.049
1173.11
6880.2
3329.82
965.892
3352.05
1122.82
7050.56
6949.82
7087.22
4087.16
5851.08
7021.33
5494.58
5766.94
6931.62
6920.57
6918.76
2429.66
4722.33
6928.43
2464.72
2504.72
6913.63
6904.65
6902.07
1810.44
3772.11
6909.67
2398.47
2390.02
2512.49
2120.72
1751.33
1687.16
2338.37
2248.88
1983.73
1899.14
5147.54
4803.55
3783.17
3058.91
3827.28
4612.19
3440.85
3663.07
6938.35
2646.23
6923.11
6909.27
3955.23
2643.7
6918.81
4400.21
3115.55
3135.86
2497.39
2056.99
2915.2
2997.74
2617.57
2737.13
3784.67
1929.22
2274.46
2678.64
2494.08
2390.18
2385.37
2232.51
6899.68
6903.1
6912.52
1819.57
2107.25
6913.86
1947.41
3701.01
6908.81
6910.22
6933.09
2322.29
2719.94
6927
2854.9
4441.75
6943.49
6958.28
6984.01
3616.5
4854.83
6975.75
4665.23
5677.24
1779.06
2075.29
2419.31
1761.79
1975.88
2208.58
2022.32
2269.83
2528.22
3804.67
1968.54
2277.27
2246.12
2228.62
2114.94
2228.21
6923.64
2545.99
6946.12
6916.27
4486.54
3230.57
6918.74
3882.89
3121.83
2093.28
2447.74
2821.74
2709.89
2454.89
2774.13
2597.58
4393.48
3382.57
2801.33
5144.22
4278.19
3278.94
3865.7
3072.84
6995.48
7044.08
251.534
7049.74
7031.24
4943.82
3446.72
3109.56
7110.39
7186.04
2014.12
7180.19
7180.05
6263.54
6272.77
5837.76
187.703
725.221
59.9885
214.597
550.258
522.791
213.439
298.164
7101.74
7162.09
886.211
7213.37
7147.09
5892.49
5217.84
5001.25
7095.37
808.945
7074.41
7170.65
5848.21
5032.81
7089.23
5554.88
6056.66
6256.33
1776.39
963.494
5477.63
5820.15
1308.63
1929.85
464.447
4701.14
6167.92
877.426
596.122
4404.36
1554.44
5596.36
831.72
971.323
5757.12
1657.7
1443.11
1389.28
1594.27
1759.34
6996.93
7031.72
7072.47
136.273
2333.6
7053.61
1938.43
5657.7
7083.86
7203.34
7288.68
575.943
3296.85
7257.47
3320.09
6785.67
7194.54
7356.17
7408.11
1379.75
3523.15
7400.63
3415.72
6827.81
36.7717
84.6281
183.74
30.5142
41.6235
104.778
51.2824
108.067
3174.79
3521.15
71.4499
273.579
2808.03
2976.81
321.432
393.375
7105.08
885.446
7337.78
7167.9
6151.29
3347.86
7127.18
3487.6
3442.91
89.8109
386.06
641.953
463.24
356.608
470.256
376.026
6585.03
1270.69
918.148
6823.44
3399.73
1273.84
3464.14
1124.79
6994.98
302.162
7052.11
7017.35
4907.34
3991.04
7039.13
5870.73
53.6421
41.9109
781.408
204.413
99.6525
164.663
526.856
563.853
7176.44
2231.47
7356.21
7301.65
4697.18
4560.94
7341.17
6778.35
7061.25
1581.79
7234.15
7157.16
5923.74
5567.02
7202.39
6676.53
256.526
4908.77
5386.58
790.951
1079.78
4761.69
510.528
4867.17
252.313
1096.48
1467.56
4646.04
998.18
1150.82
1463.05
1359.75
7157.73
7092.65
1912.97
7275.81
7117.28
6415.95
5163.51
5272.83
6592.9
6724.07
1861.07
2162.25
4710.37
4964.53
2267.16
2085.77
7016.44
6940.45
3796.74
7059.76
7006.95
5420.48
5091.77
5350.73
6913.48
6913.42
2514.76
6914.56
6907.96
4732.63
3765.83
2702.66
2358.74
2072.14
1653.87
1808.78
2309.17
2182.62
2037.09
1977.5
6906.86
6908.77
1784.98
6899.88
6904.09
2905.63
3014.61
2399.15
6945.83
3811.46
7001.02
6898.56
4496.11
4641.92
6928.91
5070.56
4476.34
3901.44
2782.52
3436.18
3939.32
3634.01
3307.51
3149.78
2991.24
4023.99
3526.83
2037.83
2779.42
3249.56
2593.6
2974.86
2914.75
1968.38
2436.33
2397.23
2695.15
2366.8
2578.06
2226.53
1531.16
2478.89
1758.46
2006.34
2031.99
2149.63
2008.39
2143.11
4191.01
7432.94
7138.87
7252.98
5968.9
6739.7
6126.7
7289.69
1956.62
7011.51
6949.85
6954.67
3297.36
4730.07
4260.3
6958.48
2702.57
7112.7
7013.31
7019.23
4541.81
5393.56
4998.01
7057.11
3386.62
2244.14
2695.47
4970.18
3231.97
2928.23
3242.34
2940.9
3595.89
5706.53
4581.74
2388.92
3444.95
5144.97
2757.81
3776.72
2139.96
2590.31
5469.96
3983.12
2140.53
2796.64
3761.5
4658.18
2258.21
6936.56
7164.73
6940.79
2755.94
4408.34
3616.68
7002.3
7502.44
7443.83
1357.77
7296.08
7450.96
6893.33
3373.21
3432.01
7370.63
7282.51
606.135
7158.57
7314.71
6784.67
3324
3008.26
160.268
78.5038
39.5204
42.949
104.648
87.3975
63.4105
46.2972
7148.6
7104.49
108.232
7070.07
7105.43
5306.65
2410.46
892.133
7392.69
1289.71
7243.66
7166.97
3574.85
3474.3
7217.43
6509.66
6865.52
5988
759.533
1179.1
3371.6
3383.75
1138.92
961.36
701.425
3896.5
3039.13
115.026
551.06
3277.54
388.245
3366.68
521.492
64.3025
2148.87
197.274
422.227
339.301
389.51
306.663
6918.41
6945.1
6957.64
2247.18
4834.36
6944.73
2320.64
2733.79
6950.64
6995.45
6978.33
3739.94
5572.05
6979.83
4269.82
4672.19
6922.52
6947.36
6918.78
2052.04
3714.77
6954.27
2442.05
3011.89
2008.91
2389.69
1677.41
1678.81
2132.18
2282.05
1920.78
2008.82
5346.39
4207.12
2617.59
3342.68
3123.31
3152.08
3101.77
3201.08
6952.81
3608.01
6988.96
7000.64
4200.53
4265.93
7003.18
5036.04
3101.23
2446.74
3106.36
2197.15
2516.27
2725.28
2663.98
2884.42
4327.4
2314.23
3232.6
4206.73
3938.79
2980.24
3430.41
3224.54
7406.52
1773.38
7190.25
7370.21
6773.2
3697.54
7411.55
3839.05
448.79
36.5307
38.8628
107.772
211.536
52.6379
150.758
43.9501
7078.32
114.534
6997.59
7047.22
5535.06
1701.13
7064.53
2105.14
7298.58
564.472
7100.25
7224.92
6753.72
3229.22
7270.13
3253.42
1588.72
6485.17
6854.64
980.126
1591.86
3650.19
1344.53
3534.63
766.857
512.319
81.3603
3712.87
634.392
513.483
740.983
441.344
7170.65
7351.38
920.354
7122.87
7138.84
3634.23
6141.35
3394.64
3821.09
3257.98
274.632
63.8681
3237.59
2982.34
447.392
288.95
1588.9
2039.31
2402.59
1484.8
1845.98
2177.76
1884.06
2332.97
2209.78
6910.29
6919.62
6907.65
2086.32
4639.5
3035.75
6916.78
4316.49
6942.41
6971.59
6913.35
5561.35
5345.54
4234.34
6957.6
1341.47
6902.81
6914.88
6903.19
1965.84
2389.73
3118.72
6912.57
2281.25
3062.64
1479.05
2160.6
2519.39
2759.34
1871.05
1995.12
2535.48
4003.54
4835.06
3700.52
2983.33
3361.14
3248.74
3096.5
3204.34
1570.11
3411.14
3841.26
2510.43
2238.09
2571.88
2646.18
4179.4
6900.36
6909.25
6937.03
4680.98
3467.57
4285.22
6914.59
44.5965
493.15
127.559
156.193
161.634
353.605
128.485
394.773
1973.51
7184.71
7113.37
7176.8
5833.14
6271.62
6251.75
7175.1
309.436
7042.61
6994.2
7030.4
3847.86
5188.68
4218.57
7029.6
944.523
7158.6
7085.95
7205.31
5020.44
5894.22
5234.13
7143.69
1582.38
742.397
965.968
5779.78
1524.31
1353.89
1706.12
1320.2
1676.18
6266.9
6084.29
868.527
1807.3
5811.56
1282.18
5509.48
389.27
959.03
6173.93
4939.59
480.112
1470.39
4229.52
5596.53
767.081
7069.43
7168.11
7097.89
4993.66
5443.42
5866.26
7088.42
6994.27
7076.13
7047.19
79.9906
2459.92
7030.57
955.941
4864.18
7214.25
7421.65
7367.8
1911.85
3841.73
7375.41
3745.55
6829.5
7096.2
7294.49
7206.54
597.592
3399.32
7238.98
2869.72
6721.1
36.5671
255.785
65.9199
34.123
50.4296
107.235
38.3324
77.6008
4085.86
3498.02
83.006
1119.72
3508.75
3651.79
735.267
427.559
7161.53
1803.02
7316.55
7096.36
6377.6
3808.93
7146.88
3829.57
2256.32
51.2962
943.22
215.452
269.477
300.155
649.065
765.809
5835.19
970.962
1607.21
6807.03
3498.6
1359.23
3497.11
1611.8
6896.94
6904.29
6904.58
1442.64
1953.15
6903.43
1600.21
2686.46
7023.06
7010.73
6954.47
3436.48
4826.49
6962.52
4772.79
6021.43
6912.12
6926.89
6912.57
2584.64
3421.21
6921.22
3250.27
4847.29
1541.87
2339.93
2074.53
1669.55
1934.72
2280.72
1911.43
2168.8
3417.72
2733.11
1757.03
2791.92
3118.36
2446.78
2479.49
2304.25
6972.01
3448.44
6946.56
6911.95
4897.06
4437.84
6928.3
4376.34
2138.02
1710.39
2768.03
2421.83
2101.72
2175.8
2552.85
2593.8
3921.59
2783.63
3206.51
5684.07
3693.44
2991.98
4086.05
3117.3
6920.57
6944.34
1570.7
6968.54
6940.38
3340.72
3798.76
2669.28
6976.12
7407.55
3442.41
7260.19
7293.12
5472.91
5692.27
5077.32
1392.66
2153.56
1425
1716.94
1787.92
1858.39
1718.27
1773.5
7023.13
7152.24
2839.96
7055.85
7105.27
5657.42
5399.07
4973.56
6961.01
1758.32
6991.65
7205.47
4454.52
3469.98
7051.14
4852.04
3978.18
5810.84
2896.23
1842.22
3686.03
5045.17
2173.96
2832.53
1736.55
4700.14
5711.41
2416.44
1870.91
4130.18
2731.9
5054.14
1853.95
2329.21
5124.63
2771.09
2434.39
2531.37
2659.27
2837.15
327.252
185.577
210.206
233.399
239.7
214.11
231.932
221.938
106.898
80.7295
82.6423
109.706
100.381
73.5582
99.7315
85.9751
121.621
95.9223
117.808
151.881
125.836
96.7818
134.678
113.361
185.264
146.637
173.178
198.706
183.326
165.265
189.809
177.644
138.043
167.391
181.202
129.806
125.542
167.72
134.822
158.672
104.799
123.291
83.6085
115.297
106.054
116.125
85.8906
101.091
157.433
177.125
136.938
167.545
176.232
169.759
163.174
162.459
127.935
160.829
134.51
100.122
144.455
150.528
111.409
125.157
104.898
83.9005
116.715
78.8007
65.0233
83.7918
94.8805
94.3233
72.4768
71.526
98.5225
59.1241
59.5918
68.2494
64.7017
75.5594
195.037
173.517
315.369
250.824
192.773
211.793
266.136
280.862
114.162
86.4606
201.358
147.323
112.624
127.404
171.791
175.755
57.7029
95.2617
65.7476
57.5447
58.5868
80.4029
54.1637
78.1308
71.907
64.6363
98.7476
114.528
63.5569
69.8198
82.232
83.5642
159.747
127.319
93.3691
218.223
146.541
129.194
157.978
128.989
167.87
233.124
96.0542
144.812
175.102
174.309
137.452
120.397
166.66
331.881
185.618
176.954
204.742
303.392
176.242
214.93
378.53
411.379
361.266
274.482
400.143
405.849
301.431
345.212
257.13
351.178
352.428
235.992
262.237
330.709
243.118
299.394
185.562
217.979
185.368
202.672
203.289
211.243
204.902
195.154
327.183
227.293
199.755
230.386
240.34
231.896
223.402
215.207
360.592
261.885
343.468
303.244
290.276
294.557
314.463
308.539
180.347
178.397
205.38
180.544
183.676
187.748
190.086
195.262
244.72
207.038
218.137
300.939
250.21
217.237
253.612
227.627
252.173
234.798
149.448
117.487
228.66
235.481
151.046
147.042
197.271
153.881
94.2949
98.7864
176.087
167.042
114.36
115.209
109.591
93.5123
69.8424
114.262
107.208
98.0713
89.6639
77.3555
121.353
94.5572
103.719
216.215
114.795
98.6129
140.565
120.315
207.297
144.519
112.298
100.106
131.306
138.709
103.316
105.387
196.495
96.3613
111.758
132.607
131.875
119.244
131.794
128.016
110.07
109.524
82.0393
101.292
124.372
102.569
101.668
93.0829
91.5055
95.3203
70.1497
71.961
81.6325
77.4598
74.7001
61.6508
281.789
180.671
155.236
195.998
222.591
182.96
191.323
167.845
168.139
279.239
184.771
202.731
200.631
216.53
198.137
190.456
140.051
137.541
83.1996
116.887
148.253
130.13
111.409
93.9054
208.663
199.296
163.959
207.852
217.904
199.224
196.585
179.304
169.907
158.863
182.687
195.65
176.426
163.122
181.6
167.142
164.708
192.8
181.368
153.417
174.495
189.565
164.966
186.685
170.588
191.588
193.566
155.06
180.933
189.628
183.868
195.924
163.626
136.451
184.864
152.109
164.961
172.676
168.151
177.816
83.2977
131.832
126.875
128.024
111.532
121.542
111.741
122.333
179.007
253.961
166.121
233.106
224.449
214.466
209.132
205.095
152.376
180.648
282.552
125.962
154.929
176.613
147.75
192.989
114.641
200.409
131.155
236.601
191.001
183.499
183.88
177.578
169.68
139.765
136.421
207.367
171.514
168.456
174.839
165.714
173.264
198.661
162.091
145.555
174.667
192.006
157.363
154.885
129.983
120.589
195.441
121.125
137.123
166.033
134.315
190.362
145.497
136.125
191.393
167.717
146.781
136.856
148.264
141.034
84.7755
116.942
102.244
117.479
102.052
105.133
109.191
108.684
183.664
304.144
266.858
220.107
202.666
270.796
208.475
267.027
139.292
237.916
199.29
165.049
152.768
191.038
159.71
191.259
136.416
185.919
153.902
148.291
144.968
162.716
148.178
163.984
142.046
121.133
129.648
169.311
151.69
130.548
155.51
139.543
156.168
191.857
235.431
135.086
163.939
180.996
175.502
182.578
128.388
134.449
179.638
143.944
132.827
146.61
141.012
155.984
144.781
166.75
192.809
237.871
157.532
164.38
185.5
188.14
78.8504
94.8275
111.423
85.5438
93.4438
95.921
88.5176
94.9571
128.377
199.883
234.876
208.609
167.309
182.294
207.892
216.184
178.996
265.143
305.282
292.35
248.454
262.954
272.97
282.85
94.0953
172.426
212.592
143.135
133.516
147.249
128.487
146.641
112.192
133.436
98.8166
153.238
121.515
120.353
112.021
106.089
120.304
177.327
225.607
140.813
126.204
189.03
162.589
208.886
125.53
91.7571
177.461
199.563
128.045
102.392
205.376
167.563
133.868
218.742
194.538
246.115
225.693
219.846
235.998
228.123
52.1495
47.6879
52.2999
56.9008
50.4893
45.847
51.3413
46.7087
31.4756
22.6557
28.7754
27.1021
23.3468
22.7711
23.5344
22.981
74.341
57.1853
106.229
95.3951
82.0972
71.3478
93.7599
92.7794
66.4307
38.1998
56.509
70.7227
53.5353
41.8216
55.9153
52.7508
33.6926
48.7966
60.1987
32.5648
34.8027
41.2556
45.204
48.7287
31.2116
27.5871
35.0333
47.0827
32.8592
25.8842
40.5231
38.1712
49.1904
55.8094
31.8229
48.3543
48.3222
47.7037
45.4075
36.3249
48.6868
49.3961
29.06
38.3685
44.2872
43.7199
39.9048
42.2935
40.2382
46.6983
35.0219
27.4068
32.8761
34.5496
30.9625
32.653
67.5282
82.0136
44.7826
44.1611
66.9069
72.7059
53.6339
57.217
26.8605
25.454
22.509
22.436
23.2406
22.8526
22.6009
22.6343
22.9981
25.7567
22.4322
22.368
22.5912
22.9834
22.452
22.5084
42.6822
26.2114
24.7042
32.1011
37.5834
30.4623
35.1165
27.0861
55.2149
37.1531
41.1244
26.6114
49.0777
43.6452
36.3251
32.9212
24.0643
23.6623
27.094
22.5191
23.3448
24.2385
22.8598
23.4896
25.1378
22.5865
31.1
32.9858
24.3066
23.2706
27.0249
24.2823
342.333
580.139
280.306
760.044
609.115
577.134
604.878
550.307
810.661
857.564
686.93
1078.58
903.492
876.08
959.63
892.137
217.694
527.705
533.683
691.893
369.306
425.664
395.095
481.899
1336.46
1325.4
1041.84
1721.49
1459.02
1377.14
1524.36
1376.04
880.207
428.677
1082.68
1151.07
904.962
852.589
1008.66
1035.81
816.392
1090.58
650.641
404.027
775.622
921.723
409.554
651.585
441.918
1131.59
1195.31
775.576
673.684
1029.63
750.928
1153.89
392.216
826.466
1084.37
682.887
619.106
771.082
706.961
898.933
347.817
260.383
568.987
397.371
399.702
475.366
424.298
473.109
204.312
527.051
505.184
271.04
246.681
459.411
281.259
453.603
759.79
654.897
783.73
604.831
704.276
768.387
684.479
733.547
340.046
237.577
410.695
311.398
304.706
302.799
312.145
303.725
247.15
544.681
357.664
235.182
262.265
399.521
238.194
351.632
334.653
302.122
593.184
663.774
330.81
318.218
393.858
394.244
550.843
363.476
246.354
456.366
497.458
352.978
453.353
329.095
657.546
519.029
301.674
578.749
605.361
533.809
406.385
385.715
100.996
68.4882
69.9915
54.8587
89.438
79.5879
80.8416
70.3459
36.4694
25.8276
26.8032
23.322
28.5949
27.384
26.165
25.7567
44.7868
26.3423
26.3057
24.2725
34.7713
29.6327
32.0312
26.8914
30.2928
23.1644
22.9818
22.6503
26.2386
24.5501
25.2793
23.5852
48.8146
55.7332
42.7393
26.285
44.1103
54.1264
33.2573
36.6321
40.6206
24.9718
29.1886
47.119
36.6744
29.5047
40.3963
30.6158
52.4995
39.2667
24.8733
26.1993
33.5188
32.9941
27.7654
26.6744
44.4582
25.0085
24.2802
26.3113
34.2631
26.7497
28.8241
24.2679
1611.67
1672.89
1449.97
1463.26
1517.57
1540.44
1505.32
1535.98
1634.22
1713.03
1492.78
1523.76
1638.3
1669.52
1590.89
1594.52
1316.82
1451.52
1057.67
1283.65
1345.62
1355.21
1352.1
1352.08
1389.07
1356.55
1318.27
1067.63
1356.11
1396.05
1224.78
1210.72
1709.88
1515.19
1537.12
1493.37
1632.15
1768.7
1543.31
1616.03
1684.91
1529.07
1589.36
1529.13
1625.65
1579.69
1638.12
1599.95
1455.61
1467.1
1462.39
1513.82
1437.31
1485.6
1548.05
1458.62
1471.94
1520.43
1465.25
1650.32
1647.2
1598.49
1631.23
1546.82
4961.09
5001.69
429.913
5029.25
5025.31
2829.04
3783.32
2542.2
5034.58
5059.89
811.09
5074.79
5083.57
3380.74
3452.26
2919.92
70.9765
134.889
35.896
100.999
85.3691
49.885
76.0704
57.2005
5081.74
5094.96
629.267
5127.89
5129.84
3568.38
4249.88
3453.32
5054.34
607.174
5086.49
5103.53
3381.45
2290.44
5050.76
3313.66
3227.92
3439.61
537.277
256.143
2678.88
2348.9
619.53
687.112
480.844
4047.59
3675.74
553.232
562.638
3011.48
677.967
2692.82
239.784
373.41
2978.05
413.605
286.473
413.883
570.21
580.402
1924.53
343.903
2590.19
96.1466
1035.04
1121.2
1432.89
1405.63
59.4063
30.5044
150.382
27.6155
39.1213
43.3332
51.9248
52.4388
2796.78
936.846
2932.69
329.443
1961.05
1910.15
2030.42
1950.63
27.9274
26.1193
48.9158
25.5542
26.1362
29.8729
32.6812
34.039
162.057
1705.67
56.3238
32.7992
250.607
779.087
37.7936
75.5414
171.036
37.8555
430.556
1700.98
249.951
135.549
710.703
403.012
1868.48
67.0206
38.4853
165.233
231.148
76.2167
147.613
60.4563
1809.31
197.156
42.5265
494.323
1157.87
198.961
492.903
105.125
1849.87
1490.29
2252.06
1379.75
1560.77
1679.23
1582.43
1688.07
1359.86
1201.58
1414.82
1211.97
1260.52
1291.54
1290.86
1325.89
3040.24
1978.1
3088.86
2016.26
2701.6
2825.48
2470.29
2501.61
1437.56
1306.75
1521.9
1292.96
1453.89
1505.82
1386.72
1422.17
1461.42
2047.14
1472.9
1340.55
1511.45
1684.03
1351.57
1525.15
1521.56
1393.99
1746.46
2240.24
1591.73
1562.28
1730.19
1694.25
2348.81
1593.45
1382.8
1731.85
1847.75
1696.15
1866.52
1714.3
2536.6
1787.43
1436.08
1788.46
2431.54
1998.56
1723.77
1580.8
4963.34
5001.01
1785.74
4944.37
4968.33
2938.26
1845.52
1940.92
5022.04
5160.21
2421.97
5141.16
5000.77
3616.52
5520.49
3559.16
1540.68
1473.01
1260.43
1511.11
1580.08
1382.35
1447.88
1349.34
4988.23
5143.03
2205.69
5182.44
4993.67
4150.9
4637.69
3080.21
4992.43
1879.21
4974.65
4988.03
2860.35
2291.83
4971.54
2760.48
2645.5
4036.5
2014.91
1828.94
2465.25
3483.75
2192.08
2408.04
2106.72
3128.26
4843.54
2068.56
2422.05
3321.17
2489.57
3606.22
1744.02
1695.09
3374.38
1627.44
1879.12
1956.79
2128.31
2343.33
5021.08
5059.14
430.32
5088.03
5086.35
2792.83
3791.8
2517.83
5091.91
5113.46
762.074
5131.77
5141.23
3407.16
3378.03
2975.11
80.9755
135.522
39.336
114.587
103.589
66.2239
81.4737
68.9455
5140.3
5154.39
619.813
5180.12
5188.51
3816
4200.46
3630.07
5113.18
614.113
5145.57
5164.54
3384.55
2268.62
5111.72
3366.39
3177.1
3583.61
564.193
297.916
2661.13
2342
580.242
690.773
495.69
4062.22
3669.45
512.273
569.002
3116.64
670.549
2819.77
274.534
436.426
3085.2
426.033
319.393
467.631
553.416
584.062
1904.55
362.03
2347.52
67.9696
965.828
1046.95
692.03
789.097
69.0421
33.8005
152.063
28.5441
43.315
49.8742
50.8485
55.1992
2570.99
858.238
2661.92
375.9
1703.81
1684.86
1732.34
1702.54
29.3358
26.6471
52.0127
24.5766
26.3748
30.287
30.963
33.6699
172.398
1449.6
50.4118
32.4846
164.057
436.403
35.4887
64.8828
184.816
37.6632
396.564
1463.42
181.732
109.235
621.997
362.672
1231.15
55.9309
38.8352
146.932
174.793
65.9115
117.894
51.8877
1290.11
167.886
43.513
442.617
822.789
165.28
428.168
113.419
4981
164.058
5008.3
5066.79
4257.19
1765.22
5023.39
2872.01
38.3543
27.2479
64.8848
74.274
50.0486
38.2091
62.4095
46.4745
5028.38
405.524
5056.35
5097.49
4070.55
2806.52
5052.12
3295.71
5112.27
640.855
5128.06
5155.23
4436.02
3386.86
5116.66
3786.5
234.123
3925.9
4319.52
518.474
352.043
2600.3
526.454
2947.18
89.1439
213.991
268.249
2510.61
155.129
148.844
310.312
332.925
5034.94
5077.13
642.524
5094.18
5075.37
3506.72
4177.69
3255.27
3218.58
3622.14
381.005
376.438
2973.49
3144.46
442.068
506.179
1958.42
2556.36
64.6876
67.9723
1491.62
1286.01
82.1577
135.855
2958.46
3244.63
309.513
228.89
2757
2559.93
344.533
443.577
29.8964
51.9878
24.8484
25.9943
33.422
34.2361
25.8414
28.6947
30.6577
40.1485
26.8751
26.2766
32.795
34.2102
26.1573
29.4108
2229.35
76.0351
67.7854
124.744
186.431
111.157
114.269
70.6623
2046.81
129.532
227.914
76.4584
292.19
246.05
198.414
221.717
29.8704
31.0903
47.2909
26.584
30.128
37.7925
34.5178
38.4415
37.2324
30.106
60.5644
76.9321
39.798
36.368
53.8516
44.9161
122.992
93.922
101.766
110.018
107.643
99.8376
109.513
106.932
86.4881
65.2059
64.3807
76.8125
76.1267
67.4724
74.8505
68.4974
81.0493
67.1888
46.9155
85.0888
76.0684
64.6673
74.9101
65.2001
107.381
93.5245
99.2887
115.793
102.908
96.5377
108.793
105.378
90.9158
89.6324
96.8864
82.0607
90.9125
94.9056
93.1857
95.4977
84.8093
79.2683
67.0519
82.6695
89.592
80.0588
86.2778
75.0131
93.0305
99.8592
86.399
90.6228
99.0094
99.0382
87.9364
92.7717
88.6529
91.3464
82.7854
73.5728
82.8555
84.8463
75.5135
79.9179
41.1395
57.5574
70.2818
56.9738
51.82
56.2494
59.6377
65.0621
60.5535
57.3122
81.4457
58.5248
54.4489
62.2469
69.1824
74.346
89.8933
86.8905
117.516
94.9734
88.9158
95.911
103.315
106.906
58.4131
54.4126
71.8403
49.8055
50.8057
53.775
58.1232
60.3984
58.6556
70.5156
54.9961
57.6172
70.8329
68.3614
62.375
60.3967
62.8743
65.7379
82.6444
73.4374
77.1632
75.9557
79.7515
78.9128
76.9268
59.7766
58.598
77.8491
67.4178
63.2168
63.7674
59.0789
83.5784
82.4561
64.1149
75.5119
78.9666
66.7954
72.779
67.0051
2011.94
1891.66
1056.15
1514.61
1908.9
1647.23
1625.05
1342.57
2077.01
1800.49
936.954
1575.85
1979.98
1734.53
1686.7
1431
747.115
656.127
490.369
671.283
744.201
643.128
688.602
600.976
1245.37
1110.4
888.515
1160.64
1217.61
990.236
1169.48
951.179
1821.19
1053.61
1449.54
1372.71
1534.44
1230.55
1418.21
1201.35
1870.82
1381.05
917.773
1091.28
1547.96
1408.74
1152.69
1138.08
976.609
1272.1
1190.69
871.554
928.643
1053
918.518
1003.16
992.376
832.458
1201.2
824.29
935.054
930.567
1065.71
1028.97
482.48
449.933
732.333
629.328
482.102
481.142
615.869
651.96
412.146
300.15
732.482
605.127
416.389
410.404
597.291
656.477
1032.94
1138.62
1991.79
1330.22
1063.77
1100.28
1359.2
1566.7
922.06
1032.29
1237.84
1159.15
1076.97
1107.52
1143.89
1188.59
484.17
763.244
705.427
715.42
649.599
726.15
667.969
707.918
485.832
692.605
767.661
760.549
664.634
704.426
741.622
757.784
855.917
820.762
957.633
1106.38
858.774
845.342
995.277
1027.76
894.603
1173.08
903.89
989.392
1010.24
1021.96
962.733
1007.73
2044.09
2640.81
67.7569
68.6771
1526.74
1311.85
85.3509
143.166
3086.4
3463.42
297.362
268.634
2838.61
2677.1
333.883
417.262
31.0532
48.9041
26.169
27.0224
35.4831
36.3058
26.2732
29.1573
30.5714
40.6813
26.4732
26.2047
32.7833
34.2355
26.2455
29.4762
2311.22
79.9657
69.5646
140.292
194.063
115.678
120.579
72.8349
2101.42
150.191
208.834
81.7575
293.04
254.67
186.205
205.48
30.5578
31.3103
48.0798
26.4175
30.5654
39.3628
34.9982
40.224
39.4863
29.7459
60.7319
72.7485
42.7657
36.8557
54.0223
45.0776
5059.21
142.121
5079.5
5144.69
3980.79
1749.18
5090.59
2845.45
39.5771
29.3269
59.0494
67.6078
47.2498
39.7846
58.3156
43.9649
5106.47
368.256
5132.81
5173.29
4122.91
2806.43
5135.89
3295.44
5197.9
546.71
5202.7
5248.38
4270.44
3167.14
5200.84
3676.69
179.977
3939.87
4101.54
454.884
308.818
2540.14
458.005
2727.44
94.8686
181.681
234.697
2450.71
158.334
145.518
294.917
299.415
5103.26
5147.66
604.861
5167.7
5145.83
3337.5
4188.45
3033.07
3109.29
3463.85
356.685
312.572
2825.48
2937.5
387.625
463.075
1842.89
1832.21
1349.8
1823.89
1907.09
1737.59
1837.99
1656.27
1831.32
1763.23
1536.12
1668.47
1825.74
1702.33
1722.62
1648.58
1274.67
1418.2
1021.66
1351.44
1343.05
1187.37
1352.67
1219.41
1682.31
1683.35
1479.6
1647.15
1642.44
1455.97
1637.82
1454.94
1796.86
1343.17
1777.22
1643.09
1697.31
1579.65
1656.18
1547.25
1712.1
1586.94
1538.72
1363.47
1658.56
1610.9
1413.43
1539.98
1398.83
1708.31
1750.25
1437.83
1368.5
1480.96
1412.54
1441.56
1479.46
1459.75
1728.89
1612.76
1496.36
1486.14
1659.56
1705.73
1745.01
1336.37
1715.33
1835.2
1745.97
1738.53
1840.27
1795.29
1165.6
969.408
1222.02
1203.33
1178.21
1148.57
1252.02
1143.39
1744.02
1448.66
1704.03
1851.67
1810.76
1738.91
1854.07
1718.05
1826.67
1320.6
1857.87
1839.14
1738.36
1633.85
1841.51
1575.93
1243.12
1762.83
1759.97
1279.01
1331.52
1748.3
1264.33
1763.18
1299.03
1390.28
1544.19
1741.6
1346.24
1444.76
1435.84
1533.55
1848.51
1829.92
1345.23
1859.84
1846.01
1754.1
1725.71
1613.97
1800.93
1586.87
1320.04
1503.56
1754.86
1722.07
1632.9
1474.12
337.911
805.388
790.571
735.581
621.358
675.087
725.56
769.363
1485.18
2374.97
2362.2
2399.96
2435.25
2381.49
2310.05
2386.7
1175.32
2321.94
2335.75
2334.44
2018.54
2066.92
2154.42
2324.23
1322.62
2357.08
2344.26
2348.9
2132.82
2188.01
2245.48
2343.21
1437.43
1215.79
1274.56
2287.42
1403.98
1268.32
1456.93
1269.13
1423.34
2290.96
2159.06
1197.02
1418.33
2211.02
1302.44
2137
1201.16
1268.38
2299.03
2184.63
1276.67
1272.94
2077.33
2127.79
1197.26
2334.59
2352.73
2329.93
2049.41
2129.92
2206.2
2338.36
295.809
729.33
699.931
413.538
415.045
667.209
461.33
687.936
1137.78
2055.35
2008.24
1077.4
1126.55
1894.59
1125.44
1704.74
1253.06
2172.66
1830.7
947.328
1354.31
2197.67
1031.84
1784.4
452.909
746.01
660.444
486.694
489.276
712.958
497.081
651.104
783.274
840.553
496.934
771.849
797.01
758.974
757.864
737.156
1139.31
1096.79
1926.33
1345.94
1190.73
1167.03
1283.42
1229.69
818.54
477.486
771.087
696.402
732.68
710.438
790.913
738.846
1225.62
934.688
1111.1
1942.24
1250.37
1184.91
1213.75
1168.84
2705.8
2775.28
2029.59
1720.51
2474.93
2360.93
1904.49
1989.41
2731
2765.27
2002.9
1905.13
2517.97
2422.32
2058.63
2032.25
2173.76
2181.63
1972.07
1987.67
2167.89
2280.8
2095.45
2127.72
1349.87
1477.32
1511.03
1165.99
1315.28
1472.63
1247.26
1413.86
2500.71
2002.63
1616.78
1670.15
1889.71
1907.72
1765.06
1777.69
2357.78
1877.17
2195.56
2301.67
2115.7
2018.62
2254.32
2156.06
1850.74
1442.98
1569.52
1607.87
1724.36
1611.56
1673.52
1580.12
2190.62
1864.32
1809
2078.75
2104.2
1956.09
2038.82
1923.02
3232.68
2187.05
3265.58
3319.82
2552.02
2558.25
3291.17
2910.39
2263.17
1918.91
2100.07
2371.47
2335.22
2356
2423.62
2446.98
3117.88
2006.98
2974.93
3030.19
2667.91
2538.13
3030.42
2668.15
3342.17
2874.56
3116.06
3177.22
2661.82
2758.26
3171.78
3113.01
2455.35
2730.75
2691.43
2592.45
2510.93
2589.3
2564.82
2687.11
2425.03
2652.13
2333.95
2599.22
2514.17
2586.39
2416.57
2469.81
3205.75
3318.29
3080.15
3112.43
3230.74
2947.16
2737.41
2665.68
2778.31
2812.69
2890.32
2178.21
2543.07
2648.12
2474.37
2541.82
2121.72
1338.23
1355.82
1583.01
1796.85
1499.79
1659.47
1427.35
849.334
472.186
716.026
806.624
824.764
691.041
796.524
711.903
1090.34
871.914
853.564
867.883
961.695
918.087
915.247
882.818
1199.74
1042.4
902.376
1019.09
1109.23
1004.03
1038.4
960.225
1264.71
1165.65
1350.55
1111.28
1190.7
1263.53
1181.74
1190.73
1101.82
902.481
897.63
1112.06
1063.92
959.953
1105.97
995.419
1105.5
1251.01
1039.08
928.34
1063.46
1138.42
978.212
1040.33
1080.72
881.576
890.985
889.375
968.215
911.721
944.458
904.871
125.483
100.14
111.547
237.603
120.296
106.862
124.643
116.703
50.7887
33.5101
51.4603
100.858
40.4972
36.1188
48.0482
41.5579
120.399
107.262
125.254
276.65
127.371
115.043
145.676
125.489
686.06
552.338
708.624
3110.02
1008.79
514.008
978.249
721.39
79.8928
125.099
285.228
221.673
90.1392
125.562
211.67
198.323
64.5761
114.636
61.4803
117.415
70.9404
58.2309
87.2559
68.2196
148.538
273.674
245.033
282.823
224.631
218.671
255.941
257.608
129.073
252.205
201.745
77.6699
146.511
230.986
89.6422
228.917
206.143
148.979
192.677
342.966
218.211
175.953
246.864
198.532
108.425
118.673
85.9385
249.65
137.482
106.649
148.574
122.906
66.0897
47.2001
29.6494
99.5906
50.5519
39.2255
52.946
40.3399
764.473
537.833
440.65
2994.09
865.25
528.342
1137.05
577.274
130.89
126.603
313.445
283.896
140.573
158.798
240.118
245.477
102.368
239.302
68.3432
88.1297
102.448
116.981
85.5554
86.4027
146.217
369.123
311.124
293.408
236.932
271.472
264.96
327.272
75.3226
196.944
268.89
70.0629
71.9121
194.191
103.601
224.527
2425.79
1875.32
1749.77
1737.63
2041.09
1945.28
1900.74
1830.89
1979.64
2052.55
1974.33
1855.36
1963.63
2066.32
1938.08
1999.59
1456.74
1627.09
1341.67
1341.34
1448.17
1527.51
1382.69
1434.59
1303.63
1394.47
1279.53
1125.1
1224.91
1367.45
1197.62
1306.54
1822.11
1607.07
1516.22
1555.21
1782.22
1715.2
1627.74
1619.26
1972.94
1774.73
1882.93
1694.8
1867.6
1810.32
1805.58
1744.53
1520.35
1451.73
1546.81
1355.46
1425.8
1522.47
1398.74
1454.97
1579.79
1439.79
1716.14
1778.15
1566.72
1525.19
1681.17
1610.6
341.363
443.588
849.959
744.671
482.583
499.717
726.045
770.87
498.078
552.117
761.212
536.952
508.374
513.185
538.981
583.801
1335.78
1196
1928.31
1392.64
1251.17
1260.15
1451.65
1687.58
1171.81
1080.6
1259.9
1221.14
1293.76
1220.6
1332.8
1286.45
517.556
886.959
848.958
720.078
632.243
852.996
647.202
849.183
519.518
774.292
809.608
905.82
705.052
742.961
845.663
820.281
1085.83
1087.17
989.46
1284.72
1084
1083.69
1194.73
1168.53
1179.31
1338.64
1010.74
1038.06
1184.5
1176.19
968.814
994.045
1985.67
2015.12
1240.21
1540.5
1900.14
1912.44
1621.42
1540.15
1947.8
1999.29
1210.75
1553.57
1843.75
1874.1
1651
1605.22
788.219
770.042
543.332
631.707
745.127
744.764
661.391
626.083
1379.57
1313.66
1027.35
1236.65
1301.32
1302.8
1246.83
1225.78
1846.55
1191.06
1470.51
1503.15
1602.28
1454.98
1579.71
1495.38
1866.6
1511.82
1173.41
1190.75
1541.37
1512.88
1226.18
1188.21
1049.16
1361.01
1379.31
987.44
1065.25
1315.27
1070.84
1278.11
1003.75
937.654
1343.04
1047.85
1009.37
1048.06
1127.67
1079.66
2339.66
2316.87
1415.09
2321.98
2324.17
2555
2376.42
2515.06
2309.41
2303.65
1440.5
2301.07
2303.63
2405.01
2313.04
2379.46
485.681
726.191
404.407
662.129
576.419
606.87
596.619
625.841
2315.48
2306.74
1352.2
2314.08
2313.84
2227.04
2245.59
2183.52
2308.58
1344.27
2314.57
2303.22
2323.94
2382.82
2304.38
2328.33
2496.05
2311.2
1233.15
1182.35
2449.5
2346.57
1458.98
1467.57
1294.06
2290.05
2284.14
1307.98
1342.21
2285.75
1337.41
2236.5
1167.52
1253.82
2277.97
1261.59
1238.32
1277.94
1416.33
1421.97
324.205
777.75
859.43
429.628
437.266
798.648
494.821
787.19
1378.47
2044.34
2108.24
1258.83
1362.63
1994.69
1342.09
1898.58
1387.51
2021.6
2056.05
1216.79
1336.41
1939.73
1311.51
1839.31
486.625
799.579
765.131
514.264
493.646
769.552
506.48
729.755
885.659
908.904
492.057
835.755
917.466
844.381
852.405
829.405
1417.83
1222.59
2004.65
1374.39
1353.7
1286.35
1386.5
1322.59
922.693
513.705
832.581
808.071
864.48
806.543
824.108
802.524
1324.98
1129.51
1187.4
1888.45
1248.25
1194.68
1276.09
1240.58
388.41
912.537
928.253
954.15
807.001
841.036
853.901
894.031
1496.11
2316.11
2315.56
2321.06
2013.05
2072.9
2199.57
2318.45
1530.76
2330.69
2353.48
2354.21
2103
2147.74
2246.88
2352.13
1640.68
2333.43
2343.18
2342.94
2162.29
2186.16
2265.33
2340.78
1454.02
1530.14
1547.02
2086.66
1514.03
1512.73
1549.96
1549.83
1453.25
2141.21
2095.5
1528.41
1512.15
2068.06
1509.19
2062.86
1616.83
1619.51
2234.06
2261.3
1713.05
1613.82
2137.61
2121.26
1595.54
2345.81
2330.55
2324.34
2087.53
2161.96
2189.58
2328.1
2847.52
2832.18
2128.81
2018.61
2667.95
2488.17
2210.9
2146.47
2718.08
2650.49
1979.64
1901.86
2528.05
2388.93
2087.87
2121.79
2251.09
2007.34
2060.78
2058.54
2213.4
2196.72
2153.53
2110.65
1646.32
1549.05
1668.06
1395.95
1551.84
1611.3
1463.46
1557.11
2596.37
2043.3
1881.08
1755.23
2043.62
1998.86
1884.78
1873.64
2415.85
1871.25
2219.19
2342.89
2128.65
2006.97
2280.01
2162.14
1945.64
1713.76
1652.67
1767.73
1891.15
1762.67
1825.4
1721.42
2278.9
1947.36
1788.62
2072.33
2172.56
2033.7
2069.69
1957.81
3244.22
2271.99
3321.88
3373.31
2666.4
2683.19
3352.69
2992.65
2299.95
2043.26
1906.9
2340.3
2300.75
2245.57
2393.79
2138.39
3094.68
1976.36
2941.58
2952.33
2624.31
2520.57
2955.11
2595.47
3412.87
3007.02
3052.42
3237.66
2733.85
2744.4
3220.18
2990.22
2475.17
2767.49
2770.25
2718.62
2588.84
2687.94
2648.94
2773.59
2444.58
2727.13
2293.64
2639.62
2543.52
2647.36
2430.26
2467.64
3248.34
3393.4
3208.04
3046.97
3272.45
3028.32
2695.08
2671.24
2813.61
2686.88
2852.01
2102.42
2529.83
2598.99
2357.64
2402.52
563.601
1072.59
984.431
1049.78
963.029
959.746
972.283
968.532
1536.96
2064.7
1512.29
1388.6
1491.42
1649.43
1409.24
1538.71
1132.87
1265.1
1135.32
1025.62
1103.11
1211.7
1074.98
1153.73
1175.62
1145.14
1003.15
1066.56
1147.58
1118.37
1104.67
1080.9
1345.62
1065.49
1172.67
1249.31
1305.66
1137.2
1303.75
1202.41
1402.66
1250.01
1285.95
1155.53
1342.07
1293.37
1226.28
1209.9
1057.44
1152.79
1183.37
1026.73
1061.26
1174.22
1054.64
1135.35
1115.49
1036.43
1192.34
1218.94
1085.84
1075.36
1162.22
1119.06
2874.63
2873.4
2114.78
2875.43
2870.03
2480.02
2746.1
2464.14
2911.26
2954.57
2100.22
2902.2
2907.45
2516.39
2725.53
2459.34
1938.96
1148.93
1211.83
1797.05
1546.86
1103.35
1554.34
1285.42
2880.28
2885.44
2028.22
2884.18
2873.53
2613.43
2704.75
2536.64
2874.41
1980.97
2872.83
2885.23
2694.22
2558.66
2874.6
2655.96
2438.39
2638.18
1521.11
1624.47
2395.33
2538.44
1977.16
1843.74
1857.34
2717.71
2714.74
1858.74
1970.63
2621.18
1909.63
2573.63
1613.3
1773.62
2593.86
1496.66
1705.9
1749.37
1719.33
1817.06
2417.4
2389.39
1572.79
2408.13
2400.45
2219.97
2274.57
2166.05
2377.95
2395.91
1515.47
2375.98
2380.29
2177.69
2264.9
2113.68
982.096
986.723
436.802
903.009
921.918
838.043
865.368
775.55
2401.23
2381.09
1443.48
2392.78
2387.54
2205.47
2268.82
2127.36
2385.44
1540.25
2395.22
2385.77
2257.59
2172.28
2388.16
2237.15
2164.28
2210.73
1495.26
1484.7
2127.01
2140.12
1493.01
1521.09
1543.08
2269.27
2296.52
1411.5
1591.01
2191.4
1496.35
2207.06
1470.99
1292.63
2151.47
1481.27
1400.34
1385.74
1497.91
1551.55
488.304
1005.03
989.155
955.97
833.195
847.512
957.553
989.223
1483.58
2255.03
2255.16
1527.52
1583.4
2047.14
1626.57
2058.49
1542.49
2319.81
2364.86
1851.22
1859.89
2123.3
1972.15
2299.88
1171.46
1334.99
1480.12
1199.58
1251.28
1343.78
1254.11
1392.25
1354.97
1326.42
1147.05
1280.03
1320.49
1238.49
1266.5
1224.83
1472.16
1415.71
2029.49
1454.84
1410.06
1495.66
1436.51
1673.55
1425.62
1212.68
1395.09
1560.33
1360.04
1315.56
1501.93
1398.24
1523.62
1734.94
1579.32
2184.45
1704.9
1644.67
1840.01
1736.81
22.4043
23.2205
23.631
22.3859
22.5854
23.0989
22.5095
23.0129
24.7023
26.6385
26.7772
23.1597
25.1568
26.2997
23.9765
24.5519
26.8577
29.4808
30.7829
23.7033
26.364
26.6571
25.1082
26.2481
22.3339
22.3266
22.4238
22.3101
22.2868
22.3013
22.3031
22.2927
23.258
24.1197
22.3823
22.8561
23.2959
23.3537
22.9397
22.5719
24.3665
22.9973
27.5106
24.7401
24.1045
23.3026
25.0325
26.4112
23.6984
22.3626
22.6109
22.5894
23.1103
22.4677
22.6053
22.4518
25.5907
22.7624
22.8553
27.0307
23.5746
22.9774
25.2887
23.9171
34.9973
31.7452
28.3781
42.3764
34.0773
30.2796
36.5065
33.3031
29.6797
29.6638
26.0582
34.2974
31.9389
29.3516
33.2177
31.2485
24.0111
24.3995
22.5021
23.1508
23.8031
23.5285
22.9472
22.7485
46.2878
48.1077
31.9306
40.9949
47.3563
45.8907
38.5732
34.9403
30.1641
27.4155
39.5245
43.4822
33.191
31.5177
42.5261
38.3898
28.8938
36.2792
25.7456
26.1802
29.8061
29.1491
26.2756
26.1799
26.48
36.698
45.1974
27.6659
31.1258
35.248
32.1109
39.2036
25.7055
26.0395
37.5592
25.5795
26.0932
28.9331
26.0468
28.5887
1573.55
1123.22
1255.5
1377.75
1451.95
1299.19
1405.77
1259.82
547.331
289.082
634.424
502.686
511.123
438.144
505.456
461.352
1112.71
1011.91
1114.07
912.753
1032.52
1080.62
996.618
1047.82
1129.51
808.529
875.95
883.024
968.824
897.243
933.827
879.516
1012.05
1154.43
1230.3
859.172
969.134
1162.13
943.334
1076.57
837.757
679.356
846.569
1009.27
835.356
736.029
976.578
915.994
1087.74
1177.43
824.955
928.001
1043.63
1047.45
973.692
978.412
980.124
851.365
674.939
841.083
919.051
877.313
891.205
847.624
1687.91
1627.38
1225.34
1544.38
1658.9
1596.85
1586.06
1477.73
1537.55
1589.74
1158.93
1285.9
1515.74
1572.04
1361.57
1419.9
640.722
545.602
282.138
627.302
642.589
489.606
622.179
467.556
1420.57
1189.88
1049.4
1219.86
1349.08
1203.34
1261.18
1138.81
1607.22
1190.6
1487.64
1303.74
1465.36
1394.87
1406.49
1366.11
1497.57
1171.28
1104.9
1173.54
1324.87
1217.78
1147.06
1129.28
1138.41
1433.72
1211.71
1063.58
1108.62
1290.63
1099.97
1244.36
1037.23
891.093
1059.05
937.944
962.282
963.331
1036.49
1016.59
245.254
554.195
645.407
553.007
465.505
490.599
528.574
537.48
1217.55
1620.1
1587.52
1593.89
1636.6
1611.71
1591.68
1592.78
1272.87
1613.02
1660.61
1617.35
1609.7
1620.48
1642.84
1635.11
1043.9
1576.92
1579.64
1570.45
1563.46
1572.17
1573.38
1570.64
1102.93
1187.14
1043.5
1601.16
1101.68
1048.89
1101.57
1046.99
1121.72
1621.7
1540.53
1201.25
1128.69
1592.17
1166.43
1546.29
1238.71
1061.74
1593.72
1565.5
1267.57
1055.71
1534.46
1541.36
1255.01
1587.36
1578.75
1588.16
1566.05
1572.81
1565.91
1583.31
1487.5
1492.45
1081.02
1479.96
1479.46
1668.15
1549.67
1655.65
1494.68
1516.15
1143.79
1497.41
1493.36
1740.72
1595.94
1746.06
493.576
511.36
257.469
552.815
521.435
404.362
493.905
416.371
1483.39
1500.17
1108.17
1493.46
1490.12
1499.74
1474.45
1490.75
1484.44
1061.3
1483.15
1494.39
1613.56
1630.21
1487.77
1572.12
1751.84
1630.69
871.585
886.397
1769.86
1685.04
1230.4
1136.93
1009.45
1487.84
1546.76
1080.49
1048.97
1549.67
1090.94
1523.75
890.814
1086.62
1631.28
889.985
1036.39
1092.93
1076.95
1158.14
3190.01
1015.53
3227.83
403.04
1910.08
1781.18
1925.32
1834.89
441.125
227.559
420.301
178.927
303.127
304.754
281.763
278.437
3225.57
1023.04
3577.77
397.844
1937.11
1890.33
1925.17
1952.8
73.4036
83.2091
92.2336
30.1253
50.2197
78.3718
39.1366
62.865
488.453
1862.82
250.265
178.145
480.025
868.559
223.179
275.162
651.083
214.541
628.028
1875.32
666.466
355.106
1157.71
589.109
1849.99
225.123
151.394
220.006
374.29
265.573
257.95
164.845
1944.32
299.575
203.595
611.34
995.664
311.576
571.202
269.281
2944.49
2201.53
2892.81
2912.91
2767.55
2402.46
2905.88
2635.9
1140.89
1317.49
1876.03
1852.94
1145.46
1038.17
1612.96
1674.96
2891.27
2265.7
2887.05
2901.07
2970.97
2449.44
2894.63
2810.31
2898.41
2281.68
2909.21
2902.93
2675.79
2593.71
2895.99
2740.99
1914.51
3112.65
2738.59
1882.4
1952.51
2729.12
2023.82
2630.85
1164.1
1633.29
1332.33
2341.69
1499.6
1630.44
2014.87
1865.94
2888.65
2894.49
2092.46
2898.66
2893.94
2673.83
2817.62
2679.85
2776.42
2756.18
1953.17
1742.54
2844.91
2777.35
2114.66
2240.02
2934.47
2930.63
1991.95
2958.39
2964.08
2640
2646.98
2519.78
2893.3
2920.95
1764.71
2901.31
2893.48
2548.95
2706.52
2488.45
1167.66
1110.14
574.534
891.215
964.832
879.596
850.753
825.59
2941.26
2896.59
1603.66
2899.61
2899.38
2607.1
2647.8
2498.57
2905.36
1919.58
2952.82
2891.9
2698.35
2569.26
2908.05
2646.01
2524.63
2573.92
1661.84
1783.54
2493.36
2499.67
1758.77
1694.38
1868.67
2751.81
2722.16
1566.13
1890.37
2565.51
1673.59
2565.77
1737.85
1566.7
2501.3
1668.61
1604.91
1608.4
1677.97
1731.38
2537.88
1924.68
2670.39
1946.13
2212.01
2400.2
2224.19
2270.31
1185.47
576.924
1052.41
1171.44
1160.84
884.959
1143.36
901.397
2593.46
1655.89
2627.4
1842.12
2188.65
2188.02
2069.26
2109.06
1687.79
1448.41
1545.08
1321.95
1480.39
1536.03
1448.68
1472.11
1756.9
2360.67
1771.87
1597.63
1675.28
2083.61
1660.01
1893.74
1683.62
1470.85
1502.51
2186.44
1633.47
1603.77
1715.22
1614.18
2219.71
1800.92
1503.87
1637.26
2073.42
1831
1790.54
1716.32
2048.89
1484.36
1390.46
1460.82
1740.69
1573.76
1528.49
1446.29
2381.56
2330.88
1515.36
2354.8
2361.72
2756.85
2433.09
2686.15
2311.62
2308.21
1475.62
2309.96
2310.67
2897.71
2419.72
2835.65
494.281
724.641
398.002
651.402
604.355
567.297
591.716
561.594
2335.92
2314.39
1400.96
2326.01
2328.55
2258.98
2249.66
2196.26
2322.97
1466.72
2340.85
2315.21
2386.44
2495.47
2321.14
2410.83
2649.67
2383.39
1266.6
1025.82
2592.81
2456.82
1205.53
1339.11
1352.86
2312.26
2295.7
1374.19
1495.65
2377.09
1455.75
2287.24
1016.24
1206.79
2361.12
1243.43
1150.05
1225.83
1306.1
1390.3
2964.91
2907.79
1826.29
2941.75
2941.05
2578.93
2730.5
2493
2886.95
2894.09
1589.58
2887.95
2887.85
2316.02
2651.57
2117.27
1307.37
1125.83
547.14
1187.95
1188.61
1054.59
1142.2
963.524
2923.24
2889.31
1942.7
2894.47
2906.38
2468.21
2744.51
2347.58
2893.57
1831.06
2922.62
2890.7
2657.85
2431.18
2896.82
2526.21
2478.23
2409.15
1620.02
1756.32
2393.52
2324.47
1701
1709.8
1864
2723.64
2665.3
1944.41
1949.86
2428.43
1966.7
2366.37
1754.79
1609.08
2237.83
1589.92
1729.79
1728.71
1721.17
1746.28
2641.85
1702.13
2494.2
1811.87
2112.44
2205.91
2075.14
2144.93
1265.38
600.891
1118.23
1130.32
1005.06
998.4
1089.5
1097.06
2418.11
1590.82
2501.9
1757.32
1867.85
1958.24
1966.06
2078.25
1334.73
1284.27
1360.22
1184.19
1192.41
1244.2
1203.92
1267.86
1531.98
1956.09
1414.57
1184.59
1434.82
1668.37
1341.45
1476.64
1580.75
1217.69
1494.82
2053.43
1481.83
1295.36
1593.55
1460.35
1929.72
1436.81
1291.55
1452.07
1676.34
1515.19
1402.37
1303.18
1997.53
1533.91
1379.79
1470.87
1566.74
1447.64
1428.47
1416.87
35.7762
113.546
101.3
119.634
52.7115
80.3505
66.8648
93.6745
378.147
1981.09
759.929
772.324
645.126
987.423
672.391
875.7
209.851
441.779
362.551
518.887
301.208
352.081
356.324
372.54
622.583
802.023
736.384
2193.5
817.751
768.54
871
794.224
158.496
166.094
277.92
601.541
260.555
232.037
457.536
430.752
217.22
643.312
393.844
205.359
242.393
382.291
247.955
327.473
277.785
358.845
607.846
517.251
444.315
418.085
493.196
522.117
245.542
568.453
629.104
436.118
356.041
602.395
416.157
648.713
306.009
377.042
120.31
177.896
285.995
296.143
231.58
233.45
545.891
2237.81
390.103
332.976
560.745
658.824
496.015
543.401
60.0514
77.6995
32.6762
30.9508
51.9106
62.8368
40.2504
45.2386
72.114
65.0664
30.427
30.2757
47.8875
50.3802
37.1457
40.1013
363.304
90.1193
127.141
185.242
329.581
171.886
252.125
133.197
346.467
212.966
168.916
111.81
317.408
254.946
213.922
165.617
70.5255
92.8716
100.654
40.3287
55.0726
100.447
51.3287
69.9237
89.5753
44.3098
108.747
125.253
73.5249
61.7834
112.102
77.6906
2036.67
1560.84
1425.8
1675.31
1824.69
1490.93
1714.99
1449.21
1358.87
1475.38
1352.37
1260.22
1327.35
1385.56
1293.78
1371.18
970.086
1098.03
643.228
1064.25
1041.76
952.661
1043.83
894.797
1434.34
1156.96
1140.77
1221.84
1315.7
1200.76
1229.04
1157.67
1482.86
1321.52
1544.96
1267.87
1412.67
1392.66
1349.16
1357.33
1455.25
1263.01
1220.71
1178.63
1390.56
1320.03
1423.54
1339.88
1243.75
1462.5
1199.81
1135.99
1223.09
1293.42
1172.54
1235.85
1107.06
1063.44
1209.4
1178.47
1087.53
1080.97
1246.37
1244.37
2102.07
1445.95
1617.52
1870.2
1573.12
1504.23
1784.08
1687.66
976.114
605.348
1106.55
1239.58
896.851
871.836
1209.69
1092.6
1432.55
1383.35
1534.73
1596.82
1469.03
1417.84
1498.41
1494.46
2215.48
2230.57
1940.23
2369.35
2183.11
2081.62
2199.75
2038.4
1248.74
1609.36
1888.16
1610.24
1644.98
1671.33
1712.85
1785.07
1174.9
1420.59
1238.77
1522.5
1527.09
1329.42
1473.65
1332.07
1597.8
2008.61
1846.38
1780.61
1731.38
1838.42
1780.78
1878.48
1505.16
1660.31
1602.73
1345.86
1512.25
1644.42
1436.36
1582.15
2510.48
2490.83
1797.63
2507.87
2502.56
2368.85
2391.21
2341.47
2457.26
2434.3
1899.35
2430.5
2442.39
2385.78
2418.64
2344.65
1167.03
1120.12
532.129
971.864
1107.11
1001.55
959.766
937.934
2472.01
2428.49
1659.28
2424.98
2438.98
2416.17
2386.82
2410.85
2483.54
1823.26
2491.96
2447.99
2424.22
2417.97
2474.34
2484.92
2333.13
2349.65
1858.4
1772.08
2324.91
2325.7
1817.52
1850.36
1784.6
2445.86
2423.86
1664.38
1840.5
2487.18
1753.64
2444.69
1737.69
1637.49
2362.14
1857.12
1654.15
1678.33
1797.51
1816.66
598.283
1123.3
1193.04
1132.27
1027.78
1031.85
1133.72
1160.6
1810.61
2400.12
2298.07
1814.69
1981.72
2252.62
1940.36
2206.42
1699.07
2345.19
2415
1947.69
1945.94
2248.44
2025.63
2296.76
1251.49
1521.98
1590.83
1315.89
1316.65
1418.73
1364.04
1471.85
1622.56
1578.33
1266.24
1518.16
1583.54
1448.44
1490.98
1406.33
1803.92
1643.76
2190.85
1738.93
1707.33
1737.73
1744.08
1892.65
1539.14
1298.42
1586.61
1641.39
1457.51
1403.63
1565.62
1465.09
1678.76
1802.01
1734.48
2201.09
1789.32
1718.76
1970.71
1852.66
2038.81
1298.18
2015.33
2036.48
2684.39
3085.67
2031.79
2665.82
437.244
235.126
388.167
515.223
407.876
352.069
466.624
393.292
1983.06
1019.91
1976.97
1984.86
2581.67
3009.45
1979.07
2276.28
2023.02
1202.8
1995.55
2006.15
2038.05
2150.05
2000.49
2023.59
1096.29
2689.84
2484.44
1170.5
1188.18
2655.37
1335.42
2575.01
852.036
950.345
742.429
3018.02
998.192
949.564
1087.84
919.094
1996.21
2018.97
1197.86
1991.01
2001.07
2244.38
2308.21
2216.99
2537.87
2137.22
1128.48
952.514
2550.94
2470.52
1143.53
1252.82
1132.53
1141.19
1178.55
1295.74
1167.27
1139.7
1236.64
1211.56
1671.02
4875.04
4805.2
4884.48
2148.41
3341.54
3429.15
4834.63
1400.35
4766.74
4761.92
4751.44
1758.31
3232.16
1847.22
4753.66
2019.93
4831.57
4775.26
4849.73
2875.45
3589.81
4330.37
4803.96
1316.92
1298.53
1463.51
2237.05
1455.67
1383.2
1608.33
1442.12
1423.33
3372.44
3298.19
1367.2
1607.77
2830.15
1542.5
2274.78
1629.08
1850.46
3516.43
2641.43
1931.14
1963.84
2449.29
3082.02
1443.68
4752.89
4821.03
4768.8
2021.69
3150.87
2051.63
4788.52
2169.26
2511.71
1253.87
1179.67
2001.86
2248.74
1310.7
1333.67
2666.95
2765.22
1540.24
1690.04
2561.82
2747.43
2009.95
1930.99
1122.84
1090.23
1115.95
1029.73
1097.81
1113.95
1070.65
1083.91
1131.89
1308.14
1045.01
1090.58
1216.64
1302.33
1162.57
1200.72
2075.39
1267.29
1257.64
1607.16
1501.96
1352.32
1465.6
1351.41
2346.89
1670.13
1444.97
1336.5
1603.08
1768.2
1393.99
1405.55
1166.13
1226.05
1458.97
1063.81
1093.43
1278.29
1107.72
1394.07
1179.84
1082.33
1441.68
1261.84
1188.82
1156.91
1271.59
1195.14
2405.21
2387.42
1827.45
2393.32
2409.32
2255
2394.13
2207.46
2437.09
2501.83
1643.5
2478.92
2459.75
2333.35
2350.07
2322.57
1148.73
1002.33
530.815
905.152
985.183
928.266
868.456
901.705
2371.68
2397.12
1571.62
2376.19
2376.64
2196.36
2311.57
2127.9
2383.01
1752.76
2372.84
2392.97
2284.24
2188.46
2385.52
2193.34
2192.88
2229.9
1588.7
1695.82
2160.55
2172.41
1656
1598.51
1740.6
2305
2295.15
1539.75
1738.82
2160.64
1598.35
2164.87
1699.05
1611.56
2199.75
1611.42
1640.03
1643.91
1614.53
1625.42
571.605
983.621
1164.73
950.093
879.31
949.798
955.567
1027.66
1553.97
2369.04
2347.98
1937.92
1905.45
2292.01
1972.87
2224.21
1760.29
2270.04
2247.08
1812.99
1937.76
2202.77
1913.73
2101.75
1130.62
1515.55
1415.63
1243
1251.46
1407.7
1272.88
1382.72
1320.87
1498.94
1129.59
1551.39
1367.13
1257.95
1319.48
1270.94
1541.21
1791.41
2214.82
1611.73
1495.95
1739.64
1599.23
1848.19
1477.7
1158.67
1563.28
1457.67
1393.57
1253.59
1467.23
1380.49
1549
1663.93
1759.53
2127.89
1747.54
1725.66
1892.32
1816.03
1535.19
1545.14
883.645
1539.73
1538.3
2545.27
1776.05
2480.03
1578.63
1605.11
1119.45
1583.89
1581.73
2612.66
1804.29
2557.27
281.997
242.173
159.018
394.399
328.479
236.878
312.05
249.672
1548.7
1563.3
987.098
1560.51
1554.84
1728.08
1595.32
1716.69
1548.74
959.094
1543.09
1558.78
1774.41
2178.71
1549.69
1970.24
2502.05
1970.13
713.252
704.984
2432.71
2135.41
667.461
843.712
895.647
1693.25
1670.6
954.963
1051.88
1971.87
1019.99
1809.28
710.521
826.44
1950.63
721.774
761.417
821.153
816.84
930.8
4981.07
6109.74
1041.92
1228.78
3888.05
3474.83
1217.25
1234.64
5499.5
5882.48
773.613
858.011
3837.55
2654.58
1066.87
1024.97
584.258
414.007
234.088
218.898
385.298
344.809
229.156
232.931
369.319
566.109
194.427
48.0578
321.871
441.963
152.505
284.936
4605.23
929.912
1024.65
1116.8
1597.79
1038.79
1341.74
1058.3
3308.56
953.806
639.992
834.856
1437.95
982.615
1086.85
752.333
604.256
469.86
692.76
224.94
564.156
560.427
444.128
504.456
592.035
248.909
602.768
446.593
409.639
396.743
460.403
466.539
2362.17
1368.51
2411.65
2379.03
2705.01
3331.24
2372.68
2956.4
628.769
257.745
449.927
629.552
538.535
360.356
556.882
416.652
2382.35
887.088
2434.7
2385.34
2472.83
2559.09
2380
2499.53
2393.16
1277.56
2385.82
2388.2
2296.83
2314.06
2382.04
2297.92
1209.49
2698.74
2467.34
1210.76
1250.87
2793.81
1312.71
2706.74
842.594
1027.39
655.18
3176
1008.33
1010.36
1209.06
1000.66
2391.1
2386.93
1221.97
2379.63
2396.85
2507.34
2388.92
2381.81
2729.2
2386.48
1065.97
771.723
2566.22
2492.36
1013.87
1097.05
721.143
813.619
683.349
1017.02
780.683
752.414
859.545
870.833
1485.41
2474.24
1181.16
1904.72
2014.66
2047.52
1824.3
1790.31
591.755
482.988
470.827
611.963
540.046
510.043
541.682
517.502
1370.8
1808.76
1132.53
1769.35
1616.65
1637.17
1621.9
1640.49
1096.55
706.019
1252.16
1721.94
1202.91
1055.28
1419.3
1249.33
1092.61
1746.57
887.281
693.853
1204.54
1573.08
757.717
930.415
698.344
1217.42
1652.51
981.367
827.437
1212.42
992.273
1465.57
689.494
978.51
1651.24
774.726
751.57
964.161
829.296
1093.09
629.347
637.295
582.627
315.143
594.277
640.046
429.749
531.023
605.457
474.591
506.068
288.635
490.505
492.607
345.75
421.94
1146.66
1174.24
2729.25
586.935
1355.96
1496.37
1258.53
1318.36
69.2052
92.2461
89.9322
41.815
88.0003
88.9147
51.028
62.9913
582.233
488.257
229.871
245.279
399.057
330.055
349.274
248.24
602.854
251.15
465.092
535.099
486.528
315.808
587.644
445.319
538.13
155.692
145.324
226.658
266.146
205.676
211.918
137.791
571.679
256.153
206.252
472.761
558.216
249.096
439.999
346.101
2079.86
1105.3
2050.93
2079.43
2289.8
2576.01
2072.12
2535.69
534.6
442.777
427.568
685.229
538.573
422.983
631.772
480.16
2027.02
1112.74
2060.96
2029.01
2071.76
1925.16
2024.18
2007.51
2066.16
1347.78
2033.74
2051.62
2025.98
2044.93
2047.1
2035.56
1029.53
2309.39
2130.64
1249.73
1234.07
2409.69
1380.94
2346.29
705.789
923.366
543.043
2024.67
882.104
913.632
1008.35
979.206
2033.55
2060.45
1301.21
2028.91
2039.15
2189.49
2027.64
2098.02
2116.3
1998.48
1181.36
868.968
2078.73
2042.79
1174.94
1322.05
3981.78
4120.05
782.836
459.453
2824.6
2610.1
728.521
865.853
3815.15
4175.1
907.804
727.604
2467.23
1971.89
781.303
936.801
439.946
392.22
425.691
274.574
369.952
379.386
311.461
358.726
99.0806
157.671
106.567
38.5693
78.5003
118.848
60.4511
80.2703
2501.31
684.419
434.862
386.672
653.264
651.93
560.85
471.865
2026.5
389.879
488.122
687.021
734.543
447.882
776.73
511.787
348.558
184.669
222.97
192.585
313.085
298.183
245.72
202.396
396.299
277.12
288.584
341.313
352.381
275.119
332.437
316.559
2050.67
2046.23
1182.06
2057.19
2051.99
1898.18
1971.7
1869.09
2073.81
2111.12
1419.52
2096.13
2091.09
2034.05
2033.7
2040.07
770.646
840.223
358.083
718.586
741.622
691.082
696.771
666.806
2058.34
2069.33
1196.48
2058.85
2057.22
1958.31
2012.07
1921.57
2048.32
1200.03
2056.14
2067.98
1946.47
1866.5
2055.77
1923.06
1912.31
2019.55
1305.41
1179.96
1903.95
1968.28
1239.67
1291.41
1197.93
1991.4
2030.24
1173.04
1245.74
1911.13
1186.28
1934.25
1186.38
1173.73
2001.79
1326.19
1201.12
1192.96
1284.09
1321.64
1040.14
1986.68
360.857
1064.16
899.342
843.668
869.751
620.979
2107.84
4784.24
640.333
4578.02
2232.64
1779.57
2623.78
1360.41
265.929
562.929
149.067
143.991
238.382
257.598
214.795
232.591
2094.84
4769.55
418.941
4829.15
2221.15
1629.09
2694.74
1318.16
1349.16
306.102
1114.49
2104.09
1390.23
591.64
1942.45
773.701
1291.45
1414.01
592.71
287.184
910.291
984.003
570.826
532.306
287.066
1304.22
2611.26
324.657
331.534
768.791
331.015
957.508
266.13
210.567
1217.83
552.757
263.173
241.257
461.435
449.346
1626.76
473.331
3394.01
2222.47
1728.57
1311.64
2404.32
2448.11
275.866
112.985
601.693
352.918
264.063
219.646
468.944
441.675
1830.08
619.288
3294.59
1046.95
1381.27
1222.5
1727.31
1746.8
1973.46
701.76
634.397
479.272
1353.33
1270.25
728.628
564.424
369.087
4429.09
2230.83
672.399
780.18
2140.4
864.266
2009.25
319.498
601.98
653.829
2851.08
724.559
657.31
869.954
720.962
2125.88
2835.51
1222.79
1027.28
2068.16
2561.88
1709.79
1720.4
1846.64
913.449
1107.92
1301.48
1493.94
1644.35
1491.67
1864.91
37.0014
39.9271
120.149
114.575
41.4235
41.6542
65.7259
58.1123
57.0106
135.416
528.103
144.936
73.6242
249.946
149.137
266.625
546.84
601.641
5206.65
5030.8
599.916
630.373
2568.87
1595.64
640.701
393.949
5259.04
5326.13
645.058
514.9
2980.08
1638.19
51.0636
139.623
137.051
137.193
79.5119
75.7683
123.528
122.434
60.3807
153.65
489.447
127.627
100.184
138.509
198.546
244.063
244.875
330.784
238.705
2813.51
502.098
267.761
515.002
356.262
261.588
1470.1
201.771
494.605
449.019
497.473
413.98
456.613
27.8463
72.3201
29.2412
26.4377
32.7077
34.6791
25.8767
27.8581
379.185
2301.3
514.053
352.241
559.035
587.711
297.422
324.282
49.2268
620.198
81.3153
154.187
277.134
275.175
114.928
146.657
26.174
145.363
192.113
67.0177
45.912
65.8467
49.1951
83.4935
94.9959
40.6225
31.3776
98.9746
49.3549
36.1706
47.1581
33.7496
109.944
171.471
655.901
57.3404
68.9158
193.644
144.991
407.882
30.8452
25.7563
177.165
143.34
33.148
29.5512
192.99
66.9955
69.4397
292.907
421.315
1453.13
467.042
431.036
1201.65
2242.51
1473.91
1469.11
1052.69
1167.42
1360.8
1377.41
1224.36
1204.83
1477.07
1541.6
1316.25
1351.08
1435.67
1463.14
1367.08
1373.61
649.706
827.855
368.505
705.388
730.485
733.888
702.043
679.483
1044.54
1172.38
953.762
1052.58
1098.95
1110.86
1041.52
1048.46
1352.39
1057.78
1115
1252.74
1260.73
1153.65
1219.64
1153.51
1388.33
1284.88
1261.34
1082.74
1266.19
1279.06
1124.9
1217.79
987.051
1047.3
1197.98
961.164
993.083
1056.23
1032.16
1115.94
970.827
943.573
1199.73
1118.81
1024.81
1053.46
1142.25
1121.85
1499.77
1083.99
1490.97
1489.41
1434.25
1391.5
1490.81
1401.38
648.868
355.345
821.273
648.274
613.819
662.416
677.574
707.662
1510.61
1356.6
1551.53
1520.6
1457.35
1456.73
1523.08
1505.91
1496.17
1146.87
1507.52
1503.65
1442.63
1419.03
1505.06
1450.09
1084.57
1411.02
1415.41
1106.2
1151.84
1360.38
1140.85
1380.84
1088.51
1135
1254.88
1391.74
1120.58
1120.41
1156.68
1190.96
1500.34
1497.33
1159.86
1509.31
1499.96
1409.84
1440.83
1398.52
1423.54
1454.73
1190.79
1324.16
1407.09
1426.49
1253.18
1250.87
46.9825
194.415
51.3271
145.579
80.2842
82.1604
115.32
113.976
522.02
4937.55
709.365
4852.76
2096.79
1181.82
2023.07
1449.6
33.272
131.591
26.3434
118.756
41.5817
31.5522
47.7578
36.8175
637.605
4992.53
981.056
5127.08
2431.76
1467.88
2355.21
1730.16
381.96
97.3878
366.559
2285.76
439.252
203.429
615.149
381.844
298.89
1346.65
167.365
50.6164
408.023
443.256
178.747
272.545
111.896
426.405
2172.88
348.943
242.567
458.265
323.627
495.383
62.5585
257.621
1608.67
253.271
75.6927
189.567
278.758
839.013
32.5375
28.0033
108.616
26.4435
31.5013
36.4067
38.0891
53.4406
24.3573
23.9046
51.6323
24.1667
24.3007
25.6896
27.6715
30.3063
317.867
203.357
2169.51
276.926
271.606
311.976
534.739
565.783
25.7848
25.7751
59.1485
25.3292
25.6136
28.1955
27.8228
33.1203
25.4557
76.9551
25.7332
23.711
30.655
39.406
24.5083
26.8325
27.0099
25.3184
61.6874
91.5328
34.2733
31.9567
62.0741
51.7556
91.4816
30.5818
30.0027
93.3575
56.0424
33.4883
49.2164
32.9686
129.234
126.951
34.3239
96.4804
104.952
66.0895
79.6735
51.6997
363.141
105.336
628.339
455.952
342.247
308.361
518.13
519.858
48.2693
26.907
151.415
118.127
49.5117
40.8725
94.1822
90.7722
1345.27
606.368
3942.73
3903.15
1576.91
1367.99
2512.9
2549.39
1418.36
872.954
3953.85
4102.67
1616.97
1427.64
2719.41
2753.41
98.3955
633.02
403.186
309.432
251.205
429.345
293.308
371.951
83.1294
261.888
230.979
545.108
243.78
201.865
282.132
276.804
1107.25
1077.91
544.917
2638.74
1422.48
1119.51
1626.61
981.965
1136.24
2658.47
492.439
408.373
1018.07
1444.12
423.945
740.481
396.447
597.175
83.4582
352.08
419.319
442.385
334.688
381.857
819.617
2132.36
253.34
470.92
763.285
916.746
589.646
584.68
36.186
87.1074
25.5199
28.3894
38.9006
46.0021
31.8125
39.8926
264.236
274.479
27.5796
81.9555
239.069
209.519
78.5858
89.9631
556.905
80.2191
330.866
503.477
523.851
346.652
574.027
359.474
570.064
491.114
186.747
86.3111
470.291
526.059
222.019
224.873
52.6311
237.938
345.644
31.5552
52.7286
241.009
45.5655
198.545
72.71
39.541
373.309
137.502
70.4752
53.299
99.4692
76.0343
1274.52
1638.07
1460.52
1393.8
1517.44
1612.46
1496.25
1510.85
1611.55
3263.84
3211.76
2003.98
2145.38
3066.38
2410
2857.04
1513.11
2928.04
2561.26
1695.95
1833.78
2545.99
1872.73
2245.66
1181.46
1394.16
1326.68
1123.19
1233.37
1354.88
1220.12
1334.65
1523.12
1443.47
1278.47
1565.85
1513.44
1448.71
1373.57
1312.98
1582.93
1967.23
2800.33
1550.58
1645.32
2288.56
1598.1
2127.68
1387.72
1227.08
1609.71
1495.06
1293.96
1303.29
1512.87
1500.49
1624.91
1739.33
1876.55
2557.31
1991.71
1788.54
2106.25
1924.16
1285.32
1580.05
1572.57
1422.64
1365.02
1506.12
1379.86
1407.1
1408.47
4514.32
4544.72
4531.54
2028.83
3037.21
2349.93
4540.92
1747.92
4593.12
4676.18
4652.32
2648.54
3221.29
2926.3
4633.61
2081.84
4570.28
4639.57
4667.18
2869.28
3252.38
3068.05
4623.68
1438.11
1508.31
1677.32
2198.62
1539.09
1539.86
1673.89
1663.88
1443.32
2743.62
3237.94
1595.53
1540.26
2268.48
1595.8
2511.1
1577.39
1799.53
2836.46
2810.81
1792.08
1838.86
2542.45
2601.2
1717.14
4609.71
4550
4570.26
2573.76
3057.01
2961.57
4564.12
9673.7
9710.5
3879.1
9709.93
9706.61
6195.23
7997.77
5974.59
9779.74
10110
3337.98
9938.04
9919.58
5961.68
7749.81
5765.84
3012.09
2763.83
2683.97
2758.71
2868.87
2654.51
2753.13
2625.72
9716.23
9827.23
3719.17
9723.65
9745.47
7731.2
8210.99
7067.25
9730.09
3946.62
9726.33
9800.41
7755.63
6669.11
9719.1
7409.05
6417.9
7564.86
2993.7
3525.33
6160.11
6883.52
4270.71
3893.52
3690.61
8465.83
8213.21
3733.12
3983.48
7229.34
4010.67
7230.71
3425.11
3396.34
7206.84
2916.99
3407.66
3467.99
3496.78
3529.73
6031.63
3017.74
6853.28
3235.68
3684.08
3764.53
4748.05
4480.19
2330.1
9745.95
9801.81
9747.58
4356.33
6083
7782.51
9766.7
6724.92
9833.9
9920.83
9922.81
7295.77
7635.8
9144.13
9902.25
2756.24
9749.57
9880.44
9814.78
5043.36
6313.84
8515.11
9820.08
2571.45
3789.42
2773.11
4450.46
2749.58
2873.09
2685.14
2771.84
2566.84
6136.82
7016.49
3942.69
2751.75
5443.64
3300.57
6210.81
4867.07
2984.73
7736.42
8881.21
3395.67
2958.3
6768.99
5766.38
4666.86
9878.18
9768.08
9811.23
6963.07
7440.31
8401.8
9811.25
9892
6914.83
9757.84
9852.67
7458.42
7010.58
9869.37
7683.17
6206.32
5222.44
2980.7
2844.39
3512.07
3165.87
2995.06
2998.77
9770.92
3352.55
9838.38
9906.27
7679.09
5907.53
9904.78
5316.97
9765.33
3277.73
9799.5
9746.87
7509.19
6211.14
9762.25
5984.75
4409.02
7769.73
7409.73
3301.55
3925.79
6487.17
3790.19
6917.61
4120.67
3312.38
3664.62
7141.71
3926.79
3595.69
4134
3863.41
9740.39
9790.68
3487.54
9811.68
9738.43
7328.25
7588.84
5926.42
7066.76
5619.33
3361.9
3521.8
5697.79
6095.07
3846.87
3666.13
9607.48
2561.56
9587.66
9612.71
5582.3
5715.61
9625.81
6927.65
2413.85
5869.86
6229.46
2636.12
2508.55
2873.63
2652.35
3401.18
9652.7
6572.66
9809.5
9755.17
7371.77
6809.9
9768.83
7419.57
9624.67
3090.92
9690.3
9663.14
5345.99
5671.24
9670.24
7380.89
2766.61
6578.11
5172.43
2926.18
3032.91
5144.7
2984.05
5579.04
2921.91
2905.71
3761.4
6505.71
3166.14
3033.61
3449.38
3347.2
9626.41
9635.6
3151.8
9704.32
9623.89
7075.2
6812.27
5289.06
7140.12
7211.14
3010.77
3977.21
6008.78
6513.74
3401.46
3319.09
9720.33
9714.46
6612.31
9792.48
9736.65
7372.4
8817.99
7156.98
9687.3
9650.84
2771.07
9669.97
9675.5
6265.88
7985.1
5033.35
6699.07
3052.35
5317.69
2835.29
4392.02
3801.04
4718.32
3562.1
9847.82
9735.14
3293.49
9815.27
9812.92
7604.5
8799.51
6769.74
9714.29
4761.62
9796.5
9735.49
8161.46
7221.08
9744.5
7868.98
7214.32
7209.45
3035.97
4117.93
6871.32
6696
3767.17
3304.24
4870.87
8836.36
8100.47
3320.11
3542.92
7498.84
3464.25
6989.64
3945.27
3157.18
6126.73
2957.92
3215.96
3285.17
3192.02
3306.03
2686.27
2674.77
2046.76
2187.08
2499.24
2491.82
2303.55
2271.95
2804.24
2802.32
5790.61
3059.95
3111.18
3333.25
3149.64
3480.51
2363.99
5233.68
4858.86
2849.88
2960.15
3959.63
3089.15
3832.58
1947.14
2441.86
2183.74
1838.82
2057.24
2262.08
1965.24
2085.34
2632.47
2245.17
2155.29
2585.91
2504.29
2303.32
2382.73
2263.61
2703.99
2831.45
4421.64
2528.26
2537.13
2832.4
2730.8
3421.74
2194.28
2051.3
2558.05
2348.95
2049.23
2119.52
2379.93
2320.04
2355.77
2602.93
2721.85
4057.89
2817.47
2801.23
3453.11
3186.95
5310
6051.23
2545.66
2968.79
4399.89
3768.75
2886.56
2904.2
6546.76
2767.15
2747.76
2749.89
4599.15
3827.85
2859.19
2752.35
2162.43
2706.13
2663.41
2670.51
2520.24
2523.24
2485.84
2667.3
2754.27
2724.87
2678.63
2671.42
2866.25
2824.03
2638.08
2678.26
4908.91
2726.04
3254.8
3425.71
3406.34
3037.83
3583.09
3132.3
4141.41
3178.98
2798.57
2571.07
3315.04
3114.43
2891.31
2885.13
2406.95
2668.39
2767.89
2542.49
2502.13
2710.64
2682.41
2785.8
2438.77
2678.14
2733.38
2722.6
2596.53
2656.58
2664.34
2725.74
2472.13
2472.02
1821.88
2054.85
2295.6
2302.2
2139.33
2117.44
2628.43
2782.99
6017.98
3306.82
3249.3
3378.16
3474.34
4089.53
1836.25
5837.6
4959.23
2818.45
2780.31
3750.05
2950.27
3574.54
1720.75
2318.06
2075.53
1543.94
1770.88
2000.63
1684.3
1853.74
2458.47
1918.43
1941.25
2573.74
2324.6
2073.11
2184.64
2031.94
2550.63
2884.75
4198.95
2096.93
2380.62
2917.65
2248.26
3271.9
1872.15
1814.69
2513.73
2261.05
1770.23
1856.93
2242.49
2082.15
1990.34
2554.29
2781.67
4150.93
2739.46
2722.77
3465.2
3220.67
2573.84
1904.46
2598.13
2569.81
2278.4
2326.84
2575.49
2502.51
1876.51
5402.21
6434.31
2138.48
1996.84
2827.57
2138.08
3800.4
2666.46
6618.4
2781.93
2700.95
2736.32
3814.73
2706.81
4949.71
2581.53
2561.44
2665.24
2617.29
2715.03
2837.11
2621.45
3106.74
2046.33
2576.16
2438.41
2294.25
2248.91
2497.43
2217.16
2492.02
2138.53
2330.58
3598.01
2639.65
2299.38
2339.71
2378.9
2565.85
2622.47
2587.18
2512.72
2670.95
2618.54
2597.91
2654.62
2776.33
2746.94
3250.42
2482.85
4731.22
2822.94
2884.03
2795.05
2843.2
2676.02
2789.36
2739.28
2623.73
2727.44
2792.72
2664.02
2703.87
3269.58
9998.2
9742.33
9864.27
5923.84
6220.82
7740.71
9848.92
3838.78
9668.07
9664.28
9702.82
6779.29
6247.95
8186.06
9696.43
3265.69
9753.45
9670.08
9705.17
6495.96
7163.63
8025.36
9702.54
3082.83
3462.31
3243.92
6600.88
3438.52
3403.55
3391.06
3377.62
3110.71
7375.51
6553.55
3546.34
3729.62
6707.35
4033.9
6460.84
3641.38
3304.68
8006.65
7832.82
3591.83
3442.79
6490.62
6433.69
3815.9
9692.04
9753.8
9702.66
6834.96
7439.58
7828.87
9702.02
2818.69
2932.14
2824.17
3138.23
2986.77
3003.74
2994.56
2941.24
3646.07
9640.35
9706.1
9664.74
6212.18
6125.45
8263.56
9697.48
3309.66
9762.65
9909.84
9951.14
5160.46
5275.97
8414.9
9923.33
3540.48
9660.32
9895.88
9802.93
6289.58
7125.83
8235.4
9843.9
3576.31
3172.71
3647.7
7210.98
4206.36
3503.34
4197.1
3683.11
3563.8
7411.77
6100.03
3272.52
4384.03
6696.28
4020.72
6327.69
3491.34
3572.65
8205.13
8720.16
3566
3621.18
6510.68
6792.03
3612
9922.48
9703.34
9764.3
6078.17
6944.39
8354.07
9754.32
9689.8
9706.92
3490.99
9686.86
9702.41
6091.62
7695.63
5784.22
9785.91
10037.4
3512.08
9887.94
9884.69
6319.76
7812.99
6162.8
2901.87
2748.42
2700.35
2702.3
2780.19
2645.08
2689.18
2644.71
9672.17
9778.51
3435.43
9671.02
9682.67
7556.13
8059.91
6936.35
9725.21
3474.85
9688.86
9782.81
7619.21
6470.04
9713.35
7219.04
6232.51
7360.22
3019.97
3241.06
5977.27
6701.26
3907.13
3630.78
3316.31
8066.76
8142.56
3342.05
3424.41
6725.28
3523.01
7013.94
3185.32
3213.27
6864.11
2947.23
3260.72
3286.95
3333.26
3371.41
2891.11
2701.04
5238.64
2796.59
2830.49
3148
2905.81
3105.13
2669.82
2633.68
1285.72
2644.22
2650.65
2799.47
2690.58
2782.56
4855.8
1666.04
4695.88
3327.37
3969.5
1982.24
3521.32
2037.4
2717.18
2648.67
2825.94
2684.88
2690.71
2644.99
2651.12
2617.1
2675.83
4352.24
2742.87
2652.54
2695.94
2909.96
2666.78
2798.34
2754.09
2657.29
1139.52
2287.45
2769.4
2695.17
2007.58
1927.45
3877.87
2717.18
2629.59
2835.73
3758.35
2770.29
3141.76
2668.74
2407.99
2099.06
2618.37
1174.51
2191.51
2100.34
1800.21
1905.22
5013.07
1705.43
5198.34
942.092
2310.99
2069.27
2347.78
1997.24
1107.02
5204.02
5201.41
874.787
1024.4
2810.66
988.738
3040.09
5479.07
5468.09
7067.07
1708.67
2782.08
3364.3
2865.07
3429.9
357.055
412.015
726.299
67.075
368.915
488.813
230.921
460.247
973.233
2805.5
664.663
656.936
963.086
1213.97
803.767
855.34
1072.7
848.309
2750.02
2357.37
1116.39
989.153
1951.17
1449.5
2898.39
574.4
600.932
1066.25
1470.8
919.699
1110.83
748.034
2235.42
1247.78
866.928
3025
1465.59
1220.2
1423.66
1254.93
6971.69
5327.67
5401.63
1943.1
3826.57
3477.11
2982.42
2940.22
5229.53
4838.41
1278.74
1140.5
2938.59
2484.91
1298.61
1413.69
5232.32
1597.7
5078.64
963.593
1848.36
2008.68
2413.06
2367.98
999.01
721.099
370.729
89.8476
799.195
816.423
271.72
453.746
3524.32
2281.07
1574.37
1271.3
1818.4
1682.6
1691.34
1458.31
3027.31
1192.82
1142.74
2379.31
1849.41
1266.46
2137.17
1201.78
2752.29
1109.04
848.063
601.148
1240.26
1098.95
906.828
911.167
2653.26
707.728
906.039
1029.41
1090.25
864.665
1029.48
984.586
2862.01
5190.21
2664.42
2751.74
3286.08
3426.45
2743.22
3359.8
5014.61
4792.53
1552.61
3446.78
4188.6
2051.04
3528.17
1947.06
2636.11
1484.39
2608.82
2624.72
2970.31
2456.18
2616.59
2673.41
2712.58
2743.6
2650.32
2691.37
2879.82
3043.21
2685.43
2868.06
4535.96
3138.35
3053.43
3228.9
3795.21
3364.84
3716.89
3400.93
2391.08
2236.99
1156.31
2998.61
2352.26
2237.33
2249.89
2023.62
2635.77
2704.84
2766.76
2643.66
2644.59
3229.74
2963.65
3105.87
3094.77
2910.48
2181.91
1275.93
3044.67
3029.14
1938.97
2079.02
3863.2
1295.79
214.788
3469.99
3277.63
1554.02
1622.02
634.834
646.024
360.319
112.025
403.382
485.946
329.109
218.608
150.416
63.6873
45.3156
23.937
53.5483
65.1536
41.5394
38.3201
28.7027
3537.93
1353.51
416.608
4042.53
3072.27
1673.96
1986.89
1091.81
1145.9
219.518
2883.78
917.249
521.409
470.074
1062.03
1277.14
655.398
459.565
102.604
137.919
273.592
207.803
158.102
143.76
192.902
1653.37
555.702
264.776
286.541
658.114
285.42
516.155
92.9859
139.61
280.945
64.2768
87.0216
190.137
103.911
172.993
23.7666
36.7177
50.0986
24.9603
27.4403
32.2875
26.4949
33.7116
95.1779
404.951
560.09
274.938
240.143
339.216
292.216
412.2
165.104
628.478
2172.1
312.392
392.725
553.144
375.336
652.01
27.0074
158.765
213.141
88.1942
56.2603
118.008
75.9854
208.666
52.2796
59.5156
28.9881
150.104
45.6275
37.8293
40.3199
33.6309
69.3933
221.791
466.339
80.3199
69.026
267.615
141.047
372.383
49.7091
28.0393
168.39
180.562
44.5684
35.3914
184.1
122.11
79.9607
307.862
284.054
484.986
356.539
289.64
401.707
407.658
23.5606
25.8621
52.3927
52.9566
26.2093
25.7642
30.8807
32.1273
32.7512
38.895
83.0143
125.252
50.0479
41.6735
77.3305
71.5228
214.649
390.857
4913.14
4592.72
419.028
385.96
1614.05
2229.98
405.224
564.613
4631.49
5133.37
562.658
534.125
1978.79
2753.9
32.1537
74.4432
100.326
185.923
46.5773
54.1153
90.0678
86.4505
31.7043
140.16
85.6947
70.1438
51.0543
102.637
66.5921
103.835
115.241
204.948
339.005
1659.48
279.363
222.713
500.107
360.951
123.255
2294.15
359.469
198.369
224.346
415.9
199.634
447.965
2190.22
284.943
87.9551
207.502
868.737
313.472
363.587
88.8422
55.9315
29.3654
25.0867
26.1133
37.608
31.3835
29.8323
25.3511
36.6947
23.5621
22.7452
23.6187
28.6579
24.3141
24.2371
23.1514
49.0918
25.0478
23.8529
26.7992
32.316
26.5391
31.5758
24.154
89.7498
67.9174
76.1689
35.4835
55.8747
60.0896
45.4698
51.2903
59.6237
28.1504
27.1179
57.6127
35.1617
31.1116
39.3285
31.7157
42.4376
67.7552
27.2047
24.5793
34.5431
35.0044
28.5612
27.5409
39.0736
23.3634
24.4935
24.323
27.9676
25.7804
27.0523
24.5196
3576.64
1790.09
3278.12
2366.48
2954.66
3040.51
2800.92
2853.55
1225.36
1054.15
1095.92
1153.05
1153.4
1143.01
1120.52
1100.5
2699.13
1283.36
2391.17
1635.54
2153.63
1943.35
1943.98
1792.03
1846.89
1378.54
1634.5
1555.77
1746.96
1739.3
1674.01
1651.24
1624.83
2735.52
2115.85
1487.93
1566.62
2551.84
1532.81
2181.68
1636.59
1447.18
1397.9
2514.3
1565.69
1495.76
1643.14
1524.45
2494.13
2015.05
1450.66
1796.25
2054.7
2035.57
1918.7
1935.88
2315.85
1674.71
1415.2
1351.72
1980.06
1744.28
1442.88
1364.29
4767.85
4626.04
2009.68
4693.08
4718.15
3674.52
2961.28
2779.56
4549.46
4515.65
1373.53
4509.14
4534.04
2865.21
2492.33
1998.35
1331.53
1203.59
1126.3
1375.95
1343.59
1259.43
1210.37
1152.89
4685.37
4579.99
1981.98
4702.7
4658.39
3446.31
2863.58
2740.16
4588.15
2045.46
4653.43
4556.36
3185.33
2883
4592.42
3350.33
3191.22
2730.19
1488.35
1816.76
2705.69
2358.14
1831.83
1669.33
1594.11
2893.94
2971.37
1627.64
1884.53
2738.97
2025.98
2819.12
1500.95
1545.25
2453.3
1391.72
1563.29
1794.88
1509.76
1709.78
1235.22
1845.54
346.463
1129.71
970.386
690.518
954.537
521.597
2260.55
4850.63
905.231
5011.06
2444.97
2035.54
2829.29
1762.37
242.373
589.628
132.448
178.637
261.905
271.734
240.094
239.251
2234.98
5033.87
532.461
5365.2
2462.71
1657.72
2993.94
1468.05
1281.41
333.824
1166.22
2246.2
1278.9
537.277
1999.21
789.11
1229.82
1530.68
645.196
314.302
902.9
1007.36
632.068
592.438
331.868
1382.43
2757.54
423.647
405.775
781.949
441.528
990.645
303.576
331.003
1418.52
593.894
340.178
383.493
557.326
576.564
1379.42
422.28
3314.73
2278.78
1273.35
911.834
2270.04
2181.42
263.059
99.2634
648.545
316.791
266.848
218.197
482.167
465.267
2006.48
771.953
3104.17
1004.9
1597.44
1398.53
1637.01
1639.72
1992.31
711.331
726.105
513.28
1415.53
1329.24
806.037
633.755
392.044
4318.75
2313.79
713.563
802.297
1728.4
1004.75
2152.22
336.492
631.634
754.552
2723.41
791.026
722.138
966.884
865.473
2427
2756
1355.61
1145.26
2350.73
2589.56
2025.11
1840.98
2118.04
963.646
1244.67
1592.35
1830.07
1969.05
1897.47
2201.84
56.0576
51.4523
275.7
202.123
68.0507
71.5229
146.604
121.082
59.4386
132.422
612.256
177.034
88.0087
289.34
156.418
298.588
1043.69
893.233
5362.48
5555.23
1102.75
1333.21
3073.49
2185.27
842.076
513.47
5618.71
6009.75
852.441
657.9
3432.1
1902.83
81.781
330.138
225.1
310.068
133.973
153.612
209.812
202.944
78.0443
293.392
539.552
431.031
162.73
183.852
308.782
332.069
544.951
487.458
393.854
3145.06
800.384
413.946
814.491
486.631
565.433
1771.1
375.491
544.379
679.6
741.612
477.705
579.18
37.9237
197.229
31.8877
26.5433
66.7369
64.5219
26.3279
29.1244
856.458
2355.31
569.854
388.204
1444.94
1451.97
357.247
452.055
50.4283
681.392
81.1334
147.778
307.281
297.876
115.37
158.341
25.628
186.444
188.484
69.7012
51.382
78.2124
54.0074
90.3813
438.364
45.425
39.6991
161.296
86.6587
46.7893
88.0319
43.4616
442.62
225.572
662.601
63.4796
113.285
259.544
170.092
471.758
31.9107
25.6012
230.864
137.457
35.5525
31.9392
225.226
88.8259
70.5874
285.042
547.147
1463.87
535.156
486.085
1254.03
2529.66
4916.03
1054.05
565.409
4632.58
2611.96
1050.74
2066.45
1065.93
263.144
41.3878
40.0747
132.307
93.8342
45.7102
96.985
65.9718
70.5616
28.2069
24.5258
97.4042
45.6118
27.7782
42.9202
30.4696
4735.43
605.89
417.895
4969.4
3133.62
560.037
2322.39
604.642
479.23
243.567
2543.34
390.944
448.178
476.408
614.544
595.697
260.01
149.179
38.0858
121.01
290.336
124.584
137.943
66.1463
201.368
1914.38
355.307
247.703
353.199
629.837
264.871
391.519
125.28
161.665
242.534
40.3371
84.3553
144.871
65.6085
146.656
22.9427
23.7797
35.3286
23.579
23.4733
25.3116
24.9118
27.3654
26.4645
33.2334
226.293
27.485
24.4931
35.7476
30.4361
83.7209
225.756
1009.22
2564.45
330.927
238.064
1036.62
422.765
2049.69
24.4628
26.5812
48.2583
25.5965
25.0969
29.5636
28.9507
36.8805
24.8051
35.148
23.5068
24.6078
26.4334
26.7053
24.7213
25.7518
28.7412
29.5261
219.269
72.2228
32.6264
31.9554
50.4545
50.1816
51.3423
26.0575
29.6876
69.7929
38.9106
30.6857
46.8797
31.1438
170.703
231.23
44.3271
668.518
176.928
123.223
167.046
112.632
23.838
33.0571
73.4177
99.4799
26.4034
30.9284
56.5738
69.8387
72.4045
131.925
209.963
182.307
97.1776
135.956
179.762
227.681
443.343
690.699
3367.8
3333.69
522.137
1013.07
2013.75
3097.54
413.244
944.392
3405.77
3629.13
990.822
1187.54
2232.81
3144.73
39.4973
84.4581
158.868
138.646
90.7843
80.3942
114.809
125.785
67.3672
172.763
268.875
139.12
128.069
152.626
126.484
173.57
215.611
293.834
518.896
1932.14
304.977
322.976
397.374
417.544
414.671
3014.8
517.02
704.726
467.342
558.485
490.709
530.115
1760.88
321.877
244.192
333.129
431.86
404.896
401.853
370.489
136.547
122.909
65.9366
85.1251
102.404
103.456
90.1617
91.4859
43.6963
29.7578
22.9414
24.1088
29.2205
27.1818
25.0918
24.1213
52.4425
39.3996
24.886
27.373
34.5754
34.6846
30.2858
29.3995
140.58
87.394
103.653
53.6726
129.105
147.171
99.9295
88.1843
141.163
59.0228
51.3428
73.5731
121.887
82.6405
81.7333
48.8423
55.1486
75.6356
48.3531
27.0099
42.6597
63.3527
31.1845
40.1118
48.0444
25.4563
48.6082
41.6404
32.605
28.1575
42.3293
38.6142
1270.19
1542.46
1592.62
1229.45
1335.35
1507.32
1341.77
1461.53
2085.59
3380.9
3229.82
2174.29
2403.22
3330.14
2460.06
3084.17
1880.09
2533.93
2160.7
1610.38
1831.2
2397.79
1757.59
2183.42
1191.36
1587.88
1382.48
1250.1
1348.84
1527.6
1327.9
1453.12
1631.15
1599.93
1285.15
1703.97
1656.27
1543.72
1488.87
1472.15
1939.89
2101.26
2966.6
1864.51
1853.27
2227.9
1961.03
2153.47
1586.1
1287.96
1710.5
1477.87
1450.97
1412.92
1521.49
1576.91
1773.41
1686.78
1986.56
2630.55
1875.98
1792.53
2081.87
1911.8
4592.31
4615.94
2232.34
4579.68
4600.13
3054.33
2222.93
2442.36
4712.42
4782.58
2363.41
4737.99
4738.24
3752.79
4385.55
3236.58
1743.98
1616.73
1359.07
1694.91
1762.53
1526.75
1628.07
1502.93
4586.95
4801.21
2582.68
4826.06
4785.87
4021.66
4817.66
3371.17
4640.41
2293.12
4605.05
4688.41
2800.03
2809.61
4570.67
3098.53
3411.86
3651.05
1923.21
1923.11
2722.35
3244.21
2259.07
2353.62
2621.88
3439.79
4422.44
2418.86
2922.73
3455.21
2797.77
3723.47
1941.3
1943.17
3172.93
1812.46
2031.33
2106.3
2202.68
2360.91
4792.76
1035.56
564.081
4497.31
2601.33
1031.35
2049.43
1040.26
268.48
41.8607
34.965
120.553
84.4145
45.6478
85.9709
57.1481
66.9454
27.507
24.4829
59.3125
40.006
27.9033
37.3666
28.3713
4577.84
590.488
375.822
4745.7
3001.4
553.01
2256.64
565.885
476.408
246.667
2498.61
364.618
442.42
476.629
598.193
583.243
265.785
139.533
34.3244
120.92
293.513
110.924
142.025
61.0796
199.195
1885.86
338.912
188.543
336.233
615.249
217.005
404.708
121.912
102.981
189.446
34.5449
65.3944
93.1579
54.3381
102.759
23.2048
24.0079
35.8252
24.2089
23.6846
25.9698
24.6414
27.7408
25.6615
32.0255
233.703
27.5644
24.7419
38.7165
30.6269
88.8706
227.209
986.514
2558.23
333.311
231.314
1020.12
441.083
2023.76
25.2086
27.0017
51.3032
25.3317
25.9926
31.1544
27.9861
36.8289
24.8695
37.519
24.9166
25.3163
26.0551
27.5623
25.0659
27.2435
28.8688
30.5685
238.493
76.621
34.444
33.651
54.2118
58.1268
62.314
26.9781
30.8173
69.7451
47.5434
34.8242
49.9325
33.2543
174.605
219.906
45.1026
642.187
164.706
121.69
155.9
110.27
24.3883
42.2611
68.8263
60.9027
27.0761
37.3025
47.479
80.6555
128.644
200.364
330.978
381.163
185.993
214.171
322.356
344.172
436.238
712.661
3324.63
3327.3
839.613
980.992
2181.22
3105.23
335.213
942.514
3378.55
3485.42
1111.07
1178.56
2365.85
3155.72
83.7755
121.495
93.1966
246.555
135.616
108.893
144.081
143.486
135.749
418.936
372.824
228.689
201.733
298.755
196.1
352.365
237.332
228.909
579.772
2075.01
295.987
299.654
705.994
552.724
441.366
3080.68
842.027
720.504
682.65
975.813
710.909
849.267
1866.28
445.637
286.252
354.598
495.581
460.442
413.718
406.593
270.933
183.86
105.828
145.127
181.754
172.092
154.011
159.619
48.9237
37.0674
23.5148
24.8493
31.8882
30.5756
25.2028
24.8771
65.0766
57.2788
28.0803
29.3831
42.587
41.6938
32.6117
33.2093
261.01
169.58
147.838
93.9304
186.422
189.144
177.188
140.823
233.439
97.8794
85.4929
140.103
193.618
144.7
151.848
86.6919
89.6885
91.3681
64.4293
30.7777
69.8728
101.552
47.8719
51.9024
91.9668
30.6858
68.1941
61.6988
47.7386
40.0644
54.2887
48.0964
1122.11
971.904
961.807
916.311
998.676
1055.82
942.15
965.998
672.504
506.326
487.38
667.919
595.874
542.802
637.833
506.105
763.908
383.569
369.812
734.007
756.555
410.198
742.15
446.52
946.581
824.224
936.795
990.72
881.806
872.348
988.361
913.844
934.495
953.017
882.206
803.624
905.687
935.733
886.053
904.735
772.696
711.87
507.68
712.89
807.848
715.107
686.06
628.346
951.014
949.276
821.273
927.813
947.492
922.057
922.745
900.312
841.249
764.29
730.471
448.651
799.715
800.445
705.947
741.535
253.374
319.802
703.877
571.382
338.955
386.82
600.912
642.642
441.291
495.496
655.318
745.303
510.295
526.145
694.664
651.017
917.835
887.341
1142.01
1357.87
1012.93
1049.68
1258.93
1176.16
918.421
1172.41
1439.18
1765.8
1283.01
1233.18
1586.16
1454.71
433.931
692.803
660.674
798.296
645.973
678.286
631.894
679.403
469.985
785.61
722.956
686.108
648.022
759.471
678.087
768.882
924.922
898.114
1076.65
1358.6
931.074
882.816
1163.5
1176.53
881.472
1304.82
989.041
836.968
1022.65
1097.9
914.839
992.104
427.93
838.133
830.701
738.512
694.755
767.535
743.689
819.63
1347.5
2143.83
1642.83
1684.49
1717.08
1978.06
1742.62
1909.71
963.658
1251.18
1185.86
957.515
986.053
1120.54
968.47
1067.75
977.038
1342.34
1013.85
1079.79
1083.59
1248.56
1086.42
1193.88
1150.95
988.063
951.572
1349.71
1165.57
1051.81
1135.92
1068.84
1269.13
1537.42
1352.55
1036.3
1235.95
1495.4
1105.9
1234.44
993.351
973.852
1364.26
1016.06
983.156
1050.64
1039.71
1227.46
1045.59
1059.45
1481.45
1306.58
1080.94
1106.07
1219.66
1238
1252.74
1275.39
973.66
1432.43
1278
1113.37
1305.62
1139.14
1669.38
2092.94
1385.73
1994.66
1806.43
1924.38
1829.69
1931.21
826.364
854.385
401.993
781.358
783.497
720.875
767.891
695.32
1656.88
1915.14
1171.18
1965.13
1739.87
1641.65
1795.8
1701.3
1335.4
1000.3
1483.38
1663.91
1382.92
1213.28
1530.07
1302.44
1300.98
1682.01
1230.87
1003.49
1346.48
1493.1
1127.07
1165.18
1018.02
1535.48
1724.96
1097.21
1046.83
1344.73
1075.75
1483.1
1011.36
1132.18
1719.68
1251.88
1080.32
1119.91
1173.34
1208.74
2055.95
2082
1393.76
1493.16
1965.04
1921.6
1651.55
1634.19
2081.72
2186.58
1357.46
1460.43
1975.26
1956.19
1608.01
1675.89
831.616
823.518
453.396
719.692
839.826
730.914
773.002
708.88
1125.83
1148.73
903.565
900.539
1080.88
1119.26
956.039
992.939
1955.4
1352.21
1406.96
1405.23
1601.34
1488.33
1487.6
1407.88
1766.37
1310.55
1303.97
1403.2
1507.39
1375.07
1339.4
1287.3
1215.82
1211.8
1211.47
972.164
1124.43
1223.27
1078.49
1147.29
1296.55
975.998
1169.16
1184.44
1179.54
1139.42
1203.48
1153.25
2346.24
1469.85
2317.02
2346.56
2106.93
2019.46
2347.84
2086.68
847.644
484.163
851.601
773.334
742.04
726.841
825.884
730.076
2312.81
1421.5
2328.3
2321.43
2105.98
2058.14
2324.6
2140.34
2335.4
1438.26
2325.34
2338.44
2141.14
2087.7
2339.78
2179.62
1480.71
1998.55
2018.41
1386.94
1533
1916.74
1529.23
1986.91
1426.99
1338.46
1346.57
1925.53
1421.42
1335.36
1393.63
1389.25
2314.81
2334.88
1448.33
2327.32
2318.38
2106.81
2081.75
2029.44
2071.79
2175.72
1333.82
1361.79
2010
2069.09
1448.79
1426.66
29.174
41.9454
28.9959
59.5465
33.7876
35.4373
39.6522
43.4061
94.2095
163.559
123.494
230.523
118.012
119.649
136.188
148.103
32.2033
54.0001
28.4575
76.0546
41.7146
39.8071
50.3977
53.2097
336.196
398.201
312.975
2547.68
472.289
364.342
521.995
544.154
60.4849
37.1642
87.4533
238.136
107.173
95.1891
175.829
146.895
65.0174
206.799
68.9624
39.3004
91.5163
98.7067
45.8364
72.4469
43.2427
145.35
257.318
182.127
78.1412
161.523
134.991
171.426
45.425
193.778
280.961
106.386
58.3705
107.804
82.2882
159.423
25.2318
43.9318
26.2462
24.183
26.3667
29.1161
24.5408
27.5507
75.0562
116.524
64.7857
44.4972
77.7222
85.6491
54.5458
77.9607
26.3884
33.1347
25.1551
24.1507
26.8377
29.1751
24.0012
27.3823
23.1021
24.1644
22.9335
22.5471
23.1053
23.4528
22.5771
23.0377
37.0954
26.608
24.0677
31.0383
30.4492
27.8571
26.7098
24.6627
44.3765
33.6381
42.4677
29.3249
40.172
40.6381
35.4227
33.7246
24.7174
23.1633
25.8862
22.965
24.1361
24.1931
23.5426
24.4113
28.354
24.0606
29.6018
36.9862
28.8873
24.4742
30.0679
27.6757
2953.24
2677.6
5526.33
2825.91
2868.43
3547.42
3030.22
3512.07
2612.31
2550.06
1616.73
2588.42
2592.25
2341.5
2557.94
2364.33
5070.99
1183.65
5022.62
3593.13
4132.45
2449.11
3705.51
2457.51
2725.85
2618.07
2986.3
2675.15
2687.95
2668.16
2645.06
2630.04
2648.66
4563.24
2753.61
2620.55
2653.07
3131.57
2640.89
2934.7
2573.11
2559.17
1104.82
2781.82
2595.67
2552.69
1981.75
1884.43
4134.41
2770.84
2594.43
3026.6
4040.8
2894.82
3358.11
2725.36
2826.26
2182.81
2551.52
1124.04
2372.34
2191.04
1710.46
1778.9
7342.81
5773.18
5470.11
1418.39
4363.37
4006.32
3207.15
3136.11
5373.36
5188.1
1136.85
969.816
3511.17
2871.95
1069.01
1255.62
5240.02
1530
4936.39
817.067
1904.89
2144.36
2395.92
2394.05
541.232
494.796
378.564
60.3306
404.264
447.842
191.843
326.816
3702.15
2275.14
1148.86
972.391
1313.08
1388.37
1174.08
1105.43
3020.01
887.816
877.9
2468.99
1352.41
939.889
1880.79
894.195
2857.3
847.227
573.995
601.197
1149.77
883.231
690.559
580.742
2793.18
678.201
621.052
798.588
874.271
691.214
779.05
710.232
2625.48
2657.61
1956.19
2648.35
2636.37
2440.99
2396.44
2430.01
2672.21
2654.38
5985.16
2660.4
2667.89
3853.4
2781.36
4670.44
2172.72
5777.32
5535.8
2495.96
2451.81
3364.75
2411.03
4022.16
2670.93
2689.37
2656.08
2679.08
2678.98
2955.53
2552.11
3152.57
2673.96
2176.46
2660.71
2689.58
2602.1
2543.35
2681.55
2620.2
2709.71
3120.79
3847.46
2261.77
2795.38
3065.16
2519.88
2905.73
2184.88
2461.46
2736.16
2491.44
2338.62
2660.18
2579.32
2866.12
2388.45
2828
3377.55
4609.31
2730.54
2785.34
2990.89
3172.52
2557.37
1877.16
2539.31
2046.1
2155.25
2235.23
2171.69
2266.82
2067.25
5085.95
5138.59
2885.53
2700.67
3291.93
3082.59
3776.63
2596.58
5307.05
2648.1
2835.63
3282.68
3873.46
3047.19
3150.09
1750.3
2031.89
2222.23
1617.5
1719.85
1919.14
1771.79
1939.06
1946.42
2361.98
1896.81
2054.85
1982.49
2154.7
1865.28
2023.24
2129.13
2394.29
3721.42
2529.52
2166.89
2510.48
2373.4
3029.08
2324.28
1859.92
2195.61
2384.55
2194.18
1992.92
2383.74
2051.25
2410.58
2575.71
2473.38
3959.16
2819.17
2718.95
3314.41
3042.31
2640.7
2672.68
1875.88
2648.66
2640.21
2440.84
2391.35
2419.25
2722.1
2720.03
5719.98
2741.05
2733.55
3612.97
2775.85
4326.04
1954.35
5450.67
5324.48
2278.29
2170.06
3035.09
2173.28
3698.39
2664.27
2704.22
2289.9
2685.44
2675.62
2643.77
2533.79
2649.04
2690.77
2081.68
2659.4
2704.17
2616.47
2479.46
2695.77
2570.18
2704.58
2981.79
3510.24
2153.39
2726.49
2906.19
2435.51
2756.21
2083.69
2477.67
2695.12
2277.86
2227.81
2561.32
2339.31
2617.98
2223.16
2624.17
3168.21
4213.92
2526.31
2576.22
2801.44
2965.04
2546.16
1774.88
2572.31
1990.62
2098.99
2222.92
2121.31
2278.73
1902.98
4711.92
4797.83
2506.78
2292.02
2876.66
2686.94
3560.18
2717.69
5113.24
2991.84
2796.32
3044.3
3489.72
2937.27
3115.86
1798.67
2017.22
2292.54
1781.11
1782.9
1977.45
1868.67
2073.64
1821.13
2394.89
1903.73
1963.04
1920.45
2203.66
1806.28
2045.7
2013.01
2221.49
3258.15
2546.31
2133.02
2358.22
2356.36
2699.08
2346.92
1912.85
2124.23
2390.47
2255.03
2085.65
2341.39
2117.34
2487.34
2581.25
2420.97
3839.05
2739.16
2621.97
3059.48
2851.53
5100.28
5482.45
1146.06
1232.69
3277.78
2380.03
1288.13
1259.78
5539.37
7111.8
5890.24
1960.72
3907.36
3885.34
1994.09
4052.62
967.848
5667.12
5269.64
1018.22
1004.56
2477.83
1054.9
3204.22
783.385
871.62
620.898
169.757
647.36
747.524
279.589
546.988
3743.92
1064.11
1137.09
1571.17
1608.92
1205.3
1576.97
1150.95
2715.16
1574.12
2955.58
1004.29
1626.1
1549.36
1509.02
1485.72
871.412
874.669
947.313
675.295
836.424
855.21
765.689
794.347
898.922
887.828
1414.88
3682.4
913.413
903.068
1463.73
1465.18
2599.18
1328.92
2638.17
2621.47
2659.17
2397.72
2616.36
3051.91
984.248
5084.27
5367.1
3206.15
1950.01
2496.49
3357.43
4298.98
2658
5665.68
2764
2703.04
3370.94
3779.64
2691.77
3345.97
2638.43
2843.19
2687.4
2695.74
2853.05
3024.67
2688.38
2995.03
1119.34
2838.97
2726.54
2183.44
1571.31
2911.97
1722.9
2855.52
1013.25
2342.46
2946.67
2713.42
1495.51
2263.46
1641.27
2558.05
2631.95
2632.62
2902.31
2677.87
2640.62
2769.85
3072.18
2975.61
3105.77
2950.11
3401.77
4733.93
3289.34
3261.15
3857.62
3767.45
392.523
316.696
537.215
419.45
395.646
368.345
416.112
421.601
242.444
214.901
556.506
354.811
305.178
327.907
348.995
396.528
706.877
956.189
1246.36
904.207
886.571
1049.59
933.366
1044.98
412.344
415.132
626.161
441.373
421.296
429.729
441.833
465.452
305.087
548.669
389.6
385.92
325.963
402.733
338.906
382.197
286.465
398.575
717.462
547.233
336.476
415.952
465.772
614.286
567.574
406.052
416.06
637.981
565.785
417.058
610.447
445.944
586.916
691.411
453.021
757.949
666.212
651.681
668.975
652.905
1271.44
960.084
719.44
790.543
1211.85
1086.2
792.908
754.764
550.956
212.351
228.837
174.017
377.733
356.594
201.536
204.124
529.856
305.709
385.127
345.498
362.155
373.862
364.937
378.929
441.222
220.219
311.375
267.089
361.456
350.944
290.057
291.141
846.247
600.004
693.14
305.746
450.868
633.753
426.365
647.585
780.061
295.175
299.506
570.914
446.829
301.709
465.258
308.195
506.762
468.433
243.228
326.877
486.664
464.122
354.518
354.103
512.908
328.294
240.928
271.764
351.107
347.44
273.777
259.946
1272.6
1025.62
801.694
890.07
1207.37
1015.38
907.096
815.386
963.838
896.079
779.301
743.236
909.276
877.892
768.992
762.283
611.834
650.87
411.882
416.701
594.588
620.381
420.646
419.784
623.589
563.46
408.145
442.672
614.202
568.026
451.467
419.42
983.379
792.033
872.119
749.813
805.484
807.413
789.635
788.661
940.124
743.182
755.177
781.037
800.205
779.223
813.53
772.718
576.342
637.617
568.012
409.311
565.198
575.746
547.598
563.187
614.272
415.188
563.994
628.904
600.495
566.589
595.358
571.88
439.7
688.97
667.341
438.137
464.091
630.462
450.91
633.617
831.14
959.381
1009.11
941.982
907.436
923.653
929.217
975.727
873.312
1064.07
1327.69
1001.22
926.266
1038.57
979.371
1134.25
410.027
691.323
649.758
367.99
417.139
673.238
396.331
688.376
700.375
647.431
431.179
677.475
690.129
665.862
676.656
660.456
773.835
893.091
956.025
776.724
810.113
876.93
850.499
900.148
647.987
415.822
682.354
645.201
643.823
659.049
646.24
667.784
798.43
930.715
923.085
976.766
867.755
882.283
929.186
957.065
54.2325
94.5931
85.4245
90.2299
82.7451
86.5543
79.2254
84.229
154.365
293.32
248.044
253.019
246.788
259.453
250.763
270.313
123.728
211.189
149.552
192.011
181.716
190.696
176.459
187.716
129.748
213.124
205.728
171.455
183.206
195.738
179.405
184.106
136.25
118.403
123.652
205.685
142.301
125.199
138.72
132.261
148.756
226.254
224.923
129.104
151.367
225.895
146.063
216.973
126.361
135.955
213.624
210.554
142.04
139.136
202.484
194.45
131.767
213.29
225.27
234.115
200.883
220.234
225.211
236.001
189.205
224.643
140.072
219.442
223.563
207.282
206.633
178.975
265.3
292.883
160.117
223.711
277.041
269.025
223.293
198.355
102.707
98.1521
62.9722
119.84
110.333
97.2497
107.322
92.2023
213.115
197.993
171.892
224.157
218.48
194.971
215.763
201.106
265.498
160.105
213.083
207.411
232.767
189.425
242.557
207.359
247.29
203.294
154.852
147.797
203.607
194.516
156.225
163.543
158.362
197.861
178.798
157.148
167.868
181.263
146.47
173.254
137.77
144.585
169.177
129.315
127.512
138.7
144.078
147.634
22.4791
24.6657
22.6427
22.5189
22.6331
22.7798
22.4987
22.752
45.8386
97.8231
60.8108
41.8366
55.4532
74.6467
46.4749
75.5817
22.8689
38.8576
24.6052
24.0644
24.9523
26.493
23.8453
25.4818
22.5286
23.9838
23.0381
22.5203
22.791
23.088
22.5836
22.9741
29.7828
22.9455
22.7124
29.2981
26.4312
23.7492
24.5279
23.0675
33.2872
33.0337
33.7701
23.4222
31.6894
37.4634
26.071
30.9127
22.6565
22.5388
25.9748
22.9619
22.623
22.8459
23.4534
23.8698
23.2582
23.7313
31.7619
33.2185
24.716
24.0442
27.1378
26.5787
22.5718
22.9473
27.4345
24.8549
22.909
22.9434
23.0268
23.9181
23.3557
26.7012
51.3026
34.3185
24.9479
30.6488
28.9981
32.312
54.7054
122.218
119.696
98.467
75.4117
106.303
88.4708
118.613
34.7938
48.964
67.7212
74.2832
47.5468
47.7625
54.6433
56.96
23.3486
29.8486
26.8636
32.3847
24.2455
25.1726
28.2713
28.6703
23.5715
36.7339
46.2367
38.911
24.8123
29.0617
31.8602
37.1124
36.4788
28.8897
39.016
56.3099
43.6361
33.7822
51.108
41.961
47.1671
66.9055
42.8369
57.2869
52.6266
58.8778
47.7947
61.5366
31.2937
40.5641
117.643
28.3762
31.5551
37.4555
36.2755
48.0753
119.248
159.273
311.64
114.994
120.325
142.592
122.039
165.214
849.696
1109.97
2427.78
403.509
1062.4
1148.09
1252.25
1331.86
28.4307
41.324
70.4285
27.6491
32.0733
40.4843
32.9547
42.9022
59.7571
227.322
31.5687
56.8574
61.0844
59.2005
44.4103
39.844
95.0509
89.9092
286.119
315.299
118.588
121.789
305.479
250.687
321.024
37.2667
57.9615
161.193
126.872
49.1937
123.976
50.39
410.851
185.241
105.97
314.421
301.529
162.378
250.446
178.133
1179.28
1030.87
1330.39
1189.19
1100.28
1116.98
1219.55
1271.75
881.569
847.075
987.169
958.958
904.702
908.5
970.631
980.942
1513.04
1182.77
1777.04
1518.56
1386.93
1426.4
1590.52
1636.97
1215.44
1066.37
1384.82
1284.44
1162.53
1150.14
1331.62
1370.89
953.655
1189.3
1121.77
986.847
1048.53
1163.99
1024.64
1128.85
967.31
999.846
1092.05
1223.13
1080.57
1029.23
1108.72
1066.44
1406.23
1267.86
1068.32
1439.01
1375.19
1309.73
1253.42
1184.32
1432.43
1463.88
1091.54
1131.65
1305.11
1257.64
1115.56
1087.65
1071.05
883.259
1057.88
1003.68
987.917
1013.26
1019.35
1011.94
888.868
893.463
1017.65
922.852
891.497
945.278
976.383
982.472
1366.6
1249.76
2107.06
2146.97
1321.3
1300.63
1849.07
1674.91
1371.99
1274.9
2169.05
2193.98
1385.46
1347.99
2041.81
1934.96
834.601
1055.41
1074.1
955.111
1010.41
1069.34
991.041
1090.32
852.177
973.467
988.371
1041.67
975.737
974.647
998.286
986.58
1311.92
1399.19
1271.81
1913.43
1411.44
1363.2
1416.01
1360.82
1240.54
1747.04
1249.57
1183.7
1274.7
1407.97
1243.33
1333.84
1361.84
1145.16
905.181
1235.38
1246.16
1122.1
1190.07
1105.29
1339.65
2004.64
1263.12
1404.38
1417.07
1499.88
1431.14
1478.94
900.455
1026.56
904.475
1005.31
1022.47
1046.51
1017.9
1023.74
1218.64
1245.47
1104.4
1229.92
1263.92
1267.65
1245.89
1257.48
1247.03
938.16
1237.02
1277.93
1218.83
1134.38
1223.08
1187.04
1192.24
1317.27
1073.53
934.452
1167.42
1292.09
1020.99
1062.91
927.102
1222.51
1274.16
1115.29
946.018
1183.62
1132.41
1231.77
931.564
1090.55
1289.43
1037.13
1012.82
1072.97
1031.22
1025.87
1856.42
1459.76
1282.6
1469.1
1594.31
1433.6
1510.95
1397.59
902.269
596.392
677.06
833.127
851.753
688.054
830.641
685.973
867.165
771.738
829.195
819.326
845.082
802.05
827.261
795.379
1286.57
1108.35
1000.51
1155.23
1234.46
1172.52
1193.01
1138.55
1322.24
1169.11
1347.7
1159.13
1247.53
1314.23
1235.1
1309.06
977.469
905.409
705.519
913.062
957.374
908.836
861.226
824.315
1100.2
1318.73
1122.74
997.295
1087.71
1260.6
1019.8
1182.84
900.59
868.685
885.549
716.715
879.932
885.7
799.476
796.114
831.999
774.916
878.056
915.074
830.819
810.886
922.445
872.38
673.198
560.117
917.781
770.311
667.437
666.352
759.888
775.259
1304.74
1496.24
1937.4
1994.23
1334.43
1465.18
1832.26
1943.45
1245.1
1280.89
1951.98
1845.85
1298.08
1324.95
1720.37
1830.69
742.142
908.433
960.801
887.502
831.018
886.14
855.481
938.118
710.01
906.01
999.419
925.948
806.041
825.575
870.663
956.621
1231.96
1220.79
1237.07
1828.7
1283.31
1209.1
1277.16
1254.66
1273.92
1879.08
1277.83
1335.18
1313.02
1380.15
1316.22
1395.42
853.146
973.356
899.365
893.285
925.391
945.024
911.96
941.355
1191.13
1745.7
1717.06
1581.88
1536.08
1707.41
1621.37
1734.78
1261.61
1750.11
1773.31
1575.97
1597.4
1781.83
1624.16
1735
1056.25
1354.14
1387.14
1225.73
1167.83
1238.16
1263.64
1334.86
1138.17
1115.8
1007.38
1284.51
1161.73
1066.55
1135.97
1056.67
1180.29
1362.44
1664.46
1213.35
1212.75
1387.4
1218.65
1496.57
1175.11
1073.07
1395.4
1429.62
1147.94
1111.98
1338.7
1268.4
1230.06
1520.59
1468.5
1698.57
1485.1
1447.48
1576.25
1532.17
1780.16
1753.9
1281.49
1904.66
1912.28
1828.56
1898.39
1794.4
1739.1
1755.61
1218.23
1866.33
1871.43
1750.55
1838.46
1706.41
907.361
981.755
864.902
929.989
920.091
931.917
923
940.204
1872
1849.94
1279.91
1859.02
1859.57
1798.94
1788.08
1802.14
1861.99
1275.67
1884.59
1850.63
1789.86
1774.91
1862.06
1826.82
1713.59
1736.93
1200.67
1244.19
1679.74
1691.38
1241.84
1252.15
1279.87
1908.65
1799.84
1254.75
1318.9
1816.34
1317.44
1783.53
1249.65
1260.44
1717.83
1195.75
1258.02
1280.8
1267.96
1306.05
34.4765
54.9801
123.145
31.2647
35.7057
43.0092
44.8873
59.9658
90.9554
138.543
212.681
84.5843
92.236
109.685
112.967
131.518
789.525
725.549
2330.96
614.95
759.816
799.527
1635.08
1564.71
30.8832
43.1687
95.4414
28.4332
31.7643
36.3892
34.7704
40.1971
58.0961
117.368
32.1962
50.345
72.6891
68.1319
53.7277
42.5129
64.1312
66.9911
165.5
138.842
91.0073
103.973
172.21
152.958
436.353
42.4076
57.2096
203.793
215.655
56.5783
157.931
54.9257
512.7
226.848
74.6263
384.434
504.189
209.7
411.942
216.503
2495.31
478.941
360.412
322.442
559.984
540.055
439.719
495.349
289.133
132.245
84.8368
87.565
161.125
140.966
124.394
112.674
55.6205
39.8291
26.7833
28.21
35.9371
35.0866
29.0575
30.2012
49.0673
44.1593
27.726
27.6408
36.1779
36.7659
29.3975
30.7942
305.818
126.728
89.7596
96.6781
264.533
244.289
184.907
103.747
304.865
81.5075
70.6406
122.37
286.346
145.642
171.724
83.6452
68.4142
62.5162
60.2976
29.0889
53.6322
73.1069
35.8672
47.9504
74.6263
29.277
63.7415
49.8158
41.0706
33.7339
51.9891
45.9608
22.8972
24.7008
23.8725
25.2063
23.1706
23.4095
23.2125
23.7004
49.9484
100.352
83.7724
67.7477
65.9056
79.9189
65.2267
102.146
24.8832
43.2287
29.8644
39.7009
27.9855
30.7344
30.3491
34.7436
36.783
67.2248
57.1179
79.8563
46.6489
45.4783
64.8411
86.6648
27.1374
24.5216
30.4294
38.8325
28.7835
25.2869
30.3524
26.7483
35.7776
55.5758
54.4555
25.7559
36.9578
40.5408
31.5147
40.0485
24.6938
31.6149
53.6497
34.2055
26.5393
29.2523
31.7003
35.4695
27.0874
53.6782
110.687
64.8187
30.9066
37.3972
44.4068
58.993
22.5439
23.0189
24.8399
22.6378
22.6261
23.0387
22.8667
23.4231
24.0404
25.1832
32.6728
23.4513
24.1851
25.6522
23.9883
27.6049
51.2927
62.0002
94.0306
51.898
55.4931
68.2706
59.1265
83.3222
22.7644
23.5738
29.081
23.0569
22.9491
24.2942
23.6188
25.0486
22.9548
27.256
22.6763
22.9436
23.4032
23.6981
22.9826
23.43
24.3075
24.0213
39.5305
32.1486
24.9516
25.1993
28.6439
31.0866
34.4095
22.9435
24.1455
32.2398
29.84
24.1992
31.5319
25.153
43.7933
41.3675
25.4205
47.6904
43.1111
37.7606
34.9958
32.0232
2742.64
481.944
348.631
471.376
614.937
487.541
469.401
443.493
275.975
197.569
122.01
88.7202
209.33
144.533
126.026
127.05
61.9176
57.201
28.6368
30.1144
44.4412
50.8742
35.8888
37.6246
60.3583
44.8097
31.0383
32.4295
40.3331
37.8278
35.6524
34.1162
276.995
136.157
131.889
87.8415
267.202
266.901
211.993
123.525
230.788
62.8551
94.9447
123.15
212.088
131.178
187.933
95.7496
78.5803
71.3527
58.0366
33.7927
64.4785
87.4258
40.3905
48.1935
82.5321
32.9942
51.0732
69.781
51.4751
36.6477
58.1178
45.6171
2867.48
2909.99
1001.37
2881.94
2875.61
3006.15
2881.25
2940.44
2937.66
2975.09
1485.21
2933.51
2935.64
3180.06
2976.86
3075.52
413.157
603.389
344.371
787.153
592.433
456.269
564.977
492.638
2893.11
2912.98
1557.94
2898.86
2898.88
2732.88
2769.27
2658.84
2908.43
1204.67
2891.03
2914.71
2921.33
2859.05
2907.57
2849.1
3158.7
2938.71
1022.25
884.677
3071.98
2974.7
1436.67
1511.11
1112.24
2801.38
2831.69
1414.59
1288.32
2782.14
1450.43
2729.68
893.623
1372.38
2875.09
1018.84
1187.81
1348.4
1349.95
1583.96
292.118
454.444
317.187
191.872
250.937
314.705
197.749
281.875
1146.9
4696.09
4660.27
572.307
1203.04
3385.36
1174.55
3485.76
743.322
4549.58
4095.61
403.492
832.602
3016.54
728.598
3205.31
75.6146
96.3239
86.0361
32.9427
59.4974
72.0137
46.7885
59.4958
350.205
319.875
182.472
237.133
340.208
279.534
300.18
253.379
630.201
445.236
3279.09
489.577
614.819
590.663
1133.67
1170.69
309.104
109.952
158.323
145.497
254.719
179.27
221.546
108.902
445.623
358.251
408.702
3382.05
426.055
389.775
962.829
491.864
184.896
88.0686
372.62
86.0292
108.668
102.198
127.661
181.268
61.6921
35.81
63.7324
34.2426
51.139
52.29
47.4105
47.4328
439.651
343.687
2784.07
231.214
401.282
411.422
556.254
598.007
52.9349
31.3998
60.9292
32.9927
43.3462
46.8733
54.4165
53.0602
82.0973
336.319
74.9561
56.0473
97.2556
127.062
62.2692
85.403
85.9217
68.7644
136.849
424.498
121.406
80.7015
295.544
175.578
429.126
73.0265
48.6343
211.479
325.689
131.693
287.715
90.2557
378.85
168.183
58.3008
182.793
263.504
264.961
196.083
99.6439
485.606
183.057
527.077
269.382
454.391
524.702
368.732
472.561
43.2018
30.1481
127.531
29.4927
35.9029
53.4914
35.0275
58.6013
1132.79
892.776
2668.65
387.981
1190.97
1808.32
1006.34
1949.09
45.3337
28.2701
63.9738
29.1288
42.8652
48.8989
36.7679
44.1507
166.586
509.998
215.491
38.1457
113.559
386.955
57.6479
329.451
238.332
48.1018
585.724
624.415
181.503
75.9327
377.601
380.385
464.263
86.8187
33.4261
182.377
401.259
238.678
362.205
84.8877
637.884
290.944
49.9234
599.941
475.712
336.626
271.243
116.176
4217.16
3958.47
735.988
473.013
3460.58
3405.4
735.335
828.198
4031.69
3709.71
1430.38
865.787
3189.91
3337.76
939.561
1731.32
518.84
658.367
527.099
247.248
506.597
622.241
276.315
502.102
80.3035
146.778
64.3222
34.2687
65.9066
121.657
43.3442
61.7319
3075.1
630.214
419.307
499.935
645.768
629.347
570.555
581.033
3382.91
813.793
1347.68
797.966
947.349
869.803
911.924
873.012
290.633
162.252
200.19
86.5625
237.901
272.594
189.003
167.192
498.73
266.771
606.261
722.49
493.222
458.859
520.126
489.722
2901.49
1246.96
2885.16
2910.3
3415.29
3300.44
2905.34
3353.05
562.549
540.386
814.721
826.788
603.349
626.56
761.391
741.086
2888.69
1820.34
2880.16
2897.07
3160.46
3246.49
2889.09
3009.83
2908.97
1679
2901.88
2899.34
2731.97
2707.38
2892.71
2696.43
1073.82
3212.03
2958.16
1483.33
1433.03
3231.36
1608.58
3105.02
801.191
1240.21
1358.82
3292.44
1151.73
1248.98
1380.71
1360.79
2898.41
2902.46
1635.08
2894.18
2905.03
2939.84
2909.44
2821.29
3407.27
2876.43
1646.05
1723.59
3206.69
3075.59
1837.34
1966.75
452.428
766.298
791.094
602.809
626.771
742.466
650.356
731.76
1244.05
2004.22
1603.32
1360.68
1467.39
1789.88
1439.96
1717.22
1003.16
1187.89
1207.99
943.883
1002.39
1121.61
970.541
1080.59
834.356
1060.03
865.922
856.197
874.566
945.232
861.61
904.417
1056.94
919.275
822.721
1143.57
1066.43
932.063
1019.9
945.856
1197.58
1309.77
1360.81
1022.31
1170.4
1286.16
1109.22
1189.93
916.22
820.386
1107.97
873.298
887.375
916.086
902.966
967.239
999.21
1006.02
1252.14
1296.44
1052.48
1051.13
1158.79
1152.93
34.5551
53.9057
66.3805
33.9015
38.2235
45.4341
38.7653
47.67
121.614
238.088
216.849
98.6575
124.497
178.129
133.46
175.363
379.536
604.147
2498.29
358.733
473.837
673.321
534.229
670.179
32.6249
53.4594
53.4872
32.0203
34.876
40.8736
32.9847
37.3222
59.2907
85.8914
35.8304
52.8179
52.3506
53.879
44.3793
41.7954
74.2171
70.8813
215.557
134.519
83.7182
110.047
172.615
180.813
93.7
36.4552
72.82
61.8271
74.0855
43.9428
105.571
54.0274
177.608
111.681
99.6349
307.454
259.335
151.989
297.943
245.029
3452.28
3828.23
1190.76
820.396
3121.62
2866.24
1180.64
1273.53
3851.49
3989.4
975.899
567.672
3516.93
3148.41
937.881
1128.08
358.941
352.294
159.397
118.663
270.455
262.364
136.471
144.112
129.637
108.034
50.3582
34.037
97.0401
96.2369
41.8554
49.1031
3253.74
858.986
567.869
458.849
1061.62
800.614
553.596
524.116
2898.31
473.385
687.752
795.702
1329.88
826.512
1216.83
768.355
342.68
240.769
182.847
78.6586
289.617
258.826
205.713
170.657
385.99
88.8108
245.028
301.111
257.187
189.662
275.84
227.285
212.936
455.416
490.381
663.034
388.729
360.606
541.993
601.59
1236.25
2341.55
2326.05
2330.59
2759.95
2813.47
2469.4
2328.99
1355.75
2307.16
2278.94
2293.98
2596.03
2663.93
2352.49
2288.83
1507.63
2329.27
2313.5
2329.11
2282.05
2323.62
2285.73
2324.76
926.908
1159.42
1294.23
2465.22
1223.41
1195.32
1453.67
1299.58
918.669
2455.89
2680.46
1076.45
1367.87
2535.24
1452.94
2637.4
1447.57
1410.22
2351.53
2318.46
1564.62
1483.96
2409.39
2357.65
1491.95
2305.89
2323.26
2313.45
2507.58
2421.26
2407.5
2318.24
3962.93
4141.77
716.837
740.723
2576.1
2184.19
876.268
826.601
4339.35
4273.4
923.451
642.835
3266.09
2654.23
839.371
1017.3
277.343
397.306
210.179
148.546
229.841
243.932
155.123
214.099
137.511
145.064
73.4389
45.1406
77.7219
95.1156
51.9606
66.9612
2599.48
384.724
356.833
508.989
786.149
418.011
605.692
359.47
2252.03
497.767
526.808
380.301
813.643
584.331
707.169
564.468
233.487
155.879
206.305
81.7108
218.542
189.571
151.433
111.428
270.35
128.444
287.205
397.53
215.478
185.093
372.917
328.714
244.718
458.232
322.848
506.412
369.403
342.444
420.342
436.594
1110.63
2069.71
2050
2049.4
2338.28
2377.73
2203.8
2046.02
789.255
2036.78
2017.23
2019.94
2143.58
2156.38
2052.44
2016.49
1055.99
2050.13
2033.99
2046.57
1986.29
2020.72
1996.72
2044.1
796.514
628.16
933.001
2137.49
927.569
832.354
1069.99
934.59
792.43
2144.85
2183.05
598.562
1009.56
2182.45
855.498
2179.04
762.146
988.567
2059.64
2011.65
898.04
1028.36
2051.55
2030.46
848.64
2030.05
2045.99
2032.76
2100.14
2065.33
2092.48
2036.64
2302.7
2324.76
906.504
2309.21
2306.68
2631.64
2371.91
2572.55
2348.5
2368.47
960.21
2348.85
2348.18
2841.98
2450.01
2774.53
363.779
359.329
209.423
515.852
444.588
313.717
418.447
329.834
2324.26
2342.39
1168.81
2337.72
2335.77
2343.52
2289.2
2279.3
2327.37
1006.08
2318.17
2335.05
2440.21
2496.11
2329.05
2434.3
2773.31
2506.4
692.172
655.823
2715.27
2564.92
900.838
1051.43
918.565
2329.58
2387.4
1070.22
1055.06
2434.4
1125.22
2380.77
706.699
994.117
2528.14
722.326
881.776
989.397
950.777
1140.23
161.424
305.873
302.312
121.213
182.054
251.421
153.251
243.139
676.415
4010.29
3947
559.225
856.062
3192.03
738.405
3592.45
660.765
3825.32
3552.73
406.594
812.961
2801.06
643.704
3157.69
54.4985
100.458
73.8267
28.7963
60.9043
87.3218
41.9239
73.2501
287.097
290.736
107.627
271.053
277.238
237.136
269.365
216.426
512.355
472.773
3062.7
469.196
551.881
609.153
661.994
818.954
273.194
80.1106
185.327
138.268
214.905
203.957
202.182
151.584
503.594
408.377
462.404
3417.71
540.038
415.675
656.75
469.204
4552.33
4666.32
963.387
634.157
3446.99
3051.96
929.265
1017.46
4423.9
4415.03
626.418
476.717
2723.72
2102.78
628.889
661.563
510.924
557.438
337.278
178.228
361.868
408.874
285.766
315.28
117.871
107.231
88.9214
45.5533
83.5628
126.538
58.8603
66.114
2911.05
718.769
494.892
342.699
755.41
684.1
586.302
540.368
2298.92
374.742
486.385
711.577
780.652
432.862
798.894
468.941
462.48
239.813
176.662
184.363
373.833
340.979
244.116
175.531
495.471
209.22
251.764
473.428
328.905
309.391
399.445
387.547
2463.05
1437.46
2416.94
2468.65
2694.79
3120.08
2458.68
3172.19
564.792
361.803
592.048
637.149
528.455
419.541
569.607
495.24
2383.34
813.362
2376.71
2376.97
2385.18
2045.53
2371.39
2271.37
2454.3
1446.02
2395.24
2428.68
2399.58
2395.07
2424.11
2382.2
1342.82
2586.56
2539.96
1381.96
1457.87
2888.34
1641.82
2814.42
719.7
861.563
494.869
2261.31
850.36
863.531
1038.98
907.046
2396.06
2446.34
1362.12
2388.78
2402.89
2602.9
2373.51
2464.03
2442.34
2313.36
992.33
627.778
2400.24
2345.75
1011.22
1152.07
2321.29
2311.13
1402.46
2320.66
2316.84
2098.73
2217.51
2063.61
2318.05
2328.74
1366.96
2330.07
2325.45
2139.09
2212
2103.67
928.458
817.986
489.336
828.759
862.648
767.253
824.64
721.548
2327.51
2328.73
1478.76
2331.05
2327.33
2186.89
2256.95
2169.7
2313.58
1399.11
2322.32
2325.6
2171.06
2064.62
2320.31
2142.83
2074.87
2150.19
1376.26
1369.69
2041.59
2085.95
1379.59
1430.02
1417.43
2234.92
2235.12
1427.77
1448.83
2112.08
1440.5
2130.15
1380.24
1408.21
2122.14
1375.15
1382.44
1403.89
1432.18
1477.33
2206.31
1386.88
2129.37
1765.45
1981.33
1824.31
1858.32
1713.56
959.331
496.902
812.05
846.503
869.044
730.306
829.25
744.222
2123.8
1318.54
2254.59
1667.73
1861.47
1859.91
1794.34
1777.28
1410.1
1061.86
1185.68
1296.66
1362.62
1154.83
1304.14
1149.56
1292.89
1798.67
1578.5
1123.41
1229.02
1493.09
1202.22
1381.93
1253.85
1016.26
1252.91
1762.43
1204.08
1106.9
1320.72
1246.55
1710.34
1460.64
1060.35
1255.61
1568
1324.01
1338.7
1178.04
1656.15
1210
981.059
1220.34
1387.09
1258.5
1220.52
1153.29
2414.27
2389.28
1753.95
2402.27
2407.62
2174.59
2359.5
2159.25
2383.77
2364.85
1724.37
2370.91
2374.56
2245.49
2363.68
2201.07
770.268
471.816
432.145
806.195
776.477
432.223
712.305
445.606
2384.67
2370.6
1625.5
2374.48
2379.47
2215.84
2271.72
2160.99
2381.48
1714.79
2392.37
2372.43
2351.77
2220.17
2377.47
2244.05
2197.57
2272.6
874.467
1027.61
2151.67
2249.43
1677.7
1555.31
1624.29
2296.08
2302.16
1531.65
1672.73
2202.68
1608.26
2199.63
1069.86
1274.7
2292.01
871.013
1186.02
1277.59
1381.88
1453.35
4590.94
1678.13
4410.4
543.275
1889.5
2024.81
2255.11
2192.76
709.579
407.665
404.65
284.382
407.833
395.206
346.938
368.264
4455.44
1686.05
4322.77
553.069
2018.81
2174.31
2152.8
2222.27
90.3218
81.2609
99.5854
44.2809
65.27
76.5486
55.9672
66.3549
748.237
2106.98
388.157
257.201
594.78
756.626
451.616
436.649
703.43
259.238
450.187
2117.14
629.961
370.939
1643.01
430.209
2199.09
255.72
136.979
215.709
599.069
415.821
313.812
165.85
2191.7
260.553
165.557
430.89
501.966
292.862
387.463
290.622
)
;

boundaryField
{
    walls
    {
        type            omegaWallFunction;
        blending        binomial;
        n               2;
        value           nonuniform List<scalar> 
3584
(
2043.39
2040.86
2049.92
2041.07
2029.42
2013.13
2059.04
2020.74
2038.37
2057.17
2025.12
2034.12
2036.43
2071.66
2043.52
2038.92
2028.06
2029.82
2042.64
2035.28
2043.12
2056.48
2055.18
2051.49
2045.96
2054.59
2042.06
2046.31
2043.33
2054.94
2046.74
2047.5
1496.92
1486.96
1490.07
1491.46
1484.06
1495.8
1498.26
1497.22
1485.03
1492.94
1503.84
1496.58
1484.45
1496.07
1486.2
1485.12
2350.35
2357.35
2362.4
2359.68
2339.85
2341.89
2340.06
2333.96
2353.97
2335.28
2353.09
2344.02
2352.09
2337.99
2367.93
2352.58
2326.5
2333.31
2341.65
2346.58
2328.29
2329.06
2329.55
2325.85
2348.5
2333.13
2351.98
2343.5
2324.94
2330.02
2349.62
2330.66
2331.56
2342.95
2338.62
2349.01
2362.03
2398.54
2405.85
2407.87
2365.55
2372.72
2335.68
2371.82
2363.33
2402.94
2369.93
2373.11
2347.73
2369.9
2353.2
2366.01
2429.45
2327.26
2343.07
2337.79
2351.31
2384.54
2379.13
2394.2
2422.27
2362.48
2371.11
2373.95
1566.01
1580.58
1566.19
1574.47
1602.01
1638.25
1616.28
1632.83
1585.09
1609.08
1610.64
1611.14
1597.2
1613.18
1585.17
1586.37
2142.5
2114.6
2085.57
2109.1
2085.19
2093.49
2091.8
2082.45
2070.15
2087.95
2059.14
2078.82
2078.65
2082.87
2073.65
2078.47
1512.42
1551.54
1532.43
1544.29
1576.63
1579.34
1554.95
1572.08
1541.92
1542.64
1555.13
1540.72
1571.18
1548.22
1540.99
1548.63
2046.43
2064.28
2045.99
2054.19
2070.24
2061.2
2040.48
2054.81
2045.3
2044.99
2042.61
2047.25
2062.8
2037.32
2037.11
2043.87
2117.04
2057.28
2189.32
2071.71
2053.98
2033.43
2042.34
2040.33
2112.2
2058.13
2110.72
2069.16
2057.62
2048.45
2055.54
2050.86
2075.21
2092.7
2068.25
2084.87
2099.34
2111.18
2108.59
2100.96
2064.86
2080.8
2055.81
2073.09
2092.59
2097.2
2076.27
2090.59
2057.6
2081.26
2076.47
2077.2
2116.7
2085.78
2084.45
2082.45
2091.72
2079.64
2078.58
2081.69
2114.29
2080.62
2105.29
2109.25
1523.22
1506.79
1536.32
1519.21
1506.88
1501.98
1508.77
1503.96
1545.7
1524.06
1559.5
1549.74
1507.52
1517.64
1545.68
1517.49
2012.58
2004.23
2005.82
2009.48
1995.73
2006.87
2037.72
2009.73
2021.22
2056.61
2091.25
2063.65
2004.35
2041.56
2017.07
2008.23
2284.43
2309.7
2279.15
2298.41
2318.13
2325.1
2302.98
2315.71
2289.87
2295.96
2297.88
2294.39
2306.92
2298.86
2286.85
2297.21
2307.89
2323.11
2434.64
2320.81
2334.59
2347.78
2408.49
2335.52
2696.98
2633.47
2779.25
2685.61
2331.43
2407.17
2436.75
2415.57
2342.22
2423.14
2330.86
2331.89
2586.25
2741.38
2626.36
2715.27
2331.28
2450.11
2319.01
2334.41
2483.09
2570.44
2338.64
2477.86
2353.02
2357.08
2372.2
2362.96
2371.14
2363.61
2340.31
2374.19
2362.68
2333.79
2345.34
2340.73
2377.03
2342.41
2364.51
2360.97
1662.72
1656.11
1623.75
1648.41
1662.44
1670.38
1651.05
1661.98
1590.87
1590.93
1561.4
1586.82
1654.37
1642.09
1620
1628.2
2368.5
2395.45
2392.63
2383.23
2396.41
2394.52
2389.29
2381.65
2392.49
2397.58
2434.61
2389.78
2384.82
2378.79
2383.25
2394.44
2464.23
2467.57
2431.9
2455.84
2470.57
2487.37
2498.77
2474.14
2427.67
2494.2
2415.3
2500.05
2459.62
2487.39
2447.77
2457.5
2408.88
2480.36
2437.27
2471.64
2494.99
2492.43
2471.97
2478.94
2459.82
2485.83
2482.36
2479.36
2485
2464.67
2461.21
2467.95
2337.86
2333.96
2324.19
2327.31
2318.59
2323.45
2318.1
2311.52
2301.39
2315
2293.37
2306.2
2312.3
2307.98
2311.71
2319.51
2313.78
2305.32
2308.6
2300.81
2316.85
2325.58
2320.56
2320.18
2319.39
2312.5
2318.12
2313.11
2312.14
2314.82
2317.11
2310.77
2335.29
2324.36
2316.91
2326.89
2323.5
2322.69
2316.94
2322.01
2316.34
2321.34
2333.98
2321.57
2320.25
2315.66
2317.57
2316.53
2319.73
2345.09
2318.23
2333.95
2342.08
2339.96
2328.52
2327.87
2334.74
2342.67
2346.85
2335.57
2331.52
2321.31
2321.73
2329.68
5159.68
5127.49
5137.67
5152.46
5127.68
5188.56
5194.77
5170.57
5127.57
5197.19
5179.73
5176.58
5112.18
5180.02
5126.07
5124.18
1545.02
1573.97
1546.92
1559.34
1643.15
1671.33
1630.19
1658.15
1558.02
1580.37
1568
1563.73
1616.99
1607.15
1560.37
1595.95
2398.74
2408.15
2403.4
2398.93
2411.63
2420.64
2406.2
2406.2
2385.4
2399.06
2377.93
2388.36
2400.74
2396.79
2385.08
2392.65
2382.86
2396.63
2406.65
2404.08
2421.44
2436.6
2484.96
2439.14
2517.02
2513.01
2508.59
2522.93
2427.26
2480.87
2457.47
2454.17
5004.36
5043.1
5084.5
5037.86
5129.04
5256.67
5306.96
5234.69
5243.22
5473.22
5389.77
5381.7
5102.78
5270.3
5144.28
5166.72
4979.92
4935.12
4972.6
4949.64
4897.64
4853.91
4900.44
4872.41
4973.45
4935.83
4966.16
4950.84
4912.85
4950.79
4915.66
4937.58
5116.1
4989.28
5208.07
5104.13
4937.68
4926.8
4967.59
4941.23
5369.77
5036.95
5191.21
5220.24
4971.03
5166.93
5028.99
5054.51
2503.32
2493.88
2511.76
2503.13
2483.02
2460.15
2482.95
2466.43
2494.68
2471.51
2442.56
2480.27
2488.24
2494.04
2501.55
2494.06
5127.75
5107.46
5077.71
5090.28
5102.82
5102.08
5074.49
5084.58
5040.23
5036.96
4985.49
5011.85
5084.47
5056.47
5054.29
5076.23
4889.04
4915.47
4905.55
4909.19
4986.04
5077.37
5020.19
5050.19
4922.29
5025.08
5015.59
4990.91
4974
4924.62
4964.28
4932.23
5307.03
5264.99
5202.06
5265.91
5292.26
5337.24
5254.1
5290.69
5139.98
5167.5
5123.54
5140.87
5237.31
5188.35
5191.19
5187.57
5676.32
5686.62
5655.33
5708.17
5720.97
5789.18
5716.05
5771.32
5611.03
5653.47
5573.3
5646.47
5727.72
5673.59
5712.65
5671.54
5514.15
5527.99
5527.14
5550.04
5520.15
5615.11
5599.79
5626.13
5510.1
5597.66
5670.57
5591.79
5524.41
5595.76
5534.77
5501.61
2907.43
2887.23
2932.33
2918.35
2903.39
2914.84
2899.78
2901.95
2934.9
2898.19
2939.18
2924.09
2895.63
2892.96
2931.96
2895.76
2929.95
2931.16
2945.98
2930.34
2922.62
2892.92
2878.22
2897.7
2901.53
2883.01
2895.68
2892.33
2925.69
2889.09
2916.2
2910.93
2910.21
2882.9
2911.35
2898.83
2865.74
2899.7
2914.69
2908.43
2904.07
2916.93
2927.98
2919.72
2872.1
2916.26
2879.84
2876.43
5049.39
4989.06
5011.62
5020.53
4885.02
4818.96
4815.53
4821.69
4941.19
4877.26
5025.32
4949.33
4913.95
4947.21
4859.58
4904.57
8860.26
8938.01
8828.34
8849.69
9038.53
9126.05
9049.46
9028.03
8807.92
8948.9
8783.62
8835.5
8945.71
8956.12
8841.77
8916.85
5574.03
5546.17
5512.63
5525.62
5533.41
5526.46
5491.88
5512.02
5464.17
5450.07
5402.92
5424.93
5510.44
5469.86
5479.28
5498.13
8918.55
8836.46
8844.33
8829.84
8734.76
8655
8630.57
8652.12
8744.33
8613.71
8583.68
8633.74
8743.07
8751.6
8646.65
8716.98
2901.71
2894.89
2903.06
2904.12
2901.28
2912.45
2927.86
2912.71
2900.83
2943.85
2950.83
2946.29
2911.14
2923.26
2911.31
2911.34
8364.94
8317.74
8222.27
8304.08
8263.15
8271.66
8226.58
8247.73
8171.07
8176.8
8093.31
8123.47
8189.05
8201.54
8208.76
8218.23
9875.04
9840.96
9769.06
9838.91
9847.46
9898.59
9786.18
9801.96
9744.5
9719.03
9705.08
9722.6
9781.19
9729.3
9771.46
9746.73
10110.3
10004.4
10009.3
10005.3
9932.08
9827.81
9906.28
9859.76
10002.7
9942.64
9975.58
9947.99
9950.66
9957.1
9930.62
9971.46
8875.35
8799.88
8785.48
8878.49
8716.89
8568.77
8626.27
8702.09
8736.22
8676.04
8709.91
8767.71
8722.73
8807
8808.17
8720.57
10078
9963.61
9865.06
9957.82
9922.91
9913.87
9801.68
9865.24
9754.51
9745.25
9700.15
9723.17
9754.1
9801.13
9883.02
9796.86
9827.69
9902.39
9935.05
9859.34
9938.26
9964.72
10017.2
9952.45
10008.7
10006.3
10101
9999.66
9957.13
9955.83
9926.54
9968.38
4755.98
4697.26
4704.43
4743.99
4648.24
4588.86
4639.45
4646.31
4690.01
4683.15
4714.77
4728.47
4698.19
4688.55
4718.85
4671.92
8948.23
8963.47
8898.58
8912.8
8979.78
9034.97
8960.25
8960.12
8862.44
8887.02
8788
8825.89
8926.27
8884.6
8906.18
8925.76
2893.05
2913.23
2899.87
2911.83
2913.03
2936.57
2940.32
2927.78
2922.98
2945.09
2955.84
2948.62
2905.57
2934.27
2908.69
2900.81
2911.03
2913.94
2904.03
2913.41
2910.85
2907.07
2918.4
2913.32
2913.72
2932.2
2940
2940.79
2917.75
2919.08
2914.29
2915.12
8573.69
8744.37
8598.72
8626.91
8823.06
8900.9
8800.81
8786.7
8621.92
8732.49
8682.97
8642.57
8724.46
8646.23
8739.76
8721.39
2910.83
2930.59
2919.66
2918.76
2952.41
2971.86
2950.44
2953.14
2939.78
2962.44
2982.14
2973.12
2941.24
2947.29
2940.01
2943.5
6946.3
6954.75
6983.14
6971.24
6955.48
6958.31
7023.71
6982.58
7014.87
7075.59
7102.55
7079.6
6975.96
7001.86
7040.23
6994.13
6943.81
6947.47
6987.14
6972.64
6947.76
6944.54
7005.62
6978.73
7036.95
7073.23
7144.3
7110.63
6973.72
7042.51
7021.6
6993.45
6944.22
6955.97
7010.5
6978.22
6952.05
6951.63
7021.86
6982.27
7058.23
7080.14
7158.34
7105.64
6969.9
7022.76
7039.95
7005.71
6916.22
6903.38
6919.8
6913
6891.22
6889.47
6889.64
6889.76
6910.76
6904.08
6904.17
6899.94
6898.26
6900.84
6912.23
6903.68
6895.87
6899.28
6906.84
6901.96
6889.48
6889.38
6890.43
6890.29
6910.93
6894.21
6911.4
6909.5
6893.5
6894.32
6904.94
6896.33
6909.38
6904
6916.28
6909.59
6894.52
6892.39
6897.84
6898.88
6916.21
6919.28
6903.6
6911.93
6901.68
6902.11
6905.61
6907.94
7228.55
7154.41
7113.96
7196.56
7088.84
7021.86
7021.16
7059.59
7061.19
7021.75
7017.69
7046.91
7124.72
7048.78
7099.01
7069.63
5026.08
5097.47
5026.56
5047.01
5141.33
5186.23
5138.77
5122.21
5026.65
5098.14
5022.08
5046.49
5087.24
5046.52
5088.7
5097.42
5148.97
5105.02
5104.9
5117.6
5055.26
5020.79
5028.64
5021.14
5135.86
5097.63
5189.62
5103.25
5064.51
5037.06
5074.16
5063.15
5001.39
4995.98
5057.69
5033.02
4995.81
4995.53
5056.7
5033.67
5100.31
5093.58
5136.76
5119.99
5078.07
5082.88
5030.75
5055.05
4961.12
4984.34
4994.43
4979.23
5063.36
5130.72
5088.21
5130.71
5011.49
4966.09
4964.41
4950.66
5068.08
5044.87
5048.15
5049.1
4424.19
4455.48
4451.67
4444.62
4519.19
4585.87
4535.85
4556.81
4488.94
4506.83
4531.42
4515.71
4482.77
4477.63
4501.96
4473.96
4912.3
4889.2
4939.82
4911.19
4874.34
4907.32
4925.4
4908.02
4990.02
4974.05
5041.37
5002.65
4873.35
4939.33
4943.75
4908.45
5080.26
5051.85
5039.41
5063.66
5009.77
4948.53
4948.95
4983.85
5002.74
4949.65
4943.88
4978.76
5035.05
5024.87
4983.82
5008.44
6945.75
6940.34
6953.15
6945.39
6902.96
6889.86
6897.91
6892.12
6987.51
6933.6
6998.08
6953.89
6907.4
6953.11
6912.5
6934.36
2959
2946.23
2972.73
2949.1
2966.1
2978.51
2904.69
2976.37
3002.18
2889.19
2895.04
2897.25
2949.41
2894.56
2954.1
2916.98
4920.53
4873.17
4918.82
4884.85
4872.38
4888.55
4932.06
4882.56
4896.53
4925.69
5073.52
4922.99
4915.44
4937.28
4927.37
4951.49
4941.51
4937.86
4998.4
4974.1
4937.57
4938.32
4998.45
4976.13
5039.7
5035.76
5077.9
5060.66
5020.23
5022.4
4972.24
4995.24
5006.99
5011.32
5054.42
5003.12
5010.69
4994.17
5056.35
5037.43
5159.58
5192.05
5287.96
5230.48
5049.3
5194.59
5081.57
5124.27
5136.33
5100.71
5100.62
5122.41
5055.67
4999.42
4994.8
5032.33
5056.13
4995.16
4993.23
5031.18
5083.28
5082.53
5030.92
5056.4
4555.86
4557.95
4623.64
4578.37
4557.69
4557.97
4620.99
4575.72
4664.24
4660.95
4704.8
4652.32
4576.36
4617.09
4614.49
4621.74
5108.29
5148.78
5119
5126.82
5225.4
5275.88
5226.59
5246.44
5121.62
5170.33
5134.58
5139.04
5169.14
5117.21
5184.18
5145.06
4485.73
4483.71
4503.3
4483.59
4496.43
4530.16
4550.62
4529.51
4564.58
4602.79
4653.05
4626.8
4556.89
4524.47
4493.99
4513.71
5493.99
5501.07
5564.49
5520.98
5629.95
5812.09
5775.52
5764.48
5595.07
5663.45
5546.15
5635.15
5553.49
5758.71
5616.66
5647.03
5548.46
5627.57
5548.97
5569.96
5681.6
5740.81
5678.94
5671.92
5547.33
5628.15
5549.82
5570.04
5618.65
5570.68
5619.67
5628.42
4838.22
4809.05
4736.98
4736.5
4729.26
4695.71
4726.57
4725.33
4744.24
4737.33
4764.12
4735.44
4752.88
4722.31
4732.15
4734.44
4952.15
4918.06
4908.59
4934.33
4877.66
4823.29
4819.05
4854.75
4871.13
4819.56
4814.21
4850.12
4902.79
4895.72
4853.58
4876.56
5575.67
5653.11
5572.83
5594
5703.37
5756.08
5703.38
5691.66
5573.42
5654.04
5573.81
5596.46
5644.76
5597.04
5641.41
5654.26
4890.36
4919.35
4910.53
4902.02
4957.8
4933.76
4970.07
4945.69
4914.17
4956.14
5057.42
5046.39
4917.25
4877.32
4908.72
4941.42
6942.44
6951.58
7003.88
6973.1
6952.97
6952.66
7029.91
6985.98
7049.01
7087.02
7165.04
7113.07
6972.79
7014.75
7044.75
7006.58
6890.41
6891.51
6900.66
6895.88
6899.99
6918.21
6913.04
6921.33
6973.51
6917.92
6911.66
6907.83
6903.02
6924.29
6906.42
6905.99
6944.26
6947.73
6986.29
6971.66
6946.79
6944.51
7005.17
6978.49
7040.23
7072.95
7147.43
7111.58
7042.19
7025.69
6973.98
6994.57
6891.16
6891.24
6899.06
6896.1
6896.35
6908.51
6907.97
6908.99
6922.27
6899.53
6891.32
6905.86
6910.58
6900.06
6900.39
6901.23
4833.7
4841.47
4886.08
4852.77
4846.35
4848.72
4890.54
4858.35
4944.2
4973.74
5018.15
4968.49
4850.47
4918.13
4896.9
4880.22
7226.13
7152.67
7112.86
7193.42
7088.1
7021.2
7020.93
7060.06
7061.34
7021.87
7017.79
7046.69
7048.74
7098.16
7122.71
7068.9
6943.92
7005.41
6952.74
6974.73
7047.12
7149.37
7075.44
7096.5
6953.46
7021.63
6951.82
6982.48
7011.97
7035.93
6972.03
7005.58
4778.27
4847.69
4779.65
4800.18
4890.49
4930.06
4886.2
4873.55
4778.81
4845.48
4780.62
4797.7
4837.2
4798.27
4840.31
4845.89
9834.68
9863.52
9928.82
9858.99
9916.75
9884.45
9884.45
9806.73
9923.66
9923.66
9898.54
9896.9
9769.55
9744.44
9854.32
9766.41
10053.4
9956.68
9956.68
9928.93
9888.64
9888.64
9999.92
9984.18
9937.38
9981.6
9957.94
9957.12
9861.48
9940.99
9818.83
9851.03
9757.22
9757.22
9797.75
9771.1
9771.1
9809.66
9759.29
9756.4
9804.76
9783.73
9792.43
9806.04
9856.97
9856.97
9850.99
9926.77
9926.77
9945.47
9907.92
9890.86
9831.98
9926.26
9839.47
9855.48
9810.24
9830.1
9819.16
9835.01
9815.44
9821.05
9888.63
9847.91
9947.26
9947.26
9517.92
9517.92
9889.57
9881.62
9868.58
9730.28
9756.26
9756.26
9876.95
9876.95
9874.01
9873.75
9820.92
9851.77
9772.88
9771.9
9736.4
9745.03
9811.97
9805.78
9773.94
9832.77
9664.9
9912.2
9893.61
9902.86
9811.1
9840.67
9852.82
9879.96
9598.78
9598.78
9938.71
9879.7
9757.73
9757.73
9612.26
9682.69
9822.78
9786.07
9850.18
9855.48
9794.78
9685.05
9762.81
9749.2
9758.69
9758.69
9926.12
9798.88
9868.65
9868.65
9856.44
9877.35
9964.15
9881.26
9951.87
9943.27
9826.85
9938.76
9778.31
9833.9
9692.81
9712.64
9772.72
9743.79
9812.26
9889.64
9871.16
9865.2
9783.91
9954.09
9873.03
9873.03
9911.21
9911.21
9903.4
9897.46
9816.96
9951.87
9913.65
9913.65
9874.26
9874.26
9893.15
9909.56
9795.11
9800.31
9920.55
9786.4
9923.95
9937.35
9940.84
9959.7
9625.59
9625.59
9727.02
9643.67
9643.67
9745.61
9638.17
9643.16
9795.76
9794.46
9833.93
9814.95
9699.81
9699.81
9824.46
9752.04
9752.04
9831.48
9737.49
9737.1
9817.52
9856.58
9873.47
9835.78
9759.17
9804.35
9683.05
9775
9682.65
9763.6
9813.86
9780.49
9904.85
9904.85
9977.95
9977.95
9902.56
9906.53
9929.35
9960.21
9998.67
9998.67
9979.89
9979.89
9897.43
9902.34
9999.51
9997.55
9792.83
9776.09
9770.74
9742.93
9822.02
9829.85
9790.03
9825.48
9993.89
9911.18
9932.03
9908.67
10004.7
9876.93
9869.21
9893.07
9786.65
9843.41
9898.11
9852.9
9739.05
9859.91
9847.12
9876
9973.5
9974.01
10100.1
10100.1
9656.11
9656.11
9866.98
10038.1
10024.5
9904.24
9733.88
9733.88
9883.05
9883.05
9875.56
9821.23
9975.13
9989.24
9826.1
10013.4
9681.39
9924.78
9978.71
9948.15
4665.25
4522.59
4559.85
4573.44
4518.61
4512.63
4536.99
4532.69
4513.79
4533
4515.01
4514.76
4527.66
4536.45
4530.68
4530.42
4565.55
4563.37
4627.31
4581.21
4563.47
4564.62
4627.92
4582.17
4665.68
4665.6
4703.44
4653.51
4582.32
4618.87
4618.35
4627.5
9714.98
9743.5
9759.96
9708.39
9769.64
9811.17
9705.83
9734
9702.05
9750.24
9692.57
9698.89
9724.52
9738.22
9704.82
9730.35
5365.02
5446.84
5368.74
5389.63
5496.61
5551.72
5495.68
5479.55
5368.99
5445.95
5371.54
5389.88
5436.62
5390.81
5436.62
5446.33
7217.14
7290.71
7181.74
7211.7
7350.97
7580.17
7408.8
7337.65
7131.76
7222.78
7110.02
7148.01
7289.63
7240.97
7172.78
7259.83
9748.08
9755.1
9917.12
9798.35
9754.85
9748.2
9915.49
9797.33
10007.9
10005.2
10106.8
9964.56
9801.81
9888.22
9887.61
9912.43
7136.88
7137.17
7066.31
7183.52
7074.64
7080.97
7034.64
7082.2
6897.14
6922.82
6899.75
6904.86
7109.4
6998.06
6961.16
7044.95
7337.74
7296.07
7138.89
7267.36
7206.49
7305.46
7180.32
7295.54
6971.15
6910.11
6904.51
6931.43
7134.69
7016.8
7014.89
6974.51
7023.83
7106.75
7081.98
7125.14
7287.26
7460.54
7318.53
7361.76
7148.5
7248.16
7193.62
7229.32
7192.85
7170.36
7281.08
7190.52
7035.52
7100.99
7108.56
7070.75
7187.19
7263.17
7276.16
7242.38
7157.66
7256.9
7206.33
7181.72
7150.11
7125.64
7225.37
7199.14
7439.21
7338.24
7279.63
7298.48
7313.83
7243.18
7173.47
7202.36
7126.68
7114.13
7040.37
7076.14
7250.42
7134.52
7175.49
7227.79
6892.98
6900.32
6915.73
6903.58
6917.08
6911.2
6900.49
6913.1
6903.53
6891.21
6892.26
6895.81
6908.16
6904.64
6909.34
6913.91
8448.14
8450.41
8436.61
8442.9
8476.05
8494.52
8534.45
8525.06
8432.15
8549.64
8566.28
8499.93
8465.71
8435.91
8541.58
8480.73
7139.11
7159.17
7058.31
7141.44
7114.94
7197.08
7088.9
7195.99
6961.72
6911.08
6905.06
6923.37
6946.1
7012.47
7037.69
6982.09
4829.36
4675.86
4822.1
4811.34
4670.13
4656.79
4656.71
4662.87
4794.26
4664.45
4759.08
4756.36
4672.6
4809.07
4661.46
4670.49
4722.77
4722.73
4782.92
4756.8
4722.79
4727.55
4779.35
4756.46
4820.47
4821.56
4850.82
4836.83
4755.87
4805.33
4804.6
4781.56
8479.26
8441.72
8481.22
8446.85
8432.13
8456.59
8454.73
8451.14
8497.34
8452.55
8545.02
8454.09
8438.67
8430.3
8433.04
8444.45
8538.28
8672.18
8529.91
8573.97
8742.68
8833.6
8746.61
8710.14
8533.93
8677.13
8524.3
8577.7
8647.41
8569.94
8644.14
8664.97
9035
8946.4
8948.19
8913.05
8878.99
8721.22
8731.08
8776.63
8867.31
8726.96
8718.46
8764.1
8847.21
8844.03
8767.63
8864.01
6922.53
6953.41
6973.15
6967.83
6925.04
6891.06
6901.92
6897.39
7020.63
6947.29
7031.32
7003.01
6958.5
7005.4
6929.2
6971.38
4576.08
4511.94
4584.68
4570.57
4518.38
4577.33
4555.4
4527.44
4595.05
4553.69
4725.13
4576.61
4569.31
4614.15
4525.95
4594.78
4575.98
4627.73
4571.03
4604.61
4667.33
4694.93
4669.77
4685.27
4570.93
4630.34
4570.74
4604.23
4650.82
4603.1
4653.14
4627.72
6949.2
7040.13
7013.91
6969.79
7190.65
7434.33
7353.8
7414.49
7158.99
7290.94
7202.39
7282.14
7408.47
7126.69
7145.24
7192.97
8519.24
8526.23
8660.83
8564.97
8521.86
8512.01
8665.16
8564.24
8744.96
8732.52
8822.96
8708.16
8559.08
8643.76
8632.1
8654.32
4380.29
4368.36
4393.17
4363.53
4391.52
4420.99
4438.98
4413.96
4456.33
4399.42
4520.48
4450.98
4409.26
4398.21
4380.83
4394.29
4720.27
4665.87
4673.04
4664.65
4626.64
4565.96
4561.79
4581.03
4628.59
4563.34
4563.29
4582.32
4620.24
4624.08
4581.98
4627.37
4621.46
4672.76
4616.91
4650.33
4713.07
4741.54
4716.56
4732.51
4616.85
4675.67
4616.68
4650.2
4696.89
4649.41
4699.46
4674.32
4579.44
4425.66
4500.53
4463.2
4412.42
4399.75
4373.72
4380.12
4450.26
4391.75
4464.49
4452.42
4400.96
4438.86
4401.77
4407.68
7186.79
7274.18
7163.87
7195.78
7363.17
7565.15
7398.74
7339.94
7123.11
7221.13
7110.55
7144.91
7229.17
7168.06
7255.47
7236.18
7118.78
6968.11
7156.76
6967.5
6954.26
6934.97
6965.69
6927.58
7106.62
6904.59
7118.62
6925.35
6938.57
6955.94
6936.76
6915.07
7042.83
7119.19
7114.91
7080.04
7239.11
7404.76
7277.36
7258.93
7149.32
7232.92
7174.23
7156.31
7145.44
7131.34
7192.43
7184.15
8101.44
8176
8091.32
8107.37
8254.65
8173.05
8078.99
8174.56
8063.99
8049.56
8038.92
8032.88
8157.76
8095.77
8069.19
8125.96
7123.37
7175.94
6927.69
7073.54
7186.24
7148.67
6950.85
7110.35
6920.72
6904.77
6908.23
6920.48
7017.46
6908.52
6914.55
6933.1
7035.63
7149.87
7069.13
7094.33
7216.31
7306.29
7270.7
7249.32
7093.04
7210.14
7126.39
7126.25
7203.63
7113.58
7172.33
7181.32
7038.3
7117.05
7115.87
7074.84
7163.77
7204.68
7242.52
7176.16
7280.81
7325.39
7464.34
7300.81
7133.55
7206.86
7145.24
7189.04
6904.3
6935.02
6896.19
6914.85
6933.49
7184.25
7084.92
7073.07
7041.43
7219.97
7152.71
7136.4
6921.59
7011.75
6958.74
6937.52
6926.79
6957.31
6932.53
6905.99
6981.1
7418.02
7202.62
7107.52
6941.83
7038.62
7149.24
7072.75
6950.2
6923.36
6999.74
6940.26
7070.6
7147.75
7104.62
7105.02
7300.97
7510.82
7449.39
7461.5
7159.59
7374.94
7285.48
7318.19
7249.63
7397.63
7170.15
7220.7
7050.56
6949.82
7087.22
7021.33
6931.62
6920.57
6918.76
6928.43
6913.63
6904.65
6902.07
6909.67
6938.35
6923.11
6909.27
6918.81
6899.68
6903.1
6912.52
6913.86
6908.81
6910.22
6933.09
6927
6943.49
6958.28
6984.01
6975.75
6923.64
6946.12
6916.27
6918.74
6995.48
7044.08
7049.74
7031.24
7110.39
7186.04
7180.19
7180.05
7101.74
7162.09
7213.37
7147.09
7095.37
7074.41
7170.65
7089.23
6996.93
7031.72
7072.47
7053.61
7083.86
7203.34
7288.68
7257.47
7194.54
7356.17
7408.11
7400.63
7105.08
7337.78
7167.9
7127.18
6994.98
7052.11
7017.35
7039.13
7176.44
7356.21
7301.65
7341.17
7061.25
7234.15
7157.16
7202.39
7157.73
7092.65
7275.81
7117.28
7016.44
6940.45
7059.76
7006.95
6913.48
6913.42
6914.56
6907.96
6906.86
6908.77
6899.88
6904.09
6945.83
7001.02
6898.56
6928.91
7432.94
7138.87
7252.98
7289.69
7011.51
6949.85
6954.67
6958.48
7112.7
7013.31
7019.23
7057.11
6936.56
7164.73
6940.79
7002.3
7502.44
7443.83
7296.08
7450.96
7370.63
7282.51
7158.57
7314.71
7148.6
7104.49
7070.07
7105.43
7392.69
7243.66
7166.97
7217.43
6918.41
6945.1
6957.64
6944.73
6950.64
6995.45
6978.33
6979.83
6922.52
6947.36
6918.78
6954.27
6952.81
6988.96
7000.64
7003.18
7406.52
7190.25
7370.21
7411.55
7078.32
6997.59
7047.22
7064.53
7298.58
7100.25
7224.92
7270.13
7170.65
7351.38
7122.87
7138.84
6910.29
6919.62
6907.65
6916.78
6942.41
6971.59
6913.35
6957.6
6902.81
6914.88
6903.19
6912.57
6900.36
6909.25
6937.03
6914.59
7184.71
7113.37
7176.8
7175.1
7042.61
6994.2
7030.4
7029.6
7158.6
7085.95
7205.31
7143.69
7069.43
7168.11
7097.89
7088.42
6994.27
7076.13
7047.19
7030.57
7214.25
7421.65
7367.8
7375.41
7096.2
7294.49
7206.54
7238.98
7161.53
7316.55
7096.36
7146.88
6896.94
6904.29
6904.58
6903.43
7023.06
7010.73
6954.47
6962.52
6912.12
6926.89
6912.57
6921.22
6972.01
6946.56
6911.95
6928.3
6920.57
6944.34
6968.54
6940.38
6976.12
7407.55
7260.19
7293.12
7023.13
7152.24
7055.85
7105.27
6961.01
6991.65
7205.47
7051.14
4961.09
5001.69
5029.25
5025.31
5034.58
5059.89
5074.79
5083.57
5081.74
5094.96
5127.89
5129.84
5054.34
5086.49
5103.53
5050.76
4963.34
5001.01
4944.37
4968.33
5022.04
5160.21
5141.16
5000.77
4988.23
5143.03
5182.44
4993.67
4992.43
4974.65
4988.03
4971.54
5021.08
5059.14
5088.03
5086.35
5091.91
5113.46
5131.77
5141.23
5140.3
5154.39
5180.12
5188.51
5113.18
5145.57
5164.54
5111.72
4981
5008.3
5066.79
5023.39
5028.38
5056.35
5097.49
5052.12
5112.27
5128.06
5155.23
5116.66
5034.94
5077.13
5094.18
5075.37
5059.21
5079.5
5144.69
5090.59
5106.47
5132.81
5173.29
5135.89
5197.9
5202.7
5248.38
5200.84
5103.26
5147.66
5167.7
5145.83
1745.01
1715.33
1835.2
1840.27
1744.02
1704.03
1851.67
1854.07
1826.67
1857.87
1839.14
1841.51
1848.51
1829.92
1859.84
1846.01
2374.97
2362.2
2399.96
2386.7
2321.94
2335.75
2334.44
2324.23
2357.08
2344.26
2348.9
2343.21
2334.59
2352.73
2329.93
2338.36
3232.68
3265.58
3319.82
3291.17
3117.88
2974.93
3030.19
3030.42
3342.17
3116.06
3177.22
3171.78
3205.75
3318.29
3112.43
3230.74
2339.66
2316.87
2321.98
2324.17
2309.41
2303.65
2301.07
2303.63
2315.48
2306.74
2314.08
2313.84
2308.58
2314.57
2303.22
2304.38
2316.11
2315.56
2321.06
2318.45
2330.69
2353.48
2354.21
2352.13
2333.43
2343.18
2342.94
2340.78
2345.81
2330.55
2324.34
2328.1
3244.22
3321.88
3373.31
3352.69
3094.68
2941.58
2952.33
2955.11
3412.87
3052.42
3237.66
3220.18
3248.34
3393.4
3046.97
3272.45
2874.63
2873.4
2875.43
2870.03
2911.26
2954.57
2902.2
2907.45
2880.28
2885.44
2884.18
2873.53
2874.41
2872.83
2885.23
2874.6
2417.4
2389.39
2408.13
2400.45
2377.95
2395.91
2375.98
2380.29
2401.23
2381.09
2392.78
2387.54
2385.44
2395.22
2385.77
2388.16
1620.1
1587.52
1593.89
1592.78
1613.02
1660.61
1617.35
1635.11
1576.92
1579.64
1570.45
1570.64
1587.36
1578.75
1588.16
1583.31
1487.5
1492.45
1479.96
1479.46
1494.68
1516.15
1497.41
1493.36
1483.39
1500.17
1493.46
1490.12
1484.44
1483.15
1494.39
1487.77
2944.49
2892.81
2912.91
2905.88
2891.27
2887.05
2901.07
2894.63
2898.41
2909.21
2902.93
2895.99
2888.65
2894.49
2898.66
2893.94
2934.47
2930.63
2958.39
2964.08
2893.3
2920.95
2901.31
2893.48
2941.26
2896.59
2899.61
2899.38
2905.36
2952.82
2891.9
2908.05
2381.56
2330.88
2354.8
2361.72
2311.62
2308.21
2309.96
2310.67
2335.92
2314.39
2326.01
2328.55
2322.97
2340.85
2315.21
2321.14
2964.91
2907.79
2941.75
2941.05
2886.95
2894.09
2887.95
2887.85
2923.24
2889.31
2894.47
2906.38
2893.57
2922.62
2890.7
2896.82
2510.48
2490.83
2507.87
2502.56
2457.26
2434.3
2430.5
2442.39
2472.01
2428.49
2424.98
2438.98
2483.54
2491.96
2447.99
2474.34
2038.81
2015.33
2036.48
2031.79
1983.06
1976.97
1984.86
1979.07
2023.02
1995.55
2006.15
2000.49
1996.21
2018.97
1991.01
2001.07
4875.04
4805.2
4884.48
4834.63
4766.74
4761.92
4751.44
4753.66
4831.57
4775.26
4849.73
4803.96
4752.89
4821.03
4768.8
4788.52
2405.21
2387.42
2393.32
2409.32
2437.09
2501.83
2478.92
2459.75
2371.68
2397.12
2376.19
2376.64
2383.01
2372.84
2392.97
2385.52
1535.19
1545.14
1539.73
1538.3
1578.63
1605.11
1583.89
1581.73
1548.7
1563.3
1560.51
1554.84
1548.74
1543.09
1558.78
1549.69
2362.17
2411.65
2379.03
2372.68
2382.35
2434.7
2385.34
2380
2393.16
2385.82
2388.2
2382.04
2391.1
2386.93
2379.63
2396.85
2079.86
2050.93
2079.43
2072.12
2027.02
2060.96
2029.01
2024.18
2066.16
2033.74
2051.62
2047.1
2033.55
2060.45
2028.91
2039.15
2050.67
2046.23
2057.19
2051.99
2073.81
2111.12
2096.13
2091.09
2058.34
2069.33
2058.85
2057.22
2048.32
2056.14
2067.98
2055.77
1499.77
1490.97
1489.41
1490.81
1510.61
1551.53
1520.6
1523.08
1496.17
1507.52
1503.65
1505.06
1500.34
1497.33
1509.31
1499.96
4514.32
4544.72
4531.54
4540.92
4593.12
4676.18
4652.32
4633.61
4570.28
4639.57
4667.18
4623.68
4609.71
4550
4570.26
4564.12
9673.7
9710.5
9709.93
9706.61
9779.74
10110
9938.04
9919.58
9716.23
9827.23
9723.65
9745.47
9730.09
9726.33
9800.41
9719.1
9745.95
9801.81
9747.58
9766.7
9833.9
9920.83
9922.81
9902.25
9749.57
9880.44
9814.78
9820.08
9878.18
9768.08
9811.23
9811.25
9892
9757.84
9852.67
9869.37
9770.92
9838.38
9906.27
9904.78
9765.33
9799.5
9746.87
9762.25
9740.39
9790.68
9811.68
9738.43
9607.48
9587.66
9612.71
9625.81
9652.7
9809.5
9755.17
9768.83
9624.67
9690.3
9663.14
9670.24
9626.41
9635.6
9704.32
9623.89
9720.33
9714.46
9792.48
9736.65
9687.3
9650.84
9669.97
9675.5
9847.82
9735.14
9815.27
9812.92
9714.29
9796.5
9735.49
9744.5
2767.15
2747.76
2749.89
2752.35
2706.13
2663.41
2670.51
2667.3
2724.87
2678.63
2671.42
2678.26
2678.14
2733.38
2722.6
2725.74
2573.84
2598.13
2569.81
2575.49
2666.46
2781.93
2700.95
2706.81
2581.53
2665.24
2617.29
2621.45
2622.47
2587.18
2670.95
2618.54
9998.2
9742.33
9864.27
9848.92
9668.07
9664.28
9702.82
9696.43
9753.45
9670.08
9705.17
9702.54
9692.04
9753.8
9702.66
9702.02
9640.35
9706.1
9664.74
9697.48
9762.65
9909.84
9951.14
9923.33
9660.32
9895.88
9802.93
9843.9
9922.48
9703.34
9764.3
9754.32
9689.8
9706.92
9686.86
9702.41
9785.91
10037.4
9887.94
9884.69
9672.17
9778.51
9671.02
9682.67
9725.21
9688.86
9782.81
9713.35
2891.11
2701.04
2796.59
2830.49
2669.82
2633.68
2644.22
2650.65
2717.18
2648.67
2684.88
2690.71
2675.83
2742.87
2652.54
2666.78
2862.01
2664.42
2751.74
2743.22
2636.11
2608.82
2624.72
2616.59
2712.58
2650.32
2691.37
2685.43
2635.77
2704.84
2643.66
2644.59
4767.85
4626.04
4693.08
4718.15
4549.46
4515.65
4509.14
4534.04
4685.37
4579.99
4702.7
4658.39
4588.15
4653.43
4556.36
4592.42
4592.31
4615.94
4579.68
4600.13
4712.42
4782.58
4737.99
4738.24
4586.95
4801.21
4826.06
4785.87
4640.41
4605.05
4688.41
4570.67
2346.24
2317.02
2346.56
2347.84
2312.81
2328.3
2321.43
2324.6
2335.4
2325.34
2338.44
2339.78
2314.81
2334.88
2327.32
2318.38
2953.24
2677.6
2825.91
2868.43
2612.31
2550.06
2588.42
2592.25
2725.85
2618.07
2675.15
2687.95
2648.66
2753.61
2620.55
2640.89
2625.48
2657.61
2648.35
2636.37
2672.21
2654.38
2660.4
2667.89
2670.93
2689.37
2679.08
2678.98
2673.96
2660.71
2689.58
2681.55
2640.7
2672.68
2648.66
2640.21
2722.1
2720.03
2741.05
2733.55
2664.27
2704.22
2685.44
2675.62
2690.77
2659.4
2704.17
2695.77
2599.18
2638.17
2621.47
2616.36
2658
2764
2703.04
2691.77
2638.43
2687.4
2695.74
2688.38
2631.95
2632.62
2677.87
2640.62
1780.16
1753.9
1904.66
1912.28
1739.1
1755.61
1866.33
1871.43
1872
1849.94
1859.02
1859.57
1861.99
1884.59
1850.63
1862.06
2867.48
2909.99
2881.94
2875.61
2937.66
2975.09
2933.51
2935.64
2893.11
2912.98
2898.86
2898.88
2908.43
2891.03
2914.71
2907.57
2901.49
2885.16
2910.3
2905.34
2888.69
2880.16
2897.07
2889.09
2908.97
2901.88
2899.34
2892.71
2898.41
2902.46
2894.18
2905.03
2341.55
2326.05
2330.59
2328.99
2307.16
2278.94
2293.98
2288.83
2329.27
2313.5
2329.11
2324.76
2305.89
2323.26
2313.45
2318.24
2069.71
2050
2049.4
2046.02
2036.78
2017.23
2019.94
2016.49
2050.13
2033.99
2046.57
2044.1
2030.05
2045.99
2032.76
2036.64
2302.7
2324.76
2309.21
2306.68
2348.5
2368.47
2348.85
2348.18
2324.26
2342.39
2337.72
2335.77
2327.37
2318.17
2335.05
2329.05
2463.05
2416.94
2468.65
2458.68
2383.34
2376.71
2376.97
2371.39
2454.3
2395.24
2428.68
2424.11
2396.06
2446.34
2388.78
2402.89
2321.29
2311.13
2320.66
2316.84
2318.05
2328.74
2330.07
2325.45
2327.51
2328.73
2331.05
2327.33
2313.58
2322.32
2325.6
2320.31
2414.27
2389.28
2402.27
2407.62
2383.77
2364.85
2370.91
2374.56
2384.67
2370.6
2374.48
2379.47
2381.48
2392.37
2372.43
2377.47
)
;
    }
    pressure_outlet
    {
        type            zeroGradient;
    }
    velocity_inlet
    {
        type            fixedValue;
        value           uniform 22.3607;
    }
}


// ************************************************************************* //
