{
    "characteristic_length": 0.011903064354729999,
    "mesh_target_L": 0.000396803883955333,
    "mesh_num_elements": 70989,
    "bounding_box": {
        "xmin": -0.02561471259436,
        "ymin": -0.02561471259436,
        "zmin": -1e-07,
        "xmax": 0.02561471259436,
        "ymax": 0.02561471259436,
        "zmax": 0.011902964354729999
    },
    "num_nodes": 15357
}