{
    "characteristic_length": 0.011756130004799999,
    "mesh_target_L": 0.00039278515867109546,
    "mesh_num_elements": 73063,
    "bounding_box": {
        "xmin": -0.025383728909429998,
        "ymin": -0.025383728909429998,
        "zmin": -1e-07,
        "xmax": 0.025383728909429998,
        "ymax": 0.025383728909429998,
        "zmax": 0.0117560300048
    },
    "num_nodes": 15716
}