{
    "characteristic_length": 0.015800933504029998,
    "mesh_target_L": 0.00044720600289785813,
    "mesh_num_elements": 57757,
    "bounding_box": {
        "xmin": -0.02659959783872,
        "ymin": -0.02659959783872,
        "zmin": -1e-07,
        "xmax": 0.02659959783872,
        "ymax": 0.02659959783872,
        "zmax": 0.01580083350403
    },
    "num_nodes": 13046
}