{
    "characteristic_length": 0.011194837080019998,
    "mesh_target_L": 0.0004331821334586371,
    "mesh_num_elements": 66101,
    "bounding_box": {
        "xmin": -0.03012672488658,
        "ymin": -0.03012672488658,
        "zmin": -1e-07,
        "xmax": 0.03012672488658,
        "ymax": 0.03012672488658,
        "zmax": 0.011194737080019999
    },
    "num_nodes": 15004
}