{
    "characteristic_length": 0.0165034536792,
    "mesh_target_L": 0.0003597428048358574,
    "mesh_num_elements": 59110,
    "bounding_box": {
        "xmin": -0.01877827789866,
        "ymin": -0.01877827789866,
        "zmin": -1e-07,
        "xmax": 0.01877827789866,
        "ymax": 0.01877827789866,
        "zmax": 0.0165033536792
    },
    "num_nodes": 12763
}