{
    "characteristic_length": 0.019109568563389998,
    "mesh_target_L": 0.0005063472393393769,
    "mesh_num_elements": 60547,
    "bounding_box": {
        "xmin": -0.02914085132794,
        "ymin": -0.02914085132794,
        "zmin": -1e-07,
        "xmax": 0.02914085132794,
        "ymax": 0.02914085132794,
        "zmax": 0.01910946856339
    },
    "num_nodes": 13363
}