{
    "characteristic_length": 0.014937043643389998,
    "mesh_target_L": 0.000500951663599599,
    "mesh_num_elements": 68878,
    "bounding_box": {
        "xmin": -0.03243518776061,
        "ymin": -0.03243518776061,
        "zmin": -1e-07,
        "xmax": 0.03243518776061,
        "ymax": 0.03243518776061,
        "zmax": 0.014936943643389999
    },
    "num_nodes": 14986
}