{
    "characteristic_length": 0.013623492003689999,
    "mesh_target_L": 0.0002978247090693794,
    "mesh_num_elements": 67529,
    "bounding_box": {
        "xmin": -0.01556868297658,
        "ymin": -0.01556868297658,
        "zmin": -1e-07,
        "xmax": 0.01556868297658,
        "ymax": 0.01556868297658,
        "zmax": 0.01362339200369
    },
    "num_nodes": 14147
}