{
    "characteristic_length": 0.01739323609337,
    "mesh_target_L": 0.000467218955803543,
    "mesh_num_elements": 54035,
    "bounding_box": {
        "xmin": -0.027073567836529998,
        "ymin": -0.027073567836529998,
        "zmin": -1e-07,
        "xmax": 0.027073567836529998,
        "ymax": 0.027073567836529998,
        "zmax": 0.01739313609337
    },
    "num_nodes": 12377
}