{
    "characteristic_length": 0.01971660544188,
    "mesh_target_L": 0.0005018141112735256,
    "mesh_num_elements": 64283,
    "bounding_box": {
        "xmin": -0.02830435341336,
        "ymin": -0.02830435341336,
        "zmin": -1e-07,
        "xmax": 0.02830435341336,
        "ymax": 0.02830435341336,
        "zmax": 0.01971650544188
    },
    "num_nodes": 13822
}