{
    "characteristic_length": 0.0170163631032,
    "mesh_target_L": 0.0004028952150949775,
    "mesh_num_elements": 56685,
    "bounding_box": {
        "xmin": -0.02191844797076,
        "ymin": -0.02191844797076,
        "zmin": -1e-07,
        "xmax": 0.02191844797076,
        "ymax": 0.02191844797076,
        "zmax": 0.0170162631032
    },
    "num_nodes": 12608
}