{
    "characteristic_length": 0.01789057831839,
    "mesh_target_L": 0.0005483783141352099,
    "mesh_num_elements": 63725,
    "bounding_box": {
        "xmin": -0.033944016110910004,
        "ymin": -0.033944016110910004,
        "zmin": -1e-07,
        "xmax": 0.033944016110910004,
        "ymax": 0.033944016110910004,
        "zmax": 0.01789047831839
    },
    "num_nodes": 14005
}