{
    "characteristic_length": 0.01833746541531,
    "mesh_target_L": 0.0004332400008623036,
    "mesh_num_elements": 61858,
    "bounding_box": {
        "xmin": -0.02354388754107,
        "ymin": -0.02354388754107,
        "zmin": -1e-07,
        "xmax": 0.02354388754107,
        "ymax": 0.02354388754107,
        "zmax": 0.01833736541531
    },
    "num_nodes": 13372
}