{
    "characteristic_length": 0.01867202112501,
    "mesh_target_L": 0.0004936434921383528,
    "mesh_num_elements": 59469,
    "bounding_box": {
        "xmin": -0.02837784847202,
        "ymin": -0.02837784847202,
        "zmin": -1e-07,
        "xmax": 0.02837784847202,
        "ymax": 0.02837784847202,
        "zmax": 0.01867192112501
    },
    "num_nodes": 13169
}