{
    "characteristic_length": 0.013238125081199998,
    "mesh_target_L": 0.00042742277544715565,
    "mesh_num_elements": 56035,
    "bounding_box": {
        "xmin": -0.02715365254198,
        "ymin": -0.02715365254198,
        "zmin": -1e-07,
        "xmax": 0.02715365254198,
        "ymax": 0.02715365254198,
        "zmax": 0.013238025081199999
    },
    "num_nodes": 13178
}