{
    "characteristic_length": 0.012351859153259998,
    "mesh_target_L": 0.00039281636797586217,
    "mesh_num_elements": 58576,
    "bounding_box": {
        "xmin": -0.02476698863038,
        "ymin": -0.02476698863038,
        "zmin": -1e-07,
        "xmax": 0.02476698863038,
        "ymax": 0.02476698863038,
        "zmax": 0.012351759153259999
    },
    "num_nodes": 13511
}