{
    "characteristic_length": 0.011473635950749999,
    "mesh_target_L": 0.00034235809965495873,
    "mesh_num_elements": 54207,
    "bounding_box": {
        "xmin": -0.020908620694339998,
        "ymin": -0.020908620694339998,
        "zmin": -1e-07,
        "xmax": 0.020908620694339998,
        "ymax": 0.020908620694339998,
        "zmax": 0.01147353595075
    },
    "num_nodes": 12719
}