{
    "characteristic_length": 0.01647508296757,
    "mesh_target_L": 0.00031822012514638547,
    "mesh_num_elements": 60306,
    "bounding_box": {
        "xmin": -0.0156362521277,
        "ymin": -0.0156362521277,
        "zmin": -1e-07,
        "xmax": 0.0156362521277,
        "ymax": 0.0156362521277,
        "zmax": 0.01647498296757
    },
    "num_nodes": 12833
}