{
    "characteristic_length": 0.017904783517929998,
    "mesh_target_L": 0.0004627777750389426,
    "mesh_num_elements": 54649,
    "bounding_box": {
        "xmin": -0.02630444905054,
        "ymin": -0.02630444905054,
        "zmin": -1e-07,
        "xmax": 0.02630444905054,
        "ymax": 0.02630444905054,
        "zmax": 0.01790468351793
    },
    "num_nodes": 12308
}