{
    "characteristic_length": 0.01551416134551,
    "mesh_target_L": 0.000331686207158114,
    "mesh_num_elements": 71738,
    "bounding_box": {
        "xmin": -0.01714675620024,
        "ymin": -0.01714675620024,
        "zmin": -1e-07,
        "xmax": 0.01714675620024,
        "ymax": 0.01714675620024,
        "zmax": 0.01551406134551
    },
    "num_nodes": 14965
}