{
    "characteristic_length": 0.01609328189449,
    "mesh_target_L": 0.00039407982773657344,
    "mesh_num_elements": 54858,
    "bounding_box": {
        "xmin": -0.02180263599961,
        "ymin": -0.02180263599961,
        "zmin": -1e-07,
        "xmax": 0.02180263599961,
        "ymax": 0.02180263599961,
        "zmax": 0.01609318189449
    },
    "num_nodes": 12351
}