{
    "characteristic_length": 0.013057840612129999,
    "mesh_target_L": 0.0003542127189573236,
    "mesh_num_elements": 61416,
    "bounding_box": {
        "xmin": -0.0206260255972,
        "ymin": -0.0206260255972,
        "zmin": -1e-07,
        "xmax": 0.0206260255972,
        "ymax": 0.0206260255972,
        "zmax": 0.01305774061213
    },
    "num_nodes": 13428
}