{
    "characteristic_length": 0.010145611599719998,
    "mesh_target_L": 0.00043553052006986266,
    "mesh_num_elements": 70972,
    "bounding_box": {
        "xmin": -0.03190390042116,
        "ymin": -0.03190390042116,
        "zmin": -1e-07,
        "xmax": 0.03190390042116,
        "ymax": 0.03190390042116,
        "zmax": 0.010145511599719999
    },
    "num_nodes": 15765
}