{
    "characteristic_length": 0.01690242243564,
    "mesh_target_L": 0.0004999682790122964,
    "mesh_num_elements": 65206,
    "bounding_box": {
        "xmin": -0.03040144365082,
        "ymin": -0.03040144365082,
        "zmin": -1e-07,
        "xmax": 0.03040144365082,
        "ymax": 0.03040144365082,
        "zmax": 0.01690232243564
    },
    "num_nodes": 14171
}