{
    "characteristic_length": 0.010299015526629998,
    "mesh_target_L": 0.0004633142132644265,
    "mesh_num_elements": 61915,
    "bounding_box": {
        "xmin": -0.034743261505930004,
        "ymin": -0.034743261505930004,
        "zmin": -1e-07,
        "xmax": 0.034743261505930004,
        "ymax": 0.034743261505930004,
        "zmax": 0.010298915526629999
    },
    "num_nodes": 14884
}