{
    "characteristic_length": 0.015323962093759998,
    "mesh_target_L": 0.00039519017580368114,
    "mesh_num_elements": 66490,
    "bounding_box": {
        "xmin": -0.02243771780145,
        "ymin": -0.02243771780145,
        "zmin": -1e-07,
        "xmax": 0.02243771780145,
        "ymax": 0.02243771780145,
        "zmax": 0.015323862093759999
    },
    "num_nodes": 14165
}