{
    "characteristic_length": 0.012390276920969999,
    "mesh_target_L": 0.00033752807124341636,
    "mesh_num_elements": 56555,
    "bounding_box": {
        "xmin": -0.01969605945667,
        "ymin": -0.01969605945667,
        "zmin": -1e-07,
        "xmax": 0.01969605945667,
        "ymax": 0.01969605945667,
        "zmax": 0.01239017692097
    },
    "num_nodes": 12730
}