{
    "characteristic_length": 0.01830315601671,
    "mesh_target_L": 0.0005532251509853183,
    "mesh_num_elements": 64983,
    "bounding_box": {
        "xmin": -0.034005165249000005,
        "ymin": -0.034005165249000005,
        "zmin": -1e-07,
        "xmax": 0.034005165249000005,
        "ymax": 0.034005165249000005,
        "zmax": 0.01830305601671
    },
    "num_nodes": 14114
}