{
    "characteristic_length": 0.01891033122915,
    "mesh_target_L": 0.000547555659998804,
    "mesh_num_elements": 60419,
    "bounding_box": {
        "xmin": -0.032941839537950005,
        "ymin": -0.032941839537950005,
        "zmin": -1e-07,
        "xmax": 0.032941839537950005,
        "ymax": 0.032941839537950005,
        "zmax": 0.01891023122915
    },
    "num_nodes": 13608
}