{
    "characteristic_length": 0.01925988884072,
    "mesh_target_L": 0.0004474350108134471,
    "mesh_num_elements": 65347,
    "bounding_box": {
        "xmin": -0.02411143531001,
        "ymin": -0.02411143531001,
        "zmin": -1e-07,
        "xmax": 0.02411143531001,
        "ymax": 0.02411143531001,
        "zmax": 0.01925978884072
    },
    "num_nodes": 13873
}