{
    "characteristic_length": 0.01423362349726,
    "mesh_target_L": 0.00032005970721899656,
    "mesh_num_elements": 55150,
    "bounding_box": {
        "xmin": -0.01696851259045,
        "ymin": -0.01696851259045,
        "zmin": -1e-07,
        "xmax": 0.01696851259045,
        "ymax": 0.01696851259045,
        "zmax": 0.01423352349726
    },
    "num_nodes": 12213
}