{
    "characteristic_length": 0.01435890309239,
    "mesh_target_L": 0.00034448425555533676,
    "mesh_num_elements": 61524,
    "bounding_box": {
        "xmin": -0.01886463646962,
        "ymin": -0.01886463646962,
        "zmin": -1e-07,
        "xmax": 0.01886463646962,
        "ymax": 0.01886463646962,
        "zmax": 0.01435880309239
    },
    "num_nodes": 13370
}