{
    "characteristic_length": 0.01275851025426,
    "mesh_target_L": 0.0004889820366875785,
    "mesh_num_elements": 62083,
    "bounding_box": {
        "xmin": -0.033844989264020006,
        "ymin": -0.033844989264020006,
        "zmin": -1e-07,
        "xmax": 0.033844989264020006,
        "ymax": 0.033844989264020006,
        "zmax": 0.01275841025426
    },
    "num_nodes": 14594
}