{
    "characteristic_length": 0.01979937898423,
    "mesh_target_L": 0.00043306082699449917,
    "mesh_num_elements": 52062,
    "bounding_box": {
        "xmin": -0.022643970141239998,
        "ymin": -0.022643970141239998,
        "zmin": -1e-07,
        "xmax": 0.022643970141239998,
        "ymax": 0.022643970141239998,
        "zmax": 0.01979927898423
    },
    "num_nodes": 11647
}