{
    "characteristic_length": 0.013760758401909998,
    "mesh_target_L": 0.0004536411161139965,
    "mesh_num_elements": 66924,
    "bounding_box": {
        "xmin": -0.029120742018569998,
        "ymin": -0.029120742018569998,
        "zmin": -1e-07,
        "xmax": 0.029120742018569998,
        "ymax": 0.029120742018569998,
        "zmax": 0.013760658401909999
    },
    "num_nodes": 14525
}