{
    "characteristic_length": 0.010742434609559998,
    "mesh_target_L": 0.0003606657982294924,
    "mesh_num_elements": 60862,
    "bounding_box": {
        "xmin": -0.02336474726298,
        "ymin": -0.02336474726298,
        "zmin": -1e-07,
        "xmax": 0.02336474726298,
        "ymax": 0.02336474726298,
        "zmax": 0.010742334609559999
    },
    "num_nodes": 13960
}