{
    "characteristic_length": 0.012797940171549999,
    "mesh_target_L": 0.0003388566216700156,
    "mesh_num_elements": 54648,
    "bounding_box": {
        "xmin": -0.01949435784093,
        "ymin": -0.01949435784093,
        "zmin": -1e-07,
        "xmax": 0.01949435784093,
        "ymax": 0.01949435784093,
        "zmax": 0.01279784017155
    },
    "num_nodes": 12504
}