{
    "characteristic_length": 0.01547907095147,
    "mesh_target_L": 0.00032168524376895185,
    "mesh_num_elements": 60163,
    "bounding_box": {
        "xmin": -0.01639567384341,
        "ymin": -0.01639567384341,
        "zmin": -1e-07,
        "xmax": 0.01639567384341,
        "ymax": 0.01639567384341,
        "zmax": 0.01547897095147
    },
    "num_nodes": 12851
}