{
    "characteristic_length": 0.010993911359339999,
    "mesh_target_L": 0.0004409184897524714,
    "mesh_num_elements": 66323,
    "bounding_box": {
        "xmin": -0.03121881094663,
        "ymin": -0.03121881094663,
        "zmin": -1e-07,
        "xmax": 0.03121881094663,
        "ymax": 0.03121881094663,
        "zmax": 0.01099381135934
    },
    "num_nodes": 15312
}