{
    "characteristic_length": 0.014575580196299998,
    "mesh_target_L": 0.00033324377535993066,
    "mesh_num_elements": 59482,
    "bounding_box": {
        "xmin": -0.01781497223557,
        "ymin": -0.01781497223557,
        "zmin": -1e-07,
        "xmax": 0.01781497223557,
        "ymax": 0.01781497223557,
        "zmax": 0.014575480196299999
    },
    "num_nodes": 12910
}