{
    "length": 0.013760558401906308,
    "width": 0.05824128403714639,
    "convergence_ratio": 1.0572427481230684,
    "wall_thickness": 0.005
}