{
    "length": 0.013680874126757267,
    "width": 0.06322630820350802,
    "convergence_ratio": 1.0348070398271954,
    "wall_thickness": 0.005
}