{
    "length": 0.012643735675791747,
    "width": 0.06524184667696786,
    "convergence_ratio": 1.1830563754090593,
    "wall_thickness": 0.005
}