{
    "length": 0.010742234609557665,
    "width": 0.04672929452596669,
    "convergence_ratio": 1.2423264572099848,
    "wall_thickness": 0.005
}