{
    "length": 0.01830295601671303,
    "width": 0.06801013049800345,
    "convergence_ratio": 1.0837493893419252,
    "wall_thickness": 0.005
}