{
    "length": 0.012351659153257043,
    "width": 0.04953377726075141,
    "convergence_ratio": 1.296903292176234,
    "wall_thickness": 0.005
}