{
    "length": 0.013455255636780055,
    "width": 0.058786314209871335,
    "convergence_ratio": 1.3135137322341321,
    "wall_thickness": 0.005
}