{
    "length": 0.013623292003686779,
    "width": 0.031137165953152936,
    "convergence_ratio": 1.0379769152872407,
    "wall_thickness": 0.005
}