{
    "length": 0.010993711359337612,
    "width": 0.062437421893250904,
    "convergence_ratio": 1.1880104397712208,
    "wall_thickness": 0.005
}