{
    "length": 0.01979917898423373,
    "width": 0.045287740282480185,
    "convergence_ratio": 1.3695427440354937,
    "wall_thickness": 0.005
}