{
    "length": 0.012390076920970102,
    "width": 0.039391918913339236,
    "convergence_ratio": 1.296708236627563,
    "wall_thickness": 0.005
}