{
    "length": 0.01968265266686126,
    "width": 0.04373882061984554,
    "convergence_ratio": 1.0172990346647033,
    "wall_thickness": 0.005
}