{
    "length": 0.01174470643839388,
    "width": 0.03226520901024777,
    "convergence_ratio": 1.229171874902294,
    "wall_thickness": 0.005
}