{
    "length": 0.015478870951470543,
    "width": 0.0327911476868292,
    "convergence_ratio": 1.1382673065098021,
    "wall_thickness": 0.005
}