{
    "length": 0.015513961345509496,
    "width": 0.03429331240047514,
    "convergence_ratio": 1.0030381706646518,
    "wall_thickness": 0.005
}