{
    "length": 0.01925968884071931,
    "width": 0.04822267062001784,
    "convergence_ratio": 1.0837469609660308,
    "wall_thickness": 0.005
}