{
    "length": 0.01175593000480449,
    "width": 0.050767257818859324,
    "convergence_ratio": 1.0208504769678288,
    "wall_thickness": 0.005
}