{
    "length": 0.019716405441884667,
    "width": 0.0566085068267133,
    "convergence_ratio": 1.1150357412583836,
    "wall_thickness": 0.005
}