{
    "length": 0.010875930913696354,
    "width": 0.03846533853188083,
    "convergence_ratio": 1.0764791547915942,
    "wall_thickness": 0.005
}