{
    "length": 0.014028246743814247,
    "width": 0.055933855701363853,
    "convergence_ratio": 1.3491402205076883,
    "wall_thickness": 0.005
}