{
    "length": 0.011194637080022721,
    "width": 0.06025324977316078,
    "convergence_ratio": 1.1587696488718329,
    "wall_thickness": 0.005
}