{
    "length": 0.017904583517930887,
    "width": 0.05260869810108532,
    "convergence_ratio": 1.318961879829256,
    "wall_thickness": 0.005
}