{
    "length": 0.016493305290680518,
    "width": 0.03521764720302421,
    "convergence_ratio": 1.1244598156825334,
    "wall_thickness": 0.005
}