{
    "length": 0.01739303609337419,
    "width": 0.0541469356730605,
    "convergence_ratio": 1.3792249331689406,
    "wall_thickness": 0.005
}