{
    "length": 0.016474882967573597,
    "width": 0.03127230425540972,
    "convergence_ratio": 1.1543820291670186,
    "wall_thickness": 0.005
}