{
    "length": 0.011473435950752009,
    "width": 0.041817041388677485,
    "convergence_ratio": 1.39944252421797,
    "wall_thickness": 0.005
}