{
    "length": 0.01662215335560132,
    "width": 0.05351275369214514,
    "convergence_ratio": 1.2969866430501242,
    "wall_thickness": 0.005
}