{
    "length": 0.014233423497260263,
    "width": 0.033936825180902665,
    "convergence_ratio": 1.3236529841072064,
    "wall_thickness": 0.005
}