{
    "length": 0.01729396542962946,
    "width": 0.05135434398533388,
    "convergence_ratio": 1.3730016520986548,
    "wall_thickness": 0.005
}