{
    "length": 0.013237925081200938,
    "width": 0.05430710508395046,
    "convergence_ratio": 1.353316868988615,
    "wall_thickness": 0.005
}