{
    "length": 0.010074513921266438,
    "width": 0.030189866513760537,
    "convergence_ratio": 1.2724698812126296,
    "wall_thickness": 0.005
}