{
    "length": 0.015201545716309554,
    "width": 0.04175879761281146,
    "convergence_ratio": 1.14323872392089,
    "wall_thickness": 0.005
}