{
    "length": 0.014358703092386476,
    "width": 0.03772907293924591,
    "convergence_ratio": 1.2076100911343604,
    "wall_thickness": 0.005
}