{
    "length": 0.017771692276477825,
    "width": 0.04630561564876561,
    "convergence_ratio": 1.2086690129348985,
    "wall_thickness": 0.005
}