{
    "length": 0.012312967512056131,
    "width": 0.04594026322311534,
    "convergence_ratio": 1.087316925031597,
    "wall_thickness": 0.005
}