{
    "length": 0.013057640612129828,
    "width": 0.04125185119439845,
    "convergence_ratio": 1.1690395131461744,
    "wall_thickness": 0.005
}