{
    "length": 0.015323762093759788,
    "width": 0.04487523560290179,
    "convergence_ratio": 1.067433911869837,
    "wall_thickness": 0.005
}