{
    "length": 0.014936843643394466,
    "width": 0.06487017552122967,
    "convergence_ratio": 1.0640571181316854,
    "wall_thickness": 0.005
}