{
    "length": 0.011193686589736091,
    "width": 0.03625288548315274,
    "convergence_ratio": 1.2464929937265719,
    "wall_thickness": 0.005
}