{
    "length": 0.010145411599719125,
    "width": 0.06380760084232531,
    "convergence_ratio": 1.0151336955681334,
    "wall_thickness": 0.005
}