{
    "length": 0.018671821125005192,
    "width": 0.05675549694404144,
    "convergence_ratio": 1.2438376337250032,
    "wall_thickness": 0.005
}