{
    "length": 0.016503253679200035,
    "width": 0.037556355797316185,
    "convergence_ratio": 1.1985848556235308,
    "wall_thickness": 0.005
}