{
    "length": 0.016093081894485606,
    "width": 0.04360507199922357,
    "convergence_ratio": 1.3575942541962975,
    "wall_thickness": 0.005
}