{
    "length": 0.01690222243564428,
    "width": 0.06080268730164064,
    "convergence_ratio": 1.1170162199375782,
    "wall_thickness": 0.005
}