{
    "length": 0.019109368563393382,
    "width": 0.058281502655886996,
    "convergence_ratio": 1.2245398621729044,
    "wall_thickness": 0.005
}