{
    "length": 0.010298815526625472,
    "width": 0.06948632301186614,
    "convergence_ratio": 1.2311966713228277,
    "wall_thickness": 0.005
}