{
    "length": 0.011902864354734241,
    "width": 0.05122922518872509,
    "convergence_ratio": 1.0402370334901005,
    "wall_thickness": 0.005
}