{
    "length": 0.018337265415311624,
    "width": 0.04708757508213616,
    "convergence_ratio": 1.1795694512164987,
    "wall_thickness": 0.005
}