{
    "length": 0.017016163103201084,
    "width": 0.043836695941521564,
    "convergence_ratio": 1.3359394615041094,
    "wall_thickness": 0.005
}