{
    "length": 0.018904606740185056,
    "width": 0.05694498461022007,
    "convergence_ratio": 1.1633467139489297,
    "wall_thickness": 0.005
}