{
    "length": 0.018910131229145807,
    "width": 0.06588347907589057,
    "convergence_ratio": 1.2730879473382903,
    "wall_thickness": 0.005
}