{
    "length": 0.012797740171545401,
    "width": 0.03898851568186885,
    "convergence_ratio": 1.393975617717391,
    "wall_thickness": 0.005
}