{
    "length": 0.015800733504025232,
    "width": 0.05319899567743812,
    "convergence_ratio": 1.3100245873748455,
    "wall_thickness": 0.005
}