{
    "length": 0.017890378318391638,
    "width": 0.06788783222181075,
    "convergence_ratio": 1.1365274022672756,
    "wall_thickness": 0.005
}