{
    "length": 0.01833052713283448,
    "width": 0.04935880284466576,
    "convergence_ratio": 1.3313048422976572,
    "wall_thickness": 0.005
}