{
    "length": 0.012758310254256978,
    "width": 0.06768977852803498,
    "convergence_ratio": 1.278339385272158,
    "wall_thickness": 0.005
}