{
    "length": 0.01456231593268013,
    "width": 0.06958201628250926,
    "convergence_ratio": 1.1199637390132018,
    "wall_thickness": 0.005
}