{
    "length": 0.015834598132098344,
    "width": 0.06148340551305571,
    "convergence_ratio": 1.3842243825711456,
    "wall_thickness": 0.005
}