{
    "length": 0.019439932331524912,
    "width": 0.06609637788685793,
    "convergence_ratio": 1.0557058337595802,
    "wall_thickness": 0.005
}