{
    "length": 0.01457538019630444,
    "width": 0.035629744471138515,
    "convergence_ratio": 1.2164979737792616,
    "wall_thickness": 0.005
}