/*--------------------------------*- C++ -*----------------------------------*\
| =========                 |                                                 |
| \\      /  F ield         | OpenFOAM: The Open Source CFD Toolbox           |
|  \\    /   O peration     | Version:  2412                                  |
|   \\  /    A nd           | Website:  www.openfoam.com                      |
|    \\/     M anipulation  |                                                 |
\*---------------------------------------------------------------------------*/
FoamFile
{
    version     2.0;
    format      ascii;
    arch        "LSB;label=32;scalar=64";
    class       volScalarField;
    location    "100";
    object      k;
}
// * * * * * * * * * * * * * * * * * * * * * * * * * * * * * * * * * * * * * //

dimensions      [0 2 -2 0 0 0 0];

internalField   nonuniform List<scalar> 
54912
(
0.00377804
0.0038555
0.00377834
0.00380027
0.00380585
0.00382391
0.00378562
0.00380189
0.00409233
0.00454905
0.00403145
0.0041636
0.00448158
0.0042834
0.00417747
0.00413617
0.00377781
0.0038697
0.00378011
0.00379152
0.00380693
0.00383352
0.00378484
0.00380517
0.00382781
0.00399367
0.00382783
0.00391587
0.00388248
0.00391459
0.00385059
0.00387562
0.00388761
0.00379189
0.00382954
0.00393864
0.00385055
0.0038178
0.00388954
0.00385034
0.00395641
0.00401517
0.00395963
0.00382132
0.00390064
0.00400474
0.00385773
0.00392999
0.00377506
0.00380815
0.00389657
0.00380462
0.00379454
0.0038231
0.00382365
0.00385242
0.00380028
0.003819
0.0039431
0.00390939
0.00383298
0.0038455
0.00387554
0.00388753
0.00375718
0.00375878
0.00375493
0.00377712
0.00376333
0.00375785
0.00376548
0.00376036
0.00375687
0.00375847
0.00375431
0.00376904
0.00376234
0.00375571
0.00376211
0.00375939
0.00375281
0.00375403
0.00375403
0.00377114
0.00375537
0.00375255
0.00376138
0.00375863
0.00379386
0.00379838
0.00379666
0.00383722
0.00380913
0.00379542
0.00381641
0.00380656
0.00376035
0.00375809
0.0037835
0.00378015
0.00376264
0.00376253
0.00377315
0.00377288
0.00375486
0.00376756
0.00375399
0.00375251
0.00375493
0.00375885
0.00375212
0.00375648
0.00375932
0.00378089
0.00378794
0.0037842
0.00376581
0.00377263
0.00377558
0.00378011
0.00375512
0.00377858
0.00378033
0.00375953
0.00375794
0.00376944
0.00376136
0.00377125
0.00375898
0.00376028
0.00376214
0.00378298
0.00376883
0.0037594
0.00377156
0.00376616
0.00376024
0.00375402
0.00375899
0.00377911
0.00376724
0.00375633
0.00377069
0.00376304
0.00376344
0.00375893
0.00376254
0.00379304
0.00377464
0.00375899
0.00377725
0.00376598
0.00381534
0.00380667
0.00382325
0.00384669
0.00382565
0.00381097
0.00383275
0.00382137
0.0037704
0.00377299
0.00379797
0.00379241
0.00377236
0.00377642
0.003784
0.00378542
0.00375972
0.00378252
0.00375919
0.00376106
0.00376631
0.00377602
0.00376235
0.00377232
0.00377668
0.00380194
0.00379696
0.00380801
0.00378966
0.00379256
0.00380267
0.00380314
0.00376782
0.00379801
0.00379004
0.00376609
0.00378025
0.00378994
0.00377533
0.00378818
0.00455974
0.00429135
0.00479361
0.00463452
0.00445936
0.00439079
0.00480995
0.00470778
0.00411158
0.00399901
0.00421752
0.00402838
0.00407591
0.00404698
0.00415153
0.00411923
0.00566865
0.00498666
0.00573733
0.0050238
0.00552692
0.0052748
0.00593961
0.00570978
0.00432751
0.00400481
0.00433856
0.00399375
0.00418466
0.00414805
0.0042165
0.00418167
0.00423349
0.00466436
0.00449884
0.00415947
0.004419
0.00456443
0.00426394
0.00442153
0.00418442
0.00412435
0.00428486
0.00457317
0.00436276
0.00426665
0.00442294
0.00437371
0.00550672
0.00468632
0.00417004
0.00466833
0.00499744
0.0046255
0.00469363
0.00439846
0.00536853
0.00458617
0.00413821
0.0045729
0.00506401
0.00461809
0.00465995
0.00436023
0.00613946
0.00445221
0.00462633
0.00549294
0.00524603
0.00471918
0.00549009
0.00472307
0.00412312
0.00396716
0.00399519
0.00399169
0.00405848
0.00401855
0.00401434
0.00396254
0.00408585
0.00397431
0.00394214
0.00395108
0.00402959
0.00399893
0.0039671
0.00392634
0.00422699
0.00401612
0.00397468
0.00397868
0.00411201
0.00404763
0.00403104
0.00396216
0.00431338
0.00442825
0.00474737
0.00408889
0.00424608
0.00442993
0.00417629
0.00436819
0.00421166
0.00402879
0.00403864
0.00427142
0.0041427
0.00407565
0.00416669
0.00409972
0.00435505
0.00442891
0.00403663
0.00406553
0.00426981
0.00421141
0.00415163
0.00411136
0.00421078
0.00400114
0.00397034
0.00397069
0.00412605
0.00407685
0.00404381
0.00401618
0.0052062
0.00547159
0.004925
0.00445074
0.00524829
0.00539905
0.00475811
0.00495786
0.00495301
0.00471234
0.00462933
0.00427794
0.00466181
0.00472706
0.00441286
0.0045075
0.00488008
0.00471292
0.00523901
0.00452366
0.00478782
0.00488015
0.00481113
0.00491906
0.0040983
0.00405196
0.00418294
0.00401493
0.00404941
0.00407477
0.00408661
0.00411578
0.00506003
0.00483063
0.00429291
0.00422711
0.0045363
0.00466836
0.00427901
0.0043369
0.00520424
0.00427519
0.00476711
0.00493968
0.00468746
0.00447996
0.00485679
0.00466835
0.00463151
0.00423572
0.0041554
0.00431215
0.00437661
0.0042934
0.00430836
0.00421264
0.00477434
0.00437478
0.00421146
0.00459296
0.00460985
0.00436672
0.00448606
0.00430318
0.00395405
0.00393994
0.00411847
0.00395264
0.00394066
0.00397951
0.00399329
0.0040531
0.00396489
0.00401883
0.00429049
0.00397307
0.00396621
0.00407876
0.0040218
0.0041603
0.00445628
0.00476295
0.00522057
0.00453008
0.00453639
0.00474067
0.00466042
0.0049112
0.00398616
0.00400375
0.00413901
0.00395253
0.00398975
0.00404966
0.00401603
0.00408302
0.00394145
0.00410627
0.00395578
0.00397537
0.00398176
0.00403258
0.00394703
0.00399585
0.00400595
0.00402695
0.00433754
0.00419418
0.00405775
0.00407671
0.004127
0.00415925
0.00423297
0.00403496
0.00406018
0.00423739
0.00415768
0.00409505
0.00419729
0.00411611
0.00435454
0.00439627
0.00414834
0.00455851
0.00443621
0.0043174
0.00434585
0.00425904
0.00645355
0.00496794
0.00729999
0.00569453
0.00612395
0.00651269
0.00625609
0.00666279
0.00422907
0.00398349
0.00446515
0.00405161
0.00408807
0.00412025
0.00422854
0.00424473
0.0074818
0.00565243
0.00725753
0.00537569
0.00650169
0.00677483
0.00605928
0.00667505
0.00435765
0.00406267
0.00435516
0.00403331
0.00418062
0.00423964
0.00416369
0.00423271
0.00463465
0.00666414
0.00504697
0.0043015
0.00485656
0.006051
0.00451374
0.00520477
0.0047154
0.00437979
0.00520756
0.00714808
0.00489252
0.00475884
0.00515357
0.00502431
0.00635098
0.00487573
0.00431994
0.00481515
0.00546171
0.00513234
0.00509302
0.00477633
0.00701079
0.00510108
0.00438067
0.00526944
0.00590024
0.00533619
0.00501162
0.00459728
0.00377454
0.00380775
0.0038065
0.00380451
0.00378592
0.00379579
0.003798
0.00380994
0.0038489
0.00394404
0.00393339
0.00392251
0.00386969
0.00389166
0.00389354
0.00392262
0.00384368
0.00391351
0.00391882
0.00391852
0.00386266
0.00387896
0.0038849
0.00390711
0.0038417
0.00394287
0.00393645
0.00391372
0.00386167
0.00390212
0.0038938
0.0039447
0.00382205
0.00382041
0.00381804
0.00387949
0.00383839
0.00382379
0.00385506
0.00383852
0.00383197
0.00389895
0.00388276
0.00382736
0.00385122
0.00387126
0.00384199
0.00386041
0.00383644
0.00383299
0.00391211
0.00390337
0.00385344
0.00385685
0.00387517
0.00387882
0.00384716
0.00392181
0.00393578
0.00390879
0.00386675
0.00389204
0.00388303
0.00391026
0.0037781
0.00380847
0.00381848
0.00380758
0.00378749
0.00380357
0.00379874
0.00381201
0.00384012
0.00390284
0.00393108
0.00390838
0.00385649
0.00388011
0.00387777
0.0038961
0.00386089
0.00394945
0.00392818
0.0039496
0.00388406
0.00389604
0.00391183
0.00392159
0.00384801
0.00393041
0.00396064
0.00391819
0.00386704
0.00389617
0.00389537
0.00392013
0.00382179
0.00383174
0.00381985
0.00387561
0.00383921
0.00382571
0.00385464
0.00383862
0.00383912
0.00391645
0.00389915
0.00384464
0.00385346
0.00387859
0.00386083
0.00388203
0.00384932
0.00383526
0.00390395
0.00391623
0.00386888
0.00385006
0.00388734
0.00387015
0.00386009
0.00393305
0.00394797
0.00392696
0.00388391
0.003911
0.00391096
0.003963
0.0038904
0.00389906
0.00384806
0.00393361
0.00389086
0.00386925
0.00389133
0.0038686
0.00390468
0.00390544
0.00386307
0.00394225
0.0039166
0.00388951
0.00391081
0.00388516
0.00381324
0.00381698
0.00377142
0.00380573
0.00380861
0.00380081
0.00379399
0.00378309
0.00394046
0.00391262
0.0038429
0.00389363
0.00390981
0.00389218
0.00387779
0.00385871
0.00391299
0.00384948
0.00392891
0.00394214
0.00391437
0.0038711
0.00395513
0.00390267
0.00388336
0.00391852
0.0038495
0.00383438
0.00388739
0.00389117
0.00386335
0.0038658
0.00384257
0.00390953
0.00389896
0.00383273
0.00386295
0.00388215
0.00384895
0.00387105
0.00382651
0.00381835
0.00387516
0.00383133
0.00382323
0.00383702
0.00384749
0.003858
0.0046002
0.00441325
0.00434094
0.00429477
0.00450082
0.0044667
0.00441453
0.0043956
0.00414515
0.00394297
0.00393762
0.00399066
0.00406707
0.00397465
0.00403634
0.00394538
0.00407531
0.00392676
0.0039138
0.00397128
0.00401949
0.00394102
0.00399852
0.00391624
0.00406391
0.00394659
0.00398249
0.00392163
0.00400828
0.00399765
0.00396617
0.00395379
0.004291
0.00427297
0.00421836
0.00405294
0.00422156
0.00434671
0.00412348
0.00422247
0.00418806
0.00403137
0.00397424
0.00416117
0.00414208
0.00408336
0.00412381
0.00405486
0.00423484
0.00415085
0.00400553
0.00403196
0.00416057
0.00413766
0.00407736
0.00408224
0.00409489
0.00397078
0.00398943
0.00394165
0.00406881
0.00401617
0.00402678
0.00399973
0.00468396
0.00501691
0.0055479
0.0047872
0.0050127
0.00523382
0.00497925
0.00526155
0.00606372
0.00566836
0.00588901
0.00507535
0.006383
0.00643723
0.00565308
0.00587939
0.00614228
0.00641513
0.00713397
0.00539288
0.00613349
0.00680838
0.00593393
0.0066142
0.0043887
0.00441448
0.0044451
0.00405233
0.00431563
0.00447112
0.00417139
0.00434252
0.00576698
0.00578621
0.00483611
0.00487273
0.00560334
0.00547976
0.00515708
0.00514208
0.00615804
0.00517853
0.00615665
0.00623571
0.00603707
0.00560284
0.0063471
0.00596763
0.00527538
0.00461893
0.00464944
0.00470923
0.00501282
0.00487262
0.00485978
0.00465883
0.00574609
0.00511608
0.00497568
0.00611007
0.00567842
0.00526435
0.00563465
0.0051335
0.0163292
0.0153159
0.0161655
0.0143878
0.0141712
0.0162238
0.0136483
0.0145367
0.0146229
0.0144087
0.0156412
0.0105944
0.0124639
0.0144511
0.0122045
0.0137295
0.0162667
0.0168562
0.0163419
0.0185878
0.0147777
0.0166131
0.0143958
0.0151866
0.0150288
0.0130973
0.0167576
0.00578191
0.0134172
0.016406
0.014202
0.0156088
0.0123602
0.0141397
0.0141115
0.0114858
0.011835
0.0132941
0.0120692
0.01432
0.0148304
0.0125754
0.016448
0.0162399
0.0133816
0.0141255
0.0152767
0.014369
0.0136072
0.0147617
0.0141511
0.0195998
0.0160975
0.0147756
0.019375
0.0223304
0.0148871
0.0188786
0.0135223
0.0151519
0.0142377
0.0183618
0.0139856
0.0132549
0.00377479
0.00380821
0.00380993
0.00381529
0.0037882
0.00379959
0.00379994
0.00380896
0.00384303
0.00389434
0.00389639
0.00393033
0.00386836
0.00387936
0.00389104
0.00390079
0.00384266
0.00388795
0.00388875
0.00393287
0.00386245
0.0038763
0.0038845
0.00389443
0.00387796
0.00399169
0.00398325
0.00395725
0.00390747
0.00393467
0.00393173
0.00396199
0.00382622
0.0038243
0.00383494
0.00390193
0.00384415
0.00382428
0.00387081
0.00384666
0.00383307
0.00391033
0.00387449
0.00383382
0.00384913
0.00387195
0.00384325
0.00386441
0.00384066
0.00385712
0.00393618
0.00393161
0.00386995
0.00386655
0.0038973
0.00389632
0.00384777
0.00393693
0.00394347
0.00389362
0.00386629
0.0039038
0.00388677
0.00393308
0.00391134
0.00391019
0.00407297
0.0039678
0.00391776
0.0039436
0.00399288
0.00401867
0.00392634
0.00392427
0.00410588
0.00396574
0.00393625
0.00397576
0.00399907
0.00403228
0.00435062
0.00439542
0.00456726
0.00441352
0.00440252
0.00447154
0.004499
0.00451171
0.00403502
0.00405433
0.00414792
0.00399166
0.00401275
0.00406956
0.00403853
0.00408766
0.00391787
0.00413456
0.00397755
0.00398337
0.00400069
0.00407951
0.00396848
0.00402613
0.00394693
0.00403083
0.00424019
0.00421948
0.00403067
0.00408895
0.00410683
0.00415566
0.00426438
0.00407735
0.00410419
0.00423117
0.00417803
0.00409983
0.00418563
0.00414752
0.00429417
0.00431071
0.00414186
0.00435351
0.00435772
0.00426773
0.00430931
0.00423682
0.0037675
0.00379785
0.0037725
0.0037926
0.00377952
0.00378465
0.00378261
0.00379035
0.00383024
0.00389526
0.00383672
0.00391517
0.00385404
0.00385481
0.00385578
0.00386512
0.00377108
0.0038039
0.00377351
0.0038
0.00378485
0.00378737
0.00378601
0.0037934
0.00382362
0.00391206
0.00382974
0.00388957
0.00384714
0.0038523
0.00385145
0.00386172
0.0038122
0.00378572
0.00380709
0.00385663
0.0038168
0.00380006
0.00383198
0.00381179
0.00381523
0.00385763
0.00381678
0.00378832
0.00382261
0.00382663
0.00380217
0.00381537
0.0037859
0.00381019
0.00385851
0.00381111
0.00379749
0.00381768
0.0038117
0.00382823
0.00379324
0.00382302
0.00386894
0.00382683
0.00380281
0.00381858
0.00382066
0.00384049
0.00381274
0.00414708
0.0043188
0.00381786
0.00383335
0.00396763
0.00385022
0.00394221
0.00435929
0.00455531
0.0078497
0.00420675
0.00434937
0.00450357
0.00464033
0.00483089
0.00501627
0.0101593
0.00839144
0.00524628
0.00519298
0.00634839
0.00571978
0.00611417
0.00386405
0.00394667
0.00451635
0.00405769
0.00388404
0.00391298
0.00401433
0.00402971
0.00418193
0.00453025
0.00383205
0.00396884
0.00416664
0.0040375
0.00394623
0.00387358
0.00435331
0.00412812
0.00824125
0.00544761
0.00441602
0.00463761
0.00647575
0.00655994
0.00429451
0.00385259
0.00396965
0.00439338
0.00395005
0.00387684
0.00398505
0.003906
0.00472966
0.004468
0.00409122
0.00769281
0.00483973
0.00421842
0.00591615
0.00458734
0.0111223
0.0154879
0.011774
0.0075115
0.010304
0.0134476
0.00999543
0.0119773
0.0117212
0.00524897
0.00948094
0.00541327
0.00961368
0.00838356
0.00961393
0.00885582
0.0121799
0.0115465
0.0125015
0.00773863
0.0114136
0.0116533
0.0115089
0.0115409
0.00559295
0.00448775
0.00538206
0.00442508
0.00510153
0.0051055
0.00516609
0.00513002
0.0139713
0.0116737
0.00731182
0.00622386
0.0136267
0.0123315
0.00740511
0.00816455
0.013672
0.00645396
0.0111145
0.0128919
0.0135671
0.0115775
0.0136336
0.0121637
0.0111122
0.00738575
0.00630279
0.00732062
0.00816287
0.00798614
0.00739121
0.00704517
0.0118523
0.00755846
0.00642997
0.0113594
0.0115022
0.0077776
0.0121168
0.00692256
0.0104
0.0127431
0.00991821
0.0059249
0.00857146
0.00917955
0.00922927
0.00905125
0.00909118
0.00503221
0.0103731
0.00488276
0.00732253
0.0078681
0.00827893
0.0082736
0.0112339
0.0145118
0.0111728
0.00740592
0.0103265
0.0110865
0.0100049
0.0104945
0.00485076
0.00412189
0.0052244
0.00422381
0.00450366
0.00477982
0.00464508
0.00476692
0.0106804
0.00935717
0.00533762
0.00480719
0.0111035
0.00874609
0.00538619
0.00592021
0.0115553
0.00576803
0.0133397
0.0104072
0.0115713
0.0113008
0.0129615
0.0123911
0.00923731
0.00555134
0.004892
0.00673822
0.00694593
0.00595341
0.00663249
0.00604432
0.00983025
0.00708402
0.00539571
0.0131779
0.00946314
0.0072422
0.0122925
0.00656582
0.00376116
0.00376214
0.0037899
0.00378989
0.003772
0.00376601
0.00378272
0.00377705
0.00376434
0.00376204
0.00378362
0.00379645
0.00377663
0.00376723
0.00378697
0.00377859
0.00381733
0.00381299
0.00386194
0.00388333
0.00383427
0.00382212
0.00385207
0.00383931
0.0038242
0.00382845
0.00388863
0.00387358
0.00384075
0.0038449
0.00386073
0.00386393
0.00377158
0.00380283
0.00380267
0.00380519
0.00378226
0.00379102
0.00379249
0.00380308
0.00376686
0.00380639
0.00379001
0.00379364
0.00377783
0.00379293
0.00378539
0.00380028
0.00381716
0.00381587
0.00381908
0.00386731
0.00383186
0.00381626
0.00384752
0.00383151
0.00380739
0.00386993
0.00382056
0.00380264
0.00382386
0.00384673
0.00381381
0.00383257
0.00375524
0.00376466
0.00377961
0.00377936
0.00376036
0.00376097
0.0037685
0.0037697
0.0037705
0.00376592
0.00379834
0.00380537
0.00377685
0.00378074
0.00378984
0.0037912
0.00381505
0.00382444
0.00386274
0.00386708
0.0038236
0.00382829
0.0038403
0.00384273
0.00382037
0.00384156
0.00387392
0.00388047
0.00383652
0.00384255
0.00385477
0.00385892
0.00377397
0.0037866
0.00378975
0.00380901
0.00378447
0.00377964
0.00379767
0.00379578
0.00377791
0.00381683
0.00380257
0.00379169
0.00378667
0.00379646
0.00379157
0.00380041
0.00380048
0.00380309
0.00382476
0.00384563
0.00381896
0.00380622
0.00382782
0.00381837
0.00380314
0.00384995
0.00383028
0.00381529
0.00381545
0.0038353
0.00381415
0.00383801
0.0059896
0.00482686
0.00519668
0.00547253
0.00545558
0.00506589
0.00562659
0.00501366
0.00517516
0.00552355
0.00452726
0.00484095
0.00503974
0.00494014
0.00485746
0.00474224
0.004428
0.00417869
0.00403121
0.00407448
0.00421314
0.00410166
0.00418454
0.00401778
0.00493574
0.00435846
0.00421396
0.00434177
0.00450463
0.00429578
0.00461973
0.00416205
0.00477345
0.00483314
0.00504727
0.00455425
0.00472494
0.00490536
0.00468358
0.00473499
0.00475541
0.00451869
0.00436513
0.00453717
0.00457968
0.00455866
0.00447101
0.00438052
0.00485904
0.00523046
0.00444874
0.00437567
0.00465369
0.00456979
0.00433325
0.00445653
0.00438149
0.00405377
0.00435974
0.00423286
0.0042682
0.00414154
0.00427779
0.00418755
0.0037701
0.00375994
0.00379501
0.00379754
0.00377361
0.00376595
0.00378275
0.0037797
0.00375773
0.0037542
0.0037813
0.0037821
0.00375758
0.00375574
0.00376681
0.00376643
0.00382635
0.00381941
0.00388638
0.00388906
0.0038342
0.00382535
0.00385086
0.00384762
0.00383365
0.00382282
0.00390756
0.00391538
0.00384104
0.00383023
0.00386225
0.00385698
0.0037695
0.00380031
0.00380332
0.00379307
0.00377724
0.00378639
0.00378991
0.00379553
0.00376227
0.00378596
0.00378547
0.00379307
0.00377368
0.00377533
0.00378631
0.003791
0.00380989
0.00381487
0.00380473
0.00385887
0.00382783
0.00381102
0.00383963
0.00381653
0.00380517
0.00385642
0.00380275
0.00380201
0.00381387
0.00382935
0.00380274
0.00382404
0.00505901
0.00444529
0.00491079
0.00453911
0.00491724
0.00470251
0.00476396
0.00460248
0.00409458
0.00393775
0.00413148
0.0039524
0.00403676
0.00399017
0.00400872
0.00398687
0.00493798
0.00439296
0.0046673
0.00449269
0.00476206
0.00462701
0.00465636
0.00457827
0.00414881
0.00396449
0.00420872
0.00397117
0.00408811
0.0040307
0.00407701
0.00404454
0.00431234
0.00475177
0.00439309
0.00406832
0.00426375
0.00449166
0.00413331
0.00428065
0.00421463
0.00401445
0.00427115
0.00469736
0.00420635
0.00410519
0.00443966
0.00435154
0.00470681
0.00434635
0.00404651
0.00435508
0.00457168
0.00428563
0.00440201
0.00415689
0.00467906
0.00429991
0.00402242
0.00426582
0.00447058
0.00430539
0.00428309
0.00416504
0.00376612
0.00379724
0.00375788
0.00379313
0.00378405
0.0037777
0.00378382
0.00377642
0.00383991
0.00388832
0.00383937
0.0039096
0.00387532
0.00386875
0.00388691
0.00389473
0.00376446
0.0037974
0.00376453
0.00378425
0.00377751
0.00378186
0.00377826
0.00378411
0.00381862
0.00386968
0.00380914
0.00386705
0.00385237
0.0038418
0.00384466
0.00383734
0.00382333
0.00377031
0.00381561
0.00385954
0.00381696
0.00378486
0.00382699
0.00380535
0.00382224
0.00387509
0.00382149
0.00377381
0.00382171
0.00383746
0.00379263
0.00381878
0.0037695
0.00380811
0.00385451
0.00379912
0.00377648
0.00379973
0.00379951
0.00381327
0.00377419
0.00379529
0.00387192
0.00382708
0.00378738
0.00380576
0.00381893
0.00382919
0.00378283
0.0038644
0.00381035
0.00381127
0.00381047
0.00383588
0.00380246
0.00382876
0.00404022
0.00449022
0.00414025
0.00432564
0.00418855
0.00432643
0.00421112
0.00430573
0.00385468
0.00400015
0.00395183
0.00402428
0.00390235
0.00394083
0.0039241
0.00398609
0.00386525
0.00420686
0.00409117
0.00404803
0.00395256
0.00404448
0.00398478
0.00410586
0.00391813
0.0038417
0.00385615
0.00407614
0.0039267
0.00387018
0.00395941
0.00389762
0.00397487
0.00418862
0.0040601
0.00387295
0.00397741
0.00408757
0.00390959
0.00398653
0.00384494
0.00385472
0.00409236
0.00396453
0.00386585
0.00389883
0.00391972
0.00396599
0.0038749
0.00405719
0.0041969
0.0040614
0.00392911
0.00399692
0.00399604
0.00407347
0.00482351
0.00458735
0.00497935
0.00435551
0.00458242
0.00473296
0.00454146
0.00477144
0.00435871
0.00398393
0.00424263
0.00403784
0.0043106
0.00419667
0.00415498
0.00417561
0.00506622
0.00458261
0.00486962
0.00450388
0.00486047
0.00500451
0.00487092
0.0048204
0.00411114
0.00397877
0.00418132
0.00395359
0.00410207
0.00419081
0.00408708
0.00415324
0.00456314
0.00496948
0.00430364
0.00417342
0.00460024
0.00463068
0.0042448
0.00444879
0.00477362
0.00424983
0.00460506
0.00540061
0.00485061
0.00437189
0.00497694
0.0046346
0.00486049
0.00429605
0.00409884
0.00441053
0.00456512
0.00445165
0.00449904
0.00426452
0.00497862
0.00448375
0.00417683
0.00451789
0.00463194
0.00456496
0.00442867
0.00423645
0.00413686
0.00406872
0.00392305
0.00409116
0.0040837
0.00404675
0.0040212
0.00396637
0.00393273
0.00390128
0.00383803
0.00391422
0.00388804
0.00387784
0.00387099
0.00384948
0.00382844
0.00380375
0.00377984
0.00381336
0.00381179
0.00380102
0.0038041
0.0037875
0.0039692
0.00393212
0.00385176
0.00390267
0.0039175
0.00390201
0.00389276
0.00386966
0.00395216
0.00389058
0.00402513
0.00392656
0.00392689
0.00395046
0.00398073
0.00398414
0.00391879
0.00389815
0.00382938
0.00386608
0.00387991
0.00385811
0.00387065
0.00384059
0.00386845
0.00397054
0.00390932
0.0038471
0.00389356
0.00392023
0.0038617
0.0038895
0.00384105
0.00382575
0.00387558
0.00381217
0.00382783
0.00384437
0.00383146
0.00385411
0.00584897
0.00773666
0.00532295
0.00531684
0.00609475
0.00660281
0.00554782
0.00609035
0.00955769
0.00894131
0.00657789
0.00593216
0.00795111
0.00813051
0.00693608
0.00732022
0.00453793
0.00475295
0.00403038
0.00416032
0.0045153
0.00442079
0.00430802
0.00421467
0.00471803
0.00459044
0.0042164
0.00405561
0.00454987
0.00461028
0.00433439
0.00432476
0.00787582
0.00550695
0.00544893
0.00560362
0.00681116
0.00628187
0.00620346
0.00578778
0.00843133
0.00582327
0.00599335
0.00555066
0.0075297
0.00678575
0.00630525
0.00622261
0.00509153
0.00502266
0.00519112
0.00452886
0.00494872
0.00535552
0.0048174
0.00504919
0.00511622
0.00440279
0.00535911
0.00537573
0.00501117
0.00472612
0.00550823
0.00497217
0.00532128
0.00477413
0.0047494
0.00482333
0.00502236
0.00478825
0.0049447
0.00469143
0.00419856
0.00394243
0.00396561
0.00395672
0.00408109
0.00397916
0.00396833
0.00391727
0.00456822
0.00416534
0.00424087
0.0042009
0.00438888
0.00426684
0.00426918
0.00415256
0.00425867
0.00398971
0.00401916
0.00393314
0.00411614
0.00405215
0.00399764
0.0039622
0.0045669
0.00451022
0.00471418
0.00415252
0.00428452
0.00453681
0.00432422
0.00453513
0.00440606
0.00401135
0.00402865
0.00437944
0.00411862
0.00403484
0.00421254
0.00410977
0.00454467
0.00442195
0.00403883
0.00422092
0.00440881
0.00427941
0.00425527
0.00413808
0.00440179
0.00413087
0.00397123
0.00401523
0.00423494
0.00413189
0.00409177
0.00403443
0.0146713
0.0144256
0.0166345
0.0129457
0.0125512
0.0163026
0.0129193
0.0153192
0.0160032
0.0158804
0.0152084
0.00796859
0.0115389
0.0161903
0.0116544
0.0153059
0.0167694
0.014503
0.0142293
0.00731491
0.0112244
0.0152592
0.0111065
0.0132841
0.0110486
0.00686526
0.00674482
0.00528377
0.00747307
0.00707108
0.00769257
0.00684236
0.00959296
0.0106232
0.0134212
0.0106256
0.00915258
0.00953205
0.0119091
0.0120159
0.0165593
0.00827645
0.016524
0.0184239
0.0160694
0.0112405
0.0170129
0.0114671
0.0108545
0.0133119
0.00940407
0.00845116
0.0112849
0.0117508
0.0092844
0.00991489
0.015769
0.00713876
0.00775574
0.0138749
0.0104089
0.00741866
0.0111948
0.00750192
0.00475581
0.00426511
0.00444829
0.00424302
0.00455791
0.00442317
0.00448279
0.00437121
0.00403961
0.00392866
0.00399672
0.00391636
0.00399672
0.0039673
0.00397718
0.00394889
0.00419063
0.00403424
0.00395954
0.00398776
0.00409763
0.00404884
0.0040444
0.00398063
0.00401492
0.00391022
0.00393206
0.00391722
0.00397132
0.00394304
0.00395364
0.00391637
0.00418052
0.00434118
0.00416541
0.00397206
0.00414953
0.00426191
0.00400914
0.00409757
0.00412115
0.00394985
0.00404211
0.00423239
0.00410035
0.00404546
0.00410465
0.0040805
0.00431413
0.00416953
0.00395058
0.00402121
0.00414589
0.004106
0.00406977
0.00403343
0.0042128
0.00397266
0.00392912
0.00399139
0.00412536
0.00402565
0.00403634
0.0039693
0.00522418
0.00457507
0.0044704
0.00448184
0.00475469
0.00457395
0.0046421
0.00450931
0.00466556
0.00505466
0.00491576
0.00456351
0.00469679
0.00506041
0.0046369
0.00494964
0.00420385
0.00430345
0.00404894
0.00400717
0.00412278
0.0042317
0.00404775
0.00413912
0.00420589
0.00423678
0.00404561
0.00399294
0.00414223
0.00415266
0.00407805
0.00410622
0.00450769
0.00437535
0.00434865
0.00437735
0.00447472
0.00443489
0.00442949
0.00437841
0.00459652
0.0044842
0.00473717
0.00444863
0.00454446
0.0045158
0.00452038
0.00443079
0.0043266
0.00429399
0.00432593
0.00411075
0.00422625
0.00434449
0.00419504
0.00427087
0.0043336
0.004111
0.00440375
0.00453656
0.0042661
0.00420412
0.00436004
0.00427955
0.00377397
0.00381183
0.00380572
0.00379682
0.00378525
0.00379638
0.00379502
0.00380385
0.00386398
0.00392742
0.0039833
0.00394182
0.00389329
0.00392257
0.00391818
0.00394235
0.00384487
0.003956
0.00390134
0.00389326
0.00386381
0.00389269
0.0038772
0.00390414
0.00382476
0.00390001
0.00388694
0.00388572
0.00384184
0.00386468
0.00385942
0.00387902
0.00382744
0.00381904
0.00380495
0.00387025
0.00384038
0.00381773
0.00384688
0.00382346
0.00384529
0.00390132
0.00392009
0.00383351
0.00385489
0.00387666
0.0038673
0.00388596
0.00382979
0.00381664
0.00389021
0.00386847
0.00383947
0.00383073
0.00385476
0.00384885
0.003843
0.00388775
0.00392096
0.00393412
0.00386233
0.00387713
0.00390216
0.0039293
0.00376118
0.00379528
0.00376825
0.00378854
0.00378103
0.00378781
0.00377863
0.00378637
0.0038386
0.00402095
0.00392712
0.00393964
0.0038919
0.00399291
0.0038904
0.00401093
0.00377186
0.00383927
0.0037765
0.00380588
0.00379851
0.00380853
0.00379227
0.00380401
0.0038261
0.00389434
0.00384192
0.00390756
0.00386397
0.0038794
0.00386035
0.00387381
0.00381882
0.00378804
0.00381215
0.00387131
0.00381798
0.00379926
0.00383562
0.0038241
0.00382808
0.00391064
0.00389878
0.00379158
0.00382683
0.00385264
0.00380477
0.00384266
0.0037835
0.00380759
0.00386253
0.00381967
0.00379639
0.00381764
0.00382403
0.00383598
0.00379244
0.00383007
0.00390879
0.00391072
0.00381014
0.00384088
0.00384092
0.00386291
0.0119165
0.0111892
0.00832053
0.00811606
0.0110798
0.0112689
0.0086844
0.00893862
0.00925421
0.0049436
0.00488587
0.00505775
0.00866114
0.00627911
0.00665186
0.00527494
0.00610698
0.0045124
0.00466927
0.00449253
0.00560674
0.00466979
0.0048742
0.0046105
0.0053112
0.00441998
0.0044005
0.00442623
0.00502134
0.00455431
0.00482437
0.00444397
0.0108884
0.00770792
0.0077059
0.0065243
0.00830945
0.00802083
0.00676087
0.00751813
0.00955073
0.00546202
0.00518401
0.00709704
0.00768382
0.00629911
0.00711213
0.00649894
0.00694097
0.00660396
0.0055945
0.00482957
0.0061951
0.00632338
0.00535588
0.00534604
0.0060963
0.00452475
0.00477158
0.00466077
0.00537144
0.00473385
0.00543365
0.00458776
0.0037609
0.00376753
0.0037901
0.00379599
0.0037727
0.00377481
0.00378304
0.00378089
0.00376328
0.00376423
0.0037975
0.00378854
0.00377049
0.00377739
0.00378288
0.00378862
0.00382657
0.00383208
0.00388601
0.00390155
0.00385247
0.00384496
0.00387201
0.00386415
0.00383336
0.00382244
0.00390651
0.00388628
0.00384494
0.0038473
0.0038706
0.0038733
0.00377567
0.00380607
0.00380566
0.00380003
0.00378737
0.00379527
0.00379238
0.00380463
0.00377727
0.00380442
0.00380883
0.00380515
0.00378864
0.00379735
0.00379814
0.00381104
0.00382055
0.00381986
0.00381438
0.00387576
0.00383572
0.0038178
0.00385328
0.00383173
0.0038197
0.00388037
0.00381877
0.00382272
0.00383937
0.00385814
0.00382516
0.00383909
0.0038954
0.00383434
0.00388098
0.00392362
0.0038712
0.00384798
0.00388232
0.00386502
0.00379566
0.00376218
0.00379018
0.00379626
0.00378467
0.00377093
0.00379116
0.00378118
0.00389029
0.00382969
0.00389311
0.00389405
0.00386394
0.00384984
0.00387907
0.00386871
0.00396514
0.00384094
0.00389737
0.00394965
0.00389959
0.00385697
0.00390853
0.0038749
0.00382289
0.00386677
0.00389759
0.00382609
0.00383163
0.0038483
0.00384799
0.00386229
0.00380655
0.00380708
0.00380235
0.00384791
0.00381898
0.00380304
0.00383045
0.00381521
0.0038821
0.0039105
0.00383337
0.0038784
0.00389909
0.00388118
0.00386547
0.00385044
0.00386552
0.00386408
0.00381897
0.00381531
0.00383956
0.00384623
0.00382454
0.00383422
0.00447597
0.00421266
0.00418173
0.00422186
0.00439821
0.00431939
0.00431588
0.0042296
0.00401846
0.00392541
0.00390302
0.00396218
0.00397033
0.00393368
0.003955
0.00390414
0.0039973
0.00391605
0.00391963
0.00391796
0.00395895
0.00393931
0.00393834
0.00390958
0.00407436
0.00401994
0.00392343
0.00399708
0.00402063
0.00398923
0.00399067
0.00393347
0.00413725
0.0041087
0.00414687
0.00402602
0.00410377
0.00416869
0.00408627
0.00409944
0.00407917
0.00397782
0.00394019
0.0040727
0.00402933
0.00400383
0.00399896
0.00396321
0.00406224
0.00410541
0.00400377
0.00394228
0.00400033
0.00403955
0.00396292
0.00401658
0.00402068
0.00390868
0.003936
0.0039113
0.0039876
0.00394001
0.00394379
0.00392465
0.00711897
0.00796361
0.0076528
0.00520715
0.00682219
0.00764546
0.00627985
0.00726942
0.0101321
0.00852719
0.00993802
0.00661698
0.00889407
0.00956821
0.00758827
0.00858123
0.00792112
0.0100737
0.00840723
0.00641773
0.00744265
0.00856911
0.00691477
0.00837647
0.00429418
0.00478583
0.00472614
0.00403409
0.00420849
0.00462327
0.00412802
0.00461168
0.00714804
0.00707096
0.00489565
0.0055621
0.00649386
0.00635443
0.00588875
0.00546134
0.00852787
0.00634528
0.00967329
0.00788085
0.00801746
0.00725129
0.00883894
0.00834456
0.00663031
0.00466716
0.00518314
0.00518273
0.00555144
0.00533964
0.00549626
0.00516075
0.00760399
0.00610394
0.00607558
0.00915291
0.00686084
0.00622674
0.00745916
0.00688405
0.00488831
0.00445436
0.00468549
0.00449484
0.00473205
0.00458796
0.00472465
0.00459098
0.00414442
0.0039811
0.00405221
0.0039658
0.00407495
0.00402792
0.00403635
0.00399001
0.0042082
0.00402193
0.00402776
0.00397995
0.00410974
0.00405903
0.00404913
0.00399039
0.00418513
0.00401414
0.00399462
0.00395744
0.0041144
0.00406263
0.00404966
0.00399041
0.00437068
0.00450461
0.00438464
0.00408759
0.00430589
0.0044546
0.00416778
0.00427624
0.00427696
0.0040285
0.00410001
0.00439172
0.00422937
0.00412923
0.00426172
0.004154
0.00441128
0.00432958
0.00405036
0.00406086
0.00419199
0.00422437
0.00410879
0.00414543
0.00426699
0.00399123
0.00399204
0.00401198
0.00417214
0.0040554
0.00408072
0.00400848
0.00377443
0.003808
0.00381328
0.00381036
0.00378477
0.00379817
0.00379697
0.00380562
0.00385377
0.00396778
0.00397103
0.00393861
0.0038745
0.00390757
0.00390361
0.00392784
0.00386234
0.00399319
0.00394422
0.00395321
0.00388071
0.0039219
0.00390037
0.00393089
0.00385848
0.00394948
0.00396311
0.00392247
0.00388283
0.00391482
0.00390985
0.00394072
0.00382179
0.00382437
0.00382387
0.00388095
0.00383704
0.0038193
0.00385757
0.0038397
0.00383997
0.00391283
0.00393057
0.00384389
0.00385105
0.0038758
0.00387087
0.00389
0.00383722
0.00384235
0.00391669
0.00391608
0.00386668
0.00385585
0.00389092
0.00388364
0.00385236
0.00394122
0.00394409
0.00395286
0.0038736
0.00391661
0.00391547
0.00396426
0.00388965
0.00390125
0.00383385
0.0039176
0.00388583
0.00386977
0.00386757
0.00385342
0.00392266
0.00392183
0.00385675
0.0039582
0.00392893
0.00389904
0.00390763
0.00388353
0.00380063
0.00380887
0.00376828
0.00381075
0.00380008
0.00379193
0.0037923
0.00378262
0.0039739
0.00399139
0.00387636
0.00394275
0.00395993
0.00393276
0.00393583
0.00390642
0.00390854
0.00383918
0.00392594
0.00396709
0.00388906
0.00385865
0.00394431
0.0039012
0.00388778
0.00392998
0.00383826
0.00382649
0.00387165
0.0038763
0.00385018
0.00385414
0.00382779
0.00391176
0.00394213
0.00384742
0.00386525
0.00388694
0.00386084
0.00388514
0.00381418
0.00383191
0.00391281
0.00382764
0.00381444
0.00384619
0.00384054
0.00387829
0.00375657
0.00375546
0.00376064
0.0037775
0.0037611
0.00375621
0.00376546
0.00376187
0.00375405
0.00375228
0.00375483
0.00377003
0.00375723
0.00375259
0.00376108
0.00375629
0.00376089
0.00375599
0.00375948
0.00378654
0.00376983
0.00375762
0.00377358
0.00376498
0.0038062
0.0038039
0.00381538
0.0038568
0.00382317
0.00380661
0.00382998
0.0038169
0.0037619
0.0037661
0.0037883
0.00378407
0.00376618
0.00377153
0.00377649
0.00377921
0.00375444
0.0037726
0.00375514
0.00375665
0.00375947
0.00376551
0.00375541
0.00376426
0.00377015
0.00379332
0.00378839
0.00379912
0.00378325
0.00378664
0.00379433
0.00379597
0.0037626
0.00378928
0.00378008
0.00376158
0.00377273
0.00378131
0.00376793
0.00377905
0.00485214
0.00435118
0.00423667
0.00441302
0.0045895
0.0044808
0.00447289
0.00431535
0.0041189
0.00395903
0.00395989
0.00400145
0.00404257
0.00400935
0.00401251
0.00396623
0.0040115
0.00393079
0.00392074
0.00394832
0.00397185
0.00395331
0.00394898
0.00391657
0.00424394
0.00404613
0.00403014
0.00398764
0.00414422
0.00409684
0.00407747
0.00401811
0.00422536
0.00414632
0.00428724
0.00409493
0.00416093
0.00424268
0.00416803
0.00423199
0.00418039
0.00405669
0.00398161
0.00410294
0.00409259
0.00405792
0.0040582
0.00400617
0.004102
0.00421777
0.0040529
0.00399472
0.00408757
0.00413746
0.00403278
0.00409663
0.00404252
0.00395476
0.00400434
0.00393632
0.00401516
0.00400661
0.00397638
0.00398632
0.0109279
0.0120287
0.00909558
0.00881125
0.00961884
0.00946803
0.00963701
0.00949648
0.0125196
0.015705
0.0094789
0.00810215
0.0117608
0.0134328
0.00917664
0.00951662
0.0133891
0.0085309
0.0107908
0.00849075
0.0121807
0.0128153
0.00949811
0.00989275
0.00593775
0.00553185
0.00671512
0.00475847
0.00555263
0.00562309
0.00590777
0.00597905
0.0110136
0.0101367
0.0076464
0.00750915
0.00943641
0.00907088
0.00821081
0.00779557
0.0107774
0.00760092
0.00910232
0.0113222
0.0101796
0.0084864
0.0100896
0.0093013
0.0107772
0.00780643
0.00659961
0.00815212
0.00859718
0.00792238
0.00729267
0.00652972
0.0126717
0.00807114
0.00705318
0.00798616
0.00988453
0.00764578
0.00787504
0.00725566
0.00377118
0.00376821
0.00384475
0.00382748
0.00378023
0.00378547
0.00379796
0.0038031
0.00376785
0.00377242
0.00385602
0.0038031
0.00377659
0.0037863
0.00378923
0.00380212
0.00454572
0.00434142
0.00657352
0.00522299
0.00459218
0.00516396
0.00512801
0.00529674
0.0039168
0.00385004
0.00473432
0.00407034
0.00392705
0.00396961
0.00400317
0.00403301
0.00377693
0.00387357
0.00383721
0.0038147
0.00378878
0.00382318
0.00380452
0.00384846
0.0037808
0.0038213
0.00387885
0.00389975
0.00379188
0.0038044
0.00380049
0.00381487
0.00413466
0.00387113
0.00383191
0.00473205
0.004424
0.00389511
0.00439048
0.00394113
0.00404828
0.00445231
0.00383793
0.00392536
0.0041755
0.00427906
0.00385278
0.00388673
0.00401152
0.00394769
0.00384925
0.00389648
0.00390939
0.00389815
0.00387823
0.00386301
0.0039097
0.00392169
0.00383833
0.00388885
0.00388901
0.00387756
0.00386856
0.00385434
0.00380492
0.00379867
0.00376241
0.00379451
0.0037954
0.00378791
0.00378485
0.00377342
0.00389892
0.00390329
0.00383285
0.00390542
0.00388872
0.00387193
0.00387286
0.00385445
0.00389624
0.0038382
0.00388122
0.00388298
0.00387452
0.00385345
0.00389418
0.00386891
0.00388382
0.0038679
0.0038239
0.00382961
0.00385994
0.00384868
0.00384661
0.00383382
0.00382564
0.00386865
0.00387033
0.0038204
0.00384006
0.00385294
0.00383074
0.00384657
0.00381531
0.00380721
0.00385411
0.00381085
0.00380767
0.00382022
0.00382245
0.00383602
0.00444439
0.00419361
0.00421948
0.00413748
0.00434047
0.00428898
0.00425614
0.00421673
0.00403452
0.00395829
0.00394285
0.00391352
0.00398877
0.00397767
0.00394731
0.0039219
0.00413172
0.00400698
0.00408118
0.00391892
0.00407405
0.0040828
0.00399376
0.00398145
0.00402289
0.00393245
0.00392445
0.00393803
0.00398198
0.00395231
0.00395691
0.00391665
0.00412888
0.00417417
0.00408541
0.00396617
0.0040807
0.0041481
0.00400816
0.00404723
0.00409714
0.00393664
0.00400163
0.004154
0.00404609
0.00399586
0.00406552
0.00401287
0.00410798
0.00405748
0.00394354
0.00393898
0.00399225
0.00400898
0.00395859
0.00397961
0.00409159
0.00390549
0.00390817
0.00394854
0.00402752
0.00393533
0.00396828
0.0039176
0.0057183
0.00559252
0.00511056
0.00523523
0.00558762
0.00556137
0.00538759
0.00536105
0.00523512
0.0046503
0.00474882
0.00455036
0.00495283
0.00472584
0.00482615
0.00462303
0.00570878
0.00540912
0.00581945
0.00515329
0.00560027
0.00583587
0.0053347
0.00563266
0.00466258
0.00453847
0.00449134
0.00423594
0.0044919
0.00453893
0.00440233
0.00444055
0.00543979
0.00510385
0.00495275
0.0048823
0.00526756
0.00525193
0.00509738
0.00496282
0.00563056
0.00472321
0.0053461
0.00590175
0.00545626
0.00506095
0.00573136
0.005485
0.00497427
0.0048266
0.00472224
0.00466784
0.0049145
0.00482581
0.00484745
0.00472593
0.00568806
0.00496622
0.00468309
0.00515957
0.00544457
0.00511582
0.00526434
0.00487267
0.00375383
0.00377272
0.00375787
0.00377268
0.00376183
0.00376147
0.00376588
0.00377077
0.00380884
0.00385681
0.00381724
0.00385477
0.00382573
0.00383824
0.00383837
0.00385405
0.00376382
0.00379189
0.00376464
0.00379033
0.00377614
0.003781
0.0037781
0.00378823
0.0038071
0.00386225
0.00381862
0.00387165
0.00383458
0.00384109
0.00384001
0.00385541
0.00378601
0.00376926
0.00378599
0.00382422
0.00379615
0.00378175
0.0038083
0.00379496
0.00379524
0.00383627
0.0038038
0.0037714
0.00380586
0.00381867
0.00378122
0.00379527
0.0037704
0.00379046
0.0038355
0.00379872
0.00377879
0.0038022
0.00379191
0.00381607
0.00378002
0.00381383
0.00384995
0.00381666
0.00379155
0.00380424
0.00380621
0.00381879
0.00462161
0.00441607
0.00483033
0.00448222
0.00453057
0.00457314
0.00457429
0.00466995
0.00413153
0.00393558
0.0040603
0.00393106
0.00398081
0.00399426
0.00398276
0.00401836
0.00519999
0.00423736
0.00460108
0.00432334
0.00439931
0.00441837
0.00445491
0.00447916
0.00418348
0.00395972
0.00421124
0.00397369
0.0040442
0.0040617
0.00406008
0.00412919
0.00431097
0.00466895
0.00430709
0.00399953
0.00435445
0.00450612
0.00417505
0.00434132
0.00432495
0.00400342
0.00417228
0.00483216
0.00444928
0.00407933
0.00463502
0.00415552
0.00481657
0.00433231
0.00401051
0.00426948
0.00455309
0.00444263
0.0042297
0.00413412
0.00492291
0.00427801
0.00403063
0.00420078
0.00434951
0.00419783
0.00416077
0.0040677
0.00810949
0.0071272
0.00720567
0.00699678
0.00769992
0.00776116
0.00769312
0.00764854
0.00548763
0.00433179
0.00436551
0.00442017
0.00459253
0.00451759
0.0045432
0.0043687
0.00530646
0.0042758
0.00383821
0.00416911
0.00441159
0.00432361
0.00426539
0.00387489
0.00503932
0.00433414
0.0040884
0.00405044
0.00437493
0.00438345
0.00412362
0.00408456
0.00704455
0.00717083
0.00629428
0.00466967
0.00721493
0.00822982
0.00624554
0.00677515
0.00626203
0.0046515
0.00467491
0.00644209
0.0060682
0.00487551
0.00601741
0.00478213
0.00634502
0.00562963
0.00451257
0.0042388
0.00561409
0.00567527
0.00449653
0.00470586
0.00582655
0.00415262
0.00440484
0.00432973
0.00468622
0.00449733
0.00463026
0.00446467
0.00621207
0.00576523
0.00646068
0.00597377
0.00621584
0.0060506
0.00632575
0.00620648
0.00513247
0.00439658
0.00548004
0.00450462
0.00511074
0.00514264
0.00503794
0.00506608
0.00663851
0.00698007
0.00789258
0.00691102
0.00688254
0.00717287
0.00701807
0.00741832
0.0046976
0.00443904
0.00514547
0.00412126
0.00463821
0.00469454
0.00456174
0.00468319
0.00580032
0.00653932
0.00592078
0.00507696
0.00579138
0.00615492
0.00517617
0.00609163
0.0059116
0.00516246
0.00667629
0.00656248
0.00608432
0.00591791
0.00648779
0.00659151
0.00673963
0.00574627
0.00498291
0.00619015
0.00685186
0.00613763
0.00661384
0.00574247
0.00668185
0.00655119
0.00520731
0.00695541
0.00678132
0.00669252
0.00660509
0.00629289
0.00375672
0.0037558
0.00378222
0.00377708
0.003761
0.00376188
0.00376761
0.00377072
0.00375557
0.00375626
0.00377965
0.00378085
0.00376015
0.00375995
0.00376729
0.00376605
0.00381596
0.00381762
0.00387203
0.00385966
0.00382617
0.00383034
0.00384176
0.00384549
0.00381316
0.00382463
0.00387285
0.00387212
0.00383262
0.00383584
0.00385246
0.00385511
0.00376115
0.00379059
0.0037885
0.00379491
0.00376776
0.00377654
0.00378087
0.00378905
0.00376028
0.00378614
0.00378843
0.00378826
0.00376823
0.00377192
0.00377715
0.0037797
0.00380252
0.00380143
0.00380783
0.00385025
0.00381574
0.00380238
0.00383291
0.00381937
0.00380022
0.00384048
0.00379937
0.00380074
0.00380876
0.00382291
0.00379211
0.00380935
0.00468724
0.00464272
0.00436544
0.00437419
0.00457672
0.00453514
0.00451718
0.00445045
0.004633
0.00454889
0.00431104
0.00433841
0.00450968
0.00447832
0.00443454
0.00438345
0.00407439
0.00408831
0.00396164
0.0039572
0.00404462
0.00403557
0.00399669
0.00398891
0.00409822
0.0041381
0.00398063
0.00398468
0.00411319
0.00411497
0.00404389
0.00403852
0.00452517
0.0043731
0.00434453
0.004346
0.00446019
0.00441108
0.00438395
0.00439352
0.00452916
0.00428006
0.00422692
0.00425855
0.00442282
0.00436186
0.00434497
0.00422256
0.00428124
0.00424441
0.00422708
0.00405174
0.00419405
0.00427864
0.0041227
0.00415715
0.00416833
0.00401364
0.00416951
0.0041482
0.00412399
0.00407885
0.00414556
0.00406299
0.0037686
0.0037706
0.00379895
0.00380717
0.00378263
0.00377919
0.003794
0.00379165
0.00376147
0.0037565
0.00378653
0.00378376
0.00376872
0.00376778
0.00377623
0.00377815
0.00383141
0.00382407
0.00388244
0.00390686
0.00384533
0.00384344
0.00386463
0.00386206
0.00385929
0.00382578
0.0039473
0.00393567
0.00387895
0.00386315
0.00391828
0.0038941
0.00377551
0.00381041
0.00382018
0.00380501
0.00378719
0.00380195
0.00379833
0.00381768
0.00377374
0.0038037
0.00380135
0.0038075
0.00378535
0.00379308
0.00379406
0.00380349
0.00382425
0.00384016
0.00382087
0.0039092
0.00385231
0.0038361
0.00387447
0.00384911
0.00382099
0.00388747
0.00381925
0.00381481
0.00383362
0.0038584
0.0038173
0.00383457
0.0045676
0.00503977
0.00437104
0.00437464
0.00454419
0.00458399
0.00447213
0.00453042
0.00573535
0.00799285
0.0073792
0.00515709
0.00561407
0.00769001
0.00542517
0.00753542
0.00413491
0.00526207
0.00402691
0.00405085
0.00413726
0.0043338
0.00405159
0.00417119
0.0041848
0.0048344
0.00414762
0.00411712
0.00418374
0.00458764
0.00409882
0.00435575
0.00514225
0.00432697
0.0043455
0.00525527
0.00499916
0.00458227
0.0051527
0.00465251
0.00533109
0.00494646
0.00598742
0.00445687
0.00512326
0.00515249
0.00482535
0.00497433
0.0042741
0.00423748
0.00494522
0.0041441
0.00425996
0.00456169
0.00428195
0.00460786
0.0043446
0.00421979
0.0046958
0.00556897
0.004338
0.00431119
0.00470744
0.00447464
0.00568958
0.00510124
0.00593941
0.00501933
0.00545896
0.00558603
0.00609438
0.0056567
0.00480319
0.0043799
0.00497192
0.00427307
0.00447533
0.00462075
0.00462504
0.00470458
0.0062201
0.00573742
0.0070906
0.00514661
0.00561799
0.0062446
0.00583153
0.00651852
0.00444364
0.00406436
0.00425442
0.00395909
0.00407166
0.00414435
0.00411404
0.00417619
0.00482328
0.00559489
0.00471218
0.00435907
0.00499565
0.00515707
0.0044565
0.00479442
0.0050224
0.0044576
0.00519903
0.00606222
0.00521623
0.00482544
0.00564847
0.00510992
0.00586297
0.00502738
0.00442632
0.00478441
0.005351
0.00515943
0.00472036
0.00449661
0.00599126
0.00493253
0.0045494
0.00540003
0.00530364
0.00483405
0.00519242
0.00466028
0.00376061
0.00379561
0.0037971
0.00379412
0.00377181
0.00378365
0.00377917
0.00378877
0.0038422
0.00392733
0.00394785
0.00390613
0.0038595
0.00389093
0.00387956
0.00390193
0.00383953
0.00391864
0.00390015
0.00390621
0.00385397
0.00387419
0.0038662
0.00388206
0.00384589
0.00392729
0.00392119
0.0039156
0.00387143
0.00389632
0.00389199
0.00391512
0.00380992
0.00380757
0.00381239
0.00387633
0.00382121
0.00380193
0.00385175
0.00383001
0.00382574
0.00389594
0.00390317
0.00382466
0.00383551
0.00385662
0.00385117
0.00386929
0.00381678
0.00382317
0.00390015
0.00387815
0.00384135
0.00384043
0.00386507
0.00386512
0.00382987
0.00390498
0.00391901
0.0039147
0.00384863
0.00389269
0.00388554
0.00393628
0.00467689
0.00425283
0.00452781
0.00427996
0.00458375
0.0044897
0.00459159
0.00451506
0.00400715
0.00392535
0.00394812
0.00393743
0.00397106
0.00394807
0.00395367
0.00391927
0.00410733
0.00400167
0.00396107
0.00393923
0.00403344
0.00401604
0.003977
0.00394543
0.00405346
0.00395889
0.00395809
0.00395457
0.00402222
0.00400317
0.0039833
0.00395254
0.0042037
0.00437756
0.0042318
0.00403591
0.00419467
0.00441315
0.00410264
0.00418506
0.0041361
0.0039972
0.00401585
0.00427137
0.00413556
0.00406922
0.00414619
0.0040695
0.00428983
0.00417567
0.00400812
0.00397813
0.00409434
0.00411655
0.00402623
0.00406897
0.00416852
0.00394665
0.00396043
0.00398012
0.0041071
0.00400989
0.00404322
0.00398135
0.00376964
0.00380342
0.00380367
0.00380349
0.00378191
0.00379317
0.00379367
0.00380094
0.00384749
0.00390881
0.00394066
0.00392331
0.00386504
0.00388769
0.00388647
0.00390435
0.00384698
0.00397929
0.00398087
0.00392986
0.00386317
0.0039136
0.00388693
0.0039259
0.00384376
0.00393876
0.00394279
0.00390603
0.00386659
0.00389156
0.00388946
0.00391263
0.00381555
0.00381514
0.0038165
0.00386915
0.0038286
0.00381309
0.00384472
0.0038291
0.00383019
0.00389602
0.00389461
0.00382601
0.00384023
0.00385981
0.00384873
0.00386562
0.0038294
0.0038315
0.00389742
0.00389829
0.0038519
0.00384133
0.00386944
0.00386172
0.00383726
0.0039127
0.00392141
0.00391011
0.00385438
0.00388541
0.00388634
0.00393498
0.00404063
0.00403251
0.0041349
0.00396933
0.00399918
0.00405515
0.00403756
0.00407987
0.00398606
0.0039433
0.0041124
0.00396623
0.00395599
0.00399731
0.00400783
0.00403781
0.00445771
0.0044148
0.00478485
0.0045202
0.0045547
0.00467499
0.00466514
0.0047365
0.00398889
0.00398845
0.00410079
0.00393524
0.00396523
0.00402686
0.00399736
0.0040502
0.00398288
0.00416972
0.00396016
0.003973
0.00402747
0.00412026
0.00397913
0.00401657
0.00403129
0.00403692
0.004242
0.00426152
0.00406023
0.00411227
0.00412273
0.00415824
0.0042681
0.00402509
0.00403993
0.00425669
0.004156
0.00406626
0.00419824
0.00412679
0.00434094
0.00437344
0.0040908
0.0043151
0.00447291
0.00432853
0.0042777
0.00419942
0.00376506
0.00380324
0.00380814
0.00380796
0.00378319
0.0037913
0.00379971
0.00380438
0.00385927
0.00390371
0.00395662
0.00391166
0.00388229
0.00390279
0.00391757
0.0039372
0.00385178
0.00394483
0.00390909
0.00391023
0.00387411
0.00389314
0.00389202
0.00390719
0.00384155
0.00389555
0.00389959
0.00386933
0.00386294
0.00387906
0.00387582
0.00388971
0.00382857
0.00382486
0.00382837
0.00388141
0.00384949
0.00382625
0.00385471
0.00384005
0.00384161
0.00390032
0.00391859
0.00383765
0.00386119
0.00389255
0.00386704
0.00389379
0.00383925
0.00384026
0.00389977
0.00389146
0.00385437
0.00384975
0.00387372
0.00387259
0.00384938
0.00390557
0.00391654
0.0039393
0.00387557
0.00389086
0.00391653
0.00392595
0.00484743
0.0043358
0.00442119
0.00445375
0.00461757
0.00449793
0.00453163
0.00442719
0.00410753
0.00394865
0.00399267
0.00396611
0.00403471
0.00400608
0.00399572
0.0039654
0.00422946
0.00402199
0.00395942
0.00398399
0.00413295
0.00409199
0.0040387
0.00399166
0.0041525
0.00396464
0.00396674
0.0039302
0.00404611
0.00401868
0.00397802
0.00394749
0.0042384
0.00429426
0.00428714
0.00404509
0.00419986
0.00428239
0.00415086
0.00423124
0.00418662
0.00401836
0.00405451
0.00423425
0.00414519
0.00404877
0.0041715
0.0040909
0.00427749
0.00421502
0.00400386
0.00401766
0.00420866
0.00416315
0.00407779
0.00405119
0.00421503
0.00398084
0.0039722
0.00400793
0.00411391
0.00406914
0.00405273
0.00400385
0.00375376
0.00375749
0.00375508
0.00377664
0.00376218
0.00375694
0.00376615
0.00376053
0.00376034
0.00376146
0.00376032
0.00379297
0.0037715
0.00376066
0.00378349
0.00377109
0.00376019
0.00376069
0.00376086
0.00379721
0.00377127
0.00376065
0.00378395
0.0037724
0.00381557
0.00383
0.00383756
0.00388953
0.00383305
0.00382185
0.00386826
0.00385708
0.00376887
0.00376558
0.00378894
0.00379831
0.00377671
0.00376822
0.00378516
0.00377956
0.00376021
0.00378814
0.00376053
0.00375901
0.00376799
0.00377648
0.00375763
0.00376957
0.00377638
0.00380495
0.00381931
0.0038226
0.00378702
0.00379735
0.00380093
0.00380811
0.0037703
0.00381215
0.00380789
0.00377195
0.00377857
0.00379084
0.00378506
0.00379538
0.00487267
0.00605031
0.00667184
0.00471279
0.00491806
0.00568367
0.00485963
0.00590516
0.00733024
0.00942093
0.00843963
0.00768257
0.00761235
0.0082605
0.00758809
0.00868654
0.00839922
0.00928588
0.0130506
0.00826218
0.00856777
0.00946902
0.00850482
0.0098825
0.00463658
0.00608056
0.00546591
0.00465892
0.00485174
0.00543701
0.00479739
0.00549354
0.00648142
0.00722948
0.00489588
0.00640204
0.00639322
0.00638041
0.00608627
0.00573033
0.00721603
0.00703735
0.008079
0.00797339
0.00730862
0.007408
0.008001
0.00761217
0.00705528
0.00479406
0.006185
0.00621586
0.00667373
0.00589291
0.00637986
0.00596798
0.00805601
0.00728658
0.00720381
0.00799298
0.00745506
0.00711599
0.0074276
0.00723706
0.00377327
0.00380672
0.00380896
0.00381803
0.00378691
0.0037971
0.0037885
0.00380069
0.00384739
0.00392133
0.00394536
0.00396803
0.00386648
0.00389058
0.00390128
0.00392622
0.00385866
0.00396453
0.00394589
0.00403298
0.0038772
0.00389764
0.00391615
0.00393851
0.00389951
0.00402594
0.00409611
0.0040057
0.00393937
0.00398771
0.0040034
0.00404287
0.00382171
0.00382109
0.00383811
0.00391494
0.00383581
0.00381547
0.00387753
0.00385423
0.00383518
0.00394859
0.00389998
0.00383485
0.00385038
0.00387644
0.00385549
0.00387705
0.003843
0.00386417
0.00396762
0.00399857
0.00390012
0.00387948
0.00393347
0.00391821
0.00385273
0.00402188
0.00400051
0.00393548
0.00387303
0.00395707
0.00389962
0.00399416
0.0077115
0.00614797
0.00734033
0.00491863
0.00744059
0.00712773
0.00729056
0.00685497
0.00509128
0.00420523
0.0050235
0.00409672
0.00482115
0.00483722
0.00443339
0.00430806
0.00568461
0.00413134
0.00404975
0.00404596
0.00480824
0.00494402
0.00413122
0.00400981
0.00455268
0.00418302
0.00413123
0.00412529
0.00434504
0.00424739
0.00428019
0.00413847
0.00585884
0.00639435
0.00470632
0.004226
0.00583689
0.00632015
0.00436672
0.00460014
0.00564371
0.00418955
0.00582037
0.00661602
0.00561621
0.00506361
0.00654264
0.00553341
0.00520241
0.00457872
0.00414933
0.0041723
0.00443593
0.00441514
0.00421878
0.00427281
0.00500036
0.00406689
0.00407617
0.00404671
0.00455226
0.00414577
0.00418961
0.00405999
0.003755
0.0037538
0.00375854
0.00376705
0.00375782
0.00375258
0.00376059
0.00375629
0.00375734
0.00375464
0.00375742
0.00378595
0.00376894
0.00375673
0.00377455
0.0037633
0.00376059
0.00375384
0.00375825
0.00379002
0.00377074
0.0037542
0.00377597
0.00376076
0.00380577
0.00381748
0.00382267
0.00386279
0.00382991
0.00381591
0.00384015
0.0038271
0.00376135
0.00376784
0.00378433
0.00379498
0.00376672
0.00376735
0.00377781
0.00377786
0.00375799
0.0037864
0.00375561
0.00376016
0.00376454
0.00377547
0.00376068
0.00376708
0.0037739
0.00379123
0.00380206
0.0038061
0.00378547
0.00378521
0.00379858
0.00380089
0.00376733
0.00379508
0.00379428
0.00375933
0.00377534
0.00378628
0.0037699
0.00378503
0.00376508
0.00379304
0.00376465
0.00379303
0.00378689
0.00378426
0.0037845
0.00378496
0.00381272
0.00385669
0.00380802
0.00388587
0.0038413
0.00383074
0.00385825
0.0038409
0.00376542
0.00378316
0.00376255
0.00379304
0.00378473
0.00377808
0.00378048
0.00377869
0.00382163
0.00391982
0.00383475
0.00387206
0.00387337
0.00388989
0.0038531
0.00387041
0.00381844
0.00378296
0.00382203
0.00389609
0.00382213
0.00379657
0.00384387
0.0038291
0.00380409
0.00387285
0.00379677
0.00378525
0.00381426
0.00382943
0.00379084
0.0038151
0.00378059
0.00381236
0.00389061
0.00381771
0.00379173
0.00382366
0.00382199
0.00384365
0.00378707
0.0038229
0.00388417
0.0038099
0.00379909
0.00382901
0.00382558
0.00384421
0.00375979
0.00378558
0.00376614
0.00378655
0.00377127
0.00377693
0.00377672
0.0037856
0.00381884
0.00387215
0.00384467
0.00388507
0.00383712
0.00385131
0.00385696
0.00387544
0.00376761
0.00379627
0.00376315
0.00379886
0.00378014
0.00378426
0.00378388
0.00378991
0.00381671
0.00387859
0.00383071
0.00385482
0.00383521
0.00385633
0.00383939
0.00386417
0.00379803
0.0037779
0.0038001
0.00384506
0.00381042
0.00379688
0.00382577
0.00381182
0.00380654
0.00386142
0.00382278
0.00378532
0.00382131
0.00383664
0.00379706
0.00381271
0.00378166
0.00380507
0.00386196
0.00381671
0.00379464
0.00382135
0.0038089
0.00383749
0.00379227
0.00383272
0.00388337
0.00383694
0.00380445
0.00382119
0.00382378
0.00384129
0.0051045
0.00455546
0.00517381
0.00457265
0.00473657
0.00489118
0.00480339
0.00498167
0.0043093
0.00401266
0.00436308
0.00402753
0.00413881
0.00418897
0.00415196
0.00424874
0.00509682
0.00468365
0.00505288
0.00448765
0.00467805
0.00482378
0.00469361
0.0048893
0.00420143
0.00399831
0.00413476
0.00395551
0.00405108
0.00406919
0.00404332
0.00408696
0.00439769
0.0048112
0.00433317
0.00410378
0.00445425
0.00463106
0.00428673
0.00440093
0.0044713
0.00413212
0.00453882
0.00495379
0.00454515
0.00429848
0.00468338
0.00444864
0.00472865
0.00433905
0.00410699
0.00429226
0.00448419
0.00439102
0.00429917
0.00419815
0.00492127
0.00439553
0.00416738
0.0045831
0.00454795
0.00435972
0.00444032
0.0042401
0.0128079
0.0126904
0.0102123
0.00812228
0.0108953
0.0117818
0.00890938
0.0104022
0.01374
0.014414
0.00718846
0.0140507
0.012909
0.0127165
0.0145071
0.00948067
0.00592938
0.00464319
0.00396054
0.00467178
0.00666851
0.00444798
0.00464852
0.00421196
0.0100173
0.0140791
0.00496582
0.00489371
0.0111281
0.0122298
0.0050992
0.0052929
0.0112494
0.0107625
0.01117
0.013977
0.0111466
0.0107692
0.011807
0.0122463
0.0115708
0.0114373
0.00812322
0.00768433
0.00896973
0.0107042
0.00841067
0.0106461
0.00978789
0.0109104
0.0142354
0.00525321
0.00957997
0.0127771
0.0103004
0.0123944
0.00795486
0.00515442
0.0125845
0.00575034
0.00815507
0.00951784
0.00899495
0.0110067
0.0147353
0.0122956
0.0155379
0.0114961
0.0125181
0.0128618
0.0130975
0.0135097
0.0389113
0.0221756
0.0173938
0.0152772
0.0189271
0.0202582
0.0164668
0.0168114
0.0157551
0.0141084
0.0149888
0.018626
0.015389
0.0150262
0.0160313
0.0153648
0.0142656
0.0142548
0.0169958
0.00605473
0.0140859
0.0145668
0.0131512
0.0148214
0.0165447
0.0150646
0.0136513
0.0155703
0.015831
0.0141061
0.0148724
0.0138364
0.0233686
0.0157906
0.0182445
0.0162202
0.0250495
0.0168339
0.0330973
0.0181251
0.0146387
0.0136704
0.0156802
0.0185719
0.0130742
0.0137702
0.0178976
0.0163414
0.016232
0.0188546
0.0160838
0.016767
0.0173638
0.018878
0.017665
0.0180173
0.0037577
0.00375352
0.00375543
0.00377875
0.00375983
0.00375494
0.00376684
0.00376061
0.00375323
0.00375318
0.00375169
0.0037678
0.00375463
0.0037518
0.00375696
0.00375422
0.00375756
0.00375272
0.00375746
0.00377747
0.00375724
0.00375396
0.00376663
0.00376115
0.00380159
0.00379787
0.00380551
0.0038478
0.0038059
0.00379742
0.00382621
0.00381874
0.00375546
0.00375742
0.00378023
0.00377592
0.00375895
0.00376267
0.00377161
0.00377266
0.0037528
0.00376864
0.00375125
0.00375363
0.00375536
0.00375901
0.00375213
0.00375332
0.00376593
0.00378743
0.00378193
0.0037919
0.00377638
0.00378263
0.00377536
0.00378504
0.00375968
0.00378586
0.00377519
0.00375465
0.00375953
0.00376736
0.00375696
0.00376378
0.00434838
0.00649168
0.00450222
0.00375599
0.00412755
0.00517072
0.00382523
0.00428083
0.00741499
0.00867466
0.00748308
0.00392549
0.00572722
0.00698875
0.00456566
0.00572746
0.00448373
0.0065231
0.00437598
0.00375838
0.00429468
0.00533299
0.00384426
0.00444965
0.0037535
0.00376607
0.00375348
0.00375359
0.0037572
0.00376048
0.00375346
0.0037571
0.00496472
0.00426537
0.00375768
0.00380585
0.00398625
0.00408179
0.00382196
0.00378334
0.00601799
0.00384577
0.00611855
0.00521498
0.00499677
0.00473268
0.0065468
0.00507798
0.00380056
0.00375381
0.003768
0.00375427
0.00375389
0.00375687
0.00375709
0.00376027
0.0042788
0.00376204
0.0038141
0.00511887
0.00415943
0.00378512
0.0041265
0.00382705
0.00372302
0.00593128
0.002957
0.00338396
0.00292599
0.00241503
0.00295974
0.00260591
0.0115802
0.0253932
0.0137441
0.0136512
0.0135695
0.0138195
0.0132743
0.0143938
0.0047711
0.0085425
0.00745484
0.00700857
0.00511008
0.00517792
0.00678543
0.00628147
0.0070176
0.00985117
0.009477
0.0125638
0.00822923
0.00785535
0.0114266
0.00946092
0.00674304
0.00354467
0.00399894
0.00877661
0.00657899
0.00354076
0.00725582
0.00414994
0.00661583
0.00916569
0.00832626
0.00344336
0.00703622
0.00888705
0.00687433
0.00825718
0.00514178
0.00624115
0.00913114
0.00873761
0.00575376
0.005498
0.00653513
0.00685698
0.00434573
0.00698997
0.00964435
0.00889965
0.00523618
0.0059976
0.00850561
0.00901222
0.00428847
0.00375834
0.00441426
0.00630754
0.00444578
0.00383775
0.00521371
0.00427168
0.00375347
0.00375353
0.00375342
0.00376562
0.00375705
0.00375346
0.00376028
0.00375706
0.00444837
0.0037559
0.0042967
0.00625606
0.00425708
0.00382059
0.0050609
0.0041048
0.00717632
0.00391369
0.00712213
0.00826766
0.00561256
0.00454952
0.0067616
0.00561927
0.00376185
0.00426399
0.00505755
0.00381369
0.00378428
0.00417101
0.00383162
0.0041546
0.00375422
0.00376753
0.00375371
0.00380888
0.00375719
0.00376015
0.00375402
0.00375661
0.00511814
0.00595513
0.00384324
0.005878
0.00632567
0.00501365
0.00493744
0.00470002
0.00425223
0.00489266
0.00380187
0.00375755
0.00408885
0.00400438
0.00378099
0.00381584
0.00507824
0.00525179
0.0051684
0.00482436
0.0049759
0.00523469
0.00487956
0.00516984
0.00525735
0.00517009
0.00529559
0.00475648
0.00502801
0.00517754
0.00492447
0.00513464
0.00508942
0.00513806
0.004851
0.00462621
0.00502427
0.00509415
0.00491049
0.00493818
0.00434857
0.00425098
0.00427583
0.00399879
0.00418048
0.00425332
0.00413033
0.00420994
0.00513593
0.00525995
0.00483844
0.00450152
0.00505095
0.00515213
0.00481107
0.00490364
0.00519337
0.00468026
0.00518273
0.00519131
0.00506426
0.00491266
0.00520584
0.00492725
0.00519041
0.0046717
0.00440767
0.00450149
0.00487546
0.00476788
0.00455422
0.00444741
0.00510443
0.00456128
0.00460484
0.00506728
0.00480402
0.00464084
0.00483992
0.00473304
0.00771396
0.00372598
0.00567748
0.00750453
0.00514161
0.0045078
0.00600373
0.00488896
0.00496337
0.00731491
0.00797156
0.00790883
0.0057169
0.0071106
0.00582737
0.00706558
0.00746986
0.00948321
0.0117816
0.0102851
0.00830299
0.00992967
0.00884905
0.0104142
0.00988503
0.0116462
0.0116035
0.0137451
0.0114544
0.0111936
0.0118267
0.0116796
0.00385293
0.00532521
0.00755941
0.00811076
0.00430825
0.00467631
0.00683031
0.00712617
0.0044633
0.00826149
0.00803385
0.0060312
0.00505662
0.00584943
0.0053522
0.00657141
0.0059258
0.00819861
0.00859908
0.00979148
0.00791948
0.00805322
0.00922344
0.0090048
0.00681087
0.010007
0.00879049
0.00837465
0.00757024
0.00925084
0.00708607
0.00903596
0.0109879
0.00530295
0.010796
0.00595593
0.00787647
0.00843186
0.00753745
0.00789048
0.00442892
0.00381689
0.00477202
0.00421035
0.00428012
0.00419263
0.00446926
0.00433624
0.00994476
0.00745113
0.010618
0.0063955
0.00780191
0.00906524
0.0076846
0.00830507
0.00479671
0.00418659
0.00511448
0.00423438
0.00443905
0.0047363
0.00443567
0.00465905
0.00489412
0.00848982
0.00512782
0.00438988
0.00498485
0.00653941
0.00463796
0.00560124
0.00527975
0.00473348
0.0059875
0.00869868
0.00522695
0.00505681
0.0059032
0.00561413
0.00795523
0.00522883
0.00448454
0.00591647
0.00662338
0.00555659
0.00599613
0.00547789
0.00793581
0.00602192
0.00473489
0.00643788
0.00685559
0.0061036
0.00596173
0.00562402
0.00662999
0.00673394
0.00653919
0.00581163
0.0060188
0.00639757
0.00600287
0.00643108
0.00658292
0.00993179
0.00897766
0.0059106
0.00685137
0.00871329
0.00679702
0.00879798
0.00664581
0.00869651
0.00907032
0.00659245
0.00721086
0.00827731
0.00702728
0.00861128
0.00529423
0.00548543
0.00529634
0.00450223
0.00541616
0.00541227
0.00525723
0.00537448
0.00660513
0.00689253
0.00576875
0.00577529
0.00654129
0.00659039
0.00588431
0.00598107
0.00640903
0.00569782
0.00808161
0.00665146
0.0066325
0.00674289
0.00676117
0.00711113
0.00665862
0.00576673
0.00576833
0.00618995
0.00619553
0.00596735
0.00615615
0.00583797
0.00670758
0.00622627
0.00565613
0.00840465
0.00680757
0.00607218
0.00686658
0.00581744
0.00824009
0.00436724
0.00861167
0.00776589
0.0068235
0.00552399
0.00710669
0.00579969
0.00341238
0.00644629
0.00709663
0.00583982
0.00448471
0.00484549
0.00502065
0.00551912
0.011451
0.00999333
0.0139959
0.0122335
0.0118642
0.0120208
0.0125134
0.0123573
0.00971276
0.00762262
0.0111715
0.0118124
0.0102076
0.00860155
0.0107983
0.00929596
0.00376064
0.00911646
0.00822471
0.0059605
0.00467249
0.0058368
0.00490803
0.00659107
0.00353891
0.00544085
0.00760972
0.00896923
0.00417889
0.00479089
0.00718464
0.0073214
0.00966638
0.00871035
0.00692458
0.0107868
0.0096978
0.00729038
0.00990058
0.00788183
0.0094451
0.0103083
0.00612362
0.00815508
0.00956781
0.00974915
0.00831046
0.00807068
0.00493776
0.00514861
0.00431669
0.00454857
0.00479315
0.00466507
0.00465994
0.00449594
0.00516866
0.00512164
0.00436948
0.00455712
0.00496246
0.00481895
0.00470561
0.00459627
0.0040683
0.00409497
0.00399132
0.00396588
0.00404524
0.00406206
0.00400846
0.00401535
0.00429401
0.00432387
0.00407629
0.00403761
0.00421418
0.00421112
0.00413218
0.00412571
0.00498609
0.00424776
0.00446694
0.00453971
0.00476848
0.0044393
0.00466345
0.00439282
0.00475393
0.0043577
0.00424112
0.00418849
0.00453179
0.00443833
0.00432269
0.00425151
0.00419102
0.0043724
0.00441181
0.00410112
0.00416804
0.0042826
0.00414033
0.0042552
0.00412646
0.00401076
0.00423703
0.00415588
0.00409431
0.00405313
0.00417344
0.00412684
0.00444939
0.00574112
0.00377602
0.0044269
0.00529122
0.0048312
0.00413312
0.00418076
0.00663429
0.00753287
0.00400322
0.00712087
0.00714015
0.00627035
0.00546594
0.00513178
0.00375379
0.00376643
0.00375356
0.00375393
0.00375799
0.00376029
0.00375377
0.00375757
0.00431593
0.00615521
0.00377558
0.00435999
0.00545317
0.00494976
0.00408542
0.00415231
0.00633885
0.00381212
0.00534221
0.00665113
0.00477638
0.00443505
0.00584945
0.00482775
0.00558057
0.00585605
0.00391356
0.0038031
0.00459824
0.00490307
0.00385791
0.0039174
0.0037658
0.00408911
0.00497682
0.00376531
0.00377523
0.00415166
0.00380959
0.00447814
0.00377413
0.00377209
0.00475033
0.00384912
0.00379602
0.0038017
0.00383461
0.00385356
0.00585888
0.00610613
0.00697334
0.0052275
0.00618348
0.00637172
0.00579101
0.00620971
0.00635176
0.00694191
0.00635574
0.00527452
0.00610811
0.00621016
0.00570946
0.00589299
0.00846712
0.00672382
0.00811397
0.0057436
0.00745891
0.008013
0.00680699
0.00723537
0.00469118
0.00438655
0.00457122
0.00400783
0.00439263
0.00446856
0.00428292
0.00437912
0.00610214
0.0067128
0.00524906
0.00523158
0.00605772
0.00603281
0.00556814
0.00552014
0.00634579
0.00543522
0.00657119
0.00679963
0.00638472
0.00605667
0.00688065
0.00650573
0.00676505
0.00506097
0.00474569
0.00511442
0.00562454
0.00520711
0.00529986
0.00483135
0.00722259
0.00532428
0.00489715
0.00595356
0.00628155
0.00552675
0.00571954
0.00516495
0.00377477
0.00380851
0.00380912
0.00380694
0.00378825
0.00380588
0.00379667
0.00381484
0.00384777
0.00389401
0.00389739
0.00391889
0.00386959
0.00389181
0.00388978
0.00391114
0.00384401
0.00389373
0.00388067
0.003926
0.00387147
0.00388005
0.00388823
0.00389407
0.00385455
0.00394665
0.00397283
0.00392627
0.00388669
0.00393882
0.0039085
0.0039646
0.00382571
0.00382694
0.0038285
0.00388703
0.00383859
0.00383278
0.00385803
0.00385315
0.00384625
0.00391361
0.00388922
0.00384274
0.00386017
0.00388436
0.00385207
0.00387704
0.00383916
0.0038417
0.00391243
0.00392332
0.00386443
0.00386959
0.00389555
0.00390166
0.00385561
0.00394302
0.00393863
0.00390886
0.0038845
0.00391742
0.00389825
0.0039364
0.00465245
0.00448263
0.00460905
0.00445633
0.00462094
0.00461213
0.00458047
0.00455052
0.00412325
0.00391221
0.00392142
0.00396534
0.00406554
0.0039429
0.00400326
0.00391864
0.00417076
0.00393748
0.00393684
0.00396832
0.00410669
0.00399332
0.00400587
0.00394846
0.00416722
0.00403736
0.00400215
0.00397534
0.0041073
0.0040971
0.00401899
0.00401837
0.00447363
0.0045152
0.00437508
0.00419921
0.0043736
0.00442913
0.00427308
0.00434053
0.00427004
0.00405198
0.00396931
0.00430064
0.00417486
0.00406978
0.00417995
0.00411005
0.00434897
0.00424475
0.00410126
0.00404847
0.00426699
0.0042513
0.00417802
0.00414816
0.00417059
0.00398231
0.0039979
0.00394462
0.00407871
0.00405816
0.00403055
0.00398687
0.00376756
0.003798
0.00376502
0.00379318
0.0037929
0.00378469
0.00378126
0.0037776
0.00383237
0.0038735
0.0038157
0.00387132
0.00386874
0.00385157
0.00384915
0.00383338
0.00376277
0.0037794
0.0037588
0.00378584
0.00378094
0.00376971
0.00377525
0.00377005
0.00382256
0.00386806
0.00381593
0.00385698
0.00385546
0.00384674
0.00383769
0.00383192
0.00382802
0.00378651
0.0038222
0.00386432
0.00381301
0.00379798
0.00383089
0.0038129
0.0038145
0.00385015
0.00380297
0.00378169
0.00379949
0.0038298
0.00378548
0.00381532
0.00377571
0.0038059
0.00384903
0.00380301
0.00378574
0.00380165
0.00381698
0.00383115
0.00377494
0.00379894
0.00383702
0.00379187
0.00379237
0.00380805
0.0038045
0.00382039
0.00935284
0.00821722
0.00661255
0.00721756
0.00821547
0.00824481
0.00765887
0.00738134
0.00545421
0.00388191
0.00395643
0.00399945
0.00421652
0.00400432
0.00415621
0.00397281
0.00457167
0.00395092
0.00394842
0.00400277
0.00411145
0.00400423
0.00408055
0.00398328
0.00480946
0.00402306
0.00403043
0.0039978
0.00425637
0.00415383
0.00416854
0.00404667
0.00638611
0.00587813
0.0056652
0.00427974
0.00615501
0.00660785
0.00522582
0.00564864
0.00574474
0.00416084
0.00404966
0.00533503
0.00543362
0.00436043
0.00517667
0.00425387
0.00532736
0.00532494
0.00422502
0.00417939
0.00478194
0.00505651
0.00423677
0.00431805
0.00486481
0.00405503
0.00406158
0.00400639
0.00423962
0.00415117
0.00418066
0.00403911
0.0039631
0.00396022
0.00407397
0.003961
0.00394563
0.00399399
0.00397848
0.00401276
0.00397382
0.00392981
0.00407613
0.00394592
0.00394205
0.00397985
0.00397669
0.00400841
0.00435962
0.00438348
0.00472619
0.00452013
0.00444404
0.00454782
0.00455667
0.00463585
0.00398173
0.00396381
0.00421089
0.00395034
0.00398014
0.0040434
0.00403212
0.00408257
0.00395665
0.00409157
0.00396293
0.00394297
0.00399485
0.00404497
0.00395715
0.00402446
0.00402166
0.00400539
0.00420672
0.00420917
0.00405391
0.00407146
0.00414347
0.0041519
0.00415731
0.00401189
0.00397441
0.00426736
0.00416196
0.0040657
0.00417332
0.00408319
0.00425346
0.00436461
0.00402915
0.00427779
0.00435484
0.00428759
0.00423641
0.00414102
0.00377422
0.00379603
0.00380405
0.00379641
0.00378026
0.00379077
0.00379421
0.00380115
0.00383118
0.00389765
0.00392825
0.00390147
0.0038487
0.00387184
0.00387149
0.00388755
0.00384427
0.00392292
0.00392089
0.00392326
0.00386163
0.0038819
0.00388776
0.00390229
0.00384452
0.00391943
0.00393159
0.0038956
0.00386672
0.00389577
0.00390576
0.00392753
0.00380649
0.00381674
0.00380887
0.00386007
0.00382569
0.00381485
0.00384044
0.00382356
0.0038205
0.00388337
0.0038998
0.00383018
0.00383526
0.00385557
0.00384907
0.00386665
0.00382962
0.00382642
0.0038809
0.00389572
0.0038449
0.00383601
0.0038634
0.00385509
0.00383974
0.00391614
0.0038988
0.00391209
0.00385807
0.00389361
0.00388587
0.00390829
0.00493451
0.00465426
0.00516642
0.00445399
0.0047849
0.00473279
0.00459665
0.00456341
0.00429366
0.00397985
0.00423388
0.00398988
0.00418357
0.00411209
0.0040864
0.00407078
0.00505898
0.00471862
0.00474082
0.00461567
0.00483771
0.00473864
0.0047556
0.00469669
0.00416304
0.00397404
0.00419865
0.00395036
0.00409395
0.00403926
0.00401741
0.00399718
0.0045217
0.00498465
0.0043786
0.00416287
0.00438207
0.00447471
0.00425331
0.00432107
0.00442419
0.00409005
0.00445005
0.00486898
0.00432246
0.0041877
0.00462939
0.00449717
0.00487789
0.00426216
0.00406623
0.00439476
0.00472585
0.00421362
0.00455899
0.00411541
0.00474167
0.00440531
0.00404307
0.00443551
0.00460625
0.00449636
0.00438363
0.00425658
0.0043871
0.0043535
0.00623737
0.003777
0.00409467
0.00551493
0.00416284
0.00497984
0.00445914
0.00448369
0.00582413
0.00377734
0.00414574
0.00535992
0.00419561
0.00487412
0.00725822
0.0067622
0.00765702
0.00401774
0.00551159
0.00728242
0.00516412
0.0063491
0.00375383
0.00375384
0.00376579
0.0037535
0.0037537
0.00375797
0.00375747
0.00376
0.00409952
0.00500664
0.00376603
0.00376647
0.00415805
0.00449521
0.00377628
0.00381306
0.00542066
0.00381484
0.00644319
0.00677678
0.00487409
0.00444395
0.00594347
0.00479665
0.00476524
0.00377265
0.00377516
0.00385294
0.00385895
0.00380404
0.00383857
0.00379788
0.00593261
0.00392341
0.00380573
0.00564281
0.00493504
0.00392864
0.00461212
0.0038658
0.00640272
0.00406517
0.00907985
0.00765449
0.00642992
0.00502002
0.00672499
0.0053204
0.00271987
0.00258671
0.00552085
0.00351942
0.0029373
0.00229804
0.00308483
0.00246075
0.0138432
0.0114798
0.0152541
0.0146688
0.0137234
0.0136986
0.0148413
0.0141311
0.00977004
0.00669004
0.0111239
0.0125544
0.0102446
0.00812169
0.0111294
0.00875517
0.00365078
0.00940938
0.00780306
0.00532726
0.00431203
0.00540935
0.0045242
0.00614449
0.00297271
0.00399349
0.00669218
0.00900996
0.00340754
0.00346969
0.00693218
0.00682468
0.0102988
0.00860818
0.00604428
0.0111506
0.0103162
0.00689421
0.0100779
0.00719639
0.00960356
0.010334
0.00426322
0.00708713
0.00967716
0.00975056
0.00788944
0.00753943
0.00376639
0.00378663
0.0037609
0.00378834
0.0037844
0.0037768
0.00377944
0.00377669
0.00382334
0.00389616
0.00382886
0.00387636
0.00386309
0.0038593
0.00385384
0.00385174
0.00376445
0.0037914
0.00375977
0.00378815
0.00378338
0.0037783
0.00378021
0.00377327
0.00382818
0.0038847
0.00381685
0.003876
0.00387656
0.00386871
0.00386115
0.00384721
0.00381246
0.0037767
0.00381459
0.00386481
0.00381014
0.00378862
0.00382564
0.00381226
0.00380901
0.00385665
0.00381332
0.00377416
0.0038079
0.0038254
0.0037866
0.00381373
0.00378461
0.00381445
0.00385554
0.00380747
0.00379329
0.00380639
0.00381496
0.00382583
0.00378232
0.00380849
0.0038513
0.00380645
0.00379488
0.00381203
0.00381364
0.00382613
0.00457097
0.00433076
0.00499179
0.004287
0.00447341
0.00454162
0.00464349
0.00470401
0.00417683
0.00412385
0.00423449
0.00397229
0.00412713
0.00425219
0.0041446
0.00420427
0.00525328
0.0045627
0.00487434
0.00482113
0.00503209
0.00475059
0.00529608
0.0047704
0.00411307
0.00399314
0.00434749
0.00398518
0.00407044
0.00413083
0.00418066
0.00419671
0.00429226
0.00479435
0.00422977
0.00403811
0.00429649
0.0043987
0.00406774
0.00423055
0.0043163
0.00410736
0.00439476
0.00465862
0.0043015
0.0041843
0.00442081
0.00437573
0.00501791
0.00444587
0.00416072
0.00470465
0.00458383
0.0044532
0.00446241
0.00424232
0.00495801
0.00460777
0.00417882
0.00442553
0.00476003
0.00457235
0.00462751
0.00430533
0.00381075
0.00470386
0.00391657
0.00388912
0.00386083
0.00396124
0.00387692
0.00398094
0.00677629
0.00751936
0.0079786
0.00643234
0.00702354
0.0072904
0.00678501
0.00708236
0.00398896
0.00564128
0.00414129
0.00414899
0.00409951
0.00416227
0.00411199
0.00421702
0.00394107
0.0047582
0.00410976
0.00397432
0.00397978
0.00418213
0.00399099
0.00415664
0.00491427
0.00401831
0.00394025
0.00496231
0.00489836
0.00409992
0.00484124
0.00412289
0.00561832
0.0055542
0.0062763
0.00409782
0.00559952
0.00588086
0.00526401
0.00565743
0.00402335
0.00394846
0.00484126
0.00413088
0.00405568
0.00411102
0.00415356
0.00421869
0.00413645
0.00424053
0.00529359
0.00601821
0.00421371
0.0042404
0.00541047
0.00512901
0.00496246
0.00455738
0.00534399
0.00478756
0.00510071
0.00483627
0.00538919
0.00516089
0.00420248
0.00399287
0.00424116
0.00402253
0.00413972
0.00410784
0.00418487
0.00419293
0.00588721
0.00477687
0.00506589
0.00480176
0.00541161
0.00496453
0.00518106
0.00496135
0.00421877
0.00406374
0.00432194
0.00398416
0.00418483
0.00419924
0.00421193
0.0042573
0.0045012
0.00517687
0.00463959
0.00425598
0.00471195
0.00492947
0.0043579
0.00465309
0.00443531
0.0042533
0.00454032
0.00519103
0.00465723
0.00437852
0.00490944
0.00475092
0.00512282
0.00470628
0.00429877
0.00469448
0.00485471
0.00475906
0.00467483
0.00441252
0.0055013
0.0047723
0.0043339
0.00474517
0.00520302
0.00478418
0.00496055
0.00441628
0.00376372
0.00376032
0.00379268
0.00379063
0.00377413
0.00376908
0.00378437
0.00378019
0.00376421
0.00376539
0.00379534
0.00379976
0.00377861
0.00377598
0.00378981
0.00378757
0.00383351
0.00383186
0.00388484
0.00389409
0.00384697
0.00385215
0.00386354
0.00387001
0.00382373
0.00383237
0.0039026
0.0038808
0.00384613
0.00384931
0.00386861
0.00387223
0.00376544
0.00380164
0.00380134
0.00380369
0.00377663
0.00378888
0.00378621
0.00379967
0.00377336
0.00381139
0.0038083
0.00380942
0.00378436
0.00379831
0.00379497
0.00380782
0.00381439
0.00381522
0.00381935
0.00387432
0.00382982
0.00381439
0.00385083
0.00383326
0.00382131
0.00387586
0.00382622
0.00382152
0.00383448
0.00385459
0.00382137
0.00384006
0.0098889
0.00802838
0.00894842
0.00542841
0.00872085
0.00800126
0.00608088
0.00627251
0.00740145
0.00987705
0.00921201
0.00414707
0.00701233
0.00888895
0.00494272
0.00685695
0.0123443
0.0111162
0.0138161
0.00811615
0.0121488
0.0124391
0.0112102
0.0116305
0.00675045
0.0036766
0.00554679
0.00875726
0.00637267
0.00432147
0.006681
0.00512538
0.00720322
0.00828253
0.00489283
0.00380397
0.00517626
0.00542237
0.00439618
0.00427231
0.00678399
0.00335634
0.009024
0.00960956
0.00529041
0.00455268
0.00912509
0.00873127
0.00749505
0.00469173
0.00301902
0.00545179
0.00576888
0.00397552
0.00525945
0.00345661
0.00860081
0.00554574
0.00273349
0.00826601
0.00836659
0.00616012
0.00794512
0.00606354
0.00852912
0.0103876
0.00588153
0.00603845
0.00747018
0.008104
0.0064562
0.0066309
0.0110902
0.00930029
0.00653827
0.00740868
0.00878636
0.00798171
0.00754913
0.00731816
0.00464805
0.00464728
0.00399078
0.00405723
0.00456442
0.00457852
0.00419162
0.00413096
0.00473738
0.00483208
0.00408961
0.00405127
0.00463437
0.00468041
0.00428997
0.00424016
0.00892323
0.00582758
0.00594191
0.00679643
0.00736787
0.0067804
0.00675549
0.00622874
0.00954348
0.00715167
0.00637677
0.00615158
0.00729935
0.00711611
0.00617291
0.00604342
0.00519883
0.00520344
0.00538766
0.00430942
0.00478856
0.00531934
0.00468252
0.00523018
0.00528551
0.00424917
0.00542398
0.00533999
0.00520644
0.00472006
0.00529766
0.00484613
0.00451749
0.00586644
0.00378042
0.00450158
0.00539272
0.00487755
0.00417803
0.00421719
0.00680842
0.00785737
0.00404915
0.00743019
0.00740683
0.00644582
0.00562603
0.00525509
0.00375398
0.003767
0.00375385
0.00375416
0.00375833
0.00376055
0.0037539
0.0037578
0.00444827
0.00636324
0.00377713
0.00455551
0.00557022
0.00500515
0.0041375
0.00419708
0.00648914
0.00382038
0.00551566
0.00692224
0.0048648
0.00447888
0.00606495
0.00492727
0.0056455
0.0060207
0.00393926
0.00381077
0.00464422
0.00500093
0.00387095
0.00394079
0.00376789
0.00413071
0.00512173
0.00376734
0.00377813
0.00418541
0.00381679
0.00455185
0.00377688
0.00377707
0.00485086
0.00386378
0.00380228
0.00380903
0.00384764
0.00387066
0.00375892
0.00378557
0.00378605
0.00378592
0.00376417
0.0037713
0.00377542
0.00377831
0.00382257
0.00388944
0.00389777
0.00386934
0.00383765
0.00386074
0.00385124
0.00386918
0.00383281
0.00390846
0.00392033
0.00389457
0.00384415
0.0038721
0.00386493
0.00388507
0.0038198
0.00386763
0.00387894
0.00387726
0.00383256
0.00384679
0.00384788
0.00385808
0.00379588
0.00379503
0.00379698
0.0038355
0.00380529
0.00378981
0.00381926
0.00380569
0.0038086
0.00384694
0.0038613
0.00380865
0.00381547
0.00382864
0.00382682
0.00383666
0.00380869
0.00381017
0.00385088
0.00386065
0.00382791
0.00381647
0.00384017
0.00383129
0.00381772
0.00387204
0.00385992
0.00386979
0.00383228
0.00385353
0.00385102
0.0038725
0.013036
0.0126925
0.0101347
0.0100672
0.0129142
0.0135197
0.0125139
0.012469
0.0143548
0.0165882
0.00620614
0.005526
0.0123015
0.0147764
0.00619718
0.00596261
0.0054746
0.00440757
0.00386793
0.0039371
0.00461994
0.0044492
0.00401611
0.0038968
0.004929
0.00440621
0.00396796
0.00400729
0.00458593
0.00456004
0.00407936
0.00398017
0.0101162
0.00958885
0.00777676
0.00594679
0.00783513
0.0130751
0.00717912
0.00831531
0.0122383
0.00593092
0.00632375
0.00821142
0.00699839
0.00634809
0.00850718
0.0064178
0.00553313
0.00514594
0.00466896
0.00404982
0.00512877
0.00499539
0.00474795
0.0046715
0.00526089
0.00395384
0.00445712
0.00438709
0.00485215
0.00471598
0.00477662
0.00441942
0.00969084
0.0107431
0.00925031
0.00878732
0.00981208
0.0104623
0.00937083
0.00977195
0.00538748
0.00415859
0.00414726
0.00460266
0.00457653
0.00427792
0.00468049
0.00416087
0.00612413
0.00412422
0.00390607
0.00460932
0.0048532
0.00444534
0.00476973
0.00397815
0.0058843
0.00465249
0.00478638
0.00443929
0.00510285
0.00512936
0.00490942
0.00463126
0.00794817
0.00928457
0.00790472
0.00501093
0.00859634
0.0100204
0.00725265
0.00837776
0.00652635
0.00487206
0.0042804
0.00875382
0.00676582
0.00502513
0.00660564
0.00465511
0.00791268
0.0071979
0.00490427
0.00517215
0.00748241
0.00703457
0.00529048
0.00548595
0.00768798
0.00458469
0.00453271
0.0041371
0.00526902
0.00509873
0.00480043
0.00465434
0.00577048
0.00490758
0.00511204
0.00508093
0.00521948
0.00514603
0.00524894
0.00501171
0.00518087
0.0055002
0.00464206
0.00453482
0.00494834
0.00515662
0.00458065
0.00465704
0.0053234
0.00472993
0.00523106
0.00507988
0.0052477
0.00507934
0.00518802
0.00520574
0.00446276
0.00424884
0.0044164
0.00408916
0.0042294
0.00438656
0.00419108
0.00434837
0.004796
0.00503102
0.004691
0.00446272
0.00463744
0.00477569
0.00455754
0.00470418
0.00496666
0.00459997
0.0047266
0.00513427
0.0047534
0.00466037
0.00484883
0.00478649
0.0049908
0.00460808
0.00432147
0.00458844
0.00481506
0.00467912
0.00471098
0.0044596
0.00515847
0.00495801
0.00452806
0.00468374
0.00498913
0.00494415
0.00468325
0.00461591
0.00376053
0.00375442
0.00376045
0.00378428
0.00376267
0.00375681
0.0037731
0.00376833
0.00375282
0.00375149
0.00375154
0.00376816
0.0037537
0.0037514
0.00375678
0.0037537
0.00376088
0.00375419
0.00375437
0.0037773
0.00376222
0.00375546
0.00376624
0.00376021
0.00381256
0.00380067
0.00380469
0.00385624
0.00381244
0.00380259
0.00382864
0.00382162
0.00375604
0.00376408
0.00378653
0.00377579
0.00376285
0.00376993
0.0037744
0.00377804
0.00375343
0.00376854
0.00375343
0.00375693
0.00375806
0.00375911
0.00375432
0.00375774
0.00377363
0.00379838
0.00378435
0.00379055
0.00378383
0.00379233
0.00378189
0.00379109
0.00376878
0.00378485
0.0037789
0.00375737
0.00376901
0.00377436
0.00376283
0.00376892
0.00732428
0.00772614
0.0079794
0.00650612
0.00722408
0.00770821
0.0068759
0.0070528
0.00696302
0.00619112
0.0057979
0.005303
0.00635737
0.00623358
0.00584776
0.0059916
0.00571156
0.00510972
0.00422349
0.00421475
0.00523187
0.00503934
0.00432082
0.00439709
0.00481761
0.00461649
0.00416076
0.00401663
0.00462456
0.00455526
0.00419236
0.00426188
0.00675642
0.00709065
0.00603945
0.00536089
0.00638915
0.00648811
0.00582243
0.00585363
0.00698726
0.00524821
0.00582804
0.00700359
0.00670644
0.00588562
0.00687772
0.00605226
0.00599059
0.00527485
0.0049813
0.00425877
0.00522415
0.0053962
0.00474733
0.00496841
0.00623963
0.00427053
0.00496352
0.00545707
0.005568
0.00457868
0.00541308
0.00465288
0.0037868
0.00395455
0.00503487
0.00384448
0.00381229
0.00428675
0.0038501
0.00442627
0.00527325
0.0168042
0.0171964
0.0055596
0.00557778
0.0160242
0.00607286
0.0139234
0.00931032
0.0154498
0.0129323
0.00791984
0.00992848
0.0138742
0.00985368
0.0119548
0.00390521
0.00445813
0.00491529
0.0040577
0.00397495
0.00454796
0.00403799
0.00464389
0.00416947
0.00491077
0.0038697
0.00439107
0.00434866
0.00446857
0.00426334
0.00443601
0.00630266
0.0057725
0.016423
0.00810382
0.00654235
0.00646287
0.0078799
0.00801578
0.00512325
0.0039076
0.00444219
0.00507284
0.00492334
0.00454693
0.00485238
0.00456763
0.00841039
0.00722821
0.00566667
0.0138863
0.00929174
0.00742895
0.00816938
0.00695366
0.00896409
0.0097233
0.00877584
0.00595933
0.00818517
0.00955825
0.00734052
0.0089864
0.00898106
0.0112084
0.012204
0.00863952
0.00879099
0.0105687
0.00926003
0.0112779
0.00865027
0.0118798
0.0114881
0.00697434
0.00935104
0.0109963
0.00899686
0.0105826
0.00506567
0.00548436
0.00564418
0.0043987
0.00515627
0.00565057
0.00527648
0.0054613
0.00906249
0.00865103
0.00616261
0.00743363
0.00842803
0.00828241
0.00716835
0.00725097
0.00869043
0.00838956
0.0111381
0.00847636
0.00869244
0.00912472
0.00864032
0.00930118
0.00838102
0.00621733
0.00710702
0.0068106
0.00717057
0.00704587
0.00697517
0.00694463
0.0086006
0.00704263
0.00768403
0.011412
0.00881968
0.00746672
0.00878638
0.00769687
0.00376309
0.00378624
0.00376027
0.00378142
0.00378102
0.00377795
0.00377495
0.00377348
0.00381867
0.00386752
0.00381195
0.00385911
0.00384748
0.00384395
0.00384171
0.00383906
0.00376015
0.00377736
0.00375492
0.00377286
0.00377072
0.00376871
0.00376328
0.00376376
0.00380443
0.00385054
0.00380317
0.00385638
0.00382959
0.00383356
0.00382678
0.00383035
0.00380879
0.00377065
0.00380031
0.00384023
0.00380424
0.00378349
0.00381332
0.00379692
0.00380605
0.00384379
0.00379852
0.00377061
0.0038038
0.00381497
0.00378034
0.00380008
0.00376945
0.00379205
0.00383347
0.00379085
0.0037756
0.00379478
0.00379074
0.00380567
0.00377616
0.00379471
0.00383834
0.00379217
0.00378269
0.0037961
0.00379899
0.00380991
0.00916026
0.0120501
0.0119012
0.00644851
0.00901063
0.00986279
0.0092398
0.0101042
0.0178892
0.0240208
0.0193816
0.0152751
0.0211728
0.0213353
0.0198652
0.0210617
0.0136258
0.0160483
0.0176628
0.0120327
0.012594
0.0139103
0.0136737
0.0149809
0.00457696
0.0082516
0.00748572
0.00658545
0.00509729
0.00575967
0.00589113
0.00623427
0.01333
0.0100943
0.00542774
0.0103372
0.0125787
0.00891132
0.00978811
0.00666486
0.0138593
0.0115543
0.0158271
0.0113049
0.0141395
0.0140832
0.0140548
0.014742
0.0100629
0.00503978
0.00986969
0.00903873
0.0072266
0.00631862
0.00798432
0.00695194
0.0116987
0.00997036
0.0111
0.0157613
0.0112494
0.00923407
0.0140115
0.011767
0.0037536
0.00376784
0.00375402
0.00375423
0.0037576
0.00376072
0.00375393
0.00375862
0.00407372
0.0079051
0.00691038
0.00749939
0.00526118
0.00645054
0.00556502
0.00745194
0.00378222
0.00608454
0.00460218
0.00454637
0.00422926
0.00506597
0.00419088
0.00552681
0.00377853
0.00626895
0.00452898
0.0043955
0.00410455
0.00499136
0.00405061
0.00566447
0.0038692
0.00377874
0.00377686
0.00459783
0.00385319
0.00380463
0.0038794
0.00381535
0.00397118
0.00604775
0.00578183
0.00382005
0.00397442
0.00498573
0.00390137
0.00471718
0.00376925
0.00376748
0.00485338
0.00414422
0.00378106
0.00382237
0.00421157
0.00441066
0.00382955
0.00570884
0.00710126
0.00666847
0.00450923
0.00507789
0.00498912
0.0063653
0.00375538
0.00375749
0.00375324
0.00377224
0.00376102
0.00375589
0.00376291
0.00375829
0.00375425
0.00376001
0.00375787
0.00378375
0.00376188
0.0037596
0.00377541
0.00376811
0.00375378
0.0037592
0.00375951
0.0037857
0.00376337
0.00375991
0.00377664
0.00376972
0.00380227
0.00380965
0.00381102
0.0038518
0.00381519
0.00380195
0.00383516
0.00382292
0.00376571
0.00375775
0.00378248
0.00378974
0.00377187
0.00376298
0.00377878
0.00377181
0.00375674
0.00377829
0.00375923
0.00375379
0.003762
0.00376703
0.00375437
0.00376261
0.00375886
0.00379018
0.00380107
0.00380037
0.00376913
0.00378003
0.00378287
0.0037892
0.00375721
0.00379545
0.00379287
0.00376921
0.00376516
0.00377642
0.00377417
0.0037824
0.00385021
0.00437546
0.00551552
0.00412841
0.00392652
0.00444087
0.00411958
0.00501176
0.00599254
0.0146194
0.0146168
0.00701722
0.00638457
0.0123851
0.00657793
0.0105871
0.0101696
0.0129229
0.0131266
0.0125129
0.0114893
0.011326
0.0110412
0.0121129
0.00463107
0.00688841
0.0101989
0.00495339
0.00483207
0.00612627
0.00495348
0.00664784
0.00483333
0.00619825
0.0042381
0.00642948
0.00525119
0.00536616
0.00595049
0.00530781
0.00634241
0.00748175
0.0114818
0.00685829
0.006365
0.0063946
0.00675036
0.00693222
0.00848578
0.00459404
0.00717047
0.0110264
0.00953906
0.00584942
0.00996075
0.00661229
0.00992559
0.0133078
0.0101211
0.00951281
0.0118245
0.01291
0.00905683
0.0115001
0.0137688
0.0153008
0.0118957
0.0129933
0.0125659
0.0126398
0.0125633
0.0121081
0.0157325
0.0135439
0.0104946
0.00793809
0.0111895
0.0124599
0.00903068
0.00995777
0.0118776
0.0114856
0.0119461
0.0101998
0.00990295
0.0110029
0.0108546
0.0108391
0.0116406
0.00707517
0.00901228
0.00556956
0.00898446
0.00865767
0.00781377
0.00871267
0.0115781
0.0120478
0.0142813
0.00844297
0.0107043
0.0117251
0.0109577
0.0127156
0.013566
0.00812334
0.0108655
0.0117316
0.0116657
0.00890107
0.011268
0.0100349
0.0123456
0.0129571
0.00795925
0.00979133
0.0128175
0.0129636
0.00990967
0.00917534
0.0117992
0.0100818
0.00824344
0.00995594
0.0095569
0.00963529
0.00898997
0.00870125
0.00395664
0.00393808
0.00402867
0.00392411
0.00392778
0.00395737
0.00396047
0.00398139
0.00392387
0.00391148
0.00396443
0.00388776
0.00390034
0.00392651
0.00391502
0.00393524
0.00422988
0.00409412
0.00443827
0.00419488
0.00422292
0.00428153
0.00431108
0.00436476
0.00390281
0.00388878
0.00398118
0.00390242
0.0038851
0.00390965
0.00391891
0.00393566
0.00390883
0.00403971
0.00390922
0.00388417
0.00392653
0.00400055
0.00389329
0.00394373
0.00393586
0.0039062
0.00402016
0.00408957
0.00394829
0.00395491
0.00398224
0.00398484
0.00410058
0.00394063
0.00391077
0.00406991
0.00403103
0.00397097
0.00402964
0.00397774
0.00413834
0.00411442
0.00392741
0.0040424
0.00416438
0.00408465
0.00401362
0.0039613
0.00386207
0.00538561
0.00447542
0.00392408
0.00426346
0.0047693
0.00398955
0.00483812
0.0157943
0.0156607
0.0146296
0.0123709
0.0145048
0.0149158
0.014936
0.0165418
0.0065727
0.0172273
0.0155394
0.00571754
0.0082539
0.0162435
0.00674167
0.0143601
0.00393722
0.00508905
0.00439849
0.00397362
0.00403282
0.00465743
0.00399223
0.00434752
0.00747564
0.00545755
0.0040794
0.00607832
0.00577348
0.00543024
0.00560393
0.00512337
0.0184289
0.0109256
0.0133247
0.00740446
0.00849473
0.0109169
0.00867458
0.0119282
0.00467594
0.00398496
0.00522568
0.00457144
0.00445743
0.00458754
0.00493998
0.00500349
0.00754496
0.00576154
0.00909329
0.0148725
0.00802024
0.00737754
0.0115527
0.00960381
0.00979735
0.00918732
0.00811391
0.0090669
0.00905652
0.00925531
0.00860977
0.00846525
0.00567672
0.00380171
0.0038771
0.00407013
0.00403641
0.00384692
0.00403236
0.00387283
0.00520827
0.00397457
0.00412
0.0042779
0.00424863
0.00404137
0.00423169
0.00410031
0.00746793
0.00476868
0.0044347
0.00505
0.00557634
0.00511104
0.00538727
0.00478736
0.00703356
0.00674897
0.00812682
0.00480399
0.00693805
0.0076148
0.00698972
0.00726401
0.00557131
0.00427894
0.00392265
0.00569613
0.00599835
0.00427574
0.00563739
0.00423272
0.00645769
0.00726513
0.00482557
0.00454436
0.00587357
0.00661857
0.00474077
0.00503582
0.00561411
0.00427559
0.0043431
0.00396139
0.00432556
0.00438529
0.00419277
0.0042692
0.00919032
0.00839878
0.00931901
0.00925612
0.00876307
0.00855358
0.00948047
0.00916531
0.00535119
0.00422339
0.00489686
0.00440651
0.00469044
0.00476025
0.00468938
0.00478349
0.00975449
0.00568609
0.00844299
0.00665253
0.00751669
0.00772696
0.00752202
0.00769674
0.0076672
0.00456373
0.00600557
0.00525655
0.00606445
0.00591121
0.0058006
0.00591476
0.00711006
0.00843135
0.00773357
0.00500438
0.00654253
0.00803746
0.00599081
0.00760914
0.00730658
0.00503135
0.00577235
0.00861747
0.00675453
0.00561379
0.00696965
0.00589334
0.00901482
0.00793155
0.0048959
0.00636415
0.00779797
0.00785357
0.00648087
0.00616716
0.00897456
0.00644269
0.00501615
0.00560105
0.00698994
0.00636685
0.00544164
0.00507389
0.00387601
0.00431619
0.00575513
0.00399098
0.00391916
0.00496898
0.00407251
0.00503603
0.00554421
0.0175706
0.0211383
0.00513157
0.00519633
0.017261
0.0054129
0.0138054
0.00871507
0.015285
0.0108087
0.00743601
0.00991539
0.0126672
0.00965235
0.0107347
0.00395906
0.0042286
0.00485283
0.00395408
0.0039508
0.00443821
0.00400215
0.00446738
0.0044498
0.00579291
0.00396934
0.00428225
0.00491794
0.00502251
0.00431899
0.00464667
0.00690003
0.00567721
0.0176367
0.00850624
0.00678849
0.00598295
0.00895981
0.00697746
0.00642911
0.00405555
0.00450398
0.00540087
0.0054447
0.00467052
0.00519027
0.00466857
0.00847221
0.00724359
0.00600462
0.0130441
0.00927991
0.00780415
0.00690592
0.00763243
0.00487355
0.00464977
0.00431662
0.00436148
0.00470988
0.00453337
0.00457185
0.00438728
0.00449776
0.00445066
0.00416412
0.00428043
0.00442936
0.00440357
0.00432573
0.00432698
0.0040647
0.00401029
0.00394381
0.00392274
0.00401516
0.00399801
0.00398771
0.00396078
0.00406803
0.00403119
0.00392335
0.00393873
0.00402873
0.00399291
0.00399445
0.00395519
0.0044526
0.00421341
0.00426116
0.00420361
0.00436777
0.00428736
0.00430731
0.00418752
0.0043563
0.00419134
0.00411239
0.00415633
0.00426183
0.0042207
0.0042085
0.00413267
0.00416899
0.00418634
0.00412611
0.00398316
0.00406439
0.00411001
0.00402287
0.00406352
0.00409495
0.00395107
0.00410962
0.00405909
0.00405075
0.00399751
0.00408287
0.00401493
0.00921193
0.0102445
0.00845086
0.00634953
0.00861137
0.0105161
0.0076797
0.00839052
0.0109354
0.011909
0.013828
0.00799008
0.0102948
0.011978
0.0095375
0.0108092
0.0112111
0.0173265
0.0166531
0.00833845
0.0125575
0.014968
0.0132781
0.016456
0.00501709
0.00515162
0.00572541
0.00410015
0.00504026
0.00532231
0.00496586
0.00509341
0.0100099
0.00889858
0.00664882
0.0071951
0.00842516
0.00815547
0.00697466
0.00717135
0.0103699
0.00820721
0.0133894
0.00980987
0.00919402
0.00922528
0.00964509
0.0101243
0.00932448
0.00661929
0.00726002
0.00752651
0.00799594
0.00707782
0.0082844
0.00689479
0.010788
0.00779378
0.00810947
0.0150044
0.0114947
0.0102054
0.011807
0.0101714
0.0122033
0.0122718
0.0133497
0.00693986
0.01234
0.0126757
0.0112114
0.0127392
0.0127087
0.0165905
0.0153285
0.0081124
0.012855
0.0150767
0.0122527
0.0152881
0.0126459
0.0141792
0.012068
0.0111936
0.0118995
0.0119095
0.0113743
0.0124661
0.00509247
0.00557039
0.00536597
0.00414145
0.00504483
0.00528155
0.00484883
0.00514858
0.0112066
0.0132304
0.00698692
0.0071097
0.0112124
0.0121355
0.0071218
0.00757196
0.0108794
0.00754633
0.013058
0.0119586
0.011195
0.0109894
0.0115761
0.0117512
0.0128365
0.00676435
0.00711771
0.0078157
0.00817871
0.00764721
0.00851476
0.00751927
0.012202
0.00986721
0.00777557
0.013501
0.0113567
0.00982783
0.0115414
0.008564
0.0037733
0.0038281
0.0037662
0.00381637
0.00380272
0.00380211
0.00378878
0.00379077
0.0038923
0.00395154
0.00382568
0.00397452
0.00398493
0.00392924
0.00391265
0.0039064
0.00376345
0.00378351
0.00376306
0.0037929
0.00377418
0.00377875
0.00378124
0.00378213
0.00384688
0.00392846
0.00383262
0.00388659
0.00389983
0.0038906
0.00386309
0.00386779
0.00391531
0.00378568
0.00388067
0.00398494
0.00383777
0.00380388
0.00389284
0.00385763
0.00387483
0.00393133
0.00381244
0.00378104
0.00383369
0.00384671
0.00379225
0.00381621
0.00378661
0.00382798
0.00388293
0.00381676
0.00380134
0.00383166
0.00382247
0.00384491
0.00378387
0.00381759
0.00387919
0.00381023
0.00379141
0.00381594
0.00381166
0.00382947
0.00498691
0.00470905
0.00560169
0.00470643
0.0049121
0.00493576
0.0052077
0.00527864
0.00434675
0.0043792
0.00516233
0.00442963
0.00437317
0.00449469
0.00483905
0.00507328
0.00679424
0.00583265
0.00622285
0.0061436
0.00639269
0.00606112
0.00630791
0.00612205
0.00427808
0.00426764
0.00476523
0.00408534
0.00424376
0.00444019
0.00448575
0.00469053
0.0045912
0.00531824
0.00462996
0.00447239
0.00502725
0.00508723
0.00441944
0.00465088
0.00457176
0.00468907
0.00570086
0.00546613
0.00507688
0.00487924
0.00538711
0.00548601
0.00551148
0.00482499
0.00490043
0.00555253
0.00516524
0.00492762
0.00525334
0.00482369
0.00608497
0.00615773
0.00523695
0.00607082
0.00599081
0.00554834
0.00591701
0.00523403
0.00697129
0.00786643
0.0076752
0.00613867
0.00682422
0.00731405
0.00670828
0.00715486
0.00570697
0.00441354
0.00556611
0.00479074
0.0054425
0.00537822
0.00521893
0.00514727
0.00810541
0.0119208
0.00948905
0.00837547
0.00863107
0.00885301
0.0086575
0.00911044
0.00600915
0.00478177
0.00585897
0.00451352
0.00581024
0.00554194
0.00556871
0.00547026
0.00794271
0.00793322
0.00615324
0.00601417
0.00785195
0.00719336
0.00616509
0.0062604
0.00820028
0.00612267
0.00931827
0.00888006
0.00838906
0.00765963
0.0097389
0.00923123
0.00752274
0.00623899
0.00573049
0.00701015
0.00721581
0.00644226
0.00714483
0.00625883
0.00834602
0.00783798
0.00598418
0.00982545
0.00846584
0.00773518
0.00940975
0.00750023
0.00379665
0.00456575
0.00407667
0.00383196
0.00388056
0.00440868
0.00383454
0.00431619
0.00795273
0.0110104
0.0122973
0.0109337
0.00807396
0.0101275
0.0103324
0.0110414
0.00542544
0.0148537
0.0136642
0.00561517
0.00782054
0.0141624
0.00602535
0.0132322
0.00386583
0.00550356
0.00450342
0.00405948
0.00399025
0.00505148
0.00403637
0.00470552
0.00545053
0.00495563
0.00391166
0.0058957
0.00507668
0.00478582
0.00499007
0.00474165
0.00750495
0.0100939
0.0114763
0.00623838
0.00673563
0.00810622
0.00673939
0.00823889
0.00406069
0.00385499
0.00572387
0.00461149
0.00401657
0.00415878
0.00523234
0.00492866
0.0063985
0.00642844
0.0104253
0.0134124
0.00728326
0.00769712
0.00988258
0.00960101
0.00633952
0.00554731
0.00683541
0.00450591
0.00592522
0.00596389
0.00524859
0.00522001
0.00491575
0.00419475
0.00442701
0.00402406
0.00448009
0.00451854
0.00418723
0.00412144
0.00693816
0.00491903
0.00488154
0.00397443
0.0054781
0.00572976
0.00446318
0.00428299
0.00405498
0.00393756
0.00392801
0.0039063
0.00399714
0.0039637
0.00395589
0.00391895
0.0051742
0.00621102
0.00435726
0.00411861
0.00473465
0.00491203
0.00422031
0.00429195
0.00524736
0.00406656
0.00500178
0.00624764
0.00473632
0.00448302
0.0056261
0.00503778
0.00527331
0.00417647
0.00400072
0.00400192
0.00420328
0.00412585
0.00408851
0.0040536
0.00532644
0.00395221
0.00396155
0.00433882
0.00485675
0.00404515
0.00452168
0.00398306
0.00668906
0.00355451
0.00715896
0.00620108
0.00523013
0.0042379
0.00545677
0.00461065
0.0034973
0.00820806
0.00870259
0.00638403
0.00468086
0.00554541
0.00517408
0.0064941
0.0100548
0.0097034
0.0117299
0.0110069
0.0104524
0.0105445
0.0111394
0.0108263
0.00873095
0.00687524
0.00962133
0.0114331
0.00953915
0.00796
0.0101283
0.0086959
0.00317357
0.00769501
0.00694035
0.00521549
0.00389324
0.0049511
0.00411354
0.00565658
0.00301747
0.00516519
0.00780813
0.00760418
0.00362829
0.00450018
0.00654937
0.00688936
0.00838736
0.00758407
0.006218
0.00941531
0.00852351
0.00644174
0.0085884
0.0071712
0.00811878
0.00903054
0.00608902
0.00862295
0.0084209
0.00850402
0.00765075
0.00772495
0.00375867
0.00378365
0.0037594
0.00379485
0.00377186
0.00377109
0.00377761
0.00377161
0.00382753
0.00390573
0.00384292
0.00391522
0.00387416
0.00386704
0.00387778
0.00387187
0.00376404
0.00379125
0.00375701
0.00377949
0.00377401
0.00377552
0.00376757
0.00376508
0.00383104
0.00390705
0.00381415
0.0038661
0.00386661
0.00387412
0.00384289
0.00384568
0.00381325
0.0037805
0.00382133
0.00390522
0.00381295
0.00378878
0.00383345
0.00381876
0.00381612
0.00389458
0.00382905
0.00378623
0.00382215
0.00384144
0.00379819
0.00382675
0.00377937
0.0038177
0.00388267
0.00380379
0.00379313
0.003818
0.00381928
0.00383549
0.00378185
0.00380111
0.00388805
0.00381662
0.0037894
0.00381585
0.00381463
0.0038329
0.0195495
0.0176869
0.0164805
0.0117641
0.0194402
0.017504
0.0158943
0.0176037
0.0148473
0.0122683
0.00871171
0.012594
0.0136033
0.0119134
0.0125947
0.0101065
0.0131984
0.00919081
0.0089922
0.0086967
0.0129694
0.0112635
0.0116732
0.00961082
0.00545306
0.00570264
0.0059747
0.00434879
0.00517426
0.00597266
0.00531818
0.00576392
0.0172137
0.0149314
0.00988117
0.0109524
0.0138478
0.0147267
0.0121042
0.0116449
0.0147301
0.012174
0.0104338
0.0127357
0.0134009
0.012722
0.0127835
0.0120128
0.0129986
0.00862717
0.00921473
0.00866039
0.00924828
0.00962865
0.00877001
0.0084538
0.012707
0.00941739
0.0105222
0.0104344
0.0126808
0.0101533
0.0130247
0.0101765
0.00376565
0.00379492
0.00380796
0.00379863
0.00377663
0.00378537
0.00379323
0.0038029
0.00384191
0.00392404
0.00395069
0.00390859
0.00386149
0.00389352
0.00388538
0.00392375
0.00385061
0.00393964
0.00390622
0.00394966
0.00387581
0.00390035
0.00391111
0.00394165
0.00383231
0.0039041
0.0039225
0.00391237
0.00384999
0.00387631
0.00387477
0.0039055
0.00380889
0.00382204
0.00381103
0.0038611
0.0038284
0.00381715
0.00384237
0.00382798
0.00382717
0.0038871
0.00392392
0.00383627
0.00384641
0.00386673
0.00384976
0.0038724
0.00383835
0.00382462
0.00388305
0.00389181
0.00384908
0.00384161
0.0038692
0.00385987
0.00385528
0.00392697
0.00390888
0.00394361
0.00387725
0.00389814
0.00390045
0.00392854
0.0127037
0.0142584
0.00536621
0.00560861
0.0115023
0.0130165
0.00612444
0.00654964
0.0129226
0.0107662
0.00781207
0.00677768
0.0105209
0.0100882
0.00780793
0.00815216
0.00428868
0.00501803
0.00384226
0.00403051
0.00468757
0.00480299
0.0041317
0.00442079
0.00433526
0.00468178
0.00392639
0.00396166
0.00440783
0.00450711
0.00396178
0.00400315
0.011868
0.00556832
0.00556431
0.0064098
0.00662389
0.00622505
0.00642459
0.00593843
0.0124185
0.00649903
0.00773639
0.00621903
0.00673741
0.00653749
0.00643707
0.00627583
0.00440128
0.00436685
0.00466893
0.00396009
0.00426261
0.00448893
0.00435463
0.00455047
0.00476666
0.00419102
0.00502844
0.00548925
0.00480398
0.00477649
0.00506914
0.00502588
0.00954515
0.00697133
0.0104187
0.00658607
0.00796284
0.00816707
0.00835515
0.00881423
0.00713744
0.00687235
0.00672961
0.00603663
0.00635744
0.00666733
0.0063968
0.00662185
0.0109318
0.00729399
0.0105171
0.00664519
0.0087242
0.00817305
0.00933677
0.00866575
0.00516227
0.00490998
0.00502153
0.00416513
0.00479128
0.00497371
0.00471031
0.00492516
0.00624356
0.00879934
0.00596013
0.00549932
0.00645057
0.00729857
0.00567109
0.00588237
0.00669878
0.00616402
0.006823
0.00871412
0.00692498
0.00660047
0.0076653
0.00680634
0.0093642
0.00608453
0.00544987
0.00619301
0.00633107
0.00596581
0.006051
0.005587
0.00903355
0.00637737
0.0061576
0.00694646
0.00742688
0.00624976
0.00691061
0.00643538
0.00375478
0.00375767
0.00375515
0.00378304
0.00376207
0.0037568
0.00377388
0.00376096
0.00375377
0.00375277
0.00375259
0.00377225
0.00375771
0.00375366
0.00376247
0.00375696
0.00375238
0.00375213
0.00375456
0.00377113
0.00375557
0.00375275
0.00376202
0.0037575
0.00381498
0.00380575
0.00380724
0.0038627
0.00382526
0.00379951
0.00384587
0.00381693
0.00376257
0.00375953
0.00379288
0.00378802
0.00377086
0.00376653
0.00378002
0.00377753
0.0037541
0.00377009
0.00375231
0.00375195
0.00375693
0.00375889
0.00375223
0.00375489
0.0037644
0.00380403
0.0037965
0.00379525
0.00377172
0.00378113
0.00377772
0.00378703
0.00375512
0.00377807
0.00378005
0.0037549
0.00375746
0.00376751
0.00375887
0.0037689
0.00431701
0.00387634
0.00567847
0.00282552
0.00330856
0.00357282
0.00296885
0.00350218
0.00773778
0.0137743
0.0138723
0.0101934
0.010045
0.0113388
0.00997858
0.0114411
0.00991457
0.0137821
0.0180493
0.0137652
0.013004
0.0134432
0.0141273
0.0144269
0.00372924
0.00836754
0.0110747
0.010211
0.00563683
0.00703997
0.0078505
0.00898388
0.00513364
0.00687047
0.00325985
0.00711646
0.00520535
0.00448358
0.00491086
0.00414583
0.0059498
0.00871775
0.0125613
0.00771231
0.00643229
0.00876638
0.00836631
0.0110979
0.00775807
0.00370709
0.00764121
0.011012
0.00777876
0.00474026
0.0102904
0.00661222
0.00893709
0.0116568
0.00907637
0.0126971
0.0119
0.0115774
0.0120328
0.0116878
0.00375093
0.0037511
0.00375218
0.00376244
0.00375193
0.00375101
0.00375363
0.00375274
0.00375171
0.00375192
0.00375409
0.00376522
0.00375534
0.00375182
0.00375772
0.00375461
0.00375421
0.00375779
0.00375938
0.00377963
0.00376234
0.0037581
0.00376849
0.00376558
0.0037955
0.00379789
0.00380298
0.00383943
0.00381295
0.00379819
0.00381956
0.00380728
0.00375323
0.00375358
0.00377465
0.0037773
0.00375531
0.00375726
0.00376546
0.00376636
0.0037514
0.0037657
0.00375506
0.00375138
0.00375274
0.00375663
0.00375148
0.00375582
0.00375631
0.00378059
0.0037827
0.00378814
0.0037687
0.00377394
0.00378208
0.00378653
0.00375357
0.00377997
0.0037736
0.00376224
0.00376023
0.00377174
0.00376182
0.00377296
0.00459431
0.00490235
0.0046367
0.00442891
0.00464033
0.00466438
0.0044895
0.00454007
0.00574232
0.00769955
0.00672811
0.00692648
0.00691616
0.00696179
0.00660018
0.00697301
0.00476481
0.0051231
0.00479196
0.00439032
0.00481385
0.00492337
0.00453555
0.00465595
0.00417029
0.00512763
0.00415261
0.00404877
0.00431135
0.00435838
0.00407571
0.00413944
0.00534288
0.00473431
0.00452199
0.00568414
0.00490486
0.00466084
0.00485453
0.0045863
0.00542893
0.00576721
0.00554185
0.0047909
0.00512756
0.00583259
0.00507741
0.00556265
0.00456824
0.0042512
0.00494369
0.00424444
0.00443582
0.00432789
0.00446579
0.00442884
0.00467348
0.00430405
0.00518104
0.00506833
0.00471207
0.00452942
0.00493537
0.00495334
0.0811853
0.123903
0.250947
0.064943
0.0822142
0.128907
0.0838697
0.156861
0.440563
0.0519633
0.205293
0.0712789
0.844915
0.164451
0.961812
0.140151
0.814727
0.331823
0.153482
0.0728826
0.995668
0.380209
0.353268
0.273602
0.0432073
0.0311391
0.0554055
0.0210991
0.0431143
0.0365105
0.0518431
0.0357124
0.14646
0.327608
0.0715056
0.0825694
0.150578
0.185763
0.0903632
0.0947267
0.341208
0.120382
0.406263
0.568995
0.37873
0.606408
0.660096
1.13823
0.364071
0.0688176
0.048455
0.0654985
0.10033
0.0862284
0.0914448
0.077832
0.7213
0.0490621
0.039721
0.260992
0.742702
0.0798999
0.887155
0.0685414
0.0138034
0.0127652
0.010542
0.00992239
0.0134046
0.0123705
0.0110274
0.0112423
0.0111609
0.00891953
0.00795719
0.00932735
0.00994009
0.00877382
0.00857033
0.00801095
0.00886158
0.0073156
0.00684739
0.00606944
0.00855464
0.0078903
0.00733073
0.00696712
0.00650759
0.00615697
0.00554985
0.00446245
0.00617253
0.00615541
0.00578889
0.00570269
0.0121674
0.0100398
0.00958524
0.00998793
0.00969803
0.0100736
0.0103569
0.00997306
0.0106286
0.00910474
0.00834765
0.00882914
0.00879912
0.00849339
0.00885982
0.00856465
0.00909158
0.00843772
0.00821249
0.00664638
0.00810685
0.00839591
0.00773238
0.00770375
0.0087621
0.00631555
0.00776622
0.0074294
0.00849683
0.00754604
0.00878852
0.00730601
0.00502323
0.00499117
0.00494813
0.00445642
0.00478387
0.0050011
0.00463708
0.00494753
0.00502679
0.00481751
0.00527403
0.00441607
0.00480807
0.00489609
0.00465711
0.0047893
0.00481456
0.00484782
0.00467867
0.00446391
0.00467283
0.00476756
0.00459284
0.00468561
0.00409237
0.00412028
0.00418185
0.00395702
0.00402092
0.00410728
0.00398958
0.00407594
0.00486875
0.00479444
0.00427509
0.0043074
0.0047115
0.00475347
0.00448307
0.00448858
0.00512271
0.00452322
0.0050418
0.00504261
0.00505428
0.00481586
0.00523105
0.00497342
0.00470638
0.00419389
0.00422692
0.0042814
0.00451899
0.00441468
0.0043839
0.00425261
0.00493615
0.00447104
0.00445343
0.00492526
0.00474163
0.004591
0.00482877
0.00476714
0.00380443
0.00405442
0.00464276
0.0038844
0.00383594
0.00433983
0.00389238
0.0044494
0.00484923
0.0115308
0.0119855
0.00510784
0.00497135
0.0108995
0.0052119
0.00988899
0.00696145
0.0106071
0.00901436
0.00642746
0.00703181
0.00981081
0.00702265
0.0085179
0.00392001
0.00424455
0.00472992
0.00395123
0.00392344
0.00438858
0.00396153
0.00441471
0.00410249
0.00478812
0.00389629
0.00416288
0.00432129
0.00444133
0.00416462
0.00436805
0.00537192
0.00509572
0.0112333
0.0061454
0.00534415
0.00528928
0.00602365
0.0059476
0.00498624
0.00394204
0.00428632
0.00485455
0.00475633
0.00441391
0.00467101
0.00441234
0.00677477
0.00601099
0.00516302
0.00984188
0.00663856
0.00623423
0.0060774
0.00610747
0.0171518
0.00756781
0.0149313
0.032417
0.0116186
0.0117085
0.0153936
0.0129903
0.00504234
0.00451374
0.00691018
0.00701438
0.00521133
0.00479447
0.00727848
0.00624962
0.0127711
0.0114774
0.0122734
0.0268187
0.0118184
0.0127921
0.0101228
0.0102825
0.0245648
0.0074876
0.0142036
0.00854848
0.0115886
0.0107706
0.0111817
0.00989631
0.0071791
0.0125603
0.0147742
0.00924073
0.0121018
0.0134128
0.0117939
0.0129001
0.00631201
0.00900814
0.00887436
0.0137696
0.0100418
0.00896678
0.0116716
0.00945325
0.0118629
0.0173814
0.0105936
0.0147541
0.0228153
0.0161849
0.0168834
0.0149636
0.0115352
0.0131816
0.010021
0.00937843
0.0110226
0.0167172
0.0102331
0.0163282
0.0907881
0.215672
0.0749505
0.057563
0.108999
0.158321
0.0793981
0.090655
0.758163
0.344832
0.212324
0.0385834
0.545513
0.651027
0.159827
0.200009
0.0537059
0.0962399
0.0625796
0.0374874
0.052342
0.070629
0.0489651
0.0596774
0.0296529
0.0254853
0.024165
0.0118479
0.0239987
0.0261624
0.021937
0.0240361
0.808573
0.103645
0.0502762
0.0496293
0.124691
0.0884337
0.0607013
0.055874
0.683376
0.0563987
0.182016
0.13884
0.149644
0.0981936
0.270033
0.16077
0.0474605
0.0407855
0.0398887
0.0323733
0.0412522
0.0468526
0.0423508
0.0393294
0.0497495
0.0383856
0.0439804
0.0746786
0.0455177
0.0454307
0.059123
0.0438891
0.0100783
0.0082269
0.0137717
0.00681008
0.00935704
0.0102253
0.00924144
0.0102522
0.00632511
0.00396719
0.00451307
0.00464585
0.0051904
0.00498276
0.00467219
0.00442471
0.0181662
0.00615309
0.0176021
0.00800353
0.0126643
0.0148817
0.0111484
0.0116548
0.00580357
0.0047077
0.00520383
0.00437077
0.00529415
0.00526954
0.00471701
0.00464716
0.00750704
0.0115175
0.00695011
0.00550876
0.00712326
0.00937714
0.00635349
0.00725665
0.00743663
0.00536751
0.00634728
0.0136435
0.00680806
0.0057321
0.00726034
0.00610833
0.0110607
0.00681475
0.00492294
0.00626267
0.00752187
0.00670973
0.00673689
0.00603941
0.012782
0.00619281
0.00479505
0.00532282
0.00987628
0.00708765
0.00544419
0.00522781
0.00922314
0.00913898
0.00713102
0.00652065
0.00855955
0.00785037
0.00714926
0.00709335
0.0113308
0.0161518
0.00867276
0.00748624
0.012834
0.0124904
0.0102408
0.0105229
0.0067376
0.00788973
0.0063013
0.00543165
0.00649288
0.00683522
0.00602875
0.00614702
0.00501789
0.00518218
0.00481169
0.00412824
0.00497048
0.00509329
0.00468405
0.00482511
0.00907384
0.00657772
0.00620305
0.00627891
0.00692353
0.00652209
0.00622693
0.00613767
0.00833938
0.00671839
0.00686586
0.00640042
0.00710829
0.00774706
0.0067202
0.00700912
0.00638633
0.00585197
0.00594498
0.00529248
0.00580275
0.00586304
0.00573385
0.0057542
0.00647294
0.00537817
0.00620416
0.00669928
0.00616662
0.00571057
0.00637843
0.00595461
0.00375603
0.00375768
0.00378005
0.0037807
0.00376342
0.00376124
0.00377088
0.00377158
0.00376454
0.00376163
0.00379186
0.00379935
0.00377613
0.003774
0.00378673
0.0037856
0.00381597
0.0038217
0.00387081
0.00387597
0.00383058
0.00383705
0.00384968
0.00385499
0.0038102
0.00382881
0.00387191
0.00385788
0.00382496
0.00384068
0.0038421
0.00385494
0.00376971
0.0037904
0.00379001
0.00380413
0.0037781
0.00378433
0.00379105
0.00379927
0.00377025
0.00380848
0.00379927
0.00379381
0.00377706
0.00378826
0.00378274
0.00379341
0.00380267
0.00380207
0.00381692
0.00385079
0.00381982
0.00380942
0.00383372
0.00382511
0.00380565
0.00386155
0.00382081
0.0038107
0.00382043
0.00384384
0.00380598
0.00382994
0.00529357
0.00526966
0.00457024
0.00466534
0.00508451
0.00503746
0.00488925
0.00475835
0.00486384
0.00457961
0.00432633
0.004357
0.0046106
0.00451711
0.00453902
0.00441135
0.00419354
0.00407337
0.00396729
0.00398152
0.00410565
0.00403563
0.00406431
0.00398526
0.00421747
0.00414065
0.00398938
0.00399367
0.00412352
0.00407827
0.00408135
0.00402396
0.00499742
0.0044687
0.00448386
0.00432406
0.00490152
0.0046626
0.00457906
0.00440271
0.00491575
0.00426256
0.00422876
0.0044244
0.0047134
0.0044911
0.00459511
0.00437246
0.0043519
0.00437806
0.00423581
0.00407319
0.00420851
0.00425461
0.00410738
0.00416517
0.00426483
0.00400043
0.00416507
0.00412488
0.00419327
0.00405697
0.00427026
0.00410134
0.00464248
0.00429112
0.00432159
0.0043672
0.00451146
0.00441395
0.00449438
0.0043922
0.00411885
0.00394828
0.00398502
0.00400955
0.00406132
0.00401461
0.00403851
0.00398653
0.00413446
0.00398937
0.00401709
0.00395505
0.00406242
0.0040342
0.00401018
0.00397953
0.00411942
0.00397172
0.00393785
0.00395562
0.00403834
0.00400946
0.00397032
0.00393832
0.00421962
0.00425658
0.0042408
0.00408024
0.00422534
0.00432165
0.00416107
0.00423588
0.00419571
0.00404757
0.00403856
0.00422147
0.00415818
0.00411484
0.00414367
0.00407737
0.0042191
0.00417413
0.00401493
0.00397879
0.00410644
0.0041248
0.00402912
0.00407123
0.00415694
0.00394704
0.00396802
0.00398974
0.0041032
0.00400789
0.00404073
0.00396564
0.00375201
0.00375179
0.00375428
0.00377
0.00375755
0.00375352
0.0037633
0.00375907
0.00375298
0.00375425
0.00375658
0.00377312
0.00375722
0.00375465
0.0037628
0.00376144
0.00375931
0.00375804
0.00375875
0.0037881
0.00377006
0.0037571
0.00377435
0.00376501
0.00379486
0.00380012
0.00381336
0.00383649
0.00381016
0.00380296
0.00381908
0.00381306
0.00375591
0.00376385
0.00377641
0.00378064
0.00376061
0.00376433
0.00376955
0.00377232
0.00375387
0.00377581
0.00375825
0.00375811
0.00375883
0.00376744
0.0037568
0.00376657
0.00377039
0.00378351
0.00378836
0.00380051
0.00378116
0.00378067
0.00379321
0.00379275
0.003766
0.00379525
0.00378432
0.00376466
0.00377689
0.00378645
0.00377261
0.00378404
0.00474992
0.00441407
0.00484552
0.00444099
0.00462961
0.00451273
0.00477094
0.00466599
0.00415835
0.00399557
0.00417965
0.00405723
0.00407152
0.0040537
0.00415449
0.00411633
0.00490895
0.00441384
0.00479494
0.00483377
0.00473802
0.00456518
0.00493329
0.00467638
0.00419157
0.00403244
0.00441355
0.00402371
0.00415316
0.004122
0.00429032
0.00427219
0.00430937
0.00470163
0.00436252
0.0041628
0.00440705
0.00450492
0.00420939
0.00431277
0.00424896
0.00414284
0.00427588
0.0045944
0.00433368
0.00423472
0.00445148
0.00435969
0.00489827
0.00447039
0.00424145
0.00476777
0.00463869
0.00442434
0.00456955
0.0043103
0.00475417
0.00466548
0.00424804
0.00434755
0.00459472
0.00449515
0.00446428
0.00435115
0.00376821
0.00379729
0.0037714
0.00380679
0.00378244
0.00378869
0.00379091
0.00379316
0.00384024
0.00390024
0.00384078
0.00400148
0.00389801
0.00388846
0.00389741
0.00387659
0.00376473
0.00378721
0.00375948
0.003784
0.00378444
0.00378163
0.00377384
0.00377668
0.00385687
0.00402384
0.00382382
0.00389112
0.00391484
0.00395607
0.00386338
0.00388458
0.00383066
0.00379745
0.00384353
0.00396352
0.00384408
0.00381245
0.00387833
0.00385729
0.0038301
0.00398798
0.00382999
0.00379867
0.00383452
0.00385421
0.00380775
0.00383444
0.0037859
0.00383604
0.00396712
0.00380867
0.00380025
0.00384081
0.00384521
0.00387693
0.00378519
0.00381176
0.00400305
0.00381376
0.00379872
0.00384954
0.00382573
0.0038722
0.00552143
0.0056676
0.00563787
0.00483285
0.00532054
0.00544086
0.00510088
0.00538342
0.005352
0.00512049
0.00512212
0.0045817
0.00484037
0.00492255
0.00469232
0.00480827
0.0050489
0.0052485
0.00469206
0.0044884
0.00494301
0.00502452
0.00463855
0.0047769
0.00426254
0.00421525
0.00419177
0.00400758
0.00416954
0.00419388
0.00409066
0.00413256
0.00507699
0.00546868
0.00457584
0.00447439
0.00490335
0.00490765
0.00471755
0.00465292
0.00521431
0.00451175
0.0051305
0.00564948
0.00511416
0.00468353
0.00583196
0.00496922
0.0050572
0.00442998
0.00431749
0.00430725
0.00478898
0.00454329
0.00452291
0.00434665
0.00533282
0.00440265
0.0043943
0.0050367
0.0048442
0.0045929
0.00483037
0.00462725
0.00375463
0.00375635
0.00375185
0.00376583
0.00375989
0.00375342
0.00375911
0.00375526
0.00375499
0.00375697
0.00375339
0.00377799
0.00376354
0.00375683
0.00376996
0.00376033
0.00375237
0.0037526
0.00375213
0.00376901
0.00375685
0.00375388
0.00376258
0.0037565
0.00379217
0.00379507
0.00379687
0.00384074
0.00380278
0.00378781
0.00382182
0.00380615
0.00376417
0.00375458
0.00377237
0.00377988
0.00376563
0.00375805
0.00377253
0.00376285
0.00375623
0.0037702
0.00375377
0.00375198
0.00375888
0.00376267
0.00375268
0.00375863
0.00375844
0.0037805
0.00378597
0.00378416
0.00376348
0.003769
0.00376977
0.00377575
0.00375587
0.00377475
0.00377424
0.00375704
0.00375958
0.00376656
0.00376268
0.00376683
0.00475662
0.00447175
0.00537351
0.00470712
0.00463601
0.00463749
0.00485651
0.00489275
0.00440373
0.00415386
0.00514761
0.004132
0.00450604
0.00441364
0.00476622
0.00490264
0.00591423
0.00606372
0.00805966
0.00500605
0.00582658
0.00691619
0.00610091
0.00780785
0.00466337
0.00427682
0.00477753
0.00420175
0.00461506
0.00454045
0.00469117
0.0045952
0.0045289
0.005431
0.00474197
0.00448255
0.00472136
0.0049241
0.00445685
0.0048344
0.004624
0.00434069
0.00536054
0.00578399
0.00503499
0.00484727
0.00535537
0.00524259
0.00596306
0.00513091
0.00459643
0.00509892
0.00538622
0.00519657
0.00498407
0.00479034
0.00585134
0.00478174
0.00442703
0.00579956
0.00527985
0.00465249
0.00525891
0.00452327
0.0107548
0.0106921
0.00964451
0.00628697
0.00927262
0.0102572
0.00846566
0.00939315
0.0130084
0.0198194
0.0138535
0.0107006
0.0135498
0.0189259
0.0117893
0.0119808
0.00957818
0.0123857
0.0121968
0.00528516
0.0097244
0.0118091
0.00825907
0.00970311
0.00500802
0.00598488
0.00483574
0.00389485
0.00536238
0.00662109
0.00492319
0.00529291
0.0101747
0.00980465
0.00679223
0.0086326
0.00977901
0.00931288
0.00736237
0.00795986
0.012403
0.0106931
0.0133073
0.0110917
0.0113661
0.0113769
0.0113444
0.0117226
0.00921044
0.00703098
0.00764475
0.00643184
0.00846694
0.00856191
0.00821422
0.00758502
0.0094603
0.00567757
0.00772316
0.0107039
0.00895615
0.00706477
0.00963301
0.00683241
0.0127696
0.0143677
0.0129749
0.0167246
0.0124773
0.0133443
0.0129811
0.0137898
0.0120417
0.0085939
0.0166687
0.0280022
0.0153355
0.0111062
0.0181402
0.0176595
0.0151418
0.0156611
0.0132498
0.0212095
0.0159269
0.0143612
0.0141195
0.0131864
0.0188133
0.0292365
0.034453
0.0158274
0.0214648
0.0312517
0.0264897
0.033678
0.0137745
0.0145394
0.01977
0.0262721
0.0153831
0.015275
0.0192232
0.0192131
0.0120621
0.026389
0.0159626
0.0140476
0.014772
0.0192246
0.0148266
0.0201202
0.0149479
0.0210136
0.0323183
0.0268785
0.022904
0.0228
0.028446
0.031558
0.0159436
0.0258045
0.034809
0.0184381
0.0193424
0.0264764
0.0196821
0.0284048
0.0236351
0.0210104
0.0210751
0.0249892
0.0227775
0.021789
0.0234917
0.0216081
0.0164416
0.0125135
0.0122011
0.0164814
0.0147043
0.0130077
0.0149695
0.0128412
0.0136649
0.01422
0.0116891
0.0204821
0.0142257
0.0127221
0.0161322
0.0129941
0.0250915
0.0184625
0.0331337
0.0162823
0.0245993
0.0251838
0.0239538
0.0281499
0.0196385
0.0202632
0.0247364
0.0194496
0.0189207
0.021925
0.0193536
0.0235636
0.0188052
0.0198956
0.0140385
0.0181769
0.0182487
0.0193413
0.0165054
0.0172609
0.0215128
0.0249542
0.0192987
0.0287152
0.0248856
0.0238326
0.0262238
0.0238134
0.0186465
0.0255146
0.0209747
0.0142157
0.0199534
0.0239736
0.018459
0.0220654
0.0145764
0.0153181
0.0118342
0.016454
0.0136593
0.0142124
0.0139701
0.0144815
0.011541
0.00789029
0.0135927
0.0264754
0.0129177
0.0125067
0.0184953
0.0187761
0.0161553
0.0159047
0.0139785
0.0210287
0.0160266
0.0151821
0.0142911
0.0136706
0.0231919
0.0336995
0.0323778
0.0193358
0.0282519
0.0354795
0.0328907
0.037736
0.0141737
0.0137876
0.0179889
0.0268888
0.0150474
0.0147074
0.0198906
0.018964
0.0142419
0.0252998
0.0136863
0.0133933
0.0154473
0.0209983
0.0136282
0.0163337
0.0156493
0.023667
0.0334033
0.0294257
0.0255972
0.0261079
0.0298281
0.0329612
0.015864
0.0288879
0.0352066
0.0164082
0.018466
0.028364
0.0180872
0.0302897
0.0129049
0.0227858
0.0152558
0.0202254
0.0153774
0.0161157
0.0161091
0.0159761
0.022364
0.0246257
0.0301655
0.0228212
0.0227674
0.0250879
0.0236674
0.0268327
0.0112897
0.0149411
0.0142975
0.0160511
0.0123838
0.0125971
0.0144756
0.0139249
0.0318229
0.0258761
0.0227113
0.0196174
0.0288364
0.0272215
0.0289377
0.0269214
0.0216667
0.0176323
0.0279225
0.0244829
0.0225667
0.0213437
0.0260697
0.0274033
0.0226078
0.0238552
0.0253919
0.0186542
0.0229805
0.0236271
0.0270193
0.0227061
0.0184576
0.0303019
0.025503
0.0231022
0.0246774
0.0285541
0.0233445
0.0261136
0.0182297
0.0221234
0.0244494
0.0214935
0.019837
0.0225107
0.0212656
0.0221795
0.0633501
0.43088
0.112723
0.114102
0.120235
0.229647
0.12946
0.20184
0.974649
0.283428
0.500437
0.560033
0.734921
0.65307
0.64323
0.588969
0.168497
0.284368
0.237391
0.249552
0.243311
0.266383
0.237347
0.275877
0.159026
0.38292
0.227304
0.180392
0.197679
0.318638
0.210287
0.290212
0.521989
0.179568
0.170597
0.456737
0.544215
0.306503
0.479962
0.334543
0.792711
0.549823
0.47139
0.258081
0.691133
0.615581
0.430909
0.458078
0.174802
0.186382
0.436934
0.214221
0.189741
0.298348
0.225512
0.329816
0.239494
0.302686
0.497714
0.455231
0.295842
0.322244
0.426172
0.415556
0.00464993
0.00437143
0.00436482
0.0042661
0.00451904
0.00445427
0.00440409
0.00437132
0.00428195
0.00418405
0.00423229
0.00393417
0.00416748
0.0041649
0.0040326
0.00406547
0.00420496
0.0042452
0.00415497
0.00397243
0.00414119
0.00417258
0.00404866
0.00404478
0.00405868
0.00391402
0.00398706
0.00392656
0.00400701
0.00397095
0.00397314
0.00393844
0.00424622
0.00428341
0.00418573
0.00398842
0.00413907
0.00428307
0.00404568
0.00415663
0.00419929
0.00395251
0.00418248
0.00423691
0.00411479
0.00404408
0.00422268
0.00414553
0.00420736
0.00413388
0.00394851
0.0040297
0.00412564
0.00409701
0.00406145
0.00403237
0.0041433
0.00395973
0.00391776
0.00407684
0.00407259
0.00399605
0.00404108
0.00395111
0.00516465
0.0049316
0.00464004
0.00451502
0.00478996
0.00484256
0.00469672
0.00472712
0.00540825
0.0055118
0.00563376
0.00501052
0.00539761
0.00587062
0.00521261
0.00570003
0.00482029
0.00576399
0.00511462
0.00477955
0.0049105
0.00531301
0.00483291
0.00525175
0.00421271
0.00427184
0.00432388
0.00401275
0.00413736
0.00428282
0.0040979
0.00427069
0.00484079
0.00463417
0.00438027
0.00448049
0.00470092
0.00467285
0.004558
0.00453118
0.00518935
0.00488605
0.00571304
0.00496446
0.00514452
0.00511767
0.00529608
0.00540175
0.00456032
0.00431385
0.00439386
0.00441782
0.00448466
0.0044762
0.00447263
0.00440367
0.00492958
0.00477603
0.00485023
0.00555368
0.00500706
0.00484596
0.00515313
0.00496622
0.00376326
0.00379228
0.00376605
0.00379158
0.00378295
0.00378385
0.00377396
0.00377792
0.00382529
0.00387132
0.00382985
0.00390559
0.00387472
0.00385673
0.00386556
0.00385387
0.00376655
0.00379538
0.00375926
0.00378759
0.00378834
0.00378469
0.00378019
0.00377566
0.00383045
0.00388276
0.00381419
0.00385689
0.00385703
0.00386137
0.00383664
0.00383821
0.00382497
0.0037885
0.00382083
0.00388078
0.00381622
0.00379694
0.00383645
0.00382386
0.0038148
0.00388539
0.00381971
0.00378568
0.00380967
0.00383695
0.00379007
0.00382384
0.00378266
0.00381417
0.00386069
0.00380247
0.00379526
0.00381475
0.00381835
0.00383259
0.00378345
0.00380633
0.00387075
0.00381506
0.00379957
0.00382188
0.00382082
0.00383749
0.00375296
0.00375346
0.0037549
0.00377521
0.00376021
0.00375466
0.0037663
0.0037589
0.00375273
0.00375313
0.00375467
0.00377071
0.00375636
0.00375247
0.0037603
0.00375602
0.00375773
0.0037583
0.00375696
0.00378614
0.00376777
0.00375909
0.00377372
0.00376571
0.00380142
0.0037992
0.00381042
0.00384518
0.00381717
0.00380093
0.00382625
0.00381264
0.0037584
0.00375879
0.00378419
0.00377916
0.00376219
0.00376315
0.00376703
0.00377066
0.00375309
0.00377419
0.00375534
0.00375366
0.00375804
0.00376611
0.00375502
0.00376427
0.00376165
0.00378951
0.0037864
0.00379504
0.00377272
0.00377644
0.00378696
0.00378926
0.00375802
0.00378967
0.00378251
0.00376188
0.00376969
0.00378083
0.00376997
0.00378122
0.00385942
0.00628039
0.00540852
0.0042382
0.004122
0.00564504
0.00419992
0.00602325
0.0141063
0.013498
0.0134683
0.0129251
0.0120444
0.0126984
0.0118658
0.0122376
0.0109547
0.0150854
0.014738
0.0274753
0.0141256
0.0134342
0.0141486
0.0138484
0.00437697
0.0101342
0.0166206
0.00440688
0.00443623
0.0102475
0.00460074
0.0101155
0.0089598
0.00820149
0.00443483
0.0103965
0.0108542
0.00910365
0.00989675
0.00899835
0.013327
0.0154818
0.0135535
0.0115522
0.0136471
0.0146272
0.0153584
0.0149255
0.00902331
0.00465292
0.0133448
0.0171786
0.00956243
0.00890109
0.0129294
0.0123909
0.0125508
0.0268581
0.0187518
0.015555
0.0165165
0.0218764
0.0151825
0.0232197
0.00377225
0.00381131
0.00376848
0.00380557
0.0037972
0.00379843
0.00379085
0.00379453
0.00384839
0.00389885
0.00381597
0.00390399
0.00389407
0.00387284
0.00386664
0.00386149
0.00375686
0.00377197
0.00375461
0.00377789
0.00376433
0.00376292
0.00376504
0.00376362
0.00383449
0.00388944
0.00381015
0.00387568
0.00386527
0.0038683
0.00385306
0.0038512
0.00384779
0.00378528
0.00383536
0.00389868
0.0038265
0.00380368
0.00385423
0.00383586
0.00383385
0.00388228
0.00380317
0.00377689
0.00382053
0.00383058
0.00378745
0.00380719
0.00377868
0.00381895
0.00385456
0.00379304
0.00378833
0.00381773
0.00380276
0.00382561
0.00377598
0.00379817
0.00385413
0.00379809
0.00378192
0.00380544
0.00380105
0.00381705
0.0037527
0.00375242
0.00375673
0.00377342
0.00375914
0.00375303
0.00376497
0.00375814
0.00375253
0.00375226
0.00375391
0.00376923
0.00375698
0.00375231
0.0037608
0.00375522
0.00375898
0.00375616
0.00375687
0.00378262
0.0037659
0.00375634
0.00377133
0.00376284
0.00380327
0.0037941
0.00380774
0.00384022
0.00381645
0.00379973
0.00382381
0.00380983
0.00375772
0.00376393
0.00378492
0.00377955
0.00376331
0.00376766
0.00377102
0.00377521
0.00375224
0.00376985
0.00375526
0.00375444
0.00375615
0.00376518
0.00375615
0.00376151
0.00376725
0.00379167
0.00378369
0.00379476
0.00377929
0.00378352
0.00378901
0.00379153
0.003759
0.00378468
0.00377325
0.00376095
0.00376755
0.00377655
0.00376488
0.00377416
0.0116066
0.0120943
0.0138387
0.014533
0.011042
0.0117808
0.0120692
0.0125598
0.0132247
0.0101934
0.0197669
0.0209383
0.0157764
0.013405
0.0170464
0.0172179
0.0175722
0.0172955
0.0130365
0.0172341
0.0168759
0.0163003
0.0144272
0.0137335
0.0121182
0.0172616
0.0168822
0.00901168
0.0133517
0.0187394
0.0146367
0.0172346
0.0123811
0.0160737
0.0149863
0.0195719
0.0134449
0.012896
0.0159522
0.0157071
0.0124196
0.020754
0.0182995
0.0164482
0.0149401
0.0190376
0.0171527
0.0208881
0.0168318
0.0171233
0.0218998
0.0205489
0.0189181
0.0187274
0.021695
0.021366
0.0180364
0.019335
0.0215451
0.0198818
0.0194757
0.0215051
0.0200878
0.0214533
0.00375905
0.00378604
0.00376563
0.00379514
0.00377538
0.00377561
0.00378446
0.00378506
0.00382128
0.00387144
0.00383329
0.00391065
0.00385373
0.00384547
0.00388435
0.00386633
0.00376886
0.00379866
0.00376869
0.00380078
0.00378643
0.00378358
0.00379254
0.00379131
0.00383391
0.00393012
0.00383707
0.0038929
0.00386126
0.00387903
0.0038695
0.00389484
0.00380641
0.00378382
0.00381621
0.00388675
0.00382557
0.00379774
0.00384329
0.00381926
0.00380751
0.0038722
0.00381551
0.00378378
0.00382266
0.00383923
0.00379758
0.00381941
0.0037909
0.00382296
0.00391078
0.00382897
0.00380048
0.00382775
0.00382342
0.00384545
0.00379215
0.00383701
0.00389253
0.00382746
0.00380438
0.00382735
0.00383482
0.00385078
0.00489591
0.00470654
0.00547835
0.00461265
0.00486331
0.00505606
0.00489787
0.00516613
0.0042072
0.00398013
0.0042021
0.00401391
0.00406423
0.00409256
0.00408152
0.00413183
0.00536514
0.00459208
0.00490339
0.0045362
0.00488564
0.00500459
0.00481316
0.00488093
0.00423062
0.0040503
0.00419887
0.0040144
0.0041254
0.00420529
0.00409888
0.00413612
0.004532
0.00494403
0.00441585
0.00413428
0.00453913
0.00469785
0.00434548
0.00451852
0.00450405
0.0041808
0.00446884
0.00515582
0.00463755
0.00425077
0.0048015
0.00438263
0.00501359
0.00437176
0.00413263
0.00436002
0.00470508
0.00452553
0.00445619
0.00429079
0.00524951
0.00448073
0.00419241
0.00452724
0.00466097
0.00454241
0.0044209
0.0042688
0.0216161
0.0258019
0.0205944
0.0271817
0.0245725
0.0247159
0.0229765
0.0246357
0.0140675
0.00454973
0.0058006
0.00590604
0.00816784
0.00527414
0.00851091
0.0051233
0.0195632
0.00867993
0.0117325
0.0325099
0.0218869
0.0120483
0.0229607
0.0114398
0.0102893
0.0065539
0.0112448
0.00465149
0.00866837
0.0091165
0.00786501
0.00840088
0.0250205
0.0239709
0.0279547
0.013248
0.0244478
0.027529
0.0226425
0.0338045
0.0207152
0.0089477
0.00816281
0.023564
0.0183577
0.0141403
0.0180134
0.0143895
0.0229764
0.0223882
0.0132907
0.023062
0.0274271
0.0294067
0.0253199
0.0248844
0.0221633
0.0225294
0.00864733
0.00754494
0.022999
0.0238493
0.0151058
0.0124309
0.0269314
0.0233985
0.0350628
0.0359153
0.0295294
0.0250996
0.0388606
0.03437
0.0113527
0.00479768
0.0167415
0.00980946
0.0118748
0.00971608
0.0147771
0.0134602
0.0349514
0.0287817
0.0242954
0.0332908
0.0289179
0.0277351
0.0295084
0.0245728
0.0307382
0.0169557
0.0251059
0.0116327
0.0258739
0.0268587
0.0204033
0.0184724
0.0240185
0.0320542
0.033312
0.0241116
0.0309825
0.03362
0.0276281
0.0323536
0.0200505
0.0221839
0.0251153
0.030397
0.0286916
0.0250152
0.0276819
0.0267367
0.0364339
0.0351733
0.0295048
0.0355371
0.0368313
0.0349702
0.0322036
0.0321989
0.0320733
0.0325981
0.0261356
0.0285087
0.0288237
0.0310369
0.028836
0.0312817
0.00389288
0.00454878
0.00566039
0.00436223
0.00400474
0.00495901
0.00439525
0.00537678
0.00568021
0.0146661
0.0164551
0.00559293
0.00575499
0.0146968
0.00654058
0.01303
0.00916766
0.0136607
0.0106131
0.00723235
0.00816815
0.01177
0.00841348
0.0100688
0.00448668
0.00472116
0.00730852
0.00442413
0.00432463
0.00538669
0.00447442
0.00550895
0.00483803
0.00633595
0.0043966
0.00479132
0.00556925
0.00565909
0.00518442
0.00622426
0.00627453
0.00598039
0.0148546
0.00772287
0.00629
0.00628528
0.0069184
0.00765055
0.007656
0.00468081
0.00506152
0.00806652
0.00772141
0.0065872
0.00689408
0.00581533
0.00781337
0.00697025
0.00585773
0.0125936
0.00769273
0.00713185
0.00768356
0.00665466
0.0273339
0.0299563
0.0142829
0.0148281
0.0241606
0.0281528
0.0170863
0.0163333
0.0102669
0.0131811
0.0119082
0.00981521
0.0102248
0.0105939
0.00959435
0.0109823
0.00741277
0.0122176
0.0110324
0.00623054
0.00785727
0.0099899
0.00789684
0.0104833
0.0135766
0.0100585
0.00624899
0.00518132
0.0133255
0.00965534
0.00748896
0.00639426
0.0144294
0.0128385
0.0147201
0.0148225
0.0150495
0.0153076
0.0150148
0.014458
0.0102024
0.00986185
0.0107098
0.00863413
0.0103379
0.00922876
0.0103985
0.00925044
0.00955504
0.0130934
0.0111359
0.00674494
0.0103455
0.0116782
0.00925589
0.0109819
0.00703438
0.00653316
0.00724959
0.0115347
0.00714464
0.00670667
0.00810467
0.00681127
0.00376021
0.00375973
0.0037565
0.00378575
0.00376685
0.003759
0.00377129
0.00376456
0.00375762
0.003754
0.00375368
0.00378135
0.00376044
0.00375444
0.00376995
0.00376449
0.00375421
0.00375153
0.00375267
0.00376984
0.00375553
0.00375188
0.00376032
0.00375656
0.00381683
0.00380613
0.00380091
0.0038489
0.00381903
0.00380719
0.00383062
0.00381948
0.00376685
0.00376274
0.00379452
0.00378958
0.00377325
0.00377492
0.00378558
0.00378595
0.00375886
0.00378106
0.00375267
0.00375614
0.00376675
0.00376984
0.00375573
0.00375621
0.00376916
0.00380172
0.00379336
0.00378867
0.00378026
0.00379376
0.00377905
0.00379482
0.00376247
0.00378185
0.00378586
0.00375424
0.00376056
0.00376994
0.00375692
0.0037683
0.00504215
0.00516147
0.00517601
0.00467883
0.00490581
0.0050797
0.00478511
0.00499434
0.00521673
0.00524782
0.0055671
0.00472637
0.00501637
0.00531926
0.00488784
0.00525251
0.00524656
0.00555349
0.00492454
0.00483823
0.00509102
0.00523578
0.00491368
0.00515241
0.00430181
0.00426111
0.00425018
0.00400913
0.0041386
0.00422429
0.00409402
0.00419723
0.00489859
0.00499719
0.00448306
0.00443823
0.00475343
0.00475964
0.00460459
0.004561
0.00511711
0.00466785
0.00542556
0.0052598
0.00504365
0.0048831
0.00543785
0.0051575
0.00485336
0.00440277
0.00436136
0.00438901
0.00465294
0.00454181
0.00444981
0.00436581
0.00517563
0.00465809
0.0046452
0.00535563
0.00493164
0.00468529
0.00498908
0.0048392
0.00375355
0.00375149
0.00375785
0.00377309
0.00375768
0.00375379
0.00376452
0.00375997
0.00375241
0.00375391
0.00375539
0.00377692
0.00375992
0.00375511
0.00376699
0.00376295
0.00375717
0.00375508
0.00375641
0.00378129
0.00376447
0.0037552
0.00376831
0.00376284
0.00380145
0.00380052
0.00381508
0.00384529
0.00381601
0.00380372
0.00382648
0.0038152
0.00375321
0.00376603
0.00378148
0.00377928
0.0037561
0.00376381
0.0037647
0.00377066
0.00375208
0.00377764
0.00375342
0.00375708
0.00375516
0.00376772
0.00375337
0.00376001
0.0037722
0.00378882
0.00378788
0.00380046
0.00378314
0.00378023
0.00379316
0.00379288
0.00376324
0.00378855
0.00378625
0.00375962
0.00376937
0.00377938
0.00376427
0.00377762
0.00501419
0.00526836
0.00471794
0.00437106
0.00482673
0.00492241
0.00448404
0.00459233
0.0053377
0.0052105
0.00502664
0.00452128
0.00510879
0.00519524
0.00467822
0.0048334
0.00477657
0.00504711
0.0053043
0.00460043
0.00486463
0.00502755
0.00482144
0.00498345
0.00409969
0.00420496
0.00424222
0.00405144
0.00413864
0.00419135
0.00411571
0.00417277
0.00499433
0.00460708
0.00426702
0.00437144
0.0045138
0.00444645
0.00440476
0.00431635
0.00509541
0.00445365
0.00491599
0.0047042
0.00465198
0.00461924
0.00481633
0.00480132
0.00449092
0.00417844
0.00428605
0.00435612
0.00434181
0.00423819
0.00437585
0.00427044
0.00460909
0.00444733
0.00437289
0.0047654
0.00461951
0.00447307
0.00465505
0.0045207
0.0173201
0.0142685
0.0139437
0.00499778
0.0109666
0.0138885
0.00964369
0.0121973
0.0139254
0.014549
0.0143043
0.00515138
0.0115177
0.0135675
0.0111495
0.0121214
0.0131092
0.0141672
0.0146138
0.00475983
0.0101856
0.013508
0.00905854
0.0122603
0.0038926
0.00395781
0.00382562
0.00377241
0.00386761
0.0039005
0.00381039
0.00382186
0.0108328
0.00991312
0.00488155
0.00506585
0.0101457
0.00940127
0.00540722
0.00502684
0.0131671
0.00516259
0.0132922
0.0127833
0.0117241
0.0102844
0.0129456
0.0108451
0.00901252
0.00473486
0.00497927
0.00450037
0.00489778
0.0048258
0.00469269
0.00474244
0.0115406
0.00468332
0.00499774
0.0119687
0.00961263
0.00495835
0.0102717
0.00515031
0.00406736
0.00415474
0.00386298
0.00393723
0.00398543
0.00399202
0.00390313
0.0038833
0.00414355
0.00405557
0.00385186
0.00390389
0.0039704
0.00397223
0.00389136
0.00387098
0.00380586
0.00379746
0.0037619
0.00378593
0.00379052
0.00378596
0.00377298
0.0037693
0.00393952
0.003884
0.00382786
0.00389136
0.0038889
0.0038654
0.00386669
0.00384604
0.00399676
0.00385332
0.00392335
0.00388811
0.00390567
0.00387315
0.00392097
0.00389296
0.00400732
0.00387539
0.00383349
0.00384229
0.00388598
0.00386382
0.00386541
0.00384322
0.00383289
0.00390732
0.0038651
0.0038128
0.00384909
0.00386851
0.00382725
0.00384493
0.00381876
0.00379815
0.00384832
0.00380975
0.00380393
0.00381481
0.00382115
0.00383235
0.0124773
0.0152456
0.0166532
0.0162671
0.0146923
0.0146039
0.0146813
0.0145364
0.0162645
0.0137642
0.0199338
0.0122408
0.0137304
0.0136533
0.0128714
0.0140325
0.0133089
0.0190703
0.0113121
0.0141464
0.0133846
0.0148507
0.0132179
0.0128058
0.0163883
0.0118066
0.0118583
0.00955882
0.012927
0.0122002
0.01281
0.012047
0.0158713
0.0163195
0.0177621
0.012789
0.0159776
0.0163257
0.0166724
0.0178331
0.0155139
0.0127562
0.0171781
0.0163482
0.0153957
0.0135454
0.0155022
0.0161273
0.0168132
0.018776
0.0127492
0.0150528
0.018115
0.0181791
0.0155226
0.0133766
0.0165317
0.0145176
0.0127724
0.0168631
0.0148658
0.0147875
0.01511
0.01447
0.0135838
0.0167994
0.0152051
0.0168598
0.0140581
0.0154839
0.0138499
0.0155192
0.0129567
0.0121595
0.0109941
0.0149306
0.012834
0.0114392
0.0130335
0.0111255
0.0138736
0.0117047
0.00729312
0.0255669
0.0192674
0.0136039
0.0201936
0.0132991
0.0151376
0.0173196
0.0219462
0.0104721
0.0185127
0.021809
0.0164389
0.0192973
0.0166409
0.0171989
0.0198217
0.0204113
0.0178329
0.017521
0.0222005
0.0226654
0.0141914
0.0163083
0.0111278
0.0145459
0.0147293
0.0135908
0.0136625
0.0132091
0.0173021
0.0178793
0.0219685
0.0265897
0.0216597
0.0230087
0.0295496
0.0281571
0.017459
0.0285108
0.0172271
0.0114834
0.0195915
0.0274022
0.0143393
0.0185283
0.0133215
0.0218654
0.0161778
0.0160854
0.0151028
0.0147937
0.0143851
0.0143438
0.0192885
0.0220581
0.0404837
0.0148165
0.0171552
0.0201112
0.0160116
0.021059
0.0124406
0.0611806
0.0125875
0.0151488
0.0153877
0.0184566
0.0150625
0.0166363
0.0147292
0.0147149
0.0168338
0.0104795
0.0151561
0.0152001
0.0157481
0.0156429
0.0180932
0.0170636
0.0169575
0.0152132
0.0160223
0.0160841
0.01657
0.0173972
0.016535
0.0154414
0.0237876
0.0168217
0.0154895
0.0156948
0.0157268
0.0184781
0.0177351
0.0177987
0.0155998
0.0197281
0.0208396
0.017893
0.0197114
0.0164184
0.0170383
0.018924
0.0161856
0.0262793
0.0175883
0.0192836
0.0189914
0.0188256
0.0242658
0.0170033
0.0205431
0.00511103
0.0139724
0.0187204
0.0129803
0.0164066
0.0167757
0.0283652
0.0230615
0.0051482
0.0141468
0.0194005
0.0132158
0.0169731
0.0185342
0.0208129
0.0198738
0.00481661
0.011855
0.0168954
0.0106054
0.0147871
0.00386548
0.00389714
0.00384393
0.00376706
0.00383744
0.0038657
0.00380027
0.0038244
0.0115726
0.0125073
0.00485897
0.00500386
0.0111952
0.0113475
0.00529854
0.0051798
0.0153612
0.00519603
0.0173679
0.0169072
0.0134915
0.0116882
0.0159951
0.0128178
0.0116239
0.00461145
0.00488646
0.00455171
0.00498695
0.00486972
0.00476033
0.0047639
0.0148701
0.00472804
0.00491536
0.0151225
0.0107584
0.00501637
0.0119247
0.00517953
0.00376063
0.00376646
0.00378999
0.00378976
0.00377186
0.0037764
0.0037779
0.00378525
0.0037609
0.00375855
0.00379895
0.00378468
0.00376822
0.00377674
0.00377972
0.0037872
0.00381897
0.00383308
0.00387719
0.00389383
0.00384214
0.00384569
0.00386648
0.00387363
0.00382933
0.0038145
0.00388483
0.00389212
0.0038489
0.00383632
0.00386744
0.00385482
0.00376908
0.0038026
0.00380311
0.00379387
0.00377824
0.00379358
0.00378576
0.00380293
0.00376972
0.00380001
0.0038105
0.00380135
0.00378022
0.0037911
0.00378966
0.00380201
0.00381554
0.00381624
0.00380672
0.00386333
0.00382952
0.00381615
0.00384473
0.0038262
0.00381469
0.00386336
0.00381231
0.003824
0.00382931
0.00384415
0.00381568
0.00382813
0.00375984
0.00375809
0.00376052
0.00378391
0.00376489
0.00375716
0.00377264
0.00376827
0.00375752
0.00375462
0.00375218
0.00377448
0.00376449
0.00375704
0.0037654
0.00375909
0.00376089
0.003753
0.00375258
0.00377526
0.00376434
0.00375661
0.00376745
0.00376065
0.00381587
0.0038006
0.00380188
0.00383881
0.00381502
0.00380495
0.00382301
0.00381476
0.00376576
0.00376538
0.003794
0.00378393
0.0037721
0.00377562
0.00378313
0.00378517
0.00375801
0.00377555
0.00375328
0.00375751
0.00376565
0.00376638
0.00375613
0.0037588
0.00377476
0.00380275
0.00378933
0.0037909
0.00378558
0.0037959
0.00378582
0.00379593
0.0037692
0.00378382
0.00378194
0.00375766
0.00377053
0.00377697
0.00376245
0.00377151
0.0143488
0.011917
0.011795
0.00463497
0.00897186
0.0115928
0.00783941
0.0101921
0.0130144
0.0185148
0.0158274
0.00478594
0.0120023
0.014705
0.0112007
0.0132666
0.0108939
0.0130675
0.0115361
0.00452048
0.00782065
0.0103119
0.00705101
0.00916219
0.00384002
0.00384055
0.00380675
0.00377139
0.00382041
0.00382436
0.00379576
0.00380024
0.0090571
0.00791676
0.0044992
0.00454683
0.0084506
0.00754427
0.00475862
0.0045676
0.0112023
0.00456127
0.0120249
0.0104601
0.00997605
0.00890482
0.0109231
0.00933084
0.00717975
0.00437122
0.00446783
0.00432758
0.00446507
0.00445687
0.00439414
0.00441102
0.0094532
0.00440393
0.00447327
0.0107763
0.00737751
0.00447535
0.0085764
0.00461194
0.00489582
0.00509317
0.0052886
0.00459549
0.00491051
0.00516118
0.00473384
0.00504502
0.00515077
0.00493058
0.00573132
0.00500909
0.00519396
0.00541722
0.00523871
0.00542605
0.0058964
0.00606867
0.00725134
0.00534346
0.00582139
0.00641768
0.00575243
0.0063431
0.0043396
0.004476
0.00444653
0.00408234
0.00436816
0.0045077
0.0041722
0.00427127
0.00511016
0.00524225
0.00458587
0.00491192
0.00503552
0.00500916
0.00484711
0.00482692
0.00537229
0.0050805
0.00575928
0.00559333
0.00534027
0.00530004
0.00563711
0.00551715
0.00509559
0.00445267
0.00461175
0.00463876
0.0048927
0.00470054
0.00481394
0.00464067
0.00547967
0.00491481
0.00477682
0.00552653
0.00537391
0.00510819
0.00524532
0.00502536
0.00754519
0.00719425
0.00689336
0.00683111
0.00725219
0.00772437
0.00787705
0.00714027
0.00792981
0.0112985
0.0135416
0.00657942
0.00825069
0.0102454
0.00685697
0.010287
0.00704113
0.0138727
0.0126351
0.00714406
0.00818732
0.0114771
0.00835817
0.0120493
0.00659338
0.00577809
0.00577803
0.00463747
0.00658236
0.00618877
0.00578367
0.00582173
0.00714301
0.00646987
0.00707633
0.00667492
0.00630783
0.0064873
0.00679454
0.00687254
0.00702261
0.00617529
0.0119544
0.00624425
0.0059616
0.00620622
0.00684609
0.0077405
0.00604785
0.00691329
0.00594744
0.00637942
0.00592081
0.0059499
0.00611238
0.0059273
0.00632283
0.00680225
0.00620312
0.0124674
0.00671421
0.00639204
0.00757844
0.00662336
0.0237116
0.0196722
0.0200402
0.00512826
0.0140744
0.0193255
0.0120963
0.0162176
0.0188958
0.0280282
0.0217265
0.00542019
0.0149982
0.0195471
0.0142875
0.0174726
0.0178634
0.0196216
0.0185729
0.00466797
0.0114993
0.0164419
0.0102519
0.0143153
0.00388881
0.00389636
0.0038309
0.00377367
0.00386256
0.00386093
0.00380922
0.00381679
0.0124202
0.0115263
0.0048392
0.00489905
0.0114033
0.0107318
0.00515965
0.00499874
0.0161956
0.00486803
0.0177738
0.0166412
0.0139389
0.0121405
0.0161794
0.0130207
0.0100051
0.00461624
0.00479337
0.0044771
0.00476028
0.00477404
0.00462191
0.0046672
0.0145394
0.00452158
0.00465872
0.0156073
0.0105061
0.00475805
0.0119008
0.00485636
0.0111692
0.00537083
0.0107974
0.00640535
0.0081192
0.00862583
0.00772612
0.00812437
0.00439248
0.00383965
0.00469375
0.00438999
0.00433346
0.00417682
0.0045391
0.00430551
0.00949699
0.00792432
0.0106011
0.00767707
0.00865087
0.00950847
0.00899182
0.00880943
0.00494758
0.00436771
0.00560658
0.0043981
0.00458714
0.00509846
0.00466127
0.00512334
0.00487894
0.00877095
0.00555068
0.00448239
0.00490501
0.00691516
0.00465303
0.00588791
0.0051466
0.00491235
0.00573967
0.00865317
0.00510675
0.00503881
0.00575841
0.00579883
0.00824221
0.00548262
0.00459776
0.00628593
0.00701417
0.00583409
0.00644664
0.00573697
0.00806273
0.00687933
0.00501708
0.00619576
0.00733142
0.00683073
0.00646937
0.00647608
0.00375567
0.00375438
0.00376013
0.00378777
0.00376477
0.00375725
0.00377511
0.00376989
0.00375397
0.0037525
0.00375212
0.00377019
0.00375675
0.00375287
0.00376153
0.00375619
0.00375875
0.0037528
0.0037551
0.00377634
0.00376273
0.00375521
0.0037696
0.00376327
0.00381239
0.00379638
0.00380124
0.0038412
0.0038118
0.00380108
0.00382234
0.00381304
0.00376068
0.00376309
0.00379318
0.00378256
0.00377032
0.00377443
0.00378174
0.00378412
0.00375593
0.00377412
0.00375346
0.00375564
0.00376489
0.00376644
0.00375571
0.00375781
0.00376551
0.0037988
0.00378651
0.00378977
0.00377709
0.00379079
0.0037816
0.00379214
0.00376233
0.00378355
0.00377948
0.00375598
0.00376497
0.00377334
0.00376115
0.00377047
0.0606784
0.29553
0.0864244
0.0985694
0.10379
0.169813
0.108657
0.151726
0.647592
0.290852
0.28288
0.430584
0.522077
0.494112
0.477604
0.460535
0.103202
0.141486
0.136812
0.148671
0.131704
0.130406
0.128153
0.129
0.127896
0.285578
0.165596
0.144908
0.159586
0.239485
0.164677
0.219777
0.355599
0.131392
0.136711
0.33059
0.366548
0.220271
0.328335
0.237405
0.505267
0.402938
0.249774
0.149586
0.446901
0.432644
0.238519
0.273469
0.12544
0.145928
0.322978
0.153715
0.136811
0.213146
0.164184
0.245544
0.14405
0.193001
0.366996
0.233782
0.176088
0.201304
0.246499
0.260404
0.00505377
0.00449165
0.00442823
0.00471998
0.0048102
0.00466056
0.00464989
0.00453896
0.00422384
0.00399308
0.00408116
0.00423045
0.0041461
0.00407756
0.00420682
0.00413596
0.00414259
0.00401225
0.00395341
0.00410457
0.00407932
0.00403322
0.00404594
0.00398473
0.00461158
0.00419497
0.00431542
0.00472679
0.00453926
0.00437634
0.00457587
0.00441059
0.0044131
0.00433684
0.00455745
0.0043578
0.00437728
0.00445983
0.00446284
0.00449365
0.0043229
0.00429049
0.00410889
0.0042567
0.00428687
0.00424899
0.00420145
0.00415241
0.00429007
0.00439252
0.00421443
0.00420835
0.00429884
0.00433467
0.00423192
0.00426801
0.00420528
0.00412836
0.00413642
0.00406352
0.00416046
0.00417658
0.00411528
0.00409358
0.00378152
0.00485427
0.00398478
0.00383903
0.00383875
0.00419763
0.00384088
0.00414674
0.00834155
0.0104407
0.0103557
0.00932375
0.00813436
0.00942374
0.00945538
0.00958201
0.00541841
0.0119705
0.0127457
0.00548195
0.00756816
0.0118128
0.00573467
0.0113818
0.00388294
0.00454591
0.00431038
0.00392985
0.00394512
0.00437214
0.00392969
0.00432763
0.00726258
0.00445562
0.00392673
0.0054577
0.00524725
0.00442303
0.00508477
0.0046022
0.00743854
0.00882232
0.010253
0.00628164
0.00782976
0.00850954
0.00773149
0.00841507
0.00425243
0.00388096
0.00460645
0.00433934
0.00416954
0.00425081
0.00451337
0.00439836
0.00568619
0.00553369
0.00759132
0.010008
0.00719019
0.00695952
0.00772974
0.00753197
0.0108777
0.00970448
0.00819862
0.00732013
0.00962448
0.00907817
0.00793057
0.00843982
0.00928926
0.00887155
0.00653032
0.00842526
0.00824729
0.00824832
0.00756505
0.00685321
0.00741117
0.00664069
0.0075226
0.0066961
0.00753417
0.00697425
0.00777991
0.00749092
0.00508678
0.00512529
0.00512365
0.00410792
0.00478753
0.00523627
0.00473803
0.00513345
0.00854107
0.00789411
0.00664513
0.00802814
0.00756111
0.0077776
0.007702
0.0075008
0.00865484
0.00821856
0.00636765
0.00701546
0.00759174
0.00752345
0.00715741
0.0071748
0.00726357
0.00635576
0.00703147
0.00600733
0.0066874
0.00683248
0.00662719
0.00649809
0.00749349
0.00683893
0.00793568
0.00684943
0.00762961
0.00762642
0.00770228
0.00782668
0.00376254
0.0037611
0.00376226
0.00379398
0.00376932
0.0037606
0.00377988
0.00377389
0.00375424
0.00375211
0.00375258
0.00377031
0.00375577
0.00375202
0.00376176
0.00375585
0.00375578
0.00375205
0.00375182
0.00376969
0.00375736
0.00375294
0.00376218
0.00375731
0.00382392
0.00380224
0.00380021
0.00385674
0.00382212
0.00380748
0.00383493
0.00382019
0.00376557
0.00376661
0.00379827
0.00378338
0.00377295
0.00377827
0.00378463
0.00378813
0.00375731
0.00377433
0.00375343
0.00375862
0.00376655
0.00376616
0.00375736
0.00375692
0.00377245
0.00380652
0.00379011
0.00378913
0.00378409
0.0037978
0.00378318
0.00379634
0.00376592
0.00378151
0.00378287
0.00375524
0.00376589
0.003774
0.00376003
0.00377021
0.0101077
0.00950376
0.0110485
0.0136962
0.0090729
0.00931248
0.0119534
0.0122968
0.00952938
0.00954171
0.0175656
0.00878247
0.00923174
0.00938958
0.0112527
0.0115152
0.00829969
0.0079785
0.00436426
0.00501233
0.00807013
0.00755706
0.0057542
0.00532214
0.011887
0.00782494
0.00576381
0.00528713
0.00999321
0.00952399
0.00685005
0.00602338
0.00929493
0.0132675
0.0141216
0.0107319
0.0137942
0.013697
0.0122364
0.0136555
0.00951195
0.0103592
0.0164144
0.0130798
0.0138093
0.0127385
0.01661
0.0166866
0.0111728
0.0135466
0.0101227
0.00726562
0.011803
0.0124185
0.0114742
0.0106976
0.0106978
0.00621213
0.009044
0.00989388
0.0111156
0.0109028
0.0119617
0.00957405
0.0113612
0.00631062
0.0110778
0.00777497
0.00863
0.00863938
0.0103478
0.0099411
0.00481486
0.00416294
0.00672112
0.00434742
0.00443545
0.00449781
0.00521221
0.00517988
0.0101235
0.0114396
0.00949086
0.00705673
0.00941623
0.00946965
0.00895145
0.00904177
0.00541298
0.0044032
0.00526387
0.00412175
0.00478819
0.00486513
0.00475893
0.00491619
0.00556834
0.0100193
0.00673426
0.00482556
0.00710122
0.00912179
0.00551879
0.00683833
0.00574682
0.00491674
0.00830207
0.00989756
0.00698208
0.00634171
0.00804537
0.00752815
0.00941679
0.00669531
0.00530821
0.00659236
0.00720381
0.00715765
0.00719145
0.00666198
0.00945892
0.00712692
0.00532304
0.0085181
0.00884779
0.00770505
0.00804462
0.00655771
0.00443119
0.00462313
0.00639434
0.00378165
0.00413056
0.00571114
0.00419819
0.00499943
0.00465491
0.00460074
0.0061006
0.00378593
0.00428208
0.00556786
0.00431404
0.00494762
0.00742703
0.00709102
0.0079799
0.00410897
0.0057119
0.00760843
0.00536637
0.00650871
0.00375463
0.00375464
0.00376933
0.00375423
0.00375447
0.0037599
0.00375871
0.00376186
0.00423171
0.0050614
0.00377005
0.00377151
0.00428933
0.00450684
0.00378365
0.0038278
0.005725
0.00383354
0.00675495
0.00702302
0.00504049
0.00455196
0.00633336
0.0050366
0.00479915
0.00378006
0.0037818
0.00388799
0.00389419
0.00381934
0.00386979
0.00381476
0.00595203
0.00397827
0.00382335
0.00574769
0.00506521
0.00398213
0.00474505
0.00389743
0.0037811
0.00523415
0.00399502
0.00385778
0.0038537
0.00425979
0.00384584
0.00419432
0.0131848
0.0174455
0.0155275
0.0135796
0.0129606
0.0152048
0.0143501
0.0165292
0.00515591
0.0126731
0.0100519
0.00582127
0.00659728
0.00985375
0.00604363
0.00925725
0.00389721
0.00485056
0.00422098
0.00393776
0.00396875
0.00451503
0.00392788
0.00423498
0.0108455
0.00467999
0.0039748
0.00600295
0.00565476
0.00455068
0.00549685
0.00489515
0.013166
0.0108718
0.013629
0.00633081
0.0094146
0.0111538
0.00819466
0.00959299
0.00442204
0.00390496
0.00492281
0.00439194
0.00425338
0.0043975
0.0045506
0.00462906
0.00560243
0.00627763
0.00764826
0.0120258
0.00670176
0.00663626
0.00773869
0.00769419
0.0137195
0.0132138
0.0168642
0.0131885
0.0132275
0.013169
0.0148565
0.0143964
0.0117284
0.00941079
0.0127045
0.00859478
0.00989486
0.00982253
0.010032
0.00997998
0.0168313
0.0153757
0.0160766
0.0103403
0.0157981
0.0153174
0.0150932
0.0147172
0.0057873
0.00569861
0.00556352
0.00418847
0.00556692
0.00565018
0.00475095
0.00491321
0.0120433
0.0160121
0.0117603
0.00939097
0.0127201
0.0141459
0.0114079
0.0124984
0.0117217
0.00936865
0.0141581
0.0159998
0.012639
0.0113865
0.0151052
0.0142295
0.0157914
0.0115308
0.00846958
0.00914774
0.0138345
0.0118519
0.0120759
0.0100234
0.0154715
0.00967435
0.0086911
0.0143506
0.0147329
0.0120467
0.0142823
0.0114079
0.00501001
0.00591133
0.00611393
0.00511789
0.0051843
0.00595192
0.00538061
0.0058244
0.00619871
0.00810373
0.00585152
0.00518622
0.00624273
0.00683126
0.00540405
0.00576247
0.00648864
0.00546336
0.00465351
0.00448252
0.00605096
0.00570795
0.0046338
0.00468669
0.00487985
0.00496319
0.00433323
0.00422189
0.00481603
0.00499396
0.00436204
0.00433512
0.00598828
0.0059805
0.00534769
0.00532997
0.00573963
0.00573977
0.00547094
0.00553391
0.00632688
0.00563895
0.00624906
0.00667545
0.00619212
0.00585487
0.00656721
0.00626425
0.00581787
0.00505784
0.00524797
0.00448742
0.00550067
0.00531239
0.00532374
0.00521743
0.00628587
0.00450065
0.00559313
0.00561505
0.00591012
0.00557448
0.00580506
0.00558904
0.00790119
0.00835923
0.00871886
0.00741975
0.00807299
0.00845818
0.00830194
0.00886664
0.00524025
0.00398541
0.00396934
0.00448194
0.00425415
0.00403415
0.00431053
0.00400885
0.00526924
0.00390349
0.00380444
0.00421265
0.0042835
0.00391774
0.00412165
0.00384317
0.00650722
0.00516435
0.00498463
0.00635455
0.00568285
0.00539
0.00573017
0.0050108
0.0074866
0.00936166
0.00775723
0.00517195
0.00804009
0.009653
0.00698082
0.00811598
0.00629011
0.00479572
0.00400974
0.00837039
0.00645737
0.00454235
0.00657516
0.00436861
0.00750734
0.00721915
0.00525844
0.00527677
0.00746091
0.00717482
0.00540521
0.00561242
0.00606013
0.00440848
0.00467411
0.00394438
0.00455026
0.00482487
0.00438362
0.00462737
0.00763444
0.0066419
0.00804742
0.00711981
0.00713036
0.00700177
0.00747728
0.00725409
0.00673074
0.00745386
0.00659668
0.00673101
0.00718819
0.00744318
0.00702578
0.00749371
0.00530951
0.00498781
0.00404325
0.00461284
0.00501568
0.00489304
0.00446155
0.0044835
0.00645763
0.0063775
0.00541418
0.00662785
0.00631539
0.0063876
0.00612809
0.00635569
0.00674293
0.00780139
0.00706635
0.00658397
0.00693531
0.00703597
0.00674264
0.00698608
0.00687873
0.0066273
0.00649724
0.00778273
0.0070689
0.00674836
0.00773087
0.0068008
0.00752346
0.00727565
0.00651399
0.00531996
0.00698211
0.00709226
0.00601057
0.00651712
0.00723479
0.00540805
0.00652785
0.00596721
0.0061693
0.00578219
0.00621346
0.00595338
0.00375478
0.00375972
0.00378377
0.00378534
0.00376268
0.0037639
0.00377346
0.00377502
0.00375803
0.00375891
0.00378617
0.0037795
0.00376562
0.00376446
0.00377619
0.00377533
0.00382389
0.00382313
0.00388796
0.00387615
0.00384004
0.00383814
0.00385656
0.00385508
0.00383288
0.00382095
0.0038966
0.00389196
0.0038513
0.00384223
0.00387547
0.0038655
0.0037725
0.00379844
0.00380362
0.00380165
0.00378338
0.00379041
0.00379203
0.00380303
0.00376742
0.00379454
0.00379686
0.00379715
0.00377911
0.00378828
0.00378748
0.00379902
0.00381139
0.00381885
0.00381438
0.00387319
0.00383194
0.003818
0.00385235
0.00383197
0.00381023
0.00385839
0.00380789
0.00380955
0.00382475
0.00383869
0.00381148
0.00382303
0.00455276
0.00469719
0.0043408
0.00426269
0.0044526
0.00453385
0.0043722
0.00444219
0.0047656
0.00475506
0.00466463
0.0043784
0.0046653
0.00475966
0.004585
0.00469687
0.00412874
0.00419523
0.00401002
0.00395919
0.00409062
0.00409545
0.00403508
0.00403057
0.00410486
0.00410955
0.00398545
0.00398776
0.00407694
0.00406062
0.00403537
0.00401331
0.00464013
0.00429053
0.00423646
0.00428623
0.00456733
0.00438449
0.00437028
0.00425716
0.00472112
0.0042772
0.00451674
0.00429391
0.00465447
0.00452441
0.00455669
0.00446582
0.00420318
0.00416784
0.00421005
0.00402024
0.004104
0.0041678
0.00406669
0.00412506
0.00419696
0.00399586
0.00419034
0.00434191
0.00414854
0.00404949
0.00430285
0.00414648
0.00512467
0.00559584
0.00520313
0.00465859
0.00497779
0.00545578
0.00482949
0.0053153
0.00553969
0.00529268
0.00533471
0.0048666
0.00522482
0.00524984
0.00506944
0.00511077
0.00534393
0.00538997
0.00531086
0.00469548
0.0052055
0.00541941
0.00497183
0.00521314
0.00433361
0.00448679
0.0043921
0.00406476
0.00424013
0.00442823
0.00417352
0.00435303
0.00538083
0.00517072
0.00456183
0.00475895
0.0051746
0.00514746
0.00494927
0.00488142
0.00557156
0.00486583
0.00540382
0.00558529
0.00541667
0.00513546
0.00559494
0.0053086
0.00500797
0.00446509
0.00463102
0.00449885
0.00475989
0.0047695
0.00458067
0.0045978
0.00538626
0.00466139
0.00476025
0.0052401
0.00510716
0.0047682
0.00511769
0.00484516
0.0087542
0.00798898
0.00750885
0.00791622
0.00869159
0.00834418
0.00841002
0.00763629
0.00538882
0.00530671
0.00480365
0.00494689
0.00510898
0.00489982
0.00506162
0.00479275
0.00585254
0.00460619
0.00428393
0.00472641
0.00553783
0.00472192
0.00519376
0.00434785
0.00727008
0.00491925
0.00501836
0.00587202
0.00668079
0.00523256
0.00658691
0.00499644
0.00675923
0.00680917
0.00755485
0.00530365
0.00643628
0.00687625
0.0058261
0.00611896
0.00554154
0.00475797
0.00477042
0.00609547
0.00535169
0.00493979
0.00549528
0.00497913
0.00653505
0.00764241
0.00519996
0.00544046
0.00589388
0.0057639
0.00549448
0.00544196
0.00589155
0.00457258
0.00456385
0.00457913
0.0053676
0.00473999
0.00486606
0.00447016
0.0302468
0.0231303
0.0362609
0.0418235
0.0300367
0.0268366
0.036951
0.0366514
0.0137483
0.00459308
0.0154604
0.00727428
0.0109631
0.0104239
0.0111923
0.0105425
0.0450381
0.0664568
0.0183252
0.0350833
0.0367307
0.0357732
0.0368396
0.0337911
0.0288348
0.0113363
0.0252775
0.0112983
0.0198963
0.0202122
0.0170946
0.0169815
0.0249522
0.03932
0.0391153
0.0197321
0.0316841
0.0392507
0.0249456
0.0372975
0.0228174
0.0198587
0.0311322
0.0317606
0.0305585
0.0277939
0.0323172
0.0350922
0.0553538
0.0414007
0.0186553
0.0303008
0.0456392
0.0389125
0.0319816
0.0284069
0.0419256
0.0295901
0.0185857
0.0420306
0.0380929
0.0325624
0.0429347
0.0293886
0.0107603
0.0133601
0.00998371
0.0436984
0.0131195
0.0130531
0.0200758
0.0199001
0.0138669
0.0139821
0.0556733
0.0350444
0.0144316
0.0150642
0.0486202
0.0573638
0.00510319
0.0108446
0.00416217
0.00463373
0.00649773
0.00681731
0.0043058
0.0044529
0.0174578
0.0188086
0.00560137
0.00662448
0.0165302
0.0178703
0.00692355
0.00730091
0.014605
0.0166989
0.0342294
0.0298711
0.0291877
0.0252351
0.0325867
0.0352967
0.015172
0.0368859
0.031297
0.0178966
0.0309253
0.0377839
0.0224191
0.0298361
0.00589412
0.0142149
0.0193685
0.00512347
0.00818435
0.015845
0.0117967
0.0176674
0.00655275
0.00553393
0.0207761
0.0160343
0.0087598
0.0125873
0.0141128
0.0169537
0.00606945
0.00530715
0.00538261
0.0050661
0.00564757
0.00540928
0.00557651
0.00529816
0.00475568
0.00449429
0.00437695
0.00420549
0.0045267
0.00447167
0.00443652
0.00439018
0.0047847
0.00418147
0.00419885
0.00413168
0.00438373
0.00422507
0.00433693
0.00415124
0.00444107
0.00407558
0.00408163
0.00401078
0.00423336
0.00410254
0.00419649
0.00405168
0.00506186
0.00500947
0.00475389
0.0043083
0.0049309
0.00498972
0.00457017
0.00459635
0.00482949
0.00417312
0.00429379
0.00474528
0.00468989
0.00442986
0.00466931
0.00440631
0.00497855
0.00470307
0.00424874
0.00422586
0.00450833
0.00447107
0.00425838
0.00428284
0.00465681
0.00408361
0.00410846
0.00420257
0.00438032
0.00413609
0.00432495
0.00410007
0.0278746
0.0525703
0.0167896
0.0298716
0.0314144
0.0326883
0.0291403
0.0297069
0.0588804
0.0350056
0.0155097
0.0457511
0.0512762
0.0257402
0.043699
0.0229277
0.0168142
0.0240363
0.0327194
0.0299848
0.0295486
0.02808
0.031146
0.0354058
0.0311111
0.045507
0.0265939
0.0300965
0.0321673
0.0348716
0.029712
0.0325494
0.0515721
0.0226419
0.0322089
0.0480218
0.0479087
0.0334296
0.0507107
0.0362775
0.0402225
0.0384062
0.0201555
0.0251884
0.0364026
0.038166
0.0365149
0.0359209
0.0241483
0.0305431
0.043487
0.0256852
0.0255075
0.0334302
0.02694
0.0343856
0.0258835
0.027631
0.0362634
0.0232055
0.0281916
0.0285562
0.0337812
0.0331431
0.00859999
0.00746347
0.0107554
0.00872568
0.00842978
0.00783185
0.00861098
0.00818125
0.00547821
0.00425868
0.00591026
0.00497536
0.00531418
0.00496963
0.00525072
0.00507019
0.0128913
0.0114004
0.0113172
0.0109309
0.0121238
0.0126105
0.0115291
0.011868
0.00758042
0.0054885
0.00814307
0.00611233
0.00696214
0.00681342
0.00673015
0.00681608
0.00710818
0.0102554
0.0081708
0.00604692
0.00700175
0.00793916
0.00626996
0.0078562
0.00651891
0.00576552
0.0087033
0.0101864
0.00717328
0.00655787
0.00982432
0.00931575
0.0108515
0.00845864
0.00594727
0.0116003
0.0106667
0.00863256
0.0109171
0.00798538
0.0107906
0.0111135
0.00602419
0.00983773
0.0104121
0.00995259
0.00980468
0.00774457
0.00595773
0.00514088
0.00728279
0.00538644
0.00560007
0.00604531
0.00610731
0.00633166
0.00434877
0.00410174
0.00502426
0.00446397
0.00433013
0.00428487
0.00479241
0.00476449
0.0103305
0.00685548
0.00835635
0.00922554
0.00892331
0.00811523
0.0112873
0.0091478
0.00466998
0.0048672
0.00636269
0.00559196
0.0048174
0.00512863
0.00546274
0.00602761
0.00467547
0.00689975
0.00515848
0.00450647
0.00535564
0.00580734
0.00481539
0.00539235
0.00458513
0.00470112
0.00572758
0.00749769
0.00523127
0.00503517
0.00605535
0.00582853
0.00874277
0.00519996
0.00485983
0.0076779
0.00643404
0.00560534
0.0061183
0.00517138
0.00897856
0.00857463
0.00518764
0.00707069
0.00736421
0.0066725
0.00689893
0.00566851
0.00377452
0.00383726
0.0037718
0.00382851
0.00380675
0.00381969
0.00379244
0.00380452
0.00387587
0.00391602
0.00384182
0.00405876
0.00392185
0.00390993
0.00390921
0.00392302
0.00376527
0.0037949
0.00376906
0.00379479
0.00377693
0.00378524
0.00377858
0.00378686
0.00392506
0.00408734
0.00384438
0.00430556
0.00406571
0.00401586
0.00391272
0.00392348
0.00387294
0.00378988
0.00390877
0.00406963
0.00384119
0.00381697
0.00395325
0.00390784
0.00386592
0.00403345
0.00382969
0.00379324
0.00384542
0.00385982
0.00380274
0.00382338
0.00378733
0.00384462
0.00391583
0.00382057
0.00380599
0.00385384
0.00382574
0.00386829
0.00378883
0.00382257
0.00393912
0.00382541
0.00379662
0.00382962
0.00381652
0.00384498
0.0133582
0.00504549
0.0116628
0.0072252
0.00954349
0.00943784
0.00913496
0.00907209
0.00405613
0.00380192
0.00461841
0.0040207
0.00399873
0.0039833
0.004108
0.00410095
0.0100063
0.00817986
0.0103146
0.00714399
0.00843156
0.00972387
0.00871119
0.00894711
0.00524242
0.00419763
0.00574972
0.00443963
0.00472356
0.00514346
0.00483568
0.00516319
0.00455258
0.0094582
0.00595909
0.00424151
0.00464854
0.00744625
0.00438639
0.00611806
0.00468294
0.00442034
0.00597165
0.00889675
0.00467289
0.00456125
0.00543489
0.00520488
0.00892344
0.00593068
0.00436713
0.00646298
0.00748123
0.00612618
0.00662205
0.00577612
0.00837599
0.00623426
0.00450289
0.006392
0.00693658
0.00618855
0.00558822
0.00539244
0.00935941
0.00775843
0.00983702
0.00727431
0.00814549
0.00802495
0.00834098
0.00822655
0.00718523
0.00771046
0.00796583
0.00626119
0.00690033
0.00697661
0.00680582
0.00708838
0.00987924
0.00782164
0.0110795
0.00660601
0.00887408
0.00859073
0.00906562
0.00875381
0.00590923
0.00572504
0.00621126
0.00475205
0.00564788
0.00569442
0.00533747
0.00556858
0.00738371
0.00890226
0.00706549
0.00648262
0.00740424
0.00784764
0.00682004
0.0071913
0.00744289
0.00654775
0.0075844
0.00884661
0.00744989
0.00717765
0.0084934
0.00772496
0.00865149
0.00683384
0.00615463
0.00640734
0.00680135
0.00682574
0.00646572
0.00630812
0.00853329
0.00631454
0.00616004
0.00707433
0.00782473
0.00640842
0.00712123
0.00628117
0.00380945
0.0066151
0.0042697
0.00460661
0.00418407
0.00441613
0.00429706
0.0044773
0.0115957
0.0121822
0.0113588
0.0114177
0.011392
0.0110706
0.0116516
0.0113311
0.00421298
0.00569531
0.00414609
0.00467503
0.00441115
0.00435228
0.00439278
0.00445582
0.00559942
0.00813123
0.00538827
0.00583157
0.00580704
0.00600953
0.00589803
0.00606638
0.00770806
0.00447978
0.00522652
0.00902929
0.00763623
0.00471801
0.008593
0.00521356
0.0117703
0.0114624
0.00881753
0.0045351
0.0107224
0.011763
0.00828254
0.00979106
0.00444858
0.00539847
0.0088503
0.00523648
0.00498936
0.00549386
0.00537422
0.00576542
0.00457923
0.00538733
0.0104909
0.00908619
0.00479907
0.0052923
0.00839628
0.00770171
0.00450208
0.00729334
0.00467469
0.00375937
0.00419383
0.0055205
0.00384074
0.00442382
0.00860119
0.010121
0.00837689
0.00398487
0.00599675
0.00795785
0.00477227
0.00651873
0.00463722
0.00708279
0.00462444
0.00375755
0.00427289
0.0054019
0.0038426
0.00438247
0.00375429
0.00376999
0.00375419
0.00375414
0.00375895
0.00376319
0.00375427
0.00375875
0.00515787
0.00432516
0.00376097
0.00381237
0.00409738
0.00418719
0.00384334
0.00379235
0.00679358
0.00388322
0.00661252
0.00556635
0.00562261
0.00492943
0.00727705
0.00510084
0.00382317
0.00375473
0.00377344
0.00375491
0.00375518
0.00375878
0.00375907
0.0037639
0.00440629
0.00376242
0.0038343
0.00549189
0.0041334
0.00378936
0.00407863
0.00383744
0.00391007
0.00396678
0.00386738
0.00402138
0.00396277
0.00392609
0.00392912
0.00389398
0.00404042
0.00397285
0.00389683
0.00412518
0.00409443
0.00398058
0.0040486
0.00397025
0.00382365
0.00383566
0.00378188
0.00382096
0.00383014
0.00381395
0.00380741
0.0037972
0.00421994
0.00409183
0.00391551
0.00451637
0.00432783
0.00402645
0.00428583
0.00397894
0.00403917
0.00389223
0.00405841
0.00407799
0.0039633
0.00391668
0.00401503
0.0039656
0.00400508
0.00402217
0.00388054
0.00387048
0.00392249
0.00396166
0.003888
0.00392132
0.00386559
0.00400546
0.0040069
0.00387426
0.00388883
0.00392529
0.00390456
0.0039408
0.00384432
0.00384185
0.0039778
0.00387845
0.00384942
0.0038702
0.00389229
0.00392038
0.0263885
0.0191428
0.0196097
0.00515163
0.0145098
0.0189415
0.0128458
0.0160415
0.0191433
0.0239774
0.0216239
0.00550636
0.0157007
0.0198982
0.0148558
0.0173775
0.0170594
0.0189932
0.0180527
0.00470636
0.0114554
0.0158604
0.0102296
0.0138023
0.0038878
0.0038933
0.00383256
0.00377389
0.00385878
0.00385781
0.00381
0.00381814
0.0123842
0.0121471
0.0046874
0.00484928
0.011683
0.0112171
0.00505477
0.00485975
0.0157754
0.00488686
0.0168492
0.0161387
0.0136407
0.0119934
0.0156704
0.0127238
0.0111226
0.0045126
0.0047319
0.00447712
0.0047897
0.00473022
0.00460448
0.00465512
0.0140087
0.00459903
0.00467646
0.0144263
0.0104904
0.00472884
0.0116261
0.00482913
0.0126375
0.0124271
0.0117749
0.00632973
0.011239
0.0124724
0.00949553
0.00991612
0.0136142
0.0131016
0.0122886
0.00622973
0.0131077
0.0138706
0.00819407
0.00824826
0.0113325
0.0109882
0.012291
0.0063509
0.00990372
0.011315
0.00825413
0.00873959
0.00567034
0.00505695
0.0051472
0.00444757
0.00560538
0.005377
0.00510244
0.00479433
0.0113086
0.010453
0.006178
0.0063087
0.00997357
0.00957295
0.00656878
0.00639158
0.0123001
0.00640303
0.012465
0.0117711
0.010198
0.00913027
0.0117995
0.0105464
0.00894671
0.00567514
0.00563483
0.0059639
0.0059236
0.00571941
0.00602833
0.00571338
0.00940028
0.00613486
0.00564984
0.00873738
0.00870177
0.00621604
0.00829434
0.00646062
0.00503259
0.00559628
0.00519397
0.0047428
0.00520074
0.00526667
0.00483559
0.00493038
0.00656558
0.00643212
0.00598266
0.00592492
0.00659142
0.00659932
0.00590858
0.00603635
0.00559151
0.00578385
0.00559989
0.00474934
0.00558278
0.0057145
0.00503308
0.00542269
0.00431114
0.00474388
0.0042683
0.0040874
0.00449334
0.00454761
0.00413701
0.00419005
0.00561907
0.00521179
0.00489083
0.00534686
0.00524166
0.00507446
0.00516228
0.0049543
0.005695
0.00533309
0.00560297
0.00530847
0.00538489
0.0055132
0.00541191
0.00554849
0.00499002
0.00443764
0.00474168
0.0044516
0.0047339
0.00455228
0.00476132
0.00460875
0.0051721
0.00456161
0.00483323
0.00528503
0.00517551
0.00489838
0.00513066
0.00494197
0.00375504
0.00375299
0.00375544
0.00377779
0.00376119
0.00375487
0.00376672
0.00376156
0.00375889
0.00376095
0.00376197
0.00379167
0.00377152
0.00376064
0.00377828
0.00376963
0.00375493
0.00375901
0.00375903
0.00378434
0.00376572
0.00375866
0.00377103
0.00376661
0.00381123
0.00381928
0.00381917
0.00385881
0.00383058
0.00381873
0.00384011
0.00383032
0.00376226
0.00376277
0.00379111
0.00379658
0.00376876
0.00377193
0.0037793
0.00378159
0.0037579
0.00378942
0.00376054
0.00375506
0.00376482
0.00377669
0.00375665
0.00376904
0.00376788
0.00379861
0.00380481
0.0038041
0.00378147
0.00379059
0.00379645
0.00380563
0.00376032
0.00379612
0.00379908
0.00376875
0.00377446
0.00378723
0.00377586
0.00378983
0.00377016
0.00382056
0.00377265
0.00386684
0.00381538
0.00378682
0.00381784
0.0037979
0.00385073
0.00388901
0.00384845
0.0040191
0.00390832
0.00386154
0.00393838
0.00388978
0.00377284
0.00380945
0.00377267
0.00380994
0.0037908
0.00378686
0.00379715
0.00379176
0.00406417
0.00424376
0.00389427
0.00448526
0.00425565
0.00409294
0.00424881
0.00420097
0.00388277
0.00379043
0.00402505
0.00410353
0.00389013
0.00380628
0.00395656
0.00384443
0.00382723
0.00393437
0.00382772
0.0037884
0.00384537
0.00386742
0.00380745
0.00383096
0.00380176
0.00400567
0.00411535
0.00385742
0.00381582
0.00386899
0.0038456
0.00390391
0.00380135
0.00385532
0.00396604
0.00384221
0.00381593
0.00384505
0.00385001
0.00387363
0.0152257
0.00957457
0.015999
0.00785505
0.0124703
0.0139061
0.0106082
0.0112523
0.00499604
0.00379403
0.00403905
0.00396283
0.00435721
0.00421067
0.0040948
0.00397005
0.0153459
0.00543745
0.0167557
0.00714652
0.0112797
0.0125564
0.0103506
0.0109767
0.00531012
0.00411346
0.00496553
0.00420877
0.00473456
0.0047832
0.00448681
0.0044543
0.00745218
0.0119876
0.00700321
0.00457824
0.00695265
0.00947395
0.00599644
0.00725201
0.00720505
0.00452078
0.00581655
0.0137773
0.00630525
0.00516855
0.00704011
0.00579086
0.0102648
0.00630087
0.0043559
0.00599094
0.00755698
0.00649637
0.00642442
0.00572509
0.0113659
0.00588667
0.00425066
0.0048075
0.0085171
0.00663116
0.00501721
0.00451776
0.00388488
0.00467124
0.00536753
0.00455242
0.00397776
0.00465416
0.00450406
0.00487868
0.00538129
0.00529102
0.0068121
0.00570614
0.00554505
0.00607459
0.00622251
0.00642308
0.00797722
0.00770429
0.00773222
0.00779245
0.00825634
0.00784134
0.00824021
0.0077825
0.00465287
0.00507422
0.00606837
0.00462539
0.00465567
0.00512131
0.00495136
0.00516565
0.00487154
0.00689717
0.0047153
0.00520946
0.00549344
0.00524136
0.00525718
0.00524708
0.00601889
0.00584459
0.00757825
0.00728444
0.00612243
0.00628115
0.00841862
0.00815478
0.00749847
0.00517114
0.00558044
0.00696003
0.00679384
0.00545274
0.00693454
0.00563963
0.00850967
0.00772351
0.00591083
0.00801494
0.00917469
0.00816828
0.0086521
0.00754553
0.0281437
0.0213419
0.0200421
0.0107077
0.0230139
0.0210007
0.0189698
0.0178497
0.017323
0.0175216
0.0129117
0.0143026
0.0162357
0.0139832
0.0142019
0.01315
0.0159583
0.0126669
0.0142451
0.0124021
0.0134394
0.0122918
0.0143298
0.01284
0.0164368
0.0146292
0.0129217
0.00689304
0.0157369
0.0161543
0.0124369
0.0150458
0.0182334
0.0159653
0.0109646
0.0148078
0.0144792
0.0151154
0.0144964
0.0110256
0.0160398
0.015664
0.0132641
0.0140621
0.0136628
0.0147415
0.014003
0.0141919
0.0167377
0.0130099
0.0148827
0.0119121
0.013065
0.0129277
0.0130155
0.0139751
0.0143916
0.012039
0.0147267
0.0135431
0.0133027
0.0132489
0.014155
0.015239
0.00376082
0.0037574
0.00375474
0.00379111
0.00377132
0.0037601
0.00377905
0.00376549
0.00375266
0.00375176
0.00375261
0.00376871
0.00375653
0.003753
0.00376236
0.0037582
0.00375198
0.00375228
0.00375282
0.00376998
0.00375448
0.00375221
0.00375954
0.00375709
0.00381724
0.00380046
0.00380449
0.00385475
0.00382346
0.00380006
0.00383682
0.00381564
0.0037645
0.00375966
0.00379676
0.00378318
0.00376834
0.00376565
0.00377598
0.00377654
0.00375539
0.00376986
0.00375201
0.00375345
0.0037582
0.00375952
0.0037525
0.00375526
0.00376414
0.00380351
0.00378998
0.00379239
0.00377414
0.00378542
0.00378202
0.00378825
0.00375636
0.00378031
0.00377615
0.00375645
0.00375771
0.00376831
0.00375904
0.003768
0.0037509
0.00375185
0.00375084
0.0037613
0.00375306
0.0037511
0.00375424
0.00375245
0.00375473
0.00375515
0.00375419
0.00377951
0.00375962
0.00375478
0.00377022
0.00376319
0.00375212
0.00375355
0.00375362
0.00377416
0.00375658
0.00375347
0.00376406
0.00375973
0.00379652
0.00380399
0.00380132
0.00384121
0.00380921
0.00379699
0.00382531
0.00381275
0.00375535
0.0037524
0.00377222
0.00377883
0.00375919
0.00375513
0.00376573
0.00376346
0.00375213
0.0037728
0.00375203
0.00375119
0.00375435
0.0037617
0.00375157
0.00375497
0.00375495
0.00378437
0.00379286
0.00378989
0.00376392
0.00377425
0.00377735
0.00378459
0.00375418
0.00378218
0.00378333
0.00375686
0.00376046
0.0037713
0.00376195
0.00377244
0.0181504
0.0203927
0.010797
0.0179078
0.0165842
0.0153703
0.01413
0.0119405
0.0224141
0.0253643
0.0202136
0.0127998
0.0208158
0.0221774
0.0172444
0.0201751
0.0149345
0.0194427
0.0191396
0.0147937
0.0157883
0.0171133
0.0145009
0.0184459
0.0111812
0.00941183
0.00985611
0.00559946
0.0110599
0.0109958
0.0104579
0.0100507
0.0197123
0.0116716
0.023129
0.01343
0.0142307
0.0126493
0.0130856
0.0131018
0.0183306
0.0143697
0.0193407
0.0130859
0.015332
0.0153118
0.0142306
0.0158587
0.0126391
0.0160048
0.0136278
0.0127953
0.0134011
0.0129311
0.0143878
0.0136805
0.014189
0.0132009
0.0124228
0.0172212
0.0146509
0.013551
0.0155595
0.0127299
0.0149015
0.0127498
0.0170117
0.0116371
0.0132337
0.0147865
0.0126299
0.014111
0.0102096
0.00600901
0.0116018
0.0119402
0.0111849
0.010078
0.0118996
0.0111759
0.0217289
0.00987836
0.0304194
0.0230698
0.0196071
0.0204453
0.0228892
0.0251855
0.0116332
0.0130186
0.0179515
0.0181367
0.0120899
0.0128408
0.0139351
0.0163917
0.0111823
0.0152841
0.0124019
0.0118584
0.0117924
0.0137429
0.0123689
0.0130595
0.0109893
0.0120693
0.010797
0.0175994
0.0113979
0.01166
0.0117575
0.0106594
0.0152351
0.011933
0.0122472
0.0167429
0.0135318
0.0126921
0.013486
0.0126648
0.0172033
0.0192711
0.0117209
0.00960348
0.0160635
0.0145293
0.00967458
0.0116831
0.0183969
0.0193068
0.0139447
0.013736
0.0151964
0.0175036
0.0136263
0.0141676
0.0256909
0.0345716
0.00933544
0.0222565
0.0261693
0.0287048
0.0207813
0.0212164
0.0105085
0.0099967
0.00541378
0.0102248
0.0106592
0.00990088
0.0112666
0.0097575
0.0121266
0.0180366
0.0112597
0.0160631
0.0137289
0.0147759
0.0140866
0.015429
0.0186792
0.0125162
0.0145505
0.016178
0.0154182
0.0149258
0.0161198
0.0154276
0.0214185
0.0180913
0.00964828
0.0116924
0.0160987
0.0172129
0.0119718
0.00994902
0.0114105
0.0127565
0.0158065
0.0106804
0.0121559
0.0132429
0.0116386
0.0140845
0.0113653
0.0103767
0.0177251
0.0102723
0.0108613
0.010968
0.0106003
0.0111799
0.0236102
0.0201539
0.0199524
0.0206734
0.0211639
0.0219741
0.0206377
0.0196896
0.0159874
0.0171189
0.0203526
0.0109751
0.0138197
0.0135298
0.0107545
0.0124381
0.0256669
0.0212197
0.0242384
0.0200289
0.0233406
0.0184586
0.0228949
0.0184848
0.013273
0.0126306
0.0176556
0.016861
0.0126631
0.0124477
0.0144403
0.013084
0.0190495
0.0215212
0.0192512
0.0152178
0.01764
0.0197927
0.0164365
0.0184857
0.0221636
0.0129824
0.0182193
0.0226894
0.0157852
0.0126144
0.0156846
0.0138344
0.01912
0.0180987
0.0131798
0.0162969
0.0155222
0.0161365
0.0130263
0.0124707
0.0225956
0.013522
0.0119671
0.0153159
0.014238
0.0123118
0.0140081
0.0108989
0.0176027
0.0198748
0.020493
0.0146733
0.0158078
0.0148094
0.0179796
0.0161667
0.0209944
0.0248147
0.0276375
0.0278248
0.0230621
0.0234091
0.028033
0.0271905
0.017673
0.0209159
0.0161373
0.0129306
0.0139551
0.0149787
0.0131836
0.0131597
0.0105807
0.0129619
0.0171451
0.0207047
0.0114295
0.0118746
0.0166241
0.0140527
0.0211346
0.0167779
0.0167078
0.0259993
0.0188428
0.0154237
0.02423
0.0167252
0.0210723
0.0256648
0.0243562
0.016177
0.0199799
0.0267823
0.0219891
0.0253427
0.0161323
0.011999
0.0127791
0.0134704
0.0115638
0.0119641
0.0109667
0.0113679
0.0146883
0.0114542
0.0129637
0.015793
0.0123176
0.0109157
0.0136721
0.0121771
0.0165255
0.0200977
0.0183746
0.0177091
0.0193973
0.0198826
0.0168321
0.0196179
0.0153593
0.0224728
0.0208801
0.0203442
0.015405
0.0159147
0.015626
0.0175972
0.015229
0.0195699
0.0159655
0.0148433
0.0149679
0.0143761
0.014628
0.0153483
0.0152857
0.019027
0.012639
0.0168736
0.0122259
0.0120221
0.0134582
0.0129539
0.0163736
0.0223198
0.0158447
0.0134188
0.0161525
0.0186488
0.0140079
0.014548
0.0137518
0.0122531
0.0162508
0.0169857
0.0132622
0.0128866
0.0142864
0.0125682
0.0178161
0.0164502
0.0140101
0.0150897
0.0152447
0.0144989
0.0154896
0.0139881
0.0166994
0.0137106
0.012663
0.0176935
0.0140401
0.0134517
0.0130853
0.0118695
0.0186163
0.0115491
0.0209889
0.03413
0.0157029
0.0129344
0.0140894
0.0118589
0.0146257
0.0182887
0.0223649
0.0200018
0.0150401
0.0174555
0.0157041
0.0163371
0.0213974
0.0235951
0.0226478
0.0163111
0.0163601
0.0198
0.0158994
0.0175017
0.0355772
0.0202365
0.0193771
0.0297801
0.028339
0.0200505
0.0303832
0.0201872
0.013975
0.01397
0.0260172
0.0177265
0.0137255
0.012258
0.0147436
0.0139786
0.0135235
0.0189755
0.0200971
0.0139401
0.0129129
0.0140971
0.0120859
0.0135088
0.0140556
0.0246327
0.0217838
0.0167698
0.0146693
0.0142454
0.0158682
0.0174217
0.0136249
0.0146951
0.0189847
0.0183374
0.0135469
0.0142143
0.013284
0.0154372
0.00492095
0.00530056
0.00482141
0.00442767
0.00466985
0.00495221
0.00453487
0.00473108
0.00514057
0.0047305
0.00496382
0.00462428
0.00484525
0.00482543
0.00471716
0.00475198
0.00473681
0.00529037
0.00462685
0.00438638
0.00469482
0.00490394
0.00445666
0.00453501
0.00419455
0.00425957
0.0042411
0.00399992
0.00409989
0.00423284
0.004054
0.00412151
0.00506164
0.00470513
0.00437363
0.00449732
0.00486671
0.00471185
0.00471193
0.00461007
0.00522568
0.00467256
0.0050324
0.00492299
0.0049584
0.00478853
0.00512515
0.00491204
0.00454979
0.00428505
0.00438166
0.0043425
0.00448509
0.00443312
0.0044169
0.00434197
0.0047143
0.00435786
0.00447849
0.00491409
0.00475265
0.00459211
0.00486268
0.00463964
0.00375239
0.00375227
0.00375431
0.00377432
0.00375613
0.00375283
0.00376118
0.00375954
0.00375162
0.00375207
0.00375087
0.00376543
0.00375339
0.00375124
0.00375496
0.00375213
0.00375588
0.00375226
0.00375737
0.00377367
0.00375776
0.0037533
0.00376344
0.00376037
0.00381105
0.00379457
0.00380171
0.00384615
0.00381226
0.00380001
0.00382583
0.00381508
0.00375477
0.00375965
0.00378573
0.00377649
0.00376146
0.00376767
0.00377314
0.00377663
0.00375164
0.00376772
0.00375216
0.00375373
0.00375594
0.00375895
0.0037533
0.00375579
0.00376715
0.00379609
0.00378131
0.00378992
0.00377904
0.00378923
0.00378202
0.0037903
0.00376126
0.00378319
0.003774
0.00375456
0.00376518
0.00377321
0.0037589
0.00376908
0.0124724
0.0140821
0.00486021
0.00505471
0.0114917
0.0127968
0.00549849
0.00658452
0.0127753
0.0111818
0.00805173
0.00646807
0.0107878
0.010886
0.00716827
0.00831402
0.00404677
0.0047379
0.00381038
0.00388993
0.00440707
0.0045827
0.00390291
0.00428251
0.00415154
0.0045972
0.00389083
0.003961
0.00429088
0.0044023
0.00395107
0.00396177
0.0120638
0.00514341
0.00512633
0.00655696
0.00700102
0.00608792
0.00645421
0.00576294
0.0122526
0.0064326
0.0073888
0.00556031
0.00697936
0.00647657
0.00587878
0.00576474
0.00404105
0.00413784
0.00463964
0.00388726
0.00401338
0.00437559
0.00412191
0.00433582
0.00461688
0.00398845
0.00495425
0.00558633
0.00458576
0.00450025
0.00479719
0.00476268
0.00461471
0.00458813
0.00465983
0.00431988
0.00450141
0.0046191
0.00442178
0.00457545
0.00470775
0.00461996
0.00469693
0.00445183
0.00465834
0.00466869
0.00456059
0.00463806
0.00469766
0.00467511
0.00472837
0.00441143
0.00458587
0.00467645
0.00452978
0.00466176
0.00414999
0.00421327
0.00413099
0.00401518
0.00410724
0.00417976
0.00407079
0.00414667
0.004503
0.00458553
0.0042628
0.00435732
0.00447319
0.00445249
0.00440874
0.00433562
0.00462176
0.00446165
0.00464985
0.00461803
0.00457361
0.00453489
0.00462019
0.00455532
0.00453047
0.00422402
0.00428705
0.00423994
0.00437508
0.00432384
0.00427741
0.00426293
0.00459778
0.00439167
0.00440334
0.00460249
0.0044941
0.00440261
0.00448585
0.00441317
0.00732041
0.00807653
0.00714741
0.00603323
0.0072018
0.00794647
0.00663205
0.00719206
0.00857501
0.0114604
0.0112727
0.00656917
0.00844259
0.0100327
0.00765687
0.0103151
0.00623972
0.0117785
0.00930093
0.00622017
0.00682493
0.0105307
0.00652799
0.00911224
0.00506605
0.00513853
0.0057709
0.00422944
0.00513962
0.00544572
0.00515382
0.00505718
0.00791366
0.00673914
0.00620659
0.00715688
0.00726617
0.00705423
0.00692987
0.00697848
0.00861052
0.00656754
0.00995454
0.00649186
0.00709368
0.0070008
0.006862
0.00704021
0.00625311
0.00589408
0.00678352
0.00603799
0.00632437
0.00654552
0.00624276
0.00631683
0.0060715
0.00618503
0.00653583
0.0108053
0.00633899
0.00606637
0.00673974
0.00638703
0.0047728
0.0044048
0.00484579
0.00447177
0.00463036
0.00465231
0.00472877
0.00478633
0.00419263
0.00407599
0.00425525
0.00398643
0.00407119
0.0041539
0.00409205
0.00418332
0.00502001
0.00458573
0.00481385
0.00439955
0.00475532
0.00493104
0.00491141
0.0049133
0.00417463
0.00395873
0.00408517
0.00398271
0.00402801
0.00402374
0.00402648
0.00403932
0.00433097
0.00458299
0.00427825
0.0040517
0.00437123
0.00446045
0.00415806
0.00428469
0.00434972
0.00406387
0.00437837
0.00470557
0.00444928
0.00415036
0.00458115
0.00426779
0.00464255
0.00429627
0.00407373
0.00424376
0.0043804
0.004293
0.00420451
0.00412067
0.00480785
0.00430422
0.00410091
0.00446508
0.00446699
0.0042776
0.00434793
0.00417205
0.0065897
0.00731986
0.00604732
0.00461324
0.00553629
0.00696781
0.00518211
0.00593768
0.00746027
0.00513861
0.0051464
0.00403787
0.00512654
0.00574218
0.00475775
0.00519295
0.00627011
0.00508664
0.00494953
0.00446969
0.00540713
0.00514762
0.00498811
0.00498606
0.00412068
0.00397069
0.00415812
0.00394528
0.00403929
0.00409528
0.00405616
0.00412053
0.00573141
0.00517332
0.00428643
0.00412112
0.00508
0.00479099
0.00432083
0.00442632
0.00738481
0.00424467
0.00601462
0.00655803
0.00604726
0.00485363
0.00661413
0.00556744
0.00534702
0.00431942
0.00416514
0.00446031
0.0047107
0.00449852
0.00455521
0.00426204
0.00615475
0.00447659
0.00428112
0.00514288
0.00518834
0.00474379
0.00508785
0.00435467
0.00491978
0.00493235
0.00476681
0.00443865
0.00477097
0.00483097
0.00460966
0.00471163
0.00502991
0.00517973
0.00500813
0.00465039
0.00507613
0.00520288
0.00478862
0.00495477
0.00466548
0.00481158
0.00452589
0.00432037
0.00471451
0.00482682
0.00443777
0.0045327
0.00412714
0.00422052
0.00407633
0.00397057
0.00413138
0.00415751
0.00402192
0.0040545
0.00490171
0.00473986
0.00438156
0.0044992
0.0045949
0.00454375
0.00451326
0.00439165
0.00491293
0.00454489
0.00488275
0.00483271
0.0046622
0.00469391
0.00485286
0.00480497
0.00450583
0.00423533
0.00429148
0.0041707
0.00439059
0.00428717
0.00435465
0.00425988
0.00463451
0.00422861
0.004347
0.00466785
0.00456719
0.0044066
0.0045672
0.00443102
0.00376428
0.00379386
0.00379227
0.00379414
0.00377406
0.00378413
0.0037834
0.00379015
0.00384951
0.00391942
0.00394324
0.00397864
0.00387074
0.00390148
0.00389047
0.00391575
0.00383785
0.00394708
0.00391911
0.00389091
0.00385114
0.00388686
0.00386653
0.003895
0.00384143
0.00406855
0.00394006
0.00392015
0.00387493
0.00392563
0.00389921
0.00394133
0.00380895
0.00380358
0.00380928
0.00394986
0.00382224
0.00380205
0.00387154
0.00381928
0.00382409
0.00393124
0.00388883
0.00381985
0.00383281
0.00385
0.00384263
0.00385602
0.00381556
0.00382298
0.0039996
0.00387146
0.00383557
0.00383002
0.00385372
0.00385563
0.00382787
0.00388315
0.00398376
0.00389855
0.00384348
0.00386787
0.00387336
0.00394906
0.00461381
0.00419761
0.00434099
0.0044403
0.00448598
0.00429266
0.0044646
0.00424433
0.00403185
0.00395058
0.00398163
0.00391572
0.00398908
0.00396508
0.00394194
0.00392006
0.00416828
0.00397811
0.00395865
0.0040298
0.00410362
0.00400928
0.00406286
0.00395252
0.00429036
0.00398528
0.00415218
0.00396728
0.00417214
0.00408225
0.00408444
0.00403343
0.00413407
0.00426903
0.00439658
0.00401717
0.00408316
0.00417229
0.00406067
0.00418878
0.00405958
0.00393802
0.00398409
0.00411726
0.00400196
0.00396498
0.00404982
0.00401627
0.00430056
0.00437562
0.00400249
0.00419557
0.00426936
0.00419013
0.00423692
0.00411128
0.00412013
0.00403717
0.0039097
0.00392422
0.00406327
0.00405962
0.00398703
0.0039767
0.0106684
0.0102304
0.00735187
0.00686395
0.0100672
0.00943268
0.00751186
0.00754764
0.00933648
0.00880355
0.00600919
0.0070659
0.00855968
0.00812114
0.00693343
0.00647082
0.0064934
0.00551059
0.00625249
0.00603622
0.00614616
0.00535356
0.00594115
0.00571265
0.00543984
0.00608851
0.00537623
0.00443031
0.00534377
0.00604144
0.00507021
0.00545928
0.00938008
0.00711524
0.00679265
0.00687298
0.00713323
0.00711553
0.00704719
0.00684523
0.00862835
0.00684198
0.00569529
0.00619403
0.00680858
0.00671769
0.00637388
0.00610206
0.00641721
0.0060809
0.00652559
0.00583378
0.00626814
0.00635299
0.00624886
0.00631545
0.00637213
0.00607498
0.00686231
0.00563116
0.0062938
0.00653833
0.00607007
0.00672393
0.00375585
0.00375337
0.00375316
0.00377802
0.00376285
0.00375408
0.00376691
0.0037584
0.00375312
0.00375499
0.0037534
0.00376699
0.00375676
0.00375266
0.00375988
0.00375753
0.0037523
0.00375409
0.00375222
0.00376304
0.00375403
0.00375252
0.00375601
0.00375403
0.00379859
0.00379128
0.00378998
0.00384528
0.00380732
0.00378687
0.00382213
0.00380086
0.00375683
0.0037556
0.00378146
0.00377658
0.00376103
0.00376043
0.0037672
0.00376557
0.00375311
0.00376585
0.00375248
0.00375194
0.00375574
0.0037576
0.00375231
0.00375483
0.00375691
0.00378547
0.00378145
0.00377747
0.00376215
0.00376927
0.00376662
0.00377527
0.00375378
0.00377172
0.0037715
0.00375619
0.00375556
0.00376134
0.0037569
0.00376248
0.00916298
0.00765263
0.0102805
0.00777318
0.00799485
0.00785682
0.0087242
0.00850333
0.00731164
0.00746079
0.00764991
0.00614006
0.00686189
0.00689445
0.00664132
0.00680254
0.00997389
0.00780701
0.0106079
0.00596366
0.00898247
0.00865053
0.0085845
0.00840902
0.00579147
0.00561634
0.00606336
0.0047533
0.00564807
0.00566179
0.00515752
0.00561369
0.00738924
0.00931256
0.00744084
0.00653702
0.00759758
0.00824051
0.00713741
0.00743761
0.00737429
0.00649036
0.00766913
0.00920918
0.00756499
0.00707379
0.00871328
0.00785078
0.00868746
0.00670249
0.00597932
0.00596597
0.00666732
0.00679369
0.00636105
0.006292
0.00874526
0.00596623
0.00601627
0.00712754
0.00787495
0.00626003
0.00711862
0.00622533
0.00382066
0.00396562
0.00512628
0.00414778
0.00385514
0.00395822
0.004156
0.00424436
0.00406425
0.00406111
0.00520027
0.0044596
0.0040942
0.00415164
0.00443543
0.0043954
0.00737096
0.00694011
0.00814594
0.00723476
0.00787516
0.00781832
0.00808945
0.00792318
0.00439429
0.00460322
0.00602061
0.00459772
0.00445754
0.00472756
0.00500644
0.00498633
0.00400259
0.00549966
0.00424692
0.00446544
0.0044154
0.00448456
0.004404
0.00457584
0.00411754
0.00466271
0.00568535
0.0059545
0.00443161
0.00456587
0.00569238
0.00567875
0.00632374
0.0046154
0.00486856
0.00614816
0.00603615
0.00478053
0.00612536
0.00499214
0.0067619
0.00679525
0.00492928
0.00626899
0.00773981
0.00702085
0.00657505
0.00629153
0.00375311
0.00375339
0.00375314
0.00376823
0.00375551
0.00375258
0.00375773
0.00375526
0.00375832
0.0037615
0.0037627
0.0037918
0.00376965
0.00376111
0.00377685
0.00377048
0.00375761
0.003762
0.00376207
0.00379152
0.00377024
0.00376094
0.00377673
0.00376942
0.00380399
0.00382256
0.00382209
0.00386808
0.00382776
0.00381978
0.00383866
0.00383182
0.00375852
0.00375658
0.003782
0.00379476
0.00376205
0.0037619
0.00377394
0.00377296
0.00375607
0.00379194
0.00376123
0.00375343
0.00376348
0.00377964
0.00375684
0.00377042
0.00375986
0.00378911
0.00380466
0.00380397
0.00377296
0.00378217
0.00379454
0.00380368
0.00375868
0.00380012
0.00380238
0.00376977
0.00377633
0.00379008
0.00377674
0.00379248
0.00785503
0.00714351
0.00731051
0.00727938
0.00764353
0.00747174
0.00729761
0.00722713
0.00526231
0.00414338
0.00485634
0.00455114
0.00469803
0.00454016
0.00476168
0.00467337
0.00654539
0.00609932
0.00693501
0.00592456
0.00622577
0.00638829
0.00622109
0.00633741
0.00611717
0.00469481
0.00526788
0.00470839
0.00531961
0.0050871
0.00513314
0.00509701
0.00640973
0.00672796
0.00685843
0.00542478
0.00638617
0.00664496
0.00638135
0.00662009
0.0060103
0.00514955
0.00563429
0.00669766
0.00632237
0.0054778
0.00656561
0.00587537
0.0066317
0.00657258
0.00532787
0.00585943
0.00657592
0.00651528
0.00594928
0.00566227
0.00655485
0.00588785
0.00531953
0.00585334
0.00614239
0.00591416
0.00592686
0.00544469
0.00377232
0.00381318
0.00376539
0.00380538
0.00380073
0.00379997
0.00379564
0.00378665
0.00385419
0.00388014
0.00382477
0.00394537
0.00389412
0.00386503
0.00390831
0.00386717
0.00376763
0.00378751
0.00376365
0.0038029
0.00379126
0.00377989
0.00379234
0.00378321
0.0038432
0.00398092
0.00384762
0.00390799
0.00392172
0.00390732
0.00388773
0.00388195
0.00385138
0.00378589
0.00384052
0.00396582
0.00384876
0.00380083
0.00386602
0.00382943
0.00384133
0.00391415
0.00381525
0.00379253
0.00383543
0.00385863
0.00380341
0.00383377
0.00378616
0.00382832
0.00394117
0.00383761
0.00379621
0.00382418
0.00383749
0.00385856
0.00378855
0.003831
0.00390031
0.0038141
0.00380583
0.00383517
0.00383746
0.00385602
0.00381615
0.00412689
0.00530393
0.00406992
0.00388009
0.00441496
0.00408801
0.00452947
0.00429037
0.00430297
0.00535369
0.00447917
0.00429385
0.0045496
0.00454169
0.00460454
0.00884719
0.00790456
0.0109852
0.00870498
0.00865664
0.00938361
0.00928949
0.00913047
0.00485009
0.00469258
0.00746283
0.00561956
0.00472854
0.00510288
0.0061418
0.00574831
0.00417506
0.0057939
0.00415036
0.0045943
0.00466656
0.00479369
0.00463929
0.00478131
0.0046319
0.00482114
0.00657602
0.00696399
0.00482511
0.00489603
0.00649914
0.00636116
0.00726824
0.00493794
0.00497995
0.00790025
0.00736428
0.00513681
0.0069493
0.00534481
0.0079221
0.00790927
0.00498806
0.00724921
0.0086066
0.00766755
0.00746747
0.00642392
0.00377656
0.00384056
0.00377374
0.0038263
0.00381568
0.00382293
0.00379096
0.00380302
0.00392833
0.00401273
0.00386935
0.00405262
0.00399327
0.00398881
0.00395614
0.00396473
0.00377197
0.00380839
0.00377197
0.00380324
0.0037906
0.00379827
0.00378611
0.00379364
0.0038599
0.00402118
0.00383918
0.00392063
0.00391372
0.00392909
0.00386001
0.00387865
0.00389049
0.00379355
0.00388436
0.00399631
0.00385719
0.00381854
0.00394692
0.00388717
0.00390561
0.00399661
0.00385392
0.0038033
0.0038775
0.00389913
0.00381603
0.00384719
0.00378766
0.00382751
0.0038989
0.00381947
0.00380643
0.00384164
0.00382246
0.00385574
0.00379656
0.00382937
0.00391741
0.00384226
0.00380944
0.00383886
0.00383323
0.0038578
0.00376208
0.00376216
0.00376185
0.0037969
0.00376976
0.00376103
0.00378054
0.00377425
0.00376211
0.00376065
0.00376019
0.00379006
0.00376962
0.00376059
0.00377705
0.00377036
0.00375777
0.00375271
0.0037538
0.00377217
0.00375662
0.00375285
0.00376209
0.00375608
0.00383014
0.00381965
0.00380574
0.00385458
0.0038313
0.00381968
0.00383557
0.00382512
0.0037698
0.00376946
0.00380605
0.00380193
0.00377978
0.00378345
0.00379456
0.00379556
0.00376085
0.00379187
0.0037599
0.00376065
0.00377352
0.003781
0.00376179
0.0037682
0.00377569
0.00381364
0.00380529
0.00379314
0.00378767
0.00380386
0.00378834
0.00380642
0.00376809
0.0037848
0.00379622
0.00376348
0.00376738
0.00377885
0.00377026
0.00378053
0.00530329
0.00458624
0.00458788
0.00489368
0.00502706
0.0047977
0.00491986
0.004689
0.00424976
0.0041168
0.00400555
0.00416728
0.00417379
0.00413152
0.00411934
0.00407494
0.00414663
0.00404407
0.00399235
0.00408834
0.00411308
0.00407397
0.0040688
0.00402037
0.00445731
0.00418824
0.00413003
0.00440587
0.00436197
0.00429239
0.00429392
0.00419069
0.00448085
0.0044375
0.00459223
0.00423956
0.00437567
0.00454831
0.00436813
0.00454664
0.00439232
0.00420353
0.00408561
0.00434349
0.00427702
0.00417873
0.00425192
0.00412647
0.00429318
0.00448945
0.00414522
0.00414487
0.00441835
0.00443911
0.00421351
0.0042688
0.00419609
0.0040821
0.00409326
0.00402375
0.00414699
0.00415032
0.00406452
0.0040482
0.00377443
0.00380334
0.00380708
0.00380194
0.00378668
0.00379486
0.00379955
0.00380673
0.00385125
0.00394985
0.00398451
0.00402823
0.00389954
0.00392751
0.00396533
0.00399354
0.00385438
0.00395095
0.00409097
0.00411532
0.00388208
0.00390858
0.00405471
0.00408228
0.00385185
0.0040186
0.00411717
0.00426777
0.00389695
0.00391975
0.00410496
0.00414674
0.00382146
0.00382151
0.00381788
0.00390145
0.00383983
0.0038222
0.00384537
0.00382731
0.00383349
0.00393188
0.00391635
0.00383378
0.00385235
0.0038993
0.00385599
0.00388986
0.00384437
0.00384209
0.0039639
0.00404952
0.00385415
0.00385087
0.00388217
0.00388928
0.00385439
0.00407172
0.00399786
0.0039498
0.00388331
0.00390575
0.00392792
0.00397623
0.0093336
0.00796024
0.0110691
0.0071738
0.00851765
0.00922146
0.0083377
0.0089366
0.00496948
0.00386396
0.00444803
0.00467275
0.00461008
0.00443632
0.00485393
0.00450151
0.0137647
0.0056845
0.0141
0.00733619
0.0102893
0.0113445
0.009615
0.00979805
0.00615843
0.00481856
0.00553346
0.00456688
0.00556626
0.00560397
0.00501037
0.00488856
0.00658288
0.00944242
0.00734371
0.00595223
0.00674977
0.00818198
0.00689435
0.00750037
0.00612258
0.0057437
0.00558431
0.0105505
0.00628437
0.00586925
0.0064177
0.00567066
0.00929847
0.00713534
0.00547538
0.00654246
0.0076003
0.0071057
0.00680863
0.00638502
0.0102182
0.00619899
0.005202
0.00544476
0.00790809
0.00691395
0.00548055
0.00561192
0.004994
0.00512664
0.00463085
0.00455628
0.00488739
0.00496231
0.0047949
0.0048692
0.00582859
0.00769885
0.00545799
0.00605846
0.0061872
0.00669287
0.00585776
0.00649248
0.00441388
0.00495983
0.0042856
0.00432952
0.0045928
0.00480029
0.00446467
0.00467246
0.00430122
0.00526728
0.00428434
0.00460642
0.00444236
0.00481742
0.00436144
0.00484908
0.00505156
0.00470027
0.00447488
0.00529311
0.00498066
0.00475962
0.00507978
0.0046719
0.00525543
0.00566102
0.00527701
0.00488064
0.00517799
0.00536516
0.00496397
0.0049706
0.0045025
0.00435987
0.0050841
0.00425946
0.00432096
0.00453509
0.00439473
0.00466101
0.00473649
0.00462798
0.00558391
0.00527306
0.00470557
0.00468243
0.00488251
0.00488037
0.0037727
0.00377005
0.00381192
0.00382301
0.00378175
0.00378231
0.00379777
0.00379609
0.00375947
0.00375631
0.00377766
0.00379113
0.00376352
0.00375939
0.00377421
0.00376869
0.00385541
0.00382354
0.00391822
0.00394535
0.00387308
0.00386319
0.00390677
0.00389555
0.00392288
0.00384526
0.00396867
0.00412537
0.00392537
0.00387709
0.00399363
0.00391044
0.00377521
0.00382234
0.00383146
0.00381148
0.00378654
0.00380495
0.00380073
0.0038217
0.00376801
0.0038037
0.00379365
0.00381153
0.00377978
0.00378867
0.00379061
0.00380055
0.00384642
0.00387126
0.0038255
0.00393484
0.00388348
0.00384767
0.00389463
0.00385631
0.00383314
0.00390216
0.00381759
0.00380911
0.00384823
0.00386974
0.00381569
0.00383293
0.00376173
0.00376072
0.00376027
0.00380092
0.00377333
0.00376064
0.00378544
0.00377139
0.00375875
0.00375397
0.00375598
0.00378185
0.00376419
0.00375403
0.00377018
0.00376015
0.00375465
0.00375474
0.00375509
0.00377231
0.00376049
0.00375453
0.00376437
0.00375975
0.00384287
0.00381816
0.00381014
0.00388183
0.0038526
0.0038201
0.00385917
0.00382832
0.00377112
0.00376906
0.00381355
0.00379992
0.0037808
0.00378009
0.00379264
0.00379249
0.00375991
0.00378406
0.0037545
0.00375738
0.00376819
0.00377274
0.00375685
0.00376284
0.00377396
0.0038229
0.00380673
0.00379856
0.00378493
0.00380069
0.00379148
0.00380672
0.00376377
0.00378471
0.00379026
0.00375935
0.00376484
0.00377542
0.0037651
0.00377601
0.00502608
0.00509971
0.00571441
0.00490369
0.00517828
0.00545087
0.00517346
0.00532262
0.0049031
0.00465547
0.00560701
0.00453088
0.00468812
0.00480084
0.0046516
0.00478794
0.00885558
0.00795283
0.01285
0.01065
0.00950766
0.0102927
0.0111062
0.0111675
0.00470077
0.00468859
0.00820574
0.00479818
0.00486008
0.00572854
0.00493278
0.00609272
0.00483435
0.00592199
0.00476892
0.00463616
0.00478951
0.00518882
0.00464602
0.00515935
0.00510469
0.00499276
0.00648133
0.00674312
0.00505946
0.00502695
0.00557119
0.00589407
0.0066042
0.00478501
0.00477694
0.00842484
0.00652534
0.00548736
0.00736717
0.00575615
0.00767898
0.00920464
0.0051447
0.00697977
0.00838639
0.00838538
0.00660522
0.00635446
0.0264518
0.0343269
0.0209431
0.0361846
0.0258496
0.0239012
0.0232258
0.0219687
0.0376454
0.0400039
0.0281388
0.0328296
0.0373993
0.0340346
0.0331502
0.0313709
0.0123593
0.0177516
0.0095004
0.0240949
0.0120676
0.0114969
0.0103091
0.00981336
0.0585154
0.0348054
0.0424321
0.0416056
0.0456085
0.0397033
0.0459425
0.0416151
0.0341546
0.0193985
0.0342924
0.0366159
0.0310368
0.0210727
0.0364243
0.0330691
0.0314606
0.0334008
0.0217947
0.0171656
0.0289827
0.0266751
0.0234414
0.0239631
0.017188
0.0340847
0.0349539
0.0286689
0.0300567
0.0326517
0.0299986
0.0320772
0.0154684
0.0263546
0.0331327
0.0195962
0.0141461
0.026569
0.0207618
0.0299216
0.0356057
0.0238171
0.0353487
0.0347858
0.0314154
0.0273239
0.0349726
0.0310603
0.0168835
0.0106855
0.0169235
0.0293756
0.0169013
0.012246
0.0195913
0.0143088
0.0298949
0.0263775
0.0349424
0.0444525
0.0310958
0.0292511
0.033436
0.031692
0.0378664
0.0428361
0.0468738
0.0350453
0.0391426
0.0435389
0.0380037
0.0472276
0.0209799
0.0304738
0.0347545
0.0333681
0.023699
0.0270543
0.0301148
0.0329138
0.0186273
0.0330442
0.0199807
0.0248056
0.0206879
0.0221452
0.0227313
0.024112
0.0343321
0.0373563
0.036214
0.0416878
0.0378717
0.035928
0.0405762
0.0391653
0.0275843
0.0425796
0.0362018
0.0229786
0.0300575
0.0400686
0.0275412
0.0379995
0.0132205
0.0211197
0.0175308
0.0505655
0.0180271
0.0193649
0.0173332
0.0189777
0.0237685
0.0238948
0.0183736
0.0373895
0.0222302
0.0222813
0.0202765
0.0201153
0.0108847
0.0114007
0.0077507
0.0254264
0.0110258
0.00954955
0.00949578
0.00789341
0.0439652
0.0556295
0.0493309
0.045951
0.0494804
0.0578241
0.0539746
0.0553305
0.0269287
0.0187462
0.0521521
0.0373748
0.0239745
0.0232402
0.0540006
0.051542
0.0220868
0.0383503
0.0161692
0.015667
0.0186985
0.0186524
0.0170491
0.0167748
0.0156559
0.0483905
0.0380351
0.0319619
0.0402692
0.0455533
0.0350204
0.0386883
0.0130981
0.0292036
0.037392
0.0135189
0.0132424
0.0308345
0.0145962
0.0332613
0.00294243
0.0125132
0.0126406
0.0190346
0.00471179
0.00953079
0.00958042
0.013106
0.0222793
0.0330499
0.0259996
0.0399164
0.026602
0.0315136
0.0246885
0.0283887
0.013879
0.0174183
0.0109633
0.0283168
0.0149391
0.0152502
0.0134898
0.0120781
0.0323706
0.0471883
0.0478667
0.0358662
0.0393271
0.0477712
0.0419181
0.0468193
0.0166663
0.014755
0.0232055
0.0350138
0.0167254
0.016379
0.0277769
0.026882
0.020958
0.0383192
0.0236194
0.0173157
0.0195005
0.0226572
0.0188951
0.0209937
0.0134609
0.0256009
0.0351955
0.0336687
0.0295174
0.0291595
0.0339813
0.0346715
0.0148325
0.0322596
0.0377482
0.0199369
0.0170449
0.0345095
0.0188186
0.0372075
0.0142459
0.0136994
0.0124235
0.00452632
0.00845971
0.012081
0.00720114
0.0106779
0.0156364
0.0226322
0.0169179
0.00705569
0.0102629
0.0191765
0.00867624
0.0157133
0.010387
0.0110707
0.00643432
0.00403368
0.00648246
0.0083788
0.00425305
0.00614324
0.00381158
0.00394496
0.00376146
0.00376651
0.00380998
0.00380452
0.0037716
0.00377799
0.00922129
0.00729288
0.00416276
0.00456597
0.0075066
0.00763939
0.00494553
0.00449151
0.0134102
0.00601541
0.013894
0.0111266
0.0115599
0.00877187
0.0129571
0.0082246
0.0058981
0.00394225
0.00404748
0.0037977
0.00409977
0.00422638
0.00385247
0.00389141
0.00921852
0.00416716
0.00580824
0.0105559
0.00701768
0.00471154
0.00685423
0.00524758
0.0152818
0.0123356
0.0119783
0.0088203
0.0110645
0.0128257
0.00958516
0.0100716
0.0105852
0.0115625
0.00982551
0.00462823
0.00872341
0.0100896
0.00761
0.0082061
0.0101804
0.00900783
0.00707982
0.00406535
0.00726329
0.00878738
0.00581797
0.00627456
0.0041158
0.00388555
0.00377199
0.00376878
0.0038631
0.00383923
0.00379692
0.00377648
0.00908365
0.00922142
0.00648893
0.00506424
0.00791459
0.00852227
0.0058943
0.00639917
0.0102515
0.00500826
0.00926437
0.0107033
0.00799839
0.00726434
0.00956528
0.00778159
0.0079955
0.00585418
0.00481362
0.00422713
0.00516358
0.00554437
0.00444929
0.00507043
0.0085326
0.00409109
0.0045103
0.0073051
0.0068244
0.00454164
0.00664487
0.00447446
0.00376086
0.00376064
0.00376069
0.00379674
0.00377204
0.00376077
0.00378275
0.00377143
0.00375833
0.00375875
0.00375695
0.00378506
0.00376351
0.00375445
0.00377341
0.00376023
0.00376063
0.00376017
0.00375985
0.003793
0.00376969
0.00376044
0.00378086
0.00377121
0.00385187
0.00382944
0.00384371
0.00423483
0.00386704
0.00383064
0.00393362
0.00385693
0.00377099
0.00377063
0.00381038
0.00380258
0.00378266
0.00377966
0.00379401
0.00379202
0.00376012
0.0037863
0.00375627
0.00375909
0.0037702
0.00377496
0.00376013
0.00376798
0.00378094
0.00382412
0.00381545
0.00381994
0.00379281
0.0038051
0.00380391
0.00381465
0.0037703
0.0038049
0.0037985
0.00376578
0.00377691
0.00378903
0.00377863
0.00378822
0.00687511
0.00820976
0.00679484
0.00584331
0.00693048
0.00729541
0.00621782
0.0070368
0.0107365
0.0115011
0.0115991
0.00930252
0.0125416
0.012595
0.00990303
0.0103618
0.0074738
0.00900773
0.00801139
0.00655704
0.00830907
0.00878369
0.00696498
0.00755196
0.00476206
0.00603896
0.00571449
0.00565288
0.00539025
0.00558374
0.00537665
0.00559842
0.00854578
0.00736036
0.005513
0.0073898
0.00692632
0.00651376
0.00649261
0.00573715
0.00886197
0.00761196
0.00959435
0.00795959
0.00784036
0.00856226
0.00927088
0.00896488
0.00619676
0.00501167
0.0060466
0.00575062
0.00585299
0.00534944
0.00621562
0.00564738
0.00703174
0.00610499
0.00626831
0.00817627
0.007039
0.00663032
0.00735433
0.00667551
0.00595999
0.0056931
0.00521241
0.00503421
0.00553079
0.00555494
0.00540309
0.00534516
0.00515139
0.00514818
0.00467377
0.00450328
0.0048004
0.00481663
0.00458515
0.00465042
0.00465268
0.00453279
0.00448819
0.00425234
0.00444962
0.00448573
0.00439608
0.00444609
0.00441889
0.00421836
0.00408998
0.00403357
0.00421602
0.00418805
0.0041568
0.00412687
0.00516947
0.00490424
0.00475858
0.00439434
0.00490964
0.0049377
0.00478456
0.00477109
0.00501807
0.00440258
0.0045047
0.00486501
0.00481226
0.0045022
0.0047442
0.00443059
0.00481332
0.00464395
0.0042855
0.00422839
0.00457386
0.00460431
0.00427264
0.00427169
0.00473973
0.00424487
0.00431576
0.00445063
0.00439217
0.00429376
0.00438793
0.00433509
0.00739254
0.00611698
0.00706552
0.00694464
0.00682197
0.00651012
0.00700187
0.00672866
0.00573609
0.00654254
0.00600054
0.00622798
0.0057447
0.00605398
0.00601573
0.00611308
0.00596913
0.00513273
0.00421649
0.00461891
0.00531253
0.00508435
0.00460904
0.00460882
0.00734046
0.00725528
0.00533515
0.0079726
0.00743579
0.00719815
0.00711742
0.007052
0.00598627
0.00705384
0.00687812
0.00637622
0.00633099
0.00652163
0.00644656
0.00668203
0.00593746
0.00625061
0.00594822
0.0069709
0.006197
0.00606122
0.00679755
0.00617635
0.00715352
0.00709169
0.00662033
0.00517119
0.00663726
0.00681412
0.00587492
0.00656569
0.00682639
0.00514733
0.0063143
0.00569968
0.00597914
0.00560503
0.00589704
0.00570487
0.032377
0.0323236
0.03265
0.0233235
0.0305172
0.0338396
0.0299024
0.030943
0.0303641
0.0372137
0.0253162
0.0244747
0.0277629
0.0320539
0.0253003
0.0294233
0.0198845
0.0156476
0.01029
0.00910107
0.0114197
0.0121713
0.00970443
0.0113372
0.01283
0.0135767
0.00888112
0.00733016
0.00936241
0.0120815
0.00856463
0.0108568
0.0279938
0.0227454
0.0188836
0.0181478
0.0256606
0.0239735
0.0211537
0.0208961
0.0294353
0.021195
0.02086
0.0242853
0.0263022
0.0221928
0.0253582
0.0186902
0.0208237
0.0176857
0.0163082
0.00963661
0.0170669
0.0184163
0.0114436
0.0141242
0.0212694
0.0107703
0.0192001
0.0183676
0.0139375
0.0125185
0.0161045
0.0146918
0.00375622
0.0037553
0.00375524
0.00378675
0.0037619
0.00375481
0.00376641
0.00376173
0.00379542
0.00493472
0.00498292
0.00734642
0.00428237
0.00430411
0.00546202
0.00652256
0.00380422
0.00502228
0.00487777
0.00681435
0.00443241
0.00439463
0.00537982
0.00621805
0.00436375
0.00886167
0.00834351
0.0099023
0.00579575
0.00621124
0.00764338
0.00929101
0.00379435
0.00380199
0.00400552
0.00496014
0.00386555
0.00385467
0.00395142
0.00394268
0.00377993
0.00534146
0.00439663
0.00378364
0.00387505
0.00464101
0.00380193
0.00440728
0.00387789
0.00417088
0.00671659
0.00644302
0.00398092
0.00415633
0.00492991
0.00542801
0.00387904
0.00788892
0.00827865
0.00650101
0.00465702
0.00526898
0.00550061
0.00731567
0.00692806
0.00589659
0.00876724
0.00594485
0.00665877
0.00751059
0.00675938
0.00723118
0.00443228
0.00421164
0.00513758
0.00445787
0.00432487
0.00438403
0.00473733
0.0047953
0.0125664
0.00622893
0.00695793
0.00778234
0.00795702
0.00651902
0.00825517
0.00713229
0.0056545
0.00498171
0.0086286
0.00753099
0.00698892
0.00589823
0.0102955
0.00862113
0.00495217
0.00975524
0.00524333
0.00481794
0.00717023
0.0077899
0.00549044
0.00631396
0.00487098
0.00481353
0.0058665
0.0114189
0.00644917
0.00501331
0.00801477
0.00632416
0.0142269
0.00628338
0.00560096
0.010487
0.00944746
0.00750378
0.00897504
0.00640653
0.0125045
0.00852426
0.00535265
0.00616506
0.00763564
0.00774688
0.00660953
0.00586966
0.0295143
0.021208
0.02326
0.0287266
0.0268604
0.0264196
0.0291
0.0265508
0.0120515
0.0101522
0.000447068
0.00444755
0.00600267
0.00477353
0.00353418
0.00146744
0.00904483
0.00104839
0.00211787
0.00165652
0.00188034
0.00129303
0.00166818
0.00146527
0.0216364
0.00732833
0.00329297
0.00991381
0.0105437
0.00750694
0.00794887
0.00581357
0.0149869
0.014752
0.0197964
0.00702604
0.015738
0.0183399
0.0155934
0.0181023
0.0135853
0.00478214
0.00123781
0.0124898
0.012904
0.00409008
0.0103854
0.0023749
0.0139452
0.0212408
0.00592208
0.00299108
0.0152299
0.0176844
0.00419928
0.00662738
0.0114913
0.00215513
0.00439392
0.00116251
0.00233975
0.00255245
0.00161487
0.00178229
0.00908411
0.0100438
0.0248268
0.00453823
0.00884329
0.00989445
0.0069164
0.00803592
0.0103013
0.00393904
0.0181079
0.00483669
0.00267712
0.00683518
0.00898645
0.0116618
0.0396192
0.0280654
0.0321048
0.0226166
0.0316652
0.0332923
0.0300216
0.0296036
0.000852045
0.00273339
0.011732
0.00802952
0.000724964
0.00234479
0.00405745
0.00498248
0.00824706
0.0262172
0.00331382
0.00228249
0.0085837
0.00796917
0.00354974
0.00533896
0.0102292
0.00518361
0.0214828
0.0286717
0.011281
0.00884129
0.0271866
0.0204957
0.0241206
0.00261937
0.00329598
0.014251
0.0181701
0.00465383
0.0146511
0.00321853
0.025298
0.0152353
0.00599443
0.0199287
0.0214867
0.0170192
0.0194466
0.0159654
0.00375686
0.00379094
0.00375564
0.00375518
0.00376109
0.00376689
0.00375471
0.00376199
0.00433711
0.00974825
0.00807553
0.00877383
0.00578645
0.00740276
0.00617552
0.00883671
0.00381366
0.00701186
0.00475975
0.00503491
0.00447083
0.00564814
0.00440717
0.00622991
0.00379601
0.00733586
0.00497911
0.0049641
0.00429434
0.00546475
0.00431834
0.0065245
0.00398511
0.00380312
0.00379484
0.00498837
0.00394766
0.00385008
0.00398232
0.00386482
0.00421724
0.00668652
0.00628537
0.00391301
0.00423079
0.00538668
0.00408839
0.00494049
0.00378442
0.00378013
0.00534437
0.00439739
0.0038018
0.00387452
0.0044109
0.00464995
0.0039102
0.00648011
0.00822724
0.00759901
0.00464818
0.00549082
0.00522795
0.00724471
0.042853
0.0283812
0.0275363
0.0355299
0.0364657
0.0355953
0.0379309
0.0351106
0.0134835
0.00821006
0.000941571
0.00595834
0.0052931
0.0037289
0.00451767
0.00279542
0.00909913
0.00140442
0.00279333
0.00266476
0.00223607
0.00171212
0.0024603
0.00244687
0.025928
0.00915779
0.00467944
0.00972419
0.00899205
0.00686973
0.0083644
0.00705556
0.0191252
0.0173944
0.0255174
0.00837946
0.0192779
0.022441
0.0192043
0.0232768
0.0166341
0.00590632
0.00174791
0.0140423
0.0150848
0.00500955
0.0109987
0.00294779
0.0160911
0.0270442
0.00687262
0.00416277
0.0171809
0.0229928
0.00427147
0.00617755
0.0125259
0.00370614
0.00527755
0.00173801
0.00271206
0.0030352
0.0022357
0.00278915
0.0145479
0.0139894
0.0123228
0.00463993
0.00919761
0.012318
0.00731085
0.010749
0.0159639
0.0222637
0.0167476
0.00786232
0.00966341
0.0189398
0.00832584
0.0157513
0.0103976
0.0110685
0.00647526
0.00394684
0.00621638
0.00831024
0.00412387
0.00608579
0.00390222
0.00531526
0.003776
0.00381608
0.00401966
0.00422954
0.00381961
0.00388993
0.00988601
0.00697239
0.00455697
0.00513332
0.00825006
0.00787189
0.00559145
0.00488686
0.0138022
0.00576046
0.0136272
0.0113341
0.0116457
0.00848086
0.0131661
0.00793356
0.00585016
0.00404836
0.00435749
0.00379445
0.00402629
0.00429479
0.00385727
0.0040057
0.00932059
0.00402454
0.00530905
0.0104268
0.0067971
0.00432292
0.00663184
0.00487083
0.0154681
0.0130288
0.0119959
0.0110776
0.0116095
0.0130161
0.0103233
0.0104374
0.0116568
0.0126877
0.0102818
0.00523423
0.00910425
0.0108191
0.00795549
0.00852739
0.0102348
0.009083
0.00716184
0.00406663
0.00735513
0.00890903
0.0059062
0.00632791
0.00570488
0.00422395
0.00378241
0.00382095
0.00424599
0.00412612
0.00389509
0.00381122
0.00943875
0.00930664
0.00714047
0.00533573
0.00826108
0.00856497
0.00601853
0.00622437
0.0110977
0.00515367
0.00938262
0.0107975
0.00836815
0.00744318
0.00991051
0.00786065
0.00806056
0.0063665
0.00496712
0.00419691
0.00512515
0.00558512
0.00445928
0.00534736
0.0085583
0.00407392
0.00456171
0.00736528
0.00687214
0.00449475
0.00674852
0.00444354
0.00479718
0.0079894
0.0048757
0.00376264
0.00444922
0.00600493
0.003899
0.00458525
0.00998852
0.012738
0.0107775
0.00418824
0.00723115
0.00972905
0.00543624
0.00761986
0.00493322
0.00876124
0.00433699
0.00377312
0.00486488
0.00641189
0.0040142
0.00432143
0.00375434
0.00380496
0.00375661
0.00376036
0.00376245
0.00377325
0.00375665
0.00376878
0.00571045
0.0048165
0.00376372
0.00389295
0.00426346
0.00446553
0.00390841
0.00381611
0.00754812
0.00400953
0.00808585
0.00665973
0.00587786
0.00568553
0.00870885
0.00625877
0.00399771
0.0037553
0.0037983
0.00375607
0.0037633
0.00376705
0.00376357
0.00377548
0.00493047
0.00377506
0.00392024
0.00630618
0.00469583
0.00382952
0.00447487
0.00392246
0.0133176
0.0187152
0.0153233
0.0074519
0.0110569
0.0155242
0.0115018
0.01377
0.0503217
0.0963545
0.20467
0.0613833
0.0665395
0.102663
0.069745
0.119855
0.0189932
0.327602
0.0908241
0.0508626
0.0689268
0.184465
0.0662322
0.199333
0.017851
0.0596568
0.0596401
0.00974069
0.036016
0.0673541
0.0270478
0.0657215
0.0269273
0.0139338
0.0114536
0.0492426
0.0286893
0.0246169
0.0327544
0.0255778
0.0432369
0.0666703
0.220331
0.0326538
0.046743
0.0794558
0.0509369
0.0891098
0.0139461
0.0105099
0.0504725
0.034517
0.0207245
0.0279772
0.0430061
0.0472182
0.0327501
0.0735708
0.0725591
0.284268
0.0649717
0.073985
0.0818085
0.0799378
0.0207483
0.0175032
0.00934257
0.0176626
0.0188766
0.013871
0.0168711
0.0131081
0.0180678
0.0170298
0.00877284
0.0154924
0.0170538
0.0126192
0.0148687
0.0117502
0.0097341
0.00999291
0.0121601
0.0125892
0.0134023
0.0110581
0.0140944
0.0147136
0.0156108
0.014423
0.0104933
0.0133027
0.0148703
0.0119431
0.0131054
0.0113019
0.0169967
0.00979912
0.0166271
0.0153905
0.0153654
0.0128976
0.0163384
0.0131647
0.0128787
0.0128206
0.00914931
0.00934237
0.0120287
0.0125255
0.0111788
0.0109859
0.00967104
0.015143
0.0141379
0.0103567
0.0101149
0.0126646
0.0106393
0.0121293
0.00949964
0.0101987
0.0125032
0.00955866
0.0098664
0.0101094
0.0106219
0.0107954
0.00377113
0.00380108
0.00376555
0.0038024
0.00379257
0.00378942
0.00378634
0.00378462
0.00386376
0.00396768
0.00389407
0.00408635
0.00394785
0.00393709
0.00392217
0.00397671
0.00377119
0.00383995
0.00377436
0.00381784
0.0038016
0.00382002
0.00379113
0.0038124
0.00384915
0.00402399
0.00390572
0.00413342
0.00389959
0.00395225
0.00389494
0.00398951
0.0038393
0.00378954
0.0038334
0.00395426
0.00382907
0.00380242
0.00386203
0.00384068
0.00384733
0.00403139
0.00387423
0.00379498
0.00383617
0.0038672
0.00380681
0.00384591
0.00378527
0.00382219
0.00390641
0.00382089
0.00380215
0.00382693
0.00383446
0.00385337
0.00378961
0.00386957
0.00404372
0.00389274
0.00381346
0.00387204
0.00383909
0.00393558
0.00753398
0.00744456
0.00714137
0.00775559
0.00739012
0.00731001
0.00716562
0.00703743
0.00670102
0.00551611
0.00620239
0.00579374
0.0064951
0.00621038
0.00637338
0.00628353
0.00671072
0.00626792
0.00683847
0.00589472
0.00626659
0.00615175
0.0061146
0.00611797
0.00612451
0.00510991
0.00548491
0.00474705
0.00552871
0.00546568
0.0053891
0.00544729
0.00772865
0.00715339
0.00761508
0.00641431
0.00746211
0.00734966
0.00763087
0.00755589
0.00708877
0.00627357
0.00641565
0.00691491
0.00712334
0.00662642
0.00694535
0.00664209
0.00700196
0.00705111
0.00605462
0.00593707
0.00708927
0.00717305
0.00628691
0.00616859
0.0067415
0.00598784
0.00615699
0.00630692
0.00627832
0.00613461
0.00634606
0.00612404
0.0180421
0.0138086
0.0141194
0.00501206
0.0109722
0.0138112
0.00974372
0.0120038
0.0130251
0.0148497
0.0134561
0.00527742
0.0107168
0.0129874
0.0102859
0.0115701
0.0125828
0.0128267
0.0126172
0.00469517
0.00893253
0.0118809
0.00791367
0.010553
0.00387684
0.00398915
0.00381357
0.00377346
0.00386768
0.00391058
0.00380259
0.00381405
0.0100329
0.00942479
0.00480901
0.00498063
0.00933433
0.00892109
0.005393
0.00510556
0.0121543
0.00513669
0.0123188
0.0120666
0.0106712
0.00924359
0.0121052
0.00983026
0.008548
0.00456125
0.0048641
0.00443983
0.0048939
0.00485044
0.00468705
0.00471993
0.0107437
0.00466234
0.00494232
0.0108451
0.00839554
0.00494295
0.00914447
0.00504313
0.00895691
0.00977951
0.00649978
0.00686487
0.00807964
0.00754018
0.00688289
0.00661379
0.0122282
0.0151858
0.00816944
0.00883668
0.0125937
0.0117704
0.00873071
0.00889895
0.00618584
0.00682968
0.00650672
0.00624999
0.00592629
0.00592118
0.00611953
0.00601114
0.0063686
0.00676404
0.00631651
0.00517311
0.00658802
0.00683757
0.00607441
0.00636785
0.00985051
0.00611757
0.00676167
0.00747864
0.00703413
0.00626074
0.00678174
0.00642598
0.00924698
0.00721207
0.00634839
0.00592236
0.00713703
0.00695981
0.00655118
0.00648022
0.00629635
0.00649836
0.0069025
0.00630576
0.0063479
0.00632414
0.00629912
0.00648665
0.00606882
0.00622361
0.00685644
0.00600725
0.00598814
0.00615648
0.00610457
0.00641291
0.014349
0.0203225
0.00866262
0.0138911
0.0147267
0.0138509
0.0134738
0.0128998
0.0200071
0.0176212
0.00771959
0.016433
0.0184993
0.0130584
0.0155105
0.012068
0.0125593
0.0098301
0.012907
0.0140651
0.0142814
0.0114686
0.0148225
0.0158825
0.0126379
0.0146295
0.0109501
0.0115048
0.0124009
0.0124156
0.0111939
0.0116488
0.0195836
0.00967574
0.0133682
0.0162562
0.0171921
0.013518
0.0182267
0.0141273
0.0143512
0.0138035
0.00878912
0.00969928
0.013296
0.0134242
0.0104671
0.0110043
0.0094398
0.012789
0.0148795
0.0109235
0.0103439
0.0135578
0.0111651
0.0129042
0.0100391
0.0111906
0.0132749
0.00969127
0.01013
0.010479
0.0107732
0.0109945
0.0187618
0.0148914
0.015032
0.00508092
0.0114888
0.0147753
0.010118
0.0126855
0.0141684
0.0151028
0.0145397
0.00516186
0.0114588
0.0138237
0.0109573
0.0123031
0.0134369
0.0138209
0.0135339
0.00476572
0.00941192
0.012747
0.00824141
0.0111811
0.00388094
0.00394703
0.00381821
0.00377396
0.0038714
0.00391025
0.00380628
0.00381869
0.0106502
0.009831
0.00481007
0.00494862
0.00984697
0.0092701
0.00545713
0.00510479
0.0131727
0.00515141
0.013231
0.0129449
0.011452
0.00987819
0.0130829
0.0104759
0.00881064
0.00452551
0.00482303
0.00445297
0.00480354
0.00481263
0.00468814
0.00471373
0.0113696
0.00470864
0.00497205
0.0114969
0.00881263
0.00495335
0.00966022
0.00510292
0.0164148
0.0233787
0.0106198
0.0165533
0.0171681
0.0161445
0.01566
0.0148376
0.0239402
0.0216224
0.0166146
0.0170657
0.0212585
0.0173092
0.0179909
0.0157963
0.018659
0.0250702
0.0342515
0.0168386
0.0181893
0.0285275
0.0188458
0.0283949
0.0156085
0.0155852
0.012271
0.0134979
0.0150208
0.0133488
0.0131427
0.0123634
0.0222876
0.0123104
0.0165663
0.0179962
0.0197512
0.0152426
0.020512
0.0157656
0.0174723
0.0151327
0.0186441
0.0136572
0.0160039
0.0156574
0.016491
0.0157664
0.0121824
0.0152546
0.0159676
0.0127294
0.0123382
0.014919
0.01309
0.0139754
0.0135634
0.0140208
0.0142457
0.0187299
0.0139761
0.0139275
0.0156715
0.014737
0.00776387
0.0102986
0.00885318
0.00656021
0.00786932
0.00841771
0.00689626
0.00815672
0.0141378
0.00962962
0.0135388
0.0111043
0.0117293
0.0122913
0.0124384
0.0124142
0.0090045
0.010803
0.00908709
0.00713153
0.00878669
0.00961044
0.00813733
0.00905553
0.00530584
0.00893125
0.00591153
0.00672867
0.00857327
0.0082699
0.00607069
0.00622585
0.011948
0.00888097
0.00626725
0.0112772
0.00858578
0.00763424
0.00811821
0.00644014
0.0122963
0.0120343
0.0129441
0.0100316
0.0102345
0.0132872
0.0122754
0.0122913
0.00740601
0.00545997
0.00913825
0.00605957
0.00667587
0.0058334
0.00773595
0.00860801
0.00884992
0.00648906
0.00980177
0.0107449
0.00844917
0.0078965
0.00969879
0.00909541
0.0162816
0.0149376
0.0150441
0.00469177
0.011138
0.0147632
0.00944035
0.0128069
0.0125578
0.0161117
0.0132551
0.00496048
0.00952626
0.0123251
0.00893349
0.0110487
0.0130289
0.0122063
0.0117078
0.00448549
0.00750233
0.0107942
0.00657742
0.00951676
0.00386095
0.00390991
0.00381167
0.00377191
0.00385399
0.00387761
0.00380675
0.00381055
0.00937135
0.00898472
0.00473965
0.0048871
0.00876247
0.00855479
0.00522343
0.00480851
0.011981
0.00485353
0.0111269
0.0121485
0.0103883
0.00786177
0.0119736
0.00836241
0.00823476
0.00454064
0.00471822
0.00439598
0.00460604
0.00466282
0.00447834
0.00460012
0.0108386
0.00441297
0.00468097
0.00981592
0.00704879
0.00453178
0.00771248
0.00470603
0.0170961
0.0173958
0.00849826
0.01607
0.0165684
0.0134295
0.015138
0.0127973
0.0180625
0.0171606
0.00888436
0.0159866
0.0172538
0.0130183
0.0153862
0.0122116
0.00900878
0.00979164
0.010657
0.0125899
0.0129441
0.0107888
0.01388
0.014443
0.0154279
0.0154788
0.0107107
0.013971
0.0152157
0.0123677
0.0136885
0.0117841
0.0171149
0.00916601
0.015862
0.0162211
0.0157534
0.0127897
0.0168486
0.0131838
0.0128236
0.0129653
0.00920374
0.00871683
0.012068
0.0125159
0.0106029
0.0109276
0.00916285
0.0147537
0.0150345
0.010423
0.00983903
0.0127583
0.0106378
0.0124064
0.00906731
0.0102672
0.0126741
0.0101019
0.00978893
0.0100833
0.0107454
0.0109236
0.00543932
0.00570254
0.00472092
0.00510285
0.00523443
0.00519751
0.00507824
0.00502672
0.00689434
0.00713895
0.0067042
0.00735773
0.00722789
0.00715049
0.00699325
0.00716465
0.00446234
0.00531788
0.00420139
0.00480731
0.00459372
0.00488491
0.00449719
0.00471211
0.00503683
0.00602319
0.00465034
0.00540071
0.00528862
0.00557877
0.00506082
0.00539326
0.00587848
0.00481893
0.00509307
0.00611458
0.00564442
0.00513035
0.00573438
0.00521906
0.00616249
0.00693283
0.00635622
0.00492506
0.00598301
0.00634116
0.00537817
0.005838
0.00468863
0.00493034
0.00582737
0.00479765
0.00483398
0.00511823
0.00502585
0.00521586
0.00480945
0.00564889
0.0070014
0.00616085
0.00503287
0.00577903
0.00568451
0.00637252
0.00601991
0.00486862
0.00504665
0.0054053
0.0056184
0.00524007
0.00550022
0.0050895
0.00449824
0.00420211
0.00414579
0.00423179
0.00434152
0.00428882
0.00420417
0.00415686
0.00413846
0.00398155
0.00395166
0.00403098
0.00401773
0.00399698
0.00398884
0.003957
0.00461609
0.00422816
0.00418483
0.00460207
0.0044958
0.00434184
0.00451941
0.00420538
0.00475523
0.00457283
0.00494593
0.00435231
0.00457685
0.00479511
0.00454803
0.00477833
0.00459618
0.00429363
0.00413645
0.00445177
0.00442914
0.0042983
0.00434826
0.00420747
0.00427225
0.00460691
0.00421164
0.00412884
0.00438692
0.00444304
0.00420549
0.00430288
0.00415833
0.00405519
0.00413797
0.00401576
0.00407891
0.00414506
0.00407059
0.0041298
0.0133348
0.0109705
0.0114602
0.0111085
0.0113412
0.0109523
0.011635
0.010884
0.00930975
0.0151617
0.0121671
0.00798108
0.00981712
0.0116284
0.00952158
0.0118589
0.0115589
0.0121443
0.0125378
0.0120423
0.0113901
0.0105264
0.0118194
0.0111115
0.00977426
0.00733516
0.00999783
0.00542182
0.00938777
0.00937267
0.00846412
0.00902137
0.00893749
0.0112746
0.0109101
0.00831452
0.00906263
0.0108435
0.00847597
0.0111151
0.00901061
0.00862562
0.00986377
0.0107903
0.00913473
0.00907995
0.00969819
0.00980972
0.0118002
0.0105782
0.0083301
0.0116518
0.0119814
0.0112822
0.0117268
0.0105664
0.0111617
0.0124831
0.0090726
0.0104081
0.0113642
0.0119586
0.0101082
0.00944094
0.0108638
0.0106681
0.00825753
0.0110692
0.009684
0.0104314
0.00944067
0.00940088
0.0133377
0.0151136
0.00586161
0.00618494
0.0114341
0.0126521
0.00656893
0.00612206
0.00522198
0.00444872
0.00383262
0.00402945
0.00479626
0.0044813
0.00403186
0.00388781
0.00806253
0.00514029
0.00437676
0.00453887
0.00604098
0.00570853
0.00462147
0.00435688
0.00954866
0.0077257
0.0105721
0.00709749
0.00776854
0.00936297
0.00878287
0.0104473
0.0111496
0.00684086
0.00560465
0.0065345
0.00718692
0.00672003
0.00692651
0.00604141
0.00632735
0.00889282
0.00539768
0.00435397
0.00713076
0.00736666
0.0058869
0.00602944
0.00558987
0.00409646
0.00499905
0.00469243
0.00510917
0.00542583
0.00515956
0.00507271
0.0177125
0.012849
0.015118
0.00732334
0.0144059
0.0148386
0.0143533
0.0140247
0.0109086
0.0109218
0.0119928
0.00642558
0.00954175
0.0110512
0.00917286
0.00986561
0.011671
0.0132408
0.0130583
0.00555606
0.0111062
0.0121473
0.0107074
0.0115196
0.00503399
0.00491086
0.00451123
0.00407888
0.00480098
0.00477404
0.00472682
0.00452641
0.010027
0.0106285
0.00661789
0.00626707
0.00998536
0.0108498
0.00646676
0.00659097
0.0107105
0.00636434
0.0123256
0.0106477
0.0100758
0.00994367
0.0111682
0.0108271
0.0105874
0.0066091
0.00626225
0.006098
0.00653721
0.00635798
0.00606355
0.00619315
0.0105654
0.00553428
0.0061873
0.0113262
0.0102637
0.00584015
0.0101661
0.00631165
0.00995708
0.0102912
0.00628613
0.00629509
0.00912847
0.00958504
0.00664135
0.00666479
0.0112917
0.0106016
0.0070573
0.00676992
0.0101098
0.0100409
0.00705989
0.0075575
0.0061023
0.0062701
0.00625584
0.00637102
0.00615929
0.0062919
0.00641359
0.00614303
0.00762403
0.00625015
0.00632468
0.00513901
0.00641521
0.00631708
0.00606067
0.00616682
0.00958541
0.00604079
0.0059813
0.0058797
0.00657732
0.00613638
0.00574318
0.00557529
0.0103852
0.00636752
0.00695554
0.00687729
0.00737211
0.00686773
0.00713414
0.0065734
0.00615807
0.00829814
0.00598378
0.00664732
0.00638999
0.00638972
0.00639293
0.00615197
0.00618801
0.00652131
0.00643029
0.0065085
0.00634242
0.00655039
0.00639548
0.00641914
0.0125744
0.00581384
0.0125793
0.00668717
0.00866951
0.0102441
0.0084235
0.00921153
0.00419517
0.00381564
0.00497846
0.00423135
0.00415002
0.00435993
0.00436998
0.00444956
0.0128683
0.00866497
0.0113689
0.00697498
0.00884962
0.0109433
0.00866469
0.00997522
0.00515894
0.00442707
0.00596403
0.00450125
0.00478431
0.00559378
0.00511635
0.00568169
0.00532057
0.00923773
0.00595869
0.004745
0.00557318
0.00716659
0.00523287
0.00627069
0.00572687
0.00492846
0.00675304
0.0111254
0.00574929
0.0053191
0.006786
0.00609576
0.00822833
0.00587462
0.0048615
0.00648827
0.00688167
0.00616276
0.00649983
0.00594106
0.00955899
0.00695263
0.00511888
0.0072308
0.0078943
0.0071176
0.00647794
0.00640298
0.0157414
0.0162781
0.0156812
0.00743647
0.0146731
0.0155864
0.0146309
0.0147144
0.0135767
0.0127292
0.0145176
0.0113842
0.0120108
0.0141062
0.0114396
0.0127399
0.0161986
0.0159857
0.0159676
0.0104268
0.0136375
0.0162672
0.012992
0.014867
0.00548109
0.00642661
0.00658415
0.0043973
0.00527214
0.0061846
0.00549018
0.00601828
0.0144165
0.0144518
0.00743567
0.0115838
0.0140679
0.0141154
0.0111254
0.00924953
0.0154718
0.011767
0.0156679
0.016215
0.0144292
0.0123448
0.0156494
0.0132106
0.0137812
0.0079738
0.0116284
0.00957976
0.00967119
0.00907062
0.00965221
0.00969171
0.0148447
0.00993932
0.0116013
0.0144424
0.0128742
0.0103906
0.0124592
0.0113721
0.00481051
0.00445799
0.00428622
0.00438024
0.00464728
0.00454609
0.00445468
0.00435419
0.00414464
0.00396987
0.0039829
0.00400168
0.00406914
0.00401649
0.00402012
0.00397222
0.00402871
0.00393897
0.00399988
0.00404993
0.0039992
0.00397232
0.00400637
0.00397545
0.00413503
0.00400131
0.00408479
0.00418595
0.00408993
0.00404923
0.00409296
0.00405198
0.0043345
0.00418985
0.0042571
0.00407466
0.00421467
0.0042775
0.00416545
0.00423124
0.00425202
0.00404707
0.00401531
0.00415386
0.00414364
0.00408041
0.00411892
0.00404142
0.0040752
0.00412175
0.00397806
0.0040511
0.00408479
0.00408323
0.0040415
0.00403582
0.00403841
0.00401502
0.00395152
0.0039348
0.00400462
0.00400828
0.00396056
0.00395786
0.00398034
0.00391198
0.00384888
0.00401322
0.00393007
0.00388379
0.00392191
0.00386696
0.00393501
0.00392851
0.00383536
0.0039498
0.00392488
0.00389519
0.00390879
0.0038766
0.00380328
0.00379048
0.00376395
0.0038042
0.00379909
0.00378221
0.00379394
0.00377269
0.00403764
0.00396599
0.00386432
0.00413967
0.00399391
0.00391649
0.00399108
0.00389404
0.00390527
0.00384676
0.00396018
0.00391841
0.00389009
0.00386694
0.00392927
0.0039007
0.00388803
0.00389911
0.00381889
0.00382865
0.00386625
0.0038647
0.00384692
0.00383738
0.0038389
0.00395085
0.00390177
0.00384534
0.00386258
0.0038806
0.00385314
0.00387358
0.00381605
0.00381755
0.00387959
0.00380629
0.00381423
0.00383039
0.00382835
0.00384554
0.0047178
0.00376445
0.0048385
0.00829842
0.00455353
0.00391804
0.00623126
0.00470275
0.00375455
0.0037589
0.00375461
0.00381859
0.00376242
0.00375569
0.00376951
0.00376201
0.00491209
0.00377113
0.00499617
0.00891048
0.00487516
0.00401498
0.00665861
0.00480096
0.00984434
0.00426751
0.0107951
0.0128698
0.00713347
0.00538237
0.00998638
0.0077347
0.00376799
0.00477705
0.00586228
0.00389727
0.00381482
0.00449533
0.00391273
0.00429247
0.00375562
0.00379757
0.00375567
0.00398618
0.00376705
0.00377358
0.00376303
0.00376395
0.00648655
0.007569
0.00403739
0.00829171
0.00853432
0.00585968
0.00616225
0.00561636
0.00486077
0.00637452
0.00393036
0.00377558
0.00453956
0.00435888
0.00383117
0.00393781
0.00932658
0.00957191
0.0077425
0.00811701
0.00906168
0.00980966
0.00869531
0.00922219
0.00811219
0.00744942
0.00691724
0.00739712
0.00760339
0.00747511
0.00737739
0.00728868
0.00557954
0.00593647
0.00556654
0.00530582
0.00544432
0.00556894
0.00531273
0.00542525
0.00725603
0.00625109
0.00509236
0.00604911
0.00665399
0.00604539
0.00637845
0.00570208
0.00813922
0.0067502
0.00789206
0.00661114
0.0077167
0.00828849
0.00748056
0.00780315
0.00773265
0.00652318
0.00634075
0.0066489
0.00728556
0.0069186
0.00654688
0.00630949
0.0063134
0.00755868
0.00636415
0.00517401
0.00592332
0.00715566
0.00533083
0.00630547
0.0062249
0.00524279
0.00629405
0.00613574
0.00568319
0.00540683
0.00603818
0.00590644
0.0202897
0.0282074
0.0132246
0.0216233
0.0217311
0.020479
0.0203189
0.0196438
0.0292161
0.023171
0.0114705
0.0226683
0.0254011
0.0177509
0.0216904
0.0164486
0.0153604
0.014156
0.0181243
0.0208986
0.0208392
0.0175561
0.0225054
0.0240391
0.0218322
0.0232271
0.0175298
0.0197622
0.0213601
0.0197129
0.0192411
0.0186565
0.0271076
0.0153423
0.0222656
0.024444
0.0244328
0.0205301
0.02629
0.0215092
0.0218065
0.0201369
0.0127703
0.0151615
0.0203342
0.020097
0.0169463
0.0169598
0.015441
0.0210369
0.022318
0.0173865
0.0162931
0.0209052
0.0176848
0.0199447
0.0158797
0.0167932
0.0193008
0.0148694
0.0161456
0.0163908
0.0166366
0.0168563
0.0127727
0.0137376
0.0128593
0.0047764
0.00972311
0.0130919
0.00877486
0.0111234
0.0137381
0.0188324
0.0151078
0.00480243
0.010892
0.0145219
0.0101565
0.0129488
0.0119531
0.0133866
0.0122782
0.00457002
0.00839403
0.0115054
0.00789281
0.0099844
0.00384901
0.00387519
0.00382043
0.00377191
0.00383677
0.00385292
0.00380208
0.00381503
0.00949097
0.00895538
0.00469661
0.00466483
0.00887095
0.00846734
0.00499448
0.00485995
0.0124911
0.00461796
0.0130844
0.011802
0.010768
0.00874316
0.0123253
0.00932227
0.00855657
0.00447462
0.00460284
0.00451617
0.00470559
0.00469023
0.00455125
0.00459312
0.0103403
0.0044502
0.00453171
0.0113734
0.00779895
0.004562
0.0085356
0.00467649
0.00951134
0.00996013
0.00676316
0.0069137
0.00855116
0.00794241
0.00714257
0.00692771
0.0129963
0.0208314
0.00949969
0.0091878
0.0147663
0.0143209
0.00998365
0.01055
0.00626741
0.00741156
0.00711006
0.0062825
0.00617918
0.00637503
0.00649334
0.00649264
0.00533312
0.00549847
0.005034
0.00420761
0.00527781
0.00536727
0.00468238
0.0048705
0.00901702
0.00635203
0.00654713
0.00691594
0.00677386
0.00638464
0.00673739
0.00631274
0.00830126
0.00701155
0.0064859
0.00624934
0.00679353
0.00691801
0.00663852
0.00655206
0.0063879
0.00583667
0.00610846
0.00575529
0.00633315
0.00614491
0.00624014
0.00599431
0.00622345
0.00604363
0.006256
0.00628428
0.00629646
0.00635184
0.00633411
0.00630525
0.00973542
0.00860757
0.0121771
0.00726758
0.00893022
0.00994954
0.00841562
0.00923365
0.0048795
0.00378714
0.00407817
0.00408854
0.00410708
0.00397704
0.00415369
0.00402142
0.0141002
0.00568603
0.0147513
0.00815343
0.0107137
0.011684
0.0101454
0.0106704
0.0063704
0.00453298
0.00726772
0.00715929
0.0059574
0.00579853
0.00688177
0.00672713
0.00721825
0.0101619
0.0074775
0.00505315
0.00747325
0.00876394
0.00671924
0.0076687
0.0069438
0.00503254
0.0052879
0.0116394
0.0072927
0.0054556
0.00790649
0.00569212
0.00925833
0.00697616
0.0046774
0.00658861
0.00765495
0.00688592
0.00675489
0.00603452
0.0102549
0.00675796
0.0045881
0.00513932
0.00825594
0.00693968
0.00537818
0.00492485
0.00957219
0.0103283
0.00621311
0.00668535
0.00799811
0.00733392
0.00658597
0.00633719
0.0143778
0.0186843
0.00749559
0.00808105
0.0147754
0.0135093
0.00874179
0.00865996
0.00656644
0.00698297
0.00745541
0.00677891
0.00674289
0.00697043
0.00707469
0.00724755
0.00637489
0.00755649
0.00676087
0.00737091
0.0071157
0.00719455
0.00712324
0.00719342
0.0100825
0.00596104
0.00640389
0.00689082
0.00675269
0.00608661
0.00625906
0.00613111
0.00936921
0.00674713
0.00617573
0.00583864
0.0067499
0.00665179
0.00618792
0.00623593
0.00648088
0.00655118
0.00721195
0.00694446
0.00639357
0.00642346
0.00654459
0.00682354
0.00661977
0.00705336
0.0071205
0.00677225
0.00660767
0.00655655
0.00669171
0.00672887
0.0128493
0.0134389
0.0117974
0.00671552
0.011939
0.0127781
0.00893443
0.00968016
0.0127939
0.0123274
0.0106107
0.00760976
0.0110823
0.0118274
0.00915095
0.00959961
0.0112305
0.0106774
0.00994387
0.0193164
0.010764
0.0112764
0.00959441
0.00980431
0.00519571
0.00779493
0.00891266
0.00445794
0.00566861
0.00655128
0.00478175
0.00560833
0.0117472
0.0110205
0.00685828
0.00781713
0.00969041
0.00961343
0.00808664
0.00728781
0.0123106
0.00773514
0.0101485
0.0112582
0.00995029
0.00926303
0.0109596
0.00974772
0.0102644
0.00583837
0.00723959
0.0127133
0.00877888
0.00625408
0.00932959
0.00678934
0.0105828
0.0140438
0.00759784
0.00981488
0.0100862
0.0138549
0.00961501
0.0161378
0.00675031
0.00769063
0.00527958
0.00585271
0.00623367
0.00617463
0.00597697
0.00557671
0.00864592
0.00902109
0.00688742
0.00757354
0.00843666
0.00848318
0.00765578
0.0078857
0.00474137
0.00512817
0.00448394
0.00451025
0.00473669
0.00473562
0.00452977
0.00464173
0.00485833
0.00552358
0.00452124
0.00498472
0.00498478
0.00510214
0.00476114
0.00500909
0.00702263
0.00509979
0.0052913
0.00566571
0.00652834
0.00551819
0.00585965
0.00510096
0.00727484
0.00671241
0.0069407
0.00525702
0.0067881
0.00664655
0.00608977
0.00624799
0.00489361
0.00515933
0.00530369
0.00450389
0.0046674
0.00480023
0.00467354
0.00485058
0.00500512
0.00478872
0.00626606
0.0061667
0.00502856
0.00486092
0.00565203
0.00540986
0.00377694
0.00379869
0.0038164
0.00381217
0.00378925
0.00379772
0.0038057
0.00381077
0.0038383
0.00391561
0.00395221
0.00399189
0.00387588
0.00389108
0.00393005
0.00393179
0.00389188
0.00404051
0.0040841
0.0041348
0.00392858
0.00397131
0.00404468
0.0040728
0.00386942
0.00408829
0.00411721
0.00427408
0.00394929
0.00398719
0.00405779
0.00407436
0.00381673
0.00383231
0.00383147
0.00390991
0.00384392
0.00383105
0.00385582
0.00384374
0.00382752
0.00393381
0.00391813
0.00384858
0.00384871
0.00388724
0.00386465
0.00389034
0.00386338
0.00385484
0.00400082
0.00403255
0.00387968
0.00386279
0.00391561
0.00391548
0.00387339
0.00404856
0.00401097
0.00399008
0.00392039
0.00396183
0.0039742
0.00406636
0.0151635
0.0175274
0.0145227
0.0127662
0.0130084
0.0152913
0.0122434
0.013477
0.0181487
0.0195176
0.0174342
0.00807194
0.0157402
0.0178759
0.0143016
0.0166259
0.0155509
0.0193719
0.0186391
0.00691311
0.0145823
0.0193147
0.0134248
0.0186363
0.00535593
0.00545526
0.0048963
0.00407694
0.0048196
0.00531111
0.00469352
0.0050126
0.0138659
0.0117709
0.00881837
0.00733237
0.0115328
0.0116589
0.00809068
0.00810748
0.0162022
0.00747903
0.0172851
0.0150654
0.0144824
0.0143031
0.0166903
0.0145836
0.0110968
0.00825944
0.00716028
0.00667327
0.00750594
0.00771741
0.00696237
0.00731225
0.0143112
0.00702899
0.00751467
0.0169891
0.0135194
0.0076555
0.0137079
0.00794163
0.00377625
0.00376786
0.00385093
0.00385359
0.00378955
0.00377879
0.00381683
0.00379941
0.00376803
0.00376981
0.00389411
0.00382028
0.00377917
0.00377971
0.00379307
0.00382838
0.00407382
0.00416298
0.00646544
0.00469838
0.00432374
0.00451722
0.00465331
0.00497105
0.00392527
0.00385412
0.00424808
0.0040084
0.00392967
0.00389384
0.00397802
0.00396004
0.0037778
0.00386772
0.00385864
0.00381284
0.00378854
0.00381138
0.00380098
0.00382797
0.00377592
0.00382728
0.00389838
0.00382958
0.00378744
0.00380257
0.00379721
0.00381739
0.00395629
0.00389976
0.00382882
0.00415426
0.00401918
0.00385709
0.00404045
0.00387258
0.00387632
0.00414971
0.00387232
0.00403937
0.0039216
0.00398704
0.00384986
0.00393043
0.00714103
0.00664788
0.00632001
0.00584706
0.00640443
0.00640988
0.00621946
0.00631047
0.00953148
0.0202321
0.010062
0.0125001
0.0111435
0.0136613
0.0110675
0.0138601
0.00625317
0.00665941
0.00968718
0.00584765
0.00607909
0.0069765
0.00628869
0.00774424
0.00558328
0.0104558
0.0057915
0.00487399
0.00614135
0.00784157
0.00567398
0.00729703
0.00691849
0.00602524
0.0058883
0.00877262
0.00679117
0.00597681
0.00732341
0.00620523
0.00785015
0.0105928
0.00761079
0.00605836
0.00793832
0.00925959
0.00643357
0.00697292
0.00609589
0.00591975
0.00874668
0.0057592
0.00564265
0.00621623
0.00565396
0.00683306
0.00614338
0.00611812
0.0107301
0.00785536
0.00591082
0.00596801
0.00685373
0.0079451
0.0140564
0.0185883
0.0206428
0.00737357
0.0141409
0.0195952
0.0130684
0.0192574
0.0439714
0.0701419
0.137465
0.0330092
0.0418747
0.0695161
0.0379989
0.0829433
0.0367974
0.215188
0.202197
0.0275352
0.060557
0.173834
0.0375763
0.176922
0.0114718
0.0223271
0.0173898
0.00790122
0.0152679
0.0207156
0.0124077
0.0202493
0.0180605
0.0217558
0.00927639
0.0214268
0.0172156
0.0178646
0.0147201
0.0113364
0.0389506
0.033317
0.128937
0.0402894
0.036446
0.0408429
0.041581
0.046569
0.0187691
0.00871573
0.0209863
0.0116891
0.009605
0.0118791
0.0141207
0.0167932
0.0412985
0.0317522
0.0347338
0.147259
0.0491117
0.0312197
0.0439234
0.0363222
0.00380281
0.004237
0.00519065
0.00387256
0.00382959
0.00416785
0.00387555
0.00413628
0.00449815
0.0044129
0.00588163
0.0050488
0.00453237
0.00491428
0.00495796
0.0050391
0.00943603
0.00846481
0.0118184
0.0101832
0.00982536
0.00986216
0.00982318
0.00954355
0.00430894
0.00467695
0.00848934
0.00591493
0.00437617
0.00467569
0.00513095
0.00512994
0.00435403
0.00655729
0.00391633
0.00457754
0.00465797
0.00439128
0.00440382
0.00424299
0.00494197
0.00510023
0.00720185
0.00852536
0.00507285
0.00520861
0.0072361
0.00703837
0.00814283
0.00442419
0.00487889
0.00842926
0.00701507
0.00460626
0.00773257
0.00481291
0.00997315
0.00970471
0.00527174
0.00842513
0.0111414
0.0100313
0.0091943
0.00977177
0.0165062
0.0125075
0.0129224
0.00489752
0.0100452
0.01258
0.00891524
0.0108789
0.0120242
0.0180323
0.0144946
0.00476172
0.0102892
0.0127234
0.00961942
0.0112744
0.0108748
0.0123576
0.0111144
0.00443404
0.00750583
0.00984073
0.00676901
0.00866642
0.00385508
0.00385536
0.00380648
0.00377208
0.00383077
0.0038367
0.00380014
0.00380609
0.00879045
0.00826289
0.00463634
0.00458834
0.00812251
0.0077853
0.00486103
0.00466569
0.0106664
0.00461134
0.0105755
0.0103388
0.00922278
0.00802049
0.0103765
0.00842886
0.00768398
0.00451785
0.00448478
0.00429152
0.00454756
0.00452674
0.0043903
0.00443302
0.0091744
0.00437338
0.00447704
0.0092496
0.00702196
0.00449009
0.00777384
0.00458714
0.00375413
0.003754
0.00376726
0.00375385
0.00375375
0.00375783
0.00375783
0.00376125
0.00376223
0.00480534
0.00855455
0.00501085
0.00389558
0.0045196
0.00446918
0.00622868
0.00405804
0.0104448
0.0128407
0.0105421
0.0049741
0.00698173
0.00721649
0.00956125
0.00375674
0.00505072
0.0085892
0.00480706
0.00382054
0.00442146
0.00415613
0.00596902
0.00375552
0.00377652
0.00375483
0.00382497
0.00376092
0.00376521
0.00375597
0.00376093
0.0037693
0.00444854
0.00560061
0.00384307
0.00380325
0.00415152
0.003852
0.00404525
0.00384485
0.00376144
0.00447239
0.005825
0.00386161
0.00380959
0.00398611
0.00412426
0.00391405
0.00771956
0.0062227
0.00772173
0.00525584
0.00572772
0.00588153
0.00873823
0.00977615
0.0106397
0.0127657
0.0244175
0.00914472
0.00974074
0.00804371
0.00914358
0.00706972
0.00427791
0.00475608
0.00499999
0.00565858
0.00553687
0.00552325
0.00479239
0.0182714
0.00625621
0.0188886
0.00809102
0.0122136
0.0145331
0.0120772
0.0119161
0.0106546
0.00465359
0.00534359
0.00476043
0.00721189
0.00617174
0.00517676
0.00476625
0.00809991
0.0106226
0.00940919
0.00710698
0.00772459
0.00871928
0.0128067
0.00927955
0.00808739
0.00555741
0.00709532
0.013214
0.00715825
0.00619282
0.00789817
0.00670307
0.00989817
0.00669245
0.00510997
0.00653958
0.00716793
0.00656714
0.00671235
0.00607445
0.0116559
0.00622211
0.00489306
0.00577019
0.00903502
0.00702911
0.00599859
0.00538098
0.00380641
0.00417568
0.00491156
0.00392238
0.00385104
0.00449598
0.00394096
0.00470443
0.00520442
0.0144532
0.0148834
0.00521601
0.00504229
0.0130824
0.00554549
0.0118148
0.00704953
0.0117611
0.00987308
0.00691876
0.00767155
0.0103107
0.00755813
0.00902321
0.00398139
0.00445192
0.00507974
0.00397916
0.00397636
0.00472603
0.00403597
0.00472255
0.00430776
0.00521182
0.0039487
0.00442079
0.00474266
0.00486441
0.00448139
0.00488796
0.0056713
0.00568798
0.0129054
0.0060754
0.00571149
0.00578674
0.00598654
0.00645813
0.00545342
0.00404344
0.00462257
0.00534202
0.00543622
0.00497634
0.0052158
0.00484494
0.00652959
0.0064341
0.0057813
0.0107471
0.00736127
0.00669068
0.00635662
0.00654681
0.00886325
0.00963702
0.00798405
0.00704476
0.00806505
0.00833593
0.00808198
0.0081507
0.00645604
0.00407574
0.00407487
0.00440114
0.00441873
0.00420591
0.00441486
0.00409991
0.00508307
0.00394838
0.00382011
0.00408569
0.00429921
0.0039538
0.00427413
0.00385046
0.00481873
0.00433441
0.00400217
0.00401672
0.00424508
0.00428303
0.00404521
0.00401969
0.00842393
0.00730215
0.00645495
0.00472454
0.0081703
0.00849855
0.00664062
0.00675257
0.00747799
0.00458461
0.00413914
0.00620616
0.00667835
0.00466047
0.00627411
0.00443088
0.00671543
0.00565396
0.0045792
0.00415367
0.00536643
0.00564664
0.00440661
0.00464976
0.00575316
0.00411157
0.00435818
0.00397501
0.00453506
0.00441463
0.00442033
0.00435534
0.0116152
0.0131495
0.0123462
0.0068862
0.0103551
0.0116316
0.0101806
0.0108673
0.0136385
0.0128729
0.0148221
0.00693706
0.0119831
0.0138772
0.0112256
0.0124324
0.0138057
0.0156773
0.014664
0.0063602
0.0127506
0.0141895
0.0123319
0.0129775
0.00512837
0.00492513
0.00464248
0.00408303
0.00480855
0.00483554
0.00471021
0.00458676
0.0117138
0.0112544
0.00663406
0.00668725
0.0111036
0.0103777
0.006682
0.00670621
0.0134592
0.00705318
0.0147936
0.0128195
0.0121288
0.0115874
0.013675
0.0126386
0.0112045
0.00669053
0.00661213
0.00654277
0.00693776
0.00669981
0.00666885
0.00661524
0.0122513
0.00611905
0.00675654
0.0134217
0.0118484
0.00663079
0.0120521
0.00711954
0.00378821
0.00424747
0.00603932
0.00448113
0.0040184
0.0048021
0.00450815
0.00524532
0.00589529
0.0197143
0.020635
0.00833458
0.00893631
0.0191826
0.0104792
0.0172956
0.0101465
0.0193034
0.0156963
0.00961718
0.0112313
0.0177055
0.0110413
0.0153603
0.00533588
0.00699051
0.00813067
0.0057036
0.00558945
0.00715387
0.00581484
0.00700125
0.00579535
0.00844983
0.00506044
0.00697524
0.00681473
0.00693105
0.00653255
0.00712755
0.00766312
0.00844702
0.019026
0.00879135
0.00797481
0.00928808
0.00881915
0.0109645
0.00877552
0.00585869
0.0070773
0.00889925
0.00901622
0.00794222
0.00854582
0.00742847
0.00967908
0.00920931
0.00803739
0.0168353
0.0109977
0.0098428
0.01119
0.00977355
0.0212026
0.0114136
0.0137258
0.00850792
0.0147191
0.0135444
0.0148154
0.0132734
0.0109106
0.0105981
0.0108556
0.00926786
0.011373
0.0114069
0.0107757
0.0104245
0.0135316
0.0120314
0.0159785
0.00961612
0.0108091
0.0110516
0.0119073
0.0115116
0.00750983
0.00776444
0.00809823
0.00680056
0.00757318
0.00775958
0.00753621
0.0077213
0.00900641
0.00986994
0.00738878
0.0080308
0.00818936
0.00894409
0.00752493
0.00715874
0.00902164
0.00949194
0.0113022
0.00993422
0.00903758
0.00963268
0.00943066
0.0100769
0.0108371
0.00761727
0.00773281
0.00816398
0.00781072
0.00751204
0.00795936
0.00755715
0.0106992
0.0104206
0.00940673
0.0112855
0.0101131
0.0104663
0.0103185
0.0103184
0.00743826
0.00678934
0.00813959
0.00584204
0.00733861
0.00725958
0.00720503
0.00747881
0.00529492
0.00416531
0.00685684
0.00453211
0.00522679
0.0050362
0.0054112
0.00541233
0.00868944
0.0107459
0.00916197
0.00698006
0.00827938
0.00890738
0.00769833
0.00809844
0.00483075
0.00444032
0.00511067
0.00409015
0.00472128
0.00469849
0.00463609
0.00462618
0.00681577
0.00806387
0.00573036
0.0051818
0.00709353
0.00721892
0.00527263
0.00573176
0.00666183
0.00512398
0.00827925
0.0084429
0.00737377
0.00677379
0.00882747
0.00848589
0.00789519
0.00583425
0.00528129
0.00651041
0.00675974
0.00602409
0.00671465
0.00576316
0.00826215
0.00650987
0.00538166
0.00902667
0.00827191
0.00678186
0.00859881
0.0068406
0.00584976
0.0057718
0.0063103
0.0062516
0.00588294
0.00581398
0.00593738
0.00593872
0.00563015
0.00492068
0.00616412
0.00474883
0.00549912
0.00548473
0.00548253
0.00560747
0.00690585
0.00689788
0.00847036
0.0069674
0.00699362
0.00723947
0.00720551
0.00771066
0.0060408
0.00486126
0.00696986
0.00534342
0.00589253
0.00571063
0.00588698
0.00578301
0.00578085
0.00648881
0.0062072
0.00533165
0.00579641
0.00596563
0.0054115
0.00606381
0.00577795
0.00527576
0.00661608
0.00656977
0.00594087
0.00582973
0.00654566
0.00659605
0.00681713
0.00644581
0.00536141
0.00740551
0.00706787
0.00642014
0.00712805
0.00619213
0.0069428
0.00719537
0.00543283
0.00685857
0.00701468
0.00692779
0.00670945
0.00643934
0.00383267
0.00536314
0.00431652
0.00402372
0.00394162
0.00436523
0.00399945
0.00433149
0.0084924
0.00884509
0.00708551
0.007107
0.00819708
0.00819092
0.00778091
0.007831
0.00461683
0.00604185
0.00467661
0.00462897
0.00492648
0.00539898
0.0047516
0.00529023
0.00458614
0.00676385
0.00472392
0.00513313
0.00498633
0.00509478
0.00488598
0.00511314
0.00583
0.00448002
0.00434209
0.00662816
0.00624687
0.00452027
0.00619202
0.00456193
0.0078625
0.00748063
0.00720312
0.00497014
0.00709294
0.00736531
0.0069956
0.00711117
0.00450368
0.00442049
0.00663111
0.00471267
0.004616
0.00459853
0.00480413
0.00476554
0.00488854
0.00499835
0.00730756
0.00684347
0.00505508
0.00505685
0.00648848
0.00624778
0.0181615
0.0254974
0.00954354
0.0183632
0.0189521
0.018037
0.0175363
0.0167536
0.0261668
0.0279881
0.0147865
0.0227754
0.0254082
0.0206065
0.0223354
0.0190444
0.0112759
0.0138603
0.0179469
0.0154974
0.0157269
0.0163585
0.0165123
0.0202553
0.0181129
0.0207499
0.014048
0.0168021
0.018047
0.0173553
0.0164542
0.0165034
0.0249121
0.0113868
0.0186332
0.0224599
0.0224137
0.0176179
0.024101
0.0187232
0.0183855
0.0188148
0.0130418
0.0107223
0.0170235
0.0181505
0.012913
0.0140092
0.011178
0.0177918
0.0208602
0.0133299
0.0128264
0.0183051
0.0137248
0.0177237
0.0114492
0.0133657
0.0181415
0.013394
0.0120635
0.0128713
0.0138364
0.0142771
0.0109736
0.0081543
0.00823374
0.00980958
0.00931947
0.00845533
0.00909881
0.0085055
0.00582262
0.00458162
0.00583394
0.00536425
0.00536902
0.00504342
0.00569354
0.00548972
0.0084959
0.00736319
0.00755961
0.00817283
0.00808452
0.00768855
0.00807228
0.00774311
0.00843344
0.00485998
0.00653191
0.00601496
0.00624443
0.00608085
0.00632883
0.00624794
0.00829279
0.00887546
0.010224
0.00690737
0.00906224
0.00921457
0.0100935
0.0102741
0.00711474
0.00685852
0.00699894
0.00850352
0.00794259
0.00734969
0.00791079
0.00746295
0.00897206
0.0097818
0.00674492
0.00827804
0.00977137
0.0100044
0.00855761
0.00803679
0.00861302
0.00821552
0.00696265
0.00726052
0.00805679
0.00830376
0.00754986
0.00720978
0.0099757
0.0101646
0.00611472
0.00708835
0.00937695
0.00842341
0.00703183
0.00673125
0.0126236
0.0202783
0.00907828
0.00891382
0.0153708
0.0142579
0.0109972
0.0110327
0.00550213
0.00606811
0.00631321
0.00628385
0.00550551
0.0053586
0.00580247
0.00588497
0.00757138
0.00797544
0.00746279
0.00811543
0.00776091
0.00773586
0.00786488
0.00779102
0.010007
0.00600309
0.00739536
0.00750431
0.00717435
0.00651196
0.0072025
0.00702595
0.00889191
0.00752266
0.00644408
0.00567007
0.00706059
0.00775704
0.00620154
0.00672166
0.00593979
0.00709621
0.00752891
0.00669973
0.00643872
0.00685055
0.00657659
0.00711497
0.00567083
0.00657464
0.00733112
0.00599416
0.00573931
0.00633484
0.00610596
0.00674068
0.00376148
0.00375911
0.00376071
0.00379053
0.00376878
0.00375972
0.00377675
0.00377086
0.00376041
0.00376072
0.0037605
0.00379275
0.00376976
0.00376047
0.00377867
0.00377262
0.00376147
0.00376065
0.00376082
0.00379369
0.00376954
0.00376033
0.00377917
0.00377302
0.00383335
0.00384767
0.00384551
0.00405147
0.00386021
0.00384368
0.00394785
0.00394401
0.00376779
0.00376616
0.00379984
0.00380377
0.00377408
0.00377898
0.00378911
0.00379007
0.00375926
0.00379406
0.00376032
0.0037572
0.00376757
0.00378278
0.00375837
0.00376935
0.00377628
0.00381237
0.00381889
0.00382029
0.00379029
0.00380567
0.00380251
0.00382236
0.00377147
0.00381304
0.00381247
0.0037726
0.00378248
0.00379176
0.00377853
0.00378874
0.0186633
0.0196828
0.00842863
0.0172495
0.0182118
0.0140255
0.0163292
0.012966
0.0205882
0.0204094
0.0101952
0.0170481
0.019535
0.0150401
0.0170475
0.0138591
0.00908034
0.00950734
0.00961522
0.0116897
0.0122356
0.0100552
0.0127477
0.01237
0.0154868
0.0156371
0.0102926
0.0133661
0.0148509
0.0126245
0.0131732
0.0119563
0.0193132
0.00912977
0.0166232
0.0172971
0.01738
0.0133391
0.0185108
0.0139025
0.01412
0.0137087
0.00922179
0.00857079
0.013044
0.0134206
0.00965689
0.0103008
0.00907703
0.0151095
0.0158216
0.0102509
0.00962098
0.0133158
0.0105655
0.012891
0.00895449
0.0100054
0.0131853
0.0101766
0.00925013
0.00967289
0.0101413
0.0105306
0.00383943
0.00420949
0.00575651
0.00413107
0.00390536
0.00463493
0.00420716
0.00499083
0.00519907
0.0143048
0.0151762
0.00537889
0.00527333
0.0137449
0.00599041
0.0120205
0.0125042
0.0133606
0.0117796
0.0114098
0.0110065
0.012458
0.0106885
0.0115038
0.00412291
0.00453467
0.00619898
0.00414849
0.00409813
0.00490064
0.00417226
0.00492302
0.00439222
0.00679319
0.00412609
0.00446637
0.00490266
0.00522085
0.00451931
0.00508303
0.00594417
0.00576686
0.0141314
0.0083404
0.00622088
0.00604555
0.00672292
0.00734074
0.00900053
0.00429017
0.00467122
0.00785308
0.00769572
0.00533172
0.00652718
0.00504494
0.00936676
0.00850636
0.00576546
0.0122556
0.00886167
0.00856215
0.00747082
0.00697352
0.00866615
0.00749811
0.00688534
0.0064827
0.00705804
0.00726707
0.0070459
0.007108
0.00852256
0.0139431
0.013338
0.00747254
0.00940902
0.0127436
0.00814559
0.010147
0.00713639
0.0125237
0.0129995
0.00952108
0.00797462
0.0118628
0.0105739
0.0112266
0.00589801
0.00537425
0.00765366
0.0046726
0.00577116
0.00541801
0.0056743
0.00573899
0.00736905
0.00686505
0.00639951
0.00653292
0.00707227
0.00686529
0.00660094
0.0063911
0.00811394
0.00684483
0.0121061
0.00743516
0.00756983
0.00742039
0.00767078
0.00825484
0.00635858
0.00615925
0.00560254
0.00821325
0.00593207
0.00574233
0.00618253
0.0056143
0.00655376
0.00664732
0.00591632
0.0106856
0.00670182
0.00577023
0.00723038
0.00602408
0.00932547
0.00718536
0.00638843
0.0075371
0.00703382
0.00674454
0.00689166
0.00657472
0.00780488
0.0107992
0.00789908
0.00839644
0.00817315
0.00854699
0.00836549
0.00869899
0.00525228
0.00539652
0.00446092
0.00460051
0.00508396
0.00514639
0.00476949
0.00464359
0.00632541
0.00761418
0.00487143
0.0059515
0.00600845
0.00613834
0.00585399
0.00559165
0.00691824
0.00630732
0.00745521
0.0075172
0.00705971
0.00668574
0.0074032
0.00697168
0.00704915
0.0077192
0.00692138
0.00630639
0.00708744
0.00734773
0.00666481
0.00671182
0.00610053
0.00692142
0.0074808
0.00508772
0.00577881
0.00648181
0.00551515
0.00649492
0.00597489
0.0049662
0.00745577
0.00673928
0.00594331
0.00562344
0.00658307
0.0064931
0.0137298
0.0139933
0.0133702
0.00706392
0.0118929
0.0130857
0.0113011
0.0118469
0.0150693
0.014795
0.0167057
0.00814826
0.0136012
0.015456
0.0127527
0.0136964
0.0154584
0.0185385
0.0183893
0.0070497
0.0149688
0.0167083
0.0146847
0.0159451
0.00568897
0.00533226
0.00497559
0.00438134
0.00536481
0.00541104
0.00510781
0.00491406
0.0131675
0.0125266
0.00710916
0.00743061
0.0120823
0.0114325
0.00747006
0.00721668
0.0147793
0.00763257
0.0166229
0.0142086
0.0134281
0.0130881
0.0151674
0.0145245
0.0121666
0.00730286
0.00738603
0.00718683
0.00765934
0.00729269
0.00711915
0.00707931
0.013585
0.00653337
0.00725899
0.0155376
0.0134552
0.00703431
0.013977
0.00736758
0.00748944
0.00570639
0.00593887
0.00586943
0.00650209
0.00644642
0.00625323
0.00598698
0.00514615
0.00523163
0.00503947
0.00460691
0.0049299
0.00504687
0.00474821
0.00487615
0.00588484
0.00542585
0.0064124
0.00580004
0.00593373
0.00623295
0.00609938
0.00613225
0.00509458
0.00431354
0.00538016
0.00473173
0.00476006
0.00471578
0.00490725
0.00470389
0.00524916
0.00560345
0.00543644
0.00457075
0.00510409
0.00546152
0.00496257
0.00531185
0.0052529
0.00466867
0.00506957
0.00564846
0.00502919
0.00479837
0.00519338
0.00495244
0.00550308
0.00527026
0.00441639
0.0055521
0.00534392
0.00511174
0.00532111
0.00479772
0.00556325
0.00542597
0.00445584
0.00503907
0.00554932
0.00544978
0.00485724
0.00468601
0.0037545
0.0037549
0.00375864
0.00378435
0.00376082
0.00375504
0.00377043
0.00376829
0.00376045
0.00376073
0.00376059
0.00379237
0.00376952
0.00376039
0.00377846
0.00377249
0.00376129
0.00376059
0.00376106
0.00379435
0.00377025
0.00376047
0.00378028
0.00377384
0.00383254
0.00384547
0.00384968
0.00406252
0.00386107
0.00384288
0.00395391
0.00395626
0.00376642
0.00376656
0.00380044
0.00380362
0.00377564
0.00377946
0.00378981
0.00379053
0.00375955
0.00379231
0.00376032
0.00375767
0.00377123
0.00378038
0.0037597
0.00376958
0.00377558
0.00381281
0.00381845
0.00382233
0.00379028
0.00380618
0.00380457
0.00382274
0.00377152
0.00381551
0.00381155
0.00377279
0.00378317
0.00379381
0.00377892
0.00379178
0.00698827
0.00611231
0.00649127
0.00515073
0.00591632
0.00593605
0.00552697
0.00576065
0.00624088
0.0052998
0.00530889
0.00472359
0.00541772
0.00551163
0.00493953
0.00500961
0.00677009
0.00607647
0.00801845
0.00569557
0.00618566
0.00673227
0.00653221
0.00692634
0.00435692
0.00431562
0.00458544
0.00401537
0.0042475
0.00432442
0.00422668
0.00430667
0.00573143
0.00577066
0.0047701
0.00467909
0.00521891
0.0052427
0.00494709
0.004851
0.00587971
0.00475836
0.00535311
0.00608542
0.00548175
0.00502098
0.0060749
0.00515916
0.00565587
0.00463466
0.004448
0.00490911
0.00518259
0.0047336
0.00482153
0.00450345
0.00604338
0.00509076
0.00452426
0.00524525
0.00532282
0.00503876
0.00507249
0.00483357
0.0147558
0.0167316
0.00991757
0.00960538
0.0121575
0.0144107
0.00990652
0.0100261
0.0201655
0.0188211
0.00600538
0.00819409
0.0151575
0.0163169
0.00920933
0.00840496
0.00537105
0.00421024
0.00379199
0.00394829
0.00451772
0.00430752
0.00396251
0.00382313
0.00853837
0.00716509
0.0046139
0.00541957
0.0079688
0.00766752
0.00520276
0.00485128
0.0157267
0.00869881
0.00943204
0.00796837
0.00949435
0.00960361
0.00914496
0.00938892
0.0178625
0.00809499
0.00580714
0.00801621
0.00949892
0.00818317
0.00797442
0.00579981
0.00698925
0.00862118
0.00658937
0.00474614
0.00681424
0.00775529
0.00578112
0.00690172
0.00643592
0.00423374
0.00571854
0.00475032
0.00515883
0.00540068
0.00521124
0.00502462
0.0126185
0.0101917
0.0151562
0.00967743
0.0112039
0.0109648
0.0115253
0.011275
0.0108062
0.00967471
0.0126796
0.0079764
0.00991122
0.0100704
0.0111617
0.011604
0.0151828
0.0109688
0.0172977
0.00923455
0.0127384
0.0121339
0.0135256
0.0126866
0.00855098
0.00743196
0.00846207
0.00592111
0.00816497
0.00829221
0.00856879
0.00847386
0.00980525
0.0130159
0.00894678
0.00794759
0.00999053
0.0108419
0.00852439
0.0091333
0.010078
0.00841407
0.0125708
0.0124089
0.0104939
0.0132843
0.0127699
0.0129406
0.0120095
0.00883088
0.00815587
0.00856209
0.00887533
0.0087503
0.00835442
0.00828086
0.0115607
0.00821133
0.0083485
0.00991557
0.0104706
0.00841103
0.00989577
0.00853631
0.0161311
0.0105147
0.00371291
0.018412
0.0101764
0.00732515
0.00790884
0.00564015
0.0148075
0.0128522
0.0150073
0.0364201
0.0136963
0.0099067
0.0122929
0.0137038
0.00593977
0.0102943
0.00698571
0.0244597
0.00662968
0.00834156
0.00610028
0.00695806
0.0337599
0.0400918
0.0484539
0.046164
0.0394382
0.0411544
0.0471519
0.0555054
0.0116739
0.00516085
0.0203462
0.0281179
0.00919868
0.00770469
0.0221157
0.0195294
0.0125439
0.0311304
0.0126714
0.00662078
0.00931784
0.0107805
0.00814496
0.00938528
0.00524663
0.0218535
0.0342361
0.0278173
0.0243979
0.0247697
0.0295028
0.0327418
0.00612128
0.029563
0.0413079
0.0120011
0.00873585
0.0314964
0.0101515
0.0359683
0.0047401
0.00376486
0.00483722
0.00802039
0.00445811
0.00390643
0.00604286
0.00461549
0.00375438
0.00375625
0.00375423
0.00378136
0.00375955
0.00375449
0.00376388
0.00375943
0.00492037
0.00376922
0.00493844
0.0089655
0.00488742
0.00402142
0.0066898
0.00477095
0.00992264
0.00424344
0.0109523
0.0129476
0.00728756
0.00538148
0.0101404
0.0077815
0.00376569
0.00480467
0.00575791
0.00387246
0.00381658
0.00444982
0.00389906
0.0042527
0.00375536
0.0037863
0.00375541
0.00400412
0.00376716
0.00377119
0.00376356
0.00376342
0.00654904
0.00750818
0.00400851
0.0083273
0.00857527
0.00587813
0.00624547
0.00563594
0.0049305
0.00647292
0.00390195
0.00377206
0.00462687
0.00441751
0.00382804
0.00393334
0.0209102
0.0197497
0.0203917
0.0126496
0.0193424
0.0203978
0.0182581
0.0181498
0.0171731
0.0175683
0.0182999
0.00716812
0.0169751
0.0184014
0.0150523
0.0154826
0.0200426
0.0168649
0.0180223
0.0131076
0.0178989
0.0189657
0.0166848
0.0171427
0.00548582
0.0046983
0.00558769
0.00405015
0.00508289
0.00504042
0.00466528
0.0045358
0.0180846
0.0186681
0.010226
0.00753946
0.0173345
0.0172064
0.00868193
0.00962633
0.0177895
0.00761646
0.0194561
0.0198766
0.0180681
0.0158432
0.0198477
0.0181401
0.0170756
0.00881472
0.00695512
0.0106327
0.0126643
0.008642
0.0121561
0.00720447
0.0171965
0.010393
0.00631843
0.0156178
0.0153398
0.0125378
0.014352
0.0109257
0.00376589
0.00379497
0.00376497
0.00379388
0.00378798
0.00378663
0.00377776
0.00378017
0.00383452
0.00401254
0.00392473
0.00406544
0.00398332
0.00399201
0.00397156
0.00402984
0.00377108
0.00384258
0.00377062
0.00381948
0.00380853
0.00381086
0.00379574
0.00380885
0.00384046
0.0040303
0.00388754
0.00423353
0.00394788
0.00396623
0.00391838
0.00395797
0.0038267
0.003789
0.0038255
0.00397486
0.00381964
0.00379896
0.00383968
0.00382472
0.00382231
0.00400296
0.00390108
0.00379069
0.0038206
0.0038879
0.00380068
0.00387748
0.00378381
0.0038181
0.00395895
0.00384822
0.00379925
0.00381858
0.00386439
0.00387892
0.00378752
0.00387209
0.00401953
0.00392735
0.00381986
0.00387805
0.00386849
0.00392927
0.00614749
0.00597954
0.00485121
0.0053268
0.00579768
0.00547334
0.00548205
0.00517337
0.006739
0.00734368
0.00617558
0.00621677
0.0066484
0.00701625
0.00616795
0.00667277
0.00442877
0.00516493
0.00443675
0.00453781
0.00457154
0.00479592
0.00440026
0.00475345
0.00466157
0.00547022
0.00461122
0.00532083
0.00489886
0.00518225
0.00482219
0.00510385
0.00576207
0.00478272
0.00495777
0.00524625
0.00562163
0.00508783
0.00538033
0.00491353
0.0058782
0.00575947
0.00584353
0.00483331
0.00557745
0.00570279
0.00509819
0.00540077
0.00459789
0.00475766
0.00514592
0.00445586
0.00453914
0.00467749
0.00463226
0.00485081
0.00466815
0.00489065
0.00564609
0.00565768
0.0048617
0.00503611
0.00512439
0.00532452
0.0176484
0.00565014
0.0190813
0.00950375
0.0125138
0.0128871
0.0122956
0.0127782
0.00397475
0.00378904
0.00502351
0.00396843
0.00392141
0.0039038
0.00399597
0.00401621
0.0186636
0.0103078
0.0167784
0.0104961
0.0136304
0.0147623
0.0127637
0.0133753
0.010794
0.00473497
0.00906933
0.00755703
0.00951281
0.00754384
0.00963491
0.00799032
0.00495542
0.0154741
0.00918651
0.0046977
0.00526571
0.01123
0.00500671
0.00970675
0.00484346
0.00478425
0.00761003
0.0158701
0.00519341
0.00499147
0.00855862
0.00691106
0.0147888
0.00968945
0.00491304
0.0101421
0.012274
0.0101597
0.0104236
0.00886698
0.0145367
0.00953766
0.00494925
0.00817368
0.0117189
0.00967165
0.00764199
0.00735479
0.0168066
0.0132972
0.0136261
0.00459204
0.00950717
0.0132055
0.00783402
0.0113014
0.0128551
0.0189318
0.0148241
0.00492378
0.0108234
0.0140425
0.00998435
0.0124627
0.0117553
0.0126832
0.0114622
0.00441746
0.0074926
0.0105064
0.00661165
0.00910396
0.00383959
0.00385776
0.00379963
0.0037713
0.00382785
0.00383529
0.00379731
0.00380343
0.00901622
0.00772632
0.00441761
0.00451517
0.00821874
0.00739937
0.00475842
0.00453475
0.011481
0.00456234
0.0117837
0.0111926
0.00992333
0.00838747
0.011323
0.00885917
0.00659324
0.00426887
0.00443914
0.00424649
0.00439977
0.00443272
0.00431888
0.00437868
0.00984686
0.00430698
0.00445982
0.0103778
0.00702059
0.00440724
0.00807812
0.00454989
0.00470931
0.00445111
0.00537328
0.00442026
0.00469383
0.00470473
0.00479944
0.00512421
0.00416828
0.00399482
0.00421726
0.00405977
0.00415555
0.00414731
0.0043076
0.00417361
0.00490039
0.00438032
0.0048025
0.00448178
0.00473027
0.0046838
0.00467017
0.00471355
0.00426766
0.00402166
0.00423185
0.00401329
0.00422819
0.00417032
0.00420539
0.00417211
0.00441894
0.00532321
0.00442376
0.00422619
0.00475106
0.00482548
0.00424166
0.00447394
0.00439444
0.00428811
0.00443104
0.00533608
0.00485356
0.00448492
0.00502816
0.0047481
0.0051273
0.00462583
0.00428412
0.00443664
0.00480112
0.00467703
0.00459381
0.0043938
0.00478597
0.00433987
0.00423153
0.00436209
0.0044885
0.00435278
0.00447768
0.00424267
0.0117233
0.0143076
0.0144402
0.0105821
0.0120526
0.0141683
0.0114235
0.0133402
0.0152878
0.015417
0.0202297
0.0482276
0.0153003
0.0164277
0.0150268
0.016395
0.0166213
0.0215875
0.0206776
0.0209479
0.0164666
0.0201827
0.0160983
0.0182319
0.00706848
0.0202107
0.0178162
0.00508967
0.00752849
0.0164691
0.00845124
0.0132437
0.0145273
0.0144857
0.0151824
0.0264186
0.0140917
0.0140245
0.0219732
0.0165297
0.0163369
0.0269195
0.0200832
0.016857
0.0157875
0.0156395
0.0172369
0.0163321
0.0140774
0.0173269
0.0312505
0.0201314
0.0186692
0.0187705
0.0202399
0.0218793
0.0155299
0.0194121
0.0301469
0.0189327
0.015967
0.0189464
0.0165461
0.0270198
0.0142702
0.00984766
0.0147785
0.00769976
0.0119322
0.0132954
0.00966664
0.0104259
0.0049156
0.0037945
0.00397902
0.00421954
0.00437424
0.00423822
0.00430598
0.004057
0.0144472
0.00501735
0.0156433
0.00762541
0.0104653
0.011477
0.00964156
0.0103774
0.00568079
0.00430221
0.00555727
0.00430637
0.00510795
0.0051364
0.00481502
0.00471398
0.00750145
0.0111738
0.00746721
0.00510363
0.00684061
0.00884917
0.0062741
0.00754466
0.0072364
0.00490902
0.00554703
0.012602
0.00645491
0.00515922
0.00689077
0.00561752
0.00959776
0.00689009
0.00473197
0.00633662
0.00769723
0.00684932
0.00638311
0.0059663
0.0106056
0.00646219
0.00451193
0.00468921
0.00758938
0.00635557
0.00492279
0.00468698
0.0194716
0.0213741
0.0212162
0.00722439
0.020177
0.0210853
0.0146509
0.0167203
0.0191758
0.0185334
0.017048
0.00888309
0.0168581
0.0179102
0.0150571
0.0154831
0.0154863
0.0156214
0.012735
0.0080051
0.0142844
0.0151204
0.0109679
0.0114638
0.00480755
0.00582258
0.00525028
0.00406808
0.00487163
0.00549633
0.00461333
0.00482291
0.0184933
0.0194182
0.00710963
0.00795984
0.0153355
0.0150132
0.00835843
0.0079904
0.0195101
0.00813458
0.0163403
0.0186556
0.0163237
0.0154757
0.017175
0.0160405
0.0134065
0.00674062
0.00761791
0.00763689
0.0081499
0.00756445
0.00847835
0.00785061
0.0140894
0.00844873
0.00763176
0.0138147
0.0125431
0.00940178
0.0132252
0.0113714
0.00913696
0.00919547
0.00867198
0.00856801
0.00854798
0.00905694
0.00859046
0.00909306
0.00541043
0.00381961
0.00443781
0.00419405
0.00426988
0.00417035
0.00438786
0.00427048
0.00618146
0.00467642
0.00470717
0.00492913
0.00532671
0.00497001
0.00524771
0.00489998
0.00703001
0.00456229
0.00480199
0.00600787
0.0052024
0.00478913
0.00521636
0.00476516
0.0075599
0.00913152
0.00828384
0.00470636
0.00853426
0.00922637
0.00698227
0.0080849
0.00685202
0.00449334
0.00479736
0.00811161
0.00715288
0.00467055
0.00844527
0.0050296
0.00820962
0.00795482
0.00486336
0.00519665
0.00734852
0.00758335
0.00523735
0.00505372
0.00723254
0.00485679
0.00457556
0.00474396
0.00527891
0.00498987
0.00504257
0.00475266
0.0151366
0.0224351
0.00940389
0.0161983
0.0163479
0.0161556
0.0152897
0.0152249
0.023433
0.0207947
0.0115572
0.0191879
0.0214227
0.0160969
0.0184489
0.0149199
0.0107807
0.0150772
0.012211
0.0165614
0.0169602
0.0151254
0.0180172
0.019766
0.0161995
0.0181725
0.0128744
0.0143921
0.0159662
0.0147403
0.0142652
0.0139257
0.0218259
0.0109778
0.0166602
0.0193771
0.0196606
0.0155976
0.020832
0.0162307
0.0169553
0.0162404
0.0122223
0.0110506
0.0157159
0.0160298
0.0132309
0.0142053
0.0110259
0.0157817
0.0179288
0.0128524
0.0118858
0.01579
0.0130977
0.0150792
0.01193
0.0134551
0.0160911
0.0141501
0.0128584
0.0132367
0.0142303
0.0143299
0.0136495
0.0213875
0.0155384
0.00979488
0.0127738
0.0158778
0.0125895
0.0142173
0.0227446
0.0237013
0.0279809
0.0317583
0.0246499
0.0255583
0.0277464
0.0264425
0.0155877
0.026584
0.0169403
0.0190748
0.0146884
0.0158183
0.0141921
0.0147322
0.00636875
0.0172851
0.00874641
0.00480017
0.00602239
0.00833893
0.00623102
0.00751445
0.0225011
0.0145752
0.0093081
0.020709
0.0219272
0.0142026
0.0205728
0.0138822
0.0242666
0.0270563
0.0285824
0.0156999
0.0243478
0.0305936
0.0233176
0.0276145
0.0138253
0.00918956
0.0212331
0.0125108
0.0111788
0.0116285
0.0118641
0.0122382
0.0141637
0.0151056
0.0249612
0.0288923
0.0151716
0.0171698
0.0286301
0.0282042
0.01255
0.0131785
0.01301
0.00643409
0.0111121
0.012342
0.0108061
0.0117562
0.0135807
0.013024
0.0155982
0.00820119
0.01202
0.013891
0.0113792
0.0126892
0.0146884
0.0176752
0.0163759
0.00662704
0.0139903
0.0158886
0.0134991
0.0147229
0.00618283
0.00760705
0.00520705
0.00470135
0.00598776
0.00605143
0.00566624
0.00543119
0.0118449
0.0118137
0.00650733
0.00735515
0.0112254
0.0108823
0.0071447
0.00675431
0.0137779
0.00789367
0.0159836
0.0138325
0.0129614
0.0122115
0.01443
0.013453
0.0114657
0.00648313
0.007077
0.00657198
0.00695767
0.00680495
0.00684678
0.00687778
0.013236
0.0064143
0.00699465
0.0149824
0.0128802
0.00711634
0.0131783
0.00710486
0.0085176
0.00827678
0.0078974
0.00849677
0.00847809
0.00818034
0.00836383
0.00805838
0.00619628
0.00493385
0.0057901
0.0050846
0.00557
0.00539436
0.00546978
0.00552406
0.00754321
0.00654555
0.00709569
0.00652498
0.0067056
0.00670011
0.00669674
0.00662816
0.00693292
0.00501581
0.00633773
0.00617321
0.00577014
0.00576549
0.00620281
0.00623084
0.0083819
0.00796042
0.00809342
0.00571764
0.00816505
0.00806588
0.00740944
0.0079006
0.00767018
0.00557965
0.00621355
0.00782024
0.00790276
0.00613314
0.0077554
0.00637154
0.00776931
0.00769749
0.00554531
0.00635715
0.00764705
0.00764205
0.00632079
0.00614448
0.00772908
0.00648488
0.00573791
0.00634841
0.0064964
0.00625677
0.00628058
0.00595185
0.00375306
0.00375532
0.0037548
0.00376987
0.00375834
0.00375503
0.00376264
0.00376103
0.00375709
0.00376093
0.00376045
0.00378974
0.00376953
0.00376076
0.00377752
0.00377128
0.00376018
0.00376055
0.00376223
0.00380051
0.0037718
0.00376085
0.00378463
0.00377436
0.00380607
0.00382346
0.00383662
0.00387772
0.00382918
0.00382067
0.00385379
0.00384693
0.00376082
0.00376361
0.00378177
0.00379493
0.00376594
0.00376551
0.00377685
0.00377596
0.00375566
0.00378748
0.00376034
0.00375677
0.00376245
0.00377587
0.00375654
0.00376845
0.00377256
0.00379374
0.00380888
0.0038187
0.00378371
0.00379006
0.0038002
0.00380716
0.00376846
0.00381205
0.00380104
0.00377085
0.00378134
0.00379321
0.00377924
0.00379107
0.00655311
0.00666344
0.00639711
0.00578078
0.00597354
0.00603953
0.00592763
0.00596887
0.00609653
0.00541363
0.00643663
0.00518756
0.00559278
0.00567523
0.00541575
0.00556154
0.00924909
0.00965534
0.018027
0.0114219
0.0106302
0.011315
0.0114977
0.012379
0.0054423
0.00504129
0.00873815
0.00482208
0.00523386
0.00539777
0.00542501
0.00561305
0.00608141
0.00655001
0.00567725
0.00509375
0.0059761
0.00578259
0.00574754
0.00568808
0.00626332
0.00526966
0.00727807
0.00680546
0.00613406
0.00545474
0.00650929
0.0068484
0.00688715
0.0056025
0.00527257
0.00885167
0.00691197
0.00567927
0.00783044
0.00562019
0.00733748
0.00899612
0.00533887
0.00772856
0.00867347
0.00824506
0.00763804
0.00693634
0.00377327
0.00376805
0.00381583
0.00381975
0.00378439
0.00378808
0.00380127
0.00380125
0.00375836
0.00376164
0.00378456
0.00379024
0.00376735
0.00376443
0.00377868
0.00377598
0.00385178
0.00382472
0.00389129
0.00393873
0.00386091
0.00385717
0.0038872
0.00387783
0.00387383
0.00382573
0.00397046
0.00394588
0.00387838
0.0038734
0.0039243
0.0039042
0.0037752
0.00382375
0.00382508
0.00380179
0.00378699
0.0038106
0.00379424
0.00382524
0.00377326
0.00380609
0.00380247
0.0038203
0.00378519
0.00379345
0.00379229
0.0038013
0.00384635
0.00385789
0.00381589
0.00393199
0.00388271
0.00384594
0.00388731
0.00385573
0.00383776
0.00390473
0.00381877
0.00381527
0.00384689
0.00387515
0.00381512
0.00383228
0.0131172
0.0126131
0.00743956
0.00731888
0.010224
0.00965225
0.00771684
0.00760018
0.0111866
0.014526
0.00643513
0.00643927
0.0102271
0.00966711
0.00697848
0.00717362
0.00713607
0.00614044
0.0069738
0.00694111
0.00667057
0.00652993
0.0070523
0.00682036
0.00562945
0.00614714
0.00556381
0.00450278
0.005877
0.00599814
0.00503283
0.00520901
0.0101251
0.00679658
0.00672607
0.00612745
0.00677945
0.00680093
0.00620651
0.00647077
0.00947481
0.00594071
0.00590717
0.0065175
0.00696762
0.00629148
0.00652306
0.00612443
0.00715152
0.00622876
0.00602702
0.00651965
0.00677324
0.00627188
0.00644251
0.00606833
0.00681396
0.00656293
0.00593353
0.00605177
0.00660198
0.00649032
0.00624709
0.00624524
0.00740689
0.00600521
0.00593435
0.0060805
0.00722952
0.00637213
0.00697046
0.0060352
0.00473792
0.00409752
0.00411724
0.00434124
0.00461135
0.00424375
0.00449913
0.00414278
0.00484049
0.00422
0.0045955
0.00445317
0.0045676
0.00435265
0.00465479
0.00446119
0.00502685
0.00438888
0.00433034
0.00428996
0.00487505
0.00456239
0.00448388
0.00425237
0.00571486
0.00565994
0.00617041
0.0051148
0.00534013
0.00551091
0.00529545
0.00547797
0.00490075
0.00459082
0.00424065
0.00509653
0.00485924
0.00464444
0.00485519
0.0046564
0.00552578
0.00539729
0.00470779
0.00466436
0.00507422
0.00507788
0.004771
0.00471677
0.00485552
0.00438256
0.00428569
0.00419284
0.00450584
0.00438648
0.00445148
0.00421826
0.00376842
0.00376412
0.00378569
0.00380286
0.00378055
0.00376625
0.00379009
0.00377821
0.00377148
0.00377277
0.00381375
0.00381752
0.0037886
0.0037835
0.00380195
0.00379982
0.00382754
0.00385863
0.00390079
0.00398293
0.00387343
0.00386547
0.00389303
0.00389146
0.00385423
0.00390348
0.00404715
0.00419782
0.00395608
0.00392027
0.00399086
0.00399123
0.0037825
0.00380855
0.00382232
0.0038346
0.00379394
0.0038012
0.00380439
0.00381437
0.00377915
0.00383251
0.00382447
0.00380515
0.00379176
0.00381405
0.00379896
0.00382739
0.00382153
0.00383537
0.00385686
0.00393683
0.00384233
0.00382943
0.00390164
0.00387419
0.00381952
0.00396461
0.00386449
0.00384636
0.00385894
0.00391093
0.00384489
0.00389995
0.00477998
0.00680693
0.0118206
0.0122419
0.00702676
0.00878232
0.00820606
0.010354
0.00851579
0.0105255
0.0141596
0.0234202
0.00995995
0.011776
0.0114252
0.0134169
0.0223931
0.0213414
0.0338078
0.0312492
0.0236703
0.0266426
0.0267486
0.0298407
0.0244542
0.035087
0.0352833
0.0313029
0.0320401
0.0324221
0.0333129
0.0360239
0.00797342
0.0145416
0.0174411
0.0221491
0.00971226
0.0123834
0.017202
0.0179659
0.00907236
0.0229484
0.0161994
0.0167355
0.0106617
0.0126307
0.0120846
0.0144476
0.0168731
0.0191623
0.024264
0.0294524
0.0211741
0.0211097
0.0264991
0.0251898
0.0192801
0.0306432
0.0262441
0.018907
0.0205935
0.0266461
0.0170244
0.0248342
0.0112651
0.00940577
0.0120583
0.00722025
0.0100168
0.0110483
0.00863565
0.00918187
0.0050581
0.00380326
0.0041898
0.00437171
0.00450286
0.00436458
0.00447373
0.00421368
0.0115116
0.00539211
0.0115615
0.00624728
0.00848739
0.00950081
0.00756223
0.00795982
0.00554873
0.00466703
0.00482568
0.00438445
0.00510389
0.00519146
0.00463445
0.00453371
0.0078947
0.0094947
0.00715563
0.00532302
0.00760447
0.00842708
0.00710193
0.00747238
0.00716073
0.00517763
0.00562579
0.0110652
0.0065829
0.00553408
0.00684892
0.0058107
0.00778844
0.00610021
0.00512909
0.00532087
0.00646733
0.00614691
0.00599219
0.00569658
0.0086767
0.00538
0.00504236
0.00518994
0.00679339
0.00620516
0.00544054
0.00565199
0.00375584
0.00378613
0.00376721
0.00378675
0.00376997
0.00377786
0.00377864
0.00378588
0.00382214
0.00387935
0.00385206
0.00388565
0.00384295
0.00386286
0.00386326
0.00389017
0.00377019
0.00382311
0.00378325
0.00382288
0.00378954
0.00380581
0.00380435
0.00382874
0.00382665
0.00389051
0.00385757
0.00389389
0.00384875
0.00386782
0.00387058
0.00390115
0.00380291
0.00378396
0.00380416
0.00385024
0.00381558
0.0037974
0.00382944
0.00381658
0.00381308
0.00386393
0.00383705
0.00379226
0.00382438
0.00383807
0.00380225
0.00382228
0.00379125
0.00381611
0.00386539
0.00383897
0.00380191
0.00382607
0.0038222
0.00384004
0.00379652
0.00386874
0.0038941
0.00386199
0.00380787
0.00383479
0.0038324
0.00385601
0.00709047
0.00780877
0.00712228
0.00651152
0.00674089
0.00753573
0.00667382
0.00734929
0.0079432
0.0104682
0.0105677
0.00711677
0.00842938
0.0095048
0.00720165
0.00778748
0.00618426
0.00964593
0.0152059
0.00952984
0.00670977
0.0090983
0.00960463
0.01029
0.00607974
0.00575698
0.0102334
0.00515524
0.00611686
0.00627526
0.00624396
0.00655243
0.00832982
0.00719471
0.00642374
0.00783679
0.00779452
0.00757222
0.00766047
0.00740235
0.00813513
0.0067708
0.00996628
0.00655872
0.0072844
0.00679553
0.00687449
0.00693765
0.00623459
0.00609657
0.00614062
0.00910653
0.0062478
0.0063226
0.00616528
0.00623728
0.00572622
0.00774891
0.00573335
0.00760139
0.00594415
0.00547128
0.00620938
0.00551002
0.00471601
0.00796222
0.00484501
0.00376402
0.00444147
0.006014
0.00390192
0.00459622
0.00984976
0.0126149
0.01086
0.00412631
0.00722649
0.00951669
0.00543582
0.0075822
0.00491207
0.00874126
0.00430863
0.00377834
0.00489148
0.00643805
0.0040303
0.00437537
0.00375421
0.00377391
0.00375445
0.00375573
0.00375951
0.00376417
0.00375456
0.00375983
0.0057197
0.00480734
0.00376368
0.00384721
0.00423061
0.00442831
0.00386249
0.00379884
0.00747735
0.00395101
0.00823072
0.00659167
0.00581618
0.00568255
0.00860361
0.00630243
0.00399986
0.00375504
0.00378271
0.00375561
0.00376327
0.00376602
0.00376309
0.00377084
0.00493997
0.0037798
0.00389604
0.00635589
0.00471472
0.00383421
0.00450224
0.00392582
0.011635
0.0150758
0.014492
0.02082
0.0140711
0.0128682
0.0186429
0.0151418
0.0231756
0.0309976
0.0270031
0.03235
0.03036
0.0308116
0.0310593
0.0327389
0.0110787
0.0131104
0.00545112
0.0118838
0.0098534
0.00723551
0.0107481
0.00692037
0.0300243
0.0291549
0.0225049
0.035735
0.0296985
0.0263411
0.0340946
0.0280826
0.0189025
0.0151359
0.0221604
0.0268788
0.0205732
0.0172138
0.0224411
0.0197168
0.0193795
0.0275461
0.0188419
0.0123365
0.0216134
0.0259438
0.0191033
0.0211302
0.0182596
0.0278011
0.0269981
0.0211857
0.0200431
0.0221859
0.0191428
0.0235536
0.0131326
0.0155865
0.0294771
0.0192743
0.0131615
0.0152834
0.0204208
0.0226771
0.00734165
0.00479965
0.00658254
0.00489065
0.00562575
0.00512311
0.00668248
0.00613651
0.00456889
0.00437041
0.00577799
0.0044608
0.00469023
0.00526305
0.00528831
0.00580956
0.0083689
0.00785121
0.00704117
0.00630352
0.00802033
0.0080839
0.00708721
0.00693743
0.00431904
0.00447041
0.00627022
0.00449165
0.0043936
0.00529416
0.0052967
0.00614098
0.0047298
0.00639301
0.00460198
0.00435919
0.00544168
0.00539223
0.00437495
0.00476606
0.00508505
0.00517233
0.00687715
0.0070721
0.00622274
0.00540711
0.0066146
0.00670254
0.00744754
0.00511227
0.00535203
0.00722602
0.00659678
0.00567633
0.00649452
0.00561332
0.00821468
0.00649136
0.00645389
0.0082255
0.00779094
0.00712326
0.00826093
0.00646101
0.0049672
0.00498879
0.00743147
0.00379516
0.00429873
0.00658404
0.00427714
0.00549356
0.00505636
0.00477781
0.0070657
0.0038154
0.00441007
0.00625452
0.00448238
0.00566518
0.00892019
0.00821092
0.00984839
0.00467749
0.00627975
0.00898482
0.00589391
0.00753482
0.00375496
0.0037564
0.00389071
0.00376013
0.0037552
0.0037661
0.00376477
0.00378249
0.00438915
0.00536393
0.00378015
0.00378478
0.00440809
0.00465213
0.00380214
0.00387707
0.00653255
0.00390998
0.00763007
0.00829383
0.00551478
0.00466407
0.00731184
0.00526116
0.00498185
0.00379448
0.0038017
0.00405261
0.00396695
0.00386479
0.00394941
0.0038551
0.00672753
0.00430378
0.00390728
0.00633384
0.00547243
0.0042669
0.00498398
0.00406862
0.00380331
0.00471537
0.00418886
0.00391846
0.00392836
0.0045387
0.00395536
0.00485756
0.0102504
0.0122715
0.0118984
0.0128034
0.00964422
0.0110434
0.0118424
0.0116999
0.00518658
0.0140583
0.0148753
0.00525555
0.00558515
0.0133637
0.00547458
0.0130004
0.00397206
0.00586824
0.0042713
0.00394596
0.00412982
0.00542842
0.0039592
0.0045014
0.00557638
0.00487106
0.00414898
0.00700332
0.00558865
0.00500178
0.00588319
0.00567198
0.0115859
0.0130706
0.0111131
0.00590544
0.0102293
0.0122162
0.00725106
0.0084287
0.00449072
0.00404539
0.00584942
0.00435111
0.00439847
0.00520713
0.00514573
0.00548304
0.00571895
0.00561948
0.0108833
0.0120511
0.00576415
0.00590359
0.00724127
0.00730608
0.0241707
0.0228158
0.0224148
0.00521615
0.014571
0.0215483
0.0123004
0.0180676
0.0209057
0.0234975
0.0208048
0.00599589
0.0142784
0.0189918
0.0138229
0.0168047
0.0210105
0.0205047
0.0207646
0.00490768
0.0121927
0.0193094
0.0102213
0.0166958
0.00390514
0.00405109
0.00384219
0.00379174
0.00390851
0.00394123
0.00382181
0.0038439
0.0134745
0.0123461
0.00495457
0.00533126
0.0122393
0.0114029
0.00563465
0.00532576
0.0188765
0.00567417
0.0191089
0.0196835
0.0159516
0.012536
0.019243
0.0135211
0.0103374
0.00465369
0.0051763
0.00456938
0.00506898
0.00502553
0.00488623
0.00492667
0.0168595
0.00484914
0.00539052
0.0164491
0.011161
0.00535037
0.01233
0.00559415
0.0355426
0.0259039
0.0213887
0.0283753
0.0314957
0.0308712
0.0282512
0.0281468
0.0113415
0.00526423
0.0080037
0.00938612
0.00608625
0.00609738
0.00846549
0.00848108
0.0128744
0.0085987
0.00526602
0.0135812
0.0104056
0.00858795
0.0105761
0.00818639
0.025102
0.0175064
0.0230118
0.0289494
0.0218588
0.020459
0.0256897
0.0244262
0.0176553
0.0190675
0.0247904
0.0122436
0.0189374
0.0223927
0.0188718
0.0235686
0.0162365
0.0116427
0.00850464
0.0172364
0.016376
0.0100169
0.0146458
0.00951067
0.0181441
0.0242142
0.0158459
0.0194868
0.01924
0.0228527
0.0164427
0.0179027
0.0165206
0.0173369
0.015123
0.0103743
0.0128791
0.0147678
0.0117105
0.0134716
0.00375377
0.00375626
0.00375891
0.00378391
0.00375819
0.00375453
0.00377005
0.00376595
0.00375324
0.00375287
0.00375345
0.00377325
0.0037571
0.00375383
0.00376324
0.00375674
0.0037616
0.00376004
0.00376121
0.00379581
0.00377032
0.00376029
0.00378047
0.0037728
0.00382526
0.0038094
0.0038361
0.00388364
0.00383255
0.00381847
0.0038615
0.00384618
0.00376676
0.00376715
0.00380008
0.00378954
0.00377484
0.00377983
0.00378631
0.00378961
0.00375747
0.00377922
0.00375446
0.0037578
0.00376832
0.00377161
0.00375955
0.0037626
0.00377709
0.00381017
0.0037982
0.00381611
0.00378995
0.00380219
0.00379922
0.00380934
0.00377082
0.00380622
0.00379072
0.00376528
0.00377972
0.00378789
0.0037715
0.00378206
0.00492627
0.00438436
0.00479948
0.00445443
0.00471013
0.00468464
0.00467824
0.0046663
0.00412181
0.00433527
0.00542702
0.00430161
0.00412541
0.00457381
0.00437335
0.00509674
0.00547681
0.00585082
0.00625547
0.00578254
0.0053176
0.00609392
0.00573974
0.00610351
0.00421564
0.00443697
0.00563179
0.0045786
0.00420454
0.00456485
0.00450919
0.00529094
0.00418462
0.00453023
0.00422075
0.00414559
0.00428948
0.00433844
0.00416874
0.00427066
0.00423502
0.00435933
0.00552537
0.0049761
0.00445164
0.00446746
0.00475616
0.00474279
0.00489147
0.0043252
0.00439303
0.00522667
0.00465765
0.00451332
0.00466182
0.00450648
0.00524243
0.00554168
0.00483377
0.0056823
0.00510124
0.00510872
0.00502888
0.00504753
0.0037608
0.00376434
0.00378937
0.00379671
0.00377599
0.00377021
0.00378634
0.00378226
0.00377093
0.00377446
0.00383572
0.00382043
0.00379019
0.0037854
0.00380522
0.00380999
0.00382987
0.0039049
0.00396336
0.00400605
0.0038847
0.00390116
0.00391689
0.00396029
0.00385116
0.00389399
0.00400623
0.00409704
0.00394684
0.00390713
0.00397586
0.00396222
0.00378209
0.00381095
0.00382064
0.00383515
0.00379387
0.00380264
0.00380472
0.00381511
0.00377886
0.00383346
0.00384121
0.00380615
0.00379188
0.003817
0.00380013
0.00383334
0.00382424
0.00383435
0.00385591
0.00393187
0.00384451
0.00383084
0.00389754
0.00387035
0.00382092
0.00397559
0.00387099
0.00388559
0.00386809
0.00391947
0.00385722
0.00391186
0.00857833
0.0119196
0.00957148
0.00759496
0.00864266
0.00945617
0.00813446
0.00964608
0.0114134
0.0134526
0.0134054
0.00966821
0.0111499
0.0127787
0.0110197
0.0132494
0.00987794
0.0124488
0.0111289
0.0127191
0.0104467
0.0109427
0.0106598
0.0114323
0.00565889
0.00595847
0.00675854
0.00422409
0.00565045
0.00621744
0.00535551
0.00596773
0.0102731
0.00984546
0.00793284
0.00907565
0.0100328
0.00987296
0.00904906
0.00920489
0.0103259
0.0101886
0.012007
0.00981353
0.0104654
0.0106483
0.0106682
0.0111173
0.00968616
0.00735901
0.0085195
0.00926658
0.00975313
0.00910519
0.0100039
0.00871223
0.0101257
0.011668
0.00997183
0.0126026
0.0107656
0.0116438
0.0111283
0.0110736
0.0125136
0.0138819
0.00901768
0.00829938
0.0110232
0.0123644
0.00884298
0.00895505
0.0162618
0.0150637
0.00570013
0.00697815
0.0130308
0.0136113
0.00828831
0.00743986
0.00495986
0.00407304
0.00378689
0.00388383
0.00432571
0.00416259
0.00389226
0.00381551
0.00691494
0.0060254
0.0043041
0.00664605
0.00615567
0.00605002
0.00523336
0.0050522
0.0129527
0.00744194
0.0079982
0.00684913
0.00875066
0.00818817
0.00793367
0.00797452
0.0142169
0.00706431
0.00562534
0.0070344
0.00850716
0.00743442
0.00702979
0.00563697
0.00610296
0.00737054
0.00563477
0.00437661
0.00562563
0.00658312
0.00497267
0.00574811
0.00571402
0.00410146
0.00519146
0.00455647
0.00486478
0.00488148
0.00493185
0.00466827
0.00375787
0.00379747
0.00376304
0.00378925
0.00378364
0.00378669
0.00378307
0.00378075
0.00384932
0.00407189
0.00395963
0.00418235
0.00401866
0.00403252
0.00406792
0.00413901
0.0037727
0.0038511
0.00377536
0.00385492
0.00381238
0.00380164
0.00381648
0.0038106
0.00384014
0.00415011
0.00395071
0.00404079
0.00398939
0.00402086
0.00401006
0.00407319
0.00383465
0.00379282
0.00382676
0.004038
0.00383389
0.00380208
0.00385273
0.00382754
0.00383321
0.00405802
0.00390155
0.0037947
0.00383334
0.00391955
0.00380734
0.00390682
0.00379635
0.00382881
0.00408212
0.00392828
0.00380697
0.00383329
0.00390914
0.003921
0.00379306
0.00396625
0.00416492
0.00396754
0.0038275
0.00390956
0.00393902
0.00401094
0.0101358
0.00808646
0.0114431
0.00835905
0.00902961
0.00869006
0.0094952
0.0091188
0.00762635
0.00774325
0.00891973
0.00707612
0.00734145
0.0073895
0.00798511
0.00818425
0.0117573
0.00910907
0.0130243
0.00776483
0.0101016
0.0096138
0.0105538
0.00989092
0.00726912
0.00676497
0.0077474
0.00748
0.0069592
0.00700941
0.00762353
0.00773676
0.00795711
0.0100473
0.00794975
0.00700309
0.00834816
0.00878187
0.00774016
0.00786525
0.00798427
0.00708452
0.00938264
0.00962746
0.00855283
0.00873813
0.00922526
0.00922752
0.00991951
0.00766418
0.00692695
0.00753059
0.00782793
0.0076273
0.00748401
0.00732714
0.00949923
0.00742678
0.00697146
0.00886656
0.00887984
0.00782216
0.0088843
0.00789158
0.00487496
0.00487885
0.0038013
0.00730503
0.00655841
0.00427827
0.00563619
0.00437128
0.0047892
0.0048951
0.00381172
0.00796129
0.0067835
0.00436078
0.00583202
0.00459284
0.00375498
0.00375529
0.00375891
0.00379928
0.00376179
0.00375483
0.00376782
0.00376265
0.00909303
0.00969217
0.00430507
0.0104985
0.00997696
0.00666146
0.00831025
0.00623332
0.00659788
0.0038705
0.00839852
0.00887296
0.00563855
0.00478099
0.00747367
0.00532929
0.00428143
0.00570661
0.00378651
0.00378038
0.00440872
0.00496682
0.00380039
0.00387634
0.00386201
0.00695596
0.00742431
0.00412124
0.00397818
0.00505404
0.0041186
0.00568373
0.00379641
0.0040109
0.00549047
0.00380959
0.00385625
0.00396517
0.00387739
0.0040235
0.0113062
0.00903405
0.0059055
0.0089042
0.0108848
0.00673688
0.00831076
0.00611
0.00961024
0.0124171
0.00572887
0.00533102
0.00829294
0.00770026
0.00620607
0.00682488
0.00617905
0.00489114
0.0121844
0.00695775
0.00663984
0.00718455
0.00715913
0.0082857
0.00550488
0.00234365
0.00376732
0.00400201
0.00462947
0.00221955
0.00320112
0.00192213
0.0076765
0.00547537
0.00750018
0.00367653
0.00562228
0.00515246
0.00510953
0.0042833
0.0061054
0.00396677
0.00503651
0.00577701
0.00529134
0.00471058
0.00472195
0.00430107
0.00530883
0.00535902
0.00264028
0.00401486
0.00477717
0.00362502
0.00415325
0.00280755
0.00547163
0.00426721
0.00328344
0.00478111
0.00468454
0.0040948
0.00412418
0.00356748
0.00376979
0.00376728
0.00381778
0.00380866
0.00378484
0.00377602
0.00379391
0.00379001
0.00376794
0.00377139
0.00385028
0.0038182
0.00378669
0.00378022
0.00380157
0.00380432
0.00455908
0.00464645
0.00828219
0.00530376
0.00525492
0.00573251
0.00544825
0.00589937
0.00386091
0.00389103
0.00435633
0.00399764
0.00391098
0.00391161
0.00395714
0.00398183
0.0037822
0.00397837
0.00382549
0.00382995
0.0037915
0.00381004
0.00380267
0.00381837
0.00377476
0.00383089
0.00396481
0.00406653
0.00378696
0.0038152
0.00381109
0.00391256
0.00408565
0.00384346
0.00385882
0.00428129
0.00408945
0.0038461
0.0041838
0.00388914
0.00415759
0.00434896
0.00387617
0.00410664
0.00425037
0.00424152
0.0040288
0.0040862
0.01151
0.00741237
0.00872312
0.00940923
0.00981124
0.00922915
0.00989786
0.00838215
0.00704691
0.00965812
0.00846393
0.00626845
0.00703678
0.00809836
0.00679022
0.00776195
0.00830878
0.00852269
0.0124172
0.00708062
0.00807641
0.00956356
0.00830522
0.00985526
0.00834298
0.0052919
0.00604775
0.0048946
0.00694298
0.00593842
0.00694621
0.00575146
0.00668831
0.00762886
0.00845935
0.00621579
0.00677787
0.00744306
0.00638321
0.00672603
0.00681194
0.00678531
0.00816021
0.00718531
0.00685683
0.00697138
0.00714031
0.00749524
0.00766132
0.0088917
0.00612372
0.00696444
0.00717032
0.00679304
0.00685968
0.00653127
0.00747851
0.00685957
0.00675633
0.00833016
0.00737714
0.00694137
0.00759782
0.00723258
0.007808
0.00721872
0.00784022
0.00733367
0.00733185
0.00749638
0.00778361
0.00771339
0.00597268
0.00411795
0.0040001
0.0045392
0.00445978
0.00413643
0.00445268
0.00405211
0.00467242
0.00388655
0.00379483
0.00395121
0.00411302
0.00387088
0.00390392
0.00381811
0.00760964
0.00510658
0.00470083
0.00765544
0.00675825
0.00535976
0.00712785
0.004918
0.00730007
0.00767727
0.00715784
0.00500157
0.00737028
0.00799075
0.00665119
0.00730511
0.00652211
0.00469526
0.00400693
0.00622132
0.00632093
0.00459567
0.00637528
0.00442921
0.00702394
0.0070568
0.00504732
0.00477703
0.00616948
0.0063011
0.0049719
0.00520501
0.00517347
0.00407646
0.00449908
0.00393682
0.0043515
0.00440195
0.00436856
0.00442343
0.0175248
0.00821158
0.0117815
0.00746255
0.0111175
0.00952331
0.0114588
0.00987306
0.00815509
0.00655225
0.00654008
0.00673112
0.00713988
0.00636132
0.00720692
0.00625493
0.0107168
0.00729004
0.0103469
0.00672133
0.00790104
0.00813222
0.00810814
0.00847512
0.00744501
0.00689001
0.00723191
0.00586579
0.00769021
0.00722737
0.00759912
0.00702146
0.00726788
0.00837091
0.00681687
0.00717295
0.00725059
0.00741801
0.00705551
0.00655607
0.00783899
0.00710769
0.00698183
0.00866765
0.0079807
0.00788663
0.00792075
0.00713658
0.00867324
0.00696928
0.00712112
0.00652926
0.00625728
0.00644675
0.00642403
0.00669275
0.00909081
0.00699026
0.00693678
0.00704934
0.00751888
0.00696257
0.00710241
0.00694437
0.00380258
0.00414739
0.00496126
0.00395831
0.00385305
0.00423299
0.00398841
0.00442166
0.00573603
0.0133554
0.0148038
0.0064771
0.00679697
0.0123299
0.00743996
0.0117065
0.00823041
0.0128813
0.0116683
0.0068176
0.00789583
0.0118834
0.0077338
0.0101647
0.00450833
0.00702183
0.00737389
0.00567306
0.00515295
0.00703947
0.00537869
0.00760564
0.00465404
0.00562502
0.00428042
0.00566326
0.00505594
0.00494776
0.00486404
0.00502788
0.00572182
0.00636177
0.0132382
0.00668344
0.00564071
0.00663626
0.00678943
0.00762945
0.00583011
0.00459858
0.00593473
0.00615238
0.00576907
0.00523554
0.00603016
0.00599358
0.0069015
0.00663635
0.00616935
0.0116818
0.0074353
0.00690252
0.00778357
0.0069644
0.0123228
0.0154364
0.0158621
0.00655486
0.0115341
0.0166816
0.0112187
0.0145716
0.0183862
0.0200333
0.0179121
0.00882455
0.0149228
0.0202003
0.0147073
0.0171586
0.0147768
0.0156616
0.0143872
0.00749564
0.012893
0.0161422
0.0123348
0.0135997
0.00581109
0.00543802
0.00566419
0.0045201
0.00508167
0.00563313
0.00522314
0.00552861
0.0140345
0.0131547
0.00668207
0.00702494
0.0133543
0.0123712
0.00736831
0.00724899
0.019055
0.0090576
0.0180376
0.016621
0.0156005
0.0134676
0.0160409
0.0143081
0.0124165
0.00641308
0.00718566
0.00710784
0.00715929
0.00686446
0.00709839
0.00704678
0.0139655
0.00771768
0.00823549
0.0146731
0.0121498
0.0081254
0.0132153
0.00816755
0.00378101
0.00469674
0.00391501
0.00383932
0.00383111
0.00414598
0.00382156
0.00408798
0.00941532
0.0167302
0.0178657
0.0115145
0.0102788
0.0157493
0.01206
0.0156176
0.00506717
0.0170353
0.0153347
0.00673401
0.00888313
0.0140302
0.00622891
0.0161092
0.00415567
0.0089495
0.00917342
0.00667591
0.0053825
0.009041
0.00614141
0.00977754
0.00686847
0.0048828
0.00440392
0.0085767
0.00585233
0.00477725
0.00568955
0.00503104
0.00817231
0.011129
0.0167083
0.00556161
0.00815036
0.0113607
0.00799063
0.0129706
0.00449462
0.00401934
0.00839185
0.00693722
0.00447633
0.00482867
0.00758848
0.007152
0.00548277
0.00743115
0.0109318
0.0166417
0.00845673
0.00893426
0.0138783
0.0112665
0.0367642
0.0274899
0.0539027
0.0371593
0.0366565
0.0375445
0.0389047
0.040049
0.0193127
0.00768541
0.0144738
0.0152356
0.0172606
0.0144149
0.0180707
0.0140902
0.102719
0.0254198
0.04882
0.0352239
0.0842911
0.0516885
0.107285
0.0495882
0.0312061
0.0200086
0.0326816
0.0174389
0.0296408
0.0296218
0.0298881
0.0292869
0.0276575
0.0505322
0.0359507
0.0265408
0.0287466
0.0381196
0.0273582
0.0326968
0.0273898
0.0278411
0.0244345
0.0569521
0.0283074
0.027356
0.030006
0.0285475
0.0508101
0.037609
0.0262718
0.0375654
0.0398246
0.0334653
0.0357073
0.0316895
0.0635665
0.0345988
0.0276327
0.0244701
0.0540923
0.0350369
0.0304423
0.030328
0.00938066
0.00928762
0.00770763
0.00792238
0.00802648
0.0081033
0.00803289
0.00797763
0.00876025
0.0163903
0.0153782
0.0086214
0.00884372
0.0136974
0.00878638
0.014732
0.00805538
0.0145834
0.014525
0.00901523
0.00880371
0.0124795
0.00855362
0.0130575
0.00713932
0.0112407
0.00827489
0.00720189
0.00754977
0.0102971
0.00710493
0.0103324
0.00924392
0.0083039
0.00802289
0.0103358
0.00923147
0.00843612
0.00959947
0.00873381
0.008376
0.00858342
0.0130594
0.00809903
0.0086123
0.00875662
0.00891851
0.00942841
0.00780742
0.00775037
0.0102336
0.00808757
0.00805054
0.00873606
0.00865786
0.00937869
0.00815121
0.00906177
0.00882274
0.0137862
0.0084528
0.00875268
0.00899333
0.00910969
0.0108466
0.0123385
0.0081074
0.00731909
0.00871183
0.01049
0.0075555
0.00783464
0.0146903
0.0180108
0.00536846
0.00666377
0.0134113
0.0149579
0.00688019
0.00632471
0.00444425
0.00386139
0.00377931
0.00382955
0.00393994
0.00387279
0.00381932
0.00379662
0.00582748
0.004652
0.00390521
0.00408942
0.00486161
0.00482938
0.00404916
0.00398498
0.0107442
0.00725613
0.00715155
0.0062654
0.00697972
0.0074605
0.006881
0.00710576
0.0127986
0.00633972
0.00513255
0.00665684
0.00700358
0.00609931
0.00673731
0.00523129
0.00616434
0.00635216
0.00468965
0.00391234
0.00629597
0.0060915
0.00465495
0.00491165
0.00543331
0.00386339
0.00448586
0.00410485
0.00435401
0.0044103
0.00429932
0.00430555
0.00376929
0.00376976
0.00380172
0.00379875
0.0037799
0.00378398
0.00379122
0.00379494
0.00377348
0.00378537
0.003854
0.00387926
0.00379009
0.00380569
0.00381209
0.00383933
0.00384249
0.00391537
0.00396119
0.00402625
0.00387007
0.00391192
0.00389768
0.00394261
0.00383406
0.00392844
0.00402377
0.00393643
0.00385915
0.00393053
0.0038884
0.00400436
0.00378258
0.00381472
0.00381059
0.00383032
0.00379568
0.00380719
0.00380805
0.00382095
0.00378893
0.00388624
0.00386016
0.00382193
0.00380186
0.00382479
0.00381203
0.0038351
0.00382862
0.00382405
0.00385847
0.00390872
0.00384755
0.00383488
0.00387536
0.00386451
0.00383573
0.00400304
0.00395284
0.00389278
0.00386564
0.00395087
0.00385965
0.00397017
0.016522
0.015181
0.0118896
0.00918394
0.0145353
0.0141462
0.0104854
0.0130819
0.0146239
0.013519
0.00835417
0.0102037
0.0128379
0.0125687
0.0098384
0.00888251
0.0100076
0.0086371
0.00781112
0.0085165
0.0096982
0.0084617
0.00867191
0.00825639
0.011524
0.00908712
0.00734687
0.00747709
0.0111848
0.00949199
0.00869618
0.00755572
0.0136569
0.0107799
0.00919859
0.0102162
0.0103323
0.0108235
0.0106446
0.0100753
0.0133275
0.00982019
0.00827399
0.00920068
0.00996661
0.0097374
0.00950881
0.00917071
0.00933235
0.0105392
0.0092958
0.00838175
0.00914716
0.00921063
0.00929411
0.00921696
0.00981598
0.00882869
0.00965645
0.00882688
0.00972113
0.0096105
0.00947557
0.00962432
0.00774681
0.00578467
0.00636374
0.00591151
0.00642233
0.00621109
0.00606442
0.00609625
0.00462347
0.00401899
0.00438221
0.00408141
0.00429826
0.00421787
0.0042901
0.00430932
0.00521052
0.00482296
0.00509735
0.00493016
0.00487583
0.00493197
0.00503436
0.00505113
0.00476647
0.00411308
0.00450058
0.0040761
0.00449237
0.00435175
0.00451865
0.00445164
0.00528803
0.0054539
0.00526459
0.00444542
0.00505276
0.0052852
0.00485012
0.00509966
0.00493964
0.00431524
0.00452331
0.00527515
0.00492437
0.00440733
0.00499228
0.00448885
0.00519639
0.00501567
0.0044216
0.00475863
0.00500782
0.00496083
0.00464179
0.00450068
0.00518313
0.00478389
0.00443037
0.00466672
0.00473254
0.00468621
0.00456801
0.0045031
0.0101116
0.00783979
0.0122734
0.00801246
0.00917619
0.00998418
0.0091398
0.00993446
0.00427598
0.00377922
0.00384055
0.0038851
0.00386251
0.00381663
0.00387674
0.00383401
0.0149574
0.00485557
0.0158492
0.00871909
0.0118146
0.0124832
0.011427
0.0113261
0.00803017
0.00437492
0.00685564
0.00754079
0.00744192
0.00720776
0.00810425
0.00700079
0.00615545
0.0109066
0.00800595
0.00454129
0.00596395
0.00916521
0.00544022
0.00797266
0.00613002
0.00448799
0.00457038
0.0118712
0.00589543
0.00467197
0.00647807
0.0047741
0.0111654
0.00854612
0.00446235
0.00743236
0.00960347
0.00869112
0.00816494
0.00739754
0.0119802
0.00744222
0.00433541
0.00453969
0.00982083
0.00829696
0.00474051
0.00450156
0.00356055
0.00305355
0.00451236
0.00195722
0.00236671
0.00177277
0.00228048
0.00158254
0.00655068
0.0125408
0.00996738
0.00559017
0.00778011
0.00985445
0.00720913
0.00914295
0.00622976
0.00567854
0.0065715
0.00329969
0.00424545
0.00416287
0.00446786
0.00366148
0.000590896
0.00154275
0.000600592
0.00130013
0.000495047
0.000527999
0.000462048
0.00037115
0.0030986
0.00295805
0.00119829
0.00213018
0.0027601
0.00133603
0.00220242
0.00109542
0.00374757
0.00271906
0.00567646
0.0030266
0.00332691
0.00327133
0.00421391
0.00403545
0.00269992
0.00104424
0.00184139
0.000719915
0.00176595
0.000835477
0.00107506
0.00069954
0.00255811
0.00109341
0.00230144
0.00500263
0.0021735
0.00147527
0.00369831
0.00277233
0.00829629
0.00484754
0.00515669
0.00713808
0.00545433
0.00520796
0.00581695
0.00537026
0.00386528
0.00378099
0.003823
0.00383244
0.00381156
0.00379325
0.00382278
0.00381047
0.00418746
0.00386443
0.00393593
0.0039706
0.00392522
0.00388824
0.00393826
0.00390208
0.00515332
0.00392399
0.00404381
0.00405979
0.00406505
0.00397204
0.00408503
0.00400151
0.00418253
0.0044844
0.00482634
0.00389968
0.0041516
0.00439359
0.00422983
0.00442301
0.00400246
0.00385408
0.00384468
0.00425686
0.00400048
0.0038512
0.00404832
0.0038691
0.00448333
0.00500412
0.00390475
0.00402184
0.00461381
0.00451967
0.00400978
0.00397213
0.00421219
0.00394144
0.00387116
0.00385521
0.00391327
0.00391943
0.00387418
0.00388772
0.00377775
0.00386469
0.00376963
0.0038383
0.00383574
0.00380305
0.00381666
0.00379678
0.00455044
0.00786056
0.00423849
0.00459186
0.00564322
0.0060487
0.00458716
0.00452152
0.00376954
0.00382559
0.00377067
0.00381638
0.00380361
0.00379997
0.00380359
0.00379706
0.00386855
0.00411347
0.00385429
0.00390571
0.00393184
0.00394491
0.00388977
0.00389899
0.00417
0.00379457
0.00390617
0.00429332
0.00398665
0.0038195
0.00403234
0.00387809
0.0041197
0.00423449
0.00405178
0.00378654
0.00394418
0.00408241
0.00380241
0.00401204
0.00379737
0.00385077
0.00409517
0.00384386
0.00381032
0.00383969
0.00385945
0.00387918
0.00379047
0.0038518
0.004122
0.0039144
0.00381937
0.00386853
0.003921
0.00396286
0.00913328
0.0110085
0.0107719
0.0154396
0.0109191
0.0107558
0.0125947
0.0118008
0.0104851
0.00579166
0.0127952
0.00730191
0.00876563
0.0104624
0.0105749
0.0111206
0.0110953
0.0143917
0.013974
0.0120581
0.0135932
0.0140366
0.0131359
0.0147244
0.0134164
0.00943474
0.0125451
0.0057828
0.011875
0.0133903
0.011722
0.0131949
0.0124094
0.0122969
0.0151289
0.010936
0.0136102
0.0129096
0.0137494
0.0151265
0.0159777
0.0118353
0.0148861
0.0123703
0.0149363
0.014321
0.0147979
0.0146511
0.0122277
0.0142433
0.0121322
0.0122949
0.0144984
0.0143764
0.0148991
0.0138983
0.0118798
0.0130903
0.0123751
0.0145196
0.0144555
0.0158276
0.0143752
0.0138552
0.0150622
0.0152275
0.0130099
0.00787194
0.0120616
0.0144147
0.0110865
0.0118513
0.0158136
0.0150693
0.0149389
0.00820858
0.0115572
0.0147519
0.0108101
0.0125692
0.0113092
0.0136859
0.0109882
0.00711926
0.00930457
0.0119806
0.00833868
0.00972802
0.00761743
0.00815206
0.00686935
0.00765773
0.00759878
0.0075417
0.00712103
0.00697565
0.0111913
0.00972957
0.00735365
0.00845911
0.0101426
0.00923569
0.00932243
0.00771032
0.0150157
0.00841936
0.0142903
0.0118021
0.012523
0.0101781
0.0134131
0.0107508
0.00904201
0.00712885
0.00825557
0.00722627
0.00714162
0.00747699
0.00792206
0.00819777
0.00997127
0.00746038
0.00837392
0.0120356
0.00887702
0.00841828
0.00988377
0.00860495
0.0185305
0.0152965
0.0133054
0.00879943
0.0128664
0.0145577
0.0123446
0.011917
0.015754
0.0149651
0.0145968
0.00824169
0.0111888
0.0142845
0.0104488
0.0121754
0.011431
0.0135365
0.0113887
0.00731353
0.00931058
0.0120957
0.00850535
0.00993461
0.00842369
0.00854753
0.00690455
0.00852761
0.00800616
0.00791935
0.0075835
0.00709998
0.0112336
0.00951412
0.00794336
0.0087474
0.0101379
0.00906604
0.00986965
0.00859628
0.0152363
0.00868322
0.0139563
0.0119219
0.0125603
0.00997453
0.0135635
0.0105171
0.00863076
0.00759124
0.00868689
0.0079852
0.0076705
0.00818489
0.00887358
0.00915894
0.0100079
0.00779493
0.00838965
0.0117176
0.00890887
0.00878043
0.00970642
0.00868116
0.0037606
0.00375818
0.00376031
0.00378995
0.00377132
0.00375951
0.00377753
0.00376893
0.00375278
0.00375235
0.00375355
0.00377298
0.00375815
0.00375234
0.0037612
0.0037556
0.00375523
0.00375552
0.00375642
0.00377891
0.00376352
0.00375592
0.00376694
0.00376202
0.00381983
0.0038077
0.00380587
0.00386435
0.00383443
0.00381358
0.00384305
0.00382687
0.00376302
0.0037648
0.00379872
0.0037878
0.00376532
0.00377435
0.00377611
0.00378185
0.00375275
0.00377447
0.00375397
0.0037553
0.00375626
0.00376421
0.00375284
0.00375919
0.00376804
0.00380445
0.00379363
0.00379192
0.00377943
0.00379179
0.00378402
0.00380265
0.00376228
0.00378762
0.00378399
0.00375899
0.00376985
0.00377872
0.00376361
0.00377534
0.0164823
0.0140271
0.00530084
0.0173563
0.0167374
0.0105566
0.0145559
0.0102806
0.0150716
0.0206776
0.00643547
0.0189743
0.0176239
0.0151781
0.0160886
0.0146775
0.0040588
0.00413858
0.00380636
0.00460481
0.00437176
0.00396916
0.00432613
0.0040034
0.016343
0.0173214
0.00737385
0.0162357
0.0160728
0.0136683
0.0145868
0.0129406
0.0149586
0.00593971
0.0173234
0.0172556
0.0129626
0.0107489
0.015839
0.0120776
0.0109792
0.0145016
0.00524437
0.00492311
0.0103488
0.012533
0.00553497
0.00641051
0.00562923
0.0148059
0.0152178
0.00662165
0.00632996
0.0113445
0.0068645
0.0123111
0.00500712
0.00612753
0.013692
0.00527167
0.00552525
0.00610075
0.0061118
0.00701968
0.00725446
0.00624205
0.00606356
0.00616237
0.00650135
0.00669349
0.00674497
0.00623241
0.00593506
0.00489146
0.00427578
0.00487349
0.00568087
0.00485135
0.00497518
0.00434562
0.00486989
0.00443218
0.00473934
0.00446762
0.00465671
0.00451204
0.00462406
0.00453281
0.00528105
0.00462878
0.00437317
0.00445519
0.00512883
0.00468381
0.00459647
0.00430956
0.00619952
0.00583339
0.00629533
0.00557451
0.00587688
0.00587503
0.00582668
0.005786
0.00578944
0.00483385
0.00449697
0.00525422
0.00514685
0.00497203
0.00506066
0.00485598
0.005364
0.00577775
0.00476271
0.00455538
0.00505832
0.00504338
0.00480035
0.00482103
0.00486396
0.00433504
0.00432902
0.00438824
0.00458455
0.00449307
0.00452572
0.00434427
0.00485774
0.00547215
0.00515914
0.00462903
0.00488255
0.00531079
0.00475855
0.00507995
0.00500924
0.00489154
0.00497981
0.00455937
0.00478178
0.00493574
0.00466036
0.0048083
0.0050257
0.00509896
0.00496353
0.00446598
0.00486665
0.00530546
0.00463314
0.00511593
0.00433826
0.00426292
0.00413295
0.0040322
0.00426301
0.00428253
0.00410239
0.00409727
0.00523544
0.00494615
0.00471039
0.00451588
0.00489917
0.00495057
0.00471318
0.00480107
0.00527032
0.00459727
0.0049964
0.00505068
0.00491705
0.0046778
0.00502157
0.00480732
0.00469282
0.00446699
0.00437191
0.00422199
0.00458663
0.00454459
0.00443517
0.00438489
0.00486185
0.00434358
0.00442544
0.00482526
0.00471414
0.00455141
0.0046479
0.00448609
0.00722026
0.00447405
0.00445849
0.00491134
0.00594853
0.00582771
0.00516712
0.00488576
0.00384438
0.00377133
0.00376749
0.00381672
0.00381326
0.00378167
0.00379866
0.00378188
0.00382709
0.00376805
0.00376909
0.00380745
0.00379273
0.00377863
0.00379428
0.0037819
0.00414093
0.00384582
0.00384969
0.00389931
0.0038954
0.00386642
0.00388614
0.00386501
0.00411908
0.00417384
0.00424779
0.00385054
0.00396793
0.00421193
0.00398108
0.00420306
0.00399816
0.00382522
0.00377548
0.00407279
0.00388137
0.00380868
0.00380835
0.00378756
0.00400368
0.00414781
0.00383451
0.00383469
0.00399812
0.00404689
0.00383641
0.00385705
0.00390475
0.00381863
0.00381752
0.00377956
0.00380695
0.00381592
0.00379024
0.00380135
0.00645976
0.00618794
0.0052805
0.00572245
0.00601158
0.00566805
0.00558443
0.00529327
0.00664805
0.0104272
0.00727542
0.00704875
0.00724352
0.00861727
0.00677378
0.00725806
0.00663639
0.00792041
0.00790851
0.00631951
0.00665121
0.00790795
0.00638124
0.0076312
0.00501671
0.00525317
0.00517958
0.00422362
0.00506268
0.00538081
0.00464281
0.00500761
0.00572047
0.00548903
0.00541152
0.00621911
0.00560877
0.00548105
0.00585087
0.00558447
0.00578768
0.00673736
0.00680474
0.00584933
0.00606867
0.00655469
0.00605375
0.0065331
0.00614879
0.00511098
0.00606321
0.00541856
0.00593447
0.00575727
0.00602578
0.00579496
0.00648896
0.00606634
0.0065045
0.00691407
0.00648029
0.00654101
0.00660409
0.00657918
0.0107374
0.0120571
0.0124628
0.00702647
0.00883424
0.0128019
0.00847171
0.0114704
0.0147956
0.0161795
0.0171763
0.00888253
0.0116752
0.0170457
0.0129445
0.0166617
0.0146335
0.0169123
0.0165085
0.00968627
0.0146447
0.017838
0.0140335
0.0149717
0.00623279
0.00603374
0.00655494
0.00484697
0.00585399
0.00629272
0.00616537
0.00626072
0.0107216
0.0104895
0.00714599
0.00746123
0.0105904
0.0098541
0.00754128
0.00734266
0.0152764
0.00942054
0.0171445
0.0141876
0.0133523
0.0123455
0.0139434
0.0131852
0.0106125
0.00685753
0.00763532
0.00807953
0.00736565
0.00717704
0.00789902
0.00759443
0.0128734
0.00907432
0.00881376
0.0148435
0.0125231
0.00923063
0.0131025
0.00937434
0.019434
0.0213069
0.0171467
0.0149048
0.0172799
0.0190645
0.0162387
0.0164072
0.0207789
0.0196222
0.0165358
0.00885022
0.0168583
0.0176863
0.013562
0.0149287
0.0128723
0.012638
0.0117793
0.00625756
0.01048
0.0125513
0.00972451
0.011894
0.0054436
0.00551818
0.00464493
0.00403275
0.00468717
0.0051345
0.00444038
0.0047758
0.0179132
0.0142421
0.0143779
0.00974443
0.0148183
0.0151261
0.0144979
0.0127716
0.0187715
0.00793225
0.0149054
0.0149444
0.0152089
0.0138951
0.0167894
0.0138203
0.0125072
0.0113648
0.00817267
0.00681471
0.00837924
0.0094282
0.00731644
0.00763309
0.012814
0.00672323
0.00726807
0.0126559
0.010576
0.00707376
0.0106313
0.00707764
0.0142095
0.0138191
0.012446
0.00699656
0.0114686
0.0127103
0.0106538
0.0113171
0.0139408
0.0131271
0.0123531
0.00678628
0.0108013
0.0125811
0.00963325
0.0109093
0.0116228
0.0116591
0.0109568
0.00648994
0.00992286
0.0113855
0.00905842
0.0100106
0.00540422
0.00622497
0.0072213
0.00477222
0.00541256
0.00596445
0.00595832
0.00612933
0.0110022
0.0110794
0.00641039
0.00646133
0.0102103
0.0105879
0.00669888
0.00664468
0.0123848
0.00628753
0.0119692
0.0120225
0.010891
0.00970985
0.0117401
0.0101469
0.0101608
0.00633358
0.00646134
0.00642413
0.00663058
0.00640615
0.00655978
0.00665353
0.0107319
0.00636036
0.00623301
0.0105028
0.00951387
0.00640214
0.00925937
0.00605769
0.00845974
0.00870197
0.0056464
0.00694345
0.00820321
0.00690126
0.00666837
0.00624456
0.00709982
0.00743007
0.0060757
0.00599433
0.0065153
0.00699764
0.0062018
0.00683886
0.00519215
0.0050311
0.00474043
0.0046108
0.00500391
0.00498566
0.00482871
0.00484954
0.00542642
0.00506683
0.00449419
0.00450962
0.00482562
0.00466621
0.00451808
0.00454076
0.00751223
0.0054586
0.00629682
0.00546712
0.0063781
0.00576319
0.00648303
0.00559375
0.0066552
0.00557108
0.00580221
0.00541758
0.0061192
0.00577355
0.00563343
0.00554622
0.00529436
0.00531695
0.00506988
0.00469048
0.00513608
0.00514611
0.00484998
0.00479442
0.00523205
0.00478989
0.00540611
0.0056458
0.00504114
0.00489972
0.00529882
0.00517366
0.00762383
0.0101723
0.00756965
0.00671006
0.00813875
0.00809818
0.00680295
0.00728731
0.0148084
0.0182397
0.00955407
0.0159266
0.016598
0.0159439
0.0135599
0.0137751
0.00958612
0.00984638
0.0140224
0.0116729
0.0106335
0.011117
0.0123472
0.0133241
0.00816097
0.013447
0.0116785
0.0124139
0.0104087
0.0113097
0.0101146
0.0111523
0.0116604
0.00847339
0.00742736
0.0130946
0.0100494
0.00877098
0.0100735
0.00827106
0.0119143
0.0138939
0.00934889
0.00890998
0.0107695
0.0124724
0.00955515
0.00985264
0.00847413
0.00669135
0.0119421
0.010577
0.0082727
0.00779715
0.00999677
0.0103706
0.00912043
0.0106278
0.0128085
0.00902005
0.00974575
0.0105665
0.00955903
0.0107628
0.0080194
0.00502441
0.00552551
0.0399786
0.00664303
0.00573279
0.00756998
0.00587413
0.00427742
0.00398842
0.0038749
0.00401761
0.0040061
0.003968
0.00395274
0.0039061
0.00472352
0.00385957
0.0039184
0.00549397
0.00456801
0.00406025
0.00480659
0.00400133
0.0119849
0.00450187
0.00559582
0.00511096
0.00666497
0.00623541
0.00567214
0.00525795
0.00444588
0.00555347
0.0116762
0.00457184
0.00437346
0.00577412
0.00471762
0.00862966
0.00422644
0.00426896
0.00388742
0.00471942
0.00411345
0.00402859
0.00407854
0.00397113
0.00651569
0.0102032
0.00460128
0.00617704
0.00861083
0.00895056
0.00598753
0.00621123
0.00506986
0.00534162
0.00422678
0.00388028
0.00482902
0.00528561
0.0040341
0.00424595
0.00393873
0.00397205
0.00410178
0.00398877
0.00393793
0.00397904
0.00401935
0.00404111
0.00394085
0.00392639
0.00403774
0.00394639
0.0039227
0.00396007
0.00396283
0.00398955
0.00431492
0.00428081
0.00453712
0.00426015
0.00433803
0.00442535
0.00438424
0.00446941
0.00399551
0.00394408
0.00408791
0.00395844
0.00395759
0.00399076
0.00400201
0.004034
0.00395577
0.00412164
0.00397933
0.00393675
0.00399943
0.00407165
0.00395548
0.00401521
0.003992
0.00397853
0.0041388
0.00418055
0.00402723
0.00404155
0.00408534
0.00409212
0.00418731
0.00403618
0.00397385
0.00415687
0.00412145
0.00406381
0.00411657
0.00405418
0.00423248
0.00419997
0.0040104
0.00419478
0.00426294
0.00416538
0.00415239
0.00406471
0.0068797
0.00415522
0.00401324
0.00478106
0.00476097
0.00437674
0.00453736
0.00431167
0.00386822
0.00377131
0.00376801
0.00385718
0.00383569
0.00377743
0.00381297
0.00378376
0.00380974
0.00376764
0.00376884
0.00380206
0.0037857
0.00377389
0.00379009
0.00378052
0.00428671
0.00391768
0.00384122
0.00398686
0.0040391
0.0039355
0.00395436
0.00389358
0.00404687
0.00383452
0.0042668
0.00396323
0.00395845
0.00398168
0.00411352
0.00412563
0.00387206
0.00386451
0.00377372
0.00380725
0.0038609
0.00382444
0.00379526
0.00378546
0.00383998
0.00417884
0.00387942
0.00382643
0.00386245
0.00403041
0.00382626
0.00389061
0.00382239
0.00381328
0.00383702
0.00377911
0.00379921
0.00380907
0.00378856
0.00379938
0.00375624
0.00375701
0.00375977
0.00377919
0.00376045
0.00375558
0.0037678
0.00376134
0.00375923
0.00376062
0.00376026
0.00378774
0.00376842
0.00376066
0.00377576
0.00376929
0.00375608
0.00375493
0.00375366
0.0037718
0.00375937
0.00375316
0.00376168
0.0037564
0.00381426
0.00381957
0.00382021
0.00386745
0.00383328
0.00382136
0.00384469
0.00383507
0.00376548
0.00376728
0.00379152
0.00379604
0.00377226
0.00377069
0.00378169
0.0037815
0.00375847
0.00378912
0.00375684
0.00375863
0.0037652
0.00377826
0.00375558
0.00376176
0.00377519
0.00380038
0.00380526
0.00380625
0.00378721
0.0037926
0.00379823
0.00380876
0.00376796
0.00379538
0.00379973
0.00376089
0.00377641
0.0037856
0.00376832
0.00378112
0.0186713
0.0173186
0.00568083
0.0211129
0.0199263
0.0134095
0.0176481
0.0133062
0.0148275
0.0180638
0.00613021
0.0171596
0.0164407
0.0129443
0.0147055
0.0128519
0.00416283
0.00429854
0.00383593
0.00541242
0.00458862
0.00407828
0.00455634
0.00414339
0.0201952
0.0177008
0.0107521
0.0195579
0.0197704
0.0148662
0.0169291
0.0138918
0.0172036
0.0066342
0.0212048
0.0182084
0.0147687
0.013063
0.0179746
0.0143106
0.011257
0.0144105
0.00544048
0.00532462
0.0109791
0.0123902
0.006141
0.00695554
0.00632302
0.0180671
0.0160965
0.00869595
0.00719505
0.0134703
0.0086966
0.0138531
0.0054111
0.00819778
0.0143076
0.00566078
0.00621153
0.00760462
0.00669798
0.0089959
0.0204449
0.0159583
0.00603408
0.0206708
0.0203088
0.0126837
0.017908
0.0126252
0.0150781
0.0166463
0.00628539
0.0172242
0.0164196
0.0128053
0.0145146
0.0121995
0.00421448
0.00429235
0.00384443
0.00480236
0.00461174
0.00408283
0.00454515
0.00414557
0.0178785
0.0159562
0.00758044
0.0158208
0.0160837
0.0129833
0.0145039
0.0121282
0.0160649
0.00672444
0.019442
0.0166116
0.0137997
0.0124412
0.0164854
0.0133741
0.0115758
0.0133354
0.00548721
0.00536362
0.0109469
0.0119597
0.00619884
0.00655852
0.00631394
0.0166433
0.0141792
0.00697018
0.00713249
0.01264
0.00738549
0.012357
0.0054289
0.00608904
0.0123284
0.00545239
0.00584257
0.00614027
0.00617732
0.00673812
0.10802
0.0585826
0.0238895
0.0605922
0.0664795
0.0466831
0.0358949
0.0321769
0.0317996
0.0363292
0.0233342
0.0277672
0.0315678
0.0289653
0.0273125
0.0253356
0.014479
0.0140332
0.00569453
0.00917599
0.0142097
0.0138183
0.0109486
0.0114188
0.0289357
0.0257097
0.0136182
0.0152432
0.0273125
0.0257192
0.0204989
0.0204061
0.0341652
0.0241956
0.040476
0.02913
0.0298995
0.0302396
0.0347032
0.0347677
0.0295961
0.0284736
0.024025
0.0233923
0.0261158
0.0276888
0.0225296
0.0248883
0.0245968
0.0365234
0.0292561
0.0186962
0.0259708
0.0362047
0.0284453
0.0310995
0.0254562
0.0196632
0.0283699
0.0246886
0.0268287
0.0261734
0.0261912
0.0258952
0.00677677
0.0064551
0.00558048
0.00557121
0.00642349
0.00638711
0.00608678
0.00610309
0.00669902
0.00733118
0.00559926
0.00585233
0.00604341
0.00628593
0.00576013
0.00627072
0.0049074
0.00500205
0.00476805
0.00445722
0.00467253
0.00472762
0.00454409
0.00471914
0.00482552
0.00511758
0.00434227
0.00478725
0.00489551
0.0048419
0.00473964
0.00473985
0.00602561
0.00528978
0.00528883
0.00527729
0.00569905
0.00555946
0.0054888
0.00537008
0.0062743
0.00536414
0.0053216
0.00539617
0.005922
0.00547958
0.0055342
0.00506541
0.00505493
0.00504861
0.0050629
0.00439295
0.00479468
0.00518429
0.00451445
0.00487348
0.00523666
0.00452128
0.00533484
0.00535324
0.00476211
0.00458522
0.00490515
0.0048974
0.0199742
0.0167675
0.00594688
0.0211906
0.0204914
0.0128117
0.017702
0.0125084
0.0163386
0.0167096
0.00632147
0.0189362
0.0179095
0.0132415
0.0156212
0.012604
0.00423018
0.00432757
0.00382899
0.00481788
0.00456493
0.00409687
0.00450208
0.00416866
0.0204615
0.0181833
0.00771525
0.0188372
0.0193908
0.0143425
0.0165912
0.0132882
0.0177217
0.00671423
0.0213449
0.018981
0.0152715
0.0128278
0.0187008
0.0143356
0.0124492
0.0143708
0.00557826
0.00551658
0.0117962
0.0127415
0.00637818
0.00684146
0.00634898
0.018002
0.0160784
0.00712397
0.00711608
0.0133984
0.007521
0.0135235
0.0056819
0.00626751
0.0133124
0.00557095
0.00597628
0.00633894
0.00641477
0.00710626
0.0122013
0.0173626
0.0133607
0.00773671
0.0115246
0.0161025
0.00972279
0.0121505
0.0169677
0.0148343
0.0151636
0.00683792
0.0113709
0.0149415
0.0103731
0.0122313
0.0131868
0.0149997
0.0128001
0.00695133
0.0103074
0.0140834
0.00912077
0.0107569
0.00924076
0.0078686
0.00672654
0.0079637
0.00778969
0.00704299
0.00742395
0.00664824
0.0124973
0.0103462
0.00820008
0.00768293
0.0110897
0.0101411
0.00921239
0.00848224
0.0171528
0.0068875
0.0152618
0.0136129
0.013477
0.0104885
0.0154641
0.0110651
0.00926379
0.00771363
0.0079395
0.00812551
0.00808277
0.00836558
0.00853972
0.00898449
0.0110496
0.00711639
0.00682087
0.0122022
0.0095799
0.0075646
0.00995166
0.00713171
0.0155605
0.0162407
0.01654
0.00736008
0.00978834
0.0171381
0.00902394
0.0152817
0.0162377
0.0176399
0.0180679
0.00785445
0.0107192
0.0183906
0.01084
0.0178489
0.0144312
0.0152421
0.0170946
0.00707824
0.0108506
0.0148912
0.0108858
0.0147199
0.00561509
0.00569401
0.00604371
0.00437624
0.00535916
0.00622474
0.00584188
0.0061626
0.0100942
0.00977621
0.00694847
0.00658255
0.00939659
0.00903122
0.00730907
0.00696392
0.0173415
0.00798319
0.0169261
0.0160053
0.0157977
0.0106022
0.0166347
0.0114857
0.00910481
0.00666849
0.0065987
0.00638389
0.00651726
0.00675927
0.00641367
0.00649959
0.0137901
0.0070945
0.00765602
0.0145838
0.010627
0.00745857
0.0110385
0.00757813
0.00377258
0.0038128
0.00376491
0.00380983
0.00379382
0.00380006
0.00378735
0.00379234
0.00385119
0.00389712
0.00382287
0.00393989
0.00389197
0.0038862
0.00387369
0.00387756
0.00375973
0.00377745
0.00375801
0.00378337
0.00376956
0.0037695
0.00377111
0.00377456
0.00384161
0.00391665
0.00383164
0.00389161
0.00387623
0.00388565
0.00386645
0.00387887
0.00384245
0.00378097
0.00385487
0.00393814
0.0038249
0.00380173
0.00387298
0.00384764
0.00383807
0.00391815
0.00381352
0.00378523
0.00382814
0.00383855
0.00379411
0.00381219
0.00377794
0.00382625
0.00387084
0.00381254
0.00379171
0.00382944
0.00380494
0.00383738
0.00378316
0.00381133
0.00387837
0.00380948
0.00379036
0.00381323
0.00381012
0.00382649
0.00707788
0.00564993
0.00604661
0.00551018
0.00643391
0.00601621
0.006328
0.00583241
0.00478673
0.00465524
0.00426894
0.00435368
0.00450048
0.00441278
0.00443122
0.00433596
0.00499465
0.00413437
0.00409888
0.00427801
0.00472477
0.00417072
0.00474815
0.00408771
0.00469166
0.00422904
0.00420685
0.00411239
0.00450037
0.00424523
0.00447779
0.00416036
0.00512658
0.00552874
0.00509384
0.0043444
0.00505048
0.00538813
0.00467585
0.00482484
0.00476557
0.00420582
0.00420718
0.00491766
0.0046606
0.00442226
0.00470623
0.00440893
0.005671
0.00512334
0.00432879
0.00458666
0.00488815
0.0047503
0.00455351
0.00448801
0.00488198
0.00418252
0.00416345
0.00414077
0.00463161
0.00426378
0.00440982
0.00414762
0.00868237
0.00843359
0.0084347
0.00680812
0.00791044
0.00803183
0.00736168
0.00839439
0.0110397
0.0141832
0.0107425
0.00870344
0.0119443
0.0124365
0.00882771
0.0107782
0.00825615
0.0136522
0.0107245
0.00751929
0.00887393
0.0149415
0.00801935
0.011115
0.0050993
0.00586449
0.00560002
0.0041946
0.0050536
0.00565928
0.0045812
0.00550451
0.00945823
0.0082238
0.00761999
0.00726185
0.00829797
0.00849292
0.00803876
0.0087194
0.0105002
0.0081068
0.0107177
0.00760218
0.00839998
0.00818
0.00796783
0.00803473
0.0069216
0.00630953
0.00638777
0.00583076
0.00649688
0.006816
0.00603841
0.00602864
0.00745809
0.00757483
0.00858206
0.0107102
0.00791155
0.00794322
0.00824782
0.00856755
0.010004
0.00886835
0.0116295
0.00808424
0.00936637
0.00953829
0.00961576
0.00983549
0.00796177
0.00759847
0.0077642
0.00668155
0.00783623
0.00796482
0.00751954
0.00750062
0.0144759
0.0116535
0.0188616
0.0110787
0.0135691
0.0137653
0.0140188
0.0141719
0.00590814
0.00530628
0.00555286
0.00438843
0.00503482
0.00528227
0.00497984
0.00524321
0.00802402
0.0107991
0.00754996
0.00640459
0.00800064
0.00888735
0.00728579
0.00767945
0.00809964
0.00678086
0.00846088
0.011204
0.0082372
0.00730146
0.00978018
0.00848711
0.0110283
0.00756337
0.00611929
0.00736551
0.00865693
0.00762101
0.00745524
0.00642803
0.0116011
0.00830122
0.00663319
0.00837898
0.00958624
0.00803382
0.0084432
0.00723587
0.0135837
0.0135071
0.0127938
0.00756528
0.0124809
0.0133609
0.0107022
0.0107765
0.0154609
0.014765
0.0136443
0.00629161
0.0150591
0.0158136
0.0112315
0.0113177
0.0123241
0.0116385
0.011956
0.00923987
0.0108617
0.0120736
0.00948795
0.00999637
0.00515796
0.00455007
0.00485627
0.00403597
0.0048724
0.00478752
0.00451328
0.00443965
0.0127739
0.0115544
0.00688795
0.00655943
0.0106527
0.0103398
0.00685392
0.0069851
0.014433
0.00672696
0.0144715
0.0130772
0.0112172
0.0106506
0.0139151
0.0127479
0.00937817
0.00637926
0.00604983
0.00799237
0.00762861
0.0064743
0.00766405
0.00620903
0.00981521
0.0082296
0.00583911
0.00982148
0.00905528
0.00770628
0.00890255
0.00782827
0.021337
0.0174376
0.00632579
0.022711
0.0217545
0.0135987
0.0190198
0.0136626
0.0166537
0.0172876
0.00647832
0.0191919
0.0180999
0.0135625
0.0160098
0.0130538
0.00427638
0.00433145
0.00386445
0.0052556
0.00477575
0.00410459
0.00471649
0.00416321
0.0207058
0.0180526
0.00937759
0.0197653
0.0192937
0.0149415
0.0170435
0.0141058
0.0178173
0.00708654
0.0221694
0.0190075
0.015297
0.0135017
0.0184988
0.0147747
0.012605
0.0154799
0.00556943
0.00551788
0.0120293
0.0133479
0.00648647
0.00719151
0.00669709
0.0188705
0.0165784
0.00808595
0.00780494
0.0138984
0.00853906
0.0143144
0.00557765
0.00692883
0.0148637
0.00565603
0.00626714
0.00688698
0.00672097
0.00800253
0.013932
0.0204342
0.0162026
0.00993745
0.0136803
0.0187092
0.0117679
0.0149054
0.021496
0.0194999
0.0210216
0.0177752
0.0162289
0.0197572
0.0158603
0.0179087
0.0160273
0.0210658
0.0169782
0.0111291
0.0155949
0.0192563
0.0128259
0.0151537
0.0212974
0.0272807
0.0389698
0.0358397
0.0316514
0.0346604
0.0316773
0.0351849
0.016102
0.013773
0.0124201
0.0206803
0.0151695
0.0131267
0.0171673
0.0147837
0.0215477
0.0232826
0.0210551
0.0185064
0.0185844
0.0152931
0.0202299
0.0164934
0.0120737
0.0114072
0.0203001
0.0131084
0.0122905
0.0135609
0.0139729
0.0160885
0.0147751
0.0148873
0.0236959
0.0184288
0.0146083
0.0149046
0.0157769
0.025453
0.00376632
0.00380009
0.0038035
0.00380265
0.0037773
0.00378832
0.00378844
0.0037972
0.00383289
0.0038936
0.00391066
0.00391038
0.00385581
0.0038682
0.0038756
0.00388662
0.00384686
0.00393037
0.00390536
0.00394371
0.0038668
0.00388981
0.00388231
0.00390474
0.0038465
0.00390983
0.00395035
0.00391871
0.0038663
0.0038869
0.00388777
0.003907
0.00381399
0.00381544
0.00381632
0.00386181
0.00382667
0.00381043
0.00384325
0.00382891
0.00382502
0.00387874
0.00389263
0.0038301
0.00383694
0.00385513
0.00385035
0.00386688
0.0038273
0.00383105
0.0038827
0.00391327
0.00385801
0.00384238
0.00387844
0.00386235
0.00384045
0.00393452
0.00389714
0.00391021
0.00386014
0.00390012
0.00388671
0.00392202
0.00527353
0.00518797
0.00517586
0.00477587
0.00527502
0.00517267
0.00491587
0.00493986
0.00508654
0.00550468
0.00532662
0.00465328
0.00500943
0.00523582
0.00479886
0.00506489
0.00515588
0.00524771
0.005394
0.0046223
0.00498426
0.00513342
0.00478144
0.00498245
0.00430252
0.00430118
0.0042349
0.00404869
0.00418741
0.00423381
0.00408915
0.00416591
0.00476733
0.00484942
0.00454493
0.00447984
0.00467311
0.0046809
0.00459002
0.0045933
0.00478893
0.00458823
0.00512222
0.00498357
0.00473176
0.00466805
0.0050237
0.00491925
0.00476044
0.00438715
0.00437344
0.00430011
0.00459862
0.0044664
0.00440167
0.00429912
0.00491074
0.00443486
0.00449102
0.00499341
0.00466624
0.00451281
0.00477341
0.004637
0.0186921
0.0146229
0.00564073
0.0193764
0.0187293
0.0116557
0.016388
0.0115882
0.01409
0.0198176
0.00583369
0.017751
0.0165563
0.0139062
0.0149161
0.0132973
0.00409491
0.00407541
0.00380222
0.00455807
0.00437815
0.00395269
0.00431139
0.00398401
0.0174336
0.0163071
0.00716297
0.0155562
0.0161635
0.0130239
0.0142179
0.0120918
0.0149631
0.00614491
0.0186234
0.0165258
0.0128368
0.0114874
0.0156324
0.0125311
0.0105816
0.0136059
0.00508324
0.00501857
0.009967
0.0119393
0.00556448
0.00613447
0.00579467
0.0158188
0.0143334
0.00644861
0.00648578
0.0117706
0.00682095
0.0121652
0.00507694
0.00575692
0.0126545
0.00508054
0.00544795
0.00579437
0.00573521
0.00641932
0.0171785
0.0243254
0.018843
0.0117639
0.0164294
0.0225217
0.014125
0.0176833
0.0250633
0.0200752
0.0199065
0.010422
0.0154621
0.0194072
0.0146196
0.0162343
0.0180894
0.0196504
0.0169912
0.011765
0.014152
0.0185958
0.0128197
0.0141005
0.0133637
0.0123471
0.0117446
0.0137227
0.0138343
0.0130347
0.0129726
0.0117016
0.0187307
0.0148862
0.0123678
0.0121862
0.0164818
0.0142847
0.0139983
0.0126741
0.0261561
0.0113419
0.0199212
0.019009
0.0205865
0.0144758
0.0214592
0.0147964
0.0136437
0.0120032
0.01228
0.0117747
0.0116506
0.0122153
0.0121704
0.0135294
0.0154129
0.011472
0.0103867
0.0156929
0.0133634
0.0117035
0.0134741
0.0107209
0.015091
0.0163423
0.00564294
0.0188584
0.0177366
0.01206
0.0153146
0.0117196
0.0162425
0.0209629
0.00625658
0.0197571
0.0186032
0.0146252
0.0164077
0.0139403
0.00408415
0.00421202
0.00381971
0.00478963
0.00446555
0.00401834
0.00437804
0.00406174
0.0183768
0.017776
0.00809589
0.0148569
0.0156414
0.0141467
0.0145112
0.0130018
0.0168943
0.00663954
0.0190909
0.0183632
0.0142258
0.0120633
0.0175651
0.0133794
0.0117188
0.0148605
0.00531626
0.00517408
0.0109807
0.0129606
0.00584311
0.00670344
0.00618728
0.0158429
0.0155751
0.00704282
0.00693282
0.0123433
0.00739672
0.0128858
0.00523218
0.00634402
0.0138027
0.00528899
0.00576227
0.00632187
0.00628979
0.00714184
0.00375319
0.00375115
0.00375349
0.00376892
0.00375548
0.00375185
0.00375822
0.003755
0.00375166
0.00375188
0.00375134
0.00376301
0.00375401
0.00375121
0.00375519
0.00375331
0.00375319
0.00375218
0.00375195
0.00376932
0.00375575
0.00375281
0.00376005
0.00375597
0.00379819
0.00379225
0.00379972
0.00384385
0.00381248
0.00379897
0.0038251
0.00381286
0.00375277
0.00375505
0.00377775
0.00377313
0.0037548
0.00375736
0.00376323
0.00376671
0.00375131
0.00376315
0.00375165
0.00375193
0.00375304
0.00375573
0.00375178
0.0037541
0.00375805
0.00378551
0.00378016
0.00378751
0.0037666
0.00377705
0.00377926
0.00378874
0.00375576
0.00377982
0.0037712
0.00375481
0.00376121
0.00377026
0.00375761
0.00376584
0.00377055
0.00376765
0.00381459
0.00381333
0.00378571
0.00377853
0.00379891
0.00379257
0.00376745
0.00376879
0.00382545
0.00380591
0.00378122
0.0037787
0.00379252
0.00379473
0.00426511
0.00443253
0.00673718
0.00490239
0.00469304
0.00547053
0.00495093
0.00545205
0.00385035
0.00384122
0.00404297
0.00389577
0.00386453
0.00385988
0.00388082
0.00388511
0.00378009
0.00385208
0.00382455
0.00381452
0.00378976
0.00380518
0.00379986
0.00381511
0.00377509
0.00381545
0.00402493
0.00395667
0.00378607
0.00380264
0.00379766
0.00386742
0.00390936
0.00383948
0.00382874
0.00403583
0.00392254
0.00383256
0.00396627
0.00384853
0.00402357
0.00419036
0.00383791
0.00408757
0.00407314
0.00408163
0.00394329
0.00395125
0.0126732
0.0144926
0.0119707
0.0115304
0.0101471
0.0126736
0.00981007
0.0114524
0.0150831
0.018197
0.0179904
0.00814935
0.0123217
0.0167302
0.0118561
0.0160621
0.0145521
0.0185426
0.0173048
0.00796587
0.0136898
0.0179809
0.0128013
0.0171554
0.00853622
0.0067047
0.00583067
0.00493881
0.00683074
0.00660445
0.00622745
0.00598211
0.00979385
0.00918466
0.0111929
0.00842418
0.00857206
0.00881717
0.0095441
0.00981475
0.0134759
0.00823593
0.0172117
0.0137274
0.0127672
0.0123624
0.0152137
0.0131931
0.00927568
0.0105369
0.00829001
0.00752197
0.00928465
0.00949715
0.00817813
0.00870217
0.0134112
0.00793038
0.00847893
0.016794
0.0134015
0.00879851
0.0132584
0.00909007
0.0161251
0.0170412
0.013679
0.00812441
0.0125793
0.0159786
0.0115101
0.0124696
0.0181208
0.0182525
0.0185006
0.00951549
0.0136715
0.0177751
0.0128997
0.0155453
0.0126263
0.0168905
0.0115277
0.00751266
0.0111696
0.0146794
0.00906065
0.0107179
0.00802333
0.00852811
0.00702709
0.00705847
0.00775321
0.00787981
0.00741648
0.00751694
0.0125556
0.0107164
0.00768477
0.00849383
0.0113542
0.0102052
0.00874584
0.00800323
0.017405
0.00866959
0.0176584
0.014123
0.0143541
0.0119363
0.0163316
0.0128055
0.00921169
0.00748061
0.00836644
0.00744813
0.00729293
0.0076046
0.00787549
0.00789028
0.0113303
0.00791935
0.00861202
0.0143241
0.0103572
0.00811566
0.0114782
0.00855775
0.00377937
0.0037693
0.00383757
0.00382554
0.00379154
0.00377834
0.00380642
0.00379177
0.00376884
0.00376888
0.00382749
0.00380702
0.00377957
0.00377595
0.00379274
0.00380178
0.00413277
0.00414398
0.0080776
0.004577
0.00436396
0.00474939
0.00465287
0.00508002
0.00385532
0.00384203
0.0039813
0.00388471
0.00386072
0.00386098
0.00387863
0.00388893
0.00377989
0.00384664
0.00383068
0.00381438
0.00379068
0.00380441
0.00380262
0.0038158
0.00377599
0.00381649
0.00383985
0.00382023
0.00378776
0.00380334
0.0037989
0.00382377
0.00388029
0.00384635
0.00383024
0.0039684
0.00390374
0.00383266
0.00391876
0.00384928
0.00385374
0.00401931
0.00384797
0.00390982
0.00390208
0.00393413
0.0038549
0.00389169
0.0112051
0.0125892
0.0123553
0.00701176
0.0093774
0.0131176
0.00912889
0.0118714
0.016309
0.0162752
0.0162355
0.00650689
0.0120987
0.0170026
0.0118509
0.0158942
0.0152847
0.019489
0.0211845
0.0100889
0.015794
0.0204802
0.0165097
0.0190853
0.00519363
0.00480156
0.00539
0.0041013
0.00494176
0.0050737
0.00508667
0.0051733
0.00992018
0.00905255
0.00664588
0.00634159
0.00930217
0.0083707
0.00682504
0.00683962
0.0169403
0.00745323
0.0147697
0.0153046
0.0154914
0.0111116
0.0157717
0.0120257
0.00945251
0.00651111
0.00680654
0.00717833
0.00713665
0.006869
0.00716609
0.00683498
0.0134783
0.00844242
0.0072071
0.0165408
0.0128037
0.00792736
0.0133472
0.00790548
0.00383726
0.00540687
0.00398536
0.00420508
0.00401555
0.00410724
0.00405773
0.00417898
0.0090127
0.010278
0.00673612
0.0302031
0.0123857
0.00942956
0.0115294
0.0108649
0.00400399
0.00462318
0.00411341
0.00433456
0.00410927
0.00409058
0.00413667
0.0041743
0.00426717
0.00812681
0.00457847
0.00430804
0.00442146
0.00489061
0.00434499
0.00481721
0.00709142
0.004148
0.00431458
0.00839513
0.00733148
0.00445292
0.0079074
0.00476225
0.006481
0.00967179
0.00505884
0.0041223
0.00697629
0.00759106
0.00498621
0.00557138
0.00413221
0.00427668
0.00776618
0.00437741
0.00424422
0.00455399
0.0044124
0.00490778
0.0041801
0.00458673
0.010493
0.00531172
0.00430608
0.00453464
0.00534068
0.00594548
0.0107554
0.00836884
0.00679966
0.00891695
0.00957472
0.00889207
0.00917573
0.00842618
0.00609512
0.00527673
0.00535528
0.00512776
0.00544443
0.00538385
0.00536039
0.00525234
0.00650907
0.006342
0.00882211
0.00585285
0.00626604
0.00677555
0.00627607
0.00692245
0.00760473
0.00512332
0.00522756
0.00479898
0.00607802
0.00563267
0.0057869
0.00536643
0.00735241
0.00642917
0.00819063
0.00550847
0.00703887
0.00749954
0.00666419
0.00744923
0.00668527
0.00537104
0.00551193
0.00600915
0.00630233
0.00548795
0.00576352
0.00548731
0.00615604
0.00802449
0.00538852
0.00558055
0.00597404
0.0070089
0.00559839
0.00568771
0.00586383
0.00543262
0.00520408
0.00545014
0.00557102
0.0055009
0.00539617
0.0052397
0.0125949
0.0130298
0.0136747
0.00687621
0.00879213
0.0139794
0.00816248
0.0125295
0.0126185
0.0131959
0.014312
0.00690396
0.0087797
0.0141758
0.00919878
0.0127892
0.0122432
0.0160489
0.0176477
0.0106099
0.0105872
0.0166792
0.0103484
0.0157884
0.00550014
0.00539028
0.00947999
0.00478763
0.00531129
0.00601111
0.0062814
0.00759035
0.00884934
0.00861508
0.00601381
0.00587623
0.00849962
0.00808762
0.00618528
0.00588474
0.013298
0.00709145
0.0148702
0.0124991
0.0115718
0.00886202
0.012281
0.00956065
0.0081496
0.00576603
0.00609585
0.00816591
0.00571298
0.00571851
0.00762047
0.00624659
0.0112048
0.0106009
0.00731569
0.0143499
0.0097246
0.00924366
0.00995285
0.00933675
0.00376101
0.00375944
0.00376003
0.00379282
0.00377042
0.00375996
0.00377836
0.00377064
0.00375329
0.00375155
0.0037525
0.00376501
0.00375445
0.00375149
0.00375759
0.00375491
0.00376084
0.00376003
0.00376105
0.00379234
0.00377063
0.00376019
0.00377935
0.00377189
0.003826
0.00380488
0.00382846
0.00388122
0.00383333
0.00381541
0.00385711
0.00384192
0.0037595
0.00376851
0.00379711
0.00378139
0.00376635
0.00377709
0.00377762
0.00378502
0.00375463
0.0037705
0.00375394
0.00375825
0.00375968
0.00376311
0.0037552
0.00376149
0.00377729
0.00380855
0.00379135
0.00380973
0.00378999
0.00380019
0.00379674
0.00380549
0.00377035
0.00380152
0.00378442
0.00376578
0.00377917
0.00378518
0.00377095
0.00377655
0.0174112
0.0160282
0.0175765
0.00745514
0.015754
0.0167714
0.0159707
0.0165832
0.0133526
0.014103
0.0152511
0.0141079
0.0123287
0.0147035
0.0121137
0.0133948
0.0165472
0.0158344
0.0159626
0.00943398
0.0140601
0.0161735
0.0134384
0.014627
0.00502995
0.00638218
0.00578684
0.00412343
0.00489159
0.00537634
0.0050148
0.00528154
0.0136358
0.0152492
0.00698372
0.00987623
0.0126829
0.014617
0.0083585
0.00788156
0.0149303
0.0113608
0.0157316
0.0164679
0.0135226
0.0123255
0.014931
0.0130191
0.0143555
0.00758349
0.00978242
0.00820429
0.00862356
0.00806625
0.00839122
0.0082384
0.0151797
0.0085705
0.0106012
0.0142638
0.0132154
0.0089301
0.0123724
0.0108699
0.00758676
0.00799088
0.00908141
0.00612904
0.00672927
0.00790827
0.00660416
0.00795564
0.00662457
0.00668665
0.00680027
0.00628539
0.00672916
0.00674519
0.0066403
0.00649405
0.00981038
0.00886494
0.0131807
0.00949004
0.0100696
0.00997517
0.0104643
0.010219
0.00570105
0.00643585
0.00662184
0.00495261
0.00566529
0.00639621
0.00555977
0.00649044
0.00701601
0.00886383
0.00622681
0.00657136
0.00711063
0.00776326
0.00666078
0.00696582
0.00682591
0.00641135
0.00722422
0.00899725
0.00696279
0.00655586
0.00794404
0.00739973
0.00872043
0.00620637
0.00668025
0.00783966
0.00787501
0.00717408
0.00772838
0.00695182
0.00908645
0.00795037
0.00648037
0.00718521
0.00816971
0.00771883
0.00751108
0.0070133
0.0157764
0.021943
0.0172026
0.00815278
0.015497
0.0209144
0.0130242
0.0159299
0.0227772
0.0249012
0.0235893
0.0141337
0.0179922
0.0236758
0.0165838
0.0201225
0.0159803
0.0209012
0.0151938
0.00822491
0.0125984
0.0181458
0.0109965
0.0135401
0.00941035
0.0128728
0.00838375
0.010422
0.0105175
0.0106268
0.00929904
0.0097166
0.015934
0.0130755
0.00857259
0.011509
0.0141451
0.0125897
0.0118022
0.00996879
0.0218401
0.0119092
0.0223058
0.0167209
0.0177888
0.0150249
0.0196568
0.015464
0.0119682
0.00794074
0.0113788
0.00911123
0.00862673
0.00947218
0.0104964
0.01108
0.0138928
0.00950105
0.0118397
0.0178879
0.012014
0.0102143
0.0136626
0.0115436
0.00375194
0.00375293
0.00375318
0.00376753
0.00375466
0.00375199
0.00375808
0.00375665
0.0037597
0.00376045
0.00376048
0.00379004
0.00377097
0.0037606
0.00377857
0.00377109
0.00376021
0.00376061
0.00376159
0.00379626
0.00377104
0.00376035
0.00378164
0.00377221
0.00380233
0.00381945
0.00383158
0.00386802
0.00382366
0.00381714
0.00384633
0.00384025
0.00375878
0.00376214
0.003777
0.00379284
0.00376302
0.00376483
0.00377386
0.00377351
0.00375481
0.0037877
0.00376029
0.00375616
0.00376144
0.00377609
0.00375613
0.00376843
0.00377082
0.00378999
0.00380568
0.00381418
0.00377894
0.00378634
0.00379677
0.00380405
0.00376799
0.00380751
0.00379869
0.0037711
0.00378052
0.00379133
0.00377926
0.00378789
0.0154514
0.0159968
0.0126636
0.00951139
0.0153076
0.0157867
0.0140959
0.0156425
0.0128747
0.00957779
0.0091241
0.0090838
0.0102707
0.00991343
0.00933512
0.00925037
0.00777652
0.00724281
0.0063621
0.00558016
0.00747436
0.0075879
0.00612585
0.00638158
0.00540649
0.00569555
0.00486078
0.00425704
0.00514804
0.0052554
0.00464438
0.00471169
0.0145621
0.0121113
0.00981611
0.00915523
0.0111706
0.0123168
0.0104783
0.00995448
0.0137335
0.00885725
0.00927145
0.0115761
0.0109665
0.00963839
0.0108257
0.00971666
0.00748278
0.00686033
0.00635268
0.00531399
0.00713096
0.00772705
0.00704353
0.00670732
0.00781668
0.00550249
0.00662338
0.00716937
0.00730607
0.00709082
0.00711474
0.00676807
0.0177161
0.0179415
0.016605
0.00811425
0.0158866
0.0169862
0.0113051
0.0120032
0.0179654
0.0172155
0.016884
0.00920104
0.0152824
0.0158272
0.0113066
0.0123207
0.0177507
0.0182923
0.0172865
0.00766025
0.0156178
0.0165136
0.00978107
0.0103427
0.005378
0.00642983
0.00528139
0.00443917
0.00584181
0.00627505
0.00489891
0.00525273
0.0163002
0.015084
0.00817136
0.00853731
0.0110099
0.011186
0.00867699
0.00853568
0.0169972
0.0082314
0.0154796
0.0163351
0.0117112
0.0117256
0.0175783
0.0147665
0.0102978
0.00669119
0.0072662
0.00611926
0.00730558
0.0072797
0.00687994
0.00705635
0.0106044
0.00622508
0.00715535
0.0114321
0.0105211
0.00658112
0.00982928
0.00643321
0.00477949
0.00489051
0.00541266
0.00464299
0.00476041
0.00491886
0.00481952
0.00492822
0.00499665
0.00516146
0.00597658
0.00513553
0.00511621
0.00537219
0.00536359
0.00553137
0.00671075
0.00781005
0.00998869
0.00776986
0.00735376
0.00843818
0.00799501
0.00911139
0.00457442
0.00473995
0.00593795
0.00459254
0.00469542
0.0049396
0.00481954
0.00513127
0.00496677
0.00548161
0.00467388
0.00497809
0.00497529
0.00497629
0.00483569
0.00488048
0.00509377
0.00525798
0.00621386
0.0057786
0.00508779
0.00543365
0.00547757
0.00589789
0.00585256
0.00481544
0.00502501
0.0061875
0.00560948
0.00497449
0.00588851
0.00512578
0.00606983
0.00666115
0.00523485
0.00654097
0.00646171
0.00626121
0.00623198
0.00596992
0.00375127
0.00375402
0.00375287
0.00377052
0.00375492
0.00375285
0.00375996
0.0037566
0.00375273
0.00375385
0.00375602
0.00377589
0.00375861
0.0037551
0.00376668
0.00376229
0.00375992
0.00376022
0.00376055
0.00379358
0.00377054
0.00376035
0.00378143
0.00377146
0.00381049
0.00381143
0.00382735
0.00387342
0.00382896
0.00381765
0.00385146
0.00383846
0.00375905
0.0037614
0.00378421
0.00378531
0.00376524
0.00376533
0.0037738
0.00377595
0.00375441
0.00377518
0.00375645
0.00375562
0.00375973
0.00376437
0.00375379
0.00376097
0.00377071
0.00379754
0.00379901
0.00381262
0.00378132
0.0037897
0.00379721
0.00380488
0.00376741
0.00380418
0.00379112
0.00376814
0.00377885
0.00378997
0.0037741
0.00378525
0.00375387
0.00375543
0.00375307
0.00378181
0.003764
0.00375539
0.0037707
0.00376227
0.00375443
0.00375304
0.00375191
0.00377325
0.00376255
0.00375386
0.00376221
0.00375678
0.0037519
0.00375111
0.00375181
0.00376642
0.00375412
0.00375117
0.00375747
0.00375399
0.0038074
0.003801
0.00379856
0.00384529
0.00381908
0.00380491
0.00382829
0.00381522
0.00376137
0.00375646
0.00378954
0.00378241
0.00376275
0.00376688
0.00377384
0.00377685
0.00375374
0.00377059
0.00375166
0.00375235
0.00375625
0.00376194
0.00375164
0.00375391
0.00375984
0.0037951
0.00378845
0.00378623
0.0037696
0.00378471
0.00377876
0.00379406
0.00375543
0.00377738
0.00377776
0.00375285
0.00375831
0.00376722
0.0037559
0.00376322
0.00376025
0.00376048
0.00376055
0.00379481
0.00377294
0.00376065
0.00378161
0.00377192
0.00376049
0.00376128
0.00375506
0.00379283
0.00377252
0.00376079
0.00377884
0.00376916
0.00375454
0.00375355
0.00375283
0.00376998
0.00375794
0.00375324
0.00376327
0.00375636
0.00383868
0.00382781
0.00381084
0.00388943
0.00385288
0.00382937
0.00386157
0.00383816
0.00377172
0.00376936
0.00381066
0.00380554
0.00377945
0.00378444
0.00379171
0.00379506
0.00376053
0.00379167
0.00375447
0.00375818
0.00377056
0.00377943
0.00375874
0.00376535
0.00377368
0.00381988
0.00381139
0.00379777
0.00378506
0.00380418
0.0037922
0.00381545
0.00376261
0.00378586
0.00379869
0.00375958
0.00376803
0.00377862
0.00376669
0.00377779
0.0193408
0.0156362
0.00538232
0.0199854
0.0194073
0.011643
0.0167331
0.0114266
0.0151274
0.0210281
0.00607883
0.0187254
0.0175716
0.0146273
0.0158213
0.0140613
0.00404543
0.00409688
0.00380168
0.00461093
0.00436342
0.00396186
0.00431683
0.00399819
0.0192656
0.0173744
0.00767854
0.0189662
0.0187101
0.0141123
0.0165102
0.0134922
0.0160648
0.00597032
0.0198801
0.0177938
0.0137719
0.0117092
0.0168421
0.0130948
0.0110214
0.014406
0.00511963
0.00488108
0.0104244
0.0124046
0.00554273
0.00637841
0.00561667
0.016842
0.0154696
0.00672551
0.00635645
0.0122882
0.00696834
0.0129204
0.00495011
0.00612352
0.0136017
0.00511135
0.00549214
0.00603942
0.0060215
0.00695611
0.00376991
0.00384983
0.00376946
0.00383095
0.00383845
0.0038181
0.00380384
0.00380563
0.00491505
0.00829118
0.00462599
0.00515662
0.00530804
0.00621136
0.00513995
0.00559404
0.00376844
0.00381903
0.00376896
0.00381214
0.00379485
0.00379256
0.0037975
0.00379135
0.00388251
0.00420704
0.00385363
0.0039288
0.00400561
0.00396998
0.00389107
0.0038957
0.00412746
0.00379781
0.00394625
0.00456181
0.00406488
0.00383416
0.00415529
0.00395153
0.00441405
0.00470134
0.00427125
0.0037902
0.00414481
0.00436118
0.00383135
0.0041128
0.00379608
0.00385242
0.00418325
0.00384166
0.00381224
0.00386484
0.00385473
0.00389421
0.00378915
0.00385404
0.00440988
0.00411151
0.00381603
0.0039062
0.00401246
0.004068
0.0037734
0.00386716
0.00376796
0.00382733
0.0038111
0.00379157
0.00381436
0.00379883
0.00448247
0.0084251
0.00482341
0.00523615
0.00553276
0.00662813
0.00528212
0.00566664
0.00376787
0.00384144
0.00376988
0.00381121
0.00378827
0.00379436
0.0037975
0.00381257
0.00387019
0.00423717
0.00385731
0.00394329
0.00391806
0.00393005
0.00391147
0.00395786
0.00414454
0.00378709
0.00387114
0.00431479
0.00407012
0.00381594
0.00409328
0.00385918
0.0041405
0.00436624
0.00427653
0.00378118
0.00406237
0.00415633
0.00380379
0.00397888
0.00379358
0.00385775
0.00420559
0.00383871
0.00380497
0.00385386
0.00383136
0.00387281
0.00378895
0.00387468
0.00430301
0.00408524
0.00380697
0.00384807
0.00397408
0.00399039
0.00375571
0.00375212
0.00375303
0.00377265
0.00376142
0.00375405
0.00376452
0.0037596
0.00375083
0.00375214
0.00375179
0.00376555
0.00375235
0.00375157
0.00375505
0.00375372
0.00375271
0.00375352
0.00375475
0.00377161
0.00375676
0.00375331
0.00376065
0.00375838
0.00379813
0.00379711
0.00380047
0.00384319
0.00381357
0.00380066
0.00382563
0.00381456
0.00375397
0.00375472
0.00378119
0.00377663
0.00375725
0.00376257
0.00376787
0.00377058
0.00375119
0.00376596
0.00375163
0.00375148
0.00375315
0.00375732
0.00375101
0.00375335
0.00375727
0.00378582
0.00378488
0.00378783
0.00376705
0.00377499
0.00377863
0.00378909
0.00375482
0.00378082
0.00377686
0.00375656
0.00375918
0.00376901
0.003757
0.00376712
0.00493823
0.00549321
0.00477949
0.00455534
0.00489662
0.00490595
0.00464103
0.00473144
0.00602876
0.00608182
0.00562455
0.00522669
0.0058765
0.0060728
0.00555588
0.00575324
0.00492403
0.00488517
0.00464465
0.00453269
0.00476056
0.00471972
0.004596
0.00465799
0.00434786
0.00456623
0.00426984
0.00408016
0.00429622
0.00434595
0.00413802
0.00420631
0.00532084
0.00480701
0.00453009
0.00497306
0.00506399
0.00465598
0.00505951
0.00459269
0.00555338
0.0051649
0.00547575
0.00499947
0.00549784
0.0054983
0.00556985
0.00546734
0.00469529
0.0043829
0.00468638
0.0043692
0.00463066
0.00454521
0.00454341
0.0044879
0.00494914
0.00447124
0.00492381
0.00524238
0.0048156
0.0046166
0.005085
0.00495458
0.0115047
0.0145237
0.0209044
0.0145741
0.014208
0.0199219
0.0202879
0.0225281
0.0156457
0.00758353
0.0192954
0.0151115
0.0167723
0.0161553
0.0172808
0.0177466
0.0236871
0.0255434
0.0330282
0.0340117
0.0262601
0.025524
0.0330375
0.0341276
0.0231672
0.0210533
0.0301368
0.0214129
0.0245536
0.0273389
0.0268515
0.0290554
0.0173239
0.020724
0.0167517
0.0206991
0.0211269
0.0208435
0.0179998
0.0213253
0.0200738
0.0221164
0.0207462
0.0202205
0.0209871
0.0207317
0.0208213
0.0211358
0.0254598
0.0263832
0.0251551
0.031427
0.0268511
0.0266983
0.0284006
0.0259434
0.0232016
0.0341956
0.0259272
0.0254176
0.0245189
0.0274851
0.0240127
0.0258961
0.0217269
0.0172076
0.0171689
0.010519
0.0188659
0.0187778
0.0153487
0.0148768
0.012931
0.00994555
0.00667625
0.00844911
0.0106589
0.010408
0.00849844
0.00810967
0.0135867
0.00817167
0.0115277
0.0107804
0.0112645
0.0101811
0.0107172
0.00949086
0.0103168
0.00969801
0.011651
0.0150526
0.0113562
0.0107127
0.013247
0.0120742
0.014425
0.0148261
0.0101678
0.0098
0.0120466
0.0135134
0.0104744
0.0107574
0.013676
0.0091843
0.00668454
0.0132231
0.0111902
0.00954719
0.0100498
0.00815641
0.0133161
0.00962133
0.00961301
0.0102712
0.0107986
0.0101454
0.0104856
0.0100927
0.012125
0.01013
0.00892215
0.00638678
0.010409
0.00977323
0.00780493
0.00825824
0.00377526
0.00383348
0.00376919
0.00381855
0.003804
0.00378085
0.00380236
0.00379083
0.004499
0.00858941
0.00408857
0.00488537
0.00559513
0.00567818
0.0048928
0.00472611
0.00376862
0.00380485
0.00376755
0.00382775
0.00379653
0.00379072
0.00380426
0.00382011
0.00385139
0.00411315
0.00386455
0.00390944
0.00388968
0.00393354
0.00387892
0.00396619
0.00397926
0.00378981
0.00386214
0.00413496
0.00389975
0.00380649
0.00396036
0.00385801
0.00389448
0.00418762
0.00387634
0.00378364
0.00387691
0.00395018
0.00379683
0.00386571
0.00379242
0.00383724
0.00401947
0.00384298
0.00380499
0.00383518
0.00384692
0.00386642
0.00378855
0.00392747
0.00421059
0.00393762
0.00381062
0.0038688
0.00390088
0.00394977
0.0129355
0.0194647
0.015051
0.00794356
0.0135986
0.0179341
0.011567
0.0140354
0.0204649
0.0185482
0.019561
0.0111885
0.0147504
0.0190207
0.0137466
0.016469
0.0144744
0.0181523
0.0141436
0.00931605
0.0124744
0.0162057
0.0109494
0.0126344
0.00917617
0.0125163
0.00904316
0.00843865
0.0102987
0.0109257
0.00952299
0.00961168
0.0149641
0.0121383
0.00888849
0.011033
0.0136466
0.0116285
0.0116926
0.0101636
0.0202637
0.0109733
0.0189755
0.0159822
0.0167915
0.0133063
0.0181615
0.0141093
0.0106516
0.0083077
0.0109226
0.00972109
0.00851219
0.00949603
0.0100432
0.0103517
0.0128656
0.00971307
0.010607
0.0154893
0.0116933
0.0102768
0.01272
0.0105904
0.00375531
0.00375388
0.00375573
0.00378113
0.00376225
0.00375325
0.00376955
0.00376147
0.00375673
0.00375563
0.00375289
0.00377909
0.00376617
0.00375607
0.003768
0.0037605
0.00375271
0.00375233
0.0037526
0.00376479
0.00375529
0.00375285
0.00375835
0.00375488
0.00381169
0.00380212
0.00379274
0.00385942
0.00382439
0.00380611
0.00383488
0.00381643
0.0037646
0.00375614
0.00379131
0.00378738
0.00376912
0.00376755
0.00378033
0.00377904
0.00375558
0.00377447
0.00375283
0.00375202
0.00375952
0.00376451
0.00375185
0.00375627
0.00375897
0.00379772
0.00378919
0.00378044
0.00376997
0.00378684
0.00377572
0.00379426
0.0037546
0.00376986
0.00377571
0.00375523
0.003758
0.00376323
0.00375824
0.00376238
0.0260522
0.020164
0.00615296
0.0262461
0.0253757
0.0152545
0.0225402
0.0150989
0.0196311
0.0143609
0.0054188
0.0193537
0.0189712
0.0110137
0.0165375
0.0106189
0.00412188
0.00399278
0.00377042
0.00523815
0.00471158
0.00391034
0.00460783
0.00395727
0.0251496
0.0229281
0.0105972
0.0256519
0.0246638
0.0198869
0.0231931
0.0195065
0.0211381
0.0078265
0.0258768
0.0231221
0.0190449
0.0164894
0.0234228
0.0185828
0.014797
0.0164158
0.00492025
0.00540529
0.0143034
0.0147621
0.00655104
0.00772671
0.00745412
0.0226248
0.0203557
0.00913498
0.00899179
0.0177109
0.0097524
0.0179134
0.00555178
0.00753161
0.0159288
0.00500069
0.00662413
0.00745745
0.00709897
0.00850633
0.00637774
0.00613593
0.00814848
0.00513495
0.00610551
0.00621883
0.0058014
0.00607356
0.00606611
0.00624815
0.00549647
0.0056411
0.00590368
0.00581309
0.00566569
0.00559442
0.00776975
0.00639728
0.00764774
0.00618025
0.00664554
0.0070644
0.00677623
0.00687899
0.00446432
0.00492521
0.00512548
0.00425305
0.00441857
0.00464732
0.00436784
0.00463614
0.00541859
0.00748716
0.00465765
0.00496189
0.00514346
0.00511741
0.00501504
0.00477437
0.00561503
0.00510817
0.00605821
0.00755232
0.00548213
0.00525524
0.00691273
0.00588888
0.00695192
0.0045412
0.004939
0.00538392
0.00591053
0.00473574
0.00534633
0.00476196
0.00683752
0.00546747
0.00508867
0.0060226
0.00564377
0.00550344
0.00585326
0.00574572
0.00730948
0.0121866
0.0068659
0.00798092
0.00746002
0.00872982
0.00738517
0.0087654
0.0160252
0.0137232
0.0113452
0.0166059
0.0168876
0.0145515
0.0170015
0.0143161
0.00633099
0.00943185
0.00874506
0.00816847
0.00703319
0.00778926
0.00707492
0.00848491
0.00792307
0.0192082
0.0110658
0.00568728
0.0090241
0.0173408
0.00731698
0.0143104
0.0157289
0.00800525
0.00937574
0.0192438
0.015995
0.011323
0.0191134
0.0153364
0.0146531
0.0158269
0.0118282
0.00846721
0.0149423
0.0164897
0.0116964
0.0146643
0.00803238
0.00836063
0.0200177
0.0127799
0.0103292
0.0147077
0.0144499
0.0187855
0.00877174
0.013339
0.0152307
0.0121508
0.0112559
0.0141445
0.0145764
0.0156746
0.00375923
0.0037577
0.00375299
0.00377662
0.0037629
0.00375467
0.00376536
0.00375996
0.00376004
0.00376098
0.00376069
0.00379453
0.0037722
0.00376096
0.00378083
0.00377203
0.00375931
0.00376018
0.00376148
0.00379228
0.00377037
0.00376029
0.00377954
0.00377164
0.00381079
0.00382521
0.00382179
0.00386538
0.00383235
0.00382266
0.00384632
0.00383696
0.00376793
0.00376122
0.00379052
0.00379943
0.00377218
0.00377006
0.00378219
0.00378132
0.00375932
0.00379124
0.00376053
0.00375723
0.00376869
0.00378236
0.0037572
0.00376943
0.00376921
0.00379819
0.00380997
0.00380844
0.00377758
0.00379097
0.003796
0.00380878
0.0037668
0.00380373
0.00380256
0.00377096
0.00378071
0.00379154
0.00377842
0.00379029
0.0124578
0.0142517
0.0110643
0.00729429
0.0102022
0.0121056
0.00918602
0.0103043
0.0148725
0.0157472
0.0154792
0.00704704
0.0118993
0.0139519
0.0103101
0.0124174
0.0133172
0.0154087
0.0156729
0.00797414
0.0124134
0.0160663
0.0116065
0.0161737
0.00578834
0.00654548
0.00549708
0.00457749
0.00535246
0.0059747
0.00511463
0.00565814
0.0109799
0.0093806
0.00713792
0.00684114
0.00902171
0.00927015
0.00701574
0.00716775
0.0130259
0.00703126
0.0139045
0.012679
0.0112009
0.0108918
0.0143771
0.0123796
0.00934547
0.00677632
0.00674151
0.00625201
0.00744499
0.0072506
0.00646371
0.00674492
0.0122195
0.00788614
0.00722528
0.0131146
0.0122309
0.00787477
0.0119363
0.0077262
0.00375094
0.00375073
0.00375203
0.0037643
0.00375206
0.00375081
0.00375472
0.0037532
0.00375099
0.00375261
0.00375282
0.00377176
0.00375509
0.00375291
0.00376114
0.00375685
0.00375181
0.00375163
0.00375122
0.00376227
0.00375466
0.00375187
0.00375652
0.00375402
0.00379745
0.00379777
0.00379345
0.00383972
0.00381254
0.00380083
0.00382324
0.00381113
0.00375253
0.00375448
0.00377587
0.00377786
0.00375559
0.00375725
0.00376331
0.00376642
0.00375113
0.00377039
0.00375238
0.00375201
0.0037536
0.00375956
0.00375185
0.00375506
0.00375813
0.00378484
0.00378558
0.00378133
0.00376842
0.00377743
0.00377439
0.0037895
0.00375485
0.00377269
0.00377741
0.00375466
0.00375761
0.00376348
0.00375688
0.00376548
0.0051676
0.00514385
0.00531822
0.00463705
0.00490825
0.00510767
0.00478937
0.00499636
0.00499784
0.00510959
0.00607188
0.00486118
0.00490208
0.00519116
0.00496309
0.00528479
0.00524485
0.00630405
0.00474325
0.00459743
0.00492314
0.0049483
0.00469226
0.00474089
0.00433461
0.00468287
0.00439917
0.00419271
0.00430025
0.00442634
0.00423264
0.00441165
0.00491923
0.00514425
0.00450964
0.00470995
0.00490915
0.0048333
0.00479814
0.00466508
0.00514254
0.00486869
0.00580455
0.00528
0.00512925
0.00497781
0.0055108
0.00553066
0.00496487
0.00442424
0.00472585
0.00449656
0.00476726
0.00460053
0.00464494
0.00452954
0.00518517
0.004642
0.00494029
0.00591894
0.00496427
0.00479253
0.00544373
0.00531714
0.0115065
0.0135961
0.0129927
0.00653748
0.010481
0.012351
0.0100004
0.0112179
0.0141048
0.0139081
0.0152548
0.0067014
0.0121556
0.0144618
0.011356
0.012847
0.0150272
0.0156942
0.0156311
0.00623605
0.0129435
0.0147811
0.0127452
0.013326
0.00566974
0.00494414
0.00459107
0.00412211
0.00478216
0.00480444
0.00461325
0.00450292
0.0118159
0.0119163
0.00642481
0.00662216
0.0109704
0.0107065
0.00648274
0.00622575
0.0140479
0.00696783
0.0151639
0.0140593
0.0124261
0.0114346
0.0143636
0.0125265
0.0115178
0.00674311
0.00657831
0.00596284
0.00636205
0.00628106
0.00608115
0.00620792
0.0129966
0.00578767
0.00671828
0.013565
0.0118767
0.00633353
0.0118924
0.00687969
0.00853411
0.00572992
0.00595854
0.00649501
0.00694372
0.00631917
0.00624166
0.00602947
0.00500291
0.012126
0.00808188
0.0076697
0.00676651
0.00716547
0.00713224
0.00779146
0.00665019
0.00735089
0.00703511
0.00613452
0.00647327
0.0064439
0.00640115
0.00642967
0.00720585
0.010985
0.00616979
0.00577266
0.00898673
0.0092107
0.00669388
0.00727237
0.00531961
0.00587421
0.00702669
0.00711115
0.00635092
0.00619519
0.00700793
0.00684073
0.0051102
0.0073235
0.00749059
0.00580143
0.00637444
0.00674431
0.00613589
0.00717843
0.00625227
0.00668076
0.00939896
0.00610866
0.00641861
0.00662747
0.00699496
0.00802648
0.0061355
0.00618601
0.00934786
0.00794604
0.00663058
0.00698773
0.00758682
0.00797419
0.00821307
0.00458177
0.00408632
0.0054779
0.00641795
0.00559981
0.00542336
0.00483528
0.00397364
0.0038087
0.00376872
0.00390749
0.00392176
0.00381548
0.00384033
0.00379311
0.00381218
0.00376811
0.00376837
0.00381846
0.0037911
0.00377816
0.00380007
0.00378093
0.00432055
0.0039356
0.00387482
0.00401663
0.00402869
0.00394479
0.00396742
0.0039023
0.00435647
0.00392314
0.00454152
0.004006
0.00410769
0.0041614
0.00423537
0.00431021
0.00403902
0.00391215
0.00377769
0.00386798
0.00393405
0.0038483
0.00380047
0.00379141
0.00390275
0.00427729
0.00388724
0.00385744
0.00393083
0.00407727
0.00383833
0.00389553
0.0038439
0.00382836
0.00384349
0.00377997
0.00380485
0.00381746
0.00379118
0.00380449
0.0127236
0.0146891
0.0103794
0.00784389
0.0107238
0.0124962
0.00962931
0.0103851
0.0146248
0.0152577
0.0146486
0.006143
0.0113324
0.0132016
0.00905832
0.0112098
0.0122769
0.0138684
0.0134742
0.00682636
0.0103668
0.013998
0.00941668
0.0132774
0.00554993
0.00584191
0.00505716
0.00448717
0.00516189
0.00567931
0.00485678
0.00544153
0.0109959
0.00851107
0.00696208
0.00585778
0.00833019
0.00856192
0.00632031
0.00646606
0.0126551
0.00618787
0.0127974
0.0114761
0.0101991
0.00972083
0.0131751
0.0111015
0.00822675
0.00622904
0.00585448
0.00579092
0.00680043
0.00648368
0.00597385
0.00594688
0.0110712
0.00670483
0.0063442
0.0117648
0.0106885
0.0068673
0.0103117
0.00683644
0.0198051
0.0161346
0.0168963
0.00792842
0.0162565
0.0171653
0.0155409
0.01589
0.01353
0.0122983
0.0120812
0.00737048
0.0101463
0.0122443
0.00931731
0.0105939
0.014641
0.0128126
0.013051
0.00725701
0.0122023
0.0134116
0.0112878
0.0120194
0.00504619
0.00607079
0.00546919
0.00426814
0.00500053
0.00533074
0.00504278
0.00520245
0.0126895
0.0142782
0.00720871
0.00714057
0.0116735
0.0136342
0.00710398
0.00755724
0.0141246
0.00734192
0.0128298
0.0150514
0.0124557
0.0104235
0.0135767
0.0111842
0.0132036
0.00717859
0.00714785
0.00715512
0.00754854
0.00738034
0.00729716
0.00732324
0.013663
0.0071118
0.00717235
0.0114615
0.0115249
0.00730256
0.0104044
0.00714922
0.00479305
0.00488952
0.00475866
0.00449782
0.00462858
0.0046647
0.00458596
0.00463358
0.00582617
0.00760845
0.00645228
0.00611875
0.00660067
0.00666826
0.00605731
0.00632665
0.00500431
0.00587212
0.00506763
0.00483292
0.00537779
0.00558278
0.00506319
0.00530344
0.00428673
0.00555711
0.00455951
0.00465888
0.00473882
0.00480568
0.00456497
0.0046401
0.00521454
0.00479203
0.00449185
0.00569945
0.00490567
0.00462747
0.00490418
0.00453342
0.00525315
0.00583147
0.0057878
0.00490648
0.00505946
0.00581875
0.00505028
0.00567355
0.00471637
0.00434732
0.00543717
0.00460329
0.00458432
0.00442023
0.0048696
0.00482061
0.00487388
0.00475854
0.00559851
0.00560418
0.0051106
0.00497984
0.00540328
0.00541691
0.00376936
0.00384634
0.00376806
0.00386021
0.00383152
0.00379238
0.0038241
0.00379466
0.00410255
0.00653159
0.00411594
0.00488605
0.00491637
0.00539595
0.0048303
0.00476247
0.00376871
0.00382911
0.00377597
0.00384027
0.00379854
0.00379612
0.00381628
0.00381407
0.00392708
0.00429824
0.00389057
0.00401367
0.00402408
0.00394563
0.00399422
0.00396872
0.00401578
0.00378765
0.0039448
0.00417012
0.00398806
0.00381139
0.00406301
0.00385197
0.003912
0.00412579
0.00392866
0.00378201
0.00388637
0.00397975
0.00379255
0.00389831
0.00379585
0.00390134
0.00423277
0.00387585
0.00380765
0.00385088
0.00384826
0.0038826
0.0037886
0.00390058
0.00413827
0.00394828
0.00381252
0.00385069
0.00394544
0.00399212
0.0158966
0.00443643
0.015916
0.0141477
0.0142148
0.00823494
0.0174287
0.00869161
0.0038095
0.00376346
0.0037885
0.00376525
0.00378823
0.00378868
0.00378422
0.00377293
0.0144707
0.00429017
0.010647
0.0102986
0.01125
0.00519574
0.0133037
0.00537731
0.0112242
0.00389204
0.00925947
0.00695027
0.00861286
0.00625928
0.0107005
0.00624282
0.00438651
0.0135833
0.0118896
0.0040226
0.00440296
0.00722166
0.00412262
0.007528
0.0043135
0.00394767
0.00419027
0.0072042
0.00421703
0.0039868
0.00450842
0.00431361
0.0161994
0.0145582
0.00410999
0.0123424
0.0131468
0.00769346
0.0103618
0.00616612
0.00700008
0.00602749
0.00389075
0.00404643
0.00569085
0.00600971
0.00427031
0.00405822
0.00376951
0.0037681
0.00381124
0.00381375
0.00378448
0.00377929
0.00380066
0.00379255
0.0037685
0.00376905
0.00381581
0.00380834
0.00378413
0.00378046
0.00379645
0.00379591
0.00410132
0.0043156
0.006502
0.0046211
0.00457089
0.00517352
0.00477265
0.00530453
0.00385568
0.00385498
0.00402749
0.00392148
0.00388048
0.00387345
0.00390417
0.00390431
0.00378278
0.00383804
0.00382733
0.00382271
0.0037934
0.00380582
0.00380335
0.00381716
0.00377834
0.00382147
0.0039461
0.00389556
0.00379024
0.0038077
0.00380008
0.00385373
0.00388754
0.00384405
0.00383954
0.00399831
0.00390101
0.00383572
0.0039543
0.00385789
0.00395369
0.00406049
0.0038446
0.00404362
0.00401867
0.00400431
0.00392905
0.00394767
0.0209626
0.021091
0.0187479
0.00623524
0.0163647
0.0190863
0.0108378
0.0150521
0.0195118
0.0171496
0.0168654
0.00880396
0.0147428
0.0163037
0.0127853
0.0133131
0.0173243
0.0180249
0.0172671
0.00580252
0.0141802
0.0167684
0.00964171
0.0137724
0.00408477
0.00481341
0.00402832
0.00377048
0.00402271
0.00448025
0.0038177
0.00396615
0.0165072
0.0149937
0.00581545
0.00747101
0.0143046
0.0145558
0.00877204
0.00769791
0.0187286
0.00844994
0.0165551
0.0174973
0.0157786
0.0140271
0.019146
0.0146921
0.00984343
0.00505764
0.00581204
0.00490326
0.00612364
0.00572901
0.0056927
0.00571129
0.0138285
0.00542626
0.00698251
0.0139368
0.0132017
0.00709084
0.0125316
0.00792883
0.0164501
0.0188652
0.00755888
0.0163352
0.0161286
0.0119702
0.0129127
0.0107095
0.0200014
0.0192407
0.00703172
0.0159829
0.0186267
0.0140402
0.0138214
0.0124863
0.00764112
0.00732619
0.00779623
0.00660627
0.00749067
0.00779593
0.00710493
0.0076924
0.0160786
0.0130161
0.00630933
0.012371
0.0149532
0.0100321
0.0106166
0.00819536
0.0180887
0.00692259
0.0162742
0.0143396
0.0138636
0.0104161
0.0167699
0.0113055
0.0126159
0.0106859
0.0065725
0.00721101
0.0109966
0.0102001
0.00726531
0.00697108
0.00695752
0.0128515
0.0110868
0.00649943
0.00699761
0.00999055
0.00684026
0.009228
0.00720541
0.00677245
0.00942459
0.00645975
0.00716283
0.00705756
0.00677387
0.00657365
0.00642314
0.00601949
0.00619331
0.00543049
0.00553738
0.00558985
0.00544028
0.00550192
0.00666163
0.0126067
0.0167123
0.0132575
0.00966052
0.0108592
0.0114184
0.0149538
0.00763731
0.0168939
0.0214735
0.0163043
0.0110921
0.0122788
0.0145044
0.0168554
0.00597019
0.0129578
0.0149801
0.0123045
0.00863275
0.0101962
0.0103418
0.0141779
0.00595366
0.00586023
0.00569853
0.00902937
0.00588086
0.00573984
0.00605468
0.00582272
0.00592882
0.010467
0.011802
0.00601217
0.00601668
0.00970773
0.00617286
0.0108773
0.00607852
0.00582874
0.0107946
0.0119052
0.00602448
0.00588078
0.00963982
0.00924192
0.00612362
0.0149171
0.0142659
0.01602
0.00977147
0.0107537
0.0130313
0.0153372
0.0359565
0.0244168
0.0478052
0.0249337
0.0312861
0.033817
0.0326402
0.0341605
0.0108238
0.00815648
0.00736461
0.0068651
0.00830212
0.00719405
0.00846257
0.00736824
0.0600429
0.00892773
0.0152925
0.015496
0.0301048
0.0132543
0.0343508
0.0128215
0.0163741
0.00893008
0.0147918
0.00669139
0.012314
0.0126485
0.0117506
0.0114941
0.0171593
0.0339747
0.0229758
0.0106571
0.0181818
0.0247773
0.0139231
0.0194921
0.0138007
0.00754431
0.00785348
0.0324408
0.0143185
0.0101974
0.0208795
0.013285
0.0376417
0.0233298
0.0114336
0.0182347
0.0200918
0.018357
0.0165686
0.0149105
0.0344067
0.0121815
0.00730339
0.00768643
0.0206786
0.0118759
0.0134517
0.00820899
0.00759083
0.0089894
0.00717984
0.00632261
0.00699141
0.00746031
0.00685031
0.00720964
0.0121004
0.0430706
0.0230482
0.0219324
0.0162881
0.0265347
0.0165213
0.0284757
0.00773032
0.013482
0.0115612
0.00679961
0.00816637
0.0112267
0.00848556
0.0118991
0.00652454
0.0192976
0.00953116
0.0065903
0.00687008
0.0134579
0.00647958
0.012842
0.0101019
0.00664264
0.00654552
0.0173384
0.0101145
0.00747619
0.0129159
0.00850064
0.00903856
0.016317
0.0125847
0.00697341
0.00913123
0.0119354
0.00747668
0.00834883
0.00670128
0.00630595
0.0173002
0.00762544
0.00674357
0.0085814
0.00751896
0.0110492
0.00724864
0.00769096
0.0163624
0.0137446
0.00757859
0.00752731
0.00856468
0.010483
0.00376088
0.00375815
0.0037603
0.003791
0.00377036
0.00375944
0.0037783
0.00377005
0.00375154
0.0037524
0.00375177
0.00376794
0.0037537
0.00375178
0.00375724
0.00375402
0.00376059
0.00376016
0.0037608
0.00378927
0.00377037
0.00376002
0.00377711
0.00377061
0.0038196
0.0038046
0.00381954
0.00385863
0.00382972
0.00381432
0.00384135
0.0038294
0.00376314
0.00376885
0.00379742
0.00378459
0.00377033
0.00377627
0.00377781
0.00378437
0.00375406
0.00377318
0.00375446
0.003758
0.00376275
0.00376463
0.00375685
0.0037623
0.00377666
0.00380578
0.00379278
0.00380636
0.00378805
0.0037965
0.00379723
0.00380558
0.00376906
0.00379814
0.00378514
0.0037651
0.00377737
0.00378531
0.0037711
0.00377873
0.0383021
0.0415824
0.139872
0.0828661
0.06972
0.0600718
0.0800755
0.0681381
0.0154146
0.0103042
0.0377768
0.0195272
0.0140141
0.0109577
0.0192262
0.0123724
0.196801
0.12181
0.199546
0.209015
0.185289
0.181014
0.210995
0.188674
0.0978429
0.058491
0.174674
0.108578
0.102647
0.0929884
0.129299
0.112361
0.0318901
0.149516
0.0834721
0.0420677
0.0444008
0.0641863
0.0439716
0.071065
0.0268134
0.0354308
0.0715746
0.144473
0.0344106
0.0300402
0.0974672
0.0763073
0.175394
0.104536
0.057507
0.178731
0.164526
0.0843821
0.147291
0.080345
0.157526
0.160087
0.0435336
0.0781522
0.139416
0.143134
0.0983891
0.089458
0.00710564
0.00656531
0.00684841
0.00514218
0.00578541
0.00608683
0.00530186
0.00592744
0.00673584
0.0080173
0.00753868
0.00657018
0.00702794
0.00745579
0.00682846
0.00742786
0.00789177
0.00824541
0.00857225
0.00780958
0.00776718
0.00825042
0.00789819
0.00861668
0.00479308
0.00532751
0.00596552
0.00446319
0.0049084
0.005211
0.00485039
0.00521639
0.00607582
0.00679988
0.00504877
0.00571431
0.0058437
0.00569972
0.00577215
0.00545507
0.00638126
0.00644589
0.00745164
0.00684166
0.00635311
0.00655165
0.00694416
0.00703384
0.00681843
0.00495223
0.0055271
0.00631531
0.00661592
0.00547957
0.00636407
0.00545483
0.00679163
0.00709025
0.0063671
0.00770122
0.00679035
0.00687356
0.00702981
0.00712177
0.0183985
0.0214112
0.00866693
0.010359
0.0172807
0.019756
0.010913
0.010899
0.0204525
0.0158269
0.0126204
0.0169519
0.013935
0.0146959
0.0122479
0.0121246
0.0115788
0.0141689
0.00727494
0.026707
0.0181201
0.0113681
0.017731
0.0145387
0.0183966
0.0375116
0.0331551
0.0130722
0.0264598
0.0369378
0.0205136
0.0364468
0.0156552
0.00999043
0.0127669
0.0212058
0.0115582
0.010583
0.0110222
0.0108723
0.0196616
0.0193588
0.0123737
0.00922774
0.0121782
0.012928
0.0110499
0.012164
0.0222254
0.0208492
0.037044
0.0470417
0.0222798
0.0247285
0.0402321
0.037864
0.013853
0.048176
0.0253353
0.0180075
0.0181964
0.0227869
0.0208616
0.0244507
0.0183461
0.016837
0.0131078
0.0147113
0.0135225
0.0155691
0.0123796
0.0130277
0.0167034
0.0149886
0.00757978
0.00715434
0.0118904
0.0130304
0.00799813
0.00754215
0.0116354
0.0146051
0.00642276
0.0172245
0.0161909
0.0139423
0.0161606
0.0113585
0.015709
0.0104628
0.0130912
0.00834246
0.0139167
0.0136712
0.0108753
0.00980427
0.0116955
0.012059
0.0156632
0.009201
0.00903719
0.0122082
0.0100215
0.0134075
0.0143494
0.00809874
0.00731775
0.00894596
0.00912653
0.00845831
0.00926981
0.00776899
0.0144262
0.0201225
0.0122435
0.0173437
0.0177289
0.0191976
0.0186422
0.0161137
0.0137835
0.0145382
0.0107603
0.0138466
0.0164063
0.0162613
0.0139548
0.0130737
0.0255873
0.0188318
0.0183389
0.0248836
0.0247016
0.0207109
0.0249097
0.0212885
0.0130858
0.0152183
0.0203574
0.0168592
0.01383
0.0137654
0.0143796
0.0133182
0.0130273
0.0231227
0.0226274
0.00934351
0.0152875
0.0194272
0.0123589
0.0165776
0.0257252
0.0334847
0.0199951
0.0154798
0.0270117
0.0311451
0.0220175
0.0279161
0.0174192
0.0175746
0.0257181
0.0235233
0.0197159
0.0214109
0.0229422
0.0252832
0.0132577
0.0163354
0.017923
0.0154426
0.0151741
0.0151422
0.0170664
0.0149255
0.0150159
0.0265997
0.026533
0.0147768
0.0181205
0.0276622
0.0160662
0.0278493
0.0114915
0.0102818
0.0180797
0.0154129
0.0118574
0.0106686
0.0124651
0.0117203
0.0194006
0.0155166
0.0199792
0.019947
0.0187597
0.0177297
0.0193843
0.0184075
0.0145504
0.0195955
0.0184276
0.00977628
0.0150454
0.017147
0.0144559
0.0177689
0.0159377
0.0170318
0.0150606
0.0159871
0.0166601
0.0145357
0.0156173
0.015245
0.0187879
0.00944952
0.0158095
0.010963
0.0160121
0.0138752
0.0164841
0.0142274
0.0150257
0.0193407
0.0184829
0.0107859
0.0152498
0.0182881
0.0120076
0.0152005
0.0141479
0.0114674
0.0158269
0.0156953
0.0146085
0.0144268
0.0154382
0.0157618
0.0190585
0.0195411
0.0111492
0.0169697
0.0171936
0.0153097
0.0163428
0.0144461
0.016261
0.016241
0.0120177
0.0165817
0.0168251
0.0155179
0.0157507
0.0139803
0.0108465
0.0138938
0.00981011
0.00444778
0.00527994
0.010992
0.00493013
0.008472
0.017134
0.018138
0.0152808
0.00464056
0.00836719
0.0166168
0.00767278
0.0132658
0.00883488
0.0110498
0.00720749
0.00384566
0.00557151
0.00864239
0.00460033
0.00618649
0.00378989
0.00379896
0.00376343
0.00376334
0.00378072
0.00378306
0.00376916
0.00377051
0.0065595
0.00531751
0.00408031
0.00413084
0.00532194
0.00521416
0.00452436
0.00428318
0.013643
0.00452252
0.0125383
0.0105074
0.0116279
0.00731805
0.0133957
0.00705899
0.00498332
0.00395094
0.00396207
0.00380839
0.00404603
0.00404522
0.00387263
0.00389462
0.00769505
0.00385948
0.00414596
0.00933525
0.00585278
0.00402388
0.00615749
0.00417214
0.0170212
0.0206608
0.00802285
0.00696241
0.0179582
0.0193375
0.00792261
0.0116894
0.0202552
0.0161626
0.0136402
0.0123981
0.013358
0.0153473
0.00988015
0.0127485
0.00788087
0.0117069
0.00462541
0.0248996
0.0162974
0.0108342
0.014328
0.00950236
0.00924796
0.0238921
0.0285479
0.0124093
0.0147363
0.0230593
0.0162897
0.0300965
0.0163372
0.0109396
0.00922339
0.0119671
0.0112613
0.0109501
0.0109824
0.0111811
0.0192615
0.0133634
0.0126463
0.00873111
0.0107039
0.0099268
0.00963642
0.00944911
0.00953963
0.00957458
0.0222025
0.033807
0.00911096
0.0138835
0.0226541
0.0214241
0.0109715
0.043657
0.0256793
0.0131903
0.0149901
0.0184581
0.015684
0.0218955
0.017484
0.0082664
0.0179443
0.00928627
0.012289
0.0135222
0.0121764
0.0127417
0.00843091
0.00538788
0.0108289
0.0201609
0.0104741
0.00762615
0.0133471
0.0105458
0.0156881
0.0136909
0.0192148
0.0150036
0.0139247
0.0156271
0.0136829
0.0142186
0.0090602
0.0163103
0.0164646
0.00873953
0.00908478
0.0160696
0.00935478
0.0164421
0.00916368
0.0138609
0.00887712
0.0149342
0.00909113
0.0114654
0.0101204
0.0106503
0.00829127
0.0173277
0.0114897
0.0142513
0.00839495
0.0123165
0.0100157
0.0113384
0.0128505
0.00881765
0.0160824
0.0147311
0.0116914
0.0107592
0.0148653
0.0155624
0.0127684
0.0152098
0.0194372
0.0119178
0.012909
0.0152085
0.0115645
0.0165466
0.0159569
0.0184426
0.0151044
0.0130398
0.0130382
0.0120784
0.013209
0.0123451
0.0219524
0.0218107
0.0119025
0.00804862
0.016912
0.0169397
0.0118769
0.0125652
0.0164602
0.0128042
0.0193178
0.0189929
0.0151844
0.0151142
0.0183071
0.0170207
0.0228456
0.0117388
0.0209345
0.0159282
0.0180557
0.0177221
0.0203183
0.0192759
0.0162091
0.012432
0.0116018
0.00849747
0.0126261
0.0113679
0.00937192
0.0110873
0.0153609
0.00818086
0.0111385
0.0120173
0.0133024
0.0113683
0.0128887
0.0114729
0.0166691
0.0200181
0.0104966
0.0198112
0.0187192
0.017099
0.017118
0.0168504
0.0150511
0.0183891
0.0094074
0.0113084
0.01507
0.0164575
0.011812
0.0106695
0.0188681
0.0174415
0.0155518
0.00965341
0.0172082
0.0165864
0.0136463
0.015892
0.0167634
0.0169412
0.01509
0.0152604
0.0148653
0.0158447
0.0166716
0.0148817
0.0179201
0.0247375
0.0222321
0.0201016
0.0200643
0.0223824
0.0193133
0.0217121
0.00947146
0.0169023
0.0196433
0.0122212
0.0105685
0.0152368
0.0116654
0.018384
0.0158593
0.0148861
0.00937813
0.0137044
0.0138621
0.0141908
0.0120084
0.0115771
0.0158768
0.014782
0.0154015
0.0152045
0.0157644
0.0161542
0.0155178
0.0157524
0.0144481
0.00960293
0.0152731
0.0170076
0.0131734
0.0125866
0.014689
0.0150349
0.0176048
0.0196317
0.0184984
0.0206568
0.020292
0.0173507
0.0205215
0.0190228
0.00472057
0.00479426
0.00467026
0.00430124
0.00442803
0.00449144
0.00439468
0.00450083
0.00564087
0.00766416
0.00623408
0.00597085
0.00613099
0.0062838
0.00584896
0.00609113
0.00522673
0.00610811
0.00630741
0.00489345
0.00546407
0.00574515
0.005186
0.00570093
0.00419596
0.00482038
0.00445862
0.00420148
0.00430753
0.00444292
0.00421803
0.00449247
0.00491582
0.00472402
0.00431292
0.0050123
0.00472666
0.00446751
0.00477538
0.00437802
0.00500319
0.00521183
0.00574115
0.00490246
0.00495972
0.00530965
0.00519491
0.00547887
0.00462966
0.00424201
0.00482087
0.00452248
0.00450099
0.00437525
0.00465645
0.00447523
0.00488808
0.00473793
0.00509242
0.00566085
0.00497947
0.00481122
0.00526979
0.00523728
0.00469811
0.00554773
0.00498171
0.00476982
0.00478997
0.00496051
0.004714
0.0049631
0.00702383
0.00732845
0.0062193
0.00613973
0.00674836
0.00679466
0.00627029
0.00649251
0.005576
0.00681248
0.00697055
0.00568625
0.00580743
0.00626731
0.00570124
0.00637691
0.00455456
0.00581423
0.00531816
0.00476958
0.00476255
0.00519487
0.00472692
0.00530729
0.00566254
0.00511702
0.00474092
0.00575989
0.00544259
0.0050407
0.00552644
0.0049551
0.00587961
0.00596453
0.00613677
0.00533782
0.0058066
0.00608352
0.00559832
0.00589981
0.00501145
0.00456324
0.00569558
0.00520081
0.00501382
0.00497166
0.00524655
0.00527326
0.00538291
0.00568045
0.00604557
0.00637474
0.00562093
0.00553262
0.00587703
0.00599704
0.0272657
0.0259638
0.0292762
0.00668137
0.0178676
0.0270954
0.0174111
0.0242886
0.0224327
0.0223397
0.0256025
0.00578795
0.0163551
0.0239238
0.0161465
0.0211132
0.0296083
0.0282789
0.0277204
0.0111702
0.0233608
0.0289728
0.0216554
0.024789
0.00401451
0.00402173
0.00510948
0.00377356
0.00391932
0.00452496
0.00394775
0.00439981
0.0184046
0.0231792
0.00522222
0.00546712
0.0182727
0.0209351
0.00685629
0.00903392
0.0250991
0.00833095
0.0280677
0.0295759
0.0228894
0.0191557
0.028274
0.0217882
0.0218184
0.00529673
0.0056182
0.00821438
0.0100869
0.00792725
0.00830754
0.0070119
0.0257939
0.00971238
0.00743935
0.0243568
0.0216524
0.0105703
0.0203539
0.00905483
0.00376409
0.00376194
0.0037618
0.00380167
0.00377361
0.00376138
0.00378342
0.00377468
0.00376181
0.00376082
0.00376021
0.00379266
0.00377213
0.00376092
0.00377941
0.00377139
0.00376067
0.00375797
0.003758
0.00378576
0.00376879
0.00375917
0.00377495
0.00376778
0.00384192
0.00382474
0.00381731
0.00387511
0.00384617
0.00382952
0.0038533
0.00383702
0.00377178
0.0037706
0.00381386
0.00380769
0.00378082
0.00378651
0.00379524
0.00379844
0.00376112
0.00379533
0.00376011
0.00376056
0.00377351
0.00378465
0.00376121
0.0037699
0.00377862
0.00382115
0.00381156
0.00380535
0.0037923
0.00380921
0.00379995
0.0038175
0.00377164
0.00379665
0.00380156
0.00376892
0.00377959
0.00378907
0.00377633
0.00378656
0.00622124
0.00630634
0.00632205
0.00593691
0.00633804
0.00659819
0.00619126
0.00641507
0.00613405
0.00734278
0.00612419
0.00658615
0.00644179
0.00725091
0.00642236
0.00751509
0.00715768
0.00690707
0.0108086
0.00672196
0.00685699
0.00771269
0.00709205
0.00829929
0.00533088
0.00614626
0.00560438
0.00474932
0.00514153
0.00564822
0.00504907
0.00567925
0.00605407
0.00645065
0.00580455
0.00592461
0.00602237
0.00603062
0.00588416
0.00583372
0.00591877
0.00623727
0.00573313
0.00634535
0.0059349
0.00600978
0.00589186
0.00573075
0.00632131
0.00569383
0.00588425
0.00584346
0.00600464
0.00579581
0.00577453
0.00563218
0.00638511
0.0062552
0.00631114
0.00592255
0.0060587
0.00604497
0.00586037
0.00588934
0.010757
0.0121543
0.0119433
0.0113644
0.0109598
0.0116219
0.0113691
0.0118399
0.014667
0.020079
0.0241439
0.0210868
0.0163926
0.0179027
0.0188929
0.0226491
0.0108694
0.0233818
0.0232865
0.019598
0.0141254
0.0149797
0.0166635
0.0192595
0.0126735
0.0209568
0.019827
0.0184108
0.013564
0.0153038
0.0154197
0.0200792
0.0138367
0.0124104
0.0119348
0.0160322
0.0140321
0.0128579
0.0145837
0.012287
0.0139804
0.0173838
0.0178765
0.0123906
0.0145477
0.0162973
0.0141251
0.0167402
0.0102482
0.0121778
0.0177624
0.0158362
0.0107892
0.0120445
0.0140534
0.0142441
0.0102679
0.0200539
0.0215539
0.0228867
0.0144997
0.0155196
0.0188997
0.0220468
0.00375458
0.00375181
0.00375229
0.00376927
0.00375569
0.00375175
0.00375862
0.00375483
0.00375369
0.00375861
0.00375898
0.00378154
0.00376574
0.00375809
0.00377064
0.00376509
0.0037571
0.00376048
0.00376079
0.00379139
0.00377004
0.00376042
0.00377919
0.00377144
0.0038021
0.0038074
0.0038185
0.00385226
0.00382299
0.0038126
0.00383626
0.00382815
0.00375442
0.00375612
0.00377901
0.00378692
0.00375843
0.00375833
0.00376824
0.00376807
0.00375264
0.00377825
0.00375808
0.00375243
0.00375692
0.00376728
0.00375258
0.00376328
0.00376206
0.00378916
0.00379541
0.00380561
0.00377306
0.00378177
0.00379269
0.00380222
0.00375997
0.00379876
0.00378904
0.00376902
0.00377334
0.00378307
0.00377169
0.00377983
0.00526721
0.00524433
0.00565397
0.00478077
0.00510549
0.00532424
0.00496436
0.00519226
0.00510778
0.00525541
0.00550036
0.00477211
0.00496387
0.00522066
0.00490439
0.00513272
0.00569035
0.00558845
0.0053804
0.00489832
0.00533542
0.00545658
0.00510766
0.00522498
0.00440157
0.00436638
0.00449148
0.00408403
0.0042744
0.00432544
0.00418719
0.00424412
0.0050265
0.00548733
0.00464628
0.00456348
0.00493122
0.00496763
0.00475729
0.00476176
0.00521084
0.00467816
0.0054301
0.00566058
0.00508384
0.00484157
0.00555694
0.00523238
0.00528578
0.0045367
0.00447043
0.00466319
0.00502956
0.0046517
0.0048132
0.00445927
0.00544611
0.00471254
0.00458339
0.00525938
0.00507982
0.00486953
0.00507402
0.00487361
0.00747364
0.0100824
0.00849299
0.00385221
0.00593906
0.0084114
0.00504445
0.0064137
0.0113941
0.0137891
0.0125226
0.00449018
0.0086014
0.0110957
0.00739509
0.00877663
0.00971537
0.0127656
0.01172
0.00474189
0.00795607
0.0107437
0.00677888
0.00840793
0.00376429
0.00380505
0.00383618
0.00376368
0.00376769
0.00379504
0.00377826
0.0037968
0.00769873
0.00691782
0.00384924
0.00429711
0.00647137
0.0059352
0.00432326
0.00410093
0.0100252
0.00461924
0.0111349
0.00955759
0.00766789
0.00697424
0.0107499
0.00854819
0.00585802
0.00382468
0.00425028
0.00409889
0.00407304
0.00396843
0.00423031
0.00403602
0.00717292
0.00469356
0.00454282
0.00888316
0.00665819
0.00488296
0.00748419
0.00484735
0.0037729
0.00377133
0.00381046
0.00381136
0.0037863
0.00378078
0.00379866
0.00379393
0.0037694
0.00376005
0.00378823
0.00379365
0.00377584
0.00376908
0.00378552
0.00378113
0.00384709
0.00382979
0.00388976
0.00389937
0.00385633
0.00384384
0.0038726
0.003861
0.00386382
0.00383746
0.00391362
0.00392596
0.00387782
0.00385571
0.00390818
0.00387638
0.00378295
0.00382205
0.00382452
0.00381337
0.00379375
0.00380638
0.00380409
0.00381585
0.00377838
0.00380491
0.00380052
0.00381477
0.0037902
0.00379785
0.00380354
0.00381074
0.0038357
0.00384173
0.00382614
0.00388901
0.00385429
0.00383116
0.00386691
0.00384374
0.0038285
0.00386812
0.0038186
0.00381346
0.00383748
0.00384806
0.00382116
0.00383374
0.0173089
0.0191896
0.0174736
0.00843676
0.0152522
0.0185964
0.013379
0.014716
0.0183736
0.0181325
0.0204657
0.00756941
0.0153812
0.0178458
0.0137237
0.0144231
0.0177417
0.0208577
0.0181851
0.00876075
0.0161139
0.0196753
0.013894
0.0154086
0.00768161
0.00735878
0.0086688
0.00907465
0.00758702
0.00782874
0.00808508
0.00808355
0.0161883
0.0154511
0.00823289
0.00795708
0.0143767
0.0139797
0.00839214
0.00864813
0.0187444
0.00803345
0.0202733
0.0181038
0.0151204
0.0140649
0.0197454
0.0171971
0.0133692
0.00825818
0.00819959
0.00849706
0.00878303
0.00839481
0.0087435
0.00856772
0.0144418
0.00863158
0.00806764
0.015607
0.0136483
0.00931671
0.0144352
0.00876325
0.00536778
0.00538056
0.00515752
0.00487159
0.00529998
0.00537089
0.00510295
0.00512395
0.00533592
0.00564323
0.00574994
0.00493698
0.00532542
0.00559998
0.00514985
0.00545303
0.00585602
0.00639672
0.00676746
0.00629524
0.00604946
0.00636183
0.00638117
0.00665297
0.0044228
0.00453731
0.00490676
0.0041144
0.00430587
0.00449781
0.00422786
0.00452075
0.00514952
0.00500344
0.00471335
0.00491138
0.00496024
0.00482363
0.00488802
0.00476257
0.00516185
0.0050511
0.00571128
0.00518716
0.00510523
0.00515478
0.00529783
0.00540556
0.00492608
0.0046012
0.00463665
0.00493848
0.0048288
0.00469475
0.00481093
0.00455876
0.00524325
0.0055347
0.00486422
0.00585622
0.00533874
0.00520607
0.00534898
0.00526209
0.0195694
0.0155691
0.00493178
0.0153749
0.01582
0.0134222
0.00845258
0.00713292
0.0114345
0.00743667
0.00381372
0.00892896
0.00866515
0.00632081
0.00449741
0.00431844
0.00380271
0.00376072
0.00376347
0.00378159
0.00378533
0.00377159
0.0037788
0.00376692
0.013454
0.0100241
0.00425056
0.0110553
0.0107852
0.00845461
0.00591777
0.0051664
0.0125838
0.00460608
0.012303
0.0101289
0.00656622
0.0072979
0.0128747
0.0102398
0.00969871
0.00758829
0.00383736
0.0042621
0.00487679
0.00474368
0.00416306
0.00399462
0.00394177
0.00701425
0.00466662
0.00391532
0.00454887
0.00473307
0.00416091
0.00486784
0.0038373
0.00383626
0.00450469
0.0037633
0.00380217
0.00397899
0.00378095
0.00392002
0.0197508
0.00826341
0.0175521
0.00928448
0.0133152
0.0138088
0.0124602
0.012741
0.0099515
0.0066081
0.0117397
0.0130525
0.0126681
0.0100489
0.0140964
0.0116626
0.0145753
0.0123827
0.0168228
0.0133538
0.0137739
0.0146221
0.0127267
0.0125897
0.00723637
0.00916898
0.0103575
0.00630284
0.00669445
0.010144
0.00682876
0.00969807
0.008773
0.0135545
0.00855797
0.0111734
0.00855633
0.011208
0.00883083
0.0104172
0.00870084
0.0135189
0.0110058
0.0138159
0.00862192
0.0125949
0.00981711
0.0105599
0.0121054
0.00865356
0.0117003
0.0112174
0.0107777
0.0104819
0.0117555
0.0122479
0.0121372
0.0128769
0.0146469
0.0111457
0.0124609
0.0125328
0.0104708
0.0132646
0.0143051
0.0153574
0.0167666
0.0123916
0.0133294
0.0150511
0.0113786
0.0126801
0.0172774
0.0076716
0.0100094
0.0179634
0.0118301
0.0102253
0.0145774
0.0125198
0.0190705
0.00829647
0.018829
0.00995637
0.0135105
0.0156292
0.0125052
0.0134575
0.0144033
0.0140273
0.0109666
0.00742032
0.0150996
0.0152953
0.0117818
0.0108618
0.0154117
0.0132527
0.0134262
0.0177449
0.0119324
0.0121191
0.0159872
0.0140283
0.0143384
0.0156618
0.00932107
0.0162386
0.0114363
0.0123888
0.00992883
0.00940475
0.0112756
0.013072
0.0176944
0.0112782
0.0105521
0.0137057
0.0108025
0.0163562
0.0132202
0.011893
0.0163957
0.00939034
0.0106597
0.0110016
0.00919749
0.0124637
0.00917461
0.00912656
0.00815527
0.00842942
0.00929234
0.0093431
0.00886376
0.0085823
0.00625413
0.00581036
0.00634747
0.00541821
0.00543986
0.00575504
0.00565847
0.00591754
0.00648195
0.00644669
0.00615116
0.00532274
0.0058063
0.00599666
0.00572148
0.00574104
0.00589441
0.00488537
0.00469384
0.00437006
0.0048627
0.00483076
0.00459126
0.00458015
0.0067099
0.00703619
0.00683911
0.00533446
0.00700714
0.00735534
0.00652321
0.0070953
0.00695523
0.00560648
0.00621989
0.00690956
0.00704292
0.00567742
0.00714143
0.00599046
0.00657832
0.00643727
0.00517511
0.00503524
0.00633642
0.00639882
0.00518601
0.00501059
0.00630211
0.00507299
0.00540651
0.00599705
0.00545431
0.00524668
0.00567362
0.00544725
0.0124876
0.0140368
0.00814395
0.0131845
0.0151362
0.011652
0.0115802
0.011411
0.0151839
0.0156393
0.00916856
0.0152172
0.017806
0.0136994
0.0133301
0.012598
0.00767369
0.00851161
0.00750535
0.00727241
0.0076432
0.0075424
0.00750736
0.00747935
0.0128065
0.0142415
0.00656096
0.0148971
0.0150013
0.0120022
0.0112984
0.0107851
0.0167585
0.00836874
0.0155701
0.016969
0.0127592
0.0109968
0.0146902
0.0124356
0.0130417
0.0133564
0.00907067
0.00808315
0.01214
0.0114965
0.00871333
0.00890398
0.00812944
0.0120457
0.0127561
0.00695023
0.00760743
0.0113916
0.00769816
0.0106459
0.00797893
0.00721399
0.0119942
0.00849374
0.00785868
0.00766728
0.00819104
0.00801017
0.00375208
0.00375314
0.00375207
0.00376777
0.0037571
0.00375305
0.00375988
0.00375575
0.00375216
0.00375388
0.00375334
0.00377084
0.0037578
0.00375457
0.00376345
0.00376147
0.00375196
0.00375203
0.00375236
0.00376598
0.00375604
0.00375266
0.00376022
0.00375674
0.00379868
0.0037988
0.00379096
0.00383846
0.00381277
0.00380008
0.0038216
0.00380914
0.0037575
0.00375414
0.00377833
0.00377972
0.00376186
0.00376107
0.00377215
0.00377157
0.00375332
0.00377211
0.00375299
0.00375138
0.0037573
0.00376241
0.00375226
0.00375678
0.00375689
0.00378613
0.00378742
0.00377948
0.00376424
0.0037786
0.00377104
0.00378854
0.00375402
0.00377448
0.00378012
0.0037564
0.00375846
0.0037647
0.00375931
0.0037668
0.020421
0.0168282
0.0198213
0.00643045
0.0145863
0.0185932
0.0141963
0.0169098
0.0162183
0.0143634
0.0167019
0.00580694
0.0116685
0.0156131
0.0116276
0.0141029
0.0194872
0.0184356
0.0178191
0.00915873
0.0159788
0.0183964
0.0150851
0.0164743
0.00414428
0.00409043
0.00503316
0.00378095
0.00397607
0.00460614
0.0040212
0.00451143
0.0127114
0.0159249
0.00530967
0.00517191
0.0124012
0.0143749
0.00604691
0.0072827
0.0174106
0.00698656
0.0182918
0.0195872
0.0156892
0.0136692
0.0189363
0.0151626
0.0151747
0.00543382
0.00528365
0.00692424
0.00794891
0.00677937
0.00697167
0.00636852
0.0174458
0.00798312
0.00645732
0.0164017
0.0151
0.00847179
0.014448
0.00768066
0.00375366
0.00375641
0.00375304
0.00376749
0.00375631
0.0037547
0.00375832
0.00375705
0.00375962
0.00376059
0.00375537
0.00378368
0.00376545
0.00376041
0.00377183
0.00376971
0.00375849
0.00375649
0.00375492
0.00378548
0.00376778
0.00375767
0.00377375
0.00376682
0.00380781
0.00381545
0.00381872
0.00386839
0.00383073
0.0038192
0.00384568
0.0038356
0.00376405
0.0037596
0.00378561
0.00379477
0.00376799
0.00376732
0.00377908
0.0037783
0.00375843
0.0037861
0.0037538
0.00375541
0.00376464
0.00377623
0.00375373
0.00375951
0.00376641
0.00379476
0.00380212
0.00380316
0.00377748
0.0037894
0.00379344
0.00380766
0.00376518
0.00379663
0.00379383
0.00375989
0.00377568
0.00378382
0.00376631
0.00377781
0.0179153
0.0182559
0.0150011
0.00792932
0.0125648
0.0166376
0.0108343
0.0131089
0.0187054
0.0162048
0.0172651
0.00681182
0.0129902
0.0170818
0.0118465
0.0140104
0.0145091
0.0177017
0.0134121
0.00710892
0.0119313
0.0162052
0.00976861
0.0121133
0.00812389
0.0064964
0.00638825
0.00702741
0.0070016
0.00680625
0.00670256
0.00643754
0.0135861
0.0115649
0.00770821
0.00727717
0.0122019
0.0109734
0.00753472
0.00752253
0.0182306
0.00724641
0.0177716
0.0155712
0.0149901
0.0121248
0.0174434
0.0131228
0.0100608
0.00769041
0.00719493
0.00704935
0.00763221
0.00736339
0.00713944
0.00703604
0.0126688
0.00703913
0.00718486
0.014796
0.0111038
0.00728635
0.0119308
0.00737611
0.00380081
0.00420444
0.00413243
0.00492943
0.00405492
0.00400778
0.00448086
0.004563
0.00635738
0.0182695
0.017224
0.019595
0.0129705
0.0134483
0.0164792
0.0184767
0.00614023
0.0173952
0.0162266
0.0185542
0.0124254
0.0126211
0.0155857
0.0174414
0.00893097
0.0196975
0.0197765
0.0182263
0.0149137
0.0160105
0.0166357
0.0190368
0.00549688
0.00541657
0.00675487
0.0147059
0.00678801
0.00622049
0.0078433
0.00682702
0.00541284
0.0155224
0.0130288
0.00539407
0.00733342
0.0140554
0.0063128
0.0126497
0.00668554
0.0079166
0.0175139
0.0175053
0.00787149
0.0084995
0.0149757
0.0152582
0.00728122
0.0198473
0.0201382
0.0185481
0.0141892
0.0158511
0.0166416
0.0201652
0.0247607
0.024387
0.00627253
0.0269767
0.0252596
0.0153695
0.0219109
0.0149134
0.0253952
0.0273965
0.00663782
0.0284433
0.0264725
0.0167956
0.0235045
0.0162247
0.00404958
0.00421742
0.00378677
0.00522098
0.00466634
0.00403327
0.00450956
0.00410434
0.0264557
0.026638
0.0109144
0.0239117
0.0246403
0.0212746
0.0215593
0.0196319
0.0252382
0.00773135
0.0274997
0.027675
0.0219042
0.0175881
0.0272502
0.0203984
0.0161438
0.0216215
0.00530295
0.00514875
0.0155936
0.0188907
0.00665733
0.00868643
0.00706503
0.0234217
0.0237408
0.00935985
0.00886058
0.0191627
0.0101709
0.0201552
0.00519014
0.00788966
0.0203112
0.00536515
0.0066878
0.00785674
0.00774067
0.00962196
0.0216413
0.0210569
0.0209452
0.0115393
0.018566
0.0256145
0.0168806
0.0181394
0.0194391
0.0156205
0.0168818
0.00975136
0.0149798
0.020134
0.0137688
0.0141282
0.0182608
0.0160627
0.0148942
0.00868948
0.0148134
0.019372
0.0128681
0.0138159
0.0117824
0.0108422
0.00947152
0.00977564
0.0107155
0.0111896
0.0104775
0.0102041
0.0177921
0.0177152
0.0122003
0.0099947
0.0161663
0.0151984
0.0116334
0.0120205
0.0241562
0.00986192
0.020812
0.0232556
0.0167045
0.0130205
0.01944
0.0154087
0.0152568
0.0112512
0.00971786
0.00903725
0.0102099
0.010692
0.00959452
0.00989161
0.0163247
0.00872798
0.0091087
0.0146379
0.0130312
0.0094065
0.0140226
0.00910984
0.0127399
0.00422107
0.0114812
0.010965
0.00958205
0.00617363
0.0121436
0.00682422
0.00377504
0.00375442
0.00375549
0.00375534
0.00376369
0.00375923
0.00376194
0.00375483
0.00899449
0.0038143
0.00502121
0.00523785
0.00628295
0.00429089
0.00776564
0.00418911
0.00852575
0.00381343
0.00532604
0.00529942
0.00605177
0.00439822
0.00748147
0.00436302
0.00413293
0.00827563
0.00797068
0.00390146
0.00416332
0.00570485
0.00402465
0.00513076
0.00396945
0.00380386
0.0038016
0.00512879
0.00394118
0.00384938
0.00400651
0.00388583
0.0105677
0.0100979
0.00391551
0.0077263
0.00882629
0.0055064
0.00626439
0.00476898
0.00556383
0.00430545
0.00378761
0.00378654
0.00473303
0.00438059
0.00390887
0.00381428
0.0100581
0.0152004
0.0170365
0.0114836
0.0111629
0.0154561
0.0109541
0.0163222
0.0149688
0.0144668
0.0153703
0.012485
0.0136358
0.0144855
0.0136081
0.0146657
0.0114125
0.0131038
0.00634404
0.00911159
0.0109448
0.0109881
0.0104282
0.0103108
0.0100042
0.0127127
0.0117038
0.0062815
0.009702
0.01273
0.00903215
0.0126654
0.0157969
0.0161193
0.0121512
0.0132556
0.0159603
0.0158102
0.0136812
0.0149267
0.0160636
0.0130289
0.0147185
0.0141306
0.0152918
0.013724
0.0149888
0.0142714
0.0154526
0.0111933
0.0128982
0.0121621
0.0141997
0.0141078
0.013083
0.013579
0.0132615
0.0127362
0.0128156
0.0144332
0.0130748
0.013295
0.0141566
0.0136133
0.0602509
0.44727
0.148819
0.089905
0.127126
0.20822
0.102763
0.209314
1.04983
0.274711
0.508506
0.509576
0.977519
0.420856
1.36533
0.39629
0.208622
0.405221
0.154051
0.54057
0.7711
0.396142
0.584236
0.363566
0.125584
0.207979
0.23192
0.140729
0.184127
0.227543
0.152149
0.195864
0.804326
0.269128
0.155081
0.437469
0.757003
0.273824
0.378604
0.251686
1.31018
0.563322
0.689183
0.401223
1.52866
1.97963
1.09559
2.29545
0.19654
0.122614
0.394463
0.339817
0.188436
0.237359
0.401758
0.363338
0.46346
0.551842
0.493533
0.673387
0.990541
0.626282
4.31041
0.868175
0.00376293
0.00376058
0.00376078
0.00379777
0.00377462
0.0037608
0.00378373
0.00377203
0.00376055
0.00376071
0.00375982
0.00379297
0.00377149
0.00376044
0.00378036
0.00377149
0.00375992
0.00375961
0.00376016
0.00378405
0.00376287
0.00375547
0.00377178
0.00376366
0.00383828
0.00383005
0.00382551
0.00389164
0.00385109
0.00383135
0.00386578
0.00384525
0.00377134
0.00377002
0.00380999
0.00380533
0.00377891
0.00378331
0.00379146
0.00379483
0.00376035
0.00379254
0.00375508
0.00375904
0.00376892
0.00378012
0.00375666
0.00376506
0.00377548
0.00382009
0.00381474
0.00381027
0.00378789
0.00380418
0.00379971
0.00381699
0.00376433
0.00379844
0.00380297
0.00376682
0.00377522
0.0037869
0.0037745
0.00378641
0.0177491
0.0129536
0.0161035
0.00887034
0.0114587
0.0139611
0.0114322
0.0148336
0.0142021
0.0138851
0.0151416
0.0121817
0.0135005
0.0136769
0.0134052
0.01392
0.0166545
0.0132587
0.0155743
0.0124834
0.012448
0.013283
0.0126176
0.0140438
0.0118228
0.012441
0.0144262
0.00928823
0.0126428
0.0130534
0.0123286
0.0133912
0.0133062
0.0114355
0.0101791
0.0123631
0.0137446
0.0158492
0.0114417
0.0113849
0.0139928
0.0128894
0.015249
0.0144369
0.0142229
0.0144354
0.0147921
0.0162734
0.0109781
0.0105665
0.0125122
0.0128495
0.00952764
0.010809
0.012415
0.0123545
0.0143172
0.0139852
0.013044
0.014175
0.0132832
0.013328
0.0162509
0.0137331
0.0209087
0.0172339
0.0140619
0.00908129
0.0182041
0.0163265
0.0135348
0.0141307
0.0164314
0.0140728
0.0178561
0.0141786
0.0141549
0.0135699
0.0162666
0.0138077
0.0153557
0.0224537
0.0160035
0.0104009
0.016454
0.0207533
0.012931
0.0163546
0.00755698
0.00939488
0.00815259
0.00774153
0.00727968
0.00812351
0.0075781
0.0080248
0.0152152
0.0138871
0.00848756
0.011779
0.0130538
0.0133867
0.010514
0.0103411
0.0156269
0.0138342
0.022001
0.0156105
0.0144706
0.0152503
0.0156348
0.0160213
0.0129396
0.00797042
0.0103657
0.00858375
0.00954219
0.00953384
0.00983708
0.00928002
0.0156599
0.0104637
0.0132897
0.0198577
0.0168555
0.0118269
0.0189679
0.0139885
0.00376398
0.00376194
0.00376142
0.00379853
0.00377258
0.00376139
0.00378173
0.00377417
0.00376155
0.00376059
0.00375864
0.00378828
0.00377073
0.00376054
0.00377637
0.00376885
0.00375738
0.00375622
0.00375306
0.00377348
0.00376115
0.0037551
0.00376387
0.00375698
0.00383089
0.00382026
0.00381031
0.00386574
0.0038377
0.00382366
0.00384382
0.00383119
0.00377069
0.00376887
0.00380653
0.00380282
0.0037787
0.00378381
0.00379285
0.00379486
0.00376084
0.00379116
0.00375892
0.00375961
0.00377205
0.0037815
0.00375937
0.00376786
0.00377571
0.00381349
0.00380675
0.00379757
0.00378828
0.00380449
0.00379384
0.00381165
0.00376887
0.00378864
0.0037972
0.0037665
0.00377459
0.00378379
0.00377333
0.00378189
0.0151913
0.0149008
0.0180989
0.0112325
0.0138531
0.0154072
0.011738
0.0129638
0.0141772
0.00524696
0.00958437
0.0155719
0.0105965
0.0081515
0.0119842
0.00947416
0.0209351
0.00885796
0.0208238
0.0102798
0.0146596
0.0166234
0.0137137
0.0146886
0.0110696
0.012447
0.00753759
0.00651942
0.0115124
0.0120065
0.00727953
0.00698584
0.0129288
0.0142747
0.0120086
0.0154274
0.0107773
0.0121704
0.0143038
0.0128245
0.0127971
0.0140075
0.00943106
0.0171898
0.0103613
0.0106528
0.0101344
0.00932259
0.0124477
0.0103483
0.0125764
0.00834409
0.0101495
0.0106381
0.0099475
0.0113407
0.0144754
0.00854618
0.0110002
0.00915927
0.0114008
0.0105698
0.00918015
0.0104845
0.0156127
0.00761205
0.0159616
0.00818931
0.0110921
0.0120289
0.0105814
0.0112399
0.00779253
0.00500164
0.00991972
0.0135338
0.00913757
0.00651722
0.0113087
0.0106044
0.0144118
0.0111698
0.0173669
0.0119003
0.0120023
0.0136227
0.0118045
0.0119628
0.00811449
0.0117253
0.012353
0.0073955
0.00844008
0.0127631
0.00895182
0.0126871
0.00902
0.0122493
0.00817126
0.011369
0.008966
0.0102991
0.00935001
0.00953686
0.00746681
0.0131368
0.00938464
0.0129016
0.00748232
0.0102754
0.00876898
0.0095932
0.0114208
0.00802503
0.0126009
0.0118456
0.0103104
0.00956035
0.0122691
0.013067
0.0114923
0.0119911
0.0150512
0.00925741
0.0109954
0.0119189
0.00949705
0.0126112
0.0220986
0.0131606
0.0184205
0.00834023
0.0146877
0.0153384
0.0140663
0.0156348
0.0134878
0.0185857
0.0181148
0.0129039
0.0144954
0.0159021
0.0143681
0.0164633
0.0195733
0.0174348
0.0163745
0.0112192
0.0120527
0.013991
0.0119552
0.0147719
0.00818588
0.0124186
0.0115185
0.00790185
0.00861844
0.0113602
0.008503
0.0117964
0.0102237
0.0111069
0.00837086
0.0107639
0.0103776
0.011305
0.00960697
0.00929281
0.0135593
0.0122465
0.0177295
0.0151866
0.013454
0.0143297
0.0155469
0.0150222
0.0106334
0.00879068
0.0110454
0.00992762
0.00826154
0.00913963
0.00947377
0.0100938
0.015542
0.0121935
0.0128594
0.017095
0.012266
0.0112646
0.0152136
0.0127119
0.0154278
0.0361732
0.0163839
0.0129224
0.0159568
0.0152413
0.0138092
0.0138948
0.0353762
0.0235427
0.0222247
0.0130244
0.0263654
0.023526
0.0182058
0.0190516
0.0165649
0.0157197
0.0173775
0.00784686
0.0154467
0.0162243
0.0130449
0.0143575
0.0123888
0.0118061
0.0077328
0.00828147
0.0121264
0.0114571
0.00871378
0.00877749
0.0342172
0.0164036
0.0145123
0.0136924
0.0145047
0.014122
0.0149494
0.0141067
0.0332084
0.0130963
0.0212493
0.0176475
0.0162152
0.0208216
0.0226412
0.0213541
0.0144247
0.0118055
0.0114468
0.00764027
0.0100009
0.0116775
0.00996051
0.0116477
0.0151189
0.00762885
0.0112489
0.0140005
0.0138736
0.0103529
0.0134879
0.0104143
0.00890988
0.0125566
0.00718028
0.0103675
0.0106006
0.0108365
0.00957562
0.0101667
0.009167
0.00789812
0.00624233
0.00681325
0.0075589
0.00780802
0.0071892
0.00747079
0.00614117
0.00539529
0.00495445
0.00494998
0.00553583
0.00535682
0.00517445
0.00503233
0.0116901
0.00663867
0.00497685
0.00594534
0.00977799
0.0076108
0.00663934
0.00596827
0.0119421
0.00766367
0.0116476
0.00768617
0.0108576
0.0107655
0.0104464
0.0107604
0.0103822
0.00705336
0.00594693
0.00718714
0.00934046
0.00736593
0.00711978
0.00618211
0.00716452
0.0102808
0.00706834
0.00554787
0.00706703
0.00967902
0.00610945
0.00787055
0.00675045
0.00526
0.00654658
0.00571947
0.00594831
0.00574127
0.00578544
0.00557747
0.00525959
0.00573655
0.00517849
0.00479402
0.00531057
0.00552022
0.00502811
0.00522073
0.005329
0.00500257
0.00507538
0.00465415
0.00490478
0.00498913
0.00474801
0.00488192
0.00494067
0.0049327
0.00464545
0.00445053
0.00462513
0.00470826
0.00453762
0.00460595
0.00428413
0.00431527
0.00416855
0.00404854
0.00415579
0.00420563
0.00408592
0.00415487
0.0052065
0.00481607
0.00450983
0.00447971
0.00491719
0.00477851
0.00476504
0.00458862
0.00530209
0.00458313
0.00483187
0.00490901
0.00504103
0.00469739
0.00511067
0.00477081
0.0046451
0.00437411
0.0043756
0.00423395
0.00452285
0.00446274
0.00429856
0.00429544
0.00474144
0.00431406
0.00451549
0.00468919
0.00446838
0.004349
0.00459031
0.00452368
0.00780369
0.00592976
0.00580435
0.00533191
0.00652297
0.00629251
0.00568462
0.00561964
0.00514686
0.00503514
0.00530157
0.0045753
0.00489554
0.00498774
0.00472082
0.00484795
0.00519549
0.00538581
0.00496373
0.00464235
0.00489385
0.00497329
0.00474495
0.00488639
0.00452642
0.00437236
0.00435778
0.00408197
0.00430451
0.0043775
0.00416676
0.0042659
0.00530809
0.00533739
0.00482238
0.00457436
0.0050341
0.00508318
0.0048314
0.00495191
0.00529893
0.00467811
0.0056276
0.00543345
0.0050655
0.00481982
0.00538091
0.00529818
0.00508004
0.00468472
0.0044936
0.00446849
0.00487731
0.00476496
0.00461323
0.00452195
0.00516838
0.00453243
0.00460651
0.00549966
0.00485541
0.00468279
0.00516202
0.00503116
0.00804401
0.00743143
0.00779719
0.00521528
0.00758386
0.00798701
0.00618933
0.00659021
0.00844992
0.00792424
0.00908982
0.00699763
0.00826726
0.00843346
0.00770173
0.00800838
0.00845803
0.00986115
0.0103658
0.00649912
0.00838749
0.00997557
0.00783776
0.00948094
0.00436913
0.00588418
0.00480579
0.00442103
0.0049767
0.00504651
0.00442193
0.00449918
0.00761395
0.00682606
0.00523528
0.00708319
0.00668372
0.00613264
0.00647085
0.00538702
0.00783034
0.00724518
0.00869556
0.00742667
0.00707028
0.00794433
0.00769953
0.00835023
0.00621805
0.00472054
0.00570971
0.00534496
0.00552256
0.00492752
0.00562599
0.0052313
0.00696629
0.00561093
0.00585509
0.00761923
0.00682241
0.00603247
0.00687688
0.00644752
0.00950311
0.0153265
0.00755656
0.0131903
0.00896284
0.0129152
0.00768446
0.00921103
0.0235416
0.0267899
0.0113025
0.0212493
0.0215655
0.0226686
0.0167708
0.0155876
0.00454409
0.00558435
0.0067667
0.00701262
0.00401685
0.00488849
0.00352961
0.00419437
0.0222212
0.0244648
0.0146632
0.0305199
0.0242852
0.0232773
0.0226481
0.0223072
0.0159058
0.00763502
0.0157148
0.0202001
0.0130597
0.0107045
0.018115
0.0158269
0.0203919
0.0191154
0.00870234
0.00871032
0.0142536
0.0141237
0.0110227
0.00960668
0.00580995
0.0144265
0.0179433
0.0094933
0.0110664
0.0145171
0.0113117
0.016387
0.00563497
0.00885951
0.0169504
0.00552865
0.00551113
0.00929704
0.00677493
0.0108423
0.0115288
0.0106247
0.00842186
0.0132763
0.0104711
0.00932926
0.0112841
0.00926069
0.0130168
0.0144063
0.010442
0.00953426
0.0141978
0.0137616
0.0101404
0.0103134
0.00799993
0.00974043
0.00974853
0.0143041
0.0125048
0.0112615
0.0128417
0.0101024
0.0161285
0.00841515
0.0193333
0.0205663
0.013569
0.0132859
0.0219325
0.0185338
0.0111147
0.00942128
0.0131689
0.00957857
0.0103143
0.010884
0.0106202
0.0123519
0.0108982
0.00952796
0.00965895
0.00850289
0.0102408
0.00959814
0.00922608
0.0096579
0.0089522
0.0144221
0.00941506
0.01829
0.0111125
0.0144295
0.0145884
0.0149273
0.00879767
0.0150039
0.00882894
0.00942045
0.0142007
0.0136088
0.00997868
0.00946497
0.00375617
0.00375603
0.00375287
0.00377242
0.00375843
0.00375477
0.00376121
0.00375797
0.00375938
0.00376081
0.00376033
0.00379023
0.00377142
0.00376071
0.00377907
0.00377122
0.00375417
0.00375991
0.00375546
0.00377862
0.00376408
0.00375761
0.00377004
0.00376511
0.00380734
0.00382505
0.00381251
0.00386249
0.00383614
0.00382479
0.00384455
0.00383292
0.00376638
0.00376034
0.00378778
0.0038035
0.00377004
0.00376618
0.00378141
0.00377794
0.00375822
0.00379291
0.00376036
0.00375559
0.00376563
0.00378268
0.00375725
0.00377007
0.00376373
0.00379477
0.00381156
0.00380021
0.00377219
0.00378665
0.00379409
0.00381147
0.00376061
0.00379374
0.0038028
0.00377052
0.00377444
0.00378635
0.00377706
0.00378842
0.00710838
0.00795326
0.00747905
0.00598032
0.00668188
0.00714521
0.00624668
0.00682034
0.00862124
0.00865078
0.00995341
0.00754076
0.00838437
0.0086068
0.00799413
0.00827422
0.00911467
0.0134042
0.0108096
0.0103389
0.010632
0.0115124
0.00973975
0.0116076
0.00543061
0.00716028
0.00912896
0.00573062
0.00565561
0.00681629
0.00569904
0.00761819
0.00774163
0.00776686
0.0057767
0.0075016
0.00716149
0.00673843
0.00684684
0.00644453
0.00814146
0.00799826
0.0109809
0.00858906
0.00778488
0.00807558
0.0085439
0.00974272
0.00780937
0.00550188
0.00747766
0.00863858
0.00772512
0.00652183
0.00898182
0.00723087
0.00904282
0.0110018
0.00836471
0.0116885
0.0105793
0.010397
0.0108269
0.0103768
0.00740851
0.00885023
0.00392289
0.0117047
0.0105624
0.00615757
0.00905023
0.00633188
0.00974586
0.00979028
0.0043226
0.0119164
0.0114083
0.00588618
0.00938092
0.00545782
0.00376263
0.00378518
0.00376333
0.00381437
0.00377979
0.00376817
0.00378614
0.00378014
0.0149365
0.0142392
0.00492385
0.0183923
0.0175056
0.00875925
0.0147157
0.0081448
0.011178
0.00423531
0.014138
0.0136451
0.00959501
0.00641366
0.0122866
0.00775795
0.00591429
0.00746455
0.00394144
0.00380928
0.00572776
0.00607005
0.004002
0.00419059
0.00422226
0.0120301
0.0112739
0.00477729
0.00434743
0.00764605
0.00468728
0.00804581
0.00385053
0.00438787
0.00694534
0.00401614
0.00390649
0.00419864
0.00429424
0.00453544
0.00496353
0.00569087
0.00516165
0.00458443
0.00482196
0.0050345
0.00471825
0.00501131
0.0088009
0.0100447
0.0132184
0.0112411
0.0103893
0.0117599
0.0117822
0.0133616
0.00618591
0.00975724
0.00700877
0.0071621
0.00703252
0.00725442
0.00689222
0.00726996
0.00445354
0.0103784
0.00668833
0.00508922
0.00482667
0.00582169
0.00518046
0.00627271
0.00659494
0.00574828
0.00455905
0.0096019
0.00674165
0.00535806
0.00703325
0.00509758
0.00751687
0.0117293
0.0111233
0.00607906
0.00816115
0.0116759
0.00792187
0.0106737
0.00567094
0.00451977
0.0103979
0.00654255
0.00578607
0.00526928
0.00658415
0.00616278
0.00614268
0.0071703
0.0130171
0.011434
0.00709903
0.00694403
0.0102149
0.0113659
0.00376833
0.00376838
0.00382434
0.00385806
0.00378459
0.00377689
0.00382093
0.00379526
0.00376848
0.00377985
0.00386422
0.00381365
0.00378218
0.00378703
0.00379832
0.00381962
0.00409409
0.00443356
0.00634636
0.00490714
0.00432638
0.00487164
0.0047057
0.00517589
0.00395637
0.00385405
0.00433601
0.00399795
0.00394045
0.00389361
0.00399914
0.00394709
0.00377989
0.00385314
0.0038656
0.00382143
0.0037918
0.00381063
0.00380677
0.00382578
0.00377594
0.00382341
0.00387771
0.00381534
0.0037874
0.00380595
0.0037956
0.00382061
0.00398287
0.00394096
0.00383804
0.00422983
0.00408108
0.00386336
0.00409049
0.00387946
0.00386033
0.00407123
0.00384265
0.00397854
0.00390764
0.0039501
0.00385789
0.0038847
0.0308081
0.022639
0.022546
0.0242607
0.0242664
0.0233623
0.0250887
0.0235889
0.0196801
0.0153957
0.0173448
0.0165867
0.0184559
0.018032
0.0171128
0.0172048
0.0123209
0.0114352
0.00809706
0.00814364
0.00996915
0.00924871
0.00813687
0.00806426
0.0181592
0.014725
0.00951999
0.0072407
0.015293
0.0140659
0.00984176
0.00997545
0.0197026
0.0174488
0.0207268
0.0185983
0.0199824
0.0199541
0.0204005
0.0204063
0.0191837
0.018258
0.0156807
0.0164761
0.0193538
0.0179429
0.0175858
0.0160286
0.016008
0.0198387
0.0153887
0.00998797
0.0159348
0.0194294
0.0132096
0.0150622
0.0152295
0.00984264
0.0156185
0.0135112
0.0122317
0.0121937
0.0135473
0.0136898
0.00826989
0.00973383
0.0100064
0.00384872
0.00660831
0.00927178
0.00554503
0.00726374
0.010518
0.0121191
0.0116939
0.00439606
0.00765062
0.0103961
0.00666114
0.00813457
0.0108048
0.0126585
0.0117459
0.00480164
0.00869579
0.0116106
0.00723781
0.00892001
0.00376358
0.00379651
0.00381977
0.00376261
0.00376563
0.00379245
0.00377374
0.00379028
0.00717811
0.00775626
0.00383868
0.00416621
0.00622394
0.00643479
0.00424528
0.00410149
0.00971183
0.00450091
0.0110678
0.0106758
0.00756085
0.00678122
0.0106688
0.00825055
0.00679284
0.0038394
0.00424904
0.00421614
0.00418967
0.00401274
0.00430556
0.00409076
0.00823703
0.00473986
0.00450233
0.00867982
0.0074516
0.00487682
0.00734794
0.00464865
0.0311216
0.0228399
0.0150791
0.0154031
0.028455
0.0225317
0.0169
0.0166357
0.0149638
0.021284
0.0123672
0.0115713
0.0139591
0.0180372
0.0136809
0.0160716
0.00924607
0.0081929
0.00795426
0.00625041
0.00834283
0.00659577
0.0072722
0.00729537
0.0113558
0.0135744
0.00944602
0.0129653
0.0109039
0.0103922
0.0101138
0.0103001
0.0194486
0.0125387
0.0138897
0.0126877
0.0147562
0.0131155
0.0132667
0.0126626
0.0142681
0.0108599
0.00947102
0.0113803
0.0133171
0.0151835
0.0121511
0.0129769
0.010489
0.0114348
0.0109253
0.0072121
0.00997455
0.0110061
0.00807326
0.00943587
0.0102936
0.00638709
0.00789406
0.00839043
0.00981047
0.00610157
0.0108542
0.00579229
0.0204895
0.0187148
0.00541019
0.021166
0.0204004
0.013478
0.0182119
0.0132554
0.0218552
0.0222089
0.0059365
0.0230417
0.0217104
0.0142197
0.0196789
0.0139694
0.00392003
0.00393787
0.003773
0.00489935
0.00444335
0.00387892
0.00434291
0.00390586
0.0222884
0.0239149
0.0099719
0.0229922
0.0230539
0.0196547
0.0209588
0.0187719
0.0202449
0.00723767
0.0223175
0.0234816
0.018771
0.0156002
0.0223887
0.0177787
0.0155344
0.0190851
0.00483573
0.00498127
0.0153341
0.017296
0.00626852
0.00852
0.00660432
0.0198506
0.0212276
0.00867426
0.00789164
0.0168624
0.00919092
0.0181037
0.0051396
0.00764973
0.0183159
0.0049353
0.00666971
0.00764625
0.00756938
0.00920107
0.0222709
0.0203692
0.019971
0.00522774
0.0168167
0.0188067
0.00899546
0.0153437
0.01864
0.0172394
0.0181498
0.00848307
0.0149482
0.016488
0.013621
0.0144493
0.0198719
0.0195004
0.0216425
0.00535318
0.0153123
0.0179799
0.00768954
0.0156038
0.00381369
0.00425707
0.00383478
0.00376896
0.0038147
0.00402872
0.00379203
0.00382956
0.0165029
0.0148048
0.00481495
0.006648
0.0143925
0.0145219
0.00786399
0.00658796
0.0181184
0.00791195
0.0175656
0.0172568
0.015887
0.0147309
0.0187884
0.0156041
0.00779199
0.00400237
0.00486819
0.00407946
0.00508251
0.00478983
0.00477454
0.00479286
0.014805
0.0048849
0.00637892
0.015563
0.0143108
0.0064449
0.0138419
0.00759286
0.00375981
0.00375318
0.00375813
0.00377712
0.00376237
0.00375382
0.00376831
0.00376151
0.00375154
0.00375472
0.00375405
0.00376862
0.00375382
0.00375203
0.00375983
0.00375662
0.00376038
0.00376016
0.00376083
0.00379044
0.00377035
0.00375981
0.00377869
0.00377099
0.00380766
0.00380402
0.00382203
0.00385707
0.00382306
0.00381264
0.00384118
0.00383209
0.00375515
0.00376201
0.00378584
0.00377773
0.00376062
0.00376517
0.00376763
0.00377459
0.00375184
0.00377147
0.00375455
0.00375512
0.00375649
0.00376276
0.00375439
0.00376003
0.00377027
0.00379558
0.00379165
0.00380863
0.00377676
0.00378616
0.00379411
0.00380121
0.00376728
0.00380155
0.00378583
0.00376556
0.0037785
0.00378792
0.00377035
0.00377933
0.00376076
0.00376024
0.00376047
0.00379117
0.0037707
0.00375984
0.00377843
0.0037704
0.00375737
0.00375596
0.00375991
0.00377834
0.00376019
0.00375529
0.00376697
0.00376366
0.00376075
0.00376058
0.00376102
0.00379281
0.00377188
0.00376046
0.00377967
0.00377154
0.00382681
0.00381688
0.00383166
0.00388098
0.00384343
0.00382605
0.0038589
0.00384541
0.00376871
0.0037713
0.00380271
0.00379493
0.00377575
0.0037827
0.00378385
0.0037903
0.0037581
0.00378492
0.00375998
0.00376032
0.00376839
0.00377703
0.00376038
0.00377029
0.00377889
0.00381155
0.00380335
0.00381526
0.00379124
0.00380261
0.00380566
0.00381534
0.00377128
0.00380659
0.00379657
0.0037704
0.00378486
0.00379423
0.00377767
0.00378935
0.0102635
0.0104915
0.0126205
0.00997137
0.0108567
0.0113615
0.0107435
0.0109981
0.00775005
0.0068264
0.00766324
0.00629719
0.00680702
0.00675628
0.00657993
0.00673609
0.0126948
0.00981002
0.016679
0.0102609
0.0105097
0.0103939
0.0109188
0.0109399
0.00846386
0.00660262
0.0122104
0.0063088
0.00772338
0.00824867
0.00745337
0.00808613
0.00868704
0.0118343
0.0096817
0.00673749
0.00879166
0.0104478
0.007714
0.0103804
0.00897582
0.00686317
0.00866797
0.0116251
0.00858786
0.00725828
0.0100559
0.00901642
0.0122015
0.00974394
0.00707748
0.0118427
0.0110766
0.00985764
0.0105265
0.00837674
0.011661
0.0102007
0.00680689
0.00853766
0.0101442
0.0102721
0.00871961
0.00832008
0.00741833
0.0127926
0.00783427
0.00650548
0.00716625
0.00891858
0.0067106
0.00899205
0.0200456
0.0618697
0.0243694
0.040045
0.029226
0.0376298
0.0301988
0.0408072
0.00745507
0.0117115
0.0108302
0.00646486
0.0076288
0.00908554
0.00784136
0.00968192
0.0073723
0.042773
0.0127351
0.00800481
0.00898105
0.0254106
0.00777123
0.0261506
0.0146297
0.00725512
0.00696408
0.029447
0.0143077
0.00965954
0.0198178
0.0124009
0.0148509
0.0319994
0.0150967
0.00732307
0.0151646
0.0227186
0.00967418
0.0133164
0.00728315
0.00677418
0.030445
0.00936095
0.00786129
0.0126553
0.00948541
0.0185111
0.00740871
0.00886315
0.0341254
0.0160455
0.00817822
0.00910414
0.0132428
0.0195012
0.0297936
0.0252151
0.00728454
0.0413773
0.0358219
0.0179552
0.0297101
0.0178963
0.023506
0.031826
0.00817875
0.0321475
0.0296945
0.0211446
0.0240446
0.0197491
0.00435454
0.00447815
0.00388553
0.00613474
0.00548778
0.00419794
0.00532599
0.00427955
0.0332316
0.0312711
0.0112093
0.0267973
0.0244222
0.022402
0.0232681
0.020631
0.0288219
0.00911014
0.0389886
0.0335748
0.0229464
0.0185952
0.0329684
0.0220629
0.0160878
0.0211422
0.00629622
0.00568571
0.0148501
0.0176497
0.0068424
0.00915706
0.00826944
0.029542
0.0247973
0.0102589
0.0101681
0.0197148
0.010835
0.0197995
0.00572423
0.00921144
0.018429
0.00632707
0.00776472
0.00885158
0.00861555
0.00977035
0.00378726
0.00382453
0.00377289
0.00403974
0.00386627
0.00381149
0.00383439
0.00380443
0.00385708
0.00391338
0.00383368
0.00394342
0.00391089
0.00387529
0.00390263
0.00386496
0.0037706
0.00379337
0.00375809
0.00379385
0.00379209
0.00378277
0.00378439
0.00377413
0.00403821
0.00400555
0.00383736
0.00399845
0.00417441
0.00393305
0.00390685
0.00387305
0.00386491
0.0038018
0.00435229
0.00401241
0.00386637
0.00382383
0.00395139
0.00391528
0.00383455
0.00390536
0.00381854
0.00379222
0.00383173
0.00385192
0.00380569
0.00383294
0.0037977
0.00392461
0.00392831
0.00382317
0.00381044
0.0038527
0.0038406
0.0038696
0.00379079
0.00381408
0.00388554
0.00381399
0.00380614
0.00383071
0.00383226
0.00384932
0.00376105
0.00376095
0.00376016
0.00379668
0.00377361
0.00376082
0.00378355
0.00377123
0.00376082
0.003761
0.00376038
0.00379918
0.00377347
0.00376099
0.003786
0.00377181
0.00375928
0.00376002
0.00375506
0.00378452
0.00376962
0.00376003
0.00377485
0.00376467
0.00383407
0.00383477
0.00382007
0.00387205
0.00384804
0.00382811
0.00385463
0.00383628
0.00377295
0.00377098
0.00381079
0.00381012
0.00378527
0.00378075
0.00379817
0.00379374
0.00376085
0.00379386
0.0037606
0.00376058
0.00377139
0.00378101
0.00376027
0.00377115
0.00378079
0.00381977
0.00382137
0.0038094
0.00379169
0.00380456
0.00380224
0.00381429
0.00377027
0.00379741
0.00380584
0.00377073
0.00377902
0.00379012
0.0037825
0.00379361
0.00710352
0.00691486
0.00828934
0.00656014
0.00671567
0.00679154
0.00664559
0.00742793
0.00928341
0.0555609
0.0492342
0.0140764
0.0129609
0.0424186
0.0151973
0.0414415
0.0187784
0.0348978
0.0372755
0.0213101
0.0202629
0.0325844
0.0200845
0.0274063
0.00640135
0.0132383
0.0133306
0.00554571
0.0067093
0.0123268
0.00623055
0.012663
0.00683604
0.00903348
0.00627018
0.00983553
0.00822773
0.00779153
0.00757282
0.00745475
0.00904768
0.012621
0.0324161
0.013902
0.0112712
0.0127569
0.0126941
0.0146954
0.0124149
0.00685314
0.0131452
0.013955
0.0119511
0.01099
0.0129915
0.0126022
0.0175065
0.0213892
0.0172022
0.027449
0.0179534
0.0191824
0.0181094
0.0185888
0.0141052
0.0130479
0.0120215
0.0101894
0.0131011
0.0115004
0.0129804
0.0113918
0.00833619
0.00746961
0.00863341
0.0100278
0.0071674
0.00696098
0.00832052
0.00817321
0.0105787
0.0102237
0.0135795
0.0141158
0.0102698
0.0101111
0.011331
0.0118701
0.00937761
0.0118689
0.0144429
0.0169668
0.0125427
0.0118151
0.0133157
0.012527
0.00969258
0.0106061
0.0096768
0.00977731
0.00979484
0.0102584
0.00985004
0.010283
0.00895153
0.00988996
0.00823616
0.0104655
0.00913459
0.00843307
0.00967294
0.00860143
0.0103575
0.0097121
0.010794
0.0123733
0.0106648
0.0105996
0.0119466
0.0113178
0.010571
0.0130772
0.0115945
0.00941611
0.00981988
0.011436
0.00970263
0.0117046
0.122222
0.13722
0.084911
0.140183
0.127284
0.125177
0.130149
0.119703
0.145841
0.0588681
0.0565906
0.1243
0.137313
0.11049
0.10183
0.0848265
0.0306114
0.0152867
0.0101873
0.0188253
0.0207973
0.0148459
0.0134338
0.0117672
0.127988
0.103361
0.0497348
0.0994199
0.122089
0.0956222
0.088368
0.0726578
0.138161
0.0781559
0.135609
0.129129
0.122029
0.115605
0.133509
0.117061
0.121271
0.0992001
0.040048
0.0613851
0.103018
0.0854656
0.0729198
0.0553629
0.0585007
0.116455
0.0852962
0.0390345
0.0684566
0.0972395
0.0555793
0.0826183
0.04902
0.0313692
0.0676414
0.0250611
0.034378
0.0407344
0.0338354
0.042904
0.0310229
0.0245689
0.0232784
0.0283529
0.0278157
0.0248558
0.0279907
0.024945
0.0216639
0.0147903
0.0126181
0.0141606
0.0194886
0.0161753
0.0180368
0.0142274
0.0137
0.00992685
0.00572961
0.00882847
0.0123774
0.0101944
0.011727
0.00876146
0.0238525
0.0151268
0.0129574
0.0142762
0.0196382
0.0160376
0.0200357
0.0151846
0.0247755
0.0243631
0.0266275
0.0193758
0.0249142
0.0246715
0.0240726
0.0248234
0.0220036
0.0160124
0.0147312
0.0177049
0.0212884
0.0192409
0.0191916
0.0183867
0.0247025
0.0263106
0.0177578
0.0177757
0.0241272
0.0238766
0.0181867
0.0186205
0.0160708
0.012365
0.0138652
0.0117346
0.0139811
0.0138823
0.0152801
0.0129411
0.012535
0.00498872
0.010705
0.0119063
0.00897773
0.00748962
0.0112673
0.00850431
0.00382424
0.00376307
0.00376339
0.0037928
0.00378811
0.00377304
0.00378962
0.00376513
0.00970692
0.00384653
0.0078137
0.00917491
0.00710618
0.00547301
0.00894837
0.00643844
0.0109736
0.00434006
0.0099437
0.0113574
0.00784138
0.00649271
0.00985257
0.00736342
0.00476413
0.00802576
0.00843956
0.00449008
0.00482285
0.00721647
0.00462887
0.00711835
0.00430598
0.00422992
0.0038378
0.00669268
0.00429984
0.00409185
0.00420006
0.00401154
0.0103083
0.0105917
0.00448474
0.00925067
0.0101511
0.00790636
0.00732825
0.00659175
0.00758293
0.00691441
0.00412518
0.0038338
0.00631608
0.00611565
0.00409757
0.00420767
0.00376039
0.00376046
0.00375669
0.00379278
0.00377136
0.0037604
0.0037797
0.00376887
0.00376086
0.00376531
0.00376065
0.00381587
0.00377416
0.00376227
0.00378452
0.00377302
0.00375402
0.00376026
0.00375345
0.00377988
0.00376272
0.00375758
0.00376883
0.00376458
0.00382827
0.00385757
0.00381964
0.00389386
0.00385172
0.00383579
0.00386458
0.00384462
0.00377165
0.00376792
0.00380528
0.00381536
0.00378046
0.00378043
0.00379316
0.00379247
0.00376078
0.00380289
0.00376061
0.00375901
0.00377044
0.00378441
0.00375862
0.00377053
0.0037718
0.0038127
0.00382811
0.00380583
0.00378275
0.00379935
0.00379718
0.00381572
0.00376513
0.00379506
0.00381435
0.00377122
0.00377567
0.00378775
0.00377988
0.00379209
0.015795
0.0174405
0.00795488
0.0150314
0.0185825
0.0149043
0.013364
0.0134338
0.0182369
0.0190244
0.0103442
0.0181275
0.0210688
0.0167885
0.0163436
0.0154388
0.0078385
0.00904995
0.00747182
0.00661093
0.00785933
0.00813212
0.0070986
0.00765898
0.0135734
0.0152343
0.00630289
0.0148889
0.0155203
0.0125677
0.0117465
0.0109837
0.0203125
0.00812413
0.0173418
0.0192534
0.0152983
0.0126808
0.0168332
0.0139476
0.0161642
0.0154819
0.00888157
0.00806825
0.0147127
0.013839
0.00880676
0.00875058
0.0071763
0.0126441
0.0142497
0.0062514
0.00688162
0.0124361
0.00695945
0.0115679
0.00755394
0.0065386
0.0135989
0.00835319
0.00746865
0.0071047
0.00797182
0.00758239
0.00375433
0.00375547
0.00375518
0.00377522
0.00375941
0.00375489
0.0037641
0.00376208
0.00380611
0.00492972
0.00517407
0.00857407
0.00423869
0.00415298
0.00611154
0.00750103
0.00380963
0.00527796
0.00525918
0.00825352
0.00440122
0.00436257
0.0059667
0.00728317
0.00426986
0.0109047
0.0106556
0.0119119
0.00603004
0.0065987
0.00920545
0.0115738
0.00379646
0.003801
0.00397207
0.0050309
0.00389285
0.00384826
0.00400176
0.00394579
0.00378259
0.0054201
0.00430831
0.00378549
0.0039007
0.00467184
0.00381099
0.0043652
0.00389706
0.00415156
0.00796006
0.00777404
0.00401819
0.00418193
0.00508347
0.00559715
0.00390913
0.00979425
0.0101271
0.00751024
0.00472439
0.00544487
0.00613508
0.00856425
0.0181263
0.0170268
0.0196521
0.0134602
0.0135718
0.0157644
0.0151947
0.0159391
0.0195367
0.0250875
0.0161199
0.0145681
0.0226711
0.0248847
0.0168064
0.0189756
0.0220234
0.0137503
0.0220575
0.0185209
0.0159684
0.0174759
0.020275
0.0187715
0.00773439
0.00849471
0.00942601
0.00716446
0.00589583
0.00704409
0.00706583
0.0071834
0.0168164
0.0157975
0.00904764
0.0112899
0.0145513
0.0134457
0.0121483
0.0104711
0.0172688
0.0131251
0.0149735
0.0176918
0.015822
0.0148052
0.0160609
0.0148143
0.0176781
0.00922799
0.010209
0.0116537
0.0142246
0.0106412
0.010741
0.00880982
0.0182809
0.0143001
0.0125992
0.0135356
0.0145276
0.0126646
0.0142407
0.0136502
0.00376261
0.00376376
0.00379848
0.00380357
0.0037724
0.00376749
0.003784
0.00378941
0.0038988
0.00752428
0.00993753
0.00920028
0.00516494
0.0060562
0.00662162
0.00877126
0.00440172
0.0103578
0.0113766
0.0115019
0.00676055
0.00797601
0.00768238
0.00999763
0.00436253
0.0101468
0.0123248
0.0110015
0.00678348
0.00807343
0.00812666
0.0106032
0.00385854
0.00430119
0.00410704
0.00609394
0.00401346
0.00406011
0.00410885
0.00415523
0.00391244
0.00719713
0.00763983
0.00428503
0.00411881
0.00588727
0.00429626
0.00635239
0.00451393
0.00429121
0.00746865
0.00851428
0.00465555
0.00434248
0.0072567
0.00671888
0.00452671
0.0112128
0.00999663
0.0102619
0.00676932
0.00853959
0.00763291
0.0109996
0.00762546
0.0122398
0.0146476
0.00831027
0.00803713
0.0109345
0.00801672
0.0120592
0.0161508
0.0123323
0.0154885
0.0164255
0.0160606
0.0154298
0.0162514
0.0155896
0.016232
0.0155972
0.0143892
0.0174791
0.0168993
0.0163464
0.0170609
0.0153625
0.00803489
0.0126601
0.0166211
0.00630412
0.00803364
0.0126841
0.00779276
0.0129045
0.0137481
0.0176914
0.00880202
0.0139585
0.0138266
0.0139227
0.0136758
0.013176
0.0146129
0.0148851
0.016156
0.0175901
0.0145638
0.0151022
0.016269
0.0162146
0.0178502
0.00879663
0.0135991
0.0180071
0.0189206
0.0140044
0.0188817
0.0143732
0.0175509
0.0168844
0.0148197
0.0161793
0.0175114
0.0176563
0.0166127
0.016431
0.0300406
0.0284172
0.00746128
0.0371192
0.0350448
0.0195148
0.0286054
0.0188646
0.0259239
0.0272666
0.00807406
0.0330933
0.0290371
0.0192223
0.0237935
0.0179885
0.00457222
0.00461711
0.00399514
0.00650311
0.00578102
0.00430833
0.00568389
0.00440319
0.029267
0.0249692
0.0120626
0.0242929
0.0216696
0.0198803
0.0191907
0.0177471
0.0301616
0.00945902
0.0354072
0.0304738
0.024301
0.0197072
0.0313238
0.0220499
0.0177437
0.0232116
0.006393
0.00616792
0.0169253
0.01889
0.00757876
0.00944234
0.00856329
0.0271368
0.0242738
0.010867
0.0104381
0.0197035
0.0115853
0.0199954
0.00646842
0.00896304
0.0210553
0.0062817
0.00799145
0.00905436
0.00870436
0.0110245
0.0186694
0.0153048
0.0146549
0.00491238
0.0147112
0.0177477
0.00836852
0.0088724
0.0118641
0.00771176
0.00905569
0.00395095
0.00906144
0.0107304
0.00635009
0.00621887
0.0122253
0.00999598
0.0100877
0.00428715
0.0094943
0.0115819
0.00541604
0.00588774
0.00381184
0.00376255
0.00378206
0.00376315
0.00379048
0.00378108
0.00378963
0.0037707
0.0121877
0.0115362
0.00466076
0.00419066
0.007749
0.00789793
0.00441464
0.00468289
0.0144728
0.00424001
0.0113987
0.0140742
0.00795443
0.00648524
0.0125851
0.00972225
0.00675475
0.00416495
0.00383943
0.00399151
0.00449341
0.00406525
0.00428998
0.00389156
0.00734414
0.00393689
0.00380509
0.00601666
0.00611427
0.00418973
0.00578159
0.0039867
0.0563261
0.297435
0.115498
0.0647278
0.104711
0.168089
0.0840364
0.159394
0.680809
0.280571
0.554993
0.209549
0.636102
0.444109
0.733516
0.431043
0.133468
0.611286
0.273987
0.221472
0.362898
0.394687
0.261369
0.403939
0.0819793
0.10622
0.124607
0.0983647
0.108793
0.123178
0.0935881
0.107398
0.482238
0.190916
0.0971701
0.238287
0.445314
0.18492
0.198915
0.136812
0.817008
0.286673
0.763129
0.295047
0.918855
1.27321
0.706197
1.52526
0.134667
0.0796772
0.214911
0.158529
0.103059
0.125458
0.184171
0.177387
0.317856
0.207753
0.247533
0.740589
0.456499
0.243738
1.88125
0.362802
0.00681399
0.00603681
0.00690055
0.00686152
0.00678203
0.00667719
0.00702675
0.00701091
0.00692538
0.0160082
0.0119855
0.00706825
0.00779798
0.0144948
0.00901237
0.0124971
0.00681842
0.0141423
0.0131918
0.00680537
0.00732014
0.012962
0.00713265
0.0119074
0.005372
0.0060052
0.00529468
0.00433343
0.00522834
0.00633482
0.00458539
0.00531857
0.00596958
0.00667863
0.00642615
0.00625959
0.00659344
0.00683131
0.00630746
0.00679958
0.00669329
0.00672709
0.0119389
0.00716846
0.00749886
0.00795579
0.00766813
0.00826774
0.00673081
0.00578788
0.00684629
0.00580629
0.00684199
0.00703942
0.00652469
0.00663456
0.00684718
0.00667708
0.00677079
0.0121436
0.00719051
0.00653196
0.00799015
0.00672426
0.00375334
0.00375312
0.00375487
0.00377809
0.00375886
0.00375438
0.00376866
0.00376203
0.0037513
0.00375188
0.00375487
0.00376983
0.00375339
0.00375157
0.00375888
0.00375808
0.00375998
0.00376026
0.00376029
0.00379215
0.00377053
0.00376029
0.00377996
0.00377122
0.00380668
0.00380668
0.00382425
0.00387013
0.00382923
0.00381547
0.00384789
0.00383521
0.00375551
0.00376115
0.00378212
0.00378024
0.00375808
0.00376208
0.00376523
0.00377051
0.00375213
0.003771
0.00375464
0.00375462
0.00375622
0.00376117
0.00375302
0.00376105
0.00377055
0.00379336
0.00379295
0.00381037
0.00378137
0.00378648
0.00379524
0.00380423
0.00376622
0.00380114
0.00378725
0.00376705
0.00377421
0.00378426
0.00377073
0.00378172
0.00787679
0.0120627
0.00934975
0.00379958
0.00651308
0.00914696
0.00427277
0.00448821
0.0165363
0.0200843
0.0164745
0.00500924
0.0142702
0.0168723
0.00736363
0.00865225
0.0105304
0.0143702
0.0117935
0.0043058
0.00882295
0.0114207
0.00521453
0.00597997
0.00376091
0.00380458
0.00378376
0.00376293
0.00377059
0.00378583
0.0037671
0.00377969
0.0101289
0.00787359
0.00383
0.00435088
0.00481483
0.00466641
0.00420923
0.00400792
0.013306
0.00472535
0.0131204
0.0107367
0.00649162
0.00745112
0.0137328
0.0108549
0.00454676
0.00376423
0.00385323
0.0038466
0.0039414
0.00379034
0.00401502
0.00381399
0.00470906
0.00393315
0.00396127
0.00705602
0.00486714
0.00419908
0.00471415
0.00454102
0.0121833
0.00643575
0.0103051
0.0128476
0.0102206
0.00800219
0.0112721
0.00855764
0.00322217
0.0044876
0.00638609
0.00680301
0.00413235
0.00395121
0.00527932
0.00481377
0.0140239
0.0119489
0.0263449
0.0152677
0.0140169
0.0148001
0.0168718
0.0170063
0.0151611
0.0106208
0.010461
0.0165596
0.0134346
0.0116763
0.0146686
0.0127819
0.00363322
0.00991907
0.0114319
0.00714337
0.00533444
0.00764812
0.00635357
0.00926066
0.00344371
0.00661384
0.00769864
0.00958474
0.00438531
0.00536343
0.00763024
0.00772838
0.0113653
0.0135492
0.0089638
0.0110522
0.01117
0.0108931
0.0101703
0.00983189
0.0105876
0.0106498
0.00757243
0.00813186
0.00943148
0.00995796
0.00840302
0.00824911
0.00959995
0.00628021
0.00884294
0.00802048
0.007999
0.00840068
0.00934938
0.00850485
0.00560284
0.00612803
0.00596082
0.00508605
0.00551593
0.00583882
0.00527837
0.00556138
0.00735568
0.00666164
0.00719043
0.00626782
0.0064878
0.00686671
0.0063516
0.00693046
0.00650013
0.00470741
0.00550081
0.00476383
0.00478612
0.00505554
0.00526365
0.00520137
0.00555866
0.00777938
0.00655707
0.00481196
0.00582174
0.00718182
0.0053949
0.00697212
0.0057014
0.00495325
0.00585418
0.00755939
0.00566802
0.00510918
0.00595489
0.00547545
0.00784581
0.00796323
0.00496282
0.00578531
0.00729644
0.00725481
0.00568692
0.00527909
0.00726224
0.0060046
0.00502738
0.00599599
0.00615313
0.00594972
0.00553011
0.00530424
0.00375218
0.00375483
0.00375729
0.00377237
0.00375862
0.00375572
0.00376328
0.00376146
0.00376019
0.00376056
0.00376194
0.00379012
0.00377067
0.00376051
0.00377773
0.00377014
0.0037606
0.00376194
0.0037645
0.00379824
0.00377333
0.00376142
0.00378173
0.00377315
0.00380676
0.00381846
0.00382872
0.00385328
0.00382527
0.0038202
0.00383698
0.00383344
0.00376659
0.00376787
0.00378644
0.00379636
0.00377389
0.00377115
0.00378234
0.00378182
0.00376009
0.00378995
0.00376104
0.00375963
0.00376923
0.00377863
0.00375926
0.00377113
0.00377544
0.00379511
0.00380508
0.00381272
0.00378757
0.00379151
0.00380289
0.00380801
0.00376913
0.00380635
0.0038005
0.00377063
0.00378246
0.00379373
0.00377825
0.00379204
0.00814737
0.00786602
0.00665397
0.00632412
0.00696126
0.00699685
0.00627579
0.00637162
0.00735926
0.00902951
0.00647714
0.00657794
0.0073881
0.00731312
0.00638652
0.00641625
0.00547746
0.00549793
0.0051748
0.00476929
0.00531728
0.00540914
0.00494066
0.00507915
0.00489039
0.00517474
0.00440047
0.00417147
0.0046393
0.00462268
0.00424715
0.00429226
0.00678061
0.00613944
0.00590092
0.0057338
0.00621749
0.0061693
0.00624445
0.0057406
0.00662682
0.00561225
0.00575182
0.0060303
0.00625542
0.00584757
0.0062431
0.00578057
0.00523394
0.00495633
0.00505177
0.00452598
0.00504038
0.00499843
0.00483233
0.00476575
0.00539501
0.0046163
0.00508029
0.00526429
0.00511453
0.00484856
0.00514512
0.00505812
0.0084182
0.009792
0.0112444
0.00662859
0.00878421
0.0088915
0.00766153
0.00879348
0.00834282
0.00778237
0.00635297
0.00656919
0.00732064
0.00708458
0.00659771
0.00648764
0.00931772
0.0069402
0.0064542
0.00597098
0.00651685
0.00686894
0.00614541
0.00629747
0.0051408
0.00618681
0.00534162
0.00468736
0.00496613
0.00523913
0.00498699
0.00514215
0.00818544
0.0121884
0.0055577
0.00640728
0.00708428
0.00680712
0.00677542
0.00584778
0.00798361
0.00633894
0.00692196
0.0121224
0.00753784
0.0066907
0.0105882
0.00709501
0.0104817
0.00527265
0.00620172
0.00556561
0.00786147
0.00570893
0.005891
0.00539205
0.00980339
0.00566131
0.00619833
0.00673435
0.00629646
0.00589793
0.00650679
0.00617331
0.00655932
0.00567733
0.00390066
0.00391836
0.0058959
0.0058544
0.00430893
0.00414199
0.00501963
0.00419145
0.00376081
0.00376005
0.00451326
0.00449148
0.00384031
0.0037889
0.00378268
0.00375756
0.00375751
0.00375715
0.00377204
0.00376529
0.00376425
0.00375714
0.00378545
0.00375713
0.00375698
0.00375768
0.00377174
0.0037645
0.00376469
0.0037571
0.00512186
0.00384233
0.00384661
0.00378004
0.00403214
0.00401187
0.00380819
0.00382264
0.00510491
0.00376986
0.00377263
0.00383038
0.00394072
0.00385789
0.00380834
0.00378038
0.00379425
0.00380072
0.00376559
0.0037642
0.0037797
0.00378444
0.00377109
0.00377394
0.00378399
0.00375702
0.00375744
0.00375766
0.00377389
0.0037647
0.00376594
0.00375718
0.0037583
0.00378484
0.00375718
0.00375746
0.00376635
0.00377178
0.00375758
0.00376583
0.00392947
0.00578169
0.00393771
0.00527419
0.00532193
0.00527905
0.00505547
0.0052305
0.00375693
0.00378559
0.00375744
0.00375725
0.00376514
0.00377033
0.00375732
0.003765
0.00375975
0.0048047
0.00376011
0.00424423
0.00437862
0.00433558
0.00409588
0.00419305
0.0038427
0.00376393
0.00377507
0.00496485
0.00380796
0.00378968
0.00381228
0.00378309
0.0038581
0.00487196
0.00385414
0.00376803
0.003842
0.00475157
0.00377458
0.00384534
0.00375605
0.0037582
0.00466722
0.00375803
0.00375462
0.00377996
0.00378217
0.0043489
0.00376367
0.00376758
0.00482335
0.00383831
0.0037854
0.00377927
0.00380771
0.00381711
0.0147187
0.0221784
0.0217381
0.0186505
0.0196183
0.0203558
0.01856
0.0210145
0.026307
0.0377301
0.0226206
0.0342894
0.0308586
0.029475
0.0320177
0.0293288
0.0137378
0.0144267
0.00738117
0.00781713
0.0112596
0.00968939
0.0080511
0.00736443
0.0241726
0.0358652
0.0109574
0.0159254
0.023694
0.0210043
0.0183585
0.014166
0.025905
0.022866
0.0255396
0.0320088
0.0277442
0.0248335
0.0286702
0.0248928
0.0265296
0.0306297
0.0201152
0.0208611
0.028114
0.0298961
0.0249979
0.0240271
0.0206187
0.0250364
0.0336711
0.0114059
0.0202589
0.0239247
0.0172677
0.021778
0.0180219
0.00944061
0.0304871
0.017755
0.0147562
0.0142899
0.0216164
0.0229591
0.0169981
0.01525
0.0160433
0.0159435
0.0200164
0.0149804
0.0188946
0.0150243
0.0104398
0.00708611
0.00910689
0.0114301
0.00787383
0.00710621
0.00916453
0.0083026
0.0127546
0.0115204
0.0145393
0.0177227
0.0125482
0.0116037
0.0138323
0.0135174
0.0120894
0.0153562
0.0179534
0.0194421
0.015717
0.0156499
0.0167711
0.0151993
0.0134272
0.0141879
0.0148307
0.0123317
0.013685
0.0137873
0.0141465
0.0141437
0.0114653
0.0118097
0.00919901
0.0131114
0.0115315
0.0096409
0.0120373
0.0102539
0.0138318
0.0141357
0.0136621
0.0156763
0.0139255
0.0142759
0.0149637
0.014536
0.0129649
0.0162034
0.013741
0.0108317
0.0119108
0.0142694
0.0115431
0.0144533
0.00729605
0.00997212
0.0105416
0.00686373
0.00687165
0.00823161
0.00686954
0.00895064
0.0159837
0.0164641
0.0211749
0.0166034
0.0174378
0.0181418
0.0177103
0.0186649
0.0148535
0.0225566
0.0321811
0.0240266
0.0201515
0.0212616
0.0209624
0.0228675
0.00830004
0.0164107
0.021104
0.0096595
0.00980436
0.0150862
0.00935349
0.0167636
0.0126211
0.0129868
0.00778713
0.0163312
0.0126669
0.010924
0.0133735
0.0107699
0.0147371
0.018718
0.0220311
0.0146338
0.0156843
0.0189819
0.0170358
0.0213043
0.0133691
0.00783961
0.0165072
0.0201117
0.0153787
0.0121058
0.0193003
0.0153949
0.0159884
0.0230566
0.0195763
0.0229983
0.0208034
0.0214039
0.0221181
0.0229485
0.0230388
0.0445973
0.028945
0.0134085
0.0238307
0.0405884
0.0185496
0.0274454
0.0488182
0.0296967
0.0316298
0.0136674
0.0222199
0.0310245
0.0200836
0.0235248
0.021451
0.0299575
0.0196877
0.0115786
0.0153719
0.0257099
0.0127055
0.0155635
0.0121518
0.0171334
0.0120516
0.0153417
0.0154884
0.016426
0.0127602
0.0132169
0.0326724
0.0178543
0.0148041
0.0171986
0.0269999
0.0185386
0.0295033
0.0184079
0.055237
0.0145139
0.0309282
0.0254501
0.0380104
0.0193971
0.0345412
0.0189683
0.0148103
0.0130112
0.0164405
0.0136885
0.0122435
0.0148702
0.014888
0.0160915
0.0187436
0.0124407
0.0127958
0.0226837
0.0146032
0.0137441
0.0161325
0.0127214
0.0100151
0.00426468
0.0119985
0.00919287
0.00584966
0.00527407
0.011638
0.00964786
0.00378542
0.00376327
0.00380752
0.00376201
0.00377182
0.00378532
0.00377884
0.00378812
0.0146101
0.00455609
0.018238
0.0141254
0.00563066
0.00571701
0.0174881
0.0146166
0.00815197
0.00388159
0.0105402
0.00671769
0.00492549
0.00457064
0.00985666
0.00806575
0.00402239
0.00493346
0.00526045
0.00383457
0.00434603
0.00450696
0.00405162
0.00479127
0.00406004
0.00384108
0.00404902
0.00473926
0.00443468
0.00387704
0.00450437
0.00400689
0.0143493
0.0106516
0.00408053
0.0133963
0.0114942
0.00877357
0.0048722
0.00437781
0.0119135
0.0112771
0.00402277
0.00438066
0.00484362
0.00484338
0.00431586
0.0041218
0.00644824
0.0100178
0.00767703
0.0111114
0.00695405
0.00734457
0.00722814
0.00762254
0.0162213
0.0172785
0.0140965
0.0104266
0.0167452
0.0168209
0.0154857
0.0145256
0.00973146
0.0102417
0.0128998
0.0137282
0.0102146
0.0109386
0.0105224
0.0108134
0.0253772
0.010206
0.0207088
0.0282537
0.0369248
0.0299067
0.031969
0.0271311
0.0105932
0.00824177
0.011854
0.0100034
0.0108586
0.00821681
0.0105565
0.0117642
0.0109536
0.0101817
0.0114082
0.00865424
0.0111977
0.0112912
0.0116777
0.0109978
0.00866852
0.0122788
0.0100324
0.0147373
0.0131106
0.0128455
0.0137834
0.0132211
0.00924739
0.013345
0.0101121
0.0105521
0.00980055
0.0120062
0.0110082
0.0114472
0.00569255
0.00392145
0.00502992
0.00393518
0.00505808
0.00499589
0.00505537
0.00487709
0.00378139
0.00375731
0.00375713
0.00375692
0.00377054
0.00376524
0.0037652
0.00375724
0.00468177
0.00376452
0.00422088
0.00375983
0.00421458
0.00419396
0.00415308
0.00407917
0.0037912
0.00375714
0.00375725
0.00375764
0.00377173
0.00376577
0.00376561
0.00375736
0.0038521
0.00475304
0.0038511
0.00376871
0.00384017
0.00463839
0.00377553
0.00383945
0.00383335
0.00376434
0.00377098
0.00473557
0.00380864
0.00378649
0.00381865
0.00378124
0.00472223
0.00383491
0.00376426
0.00376748
0.00381405
0.00380533
0.00377781
0.00378409
0.00452087
0.00375775
0.00375658
0.00375995
0.00422395
0.00377892
0.00378019
0.00375569
0.00375783
0.00375747
0.00378581
0.00375704
0.00375749
0.00376523
0.00376485
0.00377229
0.00375889
0.00422708
0.00471209
0.00376246
0.00378601
0.00447832
0.00383904
0.00436797
0.00391874
0.00530637
0.00609038
0.00393283
0.00416066
0.00547865
0.00432971
0.00547635
0.00375722
0.00375749
0.00379756
0.00375755
0.00375732
0.00376562
0.00376512
0.00377361
0.00375753
0.00378668
0.00375698
0.00375754
0.00376563
0.00377488
0.00375734
0.0037649
0.00376843
0.00377161
0.00485965
0.00383434
0.00377484
0.00385398
0.00380329
0.00391877
0.00379892
0.00376427
0.0037658
0.0038071
0.00378019
0.003771
0.00378639
0.00377545
0.00384514
0.0038525
0.0037811
0.00486094
0.00405127
0.00382567
0.0040275
0.00380941
0.0109162
0.00746136
0.00852569
0.0074564
0.00795181
0.00797277
0.00837982
0.00784088
0.0103168
0.020519
0.0097387
0.00979246
0.0124007
0.0116593
0.00937061
0.0101536
0.0074828
0.00589441
0.00612957
0.00800366
0.00631342
0.00584161
0.00728323
0.00658318
0.00659193
0.00679859
0.00917789
0.0102978
0.00713197
0.00709941
0.00988317
0.00929688
0.0075956
0.00640879
0.00601574
0.00716336
0.00627563
0.0061385
0.00639122
0.00602417
0.00745949
0.00710038
0.00656953
0.00635912
0.00615436
0.00691617
0.0060469
0.00674981
0.00722967
0.00674253
0.0065058
0.00895076
0.00702495
0.00639384
0.00684794
0.00675867
0.00692453
0.00817598
0.00650851
0.00604792
0.00647444
0.00667488
0.00629247
0.00657524
0.00691754
0.00674535
0.00633148
0.00624949
0.0071165
0.0068254
0.0066453
0.00646606
0.00664027
0.0105519
0.00701271
0.00648337
0.00680915
0.00713855
0.00657191
0.00649182
0.00537922
0.00538746
0.005271
0.00502097
0.00528461
0.00539814
0.00512524
0.00517263
0.0049485
0.00527525
0.0046288
0.00423833
0.00457289
0.00498522
0.00436194
0.00455483
0.00666108
0.00590037
0.0054959
0.00584546
0.0066568
0.00619944
0.00651102
0.00587245
0.00655004
0.00593416
0.0060895
0.0057365
0.0063755
0.00610088
0.00606487
0.00579088
0.00526453
0.00500201
0.00556791
0.00480339
0.00522406
0.00528841
0.00514964
0.00526864
0.00532369
0.00494787
0.00536222
0.00534596
0.0052758
0.00518596
0.00531225
0.00523498
0.00375413
0.00375581
0.00375549
0.00377784
0.00375935
0.00375515
0.00376499
0.0037635
0.00381881
0.00516351
0.00539774
0.00952254
0.00426592
0.00418236
0.0065425
0.00826897
0.00382114
0.00555138
0.00549371
0.0091061
0.00444692
0.00442462
0.00632135
0.00796535
0.00431634
0.0121536
0.0117635
0.0132031
0.00633968
0.00704817
0.0099359
0.0128169
0.00380618
0.00381193
0.00401299
0.00520603
0.00392443
0.00387135
0.00404104
0.00397522
0.00379022
0.00566775
0.00435002
0.00379353
0.00393034
0.00477583
0.00382345
0.00440052
0.00392751
0.00419999
0.0086264
0.00837633
0.0040632
0.0042363
0.00526847
0.00588464
0.00394754
0.0108483
0.0112584
0.00823349
0.00484569
0.0056937
0.00652624
0.00941705
0.0217847
0.0224876
0.020733
0.00549204
0.0134525
0.0211094
0.0112055
0.0176092
0.0198153
0.025173
0.0180223
0.0122802
0.0129503
0.0172587
0.0130618
0.015589
0.0199396
0.0183215
0.0179006
0.00673015
0.0115236
0.0176273
0.00973459
0.0148988
0.00536421
0.0104136
0.00564162
0.0042697
0.00650437
0.0079296
0.00490934
0.00662717
0.0139981
0.0120652
0.00597257
0.00824393
0.0128587
0.0115038
0.00781823
0.00660304
0.019002
0.00824553
0.0171885
0.0193141
0.0165304
0.0115976
0.0193419
0.0125374
0.0101445
0.00554429
0.00778248
0.00659208
0.0060697
0.00641063
0.00705086
0.00712446
0.0166573
0.0071799
0.00831856
0.0153436
0.01081
0.00740147
0.011857
0.00812464
0.0238352
0.0190231
0.0180535
0.00938474
0.0158794
0.0179246
0.0143513
0.0150802
0.0204294
0.0246424
0.0239653
0.00592018
0.0166882
0.0202816
0.0151852
0.0173827
0.0167234
0.0215622
0.0170262
0.00758432
0.0118888
0.0155094
0.0106611
0.012475
0.0109382
0.00595965
0.00696
0.00435771
0.00877842
0.00763687
0.00804871
0.0063662
0.0148079
0.0130627
0.00831516
0.00661895
0.0131357
0.0122451
0.00766141
0.00845166
0.0178562
0.00617531
0.0181248
0.0167881
0.014894
0.0131252
0.0173701
0.0140262
0.0118184
0.00800903
0.00689806
0.00763905
0.00778121
0.0078525
0.00763189
0.00754292
0.014051
0.00728691
0.00599907
0.0151287
0.0110528
0.0076816
0.0125282
0.00655001
0.0327105
0.0241775
0.00714615
0.0402376
0.0367311
0.017871
0.0308341
0.0180881
0.0234493
0.0284038
0.00841072
0.032706
0.029455
0.0202859
0.0244149
0.0193563
0.00435987
0.00442906
0.00387781
0.00575739
0.00519611
0.00414928
0.00513817
0.0042222
0.0331327
0.0300406
0.0108847
0.0311584
0.0280158
0.0217801
0.0250989
0.020046
0.0273474
0.00868271
0.0382177
0.0320534
0.0218858
0.0181193
0.0304079
0.0210112
0.0159559
0.0218083
0.00618929
0.00552925
0.014701
0.0177464
0.00661694
0.00856009
0.00792695
0.0297153
0.0247323
0.00981957
0.0097118
0.0189978
0.0104112
0.0194874
0.00566432
0.00838384
0.0195425
0.00616829
0.00706027
0.00823505
0.00793201
0.00960057
0.0220473
0.0190297
0.0180855
0.0124972
0.0164401
0.018066
0.0151838
0.0151915
0.0196483
0.021735
0.0219511
0.00589754
0.0157021
0.0191116
0.0142064
0.0162848
0.0157878
0.0191753
0.0162787
0.00543631
0.0113049
0.0138586
0.0107113
0.0115343
0.00951566
0.00477195
0.00474649
0.00400983
0.00634783
0.00522954
0.00611074
0.00459404
0.0145262
0.0133508
0.0107801
0.00650752
0.0127952
0.0125161
0.00825789
0.00989794
0.0174459
0.00572317
0.0165617
0.0161086
0.0142796
0.0122433
0.0166897
0.0130589
0.0128087
0.011021
0.00677391
0.00831672
0.00961613
0.00944896
0.00767764
0.00795967
0.0132402
0.00533119
0.00550246
0.0138549
0.0104401
0.00573658
0.011651
0.00565893
0.0266765
0.0204906
0.020018
0.00821245
0.0185134
0.0201896
0.0172273
0.0169616
0.0184583
0.0172322
0.0186207
0.00579702
0.0139094
0.0163541
0.012945
0.0138769
0.0180014
0.0199639
0.0202147
0.00596093
0.0147813
0.018875
0.013262
0.0160814
0.00752058
0.00671952
0.00559115
0.00414968
0.00671055
0.00654798
0.00595503
0.0054303
0.0155669
0.0149738
0.0073735
0.00636759
0.0140095
0.013876
0.00732669
0.00771338
0.0185337
0.00624544
0.0177417
0.0184173
0.0155778
0.0134875
0.0181752
0.0145698
0.0138891
0.00679891
0.00644883
0.00595474
0.00696032
0.00687142
0.00616844
0.00620786
0.0156192
0.00573286
0.0060671
0.0152321
0.0136699
0.0062216
0.0136343
0.00631054
0.0275898
0.0192572
0.0184616
0.0074908
0.0157799
0.0182523
0.0137424
0.0152665
0.0189838
0.0196611
0.0205305
0.00596883
0.0147113
0.0175878
0.0135875
0.0150003
0.0161976
0.0200077
0.0190415
0.00607089
0.0130168
0.0166204
0.011631
0.0140738
0.00612835
0.00471824
0.00444663
0.00392696
0.00480884
0.00479074
0.00450664
0.00432089
0.0147084
0.0127678
0.00683309
0.0059575
0.0129253
0.0119517
0.00675802
0.00694184
0.0178592
0.00590866
0.0171101
0.0165708
0.0147839
0.012988
0.0171277
0.0139036
0.011296
0.00627448
0.00597115
0.0056636
0.00658513
0.00642987
0.00584286
0.00601573
0.0139294
0.00559354
0.00560814
0.0145405
0.0121307
0.00601381
0.0127983
0.00595039
0.0219079
0.0212669
0.0200555
0.00573377
0.0132335
0.0202714
0.0109059
0.0167822
0.0195436
0.0280587
0.0201577
0.0103658
0.0146749
0.0195331
0.0143088
0.0173329
0.0174724
0.0164775
0.0143597
0.00597038
0.00953157
0.0143301
0.00830245
0.0116248
0.00521286
0.00725731
0.0046226
0.00405837
0.00539153
0.00606217
0.00439788
0.00508017
0.0129755
0.0108281
0.00620582
0.00721171
0.0116573
0.0103997
0.00754936
0.00658119
0.0171897
0.00706743
0.0159732
0.0169441
0.0143598
0.0107978
0.0169242
0.0115561
0.00886914
0.00590948
0.00677769
0.00575699
0.00588711
0.00638055
0.00629816
0.00704308
0.0143618
0.00624584
0.00641279
0.0132239
0.00901127
0.00656189
0.0103947
0.00653775
0.0196775
0.021979
0.0197374
0.00550764
0.0132203
0.0203806
0.0110882
0.016963
0.0221904
0.0268015
0.0222402
0.0108874
0.0168994
0.0230126
0.0166704
0.0208344
0.0188739
0.0199136
0.0188977
0.00513367
0.011845
0.0188739
0.0100009
0.0164704
0.00454175
0.0066533
0.00395154
0.00386134
0.00454828
0.00520361
0.00397631
0.00466373
0.0140869
0.0119241
0.00542705
0.00777227
0.0128319
0.0113558
0.00710379
0.00577396
0.0200295
0.00865199
0.0206894
0.0186851
0.0171641
0.0135228
0.019611
0.0145706
0.0101802
0.00515056
0.00705102
0.0049825
0.00546111
0.0055536
0.00549641
0.00564063
0.0160399
0.00570009
0.00852073
0.0177077
0.0110944
0.00617733
0.0130993
0.00733542
0.0226778
0.0226826
0.0214212
0.00595386
0.0144028
0.0215915
0.0121051
0.0179603
0.0211616
0.0328794
0.0221126
0.00910707
0.0170367
0.0234632
0.0163116
0.0210865
0.0183578
0.0174452
0.0149302
0.00548866
0.00941239
0.0146966
0.00779109
0.012023
0.00524619
0.00712136
0.00434073
0.00393596
0.00528836
0.00589286
0.00439638
0.00505646
0.0134636
0.0112998
0.00609735
0.00691501
0.0121085
0.0107601
0.00680011
0.00623647
0.0185144
0.00649547
0.0175407
0.0175654
0.0156009
0.0114364
0.018219
0.0123318
0.00945757
0.00566215
0.00651201
0.00566785
0.00578911
0.0061654
0.00602731
0.0063419
0.0147802
0.00576962
0.00611369
0.0144167
0.00888745
0.00615293
0.0108696
0.00608585
0.0336569
0.0488063
0.0224067
0.0379742
0.0378555
0.0371383
0.0357778
0.0354653
0.0514179
0.0487218
0.0266087
0.0453433
0.0467241
0.0366262
0.0416399
0.0335468
0.0225447
0.0361706
0.0310181
0.0302935
0.0300786
0.0350407
0.0314861
0.0394003
0.0385567
0.0405291
0.0294214
0.0344227
0.0376698
0.0364588
0.0342562
0.034109
0.0465931
0.0298721
0.039431
0.0437255
0.042545
0.0375298
0.045945
0.0389425
0.0385852
0.0400563
0.0264656
0.0306435
0.0361564
0.0389497
0.0415709
0.0365023
0.0304377
0.0366859
0.0402096
0.0292885
0.0307283
0.0373443
0.0307499
0.0366411
0.030139
0.0295417
0.0380757
0.0267003
0.0303629
0.0304474
0.0335669
0.0327822
0.0256824
0.0407589
0.0185685
0.0229256
0.0264079
0.0235793
0.0236218
0.021459
0.0444897
0.0369163
0.0162236
0.0386973
0.0433682
0.0255363
0.0376941
0.0231387
0.0243443
0.0219017
0.0313791
0.0252278
0.0252701
0.0263746
0.0266735
0.0281107
0.0141578
0.0280127
0.0198008
0.0105964
0.0124912
0.0232012
0.0126973
0.022211
0.041009
0.0188946
0.0197599
0.0339887
0.0369656
0.0236208
0.0377347
0.0251403
0.028724
0.0286327
0.0160807
0.0191822
0.0262711
0.0277044
0.0198007
0.0207827
0.0183672
0.0190042
0.0308705
0.0207697
0.020462
0.0239357
0.0210994
0.0241208
0.0191603
0.0208104
0.0276744
0.0164691
0.0188368
0.019427
0.0199342
0.0213752
0.0346677
0.04658
0.023512
0.0282188
0.0339049
0.0305178
0.0301194
0.0280691
0.0462276
0.0356743
0.0162868
0.0403661
0.044984
0.024839
0.0397715
0.0226604
0.0243496
0.0274161
0.0385009
0.0304033
0.0313014
0.0316167
0.0333833
0.0354569
0.019729
0.0364569
0.0234946
0.01032
0.0149839
0.0296437
0.0151178
0.0289311
0.0476956
0.0241727
0.0265588
0.042591
0.0449774
0.0300515
0.0466572
0.0324816
0.0297938
0.0293258
0.019235
0.024517
0.0271949
0.0283767
0.0272045
0.0278303
0.0231019
0.0276141
0.0397353
0.0239393
0.0242554
0.0328101
0.0252093
0.0312252
0.0252954
0.0255412
0.0289965
0.0223204
0.0265024
0.0261674
0.0269541
0.0269796
0.0325518
0.0533794
0.020117
0.0397507
0.0384178
0.0389206
0.0373715
0.0377221
0.0617048
0.0383883
0.036662
0.047522
0.0503353
0.031567
0.043509
0.0287522
0.0228569
0.0425206
0.0299882
0.0361956
0.0332792
0.0356898
0.0329126
0.0368618
0.0435948
0.0463765
0.0358048
0.0401025
0.0432314
0.0426048
0.0396948
0.0395486
0.0538315
0.031515
0.04382
0.050602
0.0501141
0.0419868
0.0543042
0.0447028
0.0471843
0.0442499
0.0378103
0.0355678
0.0443584
0.0446696
0.0601618
0.0511768
0.0327973
0.0416596
0.046184
0.0351561
0.033835
0.0429925
0.035945
0.0428603
0.0355304
0.0397156
0.0424979
0.0388528
0.0391186
0.0407234
0.0476914
0.045531
0.0321544
0.0533128
0.0250343
0.0388769
0.0382599
0.0390077
0.0368626
0.0374363
0.062501
0.0410056
0.0221782
0.0458029
0.0506708
0.0327932
0.0425044
0.0297294
0.0236261
0.0242254
0.029348
0.0333625
0.0348955
0.0276864
0.0335392
0.0339111
0.0431602
0.0494018
0.0364978
0.040845
0.0434833
0.0428494
0.0398637
0.0405153
0.0545614
0.0360531
0.0429327
0.0512446
0.0508017
0.0425545
0.0546468
0.0451765
0.0491883
0.043155
0.0268962
0.0394805
0.0456596
0.044681
0.0571561
0.0462886
0.0371382
0.0411169
0.0466673
0.0358176
0.0372096
0.0429834
0.0378355
0.0422586
0.0389246
0.0367823
0.04187
0.0287634
0.0383026
0.0373291
0.0411071
0.0397527
0.0313508
0.0412123
0.0182935
0.0249324
0.029958
0.0271307
0.0269372
0.0249904
0.0421061
0.0387241
0.0162916
0.0365763
0.0414144
0.0254878
0.0362627
0.023086
0.0208357
0.0194881
0.0298757
0.0212914
0.0222267
0.0254431
0.0224735
0.0267133
0.0164696
0.0284483
0.0195944
0.0102149
0.0147791
0.0242171
0.0135361
0.0230255
0.0415893
0.0194931
0.0226187
0.0350194
0.0376971
0.0265618
0.0391974
0.0279264
0.0263358
0.0264816
0.0172044
0.0197684
0.0239818
0.0256864
0.0194654
0.0199004
0.0181083
0.0211279
0.0311863
0.0199129
0.0196946
0.0270685
0.0214962
0.025905
0.0198244
0.0194673
0.0253283
0.0172107
0.0187402
0.0191711
0.0189765
0.0199905
0.0337493
0.0500399
0.0271411
0.0360393
0.0362842
0.0316968
0.0367327
0.0295597
0.0500106
0.0368346
0.0227985
0.0444473
0.0488651
0.0270911
0.043042
0.0247348
0.0308501
0.0498623
0.0500942
0.0327187
0.0344067
0.0506568
0.0346789
0.0500819
0.0291091
0.040762
0.0276662
0.0202286
0.0262756
0.0316996
0.0228239
0.0300413
0.0513388
0.0272149
0.0340813
0.0465245
0.0489925
0.0322448
0.0509005
0.0346095
0.0337698
0.0335787
0.0344485
0.0353798
0.0312077
0.0326122
0.0384044
0.0345845
0.0257385
0.0331602
0.0433165
0.026943
0.0274321
0.033585
0.0283851
0.0330121
0.0345068
0.0313244
0.0331583
0.0348466
0.0332765
0.0317837
0.0331707
0.0320723
0.0293441
0.0523488
0.0239998
0.0373963
0.0363448
0.0379135
0.0352135
0.0363419
0.0604081
0.0396271
0.0208886
0.0459467
0.0484815
0.0320314
0.0425597
0.0298395
0.0247879
0.0246052
0.0258779
0.0368366
0.039123
0.0291826
0.0376073
0.0380939
0.0423103
0.0503274
0.037352
0.0404817
0.0432319
0.043887
0.0400641
0.0417453
0.0534217
0.0336824
0.0419775
0.0518051
0.0497693
0.0415382
0.0538634
0.0444436
0.047702
0.0434983
0.0265943
0.0373811
0.0444068
0.0448554
0.0534542
0.0476384
0.0348931
0.0404632
0.047902
0.0364511
0.036045
0.0429002
0.0383295
0.0433522
0.0373753
0.0393122
0.0428311
0.0338389
0.0395371
0.0395128
0.0442665
0.0429364
0.00947707
0.0126665
0.0107796
0.00937022
0.0104445
0.0114325
0.0099384
0.0107563
0.016206
0.0195839
0.0137503
0.0113104
0.0169253
0.0184766
0.0135118
0.013891
0.0122967
0.0117113
0.0145715
0.00964159
0.0117355
0.0123955
0.0112954
0.0111786
0.00904131
0.00836284
0.00797621
0.0118039
0.00902489
0.00845692
0.0081935
0.00796903
0.0135846
0.0108529
0.00986863
0.0108797
0.0118987
0.0115622
0.0109983
0.0104558
0.0149556
0.0110052
0.0130417
0.0114081
0.012554
0.0129638
0.0119928
0.0123058
0.0102775
0.00858884
0.00896747
0.00831568
0.00905344
0.00879539
0.00907205
0.00875496
0.0106603
0.00839808
0.00880036
0.0113076
0.0109345
0.00950984
0.0111715
0.00963724
0.00630679
0.00863625
0.00769152
0.00763575
0.0068977
0.00764686
0.00721243
0.00779215
0.0110897
0.0135017
0.00950692
0.00864702
0.0115436
0.0126319
0.00964758
0.00993672
0.0106487
0.0104332
0.0115055
0.00936377
0.0112551
0.0119886
0.0112286
0.0108717
0.00833581
0.00731684
0.00662335
0.0101326
0.00816025
0.00744553
0.00705105
0.00676456
0.00921922
0.00817571
0.00816042
0.00899989
0.00872158
0.00837286
0.00907984
0.00850558
0.0101745
0.00849836
0.00937003
0.00861254
0.00933413
0.00952668
0.00900538
0.00897779
0.008018
0.0072535
0.00753659
0.00693054
0.00748356
0.00745068
0.00746612
0.00751486
0.00842057
0.00702387
0.00732091
0.0088507
0.0086861
0.00773906
0.00865626
0.00780857
0.00375372
0.00375982
0.00375561
0.00378183
0.00376514
0.00375786
0.00377335
0.00376603
0.00376088
0.00376309
0.00376064
0.00379959
0.00377375
0.003761
0.00378586
0.00377241
0.00375961
0.00376084
0.00376067
0.00379961
0.00377122
0.00376088
0.0037846
0.00377346
0.00381848
0.00383645
0.00383855
0.00388395
0.00383756
0.00382699
0.00386137
0.00385318
0.003771
0.00376768
0.0037957
0.00380553
0.0037819
0.00377605
0.00379283
0.00378773
0.00376058
0.00379332
0.00376077
0.00376025
0.00377075
0.00378068
0.00375984
0.00377101
0.0037788
0.00380744
0.00382135
0.00382134
0.0037888
0.00379975
0.00380312
0.00381255
0.00377026
0.00381297
0.00380921
0.00377193
0.00378067
0.00379351
0.00378381
0.0037968
0.0106351
0.00952849
0.00914473
0.0104228
0.0107743
0.00977207
0.0111412
0.00964312
0.0100605
0.0104092
0.0142576
0.00850613
0.00877552
0.0105672
0.0101933
0.0132701
0.0104194
0.0182919
0.0204577
0.0178822
0.015269
0.0180213
0.0165611
0.0211673
0.00973558
0.00826481
0.0146698
0.0120171
0.0095466
0.0101637
0.011425
0.0135945
0.0100931
0.00957603
0.00920937
0.00759774
0.00996855
0.00923919
0.00823248
0.00895854
0.0106845
0.00882072
0.0147671
0.0106796
0.0109108
0.0113235
0.0110676
0.0128692
0.00941486
0.00961988
0.0089382
0.0142657
0.00981322
0.00966174
0.012699
0.0109263
0.0105111
0.0173352
0.0109022
0.0178744
0.0142836
0.0143362
0.0144961
0.0131705
0.019666
0.0150327
0.013198
0.0140408
0.0168321
0.017143
0.0142746
0.0141623
0.0148954
0.016746
0.019139
0.0132134
0.0141455
0.0153445
0.0140907
0.0166466
0.0146721
0.0206826
0.0299515
0.0225131
0.0185642
0.0196163
0.0242532
0.0292449
0.0117045
0.0105295
0.0157168
0.0118902
0.011684
0.0131139
0.0117486
0.0144749
0.0135237
0.0129146
0.0122624
0.0119174
0.0132121
0.0128
0.0122445
0.0125084
0.0140068
0.0131903
0.0178078
0.0130239
0.0135333
0.0148257
0.0140436
0.0166859
0.0134821
0.011982
0.0115528
0.0161195
0.0131768
0.0126421
0.0159498
0.0150818
0.0145682
0.0194676
0.0129012
0.0179746
0.0187838
0.0174125
0.0169515
0.0150572
0.00706317
0.0101764
0.00920329
0.00676127
0.00688586
0.00781761
0.00689379
0.00802373
0.0187577
0.031365
0.0226734
0.0212692
0.0195134
0.0233218
0.02038
0.0225161
0.0134659
0.0204994
0.015015
0.0135422
0.0146632
0.0161259
0.0139336
0.0155387
0.00679998
0.0134929
0.0105311
0.00590415
0.0067927
0.00951834
0.00646997
0.00954461
0.0123079
0.00979308
0.00699505
0.0134025
0.0123707
0.00898588
0.0125592
0.00868928
0.0137709
0.0150204
0.0186828
0.011768
0.0136242
0.0152664
0.0148667
0.0167021
0.0105867
0.00693456
0.0134269
0.0119858
0.0101895
0.00869816
0.0112944
0.0100355
0.0127681
0.014452
0.0157653
0.0202897
0.0145717
0.0140478
0.0180695
0.017992
0.00378085
0.00376951
0.00386256
0.00390734
0.00379517
0.00378445
0.0038438
0.00380943
0.00376858
0.00376836
0.00381369
0.0038015
0.0037791
0.00377941
0.00379016
0.00379125
0.0045809
0.00465898
0.00819777
0.00626508
0.00547059
0.00707765
0.00611569
0.00724761
0.00401664
0.00384531
0.00435636
0.00402781
0.00399268
0.00391724
0.00406222
0.00397817
0.00378048
0.00393503
0.00391271
0.00381749
0.00379255
0.00382588
0.0038063
0.00384804
0.00377635
0.00381804
0.00409099
0.00408303
0.0037886
0.00380624
0.0038123
0.0038819
0.00414788
0.00401519
0.00383357
0.00438535
0.00420952
0.00390224
0.00425044
0.00390834
0.00430652
0.00451993
0.00384396
0.00419107
0.00428731
0.00430485
0.00397985
0.00398463
0.0148236
0.012273
0.00685067
0.0105836
0.0134768
0.0109473
0.0103656
0.00801828
0.00958941
0.00824488
0.00519322
0.00925153
0.00782236
0.00604938
0.00702894
0.00560162
0.00622805
0.0078262
0.0100623
0.0126064
0.00833232
0.0082274
0.010357
0.0106071
0.00895121
0.0123235
0.0132851
0.014903
0.0113633
0.0105893
0.0123867
0.0133255
0.00934875
0.00658429
0.00854524
0.00941138
0.00851615
0.0073605
0.00937671
0.00772178
0.00766269
0.00748982
0.00576059
0.00620221
0.00670009
0.00621659
0.00574624
0.00601911
0.00669915
0.00825582
0.00951621
0.0113545
0.00730086
0.00774881
0.00938138
0.00887621
0.00649822
0.0119699
0.00778679
0.00736451
0.00855105
0.00973779
0.00753033
0.00844583
0.0151173
0.00980813
0.00853657
0.0149987
0.0138413
0.0120168
0.0126371
0.0109054
0.012068
0.0148506
0.0111765
0.0144242
0.0154506
0.0153502
0.0137713
0.0139631
0.00421086
0.00553809
0.00268706
0.0035228
0.0034951
0.00268624
0.00320911
0.00248028
0.0137686
0.0111354
0.00730509
0.0128632
0.0122413
0.00932619
0.0110405
0.00873228
0.0103129
0.00754285
0.013818
0.0114818
0.00968804
0.00934334
0.0112619
0.0111669
0.00981635
0.010593
0.00718003
0.00544832
0.00929129
0.0090472
0.00744925
0.00768224
0.00637306
0.011992
0.01018
0.00416538
0.00673285
0.0097595
0.00581977
0.00808743
0.00501077
0.00360754
0.0098107
0.00662708
0.0041329
0.00430715
0.00669658
0.00741995
0.0157448
0.0120221
0.0114203
0.0122855
0.0168838
0.0133678
0.0131135
0.0122303
0.00959162
0.0183046
0.0159484
0.0146736
0.0117551
0.0157954
0.0128889
0.0162443
0.00887557
0.01303
0.00994581
0.00858511
0.00858935
0.00987703
0.00761144
0.009796
0.0109485
0.0151281
0.0108633
0.0137904
0.0108453
0.0112989
0.011148
0.0114643
0.0126861
0.0096979
0.0102954
0.0119448
0.0108972
0.00999169
0.0105795
0.0100963
0.00965846
0.0125582
0.0123728
0.00988964
0.0112199
0.012248
0.0108241
0.0112724
0.0101744
0.0108654
0.0131218
0.0090252
0.0104705
0.0107662
0.00980078
0.0109329
0.0094724
0.00912954
0.0136001
0.0127256
0.00955023
0.00961669
0.0110906
0.0128739
0.0037606
0.00376039
0.00375703
0.00378991
0.0037708
0.00376027
0.00377843
0.00376961
0.00375704
0.00375192
0.00375174
0.00376614
0.00375936
0.00375275
0.00376109
0.00375532
0.00375332
0.00375196
0.00375137
0.00376505
0.00375438
0.0037517
0.00375676
0.00375272
0.00381626
0.00380366
0.00380157
0.0038488
0.0038254
0.00381092
0.00383431
0.00382119
0.00376789
0.0037628
0.00379746
0.00378589
0.00377113
0.00377448
0.00378088
0.00378405
0.00375666
0.00377095
0.00375192
0.00375362
0.0037611
0.00376254
0.00375358
0.00375581
0.00376605
0.00380443
0.00379193
0.00378935
0.00377732
0.00379337
0.00378429
0.0038015
0.00375771
0.00377685
0.00378084
0.00375373
0.00376194
0.00377075
0.00375891
0.00376942
0.00691577
0.00834846
0.00388558
0.0109481
0.0102444
0.00494046
0.008316
0.00455659
0.00943308
0.0102873
0.00428742
0.0126485
0.0120888
0.00591394
0.00989819
0.00542049
0.00376211
0.00378214
0.00376305
0.00379918
0.00377783
0.00376837
0.00378492
0.00377863
0.0147637
0.0149219
0.004449
0.0179961
0.0184664
0.00598981
0.0156058
0.00588013
0.0110646
0.00409395
0.0142568
0.0147982
0.00897504
0.0043477
0.0117618
0.00484609
0.00530455
0.00494049
0.00402049
0.00383969
0.00479262
0.00452239
0.00404183
0.00435793
0.00403906
0.0119282
0.0123244
0.00434053
0.00413755
0.0048273
0.00433676
0.00484553
0.00384452
0.00400199
0.00473864
0.00405325
0.0038702
0.00396685
0.00432644
0.00439142
0.00436276
0.0037923
0.00544971
0.00377683
0.00418098
0.00432079
0.00454003
0.00449202
0.00375774
0.00375724
0.00379442
0.00375647
0.0037574
0.00376501
0.00376505
0.00376974
0.00595196
0.00434343
0.00693932
0.00412345
0.00539617
0.00552451
0.00580575
0.00566534
0.00375691
0.00375666
0.00378232
0.00375772
0.00375693
0.00376522
0.00376484
0.00376951
0.00377624
0.004993
0.00376744
0.00375513
0.00380623
0.00444905
0.00375325
0.00380608
0.00379365
0.00376325
0.00399625
0.00510513
0.00381627
0.00381974
0.00404525
0.00395213
0.00532284
0.00378661
0.00376308
0.00393102
0.00388787
0.00380543
0.0038626
0.00380871
0.00518164
0.0039688
0.00376644
0.00404327
0.00493616
0.00394293
0.00404015
0.00377657
0.00455475
0.00379982
0.0055727
0.00378144
0.00426216
0.00438599
0.00461969
0.00457731
0.00375794
0.00375718
0.00380474
0.00375676
0.00375758
0.00376546
0.0037658
0.00377063
0.00590583
0.00428847
0.0069105
0.0042279
0.00555696
0.00574303
0.00614323
0.00602565
0.00375747
0.00375675
0.00378772
0.0037583
0.00375735
0.00376654
0.00376623
0.00377159
0.00378036
0.00508782
0.0037708
0.00375541
0.00381254
0.00448159
0.00375391
0.00381409
0.00380403
0.00376383
0.00403691
0.00524243
0.00382631
0.00382926
0.00404234
0.00396881
0.00547659
0.00379904
0.00376382
0.00396373
0.00392
0.00381919
0.00388889
0.00382243
0.00533926
0.00401325
0.00376715
0.00410515
0.00505238
0.00398315
0.00411959
0.0037814
0.00856392
0.00781552
0.00852002
0.00852308
0.00886121
0.0088186
0.00871265
0.00836617
0.00542
0.00848883
0.00609476
0.00642726
0.00563911
0.00584333
0.00611745
0.00652106
0.00830544
0.00639873
0.00855135
0.0120405
0.00814755
0.00771188
0.0106283
0.00945779
0.00748503
0.00716482
0.0126176
0.012389
0.00920433
0.00920242
0.0127193
0.0114057
0.00599222
0.00754858
0.00704131
0.00590871
0.00628179
0.00698908
0.00620985
0.00707892
0.00585337
0.00590544
0.00575727
0.00750085
0.00604082
0.00569932
0.00641568
0.00586768
0.00879531
0.00804645
0.00706123
0.0125114
0.00856218
0.0076516
0.00911928
0.00857652
0.00830687
0.0112366
0.00669352
0.00649075
0.00831796
0.00893542
0.00698951
0.00706132
0.00376019
0.00375855
0.0037614
0.00378402
0.003768
0.00375934
0.00377431
0.00376856
0.00376036
0.00376078
0.0037617
0.0037886
0.0037693
0.00376073
0.00377631
0.00377007
0.00376207
0.00376227
0.00376529
0.00381177
0.00377479
0.00376149
0.00378302
0.00377334
0.00381445
0.00382175
0.00385151
0.00387851
0.00383441
0.00382512
0.00384983
0.00384672
0.00376748
0.00377183
0.00379471
0.00379795
0.00377312
0.00377706
0.00378022
0.00378472
0.00376024
0.00379062
0.00376102
0.00376047
0.00376934
0.00378084
0.00376082
0.0037724
0.00377846
0.00380223
0.00380699
0.00382065
0.00379181
0.00379542
0.00380771
0.0038132
0.00377037
0.00381423
0.0038018
0.00377089
0.00378489
0.00379633
0.00377898
0.0037932
0.0146755
0.0152371
0.0147414
0.00720321
0.0124467
0.0133308
0.0123502
0.0133163
0.0149082
0.0164985
0.015227
0.0159406
0.0124896
0.0138775
0.0110723
0.0116104
0.0167511
0.0189773
0.0210369
0.00883702
0.0164959
0.0178577
0.0160806
0.0167987
0.00803897
0.00955662
0.0056915
0.00513396
0.00696472
0.00640961
0.0064545
0.00579313
0.0130013
0.0125342
0.00713717
0.0069101
0.0121526
0.0120504
0.00697086
0.00731544
0.0144352
0.00715651
0.0155824
0.014733
0.0127017
0.0117829
0.0143955
0.0131228
0.0128213
0.00717067
0.00691994
0.00763631
0.00774822
0.00741558
0.0077706
0.00738894
0.0149866
0.00775642
0.00697172
0.0147368
0.0149954
0.00796318
0.0131562
0.007455
0.00486605
0.00492109
0.00485503
0.00445036
0.00476322
0.00479791
0.00452641
0.00467735
0.00492293
0.00518568
0.00550075
0.00474333
0.00488109
0.00502213
0.00478777
0.00503089
0.0055542
0.00611723
0.00740728
0.00586593
0.00586882
0.00616195
0.00602139
0.0063731
0.00420724
0.00434325
0.00484015
0.00411225
0.00419324
0.00430402
0.00418411
0.00429174
0.00473726
0.00488063
0.00438075
0.00444442
0.00461044
0.00453754
0.00454591
0.00444586
0.00479048
0.00459615
0.00543263
0.00502103
0.0047321
0.00468544
0.00505348
0.00517967
0.00481102
0.00426692
0.00440591
0.00491774
0.00470216
0.00437678
0.00482302
0.00437017
0.00505702
0.0050563
0.00456462
0.0054459
0.00513566
0.0050089
0.00515835
0.00498989
0.0202644
0.0151329
0.0158145
0.00675073
0.0160518
0.0165761
0.0147529
0.0148779
0.0131424
0.0126716
0.011557
0.00661542
0.0102553
0.0119569
0.00941062
0.0102143
0.0133744
0.0113442
0.0121678
0.00664065
0.0112424
0.0121833
0.0100708
0.0104933
0.00475929
0.00583557
0.00622228
0.00430972
0.0047628
0.00557467
0.00496659
0.00554228
0.0117802
0.0130776
0.00593971
0.00593688
0.0107717
0.0124256
0.00637956
0.00658292
0.0130606
0.00644765
0.0113566
0.0140353
0.0113652
0.00975448
0.0122818
0.0102359
0.0119105
0.0059672
0.00587925
0.00672952
0.00654141
0.00637192
0.00624609
0.0061377
0.0123603
0.00661069
0.00616373
0.00982799
0.0106269
0.00652036
0.00925096
0.00623952
0.0147731
0.0136119
0.0140257
0.00637458
0.011761
0.0129506
0.0113595
0.0126626
0.0138542
0.0157119
0.0142236
0.0124114
0.0125286
0.0129394
0.0110853
0.0121307
0.0137535
0.0166631
0.0162774
0.00635809
0.0128869
0.0147058
0.0124429
0.0137614
0.00640215
0.00860273
0.0048017
0.0045324
0.00586565
0.00548622
0.00521112
0.00497427
0.0110856
0.0108263
0.00637663
0.00992173
0.0107228
0.010203
0.00972933
0.00665855
0.0127784
0.00950092
0.0148684
0.0126122
0.0115751
0.0111791
0.0130221
0.0123005
0.0106642
0.00620255
0.00933332
0.00626768
0.00635649
0.00639513
0.00635681
0.00667732
0.0120799
0.00609821
0.00858184
0.0138243
0.0115416
0.00647827
0.0119499
0.00733065
0.0288781
0.0231166
0.0102066
0.0299344
0.0303624
0.0178409
0.0253327
0.0168078
0.0245807
0.0286129
0.00852475
0.0317018
0.0291936
0.0207796
0.0254987
0.019923
0.0120238
0.00683
0.00578934
0.0114086
0.0120496
0.00847292
0.0116905
0.00885536
0.0282899
0.0294691
0.013352
0.0311077
0.0293238
0.0236447
0.0252894
0.0219266
0.0266971
0.0117518
0.0304597
0.0321833
0.0226517
0.0182155
0.0306257
0.02154
0.0179018
0.0231993
0.00747625
0.00947149
0.0169924
0.0199622
0.00943564
0.0106593
0.0117841
0.0249612
0.0263016
0.0122351
0.0129164
0.01999
0.013188
0.0218021
0.0112851
0.0105415
0.0212998
0.00751189
0.0104443
0.0107228
0.00989059
0.0116107
0.0265765
0.0273311
0.00761593
0.0324842
0.0303701
0.0188015
0.0257864
0.018685
0.0250317
0.0295375
0.0126228
0.0291044
0.0279889
0.0192386
0.0227387
0.017934
0.00611933
0.0110352
0.00570406
0.0111533
0.00888154
0.00930625
0.00994851
0.0103467
0.0310312
0.0291898
0.0133732
0.0272319
0.0269633
0.0225315
0.0236746
0.0207682
0.0291104
0.00965201
0.033708
0.0314391
0.0241959
0.0201525
0.0318464
0.023318
0.0179791
0.0210659
0.0100812
0.00743386
0.0170436
0.0184647
0.00926176
0.0108963
0.00902219
0.0276651
0.0247053
0.0121919
0.0110566
0.0216376
0.0124905
0.0210559
0.00770755
0.0117979
0.0187572
0.0100636
0.00943077
0.0111767
0.0105837
0.0136638
0.0269551
0.0234071
0.0129775
0.0327116
0.0306726
0.0185303
0.0259618
0.017842
0.0239642
0.0257112
0.00842195
0.0313847
0.0283599
0.0191093
0.0247284
0.018351
0.0108635
0.00583452
0.00490305
0.0106669
0.0111536
0.00653722
0.0105872
0.00687032
0.0326852
0.0310447
0.0145947
0.0345595
0.0326675
0.0245119
0.0280615
0.0228765
0.0271565
0.0138245
0.0338814
0.0329065
0.0231222
0.0190141
0.0313234
0.0223761
0.0175621
0.0229956
0.00732758
0.0113041
0.0167564
0.0195843
0.0100949
0.0109479
0.0136342
0.0276779
0.0270439
0.0133997
0.014334
0.0206751
0.0142939
0.0225101
0.013044
0.0113016
0.0212857
0.00734905
0.0116015
0.0115195
0.0101165
0.0117807
0.0316409
0.0248321
0.00950592
0.032157
0.0328932
0.0200109
0.0277109
0.0188778
0.0226883
0.0206152
0.0073471
0.0273875
0.0256856
0.0160566
0.0215722
0.015333
0.00857673
0.0075094
0.005229
0.00902053
0.00899637
0.0073595
0.00890778
0.00775416
0.0301138
0.0282024
0.0129702
0.0323869
0.0304437
0.0230957
0.0261439
0.0217793
0.0276124
0.0109356
0.0322659
0.0308426
0.0234032
0.0195998
0.0311159
0.0226061
0.0176006
0.0204999
0.00688118
0.00820355
0.0166764
0.0178928
0.00896738
0.00987166
0.0104909
0.0266626
0.0249699
0.0114705
0.0121389
0.0212126
0.0124491
0.0216784
0.00878988
0.00935786
0.0190879
0.00695157
0.00886504
0.00940704
0.00918203
0.0106124
0.027132
0.0261644
0.00769892
0.0336927
0.030939
0.0183363
0.0260747
0.0183571
0.025309
0.0316218
0.0106873
0.0307743
0.0295357
0.0212692
0.0244042
0.0195821
0.00610698
0.00847304
0.00511434
0.00961617
0.00798099
0.0072969
0.00849341
0.00796491
0.034277
0.0304356
0.0128296
0.0293112
0.0308231
0.0232348
0.0251668
0.0211673
0.0283639
0.00989578
0.0354308
0.0322847
0.0238015
0.0198023
0.0317516
0.0233425
0.0178474
0.0223338
0.00900189
0.00776252
0.0171838
0.019549
0.00928043
0.0104203
0.00944788
0.0288905
0.0257292
0.0117395
0.0113809
0.0218161
0.0123867
0.0215865
0.0085525
0.0105738
0.0199417
0.00933988
0.00934023
0.0103109
0.00994445
0.011812
0.0328746
0.0232696
0.00833726
0.0331505
0.0334624
0.0178898
0.0274251
0.0166345
0.0231385
0.0234022
0.00811029
0.0291811
0.0268757
0.0176126
0.0230631
0.0168424
0.00719154
0.00557295
0.00455971
0.00803656
0.00769246
0.00530221
0.00768801
0.00554577
0.0319931
0.0289886
0.0119772
0.0332479
0.0329401
0.0226467
0.0271561
0.0210389
0.0266995
0.00961983
0.0335182
0.0311636
0.0225602
0.0177292
0.0303485
0.0211176
0.017269
0.0213573
0.0067694
0.00788769
0.0163714
0.0185531
0.00840575
0.0095388
0.00957428
0.0269909
0.0254076
0.0106088
0.0107626
0.0194154
0.0114861
0.0209542
0.00886226
0.00905328
0.0196067
0.00674937
0.00865274
0.0091912
0.00878728
0.0103858
0.0244655
0.0267387
0.00754703
0.0323719
0.0293985
0.0185195
0.0249581
0.0183831
0.0271226
0.0302495
0.0121459
0.0310071
0.0301431
0.0221427
0.0253449
0.020868
0.00536049
0.00758839
0.00456209
0.00838372
0.0071725
0.00627485
0.00741543
0.0067096
0.0343888
0.0320054
0.0134236
0.029175
0.0311392
0.0245994
0.0260569
0.02281
0.0291226
0.00954875
0.0351396
0.0332071
0.0248088
0.0201954
0.0324698
0.0237175
0.0189304
0.023245
0.00988327
0.00710384
0.0182317
0.020382
0.00906896
0.0112722
0.00888253
0.028809
0.0270265
0.0117513
0.0109155
0.0221521
0.0123129
0.0224412
0.00752883
0.0107995
0.021549
0.00998814
0.00948249
0.0107351
0.0110183
0.0128019
0.0275999
0.0276507
0.00815866
0.0340773
0.0315002
0.0195981
0.0269574
0.0196402
0.0261748
0.0375687
0.0109917
0.0332157
0.0313803
0.0254238
0.0270816
0.0242837
0.00611339
0.00840315
0.00489952
0.00891379
0.00788629
0.00716631
0.00802067
0.00776777
0.0325076
0.0314152
0.0135215
0.0273415
0.0288319
0.0241409
0.0248204
0.0221755
0.0296054
0.0100541
0.0352365
0.0335149
0.024995
0.0209917
0.0327939
0.0241825
0.018111
0.0239879
0.00906583
0.0073906
0.0173576
0.0207351
0.00850526
0.0105755
0.00945091
0.0291166
0.0270511
0.0120161
0.0114966
0.0225065
0.0126477
0.0225893
0.00820538
0.0107786
0.0215822
0.00956562
0.00919656
0.0104522
0.0102972
0.0120753
0.0310711
0.0396968
0.0295032
0.0237072
0.0266601
0.0366806
0.0223105
0.0269897
0.0393528
0.0304772
0.0332966
0.0153575
0.0234566
0.0312482
0.022082
0.0260574
0.0259158
0.0320137
0.0230834
0.0163004
0.0185508
0.0285551
0.0154627
0.0193228
0.0218575
0.0201908
0.0198557
0.0254602
0.0232176
0.0200525
0.0213729
0.0192636
0.0273674
0.0214373
0.022448
0.0182182
0.0242242
0.0209088
0.026568
0.0226317
0.0397368
0.0164949
0.0333031
0.028954
0.0299355
0.0214181
0.0340515
0.0220105
0.0189779
0.0216461
0.0188401
0.0215702
0.0185601
0.0207165
0.0213874
0.0220734
0.021862
0.01703
0.0157336
0.0252935
0.0175291
0.0183434
0.0192316
0.016727
0.0269747
0.0348728
0.0268324
0.0170775
0.0232378
0.0326775
0.0188918
0.0239147
0.0359952
0.03317
0.0345069
0.0152889
0.0233186
0.0329519
0.0213324
0.0261427
0.0262807
0.0347291
0.0230214
0.0160652
0.0194866
0.0313058
0.014764
0.0194719
0.0204844
0.018155
0.020059
0.0191709
0.0208202
0.020042
0.019844
0.0202546
0.0238567
0.0190563
0.018648
0.0173089
0.0214017
0.0187488
0.0190739
0.0189124
0.0355114
0.0170246
0.0350121
0.028631
0.0278881
0.0211398
0.0334274
0.0229709
0.0162157
0.0182758
0.0176446
0.0181667
0.0167755
0.0177706
0.0189778
0.0188446
0.0216935
0.0182821
0.0169094
0.0271934
0.0180615
0.0193735
0.0204612
0.0176748
0.0218225
0.0349095
0.0235522
0.0190534
0.0196168
0.0302384
0.0163874
0.0215088
0.0378607
0.0314305
0.0343736
0.015157
0.0236255
0.0329619
0.0214457
0.0262565
0.0261437
0.0343843
0.0258636
0.0137329
0.0201822
0.032744
0.0159888
0.0217436
0.0258098
0.0214334
0.0251419
0.0246778
0.0254654
0.0230436
0.0260674
0.0240918
0.0258722
0.0206417
0.0179331
0.015336
0.0227675
0.0193482
0.0184423
0.0184866
0.0383669
0.01515
0.0351405
0.030262
0.0295802
0.0215145
0.0351105
0.0231495
0.0160905
0.0176555
0.0155778
0.0152158
0.0139813
0.0156045
0.0155157
0.0158335
0.0223758
0.0143997
0.015107
0.0265417
0.0184078
0.0147462
0.019939
0.0151415
0.0286751
0.0428266
0.0299942
0.0246404
0.0266311
0.0384427
0.0219652
0.0289346
0.0427647
0.0310273
0.0352206
0.0214295
0.0258
0.0333203
0.0242946
0.0268299
0.028381
0.0340372
0.0251146
0.0341725
0.0211297
0.0312068
0.0175605
0.0211525
0.0275912
0.0322953
0.0347018
0.0311343
0.0340641
0.0307119
0.0317562
0.0304451
0.0317039
0.0238089
0.0291472
0.031707
0.0293242
0.0252642
0.0415227
0.0327205
0.0434244
0.0275316
0.0368984
0.0326764
0.0339265
0.0256523
0.0377406
0.0261535
0.0198319
0.0263879
0.0325766
0.0344775
0.0272989
0.0310439
0.0377272
0.0375203
0.0250453
0.0347135
0.0276691
0.0276558
0.0218103
0.0381683
0.0232624
0.0311694
0.0282592
0.0411352
0.0303272
0.0170802
0.027513
0.0393898
0.0227036
0.0291736
0.0428916
0.0414189
0.0330736
0.0233322
0.0275651
0.0415744
0.0233864
0.0306527
0.0250227
0.0289961
0.0221865
0.0133233
0.0175249
0.0262501
0.0148084
0.0180763
0.0200839
0.0267724
0.0197237
0.0252041
0.0227807
0.0208983
0.0223027
0.0204582
0.0297646
0.0202086
0.020469
0.0211151
0.0258125
0.0207202
0.0334471
0.0234166
0.0440996
0.0189123
0.0301516
0.0263635
0.0325367
0.0209571
0.0316178
0.0206024
0.0183498
0.0188273
0.0200941
0.0156485
0.017733
0.0193588
0.0171377
0.0190647
0.020897
0.0155606
0.0171447
0.0226428
0.0164951
0.0160301
0.0178335
0.0161504
0.0272305
0.0453095
0.0295662
0.0148792
0.026398
0.0409224
0.0215087
0.0302796
0.0516435
0.0326353
0.0347871
0.0307148
0.0280275
0.0360573
0.0261983
0.0279612
0.0252656
0.0339782
0.0237265
0.0172195
0.0209644
0.0301294
0.0162178
0.0203243
0.0166651
0.0301789
0.0184623
0.0237536
0.0200166
0.0207384
0.0185174
0.0200833
0.0369405
0.0214199
0.0185344
0.0291045
0.0320373
0.0227008
0.0437529
0.0267627
0.057246
0.0304294
0.0355491
0.0285565
0.0425504
0.0260998
0.0361585
0.0254783
0.0178544
0.0154454
0.025714
0.0169427
0.01604
0.0197948
0.0193911
0.0212799
0.0224121
0.0190286
0.02379
0.0266747
0.0200164
0.0205415
0.0217735
0.0213223
0.027037
0.0454523
0.0285863
0.0184156
0.0262235
0.0391935
0.0209542
0.0292099
0.0528954
0.035666
0.0414303
0.0199938
0.0293431
0.0373505
0.0279502
0.0313914
0.0261972
0.0372558
0.0244563
0.0182923
0.0218103
0.0314265
0.0171652
0.020897
0.016875
0.0208217
0.018763
0.0244677
0.0192432
0.0199858
0.0183459
0.0190506
0.0393588
0.0205884
0.0225572
0.0249844
0.0343589
0.0231452
0.0435443
0.0300121
0.0592646
0.0222751
0.0408489
0.0282938
0.044894
0.0289446
0.0369311
0.0278002
0.0178094
0.0192644
0.0238614
0.0196671
0.0189383
0.0233182
0.0213246
0.0259133
0.0221572
0.0191506
0.0178878
0.0297891
0.020615
0.0202888
0.0230444
0.0180227
0.0243084
0.0444339
0.0265044
0.0173031
0.0249429
0.038504
0.019606
0.0282379
0.0508007
0.0341262
0.0382613
0.018023
0.0281111
0.0357097
0.0266484
0.0300368
0.0238105
0.034826
0.0225845
0.0139843
0.0211374
0.0298251
0.0161397
0.0195465
0.0167041
0.020538
0.0164298
0.0163048
0.0177049
0.0192655
0.0161296
0.0176356
0.0376835
0.0206852
0.0201675
0.0222859
0.0329755
0.0232675
0.0391192
0.0262151
0.0579358
0.020065
0.0392043
0.0279531
0.0434238
0.0273101
0.0362953
0.0268883
0.0171511
0.0175408
0.0208995
0.0164675
0.016614
0.0202061
0.018178
0.0224967
0.0216658
0.0153519
0.0154748
0.027894
0.0196002
0.0159945
0.0218731
0.0152339
0.00377692
0.00376229
0.0037619
0.00432832
0.00381152
0.0037627
0.00384526
0.00377897
0.00376111
0.00376078
0.00376047
0.00379503
0.00377218
0.00376064
0.00378086
0.0037717
0.00376062
0.00376043
0.00375874
0.00379194
0.00377137
0.00376035
0.0037791
0.0037703
0.00479729
0.00387046
0.00386132
0.0047691
0.00457772
0.00392905
0.00451721
0.00398498
0.00377359
0.00377333
0.00434978
0.00382495
0.00378329
0.00379444
0.00380741
0.00383023
0.00376081
0.00379935
0.00376031
0.00376071
0.00377251
0.00378647
0.00376087
0.00377165
0.00378285
0.00442468
0.00383489
0.00383079
0.00380515
0.00389371
0.0038197
0.00388922
0.00377206
0.0038102
0.00381213
0.00377116
0.00378518
0.00379712
0.00378
0.00379262
0.0096561
0.00911753
0.0108066
0.00914382
0.00945354
0.0097778
0.0102293
0.0100647
0.0125626
0.0174394
0.0124656
0.0151768
0.014717
0.0145994
0.0143538
0.0150143
0.0094916
0.010794
0.0100052
0.00841315
0.00928865
0.0099627
0.00877721
0.0102704
0.00757482
0.0138061
0.00806679
0.00973365
0.00912074
0.00957751
0.00867602
0.00975297
0.00970249
0.00906881
0.00819909
0.0126615
0.0100269
0.00896123
0.0102729
0.00884989
0.0104441
0.01293
0.0110869
0.00914446
0.010912
0.0126273
0.0106318
0.0112662
0.0086792
0.00774405
0.0125378
0.00777941
0.00852785
0.00877183
0.00873572
0.00955979
0.00914927
0.00872365
0.0136117
0.0106223
0.00925612
0.00910531
0.0107879
0.0113044
0.0314237
0.0409252
0.0370057
0.0135603
0.0182722
0.0338522
0.0164055
0.0290372
0.0406492
0.0387997
0.0355257
0.0342935
0.0212912
0.039359
0.0215412
0.0373995
0.0391614
0.0294082
0.0217978
0.0358891
0.0271585
0.027785
0.0255113
0.0240597
0.011584
0.0342099
0.0330679
0.0277983
0.0165522
0.0308937
0.0171668
0.036771
0.022592
0.0206897
0.0127112
0.0181288
0.0196945
0.0208083
0.0125349
0.0122286
0.0362676
0.0319601
0.0345314
0.0330668
0.0317176
0.0227269
0.037625
0.0241512
0.0166899
0.0129645
0.0177857
0.0180117
0.0129559
0.0124124
0.016967
0.0155758
0.0293548
0.0382453
0.0381203
0.0317426
0.025083
0.0322313
0.0240582
0.0354083
0.0397391
0.0344997
0.0286679
0.0290136
0.0428331
0.0427359
0.0277371
0.0294434
0.0156767
0.0182834
0.033718
0.0264345
0.0163255
0.0177104
0.0214202
0.0214214
0.0222518
0.0280699
0.0209616
0.0114007
0.0189817
0.0242347
0.012479
0.0138732
0.0211848
0.0245523
0.0114699
0.0235937
0.0232188
0.0202566
0.0147509
0.0141278
0.0261382
0.0251616
0.0312948
0.028121
0.024787
0.0270771
0.0287093
0.026319
0.0209732
0.0229643
0.0299054
0.0287644
0.0243015
0.0218146
0.0318324
0.0268556
0.0160937
0.0166476
0.0155562
0.0114696
0.0130573
0.0154712
0.0122743
0.0149498
0.0171684
0.0110478
0.0143863
0.0140595
0.0151306
0.0116562
0.0136553
0.0112171
0.0250839
0.0315637
0.0334425
0.011087
0.0154265
0.0351547
0.0145841
0.0296067
0.0372551
0.0200277
0.0265229
0.0301818
0.0209152
0.0222867
0.0206151
0.0249113
0.0348241
0.031737
0.0354469
0.0356158
0.0154169
0.0336286
0.0148603
0.0356333
0.0113711
0.0294945
0.0318451
0.0298039
0.0136012
0.0228669
0.015105
0.0266151
0.0149237
0.0147384
0.0106143
0.0133652
0.0140958
0.0130397
0.010827
0.010338
0.0397247
0.023015
0.0284459
0.0391685
0.0335413
0.0189506
0.036938
0.018214
0.0150913
0.0103001
0.0159482
0.0156955
0.010158
0.010163
0.0146211
0.0157573
0.0327424
0.0316709
0.0267462
0.0308499
0.0162208
0.0266463
0.0176537
0.031126
0.024259
0.0299238
0.0228781
0.0136519
0.0166826
0.0239543
0.0151258
0.020217
0.0342657
0.0210345
0.0172986
0.0325022
0.0256594
0.0216466
0.023842
0.0187439
0.0317055
0.0414841
0.0439186
0.0305096
0.0335916
0.0484145
0.0311054
0.0466928
0.0118946
0.0289408
0.0241284
0.0228008
0.0159508
0.0244213
0.0166453
0.0300955
0.0178515
0.0175132
0.0136025
0.0175045
0.0157055
0.0165771
0.0133838
0.0138852
0.0292952
0.0296823
0.0268646
0.0296368
0.0271228
0.0247624
0.0339741
0.0270644
0.0178251
0.0140299
0.0199307
0.0202181
0.0154886
0.0146399
0.0201827
0.0182796
0.0275893
0.0347039
0.0364015
0.0324617
0.0309374
0.029856
0.0287805
0.0331359
0.0361129
0.0335108
0.0356009
0.0330091
0.0366665
0.0349385
0.0195254
0.0205315
0.0277232
0.0197475
0.0369905
0.0295473
0.0258525
0.0229683
0.0233541
0.0249996
0.0358193
0.0353519
0.0295112
0.0127052
0.0295976
0.0357742
0.0164748
0.0175438
0.0298681
0.0270056
0.0123682
0.0250998
0.0274308
0.0230456
0.0153258
0.0148544
0.0325317
0.0315555
0.0303691
0.0288801
0.0218807
0.0207676
0.0312615
0.026969
0.0300427
0.0253714
0.0354907
0.0363686
0.0231416
0.0224155
0.0349615
0.0293647
0.020359
0.0152836
0.0147619
0.0116196
0.011505
0.0138457
0.0108939
0.0134332
0.0214873
0.012124
0.0136129
0.0198994
0.0194733
0.0112476
0.0185191
0.0113961
0.0267881
0.0321672
0.0235115
0.0268346
0.022764
0.0263608
0.0254699
0.023369
0.0337421
0.0307619
0.0328848
0.0146833
0.0255277
0.0330281
0.0228154
0.0266087
0.0208118
0.0292309
0.0201109
0.0204724
0.01803
0.0218033
0.0203474
0.0189777
0.0292145
0.0106976
0.0257881
0.0305749
0.0230792
0.0193974
0.0273007
0.0215439
0.025227
0.0202611
0.0209361
0.0126242
0.0224129
0.0203006
0.0130503
0.0182966
0.0322984
0.0134603
0.0303779
0.0239154
0.0259482
0.0231991
0.0295404
0.0246809
0.0226296
0.0235926
0.0122975
0.0207748
0.0215365
0.0191317
0.0180006
0.0170375
0.0209623
0.0167095
0.0126592
0.0245982
0.018219
0.0158288
0.0219825
0.0129137
0.0299498
0.0267947
0.0266542
0.0276832
0.0247734
0.0279312
0.0285218
0.025926
0.0232636
0.0246136
0.0265881
0.0147768
0.0192074
0.0252049
0.0177387
0.0210933
0.0241672
0.02717
0.0258191
0.0228137
0.0199932
0.0245632
0.0232567
0.0221437
0.0264612
0.0106582
0.0251407
0.0254227
0.019733
0.0167993
0.0242795
0.0190796
0.0216717
0.0221917
0.0215961
0.0131991
0.0198787
0.0221543
0.0138435
0.0193807
0.0258081
0.0131463
0.0265406
0.0263197
0.0219679
0.0190306
0.0255669
0.0205563
0.0231672
0.0261049
0.0126485
0.0217645
0.0226233
0.0209038
0.0186329
0.0179838
0.0227889
0.0173378
0.0126946
0.0220586
0.01931
0.0160572
0.0186646
0.0127399
0.0227593
0.0277277
0.0210992
0.0128328
0.0152082
0.0220196
0.0136628
0.0182169
0.0309996
0.0185514
0.0140408
0.0269156
0.0225238
0.0190895
0.0203558
0.0165106
0.0273058
0.0346124
0.0369951
0.0268808
0.0285483
0.0418399
0.0259816
0.0398121
0.0126769
0.024876
0.0216583
0.0208698
0.0153142
0.0211961
0.0159536
0.0272709
0.016265
0.0152623
0.0124398
0.0148381
0.0138562
0.0146101
0.0118768
0.0122444
0.0261445
0.0240212
0.021724
0.0254451
0.0235928
0.0212435
0.0297887
0.0230346
0.0153755
0.0128132
0.0166038
0.0177819
0.0134351
0.0127847
0.0172424
0.015602
0.0233455
0.0301066
0.0302344
0.0257761
0.026078
0.0251732
0.0238997
0.0275477
0.0141726
0.0125364
0.0103074
0.0114215
0.0139505
0.013294
0.0116283
0.0109876
0.0105589
0.0204867
0.0148741
0.0136704
0.0128714
0.0165906
0.0129297
0.0163022
0.00746276
0.0110534
0.00809303
0.00664525
0.00670985
0.00787882
0.00575588
0.00787699
0.0102293
0.0140787
0.0097704
0.0131185
0.0107734
0.0105392
0.010454
0.0106013
0.0121897
0.00926192
0.010073
0.012113
0.0103021
0.00967781
0.0103002
0.00993195
0.0102089
0.0116523
0.0111092
0.00910344
0.0106449
0.0118709
0.00993237
0.0106174
0.00900024
0.0101043
0.0118315
0.00782047
0.00960948
0.0101825
0.00868178
0.00987052
0.00820974
0.00740276
0.0114924
0.0109607
0.00764592
0.00770332
0.0092484
0.0097934
0.00642611
0.00751486
0.0082617
0.0121844
0.00710514
0.00743151
0.00756921
0.00791696
0.00964715
0.0108651
0.00851603
0.00729541
0.00919865
0.0098944
0.00841128
0.00845159
0.0103093
0.00832757
0.0134106
0.00999295
0.0106344
0.0114474
0.010753
0.0113436
0.0161408
0.00799411
0.0124258
0.0171537
0.0179864
0.0155052
0.0157926
0.0129796
0.00780056
0.00896757
0.0115751
0.00737182
0.00784159
0.00831707
0.00791476
0.0110095
0.0081638
0.00722437
0.00825168
0.00928097
0.00819311
0.00791437
0.00878926
0.00809363
0.00951303
0.0120453
0.00781021
0.0117952
0.0123932
0.0117621
0.0119782
0.011552
0.00987537
0.010295
0.00728553
0.00814949
0.0102685
0.0104611
0.00802879
0.00781497
0.00375775
0.00375763
0.00375672
0.00378368
0.00376539
0.00375753
0.00377068
0.00376604
0.00377792
0.00469194
0.00379898
0.00586909
0.00441127
0.00429991
0.00448047
0.00443565
0.00375663
0.00375801
0.0037575
0.00378945
0.00376546
0.00375767
0.00376943
0.00376534
0.00429189
0.00687109
0.00446223
0.00794692
0.00647559
0.00609788
0.0063924
0.00626582
0.00378077
0.00376347
0.00390942
0.00553073
0.00380548
0.0038094
0.00394213
0.00389199
0.00376857
0.00524335
0.0037799
0.00375557
0.00381179
0.00446847
0.00375411
0.00381103
0.00376729
0.00397984
0.00542578
0.00417622
0.0037841
0.0039905
0.00416357
0.00524271
0.00376422
0.00414393
0.00537955
0.00379958
0.00382808
0.00401707
0.00382513
0.00410704
0.010284
0.00440482
0.0114101
0.00926479
0.00668732
0.00598217
0.0109988
0.00894757
0.00379144
0.00376333
0.0038237
0.00376351
0.00376749
0.00377833
0.00378173
0.00378998
0.012766
0.00484303
0.015481
0.012929
0.00737729
0.00705444
0.0150327
0.0122334
0.00824104
0.0039491
0.010176
0.0070338
0.00526304
0.00484382
0.00965851
0.00773328
0.00412979
0.00653819
0.00583473
0.00385472
0.00433461
0.00558856
0.00407564
0.0052331
0.00421561
0.00386627
0.00440337
0.00599869
0.00444725
0.00399941
0.00459055
0.00429087
0.0122743
0.0100577
0.00411704
0.0123291
0.0108014
0.00814317
0.00603717
0.00490795
0.0099353
0.0100102
0.00406441
0.00457265
0.00622149
0.00575333
0.00450026
0.00424206
0.0147514
0.00927037
0.00924144
0.010039
0.0109479
0.0102488
0.0107908
0.0100378
0.00791743
0.00901997
0.00747926
0.00741542
0.00785117
0.00765621
0.00733378
0.00741714
0.00702757
0.00701568
0.00669123
0.00674957
0.00674962
0.00668374
0.00667659
0.00660921
0.00878139
0.0068519
0.00686525
0.00643896
0.00720737
0.00691829
0.00692443
0.00659181
0.00827826
0.00824818
0.00932765
0.00745385
0.00833935
0.00873004
0.00821982
0.00885884
0.00820258
0.00713884
0.0075264
0.00789435
0.00808159
0.00710298
0.00777306
0.00738464
0.00770186
0.00909394
0.00699019
0.0069666
0.00763936
0.00853639
0.006966
0.00705207
0.0076454
0.0067564
0.00678107
0.00725817
0.00703218
0.00685243
0.00718615
0.00676678
0.00376071
0.00376099
0.00376065
0.00379483
0.00377214
0.00376086
0.00378122
0.00377225
0.00376293
0.00377867
0.00376476
0.00415648
0.00379916
0.00376858
0.0038698
0.00385736
0.00376053
0.00376087
0.00376088
0.00379694
0.00377233
0.00376086
0.00378238
0.00377329
0.00387277
0.00444405
0.00388082
0.00441715
0.00418175
0.00418147
0.00427199
0.00421607
0.00377433
0.00377221
0.00382059
0.00406986
0.00378568
0.00378856
0.00381264
0.00380633
0.0037618
0.00400073
0.00376218
0.00376099
0.00377591
0.00384922
0.00376103
0.00377676
0.00378102
0.00383831
0.00415486
0.00384249
0.00379425
0.00382548
0.00382529
0.00401812
0.00377224
0.0038286
0.00409224
0.003778
0.00378941
0.00380811
0.00378891
0.00381798
0.00858753
0.00967774
0.00959606
0.00770391
0.00824825
0.00847153
0.0080085
0.00860086
0.0103679
0.00778467
0.00704979
0.00844171
0.00953009
0.0084466
0.0085055
0.00754534
0.00939171
0.00837544
0.0120257
0.00945975
0.00919725
0.00930174
0.00969758
0.00973351
0.00727456
0.00864352
0.00919516
0.00825783
0.0078887
0.00844405
0.00883339
0.00857079
0.00973858
0.00966864
0.00764491
0.00926941
0.0093686
0.00860556
0.00962342
0.00823077
0.00936344
0.00844295
0.00765077
0.00932468
0.00904309
0.00834185
0.00853839
0.00788738
0.00976552
0.00765413
0.00866455
0.00941925
0.00967306
0.0084694
0.00920797
0.00871985
0.00932839
0.00891414
0.00795983
0.00771867
0.00875756
0.00886323
0.00779417
0.00768131
0.0259313
0.0159136
0.0163199
0.0199024
0.0262445
0.0167944
0.0206351
0.0173753
0.0126893
0.023857
0.0190138
0.0212076
0.0160076
0.0214731
0.0169461
0.0215488
0.0121633
0.0138614
0.00905191
0.0137494
0.012695
0.0107007
0.0111566
0.0100537
0.0168372
0.0232173
0.0165236
0.0197343
0.0169108
0.0181652
0.015957
0.0175433
0.015887
0.0140235
0.0170183
0.0177341
0.0151978
0.0146678
0.015993
0.0155418
0.0122157
0.0188986
0.015937
0.013361
0.0141225
0.0177129
0.0141604
0.0165418
0.0137514
0.016737
0.0181914
0.0131672
0.0152545
0.0163768
0.0145011
0.0166166
0.0126989
0.0139567
0.0192932
0.0151273
0.014244
0.0143001
0.0154568
0.017917
0.0079466
0.00388506
0.00924835
0.0119519
0.00666511
0.0043841
0.00889039
0.0061519
0.00376367
0.00376278
0.00378527
0.00380633
0.00377317
0.00376583
0.00378752
0.00377906
0.0102004
0.00449164
0.0101336
0.0127402
0.00755002
0.00490048
0.0100509
0.0063853
0.0146856
0.00493805
0.0145663
0.0181755
0.0112114
0.00723449
0.014029
0.00963473
0.00394222
0.00724892
0.00925872
0.0044548
0.0041452
0.00592628
0.00442115
0.00567233
0.00379597
0.00392273
0.00390291
0.00441337
0.00385926
0.00388552
0.00406819
0.00414717
0.00943265
0.011652
0.00472063
0.0114277
0.0122217
0.00778707
0.00888551
0.00744257
0.00601697
0.0082288
0.00416648
0.00407839
0.00613462
0.00588182
0.00437147
0.00462808
0.0104408
0.00943479
0.0115935
0.00441042
0.00652852
0.0112119
0.00583992
0.00926062
0.00829509
0.00703303
0.00990477
0.00395365
0.00524504
0.00939495
0.00485144
0.00766632
0.012734
0.0125268
0.015498
0.00456471
0.0068438
0.0146808
0.00649113
0.0120975
0.00379069
0.00376469
0.00381452
0.00376444
0.00376949
0.00378192
0.00377917
0.00378955
0.00588849
0.00630936
0.00413371
0.00388663
0.0052889
0.00549797
0.00409645
0.00433027
0.00993452
0.00413283
0.0119135
0.0121913
0.0081823
0.00491532
0.0107068
0.00585779
0.00584808
0.00418589
0.003897
0.00423296
0.00444739
0.00437081
0.00416879
0.00397085
0.0100407
0.00442323
0.00405166
0.00983392
0.00599073
0.00437023
0.00558723
0.00418385
0.00441208
0.00377869
0.00556393
0.00381076
0.00421477
0.00457012
0.0045272
0.00461291
0.00375748
0.00375798
0.00378488
0.00375649
0.00375728
0.00376561
0.00376588
0.00377092
0.00625466
0.00421659
0.00794826
0.00457587
0.00567825
0.00622691
0.00586908
0.00610846
0.00375748
0.00375678
0.0038111
0.00375778
0.00375736
0.00376591
0.0037655
0.003771
0.00376864
0.0051007
0.00378645
0.00375527
0.00381163
0.00453334
0.00375369
0.00381734
0.00379226
0.00376328
0.00394683
0.00540161
0.00381227
0.00381537
0.00390384
0.00387562
0.00533303
0.00381481
0.00376388
0.00411211
0.00407972
0.00383573
0.00399497
0.00383854
0.00537856
0.0041723
0.00376704
0.00399025
0.00505075
0.00411494
0.0039618
0.0037807
0.0111933
0.012612
0.0125024
0.00928686
0.0106963
0.012508
0.0100483
0.0121371
0.0124808
0.0106015
0.0126788
0.0110933
0.0117366
0.0107567
0.0126183
0.0116044
0.0150805
0.0152005
0.017389
0.0138142
0.0154557
0.0164508
0.0159135
0.0166964
0.00787657
0.00968536
0.00916636
0.00796059
0.00820084
0.00953263
0.00805298
0.00905625
0.0116154
0.0130068
0.00964159
0.0106542
0.0119116
0.0123519
0.0106084
0.0109463
0.0132066
0.0117286
0.0133268
0.0134675
0.0140533
0.0133636
0.0141986
0.0138304
0.0134639
0.00960414
0.0111764
0.011856
0.0114548
0.0111311
0.0118289
0.0113719
0.0144306
0.0130525
0.0122735
0.0143135
0.0151014
0.01328
0.0143627
0.0131133
0.00376061
0.0037608
0.0037608
0.00379311
0.00377191
0.00376064
0.00378102
0.00377174
0.00376061
0.0037608
0.00376064
0.00379321
0.00377107
0.00375991
0.00377983
0.00377093
0.00376273
0.00376478
0.00380707
0.00429741
0.00379059
0.00376915
0.00392981
0.00391912
0.0038668
0.00386989
0.0046547
0.00458939
0.00395112
0.00391465
0.00435505
0.00450524
0.00377151
0.00377271
0.00381544
0.00381035
0.00378006
0.00378542
0.00379284
0.00379775
0.00376027
0.00379763
0.00376117
0.00376093
0.00377136
0.00378541
0.0037608
0.00377307
0.00378415
0.0038335
0.00383654
0.00425513
0.00380403
0.00381833
0.00388147
0.00387544
0.0037748
0.00438808
0.00383246
0.00378159
0.00380386
0.00384542
0.00378933
0.00381771
0.00376082
0.00376081
0.0037604
0.00379535
0.00377257
0.00376086
0.00378146
0.00377222
0.00376746
0.0037952
0.00376165
0.0042568
0.00391314
0.00377334
0.00391147
0.00379721
0.00376057
0.00376078
0.00376117
0.00379808
0.00377235
0.00376076
0.00378209
0.00377257
0.0038876
0.00437974
0.00386384
0.00431354
0.00415682
0.00416538
0.00422771
0.00415919
0.00378201
0.00377204
0.00383263
0.00415834
0.00379263
0.00379166
0.00382715
0.00381309
0.00376317
0.00402492
0.00376101
0.00376091
0.00377863
0.00387617
0.00376093
0.00377626
0.00378077
0.00384772
0.00417336
0.00383326
0.00379348
0.00383006
0.00382072
0.0040134
0.00377219
0.00381895
0.00406072
0.00377295
0.00378819
0.00380416
0.00378476
0.00380944
0.0100362
0.0048689
0.00763429
0.0140482
0.0096867
0.00716632
0.0106703
0.00802139
0.00386705
0.00622181
0.00742263
0.0114084
0.00697959
0.00610248
0.00853341
0.00728825
0.00868677
0.00769
0.0086589
0.00745465
0.00798119
0.00800779
0.00806364
0.00794362
0.0191177
0.0170208
0.00931562
0.0248382
0.0197863
0.015795
0.0186568
0.0161799
0.00350384
0.0079599
0.0135316
0.011366
0.00620072
0.00829891
0.00873212
0.0103439
0.00362056
0.010268
0.00758687
0.00781395
0.00536368
0.00825879
0.00675287
0.00771797
0.00918388
0.0147875
0.0137165
0.00826534
0.00966711
0.0119805
0.00885798
0.0134498
0.00854759
0.00810153
0.0119787
0.0080606
0.0079683
0.00821388
0.00810123
0.00862031
0.00804338
0.0136283
0.00794862
0.00713776
0.00928715
0.010424
0.0067085
0.00791714
0.0196873
0.0263187
0.0113539
0.0186844
0.0212352
0.0215042
0.0145673
0.0154755
0.00768433
0.00835251
0.00835446
0.00736539
0.00781421
0.00800073
0.00768848
0.00800934
0.0051273
0.0094721
0.0056494
0.00391192
0.00542558
0.00649249
0.003664
0.00461497
0.0141941
0.00838825
0.00928286
0.0148856
0.0106484
0.00914878
0.0134123
0.0100488
0.0152462
0.0148528
0.0104655
0.00918123
0.01199
0.012984
0.010009
0.0104937
0.00784634
0.00621017
0.00817664
0.00617579
0.00627903
0.00682319
0.00660315
0.00690851
0.00833339
0.00686725
0.00893114
0.00926298
0.00846026
0.00743583
0.0090552
0.00813846
0.00598758
0.00385234
0.00898348
0.00609168
0.0048419
0.00469277
0.00783497
0.00599902
0.00375978
0.00375732
0.00379838
0.0037591
0.00375864
0.00376659
0.003773
0.00377541
0.0109385
0.00467419
0.0123061
0.0112662
0.00797727
0.00701502
0.0118003
0.00891944
0.00609685
0.00385888
0.00881809
0.00540287
0.00489276
0.00480286
0.00749129
0.00595875
0.00381718
0.00648694
0.00488938
0.00381683
0.00399759
0.00514579
0.0038534
0.0047874
0.00383417
0.00383726
0.0041466
0.00581277
0.00396007
0.00395452
0.00412601
0.00411829
0.0102821
0.00790261
0.0040061
0.0100059
0.00930516
0.00608849
0.00664644
0.00523659
0.00768637
0.00750708
0.0039603
0.00441056
0.00656864
0.00592534
0.0044805
0.00423383
0.00828681
0.010033
0.0111288
0.00880681
0.00851526
0.00894636
0.00869494
0.00930075
0.0103728
0.010156
0.00894904
0.0088825
0.00903784
0.00883853
0.00901098
0.00877527
0.0149091
0.0149369
0.0197437
0.0177152
0.0165255
0.0175873
0.0176351
0.0183501
0.00902972
0.0100669
0.0164457
0.00994628
0.0102261
0.0113431
0.0106633
0.0115251
0.010965
0.0126272
0.00950362
0.0101657
0.0107523
0.0103273
0.0102144
0.0102902
0.011087
0.00980413
0.0107603
0.0133372
0.0106481
0.00966831
0.0114707
0.010975
0.0130465
0.00933021
0.0106174
0.0166105
0.0132032
0.0104985
0.0151797
0.011304
0.0139601
0.0163419
0.00946927
0.0109308
0.0153766
0.0157412
0.011592
0.0105089
0.0182171
0.0138925
0.00428516
0.0137985
0.0141239
0.0111344
0.00739023
0.00582389
0.0104349
0.00534094
0.00376283
0.00545606
0.00707141
0.00488908
0.00438238
0.00386734
0.00378638
0.00375765
0.00375707
0.00375784
0.00377244
0.0037656
0.00376513
0.00375725
0.0106769
0.00545572
0.00376754
0.00488377
0.00726944
0.00482655
0.00458558
0.00389546
0.0102746
0.00404815
0.0103412
0.00728956
0.00574795
0.00598704
0.0106715
0.00815012
0.00815041
0.00484675
0.00377113
0.00394
0.00445762
0.00444003
0.00391638
0.00382111
0.00385112
0.00568471
0.00447389
0.00377372
0.00394693
0.00451634
0.00382791
0.00448536
0.00379621
0.00375835
0.00388937
0.0037579
0.00378055
0.00377099
0.00376899
0.00376319
0.00376419
0.00382262
0.00382255
0.00376821
0.00377636
0.00379208
0.00377401
0.00379687
0.00456717
0.0123192
0.0170369
0.0104895
0.00685943
0.0091379
0.00856219
0.0125074
0.00454357
0.0176318
0.0233347
0.0170921
0.0100177
0.0124425
0.0120635
0.0157634
0.00390114
0.00922481
0.0137253
0.0081554
0.00519297
0.00675219
0.00630925
0.0091894
0.00425943
0.00425971
0.00385734
0.00629066
0.00432353
0.0040712
0.00424104
0.0040283
0.00449645
0.00762674
0.0120767
0.0045137
0.00469346
0.0069946
0.00484856
0.00879573
0.00429122
0.00388328
0.00736854
0.00961854
0.00442095
0.00414217
0.00785738
0.00623818
0.00463222
0.0126579
0.0103143
0.0162966
0.00876676
0.00944974
0.011205
0.0134188
0.00376507
0.00384437
0.0038489
0.00377465
0.00378053
0.00380304
0.00378445
0.00382128
0.00493545
0.0145012
0.0149432
0.0116729
0.00774483
0.00992378
0.00922099
0.0130984
0.00511445
0.015906
0.018277
0.0150973
0.0096188
0.0111881
0.0115084
0.0146327
0.00398019
0.0105034
0.012597
0.00876661
0.00558187
0.00756655
0.00693673
0.0104829
0.00447804
0.00463175
0.00399011
0.00688112
0.00460916
0.00434225
0.00450207
0.00432439
0.00485537
0.00852413
0.0101275
0.00495289
0.00499518
0.00770289
0.00520242
0.00855043
0.00474881
0.00410575
0.00821938
0.00942907
0.00468766
0.00449026
0.00777614
0.00688233
0.00510941
0.0123455
0.011638
0.0133503
0.0082682
0.00918001
0.0101886
0.0131589
0.0251818
0.00782776
0.0196822
0.0270047
0.015659
0.014361
0.0253501
0.0195041
0.00698417
0.00909986
0.00912747
0.00888999
0.0083252
0.00908436
0.00911998
0.00881774
0.0165138
0.00932328
0.0113781
0.0174017
0.0127813
0.0107079
0.0155274
0.0118243
0.0253271
0.00904322
0.0196458
0.0214003
0.0139791
0.0129027
0.0222492
0.0179458
0.00693873
0.0158523
0.0164011
0.00849406
0.0110431
0.0161755
0.00998377
0.0151108
0.00671808
0.00838384
0.0100984
0.0141301
0.0100869
0.00913813
0.0110321
0.00999806
0.0196798
0.0248323
0.0109268
0.0195712
0.0220973
0.0193017
0.0161053
0.0152508
0.0152682
0.0156695
0.0100329
0.0103173
0.0134046
0.0148396
0.0112781
0.0111326
0.0278764
0.0226981
0.0101128
0.0179313
0.0209788
0.0160025
0.016603
0.0147964
0.0214396
0.0175448
0.00753887
0.0139472
0.0157701
0.0140056
0.0137172
0.0127685
0.00779154
0.0060383
0.0078813
0.00793992
0.0082251
0.00716715
0.00832328
0.00805925
0.0106124
0.00956234
0.00641901
0.00502076
0.00754002
0.00786204
0.0057423
0.00637401
0.0191798
0.0108971
0.0139083
0.0123942
0.0162664
0.0146564
0.0149134
0.0132032
0.0167463
0.0118655
0.00675025
0.00781399
0.0157957
0.0123126
0.00931341
0.00851178
0.00944857
0.0104908
0.00975911
0.00725758
0.00875057
0.0103664
0.00756724
0.00818361
0.00759847
0.00780517
0.00988252
0.00664772
0.00749892
0.00762245
0.00769063
0.00744167
0.00488308
0.00703116
0.00638951
0.00657932
0.00557728
0.00630779
0.00610556
0.00641005
0.00940005
0.0110741
0.00725553
0.00716533
0.00968811
0.0107324
0.00818028
0.00801806
0.00675975
0.00612199
0.00656744
0.00619485
0.00641201
0.00654859
0.00635252
0.00645047
0.00680765
0.00647668
0.00606587
0.0115688
0.00651278
0.00625169
0.00669803
0.00673882
0.00764159
0.00660565
0.00676355
0.00690239
0.00697301
0.00665481
0.00727713
0.00696669
0.00846899
0.00696077
0.00684651
0.00687807
0.00717702
0.00761192
0.00660835
0.00664042
0.00688605
0.00586996
0.00586757
0.00585905
0.00589785
0.00581544
0.00582898
0.00571973
0.00690749
0.00596359
0.00578194
0.00642812
0.00644656
0.0058101
0.00635149
0.00587015
0.00404364
0.0083762
0.0034262
0.00745894
0.00499646
0.00643934
0.00425876
0.00452251
0.0237253
0.0300802
0.0230129
0.0121856
0.0171916
0.0292362
0.0166611
0.023157
0.00959487
0.0173909
0.0125274
0.0102844
0.0111221
0.0160527
0.0101426
0.0126824
0.0115039
0.0128715
0.0111955
0.0147594
0.0143388
0.0120579
0.013732
0.0117207
0.0112931
0.00598013
0.0104243
0.0118963
0.0102901
0.00764584
0.0103239
0.00930589
0.0208258
0.0123667
0.0199909
0.0112972
0.0165159
0.0153499
0.0144874
0.014328
0.00522956
0.00985113
0.011655
0.0103287
0.00894946
0.00944354
0.0105972
0.011147
0.00828851
0.0105931
0.011698
0.0165065
0.0119517
0.0111203
0.0135663
0.0115541
0.00743103
0.0118532
0.0102645
0.00790443
0.00780634
0.010277
0.00779142
0.00933814
0.0192165
0.0253663
0.022253
0.0101284
0.0200883
0.0256966
0.0167719
0.0175211
0.00918853
0.0147477
0.00769828
0.00831161
0.00982046
0.01278
0.00787873
0.00904696
0.00846808
0.00837971
0.0088689
0.00840509
0.00875156
0.00839165
0.00819448
0.00806562
0.0131135
0.011306
0.00863397
0.0094412
0.0127585
0.0110719
0.00952761
0.00943066
0.0173928
0.0104653
0.0213237
0.015184
0.0141662
0.015063
0.0165074
0.0166303
0.0098136
0.0083444
0.00890728
0.00956659
0.0086527
0.00872922
0.00950941
0.00853136
0.0115702
0.010104
0.00914758
0.0159493
0.0128333
0.0108291
0.0148257
0.0111391
0.0171976
0.0122436
0.0166196
0.0104962
0.0138756
0.0142583
0.0144713
0.0129828
0.00781666
0.00515928
0.00374863
0.00584421
0.00589271
0.0054979
0.00497173
0.00430055
0.0144576
0.00814615
0.0131073
0.0144201
0.0115498
0.0102276
0.0121144
0.00999709
0.0111712
0.00910197
0.0136876
0.0196873
0.0113136
0.0102696
0.0141615
0.0120598
0.00952297
0.0137881
0.0100474
0.00806275
0.0088461
0.0111991
0.00898
0.0101343
0.00900809
0.00692759
0.00371784
0.0113498
0.00752713
0.0061384
0.00684948
0.00510364
0.0137878
0.0105268
0.0086443
0.0124453
0.0122549
0.0104169
0.0115357
0.010086
0.0115544
0.011503
0.00742199
0.00477253
0.00968738
0.0100922
0.00632072
0.00792673
0.00574174
0.0115662
0.00554832
0.00376852
0.00455586
0.00760732
0.00391448
0.00486448
0.0152739
0.0199013
0.0153128
0.00436844
0.0077841
0.0155626
0.00588093
0.0118684
0.00562382
0.0116123
0.00551567
0.00376583
0.0044713
0.00775885
0.00391367
0.00514552
0.00375787
0.0037826
0.00375783
0.00375762
0.00376509
0.0037714
0.00375749
0.00376531
0.00593917
0.00449302
0.00377253
0.00384749
0.00449737
0.00451361
0.00395263
0.00383764
0.0110635
0.00408835
0.0111876
0.00768023
0.00857786
0.00625436
0.0114925
0.00592836
0.00391124
0.00375843
0.00379603
0.00375819
0.00376609
0.00377472
0.00377051
0.00378204
0.00491088
0.00377443
0.0039673
0.00879665
0.00451136
0.00383295
0.00452512
0.00394609
0.0238401
0.0103497
0.0174285
0.0120236
0.0175008
0.0154972
0.0175116
0.0152608
0.0086715
0.00895934
0.00804334
0.0083208
0.00872664
0.00855012
0.00845942
0.00842418
0.013859
0.00832488
0.00937914
0.00673174
0.0108027
0.010306
0.00957795
0.00907168
0.00893937
0.00719354
0.0043453
0.00979991
0.00768434
0.00601569
0.00716851
0.00545956
0.00922893
0.0144959
0.0112594
0.0090034
0.00946492
0.0135514
0.00951502
0.0107928
0.00895225
0.00851913
0.00846493
0.0129347
0.00884292
0.00845351
0.00953244
0.00872554
0.0129287
0.00780888
0.00782334
0.00317344
0.00943853
0.00840018
0.00656876
0.0065486
0.0117319
0.00583418
0.00798277
0.00798982
0.00979717
0.00733848
0.00824932
0.00731541
0.00375789
0.00375918
0.00375898
0.00379712
0.00376674
0.00375838
0.00377483
0.00377122
0.00383633
0.00569243
0.00575861
0.00838587
0.00462555
0.00472664
0.00577998
0.00733007
0.00384295
0.00577102
0.00524191
0.00820505
0.00472089
0.00476345
0.00577434
0.00704973
0.00457836
0.0100437
0.0102275
0.0114098
0.00664575
0.00747909
0.00830786
0.0107462
0.00382112
0.00382561
0.00408389
0.00562889
0.00392048
0.0039328
0.00407837
0.00406747
0.00380575
0.00622524
0.00476419
0.0038056
0.00395178
0.0050327
0.00383779
0.00473252
0.0039355
0.0043245
0.00727939
0.0070715
0.00417856
0.00439962
0.00570811
0.00627223
0.00395801
0.0091894
0.00950831
0.00739018
0.00510988
0.00636855
0.00588661
0.00870253
0.00839333
0.00751547
0.00779448
0.00867378
0.00854273
0.00818695
0.00867406
0.00814599
0.00600915
0.00546122
0.00560813
0.00847869
0.00579856
0.00513181
0.00656208
0.00589652
0.00679828
0.00669585
0.00762994
0.0117635
0.00723895
0.00660914
0.00881166
0.0080185
0.0109145
0.0126288
0.016578
0.0205426
0.0144109
0.0132059
0.016132
0.014842
0.00721517
0.00778914
0.00935092
0.00925608
0.007728
0.00823281
0.00809624
0.00884802
0.00669812
0.0079267
0.00558985
0.00723291
0.00682684
0.00642111
0.0062406
0.0060768
0.00830424
0.00990094
0.0105151
0.0125619
0.00893776
0.00922275
0.0108502
0.0109434
0.00742618
0.011725
0.00802274
0.00703558
0.00814243
0.00995971
0.00752624
0.00921878
0.00509455
0.00856104
0.00380592
0.00515229
0.0073751
0.00617602
0.00433032
0.00447747
0.0117949
0.0143551
0.00449266
0.0115865
0.0137008
0.0112343
0.00633835
0.00618628
0.003758
0.00379244
0.00375757
0.00375837
0.00376702
0.00377568
0.00375786
0.00376632
0.00518321
0.00850042
0.00381533
0.00494376
0.00744081
0.00624771
0.00433577
0.00460474
0.0105947
0.0038801
0.00737973
0.0105673
0.00522254
0.00463044
0.00850325
0.00615104
0.00875253
0.00870322
0.00419931
0.00388828
0.00519329
0.00553935
0.00402953
0.00416383
0.00376699
0.00434016
0.00519667
0.00376813
0.00380708
0.00449311
0.00388446
0.00468108
0.00377982
0.00378393
0.00517188
0.00388078
0.00380169
0.0039018
0.00385749
0.00402672
0.0232543
0.0260209
0.0212241
0.00950935
0.0159591
0.0254601
0.0145798
0.020586
0.0249249
0.021944
0.0170646
0.0094667
0.0158129
0.0214399
0.0146071
0.0175719
0.0141596
0.0118647
0.00787154
0.00874822
0.0113333
0.0108186
0.00971028
0.00864473
0.00834444
0.00789613
0.00878132
0.00869137
0.00819359
0.00851454
0.0082113
0.00818217
0.0172031
0.0164095
0.00873464
0.00870521
0.0159149
0.0169876
0.0108792
0.0118946
0.0238367
0.0106486
0.0150875
0.0179009
0.0191163
0.0151585
0.0197725
0.0149236
0.0150475
0.00849831
0.00846499
0.0100068
0.0118945
0.0109909
0.0102076
0.00929587
0.0147195
0.00979711
0.0097987
0.0123388
0.0124229
0.010585
0.0136539
0.0102838
0.0204102
0.015982
0.010374
0.0191587
0.0170537
0.0147181
0.01558
0.0146484
0.0118807
0.00830397
0.00772462
0.0127712
0.00985724
0.00820147
0.0102306
0.00896017
0.00864865
0.00819626
0.00842295
0.00709037
0.00836894
0.00848277
0.00793343
0.0087563
0.0184597
0.015817
0.00771192
0.0198963
0.0168172
0.0145337
0.0149526
0.0142466
0.013599
0.0100253
0.0165456
0.0136192
0.0129423
0.0132177
0.0149036
0.0145908
0.0112703
0.0119142
0.00845827
0.00913164
0.0112535
0.0100309
0.00918352
0.00875014
0.0088654
0.0150735
0.0134213
0.00736143
0.0092819
0.014387
0.00896166
0.0131938
0.00862636
0.00716577
0.012588
0.00837629
0.00789524
0.00810011
0.00819536
0.008379
0.0184689
0.014509
0.0049026
0.014881
0.013411
0.010874
0.0104323
0.00907228
0.0139814
0.0123393
0.00477087
0.0101315
0.0117047
0.00905525
0.00826963
0.00703621
0.00383404
0.0038304
0.00376564
0.00376902
0.00379929
0.00380792
0.00377594
0.00378375
0.0115375
0.00892932
0.00391689
0.00782238
0.00871634
0.00666465
0.0062366
0.00529506
0.0130103
0.00455169
0.010941
0.00971053
0.0094196
0.0075574
0.0117338
0.00841904
0.0103561
0.00734375
0.00455221
0.00450482
0.00798572
0.00665154
0.0048747
0.00467813
0.00425443
0.00839772
0.00717147
0.00390731
0.00436099
0.00705554
0.00415654
0.00607761
0.00427183
0.00387454
0.00611395
0.00423104
0.00408962
0.0040512
0.00432809
0.00425826
0.00375839
0.00375796
0.00375708
0.00378918
0.00376595
0.00375772
0.00377193
0.00376626
0.00377813
0.00441328
0.00377006
0.00544716
0.0044497
0.0042495
0.00455181
0.00446463
0.00375726
0.00375706
0.00375752
0.00378385
0.00376587
0.00375726
0.00377127
0.00376574
0.00409463
0.00611863
0.00405767
0.00777415
0.00590518
0.00564415
0.0060294
0.00613844
0.00378629
0.00376487
0.00390424
0.00533756
0.00380727
0.00381136
0.00388411
0.00386306
0.00376861
0.00508524
0.00376388
0.00375659
0.00380487
0.00450774
0.00375574
0.003794
0.00376929
0.00394719
0.00538792
0.00393311
0.00377826
0.00392417
0.0039086
0.00516926
0.00376504
0.00389991
0.0054451
0.00378647
0.00380445
0.00384868
0.00380005
0.00386719
0.0238786
0.0179784
0.0221685
0.00456501
0.0107306
0.0224922
0.010299
0.0191304
0.0138386
0.00846158
0.0129349
0.00388559
0.00535419
0.0130863
0.00542952
0.0102309
0.0188386
0.0168155
0.019266
0.0047178
0.0115373
0.0206104
0.0119107
0.0167051
0.00380147
0.0037672
0.00382921
0.00376599
0.00378391
0.00378646
0.00380074
0.00379506
0.00762806
0.0117597
0.00397238
0.00385622
0.00779438
0.00820106
0.00422054
0.00460321
0.0173285
0.00417717
0.0171823
0.0197262
0.0131872
0.00533153
0.0158126
0.00687049
0.0129826
0.0040624
0.00386426
0.00434325
0.00476826
0.00448807
0.00424879
0.00389336
0.0153975
0.00458769
0.00416936
0.0138257
0.00704949
0.0045688
0.00698966
0.00439589
0.0092952
0.00875328
0.00768835
0.00845853
0.00920764
0.00901973
0.00829848
0.00844215
0.00909056
0.0230935
0.0234603
0.0177429
0.0130015
0.0135549
0.0197944
0.0241146
0.00820032
0.0236605
0.0205204
0.0179485
0.0128891
0.0142561
0.0173439
0.0209306
0.00824748
0.0131553
0.0139722
0.0103155
0.00919876
0.0107562
0.00989237
0.0125765
0.007924
0.00797184
0.00932494
0.0135747
0.0101761
0.00865187
0.0109306
0.0093903
0.00818217
0.0146085
0.0147502
0.00810848
0.0106957
0.0152038
0.00927382
0.0136323
0.00874268
0.00916599
0.0133067
0.0133648
0.0095184
0.00997571
0.0130839
0.011925
0.00946242
0.0165178
0.0165761
0.0232445
0.013805
0.0140987
0.0182629
0.0191307
0.0161896
0.0136886
0.00497753
0.0147278
0.0136406
0.0104889
0.0105961
0.00881359
0.0115562
0.00824072
0.00397316
0.0098113
0.00968027
0.00666398
0.00718714
0.00557174
0.00385417
0.00377306
0.00376755
0.00385417
0.00381958
0.00378509
0.00381773
0.00378678
0.0149735
0.0112531
0.00509363
0.0139482
0.0128941
0.00907633
0.00991645
0.00766267
0.0116061
0.00488536
0.0137425
0.0107438
0.00873646
0.00781742
0.0125234
0.0098777
0.0088448
0.00779416
0.00406269
0.00458936
0.00736663
0.00656284
0.00460084
0.00437285
0.00475235
0.0107602
0.00804998
0.00477854
0.00515704
0.00835361
0.00488022
0.00734465
0.0045402
0.00447837
0.006651
0.00396379
0.00425208
0.0045143
0.00421794
0.00439194
0.0129699
0.0113129
0.0135075
0.00436744
0.00712876
0.0132377
0.00661925
0.0107654
0.00978531
0.00762203
0.0109856
0.00389341
0.00544186
0.0100467
0.00532282
0.00835983
0.0147491
0.0141065
0.0183849
0.00478376
0.00859659
0.0168272
0.00802715
0.0139164
0.00379145
0.00376281
0.00382914
0.00376449
0.00376994
0.00378128
0.00378141
0.00379139
0.00596384
0.00775658
0.00396607
0.00379105
0.00550779
0.00636424
0.00404388
0.00428402
0.0114947
0.00411954
0.0132361
0.013821
0.00931841
0.00580666
0.0122666
0.00714252
0.00726578
0.00406604
0.00381506
0.00448006
0.00463142
0.00435599
0.00428256
0.00395067
0.0114083
0.0045728
0.0041123
0.0109609
0.007428
0.0045051
0.00679204
0.00427304
0.00656831
0.00800569
0.0114088
0.00738839
0.00650958
0.00739734
0.00800324
0.00878851
0.00999759
0.0119843
0.0113403
0.0105283
0.0110092
0.0116783
0.0109496
0.0119839
0.0182958
0.0151095
0.0298594
0.0230331
0.0187184
0.0203933
0.0217272
0.0234394
0.00834637
0.00766072
0.0143199
0.00781046
0.00719172
0.00804629
0.00903731
0.00966856
0.00892956
0.0111999
0.00745148
0.00904882
0.00920614
0.00909716
0.00808414
0.00805598
0.00953619
0.00967556
0.0124019
0.0125394
0.010231
0.0109539
0.0106579
0.0117099
0.0130132
0.00986208
0.009375
0.0158881
0.0127008
0.0100384
0.013108
0.0106341
0.014914
0.0163698
0.0102072
0.0132621
0.0155649
0.0140456
0.0123674
0.0112522
0.00554403
0.00376615
0.00573652
0.0117202
0.0049938
0.00389638
0.00767803
0.00443729
0.00375815
0.00375746
0.00375799
0.00378916
0.00376595
0.00375751
0.00377287
0.00376559
0.00564504
0.00377112
0.00515084
0.0119802
0.00489642
0.0039319
0.00776994
0.00450602
0.0159814
0.00442053
0.0157821
0.0205354
0.0123912
0.00601151
0.0156883
0.00755175
0.00377671
0.00496619
0.00896994
0.00399331
0.0038362
0.0045091
0.00395844
0.00452725
0.00375848
0.00380195
0.00375844
0.00391994
0.00377155
0.00378446
0.00376692
0.00377639
0.00795815
0.0116803
0.00412008
0.0113975
0.0119529
0.00602812
0.008903
0.00633246
0.00451921
0.00598137
0.00385775
0.00377251
0.004518
0.00453027
0.00384168
0.0039675
0.0682893
0.0331211
0.013878
0.0373234
0.0419591
0.0334465
0.0323352
0.0268675
0.010355
0.0062787
0.00754049
0.00854268
0.00744775
0.00693045
0.00809292
0.00725097
0.00978054
0.0122089
0.0106353
0.00839697
0.00978883
0.0105123
0.0084223
0.0102562
0.0204539
0.0107726
0.00857998
0.0135529
0.0128834
0.0113899
0.0118768
0.0114201
0.0136143
0.00948877
0.0184502
0.010115
0.0132927
0.0144732
0.0136159
0.0154766
0.0114966
0.00938354
0.00795751
0.00908757
0.0110487
0.00862391
0.0083517
0.0079554
0.00885346
0.0167157
0.0103463
0.00795845
0.00898775
0.0148965
0.00856519
0.0107742
0.00902677
0.00840478
0.00951374
0.00856806
0.00844574
0.00840735
0.00837669
0.00887895
0.00577165
0.00946952
0.00951984
0.00902959
0.00704053
0.00775052
0.00643864
0.00768098
0.0183424
0.0256154
0.0293833
0.0138962
0.0208069
0.0256311
0.0160164
0.0179647
0.0241592
0.0294672
0.0289276
0.0112734
0.0246494
0.0299838
0.0150463
0.0159098
0.012769
0.0133294
0.0144884
0.0154521
0.0141032
0.0141953
0.0159087
0.0159441
0.0103811
0.0119748
0.0105038
0.0122231
0.0111741
0.00967422
0.0110238
0.0105856
0.0139694
0.0129344
0.0293922
0.0173981
0.0124211
0.0144015
0.0210843
0.0238401
0.012238
0.0114723
0.0142424
0.0127156
0.0113855
0.0121134
0.012323
0.0134615
0.0136028
0.0130426
0.0144712
0.0173977
0.0152023
0.0133334
0.0164709
0.0138826
0.00375768
0.0037575
0.00378158
0.0037575
0.00375736
0.00376487
0.00376477
0.00377087
0.00375883
0.00523583
0.00998102
0.00535722
0.00385867
0.00500762
0.0043892
0.00699218
0.00417288
0.0129145
0.016792
0.0127161
0.00548696
0.0105355
0.00692579
0.0131812
0.00376461
0.00525535
0.0097733
0.00527672
0.003859
0.00469307
0.00442741
0.00679784
0.00375749
0.00378833
0.00375756
0.00386593
0.00376636
0.0037768
0.00375951
0.00376588
0.00376532
0.00476785
0.00783788
0.00389929
0.00380876
0.00436275
0.0038854
0.00437623
0.0038214
0.00376806
0.00442729
0.00548888
0.00390219
0.00381384
0.00438136
0.00439659
0.00398359
0.00943864
0.00683777
0.00968559
0.00577008
0.00755842
0.00547917
0.00977343
0.0244447
0.00466038
0.0181115
0.0215307
0.00909747
0.00806254
0.0188661
0.014584
0.00383574
0.00376369
0.00376683
0.00381068
0.00380976
0.00377565
0.00379464
0.00377652
0.0142693
0.00386051
0.00873611
0.0137028
0.00512371
0.00451276
0.0102296
0.00704026
0.0207483
0.00501793
0.0178565
0.0213875
0.00953962
0.0081836
0.0180752
0.014501
0.00415961
0.0073211
0.0101063
0.00407553
0.00471468
0.00717505
0.00489586
0.00849478
0.0039084
0.00390875
0.00378651
0.00629062
0.00433381
0.00385945
0.00418139
0.00382523
0.0156647
0.0190155
0.00463707
0.015432
0.0183071
0.0144811
0.0069068
0.00679242
0.011343
0.0111834
0.00433374
0.00387775
0.00508721
0.00552511
0.00403129
0.00424324
0.0123062
0.00956808
0.0112068
0.01141
0.0143644
0.0121238
0.0129209
0.0119436
0.00914755
0.0211226
0.0245429
0.016977
0.0152523
0.0168237
0.0163357
0.0197526
0.0140863
0.0274725
0.0295004
0.0222943
0.02052
0.0218462
0.021019
0.0247497
0.00854709
0.0119725
0.0144559
0.00777991
0.00797782
0.00989749
0.00779958
0.0101277
0.00952331
0.0110013
0.0101619
0.0127963
0.0106039
0.0101792
0.0102748
0.0101471
0.0094964
0.0146061
0.0198068
0.0115046
0.0114478
0.0150606
0.0120467
0.0186161
0.0120166
0.00988606
0.0123892
0.0137478
0.0114987
0.0101829
0.0133989
0.0103461
0.0133687
0.0174459
0.015127
0.0222019
0.0173892
0.0162877
0.0191202
0.0185435
0.00525549
0.0101594
0.00544862
0.00375944
0.00498987
0.00705823
0.00386035
0.00439409
0.0131293
0.0170435
0.0129656
0.00419538
0.0106629
0.0134731
0.00549542
0.00679008
0.00534927
0.010041
0.00484413
0.00376492
0.00475869
0.0069072
0.00386024
0.00443446
0.00375765
0.00378152
0.00375759
0.00375693
0.00376521
0.00377143
0.00375706
0.00376461
0.00793221
0.00479744
0.00376651
0.00391069
0.00437401
0.00437209
0.00388987
0.00381121
0.00987765
0.0040056
0.00971996
0.00697457
0.00554156
0.00574074
0.0100311
0.00775638
0.00387229
0.00375766
0.00378941
0.00375772
0.00376042
0.00376717
0.00376767
0.00377765
0.00444886
0.00376813
0.00382565
0.0055622
0.00440135
0.00381721
0.00441533
0.00391175
0.00376837
0.00379424
0.00376873
0.0038092
0.0037886
0.00378208
0.0037964
0.00378917
0.00399428
0.00764982
0.00584634
0.00673901
0.00494719
0.00527216
0.0062338
0.00611358
0.00383255
0.00694321
0.0040879
0.00933789
0.0054933
0.00527793
0.00677248
0.00586329
0.00411211
0.0100842
0.0110328
0.00671235
0.00572806
0.00680355
0.00762936
0.0116307
0.00389367
0.00380432
0.00389637
0.00615806
0.00404903
0.003824
0.00412945
0.00389156
0.00384636
0.00676047
0.00654716
0.00378635
0.00411493
0.00601336
0.00390455
0.00636063
0.00393565
0.00408311
0.0101982
0.012108
0.00402699
0.00423227
0.0066625
0.0062149
0.00400397
0.0140479
0.0124833
0.0113769
0.00551671
0.00809375
0.0109876
0.0116267
0.00376036
0.00379488
0.00375692
0.00375789
0.00376691
0.00377403
0.00375781
0.0037664
0.00403672
0.00658304
0.00395036
0.00566687
0.00553606
0.00555797
0.00530126
0.00547978
0.00375698
0.00378104
0.0037569
0.00375694
0.00376471
0.00376961
0.00375694
0.00376455
0.00376759
0.00520541
0.0037645
0.00416105
0.00428017
0.00438742
0.00408287
0.00435298
0.00388424
0.00376453
0.00377704
0.00506784
0.00384209
0.00380174
0.00385641
0.00379538
0.0039206
0.00503657
0.00387404
0.00376875
0.00389742
0.00488293
0.00377691
0.00386656
0.00375649
0.00376336
0.00484622
0.00376013
0.00375562
0.00379371
0.00378649
0.00437621
0.00376455
0.00377599
0.00503853
0.00384826
0.00379357
0.00378862
0.00382162
0.00383412
0.0182439
0.00443249
0.016217
0.0139799
0.0152918
0.00990985
0.0176498
0.00980649
0.00381497
0.00376663
0.00379533
0.00376607
0.00379836
0.00379635
0.00378353
0.00377997
0.0191477
0.00440707
0.0198497
0.0148226
0.0165248
0.00813568
0.0185643
0.0085671
0.0109554
0.00385739
0.0115862
0.0076981
0.00875225
0.00526798
0.0108991
0.00511993
0.00437362
0.0136478
0.0114473
0.00412332
0.00446879
0.00689826
0.00426812
0.00689549
0.0040331
0.00382232
0.00394419
0.0106048
0.00398427
0.00384488
0.00466817
0.00437435
0.016745
0.0142833
0.00410847
0.0143738
0.013344
0.00691985
0.0112809
0.00519363
0.0100537
0.00698516
0.0038088
0.00389415
0.0073009
0.00697037
0.0044767
0.00409929
0.00617395
0.0120797
0.00806566
0.0096305
0.00715544
0.00782
0.00838952
0.00824502
0.018163
0.0165799
0.0131085
0.0172349
0.0190829
0.0229373
0.0187062
0.0221183
0.0103325
0.00843757
0.0178279
0.0110132
0.0108542
0.00926136
0.0119504
0.00901653
0.0125803
0.0107708
0.0116801
0.015193
0.0132296
0.0115995
0.0140344
0.0119715
0.0134704
0.00884226
0.0105651
0.0145745
0.0147982
0.00926676
0.0157928
0.0100012
0.0139215
0.0180386
0.0108771
0.00901056
0.0152463
0.0174691
0.0140676
0.0136961
0.00958359
0.0112799
0.013899
0.0115251
0.0100387
0.0101602
0.0106845
0.0108143
0.00928659
0.0103123
0.0150511
0.00878552
0.00970799
0.0100024
0.0101193
0.00979689
0.0197676
0.0179419
0.0149009
0.00442197
0.00884398
0.0155891
0.00745176
0.0122206
0.0179229
0.0194015
0.0156309
0.0047363
0.00755468
0.0163303
0.00698487
0.0134649
0.0118578
0.0117434
0.00764884
0.0038346
0.00500341
0.00895872
0.00446646
0.00647743
0.00379392
0.00379954
0.00376575
0.00376413
0.00378432
0.00378652
0.00377225
0.00377459
0.00782995
0.00657478
0.003954
0.00402486
0.00706465
0.00620695
0.00442089
0.00437775
0.015305
0.00462464
0.0133543
0.013036
0.0122608
0.00619596
0.0149308
0.00643197
0.00575561
0.00385246
0.00384751
0.00377797
0.0040633
0.0041355
0.00380301
0.00382146
0.00977473
0.0038601
0.00434818
0.0100073
0.00498884
0.00397281
0.00536015
0.00422175
0.00811323
0.00854632
0.00727013
0.00896356
0.00831795
0.0085513
0.00844482
0.00881252
0.00839193
0.00702983
0.0075577
0.0116486
0.00789281
0.00707482
0.00949633
0.00829016
0.00691004
0.00884836
0.00995588
0.0148106
0.0092414
0.00860009
0.0107387
0.0103252
0.0121147
0.0180243
0.0218638
0.0251676
0.0185339
0.0182641
0.0200815
0.0210978
0.00946671
0.0086051
0.0101322
0.0128877
0.00981038
0.00988299
0.0103278
0.0103579
0.008996
0.0120492
0.0080953
0.00836511
0.00919107
0.00992376
0.00786118
0.00891724
0.00900336
0.0104989
0.0153961
0.0166666
0.0105073
0.0111102
0.0144255
0.0157499
0.00878137
0.016516
0.0142426
0.00982524
0.011527
0.0136722
0.0108776
0.0132873
0.00386969
0.003774
0.00461719
0.00768196
0.00399932
0.00385913
0.00495243
0.00423467
0.00376794
0.00376785
0.00381635
0.00381078
0.00378294
0.00377868
0.00379583
0.00379567
0.00523433
0.00451318
0.00799137
0.00568688
0.00565199
0.00617307
0.00585483
0.00612162
0.0104642
0.00403097
0.00582545
0.00757526
0.00832413
0.00500459
0.00808179
0.00521392
0.00379126
0.00474379
0.00759408
0.00391619
0.003829
0.00427507
0.00390016
0.0051722
0.00377854
0.00383007
0.00397477
0.00459333
0.00379284
0.00381113
0.00384579
0.00388349
0.00526362
0.0100318
0.00398096
0.00558712
0.00564229
0.00552088
0.00546715
0.00512946
0.00480955
0.00478092
0.00387381
0.00409791
0.00466191
0.00466759
0.00398689
0.00408097
0.00940574
0.00707472
0.0140279
0.0116123
0.00896814
0.00873289
0.0111493
0.0100754
0.00685252
0.00797869
0.00871704
0.0066949
0.0066261
0.00765526
0.00685694
0.0078926
0.0220767
0.0108936
0.0241959
0.0226225
0.0204722
0.0155665
0.0240599
0.0164793
0.0163302
0.00698494
0.0190283
0.0187933
0.0164311
0.0104753
0.0194555
0.0115846
0.00759944
0.0139479
0.0116264
0.00717747
0.00820122
0.0105483
0.00780212
0.010858
0.00777834
0.00671209
0.00847648
0.0137017
0.00802279
0.00717889
0.0102063
0.00917535
0.017137
0.014665
0.00774729
0.0201384
0.017944
0.0118792
0.0169145
0.011213
0.0150245
0.0146306
0.00693849
0.00874345
0.0144696
0.0132862
0.0098027
0.00877869
0.0177567
0.0111077
0.0102723
0.0170453
0.0165847
0.0137512
0.0175537
0.0111174
0.00966313
0.014101
0.00891551
0.00768761
0.00962951
0.0113101
0.00834573
0.00941263
0.0106135
0.00860417
0.00959571
0.00878733
0.0113479
0.010729
0.0112185
0.0111431
0.0177285
0.00966963
0.00822223
0.0120197
0.0165969
0.0103278
0.0121934
0.0088925
0.0102413
0.00988455
0.0168501
0.00893789
0.00986791
0.00979487
0.00922162
0.00988894
0.00953913
0.0072624
0.00869735
0.00835377
0.00803886
0.0079139
0.00792304
0.00826699
0.0106204
0.0166321
0.00937016
0.00952793
0.0107602
0.0104227
0.0109029
0.00992428
0.00923267
0.00885085
0.00715266
0.00875729
0.00909604
0.0096575
0.00802419
0.00767175
0.00376877
0.00376848
0.00379724
0.00381475
0.0037821
0.00377505
0.00379601
0.00378906
0.0037758
0.00399339
0.00482528
0.00514781
0.00393409
0.00400291
0.00461227
0.00526007
0.00405475
0.00510707
0.00876662
0.00569769
0.00493857
0.00509658
0.00533734
0.00559509
0.00394678
0.00504905
0.00587528
0.00515086
0.00461169
0.00514687
0.00516448
0.00558531
0.00378411
0.00383987
0.00384609
0.0045071
0.00380589
0.00381588
0.0038494
0.00385158
0.00377978
0.00492457
0.00471293
0.00384424
0.00382519
0.00452023
0.00384406
0.00467776
0.00391293
0.00389764
0.00488145
0.00554607
0.00402511
0.00391799
0.00531132
0.00487136
0.00393036
0.00570083
0.00553754
0.00538917
0.00506042
0.0055077
0.00515119
0.00585714
0.00875735
0.0103464
0.00984421
0.00807572
0.0084858
0.00985389
0.00829625
0.00983053
0.0105512
0.0132853
0.0112773
0.0112262
0.0112169
0.0119119
0.0110328
0.0121531
0.00856363
0.0105887
0.0151463
0.00837458
0.00838166
0.00948259
0.008561
0.0102539
0.00784352
0.0114478
0.0114377
0.00847201
0.00875052
0.0106599
0.00836061
0.0111783
0.0105782
0.00995333
0.00828923
0.011348
0.0105895
0.00994572
0.0107117
0.00989681
0.0104815
0.0113402
0.0107014
0.00982528
0.0105332
0.0109006
0.0100508
0.0102099
0.00985718
0.00812407
0.0113265
0.0108933
0.0100406
0.00997752
0.0108294
0.0107651
0.00963944
0.00997984
0.0114332
0.0111066
0.00964787
0.0100569
0.0100927
0.0102837
0.0073408
0.00468111
0.00537355
0.00656139
0.00691648
0.00599429
0.00619937
0.00568542
0.00382397
0.00376838
0.00376904
0.00382017
0.00380396
0.00377932
0.00379886
0.00378314
0.00526861
0.003775
0.00392476
0.00804023
0.00467454
0.00386914
0.00622253
0.00424855
0.00808298
0.00408745
0.00908006
0.00683987
0.00562718
0.0051826
0.00740493
0.00740635
0.00422918
0.00503857
0.00540127
0.00391744
0.00409581
0.00504385
0.00424403
0.00509996
0.00402306
0.0038457
0.00378416
0.00463823
0.00393153
0.00382405
0.00388223
0.00380493
0.00701277
0.00733713
0.00402601
0.0092856
0.00827451
0.00754834
0.00542835
0.00512224
0.00561829
0.00805669
0.00394016
0.00379235
0.00469098
0.00509973
0.00385191
0.00393179
0.0204199
0.0115043
0.0145439
0.016628
0.0167133
0.0127248
0.0171335
0.012318
0.00739755
0.00778504
0.0073136
0.00690919
0.00723511
0.00774235
0.00707884
0.00742685
0.0124279
0.0088939
0.0170722
0.00877779
0.011073
0.0107715
0.0113853
0.010866
0.0141913
0.00725427
0.00848099
0.0101243
0.0103873
0.00807046
0.0105854
0.00801569
0.00908735
0.0121395
0.0143558
0.00738562
0.0091292
0.0105228
0.00845173
0.0101463
0.00785288
0.00718165
0.00731969
0.0102736
0.00768764
0.00704594
0.00857438
0.00744139
0.0125404
0.0149212
0.00750266
0.00909434
0.0109361
0.00978313
0.0089197
0.00822523
0.010295
0.00788756
0.00730428
0.00729628
0.00847043
0.00785283
0.00754254
0.00719526
0.0112883
0.011083
0.0097809
0.0119219
0.0112999
0.0113702
0.0100729
0.00985526
0.00852986
0.00733339
0.00978001
0.00995534
0.00763559
0.00782208
0.00842439
0.00858514
0.00811283
0.0118613
0.0126208
0.0183863
0.00976855
0.012284
0.00956805
0.0127279
0.0205715
0.0348094
0.0378566
0.0990182
0.0365389
0.0355327
0.0406646
0.0455292
0.00854275
0.00869126
0.0115254
0.0123565
0.00878475
0.00863131
0.0094391
0.00979536
0.00905842
0.0112062
0.0102419
0.00879778
0.00934434
0.0091061
0.00975413
0.00939944
0.00786979
0.0128402
0.0143123
0.0157227
0.0100387
0.0104128
0.0145008
0.0148153
0.00859974
0.0186663
0.0133046
0.0109379
0.00932082
0.0151934
0.0093325
0.0139952
0.0082062
0.0109527
0.0093904
0.00867717
0.00859758
0.00929011
0.00868041
0.0095191
0.0151152
0.0226096
0.0147196
0.020472
0.0179665
0.0202356
0.0182639
0.0211672
0.0102455
0.0112495
0.0164519
0.00910295
0.00932098
0.0108615
0.00960643
0.0121037
0.00895944
0.0195098
0.0147042
0.0118355
0.0107421
0.0156576
0.0105931
0.0167965
0.0120872
0.00936015
0.00880511
0.0165659
0.0120857
0.0102824
0.013405
0.0109283
0.0127642
0.0183527
0.0121393
0.00945159
0.0130295
0.0159572
0.0101454
0.0116499
0.00954658
0.0087381
0.0167498
0.0124053
0.0101472
0.0113445
0.0120784
0.0140447
0.00981727
0.0116179
0.0191272
0.0127246
0.0103838
0.0113698
0.0120114
0.0137727
0.0176281
0.00918259
0.0143463
0.010648
0.0129839
0.010733
0.0134474
0.00994466
0.00685388
0.00705397
0.00806547
0.00684428
0.00673615
0.00748044
0.00681141
0.00741968
0.0125929
0.00960761
0.0162433
0.00730476
0.0113635
0.0124176
0.0120975
0.012545
0.00920651
0.00736355
0.00741785
0.00694143
0.00769062
0.00754401
0.0076808
0.00751214
0.00760183
0.00990115
0.00977092
0.00728175
0.00763868
0.00839913
0.00747536
0.00760521
0.00669099
0.00701317
0.00750284
0.00883775
0.00691465
0.00685765
0.00743896
0.00697525
0.0102401
0.00989856
0.00734468
0.00727152
0.00819466
0.00756849
0.00707012
0.00726347
0.00915185
0.00686574
0.00712788
0.00777748
0.00817762
0.00669584
0.00722225
0.00683053
0.0038898
0.00504636
0.00380499
0.00670671
0.00481141
0.00471261
0.00557668
0.00474603
0.00524738
0.00758485
0.00444281
0.00561038
0.00547253
0.00531351
0.00540008
0.00516013
0.00376881
0.00382318
0.00376989
0.00383048
0.00379691
0.00379272
0.00381206
0.00380108
0.00677292
0.007651
0.00412163
0.00549728
0.00709265
0.00562011
0.00577926
0.00512227
0.00803782
0.00394532
0.00769478
0.00814695
0.00792933
0.00492051
0.0088019
0.00554339
0.00528724
0.00544775
0.00411001
0.0038006
0.00527501
0.00517819
0.00390194
0.00415535
0.00391562
0.00670722
0.00745615
0.00409284
0.00396581
0.004981
0.00412319
0.0050472
0.0038111
0.00397645
0.00550842
0.00413025
0.00384188
0.00394748
0.00418723
0.00433932
0.0116832
0.00485348
0.00781666
0.00485572
0.00585077
0.00559597
0.00538791
0.00518049
0.00494446
0.00784959
0.00627008
0.0044412
0.00547959
0.00671943
0.00544685
0.0061867
0.00712142
0.00691937
0.00885943
0.00789883
0.00679635
0.00695272
0.00775993
0.00841367
0.00234418
0.00275424
0.00453702
0.00174116
0.00215829
0.00266533
0.00208391
0.00238152
0.00412666
0.00610417
0.00287007
0.00358079
0.00400691
0.00390105
0.00333198
0.0033531
0.00472309
0.00435166
0.0059714
0.00638876
0.00441807
0.00496584
0.00577682
0.00556553
0.00604526
0.00282336
0.003473
0.00502334
0.00550959
0.00310756
0.00500436
0.00309472
0.00616618
0.00539137
0.00397898
0.00612866
0.00568348
0.00543713
0.00572505
0.0053655
0.0037572
0.00375826
0.00375709
0.00378455
0.00376586
0.00375789
0.00377106
0.00376657
0.00378002
0.00430352
0.00377023
0.00531602
0.00443097
0.00418538
0.00450997
0.00443401
0.00375714
0.00375734
0.00375756
0.00378147
0.00376563
0.00375731
0.00377054
0.00376544
0.00408527
0.00570372
0.00398764
0.00646114
0.00561663
0.0053283
0.00552093
0.00543973
0.00379084
0.00376527
0.00391746
0.00521339
0.00381251
0.00381762
0.00389196
0.00387192
0.00376947
0.0049453
0.00376331
0.00375675
0.00380651
0.00447994
0.00375608
0.00379454
0.00376955
0.00395767
0.00516573
0.00390322
0.00377943
0.00393706
0.00389629
0.00499199
0.00376508
0.00386418
0.00519598
0.00378076
0.00380169
0.00383873
0.00379713
0.00385453
0.00444712
0.00547674
0.00377415
0.00376857
0.00457622
0.00474021
0.00380596
0.00389618
0.00675156
0.00790568
0.00402251
0.0040381
0.00719491
0.00713116
0.00455768
0.00491572
0.00375776
0.00378774
0.00375863
0.00375743
0.00376598
0.00377342
0.00375748
0.00376605
0.00375756
0.00378285
0.00375711
0.00375724
0.00376582
0.00377203
0.00375702
0.0037642
0.00583333
0.00378733
0.00379677
0.00390979
0.00407431
0.0039362
0.00386289
0.00380732
0.00583599
0.00393108
0.00391618
0.00380292
0.00430869
0.00428704
0.00385885
0.00388986
0.00375836
0.0037588
0.00379058
0.00375726
0.00375766
0.00376869
0.00376595
0.00377754
0.00376785
0.00376503
0.00380657
0.00380777
0.00377785
0.00377269
0.00379093
0.00378316
0.0217555
0.0168511
0.0153885
0.0170936
0.0181208
0.0165926
0.0171689
0.0125461
0.00833837
0.011533
0.00985758
0.00864685
0.00861678
0.0113921
0.00840176
0.0110821
0.0141581
0.013705
0.0200299
0.00881437
0.0135871
0.0174508
0.0135247
0.0194472
0.0150107
0.00779311
0.00801313
0.00925918
0.0114572
0.00770627
0.0119096
0.00777708
0.0094594
0.0126373
0.0153266
0.00751278
0.0087459
0.0102679
0.00796651
0.00881729
0.00830926
0.00739359
0.0093109
0.0112843
0.00839059
0.00789774
0.00941891
0.00869805
0.0128114
0.0156916
0.00768261
0.00899498
0.00984845
0.00889369
0.00857985
0.00800115
0.0117674
0.00785377
0.0074992
0.00992074
0.0105826
0.00755178
0.00891676
0.00728431
0.00376813
0.00376876
0.00383879
0.00386008
0.00378617
0.00377925
0.00381272
0.00379753
0.00378445
0.00405904
0.00844322
0.00526481
0.00404773
0.00418631
0.00456626
0.00547913
0.00463799
0.00562053
0.00869802
0.00600991
0.00597851
0.0059489
0.00614548
0.00669414
0.0041071
0.00543126
0.00672302
0.00526624
0.0047241
0.00519166
0.00504468
0.00551628
0.00378985
0.00395046
0.00389944
0.00456331
0.00381463
0.00383144
0.00386218
0.00387509
0.00379117
0.00502681
0.00730304
0.00401133
0.00384877
0.00445853
0.00392376
0.00545724
0.00418062
0.00399016
0.00508186
0.00649755
0.00449078
0.00397246
0.00594886
0.00485482
0.00425008
0.00690855
0.00566405
0.00836476
0.00618363
0.00676042
0.00679071
0.00719781
0.0132692
0.00882458
0.0123522
0.00900239
0.010023
0.00967334
0.0103628
0.0100188
0.00689381
0.00674256
0.00703799
0.00637526
0.00672082
0.00653815
0.00685052
0.00651304
0.0129366
0.0111995
0.0191735
0.00880168
0.0126421
0.0139891
0.0126588
0.0142944
0.00812247
0.00770689
0.00761674
0.00861983
0.00812786
0.00764776
0.00824703
0.00769806
0.00764542
0.0104999
0.00842361
0.00713522
0.00786902
0.00891519
0.00719226
0.00763364
0.00752129
0.0065198
0.00844903
0.0103687
0.00789848
0.00733969
0.00921595
0.0087381
0.0109405
0.00819725
0.00735431
0.00764265
0.00808305
0.00758271
0.00735388
0.00729032
0.0109292
0.00788158
0.00668422
0.00818981
0.0099248
0.00769002
0.00878995
0.00714543
0.191288
0.0747235
0.121031
0.194698
0.164209
0.10381
0.183216
0.106996
0.0171913
0.00919407
0.0111212
0.00964067
0.00849303
0.007916
0.0108194
0.0108679
0.0799219
0.022185
0.0551291
0.082992
0.063016
0.033069
0.0882703
0.0465961
0.184804
0.0492644
0.105795
0.130146
0.127314
0.0688788
0.155451
0.0810578
0.0487943
0.0890805
0.151884
0.0366614
0.0578768
0.0848008
0.0658097
0.0921773
0.0250216
0.0127377
0.0114641
0.0585556
0.0274445
0.0155855
0.0332187
0.0198861
0.112125
0.169276
0.0452253
0.108644
0.124602
0.10081
0.0776195
0.0625175
0.0671157
0.0630984
0.0141179
0.0166114
0.0511151
0.0445115
0.030106
0.0202315
0.106705
0.163971
0.122636
0.0223171
0.101775
0.164146
0.0572676
0.118081
0.0982754
0.00783156
0.0117918
0.00824162
0.0168658
0.00899414
0.0156071
0.00970384
0.111731
0.0186251
0.0231685
0.00897873
0.0171393
0.020195
0.0146241
0.0191064
0.00957246
0.00817314
0.00760593
0.00832907
0.00756423
0.00762538
0.00762603
0.00779305
0.0871693
0.0757933
0.0140876
0.00807406
0.0724855
0.0710174
0.0185043
0.0173256
0.114562
0.00855813
0.0139274
0.131721
0.104312
0.0196111
0.123296
0.0184186
0.048701
0.0132962
0.00818412
0.00792723
0.0155236
0.012953
0.00808196
0.0081736
0.0856824
0.00880808
0.00878605
0.0146283
0.0175065
0.00857542
0.0155383
0.00905097
0.00376867
0.00379442
0.00377023
0.0038135
0.00379478
0.00378162
0.00380001
0.00379448
0.00408042
0.0086489
0.00584597
0.00736241
0.00526114
0.00542314
0.0065305
0.00628145
0.00385253
0.00585167
0.0040819
0.00903438
0.00571312
0.0053561
0.00704964
0.00585558
0.00409319
0.0105451
0.00789087
0.00482995
0.00526626
0.00709104
0.0048805
0.0086408
0.0039213
0.0038252
0.00395048
0.00661814
0.00409122
0.0038428
0.00420734
0.00393647
0.00385188
0.00765567
0.00662967
0.00381174
0.00416355
0.00602716
0.00393238
0.00625908
0.00400564
0.00413754
0.0115686
0.00914676
0.00411369
0.0043363
0.0065604
0.00615148
0.00411221
0.011213
0.0145389
0.00953972
0.00571725
0.00870548
0.0104922
0.0137709
0.00390267
0.00377402
0.00473041
0.00614423
0.00405323
0.00386045
0.00489162
0.00413758
0.00376895
0.00376887
0.00382925
0.00381358
0.00378139
0.00377902
0.00379484
0.00379653
0.00553058
0.0047356
0.00917245
0.00695128
0.00604273
0.00719787
0.0065881
0.00741842
0.00620731
0.00399153
0.00646142
0.00512868
0.00536451
0.00454689
0.00548877
0.0047258
0.00379045
0.00507098
0.00578149
0.00388795
0.00382661
0.00423228
0.00387941
0.00447726
0.00378456
0.00383872
0.00401066
0.00461865
0.00380507
0.00382125
0.00388774
0.00393407
0.00664527
0.00647343
0.00394061
0.00685492
0.00756932
0.00493239
0.00659317
0.00459281
0.00518089
0.00537526
0.0038955
0.00418301
0.00502283
0.00507703
0.00406664
0.00419688
0.0171249
0.0115567
0.0117641
0.00838706
0.0137959
0.0138955
0.0119062
0.0116543
0.0112098
0.0100047
0.00790682
0.008007
0.0110063
0.0104861
0.00813052
0.00824676
0.0102406
0.00879352
0.0150282
0.0111631
0.00928679
0.00958681
0.0120755
0.0116935
0.00814908
0.00775504
0.0101077
0.00689876
0.00821255
0.00814786
0.00773557
0.00780492
0.0102685
0.00937147
0.00786386
0.00812479
0.00850087
0.00887402
0.00778113
0.00747119
0.00985961
0.00799446
0.00797187
0.00886157
0.00862469
0.00813999
0.00843383
0.00813658
0.0088042
0.00790297
0.00768948
0.0103577
0.00831926
0.00767013
0.00834877
0.00776013
0.00853418
0.0101923
0.00775787
0.00820262
0.00826171
0.00847779
0.00816577
0.00802451
0.0227198
0.0236266
0.0213172
0.00944755
0.0201916
0.0232829
0.0162577
0.0172787
0.0233496
0.0200382
0.0204735
0.00942382
0.020638
0.0222212
0.0174671
0.0173886
0.0213751
0.0213662
0.0196705
0.0114906
0.0190348
0.0222668
0.014787
0.0158807
0.0118368
0.0106081
0.00969661
0.00806494
0.0119368
0.010941
0.0110513
0.0104133
0.0209453
0.019045
0.00951615
0.00951732
0.0173702
0.0167684
0.0099414
0.00984992
0.0239028
0.00984023
0.0224381
0.0220002
0.0185942
0.0175313
0.0224692
0.019972
0.0159636
0.00900031
0.00803046
0.0107631
0.0119123
0.00908172
0.0121556
0.00875932
0.0169177
0.0109568
0.00788466
0.0169485
0.0158245
0.0128702
0.0156394
0.0130178
0.0231712
0.01758
0.0215894
0.00894023
0.0181142
0.0199779
0.0179481
0.0186739
0.0175757
0.0192017
0.0206017
0.00919212
0.0153965
0.0187099
0.0148603
0.0169413
0.0198217
0.0234785
0.0222245
0.00955183
0.0184054
0.0213533
0.0176063
0.0196559
0.0075452
0.00802739
0.00730553
0.00662124
0.00762648
0.00755579
0.00753179
0.00731185
0.014301
0.0158026
0.00812296
0.00865896
0.0142584
0.0144986
0.00842358
0.00877741
0.0166856
0.00903672
0.0213154
0.0179621
0.0162644
0.0162678
0.0188446
0.0183822
0.0157414
0.00798925
0.00888032
0.0085956
0.00912805
0.00849275
0.00894723
0.00848894
0.017135
0.00870389
0.00943888
0.0196198
0.0163681
0.00957866
0.0176275
0.0102809
0.0148065
0.0173206
0.0154568
0.00849356
0.01172
0.0144798
0.0106696
0.0125573
0.0190513
0.0207552
0.0203143
0.00797922
0.01465
0.0177978
0.0124267
0.0156921
0.0181263
0.0190013
0.0176946
0.00837609
0.014777
0.0182384
0.0142218
0.0170745
0.0075689
0.00788336
0.00671837
0.0075643
0.00757137
0.0075798
0.00721045
0.00717759
0.0131473
0.012788
0.00829056
0.00763205
0.0109466
0.0117136
0.00817448
0.0082536
0.0162775
0.00801102
0.0179641
0.0171207
0.01417
0.0133709
0.0195157
0.0153051
0.0126208
0.00830534
0.00768565
0.0076288
0.00845923
0.00837712
0.00773629
0.00790657
0.0163726
0.00862994
0.00845697
0.016118
0.014593
0.009365
0.0136631
0.00921732
0.0119684
0.0139664
0.0141852
0.00697053
0.00892979
0.015015
0.00835804
0.0123803
0.0168049
0.0182769
0.0200906
0.00877742
0.0113024
0.019566
0.012043
0.0177068
0.0179638
0.0215921
0.023149
0.00900172
0.016808
0.0234738
0.0164528
0.0200719
0.00649064
0.00788533
0.00788013
0.00741294
0.00743202
0.00789572
0.00759205
0.00788193
0.0102596
0.0107852
0.00684436
0.00710136
0.0105183
0.00959451
0.00752014
0.00729697
0.0177918
0.00885691
0.0210767
0.0172541
0.014975
0.0114789
0.0163666
0.0136965
0.0110123
0.00654965
0.00720544
0.00752906
0.00688683
0.00687286
0.00736006
0.0070026
0.0149367
0.00841716
0.00837227
0.0179651
0.0143339
0.00865679
0.0149221
0.00875923
0.00375818
0.00375719
0.00378563
0.00375781
0.00375761
0.00376516
0.00376593
0.00377214
0.00375705
0.0037577
0.00378312
0.00375724
0.0037571
0.00376488
0.00376479
0.00377145
0.00422941
0.00402653
0.0087296
0.00806638
0.00459783
0.00498773
0.00835015
0.00788838
0.00377341
0.00376728
0.0062946
0.00492007
0.00383404
0.00399477
0.00508478
0.00490562
0.0037572
0.00379136
0.00375832
0.0037578
0.00376525
0.00377777
0.00375762
0.00376814
0.00376479
0.00376708
0.00380145
0.00380651
0.00377126
0.00377656
0.00378076
0.00378655
0.00395464
0.00379298
0.00378137
0.00654748
0.00391662
0.00380472
0.0042133
0.0040237
0.00397331
0.00617701
0.00379391
0.00388109
0.00441234
0.00451987
0.00386615
0.00383846
0.00909662
0.0179417
0.0123266
0.0115369
0.00789287
0.010405
0.0112959
0.0128488
0.0610292
0.118355
0.134118
0.0860611
0.0772478
0.110824
0.0798265
0.11874
0.0444125
0.139319
0.108106
0.0928204
0.0598346
0.103927
0.0734695
0.126284
0.0257911
0.0685349
0.0776381
0.0558187
0.0362411
0.0641968
0.0487554
0.0811108
0.0244877
0.0141328
0.012002
0.0527576
0.0264993
0.0180693
0.0305119
0.0216014
0.0457943
0.0774901
0.118693
0.035624
0.052816
0.0716177
0.0580907
0.0768388
0.0161854
0.0176128
0.0595583
0.0616089
0.0244377
0.0335009
0.0443222
0.0517765
0.0432013
0.0960072
0.0937303
0.13059
0.0577219
0.0723454
0.0835783
0.100869
0.034112
0.0248921
0.013095
0.0187529
0.029454
0.0235713
0.0203502
0.0166241
0.0220972
0.0234466
0.00872589
0.0239083
0.0217339
0.0163579
0.0179669
0.0134612
0.00719741
0.00561869
0.00836898
0.0102488
0.0058735
0.00551755
0.00774477
0.00837834
0.0171503
0.027868
0.0160939
0.0289923
0.0223455
0.0185109
0.0222727
0.0208693
0.0227763
0.0124752
0.0190983
0.0236116
0.0206169
0.0164964
0.0226926
0.0172482
0.0185723
0.0180848
0.00547799
0.00970785
0.0141509
0.0147159
0.00934297
0.00799355
0.0100828
0.0162034
0.0220594
0.0117909
0.0112428
0.0144344
0.0112279
0.0156859
0.00858227
0.0110665
0.0178006
0.00624124
0.00708245
0.0090561
0.0070085
0.0103473
0.00503022
0.00536054
0.00376655
0.00376771
0.0048258
0.00462957
0.00381067
0.00391585
0.00602665
0.00625848
0.00397617
0.00423286
0.00611761
0.00596871
0.00455374
0.00483042
0.00375757
0.0037839
0.00375754
0.003757
0.00376494
0.00377142
0.00375711
0.00376455
0.00375842
0.00379056
0.00375718
0.00375849
0.00376719
0.00377379
0.00375758
0.0037657
0.00544465
0.00377731
0.00378599
0.00399186
0.00407314
0.00393837
0.00393432
0.00379588
0.00526205
0.00401492
0.00386803
0.00378574
0.00431917
0.00429761
0.00382677
0.00385404
0.00375764
0.00375821
0.00379526
0.00375713
0.00375744
0.00376739
0.00376515
0.00377833
0.00376638
0.00376456
0.00381639
0.00379967
0.00377607
0.0037709
0.00378577
0.00378023
0.0234736
0.0160757
0.0219534
0.00943417
0.018282
0.0205078
0.0181156
0.0186943
0.0131359
0.0129216
0.0144833
0.00771246
0.0108817
0.0131203
0.0102102
0.0112775
0.0180001
0.0172003
0.0199548
0.00984224
0.0164857
0.0183873
0.0158873
0.0164309
0.00817217
0.00796728
0.00739566
0.00789883
0.0082706
0.00821096
0.00841939
0.00799147
0.0119657
0.0147139
0.00840915
0.0083095
0.0117247
0.0140103
0.00799371
0.00888754
0.0139376
0.00857315
0.0155264
0.0165235
0.0124656
0.0116481
0.0149102
0.0131188
0.0146688
0.0082671
0.00855472
0.00905025
0.00914775
0.00869304
0.00915142
0.00876754
0.0154285
0.0090355
0.00882282
0.0138884
0.0147428
0.00947515
0.0127756
0.00949142
0.0226366
0.0227633
0.0221017
0.00941419
0.0201752
0.0227067
0.0160544
0.0174242
0.0238664
0.0223134
0.0218152
0.0104971
0.0223732
0.0243967
0.0169488
0.0160116
0.0211227
0.0213735
0.0201755
0.0101877
0.0183139
0.0218504
0.0123174
0.0133794
0.0121237
0.0106089
0.0089307
0.00796995
0.0122192
0.0117352
0.0129063
0.0112419
0.0207397
0.0195174
0.00951011
0.0102636
0.0173998
0.0165917
0.0103769
0.00990599
0.0234406
0.0106889
0.0236968
0.0228045
0.0183509
0.0164526
0.0231286
0.0205892
0.0145721
0.00906301
0.00955731
0.00983034
0.0103288
0.00924994
0.0107584
0.00938424
0.0155792
0.0101914
0.00970028
0.0154551
0.014648
0.0113167
0.0145729
0.0117817
0.0176416
0.0207479
0.0187847
0.00977034
0.0131602
0.0174378
0.0117938
0.0157139
0.0229232
0.024875
0.0250282
0.0103391
0.0180083
0.022149
0.0163039
0.0205595
0.0226142
0.024911
0.0229361
0.0104762
0.0190593
0.024175
0.0177428
0.0229353
0.00880343
0.00883489
0.00845547
0.00588077
0.00890529
0.00890371
0.00871039
0.00858267
0.0151082
0.0148736
0.0093426
0.00925375
0.0128329
0.0136776
0.00927325
0.00935501
0.019905
0.0101746
0.0229551
0.0213551
0.0184384
0.0171834
0.0240476
0.0187344
0.0147642
0.00940761
0.00952863
0.00949167
0.00981302
0.00957096
0.00983898
0.00998121
0.0207929
0.0106968
0.0108547
0.0220799
0.0188143
0.0116846
0.0175212
0.0117345
0.0161698
0.0176851
0.016896
0.00804077
0.0157722
0.0168669
0.0132568
0.0139911
0.0197508
0.0235917
0.0185946
0.00827297
0.0181012
0.0207216
0.0138525
0.0146603
0.0145381
0.0163301
0.0141102
0.00668055
0.0124045
0.013752
0.00967111
0.00992473
0.00728363
0.00734589
0.00734381
0.00596027
0.00744992
0.00745102
0.00800436
0.00806385
0.0158448
0.0156484
0.00795188
0.00786262
0.013566
0.0135611
0.00848849
0.00842467
0.0170585
0.00793395
0.0160694
0.0163076
0.0137023
0.0126797
0.0167913
0.0146799
0.0112432
0.0067124
0.00663923
0.00648801
0.00737273
0.00680984
0.00694361
0.0067359
0.011109
0.00627292
0.00660913
0.0108449
0.0104204
0.00666286
0.0101609
0.00643085
0.00982466
0.00397054
0.0118736
0.0170283
0.00766142
0.00503407
0.0126191
0.00557678
0.00376885
0.00376355
0.00380801
0.00382051
0.00377457
0.00377337
0.00379702
0.00378505
0.0138549
0.00462771
0.017273
0.0184008
0.0101787
0.00790093
0.0145408
0.0084156
0.0207997
0.00476738
0.0214004
0.0198951
0.0154569
0.00930583
0.0205
0.0110849
0.00396564
0.00869932
0.0128753
0.00432398
0.00417628
0.0052155
0.00434664
0.00598618
0.00393757
0.00419029
0.00429372
0.00653056
0.00406235
0.00408903
0.0043465
0.00433665
0.013719
0.0183643
0.00469106
0.0166104
0.0167403
0.00789824
0.0124545
0.00726011
0.00712189
0.00840574
0.00442869
0.00449709
0.00626845
0.00697287
0.00457488
0.0047401
0.00375828
0.00375806
0.00375697
0.00379865
0.00376677
0.0037578
0.00377298
0.00376653
0.00379404
0.00525405
0.00381047
0.00664998
0.00465576
0.00452614
0.00472428
0.00475874
0.00375681
0.00375824
0.00375719
0.00378901
0.00376801
0.00375802
0.00377181
0.00376575
0.00470956
0.00788909
0.00443634
0.00939897
0.00639352
0.00643084
0.00658018
0.0070368
0.00379697
0.00376433
0.00414191
0.00560303
0.00382922
0.00382845
0.00409871
0.00401047
0.00377533
0.00554714
0.00378733
0.00375573
0.00381397
0.00456501
0.00375452
0.00385445
0.00376882
0.00424921
0.005766
0.0041403
0.00379431
0.00422468
0.00417673
0.00540471
0.00376456
0.00404433
0.00610261
0.00380489
0.00384848
0.00400121
0.00385198
0.00408172
0.00770489
0.00759792
0.00820388
0.00691851
0.00751007
0.00726247
0.00688837
0.00704725
0.00966581
0.0207201
0.0947453
0.0322591
0.0256012
0.027206
0.0307145
0.0338351
0.0300677
0.101221
0.0799844
0.0865538
0.0679061
0.0807088
0.0682017
0.0919803
0.00907881
0.0447209
0.12932
0.0618501
0.0349054
0.0418234
0.0501279
0.0611354
0.00870173
0.0129817
0.00800514
0.0310004
0.00904977
0.00857845
0.00961924
0.00843684
0.00946143
0.0358664
0.0904973
0.0187679
0.0109277
0.0337107
0.0235673
0.0857821
0.0155973
0.00880517
0.0391511
0.0860062
0.0169613
0.00950036
0.0671313
0.0388942
0.0271572
0.118803
0.0468882
0.105402
0.0835413
0.092969
0.101006
0.123089
0.0088478
0.00711567
0.0109419
0.00834285
0.00825125
0.00796513
0.00845249
0.00859938
0.00714296
0.0123432
0.00899036
0.0114155
0.0118048
0.00991958
0.0102068
0.00909734
0.0153102
0.0107695
0.0133776
0.0114189
0.0123356
0.0128113
0.012198
0.0125983
0.00747552
0.0095428
0.00763607
0.00690511
0.00784468
0.00848683
0.0072335
0.00762306
0.00772624
0.0106567
0.00799808
0.0103088
0.00735914
0.00729742
0.0079593
0.00747481
0.00744924
0.0100246
0.0101422
0.012389
0.00736027
0.00963668
0.0106274
0.00973444
0.011274
0.00740253
0.00927035
0.00827472
0.00947205
0.00713059
0.00840198
0.00857922
0.012479
0.00872879
0.00918873
0.0096174
0.00947612
0.00891958
0.00940166
0.00891582
0.0111111
0.00400566
0.0133998
0.0199653
0.00838772
0.00519148
0.014585
0.00577628
0.00377306
0.00376165
0.00381657
0.00382939
0.00377864
0.00377334
0.00380838
0.00378614
0.0156658
0.00468788
0.0192073
0.0216255
0.0113823
0.00829595
0.0167867
0.0084598
0.026075
0.00478552
0.0250916
0.0314331
0.0197638
0.00760981
0.0263542
0.00887278
0.00401466
0.00958377
0.0151001
0.00436919
0.00425913
0.00529832
0.0044081
0.00566363
0.00398496
0.00422934
0.00435561
0.00691515
0.00414507
0.00412641
0.00444977
0.00447352
0.0155267
0.0219935
0.00470174
0.0195234
0.019498
0.00726679
0.0142533
0.0066968
0.0073262
0.00779183
0.00450651
0.00461983
0.0064179
0.00671021
0.00472084
0.00487519
0.00376569
0.00379331
0.00381846
0.00376281
0.00377034
0.00378365
0.00377152
0.00379065
0.00453531
0.0183387
0.0224841
0.0146236
0.006554
0.00693567
0.0114275
0.0171557
0.00478129
0.0236503
0.0219242
0.0224508
0.00783662
0.00983948
0.017149
0.0231342
0.00382584
0.0125383
0.0171982
0.0103141
0.0043713
0.00543675
0.0080072
0.0126407
0.0039812
0.00403797
0.00379
0.00546632
0.00422153
0.00392946
0.00413762
0.00389072
0.00422437
0.00633564
0.00700957
0.00426874
0.00444824
0.00574636
0.00471379
0.00614412
0.00430874
0.00387477
0.00958007
0.0132859
0.00429145
0.00415687
0.00560979
0.00518646
0.0046303
0.018875
0.0149128
0.0197788
0.00701911
0.00747209
0.0144345
0.0187688
0.00378179
0.00376385
0.00375885
0.00399495
0.00382111
0.00376481
0.00381335
0.00377496
0.00375729
0.00375749
0.00375735
0.0037792
0.00376469
0.00375734
0.00377063
0.00376488
0.00379449
0.00375669
0.0044203
0.00554347
0.00392474
0.00380558
0.0044663
0.00448719
0.00435172
0.00389368
0.00687729
0.00795262
0.00492373
0.0044348
0.00706639
0.00709977
0.00376663
0.00376943
0.0039896
0.00379772
0.00377272
0.00378331
0.00379202
0.00381333
0.00375722
0.00378404
0.00375747
0.00375881
0.00376516
0.00377518
0.00375748
0.00376561
0.00383935
0.00410474
0.00383103
0.00561938
0.00395603
0.0040239
0.00427298
0.00422813
0.00382375
0.00576134
0.00381454
0.00376395
0.00392287
0.00403965
0.00377362
0.00379773
0.0179263
0.0150698
0.0131694
0.00857439
0.0167666
0.0164833
0.00959505
0.0106689
0.010682
0.00680772
0.0100696
0.00828212
0.00925764
0.00793324
0.0092313
0.00836492
0.0150454
0.0164191
0.0192489
0.0108445
0.0142588
0.0161606
0.0121771
0.0136014
0.00972188
0.00894725
0.0101176
0.0099002
0.00969567
0.00942112
0.00976286
0.00944035
0.0133329
0.0125156
0.00825371
0.00846172
0.0101733
0.0106914
0.00883846
0.00877987
0.0121939
0.00857351
0.0113952
0.0132532
0.0103202
0.0099571
0.0134816
0.0121779
0.0105761
0.00946467
0.00892356
0.0102181
0.010053
0.00930243
0.00980226
0.00918384
0.0111092
0.00987976
0.00857373
0.0105756
0.0109312
0.0098258
0.010598
0.00963012
0.00375719
0.00375754
0.00377997
0.00375716
0.00375724
0.00376498
0.00376435
0.0037707
0.00375685
0.00442095
0.0055988
0.00379008
0.00380652
0.00450481
0.00392938
0.00448495
0.00392621
0.00696798
0.008178
0.00435583
0.00443494
0.00722065
0.00474162
0.00702074
0.00375834
0.00375837
0.00385351
0.00377526
0.00375935
0.00376976
0.00378016
0.00378583
0.0037575
0.0037846
0.00375719
0.00375884
0.00376572
0.00377536
0.00375765
0.00376599
0.00376427
0.00382312
0.00577091
0.00382348
0.00377452
0.00392719
0.00380341
0.00405297
0.0037977
0.00376505
0.00376957
0.00386708
0.00378536
0.00377269
0.00380078
0.00378101
0.00384037
0.00408727
0.00383883
0.00564782
0.00425949
0.00403388
0.00430263
0.0039629
0.00439385
0.00378707
0.00541828
0.00390666
0.00419626
0.00450909
0.00425119
0.00447106
0.00375752
0.00375702
0.00378191
0.00375647
0.00375714
0.00376466
0.00376562
0.00376963
0.00650182
0.00414608
0.0078666
0.00479619
0.00574926
0.00642987
0.00592197
0.00621823
0.00376851
0.00375668
0.00387845
0.00376624
0.00376312
0.00377536
0.00377469
0.00378802
0.00377206
0.00496288
0.00384782
0.00375562
0.00381371
0.00439914
0.00375595
0.00390854
0.00378936
0.00376355
0.00391571
0.00547235
0.00381194
0.00381458
0.00391501
0.00387992
0.00506873
0.00389906
0.00376719
0.00436034
0.00425125
0.0039483
0.00417423
0.00395195
0.00528977
0.00438757
0.00376878
0.00396675
0.00497161
0.00430342
0.00395987
0.00379143
0.0222507
0.0143131
0.0112782
0.0138591
0.0158979
0.0145301
0.0137521
0.013595
0.00994885
0.00667588
0.00722812
0.00932196
0.00809816
0.0075302
0.00889962
0.0080306
0.00923524
0.00812147
0.0091782
0.00826872
0.00873541
0.00876011
0.00890667
0.00870977
0.0108226
0.0124584
0.00975618
0.0168592
0.013711
0.0125329
0.0136736
0.0127212
0.0107204
0.008563
0.010758
0.0111951
0.00987005
0.00946031
0.0107421
0.00987789
0.00974591
0.0104166
0.0077058
0.00816027
0.0094988
0.00958667
0.00834214
0.00805927
0.00823162
0.0100296
0.0115015
0.00906807
0.00844293
0.00969284
0.00912908
0.0116023
0.00797079
0.00872306
0.0106141
0.00797359
0.00840429
0.00864029
0.00833299
0.00869103
0.0121697
0.0108302
0.0168322
0.0162417
0.0130614
0.0139855
0.0139919
0.0152173
0.00825856
0.00762848
0.0085456
0.00740587
0.00810262
0.0081177
0.00828491
0.00805222
0.0187129
0.0109247
0.0198417
0.0150437
0.015919
0.0150786
0.0178387
0.0160523
0.0266734
0.0159081
0.0270687
0.0357333
0.0252915
0.0212385
0.0272196
0.021917
0.0106153
0.0159318
0.0159904
0.00999219
0.0116685
0.0152242
0.0121099
0.0148947
0.00968237
0.00809694
0.00942436
0.0152072
0.0101406
0.0094546
0.0111578
0.00999595
0.0176996
0.0174393
0.0110972
0.016851
0.0168724
0.0154492
0.0146915
0.0141463
0.0163851
0.0123104
0.00806794
0.0095028
0.0149419
0.0118523
0.0106972
0.00901825
0.00376741
0.00377643
0.00375986
0.00395701
0.00378123
0.00376728
0.00381821
0.00378767
0.00396811
0.00454486
0.00378874
0.00531398
0.00431887
0.00426009
0.0043444
0.004283
0.00375678
0.00375787
0.00375711
0.00378395
0.00376621
0.00375755
0.00377047
0.00376492
0.00474989
0.0058715
0.00417718
0.00688911
0.00535967
0.00527115
0.00540003
0.00543704
0.00396398
0.00377192
0.00444773
0.00499018
0.00400709
0.00400912
0.00424477
0.00421262
0.00388809
0.00485973
0.00377386
0.00375791
0.00395608
0.00430245
0.003761
0.00381275
0.00377343
0.00445437
0.00484742
0.00398842
0.00380397
0.00430937
0.00397708
0.00468913
0.00376576
0.00392477
0.00480677
0.00378672
0.00381337
0.00389147
0.0038102
0.0039293
0.00710192
0.00929797
0.0108502
0.0109817
0.00797522
0.00956677
0.0090125
0.010252
0.00888847
0.00866429
0.0111785
0.00922024
0.00903946
0.00917759
0.00917982
0.0092705
0.0159476
0.01559
0.027882
0.0162126
0.0159173
0.0181368
0.016616
0.019249
0.0152414
0.010351
0.0135631
0.0191871
0.0165989
0.0121738
0.0184182
0.0118472
0.00955923
0.0119776
0.0122335
0.00979425
0.0101166
0.0109486
0.0103752
0.011762
0.008903
0.00928751
0.0120306
0.0118433
0.00912002
0.00908841
0.0102893
0.0103616
0.0130094
0.0136503
0.0102305
0.0138624
0.0137475
0.0117221
0.0129558
0.0116641
0.0121721
0.0123415
0.0094682
0.0125394
0.0119434
0.0120792
0.010645
0.0105265
0.00749296
0.0166445
0.00778943
0.0106233
0.00831454
0.0103949
0.00929012
0.0109887
0.0255212
0.0258525
0.0095676
0.0191317
0.0247845
0.0252568
0.0199933
0.0206295
0.00635527
0.00655951
0.00719059
0.0063627
0.00624899
0.00638343
0.00642627
0.0065678
0.0140434
0.0127017
0.00694606
0.0163755
0.0150686
0.014133
0.0157203
0.014581
0.0178719
0.00808187
0.0120829
0.0178751
0.0178825
0.0132175
0.0186375
0.0123922
0.0164391
0.0164215
0.00809023
0.00714874
0.0161201
0.016487
0.0118248
0.0100587
0.00744581
0.0124504
0.0143655
0.00680266
0.00790351
0.0119849
0.00745429
0.013223
0.00663178
0.00652906
0.0135101
0.00702974
0.00643658
0.00662722
0.00712725
0.00735428
0.00764086
0.0043847
0.00770658
0.00438135
0.0070194
0.00711044
0.0067581
0.00659141
0.00379174
0.00375854
0.00375779
0.00375647
0.00377244
0.00376634
0.00376712
0.00375775
0.00660135
0.00379469
0.00509545
0.00378311
0.00463856
0.00462538
0.00463304
0.00445529
0.00378641
0.00375682
0.00375758
0.00375699
0.00376987
0.00376527
0.00376486
0.0037574
0.00409773
0.00579063
0.00412748
0.00376627
0.00410041
0.00543159
0.00378079
0.00412261
0.00400549
0.00376321
0.00379457
0.00600071
0.00395761
0.00383108
0.00402484
0.00383196
0.00568646
0.00404801
0.00376279
0.00378487
0.00408412
0.00398848
0.0038142
0.00381499
0.00559042
0.00376986
0.00375482
0.00377877
0.00453362
0.00380511
0.00383624
0.00375254
0.0122165
0.00682713
0.00410829
0.00495279
0.00981652
0.00851625
0.00611676
0.0045005
0.00328433
0.00467021
0.00165443
0.00212446
0.00186888
0.00239537
0.00162916
0.00245944
0.00482085
0.00378338
0.0108462
0.0029184
0.0042689
0.00525956
0.00387426
0.00615181
0.00151142
0.00119681
0.00131719
0.00156576
0.000648037
0.000802063
0.000737807
0.00118746
0.00362079
0.00353899
0.00223165
0.00100179
0.00263853
0.00288064
0.00215592
0.00236202
0.00362611
0.00128716
0.00226272
0.003733
0.00245025
0.00134206
0.00275309
0.00174351
0.00327222
0.0018647
0.000880279
0.00110034
0.00253181
0.00195279
0.00137327
0.000948718
0.0036646
0.00170354
0.00140273
0.00199441
0.00271438
0.00175047
0.00135514
0.000934079
0.0118471
0.0135179
0.0131722
0.00388059
0.00777
0.012653
0.00626129
0.00901091
0.0152168
0.0182259
0.0170362
0.0044054
0.00964
0.0156072
0.00816271
0.0114143
0.0148311
0.0182051
0.0184994
0.00550899
0.0105247
0.015994
0.00890362
0.0117319
0.00377577
0.00381637
0.00386161
0.00376559
0.00377314
0.00382573
0.00378028
0.00380551
0.00843829
0.00909185
0.00392334
0.00429139
0.00704814
0.00738228
0.00430793
0.0043857
0.0137353
0.0047123
0.0158064
0.01425
0.00987758
0.00820648
0.0144909
0.0100158
0.00778612
0.00400226
0.00444664
0.00471064
0.00454021
0.00429042
0.00466255
0.00425225
0.010313
0.00516705
0.00468539
0.0116713
0.00873397
0.00524659
0.00870322
0.00504904
0.0270786
0.0222014
0.00503767
0.0214075
0.0201137
0.0121668
0.0151673
0.00882986
0.0196351
0.0165606
0.00450722
0.0159343
0.0151467
0.00850678
0.0107355
0.00563335
0.00382346
0.00380078
0.00376387
0.00376624
0.00379763
0.00378283
0.00377648
0.00376855
0.0170075
0.0140622
0.00400484
0.0115389
0.012228
0.00763461
0.00816073
0.00457448
0.0170249
0.00479734
0.0164982
0.0139903
0.0128882
0.00954332
0.018826
0.00980249
0.0105707
0.00786357
0.00426693
0.00428768
0.00714269
0.00778064
0.00481174
0.00456361
0.00454753
0.0119049
0.00975144
0.00401241
0.00455282
0.00652282
0.00430795
0.00712499
0.00403247
0.00382946
0.00480327
0.00401514
0.00398282
0.00393442
0.00428835
0.00427478
0.00445488
0.00392155
0.00561225
0.00378419
0.00422885
0.00428439
0.00428526
0.00429077
0.00376881
0.00378887
0.0047564
0.00375862
0.00376498
0.00379246
0.00378973
0.00385779
0.00691218
0.00489124
0.00796799
0.00413117
0.00594404
0.00595545
0.00637105
0.00617138
0.00375782
0.00375707
0.00378447
0.00375708
0.00375744
0.00376571
0.00376477
0.0037702
0.00385913
0.00497617
0.00377087
0.00375735
0.00390928
0.00422505
0.00375935
0.0038132
0.00393096
0.00377259
0.00453415
0.00505054
0.0039975
0.00402042
0.00431664
0.00431524
0.00548575
0.00377805
0.00376643
0.0038886
0.00390511
0.00380424
0.0038722
0.00380715
0.00527449
0.00395801
0.00377412
0.00456273
0.00507226
0.00397069
0.0043649
0.00380434
0.0037571
0.00378502
0.00375667
0.0037582
0.00376515
0.00377086
0.00375783
0.00376706
0.00423241
0.00710649
0.00476517
0.00615293
0.00561746
0.00558378
0.00547411
0.00562435
0.00375709
0.00393257
0.00377089
0.00378404
0.00379514
0.00381186
0.00377078
0.00378546
0.00379676
0.00551397
0.00402137
0.00463261
0.00429382
0.00436362
0.0043034
0.00437771
0.00393474
0.00376743
0.00379309
0.00488029
0.0039125
0.00382131
0.00396239
0.00382022
0.00401114
0.00493991
0.00446164
0.00377574
0.0040111
0.00479464
0.00380979
0.00430184
0.00375922
0.0037787
0.00495038
0.00392124
0.00376369
0.00382266
0.00398142
0.00429588
0.00377522
0.00398092
0.00510794
0.00450888
0.00403122
0.0040257
0.00424947
0.00432049
0.0258926
0.0151032
0.0174107
0.0164639
0.0176494
0.0178328
0.017889
0.0172789
0.00798713
0.00790468
0.0074941
0.00744041
0.00811863
0.00784539
0.00740182
0.00733839
0.0115439
0.0089496
0.00940022
0.0142856
0.0109063
0.0102746
0.0122168
0.0105547
0.0129522
0.00919138
0.0180405
0.0207444
0.0116758
0.0117325
0.0201891
0.0181188
0.00930975
0.0127942
0.0111549
0.00782472
0.0100612
0.0121384
0.0092215
0.0112498
0.00914951
0.0077823
0.00840886
0.0122981
0.00963263
0.0080777
0.0104597
0.00867349
0.0126114
0.0133014
0.00932124
0.0169315
0.0127973
0.0124981
0.0120648
0.0114072
0.0120912
0.0151339
0.00897517
0.00908837
0.0114491
0.0119244
0.00959111
0.00948591
0.00877828
0.00739179
0.00844185
0.00865274
0.0102798
0.00901192
0.00922655
0.00933161
0.0114267
0.0228026
0.0143184
0.0153303
0.0140365
0.0134584
0.0149776
0.0155681
0.0116301
0.0135616
0.0225872
0.0187751
0.0145813
0.014655
0.0195498
0.0215148
0.00916235
0.0107204
0.0131899
0.0083837
0.0101212
0.0107595
0.00972871
0.0111802
0.00831063
0.00974796
0.00923537
0.0112302
0.0092717
0.00959232
0.00969174
0.00940307
0.00833497
0.0116832
0.0110032
0.00946739
0.00978869
0.0113096
0.00961101
0.0109969
0.0109842
0.00965257
0.0114557
0.0146377
0.0106834
0.0103411
0.0126056
0.0117361
0.0117506
0.0166494
0.0120727
0.01345
0.0138321
0.0132604
0.0125896
0.0125757
0.0126282
0.0110615
0.0118027
0.0103234
0.0118003
0.0111644
0.0111753
0.0108647
0.0136287
0.0227693
0.021119
0.0147253
0.0170055
0.0211946
0.0173452
0.0210866
0.013691
0.01707
0.011178
0.0175843
0.0151401
0.0149023
0.0142172
0.0128335
0.0236394
0.023038
0.0268477
0.0442691
0.0234329
0.0233432
0.0297437
0.028635
0.0101928
0.0114675
0.0109791
0.0134775
0.0106641
0.0106852
0.0104936
0.0121706
0.0125411
0.0160732
0.0187584
0.0128618
0.012951
0.0168695
0.0131962
0.0158114
0.0140363
0.0153158
0.016864
0.0198387
0.0161369
0.0156904
0.0167533
0.0169299
0.0139901
0.0193967
0.0170032
0.0183106
0.0170921
0.0192164
0.0171702
0.019813
0.00376376
0.00380622
0.00382383
0.00377001
0.00377347
0.00378514
0.00377931
0.00380326
0.00459222
0.0168998
0.019448
0.0144283
0.00810191
0.00851894
0.0107158
0.0157395
0.00475335
0.0217595
0.0232822
0.0221211
0.00871619
0.00998022
0.0162341
0.0217566
0.00398862
0.0125265
0.0175581
0.0101594
0.00502588
0.00534372
0.00782073
0.0130258
0.00422067
0.00418424
0.00394571
0.00662904
0.00434306
0.0040942
0.00435101
0.00407966
0.00440774
0.00717211
0.00771207
0.00441953
0.00453595
0.00633341
0.00473622
0.0067209
0.00431741
0.00400562
0.00896041
0.0129151
0.00431292
0.00420707
0.00587039
0.0049226
0.00467373
0.0186859
0.0139541
0.0177454
0.00700635
0.0076083
0.0130629
0.0173133
0.0365796
0.00765872
0.0204699
0.0227374
0.0204697
0.0125827
0.0234837
0.0127141
0.00589137
0.00392439
0.00458594
0.004312
0.00517021
0.00442114
0.00508475
0.00424391
0.0145634
0.00615774
0.0141219
0.00542372
0.0077166
0.00894598
0.00759803
0.00927482
0.0147922
0.00508966
0.00474107
0.011054
0.00760899
0.0049601
0.00852511
0.00498613
0.00596702
0.00833218
0.0104012
0.00526267
0.0059378
0.00700221
0.00529112
0.00536773
0.00614838
0.00485195
0.00574276
0.00918173
0.00613892
0.00576785
0.00670368
0.00568685
0.00845665
0.0120987
0.00514364
0.00482461
0.00555291
0.00527709
0.00487946
0.00487031
0.00950915
0.00508559
0.00461944
0.00527051
0.00651671
0.00504944
0.0055468
0.00483992
0.0138536
0.0159388
0.0050028
0.00543964
0.0130481
0.0114307
0.00582042
0.00573373
0.0208329
0.0298379
0.00833317
0.0190388
0.0253083
0.0216743
0.0128511
0.0125586
0.00437758
0.00570037
0.00406695
0.00491425
0.00511286
0.00525693
0.00441411
0.00464592
0.004979
0.012713
0.00601166
0.01021
0.00836981
0.00782753
0.00716219
0.00698332
0.0170524
0.00545506
0.00575807
0.0132389
0.00602649
0.00557362
0.00642401
0.00564112
0.0144741
0.0119444
0.00675633
0.00559297
0.00609522
0.00878931
0.00607771
0.00685046
0.00468885
0.00490776
0.00851681
0.00535486
0.00491734
0.00492806
0.00549035
0.00609954
0.00496743
0.00594139
0.00818873
0.00598587
0.00580443
0.00570916
0.00599942
0.00637476
0.0189161
0.0273226
0.0234188
0.027471
0.0231184
0.0236639
0.0246902
0.0253594
0.0399753
0.0386583
0.0322437
0.0351799
0.0435801
0.041277
0.0453328
0.0392576
0.0292327
0.0246867
0.0413693
0.0401967
0.0337474
0.0315338
0.0360517
0.0371897
0.0313571
0.0287428
0.038309
0.0328215
0.0328296
0.0332049
0.0345013
0.0354879
0.0277307
0.0266197
0.0298178
0.0306312
0.0276273
0.0274647
0.0296709
0.0294359
0.0279204
0.0307582
0.0274003
0.0274487
0.0284371
0.0308357
0.0274044
0.0289819
0.0279207
0.0314698
0.0294396
0.0382778
0.031077
0.0318907
0.0342427
0.0339873
0.0295695
0.038482
0.0295669
0.0256816
0.0322857
0.0336358
0.0273353
0.0302415
0.0373195
0.0410283
0.0364333
0.0340575
0.0384361
0.0394432
0.0368735
0.037587
0.0386615
0.0313025
0.0289335
0.0243262
0.0286288
0.0294437
0.0263592
0.0256747
0.0374624
0.0360425
0.0306937
0.0328682
0.039099
0.0377354
0.0349905
0.0331971
0.0277827
0.0208636
0.030182
0.018569
0.0235414
0.0235603
0.0219147
0.0222385
0.0393217
0.0395586
0.0331215
0.0235024
0.0366739
0.0374334
0.03335
0.0343503
0.0398406
0.0247807
0.0333451
0.0402041
0.0358657
0.0272088
0.0413354
0.034105
0.0389967
0.0315305
0.0226332
0.032561
0.0374207
0.0311161
0.0336808
0.0251421
0.0384168
0.0320581
0.0232517
0.0327659
0.0362889
0.0338595
0.036257
0.0326575
0.0217615
0.0239546
0.0244834
0.0114462
0.0217151
0.0231075
0.0172678
0.0180565
0.0246057
0.0259641
0.0242751
0.00975653
0.0217296
0.0237522
0.0157737
0.016986
0.022253
0.0244002
0.0188611
0.0166223
0.0195398
0.0225711
0.0135141
0.013468
0.0177676
0.0182053
0.0354795
0.0138595
0.018606
0.0191742
0.0278964
0.0277645
0.0211215
0.0221234
0.0111754
0.0103066
0.015263
0.0162177
0.0109619
0.0112945
0.0219411
0.0101228
0.0232927
0.0245363
0.0158304
0.0145325
0.0248892
0.0213683
0.0148011
0.0124856
0.0112337
0.0203903
0.0110186
0.0117642
0.0108314
0.011697
0.0153162
0.0192925
0.010709
0.015233
0.0138451
0.010573
0.0142093
0.010205
0.0218973
0.0235788
0.0201881
0.0159073
0.0166773
0.0197771
0.0134244
0.0160097
0.0243727
0.0254052
0.0232403
0.00930272
0.0188812
0.0220844
0.0154156
0.0186728
0.0186122
0.0199445
0.0178354
0.0085216
0.0137278
0.0187835
0.0130681
0.0177882
0.0152791
0.00975274
0.0101465
0.0094241
0.0125426
0.0103175
0.0129287
0.00979313
0.0179055
0.0151594
0.0175777
0.0109006
0.0138964
0.0144532
0.0132654
0.0126835
0.020916
0.00851531
0.0205067
0.0185818
0.0168346
0.0162455
0.0218906
0.0177748
0.0118371
0.0173407
0.01131
0.00998084
0.0106923
0.0112262
0.0105247
0.0118222
0.0160282
0.00883382
0.00834729
0.0175284
0.013079
0.00922204
0.0131761
0.00879033
0.02161
0.0200963
0.0217684
0.0100418
0.0188972
0.0211963
0.0163612
0.0170728
0.0209706
0.0209159
0.0202081
0.00932247
0.0191363
0.0221421
0.0128815
0.0132741
0.022104
0.0184535
0.0228966
0.0150316
0.0187688
0.0212143
0.0156629
0.0162649
0.00893626
0.00923042
0.0157111
0.00899483
0.00899588
0.00918323
0.0100408
0.00978868
0.0171998
0.0186868
0.00910104
0.00880984
0.0144236
0.0156374
0.00875142
0.00928033
0.0196052
0.0092342
0.020207
0.021113
0.0153146
0.0134198
0.0198921
0.0169549
0.0157508
0.00913761
0.00900861
0.0142305
0.0112848
0.00947381
0.0113769
0.00917998
0.0165031
0.0146626
0.00921916
0.014198
0.0144444
0.011465
0.0130912
0.011134
0.0194664
0.0226443
0.0253785
0.0117359
0.0131329
0.024908
0.0120222
0.0225294
0.0233355
0.0204331
0.0209181
0.00854054
0.017253
0.0221863
0.016393
0.0198859
0.0251785
0.0209796
0.0217645
0.00863975
0.0166398
0.0223143
0.0162244
0.0185068
0.0211882
0.00934758
0.0100336
0.0129303
0.0146565
0.0101574
0.0147139
0.0104886
0.0167455
0.0153925
0.0113878
0.00953717
0.016014
0.0145692
0.0111358
0.010869
0.0261727
0.00966837
0.0209188
0.0273758
0.023287
0.0158321
0.0254681
0.016561
0.0152649
0.0107128
0.00974545
0.00857099
0.00989774
0.0100373
0.00902016
0.00944864
0.0238154
0.00850865
0.00934174
0.0174791
0.0140729
0.00923322
0.0150671
0.00934415
0.0267208
0.0188432
0.0147811
0.00919563
0.0156427
0.0174049
0.0112398
0.0114516
0.0152717
0.0133742
0.009786
0.0072466
0.0104927
0.0113944
0.00883437
0.00897044
0.0138539
0.00967229
0.0139909
0.00761997
0.00982637
0.0101161
0.00992118
0.0102311
0.00848181
0.00637151
0.00633593
0.00465161
0.00797805
0.00763751
0.00642988
0.00591436
0.0110671
0.0101582
0.0085811
0.00795193
0.00889451
0.00941113
0.00816103
0.00857217
0.0121637
0.00793152
0.00976272
0.010442
0.0090692
0.00900059
0.00947645
0.00950465
0.0105054
0.00892064
0.0077707
0.00744734
0.00888883
0.00878937
0.00834199
0.00833624
0.0109644
0.00700069
0.00773345
0.00937232
0.00960704
0.0085501
0.00940283
0.00868843
0.00858373
0.00756046
0.0039696
0.00448271
0.00746014
0.00774165
0.00498638
0.00459345
0.00595658
0.00445836
0.00375806
0.00380043
0.00443877
0.00454334
0.00395668
0.00381587
0.00377982
0.00375774
0.00375716
0.00375769
0.0037708
0.00376522
0.00376431
0.00375712
0.00391144
0.00375884
0.00376432
0.00378052
0.00380371
0.00377209
0.00382255
0.00376369
0.00583635
0.00386122
0.0041362
0.00385351
0.00436376
0.0043543
0.00398623
0.00406875
0.00612148
0.00383938
0.00376681
0.00384198
0.00409452
0.00394919
0.00381877
0.00377836
0.00379963
0.00394653
0.00377019
0.00376778
0.00379324
0.00380794
0.00377353
0.0037824
0.00378511
0.00375751
0.00375933
0.00375775
0.00377567
0.00376612
0.00376611
0.00375803
0.00375717
0.00375811
0.00375715
0.00378546
0.003765
0.00375774
0.00377066
0.00376666
0.00378903
0.00452081
0.0039806
0.00593207
0.00431463
0.0042491
0.00433365
0.00430992
0.0037563
0.00378039
0.00376926
0.00393422
0.00379557
0.00376853
0.00380644
0.00378204
0.00421782
0.0075342
0.00498044
0.00890869
0.00695625
0.00633675
0.0067405
0.00650388
0.0037815
0.00376854
0.00390819
0.00562031
0.00381236
0.00381357
0.00393386
0.00389154
0.00377378
0.0051183
0.0038948
0.00375884
0.00382387
0.00426099
0.00376234
0.00396075
0.00377641
0.00399308
0.00540125
0.00442774
0.00380787
0.00401414
0.00435982
0.00515955
0.0037753
0.00438241
0.00522057
0.00395483
0.00402422
0.00422166
0.00401012
0.00433255
0.0102944
0.0106928
0.00814136
0.0101645
0.0104774
0.0104929
0.0107767
0.0107317
0.012251
0.0193725
0.0143723
0.0145401
0.0152539
0.0161564
0.0153308
0.0166627
0.0094467
0.0142166
0.0202881
0.0142078
0.0118046
0.0121237
0.0134301
0.0152112
0.00903723
0.0118975
0.00982157
0.00827448
0.00989469
0.0109759
0.00940794
0.0100385
0.0109023
0.00877061
0.0101539
0.0129636
0.0107997
0.0105643
0.0107178
0.0104069
0.011146
0.0137992
0.0118039
0.00869951
0.0113977
0.0141039
0.00932755
0.0115221
0.00875319
0.00965385
0.0126556
0.0102764
0.00869281
0.009858
0.0103862
0.0113884
0.00904588
0.0111011
0.0133926
0.0126501
0.0107608
0.0110793
0.0116189
0.0122861
0.0174758
0.0183123
0.0202753
0.0117679
0.0121558
0.0201118
0.0112565
0.0175636
0.021759
0.0220439
0.0219733
0.0104535
0.0137129
0.0236068
0.0144478
0.0213436
0.0190675
0.0214746
0.0222458
0.00866465
0.013544
0.022136
0.0123468
0.0196405
0.0139373
0.0108706
0.0115195
0.00803303
0.0132508
0.0114787
0.0139339
0.0117574
0.013114
0.0127257
0.0123917
0.0109876
0.0128123
0.0117085
0.00979395
0.00924535
0.0227748
0.0103631
0.0212941
0.0201839
0.0190931
0.0131566
0.0196514
0.0133753
0.0125667
0.0121249
0.0109081
0.00991175
0.00888032
0.00901521
0.010098
0.0106811
0.0175823
0.00878833
0.00974633
0.0186539
0.0118756
0.00916231
0.0131132
0.00954536
0.0204039
0.0225595
0.017113
0.0137433
0.0157276
0.0189257
0.0130579
0.0151438
0.0235972
0.025523
0.0246199
0.00940086
0.0191772
0.0223501
0.0158693
0.0192185
0.0188173
0.0216634
0.0225786
0.00950679
0.0144796
0.0215211
0.0135739
0.021058
0.00959688
0.00776438
0.00734751
0.00686817
0.00725231
0.00761981
0.00713045
0.0074755
0.016962
0.0145491
0.0121687
0.00867473
0.0130003
0.0136149
0.00983483
0.0100055
0.0204078
0.00843941
0.0220075
0.0186709
0.0167564
0.0168615
0.0219878
0.0191637
0.0135231
0.0113049
0.00879395
0.00864557
0.0104584
0.00994408
0.00904845
0.00904541
0.0174196
0.00914825
0.00850061
0.0198201
0.0149322
0.00930729
0.0164565
0.00906341
0.232613
0.307099
0.230998
0.256961
0.251796
0.267763
0.235115
0.251454
0.434387
0.223406
0.086333
0.383297
0.427934
0.191778
0.319603
0.170399
0.157654
0.0319392
0.0195653
0.104401
0.11832
0.0259604
0.0954479
0.0232859
0.21856
0.297946
0.134352
0.139468
0.249206
0.238468
0.196218
0.178798
0.38583
0.245454
0.273355
0.397471
0.324119
0.287258
0.358076
0.308907
0.376332
0.324992
0.0643384
0.230838
0.315985
0.304088
0.261094
0.224346
0.208706
0.219387
0.308346
0.146848
0.217436
0.255378
0.194983
0.25901
0.191689
0.129902
0.261076
0.0518054
0.157251
0.161414
0.174002
0.197846
0.0240631
0.0242632
0.0234877
0.011144
0.0238773
0.0243607
0.0160349
0.0179162
0.0221924
0.0253731
0.0226733
0.00906806
0.0207504
0.0220479
0.0149649
0.015603
0.0199663
0.0245238
0.0186476
0.0103926
0.0181047
0.0210772
0.0107311
0.0107054
0.00792668
0.00816078
0.0105381
0.00670098
0.00800133
0.00827564
0.00781031
0.00826904
0.02102
0.0210435
0.0106474
0.00993413
0.0148764
0.0160391
0.010667
0.0109327
0.0206506
0.00942128
0.0209281
0.0225117
0.0152207
0.014231
0.0223183
0.0193507
0.0133379
0.0085423
0.00881861
0.00971656
0.00971355
0.0091492
0.00920283
0.00911832
0.0138473
0.00935193
0.00873699
0.0125065
0.0122081
0.00873079
0.0113975
0.00836859
0.0203476
0.018359
0.0203112
0.0083969
0.0173277
0.0195369
0.0145655
0.015231
0.0187582
0.0189092
0.0178803
0.00835029
0.0176516
0.020111
0.0119755
0.0120379
0.0206615
0.0170472
0.0210527
0.0119638
0.0172156
0.0193082
0.013703
0.0142438
0.00760839
0.00794848
0.0117434
0.0074117
0.00776263
0.00786375
0.0088678
0.00900152
0.015493
0.0171919
0.00787154
0.00796036
0.0130509
0.0139175
0.00790926
0.00817421
0.0173501
0.00834454
0.0179815
0.0194404
0.0138233
0.01217
0.0178809
0.0151626
0.0144961
0.00780719
0.00807402
0.0110589
0.00926229
0.00801363
0.00935899
0.00790161
0.015046
0.0114953
0.0083145
0.0127169
0.0130189
0.00967261
0.011736
0.00980636
0.012914
0.00681852
0.00676363
0.0112225
0.0104737
0.00716225
0.0101371
0.00722596
0.00583369
0.0113519
0.00704263
0.00970381
0.00681325
0.0080402
0.0056819
0.00585662
0.00337878
0.00401412
0.00333404
0.00504265
0.00214807
0.00268264
0.0019502
0.00231552
0.00675382
0.00895056
0.00741428
0.00761137
0.00570749
0.0062944
0.00532119
0.00719418
0.00611254
0.00456376
0.00763081
0.00678664
0.00544212
0.00542071
0.00663632
0.005994
0.00530566
0.00659232
0.00468091
0.00394948
0.00471912
0.00447669
0.00425102
0.00363494
0.0042054
0.00680603
0.00605825
0.00381637
0.00510198
0.00580138
0.00417217
0.00513235
0.00360038
0.00453564
0.00710737
0.00328884
0.00254847
0.0041148
0.00304015
0.0061769
0.0329488
0.024891
0.0294069
0.0230222
0.0308348
0.0269712
0.030907
0.0277248
0.0151715
0.0101281
0.0171843
0.0169607
0.0115422
0.0101305
0.0144471
0.0128131
0.0268185
0.0278031
0.0311311
0.0473553
0.0322141
0.0287495
0.0355117
0.03328
0.0160939
0.0197477
0.0410791
0.0281037
0.0209879
0.0201078
0.0236957
0.0226389
0.0222784
0.0294358
0.021479
0.0176597
0.0238076
0.026604
0.0219521
0.0262657
0.0186434
0.0186476
0.0193575
0.0270584
0.0197133
0.0165925
0.0229136
0.0227536
0.0290035
0.0206628
0.0202436
0.0353809
0.0307945
0.027277
0.0326527
0.024049
0.027667
0.0402692
0.0242152
0.0240713
0.028674
0.0338409
0.026988
0.0336194
0.125327
0.153621
0.142274
0.252579
0.194059
0.16694
0.206615
0.171108
0.153522
0.129417
0.153841
0.157455
0.13644
0.132245
0.161554
0.15269
0.169481
0.180641
0.0285646
0.0780953
0.21773
0.190551
0.0557986
0.0494676
0.383805
0.304284
0.158506
0.243638
0.405482
0.374777
0.235393
0.23045
0.176151
0.219347
0.330882
0.225646
0.221025
0.259515
0.243385
0.295936
0.170466
0.212422
0.168154
0.184829
0.195745
0.192798
0.169726
0.179264
0.243182
0.343014
0.296044
0.128973
0.287274
0.33586
0.312285
0.350239
0.203801
0.13173
0.261203
0.195095
0.258575
0.292321
0.221076
0.245861
0.0154243
0.00457557
0.0151581
0.0187326
0.00808183
0.00554771
0.0143958
0.0104372
0.00380222
0.00376363
0.00376585
0.00382655
0.00378299
0.00376809
0.0037958
0.00377601
0.0133758
0.00397596
0.0109915
0.0166817
0.00733929
0.0045097
0.011667
0.00799815
0.0216641
0.00501897
0.021096
0.0278262
0.0114033
0.00847882
0.0200187
0.0156163
0.00432839
0.00732619
0.010057
0.00423766
0.00450875
0.00732936
0.00473664
0.00673837
0.00401693
0.00401519
0.003821
0.00472651
0.00427931
0.00396279
0.00424845
0.00391996
0.0135157
0.016383
0.00474095
0.0161859
0.0181429
0.0125907
0.00931368
0.00919716
0.00940164
0.0118189
0.00452525
0.00401184
0.00684365
0.0063295
0.00429038
0.00455866
0.008079
0.0120643
0.0105956
0.00390194
0.00630614
0.00962943
0.00441592
0.00524886
0.0162749
0.0196525
0.020376
0.00497414
0.0128471
0.018216
0.00735086
0.00881289
0.0129904
0.0206707
0.0169871
0.0051051
0.0105055
0.0153342
0.00681502
0.00716527
0.0037654
0.00398409
0.00398043
0.00380844
0.0037919
0.0038302
0.00380285
0.00387829
0.00925918
0.00809441
0.00395
0.00433598
0.00554754
0.00485535
0.00425194
0.00411813
0.0133965
0.00464917
0.0172011
0.0121507
0.00697894
0.00652955
0.0149512
0.0118167
0.00560956
0.00382562
0.00422584
0.00423655
0.00422239
0.00394879
0.00445167
0.00402219
0.0065603
0.00475607
0.00451874
0.00743089
0.00608346
0.00483994
0.00682132
0.00514076
0.0145121
0.00506246
0.0118513
0.0201799
0.00567276
0.00570614
0.0141338
0.00958984
0.00388937
0.00378626
0.00378043
0.00421454
0.00385756
0.0037998
0.0038649
0.0037997
0.0105238
0.00397251
0.00855757
0.0133207
0.0060419
0.00484951
0.0104567
0.00680235
0.0219889
0.0054175
0.0177637
0.0204832
0.00968484
0.00809372
0.0198918
0.0140567
0.00470936
0.00619533
0.0069857
0.00474124
0.00460334
0.00578885
0.00512698
0.00635242
0.0042912
0.00444508
0.00387924
0.00532119
0.00443524
0.00416432
0.00426173
0.00404067
0.0121839
0.0179158
0.00482979
0.0148412
0.0154886
0.0124187
0.00759267
0.00724092
0.0082081
0.0104346
0.00450666
0.00400015
0.00555451
0.00624287
0.00419042
0.00440616
0.0335438
0.0399122
0.02458
0.017877
0.0309832
0.0318453
0.0245451
0.030333
0.0426944
0.039608
0.0329321
0.0296664
0.0405017
0.0341081
0.0319979
0.0300408
0.0246242
0.0305558
0.0283776
0.0203625
0.0247031
0.0297886
0.024279
0.0283917
0.00682036
0.0145625
0.0108475
0.00623494
0.00594683
0.0113045
0.00530427
0.00919054
0.0380906
0.0237784
0.00877285
0.0198239
0.0292478
0.0264722
0.0247404
0.022086
0.0344972
0.0234021
0.0312042
0.031394
0.0295215
0.026467
0.0331783
0.0292223
0.0216165
0.00816462
0.0162969
0.01327
0.0177728
0.017886
0.0148604
0.0140582
0.0276179
0.0184964
0.0200572
0.0297992
0.0246028
0.020421
0.0259475
0.0217352
0.0174242
0.0204422
0.00513804
0.0165942
0.017603
0.0097318
0.0127041
0.00817052
0.0180718
0.0146327
0.00485691
0.011726
0.0135901
0.00605299
0.00927664
0.00568383
0.00397197
0.00392859
0.00378641
0.00378214
0.0038383
0.00387183
0.00379666
0.00380447
0.0131766
0.0106
0.00397917
0.00843341
0.0104251
0.00612584
0.00671077
0.00486243
0.0164837
0.00500056
0.0146381
0.0123206
0.0120314
0.00730275
0.0153328
0.00778707
0.00749249
0.00634062
0.00471267
0.0048984
0.00644801
0.00588943
0.00514613
0.00468476
0.00468418
0.0101924
0.00831022
0.00402275
0.00450562
0.00632511
0.0042126
0.00570624
0.00449548
0.00388813
0.00542689
0.00424988
0.00415051
0.00405096
0.00442797
0.00432499
0.00951561
0.0177795
0.0129435
0.023517
0.0188554
0.0177948
0.0187947
0.0155753
0.0227516
0.0288629
0.0181361
0.0191363
0.0248619
0.0239578
0.0198013
0.0202423
0.00884894
0.0123778
0.0132519
0.0203372
0.0101577
0.00883727
0.0160561
0.0121587
0.0363874
0.0162096
0.0308012
0.0400216
0.0217979
0.0200965
0.0386022
0.0302059
0.0194957
0.0143802
0.0253505
0.0176659
0.0190087
0.0183233
0.0208213
0.0234812
0.0199063
0.0169236
0.0156922
0.012657
0.01855
0.0170887
0.0162782
0.0162191
0.0122526
0.0291244
0.0166583
0.0257675
0.0174427
0.0251784
0.0189973
0.0208182
0.0102728
0.0202943
0.0157218
0.0140302
0.0130144
0.0173235
0.0144823
0.0149715
0.0281226
0.0199202
0.0175694
0.0162732
0.0219338
0.0225234
0.0181458
0.0178539
0.0179819
0.00707347
0.0231709
0.0101531
0.0169482
0.0185186
0.0135996
0.0166908
0.0163857
0.0336983
0.0409111
0.0284309
0.0200947
0.0217837
0.0288707
0.0375282
0.0112814
0.00637948
0.0171286
0.0101495
0.00721557
0.00843857
0.0097602
0.0131849
0.0181083
0.0166159
0.0145525
0.0112008
0.0172067
0.0162518
0.0145121
0.0150921
0.0181295
0.0125338
0.0233209
0.0174296
0.0176603
0.0166272
0.0194181
0.0216531
0.0154524
0.0129567
0.00845261
0.0177601
0.0143338
0.0134179
0.015561
0.011583
0.016408
0.0228744
0.0100581
0.0261992
0.019758
0.0172877
0.0224596
0.014294
0.0452692
0.0265322
0.0250579
0.0286735
0.0385993
0.0324757
0.0288318
0.0272383
0.0173103
0.0384776
0.0336067
0.0327884
0.0216926
0.0316741
0.0221308
0.033736
0.01593
0.021899
0.0126917
0.0111448
0.0123623
0.0145697
0.00855713
0.012742
0.0231507
0.0302086
0.0166454
0.00782667
0.0280572
0.0257966
0.0157369
0.018842
0.0245359
0.0226459
0.0265831
0.0287234
0.0245835
0.0241517
0.0259472
0.0260449
0.0192269
0.026358
0.0236927
0.0216845
0.0238493
0.0218243
0.0227975
0.0195219
0.0218365
0.0246796
0.0263601
0.0141217
0.0230785
0.0266433
0.0197819
0.0229668
0.0183989
0.0135395
0.0245125
0.0217208
0.0147781
0.0169843
0.0174068
0.0215397
0.0125652
0.00538253
0.0108144
0.01559
0.008487
0.00696335
0.0119646
0.00841362
0.00524812
0.00382313
0.00377747
0.00468465
0.0041332
0.00387858
0.00396103
0.00379698
0.00923633
0.00395833
0.00812648
0.0126914
0.00625462
0.00482211
0.00936219
0.0061512
0.0168694
0.0050762
0.0150399
0.0194529
0.0110895
0.00905573
0.014993
0.010973
0.00547896
0.00735452
0.0100883
0.00515077
0.00518571
0.0067153
0.00543358
0.00832928
0.00515399
0.00481436
0.00396212
0.005924
0.00460381
0.00416591
0.00445394
0.00418304
0.0107283
0.0141037
0.00504085
0.012428
0.0133091
0.0101219
0.00864148
0.00773107
0.00722591
0.00939669
0.00455254
0.00395393
0.00581919
0.00713001
0.00424997
0.00451863
0.0172761
0.00460981
0.0169588
0.0210119
0.0083757
0.00574328
0.0162454
0.011409
0.00380442
0.00376132
0.0037669
0.00382048
0.00377849
0.00376653
0.00379728
0.00377651
0.0151316
0.00402344
0.0125572
0.0186878
0.00798194
0.00458207
0.0129828
0.00867836
0.0235469
0.00506753
0.0232542
0.0284137
0.0121559
0.00886208
0.0216384
0.0162094
0.00438201
0.00768959
0.0105199
0.00429702
0.00458574
0.00767205
0.00484139
0.00698992
0.00406806
0.00405284
0.0038345
0.00483991
0.00433316
0.00400415
0.0042957
0.00395559
0.0149931
0.0183891
0.00478326
0.0177875
0.0204178
0.0136423
0.0101186
0.00977603
0.0102511
0.0127188
0.00455456
0.00404337
0.00731932
0.00668554
0.00434354
0.00461007
0.00783672
0.00400147
0.0105615
0.012029
0.00622501
0.00448898
0.00971859
0.00540935
0.00377684
0.00378069
0.00388283
0.00399656
0.00379021
0.00378891
0.00382919
0.00383587
0.0127784
0.00491049
0.0180097
0.0180686
0.0101359
0.00723662
0.0143733
0.00812226
0.0146012
0.00508765
0.0184553
0.0154514
0.0110293
0.00741384
0.0153144
0.00873748
0.00405629
0.00809443
0.00924708
0.00464078
0.00421469
0.00500809
0.00446432
0.00570189
0.00387017
0.00443789
0.00415148
0.00563917
0.00402534
0.00411254
0.00422811
0.0043717
0.0121209
0.0132289
0.00491602
0.0152629
0.0145478
0.00710339
0.011302
0.00658074
0.00680945
0.00833711
0.00484912
0.00461316
0.0062404
0.00702766
0.0047116
0.00515299
0.0196989
0.0276061
0.0134009
0.0184062
0.0181031
0.0226171
0.0136039
0.0149896
0.0376143
0.0419654
0.0422865
0.0214455
0.0353059
0.0435748
0.0220773
0.0238951
0.020445
0.0359412
0.0185899
0.0251695
0.0218437
0.0264396
0.0225181
0.0246037
0.0295823
0.03904
0.0300502
0.0471816
0.0338865
0.0339664
0.037232
0.0382514
0.0266556
0.0154343
0.0206779
0.0234
0.0222262
0.0178568
0.0216361
0.02109
0.0326191
0.0234835
0.0358188
0.0179378
0.0243653
0.025116
0.0266008
0.0319557
0.0186212
0.0233604
0.0294663
0.0284988
0.0227541
0.0241487
0.027015
0.0266371
0.02005
0.0279874
0.0310936
0.0323578
0.0236342
0.0275973
0.030231
0.030683
0.0151218
0.0209254
0.0122088
0.00621213
0.00644699
0.0147655
0.00587691
0.00979647
0.0228702
0.0207258
0.0173015
0.00492797
0.00944803
0.0194316
0.00788725
0.0136653
0.0107417
0.0130467
0.00879331
0.00388637
0.00598466
0.0105828
0.00478756
0.00687636
0.00481386
0.00396623
0.00376646
0.00380034
0.00400736
0.00384291
0.00381981
0.0037896
0.00660293
0.00613911
0.00556794
0.00469172
0.00606056
0.00569736
0.00518063
0.00467506
0.017757
0.00468888
0.0145926
0.0124199
0.0124434
0.00714667
0.0156363
0.00754232
0.00536455
0.00493641
0.0042966
0.00384984
0.00425057
0.00437931
0.00398666
0.00408521
0.00836256
0.00392244
0.00439205
0.0100317
0.00558431
0.00411115
0.00619958
0.00429239
0.0381926
0.0422408
0.0284417
0.0346768
0.0341021
0.039225
0.0298519
0.0312308
0.0381819
0.0309866
0.0136529
0.0233557
0.0303485
0.0280878
0.0283886
0.0222988
0.0142209
0.00246291
0.00391807
0.0104562
0.0113308
0.00608536
0.00893054
0.00549664
0.0342493
0.0250128
0.0204642
0.027867
0.0330489
0.0244437
0.0316573
0.0235192
0.0339458
0.0234564
0.0328024
0.0292747
0.0294779
0.0267822
0.0336707
0.0296336
0.0364159
0.0220028
0.00818798
0.0199659
0.0281289
0.0246365
0.0243878
0.0208756
0.0199304
0.0326629
0.0256945
0.0194503
0.0222266
0.0265486
0.0211097
0.0239983
0.0166041
0.0134721
0.0202719
0.00964949
0.0140266
0.0146242
0.0181357
0.0172692
0.00794915
0.0121595
0.0104943
0.00397553
0.00631069
0.0096878
0.00448307
0.00535192
0.0153321
0.0168253
0.0188921
0.00522271
0.0118426
0.0170064
0.00749845
0.00917793
0.0126461
0.0187588
0.017004
0.00458098
0.0101426
0.0145034
0.00690102
0.00758163
0.00377107
0.00396648
0.00381813
0.00377678
0.0037823
0.00381492
0.00378157
0.00380906
0.00931537
0.00804917
0.00399219
0.004489
0.00559783
0.00495223
0.00437829
0.00414313
0.0131364
0.00476461
0.0164548
0.0120011
0.0069441
0.00653096
0.0145761
0.0114689
0.00561566
0.0038433
0.00430301
0.00403269
0.00417053
0.00396947
0.00432636
0.00403172
0.0067105
0.00429411
0.00457421
0.00798187
0.00626113
0.00462858
0.00703066
0.0050393
0.00854659
0.0134202
0.0203204
0.00808812
0.00900182
0.0135736
0.00977266
0.0160282
0.0189284
0.0299087
0.0344633
0.0221552
0.0210449
0.0310226
0.0218633
0.0326832
0.0313325
0.0339946
0.0379684
0.0440291
0.0337409
0.0311186
0.0417306
0.0358226
0.0232114
0.0207851
0.0414586
0.0349763
0.0275318
0.0297826
0.0345781
0.0324412
0.0153626
0.0210363
0.0122224
0.0194044
0.0165401
0.0180726
0.0179545
0.0213436
0.0195699
0.0239374
0.0296633
0.0224315
0.0209399
0.0225936
0.0223854
0.0257018
0.0261069
0.0151377
0.0207316
0.0414616
0.030737
0.0239517
0.0330572
0.0261611
0.0259225
0.0360726
0.0271337
0.032289
0.0288565
0.0316056
0.0285949
0.0319156
0.00425039
0.0113042
0.0140928
0.00295442
0.0055718
0.00932669
0.00549565
0.0117269
0.0188269
0.0322825
0.0271559
0.0225317
0.0214471
0.0260595
0.021804
0.0274493
0.0266181
0.027287
0.0332735
0.0386586
0.0287892
0.0259087
0.0364377
0.0299375
0.0191004
0.0229493
0.0395104
0.0354159
0.0260577
0.0299303
0.0330879
0.0314271
0.0141944
0.0163047
0.0112044
0.0205277
0.0157339
0.0151308
0.0187117
0.0211712
0.0180369
0.0242882
0.0244581
0.0185828
0.0193743
0.0220151
0.0192779
0.0227213
0.0202698
0.0113623
0.022269
0.038133
0.0258393
0.0235151
0.029762
0.0262811
0.0218192
0.0316811
0.0269667
0.0263383
0.0248513
0.0278931
0.025383
0.0282304
0.0138824
0.00520722
0.0115528
0.018664
0.00712173
0.00729143
0.0133747
0.00918579
0.00393907
0.00380378
0.00377014
0.00420537
0.00388089
0.00381167
0.00389815
0.00380656
0.00996798
0.00399876
0.00799551
0.0119327
0.00554955
0.004999
0.00963718
0.00633839
0.0202708
0.00505481
0.0160538
0.0199458
0.00842598
0.00700437
0.0188227
0.0128916
0.0047333
0.00661441
0.00645525
0.00491223
0.00473126
0.00603673
0.0052231
0.00644071
0.00444483
0.00455397
0.00394597
0.00611566
0.00448457
0.00425296
0.00438489
0.00410709
0.0111357
0.0164735
0.00465935
0.0130486
0.0137288
0.0111045
0.00669114
0.00627938
0.00761479
0.00914791
0.0043694
0.00403996
0.00501411
0.00553383
0.00415749
0.00431138
0.0568644
0.0414619
0.0605595
0.0411942
0.0486502
0.0560881
0.0558317
0.0475961
0.0310119
0.0291713
0.0333052
0.00569816
0.0194422
0.027501
0.0164367
0.0181651
0.0760013
0.0578116
0.124446
0.0485922
0.0721049
0.0814797
0.0815758
0.0700144
0.0280675
0.00522139
0.0291328
0.019719
0.0165355
0.0137926
0.023842
0.0160129
0.0302932
0.0598639
0.03015
0.00689228
0.0274016
0.0478583
0.0079597
0.0258731
0.0412113
0.00737814
0.0432037
0.0690369
0.0320633
0.0271736
0.0445567
0.0325224
0.0690684
0.0417127
0.00670577
0.038224
0.0431484
0.0302439
0.0287221
0.0239656
0.0603374
0.0272634
0.00589174
0.0325104
0.0588069
0.0260213
0.029719
0.00711901
0.121797
0.118868
0.0488186
0.0463382
0.121856
0.119313
0.0265233
0.0336086
0.100252
0.0871917
0.0572141
0.0570565
0.0915834
0.0843354
0.0350306
0.0358359
0.0315827
0.0361297
0.029086
0.00547547
0.0218992
0.0272167
0.00803364
0.0107701
0.0333182
0.0349
0.00491598
0.0242304
0.0350506
0.0252899
0.00866894
0.00835475
0.111998
0.0373185
0.0535733
0.0607658
0.0357901
0.0309743
0.0543697
0.0412689
0.104633
0.0465759
0.0504333
0.0460358
0.038757
0.0349125
0.0557857
0.0431806
0.00929786
0.0095318
0.0162064
0.00459537
0.00553525
0.0116769
0.00550678
0.0109118
0.0132231
0.00480427
0.0152123
0.0131547
0.0121655
0.00606952
0.0121035
0.00659582
0.0314124
0.055931
0.0239778
0.0250651
0.0408372
0.0482038
0.019194
0.0209579
0.059321
0.0611674
0.0433352
0.032669
0.054388
0.054007
0.0211882
0.0214294
0.0209351
0.0319384
0.0218746
0.0100126
0.016325
0.0248317
0.0108117
0.0121865
0.0228502
0.0281725
0.00984765
0.0222787
0.0286464
0.0214282
0.0123593
0.0119237
0.057862
0.0192046
0.0319731
0.0374872
0.0211845
0.0191367
0.0340894
0.0244297
0.0569865
0.0267455
0.0335795
0.0276884
0.0225564
0.0204069
0.0354027
0.0268548
0.0125013
0.0143543
0.0136611
0.0107316
0.0111682
0.0144587
0.0110168
0.0134329
0.0139372
0.0106686
0.012932
0.0122624
0.0125502
0.0103813
0.0120248
0.010106
0.0263442
0.00676526
0.0273885
0.0490488
0.0134046
0.00599928
0.0302861
0.0296657
0.00761658
0.00914309
0.0227066
0.0302701
0.0108787
0.0100603
0.0217954
0.0201126
0.0181915
0.0141536
0.0147384
0.0261889
0.0141593
0.0117837
0.0160957
0.0124161
0.0455791
0.0372521
0.0293133
0.0357568
0.0454895
0.034158
0.0330318
0.0297297
0.0136569
0.0215654
0.0513004
0.0393481
0.029968
0.026938
0.0432714
0.0395229
0.0124721
0.028349
0.019724
0.0211429
0.029877
0.0238709
0.0254424
0.0189748
0.0251417
0.0370093
0.0289441
0.0308939
0.0322551
0.0339831
0.0298908
0.0315416
0.0212804
0.028801
0.0252374
0.0148021
0.0185716
0.026226
0.0167143
0.0245462
0.0181148
0.0397418
0.00531403
0.0210484
0.0221172
0.0191237
0.0168743
0.0130907
0.047396
0.0429517
0.0351369
0.0315665
0.0387805
0.0413183
0.032492
0.0320105
0.00647461
0.0227378
0.00567774
0.00728009
0.00630245
0.00972473
0.00728135
0.00597993
0.0194682
0.0249861
0.00756104
0.0152536
0.0158975
0.011384
0.014494
0.00965091
0.0359365
0.00924553
0.017883
0.0312118
0.0310505
0.0141982
0.0327496
0.016945
0.0422718
0.0273944
0.0299561
0.0186677
0.0325727
0.0269309
0.0359694
0.026762
0.00860473
0.0187414
0.0284493
0.00640466
0.00981258
0.0139297
0.00804943
0.0119576
0.0108178
0.00524427
0.0258819
0.0214015
0.00918774
0.00674303
0.0212098
0.0200733
0.00403264
0.00421211
0.00408827
0.00420884
0.00412794
0.00411909
0.00416496
0.00418043
0.00430485
0.00452798
0.00442396
0.00454805
0.00440238
0.00434155
0.00446913
0.0044391
0.00405729
0.00437454
0.0041226
0.00440296
0.00416309
0.0041863
0.00427323
0.00430802
0.00469543
0.00500722
0.00501317
0.0056315
0.0050518
0.00501157
0.00534753
0.00524546
0.00433208
0.00419766
0.0043904
0.00466369
0.00442399
0.00431137
0.00448765
0.00444236
0.00431495
0.00460864
0.00441353
0.00417673
0.00438442
0.00450109
0.00421536
0.00437639
0.00428084
0.00454325
0.00482094
0.00478082
0.0044142
0.00456878
0.00462114
0.00479488
0.00423879
0.00467789
0.00476138
0.00455014
0.00437715
0.00455386
0.00454274
0.00462182
0.00376738
0.00379434
0.00379526
0.00376982
0.00377778
0.00378621
0.00377386
0.0037878
0.0038387
0.00390393
0.0039255
0.00383375
0.00385607
0.00387525
0.0038451
0.00386784
0.00383121
0.0039139
0.00389179
0.00383631
0.00386487
0.00388136
0.00384483
0.00386849
0.00377056
0.00379678
0.0037995
0.00376619
0.0037795
0.00378863
0.00377493
0.00378645
0.00381131
0.00381389
0.00378114
0.00380904
0.00380702
0.00380093
0.00379906
0.00379119
0.0038259
0.00382118
0.00389563
0.0038268
0.0038247
0.00383628
0.00384833
0.0038732
0.00380356
0.00377642
0.00380457
0.00380638
0.00379963
0.00379001
0.00381673
0.00379895
0.00382331
0.00382177
0.00381895
0.00388595
0.00384528
0.00382823
0.00385916
0.00384633
0.00405004
0.00401182
0.00387028
0.00425051
0.00407639
0.00397004
0.00405415
0.00394824
0.00402591
0.00398296
0.00387986
0.00413848
0.00404915
0.003952
0.00402678
0.00394464
0.00382085
0.00381202
0.00378821
0.0038669
0.00383476
0.00380875
0.003837
0.00381244
0.00432405
0.0042346
0.00401134
0.00442109
0.00423021
0.00410153
0.00423309
0.00410429
0.00409305
0.00392313
0.00428889
0.00423891
0.0040689
0.00401736
0.00414812
0.00412125
0.00399275
0.00411061
0.00386883
0.00387245
0.00397777
0.00399906
0.00389533
0.00391697
0.00391729
0.00426864
0.00410408
0.00395302
0.0039761
0.00408842
0.00394686
0.0040263
0.00386242
0.00390598
0.00400434
0.00384201
0.00385648
0.00389124
0.00388009
0.00392685
0.00378031
0.00386546
0.00380146
0.0037845
0.00381233
0.00382978
0.00378987
0.00381674
0.0044389
0.00529603
0.00452044
0.00415917
0.00457353
0.00480956
0.00424601
0.00452429
0.0038512
0.00417598
0.00390808
0.00387809
0.00396389
0.00400911
0.00388372
0.00394947
0.00378737
0.00389314
0.0038278
0.00378445
0.00382386
0.00384631
0.00379446
0.00382611
0.00397256
0.00385213
0.00382043
0.00398206
0.00391276
0.00387344
0.00389073
0.00384214
0.00406473
0.00404224
0.00423256
0.00387615
0.00400112
0.00410751
0.00395952
0.0041399
0.00382476
0.00379528
0.00391912
0.00383772
0.00381795
0.00382647
0.00388156
0.00388383
0.00386016
0.00388073
0.00398725
0.00413722
0.00396299
0.0039153
0.0040374
0.00400478
0.00378681
0.00381232
0.00387922
0.00382247
0.00379864
0.00383402
0.00381584
0.00384579
0.00386694
0.00392758
0.00422182
0.00394165
0.00388614
0.00402686
0.00392057
0.0040709
0.00450285
0.004707
0.00567765
0.00491415
0.00466844
0.00510604
0.00498397
0.00542503
0.00388096
0.00397041
0.00419216
0.00396649
0.00390833
0.00399821
0.00396846
0.00403989
0.00382905
0.00389902
0.00384052
0.00389582
0.00385036
0.00386776
0.00386528
0.00388248
0.00388489
0.00396703
0.00423722
0.00408236
0.0039008
0.00393619
0.00398163
0.00401029
0.00393997
0.00386853
0.00393662
0.0041172
0.00396922
0.00390452
0.00400987
0.00395788
0.00412622
0.00432242
0.00400036
0.00431921
0.00435831
0.0043114
0.00411146
0.00421074
0.00400426
0.00410247
0.00400595
0.00415966
0.00407511
0.00406405
0.00410582
0.00408541
0.00464345
0.00525088
0.00442878
0.00529344
0.00495622
0.00504821
0.0051529
0.00517593
0.00393037
0.00403942
0.00396536
0.00401332
0.00396754
0.00397063
0.00398965
0.00398921
0.00430715
0.00477497
0.00422101
0.00460962
0.00442981
0.00444679
0.00451139
0.00445934
0.00418213
0.00402832
0.00421817
0.00453903
0.00422838
0.00411962
0.00429448
0.00417811
0.00419734
0.00470771
0.00414161
0.00399212
0.00421784
0.00446736
0.00403549
0.00411646
0.00404424
0.00424398
0.00466599
0.00417317
0.00407756
0.00420115
0.00413841
0.00432422
0.00400584
0.00414983
0.00472763
0.00416911
0.00407597
0.00413383
0.00416028
0.00420763
0.00396142
0.00397426
0.00406225
0.00388296
0.00395167
0.00402161
0.00393376
0.00398314
0.00391381
0.00394012
0.00401611
0.00384559
0.00388295
0.00392604
0.00386938
0.00390621
0.00451907
0.00440475
0.00509772
0.00422027
0.00449219
0.00481881
0.00452707
0.00475685
0.00382516
0.00381784
0.00386766
0.00378535
0.00381318
0.0038335
0.00380291
0.00382201
0.00393441
0.0040105
0.0038648
0.00385136
0.00390674
0.00393438
0.0038763
0.00389883
0.00395813
0.00386842
0.00400607
0.0040786
0.00392544
0.00389072
0.00400957
0.00397017
0.00399596
0.00384957
0.0038386
0.00390118
0.00394105
0.00387883
0.0039137
0.00385559
0.00405901
0.00392939
0.00385287
0.00398301
0.0040019
0.0039521
0.00395608
0.00391464
0.00378709
0.00383589
0.00381545
0.00388164
0.00381475
0.00381557
0.00384428
0.0038441
0.00390481
0.00398748
0.00408955
0.00422354
0.00396265
0.00399718
0.00405171
0.00408681
0.0038573
0.00400118
0.00392755
0.00399318
0.0038999
0.00391815
0.00393889
0.00397065
0.00411293
0.00441467
0.00413956
0.00474643
0.00426138
0.00423901
0.00445437
0.00438343
0.00388081
0.00384632
0.00394374
0.00410724
0.00394426
0.00388037
0.00401345
0.00394465
0.00389221
0.00416111
0.00398495
0.00384877
0.0039548
0.00403149
0.0039026
0.00398896
0.00388074
0.00402078
0.00420921
0.00405413
0.00392279
0.00401192
0.0039823
0.00408638
0.00388404
0.00406218
0.0042705
0.00406771
0.00393395
0.00399766
0.00408058
0.00425479
0.00387675
0.00389191
0.00382104
0.00382807
0.00385277
0.00386271
0.00383138
0.00384771
0.00392394
0.00391637
0.00385009
0.00384324
0.0038933
0.0039012
0.00386327
0.00387155
0.00378786
0.00380208
0.00376744
0.00376674
0.00378308
0.00378723
0.0037702
0.00377829
0.00379701
0.00379807
0.00376352
0.00376731
0.00378406
0.00378744
0.00377086
0.00377805
0.00387568
0.00380968
0.00381605
0.00382447
0.0038517
0.00383686
0.00384072
0.00382166
0.00389148
0.0038322
0.00383495
0.00381464
0.00387203
0.00385294
0.00383468
0.00382701
0.00379417
0.00380111
0.00380701
0.00377019
0.00379087
0.00381064
0.00377929
0.00379864
0.00380456
0.00377784
0.0038176
0.00382055
0.00379554
0.00378448
0.00380854
0.00380169
0.00409812
0.00456653
0.00439697
0.00447676
0.00425805
0.00435751
0.00438134
0.00447293
0.00533823
0.00596862
0.00502943
0.00645147
0.0057088
0.00544661
0.00594735
0.00559106
0.00457063
0.00466628
0.00484683
0.00499602
0.00471759
0.00467284
0.00484413
0.0047747
0.00531517
0.00697017
0.00588456
0.00681076
0.00592164
0.00640279
0.00633044
0.00674694
0.00487786
0.00461228
0.00482544
0.00598511
0.00513032
0.00477598
0.00536024
0.00505101
0.00498435
0.00617336
0.00486044
0.00466858
0.00521088
0.00566716
0.00500957
0.00513618
0.00475652
0.00508745
0.00636707
0.00556426
0.00490472
0.00522833
0.00529227
0.00577299
0.00475997
0.0055
0.00656245
0.00499481
0.00504352
0.00532699
0.00525436
0.00554831
0.00404769
0.0043239
0.00444932
0.00416977
0.00414226
0.00424878
0.00424078
0.0043328
0.00447723
0.00477003
0.00458745
0.00422563
0.00449732
0.00459946
0.00436115
0.00443659
0.00507347
0.00494704
0.0057315
0.00456307
0.00500662
0.00516244
0.0049081
0.00519175
0.00405111
0.00405518
0.00415748
0.00397066
0.00403235
0.00407779
0.00403123
0.00408303
0.00437156
0.00451838
0.00414947
0.00420026
0.00448982
0.00437875
0.00435225
0.00423151
0.0045041
0.00426097
0.00468765
0.0047053
0.00461159
0.00444896
0.00484324
0.00460656
0.00453851
0.00413663
0.00413535
0.00427902
0.00430586
0.00421482
0.0042921
0.0041781
0.00472674
0.00439226
0.0041931
0.00464538
0.00465692
0.0043905
0.00449834
0.00432441
0.00501492
0.00491088
0.00559029
0.00549234
0.00545034
0.00515684
0.00557247
0.00542346
0.0044666
0.0040468
0.00446461
0.00432158
0.00436268
0.00419578
0.00442728
0.00426999
0.00567645
0.00495687
0.00559052
0.0059869
0.00568733
0.00518741
0.00585022
0.00548031
0.00544243
0.00471288
0.00558589
0.00499958
0.00508893
0.00498885
0.00525778
0.00510866
0.00494168
0.00575358
0.00536053
0.0047524
0.00510504
0.00537682
0.00498833
0.00524949
0.00471898
0.0045093
0.00465028
0.00547115
0.00491987
0.00457175
0.00521626
0.00492277
0.00595872
0.00552307
0.00485372
0.00564531
0.00581835
0.0054255
0.00545753
0.00511931
0.005772
0.00551474
0.00464339
0.00481183
0.00544839
0.0053589
0.00507109
0.00502526
0.00515808
0.00471515
0.00511341
0.00439277
0.00487718
0.00507133
0.00465284
0.00472313
0.00446404
0.00401747
0.0043501
0.00401305
0.00429357
0.00425354
0.00414745
0.00419566
0.00535538
0.00461194
0.00496247
0.00448222
0.00522062
0.00508713
0.004854
0.00496348
0.00411227
0.00398336
0.0041522
0.00396285
0.0040642
0.00411521
0.00402361
0.00406941
0.00453166
0.00491822
0.00428898
0.00412081
0.00434607
0.00444694
0.0041897
0.00430653
0.00462073
0.00415179
0.00473805
0.00533622
0.00441989
0.00425882
0.00505263
0.00483082
0.0047367
0.00421608
0.0040567
0.00430538
0.00455826
0.00426506
0.00445051
0.00417222
0.00485764
0.00437689
0.00409799
0.00457992
0.00473664
0.00450213
0.0045458
0.0042191
0.00384467
0.00381018
0.00380218
0.0037998
0.00382727
0.00381511
0.0038174
0.00380386
0.00377518
0.00375766
0.00375217
0.00375417
0.00376314
0.00375522
0.00375871
0.00375229
0.0037726
0.00375287
0.00375274
0.00375308
0.00376433
0.00375836
0.00375891
0.00375358
0.00377539
0.00375724
0.00375275
0.00375524
0.00376639
0.00375911
0.00376155
0.00375461
0.00379527
0.00378972
0.00378804
0.00376869
0.00378897
0.00379177
0.0037791
0.00377861
0.00378381
0.00376046
0.00375517
0.0037828
0.00377574
0.00376523
0.00377504
0.00376177
0.00378277
0.00378172
0.00376245
0.00375603
0.00376922
0.0037715
0.00375937
0.00376233
0.00377472
0.00375355
0.00375548
0.00375268
0.00376561
0.00375685
0.00375844
0.00375386
0.00386783
0.00381889
0.00382354
0.00387914
0.00385107
0.00383022
0.00385911
0.00384053
0.00378453
0.00375796
0.00375602
0.00378244
0.0037758
0.00376467
0.00377624
0.00376575
0.00378338
0.00375343
0.00376482
0.00378152
0.00376761
0.00375691
0.00377176
0.00376388
0.00387133
0.00381296
0.00381384
0.00386744
0.00384382
0.00382617
0.00384823
0.00383108
0.00380581
0.00380304
0.00385277
0.00380437
0.00380927
0.00382092
0.00382267
0.0038343
0.00379211
0.00379147
0.00375786
0.00378973
0.00379621
0.00378416
0.00377959
0.00376852
0.00380681
0.00385543
0.00380339
0.00380197
0.00381892
0.00383706
0.00379734
0.00381532
0.00379459
0.00379128
0.00379027
0.00375633
0.00377697
0.00378446
0.00376577
0.00377541
0.0281583
0.0363193
0.0334456
0.0371537
0.0287092
0.0294937
0.031478
0.0315622
0.0455376
0.0345335
0.0300049
0.034673
0.0368247
0.0375657
0.0350918
0.0350394
0.0327011
0.0276328
0.0370098
0.0463909
0.0321483
0.030529
0.0329878
0.0327305
0.0409182
0.0358253
0.0498395
0.0413681
0.0416412
0.0431365
0.043147
0.0441797
0.0346119
0.0337828
0.0379083
0.0394623
0.0345425
0.032865
0.0373287
0.0390476
0.0368707
0.0395946
0.0304641
0.0334324
0.0356189
0.0370176
0.0354053
0.0359054
0.0363925
0.0401657
0.0382776
0.0452173
0.0442754
0.0408534
0.0432504
0.0403571
0.0331655
0.0429333
0.0391923
0.0309746
0.0355146
0.0429598
0.0355707
0.0409648
0.0339014
0.0350907
0.0304135
0.0299611
0.0330773
0.033421
0.0298007
0.0318458
0.0346364
0.0441452
0.0482291
0.0396278
0.0357101
0.0396339
0.0409051
0.0434964
0.0296254
0.0376729
0.0247309
0.0268804
0.0278367
0.0264283
0.0260807
0.0245935
0.0172893
0.0540075
0.0186721
0.0106253
0.016412
0.0228386
0.0123087
0.0205021
0.0311184
0.0307139
0.0275143
0.0369414
0.0379623
0.0348972
0.0418521
0.0312827
0.0312054
0.0401386
0.0371884
0.0311524
0.0354856
0.0368062
0.0356971
0.0356109
0.0276797
0.0151686
0.0671636
0.0205292
0.0240092
0.0266882
0.0225952
0.0256648
0.0307365
0.034015
0.0534606
0.0361896
0.0312456
0.0372194
0.0376586
0.061934
0.0339351
0.0452412
0.0313395
0.0278831
0.0338261
0.0375244
0.0301267
0.0357722
0.0379073
0.0337625
0.0339635
0.0211399
0.0269056
0.0330829
0.0253311
0.0337753
0.0208824
0.0253481
0.0327191
0.0200314
0.0204839
0.0252699
0.023224
0.0284911
0.0155467
0.00463592
0.00975871
0.00573471
0.00651043
0.00504425
0.00770686
0.0055435
0.0328101
0.0227335
0.0192592
0.0157036
0.0275349
0.0220728
0.0243231
0.0196189
0.0352063
0.017667
0.0295009
0.0238081
0.030897
0.0215263
0.0294548
0.022988
0.0192245
0.0162519
0.00656443
0.0140425
0.0169747
0.0157256
0.0119783
0.0056408
0.0214324
0.0118284
0.0044588
0.0229303
0.0149165
0.0105784
0.013368
0.00762282
0.0341607
0.0358003
0.0432852
0.0372003
0.041672
0.0357962
0.0387738
0.0407104
0.0289694
0.0374872
0.0360056
0.0466135
0.0311863
0.0337696
0.0346956
0.035755
0.0420468
0.0397392
0.0373444
0.0342034
0.0379889
0.0374795
0.0361408
0.037566
0.037333
0.0503673
0.0403533
0.0391239
0.0400453
0.0457287
0.0384614
0.0433521
0.0352355
0.0431989
0.0386774
0.0417106
0.0409466
0.0424764
0.0438877
0.0421476
0.0284565
0.0456689
0.0354157
0.039236
0.0357332
0.0417513
0.0374246
0.0393103
0.043102
0.0386595
0.0439578
0.0377471
0.0395552
0.0401366
0.0403495
0.0434409
0.0417084
0.0372421
0.0461105
0.0389571
0.0410563
0.0405932
0.0404362
0.0445942
0.0340181
0.0259214
0.0180432
0.0352725
0.0265008
0.022379
0.029043
0.020288
0.0216242
0.010816
0.00554184
0.011024
0.00944178
0.00743334
0.0081549
0.00759931
0.00682383
0.0037046
0.00191524
0.0024306
0.00397415
0.0028958
0.00286431
0.00311956
0.0285918
0.0199973
0.00473497
0.00828746
0.0167265
0.0129813
0.00814962
0.00774297
0.0246368
0.0131594
0.0226825
0.0124781
0.0174997
0.0164265
0.0193502
0.0187222
0.0204945
0.0103195
0.00540993
0.0101791
0.0144337
0.00876416
0.0110504
0.00702591
0.0120836
0.0233455
0.014239
0.00470492
0.014552
0.0159574
0.00864204
0.0108603
0.00765948
0.00408732
0.0135606
0.00572016
0.00504484
0.00622205
0.0066396
0.00991338
0.0276719
0.0143311
0.0278871
0.0273625
0.0233447
0.0185283
0.0293729
0.0251478
0.00580913
0.00207272
0.00314705
0.00943954
0.00474026
0.00274152
0.00893393
0.00354399
0.0237981
0.0055449
0.0112257
0.0267824
0.020798
0.00902224
0.022359
0.0104528
0.0335967
0.0281465
0.0368682
0.0467336
0.0361322
0.0319572
0.0466217
0.0417613
0.0112955
0.025074
0.0264862
0.0180685
0.0201164
0.0231395
0.0202345
0.0233266
0.00809936
0.0112666
0.00458904
0.019225
0.0124971
0.0106471
0.0138
0.0111638
0.0284193
0.0311944
0.027557
0.0322407
0.0295936
0.028266
0.0305176
0.0280419
0.0223301
0.0322609
0.0170863
0.00553189
0.0199014
0.0224518
0.0163464
0.0179997
0.041485
0.026576
0.0156259
0.0336271
0.026575
0.0215416
0.0277148
0.0185214
0.019428
0.0104016
0.00275055
0.0050423
0.00653474
0.00476258
0.00335229
0.00325574
0.00247382
0.00164292
0.00133873
0.000857151
0.000909391
0.000809119
0.00138608
0.00174626
0.0204943
0.00616217
0.0013897
0.00454302
0.00477828
0.00302206
0.00358649
0.00274727
0.0203139
0.00830497
0.0170741
0.00425897
0.0140144
0.010921
0.0157288
0.0130606
0.016427
0.00314428
0.00183296
0.0061688
0.0116463
0.00286778
0.00847223
0.00240799
0.00606802
0.0164205
0.00393267
0.0015093
0.00775873
0.010022
0.00213072
0.00251718
0.00331267
0.00123205
0.00381745
0.00229383
0.00101217
0.00120391
0.00182064
0.00265753
0.00186358
0.00251081
0.0052832
0.00941596
0.00262634
0.00239151
0.00531638
0.00619492
0.00413186
0.0111352
0.0226566
0.0259423
0.00838213
0.00920771
0.0200371
0.0213214
0.0152543
0.0291971
0.032393
0.0314328
0.0210753
0.0231964
0.0292824
0.0320963
0.0272399
0.0327817
0.0368627
0.0331577
0.0308406
0.0307259
0.036572
0.0366795
0.00423033
0.00830403
0.0128308
0.0234935
0.0119604
0.00877194
0.0173908
0.0134075
0.00400502
0.0233686
0.0194621
0.00870854
0.0133523
0.0174055
0.0125102
0.0184656
0.014495
0.0213887
0.0320629
0.0356221
0.0207087
0.0230813
0.0272816
0.0282114
0.0166053
0.036021
0.0327926
0.0290328
0.0223663
0.0280163
0.0271668
0.032461
0.0212197
0.00540421
0.0150056
0.0249343
0.0083897
0.00641391
0.0179876
0.0114553
0.0048418
0.0163738
0.0154303
0.0230184
0.00663566
0.00685698
0.0179403
0.0233802
0.0147087
0.0133901
0.0148833
0.047659
0.00720421
0.0054233
0.0358949
0.0249343
0.0372464
0.0324306
0.0812493
0.110436
0.0167284
0.0127466
0.102021
0.0941597
0.004407
0.0072403
0.0096771
0.00707999
0.00480173
0.00712871
0.00498832
0.00719655
0.00443988
0.00732955
0.0060445
0.00568666
0.0047394
0.00582834
0.00488789
0.00585677
0.0206334
0.027751
0.0244902
0.0729109
0.0288931
0.0222047
0.0117042
0.0110749
0.0118078
0.0629309
0.0325523
0.0220749
0.00686496
0.0087192
0.0171089
0.0263293
0.00536762
0.00556852
0.00662011
0.00386418
0.00490619
0.00451313
0.00444246
0.00438264
0.00665533
0.00762655
0.00473045
0.00487442
0.00653919
0.0060363
0.00516566
0.00518861
0.00807972
0.00549601
0.0100091
0.00455319
0.00652331
0.00625398
0.00637595
0.00614865
0.00376057
0.00383233
0.00384649
0.00376901
0.00377334
0.00379984
0.00377141
0.00380804
0.00555849
0.00552136
0.00392188
0.00437147
0.00472917
0.00455575
0.00417596
0.0040474
0.00517275
0.00475412
0.00457874
0.0052768
0.00483497
0.00474423
0.00490778
0.00471764
0.00530899
0.00379028
0.00399684
0.00393573
0.00400881
0.00384631
0.00402507
0.00386668
0.00520332
0.00410578
0.00424351
0.00492608
0.00502447
0.00419223
0.00496642
0.00445187
0.0210231
0.00528776
0.0154288
0.025354
0.00816896
0.00630164
0.017646
0.0119772
0.00499259
0.0152509
0.0154498
0.0214007
0.00710841
0.00755616
0.0163105
0.0215265
0.0159794
0.0152631
0.0159967
0.0554494
0.0103215
0.00679084
0.0418538
0.0290059
0.0425881
0.0342531
0.0868404
0.116051
0.0230267
0.0168469
0.105233
0.0959103
0.00480392
0.00809162
0.0108217
0.00895378
0.00495368
0.00768057
0.00520714
0.00810294
0.00465792
0.00959127
0.00702872
0.00590215
0.00489505
0.00708236
0.00504254
0.00675374
0.0221701
0.0308447
0.0251221
0.0800781
0.0305723
0.0237426
0.0146244
0.0140491
0.0128169
0.0701897
0.0326647
0.0239035
0.00965915
0.0126456
0.0192939
0.0279053
0.00547725
0.00661546
0.0067568
0.00388755
0.0047608
0.00442072
0.00450578
0.00453346
0.00769516
0.00824121
0.00489126
0.00485324
0.0065566
0.00613951
0.00530221
0.00532016
0.00793871
0.00542019
0.00954244
0.00453323
0.00638645
0.0060667
0.00629322
0.00606978
0.00376207
0.00389849
0.00388858
0.00378015
0.00377614
0.00382157
0.00378676
0.00383591
0.00571029
0.00565585
0.00391633
0.00426019
0.00480215
0.00471689
0.00420325
0.00406055
0.00531142
0.0045922
0.00472161
0.00538277
0.00484777
0.00494842
0.00496989
0.00483622
0.00531842
0.00380457
0.0040485
0.00401307
0.00402995
0.00387815
0.00406797
0.00390349
0.00529545
0.00419522
0.0043151
0.00491711
0.00492655
0.00427558
0.00493687
0.00459445
0.0195864
0.00968526
0.0190976
0.0158568
0.0149897
0.0142701
0.0180426
0.0154888
0.00522686
0.00385886
0.00913928
0.00459689
0.00483216
0.00517316
0.00716358
0.00668136
0.0194381
0.0133118
0.0206753
0.0180103
0.0168023
0.0157379
0.0195127
0.01724
0.0133956
0.00541914
0.0149229
0.0137558
0.010712
0.0102612
0.0133976
0.0115601
0.00852193
0.0162465
0.0121603
0.00661121
0.00940891
0.0144125
0.00713231
0.0114567
0.0102584
0.00875136
0.0130999
0.0151222
0.0100239
0.0131358
0.00997605
0.0117128
0.0189745
0.0152113
0.00872766
0.0171271
0.0165211
0.0128321
0.0141204
0.0125955
0.0162947
0.0147036
0.00952696
0.0130384
0.0154818
0.0134209
0.0126152
0.0113924
0.0226194
0.0116732
0.022053
0.0188312
0.01914
0.0174407
0.0221916
0.0191174
0.00728713
0.0038181
0.00447645
0.00394034
0.00540154
0.00458853
0.00548829
0.00427544
0.0217532
0.00847624
0.0261543
0.0187507
0.0185315
0.0168498
0.0212602
0.0178923
0.0157667
0.00517582
0.0157909
0.0165855
0.0126591
0.0104449
0.0149578
0.011078
0.0115051
0.0190414
0.0152834
0.00673383
0.0108181
0.0178069
0.00779491
0.0137127
0.0123983
0.00626551
0.00911805
0.0174413
0.0109488
0.0116678
0.0102239
0.00992197
0.0219437
0.0177781
0.00655694
0.0164782
0.0174132
0.014649
0.0141807
0.0129712
0.0187064
0.0134712
0.00535525
0.00723523
0.0170588
0.0126226
0.0090184
0.00623569
0.00376937
0.00380352
0.00379405
0.00376558
0.00378361
0.00379117
0.00377192
0.003783
0.00383525
0.00390231
0.00387098
0.00381996
0.00385064
0.00386426
0.00383081
0.00384806
0.00381905
0.00386008
0.00385527
0.0038062
0.00382913
0.00384234
0.00381693
0.00383242
0.00375741
0.0037808
0.00377487
0.00375517
0.00376333
0.00377175
0.00375793
0.00376771
0.00380985
0.00379891
0.00376394
0.0037997
0.00379241
0.00378442
0.00378416
0.00377317
0.00381721
0.00380908
0.00385138
0.00380926
0.00380511
0.00382253
0.003821
0.00383769
0.00379094
0.00376182
0.00378917
0.0037812
0.0037829
0.00377123
0.00379223
0.00378222
0.00380344
0.00379311
0.00380196
0.00384043
0.0038132
0.00380066
0.00382436
0.00381469
0.0038796
0.00389205
0.003836
0.00390668
0.00388549
0.00386995
0.00387261
0.00385757
0.00391691
0.00397543
0.00384905
0.00398946
0.0039501
0.00391626
0.00390485
0.00387854
0.00380744
0.00381256
0.0037774
0.00381376
0.00381413
0.00380524
0.00380154
0.00379192
0.00396962
0.00400178
0.00387808
0.00401332
0.00398314
0.00395382
0.00396254
0.00393226
0.00390652
0.00383978
0.00392279
0.00396766
0.0038847
0.00386715
0.00392843
0.00390159
0.00388682
0.00393147
0.0038361
0.00382792
0.00386698
0.00388187
0.00383992
0.00384772
0.00383776
0.00392093
0.00392651
0.00385333
0.00386289
0.00389396
0.00386815
0.00390356
0.00382512
0.00383673
0.00389868
0.00382892
0.003833
0.00385237
0.00384065
0.00385795
0.017494
0.0110959
0.00513987
0.00502904
0.0109514
0.00879943
0.00533738
0.00543853
0.0104082
0.0159507
0.00586695
0.00512975
0.0101702
0.00837169
0.00522952
0.00533779
0.00431341
0.00491474
0.00399864
0.00392111
0.00428296
0.00430654
0.00394857
0.00399689
0.00395273
0.0039714
0.00384724
0.00378081
0.00389041
0.00392369
0.00380042
0.00383603
0.00844639
0.00484719
0.00504359
0.00494991
0.00524222
0.00507521
0.00516799
0.0050538
0.00699769
0.00493048
0.00502852
0.00479954
0.00529267
0.00510076
0.00526227
0.00502982
0.0042725
0.00411576
0.00412927
0.00387007
0.00424764
0.00435019
0.00410974
0.00408826
0.00432177
0.00391218
0.00432182
0.00459551
0.00425527
0.00414344
0.00445283
0.00440851
0.0187633
0.00547126
0.0121254
0.0136788
0.0139279
0.00842186
0.0128859
0.00994132
0.00446186
0.00406983
0.00519595
0.00524567
0.00453124
0.00438685
0.00504089
0.0050937
0.0114248
0.00654233
0.0173102
0.0140183
0.00984239
0.0080547
0.0132127
0.0137094
0.0117379
0.00623211
0.0121738
0.0114293
0.00927111
0.0083191
0.0106721
0.0101116
0.00531105
0.00927808
0.0104544
0.00576709
0.00562081
0.00913105
0.00581819
0.00865253
0.00489595
0.00562406
0.00511788
0.00666501
0.00536785
0.00546475
0.00537723
0.00531811
0.0100754
0.0108378
0.0060881
0.0113035
0.0109068
0.00944045
0.00912581
0.00875305
0.00876931
0.0110904
0.00610109
0.00616688
0.00879102
0.00835136
0.00607889
0.00644535
0.0123617
0.00985321
0.00706016
0.0116608
0.011278
0.00955906
0.0108572
0.00938748
0.00919238
0.00990998
0.0129194
0.00946628
0.00933705
0.00847572
0.00883337
0.00850671
0.00758845
0.01142
0.0058095
0.00793234
0.0088033
0.00960121
0.00768371
0.00948651
0.0117774
0.00991278
0.0079708
0.0114067
0.0110487
0.00961233
0.0106647
0.00954757
0.0095509
0.00754531
0.0111803
0.00988071
0.00921481
0.00903069
0.00992476
0.00969881
0.00837648
0.00882263
0.0112935
0.00812451
0.00844289
0.00852813
0.00888907
0.0106151
0.00724545
0.0107503
0.00948468
0.00760389
0.00729525
0.00970347
0.00789204
0.00961581
0.00836716
0.00947332
0.0089156
0.0118886
0.0090031
0.00904764
0.0106585
0.0110429
0.0104659
0.00683458
0.00823489
0.00610049
0.00751226
0.00803269
0.00665276
0.00724434
0.0080986
0.0064797
0.0128578
0.0116997
0.00971224
0.0100452
0.0112312
0.0124338
0.00768658
0.01462
0.00851219
0.00629963
0.00765626
0.00853898
0.00698818
0.00761777
0.00486406
0.00818937
0.0064648
0.0120346
0.00660062
0.0090567
0.00836701
0.00999953
0.00795477
0.00653037
0.00558801
0.00792234
0.00771122
0.00627629
0.00733665
0.00587841
0.00801607
0.00885193
0.0110888
0.00727307
0.00795525
0.00870777
0.00838371
0.0100833
0.00571888
0.00517061
0.00866171
0.0067546
0.00513814
0.00561473
0.00779049
0.00911049
0.00642332
0.00683917
0.00891239
0.0118059
0.00769515
0.00799109
0.0107085
0.012116
)
;

boundaryField
{
    walls
    {
        type            fixedValue;
        value           uniform 1e-10;
    }
    pressure_outlet
    {
        type            zeroGradient;
    }
    velocity_inlet
    {
        type            fixedValue;
        value           uniform 0.00375;
    }
}


// ************************************************************************* //
