/*--------------------------------*- C++ -*----------------------------------*\
| =========                 |                                                 |
| \\      /  F ield         | OpenFOAM: The Open Source CFD Toolbox           |
|  \\    /   O peration     | Version:  2412                                  |
|   \\  /    A nd           | Website:  www.openfoam.com                      |
|    \\/     M anipulation  |                                                 |
\*---------------------------------------------------------------------------*/
FoamFile
{
    version     2.0;
    format      ascii;
    arch        "LSB;label=32;scalar=64";
    class       volScalarField;
    location    "100";
    object      omega;
}
// * * * * * * * * * * * * * * * * * * * * * * * * * * * * * * * * * * * * * //

dimensions      [0 0 -1 0 0 0 0];

internalField   nonuniform List<scalar> 
54912
(
7.58394
10.9085
7.60742
8.0404
8.26399
8.61967
7.87988
8.10376
36.5963
83.7319
26.1634
37.2251
85.8187
54.6916
47.6062
36.3236
7.63475
12.3694
7.68836
7.70989
8.23307
10.307
7.81758
8.52173
9.28819
20.5655
9.93407
20.2564
13.2075
15.5515
11.7261
13.4785
12.6272
7.64743
8.68485
13.8871
10.5173
8.49158
12.21
10.2803
18.3255
23.2213
21.266
8.4992
13.8371
25.3216
11.7826
18.5197
7.40578
8.2052
11.3812
8.18045
7.96981
9.03087
8.49746
9.31539
7.90683
8.58989
17.8834
15.4566
9.13801
9.81146
12.9796
13.9526
7.27333
7.30235
7.24723
7.49897
7.33466
7.28168
7.34057
7.29462
7.27449
7.30842
7.2402
7.39234
7.32147
7.25329
7.30011
7.28424
7.22175
7.24293
7.23588
7.45786
7.24323
7.22544
7.29554
7.27866
7.92248
8.24572
8.16268
11.8016
8.47592
8.00644
9.22998
8.67044
7.28512
7.2647
7.61089
7.58005
7.30905
7.31411
7.46152
7.44917
7.24038
7.39811
7.23513
7.21976
7.23273
7.26387
7.21659
7.24985
7.26102
7.52051
7.78167
7.62303
7.3086
7.38315
7.45873
7.51205
7.23382
7.56412
7.71645
7.29956
7.26375
7.40909
7.30528
7.5394
7.30353
7.35189
7.36721
7.65149
7.4253
7.32702
7.4699
7.42357
7.3572
7.24382
7.35791
7.82308
7.55076
7.32426
7.69746
7.48681
7.71495
7.4063
7.63249
9.37591
8.19568
7.53929
8.4048
7.96715
9.24811
9.09185
11.452
13.1116
11.4061
9.96795
12.7105
11.2399
7.50598
7.61185
8.16601
8.16931
7.5294
7.59395
7.83664
7.83994
7.34187
8.1609
7.40797
7.43782
7.47051
7.95236
7.44232
7.77973
7.76767
8.31146
8.58419
10.2419
8.09512
8.11149
9.54199
8.88699
7.7552
9.49258
8.65536
7.64735
8.39733
8.89488
7.93459
8.50481
89.077
56.9859
111.216
112.393
81.1465
67.306
127.015
116.338
39.1139
29.909
64.495
39.8812
36.7233
34.6132
54.5824
50.4117
172.105
121.871
160.267
115.758
172.35
151.961
186.419
168.276
66.1377
31.0957
56.9817
27.5119
53.3506
48.0987
52.003
45.3795
54.7723
102.294
94.9314
59.8444
88.23
104.781
73.2383
86.9764
47.5395
53.4408
73.3346
96.9645
85.1775
75.8585
92.9144
92.1739
160.678
103.568
54.5754
93.3375
128.718
98.5657
111.495
79.6649
153.647
80.8992
50.3181
96.093
134.402
105.17
108.448
84.5605
265.966
81.0359
121.823
254.652
214.781
125.069
253.45
158.343
43.9838
23.5003
29.1336
31.4737
38.3159
32.5169
33.6465
27.8801
40.6401
25.117
25.5676
30.5209
33.8857
28.4786
24.8523
19.3719
64.7579
33.1511
26.8137
38.5878
44.5664
33.946
42.2729
24.993
67.7906
94.2524
167.105
39.0292
63.197
91.1137
52.365
91.3436
52.9508
32.4664
36.7345
68.7742
48.0599
39.0393
56.2103
51.1967
85.3258
123.394
32.8349
46.5736
78.2441
60.3508
57.2802
42.2228
67.4127
41.6204
24.3097
32.7141
57.2735
49.9821
46.2937
39.6957
128.268
142.836
101.773
60.9952
133.387
140.57
92.9096
107.181
99.781
85.2333
82.3563
49.2442
77.4713
81.5632
63.1026
71.0925
108.591
96.6621
137.046
79.9767
106.446
110.394
108.58
115.834
31.9685
28.5271
47.2309
32.2578
27.4505
30.54
40.1516
43.4591
110.821
103.575
50.7101
45.8179
83.9008
93.4593
52.0399
55.4503
118.291
51.8107
98.8448
114.317
99.0079
78.9267
110.999
93.8699
88.6408
47.5782
44.3367
59.8111
61.5171
53.2009
58.3128
49.2549
101.272
67.3375
52.8889
89.9161
94.4364
66.1331
83.5105
66.5041
26.9563
24.6292
41.4404
20.4563
21.7493
28.4139
25.6353
33.8041
32.3122
40.8466
64.4644
22.8491
29.3907
55.2096
31.9911
52.345
61.573
97.657
131.779
66.6185
66.2346
84.9637
74.4304
100.715
28.5762
29.1095
36.4442
23.5119
27.9836
33.6635
29.9165
33.8761
23.3031
37.9801
20.8162
23.2636
23.0435
30.7266
19.0052
25.5105
37.6617
28.6541
62.4752
43.5723
32.269
35.4854
38.4357
40.5841
44.0989
31.34
32.0339
42.4333
37.2414
34.1859
42.6693
38.2823
55.8042
57.3575
38.6234
80.017
60.3628
50.7754
54.3997
48.5561
299.813
166.692
406.525
259.706
307.842
369.275
325.486
371.122
61.0427
30.904
135.585
49.2517
41.2883
45.7476
77.8082
77.0429
376.583
300.564
375.838
227.596
329.218
361.222
288.45
333.013
90.7384
48.6997
97.5488
51.8291
64.2836
72.2437
66.9149
75.6332
122.389
357.082
192.263
85.6312
156.692
305.622
117.072
227.605
133.671
106.55
243.589
396.467
164.539
161.471
219.646
208.795
326.495
173.836
97.186
168.052
246.659
215.131
200.091
155.598
365.164
207.69
104.141
258.595
284.176
243.836
222.999
150.334
7.52525
8.8286
8.63173
8.3649
7.72566
8.40122
8.0582
8.75961
12.5656
26.0271
28.3072
18.9339
14.3606
18.8536
16.008
22.0561
11.4623
22.5624
22.3687
17.8598
13.008
16.6974
14.5257
18.1782
11.2146
23.7392
23.7472
20.3335
13.4381
18.6951
18.5734
24.5481
9.89103
9.45251
9.16229
15.6531
10.8332
9.54175
12.1423
11.1272
10.5207
16.233
17.5961
9.82378
11.9785
13.9309
11.1202
12.6133
10.5552
10.8293
20.1965
17.422
12.319
12.8644
14.2992
14.819
11.3156
17.4355
20.2302
19.6572
12.9665
14.4105
14.0293
15.7551
7.61182
8.87419
9.47537
8.88543
7.92536
8.64078
8.49
9.23303
10.4359
17.697
19.081
20.6313
12.3458
14.0991
14.4795
15.7693
13.0984
25.1842
19.814
25.14
16.8195
17.267
21.6697
22.3021
11.9066
22.5998
27.6623
21.3295
14.8482
18.7156
19.2729
21.4153
10.4985
10.8629
9.57836
16.261
12.669
9.83599
12.8829
10.9651
11.9995
30.4028
18.6672
11.7744
14.0032
18.201
12.7049
16.7856
13.1957
11.0779
19.5314
20.8192
15.376
11.898
17.3717
13.84
14.3298
20.7697
34.8829
25.5877
17.3615
19.1223
22.6538
31.5451
14.2867
15.8358
11.246
18.5394
14.3574
12.824
14.7834
12.8777
16.0961
16.4613
15.0783
20.9688
18.1119
15.8925
17.3448
16.2826
8.81607
10.0049
7.44953
8.71698
8.70377
8.34358
8.09862
7.66696
18.9326
17.8965
11.0345
14.4533
17.2217
15.466
13.3512
12.3226
18.4792
11.4278
18.8587
22.7487
17.6499
13.5976
21.6247
16.8805
15.532
20.6033
13.2922
10.5344
15.3026
16.7943
13.0747
14.0954
10.702
16.2827
16.9715
10.3452
12.0617
14.0066
10.9931
13.6951
9.64547
9.20025
14.2199
10.681
9.55929
10.2091
11.3738
12.102
60.0576
62.2309
46.9898
41.4376
55.5494
58.5214
49.4278
55.1547
41.173
20.7242
19.1605
25.063
33.9675
24.5435
30.3361
21.3396
30.7243
18.2793
15.9179
21.5732
25.2348
18.2512
24.0837
16.5946
27.4504
21.2418
21.9924
16.6916
24.6969
26.2867
20.7739
20.5359
52.859
44.1817
37.9089
33.8857
48.2197
55.2997
37.9434
44.2902
38.0062
30.8179
24.8369
36.5485
35.9499
32.2108
34.1877
29.1902
43.1753
32.9466
29.3853
26.3465
38.0142
36.7351
30.7368
34.7211
32.0425
22.1185
26.0806
21.471
30.8992
27.3268
26.3782
24.7325
111.215
145.225
185.917
134.607
149.754
166.441
149.315
168.921
193.206
157.041
168.813
114.072
199.675
198.413
147.071
166.964
199.556
211.247
292.302
161.299
187.776
215.974
190.579
245.972
73.4987
63.13
74.8023
34.5353
70.3998
75.4767
47.5566
63.9001
178.784
202.649
125.062
109.732
183.319
181.861
141.646
152.759
198.603
123.733
181.767
215.474
203.561
154.576
216.543
184.434
160.214
103.36
87.874
103.934
140.374
127.137
122.856
97.2885
186.37
137.309
110.109
193.444
165.6
141.367
155.489
120.661
5838.45
5826.35
5837.74
2531.35
6112.76
5838.31
5749.29
5615.04
5819.1
5816.11
5831.84
3060.37
6499.82
5817.16
5884.5
5854
5838.74
5846.95
5839.75
2733.08
5295.6
5843.22
5050.64
5322.63
1148.47
1122.3
1342.66
296.242
998.297
1236.32
1001.5
1125.04
5670.23
5274.3
2105.81
2400.34
5155.4
5109.92
2825.2
2270.67
5821.53
2511.01
5841.96
5838.48
5433.16
5568.97
5826.97
5553.61
5016.61
2069.93
2422.6
2378.84
2382.45
2175.45
2426.09
2491.65
5396.94
2526.43
2441.78
5489.03
5158.89
2698.71
5317.95
2631.91
7.48002
8.66616
8.75665
9.33309
7.8366
7.97778
8.27425
8.4921
11.4618
15.2141
17.384
20.8484
12.8555
13.9992
15.3732
16.9517
10.7661
14.2576
14.0457
18.8464
12.0552
12.8275
13.8924
13.9992
15.1922
30.3572
23.9515
21.9113
17.9255
20.7231
18.5526
21.4504
10.1648
9.71249
11.787
18.2145
11.8255
10.3099
14.7534
12.7163
10.3373
18.7172
13.2106
9.79828
11.842
14.4565
10.4854
12.8181
10.9086
14.3533
21.4124
19.9027
13.6072
14.6252
17.0865
18.6688
10.7735
20.5704
22.0319
14.921
12.0086
16.4801
15.4326
19.4521
14.9081
15.4511
30.1141
21.5552
15.9623
17.9965
24.2776
26.5545
21.1783
19.9206
41.2521
23.2525
24.4558
29.7553
27.081
33.6593
51.269
55.8901
57.9752
50.8316
51.9059
55.0306
55.6857
56.049
27.9519
35.9977
35.2139
23.9683
26.2483
31.8288
27.0558
32.5588
17.5281
38.2437
23.8757
26.1467
25.6123
33.2811
22.672
27.8142
21.0469
29.0107
51.3223
46.8414
31.9374
36.31
40.7087
45.1915
47.7505
30.2528
38.7216
39.8624
37.694
30.9367
38.1439
37.0493
49.3765
45.437
41.2507
55.0009
49.791
43.3462
51.9968
48.0714
7.44757
8.25138
7.73599
7.98256
7.74166
7.96764
7.8819
8.15495
9.92616
16.5849
10.2129
18.7039
11.6099
11.378
11.1286
11.7605
7.61227
8.63914
7.58456
8.51394
7.94281
7.97441
7.97162
8.14042
9.15719
17.7558
9.74765
17.2617
11.4026
11.2163
11.5065
12.0857
8.65186
8.05291
8.51823
11.166
8.71546
8.43259
9.316
8.591
8.8117
11.2504
8.88847
8.03316
8.93978
9.05439
8.30957
8.8899
7.90029
8.59518
11.35
8.72326
8.1503
8.80741
8.77559
9.26677
8.09839
9.31179
11.9754
9.4173
8.35564
9.04657
9.11093
10.471
18.8227
102.458
202.376
10.6057
21.6475
61.5612
26.7451
51.5369
117.083
125.385
595.027
63.224
103.76
125.02
158.988
186.609
540.244
1323.86
3485.91
563.022
536.939
988.874
888.289
1004.47
14.3018
22.5103
169.658
45.7249
16.0629
19.4692
37.6361
39.4096
98.345
233.626
11.094
31.8943
85.6727
67.2386
30.9854
18.3588
126.183
55.8219
721.834
500.853
132.166
173.963
576.852
543.114
137.943
14.608
28.2569
142.434
35.3731
18.0638
38.268
21.5603
258.834
152.915
47.0548
690.285
275.783
86.5557
462.944
154.068
3391.25
1846.11
2299.83
1423.6
3061.99
2404.95
2882.37
2396.08
865.76
208.806
597.354
219.322
678.135
513.803
672.501
566.353
1518.28
914.836
1111.26
685.047
1252.42
1052.57
1214.65
1076.86
450.491
111.034
331.508
113.933
300.799
258.877
301.682
267.862
1593.15
1879.16
1213.79
410.716
1537.8
1834.48
633.9
985.403
1306.31
382.647
857.174
1538.37
1350.37
1010.39
1338.54
1103.88
1769.4
1189.8
410.959
784.4
1061.75
1022.25
801.548
691.851
1531.24
676.859
389.324
908.753
1207.05
646.736
1077.06
449.532
4191.61
1605.36
3203.28
895.426
2714.03
2997.97
2897.22
2891.68
716.866
183.45
808.39
163.215
486.213
520.407
597.108
564.989
3582.78
1788.44
3424.59
1337.17
3207.12
3392.74
3065.58
3173.65
260.193
52.0339
348.477
78.8876
159.469
245.786
180.142
221.82
1198.55
2957.06
557.382
184.198
1231.25
2744.59
298.101
791.851
1252.5
330.164
1488.64
3271.11
1247.12
1210.46
1586.49
1421.12
2870.08
590.815
196.312
944.558
1153.01
713.953
942.26
704.403
3048
1135.6
270.29
1503.67
2891.72
1305.99
1514.91
510.279
7.30745
7.32198
8.30008
8.03124
7.4971
7.36372
7.68843
7.85036
7.37929
7.38383
7.90619
8.24415
7.54445
7.4756
7.80688
7.92839
9.28932
9.27628
12.1418
17.3465
10.8694
9.5327
12.6277
11.2824
9.86415
10.0273
15.3529
14.3222
10.9983
11.6808
13.4041
13.2579
7.45031
9.25648
8.68864
8.6088
7.75417
8.36579
8.26106
8.58302
7.39091
9.38106
8.08821
8.42265
7.61207
8.08242
7.99596
8.63001
10.2294
9.11536
9.79073
13.2472
10.523
9.21091
11.5788
10.2316
9.31793
17.9274
10.4842
8.73715
10.2905
14.5915
9.679
11.8383
7.24077
7.44029
7.85861
7.75953
7.28965
7.30531
7.40112
7.54815
7.57291
7.40539
8.29431
9.29573
7.7031
7.75416
8.11578
8.02074
9.2014
9.82776
11.9489
13.091
9.87818
9.84197
10.9431
10.8468
10.599
12.9221
13.9743
15.1032
12.1141
12.0742
13.5239
13.0876
7.65422
8.39112
8.23393
10.5871
7.98668
8.15345
9.61471
8.73218
7.69299
10.9497
8.64153
8.68167
7.90072
8.37692
8.22059
8.51739
9.04591
8.87878
11.98
11.8705
9.88409
9.06182
10.5109
9.96335
9.22262
11.9589
11.8948
9.26741
9.95073
10.8752
9.23597
11.4521
206.65
95.1327
171.703
199.901
181.773
145.946
199.19
149.262
114.851
151.232
65.2929
102.048
107.837
97.1019
95.9996
82.4103
103.002
47.1108
42.7907
48.9848
74.4948
46.8417
78.1475
34.987
179.138
70.1477
72.8184
89.1355
127.36
77.8889
158.007
68.9565
90.9457
149.126
174.901
80.0449
89.8275
138.838
91.3194
125.907
87.9123
75.6383
60.1739
99.4363
76.5759
75.6622
71.1224
61.9245
163.871
205.733
72.8634
114.974
141.3
115.671
98.2548
99.0424
86.151
45.345
61.9612
46.8095
70.9981
54.4828
51.7
45.0098
7.50966
7.32661
8.23955
8.61889
7.69881
7.45062
8.03222
7.95457
7.26499
7.23541
7.83201
7.85637
7.2588
7.24646
7.42355
7.43408
10.5677
10.3915
19.6411
21.2769
11.2302
10.4918
13.1588
12.6591
12.0268
10.7308
26.3853
22.7764
13.7717
11.9817
16.4336
16.3484
7.51886
8.58595
9.00833
8.56437
7.74194
8.08732
8.34167
8.61289
7.34716
8.04498
7.9205
8.42889
7.66155
7.65429
8.03421
8.23233
9.21715
9.96622
9.42804
15.4988
10.7626
9.79055
13.7561
10.5823
9.01954
15.2965
9.06716
8.70473
9.91844
11.919
8.90461
11.194
149.194
81.3165
101.629
100.149
138.225
110.747
121.645
86.2928
38.4209
17.5901
35.5968
20.62
28.7981
22.4683
25.5628
22.5496
94.4923
49.2964
63.2707
67.8361
80.1195
67.0223
73.9648
64.4533
45.196
21.3265
48.6167
23.2756
37.8453
28.5992
37.9459
33.216
58.3997
86.6535
74.6027
35.4232
52.5985
78.8974
46.9381
61.2147
48.1207
26.9053
45.3232
78.6077
45.7535
35.2693
58.7513
53.1625
89.4295
67.2427
31.6946
54.2003
99.2277
58.9826
59.7377
41.1761
79.3527
48.5659
28.4533
44.9391
62.5551
47.2243
45.0869
37.0283
7.37806
8.71784
7.25413
8.12692
7.63411
7.59191
7.70592
7.51494
12.553
15.4193
13.1202
17.7346
16.9994
15.5045
16.9949
19.7206
7.35377
8.87465
7.4412
7.70187
7.56617
7.94356
7.60249
7.93514
9.60761
13.7293
9.27996
14.5363
11.7872
11.1576
12.2347
10.9227
10.1506
7.38681
9.1891
12.3503
9.21927
7.77554
9.87987
8.39158
10.6769
14.8837
10.86
7.47964
9.85986
10.8613
8.39859
9.46805
7.3649
8.99578
12.1141
7.99463
7.44476
8.02103
8.07963
8.77969
7.44225
7.97039
13.6514
10.8871
7.886
8.55917
9.57972
10.3861
7.61912
10.4782
8.61272
8.32181
8.93699
9.71465
8.87129
9.65988
25.8827
63.5092
29.805
52.7635
39.2299
50.9647
41.2074
47.553
10.3938
19.8458
21.5252
27.5418
12.9367
14.8565
14.6198
20.4747
11.9272
49.6994
36.3
36.7678
22.7591
31.0846
27.825
36.6119
15.6242
9.6293
11.991
29.8408
18.1259
12.9351
19.5055
15.5518
20.887
39.7624
22.8911
10.8443
22.2497
31.0423
13.0557
18.7479
9.92221
12.0605
33.0871
20.5027
10.913
15.337
14.3185
19.5747
11.1863
27.7226
40.0701
24.6712
14.6811
20.5451
18.8768
25.5017
107.917
91.9651
111.143
57.008
82.2947
96.9613
71.4564
94.1161
77.5785
24.491
49.425
31.2825
75.9104
59.0561
44.3664
43.3093
113.527
76.4767
80.4081
61.6905
99.9472
112.584
96.335
81.6481
42.5964
26.238
40.6008
21.9454
46.731
67.5053
42.8677
44.1949
94.375
119.215
53.1652
55.2318
103.291
91.5926
54.0158
71.2642
122.934
63.3508
86.5708
159.902
137.641
81.5579
138.633
100.722
104.983
54.7053
42.1954
67.6312
83.0559
72.9258
87.6812
66.6126
111.093
65.0543
47.5116
74.0278
86.8811
87.0615
66.4389
48.5055
59.2558
50.9544
29.3279
52.7779
53.8133
53.0826
44.2994
39.1224
19.2845
16.3509
11.3531
20.2651
14.6408
14.4799
13.2368
11.8877
11.9739
8.73202
7.69144
8.77176
9.7242
8.52408
8.80045
8.20215
26.8827
21.8666
11.6447
15.9354
18.3504
17.4922
15.6972
13.5198
26.0974
23.7095
42.2744
21.9385
23.0535
35.7535
26.6632
31.876
21.7519
18.2318
10.4365
16.3978
14.9828
11.6436
14.4509
10.7172
17.531
33.6153
20.2265
12.8681
20.9249
24.9978
15.2592
17.6136
13.4869
10.2193
16.851
9.24289
10.8586
12.5865
10.2325
13.3948
189.669
306.011
196.261
166.689
214.958
260.013
191.782
250.013
404.036
442.913
372.734
263.512
383.417
399.667
335.575
377.678
138.934
206.46
37.5705
74.8764
142.66
129.722
96.5226
73.1884
154.104
135.56
85.172
50.1077
130.076
152.572
96.7862
97.9767
324.864
214.849
192.858
232.059
282.897
246.017
248.262
222.541
365.297
264.326
329.954
228.13
344.336
335.99
305.821
341.979
192.391
167.779
204.224
128.968
180.512
205.117
165.898
185.628
201.964
114.252
232.445
268.265
212.156
166.801
282.095
208.941
163.944
154.696
105.423
133.943
147.731
138.67
129.678
109.643
83.1925
23.6395
22.6144
28.809
50.0565
29.5758
25.2758
18.1128
104.253
62.7724
71.3559
71.1341
83.6506
72.5737
70.7562
59.2229
84.4396
34.9157
31.1855
19.1135
49.7233
42.3873
25.8395
22.6491
139.595
79.4741
129.539
59.2577
74.1009
99.6404
101.171
122.735
136.429
32.0802
31.132
70.4225
43.8096
34.8691
53.7409
40.5807
84.1399
81.757
35.4436
58.391
73.4501
62.4953
58.5521
47.5059
73.5703
53.411
26.2345
32.5067
56.1713
43.027
38.2254
30.5997
5797.7
5791.77
5819.19
2075.26
5947.56
5814.79
5034.92
5558.53
5809.25
5808.27
5799.99
2992.64
8245.05
5811.9
7775.38
5830.96
5819.35
5791.9
5788.79
2031.06
4992.05
5800.89
4702.16
4812.92
930.229
586.637
535.057
280.034
608.985
610.353
606.768
536.895
6166.37
4794.68
1695.58
2005.06
5314.78
4822.09
2396.58
2376.94
5816.38
3348.74
5815.72
5838.59
5692.51
7019.37
5821.64
6265.18
4550.01
1760.73
2128.58
2014.38
2232.01
2259.59
2149.68
2118.43
5351.06
1982.45
2736.81
4885.07
5100.35
2383.07
5532.8
2386.97
107.308
54.1415
80.4569
47.5583
85.8744
70.0999
76.1949
65.5447
27.032
18.2754
30.6534
16.2014
23.4979
21.9331
22.9938
21.5292
61.9557
37.3591
22.0584
31.4688
46.3941
38.1148
36.6143
28.8835
28.0171
16.2863
21.7214
19.972
23.3435
20.5654
22.4214
19.3333
44.5367
71.9092
41.2797
21.6509
43.5266
54.5766
24.83
33.9688
39.6836
20.273
39.6397
58.7897
39.1318
31.7617
43.4195
42.149
69.703
43.4189
20.1778
34.7047
43.963
38.1401
38.4494
30.1188
63.2732
30.6161
19.4665
32.8662
50.4178
35.048
35.8974
27.4819
118.384
61.6166
59.6549
58.111
76.3299
62.8213
69.0883
60.1487
70.1004
107.685
117.473
64.7616
72.0915
113.105
69.0341
107.916
46.2883
65.7198
45.3186
25.6154
38.1793
63.2741
31.7607
55.2642
40.9597
44.4179
30.9297
24.174
38.2803
39.1757
34.7594
37.343
58.3802
53.7931
48.3801
52.5097
57.0141
55.8687
54.9311
53.3383
66.3941
61.7164
103.738
64.1233
64.5493
62.5159
65.7585
58.5052
51.31
45.8708
50.1308
37.5679
43.4557
52.4427
44.3105
48.2983
55.6932
41.6129
57.3695
86.1847
50.3217
47.9661
55.057
49.4166
7.64435
9.80753
8.82462
8.00374
7.92668
8.40848
8.18225
8.67036
15.4133
19.5925
32.5498
23.9551
19.4437
21.8922
21.4074
24.0638
11.5196
26.7821
15.7795
14.3893
13.3824
18.5196
13.7943
17.0613
10.4343
17.9888
14.592
16.557
12.1951
14.0087
13.8899
15.4341
10.807
9.656
8.5087
14.9653
11.7076
9.85044
12.0452
10.4276
12.1983
20.5758
23.367
11.018
12.835
15.1776
14.3552
16.6
10.2784
9.36044
18.2875
13.1888
11.0478
10.6626
12.1906
12.1782
11.428
14.054
23.0988
23.7895
13.5358
13.6868
18.4992
21.2174
7.31696
7.81144
7.42634
7.84951
7.65243
7.75243
7.54016
7.7122
9.21417
31.7606
25.1451
19.5735
14.4666
30.3347
14.4671
34.4014
8.04965
19.2159
10.2065
9.08884
9.70684
10.9667
9.02169
11.6844
9.1726
14.3827
10.9492
17.8455
12.1534
13.4518
12.3275
14.1019
8.37359
7.78051
8.54585
11.6295
8.40039
7.92211
9.24606
8.81982
8.88812
17.2073
21.9554
8.16808
9.06189
11.2867
8.45019
11.998
7.70224
8.30266
10.985
9.28807
8.21201
8.86169
9.64243
9.9609
8.74621
9.93571
20.5197
30.6507
10.0736
11.1698
13.3256
14.3196
1004.69
858.098
519.858
664.726
953.381
834.178
674.4
588.825
573.412
164.913
126.881
166.879
537.585
294.693
321.517
174.277
229.117
73.9616
86.4742
74.8211
188.453
90.9417
111.301
86.2071
297.149
92.3058
80.809
101.968
238.673
110.18
173.863
89.1459
835.226
466.813
630.151
377.019
555.619
513.513
422.481
454.17
583.041
214.494
159.713
355.763
411.002
284.358
356.13
289.254
331.545
410.151
237.504
124.376
279.043
307.619
193.515
204.459
237.608
82.9401
123.078
94.1309
169.549
108.764
177.736
94.6011
7.30108
7.42308
7.90941
8.35491
7.44259
7.48153
7.59121
7.57319
7.34524
7.36323
8.18297
7.90973
7.55161
7.66064
7.838
7.90646
10.6924
10.2665
16.4059
16.7198
12.7711
11.2067
13.9196
12.6077
12.142
10.014
19.7994
16.6093
14.3008
13.0594
16.9467
17.0606
7.6045
8.89232
8.82862
8.63937
7.9157
8.00606
7.93995
8.38467
7.65108
8.77202
8.86907
9.16303
7.95561
8.29703
8.87603
9.0166
10.0352
9.69828
9.61387
14.1499
11.6022
8.98719
12.6978
10.3901
10.3007
14.6141
9.98092
9.53012
11.6519
13.2921
9.94637
11.6527
13.3351
9.51663
12.4849
18.9743
12.1156
10.4264
12.5805
11.4481
8.11294
7.303
8.02872
7.92631
7.72722
7.40638
7.79724
7.56797
14.9905
11.1949
16.4096
14.7287
13.2575
13.0314
14.2168
13.6643
26.7743
10.9639
15.4431
25.2314
18.7912
12.6621
19.2231
14.2056
9.13615
12.5936
17.2392
9.76526
9.89978
10.9928
11.3168
12.8026
8.45265
8.38085
8.70059
11.1329
9.1498
8.15876
9.59516
9.11804
13.8444
18.7189
10.1816
13.0159
14.4871
14.7063
11.9844
11.4471
12.7525
11.7437
8.88553
9.24592
10.4116
10.2413
9.38107
9.56388
61.8271
41.212
40.7604
41.818
57.999
51.2468
51.346
44.8196
29.056
19.1486
14.3514
23.5281
22.0375
17.7106
20.8683
14.5106
25.0561
16.5735
18.0105
15.9238
21.724
18.7436
19.6207
17.1775
33.6909
33.0747
17.1448
30.2024
29.5001
25.9673
27.8904
20.0306
34.6915
36.0238
36.7361
29.2749
32.3783
38.9724
34.4729
31.9115
29.0141
23.6217
18.2611
32.2941
24.316
23.553
20.5446
19.0021
31.0485
34.0741
27.9502
19.704
22.0581
26.2666
20.4993
25.578
28.3659
15.8522
19.3406
16.3895
23.6445
18.1028
17.7486
16.0667
356.539
391.94
423.291
223.086
383.801
408.182
345.439
397.456
434.88
330.209
423.669
329.871
404.87
409.485
365.977
378.28
403.501
458.134
431.252
364.799
396.378
431.612
376.382
422.389
74.5011
190.682
204.253
38.3944
76.1225
167.945
58.588
173.378
353.836
391.808
210.361
272.549
336.867
347.481
316.566
282.27
396.799
319.063
454.704
411.102
382.43
347.21
427.869
415.303
362.566
167.724
234.969
258.508
275.925
267.444
294.316
238.78
404.203
353.891
294.345
441.996
382.993
359.215
398.743
378.549
96.6693
66.4356
96.5842
60.3875
85.7624
76.2966
85.768
78.603
43.9714
25.4348
43.2373
23.3898
36.1392
30.585
31.594
27.6677
56.2772
34.7719
39.6139
24.8222
43.1271
37.3597
36.5946
29.8118
42.5649
29.0529
25.7253
21.3072
39.1116
32.4108
33.0015
27.0339
61.2727
80.8181
53.8226
34.255
53.8311
66.9571
39.7371
46.5051
56.4065
28.645
46.9461
73.1642
50.5715
39.0181
62.4712
47.7596
71.6621
52.112
29.8624
36.2771
41.8036
43.9158
36.4379
38.1072
57.9892
28.4781
25.1382
33.3828
47.6975
31.1593
37.5332
25.6501
7.53289
8.78455
8.67986
9.07529
7.79638
8.19246
8.0399
8.39509
12.927
29.2044
28.3559
21.1078
15.0551
20.2931
18.1507
21.7884
13.2843
35.575
21.2347
22.8183
14.75
22.2661
15.8396
20.4112
14.6977
22.5391
25.8623
18.9512
17.4717
19.4203
19.5451
22.5506
10.1302
9.16931
10.0522
16.2318
11.1096
9.30494
13.6697
11.3963
11.8741
20.5994
25.7823
12.4953
13.0112
15.8407
16.3807
18.4603
9.78324
12.0937
21.4325
18.82
13.9444
13.6719
17.0888
17.2844
11.9178
21.2907
23.8685
27.8977
13.9427
18.6952
20.4537
22.967
16.3083
15.5405
10.3912
17.348
14.609
12.7436
13.2164
12.0817
20.0252
20.3087
14.1617
22.6828
20.0836
18.1369
17.3124
16.272
8.27382
9.098
7.38158
9.87805
8.21797
7.86068
7.82349
7.70315
26.6419
30.0303
18.9678
24.5458
25.7558
22.9924
24.1728
22.0142
15.9941
11.3002
18.6669
24.1268
14.8544
12.8911
20.2262
15.7935
14.6062
20.447
11.5352
10.0888
13.6433
14.0873
11.9255
12.8446
10.5573
18.3415
23.046
12.452
13.4689
15.482
13.62
15.4395
9.18028
11.7061
20.7602
10.692
9.68294
13.2449
12
17.9533
7.26119
7.24891
7.42672
7.6678
7.30157
7.26248
7.36173
7.32919
7.23272
7.21734
7.24017
7.41461
7.25561
7.22046
7.29436
7.24885
7.44461
7.26803
7.34123
8.19147
7.5526
7.33303
7.6783
7.48878
8.82175
9.02922
10.3305
13.7821
10.2788
9.29891
11.2152
10.165
7.32433
7.45351
7.74646
7.6638
7.40141
7.53654
7.55444
7.6334
7.23743
7.49497
7.24803
7.27603
7.28263
7.34249
7.24931
7.35075
7.53629
7.95281
7.95171
8.88138
7.95819
7.94782
8.52171
8.57081
7.34929
8.25515
7.69927
7.33225
7.49652
7.9074
7.40629
7.82785
106.573
54.3803
47.9206
60.6887
78.5844
69.889
72.5934
56.3103
39.0181
23.8523
23.4807
26.1741
32.5908
29.0729
28.9236
25.3469
25.1971
18.5492
19.7248
21.9544
22.4895
21.5906
19.8975
18.2202
54.6625
33.5713
39.3117
30.6761
42.4929
37.9319
37.2414
33.0057
44.1463
39.0836
48.3284
33.9919
37.4308
48.964
37.5722
42.8499
40.6209
31.065
22.6777
33.3389
31.2365
30.1496
27.675
25.1624
35.475
45.9188
29.0164
25.5554
35.5193
37.9865
29.5421
33.6195
29.3126
21.6754
26.48
19.0456
26.3525
26.8503
23.2421
25.7815
3349.06
2229.37
2018.32
1531.95
2792.42
2540.47
2015.1
2102.9
1511.47
1239.43
890.683
714.6
1250.35
1292.57
873.456
902.509
1523.15
807.69
1004.1
698.884
1153.77
1160
883.252
899.066
480.256
343.245
430.841
161.287
371.667
375.977
358.147
373.436
1797.64
1614.63
1253.68
858.164
1349.95
1446.36
1057.33
1226.74
1670.77
846.48
1028.92
1588.64
1424.39
1013.38
1379.69
1070.91
1303.21
875.021
573.504
641.419
1015.26
957.19
735.231
614.599
1418.19
655.726
643.819
775.143
958.298
741.673
756.657
648.589
9.20513
7.97517
34.277
16.6051
9.47796
10.22
12.7372
13.4745
7.80469
9.94764
34.8413
10.0322
8.33268
10.8169
9.94571
13.5523
426.444
212.457
2097.41
625.715
384.927
769.99
651.123
801.973
31.3706
13.0944
241.972
57.0761
28.1692
36.2537
48.654
47.7394
8.40985
33.7568
15.4614
10.5241
9.10578
16.0079
10.0592
17.1784
8.66411
12.2039
34.2769
35.8694
9.99085
11.47
12.3263
14.3386
139.937
21.8427
12.6011
276.569
243.438
30.2051
197.915
38.5395
83.9517
182.778
13.6621
41.8774
106.665
137.446
21.9378
26.0674
28.3718
20.8948
9.84087
13.2058
15.848
14.9374
12.17
11.4841
14.6584
18.5577
10.0032
12.998
12.8388
12.2224
11.1535
10.7499
8.19689
8.20911
7.31891
7.90494
8.07767
7.89096
7.7255
7.58373
15.0046
16.4675
9.74627
18.8227
14.6954
13.8145
13.9323
12.7318
14.5296
9.54549
11.7157
12.6434
11.696
10.5826
13.1612
11.0599
13.1296
11.4466
8.8749
8.98617
11.383
10.2129
9.82118
9.48321
8.81578
11.3813
12.3635
8.82121
9.58077
10.2916
9.51429
10.5083
8.66932
8.59839
11.453
8.60339
8.4744
9.08406
8.97493
10.0477
60.96
39.2829
42.532
28.9545
53.1817
50.0913
44.4063
43.0722
30.4794
24.5366
21.2422
16.0208
24.2986
24.8653
19.5261
16.6736
38.9474
32.1471
38.3012
15.0149
32.8381
36.2363
23.5095
23.7469
25.9246
18.1911
17.5978
21.7815
22.492
19.7528
20.7343
16.5424
35.1659
40.0483
26.269
19.8326
31.6129
34.3759
24.0693
24.0017
33.9629
17.4513
27.8307
39.2638
28.9179
23.9026
33.4893
27.7369
33.7276
25.7277
17.4996
17.6371
20.9535
21.2715
18.3774
19.8912
33.9198
13.9102
14.4871
21.4265
27.6697
16.2359
22.9716
15.9221
197.32
184.049
123.228
175.591
190.297
179.481
181.202
164.511
147.003
83.6628
89.0031
79.6379
128.625
89.8216
114.182
75.8893
163.432
147.374
179.677
137.422
168.047
185.143
147.109
178.46
127.838
101.62
88.6519
73.9477
103.217
102.089
95.836
92.2241
178.947
128.445
152.388
136.965
169.352
167.574
160.508
137.658
175.778
110.263
160.249
179.733
164.15
137.704
179.639
176.151
119.846
142.88
118.907
104.524
124.153
121.792
125.415
115.943
167.57
126.607
107.846
148.14
158.687
139.344
156.578
119.637
7.22898
7.64497
7.28041
7.45624
7.30256
7.30727
7.36358
7.42672
9.06677
11.395
9.22556
11.3533
10.0918
10.6225
10.3448
11.4161
7.38717
7.98897
7.35552
8.00158
7.57148
7.60554
7.56508
7.72403
9.06901
13.4864
10.0311
14.4811
12.1352
11.9015
11.7252
12.7747
8.15003
7.44054
7.84058
9.40003
8.25101
7.66684
8.75231
7.96475
8.44993
9.97081
8.57383
7.53656
8.57031
9.08776
7.93121
8.33814
7.44039
7.85732
10.0068
8.38537
7.58556
8.1639
8.11168
9.5651
7.69244
9.07949
10.7795
8.98166
8.00794
8.59209
8.51216
8.90868
60.0464
54.8114
77.3194
60.9977
57.0483
60.3231
61.568
66.5178
34.423
15.9142
31.8626
16.7082
22.2182
23.8312
22.9606
27.9607
124.802
42.306
76.7753
54.5365
62.8426
61.0862
66.52
66.1566
49.2176
24.0455
56.3782
26.7118
42.7121
39.8708
39.0667
48.1968
53.4433
84.7441
55.8248
25.5884
59.7704
74.6614
48.177
61.6153
51.5747
24.0955
40.5735
96.4036
66.8621
31.2141
85.3139
38.181
98.0258
58.2331
26.5235
55.918
79.3275
72.741
50.9418
42.3253
102.772
52.3686
26.3161
40.2683
59.7552
43.7956
37.4304
29.6396
4488.98
1703.39
2317.89
1416.1
2279.64
2392.97
2229.89
1906.84
810.535
164.628
150.61
129.844
253.171
287.875
172.981
136.438
628.528
129.915
23.68
95.6045
179.822
170.2
149.355
31.02
255.669
85.9793
51.1902
36.527
90.7626
102.154
46.995
45.4737
924.967
1018.67
546.446
171.251
763.418
1067.58
483.841
621.484
1047.48
184.138
270.789
1043.7
620.516
266.835
707.193
256.565
799.823
448.663
131.423
88.8154
492.567
447.375
145.44
177.099
654.544
80.0756
116.141
128.294
234.181
160.023
191.905
137.807
746.903
560.828
1111.87
421.492
748.209
797.999
727.154
870.363
394.934
171.742
798.337
138.885
391.298
416.944
373.803
452.3
1866.31
1653.94
4276.37
1384.85
1930.58
2225.33
1860.89
2461.21
143.466
95.6346
266.471
45.9679
135.199
147.535
124.041
152.346
562.26
1124.3
411.906
232.212
525.852
779.547
243.849
451.063
630.643
254.431
1029.06
1232.03
672.725
582.604
879.55
892.458
1097.59
383.542
214.632
585.106
664.912
481.392
647.515
395.82
1327.66
777.373
268.313
1096.98
1147.88
733.311
824.657
487.667
7.2491
7.23953
7.62233
7.66567
7.28764
7.29006
7.3529
7.3886
7.23735
7.24341
7.65176
7.75109
7.27576
7.27028
7.3605
7.32872
8.65915
9.1113
11.5737
11.9544
9.45782
9.42922
10.1845
10.1217
10.237
10.9942
13.6669
15.8884
11.9031
11.5522
13.4914
13.1215
7.28796
7.91159
8.22785
8.70206
7.35756
7.47681
7.88279
8.13557
7.27332
7.98118
7.79735
7.69337
7.34529
7.40426
7.45342
7.5129
8.19893
8.93771
9.54547
12.0677
9.21232
8.99218
10.9628
9.87669
8.16769
11.6021
8.88293
8.31834
8.74294
10.22
8.03117
9.3857
81.5372
76.9227
53.3524
55.6986
71.5726
66.8199
69.0464
61.649
76.8801
64.5779
49.6136
59.5503
68.5456
60.4426
65.189
54.4593
28.401
35.9961
23.3209
21.9497
28.384
26.863
24.4678
23.3195
36.2123
42.1373
23.1541
25.7676
46.7423
46.9316
33.9183
32.2122
71.0968
57.8798
57.2763
69.8864
68.227
62.8745
68.0604
66.5468
70.5579
58.8785
43.223
46.2167
63.7339
61.8672
58.299
42.314
51.0735
49.0936
55.6673
33.8532
46.3483
57.6398
43.3311
46.681
38.898
28.2083
45.0251
36.0621
35.9806
36.444
35.9007
29.933
7.53458
7.66518
8.20705
9.64707
8.13924
7.9097
8.46274
8.27439
7.3159
7.248
7.89648
7.7005
7.40809
7.40296
7.55191
7.60859
9.13304
9.05171
12.9876
19.4034
10.6534
10.7379
12.3897
12.2461
18.9211
10.9034
28.6445
29.0902
21.7043
16.0955
26.7857
20.1441
7.65581
8.79854
11.6329
9.5321
7.99048
8.63969
9.11908
10.412
7.53092
9.1261
8.37712
8.30905
7.80656
8.09859
7.93383
8.42752
9.50867
14.1959
10.9949
23.5897
15.2128
12.6494
18.1603
13.8015
8.99868
18.687
10.3036
8.86242
9.70935
14.143
9.13605
10.6613
65.5407
116.389
56.6651
52.789
64.9096
76.3958
60.7444
73.1569
181.848
315.031
322.074
157.435
180.967
305.934
173.116
310.798
47.0394
190.869
41.5862
41.6693
47.9898
88.7634
35.134
69.6535
45.5647
153.61
59.3186
54.18
50.7871
127.896
40.505
106.371
133.484
55.7327
53.6111
170.762
126.729
86.6541
149.51
110.671
155.672
142.726
240.932
85.2638
143.965
154.319
119.986
140.645
52.8274
45.2446
152.577
49.3459
62.1832
106.386
75.4194
123.603
77.6725
80.7301
118.055
216.207
76.5233
86.5798
115.969
95.3328
175.553
139.61
174.386
139.024
160.718
169.878
193.096
164.037
135.968
99.7704
170.309
74.8782
96.2181
127.29
112.129
136.561
204.709
224.756
270.962
135.549
178.272
246.876
185.566
249.97
114.588
33.3496
54.5223
21.3556
33.0295
39.5094
37.3431
41.6203
109.574
158.906
110.686
72.067
121.382
131.334
76.737
113.341
149.939
90.3001
184.96
209.376
160.607
134.588
194.345
160.818
172.52
143.645
79
101.272
151.374
143.012
99.0015
79.39
196.79
117.9
95.6096
200.145
160.385
113.375
159.634
102.686
7.28075
8.2293
8.18747
8.53707
7.4792
7.72286
7.59765
7.87409
11.5338
20.7765
28.3914
16.8616
12.7294
16.241
14.3792
16.7999
10.3648
17.541
14.2863
17.8714
11.452
12.5091
11.8563
13.1212
13.1963
20.231
20.7623
20.9583
16.4909
18.1749
18.0139
19.6667
9.1632
8.65192
10.5844
16.7477
10.1484
8.75007
15.4316
12.9751
10.3239
17.5143
19.4461
9.96389
11.9998
14.2204
13.4478
15.3154
8.93081
11.7082
18.3065
16.6309
12.8436
14.1077
15.7822
16.675
9.92563
19.8808
19.2269
19.2754
12.179
18.4589
16.9604
23.7045
87.5285
43.3355
98.0645
47.5647
81.0165
71.9793
88.7716
85.8931
22.2464
16.6504
19.1719
20.2781
19.496
17.8659
19.5059
15.9424
50.6862
37.7911
23.9391
19.3021
38.916
37.8499
25.6447
22.6526
29.8865
24.0154
21.4911
24.1885
28.3422
28.0034
23.6801
21.7557
40.8447
83.9261
45.0919
32.6563
42.4435
74.8108
38.3945
43.0763
35.8273
27.9851
31.494
69.0165
39.2171
33.4871
45.2365
38.9895
76.7004
40.4607
31.1049
23.7987
34.3235
36.8915
28.8969
34.0714
60.4988
21.1363
25.6297
30.9438
49.405
28.1552
39.0302
27.4369
7.41327
7.99109
8.09468
8.33648
7.63077
7.80485
7.92505
7.97406
10.4378
15.6896
20.429
19.8215
11.9777
14.6563
14.9141
16.6474
10.9288
30.6452
30.017
21.7975
12.9124
18.782
15.2109
19.7824
11.7787
24.1528
22.5462
16.5029
14.8213
17.346
16.9092
20.0994
8.62206
8.42537
9.51998
14.3439
9.25195
8.36517
10.6732
10.0238
9.50419
18.2268
16.7766
9.13465
10.4883
12.3753
11.0989
13.5946
8.97287
10.4617
18.85
16.4381
10.9905
11.0078
13.6221
13.1411
9.94426
19.8441
21.1722
19.6956
11.6517
15.809
15.901
22.4931
36.8533
36.9768
44.9036
25.8618
30.9201
36.9538
35.6907
40.9226
26.0031
18.4056
38.8472
24.8495
23.1637
26.7939
28.3762
32.5256
80.4841
78.0656
102.863
74.0156
89.8298
99.0642
95.0911
100.878
26.2919
28.804
33.7006
19.1035
25.0691
33.025
26.5492
31.5406
30.3382
49.1498
24.7817
26.4959
36.0245
43.249
27.0292
33.4178
34.3914
36.7019
59.9394
61.6518
39.2135
47.1416
44.2174
50.3808
62.1732
32.219
34.7794
51.1101
46.1189
37.4032
50.7946
43.4204
71.9159
63.4453
41.2646
70.451
83.1229
63.6501
70.408
53.1082
7.35948
9.27332
8.90046
9.01624
7.85127
8.16661
8.38752
8.6326
17.6251
20.1851
25.8742
18.986
19.3915
22.0154
20.9429
24.1764
13.1729
23.3437
17.5081
16.8065
14.4948
16.317
16.0676
17.573
11.3414
15.7897
16.4233
13.1759
13.3977
15.1932
14.816
16.2794
11.5264
10.5818
10.4167
16.1747
13.5353
10.6514
13.5822
11.3455
13.5599
18.4921
21.7821
11.9498
15.3481
18.4918
15.0314
18.5298
11.4427
10.9004
17.9495
15.7468
12.562
11.6576
13.7821
13.9132
12.4247
16.4823
19.2568
24.1114
14.1029
15.1678
20.8324
19.4744
104.815
55.4165
61.1764
71.9408
83.9479
71.549
75.9283
66.694
37.9186
22.4216
26.6514
22.9558
31.7005
29.0875
27.4401
23.9385
51.6219
31.494
28.2811
28.2149
40.5522
37.5839
32.7176
29.3998
43.109
23.9639
23.5155
19.7665
33.5292
30.1415
26.129
22.7058
49.0643
52.0217
55.5438
31.2762
48.7234
54.7613
41.7215
49.4779
43.1835
28.6364
33.2939
46.2121
42.8691
32.4783
43.6834
39.724
54.4697
48.1814
29.3326
29.8774
49.5714
43.6093
37.5342
33.4362
49.4593
26.4161
25.3575
32.0923
43.5065
37.1052
39.0032
30.8599
7.23085
7.28242
7.24402
7.4858
7.31802
7.27496
7.33853
7.28781
7.41722
8.33312
7.40702
8.20701
7.78651
7.57181
7.90498
7.70638
7.37368
7.58339
7.69601
9.48366
7.79571
7.55192
8.74704
8.14015
8.60287
9.77214
12.1752
17.2534
9.91336
9.34521
15.0474
13.8323
7.47799
7.37472
7.78093
8.11278
7.52955
7.38591
7.70912
7.63356
7.36851
7.86477
7.44301
7.31157
7.45028
7.61314
7.28823
7.54997
7.56034
8.20629
9.38026
10.9511
7.74043
7.9412
8.53843
8.49801
7.5391
10.5806
9.49919
7.955
7.88057
8.42892
8.09957
8.73021
109.03
232.215
277.272
103.987
117.688
191.453
113.74
216.558
414.885
761.667
635.055
543.637
509.578
608.49
513.603
666.61
558.463
758.942
1041.57
676.103
662.989
747.771
673.153
803.522
117.781
340.411
315.486
137.373
166.1
270.983
161.676
293.704
293.274
350.659
137.224
352.672
292.534
283.547
281.619
236.428
360.853
451.921
579.99
425.292
386.124
468.114
453.153
522.864
348.523
126.905
342.181
373.303
340.428
263.557
378.475
321.384
459.751
544.134
493.621
612.437
517.973
486.605
525.04
527.235
7.54656
8.53481
8.56271
10.6896
7.94845
8.26188
8.07362
8.553
10.4327
20.2285
24.845
32.7121
13.302
17.4656
19.612
22.1574
12.0696
28.4548
22.1939
38.2841
13.3674
15.4813
18.5131
19.7861
27.5411
41.308
53.0721
41.5891
32.0984
38.1959
44.8831
47.3413
9.6536
9.48675
13.2507
25.6672
11.4339
9.66223
19.7413
15.0314
10.6201
31.483
17.9113
10.0526
12.8679
16.7105
12.4131
15.2178
11.379
16.5992
31.8971
40.8087
21.5337
19.349
27.5507
24.655
11.5892
40.6016
36.2064
20.333
13.1513
28.9113
16.7138
31.8422
319.413
257.592
339.445
137.218
312.18
309.569
303.344
292.173
185.055
69.2169
165.081
45.2356
143.979
150.336
87.4908
68.4334
247.345
68.1861
50.283
48.7685
155.449
169.308
68.9248
44.0009
127.105
62.0118
63.508
67.7024
92.2855
69.1309
88.2554
60.0135
239.091
280.255
118.586
60.2713
231.014
261.345
72.8574
103.163
229.637
56.4667
260.723
309.279
218.079
163.56
321.487
225.131
185.32
103.738
50.9866
67.1587
87.1158
83.922
64.9205
64.9344
168.033
47.7115
45.3933
54.5307
119.933
52.02
79.5757
39.2327
7.24383
7.23038
7.34986
7.37526
7.26126
7.2242
7.2873
7.2663
7.28149
7.24334
7.27502
7.95253
7.44971
7.27531
7.57151
7.35702
7.39897
7.23257
7.28904
8.42061
7.62
7.24255
7.77417
7.32707
9.14473
9.896
10.8051
14.1925
11.423
9.90519
12.3899
11.0575
7.30287
7.51639
7.97712
8.32534
7.38356
7.50248
7.63135
7.71641
7.29352
7.97429
7.25238
7.41847
7.37029
7.57471
7.34088
7.42731
7.72702
8.36344
8.62042
9.80937
8.56855
7.99531
9.177
8.90625
7.61801
9.02203
8.3451
7.2803
7.77269
8.34246
7.49832
7.95675
7.38733
7.99891
7.3608
8.21669
8.07968
7.73023
8.03929
7.71076
8.6816
13.0237
8.9382
14.4414
9.8678
10.6504
11.2913
11.6218
7.4793
7.70657
7.3192
8.29417
7.86759
7.5261
7.60612
7.51411
9.75084
21.3701
12.7758
15.1737
15.5788
18.3389
13.8165
16.1783
8.82387
7.63645
9.97991
17.7061
9.50548
8.27491
11.9008
11.5612
8.33198
14.9323
8.72997
8.00449
8.72049
9.59322
7.97677
8.88256
7.7666
9.3628
18.7344
10.679
8.33299
11.4113
10.6813
13.1933
8.17859
10.606
16.0779
9.53579
8.46563
10.5503
10.085
11.3537
7.29992
7.76982
7.39938
8.07885
7.52524
7.57276
7.63872
7.80791
9.89037
14.5431
15.3805
16.0525
11.5695
12.8269
13.6836
16.0516
7.43928
8.72501
7.34366
8.55876
7.80126
7.78936
7.93153
7.92896
9.6573
13.6479
10.743
11.9617
11.0918
12.4475
11.132
13.2758
8.31747
7.57497
8.63454
11.9331
9.10982
8.08372
9.94511
9.15597
9.21473
13.2793
10.9983
7.83628
10.0751
11.2756
8.7505
9.75913
7.66829
9.00212
13.3872
9.90522
8.08355
9.8301
8.89054
10.9618
7.98684
10.5806
15.8665
11.299
8.68409
9.70592
10.5746
12.0122
119.652
72.8555
122.779
86.1448
98.1608
111
106.964
118.006
56.4856
35.9629
79.6183
33.4179
46.5927
55.7812
52.3055
66.1206
114.763
97.0365
119.711
83.2458
98.0183
111.863
105.792
113.952
47.1156
27.5809
43.3886
21.1772
32.8547
33.89
30.0637
36.3091
61.4066
96.0475
59.8282
37.9396
70.5218
86.1615
57.7689
67.825
65.9789
45.4227
90.1306
104.652
74.5848
62.6756
87.8005
76.4601
92.1483
62.8247
41.2823
66.8172
76.9806
65.729
58.0119
46.0467
105.927
77.7777
51.7363
94.0528
88.7778
74.2888
82.6265
63.1821
11224.4
10322.6
4860.86
2926.14
6996.02
8529.75
3728.21
4724.98
11120.6
10916.8
2119.99
2523.21
6544.03
8718.62
3063.81
2741.44
1021.41
445.259
81.101
258.533
891.535
331.069
275.149
157.051
898.209
1120.82
270.686
215.548
828.334
948.538
260.29
309.216
5843.71
3447.06
2091.36
1748.61
3652.53
3681.57
2852.35
2508.9
8418.36
1996.3
1814.89
2604.28
3411.38
2669.78
3386.09
2426.84
1374.22
1102.5
1261.71
348.716
1185.01
1359.59
1037.79
1140.29
1230.88
354.258
1278.7
755.504
1067.91
1062.4
1133.17
1212.74
6103.3
3954.55
5775
2830.2
4574.6
4358.01
4572.29
4258.15
3756.76
2050.5
2492.82
1498.71
2108.44
2164.07
1953.09
2045.71
5666.97
3675.08
5521.08
2666
4558.99
4246.71
4311.17
4059.12
1149.67
1000.99
1340.53
321.91
942.68
1033.7
901.876
1066.33
3002.61
4871.29
1963.1
1454.26
2984.95
3320.26
2014.98
2076.17
3383.9
1576.25
2925.02
4671.02
3617.68
2215.64
5182.29
2875.57
4502.59
1954.02
1428.77
2169.28
2549.78
2128.82
2148.48
1647.55
4396.89
2274.29
1637.47
2928.19
3350.78
2227.58
2876.63
2102.89
7.27879
7.22853
7.25488
7.80303
7.29059
7.2461
7.42431
7.30127
7.23069
7.24017
7.21347
7.41145
7.24498
7.22138
7.25481
7.22952
7.28653
7.22062
7.28868
7.54114
7.25974
7.23319
7.40918
7.31254
8.42183
8.27494
8.16043
10.7241
8.49639
8.17902
8.94174
8.60749
7.24206
7.26198
7.79086
7.61834
7.27832
7.32405
7.53092
7.57478
7.2235
7.46269
7.21215
7.23235
7.24201
7.28115
7.21777
7.22394
7.37692
7.79891
7.65484
7.87566
7.63056
7.70253
7.5543
7.75487
7.28963
7.70807
7.48699
7.22948
7.27454
7.4291
7.24529
7.3073
9048.14
9074.46
9050.04
8.89653
4008.62
9058.22
154.448
4247.04
9085.87
9101.45
9086.71
153.491
6359.07
9080.75
4342.37
6311.44
9049.8
9074.86
9048.48
11.071
4131.93
9060.19
173.448
4531.89
7.60467
10.0371
7.48462
7.72742
8.26547
8.61979
7.55741
8.02726
5723.14
4218.56
5.72157
32.2387
3153.9
3543.97
80.0061
56.253
9068.68
104.206
9069.93
9058.78
5729.1
4886.68
9075.16
5668.83
148.842
7.96481
9.21987
8.25551
6.96694
5.57634
5.52184
6.16801
4300.21
9.49321
37.5664
5532.12
3523.51
57.1634
3122.61
87.6385
9040.3
3014.95
9030.9
9036.3
5949.62
4992.04
9031.14
5851.37
2938.22
2932.6
3538.98
3635.51
3249.2
3286
3601.43
3482.25
9053.21
3789.21
9086.85
9080.93
6094.44
5580.25
9078.28
6329.83
9080.74
4553.77
9110.47
9148.11
6679.03
6062.7
9134.28
6978.1
3041.69
5839.45
6149.11
3869.14
3458.32
4698.43
3589.77
5391.78
3025.11
3887.47
3556.79
5189.5
3338.54
3701.74
3379.79
3642.62
9057.55
9071.27
4375.67
9101.45
9065.06
6419.75
6140.73
5408.38
6256.97
6730.99
4169.31
3766.87
5030.99
5647.65
3969.04
4112.74
8329.5
11.1176
8331.06
8354.31
4241.23
158.76
8340.85
3838.46
7.45435
7.58915
7.49241
9.54665
7.9481
7.55458
8.36264
8.03151
8331.48
8.57538
8329.61
8353.67
3926.42
141.765
8338.98
3727.14
8365.03
134.906
8364.34
8378.51
5863.32
4060.28
8360.02
5904.9
9.18069
3974.95
5129.19
33.7482
51.5595
3302.36
82.1267
2941.84
8.15502
8.95725
7.85842
139.082
5.66939
6.17445
6.94261
5.32048
8339.69
8350.02
92.7124
8349.03
8354.53
5266.79
5328.76
4561.99
3934.08
5318.89
29.1026
5.76019
3308.69
2952.73
50.6562
72.2883
135.237
143.888
127.731
123.368
123.769
141.356
118.125
137.065
156.055
153.99
149.571
127.104
146.345
154.301
139.102
151.673
114.393
112.01
76.4256
79.8805
112.305
113.043
104.428
97.6085
73.9577
54.6788
54.3771
25.6643
54.459
54.8087
45.9888
49.4647
142.795
143.127
139.592
83.623
138.041
146.747
119.96
136.389
146.078
114.119
143.345
127.882
136.282
135.532
130.486
115.156
140.924
120.539
72.2785
75.947
118.73
116.106
79.9155
75.1522
120.657
76.9576
101.211
129.358
97.021
86.1394
109.431
110.797
7477.08
7428.23
7452.28
2973.53
5310.64
7437.89
4893.99
5906.15
7443.26
7472.12
7479.87
3404.74
5527.53
7469.5
5043.5
6269.43
7474.09
7498.19
7526.53
4114.84
5661.77
7503.86
5339.73
6485.79
2639.23
3081.56
3050.53
2029.21
2761.17
2983.95
2686.92
2988.61
5093.18
5319.87
2983.85
3253.89
4624.91
4695.72
3152.05
3249.97
7437.11
3465.04
7480.55
7456.37
5730.53
4908.65
7448
5509.42
4840.58
2978.35
3328.66
3572.3
3477.4
3310.9
3536.18
3383.78
5992.41
3906.38
3586.81
6370.55
5139.26
3828.19
5156.69
3799.95
7436.86
1198.43
8533.1
1877.88
4092.19
5110.1
3888.01
4699.87
335.74
25.3736
578.056
139.988
215.906
196.689
258.5
227.353
8918.03
3033.22
8995.61
2768.3
5305.34
6256.75
5077.72
5686.78
506.912
129.031
990.998
138.496
279.265
500.662
278.252
458.338
718.551
5777.5
1010.03
257.641
742.847
2827.8
430.878
1606.99
964.217
403.149
1657.77
6453.55
950.576
680.091
2187.91
1411.85
5365.01
1007.07
275.585
1913.98
3135.92
1537.7
1970.79
1009.77
5820.58
1929.82
383.3
1663.64
3544.33
1987.19
1446.81
816.534
841.963
1387.04
1311.72
664.203
890.385
1272.09
846.076
1302.14
2383.31
4790.57
4761.27
1906.07
2639.99
4406.49
2607.33
4443.78
2146.07
4707.17
4727.25
2016
2616.17
4442.01
2369.64
4545.06
479.537
793.313
906.417
201.752
556.33
731.99
498.373
728.807
1511.92
1566.61
761.379
1330.36
1450.24
1391.22
1168.06
1046.73
2272.12
1873.3
4385
2138.66
2368.3
2536.04
2394.99
2846.27
1449.32
706.339
1240.2
1174.03
1058.63
1058.33
1279.94
1121.81
2189.83
1948.47
1902.68
4486.28
2377.01
1890.47
2646.09
2066.63
7221.16
7173.5
3524.02
7214.72
7203.53
5086
5785.69
4584.62
7161.88
7199.21
2889.55
7191.7
7175.1
5138.8
5764.61
4785.63
3116.43
2656.38
2050.29
3122.41
3004.18
2794.01
3010.64
2730.5
7238.36
7213.38
4174.73
7264.24
7244.7
5460.9
6193.84
5231.17
7165.83
3520.22
7220.2
7192.89
5411.24
4523.06
7179.82
5109.47
4633.14
5148.64
2965.41
3313.69
4323.86
4556.31
3166.15
3253.25
3645.63
6042.12
5845.98
3932.27
3815.36
4818.94
3847.01
4965.69
3395.84
3585.85
4812.64
2954.49
3409.13
3549.69
3312.83
3464.16
100.372
115.729
54.7222
73.7646
90.4053
87.4098
81.6527
75.5295
116.641
117.561
66.9501
80.7714
106.876
94.1371
94.3444
82.3344
28.7314
35.0717
27.6566
21.5784
26.7932
32.1813
22.739
27.8011
59.6362
61.0931
42.1749
34.1051
53.6119
57.4328
43.8959
44.9542
110.135
46.8407
70.4263
83.4855
102.76
75.338
94.2792
70.7683
95.6045
64.3515
49.7694
39.3388
80.2668
74.0632
57.5331
49.5769
39.6975
62.3203
76.3378
37.9221
39.9361
54.4424
40.0765
58.4622
34.7569
26.136
48.1194
40.3404
32.3024
29.3855
40.1272
37.3821
8172.98
8188.86
44.5941
8172.7
8183.33
5935.03
2745.01
2349.27
8199.86
8210.89
159.944
8205.78
8206.07
6970.23
5919.28
5369.12
7.67918
10.7009
7.68534
8.11116
8.30261
8.7895
7.87471
8.64238
8171.32
8193.93
40.9599
8171.87
8185.33
6061.84
2561.52
2179.07
8196.19
81.4052
8183.95
8200.01
5073.29
3635.52
8190.16
5985.55
6633.31
6736.26
88.3414
30.1573
4476.21
4968.8
95.5754
146.495
22.7209
2644.81
5222.55
21.7659
45.251
2303.42
79.9509
3632.91
21.3403
19.6149
4490.58
57.7943
28.8134
35.6453
57.857
92.2525
182.254
180.733
228.75
150.801
193.916
198.513
178.51
194.624
204.91
250.312
192.628
141.641
194.148
197.097
164.228
173.115
315.063
201.75
339.027
223.222
256.288
271.056
284.042
292.379
149.248
70.2422
126.733
30.4167
84.4836
91.2186
77.6319
89.6264
181.413
212.396
154.464
137.394
185.354
187.209
164.027
169.11
193.633
152.48
197.83
214.152
198.453
182.653
214.612
197.411
245.504
163.096
105.739
176.545
194.968
165.976
160.462
123.492
261.953
187.029
115.245
171.594
203.072
170.369
163.55
134.754
7.53209
9.66416
9.06909
8.94759
8.06672
8.88973
8.28932
9.59943
13.3333
16.9769
15.7206
19.6994
14.9539
15.5981
16.3206
17.16
11.4834
15.4985
13.1911
22.1864
14.1667
13.4875
15.8396
14.0958
14.3099
26.6876
29.3815
22.9134
18.0442
25.5598
20.6499
29.4701
10.5635
10.289
11.6205
18.0868
11.4457
10.9957
13.8905
13.4525
12.4998
18.8187
15.9229
11.8357
13.7926
15.6166
12.7497
15.4448
11.268
12.9461
21.9424
22.9527
15.1183
17.1241
20.0062
19.9955
12.5351
24.4417
22.4188
19.0202
16.6755
21.2287
18.6822
23.1814
63.4807
63.8345
75.7442
56.8769
63.4623
70.6082
64.2607
69.6522
45.2654
16.9714
19.1747
27.2006
38.6155
19.763
32.0456
16.0184
44.5389
23.038
22.2844
25.8558
38.6437
26.1538
27.6415
20.7511
41.2798
36.1485
34.6103
27.1325
38.5773
42.4796
31.9159
35.0101
66.3869
71.7269
54.8347
49.5422
60.4938
64.2011
52.2788
56.6259
60.1158
35.7522
23.5432
59.7887
49.8406
39.0036
49.7588
41.8753
65.1791
47.5692
43.8473
38.7167
60.7784
55.8952
53.8791
49.8144
46.066
25.8313
29.646
23.06
38.1611
35.416
32.9866
29.1026
7.41552
8.94429
7.40881
8.22094
8.2533
7.80986
7.82042
7.63899
11.5941
15.6093
9.59866
13.6899
13.9411
13.1325
11.9392
11.1698
7.34481
7.59503
7.28149
8.13043
7.67336
7.43705
7.5706
7.47115
10.1708
12.7833
9.82258
11.7439
11.9121
11.3991
11.2298
10.8343
10.9036
7.73201
10.3765
12.513
9.58406
8.25579
10.8019
9.43926
9.84187
11.6632
9.08018
7.62659
8.64599
10.4259
7.95218
9.56081
7.57867
9.34094
11.269
8.95774
8.17922
9.17444
9.68441
10.4357
7.50744
8.8306
10.7854
7.99854
8.06092
8.93511
8.84412
9.7297
6141.42
3245.88
1228.19
1272.44
3302.63
3358.48
1960.33
1630.13
838.395
43.8501
51.1965
50.3095
133.131
71.7779
91.6622
48.4036
186.585
31.8147
24.2218
33.2507
55.2348
38.9784
46.8166
31.6959
225.93
42.4674
35.6993
28.3678
75.0299
60.8187
55.0997
38.1623
1117.38
583.461
543.115
102.844
831.456
856.589
452.884
536.83
923.463
81.1005
64.4578
473.636
610.689
139.194
434.456
101.491
398.625
395.684
81.9016
61.237
218.209
311.215
73.634
93.3857
286.557
41.4133
50.4613
44.684
84.6315
61.0642
76.5274
44.3955
22.0218
26.0834
36.045
29.9537
21.44
28.6589
24.7339
31.2342
25.2053
19.3133
34.0893
21.6821
21.8606
25.9126
25.1816
29.4834
72.9849
64.1357
98.9826
104.688
82.6697
84.8007
91.5381
93.8819
33.1807
24.7907
73.3263
28.3334
34.02
42.3569
43.1549
49.9081
27.4085
41.8989
38.015
20.8624
31.8883
36.5134
25.0007
44.4901
35.5589
28.4093
49.3128
58.0755
40.7083
39.0623
49.0644
47.9297
51.3793
47.8769
24.5698
85.1092
74.3724
61.7956
73.1584
55.9679
65.9474
91.3964
30.1133
57.734
74.0025
79.2753
57.9392
45.5483
7.53088
8.13426
8.39437
8.25667
7.77854
8.15893
8.24298
8.5034
10.1126
16.0728
20.8465
16.5618
11.5015
13.6392
13.0496
14.682
10.8506
21.9688
17.7447
25.7005
13.1258
15.7668
15.4044
16.6175
12.6689
20.7272
22.3403
16.1654
15.9162
20.5034
22.7019
26.115
8.86113
9.26566
8.99332
13.932
10.5625
9.2253
12.9091
10.355
9.99838
15.5546
20.5295
10.0073
11.3762
12.8323
12.0927
15.4138
9.76817
9.9293
14.9233
21.312
10.9802
10.9964
15.232
12.2977
10.7899
26.1435
16.237
22.0695
12.641
21.2721
17.2464
18.9598
111.105
103.041
120.973
79.9633
104.213
105.463
91.6027
95.8246
74.8985
27.8366
48.6244
30.2386
62.4321
47.476
48.1098
37.6211
98.6907
81.4842
67.5037
74.6663
83.6114
78.3997
79.8202
73.6942
54.2855
27.2739
54.6742
21.302
45.6462
39.4615
33.1636
29.4086
96.0184
105.562
76.1614
63.3118
86.7985
92.324
72.3794
75.4656
87.6717
50.2159
67.4506
98.5667
74.4404
57.2565
86.0456
73.9495
103.361
64.8282
49.1447
75.0388
102.339
61.3653
90.6208
49.6453
90.1928
74.661
35.8483
69.5208
83.9577
82.2423
64.3128
56.1534
8530.92
8530.49
8553.66
43.2582
2669.95
8544.8
2264.07
6302.96
8531.8
8532.11
8548.59
47.0618
2864.69
8542.89
2447.29
6183.73
8566.18
8560.15
8571.14
171.013
6142.55
8566.53
5541.8
7227.16
7.87322
7.75076
9.38053
7.57931
7.71308
8.25217
8.38144
8.31964
2759.21
5428.76
22.6042
23.6287
2389.03
3775.87
47.0282
84.6326
8543.63
85.7447
8556.19
8560.27
6234.52
3768.9
8550.04
5262.06
4658.58
20.243
22.2432
61.3062
97.7462
36.8368
61.5618
30.2013
7013.68
95.0808
32.3304
6904.2
5162.55
157.995
4638.96
101.75
8587.54
8558.8
3679.5
8602.33
8587.69
5889.15
6981.55
5280.93
8542.48
8541.03
2881.77
8552.4
8545.24
5689.51
6467.43
5112.38
3354.41
2660.93
1928.73
3390.61
3306.47
3000.76
3336.43
2891.36
8627.87
8590.86
4597.39
8661.98
8633.84
6261.05
7362.3
5975.03
8553.62
3823.48
8604
8574.12
6300.6
5170.22
8564.25
5897.5
5416.37
5837.46
3030.83
3537.98
4877.14
5050.44
3328.76
3387.11
3995.25
7163.27
6664.32
4373.32
4245.88
5536.99
4234.44
5564.55
3639.79
3936.33
5249.62
3009.11
3722.67
3877.4
3447.51
3584.51
7.42023
7.69401
7.29593
7.86295
7.76139
7.49352
7.60912
7.53671
8.98776
14.3296
8.86479
14.1169
11.9119
11.722
10.3922
9.71519
7.34022
7.78409
7.27519
7.66434
7.60658
7.51318
7.53124
7.41603
10.5334
14.7744
8.63059
14.5372
17.2224
15.3934
13.5311
11.3762
8.46763
7.48272
8.90276
13.4917
8.56873
7.78804
9.23894
8.4267
8.24848
11.7288
8.65921
7.44637
8.3726
9.21976
7.80513
8.6963
7.67977
8.73479
11.1202
8.07074
7.88406
8.13386
8.39404
9.01287
7.66465
8.14145
10.4371
8.08139
7.82937
8.23098
8.33675
8.96428
73.2453
53.631
145.11
53.2597
70.8372
71.7328
95.0486
110.143
44.2557
41.1666
53.8661
25.1251
41.6162
58.3783
46.1081
54.8005
173.34
97.4937
111.578
147.592
158.075
110.541
173.048
106.741
40.5419
30.5233
105.135
30.8977
41.5876
58.9514
68.1971
76.1285
54.1489
122.589
51.0533
35.4944
63.8725
78.3579
32.4648
67.9129
59.5573
66.5912
78.5416
101.415
63.5576
56.8848
76.5564
76.2329
149.541
94.2291
65.6757
134.015
114.256
107.577
100.872
71.6243
154.044
130.894
90.7718
88.3705
147.765
144.057
133.784
109.201
14.9742
405.14
34.9313
27.0801
27.2655
56.1351
27.1317
55.3925
2081.21
4141.8
1608.23
1138.62
2174.59
2251.92
1466.97
1741.67
38.9773
424.214
55.8967
54.0963
57.1694
71.0974
53.7642
72.0408
27.3404
206.61
44.5355
24.7445
31.0552
61.6968
30.0827
53.8582
464.999
56.4082
34.343
336.67
395.043
81.1555
321.34
73.3653
692.369
475.809
645.747
77.2537
597.063
624.096
448.579
517.14
50.149
31.1048
262.079
51.5374
50.0514
62.4675
60.4063
74.7632
75.2387
71.78
373.22
542.118
87.9812
81.9496
412.18
309.95
117.602
91.5731
154.035
99.5595
134.212
115.241
153.966
142.139
47.8695
22.769
49.0204
29.4327
44.2406
34.6724
48.3844
45.9674
196.372
101.314
109.933
91.6277
160.413
112.481
126.623
103.803
42.7232
33.3665
52.0947
22.5898
43.9475
43.3813
46.0589
49.4692
90.3495
145.522
91.115
59.7017
116.427
130.91
67.6076
93.2358
73.7246
62.1245
85.925
150.936
103.784
82.114
133.534
125.175
128.459
92.0748
59.4897
87.1318
106.722
100.816
93.6913
70.9348
169.776
95.6702
70.6911
104.38
154.946
110.109
138.726
71.3982
7.35728
7.28223
7.75339
8.00022
7.51049
7.38376
7.65208
7.53354
7.339
7.4256
8.19033
8.49516
7.59879
7.60967
7.86741
7.88944
9.2728
10.1763
13.3006
15.2044
9.76927
11.1782
10.8563
12.3886
10.8192
11.9474
18.2032
14.9529
12.9768
12.9209
15.057
14.6782
7.329
8.1705
8.68867
9.0654
7.59342
7.80915
8.10718
8.64022
7.44013
9.15955
8.39361
8.19083
7.63217
8.03505
7.86316
8.18383
8.66491
9.71605
10.3163
15.6201
10.5205
9.89169
12.8335
11.2251
8.44741
13.7798
10.2045
8.90923
9.3943
12.2598
9.22062
10.7381
9119.15
9096.24
4901.55
9064.78
9104.88
6748.9
6383.6
5812.87
9088.64
9119.64
4389.67
9049.24
9084.17
6750.07
6141.73
5875.49
3963.43
3452.04
2541.93
3161.87
3936.3
3466.66
3488.04
3394.84
9080.85
9043.22
3507.17
9105.35
9076.25
6307.22
6632.42
5814.92
9086.03
4649.57
9058.23
9044.55
5971.65
5135.69
9051.86
6184.45
6741.99
5883.17
4150.27
4448.75
5527.66
4823.33
4552.78
4382.86
4100.45
6402.77
5890.68
3357.49
3921.56
5534.09
3759.06
4890.49
4149.77
3299.34
5002.07
3851.43
3946.13
3584.54
3879
3544.04
1062.02
1658.54
488.611
512.236
996.18
1200.37
713.245
847.067
2949.91
5763.66
1212.51
1279.31
2791.27
3488.63
1638.23
1827.95
158.166
197.787
28.147
39.7187
148.867
168.572
55.2525
51.058
163.415
231.649
41.2595
34.7949
151.614
180.355
65.7417
61.1059
1574.72
484.124
501.23
807.355
1110.42
881.206
806.749
618.292
1923.66
996.499
928.387
597.017
1269.25
1302.42
747.908
741.315
278.604
275.824
370.986
73.6015
174.713
320.681
162.653
313.556
316.471
67.9267
402.025
392.073
311.664
184.987
361.918
225.931
8654.73
8671.29
49.8819
8654.54
8665.5
6222.58
3005.17
2564.27
8682.94
8695.82
199.72
8690.51
8690.27
7347.25
6292.29
5709.5
7.73618
9.94089
8.08106
8.20785
8.43385
8.54615
7.83661
8.32477
8653.87
8677.42
44.6855
8655.2
8667.69
6266.58
2855.99
2415.08
8678.97
90.1548
8667
8684.28
5429.2
3910.16
8673.73
6312.18
6955.75
7070.59
104.877
35.8032
4759.43
5275.91
107.321
165.058
24.8566
2900.12
5586.25
23.9314
49.2363
2503.13
87.4771
3853.54
22.918
22.5242
4787.07
61.856
31.6311
40.2195
64.9664
105.221
7.26268
7.55613
7.65254
7.76133
7.30734
7.36574
7.5582
7.49855
8.59161
13.3396
14.6701
10.9331
9.2126
11.3259
9.89599
11.6415
9.9132
17.6773
16.4237
16.5909
10.7765
12.8865
12.9754
14.2037
8.57087
13.4138
13.1689
13.6723
8.99464
10.0837
9.65851
10.5036
7.79393
7.91857
8.20155
10.1402
7.94312
7.78056
8.92141
8.49901
8.02586
10.2776
11.5912
8.3135
8.24179
8.64424
8.70083
9.42524
8.6399
8.55739
11.432
12.9004
10.0517
9.09335
11.1102
9.77118
8.93298
14.4584
11.55
12.7788
9.87588
12.1502
10.7365
12.8539
14415.1
15314
5892.51
2572.33
8429.17
11620.4
4684.6
4852.49
15604.1
12420
1987.87
857.805
9294.52
11689.8
1529.09
1393.17
1117.67
383.383
48.3555
48.5689
409.809
375.479
92.5718
53.2198
334.873
175.702
42.7778
39.1066
224.078
229.004
72.3421
45.808
11068.4
3492.29
1563.1
1000.72
2637.31
3388.75
1589.68
1834.48
14499.3
1075.24
1942.7
3694.29
2384.45
1619.69
3650.1
1850.97
894.547
480.691
291.811
79.4082
554.706
450.149
360.975
316.418
809.653
54.4961
231.094
293.921
494.118
376.796
463.974
263.024
5696.14
1963.79
3354.67
2178.46
3821.86
2808.42
4479.24
2806.09
355.642
64.2866
88.5691
140.576
155.024
100.681
180.909
81.3021
1021.6
92.2789
47.798
256.494
343.278
216.193
359.6
66.7694
853.652
154.731
266.741
174.888
327.849
294.313
346.398
205.364
812.709
1862.35
1298.54
232.597
923.283
1873.03
625.94
1184.56
662.004
211.033
110.609
1294.34
642.232
275.988
692.867
201.127
2222.99
1455.44
224.375
415.706
1161.42
926.501
393.79
410.26
1101.65
220.435
149.118
84.3924
419.57
330.214
250.182
191.625
190.77
97.8162
128.887
151.612
154.093
131.588
160.805
123.906
111.01
137.732
65.5336
63.8693
93.8075
105.025
65.963
67.7795
136.129
73.7552
119.95
132.173
131.126
103.057
135.956
120.875
103.03
51.2933
83.7735
51.4766
66.8217
76.2944
63.9708
81.2206
88.5804
124.194
112.85
66.4864
79.2084
99.9846
75.1525
99.2682
95.4305
71.7657
72.7233
118.248
81.0622
73.7036
86.8806
82.4722
131.272
115.218
55.3579
99.5482
119.33
107.032
111.775
78.4961
126.681
125.584
70.5898
71.9645
111.859
114.311
77.699
74.4649
7.3413
7.23998
7.3296
7.94268
7.34222
7.27727
7.52653
7.45275
7.22218
7.21311
7.2141
7.40145
7.22484
7.21268
7.24977
7.2259
7.39827
7.23572
7.23773
7.57311
7.36599
7.255
7.36468
7.28689
9.74044
8.77604
8.85306
13.8011
9.65889
9.03261
10.3796
9.87377
7.25141
7.38279
8.49225
7.57762
7.36719
7.54392
7.70475
8.02587
7.2278
7.41756
7.23314
7.2828
7.26846
7.27505
7.24121
7.27022
7.59022
8.95389
7.82611
8.13214
8.1698
8.56665
7.94804
8.47063
7.48566
7.7904
7.56473
7.25977
7.48102
7.61296
7.33958
7.39855
3935.9
1685.15
1573.45
1129.32
1877.59
1735.37
1513.12
1482.13
787.981
440.308
364.094
254.718
500.861
446.751
407.563
395.284
426.908
231.752
62.285
58.9669
287.565
227.815
82.1809
87.8413
212.667
118.273
47.9072
27.8941
141.611
114.058
56.4312
59.8928
874.733
884.899
603.801
297.079
750.57
864.831
489.045
491.381
805.932
252.061
367.56
731.137
735.234
456.052
715.242
437.5
498.252
341.607
205.76
70.1296
317.068
347.465
182.947
220.877
503.043
69.4011
192.982
286.224
339.121
137.585
294.8
144.147
12.701
71.1589
621.782
25.6581
20.9017
236.031
33.3013
261.773
799.079
9400.4
12623.4
1195.52
1208.11
10785.1
1579.47
9373.8
3946.27
12453.4
10163.7
2337.47
3463.88
10750.3
3406.24
8341.12
32.9397
152.28
273.935
45.887
38.2717
171.041
48.1552
183.94
141.292
519.649
27.6769
156.412
202.416
233.415
131.65
183.487
1451.58
1243.12
12499.8
3176.4
1456.86
1550.7
2564.6
2719.01
597.423
36.4577
180.838
378.887
380.799
200.954
314.777
195.031
3051.94
1999.52
1184.46
10559.6
2994.46
2103.32
2902.61
1791
691.786
1261.42
1240.03
390.214
694.093
1219.28
631.346
1186.18
2427.66
5226.07
5184.59
1890.78
2857.35
5000.76
3026.46
4962.44
2530.3
4957.91
4854.73
1609.38
2886.95
4716.95
2737.02
4390.16
228.571
415.244
474.852
106.64
274.522
431.544
311.456
413.992
1424.68
1371.8
465.584
956.491
1362.87
1217.62
746.87
749.335
2318.42
1824.19
4897.91
2493.12
2425.09
2734.36
2615.65
3096.35
1397.86
477.818
1004.28
1080.18
891.188
794.586
1056.18
910.315
2450.5
1609.64
1765.24
4566.39
2601.86
1736.89
2838.44
1800.54
7.38408
7.80914
7.3094
7.59684
7.69324
7.70785
7.49986
7.4698
8.97167
12.1956
8.17661
11.0903
10.8076
10.6001
9.71194
9.20736
7.29456
7.44093
7.23074
7.41419
7.39006
7.349
7.29802
7.29409
8.67448
11.3568
8.00047
12.901
9.78987
9.69081
9.29451
8.88751
8.92981
7.39618
8.14021
10.4097
8.11454
7.60945
8.54567
7.93292
8.66027
10.3941
8.01515
7.38854
8.08108
8.35061
7.52432
7.94125
7.39368
7.8259
10.1724
7.73879
7.43371
7.76825
7.61983
8.13649
7.50197
7.89749
9.94985
7.66999
7.54422
7.73799
7.86874
8.56453
9515.61
4713.77
9548.54
9482.02
6918.66
6455.68
9516.1
7808.88
4067.07
2839.21
4203.98
3605.29
3944.02
3906.58
4027.95
4050.59
9568.88
5469.87
9618.16
9549.79
7138.59
6774.44
9569.8
7847.45
9459.04
3679.29
9494.63
9484.11
6338.2
5637.19
9475.36
7032.95
4433.87
6936.06
6215.85
3802.84
4539.22
6184.47
4026.64
5817.7
4520.62
3957.4
4877.73
6527.5
4668.35
4460.07
4911.42
4724.98
9525.44
9464.4
3980.88
9513.49
9490.94
7078.02
6565.27
5766.05
7748.6
7371.79
4058.5
5047.8
6416.3
6090.46
4883.61
4553.45
7.58307
10.4453
7.72504
8.3759
8.14985
8.53535
7.86446
8.57275
210.622
9501.89
9489.66
9496.88
5925.64
7859.9
6580.85
9496.32
54.2379
9479.5
9461.24
9460.54
2616.66
6818.23
3104.6
9472.63
49.3092
9481.79
9460.33
9458.69
2296.72
6811.1
2719.54
9474.33
65.8482
24.2726
23.9101
4764.68
68.7517
32.5881
112.085
43.5433
124.986
7580.04
7494.26
39.7001
197.08
5472.41
129.949
5007.92
26.5327
24.9773
5598.2
2996.65
54.2052
96.7636
2591.04
3909.81
102.084
9474.86
9491.97
9486.67
4006.88
6955.61
5728.63
9482.94
7.25364
7.28387
7.22495
7.47957
7.30848
7.25629
7.30893
7.263
7.24771
7.34833
7.29486
7.86259
7.33967
7.32609
7.54075
7.48121
7.22979
7.32198
7.34053
7.84309
7.35325
7.33983
7.62992
7.59728
8.41992
8.57061
8.50222
10.6188
8.98069
8.3332
9.34018
8.96922
7.385
7.25697
7.64973
7.76163
7.44316
7.30796
7.57823
7.40809
7.27046
7.54262
7.31035
7.2282
7.31089
7.36336
7.23423
7.3207
7.26455
7.88742
8.04207
8.181
7.43716
7.57311
7.6907
7.81888
7.25137
8.16107
7.90424
7.52181
7.34941
7.55789
7.49873
7.64692
32.5722
288.037
815.77
90.0995
52.6519
359.166
107.395
483.119
1745.98
12553.2
14029.2
1914.68
1919.67
11702.1
2001.7
9507.3
4250.41
12590.3
10369.9
2170.2
3691.19
8384.34
3461.65
6007.99
207.589
606.22
879.116
234.007
240.783
466.615
249.448
525.784
473.356
956.919
108.153
700.681
563.122
531.344
643.405
436.847
1984.26
1600.13
11065.5
2901.57
1938.85
1906.68
3242.72
3233.14
1206.2
212.176
755.341
1076.73
1103.29
530.752
1056.48
610.779
2362.37
1504.96
1522.33
6551.73
2499.35
1684.55
3247.93
2451.19
5681.13
5658.25
3077.48
2022.48
4735.48
4750.35
2602.84
3221.33
5706.94
5041
2829.84
2035.47
4458.85
4625.12
2888.95
3111.69
1992.68
2015.7
1286.21
906.334
1465.73
1580.89
1154
1267.85
935.269
560.921
616.777
306.421
689.073
654.651
529.089
609.517
4505.29
2296.26
1790.95
1944.13
3007.14
2259.97
2156.66
1884.86
5003.16
1909.84
2617.59
2704.95
3618.43
2344.14
3334.23
2405.39
1783.66
1250.76
1178.14
807.344
1419.18
1454.64
1019.92
934.041
2054.27
913.457
1453.43
1994.88
1382.99
1109.67
1724.11
1429.97
19.4311
20.3831
27.5903
19.6181
17.8113
19.4243
22.1211
24.1166
17.0166
14.8225
18.3239
12.2783
14.1027
16.6393
14.2943
16.404
44.2785
30.7834
58.2345
40.9203
42.973
46.438
49.1781
54.4239
14.5323
15.5184
26.3056
15.5132
12.5465
15.621
16.3261
19.1008
17.2661
29.6569
18.4319
13.4788
18.1908
25.3327
14.2136
21.7842
19.6511
14.7328
24.588
34.289
20.6926
19.6821
23.3067
21.972
34.5934
20.6907
17.5542
32.1506
32.2093
25.5913
31.1768
25.4421
38.8081
35.6239
18.6599
26.0421
39.2418
35.0975
24.453
21.0031
45.3489
1096.86
401.453
50.7216
199.076
511.208
77.3049
486.318
6757.9
15218.2
17175.9
3384.72
5812.93
11365.7
4829.94
8911.2
2120.2
16212.2
11259.2
916.289
3186.18
11595.7
1718.15
9043.68
36.0262
356.142
132.717
31.6162
53.7144
230.732
37.8771
115.801
1448.59
765.596
83.0908
707.597
804.254
694.296
637.914
465.292
5078.89
2907.08
14483.1
2184.01
3403.8
3758.2
3992
4202.62
304.513
49.1701
441.343
187.142
211.705
230.009
359.566
370.586
1977.69
792.955
2045.16
12644.2
2673.29
1822.68
3271.28
2423.01
5363.43
2980.86
1568.05
1757.96
2998.35
3004.18
2219.87
1882.54
719.35
13.4109
29.5854
85.1465
93.4336
27.4196
83.793
30.5332
315.39
47.8754
53.2853
88.1062
91.9496
52.4672
81.8048
60.2263
734.586
256.668
113.887
243.263
398.561
323.466
336.857
219.106
1090.3
689.55
1006.55
293.509
894.951
942.613
850.424
869.587
683.756
146.512
37.2396
506.572
672.975
163.421
518.717
126.181
577.332
790.522
286.976
144.762
436.001
643.983
202.24
314.779
433.901
91.9057
144.818
45.4303
122.217
125.625
101.306
110.016
4992.45
1558.41
2145.57
1745.68
2606.12
2355.57
2145.07
2171.75
332.305
63.6043
184.095
101.041
176.347
181.198
155.69
171.82
1155.55
330.103
642.762
477.075
679.662
645.22
597.534
605.821
739.469
127.959
378.923
267.31
436.952
384.708
362.793
371.577
793.886
1299.43
973.9
229.391
578.763
1144.68
444.673
915.683
786.878
221.623
389.504
1243.62
624.127
345.405
636.373
407.798
1093.54
849.949
189.213
457.22
852.179
855.495
532.14
467.042
1118.36
462.614
206.737
323.135
591.538
484.174
292.854
213.583
53.6494
297.083
1229
77.2087
69.4661
710.99
125.917
664.384
1550.39
12479.2
21120.4
767.62
1119.15
16730.7
1346.52
13266.2
5953.16
18746.9
13137.2
2676.01
5136.9
15020.7
4909.28
10968.6
41.4969
119.115
305.485
28.7058
35.3815
177.583
44.1097
169.749
349.452
1046.8
58.1492
176.871
571.475
599.405
238.105
360.354
3074.4
1170.71
19469.6
5606.02
2934.68
1892.92
5487.82
3470.4
1187.44
75.908
239.551
553.864
654.451
334.422
504.34
288.837
4885.05
2208.21
1116.76
14155
4220.49
2600.16
3475.91
2036.27
116.049
92.3696
54.9358
67.1594
103.846
83.3288
87.0251
66.6393
65.5899
58.1642
37.8736
55.5881
62.9089
55.3794
55.0095
50.8435
28.0181
21.9774
17.6705
15.8296
24.655
23.4978
22.2907
19.4063
32.7859
31.8866
17.9926
20.7141
32.2953
25.5864
28.0426
21.9525
73.1598
44.1781
64.532
54.1352
68.6736
58.9202
76.3199
55.4082
53.7701
48.9365
31.4313
36.7045
46.9082
45.5793
42.7054
36.166
42.6729
52.0084
45.0633
27.6957
36.0371
44.6354
37.2285
38.1949
32.1679
22.5868
37.9831
26.5268
30.0436
32.8301
31.9144
27.6555
1269.58
2297.98
2003.7
601.655
1441.74
2220.12
1237.3
1829.73
4235.1
5648.67
5978.8
2078.74
4680.27
6050.86
4336.61
6785.33
3196.81
6015.96
5191.97
2300.06
3828.85
5491.49
3674.95
4772.16
279.321
440.953
540.106
50.3926
326.92
457.087
270.856
315.792
2840.14
2318.3
725.945
1283.67
2140.04
1815.29
1027.19
1034.33
3881.34
2036.59
5697.11
3449.24
3312.1
3518.83
3629.65
4040.36
2052.44
766.252
1393.92
1451.26
1340.31
1107.2
1559.68
1186.5
2844.91
1813.01
2016.68
5164.72
2904.34
2177.13
3344.58
2258.45
2201.36
3072.93
2953.09
932.134
2314.74
2688.61
2094.07
2777.31
4051.66
5432.04
5780.62
2334.21
4307.78
5399.21
4131.17
5329.22
3970.19
5910.93
5953.67
2329.89
4509.87
6022.98
3927.65
6115.37
292.814
540.164
435.187
58.1827
291.728
379.765
237.647
351.558
3205.83
3251.97
963.287
1442.91
3075.2
2749.33
1390.03
1187.58
3715.53
1766.27
5601.19
3720.27
3875.71
3906.35
4057.11
4434.64
3004.29
846.135
1306.58
1242.06
1322.18
1181.24
1442.36
1113.75
3849.75
1942.14
1788.35
5613.68
3850.05
1928.38
4129.14
1996.5
8.55429
17.4201
7.47266
14.2577
10.9818
9.61814
8.81391
8.41239
22.965
26.7642
9.59563
28.3962
35.9756
24.3381
19.6603
18.9532
7.32989
7.61064
7.34756
7.78398
7.47326
7.55199
7.59828
7.60441
12.6487
19.6908
9.64458
14.2953
17.0635
13.8969
11.9773
11.8959
30.6402
8.13361
20.6183
33.936
12.6306
9.29994
23.376
14.2913
18.3589
22.4966
8.89057
7.71426
11.7178
12.7051
8.16182
9.33578
8.04077
10.6848
14.3723
8.68986
8.31038
9.8676
8.7983
10.0434
7.71254
8.7965
14.6079
8.59126
7.93907
8.57133
8.77424
9.58826
120.828
114.24
221.785
112.555
119.844
131.474
157.563
182.566
97.6203
144.838
381.735
111.706
114.941
157.425
231.515
363.442
387.278
538.009
679.007
408.822
401.582
529.19
464.674
647.313
58.6045
64.8599
142.629
36.2027
54.0407
81.4286
86.3618
129.415
109.573
212.472
110.496
101.763
180.594
177.708
86.4821
118.5
124.335
148.484
400.262
271.204
218.92
211.993
269.658
302.997
226.479
129.998
164.984
258.234
182.09
151.245
202.908
144.993
323.729
394.527
238.473
533.526
337.122
271.497
359.705
245.275
887.77
720.295
1295.33
679.675
893.843
947.905
892.852
1028.92
304.605
105.018
375.257
161.435
279.408
290.389
249.151
267.712
2389.28
2008.6
5358.39
2075.05
2556.58
3199.84
2489.88
3643.96
446.668
168.07
843.374
182.114
435.531
432.279
427.322
491.684
724.74
1348.2
682.864
343.914
692.888
967.209
361.192
703.704
786.744
370.324
1088.18
1478.37
828.191
714.726
1052.4
1033.28
1339.97
688.842
319.774
1169.44
1146.62
812.378
1162.15
690.59
1598.09
1431.2
375.506
1197.07
1473.69
1241.53
1027.98
639.614
15.7414
409.399
135.874
16.8234
45.2251
285.571
23.4945
218.839
2851.51
9358.16
9876.08
2837.73
2828.37
7506.56
3038.03
6620.55
988.495
9471.47
6772.05
822.238
2541.45
7393.42
1208.84
6293.6
17.8718
454.046
177.983
48.1742
49.0911
335.135
47.85
209.339
715.679
483.436
42.8309
656.493
529.2
391.343
422.727
315.438
1965.61
2662.03
8499.24
1209.64
1862.42
2790.22
1919.76
3401.85
104.952
17.6189
573.03
226.264
74.4607
111.312
496.926
357.612
1185.76
933.961
2274.44
8193.3
2038.32
1749.77
2726.01
2285
244.256
231.045
323.037
78.8564
226.113
243.412
166.721
173.332
192.236
77.9865
158.535
32.3093
122.77
140.013
67.4522
67.9706
367.851
253.156
215.87
29.137
257.886
314.07
126.111
98.563
35.8688
17.6977
21.2
16.923
27.5764
21.7522
23.2232
19.1133
197.553
291.846
64.1248
40.6778
137.993
146.126
50.3617
55.4825
217.345
36.9317
247.425
318.814
151.339
114.808
289.57
234.182
192.458
43.6144
24.9588
30.239
53.6986
39.0939
41.9331
32.3666
215.374
24.0732
22.0099
120.784
173.384
35.6828
157.072
26.7492
8452.67
8413.57
3552.5
8445.69
8434.32
5640.97
6449.69
5019.12
8412.9
8470.49
2917.36
8448.07
8427.34
5568.04
6492.97
5045.72
3022.22
2338.66
1526.67
2879.65
2814.95
2504.41
2774.97
2361.6
8476.3
8453.99
4278.17
8509.48
8486.4
6076.66
7053.27
5668.62
8408.6
3587.99
8454.5
8433.6
6097.72
4981.1
8419.99
5690.12
5113.91
5635.36
3019.12
3352.6
4696.48
4936.98
3201.04
3265.87
3724.24
6857.14
6499.1
4041.94
3947.1
5350.87
3949.9
5464.61
3435.96
3628.47
5114.13
3033.48
3481.33
3612.48
3329.27
3486.19
7.27088
7.79836
7.28081
8.21132
7.41745
7.4285
7.55791
7.42965
9.99218
16.0637
10.6943
20.5794
13.3778
12.985
13.5172
12.7463
7.36077
8.06793
7.24955
7.54539
7.4516
7.51124
7.35652
7.32286
10.9764
19.666
9.52194
15.2282
14.4624
13.3567
11.4839
11.6377
9.39411
7.62441
9.2386
24.7708
9.34181
7.86892
11.1927
9.5649
9.18182
20.6012
10.914
7.72421
9.69738
11.1217
8.27109
10.48
7.69418
9.63206
18.7385
8.55482
8.2227
9.52355
9.73592
10.2748
7.63326
8.22098
21.1338
9.49021
7.95041
9.60947
9.51588
11.4249
5676.69
5931.69
4126.45
2414.67
5737.55
5865.1
3995.62
4557.55
5794.5
5537.63
2790.91
2675.39
6005.51
5409.41
4062.41
3648.52
2548.45
1529.7
1110.06
950.816
2178.93
1624.89
1652.06
1245.94
398.243
471.725
376.879
92.1064
291.197
496.856
292.821
385.522
6123.52
3884.02
1953.4
2310.81
4322.08
4124.98
2694.69
2581.66
5724.44
2571.93
2885.79
3543.23
4162.43
3766.71
3686.82
3336.21
2961.94
1499.01
1575.9
1064.94
1603.17
1833.36
1313.02
1329.87
2772.99
1118.02
1714.79
1764.61
2271.13
1412.14
2538.26
1434.25
7.37149
8.29569
8.92843
8.06766
7.63301
7.78625
8.02733
8.80384
11.6419
16.9589
28.1104
18.1958
13.2509
14.9671
15.2788
18.5699
12.9269
24.8215
21.5217
27.9097
16.6229
19.2782
23.2323
24.5773
9.59613
15.9188
21.4239
20.1512
11.4582
13.385
14.2478
17.599
9.46352
9.88227
8.58805
12.8967
10.628
9.67331
10.8522
9.72205
10.605
16.4525
26.8232
10.1917
12.608
14.2482
11.9582
15.8243
10.6785
9.14779
15.2916
16.5249
11.262
10.4996
13.5996
11.8295
12.5567
20.7497
18.1826
27.0561
14.6597
16.2996
17.61
19.1876
7381.34
11341
992.844
1004
6364.94
9599.71
1530.7
2332.48
11251.1
9132.19
3577.51
2077.64
8728.86
7824.75
2700.63
3247.71
254.955
697.4
34.7049
63.8367
348.28
507.126
100.964
256.189
107.189
192.594
24.1506
26.2963
113.594
145.151
29.0794
35.8927
9398.03
972.174
893.541
1507.31
1977.41
1706.02
1625.49
1362.91
10392.2
1915.78
3138.66
1847.86
2751.56
2500.85
2467.3
2349.61
182.89
139.394
221.15
34.0873
122.745
186.677
128.386
178.845
431.216
90.7831
399.305
866.133
397.962
313.462
538.137
428.749
4611.25
2729.75
4723.26
1576.82
3334.12
3617.39
3515.77
3800.87
1897.84
1121.29
1824.82
682.335
1294.15
1358.07
1298.14
1384.1
4977.91
2873.71
5191.75
1871.86
3724.43
3578.12
4032.24
3728.12
368.726
231.519
334.323
61.1951
216.764
269.168
209.481
259.527
1921.68
3530.42
1117.49
666.777
1938.38
2545.63
1040.95
1268.19
2222.1
830.411
2141.17
3742.68
2316.71
1635.88
2908.89
2034.12
3790.09
1132.3
653.198
1275.7
1618.58
1294.14
1240.05
863.295
3860.44
1347.48
828.505
2212.95
2692.72
1319.25
2066.79
1092.27
7.24577
7.28928
7.2455
7.57694
7.32683
7.26951
7.45815
7.29276
7.23032
7.22167
7.21917
7.43946
7.25748
7.22873
7.29555
7.24772
7.21659
7.21572
7.23822
7.39977
7.23372
7.22001
7.28791
7.25279
8.22204
8.12465
8.20236
11.3731
8.66988
7.93671
10.1054
8.64212
7.32749
7.27771
7.7296
7.6528
7.41624
7.35783
7.53788
7.52675
7.23367
7.4196
7.21676
7.21467
7.24959
7.26117
7.21648
7.22922
7.31303
7.95147
7.87699
7.88693
7.38106
7.51754
7.45333
7.6227
7.23096
7.48872
7.52748
7.22978
7.24583
7.36096
7.25743
7.38088
9121.37
9115.99
3333.26
9102.9
9109.07
6724.92
5844.76
5135.61
9162.86
9236.31
5362.06
9192.48
9191
7485.98
6696.01
6403.07
3283.15
3975.72
2747.55
3639.58
3649.46
3658.33
3495
3416.01
9114.69
9170.6
4281.98
9194.14
9137.75
7166.3
6378.42
6128.9
9131.24
3568.34
9107.97
9154.79
5886.7
5106.17
9127.97
6601.16
6826.23
7199.65
4834.32
3671.83
5551.52
5947.7
4153.97
4580.94
3486.95
5641.57
6444.5
4062.32
3637.85
5249.56
4098.35
5621.62
3690.67
4212.51
6141.71
4593.23
4276.33
4347.37
4469.38
4604.4
7.21073
7.21074
7.21951
7.31881
7.2161
7.21027
7.23026
7.2193
7.21352
7.21499
7.23945
7.34385
7.23965
7.21531
7.25941
7.23537
7.24006
7.2886
7.31844
7.75263
7.33308
7.30009
7.42087
7.43585
8.17719
8.24351
8.70922
9.84493
8.82249
8.37639
9.38945
8.82483
7.22125
7.23019
7.49227
7.6675
7.23701
7.25604
7.35575
7.3799
7.21217
7.40567
7.25136
7.21378
7.22072
7.25593
7.21535
7.2499
7.26164
7.74372
7.82138
8.00748
7.49964
7.56416
7.81714
7.99544
7.23004
7.77206
7.60895
7.34804
7.30492
7.56998
7.32737
7.70316
66.5515
99.0662
74.0344
62.0401
76.0187
75.9816
63.1532
66.6121
177.765
293.372
242.523
282.492
256.942
258.49
252.297
268.045
89.2788
130.27
91.6797
55.0487
99.6485
112.499
70.5994
80.4463
50.2971
167.707
40.6903
40.7961
76.356
80.0746
38.9632
45.2884
152.317
93.9593
90.8645
205.609
124.289
98.6352
124.014
101.431
158.404
209.05
166.494
96.3366
141.689
204.609
125.088
171.763
78.4969
53.9834
141.97
46.9132
71.0149
60.725
76.0947
80.6831
86.384
50.7203
160.156
130.034
98.5924
81.7912
122.066
128.828
3378.33
4473.27
6272.56
3559.41
3481.92
4339.21
3690.36
4977.39
9554.81
10258.1
21579.5
5851.38
14326.7
11609.9
16751.6
11052.8
16899.4
24507.7
12738.2
5828.03
20726.3
23180.6
15009.7
15714.7
2630.22
3316.37
3189.59
1242.86
2710.1
2867.99
2597.08
2320.92
5003.66
7599.33
3919.27
5229.63
5348.72
5685.18
4837.13
4745.75
7659.34
6566.43
20839.3
10383.6
7964.57
11260.4
12315.1
18719.5
8519.96
3965.61
4820.06
4836.37
5481.47
4999.25
5626.44
5062.21
12889.9
4543.76
4934.4
14250.9
13567.9
5771.14
18087.2
6044.32
4901.42
4899.83
2879.03
2050.3
4749.27
4774.17
3161.37
3302.08
4830.66
4430.97
1793.94
2049.79
4549.94
4365.14
2240.49
1951.67
1389.51
887.084
550.268
447.58
1112.25
906.619
714.896
607.001
642.348
600.173
336.147
117.994
539.157
599.833
404.217
401.035
4758.5
2636.23
1965.05
2125.61
3079.19
2918.78
2228.45
2141.74
4673.94
1976.83
1795.17
2262.6
2748.75
2123.74
2327.68
1963.42
1872.03
1459.84
1294.25
622.871
1255.85
1474.89
1032.67
1127.69
1575.06
514.938
1065.19
974.924
1161.4
885.715
1284.75
881.522
140.134
125.168
102.253
84.1814
115.601
129.428
101.135
125.62
126.022
97.1756
127.567
62.049
110.355
106.899
94.5498
94.742
80.2667
76.481
62.8159
55.8406
67.8366
70.0291
63.3173
65.2602
35.3699
38.4254
39.0408
18.0081
23.8875
35.8334
20.6553
30.4278
116.087
90.8999
52.7914
60.5763
102.344
113.022
76.2203
72.2671
135.308
79.5566
105.688
111.692
131.31
119.505
132.805
108.571
84.2017
46.1408
53.245
49.964
70.2829
66.1068
63.0605
55.0267
101.76
67.5976
70.4618
95.014
84.8802
79.4134
97.3021
98.9818
17.9656
118.173
436.453
33.472
26.7836
261.48
42.6333
279.915
725.437
7036.36
9674.2
733.539
804.715
8025.94
988.22
7223.42
2734.03
9574.84
7827.21
1797.1
2502.4
8594.3
2495.31
6939.48
28.3313
88.7154
226.176
23.565
25.4583
122.706
30.0485
122.115
117.623
471.599
29.6782
94.4842
195.601
236.046
109.349
175.319
1190.61
802.511
9576.36
2275.37
1174.84
1034.21
1942.65
1925.94
532.295
37.9823
122.507
319.197
343.223
175.814
269.856
149.527
2216.69
1528.07
783.626
8363.09
2272.64
1665.98
2346.2
1471.01
15660.1
3167.61
15640.5
5081.94
7804.61
8356.07
6717.99
6016.45
746.549
337.137
2317.16
983.832
658.796
558.781
1408.38
1421.32
15665.9
8803.24
19035.7
5578.52
11651.1
13044.4
9633.78
9957.34
2017.88
853.416
2161.81
738.481
1215.03
1228.47
1153.46
1092
1894.26
10677.8
3137.84
1634.96
3325.5
4657.66
2428.26
3189.96
1794.5
1661.06
4225.59
12159.1
3351.91
2428.25
6582.36
4234.63
7228.82
2869.19
1665.68
3638.57
4265.65
2688.18
3884.75
1956.81
6703.27
3707.94
1665.16
5650.87
5352.75
4180.01
5379.86
3692.64
11865.7
18068.4
5602.14
5114.79
11075.5
13726.1
6691.49
6911.09
28430.1
18482.8
8404.69
5558.73
19297.6
22056.2
8252.06
9147.83
3432.22
4420.95
3074.86
2593.9
3328.83
3635.32
2842.86
3099.1
2992.36
2627
2119.44
969.741
2358.83
2414.44
1966.33
2130.32
26617.2
6038.16
4747.35
4730.44
7844.08
6203.86
5386.67
4826.78
23644.8
4831.65
7119.54
6698.52
8330.62
6269.06
9955.23
7027.25
3534.75
3701.74
3589.28
2504.13
3452.59
3866.08
3321.07
3229.29
3524.96
2692.52
3828.51
4162.04
3288.67
3348.51
3818.26
3577.75
11062.7
5163.8
15646.9
3803.26
9365.88
10450.9
9177.75
10487.2
1348.41
91.8832
440.672
317.006
673.333
686.388
377.936
305.929
17536.4
1859.38
12300.7
2632.28
10348
13443.4
6396.74
6856.66
1478.13
301.681
594.809
170.979
852.967
887.29
330.216
320.831
3745.59
11154.6
3252.06
748.021
3143.94
8230.12
1610.62
3550.87
4026.89
793.279
2553.89
13542.7
3135.31
1527.21
4480.79
2160.54
9914.28
2913.4
450.392
1385.94
4510.98
3001.27
2840.61
1781.87
11447.3
1400.94
419.406
1045.89
7194.49
3316.82
1124.52
693.064
5083.23
5080.94
2148.01
1539.85
4680.44
4380.79
2293.52
2545.36
5280.83
5390.21
2447.14
1356.91
4907.94
4724.12
2716.1
2981.91
885.674
1001.86
478.68
300.828
839.774
845.933
465.827
512.271
301.548
296.658
164.513
49.2936
266.953
284.413
161.078
189.103
4527.8
1961.08
1457.37
1252.11
2295.17
1974.14
1457.79
1420.71
4246.55
1280.07
1949.93
1882.71
2532.42
2040.13
2197.58
2026.13
894.644
648.687
653.504
297.786
617.119
732.865
583.518
572.226
999.345
331.137
771.745
1039.78
818.912
580.157
933.792
676.235
7.24506
7.26303
7.71307
7.57803
7.32605
7.29707
7.39725
7.45133
7.35064
7.31357
7.97089
8.38709
7.51714
7.47928
7.71595
7.75449
9.61041
10.2704
14.1071
13.978
10.916
11.2343
12.2504
12.7038
8.67066
10.0296
13.3594
12.3058
9.69585
10.7198
11.4596
12.1729
7.42231
7.92093
7.83408
8.33637
7.52006
7.67279
7.93558
8.22804
7.40733
8.60514
8.13856
8.07195
7.47663
7.67773
7.57244
7.79452
8.3814
8.30346
8.8988
11.7025
9.24054
8.68038
10.2586
9.43848
8.8449
13.4006
9.26152
8.89922
10.1482
12.2866
8.53314
10.3539
130.583
130.381
89.1525
104.63
118.466
119.944
108.889
104.851
99.4106
70.1109
63.5288
61.5835
80.3288
69.3743
78.9536
63.8353
49.7898
35.0272
22.723
22.4033
44.0766
31.8773
36.2681
25.8084
50.1464
42.1755
25.2245
27.3312
39.7101
35.536
37.4413
29.2306
123.098
77.817
86.3879
59.797
123.678
101.449
104.278
80.9768
115.248
54.6794
57.6827
83.8536
107.109
84.1163
104.427
81.1666
64.8431
72.5581
50.6002
33.8041
44.7884
51.5752
35.9774
39.8075
60.0541
24.4477
44.0876
41.7507
59.4675
32.3625
69.6693
36.4248
88.2604
56.7032
61.0743
62.5473
77.7655
68.1452
79.87
70.7479
43.8565
26.9785
31.7114
34.3717
39.3391
37.492
35.435
29.1107
41.2311
32.3624
27.1683
22.2609
35.4693
33.4167
27.3024
24.225
39.9044
27.1154
17.5237
22.7994
32.0256
29.217
21.4578
19.2077
52.3497
57.3364
47.9521
35.5399
54.5435
65.779
42.9693
49.7677
50.5433
35.3309
39.9915
55.9307
48.5442
44.0645
51.8544
43.2485
52.8058
39.1305
27.3682
23.3813
36.6039
36.4467
28.4381
32.1156
46.9141
21.4845
23.6216
33.7854
44.4766
27.1461
40.8139
23.0176
7.21746
7.21614
7.2393
7.40645
7.27412
7.23386
7.33739
7.2836
7.22281
7.23874
7.26428
7.55365
7.25421
7.24215
7.31894
7.3186
7.30514
7.28491
7.30817
7.97768
7.46099
7.28329
7.52199
7.43807
8.02733
8.46288
9.13499
10.6622
8.814
8.62719
9.50468
9.16992
7.2453
7.35281
7.48331
7.72177
7.28712
7.3246
7.39607
7.44873
7.23347
7.606
7.3
7.29763
7.27563
7.38249
7.26873
7.44473
7.46074
7.64055
7.99637
8.23031
7.72709
7.61143
7.97273
7.96713
7.40779
8.17244
7.88092
7.37014
7.60725
7.90404
7.58064
7.90532
95.5039
73.2969
111.419
82.2411
91.7434
78.765
102.847
99.876
49.9863
27.2053
46.4149
46.9772
39.8787
34.4653
51.2178
43.3334
115.274
68.6752
115.361
133.47
106.704
86.6745
124.007
103.654
52.9883
34.8504
76.0155
34.658
48.6348
47.3765
68.9745
65.2668
66.0623
105.33
74.9876
55.8964
81.2907
91.7859
61.7759
71.6363
58.8967
59.8502
62.0227
91.933
70.5924
63.4196
82.5955
75.0748
117.641
86.7183
66.6266
121.965
106.599
85.428
103.49
72.3333
106.78
114.14
74.713
70.0563
97.2397
94.4282
85.4338
78.9155
7.51889
8.17417
7.93021
9.60123
7.93011
8.10866
8.8203
8.92707
11.0225
17.7389
9.80663
38.2034
17.9601
17.3865
16.2713
12.644
7.46866
7.95602
7.29753
8.12652
7.97047
8.02928
7.79444
7.6394
19.8877
44.0013
11.6978
21.0782
26.4296
30.378
17.2134
19.133
10.0846
9.54424
13.4791
36.6339
13.151
10.6171
17.9173
15.7548
9.631
43.6277
9.18035
9.13461
10.0419
11.8921
9.00381
10.1735
8.45075
15.3433
40.046
10.2709
9.63811
15.7392
16.7134
20.9992
7.801
10.1488
44.9477
8.99718
8.78547
17.6802
10.9333
19.8228
138.147
141.786
142.974
117.949
132.661
135.796
125.047
136.37
130.369
123.403
127.433
89.7604
107.816
110.777
95.9534
103.463
113.606
125.068
79.4164
75.8514
106.873
110.843
84.7868
92.2451
54.2962
52.0715
50.0129
28.3362
43.1568
47.1992
37.0134
43.2605
119.281
149.296
93.811
81.9775
119.114
122.187
106.738
104.534
129.261
83.6206
131.401
153.994
131.755
94.9148
161.618
120.836
133.968
76.1708
63.5954
64.0989
125.746
90.3152
93.2237
67.9089
141.486
73.2571
69.1183
122.537
116.481
102.289
113.132
95.777
7.24549
7.26871
7.2136
7.33687
7.28596
7.22647
7.26602
7.23282
7.24309
7.27212
7.22607
7.50042
7.33377
7.2675
7.39649
7.28737
7.2173
7.21962
7.21673
7.35895
7.24746
7.23115
7.30236
7.24702
7.87555
7.86756
8.14378
12.0758
8.46157
7.99852
10.2968
8.62001
7.36067
7.22651
7.44028
7.51058
7.34288
7.24965
7.43022
7.28869
7.25929
7.36444
7.22894
7.21441
7.26987
7.29637
7.22041
7.26886
7.25063
7.53457
7.60477
7.62774
7.28804
7.34304
7.34458
7.43222
7.23869
7.41493
7.3966
7.24892
7.26213
7.31971
7.29108
7.31787
95.7131
72.9112
169.402
107.696
86.5768
85.478
110.782
118.199
92.1523
53.4441
188.569
50.1121
134.843
119.733
173.358
164.148
211.414
243.109
321.654
141.964
206.924
288.296
218.474
318.174
125.847
77.4942
148.294
73.0413
127.489
116.477
133.459
129.847
86.3515
186.999
121.053
114.123
116.801
139.463
98.3256
145.336
111.419
89.3855
201.2
221.394
170.913
172.316
198.466
198.453
222.566
159.314
125.437
157.826
188.11
186.913
153.091
150.785
212.873
121.58
99.8272
228.733
172.86
109.043
179.369
100.253
11718.8
11820.7
7212.48
2187.68
10692.3
11248.1
6867.08
7757.96
12087
13121.3
11259.9
4432.67
11519.1
12443.4
8243.32
9545.26
6828.3
11440.7
11421.1
1514.07
7383.35
10766.4
6307.76
9574.28
1146.95
1923.69
738.501
138.287
1192.23
1986.61
733.547
961.161
10947.9
6817.1
2252.89
3260.9
7385.9
6389.34
2892.02
3013.72
11465
4376.78
10685.8
7926.36
8312.81
7242.22
8132.31
8235.03
5300.58
2048.59
2553.25
1639.5
2678.64
2728.71
2526.17
2428.77
6333.46
1546.68
2468.26
9760.75
5790.38
2442.33
6823.64
2397.75
9309.82
5930.13
4659.16
3424.7
6870.03
7418.85
5078.25
4763.99
2834.8
950.39
2930.99
2121.71
1985.16
1796.12
2066.7
2054.34
4349.08
5777.29
9409.46
3261.06
4339.42
5614.72
4583.41
5598.49
1691.1
1543.13
2004.03
823.407
1169.21
1633.08
1338.75
1638.3
3732.9
4096.87
2410.23
1850.73
3585.68
3481.01
2640.93
2708.42
4121.37
2116.13
3718.52
4540.73
3467.36
2121.33
4154.11
3561.22
3805
2325.87
2046.23
2483.69
2461.07
2410.18
2387.64
2007.06
3959.61
2812.27
2256.13
3736.75
3456.49
2881.45
3572.52
2869.64
1640.66
2115.25
2294.08
1528.29
1633.59
1826.85
1614.12
1858.84
3998.82
8287.17
4333.1
3270.25
4126.39
4685.07
3914.14
4711.2
3642.84
4097.52
8387.44
3115
3836.5
4488.2
3745.43
4924.09
1322.94
1629.01
1930.87
837.209
1319.81
1483.47
1209.69
1455.5
2127.93
2319.34
1543.98
1963.06
2060.71
1836.1
1897.72
1706.55
2513.49
2293.87
3509.34
2678.67
2518.89
2597.91
2680.23
2833.25
2293.99
1500.07
1852.13
2126.5
2036.49
1728.97
2126.64
1685.14
2805.77
2489.22
2271.28
3664.86
2705.57
2371.68
2751.79
2367.04
9592.99
5766.98
4895.18
3130.41
5651.09
5931.2
4159.94
4116.13
2621.73
867.879
2390.15
2132.2
1765.44
1669.16
1977.62
1993.64
4145.98
5959.9
9191.43
3499.6
4246.57
5774.73
4539.78
5730.93
2094.96
1910.96
2122.89
1143.89
1899.58
1982.82
1865.12
1915.33
3846.49
4144.51
2919.1
2103.46
3481.57
3349.05
2866.99
2915.93
3939.27
2119.96
3332.56
4452.74
3362.76
2095.12
4009.61
3370.13
3925.42
2646
2236.98
2638.3
2617
2547.78
2568.76
2200.74
3926.95
2844.98
2308.65
3355.41
3357.45
2937.15
3409.37
2970.61
8403.72
4202.71
3918.6
3315.08
3927.34
3842.34
3970.29
3792.03
2472.58
2013.15
2643.34
1679.03
1996.89
2056.08
1895.95
2147.94
4425.15
3498.48
8179.66
2975.41
3781.23
3629.78
3635.23
3577.36
2062.92
1595.81
2019.55
1141.91
1706.87
1659.02
1641.13
1682.29
2579.09
3253.52
2497.12
1790.3
2532.74
2790.22
2243.11
2354.41
2557.26
1732.61
2560.03
3194.28
2579.5
2027.43
3468.73
2530.51
3271.29
2418.64
1743.58
2375.9
2521.23
2334.65
2323.88
1886.47
3160.98
2311.2
1753.17
2386.6
2517.14
2265.04
2362.63
2173.32
15407.9
19178.1
8148.84
15975.7
16043.6
20088.9
15040.2
17717
23641.2
17747.3
13945.2
20309.2
21775.9
29532.4
22030.6
26670.4
5698.94
7188.36
5608.99
7509.66
7168.33
6507.74
6761.39
6403.37
16465.4
18742.2
10108.2
16706.7
16889.5
15063
14514.5
13790.3
19998
10054.1
16585.6
19418.4
19761.5
16609.2
19633.5
16425.7
27267.5
19573.9
11497.1
8723.7
24089.4
21141.2
13775.2
14427.2
8952.13
14597.5
17607.6
9508.03
9726.17
14810.5
10362.6
14720.5
8051.51
9652.63
17803.6
10691.6
9279.85
10323.3
12633.6
13091.5
86.1073
64.6022
63.6956
52.0586
76.0792
72.1714
64.7029
66.7945
62.8285
68.7031
62.5227
18.4635
51.2118
52.5798
30.698
38.5885
44.4937
60.4034
49.9761
24.046
39.6614
45.9384
32.1912
31.2927
34.966
19.161
36.0033
22.6667
30.7045
27.9703
28.3937
24.9454
50.0842
58.1307
46.2144
23.5623
39.701
61.0903
30.4237
46.5064
43.0011
19.0699
54.0425
49.5503
35.4511
29.1769
54.4397
46.7903
53.3159
42.3241
20.3552
40.1176
47.877
40.6772
39.6684
34.199
38.7675
25.6144
16.5865
40.104
33.4227
27.5359
31.5243
20.4531
107.725
91.5206
65.6038
59.4632
77.8943
83.354
72.0321
73.7808
136.785
154.999
169.119
119.068
144.112
184.488
132.462
176.373
81.4759
172.536
111.183
84.9044
90.3161
129.745
85.4403
126.219
39.5965
45.6539
50.5735
24.8752
34.5813
46.8999
31.8826
47.2084
89.816
66.6766
49.2571
61.539
77.8071
74.1397
65.1839
63.2207
118.007
103.944
176.096
94.5526
116.5
121.384
127.037
150.713
62.5113
45.4747
54.2748
56.3388
58.8686
58.3183
59.3544
54.7503
92.8272
89.3921
102.107
164.317
105.945
95.2572
128.485
110.37
7.35268
8.08176
7.39096
7.85014
8.0392
7.8807
7.49685
7.58551
10.1626
13.4261
10.109
20.9104
14.5938
12.3342
13.7764
12.0587
7.52834
8.08724
7.28527
7.85548
8.02528
7.76139
7.85178
7.7098
10.2733
14.4163
8.99425
12.7544
12.2243
12.4217
10.5201
10.5409
10.3412
7.88405
9.03306
15.4879
9.17926
8.10691
10.1463
9.25513
9.7362
16.7982
9.24697
7.83014
8.93538
11.8291
7.84194
9.72851
7.77372
9.01189
13.1915
8.43318
8.29901
9.01561
9.30663
9.88608
7.93216
8.41547
15.3741
9.18819
8.52565
9.44115
9.7034
10.5725
7.2315
7.22606
7.23961
7.6663
7.32717
7.24049
7.4384
7.27357
7.22015
7.22511
7.23886
7.43322
7.24393
7.22031
7.2836
7.25282
7.28131
7.28697
7.27908
8.00455
7.41237
7.31412
7.53536
7.39176
8.66519
8.42419
10.3305
12.2102
9.95051
8.66206
10.5281
9.65315
7.26768
7.2665
7.75813
7.55064
7.2979
7.30335
7.34224
7.4015
7.22463
7.50472
7.24908
7.22944
7.26835
7.3736
7.24339
7.36256
7.2975
7.85646
7.74284
8.53789
7.53042
7.50045
8.11233
7.90356
7.26169
8.13944
7.66952
7.32147
7.43526
7.83969
7.4492
7.68504
39.6383
995.443
591.245
150.316
130.985
719.817
147.73
780.276
4585.77
10915.1
10433.2
2871.58
3872.83
9580.77
3788.05
8278.77
2408.33
10010.8
9043.42
3176.18
2925.22
7614.16
2909.92
6645.56
169.013
972.732
1359.4
148.309
165.703
868.697
195.162
869.136
1328.59
1021.33
211.424
1198.15
1494.56
1149.32
1190.19
995.255
3763.37
2891.48
9260.78
2748.46
3485.7
3695.65
4151.38
3909.93
1116.69
260.421
1442.3
1620.34
1029.66
913.597
1369.69
1204.71
2637.51
2889.84
2793.6
8250.95
3276.98
2913.8
3872.82
3445.59
8.11635
10.6446
7.54434
9.16592
9.40973
8.78902
8.30832
8.75162
13.3718
15.3699
8.47309
16.9601
17.3613
12.5814
12.8953
11.4763
7.24899
7.40096
7.22851
7.48521
7.31748
7.28714
7.31566
7.29227
10.2752
15.2038
8.2433
12.7963
12.9167
13.3492
12.1224
11.2984
13.665
7.88403
11.109
17.087
10.0535
8.81087
13.256
10.4395
10.8906
14.3061
8.06099
7.55854
9.24871
10.1596
7.92875
8.47364
7.56367
9.33967
11.4866
7.70067
7.71242
9.04253
7.93503
9.54483
7.50285
7.78924
11.1197
8.0143
7.69246
8.0837
8.16798
8.44131
7.22493
7.22017
7.26923
7.57664
7.29356
7.2266
7.37641
7.2787
7.21913
7.21654
7.22964
7.38004
7.25134
7.21718
7.28983
7.23534
7.31059
7.25625
7.27159
7.74715
7.36997
7.26387
7.44795
7.33316
8.85613
8.12525
8.81506
11.3616
9.67565
8.46612
10.0137
9.00982
7.27228
7.35544
7.95332
7.57364
7.34262
7.43782
7.45058
7.66714
7.21917
7.40144
7.25055
7.24014
7.2526
7.37255
7.25952
7.31281
7.39155
8.30093
7.65361
8.15584
7.74746
7.92729
7.91209
8.04546
7.27635
7.69511
7.44163
7.30502
7.37129
7.54418
7.34292
7.50096
9378.25
5676.34
4825.08
3525.35
6950.99
7465.41
4860.46
4558.99
3010.9
1071.61
3132.11
2045.14
2101.61
1974.22
2111.65
2129.44
4470.77
5867.31
8961.23
3467.52
4611.13
5720.79
5126.61
6820.2
1818.12
1391.4
1831.68
747.134
1426.38
1478.18
1442.29
1557.38
3966.92
4389.4
2944.19
1947.18
3500.93
3346.76
2693.24
2774.57
4077.2
2081.17
3835.76
4745.34
3405.8
2210.76
4319.86
3663.68
3968.46
2548.81
2067.23
2733.1
2559.1
2393.55
2567.83
2022.89
4078.26
3228.32
2168.5
4255.3
3674.23
3114.7
3821.35
3053.52
7.27232
7.75804
7.50376
7.95309
7.5835
7.55257
7.81292
7.8775
9.78335
16.1616
12.0971
20.3349
13.1901
13.5669
17.2222
15.4987
7.56923
9.07289
7.51088
8.69281
8.00795
7.87144
8.39757
8.22426
10.0953
23.9908
11.7235
18.3518
12.6481
16.5148
14.6749
19.3196
8.96863
8.05674
8.89838
18.7085
10.4906
8.52034
12.4903
9.80321
8.55746
16.1187
9.99894
8.00236
9.99127
11.6979
8.5947
9.67653
8.28496
9.12427
21.8466
11.1467
8.47708
9.57559
9.81622
12.4249
8.40415
11.9174
16.8641
10.9941
9.39786
10.91
10.9427
12.4594
79.6109
84.169
130.133
72.7957
82.9385
98.9987
89.9267
107.093
46.5382
28.8898
46.675
29.8378
32.9694
35.1835
35.3396
38.3435
141.573
90.2389
108.148
83.7508
121.926
130.978
112.926
114.628
47.643
38.5782
51.8698
32.5403
45.5611
58.1136
46.2439
49.2852
88.0168
106.652
68.197
48.3408
90.1644
93.2123
67.8512
75.5515
76.6125
52.1396
87.6617
126.076
90.4116
62.2918
109.124
77.8747
115.146
63.2747
47.3556
72.6178
101.64
77.5196
86.9525
67.3979
131.628
84.5358
54.1307
89.0629
103.898
95.4083
82.5402
63.7414
7552.4
4270.16
6822.26
2920.72
5790.86
5703.07
5746.37
5765.06
1438.03
168.453
509.151
298.002
696.268
373.794
728.328
322.105
6404.05
2013.15
6231.08
3002.66
4727.53
4018.38
4798.63
3973.04
1012.93
461.048
898.915
181.269
743.993
688.331
645.492
594.765
3172.71
5345.27
2515.27
1055
3257.04
4673
1919.31
2750.09
2602.3
619.065
1217.98
5334.91
2496.42
1562.32
3153.4
1905.21
5288.21
2267.21
1018.2
2113.24
2820.42
2581.81
2201.5
1944.19
5280.65
2007.46
582.589
1177.45
3928.15
2067.24
2051.65
989.889
6566.55
2935.06
7368.93
5308.32
5360.65
4917.25
6564.86
6445.45
1010.85
201.353
1669.67
732.407
1005.88
837.243
1297.87
1234.23
8098.58
4501.6
7051.44
4608.55
6108.31
5844.79
6635.63
6401.99
3458.36
1314.23
2384.34
854.171
2417.01
2586.96
1740.68
1667
2922.69
6069.63
4544.23
2330.94
3693.53
5490.25
2946.87
4510.99
2570.5
2284.67
3439.99
5748.67
3596.6
3133.72
3803.83
3601.43
7040.62
4725.82
2454.81
3782.03
5542.27
4768.8
4143.04
3757.61
6952.09
3685.68
2341.19
3973.49
5539.31
4306.66
3964.39
3181.29
59.3018
386.914
915.697
177.689
97.0722
567.497
226.447
618.751
1282.59
8085.31
12023.1
1204.78
1358.18
9976.14
2112.62
8801
4232.37
11359
8941.22
2580.64
3666.21
9819.4
3629.42
7989.1
168.296
274.771
663.86
127.512
123.082
410.821
149.574
412.602
522.409
1104.4
175.807
335.657
789.154
716.189
510.344
715.234
1906.25
1526.22
11556.6
3408.83
1882.28
1944.92
2863.67
3453.84
1209.65
239.58
420.608
887.8
968.095
717.751
766.742
548.353
3313.26
2378.33
1490.37
9768.91
3418.71
2594.97
3692.27
2335.6
2511.46
3518.25
2144.27
1490.28
2622.42
3244.72
2044.08
2275.38
3529.28
5599.22
5340.56
2629.1
3655.12
4624.56
3077.52
4730.88
2588.02
5387.48
5125.94
1782.65
2970.74
4597.18
2720.67
4536.67
932.802
897.075
725.885
250.175
913.236
844.809
560.555
620.336
2979.06
2126.81
1534.51
2082.91
2464.09
2258.41
2017.33
1911.65
3182.28
2415.26
4598.71
2402.44
2577.25
2548.82
2895.31
3024.77
1550.2
1193.44
1398.89
1198.32
1345.24
1332.42
1372.71
1194.68
2077.48
1760.44
2099.3
4483.65
2174.74
1848.27
2691.8
2031.43
7.32447
7.33343
7.26742
8.2324
7.41799
7.31569
7.48368
7.37733
7.28311
7.23065
7.23158
7.68678
7.30104
7.23863
7.46872
7.37035
7.23778
7.21401
7.22365
7.49211
7.24465
7.21635
7.29707
7.25312
10.3272
8.45462
8.78692
13.1674
10.8266
9.30375
11.6447
10.4263
7.47567
7.33306
8.14918
7.87524
7.53806
7.54375
7.9183
7.91283
7.31311
7.69072
7.22203
7.25944
7.42093
7.47776
7.25281
7.25166
7.45818
8.91703
7.95365
8.25467
8.09338
8.5218
8.18463
8.71639
7.35039
7.90682
7.71385
7.23289
7.30907
7.66347
7.26084
7.46173
118.939
120.848
117.023
101.312
115.284
118.621
108.63
111.401
131.267
130.537
145.621
104.609
120.617
140.823
115.542
138.86
108.821
126.368
79.2642
90.1739
102.922
105.722
91.4774
101.888
72.3204
55.7654
49.3609
32.6346
47.394
54.5406
42.3418
48.5071
104.28
107.409
86.2132
74.1659
95.9867
93.7012
86.0757
83.7942
121.649
102.779
135.112
118.04
115.919
113.33
130.86
116.419
98.7761
81.8145
65.5745
60.5466
87.599
81.1576
65.9308
65.2035
113.834
81.8972
98.2355
130.935
98.9652
84.1132
107.436
103.302
7.23069
7.2153
7.2814
7.52938
7.26805
7.23675
7.37441
7.30097
7.22115
7.23276
7.25463
7.57649
7.30576
7.25012
7.4099
7.36946
7.27572
7.25326
7.26293
7.78528
7.3565
7.25106
7.4094
7.34204
9.01836
8.23457
10.1012
12.4922
9.77584
9.029
10.7286
10.0924
7.22744
7.47768
7.94667
7.6751
7.26817
7.40589
7.44362
7.7693
7.21793
7.60624
7.23432
7.30355
7.24254
7.41151
7.23047
7.30054
7.6856
8.39519
7.92473
9.01588
8.15415
8.25426
8.53385
8.50387
7.36355
8.12854
7.87842
7.30756
7.43309
7.8171
7.35224
7.71249
106.732
119.843
91.9541
59.7072
96.4598
104.446
72.0055
83.4339
121.18
115.756
107.54
75.8004
107.6
110.619
87.0296
96.8164
98.6549
109.861
140.208
87.458
103.361
114.677
103.736
114.208
33.6004
45.0618
51.7804
34.8232
40.0545
46.046
42.6096
47.3575
105.823
81.8447
47.1966
60.6552
76.2574
66.941
62.6745
52.4075
111.974
67.6311
102.253
89.6694
88.8779
80.3785
99.4395
94.3058
76.667
42.759
53.9595
63.5901
64.4409
47.7557
63.7451
53.2428
85.8069
71.2457
61.2793
90.6386
85.5016
72.5753
84.9588
73.6222
9210.25
9173.02
9169.28
729.749
6994.2
9168.5
6063.47
8140.96
9168.65
9176.38
9173.45
1012.56
7789.43
9164.43
7455.06
8099.79
9159
9171.87
9177.4
749.783
7313.86
9163.82
6672.06
8239.63
73.7653
124.755
37.7371
14.1445
65.2836
84.2553
32.6811
36.6273
7619.75
7148.42
770.341
936.289
7138.44
6789.42
1276.08
1028.3
9159.45
1074.38
9161.13
9154.92
8180.48
7236.17
9156.82
7639.61
6441.66
602.276
832.263
441.738
914.938
797.774
649.051
655.629
8092.11
605.888
916.794
8242.56
6926.98
952.47
7209.23
1094.18
38.5169
49.1001
12.3404
20.438
24.885
25.9806
16.3028
14.86
50.1692
40.0721
11.5077
15.4446
25.3437
25.2483
15.506
13.7846
8.87642
8.0065
7.29772
7.71994
8.22765
7.75482
7.43364
7.3829
27.1684
14.0236
10.4239
18.0254
17.59
13.6905
14.5919
13.0172
30.3477
12.6911
22.1433
14.4327
17.7494
14.3174
18.0834
16.5037
30.7954
13.4992
10.3146
11.2236
16.9155
14.0626
13.9956
11.9956
10.7983
23.0936
12.773
9.09499
12.9901
16.2091
10.2321
11.7012
9.93523
8.46832
11.5513
8.91166
9.0342
9.59616
9.93131
10.5453
8362.58
3893.89
4213.57
3240
4251.73
3990.38
4254.11
3961.35
2285.06
1706.94
2578.67
1427.95
1765.32
1710.81
1586.21
1720.03
4429.67
4100.23
8129.02
3370.75
4174.88
4244.52
4324.49
4199.45
1774.66
1245.52
1754.88
767.853
1213.54
1274.3
1195.25
1346.36
2422.04
3276.68
2249.33
1459.87
2296.98
2545.64
2084.8
2208.16
2300.48
1467.09
2525.03
3147.36
2276.55
1729.17
2935.62
2511.72
3294.92
2322.15
1421.51
2214.98
2458.61
2254.14
2187.71
1560.49
3183.57
2264.98
1505.8
2562.27
2723.82
2172.23
2456.55
2090.95
8187.28
4585.69
5619.21
3319.3
5387.81
4859.52
5963.56
4756.74
5187.89
9796.51
5545
3155.43
4691.03
7844.51
4086.44
5363.88
2676.33
2568.92
746.856
1737.62
2305.38
2250.24
1594.22
1231.16
2090.81
1898.21
1603.87
901.011
1655.47
1712.95
1651.27
1593.38
3987.88
3647.7
2773.7
2388.62
3795.1
3565.45
2751.01
2665.33
4555.54
2663.6
4310.87
3534.87
3889.77
3311.36
3964.97
3365.04
3669.1
2969.87
2276.94
1975.02
2852.76
2552.17
2147.02
2082.1
2795.89
1853.37
2495.3
2697.3
2281.27
2176.39
2558.94
2408.75
7580.58
4486.75
4348.61
3146.36
4362.26
4085.62
4330.35
4055.74
2643.13
2263.68
3377.72
1615.99
2119.03
2192.09
1941.67
2237.31
4868.59
5963.88
8672.03
3067.16
4563.76
4668.4
4213.03
4387.34
2010.36
1423.09
1836.52
892.582
1466.14
1457.11
1392.81
1488.01
2735.5
3419.67
2356.77
1631.04
2489.61
2729.02
2183.03
2305.26
2560.2
1656.24
2906.24
3346.73
2531.24
2083.94
3108.99
2696.23
3438.58
2434.55
1611.79
2192.75
2609.2
2345.06
2216.38
1753.75
3487.3
2210.84
1731.82
3109.94
2965.22
2183.7
2677.52
2114.33
17310.9
17221.2
17264.9
1063.51
12315.4
17242.4
10937.3
14356.9
17218.5
17360.4
17295.7
1327.88
12388.2
17251
11126.5
12573.2
17240.2
17268.1
17256.7
1024.26
12269.5
17220.3
10774
13801.2
55.2447
80.9951
45.1796
8.7038
43.0926
61.7304
22.5001
31.5829
12529.6
12389.7
914.064
1149.72
11576.1
11350.3
1702.38
1442.83
17201
1493.73
17225.9
17220
14060.6
11544.8
17208.8
12568.9
11002.1
587.443
937.187
522.302
1121.69
944.527
830.391
806.107
14225.4
770.044
1050.25
13024.6
11230.6
1287.15
11197.5
1491.25
7.2921
7.38842
7.83471
7.7605
7.45842
7.53639
7.53746
7.71578
7.33335
7.28066
8.49453
7.76673
7.45567
7.62512
7.72203
7.96086
9.60982
11.737
19.123
19.0383
12.9573
14.1268
15.9529
18.3869
10.0973
8.75008
15.2038
17.457
12.7584
10.221
13.985
11.5759
7.39626
8.42758
8.43796
7.91843
7.52342
8.0074
7.67803
8.57568
7.42087
8.25929
9.07046
8.44331
7.6024
7.96768
8.08815
8.64376
8.9956
9.20825
8.37235
12.5176
9.74099
9.05959
11.1846
9.34424
9.13239
12.3366
8.52587
9.79413
9.88493
11.0738
9.04606
9.71022
7.31716
7.29687
7.32873
7.72763
7.37488
7.27831
7.46034
7.41232
7.29269
7.24082
7.22003
7.48416
7.4033
7.28476
7.36734
7.28847
7.36839
7.22682
7.22508
7.60426
7.41998
7.28871
7.45266
7.32582
9.37909
8.32833
8.66665
11.3243
9.2947
8.70105
9.88243
9.42977
7.42713
7.38134
8.29245
7.80068
7.52914
7.54742
7.89073
7.92168
7.30104
7.54613
7.22893
7.2852
7.41973
7.36828
7.25897
7.27835
7.62512
8.41439
7.99444
8.00936
7.81321
8.16475
7.87359
8.10631
7.50813
7.75982
7.72505
7.26223
7.4905
7.62896
7.31497
7.42322
8340.76
8311.12
8309.79
436.456
6118.71
8307.28
5219.8
7329.88
8324.21
8391.34
8358.24
551.212
6780.56
8344.81
6263.87
6676.69
8298.69
8324.87
8306.47
449.249
6525.4
8291.57
5938.43
6891.89
37.6964
44.0368
23.1911
13.061
33.3454
34.4636
21.8244
21.8483
6813.99
6300.61
364.38
392.799
6366.41
5999.22
575.431
483.824
8302.19
432.297
8312.18
8293.35
7340.57
6278.01
8298.83
6600.85
5656.33
268.31
339.873
238.306
417.35
357.77
319.714
319.895
7326.7
319.825
353.593
6661.58
6166.88
451.031
6043.03
494.961
104.148
124.009
135.734
96.2136
109.746
124.045
103.495
124.79
131.015
127.802
181.182
146.753
141.07
152.101
156.267
166.038
168.218
189.715
254.404
156.055
171.618
193.407
172.256
197.599
73.6535
81.8387
79.8322
37.615
83.4903
94.4859
54.3449
63.1997
127.749
139.497
95.1853
130.227
135.449
129.93
124.733
119.541
138.934
139.944
163.481
154.143
147.38
147.861
157.388
154.934
134.157
86.1166
99.9449
105.044
124.942
109.917
122.832
105.839
154.026
128.269
115.153
163.683
157.037
146.08
148.536
135.278
987.74
1585.41
1630.68
871.29
1055.15
1534.11
1128.58
1491.5
3103.96
5623.82
5522.23
2912.4
3448.54
5167.29
3189.73
5262.24
2564.3
5402.63
5022.78
1861.36
2995.06
4613.18
2427.55
4157.59
629.159
1200.43
786.34
211.662
728.82
1080.6
448.891
570.431
1803.17
1742.67
984.706
1616.75
1664.55
1493.05
1439.36
1387.19
2691.05
2608.96
4843.68
2470.07
2534.49
2725.24
2803.41
3154.44
1581.65
898.221
1671.52
1275.27
1457.64
1319.46
1592.38
1365.71
2286.41
1818.9
2649.68
4450.3
2451.17
2223.5
2910.47
2666.61
15518.7
15469.3
15474.1
981.125
10886.7
15465.2
9122.57
13062.4
15459.4
15570.8
15494.1
1297.8
11875.9
15467.5
11039.7
12474.1
15447.3
15468.5
15456.1
791.757
11289.6
15429.9
10142.9
12477.4
71.6133
80.4671
36.496
15.291
61.4968
55.8714
27.7173
29.3257
11772.5
10813.2
716.877
844.45
10622.2
10089.4
1080.71
969.822
15426.4
898.468
15445.9
15432.2
12897.9
10789.6
15426.3
11608.9
9312.02
491.384
726.791
411.612
779.769
705.573
617.648
617.769
12986.6
548.586
688.047
12459.8
10393.2
929.836
10502.7
995.175
6834.01
1236.97
8196.19
2200.15
4035.51
5066.95
3848.27
4662.56
323.537
35.1706
568.768
202.306
249.696
196.968
298.442
229.168
8331.66
3359.24
9318.35
3329.1
5573.92
6414.55
5536.07
5861.97
663.103
192.68
1262.64
200.86
364.717
685.748
373.351
663.491
737.856
5857.96
1286.32
302.636
760.071
3087.09
468.72
1904.03
947.62
483.329
1623.31
6225.7
940.263
701.093
1985.87
1430.88
5443.39
1269.24
325.88
2157.83
3465.04
1815.75
2235.43
1210.98
5707.14
2109.81
479.648
1662.7
3458.76
2135.46
1510.28
1034.61
7.26154
7.24169
7.35612
8.12148
7.39633
7.29038
7.61405
7.54987
7.23333
7.21823
7.21674
7.40889
7.24834
7.22194
7.30533
7.24522
7.30182
7.22291
7.24599
7.51016
7.35142
7.25625
7.45611
7.34826
9.99393
8.28299
8.67403
13.5573
9.73279
8.91357
10.7857
9.58987
7.31361
7.41549
8.44719
7.7169
7.66557
7.81325
8.00599
8.15539
7.26454
7.52991
7.22965
7.25915
7.45974
7.38471
7.25798
7.26486
7.3774
8.5832
7.81568
7.84262
7.71495
8.28618
7.6565
8.12295
7.32387
7.63873
7.54526
7.24354
7.35134
7.4734
7.29747
7.40739
15619.8
18156.6
8426.98
16051
16111.3
20578.5
15390.6
18321
21377.6
18131.3
12355.8
19459.2
20293.9
28513.8
21385.7
26423.5
5211.18
5793.57
4747.57
6825.63
6209.08
5131.97
5892.16
5001.15
16373.9
18049.7
9939.67
16564.9
16726.2
14751.2
14457.2
13560.8
18736.9
10063.4
16470.3
18495.5
18575.4
16576
18469.7
16096.4
25090.6
18838.3
9722.89
7624.1
22323.2
20178.1
11274.9
12607.7
8872.51
14549.6
16951.5
9309.22
9598.19
14580.1
10146.5
14485.5
7238.11
8872.83
17205.5
9063.41
8304.23
9382.22
11029.5
11823.2
164.227
102.086
93.5262
132.691
148.349
125.964
126.848
115.525
71.6698
30.4473
55.8438
84.273
67.5713
49.1844
91.3645
74.2945
57.6927
36.1834
25.7936
62.3208
50.7486
39.1795
43.0251
32.9522
145.107
69.9636
106.713
176.805
148.644
110.577
166.126
128.184
100.445
84.1759
113.042
99.7918
102.983
106.825
112.315
109.046
84.304
90.636
55.0326
72.3297
87.2244
90.043
63.633
61.4032
80.6128
85.9225
71.8372
78.0834
76.9366
80.6981
71.0845
74.9836
71.2532
68.6965
62.4634
49.4466
66.7369
64.7254
56.0191
51.8802
10.4013
488.02
71.9159
17.9237
24.5298
151.696
22.7989
116.395
3846.6
10467.3
10810.5
2871.69
3656.07
8128.09
3417.13
6992.27
1001.39
10953.7
9082.43
809.577
2437.06
9203.62
1014.18
7659.36
21.1763
171.086
95.9303
20.0089
30.0543
122.086
22.0958
88.5915
1241.86
217.392
42.6845
496.766
555.545
186.251
396.195
209.3
2697.05
2615.19
9716.29
1248.56
2596.55
3190.58
2692.22
3790.52
136.576
22.9767
217.425
115.282
92.1503
111.628
196.771
147.595
948.667
715.047
1547.34
8965.87
1798.83
1481.13
2194.57
1796.59
5007.08
5115.56
2989.65
2014.57
4562.27
4906.36
2972.25
3302.23
5157.03
4890.5
2296.67
2195
4919.06
4707.91
2794.69
2557.66
1672.3
1397.89
1025.66
610.548
1402.07
1367.86
1043.6
1107.53
334.833
315.448
244.133
45.4208
185.256
334.484
163.778
263.15
4829.87
2759.75
1475.39
1830.66
3213.29
2897.75
2028.13
1956.99
4946.66
2109.82
2193.8
2511.01
3014.1
2523.6
2631.03
2362.76
1968.06
1147.01
1171.72
603.572
1174.99
1354.47
945.708
952.212
1830.93
691.061
1255.81
1538.3
1442.96
1040.77
1655.33
1067.89
7.54219
7.4057
7.69348
9.08919
7.95334
7.53983
8.41085
8.10072
7.24497
7.21832
7.22095
7.58129
7.26233
7.21915
7.33895
7.2523
7.25566
7.21703
7.2162
7.43427
7.26848
7.22516
7.32107
7.26806
13.0274
9.04143
8.88345
17.4763
12.9825
10.5406
14.7654
11.8722
7.57935
7.62861
9.36921
8.13525
7.93663
8.38948
8.51204
8.84759
7.32635
7.73155
7.22843
7.32527
7.56405
7.47426
7.29068
7.26419
7.55796
10.2132
8.33683
8.28713
8.5457
9.65754
8.53373
9.49351
7.40401
7.93371
7.88409
7.23775
7.43816
7.83179
7.30522
7.57737
4542.41
4628.14
2032.57
2885.19
4145.99
4247.9
2735.45
2665.49
4647.96
4792.28
3037.29
2327.97
4379.57
4461.86
3574.13
3519.99
968.882
1092.11
183.331
293.795
956.279
926.32
486.648
425.773
1675.2
1049.99
416.948
332.746
1325.5
1305.47
681.041
545.1
4291.44
2141
2964.91
2655.9
3287.93
2892.14
2919.72
2957.59
4394.75
2642.31
2728.32
2137.16
3184.64
3244.99
2683.65
2727.58
1550.42
2080.52
1702.07
717.61
1535.16
1884.36
1480.3
1641.54
1482.7
567.337
1483.79
1716.8
1633.92
1455.89
1915.11
1304.9
5068.46
1450.12
4697.23
1677.56
3134.48
3094.52
4028.72
3753.03
376.192
112.436
941.065
145.518
222.225
238.487
471.838
438.442
4580.6
2674.01
4588.74
1512.29
3766.48
3703.04
3720.66
3659.8
553.366
167.451
484.97
73.2288
315.496
329.418
302.048
338.522
837.89
3761.88
1040.84
301.89
1448.87
2894.29
531.883
1059.17
841.383
320.823
1613.84
3684.04
1309.45
971.856
2081.9
1564.19
3765.29
1140.78
455.45
1156.12
1501.27
1160.72
1231.38
909.719
3690.3
1210.26
435.853
1771.41
2976.66
1283
1791.4
787.016
8219.64
8222
8243.75
48.5278
2881.29
8235.38
2421.88
5848.2
8222.39
8221.72
8240.14
52.638
3171.78
8233.61
2681.42
5802.06
8256.43
8252.31
8263.26
205.633
6101.87
8258.66
5467.9
6900.14
7.92039
7.79176
9.73883
7.70496
7.72913
8.3741
8.12371
8.27957
3078.21
5376.49
24.0325
25.7988
2626.63
3820.1
51.5383
89.076
8235.55
94.0028
8248.17
8251.46
5911.13
3940.4
8243.01
5408.13
4608.18
22.4854
23.8671
68.9088
112.39
43.2828
71.2463
35.5971
6603.15
115.244
43.598
6538.8
5117.8
173.675
4682.84
114.573
10.0851
614.065
92.0223
22.9769
32.0413
165.922
24.6644
134.433
4187.71
10661.4
11056.3
3496.8
4010.64
8522.68
4183.01
7448.27
889.764
9907.98
7195.78
1149.02
2250.9
7083.71
1630.07
5993.71
23.143
235.46
84.7161
20.8906
34.67
160.319
22.2441
82.6015
1427.92
306.069
59.4197
557.08
571.353
240.286
452.646
298.984
3146.11
3037.47
9862.77
1117.84
2796.23
4032
2762.69
4897.32
190.129
30.1861
283.732
140.468
119.68
164.49
202.413
219.771
901.755
989.112
1481.02
8639.35
1650.58
1357.78
1993.58
1683.85
5609.02
3200.69
5114.07
2768.65
4319.37
4267.57
4611.87
4434.53
1833.6
976.8
2283.34
798.436
1268.03
1247.87
1443.6
1425.3
4799.51
3566.65
4679.5
1520.65
4327.22
4224.11
4169.07
4049.3
397.973
313.852
378.398
60.8678
314.597
329.422
175.775
196.982
2415.91
4608.84
2022.19
1038.19
2810.69
3779.98
1551.85
2046.17
2338.13
1034.25
2981.94
4557.76
2690.57
2013.97
3613.94
3075.71
4386.02
1683.57
904.693
1177.07
2057.18
1730.59
1721.75
1285.61
4304.7
1270.16
916.929
2993.91
3782.52
1713.47
3056.92
1440.3
116.42
205.232
195.506
141.268
136.232
193.955
158.664
184.223
219.959
317.284
186.607
155.415
220.651
241.801
167.772
186.35
196.522
144.488
71.8482
65.0187
175.695
149.687
76.4132
75.8868
142.58
163.403
65.7689
72.2945
137.42
152.165
90.2181
71.6593
215.708
191.399
167.634
171.327
195.33
186.85
183.895
177.424
222.5
188.662
199.278
216.986
215.024
198.982
225.023
211.035
183.87
149.798
178.012
83.319
171.214
164.985
163.787
165.962
197.721
71.99
190.472
161.356
181.672
166.097
183.921
178.532
4736.95
1795.61
2950.91
2342.52
2965.98
2439.27
3521.99
2419.17
300.094
27.7563
37.8843
129.958
85.589
41.5843
102.607
41.2316
575.808
31.4361
15.053
127.934
173.434
47.5101
110.051
23.8702
1427.04
293.119
334.085
535
571.089
377.315
703.688
314.309
737.87
1425.95
1444.8
291.948
869.612
1424.02
723.331
1124.89
545.785
214.886
55.0616
1106.62
562.843
166.631
634.848
137.379
1504.21
1735.16
329.385
451.424
1190.56
1022.81
437.96
457.166
695.183
187.748
204.318
39.4774
229.584
286.859
153.678
206.08
4461.18
2193.67
1730.34
2238.01
2545.18
2325.18
2593.85
2270.08
1250.62
854.487
489.985
736.246
972.742
866.462
807.052
743.889
307.565
199.379
35.5172
144.741
225.43
189.834
118.189
113.111
1390.26
700.819
321.1
543.502
857.545
707.403
567.31
535.057
1451.17
997.032
1512.57
862.294
1319.19
1363.76
1282.8
1331.37
1291.9
740.331
483.518
848.781
1171.67
821.785
840.802
572.117
737.484
1403.71
749.333
306.495
721.309
1208.95
462.784
775.361
657.774
301.993
640.138
377.132
444.303
388.651
437.299
402.071
7.2334
7.2887
7.69528
8.0721
7.3153
7.33336
7.47504
7.50456
7.27107
7.27594
7.74772
7.57641
7.34024
7.32285
7.50949
7.47255
9.65638
8.91565
15.2777
13.0053
10.3238
10.1106
11.7092
11.4573
12.7115
9.80233
18.0119
20.2606
15.3168
12.1902
18.2855
15.5523
7.54776
8.2824
9.3865
8.70345
7.84645
7.9084
8.15907
8.74825
7.46552
8.28819
8.14483
8.23495
7.72081
7.85868
7.83248
8.30541
9.03816
11.054
9.41528
16.1239
12.1697
10.5086
14.2176
11.3953
8.893
12.7038
8.81275
8.55615
9.51387
10.991
8.78846
9.37583
68.3716
89.3577
57.5612
42.3734
61.6658
74.5974
54.7889
68.1171
95.5064
94.8275
108.581
53.9637
86.0747
103.563
79.2493
101.092
40.8735
58.0785
30.4873
19.9209
38.5092
40.3971
31.4939
32.0191
32.5724
32.7876
23.2217
26.0005
30.8256
28.3032
26.9253
25.3791
87.3563
56.2306
43.6279
46.948
81.2356
65.9422
56.7522
52.4033
102.665
47.0696
98.6144
58.7678
99.3644
83.0682
96.149
89.1732
47.2598
37.5836
40.9635
24.7273
35.3753
42.0134
31.4399
35.7947
50.7155
24.4536
41.1744
80.0233
44.8417
32.1819
65.7715
39.5322
110.7
122.705
111.97
82.9638
99.5546
117.515
91.7699
114.108
135.81
129.806
124.014
107.55
126.269
128.531
119.574
122.584
120.929
130.289
127.392
85.0512
118.567
138.251
106.743
128.323
65.988
85.4531
65.5702
41.7267
61.3805
77.5277
52.9519
71.2428
120.964
109
79.2076
100.003
114.336
109.313
103.726
96.7007
134.695
108.968
130.69
134.151
130.885
122.902
140.835
129.161
104.83
73.2416
92.6796
74.7698
92.5769
93.1597
78.6589
85.3526
122.915
80.7797
103.371
121.607
117.817
91.7194
121.527
104.685
552.934
418.446
449.298
535.084
521.83
476.971
531.426
445.56
196.061
182.554
145.772
158.641
169.003
146.831
167.149
139.342
313.656
136.757
81.7852
194.326
294.703
178.735
243.139
102.043
517.563
189.928
224.44
353.77
445.054
258.324
465.645
229.894
340.796
393.488
490.06
225.157
328.618
390.864
280.405
334.196
219.786
135.431
150.772
328.096
205.775
157.72
234.688
174.782
378.431
525.477
221.266
273.53
317.785
300.27
275.067
270.625
318.562
164.106
112.012
129.458
262.971
183.255
166.31
106.496
6296.5
3047.02
6240.43
4795.45
4946.88
4730.79
5573.57
5650.33
1195.14
201.294
1285.43
477.28
838.679
816.601
846.175
787.429
7845.64
4908.06
10318.3
5712.84
6909.09
6566.48
7778.18
7909.7
3033.15
784.043
2700.92
956.007
2008.63
2074.07
1692.55
1695.82
2736.92
6112.55
4197.3
1481.98
3010.77
5247.15
2111.29
4100.33
2671.16
1522.58
2906.33
5620.67
2973.46
2330.45
3578.78
3000.2
7344.68
4513.83
1339.2
3978.11
5561.11
4447.82
4044.91
3210.81
6951.58
3983.24
1324.21
3126.67
5776.52
4106.25
3160.44
2153.94
7629.31
9799.44
1027.9
4223.2
7252
7036.97
2352.73
2327.98
10585.3
11916.2
3961.34
4724.35
9802.14
9645.13
4656.06
4948.55
299.416
949.885
102.178
203.674
526.145
596.001
133.92
179.632
1474.53
1780.5
348.394
475.333
1395.85
1437.8
533.503
577.808
8750.7
1703.01
3671.98
3945.05
3287.28
2719.93
3944.31
3651.25
8380.48
4215.12
2845.01
1768.95
3367.75
3770.88
2293.26
2809.9
365.71
1289.02
1640.67
308.452
596.505
1405.35
928.757
1444.1
503.944
380.914
1792.4
1353.82
694.244
980.026
1202.12
1358.9
337.92
182.746
247.333
179.465
265.044
219.725
270.78
212.244
95.1077
61.3349
58.3855
42.9596
72.5424
61.1995
67.1625
56.0416
151.717
42.3844
53.0177
43.2391
71.8488
49.037
70.2422
43.008
80.1581
30.1385
36.0727
25.2922
47.7742
35.163
46.1096
30.5976
146.15
174.176
125.983
57.6512
136.157
158.481
88.4584
96.9113
108.665
41.1923
54.1757
123.74
97.1123
66.5042
100.707
65.477
179.655
126.756
50.7541
54.9142
98.3733
84.5906
55.2922
55.7404
116.453
35.8395
34.361
44.8023
67.2738
39.4142
56.5841
33.8807
14883.5
15180.1
5347.09
14906.8
14925.5
17956.7
14170.2
16188.6
15256.7
14970.4
7372.21
15100
15165.9
19440.1
15358
17485.1
3272.47
4621.66
3323.13
5871.64
5228.85
4068.46
5114.15
4355.97
14920.3
15095.4
8389.08
14907.6
14933
12381.8
12827.3
11556.2
15168.8
7489.58
14934.2
15126.6
15729.6
14551
15158.7
13903.6
21377.6
15293.2
6291.29
6309.27
19379.8
16549.9
10037.5
11080.9
7045.53
13369.8
14112
8029.16
7978.11
12829.1
8584.23
12343.5
6163.88
7661.75
14306.3
6462.48
7286.13
8027.89
9981.33
10516.7
629.155
473.466
1104.68
673.573
614.281
570.996
667.401
646.515
251.579
69.4494
346.473
208.504
234.728
176.854
230.399
202.851
2472.94
2043.52
5552.49
2304.47
2476.34
2747.97
2499.12
2939.02
623.288
304.797
1097.44
424.938
595.341
582.042
603.701
658.599
449.462
1076.56
657.487
359.431
449.002
612.215
378.021
607.65
397.705
323.492
759.187
1044.94
478.652
410.696
839.235
814.083
1192.56
723.909
360.764
1352.89
1156.16
756.98
1187.79
671.633
1217.19
1383.33
378.112
988.944
1158.88
1068.63
895.061
654.362
230.316
212.598
376.026
264.886
235.776
288.1
305.585
319.682
106.078
45.9485
213.766
121.613
137.788
98.3717
223.075
194.291
576.534
472.908
781.14
708.006
542.645
533.616
721.445
714.761
164.88
203.672
502.979
316.782
183.808
236.534
288.354
405.654
162.333
416.264
274.038
142.117
264.401
315.594
253.864
324.554
136.134
166.824
307.59
465.737
246.449
245.464
344.403
336.622
502.486
246.855
191.44
526.663
395.729
304.672
369.99
239.442
519.887
646.997
247.226
461.167
462.065
432.741
442.211
320.414
9.76332
16.8212
7.84122
18.6976
15.345
15.6876
11.125
11.8496
16.6925
21.1908
12.6934
52.3524
21.6345
22.2803
20.6247
23.6347
7.36757
8.23653
7.52289
7.82293
7.54362
7.82635
7.55059
7.87491
39.9192
56.4872
10.7211
90.143
64.75
43.8054
22.9793
22.5426
19.2297
8.31939
33.3125
58.7205
13.2133
11.7082
39.2354
25.8408
16.261
46.2106
11.2718
8.14426
12.8301
14.3387
8.61262
9.87897
7.97173
14.4025
22.0845
8.76286
9.0286
14.6006
9.48439
15.1199
7.95632
8.79588
28.95
10.3556
8.12706
9.54002
9.43685
11.7944
7182.65
804.957
7937.71
2341.57
4295.2
4750.31
4099.03
4478.6
122.781
18.654
449.232
76.5065
89.378
93.3394
116.374
121.422
8319.31
2880.01
8663.92
3183.01
5512.9
6302.38
5409.43
5767.03
696.696
117.719
1150.83
199.29
379.883
604.853
390.33
579.284
432.337
5618.28
1330.6
166.35
469.423
2919.53
267.647
1716.62
514.222
254.765
1381
6066.93
526.588
388.309
1598.02
1049.93
5252.76
1315.06
193.872
2036.79
3261.61
1662.91
2106.79
1120.28
5589.57
1974.1
257.676
1395.74
3390.71
2000.21
1125.35
697.298
5291.1
2747.11
4704.67
2330.1
3729.83
3669.7
3843.54
3727.12
1606.75
1075.8
1894.54
798.308
1240.31
1230.78
1357.66
1357.74
4599.32
2920.08
4953.76
1851.91
3898.28
3789.41
3936.09
3782.3
999.987
555.578
742.324
234.75
712.62
712.122
444.471
486.509
2101.11
3949.59
1739.83
987.767
2210.62
3008.49
1293.59
1734.82
2068.33
989.056
2275.4
3891.75
2158.74
1745.79
2858.13
2350.81
3832.24
1682.76
951.913
1507.69
2036.88
1659.35
1656.74
1267.14
3744.6
1495.08
941.436
2250.77
3126.92
1633.76
2314.11
1291.78
16.7314
803.624
109.849
244.255
128.008
175.332
138.693
178.01
3338.22
6065.24
2101.02
2435.47
3541.91
3409.28
2400.89
2662.27
78.7638
326.818
53.0277
156.814
109.296
94.5978
97.6024
104.009
382.604
1117.06
296.327
406.846
447.217
453.092
422.165
442.805
1179.53
152.595
362.19
1346.76
1034.26
226.376
1152.18
338.613
1474.98
1422.02
831.3
164.532
1297.3
1340.13
790.048
923.143
132.577
369.385
1110.95
278.787
248.886
377.248
314.056
408.883
161.012
290.835
1251.22
773.235
193.802
280.149
690.483
652.55
9053.76
9088.04
9055.9
10.4538
3190.94
9066.27
155.381
4975.22
9104.19
9122.83
9101.46
173.017
5740.99
9096.34
4040.95
6582.86
9055.44
9085.49
9055.27
8.71283
3276.31
9064.8
159.638
5002.72
7.87484
11.3463
7.62769
7.5604
9.07958
9.74353
7.93582
8.23775
5152.76
3393.05
7.72814
32.0165
2994.37
3410.57
87.6116
58.0643
9082.03
108.868
9079.81
9066.83
6150.23
4594.27
9087.85
5009.39
155.481
8.31941
11.6142
8.33731
7.54898
6.084
6.9362
8.08948
5023.28
8.39087
45.0204
5915.54
3253.57
57.2035
2844.78
82.9436
20.334
27.8606
14.3859
41.9527
27.6319
21.3242
23.7737
17.4784
55.1279
32.0292
22.9704
67.2634
67.2449
38.9242
59.9916
41.7185
11.6381
14.3667
8.37904
10.1636
11.655
10.0168
9.26817
9.6497
96.322
57.7757
23.1748
121.933
106.472
47.9274
97.4499
39.2023
48.189
18.2558
56.9599
52.0736
32.3938
21.2384
40.1099
33.6675
46.5851
42.7458
19.084
16.6416
25.1967
33.7871
19.5224
27.0021
16.2208
42.9734
40.0054
16.1513
18.8124
25.9216
21.8323
28.1034
14.3183
12.5924
36.4979
23.8098
13.9474
16.8889
22.8414
26.5104
14915.2
14826.8
14832.8
974.579
11175.9
14824.5
9829.96
12642.7
14826.2
14885.6
14857.1
1344.13
11654.7
14835.9
10813.2
11693.7
14801.3
14824.9
14813.6
762.03
10970.1
14786.7
9744.29
12196.3
81.897
81.0863
38.5121
14.4837
65.0517
57.2367
33.9213
30.9332
11524.4
11029.7
618.983
770.879
10620.6
10203.2
986.439
814.592
14785.2
851.962
14798.6
14789.9
12477.6
10558.2
14784
11306.4
9834.3
443.254
645.493
409.159
765.872
650.698
590.622
593.989
12466
557
632.192
11652.9
10116.3
837.609
10136.6
895.539
5794.38
5791.57
5783.88
2041.94
5214.36
5792.42
4498.36
4730.35
5805.8
5799.74
5789.38
2126.63
5428.24
5808.94
3874.16
3995.55
5778.83
5774.07
5790.1
2704.89
5230.26
5778.35
4717.39
5125.01
865.411
641.926
1029.16
202.528
756.297
771.716
478.363
419.164
5179.16
5244.27
2014.43
2118.08
4544.21
4565.51
2185.81
2133.55
5789.84
2233.52
5790.89
5783.61
4723.88
4242.61
5783.38
5273.09
4753.68
1733.5
1367.72
1993.56
2485.02
1776.33
2516.26
1561.55
5007.71
2065.05
1380.47
5311.93
4838.66
2743.37
5011.86
3028.76
122.526
203.308
142.288
113.201
148.382
154.275
117.692
124.028
326.378
563.244
271.417
334.977
407.183
393.321
300.413
309.112
173.616
211.434
180.119
102.479
202.611
205.718
134.831
178.094
59.5144
127.471
51.5785
33.6486
82.5874
86.5908
38.1452
42.2812
219.733
151.442
133.026
215.694
171.8
145.434
170.809
137.531
220.66
207.696
205.694
158.069
183.079
219.989
175.239
207.11
129.123
73.5456
118.795
77.8349
105.543
85.1501
114.328
90.6635
145.953
87.9495
127.578
168.726
164.556
136.597
156.084
137.964
7.25293
7.22608
7.25277
7.60303
7.30683
7.24758
7.37843
7.31806
7.31404
7.6121
7.4516
8.65562
7.70567
7.54261
7.91354
7.85448
7.24393
7.31102
7.30219
7.6491
7.3778
7.30136
7.43226
7.40061
8.659
9.12751
8.87864
12.1172
9.86392
9.18105
10.4967
9.85446
7.32238
7.3244
7.85414
8.31836
7.40512
7.44856
7.64058
7.63971
7.29137
8.20151
7.37628
7.24636
7.36837
7.67911
7.26833
7.48106
7.37979
8.05449
8.57951
8.20748
7.68148
7.8505
8.09171
8.4234
7.29383
8.02958
8.51499
7.50634
7.53986
7.84045
7.60389
7.97223
8.06732
15.4602
7.75742
30.9174
15.9143
8.69747
13.3997
9.42409
14.6752
17.069
12.314
42.9501
22.5816
14.6792
28.3009
17.9628
8.02855
10.3036
7.77822
9.28996
8.56503
8.0212
8.55204
8.12469
66.3896
99.2765
18.9234
119.679
97.8248
63.6184
90.0617
84.8686
23.5864
8.8193
60.2246
71.3624
21.5579
10.2053
38.0783
16.0213
11.1594
31.6403
11.2117
9.14902
12.8501
16.5941
10.0256
11.3127
9.83372
46.8754
70.5751
14.4256
10.3433
18.6654
13.0316
26.0611
10.4365
15.0855
33.7229
12.8378
12.044
14.8299
13.2118
16.6341
9986.13
3585.78
11049.5
3383.96
7173.42
7990.22
6247.49
6760.58
563.69
16.0327
112.479
52.8085
204.071
179.794
103.453
65.6562
11077.1
869.769
9653.93
2435.02
7118.34
8296.3
5058.59
5443.04
1080.48
83.5697
527.397
120.787
478.703
516.628
265.786
259.612
2197.72
7614.4
2333.77
280.326
1530.43
4801.96
798.822
2435.59
2351.55
288.027
1166.23
8708.41
1458.23
651.404
2278.4
1068.7
6732.64
2183.56
172.413
1207.66
3634.65
2272.74
2041.7
1181.21
7471.98
1206.82
146.939
467.968
4387.5
2253.78
557.695
275.985
39.1765
246.532
666.889
220.42
65.9167
283.092
242.213
325.463
336.301
316.014
1121.13
311.039
332.613
534.28
415.401
497.591
2614.48
2167.49
4611.14
1996.06
2258.21
3510.09
2503.94
3004.7
233.213
250.508
988.177
233.244
214.598
297.4
405.977
375.384
267.766
830.926
242.992
278.717
381.834
380.316
309.461
345.44
499.762
371.667
1638.57
1583.04
479.788
489.458
1184.71
1022.03
1237.65
397.799
351.8
1265.7
962.81
408.302
867.81
422.908
1529
1198.74
380.532
1391.55
1546.26
1120.38
1124.35
821.227
20443.4
18908.1
20289
5859.74
16616.6
15131.9
17158.7
15101.7
18298.8
19899.4
7139.88
7898.85
16080.5
12768
7724.56
7283.36
17271.9
7322.13
14153.8
7486.43
13165.2
11808.3
13410.8
12102.2
3264.17
2903.14
3139.14
862.742
2919.62
2928.94
2556.66
2746.44
17084.4
14774.9
5287.42
5724.54
11305
12089.9
6037.69
5212.17
15122.5
5710.5
8140.73
13122.3
10594.2
8059.77
10998.8
8869.25
16015.7
5681.59
4808.29
6376.9
7579.33
5504.53
6157.75
4892.91
13788.7
6052.15
4841.99
7198.04
11243.4
6017.06
7631.99
5347.09
7.55937
7.29998
7.24921
8.38557
7.76635
7.40449
7.88128
7.43166
7.22257
7.21397
7.22149
7.34974
7.24601
7.22276
7.2913
7.26552
7.2152
7.2218
7.22756
7.43708
7.22874
7.21746
7.27923
7.26764
9.17262
7.86461
8.28139
11.6081
9.55379
8.01418
10.5527
8.82408
7.36659
7.28707
8.48223
7.57644
7.38613
7.37898
7.49503
7.61709
7.24971
7.39834
7.21566
7.2272
7.26461
7.26593
7.21918
7.23344
7.32127
8.50518
7.66342
7.89745
7.44072
7.73831
7.5864
7.69711
7.24434
7.63514
7.46064
7.25208
7.25342
7.43056
7.26208
7.36922
7.21027
7.21839
7.20925
7.30037
7.22387
7.2117
7.22985
7.21715
7.24144
7.24488
7.24062
7.60507
7.2797
7.23943
7.44088
7.35294
7.2177
7.22871
7.22871
7.63211
7.24924
7.22689
7.33958
7.28565
8.13392
8.69095
8.7749
10.7323
8.84018
8.32776
9.90069
9.22725
7.24407
7.2168
7.45003
7.67396
7.27439
7.23538
7.3438
7.3226
7.21734
7.50447
7.21739
7.21091
7.23187
7.32698
7.21331
7.23618
7.24177
7.74506
8.10529
8.06144
7.37354
7.58233
7.69495
7.79086
7.23038
7.73926
7.89389
7.25314
7.29353
7.46762
7.30368
7.47135
17092.2
20266.9
7218.99
8541.89
15254.5
15402.9
7750.58
8136.13
21402.3
18719.1
17343.2
4811.43
18903.2
16536.1
12758.3
13448.8
7216.82
18847.4
19945.9
7752.71
7792.99
13155.4
7454.48
16843.3
2663.3
1977.89
2110.52
680.905
2229.78
2112.7
1896.65
1759.53
18848.8
7807.2
8478.34
5410.34
10910.8
8816.92
6695.36
6379.66
17710.7
4968.27
15518.3
8699.14
11633.9
10283.6
10050.1
10368.3
5630.73
5379.54
4489.35
4310.75
4538.88
4759.72
4627.67
4215.81
7463
5150.56
3986.51
15866.9
8085.49
5412.95
9980.96
5456.48
13995
7593.84
16993.9
7176.16
11916
13244.9
11575.2
12966.7
2844.08
770.353
2737.64
2674.57
2406
2329.88
2523.16
2468.37
19768.7
5866.2
20046.3
18874.4
15023.3
16940.1
15035.2
16523.6
6945.3
7483.93
17905.2
19080.7
7132.42
7481.53
12941.1
16256.9
6080.52
13666.2
6917.1
4669.53
5944.95
11100.4
5122.99
7327.58
6377.72
4624.04
5366.12
15825.7
6045.34
4649.69
7350.03
5218.02
12989.8
7877.73
5480.41
14788.9
10460.3
8552.44
10138.9
7839.21
14537.7
16856.1
5514.43
5225.42
11876.9
10791.3
5151.4
5859.94
19249.9
18053.2
8002.82
7313.25
12689.8
15805.8
7425.61
7775.7
19130.5
20565.6
5435.87
19130.2
15394.5
16902.4
14752
16286.7
2500.29
2409.83
598.586
2524.95
2264.57
2201.01
2177.13
2005.3
7555.62
16872.7
6655.45
14521.4
11674.4
12798.9
11988.4
13159.6
15132.8
5397.8
8261.22
12817
10553.7
8011.92
10968
8946.88
17181.4
14221.4
4898.85
5392.95
11189.2
11752.2
5888.72
4888.79
4335.36
6996.29
13248.4
5216
4649.96
7377.72
5073.84
10773.5
4260.22
5455.75
15013.2
4644.22
4152.84
5040.88
4723.8
6041.32
1694.99
2167.52
2458.23
2380.03
1783.96
2069.08
2181.66
2310.29
4258.05
16714.4
16115.3
5197.28
4954.53
9352.52
5036.76
9246.72
6703.29
14981.5
16332.1
15973.4
7745.89
12898.8
13627.6
12769.9
3951.65
5053.54
14744.6
14098.9
4522.21
4865.33
11285.1
10797.6
2474.22
2962.18
2702.67
3549.72
2835.45
2877.99
2903.9
2886.53
3248.16
4206.27
11185.1
4060.71
3699.49
4509.84
4024.73
5010.36
4146.32
3762.2
4618.57
12120.2
4274.76
3983.88
4823.24
4602.99
6077.82
11901.4
5541.54
9747.8
6082.55
5756.91
6427.93
6045.71
13749.1
5876.49
15376.4
4970.45
8292.12
7895.83
11401.4
10254.8
3095.79
2366.63
4170.19
3050.99
2665.46
2637.88
3740.62
3544.08
15174.6
6898.13
17471.3
16195.3
10991.8
10844.5
15580.8
13363.2
5514.79
4054.13
17244.9
17246.4
4878.48
5002.72
15251.2
12298.8
4124.22
10854.8
4160.81
3368.59
5196.05
7129.9
3918.41
4111.04
4027.09
3340.82
5188.18
10274
5020.78
4383.12
6706.33
5484.09
12803.2
6599.35
4497.93
15206.3
7176.22
5918.39
6230.14
5315.8
11140.1
12538
4298.65
5831.27
8410.98
6129.13
6083.89
5210.82
2040.34
3564.82
2564.47
2958.23
2472.72
2840.58
2372
2889.19
7013.23
15759.4
16078.8
15610.6
9867.71
11769.4
10356
13544.3
4202.86
14902.9
12539.5
5193.47
4716.51
11253.2
4607.71
12066.6
6013.98
16533.1
5249.09
17062.7
7452.17
7689.11
7974.6
8265.12
4257.13
3094.09
3581.4
7996.32
4363.52
3247.42
5677.88
3696.59
5404.23
8278.08
12796.6
4402.66
5636.4
6779.33
5062.69
6212.75
2858.65
3746.3
8293.96
3831.8
3191.13
3770.48
3886.18
4913.74
4588.88
5594.28
8688.84
13885.2
4823.29
5346.54
6203.81
6302.05
16743.5
5696.36
16265
7559.95
9419.31
8549.09
8575.16
7887.31
5274.27
13156.5
15461.3
4776.66
4821.06
12821.5
5092.44
12074.5
15763.3
16277.4
15212.5
7120.25
10270.7
13747.6
9718.92
12017.3
4039.95
2946.96
3933.75
2815.56
3127.53
3311.79
3154.03
3213.02
4265.03
8898.24
4721.45
3223.44
4268.73
5312.04
3587.84
4399.81
5683.93
4960.87
14356.7
8818.27
5390.44
5018.44
6375.86
6425.55
8622.14
4491.09
3447.49
4868.77
6519.47
4292.15
4941.62
3682.6
8474.1
5762.54
4759.85
13219.4
7042.82
5964.6
6684.5
5465.71
109.682
125.177
98.6725
77.7468
93.0969
108.583
84.5427
94.7757
102.743
65.7545
88.5228
71.7697
82.7929
75.4665
76.0305
72.9214
91.2088
134.73
77.5513
61.6467
87.5572
103.346
65.7415
71.2158
61.9732
59.4475
61.3865
28.7755
48.5402
59.6544
37.8803
46.5111
111.392
91.5513
74.587
81.5145
104.18
95.095
97.1454
90.7396
113.589
84.9435
101.99
103.349
101.078
88.6207
111.581
97.8303
81.6825
69.5766
74.5456
69.3346
78.7196
78.0063
73.6325
69.2095
92.887
63.7367
72.9101
103.738
97.7613
86.2345
104.762
85.8672
7.21828
7.21697
7.23744
7.73834
7.24312
7.22205
7.31181
7.2934
7.21337
7.21593
7.21073
7.3814
7.22363
7.21174
7.24125
7.21634
7.25501
7.21763
7.28071
7.48681
7.2608
7.22614
7.32176
7.29428
10.2424
8.44058
8.61538
13.7268
10.2785
9.00828
11.3682
9.93384
7.2343
7.29083
8.21566
7.81358
7.32347
7.44003
7.73018
7.79423
7.2141
7.52145
7.2199
7.23097
7.24602
7.28147
7.22779
7.2468
7.39966
8.45173
7.8257
7.93923
7.80131
8.1529
7.77556
8.09022
7.30941
7.71613
7.5411
7.23237
7.37423
7.5707
7.28559
7.45609
6884.14
10811.7
666.707
686.908
6302.57
9150.37
1021.35
2415.75
10700.4
9279.63
3235.57
2318.45
9002.12
8684.13
2892.95
3187.07
122.214
520.801
22.4888
32.7772
235.307
376.706
40.4746
192.918
78.9511
249.368
21.1179
26.4131
100.978
160.52
27.8609
32.2444
9272.57
754.082
706.884
1879.84
2662.46
1817.69
1931.38
1405.52
9942.59
2194.69
2647.55
1377.55
3223.62
2702.82
1984.07
1920.37
81.9693
96.1384
338.404
21.3162
61.6986
231.826
82.907
177.523
420.069
51.2828
509.587
929.2
352.07
270.198
585.801
439.413
72.9312
69.8648
81.3942
48.0761
63.3774
73.7105
56.6447
71.2184
83.499
71.226
79.5859
68.0609
83.0603
78.5527
75.8099
77.0505
82.7669
77.7385
87.2713
56.5612
71.1136
77.5002
67.9793
77.6311
39.2817
47.2079
35.6721
28.1946
34.3828
44.4728
31.3633
42.0467
64.4901
73.7182
45.8085
58.6707
62.788
60.7937
59.2702
51.7582
75.285
71.3646
76.7316
72.5714
72.7162
74.0805
72.8035
70.2692
70.4533
43.3378
53.6601
43.1589
54.6358
51.5112
44.955
49.5252
71.4257
57.4282
67.8525
74.057
62.6982
56.883
65.7965
63.9157
675.061
1081.11
1099.56
457.054
715.236
1052.35
605.481
994.188
2191.76
6002.77
6021.57
2074.33
2637.42
5378.18
2918.56
5504.38
2205.5
6057.6
5503.97
1566.2
2663.66
5512.02
2339.99
4991.64
241.038
423.807
560.474
87.2702
291.46
450.086
313.962
361.507
1203.88
1220.75
524.27
948.709
1157.22
1014.97
820.088
812.26
2108.04
1940.74
5432.06
2246.28
2241.78
2415.82
2409.82
2735.72
1123.77
458.244
971.798
881.205
889.818
769.956
1033.11
768.292
1961.83
1427.38
1832.98
5363.76
2020.88
1672.93
2358.25
1821.47
98.7245
67.942
100.179
68.6283
90.1435
91.5136
94.7336
98.6411
45.6566
33.539
48.7529
24.7032
33.7854
41.12
35.8798
44.7933
124.1
81.0766
95.777
56.6125
100.453
115.793
111.795
113.498
42.1175
18.4039
29.2442
23.1199
24.0538
22.735
24.3252
24.452
67.0136
75.3145
46.3489
32.7498
64.4427
67.3065
39.7929
47.5558
64.6916
34.523
60.1723
92.0532
75.0468
41.5578
89.2165
52.6305
77.6234
48.4409
33.2423
41.1764
53.6302
47.0573
40.664
35.3393
98.5736
49.0094
38.8736
70.178
69.7331
49.9024
59.4304
46.0947
247.611
335.408
196.818
85.1805
184.938
279.975
140.953
194.659
372.98
238.929
166.652
37.6645
191.947
268.827
132.9
182.601
219.014
139.75
112.083
73.2792
164.354
142.913
118.77
121.112
40.5296
26.0038
45.1098
21.1035
30.6058
42.9772
34.2151
44.2989
225.804
142.658
51.3141
47.1112
146.272
106
64.7268
67.1486
335.906
72.177
250.036
249.225
226.704
148.089
266.882
215.862
166.259
58.8198
58.891
82.6941
106.192
79.4029
104.167
63.9478
218.089
80.4219
74.3195
147.542
156.267
117.731
151.626
74.7752
116.197
107.472
100.91
69.6258
97.5742
102.394
88.5561
96.886
110.841
110.126
114.794
87.3981
120.096
126.283
104.256
114.227
93.1051
104.744
72.461
60.6662
103.151
113.782
72.0607
82.5278
42.1718
47.3496
33.7817
23.1191
43.6536
44.8727
29.506
31.212
106.025
104.005
63.7041
74.3812
81.2495
77.5076
75.4592
64.8193
105.287
80.3527
108.215
113.099
85.5315
97.4806
106.532
103.453
90.4497
57.277
56.9793
47.368
82.7085
61.2247
69.9365
58.1305
103.03
53.528
60.2413
91.3872
89.57
73.6235
84.6592
70.135
7.33827
7.89728
7.76962
8.3694
7.48811
7.60128
7.6266
7.69687
10.3592
19.8773
21.6487
27.6421
12.066
16.6055
13.6619
17.5886
10.1319
22.9068
17.1923
13.8108
11.322
15.0544
12.2855
15.5945
13.5035
53.5319
23.833
22.2637
17.6138
23.7359
20.1078
24.6395
8.60691
8.29783
9.28262
32.8842
9.50671
8.0744
18.4881
9.23438
9.03881
24.1585
15.3518
9.12405
9.72749
10.7934
10.5709
11.7458
9.07641
10.1028
42.5553
13.6222
10.4084
9.93333
11.8218
12.9809
9.86041
13.8864
32.2215
16.5087
10.9242
12.9536
13.9063
24.3914
84.6367
38.7118
59.1665
79.776
73.2077
50.4132
74.5944
47.7304
27.5589
20.8064
27.4525
15.6653
23.2566
22.7168
17.8517
18.0417
47.7509
26.5899
24.1607
35.9626
44.3689
33.1009
39.2698
22.9093
82.2553
30.4414
66.8864
30.1471
69.6162
48.6161
54.4882
41.8822
33.0798
53.3596
79.3516
26.2203
29.6557
40.775
28.8354
47.4885
28.5464
17.4737
25.9749
35.7125
24.4116
20.3802
31.3186
28.0131
65.0462
84.0983
29.8038
69.2553
72.475
53.1819
72.581
46.1797
36.8878
38.3276
15.9413
18.3212
32.6057
36.3812
24.1266
25.9041
4893.73
4965.02
2406.08
1594.37
4515.05
4713.16
2509.66
2716.13
4891.25
4845.01
2418.14
1663.55
4499.81
4607.77
2576.8
2755.4
1453.88
1499.26
1069.37
575.469
1279.88
1424.91
928.103
1121.03
488.21
504.034
301.687
122.959
418.065
502.903
291.935
339.381
4537.2
2206.63
1535.82
1556.24
2540.11
2249.4
1590.25
1545.99
4664.34
1608.02
2284.23
2239.66
2648.62
2242.4
2344.9
2145.29
1444.47
995.909
968.515
536.033
930.036
1038.93
813.033
819.148
1569.05
627.781
1033.46
1649.73
1289.86
897.027
1459.32
919.663
7.25301
7.22523
7.22337
7.54493
7.32356
7.23267
7.35169
7.26205
7.22468
7.25443
7.22618
7.33927
7.25047
7.22175
7.26869
7.25705
7.21589
7.23239
7.2158
7.30063
7.22237
7.21767
7.23578
7.22325
8.23972
7.94469
7.74927
12.6838
8.73407
7.7797
9.81776
8.13589
7.24513
7.23462
7.58055
7.44814
7.27203
7.26928
7.32185
7.30779
7.22358
7.3238
7.21785
7.21354
7.23508
7.24479
7.2161
7.22778
7.23778
7.62356
7.50363
7.45173
7.2728
7.33823
7.30782
7.42021
7.22058
7.40774
7.3726
7.24448
7.22939
7.27231
7.24098
7.28019
5285.54
2959.03
4893.4
2511.53
3850.52
3777.24
4045.54
3906.36
1800.55
1171.36
1929.87
858.5
1368.76
1349.97
1388.34
1379.96
4626.4
2916.6
4824.99
1694.02
3930.72
3808.18
3732.65
3646.4
1098.88
618.146
658.516
245.012
792.824
786.794
451.115
496.724
2279.04
4120.82
1894.41
1082.19
2325.48
3136.4
1455.74
1870.53
2230.6
1071.66
2360.72
4042.4
2273.81
1800.77
2969.5
2442.63
3877.06
1789.88
997.76
1372.71
2119.71
1768.91
1711.16
1335.8
3836.16
1383.25
985.507
2274.11
3138.39
1678.17
2319.92
1334.88
18.7047
43.3182
532.796
100.024
28.8866
54.1911
127.034
138.82
52.2238
45.0485
328.275
113.306
56.0427
66.5939
116.547
105.185
2208.2
1363.59
4571.52
1872.3
1853.94
2087.03
2403.06
2215.98
149.19
158.18
880.169
208.324
149.341
199.874
374.582
316.691
48.8684
556.853
124.562
134.721
142.794
186.297
135.449
196.628
73.225
164.328
478.912
676.799
138.108
155.661
524.288
461.971
940.97
248.586
227.749
1106.97
679.125
262.41
615.264
292.326
910.282
950.271
220.482
561.182
970.557
731.5
611.139
504.928
7.22286
7.22638
7.22369
7.43874
7.23622
7.21952
7.25928
7.23625
7.31198
8.08938
7.61061
9.3953
7.82005
7.8098
8.36376
8.2782
7.28603
7.40817
7.415
8.45287
7.56331
7.39416
7.66954
7.51735
8.43438
10.6527
10.469
15.4084
10.0232
10.2868
10.9564
11.1161
7.27807
7.2585
7.71915
8.97384
7.35064
7.32732
7.58163
7.60644
7.27226
9.15939
7.47609
7.24133
7.47292
8.51268
7.29622
7.72812
7.30554
7.92105
9.57143
9.28495
7.69053
7.933
8.80638
9.20542
7.30849
9.36111
9.76922
7.65723
7.90016
8.66545
7.87535
8.86639
4319.12
1357.2
1790.76
1836.09
2321.14
1748.96
2123.37
1806.71
332.039
58.6105
175.529
120.422
172.941
130.211
174.226
151.152
953.243
373.571
665.133
511.814
722.234
613.153
677.608
635.922
869.352
166.763
361.624
217.297
444.468
336.49
373.334
348.439
698.962
1137.29
1093
302.291
647.77
965.753
509.7
820.138
519.684
231.151
321.971
907.527
570.157
327.884
585.369
402.161
1071.76
1013.86
277.81
550.237
879.83
882.858
601.307
501.719
951.625
507.53
259.141
353.449
640.843
483.932
391.374
271.293
7.76529
11.091
7.47394
9.195
9.4705
9.79599
8.70407
8.67489
14.0628
16.5261
10.2893
26.2834
17.6707
14.5382
21.0252
15.5423
7.55383
8.20371
7.46544
9.18015
9.08003
8.25819
8.91858
8.29457
12.4213
41.6429
12.7868
19.7825
26.0404
23.0153
18.6821
16.5444
15.0554
8.01207
11.904
39.5528
15.2355
9.41729
17.3114
12.184
13.4529
23.692
10.2562
8.42522
12.5772
15.1772
9.22797
11.9747
7.98431
10.3812
33.3004
12.5966
8.33413
11.0826
12.6849
16.9925
8.4397
11.7078
19.8029
10.3341
10.0659
12.7996
12.2832
13.703
19.2963
90.0672
595.155
77.2423
42.3029
216.216
106.545
234.425
115.987
141.349
841.828
147.238
105.853
276.186
161.732
241.96
2697.81
2246.05
5932.49
2501.83
2251.58
3657.56
3160.94
3340.81
288.487
186.154
1184.76
326.875
235.681
300.818
523.877
427.9
98.9932
652.07
102.485
186.225
220.419
285.586
205.35
260.455
249.057
232.549
1280.9
1390.5
267.713
277.063
757.743
649.938
1236.15
349.087
265.174
1561.22
976.784
363.179
820.945
386.836
1383.72
1284.15
259.32
1093.98
1408.79
976.053
849.056
608.044
10.4101
15.6901
8.07659
18.0855
15.7181
14.0661
10.341
10.9031
28.3567
32.2686
15.385
44.3994
34.7867
29.6184
31.7245
28.9362
7.67415
9.71466
7.62245
9.02366
8.37086
8.95284
8.09581
8.48706
18.4671
45.3338
11.8072
28.2131
23.7798
25.0585
14.1699
16.6958
24.282
9.154
25.5301
42.5245
19.6396
12.4342
36.6621
22.5675
27.6414
36.2342
13.5829
9.95255
25.143
25.5567
10.7496
14.2837
8.6117
12.521
22.7257
9.92154
9.652
12.665
10.0959
14.1541
9.45061
10.731
22.052
12.8457
9.94486
11.3646
12.094
12.7403
7.45458
7.5057
7.46243
9.60856
7.56269
7.43601
8.23705
7.85664
7.44074
7.55245
7.33832
8.64898
7.83164
7.49277
7.88781
7.56852
7.31225
7.22563
7.23834
7.5363
7.27819
7.22737
7.39333
7.25502
11.4876
9.71943
8.64188
12.6141
10.2157
9.72639
10.5287
9.78604
7.79965
7.72386
9.74493
8.95409
8.17922
8.48575
9.05501
9.1422
7.46382
8.64179
7.33719
7.4101
7.77076
8.10403
7.41301
7.50414
7.81627
10.2749
8.97645
8.29087
8.28349
9.54449
8.09845
9.17027
7.54933
7.8133
8.45571
7.35846
7.42478
7.66064
7.46022
7.60984
174.671
102.39
117.195
187.13
164.202
129.487
169.43
137.592
65.7144
51.8699
33.1349
61.8162
60.8402
54.0013
53.6384
47.5431
57.4852
46.1867
33.9406
60.6542
60.6407
51.0467
59.3354
48.1201
140.778
65.8799
68.5384
106.995
117.796
103.527
101.858
79.4839
101.403
115.809
147.618
73.0807
98.2254
128.692
91.4337
136.338
87.3524
69.5478
50.8693
90.1093
81.2202
65.4161
76.127
61.0222
95.7014
167.379
60.7072
84.2772
182.174
159.909
104.61
112.153
71.8437
67.4829
52.4755
41.3925
62.0843
74.479
48.5679
46.8398
7.61903
8.53484
8.22751
7.95386
7.89734
8.08768
8.00989
8.24788
14.4831
28.5869
38.7047
53.4482
22.6766
28.5927
40.1068
46.4644
12.4526
26.4214
51.9631
56.2595
16.9546
21.7908
47.0968
52.864
10.9217
40.1409
50.9628
78.709
17.7266
21.1582
50.2369
55.9112
10.8242
9.71701
8.60073
23.1684
11.6842
9.31862
11.3745
9.04378
12.2334
32.465
25.6905
11.553
14.5012
26.4098
15.6066
22.3829
10.6703
9.85914
33.8125
41.3512
10.838
10.4852
15.6715
16.3242
11.932
46.9236
45.7556
26.4493
16.4934
19.9373
24.0196
36.4104
7364.5
3137.19
8945.17
3006.5
5911.83
6465.09
5760.84
6292.09
693.274
44.6146
332.217
275.488
379.251
349.126
380.581
297.863
9801.37
1307.65
7538.63
2185.53
6230.85
7165.96
4239.4
4423.19
1301.73
271.485
664.353
210.961
735.844
797.752
389.131
379.061
2125.82
6610.41
2523.49
650.248
1962.67
4813.61
1242.01
2652.15
2172.25
665.673
1443.27
7580.5
1916.94
1014.31
2647.46
1411.36
6000.61
2398.33
494.298
1282.03
3517.56
2465.19
2179.82
1477.97
6602.85
1266.22
460.55
967.483
3932.06
2357.04
995.813
715.222
128.737
152.147
107.877
82.911
122.029
137.326
116.017
132.181
250.721
480.485
266.617
338.167
314.376
385.172
289.018
385.616
89.3408
177.133
68.6658
80.0751
114.207
150.503
101.081
137.551
56.7001
226.462
67.9079
125.844
86.2009
153.515
77.8535
165.636
148.246
119.742
73.0293
209.985
143.251
117.454
161.422
102.552
186.485
272.138
226.961
146.153
182.987
219.868
156.056
160.025
97.6327
62.8632
185.726
62.4511
64.5337
89.3359
79.6068
119.509
131.585
126.652
273.645
232.712
125.872
127.673
151.504
159.26
8.14862
7.48397
11.4969
16.0215
8.44614
8.09874
10.3076
9.21132
7.27806
7.24541
7.89661
8.14577
7.31956
7.26872
7.61703
7.41188
17.8185
11.769
21.7979
28.4039
19.9113
17.627
23.7203
21.5634
35.5171
11.3648
28.1896
54.737
27.6987
15.4869
40.2213
19.261
7.52364
11.3404
14.0834
9.04356
7.91781
9.24997
8.66442
10.8477
7.38124
8.68232
8.66703
10.0152
7.68157
8.04082
8.27553
8.8759
15.7765
23.7706
9.73626
26.5274
22.6039
14.7957
21.3996
13.9573
12.9929
20.3387
9.1744
10.019
15.4914
16.8838
10.3241
11.5403
8.16356
7.54032
7.41389
9.85886
8.45258
7.51477
8.83962
7.7739
7.30481
7.23154
7.25291
7.61564
7.35084
7.23152
7.40433
7.28154
7.23703
7.23701
7.24893
7.39179
7.28262
7.23528
7.31257
7.28343
12.532
8.367
8.13389
13.3586
12.4171
8.95185
11.7984
9.16339
7.68933
7.57057
10.7986
8.02963
7.78181
7.90921
8.04691
8.51897
7.33074
7.63172
7.23417
7.28032
7.4284
7.45255
7.2691
7.31945
7.53034
10.7863
8.1109
7.85324
7.76128
8.65879
7.84523
8.4838
7.34249
7.58262
7.71521
7.26465
7.33013
7.47262
7.32393
7.51327
132.582
143.52
202.979
132.861
152.404
174.332
159.798
165.406
115.745
82.1134
175.22
72.4588
83.5903
93.8173
81.6843
96.3464
480.858
435.77
939.792
723.86
562.527
627.199
730.476
775.998
114.853
101.755
469.803
140.388
136.412
224.215
154.168
268.542
111.806
227.612
116.511
91.5178
105.994
154.45
93.5976
155.182
132.944
127.099
259.823
286.45
127.129
126.219
176.594
206.914
300.376
122.58
109.48
473.949
296.432
192.733
369.321
225.032
377.312
542.251
148.852
327.778
435.569
448.93
282.249
270.134
12787.3
12880.2
12720.2
8069.49
10964.4
12756.5
9750.88
10525.9
12918
12946.4
12804.6
7991.05
11450.8
12875
10188.8
10811.7
12615
12680.8
12581.3
5824.58
9429.62
12605.7
7955.72
9540.37
7679.3
6437.58
6288.39
4786.37
6653.62
6456.75
6494.81
6333.96
11399.6
10313.5
7762.73
8018.01
10258.8
9266.74
8274.46
7540.88
12846.3
7784.29
12729.4
12673.8
10844.9
9775.86
12749.2
10521.6
8992.01
7377.58
7540.45
6148.61
6884.46
7203.36
6586.82
6884.75
9863.73
5970.41
7406.76
10211.2
8548.74
6311.9
9137.69
7109.82
12893
12752.9
12890.1
7961.63
8815.51
12794.7
9014.77
10773.5
12671
12595
12669.6
6460.05
6999.81
12613.5
6891.93
10088
12828.3
12784.6
12889.3
9746.63
9502.43
12819.9
9801.52
11059.6
6485.02
6681.84
7529.95
4080.91
5831.26
6830.53
5193.59
7097.02
7959.81
9150.07
7153.39
6604.48
7682.05
8176.26
6604.55
7068.64
12692.2
6992.93
12706.8
12766.8
10306.5
7436.43
12742
8182.69
9348.6
7411.73
6991.17
8147.14
8371.29
7570.95
7938.14
7496.91
10665.6
9057.98
7507.13
10721.8
8910.02
8528.28
8219.93
8047.62
12630
12724.6
12678.7
7845.1
9180.85
12702.8
8386.98
9607.28
12755.8
12756.4
12688.4
7677.85
9713.15
12736.3
8959.14
10693.7
12597.2
12603
12559.5
5518.4
7249.39
12580.5
6440.82
9497.91
6436.34
7106.65
6389.63
4790.36
6299.24
7093.38
6475.74
6810.66
9628.16
8894.88
8342.69
7595.6
8751.97
8121.85
8556.71
8140.34
12734.9
7536.81
12661.2
12656
10051.7
8257.39
12673
8474.42
8140.04
7682.46
7301.27
5972.24
6887.16
7424.1
6506.22
7085.47
9894.08
5921.94
7203.47
10160.6
7020.88
6368.61
7681.53
6745.58
12499.5
12617.8
12620.4
6750.03
9210.97
12582.9
8470.19
9847.75
12739.3
12867.1
12780.6
9189.92
10025.4
12848.1
9370.14
11258.5
12634.3
12676.2
12598.4
6565.61
7749.22
12650
7036.21
10163.7
5771.2
7090.15
6882.25
4148.14
5972.54
7054.61
6167.27
6874.54
9427.51
8767.86
7190.92
8627.51
8843.61
8193.24
7821.32
7544.97
12722.9
8790.58
12751.5
12676.8
10244.7
8685.43
12696.2
8819.81
7990.81
7140.28
8280.09
7232.45
7215.55
7454.23
7603.52
7978
10254.7
7108.08
8423.92
10680.7
7569.4
7666.87
8208.31
8113.67
12639.7
12633
12617.5
916.006
8890.17
12613.3
8323.44
11048.9
12657.2
12742
12672.5
2815.65
8971.03
12700.2
8268.44
11851
12592.6
12601
12544
416.93
7463.54
12567.9
5017.79
11477.3
38.9909
167.881
11.8799
15.8518
49.7422
42.0465
16.9566
24.8448
9155.71
8408.22
334.355
723.169
8112.06
8389.04
1102.87
600.382
12629.9
1983.43
12635.6
12601.8
11277.7
8524.55
12624.1
8221.47
7530.32
138.351
226.058
36.8331
352.725
384.249
63.8345
94.5493
11082.5
393.973
1813.57
11838.1
7774.39
950.795
7302.17
1481.96
12652.7
12617.1
12611.9
4229.35
11232.4
12622.4
10539.6
11233.5
12595.5
12607.2
12586
771.532
10988.8
12589.1
10123.4
10946
12589.9
12575.9
12552
492.732
10490.9
12573
8797.53
10430.7
408.191
109.688
21.9331
16.763
104.429
87.1386
38.7205
24.5524
11111.7
11188.5
2520.4
1200.66
10215.8
10384.6
2251.94
2885.03
12591.4
1342.75
12579
12596.2
10711
9852.18
12582.6
10597.4
10282.9
1881.15
926.741
423.805
1731.7
1841.29
699.651
1203.24
10993.6
381.544
692.117
10648.3
9601.39
897.34
9329.13
859.933
7.59603
7.45642
7.45673
9.43533
7.98107
7.50141
8.28208
7.64746
7.29911
7.31925
7.27315
7.63607
7.33821
7.23736
7.46707
7.29735
7.41647
7.38185
7.39044
8.60714
7.53031
7.39613
7.9296
7.85502
14.8923
9.73538
13.6017
77.1584
16.1367
11.3193
28.6525
14.4758
7.60964
7.61319
10.447
8.29733
7.823
7.78079
8.18539
8.5363
7.34364
7.6835
7.25828
7.30834
7.47089
7.49735
7.33663
7.41103
7.87845
11.41
8.81945
10.8949
8.38927
9.07333
9.01952
9.29101
7.52339
9.40567
8.10517
7.39937
7.61352
8.41009
7.58676
7.83923
275.003
384.562
281.827
286.89
336.144
345.198
289.918
338.798
570.102
773.628
618.374
630.061
707.025
696.894
614.131
624.57
354.205
457.621
445.719
367.494
441.321
457.995
382.548
414.233
174.945
382.557
282.391
288.096
259.025
277.858
246.998
269.071
490.781
358.893
268.649
468.338
402.422
360.761
393.166
301.996
489.077
478.618
506.76
390.36
439.824
513.081
461.088
493.493
301.068
204.381
351.166
285.015
290.324
247.604
331.134
279.031
352.571
322.622
363.767
434.037
382.718
370.449
404.746
374.415
300.528
219.994
161.421
162.624
225.773
212.575
215.855
186.487
145.912
149.648
85.1887
75.3558
106.965
109.737
83.6089
88.8898
81.7698
65.3394
60.3098
45.6815
60.6879
61.5445
58.0063
58.8397
71.5225
47.5783
30.5965
27.5659
45.3708
42.0032
40.0588
36.1268
159.761
120.387
117.329
64.2973
129.028
133.541
118.117
120.108
132.923
62.6293
64.5438
109.191
108.403
70.406
91.821
59.2611
113.702
104.052
52.3602
46.1456
87.7913
95.4845
49.1396
50.6462
95.4874
45.2932
52.5889
60.3328
55.7491
49.1667
56.4494
54.5219
4403.04
2298.29
1398.32
2575.89
2781.19
2437.66
2666.34
2277.25
1398.32
982.145
492.592
838.608
1085.22
965.295
886.662
785.95
448.626
232.003
63.6684
148.007
286.446
226.543
141.523
129.246
1650.36
837.462
300.868
659.322
1085.28
845.215
682.059
588.358
1666.39
933.966
1780.26
1026.31
1461.04
1528.09
1433.16
1490.05
1453.17
851.59
488.074
806.932
1266.77
921.387
794.45
576.613
737.311
1515.77
842.211
280.444
680.326
1253.85
451.133
861.7
658.595
255.93
686.921
379.866
457.001
365.04
434.255
375.907
4362.92
6061.35
5594.88
4572.45
5217.26
5956.82
5256.43
5665.61
7468.66
12912.4
12769.7
12759.5
9018.61
11094
9515.29
12818.8
5400.79
12654.7
12590.9
12574.7
7382.27
10073.4
7769.61
12603.1
4562.06
12628.6
12571.7
12554.3
7143.07
9512.85
8177.83
12595.6
6424.79
5510.55
4844.64
8021.14
6179.46
5764.15
5843.67
5491.53
7032.34
10106.3
10565.5
6022.46
6660.31
8456.04
6567.21
8363.9
5279.48
4832.44
8876.26
8026.21
5104.85
5359.55
7454.69
7783.82
5690.15
12594.3
12696
12686.7
7652.89
9527.53
8766.7
12641.5
9.72741
8.75672
9.00943
26.2486
12.5231
8.54079
14.5033
11.7219
75.5519
12525.6
12526.2
12555.3
3502.71
4297.28
8793.95
12545.1
90.5155
12526.6
12524.9
12548.8
3824.48
4435.36
8878.15
12541.4
467.106
12573.9
12567.7
12586.9
8024.43
8739.96
10374.6
12579.4
36.6581
44.7053
159.118
6676.89
82.7357
65.1321
206.475
142.131
40.5115
7646.13
4508.78
45.6221
162.221
5331.59
88.3661
3763.74
94.2769
280.889
9861.98
9809.34
229.426
370.231
6659.21
7373.39
169.57
12562
12566.7
12544.9
5387.65
7533.31
8796.31
12554.9
288.216
306.272
434.84
304.184
335.442
399.798
349.648
368.305
100.464
61.8772
208.908
105.473
74.1026
85.65
137.976
152.68
644.942
430.379
845.16
739.065
476.002
444.506
638.854
691.458
301.312
211.671
725.727
510.46
453.399
336.372
676.309
615.417
218.769
576.821
298.494
177.237
432.515
491.134
288.113
412.119
167.635
174.984
302.721
658.132
340.779
177.119
468.223
345.967
760.896
366.054
288.513
679.752
592.414
456.696
576.255
361.27
669.168
666.122
262.639
373.258
450.772
509.144
379.08
340.383
4232.3
4983.47
5168.94
5823.06
5188.92
5216.24
5680.4
5473.08
5126.98
12590.1
12469.9
12518.5
7062.45
7345.27
8240.52
12482
4377.52
12477.4
12490.8
12484.7
5482.99
6125.85
8089.26
12482.6
6839.1
12553.7
12504.4
12585.5
8176.3
8494.14
9931.51
12535.1
5278.67
4914.33
6099.15
7134.57
5412.65
5565.92
5800.21
5783.17
4983.04
7869.93
6162.69
4561.56
5082.81
6415.88
4452.46
5405.83
5132.42
6337.41
8924.34
8639.07
5559.97
5953.3
6680.45
7275.51
4745.06
12490.6
12517.7
12478.5
5929.35
7312.21
7609.98
12485.9
12576
12587.4
5868.32
12519.8
12572.9
9230.87
7607.9
6892.55
12591.2
12511.8
6433.67
12523.4
12496.3
7420.54
6240.9
6858.25
6137.1
5708.63
4241.22
4989.01
5621.36
5773.33
5311.48
5259.34
12474.8
12497.9
4946.65
12564.2
12473.4
7591.4
6682.33
6590.79
12566.2
6054.92
12504.8
12492.5
7853.61
6789.04
12507.8
7417.27
9094.54
7546.72
6537.76
6533.03
6849.57
5562.27
6643.52
6131.23
5634.01
6462.82
6937.94
4840.39
4940.47
5361.1
4950.74
5394.45
5882.17
5148.35
6129.69
6148.89
5816.37
5360.06
5882.89
5608.32
10.9137
26.546
9.12618
8.62381
10.7848
13.3818
8.29578
11.2673
438.424
12585
12564.3
12572.8
8000.38
10340.8
8707.34
12573.7
100.908
12551.2
12523.4
12526.8
3804.13
8962.63
4465.3
12541.5
76.2981
12555.2
12526.1
12525.9
3525.65
8790.72
4320.2
12545.2
135.92
46.3505
36.704
6638.2
144.702
63.0236
209.036
80.4356
300.999
9826.58
9702.51
125.923
418.059
7294.63
309.955
6690.24
46.5499
40.5843
7641.02
4508.14
88.111
162.035
3774.52
5328.93
211.64
12544.6
12566.1
12558.4
5481.03
8806.25
7566.39
12554
4000.56
5125
5017.45
5511.04
5238.44
5149.54
5400.58
5249.76
5095.33
12566.2
12475.4
12536.2
7053.84
7588.49
8539.57
12497.7
4286.04
12481.4
12498.9
12496.8
6032.02
6885.22
8993.23
12494.4
6724.39
12576.2
12521.1
12583.6
7823.88
8442.76
9944.77
12549.9
5252.8
4583.61
6086.57
7611.8
5360.82
5356.85
5831.66
5722.77
4946.07
8075.72
6707.66
4248.76
5094.53
6652.52
4388.7
5876.77
4732.2
6328.74
9141.94
9545.4
5236.06
5886.63
6889.48
7108.38
4506.67
12509.3
12528.4
12485.2
6272.71
7721.92
8227.06
12498
12837.8
12831.1
12810.4
1030.34
9401.98
12810.6
8499.35
11256
12855.5
12931.7
12864.6
3542.92
8672.65
12891.4
8090.22
12053.3
12786.8
12795
12738.6
294.008
7380.85
12761.1
4976.31
11480.5
104.952
1686.44
28.8843
69.2068
229.259
621.707
63.2393
166.306
9651.08
8258.1
772.503
1187.84
8710.7
8718.39
2102.94
1156.34
12828.9
1875.89
12826.4
12798.4
11377.8
8352.64
12820.7
8017.32
7583.14
235.912
456.025
34.7123
311.241
507.211
76.058
200.218
11292
250.06
1529.2
11948.6
7708.2
585.497
7190.76
1230.4
12849.3
12819.5
12806.3
4860.78
11586.4
12818.9
10956.7
11570.1
12803
12815.4
12785.7
1552.99
10852.4
12792.4
9815.03
11137.8
12784.7
12770.9
12747.1
495.754
10627.9
12768.6
8910.18
10601.5
1799.98
776.769
37.3588
76.7435
715.285
563.149
170.863
81.2466
11183.3
11348.9
2643.33
1550.11
10442.4
10474.2
2457.9
2520.47
12795.6
1547.11
12774.5
12791.6
10987.3
10035.7
12780.9
10778.8
10417.7
2027.64
1204.38
384.165
1616.28
1801.88
646.733
1455.36
11120.2
346.675
767.967
10806.5
9709.8
801.694
9625.79
798.786
12717.9
12757.2
12718.9
16.8731
6019.28
12732.8
293.946
5576.16
12782
12815.8
12791.5
373.566
8954.85
12778.9
6249.84
8918.11
12719.6
12766.7
12712.3
31.1568
7021.1
12737.8
558.184
5928.67
8.32897
33.6995
10.9775
14.9261
12.4816
18.9939
10.6429
21.2015
7992.03
7007.12
7.69896
104.244
4519.47
5152.35
168.991
101.961
12751.9
239.223
12758.5
12740.9
7748.69
6842.04
12766.1
8447.96
505.88
9.05492
29.8664
9.76728
17.8923
15.7053
8.43015
17.5418
6733.86
21.9673
129.146
8497.65
5740.96
116.763
5076.91
181.422
6483.5
4539.48
7241.72
1811.51
4556.53
5802.35
4831.8
5918.76
3381.62
3795.11
6848.86
3419.82
3648.98
4182.6
3943.09
4702.92
7995.68
11885.3
12333.9
3967.36
6928.53
11681.1
7290.15
12835.8
1033.3
2618.51
2751.7
637.338
1666.59
2773.13
1362.34
2782.56
2794.69
4063.97
1587.97
2746.05
2894.54
3236.35
2353.73
2249.31
3494.15
3746.77
7907.73
5654.02
3831.08
4616.92
5386.83
5580.9
4303.73
1576.47
2802.19
2757.46
2415.94
2394.55
3029.2
2859.99
5747.5
4555.67
4078.11
9676.49
5860.45
4414.86
5753.16
4538.24
7634.21
7596.8
2943.59
7597.96
7612.26
7852.51
7203.46
7351.73
7603.63
7590.44
3875.14
7572.3
7591.24
8432.09
7248.54
7856.14
1666.12
2133.38
1339.09
2677.99
2406.54
1804.15
2345.76
1993.51
7573.36
7559.07
4097.31
7545.09
7564.28
6104.88
6608.44
5735.01
7590.83
3481.5
7585.8
7571.14
7294.56
6816.44
7582.78
6716.15
8585.59
7053.71
3082.64
2768.54
7992.92
7272.08
3914.43
4428.14
3246.87
6891.19
6948.53
3887.53
3720.26
6363.77
4076.34
6078.94
2729.88
3550.51
6733.5
3067.25
3208.81
3622.48
4071.51
4520.91
7.50436
8.71115
7.43227
8.88697
8.18686
8.09942
8.19683
8.22417
16.5656
28.8507
21.4954
68.1875
26.6019
21.9813
23.2496
32.3344
7.70664
17.8401
9.76764
14.0667
10.8015
15.1547
10.2466
15.978
13.6465
42.4848
34.1324
59.1523
18.5853
27.2245
18.5345
42.4959
13.218
8.66525
11.6557
38.7056
12.6895
9.5177
15.5551
12.1002
14.7364
54.8292
16.8746
8.98637
12.8396
16.3335
9.56169
12.7771
7.98993
10.4632
25.7673
9.54001
9.13466
10.8694
10.9294
13.5422
8.33586
19.9325
61.818
23.3764
10.5086
17.5388
12.8656
38.2207
4390.39
2069.07
2209.43
1951.31
2872.21
2311.09
2480.8
2259.47
1086.68
328.331
514.16
315.385
633.545
517.978
539.641
520.155
1213.92
621.797
799.901
598.988
883.751
778.915
783.9
766.678
973.831
254.374
436.829
242.63
524.98
434.42
445.556
434.13
1403.84
1421.65
1300.89
476.961
1167.47
1303.02
820.428
1088.18
1206.68
424.705
651.54
1258.92
1151.74
649.897
1116.9
746.156
1293.26
1179.04
413.287
624.421
1079.05
1098.64
718.554
621.251
1229.02
603.967
413.91
627.375
800.867
606.242
629.383
416.862
8497.34
8445.62
8449.63
754.734
6462
8445.75
5636.88
7440.93
8435.96
8458.27
8441.39
1073.91
7112.66
8435.61
6824.48
7551.37
8430.81
8433.86
8431.48
756.409
6704.72
8422.36
6129.11
7519.74
67.3608
137.935
31.8335
13.8946
69.1564
94.9991
29.4746
33.2622
6972.43
6579.69
705.811
914.978
6487.89
6233.24
1274.3
1033.03
8425.39
1110.09
8427.64
8424.46
7425.21
6584.49
8424.86
6996.05
5925.57
486.265
783.946
404.91
820.496
748.279
644.698
646.685
7408.92
621.707
892.632
7556.18
6321.19
988.909
6582.65
1108.45
4933.76
4823.44
2298.57
2427.55
4466.09
4220.07
2451.53
2504.98
4954.3
5125.41
2451.56
2105.94
4366.17
4127.38
2524.65
2680.77
1343.67
1399.45
835.556
695.879
1251.01
1225.19
811.999
854.853
1153.01
965.247
574.959
299.661
886.309
892.374
550.734
618.723
4315.19
2163.95
2340.56
2040.66
2614.53
2239.84
2305.17
2204.2
4102.01
1947.05
2109.5
2075.5
2731.29
2239.04
2414.43
2194.11
1396.1
1335.87
1284.88
697.57
1256.57
1389.11
1144.78
1118.29
1457.49
748.336
1372.56
1410.32
1254.41
1114.63
1351.97
1244.65
9173.87
9246.59
4196.47
9168.24
9178.43
10087.6
8524.01
9297.54
9242.88
9213.4
3523.58
9199.34
9224.48
10433.3
8799.12
9662.86
2574.08
2025.14
1540.1
3715.4
3202.06
1930.8
3154.96
2164.53
9152.66
9177.19
5428.61
9138.8
9149.88
7409.99
7821.88
6904.66
9237.76
5067.05
9161.74
9197.07
8864.94
8428.48
9221.1
8217.73
10824.9
8615.24
3019.15
3460.33
10000.5
8888.16
4782.7
5450.75
4679.17
8123.44
8395.62
5285.19
5276.48
7751.86
5550.72
7377.89
3425.27
4460.61
8148.35
3068.89
3883.82
4444.39
4877.18
5446.33
9223.97
9176.83
9178.65
740.006
6910.02
9175.48
5987.85
8028.7
9167.84
9179.23
9172.56
966.284
7671.01
9163.72
7315.98
8019.2
9159.25
9163.99
9160.67
831.106
7221.36
9150.93
6567.71
8111.6
69.9594
115.1
36.1677
14.1884
72.6711
95.6711
33.3512
38.2463
7513.28
7040.5
664.331
906.722
6977.01
6653.72
1294.23
974.006
9155.76
1107.09
9156.75
9153.15
8044.74
7124.27
9154.74
7563.89
6299.65
443.665
771.458
428.475
727.867
696.01
649.514
651.284
7995.88
671.07
881.973
8134.8
6786.39
977.787
7080.17
1084.77
9195.25
9279.74
3820.12
9197
9204.37
9997.37
8585.67
9135.98
9287.57
9259.03
5119.99
9203.9
9254.98
10683.1
8660.91
9721.85
2888.37
3466.47
2897.71
3606.46
3344.5
3291.07
3236.47
3209.56
9185.39
9185.68
4988.26
9159.64
9178.3
7239.15
7824.88
6695.25
9266.87
4674.27
9197.12
9214.95
8822.1
8238.18
9245.33
8063.49
10949.7
8355.19
4496.41
3867.25
9987.44
8690.21
5477.93
5834.06
4317.06
8197.45
8192.64
4879.21
4808.2
7531.33
5155.83
7132.59
3754.08
4538.16
7745.15
4356.65
4253.56
4658.57
5355.5
5672.08
311.546
452.248
380.185
318.32
364.571
378.02
313.459
375.368
662.412
804.953
697.695
744.865
702.349
715.09
734.93
733.079
457.015
532.463
744.858
461.953
484.192
517.402
491.799
527.724
255.34
599.47
320.115
404.016
507.536
475.974
332.667
341.116
615.653
435.574
328.205
665.272
470.701
408.517
473.617
342.952
603.185
674.959
605.187
469.347
529.106
694.631
540.461
610.649
390.431
256.144
550.469
326.488
372.515
283.124
414.777
469.68
444.472
362.218
569.224
526.042
442.358
429.801
501.033
498.223
8798.35
8781.89
8783.24
444.29
5858.46
8779.8
4628.77
7656.88
8752.79
8796.24
8761.41
786.222
6746.06
8750.1
6257.47
7131.32
8758.72
8748.56
8742.6
525.271
6399.05
8731.41
5741.83
7596.8
55.5624
78.1804
28.9209
13.1182
61.2704
72.9823
33.3535
32.2384
6709.14
6140.58
467.625
729.776
6199.44
5842.13
912.66
554.406
8745.67
881.702
8735.4
8747.89
7674.92
6288.59
8745.67
6689.57
5400.12
363.264
577.717
333.335
463.641
469.676
444.764
483.613
7616.33
403.25
640.836
7224.04
6030.22
644.321
6146.24
783.732
7328.07
7332.7
2837.62
7316.28
7322.01
7598.25
6968.7
7161.71
7340.78
7329.01
3816.63
7315.58
7330.91
8170.94
7041.36
7661.81
1809.7
2208.13
1381.52
2762.98
2521.89
1935.66
2472.13
2131.21
7308.62
7309.34
4050.36
7290.64
7305.95
5948.67
6492.14
5621.19
7329.53
3340.47
7313.99
7318.63
7089.59
6653.64
7326.33
6538.76
8243.63
6828.77
3108.36
2812.01
7718.96
7035.82
3823.09
4369.05
3169.92
6717.87
6781.02
3831.69
3621.98
6223.16
3989.98
5943.69
2800.81
3549.12
6540.29
3155.78
3263.4
3603.74
4065.39
4501.64
187.317
209.471
124.574
172.262
174.969
166.358
167.326
155.733
355.937
646.911
450.833
616.279
465.568
570.207
460.727
589.413
104.696
248.575
69.4632
172.92
135.484
182.253
128.144
163.721
193.322
347.827
149.877
249.729
232.13
276.006
208.38
261.709
241.312
142.496
176.259
338.462
229.75
175.136
264.174
195.13
278.519
504.59
369.271
156.13
274.64
352.607
206.768
273.902
131.746
162.226
309.18
157.017
155.108
189.305
181.649
211.093
147.687
273.293
517.724
368.855
183.741
278.642
262.83
359.166
236.427
151.643
213.299
249.802
224.538
195.002
253.831
211.315
105.267
71.921
70.1462
98.436
93.5246
84.8813
83.1262
78.2845
55.328
24.139
22.3971
33.083
29.8424
27.7152
24.524
21.9378
187.713
84.6982
67.8321
172.567
177.881
118.872
208.901
93.9356
156.445
158.998
211.972
110.884
146.186
188.942
139.533
190.564
128.443
102.546
67.1214
132.48
126.734
104.958
104.085
92.2813
96.7074
181.532
86.6976
50.5805
131.884
144.842
83.6565
121.176
64.3488
42.1648
72.9644
40.8355
46.1883
67.2013
54.2716
71.0638
1367.27
1971.47
1869.44
937.736
1306.95
1604.79
1225.24
1623.39
3027.25
5182.16
5166.46
2321.43
3379.56
4622.99
3173.37
4713.61
3011.39
5271.43
5577.41
2076.54
3094.99
4881.48
2729.87
5074.24
675.51
894.864
825.886
299.466
683.055
793.419
602.925
758.467
1967.81
1883.08
940.155
1558.29
1846.47
1516.95
1441.07
1144.92
2559.2
2105.22
4646.45
2500.02
2643.85
2648.38
2848.36
3152.81
1781.91
865.526
1384.45
1198.87
1323.37
1153.39
1315.8
1053.6
2595.63
1927.79
2212.84
4826.42
2434.55
1865.35
2845.65
2137.47
9178.87
10549.3
3493.57
2142
5677.91
7724
3029.94
3093.39
11380.3
9476.18
1497.13
1728.98
7563.65
8460.33
2199.63
1883.49
716.169
321.737
28.0966
70.1385
420.534
335.962
93.1075
50.0638
715.148
360.056
161.102
153.453
481.425
461.573
192.518
137.019
7730.68
2113.83
1714.86
1740.92
2456.6
2337.13
2155.27
1952.19
10009.4
1749.22
1258.25
2210.31
2357.27
1798.29
2589.4
1355.05
906.064
924.37
499.302
172.643
833.767
802.571
580.488
577.915
776.391
87.3617
400.628
384.241
520.77
530.891
580.698
461.253
5871.83
5813.23
5841.36
1365.84
5277.06
5837.65
5170.41
5467.13
5789.46
5789.55
5802.31
1781.68
5195.08
5791.09
5147.36
6006.35
5798.67
5817.79
5815.5
979.146
5548.39
5804.52
5724.09
6267.04
278.133
321.501
175.855
48.3891
221.427
227.913
203.457
160.315
4812.08
5112.02
1146.48
1508.61
4501.29
4823.09
1538.75
1202.15
5787.02
1601.02
5806.55
5786.54
5065.35
4837.4
5792.27
5518.39
4943.89
1108.92
1475.21
954.739
1209.28
1112.18
1025.98
1029.26
5179.8
917.263
1564.53
6477.46
5040.03
1093.09
5670.06
1638.69
4610.82
4682.27
2373.06
1909.7
4136.29
4471.02
2398.29
2630.54
4946.86
5162
2223.83
2180.58
4487.9
4948.91
2396.84
2498.79
1323.22
1188.97
709.903
619.044
1118.21
1147.5
775.334
776.762
817.209
1001.77
536.814
291.127
707.69
952.263
488.816
605.445
4264.45
2251.21
1887.07
2293
2679.36
2413.07
2265.93
2126.21
4690.6
2031.62
2132.58
2290.12
2766.48
2217.5
2421.33
2087.09
1563.96
1209.13
1316.08
732.166
1257.04
1377.95
1111.93
1133.32
1491.81
697.166
1139.94
1353.01
1160.15
1022.01
1302.87
1017.39
8758.56
1274.91
10195.4
2706.43
5017.74
7374.83
4809.4
6577.81
166.43
25.3491
583.646
125.301
129.684
263.852
185.297
267.725
10053.9
3471.95
8362.74
2735.67
5540.15
6860.61
5187.44
6169.17
697.138
177.853
1148.25
188.246
373.696
634.651
412.361
617.062
786.545
6580.37
1501.87
317.983
860.009
3618.96
554.668
2134.14
1418.83
481.539
2340.78
7788.86
1392.27
846.065
2774.26
1775.52
5874.47
1476.69
339.095
2139.15
3530.45
2035.54
2195.08
1183.15
6716.72
2137.49
486.213
2300.93
4038.88
2222.64
1807.59
1136.3
5651.46
5657.51
5650.59
1540.05
5867.5
5649.48
5618.75
5469.95
5625
5615.45
5636.64
2844.33
6256.64
5631.67
5777.35
5523.1
5657.2
5654.15
5653.86
2224.99
4967.44
5657.54
4709.04
5191.89
466.472
705.606
694.015
123.032
374.068
601.185
400.394
523.795
6632.79
5269.9
1307.34
2467.8
6211.49
5260.81
2575.99
1734.7
5647.91
2601.43
5650.36
5657.6
5709.54
5314.06
5650.45
5304.27
4966.97
1342.36
2393.38
1695.74
1775.69
1592.75
1727.09
1704.56
5233.78
1976.03
2474.48
5327.12
4842.52
2202.57
5007.78
2494.65
113.34
91.555
55.5457
64.5786
99.9045
91.0232
73.7163
65.4261
55.7752
27.771
32.1336
33.083
45.8983
37.4534
36.4424
29.4095
23.1433
16.7084
25.9301
29.2331
21.1757
19.4275
23.7965
22.1342
35.7207
25.3544
34.1475
50.9996
32.4677
28.986
33.7136
30.1354
81.3691
49.8601
52.6222
39.2584
56.907
60.3487
48.2823
52.7612
72.8638
38.783
33.602
44.2039
49.6967
43.9267
45.384
36.5743
29.3499
34.3901
21.7545
28.6446
30.9082
31.2655
27.5376
27.3521
25.6109
25.4023
19.982
17.8131
22.5757
24.2527
20.6446
19.7838
25.4095
15.1271
10.3299
27.5727
17.355
12.2604
17.4071
11.4261
25.0501
23.3374
13.4619
26.3835
22.8901
20.7763
20.7165
18.699
8.48801
8.65961
7.32718
8.49424
8.40805
7.91453
8.12319
7.5021
31.3785
23.2221
13.0423
49.2881
24.879
17.0181
26.3842
15.7253
15.9777
10.6356
20.0785
18.2297
14.337
11.8442
17.4129
14.6278
17.3552
17.4954
11.23
9.89673
13.8455
14.5999
11.8275
11.9892
10.407
20.4613
15.9819
11.2757
12.4795
13.6585
11.7765
13.2029
9.18211
9.25494
16.1404
9.94497
9.27951
10.4634
10.8715
12.0709
12522.9
17.5249
12524.4
12566.9
6099.93
326.262
12541.5
5871.86
8.23742
12.1892
9.04513
59.6495
12.0893
9.87525
17.227
12.7124
12525.3
29.5127
12526.3
12574.4
6977.99
536.601
12546.7
6518.06
12586.1
434.084
12597.7
12623.3
8825.06
6333.97
12587.9
9064.79
10.8419
6848.57
7865.18
92.6824
99.4506
5186.94
174.142
4563.52
9.04235
29.4975
9.64184
482.01
15.6932
15.5032
17.9696
9.4964
12544.7
12558.1
253.878
12566.9
12569.9
7756.8
8298.03
6807.63
6552.33
8474.55
145.035
23.8367
5616.97
5027.39
117.646
198.513
552.731
480.582
380.47
510.711
534.033
513.355
520.915
487.327
461.772
574.154
327.6
525
484.89
466.182
476.688
457.507
210.333
220.381
192.438
191.237
198.044
198.281
187.79
187.917
457.124
347.344
199.047
339.799
388.028
309.255
376.34
277.491
422.517
321.613
481.876
353.768
408.584
440.981
399.956
431.452
394.189
348.727
266.625
299.517
377.337
363.079
292.684
275.75
300.833
470.159
342.655
206.162
278.284
390.015
217.262
322.28
272.015
194.285
337.239
255.454
229.403
210.793
263.133
265.075
9650.99
9747.23
3813.63
9667.27
9668.46
10486.8
9268.51
9857.68
9759.32
9685.77
4512.06
9680.21
9713.22
11253.9
9463.05
10431.1
2482.42
2473.28
1781.84
3759.42
3374.78
2335.29
3248.14
2600.95
9669.39
9686.75
5660.66
9643.99
9663.62
8179.86
8457.87
7678.2
9734.14
4860.19
9675.01
9701.77
9717
9149.42
9724.18
8964.98
12084.1
9377.85
3638.39
3830.82
11212.4
9801.29
5107.11
5772.24
4489.24
8852.67
9029.48
5412.88
5171.21
8524.17
5689.98
8122.92
3824.85
4831.8
8863.89
3781.01
4418.7
4905.44
5227.25
5878.71
9561.24
9572.69
9562.18
580.279
7543.94
9564.95
7022.39
8456.62
9572.56
9634.71
9589.35
649.964
7540.25
9582.16
7103.65
8203.44
9551.25
9568.55
9555.26
525.957
7454.55
9545.82
7132.24
8141.68
49.5517
60.0155
34.4317
13.7889
43.0875
50.2651
26.2127
32.499
7494.62
7502.73
479.331
500.97
7077.77
7075.1
718.986
657.862
9557.35
550.057
9564.77
9549.32
8328.75
6921.09
9555.48
7376.66
7192.27
338.765
448.602
379.497
562.543
500.398
440.232
444.077
8415.69
387.851
440.359
8189.15
6951.49
561.308
6926.09
607.395
5151.6
5095.36
2102.75
1696.23
4821.34
4523.47
2079.17
2349.06
5249.95
5683.13
2606.05
2250.7
4734.39
4539.14
2707.15
2955.64
1109.43
1163.55
710.482
448.885
989.427
991.449
643.243
701.505
378.325
470.047
242.124
78.094
359.497
369.372
185.043
230.925
4443.68
1872.73
1567.81
1641.47
2174.17
1826.51
1653.59
1506.9
4143.55
1620.99
1874.1
1820.58
2396.45
1928.94
2169.04
1929.27
1079.67
653.635
801.05
393.248
719.915
777.384
640.149
585.858
1203.48
454.911
934.233
1148.44
941.09
651.287
1054.43
843.793
8976.53
4008.9
11197.4
3699.22
6793.84
7607.99
6280.28
6934.13
532.581
12.1828
121.893
106.077
114.813
77.27
123.083
85.6452
11934.9
1219.74
9809.66
3936.61
6586.23
7116.06
5954.03
6344.51
1915.16
242.148
1593.81
719.292
1104.36
1117.59
1032.19
1029.65
2245.42
7523.19
2976.6
494.028
2108.56
4897.72
1305.45
3068.53
2260.62
512.745
911.097
8561.08
2095.01
799.921
3249.63
1031.69
6765.51
3040.32
349.688
2237.06
4424.43
3110.77
2610.49
1783.84
7463.17
2303.01
324.871
748.786
4161.49
2706.58
835.482
513.734
6942.88
6864.56
2487.32
2925.42
5571.09
5207.32
2815.67
2784.38
7422.32
7393.46
3106.29
3407.2
6407.23
5958.38
3677.24
3604.1
1379.83
1535.09
940.263
848.832
1421.32
1409.2
961.719
1005.05
1697.05
1917.06
909.609
751.275
1565.32
1548.3
998.525
1079.54
5854.6
2488.27
2907.64
3045.57
3340.13
2669.78
3127
2753.82
5510.99
2913.37
2643.67
2393.6
3332.37
2988.47
2848.08
2769.07
1520.4
1776.01
2014.07
943.919
1558.8
1806.44
1561.42
1643.71
1536.37
968.995
2069.43
1650.42
1502.45
1528.82
1661.22
1796.8
5409.63
5416.41
5396.98
1721.18
4996.7
5408.66
3283.74
3669.38
5408.69
5403.17
5382.77
1904.98
4747.02
5397.21
3716.84
4056.23
5390.29
5383.65
5374.81
3061.51
4886.65
5390.93
4005.33
4281.64
480.832
944.962
1190.67
241.926
556.618
746.276
346.847
552.552
4816.08
4786.17
1693.6
1930.83
3700.1
3572.43
2005.61
1876.61
5402.84
1898.52
5377.12
5390.37
3995.02
3707.55
5386.8
4522.8
3950.17
864.914
1233.3
2025.9
2385.56
1057.62
2281.07
1101.93
4299.55
2292.58
1371.14
4338.9
4045.42
2830.89
3956.82
2653.86
266.679
340.826
188.677
271.919
255.379
256.078
247.715
219.792
450.851
899.037
495.08
537.101
499.735
674.142
470.404
664.259
143.761
261.458
128.865
147.242
161.439
174.385
128.663
167.156
209.748
295.46
137.155
223.087
228.022
228.718
206.27
222.795
339.643
184.053
231.438
279.169
325.11
237.157
308.403
210.476
359.656
413.265
433.508
205.657
346.587
375.305
290.503
343.054
167.308
226.79
243.069
129.622
149.702
165.558
152.849
178.362
183.405
189.658
391.992
392.894
210.08
195.702
295.03
276.371
7.60006
8.26824
9.61296
9.33173
8.02026
8.41922
8.78635
9.12331
10.7987
18.0058
21.2486
27.9358
13.7051
14.8796
19.1689
18.74
25.0177
55.8296
61.2067
87.8986
32.2733
40.3842
63.3831
67.9223
15.1312
53.1652
57.9882
81.7083
26.808
32.7494
50.1804
54.1896
9.3851
11.7938
10.5113
18.1986
11.4764
10.837
11.7687
11.2818
10.2322
20.7468
21.3668
15.0894
11.9543
15.729
14.0495
18.0075
17.027
13.0739
36.1074
55.1255
16.7093
13.9604
23.0598
20.6557
20.5764
59.6725
39.4663
42.7042
31.5087
34.3573
38.9145
56.1031
5786.25
5813.81
5775.88
2791.17
6808.19
5786.98
7577.98
6328.57
5819.15
5835.44
5810.71
2540.72
5213.57
5815.77
5047.91
5441.4
5787.49
5832.42
5824.34
1981.46
6705.31
5832.26
7643.72
5744.3
464.155
562.229
370.58
55.5555
266.64
485.164
239.515
382.41
5927.41
7499.72
1695
1701.84
6211.69
6603.09
2054.32
2071.37
5795.9
2423.17
5808.01
5781.73
5709.05
5215.72
5801.36
5304.35
8633.98
1658.24
1651.4
1313.63
2118.91
2018.38
1535.27
1545.72
5655.2
2004.88
2450.92
5283.51
6121.38
2372.86
5375.21
2610.64
11.229
7.75364
37.0432
28.6386
12.0935
9.54125
18.1797
13.2505
7.84989
8.51591
57.1222
17.4443
8.48392
9.56548
10.1897
30.892
135.803
159.756
1789.48
316.414
190.81
269.679
298.271
484.353
33.8971
17.1445
106.996
37.8035
28.535
22.2211
35.3137
39.6656
7.99289
32.3575
21.8675
10.1816
8.48629
13.0923
9.3373
13.5373
8.22324
15.0262
47.0372
20.0512
9.18309
11.0744
11.5
14.7975
62.1051
29.7759
11.8415
91.2453
72.976
18.0036
71.0078
20.053
31.6155
113.488
31.2857
99.5893
42.542
59.3635
22.1301
55.6811
846.869
895.381
1282.39
647.693
781.987
963.121
780.961
989.521
1117.31
2060.69
1720.9
1267.92
1212.6
1746.92
1219.76
1825.78
2172.56
2329.18
4560.84
1797.62
2087.35
2470.24
2183.17
2785.6
478.902
784.785
761.668
230.238
480.669
676.147
458.724
673.17
864.684
1233.86
637.858
803.597
869.185
944.385
802.084
826.326
1060.32
1122.34
1533.36
1433.22
1115.79
1166.96
1357.19
1346.47
1269.84
642.745
804.722
1063.04
1083.53
867.448
1037.12
812.01
1535.04
1374.81
1171.47
1641.66
1508.55
1282.6
1368.52
1282.14
6261.34
4337.77
7066.46
2207.1
5007.94
5882.94
5104.35
5968.11
3645.05
3487.66
5656.36
2600.14
3083.83
3639.24
3079
4071.02
7474.78
9198.44
14655
4536.03
6517.45
10281.2
6257.73
10876.1
1100.45
1996.38
1949.12
564.436
1285.22
1959.7
1068.95
1970.26
3064.14
5085.53
1902.12
2221.52
3138.31
3810.71
2203.09
2260.5
3933.62
2776.13
6071.18
6205.9
4009.18
3488.8
5029.4
4229.01
5196.28
1887.21
2250.94
2697.69
2667.09
2396.28
2721.97
2370.25
6396.75
3811.11
2924.14
6767.12
5220.14
3660.83
4334.63
3477.23
12.6125
105.737
490.405
21.4015
18.9195
113.52
29.3797
94.5799
160.982
139.431
769.164
241.867
156.994
293.318
239.055
283.588
2618.18
2006.6
6030.08
2624.56
2215.66
3323.42
2530.81
2883.54
114.297
184.454
1020.35
267.711
124.624
184.832
224.613
240.831
140.473
713.166
34.241
178.305
213.124
153.36
137.958
111.903
286.65
274.547
1141.64
1266.39
302.304
317.579
859.821
743.622
1104.04
185.595
240.94
1468.19
814.001
210.883
820.484
244.545
1308.97
1344.98
300.014
1067.98
1353.96
1023.25
993.871
876.099
8319.68
8271.21
8276.34
615.111
6156.05
8272.11
5291.71
7273.88
8265.24
8338.36
8295.45
517.591
6372.6
8273.91
5679.49
6117.48
8251.36
8269.44
8254.47
459.07
6403.9
8238.88
5778.46
6887.1
50.2993
50.4778
26.706
13.8131
40.294
42.9589
25.5635
27.5841
6790.01
6426.78
532.473
456.311
6281.5
6059.64
758.423
678.526
8248.73
506.76
8247.78
8244.74
7143.59
6114.21
8245.22
6459.56
5821.5
411.166
393.36
262.442
564.701
488.974
382.77
387.099
7166.9
352.532
396.309
6283.21
6006.54
563.943
5793.35
528.365
8.39746
7.83287
10.3115
8.05714
7.71129
8.24374
8.5969
8.7692
15.7738
14952.3
14998.6
14954.9
292.239
6405.42
6713.84
14969.9
298.343
15021.9
15051.4
15023.1
6435.9
9732.45
10035.7
15011.1
9.61612
14955.4
14998.9
14952.4
271.845
6369.83
6726.74
14966.6
9.57339
14.1396
9.02082
275.382
9.0522
9.10031
9.3889
9.65394
17.3359
6471.94
8353.86
67.5778
110.08
5227.05
151.566
4509.45
65.1919
9.34012
6934.43
9125.73
149.889
113.863
4643.46
5325.49
203.436
14988.3
14969.8
14988.4
7310.55
8766.42
8939.25
15000.8
13190.6
7290.92
17156.6
4880.3
9865.92
11058.5
8991.25
10547.9
2085.84
274.844
589.544
408.048
984.76
978.908
662.394
482.149
20450
2000.52
14139.5
3011.28
11656.6
14864.4
7220.31
7657.35
1616.36
277.203
665.943
242.662
870.875
871.46
405.082
336.628
4733.32
11614.4
3477.14
1124.85
3777.57
8207.98
2563.13
3660.22
5193.25
1051.86
3238.9
14805.5
3766.48
1931.31
5468.31
2789.44
9997.2
2978.37
520.528
1528.18
4679.76
3073.46
3057.47
1840.44
11811.7
1502.71
472.981
1388.74
7032.25
3530.12
1463.42
821.521
19.5806
179.035
581.052
43.4327
35.8803
355.364
65.7173
395.531
967.773
8073.13
10874.5
791.674
829.38
9019.71
1228.81
8016.3
3046.91
10169.8
8136.14
1943.42
2829.42
8545.77
2773.31
6409.3
46.3356
163.169
347.585
35.5243
41.882
244.864
55.3161
233.153
215.714
679.846
51.4101
194.61
416.873
426.494
255.056
380.737
1488.85
1047.6
10217.8
2546.43
1475.43
1342.66
2282.57
2455.13
729.249
78.696
245.49
487.873
571.662
379.31
463.099
315.21
2410.13
1617.59
1029.42
8548.18
2478.03
1825.83
2439.92
1716.37
5093.32
1347.48
2233.46
1660.88
2131.23
1777.85
2335.77
1785.36
495.176
45.4646
57.8311
99.845
108.704
74.7467
111.043
57.2758
536.215
38.9785
18.0784
80.4118
139.737
53.0716
156.668
24.8655
267.936
85.0642
39.2487
34.5625
77.3786
84.2875
41.297
39.3124
784.831
937.83
634.544
164.936
782.995
1011.8
509.182
633.346
693.533
146.089
82.8832
701.891
593.218
175.797
592.242
136.065
891.089
550.003
142.713
75.9816
493.597
485.524
125.695
168.185
622.268
75.5119
107.315
42.081
185.866
137.682
137.68
110.45
5932.04
5950.61
5940.71
1745.75
5019.14
5932.27
4703.07
5074.44
5956.38
5947.22
5970.4
2117.69
5717.68
5959.22
5952.26
6754.76
5958.12
5980.88
5968.74
1384.28
5483.17
5962.85
5474.55
5936.03
392.623
333.12
257.828
52.0281
257.831
292.268
220.454
199.264
5201.14
5034.28
1520.97
1740.95
4936.46
4623.04
1769.03
1536.1
5954.23
1982.02
5970.24
5946.27
5418
5315.14
5956.78
5750.71
4841.9
1550.01
1608.27
1254.13
1608.2
1454.42
1312.39
1292.04
5286.17
1170.12
1776.73
7013.33
5079.1
1371.3
6042.48
2013.78
13.8062
229.751
876.841
260.134
110.593
464.928
275.185
546.233
1209.93
9561.51
12594.2
3526.15
3715.73
10789.1
4927.64
9719.08
4276.67
12499.7
10129.9
3975.32
4592.18
11448.2
4461.83
9534.86
365.321
1299.59
1545.03
435.56
464.915
1338.53
566.654
1302.93
774.787
1703.69
360.666
1430.89
1143.72
1001.56
838.323
923.627
1970.97
3539.38
12125.3
3593.2
2006.62
3894.69
3340.18
5311
1822.19
507.852
1751.5
1790.04
1450.87
978.836
1695.82
1438.26
3627.64
4060.95
3365.98
10639
4815.73
4370.55
5786.55
4530.63
7885.31
3989.95
7037.84
3230.56
5528
5314.66
5890.58
5416.32
1757.57
891.428
1430.83
903.289
1312.16
1083.61
1298.83
1045.4
6896.53
3450.03
7705.62
3131.54
4641.2
4517.3
5172.59
4649.08
1491.38
915.77
1498.01
629.139
1230.47
1160.26
1264.08
1164.89
2638.08
4534.02
2528.98
1408.98
2621.01
3433.56
1906.57
2368.76
2220.46
1169.28
2035.13
4639.37
2282.79
1637.25
3186.89
2209.78
5040.05
2662.65
1444.24
2785.22
3040.45
2485.78
2569.73
1935.11
4953.04
2245.6
1173.17
2078.6
2984.72
2196.1
2311.82
1600.42
648.365
457.931
984.293
397.814
647.504
633.921
683.576
751.789
229.476
56.3392
519.011
113.642
222.881
196.59
258.266
268.407
1764.75
1396.15
4922.33
1614.02
1753.13
1769.1
1835.71
2104.69
172.446
95.2828
317.429
45.3105
159.477
155.783
156.235
166.017
455.678
982.527
390.324
222.92
502.81
668.56
233.408
375.191
432.621
213.481
736.319
976.087
550.238
458.928
772.993
759.173
1060.6
429.058
241.818
699.632
699.366
474.031
698.358
388.937
1161.81
840.782
268.733
904.4
1007.79
710.909
811.107
518.208
561.86
451.302
958.966
472.362
560.952
550.32
593.802
644.918
356.942
213.963
787.505
162.221
349.632
351.307
355.817
426.186
1998.59
1736.76
5124.14
1731.52
2054.19
2132.27
2171.44
2558.58
388.841
186.945
743.712
268.489
377.928
359.625
392.077
410.026
451.596
974.868
468.575
275.716
464.087
580.565
284.501
445.026
453.348
270.675
910.45
985.054
535.108
464.03
843.249
856.575
1040.28
514.244
285.991
900.251
831.509
552.256
839.551
479.127
1152.68
965.683
316.848
1009.13
1035.6
811.409
836.236
570.591
24.0287
597.392
133.172
63.3686
52.3838
187.368
60.511
152.647
2785.53
5460.84
1798.99
1788.06
2844.45
3452.41
1969.14
2418.84
185.86
792.072
178.781
149.973
240.478
391.485
185.883
311.327
192.663
741.506
172.852
243.926
268.59
279.39
226.685
267.879
824.477
163.538
155.237
880.964
751.032
187.817
720.994
193.765
1383.99
958.21
1259.92
321.632
1037.3
1051.05
904.781
935.773
151.708
157.828
712.419
176.845
174.895
194.677
213.794
220.44
259.757
229.663
822.125
921.744
280.733
257.102
677.428
562.919
9289.99
9379.2
3881.87
9292.7
9299.65
10414.1
8792.45
9626
9387.85
9408.59
4947
9346.4
9378.35
10979.5
9020.69
10152.9
2270.35
2737.3
1830.34
3636.73
3146.77
2374.82
3123.81
2537.32
9289.38
9321.67
5589.32
9273.2
9288.55
7727.33
8176.4
7279.83
9372.39
4888.34
9295.95
9342.44
9114.11
8794.72
9362.48
8570.77
11041
8839.68
3903.61
3558.67
10218.6
9151.94
4935.68
5639.1
4569.6
8486.94
8659.52
5344.18
5290.84
8186.91
5602.4
7763.82
3566.87
4555.46
8376.63
3848.1
4043.05
4578.77
5190.1
5698.54
5553.59
1922.2
2303.99
2516.94
3064.68
2332.3
2812.1
2412.38
754.561
160.456
367.038
277.229
394.077
279.672
393.605
338.047
1338.72
601.326
876.63
799.367
1061.18
872.984
988.277
902.328
1007.12
207.514
438.301
275.226
476.061
417.799
418.178
416.473
1132.94
1617.29
1639.14
481.776
1050.26
1464.83
885.714
1360.16
935.067
447.727
568.222
1336.12
966.19
608.146
956.52
693.084
1511.32
1426.56
439.894
844.51
1327.98
1362.87
951.511
806.311
1376.66
807.388
446.404
598.204
977.995
801.825
649.233
461.304
6893.65
7078.75
2924.83
3086.25
6212.73
5768.56
3375.17
3440.96
7307.08
7794.04
3622.08
3105.86
6779.52
6358.1
4197.33
4313.92
1660.34
1841.26
1180.33
1031.77
1622.71
1561.81
1160.82
1234.74
1961.92
1633.83
1030.91
766.381
1695.44
1657.55
1153.3
1220.36
6272.32
2785.86
3039.92
2764.59
3471.21
2971.34
2915.84
2864.26
5766.36
2683.83
2812.04
2625.06
3648.96
3175.92
3122.23
2974.67
1824.35
2031.05
1988.54
1127.45
1744.16
2052.13
1721.63
1835.07
1867.02
1188.67
2076.29
1972.11
1696.59
1652.34
1911.52
1857.46
7.38389
7.31137
7.34626
8.37195
7.59211
7.36558
7.67535
7.51102
7.37987
7.54011
7.38688
8.91168
7.78597
7.45291
7.9533
7.77871
7.36928
7.42216
7.60693
9.29394
7.56025
7.37841
8.08419
7.96202
11.5305
13.6457
14.4559
43.1604
14.6483
12.7241
27.6649
27.817
7.44901
7.41599
8.51119
8.81841
7.59549
7.76769
8.15939
8.07021
7.32919
8.48527
7.37375
7.28164
7.47257
7.93623
7.30078
7.52857
7.60742
9.36203
10.3545
11.2361
8.1936
9.05562
8.96141
10.4195
7.55216
11.2226
10.2661
7.73479
7.81259
8.24719
7.79003
8.10715
8597.77
8610.5
2847.01
8580.86
8592.33
8917.5
8043.37
8231.31
8621.33
8618.74
3846.8
8578.48
8608.57
9836.74
8122.72
9074.78
1356.99
1643.13
862.534
2447.79
2069.51
1326.6
1990.92
1430.8
8559.43
8561.3
4375.91
8533.37
8551.66
6771.9
7428.61
6371.28
8606.24
3572.42
8573.37
8581.66
8215.81
7628.17
8596.51
7502.42
9788.17
7853.03
2753.61
2586.99
9042.09
8117.85
3805.85
4548.91
3328.63
7697.13
7836.61
4148.54
3881.51
7091.02
4347.21
6763.54
2578.83
3558.23
7432.38
2802.07
3068.78
3583.57
4178.47
4791.77
35.0306
202.038
858.769
126.226
55.1317
426.266
165.763
497.939
862.721
8496.21
11312.4
1059.68
1022.97
9683.14
1715.83
8502.41
3933.41
10753.6
9126.21
2368.31
3414.36
9731.22
3314.71
8239.48
91.5041
193.786
548.464
75.5495
72.0159
299.113
85.8241
293.081
255.574
1161.1
115.934
209.476
479.941
536.873
266.266
442.862
1401.41
1266.99
10910.8
2862.37
1432.17
1561.49
2172.6
2777.1
1369.28
170.707
266.848
876.642
917.034
480.838
667.481
370.887
2849.44
2006.42
1247.08
9388.38
3020.2
2298.66
3118.82
2037.21
1374.1
1857.27
1731.52
733.632
1416.17
1762.38
1246.55
1594.78
2975.67
5681.97
5184
2699.39
3459.74
5335.33
3154.86
4868.73
2608.86
4853.23
4670.58
2274.81
2913.05
4671.4
2782.95
4139.29
559.876
982.702
817.2
197.349
652.806
943.287
397.075
506.481
2057.5
1880.75
849.82
1488.51
1810.45
1598.9
1281.4
1226.25
2802.36
2463.09
4868.95
2702.89
2677.27
2793.61
2857.64
3200.71
1669.67
774.803
1269.93
1079.1
1199.53
1106.71
1309.68
1125.78
2469.56
1888.47
2085.44
4407.25
2605.94
2243.29
2895.94
2419.32
1107.73
1436.43
578.844
698.718
1008
1125.38
798.363
848.06
2495.31
5648.7
2188.81
2405.05
2628.52
2905.07
2604.53
2939.32
373.061
830.517
161.881
162.67
365.221
472.026
228.677
229.537
469.936
1176.2
209.013
360.419
450.77
550.724
370.68
367.747
1442.72
576.767
703.168
1215.1
1272.89
914.3
1186.64
795.088
1659.53
1385.9
1299.25
680.546
1372.14
1508.27
1024.05
1043.27
449.028
555.533
1102.02
249.425
355.251
569.618
329.605
620.732
492.366
241.807
1097.56
1013.3
518.323
374.497
835.44
617.908
5782.97
5785.84
5778.38
1654.15
4980.04
5774.96
4554.6
4912.49
5798.84
5795.47
5817.73
2364.42
5852.72
5803.33
6346.61
6910.02
5803.22
5840.07
5838.48
1872.19
5876.96
5818.21
6588.11
7262.46
526.587
479.853
371.441
118.8
415.902
471.614
327.053
299.11
5151.71
4993.85
1625.91
1893.71
4771.58
4536.61
1889.94
1686.71
5795.17
1994.75
5817.08
5788.2
5347.94
5405.08
5799.56
6016.72
4717.93
1621.13
1857.19
1603.53
1726.61
1644.33
1624.48
1602.87
5261.97
1561.6
1905.83
7511.73
5332.97
1662.52
6707.39
1888.82
442.415
218.668
256.466
294.104
338.883
306.673
332.623
267.326
144.127
153.184
129.654
87.255
120.075
128.808
101.542
113.664
273.77
185.202
409.464
309.469
281.176
306.251
334.981
322.078
185.834
53.596
231.447
137.393
129.791
112.253
160.007
117.867
163.421
215.786
222.99
80.6209
146.316
201.099
134.117
189.411
155.526
93.9457
133.531
217.758
131.504
106.52
146.389
121.248
214.621
205.958
66.1882
250.16
196.358
164.016
196.634
118.811
217.306
228.205
67.8893
136.735
216.457
212.415
114.648
95.561
7.23606
7.24767
7.30159
7.82225
7.29799
7.24677
7.45142
7.44692
7.34769
7.46579
7.4026
8.66151
7.60952
7.39782
7.81665
7.71785
7.39334
7.47016
7.74358
9.21995
7.81534
7.48904
8.42261
8.29187
10.7079
13.593
14.1799
41.8935
14.3456
12.4327
26.9344
29.2913
7.39288
7.43841
8.56242
9.33149
7.5679
7.67941
8.10547
8.02596
7.3227
8.37904
7.40286
7.2943
7.53546
7.80569
7.33659
7.59535
7.60561
9.22579
10.5486
11.0408
8.2897
9.119
9.13413
10.3345
7.55515
11.1204
10.3353
7.85154
7.97945
8.45185
7.93177
8.4603
251.319
190.365
200.885
128.397
179.408
177.101
149.876
163.595
210.877
136.203
143.287
105.439
149.341
154.734
123.433
125.881
203.626
179.079
306.211
198.413
194.456
223.787
237.672
250.639
64.0595
63.4732
110.926
29.8195
58.4806
68.0617
60.4907
68.9214
188.528
166.037
100.131
103.42
143.469
140.884
122.514
106.171
193.774
110.772
148.209
181.926
164.096
137.027
188.795
138.673
164.621
88.7587
76.3373
140.118
136.842
95.7371
115.503
86.3395
183.127
147.58
81.171
134.015
148.822
133.246
125.581
108.374
11825.8
13225
4512.38
3434.79
7762.45
10419.6
4035.01
4151.08
13689.1
10176.2
1297.95
2670.09
8313.13
9005.28
3757.46
3216.82
760.735
205.901
14.4251
57.232
293.752
234.669
73.4887
24.8435
1055.99
898.021
253.322
340.842
947.039
952.691
351.48
275.586
10892
2998.02
3219.54
2612.13
4469.7
3681.98
3526.5
3463.61
12500.2
2680.25
1176.71
2960.85
4439.94
2861.43
3056.72
1201.83
1354.37
1187.51
1083.13
327.033
1039.26
1113.4
700.898
983.521
1249.68
157.921
775.716
438.798
613.616
641.532
698.075
531.696
6620.06
3406.26
6481.58
2737.39
4608.41
4518.42
5019.71
4785.85
2074.87
1190.06
2689.88
898.248
1538.04
1523.19
1646.94
1683.67
6290.15
3974.36
6372.74
2962.27
5182.05
4984.73
5144.68
4872.91
1100.84
691.074
1415.83
395.221
832.752
852.057
907.066
907.305
2503.58
5236.57
1963.23
1047.88
2635.19
3649.08
1468.44
1963.11
2481.06
1088.88
3234.08
5048.84
2638.03
2213.06
3990.88
3367.91
5179.3
2208.75
1131.39
2260.91
2890.85
2138.69
2222.73
1482.3
4902.6
2174.71
1143.68
3055.62
4010.06
2196.13
3144.8
1796.25
12662.8
12591.1
12509.8
5860.26
8738.79
12552.2
6995.95
6203.52
12645.2
12623.8
12648.1
7068.57
9180.29
12587
7083.75
7448.64
12537.3
12590.3
12550.3
5032.69
7766.53
12566.4
6585.09
7998.67
5606.89
6314.18
6028.2
4896.9
5799.91
6217.48
5986.56
6494.68
9295.55
7991.94
5778.31
6251.89
7162.76
6034.35
6211.52
5805.7
12617.2
6365.92
12619.4
12545.4
7622.68
6175.83
12564.1
8614.18
6436.62
5313.14
6182.62
4994.14
4919.13
5312.13
5301.65
5750.42
7506.69
5413.7
6768.85
8320.54
6121.93
5762.5
7136.84
6296.92
12523.2
19.4337
12524.4
12563.5
6026.32
308.977
12539.2
5652.8
8.26322
9.97674
8.38805
19.2957
9.70537
8.23061
10.3113
9.60026
12525.4
25.336
12525.6
12575.1
7027.47
555.068
12547.1
6479.4
12587.1
403.363
12599.6
12624.1
9101.5
6499.81
12589.9
9104.65
9.12493
6938.91
7944.8
71.0425
102.008
5179.99
155.683
4530.31
9.06495
19.5068
9.28658
524.116
15.4931
12.5918
18.2905
8.47537
12545.5
12557.3
229.346
12567.4
12570.4
7754.5
8379.71
6895.36
6702.93
8558.42
101.63
19.6596
5675.09
5078.68
115.063
198.914
5934.55
5920.54
5929.24
2863.38
5657.71
5928.67
5568.91
5705.59
5889.61
5894.98
5903.11
1588.71
5589.19
5904.82
6341.61
7501.49
5927.17
5885.49
5903.51
3423.32
6375.43
5913.39
7509.02
7813.39
455.244
233.508
517.387
48.0428
331.67
330.347
183.485
160.037
5940.49
6046.76
2410.42
1816.6
6002.99
5747.61
2184.18
2423.26
5897.68
1878.45
5916.5
5922.44
6318.4
6229.11
5919.66
6800.63
6637.21
1574.91
1039.84
2272.03
3155.39
1582.03
2878.73
1132.44
6847.65
2309.79
978.109
10118.2
7405.88
3047.17
9207.64
2757.63
7.42217
7.88855
7.36561
7.80128
7.80663
7.77229
7.58698
7.69336
10.636
37.8994
28.5808
45.0191
30.9306
34.5804
29.0709
44.2537
7.73594
20.6596
8.25219
13.9877
10.659
11.5111
9.9395
14.2209
10.369
39.5236
24.9764
70.9562
26.4348
31.3861
23.5422
34.4273
9.16123
7.81177
8.9953
29.5088
9.00192
8.22268
10.064
9.1774
9.38294
33.1294
22.2671
7.97939
9.26693
16.837
8.44182
16.3242
7.76115
8.67849
27.3154
16.3662
8.29187
9.09688
16.1049
17.1419
8.20519
22.8456
42.2092
33.4684
10.9994
19.7133
16.9114
29.8183
233.83
232.713
131.264
228.122
223.223
189.322
210.461
168.283
314.847
425.732
343.18
347.033
347.479
395.405
317.486
389.571
85.8888
231.732
110.642
129.342
120.029
171.465
94.4323
172.408
162.771
257.732
137.836
228.389
183.033
218.749
177.198
213.122
244.479
132.826
187.281
210.147
240.687
174.93
238.507
171.028
245.904
288.226
305.285
136.785
226.678
264.469
170.593
232.888
113.022
169.034
201.131
105.754
111.097
131.906
130.411
161.235
118.815
180.789
284.44
299.039
164.507
198.616
199.61
238.366
9512.49
1048.67
11407.5
3121.71
5767.66
5974.31
5551.65
5798.97
84.1811
13.9697
618.844
62.967
51.0791
56.4503
68.5644
87.7784
12239.4
3903.51
11380.6
4590.2
7771.83
8548.61
7232.81
7754.52
1484.96
269.985
2068.78
577.657
975.046
1109.45
977.619
1122.51
605.104
8265.89
2021.15
338.099
715.63
4277.69
493.662
2821.74
538.677
391.335
2098.21
9182.38
676.021
533.255
3151.52
1859.15
7732.39
2037.57
387.303
3260.23
5118.89
2775.52
3394.08
1856.03
8373.83
3245.6
414.596
2123.68
5441.46
3351.92
1945.05
1222.6
8682.24
8639.64
8643.78
392.261
5641.66
8638.63
4393.42
7429.98
8634
8707.6
8657.92
627.685
6663.24
8648.47
6080.13
6943.46
8620.95
8631.93
8617.44
407.109
6471.74
8605.77
5840.31
7176.84
40.0889
52.5627
21.3853
12.7152
39.1287
42.4635
23.9563
26.4867
6797.08
5960.1
316.767
436.895
6208.93
5683.14
575.837
424.4
8617.31
509.094
8620.95
8614.02
7470.84
6324.12
8615.42
6711.36
5055.88
231.063
378.934
210.198
378.008
349.808
316.248
326.627
7473.73
291.022
428.303
7078.16
6077.52
503.832
6158.37
562.031
89.0221
82.574
146.009
68.6555
90.1595
98.3798
97.0471
133.061
52.0367
31.117
51.8856
43.3077
54.3262
49.7112
79.9167
52.4866
100.907
63.8303
99.4763
71.324
88.3748
88.3726
84.7444
94.1795
59.318
34.3663
56.0058
30.4731
58.0143
51.1703
50.9493
51.153
89.3814
149.602
73.8769
56.7784
130.465
122.764
55.3226
87.0005
98.2643
74.9487
77.2971
153.673
150.504
102.319
145.115
117.124
127.847
100.293
65.0595
68.3034
108.223
106.905
88.6743
77.3938
97.4262
54.0014
58.6967
67.855
71.5567
57.1839
77.1607
51.5794
5504.25
5536.81
5538.22
1596.28
6125.04
5535.02
5690.13
5621.73
5548.56
5549.35
5606.44
5056.84
8044.51
5561.64
7654.65
6423.39
5564.08
5623.33
5612.44
3589.26
5387.32
5606.67
5112.81
5258.83
609.003
1659.1
1737.26
299.399
674.312
1537.53
740.666
1186.35
7130.81
5638.86
1743.88
3124.5
6734.84
5779.93
3246.52
3005.37
5561.27
4148.92
5605
5567.25
6024.62
6501.24
5571.96
6044.23
5338.61
1854.61
3198.91
3085.55
3411.58
2605.02
3150.4
2713.71
5335.95
3330.04
3680.83
5585.18
5365.12
3663.14
5871.56
4379.31
8255.5
3216.41
9352.84
2817.7
6143.18
6843.95
5153.19
5606.2
509.501
16.6722
85.1424
126.149
215.366
197.41
173.191
93.2537
9381.4
697.154
8445.25
2790.45
6050.76
6676.36
4591.21
4935.13
982.888
136.596
741.601
137.64
472.245
491.621
337.779
331.233
1951.74
6379.83
2068.84
393.434
1479.66
3837.66
889.319
2131.48
2016.39
372.75
995.496
7168.81
1438.58
565.673
2098.21
984.477
5645.56
2009.89
286.739
1454.54
3505.59
2064.64
1846.09
987.386
6219.56
1470.87
241.925
444.844
3252.22
1879.22
556.718
370.169
5604.56
5625.71
5621.16
2807.9
6144.22
5622.97
10764.4
8607.53
5599.39
5592.02
5574.36
2608.8
5122.15
5584.49
4849.21
4887.54
5554.44
5557.02
5523.98
2662.13
5745.16
5550.51
8795.62
7825.46
353.149
652.28
532.629
52.3508
350.301
538.069
199.819
251.285
5251.6
5878.37
2613.29
2711.7
5971.4
7563.92
3072.2
3038.39
5603.22
2748.8
5565.97
5590.5
5581.29
5237.01
5575.31
5265.2
9552.41
1344.2
1717.44
2162.2
2342.23
1647.49
2267.01
1653.35
7769.79
2182.38
1853.98
5411.26
6648.84
2365.11
5636.21
2481.33
5179.64
2782.86
1936.64
2037.06
3247.93
3426.81
2504
2217.6
579.648
19.0706
158.625
94.3263
135.442
120.148
152.404
125.552
875.915
210.722
218.938
220.737
368.661
353.011
336.779
288.749
782.178
179.366
187.107
323.71
307.235
219.048
288.609
197.623
1189.96
1332.64
1068.97
240.32
1153.49
1191.82
820.238
914.771
1166.9
165.217
283.58
1359.64
992.49
215.066
1023
301.865
1128.46
920.028
261.182
267.399
715.312
762.673
294.627
287.109
989.197
200.983
168.619
243.336
326.443
242.041
292.475
200.041
8694.25
8782.68
3384.03
8707.16
8708.87
9831.06
8300.88
9127.69
8795.28
8762.65
3751.42
8744.25
8770.98
10025.5
8454.89
9279.73
1681.96
2199.78
1136.56
2973.27
2620.08
1827.94
2524.66
2006.08
8706.95
8731.23
4915.36
8684.69
8704.05
7076.3
7550.43
6621.33
8775.64
4239.36
8712.68
8746.04
8496.7
8214.43
8763.65
7967.69
10438.3
8281.8
3086.4
3105.74
9642.57
8610.28
4381.59
5043.67
3911.87
7950.78
8066.49
4758.79
4556.6
7562.76
4993.26
7118.43
3131.81
4055.41
7942.89
3204.3
3658.08
4129.52
4630.99
5211.55
5873.32
5969.26
5896.76
2474.08
4882.59
5901.29
4707.39
5247.43
5985.75
5995.22
6047.91
4857.5
6023.62
6020.01
6145.12
5965.76
5896.42
6029.34
5912
2829.75
5214.35
5898.99
4623.22
4996.15
631.016
1877.15
901.754
212.956
520.949
901.868
529.445
737.225
5636.32
5304.22
1909.25
3264.34
5385.71
5012.22
3742.24
2574.95
6004.62
4429.04
6054.35
5898.49
5924.23
6254.66
5991.93
6159.74
4942.01
1860.87
3191.71
2292.66
2363.06
2212.84
2287.27
2216.7
5148.48
2496.64
3869.85
5939.89
5008.22
2774.41
5987.26
4105.81
5793.28
5800.79
5798.8
1858.11
4999.4
5790.78
4785.73
5127.24
5805.36
5798.83
5829.67
2587.62
5264.92
5809.23
5197.62
6330.68
5818.86
5854.65
5839.26
1904.3
5745.26
5833.47
6120.51
6869.19
746.723
782.421
568.687
201.589
606.603
682.036
522.529
504.25
4886.73
4996.42
1830.05
2235.34
4586.36
4620.42
2136.54
1888.58
5807.76
2428.59
5834.3
5808.63
5273.69
5066.02
5815.55
5573.25
4878.09
1845.33
2165.15
1788.25
2003.17
1892.99
1856.76
1826.3
5340.21
1737.57
2331.73
6890.83
5303.33
1971.07
5856.38
2375.1
4796.5
1850.75
2072.19
1972.68
2642.6
2152.81
2381.11
2144.56
863.074
246.95
392.451
237.031
456.141
375.99
381.589
377.051
1027.23
465.953
544.151
474.629
584.884
537.801
536.896
527.748
768.109
215.882
415.67
335.176
415.33
375.393
412.798
409.896
1162.46
1205.28
1068.13
361.486
961.836
1087.95
713.494
921.204
1031.93
323.262
478.905
1085.3
973.262
466.403
948.013
530.272
1079.37
954.424
312.127
481.354
900.339
909.811
525.64
468.366
1050.23
473.513
332.196
461.285
536.886
456.626
449.793
351.655
7.22868
7.24229
7.23835
7.35572
7.26834
7.24087
7.29451
7.28947
7.27016
7.75644
7.43422
8.58639
7.53001
7.49377
7.71125
7.70837
7.38757
7.45728
8.53557
10.7011
8.02378
7.67961
9.1799
9.10922
8.24625
9.26372
11.003
13.6532
9.46534
8.99618
11.6635
11.7543
7.28335
7.3367
7.53622
8.17967
7.32918
7.33228
7.51522
7.46642
7.24463
7.94145
7.36088
7.27225
7.30382
7.53601
7.26037
7.44571
7.49662
7.74144
8.68368
9.70619
7.6492
7.73002
8.24294
8.32874
7.54074
10.3434
8.73631
7.64055
7.96622
8.23511
7.74938
8.20638
727.899
490.966
716.001
577.152
591.141
593.104
634.66
603.887
294.445
169.118
304.862
188.648
211.644
215.232
213.498
214.196
916.395
719.034
1636.99
1012.88
923.991
967.641
1075.53
1055.22
431.575
215.892
603.675
209.918
274.124
291.535
316.924
321.108
358.665
618.188
458.439
210.385
401.537
466.026
363.567
461.993
369.777
228.067
425.732
630.028
382.307
240.545
482.928
395.41
692.621
496.137
248.49
669.077
638.141
478.695
550.457
307.916
669.743
656.003
246.932
472.229
603.802
587.208
484.993
425.803
8.27484
7.43045
10.5053
13.7409
8.78084
8.53577
10.4123
9.52079
7.26875
7.29524
7.72634
7.80102
7.36833
7.32162
7.59454
7.53316
11.8211
9.19636
14.8706
21.6844
11.6158
10.6677
14.3956
12.2044
20.2268
9.84452
28.3532
29.7016
16.9674
14.8708
24.4705
17.7912
7.54837
10.4178
12.128
8.19583
7.96747
9.6195
8.15886
10.7271
7.54166
8.34288
8.30608
9.40709
7.78337
7.87565
7.97966
8.22112
12.4344
17.8296
9.21434
22.5069
19.3258
12.789
16.7101
12.7485
10.555
15.622
8.96003
8.86305
10.4274
12.9804
8.75858
9.48392
5465.58
4958.25
2381.73
2271.61
4560.31
4353.19
2471.27
2573.52
4745.72
5018.82
2259.51
2132.85
4023.47
3848.43
2455.27
2544.24
1376.18
1252.3
883.798
631.775
1224.37
1187.16
855.1
910.759
850.778
752.407
377.01
151.775
669.402
671.116
304.244
364.892
4248.15
2157.59
1998.85
1936.9
2486.16
2163.9
2324.48
1920.17
4060.06
1868.14
2049.21
2060.06
2630.59
2189.32
2335.36
2146.07
1355.55
1029.35
1007.88
573.842
1048.42
1114.11
940.541
878.579
1450.96
635.691
1101.84
1309.48
1179.89
933.865
1226.44
1039.27
574.426
327.499
249.969
452.601
529.759
346.684
440.079
275.641
147.737
45.7345
35.7461
72.873
125.92
72.7698
97.6294
48.7085
102.828
37.5246
79.2766
67.014
73.2828
54.911
88.171
67.3344
272.405
86.2125
64.5521
87.7752
225.528
104.685
99.2905
52.6196
288.809
225.884
422.067
199.401
216.591
232.828
231.977
246.269
162.702
101.52
49.2994
150.748
137.278
111.137
126.516
101.725
195.694
269.297
120.434
96.0014
153.548
166.646
111.004
118.743
109.19
59.9696
55.8266
39.9416
70.378
58.8931
68.7359
41.6939
7.44755
7.36784
7.80404
8.90907
7.71736
7.38561
8.00407
7.72018
7.6064
8.29383
11.7193
12.6204
8.75075
9.0594
9.98688
10.8429
10.1048
14.5722
16.2515
29.7787
14.4088
14.0483
15.3571
16.0188
13.0907
27.9117
47.0564
71.135
28.896
26.8844
33.0383
40.766
7.90879
8.73928
9.72736
12.8159
8.28619
8.39113
8.80434
8.92123
7.85317
13.797
12.2024
8.73828
8.38478
10.5452
8.60392
11.8482
9.42634
10.3921
16.0587
22.5214
10.7782
9.96542
19.3586
16.9308
9.57112
29.8219
19.0367
14.5108
13.8754
23.2436
13.3858
25.888
12522.3
12546.1
12606.5
4605.57
8085.04
12569.5
7010.87
9209.42
12567.9
12593.6
12637.4
5632.99
7923.45
12608.6
7262.74
9289.4
12733.6
12722.1
12871.2
7497.02
9330.62
12785.1
8779.66
10453.5
4647.1
5834.61
6188.55
4176.65
5291.71
5638.85
5302.99
5952.19
7904.13
8751.38
4784.29
5183.63
7167.56
7545.88
4995.6
5291.24
12573.8
5570.65
12661.2
12665.5
9202.94
7460.33
12609.8
8530.52
7930.2
4870.17
5433.84
6473.06
5859.56
5457.78
6155.21
5757.91
9908.18
6983.22
5916.52
9678.85
8229.28
6574.95
7878.08
6150.98
7804.32
3365.6
9203.51
3000.63
5960.96
6597.12
5445.99
5921.94
584.132
20.516
166.317
174.186
272.556
257.15
222.76
157.476
9419.99
1101.41
8384.42
2346.75
6086.26
6916.27
4368.73
4657.71
1216.74
239.746
687.134
205.603
643.122
677.12
372.46
366.588
2287.17
6606.28
2365.82
531.29
2001.28
4477.24
1254.47
2506.37
2309.93
532.725
1368.72
7676.41
1903.64
863.25
2783.31
1364.15
5680.37
2150.28
404.751
1257.86
3345.61
2218.38
2025.9
1225.97
6316.62
1279.92
388.343
772.342
3601.49
2165.21
853.63
662.542
7.24789
7.72582
7.41435
7.85774
7.46048
7.5387
7.6077
7.72513
8.7243
13.8314
12.6659
14.4864
10.2285
12.6629
12.3465
15.7117
7.6097
14.2786
12.7671
13.584
8.73356
11.1899
10.6071
14.7934
9.78953
14.9432
14.1403
15.9624
11.743
13.4028
14.8077
17.6858
8.39418
7.79084
8.73738
10.8351
8.88092
8.10818
9.5596
9.04384
8.57991
11.502
10.7475
8.00368
8.99299
9.7238
8.26848
9.2704
7.8621
9.31358
11.7536
12.0671
8.18912
9.34176
9.60481
10.1407
8.13405
16.4909
15.7943
14.6162
8.67413
10.5945
9.88847
13.4251
581.752
1182.01
1077.35
514.263
609.739
1121.29
598.168
1049.79
2269.09
5041.36
4736.41
2287.33
2539.48
4649.09
2253.74
4054.65
2209.43
4539.89
4719.44
2396.68
2462.42
4246.88
2608.15
3662.23
494.779
1026.26
1020.73
315.328
575.199
1012.14
489.08
694.364
1371.41
1143.2
563.152
1139.24
1191.94
1090.9
1028.35
990.809
2196.22
2105.65
4497.79
1955.44
2052.1
2102.33
2081.16
2250.35
1221.45
599.622
1242.22
1178.74
1126
1051.08
1242.51
1129.04
2100.67
1921.64
2032.22
3708.58
2270.5
2075.46
2507.83
2220.05
12522.9
12562.8
12524.5
18.4938
6007.18
12538.8
299.816
5551.59
12586.2
12620.1
12598.4
356.393
8924.66
12582.1
6187.75
8768.76
12525.3
12572.4
12517.8
36.1937
7033.59
12544.1
598.124
5937.97
8.07692
15.8123
8.83537
10.1469
10.1757
11.4695
8.54251
10.5482
7927.22
6955.62
7.46198
70.2142
4457.8
5123.89
149.693
102.918
12557
200.849
12566.2
12546
7609.53
6766.39
12570.7
8404.86
512.908
8.94478
19.743
9.45839
18.0038
14.7707
8.42663
13.6951
6647.88
26.6201
107.277
8436.7
5779.14
119.383
5076.11
176.852
12605.6
4981.98
12639.4
12715.5
9128.64
7741.26
12689.1
8453.42
4603.19
4235.45
5303.86
5970.33
5211.11
5207.63
5836.66
5508.52
12599.1
4944.58
12531.4
12609.2
8268.84
7115.66
12595.5
8576.1
12826
7733.35
12737
12895.1
10101.2
9521.3
12875.1
10781.8
5199.25
9138.98
9569.57
6629.59
5930.36
7534.97
6215.86
8437.64
5162.18
6585.32
5401.95
7818.74
5641.36
6168.94
5495.66
5874.74
12684.7
12798.9
7361.24
12721
12706.4
9368.09
9508.94
8623.67
8747.38
9789.14
7090.55
5715.24
7465.6
8497.06
6397.56
6858.8
379.697
120.723
286.734
165.08
230.452
150.102
302.278
265.138
103.08
91.3814
306.164
98.8842
124.575
210.529
216.092
303.719
525.761
698.009
833.354
650.244
559.536
689.762
683.538
810.415
80.9205
106.213
426.312
149.133
114.933
242.149
251.222
395.318
116.439
280.705
130.726
98.714
217.858
207.846
86.5902
150.681
161.215
216.657
418.174
351.099
296.926
228.885
334.745
352.925
370.447
198.782
226.148
515.372
325.879
246.502
333.017
254.697
476.431
636.62
357.991
695.606
481.427
407.025
531.89
366.084
12720.1
12720.3
12750.4
76.3341
4332.35
12740
3512.29
8918.54
12721.2
12717.7
12746
103.482
4524.32
12736
3857.38
9106.86
12768.8
12760.1
12780.9
734.258
8891.94
12769.8
8193.89
10506.8
8.55169
9.82174
153.689
13.5458
9.05979
15.7887
14.5543
31.1361
4541.91
7702.3
40.9332
47.5142
3789.27
5356.83
88.641
165.343
12739.4
209.889
12752.9
12761
8922.42
5523.32
12749
7654.8
6649.25
36.7225
44.5455
195.04
201.039
77.2266
143.328
65.6025
9945.67
391.15
119.962
9827.29
7460.98
483.667
6700.55
281.112
17.7012
499.986
182.399
40.4366
62.194
329.56
67.943
386.409
3490.53
9532.59
10348.9
2407.62
3101.55
7339.62
2892.86
5244.8
878.999
10209.8
8071.95
600.242
1092.21
7736.91
829.33
6649.48
43.1718
484.504
112.123
26.4648
79.4161
405.961
33.7041
164.807
697.989
414.432
116.041
734.201
591.603
424.85
583.926
526.016
2357.49
2087.27
9009.98
1092.47
2155.19
2354.46
2201.77
2398.49
251.441
74.8248
532.117
152.598
193.556
414.169
437.048
484.99
966.835
670.337
1583.42
7778.68
1015.7
989.614
1643.03
1381.83
15189.5
15172.7
15167.9
1064.99
10124
15157.2
8499.65
12706
15149
15180.6
15147.8
1918.05
11492.5
15125.6
10995.8
13049.7
15150.9
15144.4
15148.1
1135.03
10769.7
15130
9659.16
13111.5
96.2394
181.527
51.7653
25.2007
97.2467
111.599
41.309
49.2534
11043.3
10146.2
905.805
1508.26
9998.33
9433.29
1700.86
1382.21
15124.2
1919.14
15127.2
15134.5
12695.1
10458.7
15128.9
11284.5
8740.62
609.384
1274.08
579.152
1136.49
1049.68
965.17
966.934
12717.9
953.789
1597.58
13042.7
9939.91
1638.02
10402.4
1953.63
3948.5
5088.61
4534.72
5465.81
5102.05
5085.96
5032.18
5119.34
4920.52
12528.9
12561.6
12578.9
8437.37
9036.14
9793.03
12567.7
4871.82
12568.4
12528.7
12628
7434.81
7940.66
9479.03
12562.9
7165.5
12676.3
12742
12814.1
10058.8
10120.4
10511.4
12759.7
5244.15
5279.73
6468.49
9520.96
5750.8
5872.1
6171.18
6250.08
5146.57
9662.73
8599.27
5040.41
5637.01
8376.79
5212.39
7866.33
5386.31
6635.78
10305.4
10088.9
5978.98
6464.21
8411.6
8960.8
5266.25
12673.6
12647.3
12589.8
7768.91
8798.31
9634.12
12627.1
7.23009
7.26558
7.31064
7.96064
7.27376
7.24302
7.55515
7.41392
7.22646
7.22163
7.2261
7.50906
7.25265
7.23061
7.34513
7.24969
7.50393
7.35309
7.82344
9.7507
7.74758
7.47061
8.6329
8.1086
9.62125
8.45491
12.4312
15.0982
10.7265
9.56945
13.4789
12.1806
7.43474
7.47891
8.39912
7.90136
7.65233
7.83201
7.84846
8.10772
7.29887
7.6124
7.23816
7.29458
7.44847
7.49135
7.31933
7.33214
7.68291
8.93992
8.14272
10.3292
8.11157
8.67046
8.64672
8.92981
7.57085
9.60436
7.89305
7.38181
7.76927
8.07239
7.48534
7.63146
119.38
61.5806
98.3924
71.9165
100.456
94.6685
92.4343
86.6817
33.5798
82.574
266.472
72.1759
41.9961
112.842
76.7138
216.223
201.777
355.456
452.613
340.831
204.466
354.706
289.653
410.231
42.7775
93.5775
288.099
115.294
46.0385
104.549
92.8049
234.357
42.3002
72.1562
45.5516
36.918
48.4273
51.0539
38.4449
45.6539
42.8432
75.1834
263.3
135.445
67.9841
84.1913
111.608
118.909
121.637
53.8118
75.882
207.547
94.3977
75.8321
104.63
88.7953
174.326
297.374
161.132
319.196
182.327
197.548
171.372
199.395
7.29703
7.36226
7.94919
8.19295
7.63966
7.53139
7.89829
7.861
7.57682
8.63063
18.8083
12.334
9.46597
9.48372
10.4936
12.4407
9.60673
26.3108
28.7801
31.6868
15.7555
21.0046
18.7029
28.8163
12.2538
22.1158
32.435
43.6995
25.2957
21.0441
27.0222
29.3514
8.01791
8.99395
9.68406
12.1638
8.54205
8.72442
8.96727
9.41725
7.96401
12.8804
15.638
8.76194
8.55061
10.854
8.82597
12.1712
9.63131
10.6169
14.1384
19.7868
11.1726
10.6163
16.8815
14.8768
9.5516
30.1378
19.2476
22.3615
14.5281
23.046
14.6644
26.1521
900.742
1833.14
1552.11
696.181
1019.69
1423.06
913.796
1461.88
2819.37
4793
5004.26
1816.49
3069.49
4602.23
2915.47
4745.8
2369.67
5016.53
5146.8
2010.31
2717.8
4748.59
2345.78
4901.83
341.767
545.533
601.974
75.3627
361.557
487.599
302.374
464.915
1894.77
1715.2
779.281
1299.3
1753.58
1460.46
1224.07
1059.23
2508.55
1671.75
4671.76
2217.18
2594.08
2630.31
2724.52
3115.32
1549.07
668.052
1150.51
1092.91
1182.75
1060.1
1291.88
999.596
2289.64
1813.53
1672.55
4834.9
2343.51
1788.71
2803.75
1766.42
9447.53
10105.9
3599.33
2996.91
7096.93
8814.69
3338.07
3400.45
10205.1
7987.5
1040.16
2238.61
6999.21
7411.04
3284.16
2693.5
515.753
124.396
12.5985
31.2609
181.624
142.81
41.0707
20.3083
901.509
701.06
136.732
401.645
734.051
732.501
329.373
280.446
8518.49
2193.96
2902.09
2213.6
4039.83
3102.21
3091.82
2988
9438.02
2280.81
967.608
2169.99
3709.16
2485.08
2254.8
990.753
1040.85
1116.38
908.299
183.227
711.944
1020.41
410.823
788.808
903.44
101.242
661.078
311.972
421.025
395.142
488.336
327.867
7.2712
8.46374
7.36591
7.86526
7.87274
8.14513
7.78843
7.92611
11.015
45.3457
41.2775
54.9036
30.6728
37.585
40.3213
66.6098
7.85992
25.4713
9.58599
26.2725
11.5571
10.203
13.0017
14.2248
10.617
50.0972
35.3883
40.8386
28.0409
33.5173
33.6418
52.7023
10.6399
8.42429
9.72389
33.9331
10.3565
8.80659
11.9696
10.1573
10.4214
38.0813
24.4834
8.48515
10.7989
21.2264
8.97193
22.594
8.75818
9.97702
42.3079
28.3602
9.37321
11.3627
22.9641
22.4145
9.09559
46.1645
65.7806
44.7487
12.7921
25.8101
30.8977
47.7141
5895.28
2806.18
5431.51
2361.66
4077.52
3948.5
4295.91
4093.46
1459.25
765.551
1585.3
669.745
986.049
976.649
1035.63
1045.69
5424.4
3070.88
5620.96
2215.53
4427.67
4252.62
4471.68
4248.47
952.959
578.415
1114.34
480.312
716.544
722.447
770.954
775.606
2008.3
4376.84
1681.64
838.607
2103.68
3170.26
1221
1661.33
1970.49
843.886
2267.32
4223.8
2080.11
1521.27
2893.93
2304.92
4410.81
1872.05
907.837
1840.08
2316.85
1792.8
1813.45
1296.01
4203.41
1792.64
899.766
2364.74
3472.23
1829.18
2448.96
1326.94
12524.8
12524.9
83.7664
12554.7
12545.6
3927.37
9089.21
3316.51
12523.8
12525.1
100.75
12562.9
12548.4
4009.8
9323.63
3757.38
8.44522
9.15332
13.37
34.1085
11.1931
8.81615
13.9037
12.8208
12576.9
12584.1
421.854
12594.1
12587.7
8581.84
10473.6
8009.37
12546.1
148.499
12568.3
12574
9156.92
5062.22
12556.9
7089.13
3943.22
7468.35
48.2718
39.6992
3439.6
5290.12
85.056
156.302
70.8863
9886.54
10155.2
230.358
197.516
6140.05
315.128
7098.57
37.7842
154.626
6651.39
49.9434
73.2699
150.623
93.8133
231.041
17589.5
17561.6
4249.64
17560.1
17584.5
7559.18
13008.1
6931.69
17568.5
17603.1
4468.77
17516.4
17552.4
8410.68
12081.7
7558.92
2579
2498.3
1868.13
2095.64
2294.87
2128.84
2131.2
2020.56
17518.4
17479.6
3223.16
17500.5
17508
7858.21
12054.4
6522.83
17545.1
4303.55
17542.8
17496.2
12177.8
7263.95
17513.7
8486.61
8238.66
8636.62
3296.97
3344.25
7334.12
7551.93
4326.75
4647.4
3828.48
12449.7
11081.1
3263.37
3893.48
7249.94
3634.1
6831.43
3135.71
3051.71
7311.96
3088.21
3226.24
3384.97
4017.6
4266.46
8.82647
7.61509
18.4262
12.9336
8.87294
8.30939
9.42689
9.8899
7.63015
9.0446
39.5337
13.3478
9.30548
9.86773
11.5102
14.7875
353.009
337.949
3366.8
980.783
963.193
1543.06
1167.39
1589.29
18.8344
23.8839
118.358
36.3698
23.717
26.0736
29.9773
36.728
8.00685
62.1792
13.4594
13.5606
8.74961
13.3995
9.90799
13.2512
7.73158
15.2515
67.0993
108.231
8.66517
13.1344
16.8547
39.9084
84.9013
16.4446
18.6468
114.19
74.1129
17.5954
89.5316
24.1004
123.931
155.75
23.4797
98.3491
137.205
119.225
68.6076
79.5031
1214.18
987.922
1654
813.164
1130.22
1426.1
1073.17
1402.29
755.061
735.332
1263.87
440.686
627.116
801.095
610.768
799.625
2510.03
2486.05
4731.1
1712.55
2399.77
3035.63
2461.9
3213.7
546.023
266.987
550.451
189.915
450.385
423.094
443.276
412.18
864.733
1561.54
761.417
504.016
867.849
1218.28
623.084
896.126
1020.29
621.604
1569.24
1896.51
1044.17
873.403
1419.13
1283.71
1541.04
742.154
483.57
1027.79
1145.05
915.499
1061.78
772.636
1992.01
1285.26
626.402
1626.98
1777.03
1265.27
1295.58
943.357
4730.62
1430.14
2395.91
2731.6
2855.86
1979.21
3544.21
1999.01
449.83
53.3574
44.0026
141.254
123.2
60.8542
132.842
50.1062
370.659
28.7429
11.725
52.9596
119.702
32.6987
44.0771
16.5471
1723.73
276.643
264.098
654.44
686.007
364.151
891.121
292.272
763.755
1142.07
1509.82
263.524
842.387
1151.22
679.515
906.583
603.849
193.004
55.899
717.715
580.604
188.998
650.366
163.395
1263.11
1945.81
292.991
331.078
860.298
798.424
348.396
377.614
482.106
94.2522
159.79
40.7822
173.411
177.343
156.686
159.549
6749.64
3354.04
5884.71
2921.28
4712.44
4557.71
4879.9
4713.63
1756.63
790.487
1395
677.17
1109.79
998.711
1114.59
1000.66
5755.7
2858.06
6397
2334.02
4185.16
4081.51
4395.64
4224.09
1207.92
591.615
975.278
361.164
796.893
744.167
790.986
730.869
2398.12
4294.46
2010.97
975.895
2459.34
3292.7
1446.38
1903.89
2319.38
878.981
1967.26
4304.08
2387.09
1589.61
2962.87
2032.32
4519.89
2063.76
980.296
1906.43
2534.56
1912.9
1835.52
1305.32
4472.52
1638.73
865.983
2012.74
3042.52
1625.08
2065
1178.43
18.4995
163.587
558.384
56.6034
31.5396
182.403
72.8301
228.767
1200.62
8413.64
10678.6
2605.49
2824.61
7906.19
3541.49
7408.57
3614.71
10330.4
9621.51
3030.96
3473.43
9370.06
3408.72
7590.98
196.395
986.795
1071.18
347.427
311.739
1006.04
353.234
1010.43
371.83
972.081
162.786
926.492
589.207
498.813
401.378
467.066
1109.98
2540.06
9889.02
2346.78
1124.26
2676.31
2497.65
3877.29
1111.85
258.59
1206.84
1122.47
813.734
508.986
1091.59
1001.97
2345.08
3020.25
2459.69
8755.3
3381.44
3181.55
4296.4
3325.7
5919.34
5955.85
5961.91
3439.6
7238.16
5971.05
6022.57
5503.39
5991.17
6011.64
5985.75
2654.02
6072.24
6013.34
5433.02
5614.51
5948.84
5959.02
5944.06
1950.38
4669.25
5964.8
4469.06
5147.29
1401.42
709.654
860.549
207.703
473.019
825.787
500.902
774.528
7104.95
5156.33
2992.27
1831.42
5710.31
5276.15
3697.26
3571.59
5999.01
2711.98
5987.35
5970.54
5273.04
4998.71
5963.48
5023.18
4739.73
2839.59
1895.38
1902.09
2878.28
3035.49
1941.16
1859.52
5029.32
2048.98
2349.59
5146.76
4332.15
2289.6
4675.08
2284.43
10.5188
415.193
59.2089
18.9003
21.593
131.687
16.5124
111.624
3255.54
10445.4
10475.5
3908.38
3546.49
9497.76
4188.47
8922.85
691.697
9465.47
7553.77
1015
2782.63
6627.29
1206.05
7381.69
70.6801
1089.56
732.526
331.204
262.596
881.67
320.473
766.222
1189.69
455.992
203.576
1808.08
965.332
383.064
705.886
396.774
2244.97
3878.86
9315.33
834.867
2296.31
4369.28
2325.46
5497.53
300.514
56.6395
1335.25
638.779
216.066
300.743
1001.95
825.652
817.377
1148.31
2882.85
8775.44
2336.25
2042.75
4082.51
3014.32
2609.59
2497.25
3581.61
2852.03
2732.48
2974.26
2843.42
3189.4
1710.59
482.537
1364.82
1269.67
1481.37
1195.28
1604.27
1201.44
5435.26
2964.06
8288.27
5054.12
5410.4
5282.48
6114.8
5921.17
2382.28
1636.74
3444.63
1067.9
2411.05
2818.25
2277.43
2869.92
2572.88
3737.49
2907.87
2509.61
2661.18
3297.56
2574.82
3285.09
2626.2
2699.69
2770.52
3960.77
2747.87
2747.55
2885.85
2945.74
3936.03
2914.64
2480.87
4195.51
4012.45
3443.14
4111.14
3376.74
4460.96
4657.85
2756
2873.35
4535.55
4475.47
3120.63
3233.12
1146.9
1578.43
1667.99
769.6
1110.21
1560.13
1033.69
1591.55
2836.29
6592.09
6745.18
2822.26
2968.41
5694.56
2999.05
6096.93
2742
6774.42
6871.8
3276.3
3128.32
6128.34
2987.72
6387.14
558.578
1491.44
1579.26
497.964
625.118
1369.02
563.582
1389.83
1578.81
1870.91
808.777
1617.47
1586.83
1618.69
1512.86
1429.09
2788.99
2788.79
6025.81
2672.63
2915.4
3030.98
3041.5
3464.78
1726.3
738.117
1603.35
1571.56
1453.58
1458.99
1699.91
1521.17
2750.12
3080.85
2895.83
6310.35
2931.59
2954.66
3325.84
3360.75
8809.31
9863.22
3230.97
2035.48
5568.7
7643.9
2651.95
2748.92
10091
9172.09
771.759
1499.68
6965.84
7733.34
1744.88
1461.06
306.028
30.895
9.70525
16.6778
60.9356
37.7042
16.7288
12.0481
469.184
218.412
28.5023
55.6102
251.693
256.86
52.7985
43.7205
7441.42
1882.73
1509.08
1142.03
2010.06
1916.89
1637.77
1649.08
8915.51
1181.44
640.526
1836.87
1984.97
1119.85
1878.02
661.056
909.535
648.228
245.055
36.8098
739.571
621.592
260.284
305.501
732.712
25.0088
195.859
96.4367
223.108
191.061
158.295
149.525
7.45216
7.49214
8.28655
8.10125
7.66523
7.81289
7.88319
8.10342
7.93411
12.3762
22.1657
35.6083
10.2064
14.2659
14.2759
19.1323
11.2236
32.4868
30.6927
36.5673
13.9914
24.0105
16.5112
26.475
10.0428
38.0073
37.5394
27.2125
13.031
27.8002
16.9115
40.5371
8.13578
8.78447
8.68548
12.1257
8.774
8.66498
9.4392
9.72082
8.64497
27.2068
17.3204
9.77727
9.5483
13.2307
10.2891
13.2103
9.48203
9.32477
15.8083
17.3204
10.6612
10.4442
14.1016
13.8189
10.6593
34.7186
37.6233
21.7423
14.3954
28.422
15.368
39.7502
6571.83
6731.94
2970.35
2246.09
5883.8
6198.31
2559.04
3271.43
6890.51
6502.96
2447.94
2987.78
6477.23
6073.12
2997.47
2774.28
1639.74
1460.03
946.883
916.727
1548.88
1399.92
1077.03
1050.49
1065.12
1164.2
559.905
380.183
934.812
1153.05
561.788
634.83
6217.12
2862.66
2119.6
2772.72
3213.32
3056.62
2932.5
2752.53
6388.78
2836.53
2358.2
2596.77
3025.54
2866.85
2738.41
2600.78
1731.83
1365.28
1629.35
874.836
1490.13
1642.9
1392.31
1423.3
1735.47
1025.66
1647.12
1612.14
1623.11
1441.88
1740.38
1477.32
933.061
425.468
393.483
449.752
684.322
535.122
490.987
412.207
148.53
29.4466
82.8873
40.3806
67.4946
56.8539
67.8746
69.9585
186.181
140.235
156.734
151.707
139.454
146.188
157.259
155.067
158.196
42.9788
100.63
36.8086
107.692
79.3127
113.521
101.323
284.54
254.486
280.176
93.0465
210.094
241.487
175.078
222.503
205.534
73.0351
94.1342
214.978
179.684
83.1952
178.548
90.7318
200.791
199.047
89.1838
128.398
175.154
179.874
110.331
95.3938
190.797
128.914
96.748
114.961
125.165
124.302
106.235
109.805
7519.97
2776.53
8714.38
3765.59
5874.31
6400.86
5784.19
6274.11
252.143
9.61937
30.4133
42.7816
37.5817
21.6526
39.9775
26.0138
9184.91
657.098
8244.83
2951.95
5510.38
5886.84
4943.77
5037.79
2130.24
196.781
1348.71
707.375
1286.16
1315.28
1018.91
960.132
1478.31
6417.32
3009.74
297.571
1303.2
4771.54
797.701
3080.42
1527.74
299.96
461.179
7077.37
1280.91
442.633
1900.04
525.86
6154.03
3083.43
249.29
1930.63
4130.76
3182.99
2574.2
1973.82
6590.27
1948.11
211.01
416.595
4092.71
2727.08
493.543
315.095
17495.4
3273.62
17506.7
17475
11423.4
7238.04
17479.2
8332.8
2012.27
1772.54
2028.9
2119.37
1982.38
2018.39
2073.99
2026.87
17527.3
3099.78
17531.2
17491.1
12479.8
9150.16
17505.6
10275.2
17457.8
3309.48
17457.8
17466.9
9129.22
6096.99
17456.2
7921.13
2963.04
12020.1
10512.4
3159.16
3307.38
6965.54
3586.99
6715.96
2737.76
2760.95
2601.72
8227.24
2847.97
2711.48
3051.85
2879.75
17484
17463.4
3333.49
17459.2
17472.2
7682.2
10599.5
6228.52
9210.72
8349.43
2864.51
2777.08
7823.43
7375.32
3299.56
3353.98
4010.86
487.021
625.147
1199.59
1123.44
974.831
1117.34
889.01
30.9167
8.97357
10.9945
14.5222
14.3331
10.7095
14.9628
12.0798
96.7665
13.3105
26.3655
39.1835
26.8499
17.1943
31.8545
19.7776
456.173
33.9136
56.6467
54.1771
71.6277
43.4165
70.2454
49.5045
112.903
178.185
313.947
28.7997
96.852
188.487
127.145
182.522
61.6243
19.8727
14.1934
110.83
55.232
21.4442
69.4747
18.8268
182.054
356.264
29.372
58.1313
224.67
212.118
62.9036
49.9856
103.551
31.693
21.4325
14.0241
29.4363
30.2478
17.7912
21.5135
12.7455
43.4373
8.55133
22.6561
23.8546
15.7534
18.3396
12.7788
307.807
2505.46
164.132
248.324
1056.12
1502.02
267.889
284.617
8.22825
24.8402
9.45604
13.1998
12.4206
14.0432
12.8685
12.7737
18.7885
66.391
14.1087
20.5639
25.1886
31.5533
18.5977
20.2492
112.248
10.1263
28.8295
105.005
50.7102
16.4083
59.7988
27.2974
101.99
101.668
79.1837
8.80217
44.8768
78.3327
12.6115
58.3709
10.6746
14.7257
63.4704
12.9845
11.231
13.8804
16.5307
20.7477
9.96458
17.3392
71.5421
43.0658
16.1006
23.4034
38.9535
47.9195
4152.52
1986.14
2822.56
2983.92
3192.51
3003.59
3096.99
2962.3
1129.26
340.287
1282.24
567.4
809.14
862.647
1030.13
999.642
2339.56
1831.39
1748.76
1695.88
2168.3
2122.17
1798.8
1849.57
1765.45
782.228
1296.66
392.701
1323.66
1379.57
1172.33
1262.85
1771.65
2643
2497.72
1260.64
2031.78
2628.11
1819.35
2442.02
1900.42
1288.43
1882.17
2568.27
2005.3
1748.1
2161.99
1907.47
2519.21
2322.32
1347
1675.06
2414.87
2308.25
2136.87
1917.46
2414.32
1724.52
1339.77
1819.68
2202.76
2149.46
1833.11
1631.02
10353.9
10356.9
12425.9
2415.96
8078.11
12443.3
6435.95
10633.2
10364.1
10354.2
12449.5
2906.38
9195.66
12446.9
8480.2
9516.45
12405.5
12434.8
12402.2
2644.57
8223.9
12414.3
6363.59
9487.44
1474.38
1798.96
1568.75
1059.68
1463.64
1545.67
1379.88
1485.75
9172.57
8209.95
2288.16
2585.26
8432.63
7555.4
2771.18
2511.88
12451.1
2740.35
12441.8
12411.6
11065.6
8574.05
12431.3
9160.49
6383.57
2194.98
2483.95
2317.54
2470.85
2414.94
2507.61
2468.57
10206.9
2510.97
2669.51
9818.87
7674.01
2803.28
8130.75
2910.36
10862.4
10824.6
13115.2
2436.62
8451.38
13130.6
6806.42
11081.3
10830.2
10820
13131
2910.83
9565.59
13126.9
8726.74
9852.1
13092.6
13118.7
13092.5
2476.38
8478.47
13101.3
6628.56
9821.53
1296.81
1728.73
1381.76
982.397
1298.12
1406.87
1202.89
1326.47
9654.62
8568.28
2159.46
2532.85
8878.3
7878.14
2729.04
2441.58
13139.4
2707.96
13123.5
13098.7
11638.9
8881.87
13118.7
9506.24
6555.97
2028.06
2424.93
2183.9
2329.29
2302.93
2449.92
2423.89
10672.7
2368.03
2583.86
10134.4
7939.45
2751.31
8370.65
2840.03
7.52149
7.29214
7.32848
8.3831
7.70953
7.36733
7.94955
7.52481
7.22044
7.21737
7.22731
7.48059
7.26774
7.21838
7.29991
7.23865
7.24405
7.24791
7.25682
7.62124
7.33172
7.25716
7.3683
7.31494
9.89249
9.14347
8.659
13.6961
10.9246
9.3109
11.5107
9.7528
7.34082
7.36504
8.39161
7.79986
7.35335
7.51806
7.49976
7.67672
7.22266
7.47689
7.23281
7.25517
7.24586
7.32494
7.22287
7.27832
7.39667
8.7294
8.01325
7.8486
7.55951
7.91368
7.66609
8.48225
7.32063
7.6357
7.62756
7.27315
7.40259
7.51974
7.32224
7.47792
12250.4
12220.4
1258.91
15320
15312.5
8079.95
12909.3
7735.66
12232.9
12301.6
1837.51
15339.5
15323.1
8820.7
12812.5
8470.58
162.115
207.53
27.9858
554.285
385.093
109.201
329.427
124.483
15307.1
15319
3871.16
15306.4
15303.7
12121.4
13504.1
11328.2
15290.6
2118.91
15319.2
15318.2
12657
9297.45
15301.1
11124
8629.82
11624.1
927.182
802.992
8135.16
9912.36
1510.69
2379.36
1719.62
13249
13276.1
2955.89
2797.29
10388.5
3419.34
10970.3
826.429
1890.2
10901.2
913.865
1340.02
1918.11
1910.06
2944.28
644.665
486.461
271.927
495.147
569.253
442.037
470.314
318.351
371.116
182.748
53.1023
155.435
315.473
153.864
163.097
68.6762
106.953
67.4027
92.6702
69.3127
84.5396
72.3265
80.2502
75.9535
317.563
137.022
70.5626
132.651
268.641
131.729
136.33
67.6931
437.028
246.515
457.309
275.206
301.165
293.289
321.057
287.437
299.816
143.47
73.312
164.357
175.307
157.098
149.226
124.688
187.202
324.29
145.686
84.1812
157.454
173.023
121.921
147.128
117.061
54.2562
73.4755
64.9936
84.8455
76.2561
84.5898
68.0955
98.4566
146.148
125.954
89.4669
102.158
131.507
97.7466
122.527
109.717
106.549
112.984
75.8354
90.5179
104.015
82.1744
96.538
125.429
125.886
107.795
63.7038
113.131
142.24
83.9272
127.571
67.5611
53.6952
34.9523
30.2281
56.3705
52.123
38.2596
30.3678
131.524
111.736
103.675
73.5216
110.053
116.231
93.6062
107.812
130.125
77.4906
111.135
118.831
103.428
82.4388
112.505
95.2751
93.9714
82.4963
63.7099
47.1191
87.1367
84.4918
72.1442
62.9038
111.327
52.1855
63.3574
98.787
104.395
85.557
89.8025
66.7818
2530.01
243.439
217.079
529.265
1464.87
1441.61
696.612
525.27
33.9578
9.264
7.72893
13.3996
18.2067
10.4255
11.6587
9.16956
20.6741
7.8303
8.37694
10.9818
10.2903
8.80861
10.0703
8.93874
60.9041
11.8197
15.0811
16.748
18.1888
14.8414
16.0863
14.5067
98.0985
113.245
111.14
16.2497
49.6862
108.513
46.872
95.0959
74.4354
13.0413
7.98239
99.2049
30.7717
11.7164
15.399
8.81391
56.906
69.9168
11.5153
13.2768
47.9195
52.6306
13.6113
15.7344
37.8053
10.702
10.0057
8.20879
11.5989
10.9149
8.81893
8.99316
1136.79
1711.91
841.023
647.524
1193.37
1526.85
680.898
873.38
2607.22
4705.89
2619.81
1791.18
2872.38
3597.32
1745.21
2603.82
935.106
1760.11
1003.52
596.477
959.293
1349.03
613.905
984.495
240.685
362.552
236.988
64.1955
247.519
359.079
126.966
200.465
1676.83
838.633
630.275
1012.6
997.982
905.178
1005.3
871.922
2056.31
1545.35
1988.35
1178.87
1428.72
1575.46
1393.59
1461.78
501.234
270.413
583.626
286.443
470.822
468.426
471.939
472.988
923.726
600.563
1130.05
1793.52
1023.17
975.314
1137.55
1134.36
5591.19
5606.3
5612.01
2804.4
5384.13
5615.59
4699.48
5057.62
5639.25
5656.53
5667.61
2582.72
4548.78
5666.59
4608.17
5422.23
5638.37
5665.41
5660.56
2266.84
4735.96
5676.36
4572.44
4982.62
1210.86
825.431
1002.07
274.285
633.492
963.032
691.148
863.843
5417.51
4502.67
2545.16
1768.49
4837.69
4486.64
3162.07
3072.71
5644.73
2778.66
5667.42
5632.5
4937.55
4344.1
5629.28
4492.42
4306.08
2444.92
1880.88
1989.03
2523.7
2661.85
2012.79
1852.19
4790.55
2165.76
2428.07
5037.71
4212.46
2463.42
4445.84
2428.24
5893.25
5916.37
5864.01
3563.01
6341.14
5889.73
6978.07
6326.9
5909.21
5895.04
5858.04
1585.96
5289.49
5871.99
4993.27
5281.2
5812.71
5809.72
5800.09
1321.65
5585.05
5809.18
5667.62
5729.67
358.338
398.71
217.044
37.1548
179.349
316.544
126.851
233.615
5738.13
7223
2353.93
1361.01
5886.59
6316.23
2317.34
2206.11
5885.39
1455.47
5838.4
5839.52
5678.71
5203.41
5861.82
5358.45
7781.16
1738.93
1182.87
1040.39
1949.99
1911.36
1136.53
1148.23
5752.37
1302.55
1384.68
5657.96
5376.78
1427.44
5082.63
1437.08
5425.44
5420.54
5404.41
2726.84
5048.79
5407.61
4702.23
4888.66
5421.79
5412.64
5403.5
2649.98
5137.8
5406.23
4497.69
4837.6
5394.58
5394.9
5386.5
1980.91
4473.85
5391.63
4050.42
4637.5
799.728
1138.77
822.25
260.8
629.738
742.357
644.986
698.35
5448.35
4783.23
2129.06
2656.12
5009.95
4569.45
3309.67
2231.85
5403.31
2578.93
5398.6
5399.34
5007.21
4439.98
5395.56
4647.19
4393.34
2019.44
2532.79
1978.43
2097.08
2092.77
2060.23
2086.46
4744.83
1984.14
2494.68
4737.05
4198.49
2046.07
4198.45
2413.85
347.407
397.409
187.487
298.718
349.651
275.306
274.114
240.012
449.309
581.551
249.955
398.081
450.331
428.086
370.926
406.007
140.723
124.178
96.2921
84.6274
127.289
123.884
109.857
110.03
232.937
229.601
86.6964
114.054
138.271
118.244
110.769
104.461
354.724
177.273
267.483
246.092
282.878
214.774
303.641
206.817
302.881
259.899
213.145
167.387
274.297
270.082
194.724
193.039
167.264
209.438
206.273
108.799
157.78
171.683
126.488
129.355
151.364
111.378
249.322
199.996
134.249
123.88
168.377
158.498
7213.66
7244.49
2708.61
7202.32
7219.84
5559.01
4809.57
4329.77
7300.33
7341.85
3489.41
7314.18
7322.06
6466.77
5982.96
6129.6
2583.32
2240.3
1901.9
3013.31
2640.8
2284.45
2492.79
2370.1
7220.06
7284.06
4227.02
7271.7
7247.09
6095.89
5548.85
5530.39
7262.4
3030.5
7210.89
7279.67
5240.14
4616.85
7242.86
5561.45
5819.45
6340.48
3276.97
3036.37
4941.66
5444.32
3458.8
3600.24
2815.69
4892.55
5853.68
3570.58
3442.53
4530.47
3805.96
5103.87
2908.94
3603.8
5793.64
3059.14
3116.25
3678.28
3213.83
3905.86
4191.43
401.324
861.405
3217.66
1294.71
755.461
2032.48
886.288
156.573
42.0232
18.3886
60.3051
53.1876
42.8346
40.6442
25.4446
368.014
21.3186
59.1124
473.782
257.84
101.582
366.033
92.1639
1116.24
177.569
407.076
279.29
512.509
464.987
389.978
319.101
154.092
567.811
1128.93
215.462
128.002
602.64
230.534
891.82
126.39
136.165
22.3475
285.848
72.207
51.0519
71.27
40.7173
943.124
1044.78
203.927
579.822
1069.15
955.75
504.175
517.465
435.651
399.366
109.786
22.1962
306.957
376.102
59.1145
120.507
22.0511
32.1117
43.8067
34.8922
22.1723
27.6862
36.2176
37.1631
21.5436
21.0768
33.9456
23.9863
19.4222
25.0071
24.4414
27.1892
63.0846
62.4858
78.0953
52.4404
66.1473
75.8997
65.667
74.5752
35.5452
22.6321
37.3329
25.9086
27.5107
28.3479
30.5169
32.9192
30.5346
46.014
33.0053
21.2563
33.5485
41.4164
24.4461
34.9527
32.6252
26.9721
46.905
51.7766
38.0569
36.6797
45.6742
42.2357
52.2281
39.5403
23.5109
45.263
48.4542
41.9675
45.2115
35.2486
56.2087
48.8555
28.1026
53.1136
58.3788
48.6959
50.3252
33.9446
1840.07
174.457
96.9327
348.628
413.856
231.664
268.153
175.48
45.6095
9.01913
7.70565
30.4353
32.8112
9.56878
17.4904
9.7041
17.7142
7.56647
8.03345
9.37347
9.11427
8.12484
8.92216
8.3794
116.773
33.7695
13.5195
38.831
60.4569
34.7848
34.4755
22.5872
117.011
17.5011
147.026
59.0772
59.9739
57.9021
120.528
99.3646
39.6231
26.2949
7.78789
13.1022
28.7712
17.6503
10.8793
8.64796
17.9714
94.0596
24.1065
11.2561
20.8749
58.6168
12.182
24.9493
15.5662
9.51359
15.3659
7.83689
9.98782
9.94138
8.27068
8.82183
7.26235
7.26835
7.35599
7.65189
7.29092
7.24942
7.41597
7.30103
7.30351
7.50966
7.3251
8.14738
7.48076
7.43456
7.62071
7.51277
7.26325
7.23816
7.23168
7.47923
7.29404
7.22588
7.3317
7.25256
9.27561
9.44064
9.11271
14.172
11.134
9.66183
12.029
10.6772
7.36146
7.4201
8.05551
8.20449
7.45444
7.41828
7.58046
7.70474
7.29354
8.02512
7.27013
7.31169
7.36106
7.65975
7.24715
7.3167
7.63624
8.38657
8.58947
8.35667
7.90437
8.08302
8.22708
8.67844
7.45422
8.04398
8.33281
7.30717
7.60635
7.7921
7.41718
7.67588
13072.3
13055.7
1311.21
16637.1
16622.9
8444.54
13964.4
8162
13025
13064.8
1935.48
16588.5
16580.1
9217.66
13728.5
8872.62
238.333
317.94
44.002
985.458
560.505
183.621
497.59
204.829
16625.4
16595.4
4911.08
16618.4
16620.6
13218.4
14470.1
12264.8
16589.7
2353.08
16637.9
16601.6
13793.7
10075.5
16598.9
12083.1
8970.82
12816.2
1218.64
1054.02
8626.35
10708.6
1966.6
3052.33
1933.85
14433.5
14592.8
3722.47
3065
11288.4
4136.58
12055.7
1074.99
2900.22
12251.3
1260.52
1832.95
2853.2
2519.17
4360.78
12502.7
12447.5
1758.71
15681.5
15677.5
8480.84
13419.1
8234.54
12436.6
12455.9
2174.44
15639.4
15629.9
9056.99
12982.4
8590.71
293.492
365.62
52.1348
801.517
598.689
208.442
516.291
245.557
15646.8
15623.6
4315.62
15622.5
15624.9
12178.9
13721.2
11281.8
15625.6
2726.17
15666
15631.7
12841.1
9797.36
15630.5
11552.4
8797.57
11692.8
1397.55
1271.18
8303.95
10033.6
2157.43
2808.44
2283.47
13637.9
13277.5
3421.46
3488.54
10830.2
3948.27
11118.1
1270.21
2245.01
10795.7
1366.32
1785.8
2288.35
2329.16
3188.49
10730.4
5055.38
2982.63
5188.59
6791.89
5088.19
4735.94
4141.88
2611.83
2240.19
1862.68
2151.2
2233.4
2070.68
2090.51
1932.87
1252.43
1092.63
307.894
618.213
1169.76
1085.48
789.319
797.36
2956.83
2256.13
875.376
1071.27
2554.72
2314.82
1834.8
1794.33
3029.53
2746.6
3803.24
2406.77
2967.58
3181.43
3135.36
3320.94
2652.5
2246.06
1957.9
2525.06
2513.95
2149.58
2383.6
2131.45
2531.37
3793.13
2483.1
1338.09
2123.19
3460.59
2032.27
2669.92
2479.95
1350.6
2231.34
1926.04
2258.38
1824.7
2092.52
1791.76
399.003
303.886
205.862
269.335
343.525
316.537
319.732
290.563
296.222
290.022
184.254
231.077
238.02
245.289
221.566
244.483
110.941
119.407
91.8624
67.0127
86.474
91.5885
73.8952
92.8248
151.289
180.855
71.0347
155.812
158.266
152.138
142.116
143.953
265.442
176.096
220.362
190.26
243.038
233.073
222.651
221.608
279.378
197.979
165.188
181.567
250.036
203.621
187.771
141.421
151.341
188.728
170.997
70.9045
121.722
197.874
85.201
149.392
166.813
86.6962
197.863
170.652
110.895
92.8784
127.064
130.192
13826
13786.7
1718.37
17857.3
17848.9
9205.27
14971
8826.9
13781.3
13785.9
2287.67
17829.1
17816.9
9927.29
14726.6
9411.9
300.293
382.795
43.4059
829.466
577.676
218.47
499.941
262.041
17847.6
17819.3
4580.55
17827.7
17834.2
13631.7
15342.7
12541.1
17814.8
2766.9
17858.8
17829.4
14703.7
10705.7
17826.3
12849.3
9609.26
13019.9
1443.96
1365.41
9073.67
11034.8
2316.15
3121.45
2332.16
15350.6
15156.6
3676.01
3508.5
11937
4216.85
12434.1
1385.75
2468.66
12040.8
1413.9
1916.74
2523.14
2582.36
3671.36
13730.8
13794.4
17761.7
2794.91
11690.3
17795.2
9163.21
14690.2
13789.6
13762.9
17783.8
2559.99
11940.3
17780.9
10201.2
12520.1
17759.7
17782.3
17755.6
2584.06
10689.5
17771.3
7628.72
12975
1870.94
1555.84
1597.37
1066.05
1507.91
1513.19
1416.63
1460.78
12798
11031.1
2588.78
2498.44
11463.7
10223.1
3048.53
2853.71
17808.7
2532.06
17785.1
17765.5
14867.1
10944.8
17787.9
12042.2
7965.91
2389.6
2401.71
2414.87
2830.78
2667.96
2651.53
2635.3
13696
2441.68
2405.07
13016.5
9598.72
2767.64
10035.9
2658.89
5787.29
5795.25
5798.57
2655.28
4943.21
5805.66
4392.34
5333.35
5795.57
5812.24
5816.86
2906.07
4590.21
5820.99
4435.66
5527.78
5773.62
5783.5
5807.01
2452.91
4066.58
5780.24
4004.37
5347.84
923.574
786.462
790.545
140.859
474.387
857.346
539.189
788.692
5296.48
4508.19
2066.09
1709.55
4894.23
4558.91
3316.06
3142.99
5808.5
2953.11
5802.95
5792.03
5371.3
4244.73
5799.53
4354.01
4186.34
1930.29
1717.25
1731.5
2792.74
2920.53
1764.47
1708.37
5141.35
2472.45
2765.45
5056.47
4003.07
2661.55
4135.91
2734.19
8.23441
10.1506
7.3763
12.2483
9.47448
8.93488
8.10924
8.32884
12.4243
14.7309
8.79752
22.7557
17.1605
14.1731
13.7883
13.7708
7.28022
7.4762
7.27607
7.65167
7.40579
7.38253
7.43894
7.47781
11.471
18.8736
9.47778
16.4962
15.299
15.5308
13.2474
14.0739
12.2867
7.78442
17.0024
25.7059
9.53557
8.58608
18.0183
13.0626
10.4103
20.2119
8.30747
7.79653
9.415
10.3213
7.90381
8.32655
7.66566
9.99433
13.1347
8.40041
7.98771
10.0823
8.28537
10.7135
7.80255
8.24172
14.2495
8.32663
8.07448
8.57604
8.57603
9.43243
451.235
220.397
328.019
281.601
372.07
290.343
390.35
280.226
102.215
82.8964
46.7043
57.2593
66.779
57.4815
62.7687
52.4294
173.96
42.2087
42.3165
69.0773
130.323
52.9387
138.78
41.1046
134.324
53.4796
57.4448
49.8771
103.088
60.7505
107.441
52.8992
157.431
247.074
203.808
60.9831
154.564
216.198
108.158
137.093
105.833
43.2356
43.7658
152.42
97.6976
66.4739
110.237
69.0503
273.011
223.899
62.9076
115.748
157.31
130.711
104.42
92.9974
149.162
53.465
40.8854
39.3391
111.057
60.2238
72.9823
42.1692
1215.55
1884.17
1111.35
653.991
1207.35
1427.86
754.472
1057.85
3045.56
4666.35
2669
1968.73
3266.89
3811.44
2072.62
2838.61
1163.78
1892.54
1066.41
756.42
1204.29
1712.74
829.941
1151.32
286.524
541.218
360.708
63.9135
282.197
500.132
157.071
373.049
1979.28
1206.9
800.393
1375.64
1402.78
1258.82
1348.02
1187.35
2590.11
1793.28
2275.6
1547.28
1824.74
1864.61
1730.13
1770.08
831.297
484.256
798.204
473.249
723.49
768.05
669.181
663.901
1144.13
818.139
1323.59
1797.86
1179.04
1124.5
1296.11
1246.54
1177.24
1277.86
2215.13
850.492
1180.18
1570.35
1211.57
1650.57
1015.43
795.236
1332.51
572.378
774.585
880.623
766.737
896.496
3478.94
2847.16
5329.27
2305.62
3040.11
3275.53
3195.71
3542.91
349.131
293.285
431.097
95.2856
219.623
306.5
214.398
318.776
1049.78
2103.96
748.583
494.847
1062.88
1398.4
766.736
937.276
1209.56
650.638
1542.24
2308.27
1272.42
914.366
1873.37
1452.55
2185.3
753.294
481.032
1026.01
1363.34
970.765
1023.56
621.748
2448.73
1474.57
689.495
1610.36
1868.16
1352.08
1481.13
1137.7
5955.95
5954.52
5946.27
2482.49
5493.75
5953.15
4928.33
5110.25
5977.74
5969.86
5956.06
1571.11
5678.31
5982.25
6347.15
6956.4
5941.28
5932.28
5937.07
2817.21
5770.38
5938.03
5979.71
6446.54
408.624
191.32
291.578
36.9713
280.85
277.031
126.768
111.812
5438.36
5574.38
2175.38
1904.75
5247.95
5047.77
2145.17
2307.76
5964.8
2027.14
5965.72
5949.23
5596.45
5827.19
5958.57
5697.76
5469.83
1276.49
911.892
1741.57
2323.44
1302.1
2162.88
1028.76
5786.53
1806.9
875.936
7566.07
6018.36
2307.66
6803.47
2213.29
13835.8
13787.9
1932.94
17864.6
17853
9304.31
15077
9061.12
13778.1
13785.9
2326.33
17820.9
17807.7
9971
14745.1
9510.03
341.505
381.787
66.0815
1047.29
707.405
223.094
620.439
249.086
17839
17806.5
5452.63
17828.6
17821.6
13943.7
15632.7
12978.7
17804.3
3005.35
17857.2
17818.4
14612
10917.7
17812.2
13037.8
9681.06
13479.2
1457.12
1331.76
9195.59
11395.4
2350.02
3399.77
2500.55
15518
15358.7
4218.48
3930.55
12189.3
4807.54
12858.2
1335.95
2820.51
12676.4
1437.63
2056.59
2861.39
2791.26
4310.31
13745.1
13825
17784.8
2932.62
11475.4
17815.5
8927.54
14803.8
13839
13814
17845.5
4357.14
12580.9
17829.6
11289.5
12643.2
17783.4
17846.6
17795.6
3737.75
12028.7
17824.6
8225.57
13055.5
2641.54
3154.65
3874.76
2687.45
3266.43
3538.82
3218.59
3375.53
12975.6
11639
3086.26
4302.57
12204.7
10911.8
4233.38
3628.11
17851.8
5001.66
17846.2
17813.9
15316.6
11911.1
17835.4
12983.7
8770.04
2837.5
3987.7
3336.94
3269.87
3293.96
3526.43
3627.34
14398.7
3559.7
4485.26
13100
11198
3795.18
11306.2
5332.48
7.36279
8.55212
8.46797
8.31076
7.70966
8.1322
8.12522
8.39972
10.0519
17.9161
18.6747
19.0174
12.6153
13.0896
14.1095
14.8703
12.986
25.489
19.3321
26.4823
15.6586
17.9713
16.2158
18.4759
10.9352
18.2683
27.596
19.6552
13.4027
16.7475
15.9542
19.8556
9.1797
9.37242
9.35553
12.2
9.99209
9.12297
10.6864
10.557
9.65459
13.9944
18.4508
10.3092
10.5621
12.3996
11.7579
14.5075
10.4701
10.5708
14.7555
24.9736
14.6614
12.2699
18.3159
14.4839
11.701
28.2885
15.7791
21.9808
14.0185
20.1643
17.4014
21.3816
134.19
114.416
123.22
91.9984
131.231
118.658
104.093
101.223
104.41
142.188
129.764
77.8959
106.925
128.352
96.8803
119.18
123.861
119.43
124.573
89.7487
112.002
116.108
98.1768
106.196
50.7536
50.1803
48.2527
28.0245
40.7052
44.6004
31.8184
38.827
80.8954
98.4203
70.0604
60.2161
74.5157
79.5393
68.1918
74.3863
81.6594
75.186
119.667
109.741
78.9714
79.0645
106.34
102.903
97.0913
61.8289
55.6805
53.741
78.625
66.3722
60.3758
48.1413
108.426
69.831
67.0356
110.639
87.2086
76.3105
96.9804
81.4074
12191.6
12142
1412.66
15210.5
15202.6
8206.61
12902.7
7945.82
12135.4
12205.5
1485.65
15190.5
15176
8586.87
12518
8156.5
203.47
171.595
25.8252
590.291
427.064
103.129
349.623
120.307
15186
15172.3
3913.24
15163.6
15170.3
11994.4
13212.9
11105.6
15156.3
2285.4
15200.8
15175
12516.7
9546.91
15164.2
11284.2
8685.82
11545.4
855.374
983.6
8185.43
9921.29
1687.01
2410.91
1872.09
13227.5
13032.9
3013.81
2957.8
10551.6
3525.06
10997.7
991.367
1931.69
10720
832.661
1440.23
1970.13
1880.33
2845.84
14548.5
14636.7
19116.1
2969.55
11577.3
19161.1
8853.84
16143.1
14645.7
14584
19129.4
3196.71
13228.9
19122.8
11752.6
13568.7
19108
19127.5
19095.4
3094.91
11362
19114.8
8211.87
13655.8
2001.56
1989.25
1933.6
1393.68
1867.48
1915.05
1756.17
1816.25
14191.4
11946.2
2889.13
2922.91
13034.3
10865.2
3389.01
3165.79
19206.4
3111.96
19130.2
19119.3
18065.2
12211.5
19148.9
13078.2
8983.04
2736.43
2782.41
2734.52
3146.75
2981.33
2857
2911.04
15021.1
2838.67
2783.09
13872.3
10402.1
2976.07
11011
2994.25
14525.5
14540.5
1664.13
19118.8
19105.7
10023.5
15779.7
9584.41
14539.1
14597
2101.3
19130.2
19116.2
10202.4
15575.3
9681.02
191.131
281.387
35.4472
736.703
496.114
146.736
403.817
167.69
19112.3
19105.8
4985.59
19071
19079.6
14899.8
16361.6
13671.5
19095.4
2837.78
19121.4
19112.7
15341.8
11658.6
19103.2
13864.8
9989.85
14087.2
1147.6
1012.79
9370.28
11898.1
1828.31
2908.1
2238.17
16150.7
16034.7
3711
3645.99
12785.6
4374.14
13354.9
1021.46
2400.57
13053.8
1120.34
1683.94
2441.15
2300.69
3641.47
7.22835
7.21007
7.22655
7.41779
7.24075
7.21451
7.26253
7.23212
7.21184
7.21718
7.21064
7.3184
7.22896
7.21173
7.23426
7.22104
7.22404
7.21546
7.21458
7.37383
7.23641
7.22057
7.27371
7.2398
8.45876
7.99861
8.44119
12.596
9.52778
8.56195
10.543
9.60119
7.21669
7.23131
7.53317
7.4523
7.23036
7.24889
7.32952
7.38756
7.21038
7.30869
7.21272
7.21424
7.21758
7.23479
7.21317
7.22473
7.25082
7.75616
7.6049
7.7707
7.34086
7.5067
7.54542
7.74523
7.2377
7.54497
7.39002
7.22959
7.2859
7.42438
7.2483
7.33264
8.83592
7.63238
18.5126
13.748
9.86768
8.93567
11.2168
10.984
7.555
8.20236
23.5391
10.1038
8.10994
8.75147
8.88794
10.8493
156.387
272.466
2409.02
536.126
464.437
1294.54
668.142
1306.68
13.7989
11.6685
39.2433
15.349
13.6314
13.8292
14.4511
15.9121
7.74585
22.9967
12.4979
9.3777
8.1058
11.0544
8.79358
10.8903
7.47414
10.6754
81.9502
53.3497
8.05529
9.96295
10.9936
26.3155
31.6578
13.6357
10.7492
42.3095
29.8807
12.1927
34.0338
13.4834
61.9689
87.0068
13.8909
92.8961
71.7695
63.5371
41.5132
37.5252
5772.15
5793.29
5762.33
2150.33
5040.13
5771.34
5059.14
5481.18
5799.28
5836.68
5834.03
2456.32
4717.65
5819.14
4623.81
5305.5
5792.51
5840.33
5825.74
2919.23
6181.23
5833.71
6757.83
5898.07
755.896
900.061
706.176
230.703
630.18
854.648
529.109
660.444
4979.5
6337.59
1832.81
2307.28
4979.34
5530.56
2297.09
2322.58
5779.9
2661.81
5824.2
5782.31
5272.91
4876.31
5800.39
5166.88
6960.98
1763.13
2272.6
2004.69
2359.08
2308.36
2283.82
2272.17
5478.34
2708.93
2730.74
5366.97
5832.31
3130.21
5364.18
3161.09
12620.6
12632.2
15868.8
2287.59
9784.57
15897
7557.55
13139.1
12645.2
12646.4
15927.7
2692.87
11179.2
15918.8
10171.6
11518.7
15856.3
15908.8
15843.1
2026.3
10243.2
15881.8
7008.81
11964
1000.57
1232.63
902.257
571.537
922.732
957.515
862.278
897.461
11184.6
10025.9
2013.3
2165.14
10121
9064.73
2409.97
2238.55
15914.8
2314.84
15917.7
15874.9
13457.9
10557.9
15901.8
11395.4
7232.92
1898.96
2026.53
1861.89
2146.36
2020.28
1981.57
1935.53
12856.2
1907.89
2179.45
12195.3
9187.83
2064.38
9853.6
2294.78
12.8095
8.27902
29.4552
18.0583
13.0458
9.59064
13.5806
10.5904
7.87744
8.11493
27.2693
10.5858
8.33817
8.48042
9.66295
13.5858
148.628
129.078
2785.52
229.517
196.611
376.734
268.812
505.684
15.047
12.6204
37.9555
16.0204
14.0605
14.9217
15.855
18.8551
8.58252
24.2962
14.1762
10.0847
9.43674
11.3349
9.88359
11.7659
8.42351
11.0754
23.5088
17.1615
9.35611
10.6504
11.7971
14.4458
29.5112
15.2455
11.6233
37.9814
34.5429
13.5742
31.2914
15.2527
22.7758
54.7663
16.7698
41.3866
36.8514
37.1365
19.4971
28.8922
5818.87
5834.85
5832.77
1910.58
6153.01
5841.54
5276.13
5534.58
5879.93
5879.27
5878.61
1851.82
7112.78
5887.82
6622.04
5688.37
5868.51
5918.21
5937.94
2549.95
5181.71
5930.06
5051.36
5522.27
371.301
319.286
496.081
62.7991
304.336
430.827
334.938
421.941
7397.36
5263.82
1639.83
1302.77
6350.83
5546.7
1856.16
1866.81
5887
2430.48
5861.58
5867.52
5535.81
5890.6
5872.78
5599.84
4636.53
1579.16
1456.03
1712.55
1770.74
1752.17
1635.05
1442.04
5190.24
2352.24
2242.61
5766.03
5004.33
2429.21
5349.55
2408.27
25.7647
496.368
44.6093
126.511
72.7259
97.3682
70.6799
95.4259
1406.52
4776.87
842.31
2619.03
2006.9
1594.08
1706.85
1668.98
37.1203
157.563
51.7541
95.7368
51.1112
45.6979
52.6776
61.317
108.497
636.385
194.362
110.101
135.921
235.614
105.808
200.893
747.115
75.101
156.768
773.337
695.963
159.963
736.155
263.789
622.86
914.968
247.878
65.793
654.291
718.731
238.763
342.184
67.201
122.492
635.629
116.551
97.5721
195.607
130.542
266.725
70.9308
152.668
913.509
289.096
90.3835
137.746
285.009
380.469
1010.1
540.417
747.415
686.651
832.288
706.926
834.309
651.367
252.512
156.682
192.59
162.433
188.718
177.256
185.456
167.218
573.204
328.865
559.094
338.56
420.215
421.019
424.931
422.137
446.729
178.767
229.665
159.099
307.089
251.653
285.153
224.389
393.961
587.237
558.188
219.8
387.332
467.871
346.975
463.562
327.344
199.378
233.476
490.101
298.742
207.77
364.371
249.433
588.403
561.986
211.87
320.651
472.859
422.167
320.999
261.564
446.392
271.957
184.051
224.102
292.823
286.284
245.699
220.125
5514.54
5519.13
5526.97
2809.53
5182.66
5530.63
4561.69
5123.2
5514.09
5521.52
5535.37
2507.68
4421.43
5533.16
4342.55
5176.94
5509.95
5556.41
5575.73
2880.44
4084.12
5563.89
3920.66
5157.45
1151.99
817.578
1108.12
287.98
531.792
937.315
639.784
965.335
5235.42
4388.13
2209.55
1629.2
4773.54
4448.07
3013.29
2871.54
5521.99
2647.22
5541.83
5512.64
4923.43
4127.77
5510.05
4158.51
4133.85
2130.03
1713.56
1986.62
2520.28
2620.41
1982.38
1709.92
4966.55
2870.93
2502.59
5231.3
3964.96
2902.9
4131.49
2851.29
7.64963
7.32768
7.3718
10.1245
7.75293
7.3905
8.28284
7.83619
7.22575
7.21321
7.2185
7.35006
7.22885
7.21251
7.25397
7.23218
7.4593
7.34646
7.71349
8.80853
7.67558
7.40721
8.14656
7.94503
12.0279
9.1347
11.9468
17.1764
12.9291
9.99637
15.4498
13.715
7.28226
7.63721
8.63598
7.87111
7.42841
7.80484
7.78828
8.10043
7.23896
7.46092
7.23353
7.32629
7.28937
7.3161
7.24839
7.3115
7.84112
9.66056
8.0501
9.4653
8.80154
9.18092
8.49982
8.97317
7.67548
8.99449
7.76875
7.38563
7.68691
7.90396
7.44442
7.52243
5578.63
5561.56
5580.67
1607.12
6087.31
5571.1
5919.62
5706.9
5530.18
5539.88
5554.48
2480.89
5308
5547.62
4907.87
5176.27
5568.13
5560.68
5561.54
1941.78
4888.15
5564.21
4644.35
5038.14
364.272
587.036
539.277
65.2678
292.668
429.999
311.157
379.009
6568.26
5257.04
1240.59
1584.13
6031.25
5337.98
1573.65
1440.71
5548.71
1822.26
5559.65
5567.17
5580.03
4896.07
5548.83
5010.63
4945.73
1349.43
1548.96
1484.23
1639.58
1418.35
1516.13
1406.81
5169
1626.2
1679.5
5151.31
4727.18
1762.84
4754.17
1786.48
606.227
978.351
1439.61
465.645
589.718
1059.51
579.624
1105.7
947.492
883.566
1398.16
750.539
863.652
951.932
872.996
977.914
2582.64
2459.32
4586.53
1995.46
2470.47
2717.84
2603.32
2952.37
343.96
575.599
755.46
217.885
342.675
588.071
334.226
634.182
883.956
1530.11
490.407
675.372
903.258
1093.62
741.268
816.951
1055.34
819.102
1512.75
1808.79
1132.18
992.414
1569.88
1413.02
1555.16
487.026
687.854
1164.38
1187.12
894.266
1138.29
807.477
1928.22
1507.95
876.376
1591.97
1696.54
1391.66
1458.65
1286.31
13904.5
13980.6
18027.5
2806.77
12112.1
18073.1
9351.15
15408
13991.3
14016.1
18106.8
3883.71
12518.4
18107.6
10993.3
12756.9
18013.4
18075.1
18005
2996.05
10746.3
18041.5
8133.44
13688.9
1719.82
2255.01
1575.59
1196.93
1654.78
1680.58
1527.81
1580.26
12958.3
11255
2760.59
3299.72
11559.3
10338.9
3454.83
3145.57
18085.9
3510.85
18091.7
18023.1
15220.4
11405.7
18059.1
12264.7
8336.56
2581.29
3165.42
2857.32
3007.33
2945.23
3132.26
3098.11
14218.8
2966.6
3411.45
13339.2
9845.02
3279.11
10404.9
3536.65
7.21435
7.2201
7.22458
7.3666
7.22699
7.21469
7.25561
7.24681
7.34327
7.37818
7.37193
8.04658
7.57774
7.4357
7.67383
7.58437
7.38404
7.47091
8.07535
9.54194
7.67082
7.41763
8.18328
8.08018
7.88862
9.50526
10.9474
12.8146
8.83271
8.80995
11.0738
11.0663
7.26556
7.32056
7.45411
7.89024
7.30316
7.32641
7.44511
7.4185
7.24284
7.83399
7.38226
7.26238
7.30134
7.58243
7.25873
7.48115
7.44728
7.65968
8.28022
9.67561
7.54326
7.65035
8.26792
8.20777
7.47853
9.69822
8.17363
7.66292
7.73591
8.11255
7.75193
7.87763
4651.42
3595.25
2600.26
1461.71
4123.78
4011.15
2700.71
2897.91
2400.12
1154.96
1105.99
874.637
1537.31
1417.32
1032.22
1020.31
950.808
648.802
461.344
302.899
740.229
706.785
424.821
440.092
339.47
310.228
164.808
69.8834
258.582
264.9
140.291
147.241
3024.65
2138.25
1337.02
1019.14
1660.8
2017.28
1343.8
1323.89
2817.49
947.75
1259.16
2010.47
1635.87
1230.33
1725.36
1354.13
902.815
676.705
427.642
270.029
721.121
749.405
581.632
515.543
936.44
289.541
453.874
621.427
695.291
555.557
605.073
498.74
5921.23
5924.02
5907.66
2729.12
5410.27
5912.52
4827.44
4796.91
5923.86
5915.03
5910.73
2443.24
5121.72
5898.42
4067.26
4366.03
5920.76
5927.27
5915.24
3265.74
5565.09
5905.96
5613.4
5362.15
647.677
765.701
1091.75
169.311
641.931
719.215
353.837
440.304
5419.2
5469.81
2531.67
2549.71
4279.23
4479.76
2714.99
2679.39
5912.34
2397.54
5893.87
5903.85
4331.85
4262.07
5918.77
5290.7
5907.65
1507.73
1761.91
2118.03
3556.23
1761.75
3232.52
1768.14
5519.97
2199.17
1914.54
4813.94
5156.28
3008.84
4774.59
2886.07
91.8349
106.911
165.062
90.4386
96.8301
113.013
108.114
117.28
118.984
134.606
223.766
160.657
140.806
164.131
180.446
189.874
318.167
389.308
718.233
479.167
390.203
465.787
488.79
567.303
101.28
125.743
293
117.802
125.51
157.325
153.287
191.305
127.174
186.589
104.57
151.552
135.126
136.004
123.127
129.294
138.573
182.674
254.871
214.313
143.635
194.104
179.202
232.019
234.639
131.128
162.62
314.418
216.141
146.484
261.542
176.33
252.342
355.271
182.51
293.134
305.827
298.311
274.234
256.422
7.21144
7.23119
7.22218
7.45771
7.2338
7.22108
7.27655
7.24592
7.22273
7.2289
7.25615
7.4611
7.26759
7.24445
7.34977
7.31297
7.32579
7.35413
7.52478
8.45692
7.56106
7.3638
8.0148
7.89853
9.14389
8.4612
10.3951
15.083
10.2083
9.03661
12.6499
11.2176
7.27336
7.3095
7.79114
7.73877
7.32869
7.33927
7.43251
7.5583
7.23738
7.52877
7.26366
7.25212
7.27854
7.32052
7.22946
7.29688
7.42205
8.35127
8.10637
9.12999
7.6088
7.93114
8.15704
8.33594
7.41701
8.90164
7.90208
7.44346
7.62739
7.9927
7.50304
7.70538
7.23059
7.25197
7.22381
7.64569
7.35687
7.24964
7.43527
7.32588
7.23459
7.22303
7.21455
7.51775
7.34512
7.23119
7.3157
7.2514
7.21472
7.21055
7.21489
7.35468
7.22738
7.21122
7.25234
7.2279
8.37378
8.13477
8.2447
11.6666
9.33401
8.40343
10.1368
9.00069
7.31467
7.24593
7.74005
7.77146
7.31138
7.36333
7.46765
7.50273
7.22979
7.41846
7.21312
7.21751
7.24473
7.30146
7.21254
7.22515
7.27489
7.82357
7.82489
7.8694
7.39831
7.62514
7.61915
7.88862
7.23575
7.58478
7.52304
7.21974
7.25852
7.39251
7.23916
7.30987
7.48032
7.44181
7.50734
9.37688
8.27342
7.57903
8.60544
8.01173
7.48825
7.84521
7.25752
9.12658
8.14953
7.55299
8.08667
7.70752
7.23664
7.22586
7.21971
7.39726
7.25859
7.22376
7.32708
7.24478
12.7704
10.853
8.73123
16.7174
12.8708
10.2524
13.1604
10.6062
7.89196
7.59507
9.97458
9.4949
8.10984
8.11319
8.36918
8.48741
7.48302
8.45322
7.24265
7.29929
7.75707
7.86086
7.31415
7.40567
7.58662
10.5507
9.44776
8.1655
7.95679
8.95905
8.1194
9.39385
7.33486
7.7521
8.60421
7.2846
7.38787
7.61981
7.38284
7.58835
12855.6
12810.4
1230.43
16260.5
16253.3
8107.34
13597.9
7798.78
12803.9
12875.7
1617.24
16243.9
16230
8988.29
13400.6
8568.92
159.677
188.714
25.3088
588.361
391.951
109.883
335.088
128.507
16250.8
16227.3
4152.87
16247.5
16243.9
12814.9
14356.2
12005.7
16211.9
2162.82
16258.6
16232.5
13392.8
9722.17
16221.2
11747.9
8867.3
12194.9
879.936
793.047
8379.39
10299.8
1542.6
2445.45
1728.17
14084.5
13992.9
3076.36
2842.8
10970.4
3573.51
11599.9
811.958
1948.1
11422.4
858.368
1360.25
1972.65
1936.84
3070.12
9.39105
30.9017
8.50319
20.2307
24.7447
18.3027
13.2985
16.2906
591.061
4525.64
346.423
743.615
1230.29
3173.31
912.187
1720.69
8.1334
16.6938
8.26448
11.1517
10.3974
9.53919
10.4839
9.91025
24.1939
100.647
12.9974
26.2888
48.9246
36.0803
17.3194
18.0749
112.828
11.1625
46.3912
223.3
76.9433
22.3952
108.478
45.7747
257.581
246.314
160.786
9.77547
102.469
168.767
22.2725
88.6383
10.1042
16.2206
86.6347
13.0588
11.3955
19.4451
15.6577
25.1744
9.42343
17.2848
149.02
87.3335
15.8968
35.6848
63.4105
79.5739
10.3355
44.0313
7.99451
14.6269
16.2896
11.5846
14.3073
11.3093
229.906
3277.26
464.539
689.874
949.811
2079.66
801.979
1238.73
7.6926
29.8453
9.57446
11.7732
9.35484
11.6617
9.9622
15.1378
16.507
88.552
15.777
23.8571
21.2155
26.7193
18.4533
35.6612
99.7233
9.08493
19.7007
103.431
64.2953
14.3933
66.9159
19.9186
96.0605
137.916
163.294
7.61093
65.7385
94.2463
12.8187
49.7047
9.13466
15.9413
80.9702
13.2379
9.76116
16.1783
12.0775
19.4441
8.67733
24.0016
135.101
95.5055
12.132
17.9447
44.2176
48.4415
7.25201
7.21595
7.22234
7.41333
7.31311
7.2341
7.32682
7.28237
7.20931
7.21648
7.21438
7.39036
7.21669
7.21303
7.23655
7.22561
7.21963
7.22795
7.23989
7.51632
7.24545
7.22465
7.28013
7.26245
8.3753
8.29081
8.52523
11.4577
9.63476
8.72194
10.6262
9.60475
7.22593
7.23091
7.57067
7.54037
7.25196
7.30594
7.39816
7.40458
7.21083
7.3636
7.21379
7.21219
7.22032
7.25318
7.20958
7.22157
7.24641
7.72296
7.78964
7.83181
7.36425
7.45356
7.55948
7.83767
7.23038
7.69597
7.53544
7.25086
7.2657
7.4268
7.25046
7.37999
109.32
156.568
91.8906
81.7669
112.798
109.522
87.0203
94.3782
177.297
167.315
146.188
150.59
175.854
177.7
167.913
165.936
101.155
96.8572
72.905
76.132
91.0102
85.1494
79.1371
79.8973
72.4476
109.585
53.3939
41.5022
76.3821
82.3381
48.158
53.6112
146.169
98.7622
85.435
149.573
132.027
93.8778
139.384
90.8367
156.606
161.502
144.352
112.09
157.584
173.212
149.882
152.367
90.1231
69.0178
125.586
60.9278
89.6986
89.6061
85.8069
95.1078
111.607
75.8371
146.497
132.313
105.669
89.0675
130.81
131.166
502.369
819.838
1371.07
835.467
631.305
978.379
1062.73
1362.82
1034.52
456.531
1667.93
1203.87
1150.29
1156.37
1336.61
1463.28
1930.27
2311.58
2317.24
2564.29
2097.62
2135.25
2396.97
2415.48
1325.87
1604.57
2269.15
1095.22
1499.28
1987.5
1553.31
2286.41
1010.69
1446.6
1021.12
1528.81
1394.68
1381.9
1269.45
1438.95
1298.26
1831.93
1836.86
1648.9
1579.96
1621.95
1700.7
1823.79
1792.33
1549.94
1994.6
2218.08
1904.44
1883.95
2043.6
1935.69
1968.37
2608.03
2386.78
2357.97
2151.04
2320.32
2224.95
2417.1
7645.94
7591.47
7591.52
3619.16
6710.43
7610.52
6288.43
6046.68
7540.31
7504.32
7464.35
2836.68
5852.58
7509.86
4347.41
4883.85
7548.24
7482.76
7523.66
4138.92
6245.37
7506.8
5582.12
5466.72
2163.84
2545.92
2956.65
1838.57
2187.47
2582.92
2234.65
2405.12
6093.27
6517.21
3393.39
3150.85
4960.78
5447.33
3568.84
3703.21
7549.17
3113.5
7464.3
7543.49
5238.58
4541.99
7504.9
5626.1
5915.58
3136.03
2943.3
3604.61
3963.4
3270.79
3712.23
3131.75
5911.38
3539.7
2840.96
4678.83
5112.86
3794.44
4477.52
3466.63
11.2153
34.2043
8.18883
14.0042
12.8608
8.13958
12.2012
10.1354
281.305
4170.93
113.167
421.5
770.821
874.439
423.923
436.571
7.91112
16.5543
8.24515
19.1089
11.032
10.5623
12.0861
19.404
13.9652
89.0977
19.7524
22.3128
17.5377
29.0451
16.678
40.0249
77.0087
8.94624
20.3271
93.1684
39.3622
12.1763
61.0042
23.3176
41.1939
112.13
31.2666
8.65689
31.321
55.7245
11.1102
24.8722
9.06919
12.6939
50.7976
15.0542
9.89634
13.0161
15.5933
19.0181
9.00294
38.7059
135.919
52.6162
12.9233
21.3685
31.4824
50.3491
12836.8
12916.9
16295.6
2415.54
11216.3
16330.7
8975.79
14051
12929.6
12905.4
16351.5
2859.14
11455.7
16344.5
10174.9
11993.8
16289
16334.9
16285.6
2359.76
10789.8
16310.9
8083.83
12231.6
1266.55
1747.12
1349.12
828.787
1325.59
1475.97
1216.17
1382.11
12156
10955.9
2340.8
2532.13
11311.9
10147.6
2847.11
2606.43
16360.3
2725.08
16344.5
16307.8
14445.9
10929.7
16334.4
11854.4
8438.93
2207.39
2387.57
2207.2
2446.6
2361.89
2356.55
2315.93
13215.5
2282.21
2573.37
12285.1
9819.9
2581.78
10240.1
2744.14
7.2485
7.23761
7.2557
7.61501
7.36182
7.23249
7.47327
7.33037
7.26978
7.2506
7.22093
7.57694
7.40985
7.25775
7.39131
7.2896
7.22488
7.21593
7.2184
7.31627
7.23382
7.22011
7.25939
7.22918
9.17423
8.74759
8.0236
15.816
11.1437
9.32309
12.5415
10.4748
7.39973
7.24992
8.0121
7.91277
7.44415
7.40355
7.6984
7.70309
7.25311
7.46853
7.22023
7.21615
7.28892
7.3317
7.21659
7.24312
7.27447
8.29709
7.88554
7.57015
7.44469
7.92015
7.5212
7.9827
7.23037
7.35694
7.46509
7.23085
7.24877
7.29295
7.25009
7.28318
13242.5
13170.6
1671.43
16831.1
16820.5
8999.67
14544.5
8748.54
13163.9
13099.9
1430.08
16746
16741.8
8563.77
14202.5
8200.58
192.402
118.667
9.99548
902.327
567.836
76.2813
482.303
103.347
16817.1
16789.5
5256.4
16824.7
16811.3
14005.8
15459.1
13305.1
16768.7
3103.16
16826.2
16792.3
14260
10941.8
16796.3
12864.1
9204.98
12893.7
754.265
1003.64
8873.22
10978
1959.69
3298.47
2574.69
14890.6
14923
4169.81
4082.77
12172.3
4770.87
12730.6
1057.55
2749.67
12289.2
770.55
1897.81
2791.15
2643.55
4234.36
256.901
252.608
428.106
195.279
266.179
270.56
259.207
268.225
332.175
822.862
660.353
474.05
400.987
505.563
436.414
564.931
453.575
648.742
801.914
473.991
428.886
515.147
489.32
560.998
86.7241
187.957
212.87
63.5992
82.3459
113.353
82.9327
118.058
199.151
419.776
107.71
169.362
172.262
176.23
158.522
121.314
230.025
215.255
383.262
410.027
229.124
230.189
363.969
320.832
403.431
101.307
179.51
245.543
293.398
120.812
224.447
124.477
370.434
274.255
232.158
421.952
271.98
261.009
344.831
354.991
774.081
1306.16
1315.18
708.889
799.569
1242.85
777.24
1272.47
1791.02
1717.16
2230.19
1895.68
1849.94
1914.77
1901.12
2033.29
2117.28
2651.04
4037.9
1918.39
2035.59
2678.34
2101.57
2986.99
584.406
1343.94
1018.28
330.3
621.235
1131.14
528.209
1056.69
1419.79
1383.55
796.204
1613.43
1446.47
1327.46
1518.93
1297.74
1825.82
1900.21
2403.41
1855.5
1901.38
1987.56
1922.16
2120.36
1401.04
728.711
1581.98
1259.34
1270.03
1296.45
1345.97
1348.33
1946.49
1957.77
1926.37
2538.79
1971.69
1928.13
2145.86
2085.71
7.31701
7.27682
7.22291
7.58458
7.35275
7.24037
7.35381
7.28312
7.34131
7.75119
7.51945
9.11102
8.05431
7.66678
8.17331
7.90926
7.31533
7.37193
8.04231
8.70381
7.67092
7.40695
8.0385
7.95756
8.27393
9.94475
9.21835
12.8856
9.92819
9.23638
10.6956
10.5091
7.39961
7.29842
7.83091
8.30823
7.4374
7.39302
7.56599
7.54179
7.31109
8.25233
7.43377
7.27505
7.42921
7.87666
7.27507
7.55424
7.38962
7.88964
8.7234
8.65378
7.48936
7.71684
8.11193
8.42503
7.39063
8.82157
8.63748
7.66757
7.72094
7.99207
7.76692
8.11055
7202.08
7223.65
7184.6
3149.68
5728.61
7197.62
5273.02
6131.02
7230.63
7241.88
7238.45
2306.55
5708.23
7220.13
4962.72
5847.9
7211.1
7237.1
7240.39
2714.61
5207
7244.88
4881.23
6981.05
1147.54
950.075
808.677
226.344
528.935
886.258
444.997
791.513
5657.26
5385.73
2291.35
2063.59
4873.01
5188.01
2676.04
2758.32
7208.32
2246.84
7219.24
7203.32
5753.63
5250.48
7224.08
5604.31
5207.12
2054.37
1904.83
1457.54
3251.41
2972.37
1774.13
1940.9
6545.55
2600.99
2335.47
5900.56
5066.47
2637.03
4849.96
2591.15
7.21007
7.20849
7.21542
7.36762
7.21543
7.20932
7.23686
7.22159
7.2108
7.21964
7.22043
7.50862
7.23885
7.22317
7.30013
7.24991
7.21412
7.21258
7.21131
7.29057
7.22915
7.21429
7.24142
7.22715
8.54467
8.36683
8.10189
11.0975
9.25528
8.45132
10.0243
8.85968
7.21706
7.2275
7.58251
7.58766
7.23612
7.25039
7.31762
7.40175
7.21056
7.42954
7.21791
7.21499
7.22232
7.27282
7.21374
7.23175
7.25597
7.8494
7.80033
7.6052
7.38778
7.57312
7.44464
7.8835
7.23022
7.43877
7.50647
7.2289
7.24509
7.29603
7.241
7.32843
126.941
120.172
133.253
96.953
115.903
126.142
108.761
121.714
109.93
118.908
180.948
111.004
106.438
128.227
117.166
140.007
119.451
176.963
78.5001
79.132
100.502
97.748
83.9672
83.2322
73.9754
111.679
76.234
63.5127
71.9283
86.204
63.2722
90.1557
108.359
124.303
86.7918
104.048
112.039
109.181
106.654
98.8401
122.376
118.648
164.171
127.794
125.599
122.69
141.514
149.579
114.353
80.9471
111.211
84.0577
103.32
96.304
95.3796
92.6309
125.222
94.7702
129.291
174.977
115.033
106.858
149.504
147.75
7138.96
7164.34
7157.03
1693.27
5851.23
7149.29
5311.97
5945.3
7170.46
7167.94
7184.31
2391.01
6469.87
7174.76
6452.25
7469.94
7181.83
7189.95
7189.25
1453.59
6153.23
7178.9
5932.46
6529.97
590.111
431.387
307.548
70.3946
320.079
369.915
252.729
227.514
6033.55
5867.5
1494.38
1936.75
5589.38
5324.76
1878.71
1498.09
7169.78
2252.3
7183.38
7170.03
6304
5905.92
7173.59
6418.33
5487.6
1535.89
1776.8
1206.29
1587.23
1459.4
1298.48
1300.09
6226.01
1145.45
2023.69
7648.69
5676.86
1444.16
6446.28
2171.02
5185.21
3241.62
2018.69
1828.07
3892.39
3403.31
2014.82
1958.98
2131.29
1621.52
1314.23
1490.28
1706.86
1507.96
1499.23
1465.6
1036.41
862.218
617.03
453.669
870.688
810.469
531.518
533.646
919.419
1238.17
400.551
357.851
1084.67
1076.67
528.312
583.98
2660.24
1688.82
1877.95
1708.31
1742.51
1784.77
1810.07
1771.46
2301.67
1528.74
1304.65
1540.64
1704.77
1557.71
1571.49
1412.45
1003.43
922.535
1094.21
441.076
895.783
927.083
877.673
992.749
992.062
448.589
1081.33
926.189
891.298
826.785
916.168
907.956
3092.52
323.407
102.735
746.184
1516.72
1088.37
813.826
479.176
90.9681
29.3119
8.03858
47.8548
68.6204
23.1974
25.0484
12.4946
17.4965
7.86269
7.97464
15.8522
9.90321
8.44681
13.3858
8.62699
137.233
34.6655
22.6458
46.5688
51.1554
31.2664
39.8167
22.3933
228.747
37.6195
210.733
66.5631
97.516
101.196
136.582
136.123
100.374
38.0621
8.56336
28.8046
49.9396
24.0193
12.0369
9.70561
39.9427
125.493
23.5941
21.8701
42.563
66.3415
14.9614
23.0818
21.1424
14.1473
16.2095
8.34722
11.1368
12.1236
9.11228
9.9942
7208.51
7232.11
7179.67
3300.95
5960.19
7205.55
5468.3
6309.28
7231.14
7238.95
7231.61
2106.18
5694.79
7214.04
4731.04
5658.12
7201.87
7221.73
7216.96
2609.99
5021.96
7223.07
4592.14
6848.79
1240.22
758.194
748.597
219.268
538.264
752.157
406.385
734.7
5745.47
5484.39
2426.65
1996.93
4874.03
5232.03
2682.58
2767.5
7207.35
2145.91
7209.12
7191.74
5686.21
5124.41
7212.63
5611.9
5245.23
2117.1
1866.08
1441.83
3388.39
3003.3
1817.98
1958.03
6485.27
2471.02
2208.36
5848.95
5064.16
2522.85
4776.42
2469.11
6008.7
5965.11
5973.84
2056.34
6390.8
5977.22
6013.19
5778
5933.78
5919.57
5916.68
2027.22
5496.29
5918.57
4925.05
5296.49
5946.83
5925.29
5927.94
1716.12
4998.2
5932.31
4639.62
5165.58
405.428
533.438
518.76
104.902
338.529
464.976
344.241
407.414
6440.36
5386.98
1604.69
1600.15
5897.72
5384.17
1746.37
1767.51
5940.87
1725.73
5925.51
5951.76
5661.71
4874.6
5934.31
5082.03
4995.03
1576.48
1570.01
1600.03
1739.53
1668.25
1642.16
1612.34
5335.33
1639.79
1630.77
5251.24
4747.65
1724.32
4706.23
1638.78
97.0417
106.525
92.977
74.0047
81.7284
84.1742
81.6893
83.7287
226.743
536.46
307.409
381.629
377.623
373.329
334.031
347.032
121.706
213.582
121.708
112.336
173.575
189.235
140.918
160.814
53.1298
274.808
93.1005
133.768
126.928
132.916
109.07
114.938
152.272
98.0278
71.18
257.521
116.757
81.1905
121.861
73.6146
153.852
265.925
220.566
111.041
131.251
252.483
125.168
217.089
94.2179
59.2896
232.512
93.626
82.9605
64.8084
128.204
127.381
109.557
111.745
244.841
202.261
147.975
139.918
187.116
200.692
8.57215
36.2694
7.8725
28.0071
25.0286
12.5103
16.9758
10.6648
111.854
1568.44
134.504
500.812
586.461
858.955
490.177
471.209
8.11371
26.2841
12.8077
22.4808
11.8715
13.9818
14.9226
18.2367
32.9707
114.528
22.5176
42.2951
51.1589
32.7426
38.833
35.3852
83.269
8.66295
45.9976
113.705
55.5408
13.3658
74.5099
19.3249
39.6483
86.5798
48.4308
8.15531
27.1768
59.5535
10.2562
33.0234
9.08838
26.522
103.475
19.7201
9.88669
16.2397
15.2417
22.4014
8.90011
31.2044
77.6285
52.1704
13.191
18.6513
41.5424
52.6941
8793.85
297.908
8793.68
8772.24
7023.05
3509.5
8812.12
3876.63
23.0202
10.53
17.546
11.0166
16.1437
17.5265
15.4911
12.044
8776.34
325.48
8729.81
8725.79
7519.08
4995.34
8762.34
5458
8736.92
132.23
8712.96
8684.62
6441.66
3594.49
8730.49
4164.03
266.839
7348.4
6969.83
154.273
319.427
3076.86
195.302
3491.4
224.997
83.9454
197.114
4396.01
169.726
88.6314
364.54
275.22
8797.4
8777.44
246.05
8750.43
8760.43
3895.7
7179.47
3075.45
4480.66
5156.11
63.1726
116.791
3973.26
4552.95
331.47
210.625
8.54275
7.77019
16.5452
13.7493
9.12815
9.14377
12.0353
10.6311
7.95088
8.30833
19.1473
11.0317
8.76825
9.60887
10.18
12.017
103.574
195.094
1860.02
397.417
367.921
876.541
513.164
937.965
16.0927
15.0835
44.9752
20.7735
18.5083
17.4518
20.8846
20.9568
8.39841
19.9488
13.485
11.2943
8.99692
10.6958
9.32567
11.5918
8.61764
12.6606
55.5424
41.2981
9.3586
11.5249
11.7302
22.725
31.5733
15.4122
13.3895
45.6547
29.7434
14.2745
36.0555
16.0987
48.2114
72.3073
15.8764
75.9524
63.3643
53.8274
37.6159
38.9274
14558.5
19080.9
14531.8
1877.29
11238.6
19056.5
7250.84
11111.7
19060.9
19033.6
19028.4
5383.46
14184.7
19022.6
11781.3
13977.7
14514
19042.8
14513.3
1596.15
11288.8
19027.7
6826.26
11116.2
144.962
605.654
102.231
9.09652
109.094
395.599
22.7589
78.1965
13880.5
11136.6
1391.52
3068.2
10364
10629.9
4300.7
3089.34
19051.6
4637.78
19024.8
19036.9
14140.8
12767.4
19056.7
13586.5
7078.1
580.736
1342.45
475.39
1874.52
1355.21
1336.63
1308.97
10932.5
1088.86
2850.67
13354.4
10409.5
2888.5
9929.3
4001.44
14503.6
14533.9
2908.02
19023.3
19020.6
12814.4
13312.9
11027.4
14548.1
14537.8
2876.45
19019.1
19051.8
11511
15529.8
8966.76
1635.95
1506.81
1035.3
1396.83
1450.69
1457.96
1395.75
1431.5
19020.5
18982.8
2443.01
18974.8
19006.5
11217.3
13930.6
7918.06
19045.2
2634.1
19022.8
18999.4
15585.2
11404.9
19029.1
12630.7
12986.2
11404.3
2549.97
2582.24
11447.3
10311.4
2801.26
2759.71
2528.66
13827.3
14923.4
2350.95
2706.8
10527.6
2620.3
9888.34
2493.01
2411
8423.86
2486.16
2508.84
2560.77
2600.82
2752.97
1148.43
1494.17
1799.86
1572.36
1479.31
1517.93
1551.59
1579.03
2463.72
14456.7
14507.6
18985.5
9046.48
11515.6
15439.5
19006.5
3370.88
14509.5
14564
19022.7
11236.2
12913.6
13444
19029.3
2741.47
18981.8
19006.4
18973.9
8677.33
12128.1
13493.5
18996.6
2240.31
2580.01
2398.8
9316.79
2405.26
2460.36
2526.17
2519.58
2353.42
12416.5
13629
2733.9
2680.22
11412.8
2871.26
12593.2
2812.63
2606.28
14922.6
13419.4
3021.42
2732.15
11029.9
10878.7
2952.5
19005.7
18998.3
19019.6
11827.6
13116.8
15736.2
19011.2
2459.89
1877.33
3093.55
2193.98
2430.49
2372.43
2568.5
2440.82
1328.13
1357.97
1797.13
832.447
1178.45
1415.47
1158.61
1465.45
4056.97
2715.47
5228.65
2492.59
3508.03
3370.47
3808.99
3538.43
1329.1
703.122
1209.07
381.066
894.51
890.913
884.721
852.613
1535.07
2638.75
1992.71
1042.63
1595.46
2037.42
1299.48
1741.84
1562.51
1031.81
1990.85
2703.15
1629.9
1397.67
2111.44
1820.1
2895.33
2081.15
1065.24
1956.81
2050.11
1744.8
1834.9
1430.44
2923.13
1735.52
1037.18
2051.08
2512.9
1679.28
1872.46
1353.19
1135.92
1370.19
1758.02
762.956
1167.35
1522.15
1106.56
1540.91
1763.4
2725.67
2855.66
2016.28
1825.52
2425.67
1877.72
2618.96
2817.11
3821.7
5102.36
1938.68
2986.43
4107.07
3135.71
4474.25
536.491
1612.29
947.936
411.446
509.264
1120.78
477.922
1109.28
1332.3
1741.55
750.171
1449.82
1347.05
1455.39
1266.74
1122.09
1822.17
1802.22
2719.64
2354.67
1893.98
1829.04
2137.84
2010.41
1750.96
725.881
1464.14
1210.55
1217.49
1144.06
1190.28
1156.75
2475.79
1818.86
1908.65
2998.73
2364.98
1731.33
2086.82
1869.17
7.63624
7.29352
7.39216
8.89526
7.75005
7.34892
8.10623
7.67224
7.21368
7.21913
7.216
7.38389
7.22429
7.21437
7.25154
7.22788
7.41844
7.35002
7.58139
8.55368
7.51679
7.33607
7.68813
7.62007
9.43826
8.28527
9.21895
12.25
10.2334
8.93889
10.9142
9.88192
7.33919
7.50001
8.32171
7.62725
7.439
7.59163
7.51043
7.74877
7.23846
7.44368
7.24185
7.29542
7.3298
7.3286
7.26546
7.31691
7.6455
8.67039
7.79591
8.63465
7.89341
8.06184
8.16948
8.23277
7.50475
8.52098
7.64917
7.3743
7.56501
7.78446
7.44897
7.53306
15113
15147.6
7709.92
15621.9
15474.5
11168.2
11818.4
9770.78
14837.7
14780.2
4634.37
14888
14821.9
8741.12
10448.2
7583.21
6699.35
5200.21
5485.22
7106.09
6420.26
6099.98
6787.56
6171.13
15791.8
15344.3
8785.12
15916.9
15848.6
11085.2
12333.3
10149
15031.1
7286.24
15627.7
15150.8
10933.2
9362.93
15172.7
10748.7
9478.2
9805.89
5173.33
6707.59
8338.26
8189.45
6122.19
5836.5
7593.05
11916.1
11295.8
8108.12
7951.55
9634.79
7622.67
9559.02
6855.71
7315.62
8591.93
5176.56
6584.09
7022.66
6013.1
6385.57
292.618
283.545
323.685
161.161
215.289
240.975
173.276
236.724
400.278
688.357
872.259
479.141
463.303
588.449
462.382
633.899
611.743
1042.95
983.053
766.037
718.682
870.145
740.325
963.755
132.351
255.843
333.736
100.933
154.722
211.988
150.608
222.763
266.429
353.697
154.816
278.374
254.789
229.694
258.914
211.422
325.267
391.743
768.916
426.841
345.67
403.623
520.361
610.52
357.75
147.535
265.211
367.9
356.757
223.728
370.321
240.156
461.99
613.803
417.307
851.989
543.362
547.956
623.037
657.057
12850.3
20192.8
2870.21
2917.92
11000.6
18370.1
3687.18
5405.05
19118.2
15346
7308.3
4281.02
10485
12786.5
5445.98
6525.61
1815.62
2930.05
764.915
1841.96
2476.77
2237.54
1643.53
1368.16
1489.45
2309.43
1575.98
656.473
1524.31
2149.13
1048.97
1622.46
14189.2
3678.78
3096.77
3588.22
5246.02
4281.31
4415.41
3998.22
17692.7
4395.62
6529.32
4326.06
7282.43
5929.94
6451.94
5442.69
2666.59
1936.3
2651.5
2166.2
2271.65
2565.16
2654.71
2642.35
2832.96
2409.07
2917.33
3151.38
2685
2736.39
3072.74
2998.97
15887.7
15559.1
7573.99
4059.83
8753.39
12300.1
5924.74
6352.52
16843.1
13546
2952.21
3064.65
10242.6
11572.1
3985.84
3461.71
2668.61
1981.21
685.073
1286.69
1978.92
1889.17
1394.57
1160.69
1641.74
1246.61
862.03
490.349
1453.73
1486.42
700.738
629.14
10857.1
4753.89
3344.74
3216.3
4692.72
4681.8
3884.77
3659.34
14888.9
3153.17
2622.09
4966.31
4829.57
3374.48
5324.81
2656.57
2631.68
2161.02
1728.14
1214.1
2286.11
2142.95
1939.37
1842.46
2614.91
1069.64
1434.18
1831.27
2029.27
1866.58
2015.02
1589.01
1907.99
2759.09
2683.39
1629.61
2022.33
2581.08
1876.41
2272.8
4359.15
8178.88
8173.19
3576.09
4977.59
7534.58
4429.79
7317.84
4514.21
8986.45
7914.52
3063.34
5588.87
7673.65
4391.94
6281.85
1388.03
2068.33
1667.72
783.046
1456.94
1852.56
1158.67
1559.45
2957.38
3013.95
1715.72
2355.71
2673.51
2330.9
2211.11
2074.27
3965.25
3191.65
7539.59
4061.18
3611.17
3766.34
4515.71
4714.46
2576.65
1606.35
2318.49
2125.09
2186.6
1974.53
2367.8
2010.46
3519.94
2811.27
3173.18
7132.91
3730.03
3048.2
4507.61
3526.64
1675.84
2744.35
2539.03
1424.29
1715.6
2192.99
1618.05
2288.32
4453.02
7475.09
7674.62
3299
5102.77
7035.91
4806.81
7208.53
4253.48
7844.72
8259.98
3618.63
4812.49
7596.12
4205.77
7854.11
1285.6
1766.42
1630.15
728.124
1283.73
1547.84
1218.34
1598.22
3007.17
2780.19
1426.91
2282.96
2839.08
2288.99
2046.71
1676.66
3996.1
3093.69
7205.59
3876.14
4197.24
4399.21
4356.8
5023.05
2541.81
1419.77
2108.79
1908.52
1883.48
1701.78
1935.71
1672.72
4063.25
3271.78
3249.8
7424.05
4136.35
3110.09
4584.21
3430.2
8297.97
8334.84
8285.73
398.749
4862.04
8299.75
4874.39
7258.81
8373.95
8387.27
8352.78
436.844
3840.16
8368.91
3663.47
7147.87
8273.64
8300.75
8253.72
84.3927
3626.43
8271.27
2332.98
6251.45
17.2048
16.8778
9.1985
9.79817
14.8608
13.6689
10.2742
10.0667
3860.18
4245.02
123.313
138.494
3330.29
3785.47
388.449
270.054
8331.76
395.898
8319.1
8294.25
7264.87
3789.68
8329.33
3813.78
4085.93
85.104
78.5732
28.1712
191.043
143.619
43.2581
49.71
6853.4
59.434
169.281
6608.15
3419.62
168.939
3325.46
223.472
12705.5
19493.5
2620.85
2020.68
11527.8
17277.9
2534.81
6163.35
18942.9
15189.4
7573.31
4459.24
11149.7
12925.8
5236.93
6662.05
1258.97
2472.52
318.272
1725.96
1978.6
1839.04
1406.19
983.894
1124.9
1960.67
1534.14
704.434
1203.4
1830.08
907.642
1551.75
14866.4
3382.25
2533.83
4303.01
5712.64
4688.1
4862.26
4424.49
17488.3
4552.29
6609.5
4033.61
6484.31
5507.79
5638.69
5136.71
1346.94
1421.48
2101.08
1859.45
1080.16
2234.1
1776.51
2054.96
2340.63
2316.42
2645.33
2731.42
2242.73
2288.91
2484.43
2603.37
13198.4
3249.45
15122.3
4731.22
7829.83
8661.82
7413.26
8058.41
1289.31
527.68
2638.23
1666.99
1267.44
1109.46
1434.3
1307.52
14282.2
7121.76
15613.1
4204.81
8238.92
11395.8
8123.11
9283.26
1941.78
1364.63
2271.41
815.835
1243.08
1874.24
1247.55
1832.94
2311.49
10419.4
3065.69
1652.2
2242.63
4830.4
1977.4
3488.36
1977.13
1713.54
4009.03
11892.7
2030.26
1689.65
5570.96
3925.11
9575.52
2977.63
1686.42
3368.85
6080.04
3409.48
3500.99
2524.08
10271.6
3386.19
1793.04
3933.76
4748.48
3494.74
3831.81
2930.27
8403.56
7874.18
4495.3
3829.53
7886.85
7402.78
4531.58
4824.06
8249.48
8437.31
4301.21
2955.34
6580.78
6538.62
4490.79
4749.43
2783.69
2640.34
1969.67
1710.15
2523.66
2450.44
1971.51
2029.07
1951.88
1544.61
1413.69
909.871
1545.06
1530.96
1344.44
1371.42
7313.32
4047.84
3780.21
3047.78
5158.76
4096.64
3789.94
3533.86
7005.12
2891.85
3943.21
3843.33
5407.48
4197.19
4844.7
4190.6
2938.57
2557.56
2307.71
1726.24
2482.82
2704.2
2212.92
2168.35
3036.62
1780.37
2393.83
2782.71
2503.48
2134.47
2751.38
2259.75
7653.89
7535.94
4831.54
3618.3
6968.89
7302.85
5117.44
5314.98
7516.18
8177.06
4164.38
3527.59
7082.93
7824.54
4855.21
4802.64
3045
3036.87
2159.07
1723.6
2755.81
2774.99
2126.33
2316.57
1902.85
2045.28
1530.84
941.57
1420.3
1832.33
1168.41
1571.26
7025.66
4545.83
3204.83
3043.95
5136.2
4796.18
3746.69
3544.81
7274.26
3310.56
3988.25
4206.15
4999.71
4318.64
4456.85
4056.19
3534.6
2628.15
2273.57
1640.8
2508.7
2758.19
1967.86
2050.35
3287.34
1812.99
2444.89
3145.13
2889.07
2125.42
3271.96
2307.01
83.8596
94.8101
78.1216
43.1897
55.9783
60.4541
51.3897
62.7647
211.979
498.326
288.139
304.427
304.549
312.739
273.534
304.444
145.673
226.317
235.669
120.778
173.599
195.234
150.17
205.384
40.8741
148.102
78.5706
53.1908
63.1908
78.2114
51.4973
86.0845
121.153
90.9186
49.5585
163.745
100.348
62.3887
112.777
55.861
129.014
185.468
210.095
108.195
128.024
190.591
144.481
190.935
80.9771
42.3959
138.305
82.6093
68.5593
57.1114
98.0692
80.7578
110.234
106.983
173.35
203.889
127.689
113.235
168.192
173.912
81.4274
187.367
124.19
106.453
98.003
119.048
92.7129
124.499
401.245
685.316
687.544
535.46
490.087
586.776
498.435
641.914
236.767
628.184
472.575
341.36
308.479
384.864
310.248
431.206
97.9344
371.261
252.22
160.953
139.354
214.662
141.279
247.547
222.598
154.073
110.572
315.221
210.029
147.929
233.269
142.846
269.628
398.987
519.632
194.502
291.073
399.628
292.983
416.78
147.041
92.3044
328.647
218.187
160.289
154.829
219.863
219.761
213.583
329.537
458.419
600.076
290.876
287.928
426.475
487.449
15094.5
15078.1
19974.8
1770.58
9286.74
19948.8
8967.67
16725.7
15035.2
15034
19929.9
1178.72
9249.35
19909.7
8929.53
16533.8
19977.6
19961.6
19954.6
5563.45
15905.9
19969.7
14760.8
17205.9
125.892
132.259
811.817
11.1339
79.3367
425.442
92.4457
339.286
9718.18
14937.5
838.141
935.557
9464.24
12791.9
1832.34
3586.27
19924
3115.12
19959.3
19977.5
16792.6
12475.9
19962.1
14880.3
14059.1
859.927
999.326
2967.74
4545.68
2790.58
3040.35
1979.64
17367.3
4398.66
2427.24
17265
14695.4
5166.1
13890.7
3939.85
8.99669
7.71029
7.56297
11.9984
9.01038
7.76521
9.84445
8.86666
7.62906
7.66302
7.37218
8.98594
8.57806
7.78332
8.6744
8.10096
7.34636
7.29077
7.29143
7.77631
7.49073
7.32698
7.54902
7.42491
15.1027
9.92303
9.12193
17.5352
12.8583
10.8975
14.5012
11.4411
8.32103
7.83859
11.3423
9.55888
8.81638
8.77374
9.37651
9.90947
7.65481
8.93852
7.38028
7.42449
8.26411
8.43982
7.40241
7.65499
7.95819
11.6783
9.36489
8.53088
8.7878
10.0001
8.42836
9.62639
7.65815
8.072
8.76052
7.53137
7.68764
7.98958
7.708
7.8472
883.971
809.66
1275.59
505.555
731.251
948.053
726.405
972.216
880.16
1016.56
1464.1
850.22
886.856
1101.4
898.606
1173.11
2158.22
2322.87
4611.72
1618.85
1953.57
2448.07
2039.24
2736.51
294.075
541.522
609.479
201.953
274.622
480.305
265.093
506.924
699.114
1156.95
428.897
576.525
702.234
815.681
603.475
634.288
910.632
855.75
1443.63
1416.49
969.187
951.46
1287.49
1238.99
1163.53
421.775
574.957
813.727
868.063
671.599
805.191
605.038
1525.38
1282.19
930.507
1563.49
1373.47
1173.48
1277.64
1244.38
979.516
1842.76
1669.54
1651.81
1300.53
1382.63
1433.33
1485.47
3271.36
14527.7
14577.9
19045.7
9485.9
12132.4
15605
19065
3479.82
14568
14564.9
19025.9
11040.1
12651.7
13412.9
19021.7
3357.56
19043.5
19028.9
19012.1
8358.63
11888.8
13383.9
19032.2
2783.21
2481.24
2438.69
9138.49
2918.98
2506.09
3266.68
2604.66
2855.18
12303.5
13322.2
2639.89
3106.88
10982
3039.53
11861.1
2696.38
2832.64
15351.2
13547.4
3110.53
2930.81
10601.4
10531.7
2842.8
19031.6
19051
19067.4
11821.5
13057.6
15994
19056.9
7.23717
7.21351
7.21655
7.43006
7.23952
7.21382
7.26049
7.22995
7.2283
7.29719
7.30459
7.57534
7.38596
7.28793
7.41638
7.35394
7.2747
7.41857
7.59814
8.39508
7.66282
7.45525
8.03444
7.869
8.45094
8.09464
8.84182
11.0217
8.58333
8.34294
9.35948
9.11597
7.22799
7.2447
7.65764
7.66147
7.25925
7.2651
7.37114
7.43908
7.2193
7.50288
7.29249
7.21988
7.2491
7.36743
7.22021
7.33774
7.31179
7.9208
7.76249
8.50906
7.50645
7.7253
8.03837
8.05164
7.29912
8.40518
7.67123
7.47793
7.57098
7.75979
7.46959
7.56091
118.703
122.812
121.324
90.5781
105.723
119.63
99.4181
108.454
117.786
125.355
142.495
100.542
112.931
132.192
110.952
129.336
138.642
138.932
131.636
108.02
131.687
140.099
120.84
130.547
69.597
71.3406
86.0739
41.9297
59.7176
69.3761
53.3204
61.7668
113.631
120.194
84.3895
90.0138
110.415
104.942
101.265
94.566
123.561
95.8306
130.014
125.881
115.697
103.136
130.073
121.963
115.001
77.6036
82.7228
95.3037
107.949
87.1583
102.922
83.6118
123.547
98.9168
87.475
123.767
117.429
106.909
115.221
104.272
9090.29
9122.17
9102.87
110.576
6981.33
9101.83
3689.53
5888.86
9138.25
9167.54
9152.07
462.923
7499.9
9134.63
6384.42
7320.65
9117.82
9154.86
9142.04
654.3
7251.18
9130.09
5117.23
6684.01
9.1362
26.3395
49.4768
10.0909
9.94914
21.7896
12.9022
24.0571
7319.68
6808.45
62.3596
323.824
5710.23
4991.47
417.994
245.663
9121.49
547.157
9134.98
9115.78
6865.92
6253.4
9130.36
7410.77
4693.09
33.8765
243.7
197.155
202.985
104.076
277.762
119.089
6345.78
658.721
411.518
7407.46
5875.55
805.366
6508.1
680.962
8.29173
7.73576
9.69618
10.7224
9.04586
8.29926
9.408
8.77259
7.44159
7.28776
7.69796
7.9622
7.50727
7.40079
7.65412
7.57347
11.2391
9.03282
15.8151
17.8924
11.1692
9.98529
13.7595
11.9471
18.628
10.9504
20.3412
22.6893
17.8017
12.1915
22.5342
14.1062
7.89052
9.61879
10.6859
9.17313
8.3017
9.03604
8.65118
9.22053
7.68793
8.5173
8.00695
8.90961
7.89789
7.95326
8.31151
8.28945
10.5393
13.0354
10.0447
15.7307
14.2133
10.4152
14.0524
11.3647
9.43599
13.5341
9.22177
8.39638
9.96641
10.2969
8.75215
9.57112
14543.9
14566.5
14545.7
3090.93
11273.9
14559.4
8441.19
10261.3
14556.5
11771.5
11799.7
2913.92
10817.7
14550
9718.84
10623.7
14548.8
11804.7
11772.2
2848.19
12513.1
14572.3
8110.26
9806.74
1815.93
1860.67
1637.75
1284.14
1776.13
1866.24
1650.14
1719.88
11106
12305.3
2915.88
2974.94
9808.24
9731.64
3256.14
3142.96
14561
3092.2
14579.5
14553.3
10905.7
10171.3
14573.2
12628.2
8540.22
2758.61
2854
2732.83
3009.59
2877.63
2892.18
2849.62
10255.3
2788.46
2914.95
10957.5
9543.85
3042.56
10143.8
3037.3
175.15
164.531
157.601
130.752
174.99
174.536
157.757
151.613
153.915
184.2
204.505
137.922
159.973
181.485
154.621
179.479
268.962
309.331
547.377
362.251
303.766
364.322
377.59
439.509
79.5361
102.76
169.912
42.4436
72.6767
95.8598
59.3923
102.973
146.217
144.993
108.953
142.497
134.794
117.051
131.841
113.16
148.895
154.725
212.519
167.647
149.382
160
169.899
185.699
147.916
99.8286
111.001
177.91
136.647
110.079
143.395
99.8659
182.789
248.393
137.721
233.733
203.703
195.344
191.054
184.787
8516.12
8467.44
587.375
8464.8
8470.75
7318.52
4391.05
3705.87
8417.05
8368.19
63.7699
8386.35
8383.25
6823.24
3151.03
2922.11
22.4113
7.96468
10.4886
14.5383
15.3408
9.67546
14.4654
10.7944
8441.25
8399.76
386.237
8412.34
8408.91
7226.18
5288.07
5029.63
8431.12
423.348
8427.5
8400.99
3656.28
4025.11
8434.38
6870.74
6985.02
7105.42
44.1211
217.253
2624.59
2951.49
211.369
151.723
75.0887
4856.37
4198.36
70.4994
438.774
3716.34
226.704
3953.86
35.9949
42.5257
4177.88
6.62734
18.5042
118.283
6.62594
137.763
13982.1
3217.02
14932.3
4650.82
8311.1
8374.45
7608.4
7739.35
1492.92
704.718
2854.57
1308.19
1544.89
1443.17
1609.66
1543.47
14073.1
7188.18
15774.3
5035.51
8684.74
11636.6
8480.42
9390.87
1623.35
855.635
1942.57
575.917
998.604
1492.01
1003.79
1396.75
2325.93
10333
2928.14
1415.6
2258.07
4700.58
1872.39
3414.42
2196.01
1621.54
4274.98
11854
2216.62
1863.83
5879.18
4031.43
9309.2
2869.98
1437.32
3269.82
5834.04
3342.45
3442.48
2413.15
10193.7
3530.9
1665.52
4131.87
5506.13
3616.84
3899.72
2737.19
12927.6
6756.81
16760.6
4328.97
10181.4
11604.6
8916.5
10157
2986.87
797.516
1474.27
1885.4
1763.83
1696.54
1827.29
1692.58
18280.2
2697.62
13950.5
4716.39
11091
13002.3
8103.82
8898.3
2233.42
1323.58
2005.14
537.321
1825.68
1931.94
1235.74
1209.63
5074.91
11553.8
4082.28
2229.83
4328.98
7446.53
3322.73
4419.07
5185.64
2168.21
3301.52
14219.9
4408.56
2446.88
6105.44
3214.37
9694.5
3752.27
2137.98
3285.24
6164.54
3989.42
4311.65
2929.41
11278.5
3321.46
2096.41
2722.75
6718.42
4579.52
2744.72
2515.99
741.026
507.955
742.771
578.495
634.216
628.498
697.031
610.549
262.517
217.291
268.904
208.033
195.288
219.692
228.823
241.322
443.737
305.027
365.844
223.595
283.97
294.629
291.83
272.233
308.164
158.224
121.055
85.6239
163.049
146.189
117.473
103.343
315.42
438.416
394.082
217.592
358.314
408.726
324.466
400.134
329.931
242.406
272.954
407.168
349.355
245.253
367.054
261.716
436.365
374.056
196.284
179.289
366.424
341.075
190.981
164.59
363.726
167.98
222.729
256.162
210.542
190.75
233.428
211.573
14285.1
14304.3
2608.56
14293.5
14317.5
9227.7
8732.15
8570.91
14318.2
11611.4
2795.09
11606.2
14350.1
9590.29
10211.2
9183.72
1325.94
1398.13
694.785
1155.32
1316.85
1136.28
1197.24
1121.91
14288.4
11594.2
2197.87
11602.3
14315.3
10255
8488.98
8348.23
14337.5
2658.41
14322.7
14339.9
10167.6
7991.53
14312.1
10438.5
9627.25
10619.3
2421.97
2270.59
9157.05
8367.39
2647.79
2668.09
2358.98
8877.72
10208.9
2066.98
2303.08
8769.61
2318.95
7920.48
2206.98
2012.35
9278.29
2262.9
2107.78
2155.87
2298.75
2317.85
7.21643
7.22352
7.21561
7.3584
7.25482
7.2225
7.27317
7.23756
7.21718
7.22952
7.22589
7.3873
7.26297
7.2414
7.31778
7.31623
7.21473
7.21521
7.21706
7.32525
7.24212
7.22076
7.27463
7.2489
8.72067
8.18891
7.99862
12.0302
9.52399
8.47277
10.0419
9.04292
7.25642
7.22668
7.50475
7.51366
7.29583
7.28396
7.41594
7.41876
7.22789
7.4261
7.22312
7.21205
7.25411
7.29612
7.21702
7.24761
7.24477
7.80742
7.78155
7.52638
7.31208
7.52068
7.37436
7.82586
7.22532
7.4569
7.57657
7.24548
7.2539
7.30478
7.26327
7.33798
11695.2
11651.5
14414.2
1681.52
8227.24
14399.3
7939.54
12180.8
11644
11621.3
14375.6
1547.49
8023.6
14362.5
7827.48
12221.9
14409.4
14396.3
14388.8
4608.97
11798.2
14395.5
11100.5
12675.7
178.644
159.928
718.584
14.144
100.82
447.62
124.047
379.678
8284.31
11181.3
864.053
845.202
8003
9779.98
1594.17
2656.19
14384.6
2771.41
14394.8
14410.7
12273.5
9766.31
14402.9
11231.8
10617.7
899.733
878.988
2177.09
3314.53
2114.1
2216.52
1542.09
12723.3
3641.64
2217.2
12745.1
11040.6
4258.96
10639.7
3605.71
7.22713
7.25809
7.22238
7.36845
7.24386
7.2382
7.25625
7.25033
7.31446
7.43404
7.2501
7.93335
7.41931
7.38084
7.51368
7.52995
7.29865
7.25931
7.23936
8.09656
7.41723
7.2842
7.51193
7.42788
8.86407
8.85384
10.5186
15.3469
11.0495
9.52715
12.7441
11.3927
7.33799
7.27872
7.82573
8.049
7.37495
7.36169
7.52857
7.60544
7.29795
7.83581
7.23206
7.2512
7.35474
7.56886
7.22772
7.28094
7.36464
8.12243
8.26637
8.81231
7.67522
8.04172
8.40628
8.67026
7.37369
8.47812
8.04616
7.30362
7.63034
7.97881
7.39333
7.69333
12511.6
12515.5
15676.3
2897.12
10683.3
15696.2
8558.3
13059.2
12520.5
12489.9
15703.1
2505.06
11020.1
15700.9
9744.61
11478.1
15669.9
15708.6
15656.4
2550.08
10289.4
15690.4
7392.49
11720.3
1528.38
1327.54
1291.04
805.779
1195.41
1273.66
1105.75
1229.77
11524.2
10366.1
2373.82
2291.49
10406.9
9543.66
2503.02
2510.75
15715.1
2468.79
15709.4
15682.9
13315.7
10342.1
15705.6
11241.5
7975.69
2288.26
2175.47
2100.54
2652.54
2393.99
2227.6
2129.78
12894.5
2347.75
2373.42
11989.7
9423.54
2482.1
9776.99
2550.13
23.1034
231.665
179.615
733.193
146.132
122.773
386.104
455.984
1875.14
12515.6
12502.8
15731.6
8534.2
8892.46
13275.6
15718.3
1696.25
12504.5
12490
15718.5
8313.14
8581.6
13299.7
15705.1
4813.99
15731.9
15732.7
15713.9
11802.8
12651.2
13609.9
15723.3
1012.27
955.846
2339.42
11312.4
2311.37
1642.84
3587.9
2386.75
1000.25
11966
8785.5
960.024
2877.77
10407.3
1779.31
8458.96
2390.16
3833.96
13719.6
13790.5
3776.51
4488.24
11358.9
11800.1
2984.45
15733.9
15737.4
15718.7
10401.7
12062.6
13393.4
15737.9
15845.9
15841.2
1556.21
21328.7
21308.2
9038.63
17520.5
8666.46
15854.2
15877.7
1913.9
21346
21322.8
9585.39
17831.1
9222.38
151.976
282.485
18.7038
943.48
556.585
165.416
446.363
207.911
21321.4
21323.3
6109.84
21291.2
21298.3
16643.8
18106.5
15379.2
21308.3
3029.9
21334.6
21336.4
17363.2
12383.6
21332.4
15276.6
9522.56
15599.1
975.144
879.801
9148.07
13018.7
1940.96
3639.59
2377.03
18153.4
18192.2
4666.35
4140.19
14271.4
5495.07
15267.1
894.682
2995.21
14641.9
995.164
1964.65
3038.48
2851.01
4647.28
15808.2
21257.9
15800.1
3700.9
13267.3
21313.3
12716.3
14515.1
21238.5
21191.7
21206.4
3083.22
12828.3
21247.2
11565.6
11921.4
15767.1
21195.9
15725.7
2650.91
14181.4
21236.5
10838.9
11405.7
2153.56
1730.55
1362.82
962.836
1638.5
1742.82
1486.04
1438.29
13379.4
15071.2
3315.5
2750.58
12880
11631.7
3512.41
3551.09
21296.3
3104.21
21254.3
21284.6
14444.3
10731.4
21238
14566.1
12591.1
3004.85
2590.34
2400.6
2877.93
2884.28
2590.4
2497.93
14217
2563.7
2626.51
11991.9
10536.5
2849.94
11970.2
2796.03
15385.1
384.52
15369.6
15363.3
12119
7763.5
15377.7
8946.53
13.1044
8.0335
8.50209
8.301
9.08376
8.35214
9.75947
7.88914
15339
96.9011
15290
15292.7
10879.2
3165.02
15323.8
3852.35
15333.2
96.9593
15293.8
15293.5
10606.8
3566.01
15320.4
4445.87
248.742
11696.8
11713.3
97.8907
371.935
7097.06
246.97
6433.19
119.726
40.9975
39.6357
6309.5
130.008
57.5679
236.436
97.3872
15358.3
15352.6
193.415
15323.4
15336.9
7625.79
10861.8
5198.55
7560.21
4251.16
45.7977
44.929
5030.62
3496.49
187.636
98.9018
528.244
1033.6
1027.18
722.706
654.436
989.131
643.378
1048.02
1291.47
1492.36
1723.89
1537.41
1453.21
1532.24
1501.55
1601.52
808.339
1273.4
380.183
651.134
804.033
903.199
752.74
863.488
788.813
1276.5
849.207
425.488
796.486
1153.81
721.467
1162.05
1145.18
1078.34
835.121
1242.57
1172.24
1100.8
1157.52
1114.66
1312.47
1478.34
1620.13
1090.39
1352.05
1459.58
1373.49
1493.34
1068.35
812.678
1248.45
966.868
1040.46
1114.44
1022.7
1147.88
1077.47
1235.04
1588
1662.79
1148.31
1235.5
1520.01
1568.75
25922.6
30131.6
42736.1
5999.46
23879.2
43417.7
18016.5
37112.2
35660
28316.7
46674
12395.5
41102.7
45746.2
41721.3
36607.4
43410.3
45570.2
42723.1
14133
46103.8
45451
26163.6
43585.3
4584.12
5804.11
6524.03
4525.24
5338.99
6126.57
4819.7
5602.46
33472.5
26667.9
6113.46
10560.8
31584.4
24626.1
11416.2
8810.28
54551.7
13628.3
48517.4
45544.3
52781.4
56551.7
52563.8
70186.7
17195.9
5058.09
9232.55
8922.27
7523.56
7523
10137.4
9282.7
41613.7
11741.9
10952.5
50274.8
49435.4
14181.7
77345.5
18181.3
9.30559
7.48722
7.55721
9.64558
8.88166
7.58106
8.73329
7.87557
7.43983
7.61792
7.35961
8.73729
7.80282
7.46715
8.13696
7.89382
7.36605
7.35028
7.35185
8.15285
7.35736
7.25986
7.61217
7.37063
12.2937
10.6855
9.94258
15.3566
12.2161
10.5277
13.8416
11.2283
7.84134
7.58451
9.93408
9.52611
8.01456
8.13816
8.66136
8.6311
7.42444
8.69547
7.26986
7.32629
7.60594
7.88137
7.27517
7.43074
7.72144
10.6322
9.8901
9.2474
8.28085
9.11571
8.87776
9.6539
7.39767
8.80399
9.18462
7.54035
7.60465
8.20551
7.68269
8.02508
7023.21
4305.2
7517.03
3025.14
4265.13
5794.26
4381.82
6181.68
2574.69
2046.49
3217.81
1580.32
1946.66
2264.71
1958.12
2412.64
7477.58
5092.81
8508.27
3541.24
5002.28
5860.29
5261.95
6264.03
1689.72
1329.65
1944.6
695.389
1143.71
1416.25
1117.82
1489.15
2827.14
4761.73
2439.83
1614.46
2938.88
3640.28
2222.77
2635.23
2959.07
1739.21
3568.3
5487.69
3100.04
2292.1
4545.85
3095.2
4861.16
2530.98
1638.1
2630.93
3486.39
2661.02
2542.25
1908.66
5532.08
2710.36
1804.13
3746.45
3593.11
2597.56
3135.58
2334
7706.39
7479.17
4935.55
3490.51
7151.85
7242.61
5208.98
5386.59
7803.84
8121.29
4622.15
4280.18
7565.67
7902.05
5367.63
5098.28
3313.16
3256.23
2115.33
1522.82
2879.87
3008.63
2060.57
2273.96
1831.59
1752.07
1210.71
738.23
1356.11
1506.08
1065.56
1240.19
7115.29
4704.07
3117.11
3260.69
5269.63
4989.15
3885.23
3674.25
7562.21
3987.72
4774.57
4728.8
5401.91
4805.26
4931.99
4536.2
3842.81
2409.54
2227.74
1393.47
2516.45
2801.45
1868.13
1862.4
3714.05
1608.58
2628.14
3430.14
3030.69
2121.75
3600.99
2478.63
8.6355
7.62433
7.44158
10.5507
8.7907
7.84004
9.28439
8.50427
7.4849
7.5553
7.31019
8.5532
8.06085
7.57898
8.07728
7.69694
7.27624
7.25602
7.22394
7.56122
7.29954
7.24286
7.36123
7.25455
11.178
9.76717
9.14684
14.1126
11.5522
10.4831
12.5647
11.1595
7.97173
7.55524
9.4147
9.591
8.27288
8.3061
8.92936
8.79914
7.53455
8.65166
7.31241
7.33284
7.93075
8.06307
7.3329
7.4932
7.57528
9.67588
9.26575
8.56312
8.04973
9.01943
8.20936
9.35685
7.46139
8.03877
8.52986
7.39918
7.50517
7.79751
7.51735
7.64358
13322.4
6821.13
16772.2
4487.24
10281.4
11633.3
8869.8
10000.6
2700.87
471.878
1573.91
1569.77
1577.36
1451.41
1564.49
1393.54
18535.2
2951.11
14080.4
5086.13
11338.4
13025.5
8433.96
9247.76
2390.5
1233.13
1742.18
573.827
1832.11
1972.14
1030.11
1004.2
4874.55
11563.4
4028.28
2063.82
4143.63
7635.02
3001.12
4301.86
5122.42
2037.05
3329.46
14046.2
4206.63
2400.27
5848.88
3220.1
9873.11
3953.15
1722.89
2930.74
5968.8
4162.97
4342.38
2982.38
11417.6
3023.48
1635.84
2688.3
7007.23
4720.42
2716.11
2250.89
12811.3
3146.26
14779.5
4647.63
7726.54
8360.66
7178.47
7741.08
1267.51
448.565
2505.32
1264.39
1167.21
954.104
1283.68
1273.17
14211.5
6773.5
15427.7
4322.04
8160.16
11207.9
8099.58
9010.53
1886.94
1105.65
2028.3
649.136
1184.3
1645.51
1200.35
1595.6
2326.23
9984.27
3019.83
1472.09
2285.18
4641.04
1833.91
3271.57
2042.17
1529.25
3808.56
11565.3
2072.43
1664.99
5521.14
3753.36
9200.29
2913.86
1520.02
3211.45
5789
3198.86
3366.74
2336.7
9973.33
3222.48
1612.78
3671.1
4790.52
3319.82
3633.61
2632
7734.11
4505.85
7604.54
3269.09
5060.13
5906.05
5172.66
6140.42
2868.92
2484.31
3778.76
1675.33
2189.71
2650.83
2195.75
2850.58
7623.51
5714.34
8248.02
3636.53
5260.9
5984.98
5494.42
6298.46
1709.22
1444.12
2074.35
672.338
1121.48
1518.95
1102.51
1603.26
2926.12
4810.28
2575.54
1660.87
3009.27
3697.24
2198.81
2635.55
3423.88
1800.67
4139.86
5611.86
3539.61
2575.94
4867.31
3324.07
4902.91
2728.76
1702.47
2860.11
3455.93
2678.61
2707.7
1977.72
5746.33
2804.18
1881.53
4331.53
3922.16
2685.97
3399.58
2415.13
8526.75
6677.65
7074.23
3730.11
6844.48
6585.17
6053.84
5976.2
4564.41
2940.94
3865.09
1898.34
3443.02
3177.89
3042.6
3000.04
7055.25
5097.31
7169.2
3251.64
6221.12
6289.41
5601.14
5732.63
1850.23
1409.66
1656.82
707.439
1547.37
1462.06
1104.34
1115.13
5458.24
6465.05
3049.85
2161.36
4164.51
5028.93
2726.48
2933.79
5179.96
2048.32
4488.74
6655.4
4149.67
3734.65
5623.99
4711.33
6197.29
2596.75
1801.08
2589.16
3637.47
2552.43
3105.26
2067.88
6129.55
2532.24
1775.58
4146.79
5330.8
3078.59
4263.84
2774.25
363.837
548.439
262.335
473.439
449.634
449.882
410.126
436.045
503.784
629.776
262.16
445.108
464.863
464.396
425.186
451.884
206.698
164.044
110.081
123.515
173.513
154.207
144.31
122.484
578.448
359.915
141.782
311.459
499.436
371.619
355.635
274.332
551.426
302.128
549.091
394.109
497.235
483.034
499.194
489.952
476.511
362.826
216.433
272.61
432.848
370.147
279.477
233.055
283.944
484.85
364.165
198.147
287.7
442.55
237.232
376.556
252.826
161.672
340.772
203.355
213.14
203.495
205.509
195.093
109.159
149.312
119.414
96.9175
126.782
139.445
116.464
126.177
132.479
108.595
114.365
89.5772
107.803
110.65
95.0033
103.751
109.862
109.844
81.0588
68.1426
82.0329
88.7199
77.2827
80.5972
52.9943
59.1145
41.7842
34.0837
43.2903
47.9662
35.5474
44.6019
132.112
95.1713
73.5465
75.8338
115.486
95.2099
105.617
80.0067
137.365
85.4143
97.5504
102.32
119.995
92.336
118.601
94.7299
85.3499
60.91
65.4445
48.4735
76.1872
68.6631
53.0022
57.3017
91.1681
55.2549
81.2015
86.9411
69.1646
56.642
80.2161
74.5952
266.182
166.032
159.659
150.067
207.265
182.353
164.075
154.109
122.468
113.639
132.937
82.1981
107.29
110.338
93.6902
100.104
129.825
141.763
107.147
99.0148
113.677
114.77
103.871
110.258
88.5729
70.3234
82.4574
37.4329
68.4755
84.3946
50.7197
72.5317
138.383
145.327
116.946
86.7819
121.44
131.703
107.575
128.049
133.791
96.8877
161.619
150.498
120.213
105.459
141.617
142.598
132.815
106.524
82.8255
91.0214
120.999
114.106
103.963
95.8956
138.314
99.2905
94.4775
157.369
122.08
111.502
141.432
137.233
410.693
330.904
365.177
212.806
352.773
372.165
301.715
317.41
466.801
734.746
508.005
558.518
604.314
598.151
518.325
527.174
391.864
473.386
439.29
332.663
435.083
474.551
405.607
463.1
84.7508
334.346
180.434
120.892
187.714
194.949
111.644
120.415
360.373
330.663
209.495
431.565
322.63
294.402
312.49
223.902
368.334
428.977
435.229
359.793
341.508
440.728
361.988
431.641
302.236
154.747
295.668
255.686
257.031
184.661
273.237
226.808
331.804
269.956
305.729
390.227
367.97
318.791
365.41
351.043
14658.7
14727.3
14633.9
5839.03
9761.37
14698.4
8297.41
9778.09
14826.7
14867.2
14679.9
7573.61
11164.6
14817.4
9326.34
9977.55
14597.8
14611.2
14626.1
4225.7
7871.44
14602.9
7251.06
9101.73
5515.56
5905.79
4222.83
4364.53
5665.04
5686.69
5132.57
5014.67
10599.5
8419.86
5869.36
6686.42
8899.71
7541.29
6714.02
6292.11
14788.1
7053.65
14648.5
14647.3
10075.1
8040.29
14675.6
8557.43
7269.76
5333.35
6013.97
4255.65
4931.83
5473.33
4715.44
5469.36
9271.5
4393.41
6073.1
9270.63
6241.6
5078.36
7421.16
5491.1
9139
5270.85
9101.18
9160.44
6758.89
6045.74
9136.1
7166.17
3896.67
2249.69
3395.52
2631.4
3044.87
2951.29
3161.22
3042.06
9096.09
4737.57
9117.99
9173.22
7030.28
6346.16
9155.64
7207.97
9195.54
4291.79
9233.99
9248.8
9105.92
8222.55
9265.34
8025.38
4680.33
6693.16
7956.52
3845.44
5369.81
6700.75
5568.81
7341.84
4501.69
3737.58
4195.31
5992.31
5012.88
4164.08
4793.55
4337.89
9107.43
9174.76
4901.05
9221.39
9134.38
8330.56
8111.12
8157.21
7288.65
7686.8
4530.93
4665.37
7371.59
7446.06
5035.84
4932.01
7.25823
7.24881
7.22011
7.43407
7.27142
7.23772
7.28538
7.25526
7.30767
7.6277
7.35779
8.13195
7.83353
7.52022
7.93032
7.72471
7.23204
7.32089
7.2456
7.47882
7.33606
7.28125
7.39436
7.35394
8.23523
9.57632
8.15792
12.0625
9.9365
9.32864
10.2397
9.49036
7.38844
7.28264
7.74411
8.88293
7.40627
7.34593
7.58658
7.53334
7.29139
8.18721
7.35927
7.2484
7.36487
7.81639
7.2691
7.48013
7.30568
7.88185
8.92141
7.85841
7.38304
7.70156
7.76158
8.59076
7.28438
7.78754
8.52826
7.50557
7.47281
7.64503
7.56778
7.73443
260.186
340.056
267.871
224.935
251.342
264.056
227.585
254.367
479.993
880.556
653.355
543.236
600.979
609.843
534.804
603.954
365.917
659.184
452.309
529.414
490.984
519.483
464.494
541.27
208.269
406.498
520.599
250.124
238.21
326.991
241.483
401.983
351.625
300.958
224.577
415.656
325.49
269.778
327.481
262.348
368.905
455.538
578.165
339.246
372.202
455.783
408.329
522.127
312.868
203.929
400.149
454.261
325.781
272
431.848
342.281
376.142
600.839
503.069
648.496
514.04
516.928
592.459
611.297
8209.3
8226.96
155.812
8261.79
8247.83
4266.71
6814.18
3851.71
8237.83
8238.37
348.505
8263.95
8257.93
5661.29
7076.82
5225.46
9.88069
15.5157
10.3956
24.0732
13.6434
10.3122
12.8426
13.0699
8300.97
8292.24
552.941
8342.56
8332.04
4779.28
7075.31
4224.63
8255.2
309.885
8291.21
8284.87
7108.08
3529.8
8268.56
4472.3
5121.59
5295.51
71.7662
22.1743
4381.91
4454.05
193.558
298.92
246.044
7023.66
7029.54
479.032
316.061
4060.09
479.244
4407.96
45.5533
291.9
4939.51
103.033
65.0887
203.078
285.872
476.768
111.159
161.34
133.076
77.4394
96.1086
117.12
92.1564
118.509
335.967
442.471
668.298
571.645
450.777
533.316
567.898
652.768
266.938
592.305
518.861
453.359
399.179
443.582
424.999
492.175
76.7405
563.312
361.565
188.108
136.716
240.715
193.307
303.358
223.57
200.378
79.3127
426.901
238.813
161.1
258.59
137.845
278.704
551.565
583.12
229.529
327.33
543.455
333.622
542.425
205.915
80.9161
519.867
341.493
221.745
162.197
314.245
265.296
249.825
419.758
674.921
634.667
371.581
366.559
557.826
636.41
8.36711
8.02286
22.881
31.7707
10.0061
8.67937
22.2262
11.903
8.08929
12.9955
39.7466
12.1186
9.43874
12.6969
11.4204
18.7974
122.482
223.686
2910.79
453.912
196.644
420.85
371.962
550.215
47.7328
14.9386
182.637
47.1422
35.5538
23.7341
50.6461
39.0956
8.70972
26.801
24.9871
12.0041
9.81063
13.4724
10.7634
13.5008
8.34265
12.9676
34.6748
14.8739
9.33635
11.4527
10.3279
13.7767
90.6354
54.281
13.6338
137.704
114.74
22.7825
95.9012
23.7567
28.5291
90.9726
15.0045
58.306
39.3803
47.7954
21.3677
25.9324
2187.1
1839.79
1821.56
2143.16
2020.67
1938.03
2126.04
1982.93
1391.32
765.815
1039.48
1006.08
1021.2
1013.51
1056.52
1032.09
1268.38
930.55
1146
808.256
955.72
928.608
942.016
919.632
1462.22
1003.78
675.418
420.518
1121.83
1008.75
649.487
651.581
1581.98
1454.79
1753.99
1237.77
1598.33
1621.31
1638.06
1675.4
1526.87
1182.41
1038.49
1377.94
1526.99
1168.03
1402.57
1075.74
1394.96
1645.33
1055.63
819.884
1380.87
1586.94
1034.25
1113.93
1324.29
801.792
1042.26
954.102
968.759
955.272
977.071
976.624
9096.29
9114.12
9117.44
133.243
6930.05
9108.48
4578.82
6593.63
9123.81
9143.66
9138.21
417.647
7275.17
9122.28
6012.25
7180.82
9126.92
9149.77
9138.45
604.446
7331.42
9136.67
5071.13
6638.45
9.05266
24.536
33.6789
9.5968
9.87785
20.9825
12.2911
20.5358
7014.57
6930.65
65.5341
248.172
5562.53
5569.44
385.263
255.709
9113.86
472.098
9130.39
9125.55
6946.09
6118.12
9125.63
7230.7
5721.55
45.8094
261.497
239.65
272.179
135.718
289.956
141.94
7008.31
583.155
400.885
7305.76
6277.2
674.209
6393.36
552.966
2939.41
3735.23
3802.11
3742.54
3128.81
3536.49
3506.17
3906.29
5590.48
9254.68
9146.29
9137.27
8327.76
7900.55
7839.25
9191.12
3971.65
9096.48
9093.36
9072.14
5105.13
6625.92
5122.14
9085.33
4853.2
9161.32
9110.07
9152.93
5961.15
6689.46
6374.66
9120.65
4279.95
4163.76
4350.11
6805
4638.46
4460.83
5523.3
4824.07
5080.89
7323.5
6402.96
4464.31
5250.13
7647.78
5018.18
6608.25
3921.96
4395.46
6454.22
5734.64
4310.42
4580.46
5037.57
5777.68
4252
9073.56
9092.67
9098.87
5805.83
6255.78
6334.16
9066.9
11684.7
11663.7
971.868
14412.8
14403.8
7020.08
12195.6
6799.68
11701.7
11706.4
1312.65
14435.9
14420
6941.47
12306.4
6758.4
75.6685
85.8812
10.836
613.405
352.791
57.3854
300.385
69.5849
14425.8
14445.5
4284.75
14434.1
14434.8
11961.9
12962
11331.7
14402.1
2273.73
14426.5
14440.6
12386
9229.83
14427.6
11012
7651.97
11198.8
606.155
650.429
7459.58
9637.7
1442.63
2797.42
1798.74
12731.9
12913.4
3328.29
2887.13
10417.8
3842.08
11078
716.704
2242.75
10702.7
644.307
1514.46
2281.47
2182.81
3493.2
12114.6
15033.6
12086.3
1034.13
8971.03
15014.8
4535.04
8846.59
15011.8
14995.8
15005.8
4092.5
11594.3
14986.1
9698.62
11290.4
12085.4
15022.5
12106.4
892.955
8549.73
15004.1
3103.72
8205.21
19.9844
282.655
29.1572
8.67812
22.9988
155.912
16.3624
28.2147
11115.6
8503.41
687.779
2101.31
8149.3
8296.88
3029.43
2028.62
15005.7
3391.93
14998.9
14995.2
11162.5
10379.6
15013.6
11054.7
3994.72
102.447
704.573
129.896
983.059
696.937
670.671
674.247
8560.32
584.544
1845.35
10743.3
8108.94
1849.07
7854.85
2749.81
7.33313
7.22306
7.28801
7.46761
7.32149
7.2302
7.37064
7.30024
7.21192
7.24336
7.23166
7.37405
7.2257
7.2178
7.27701
7.25299
7.37787
7.34188
7.57964
8.2934
7.49586
7.33074
7.68328
7.63402
8.17887
8.51232
9.50733
11.0231
8.85879
8.47227
10.0486
10.0678
7.23209
7.30263
7.64413
7.45268
7.27438
7.32323
7.33345
7.44279
7.21377
7.38514
7.23823
7.24317
7.24311
7.29539
7.23461
7.27897
7.40811
7.81683
7.81721
8.62044
7.47244
7.61019
7.83758
8.00906
7.41761
8.81267
7.62975
7.39197
7.57915
7.72166
7.41128
7.51364
7.59873
7.33946
7.43762
8.96033
7.82439
7.34846
8.26237
7.69282
7.27168
7.25099
7.32884
7.6543
7.28514
7.24466
7.36463
7.33304
7.60617
7.48777
7.75292
8.98544
8.03505
7.48938
8.30726
7.99511
10.9243
9.3936
11.314
16.1794
13.1384
10.366
14.8937
13.2628
7.42857
7.7795
9.11629
7.88505
7.53166
7.77656
7.63649
8.07907
7.28802
7.72686
7.33965
7.43567
7.43912
7.5759
7.40247
7.54438
8.03846
9.59981
8.14038
9.63536
8.479
8.85819
9.18119
9.22821
7.87868
9.23967
8.01974
7.56181
8.13108
8.49153
7.73715
8.02649
505.842
508.029
827.178
569.762
562.715
596.185
599.298
613.504
422.563
498.784
749.985
407.609
410.058
449.843
419.142
480.606
1088.27
1123.74
1530.41
1332.83
1127.84
1166.34
1322.45
1332.21
537.909
409.985
1220.08
405.488
492.056
575.14
500.862
604.175
447.589
831.736
556.013
389.827
473.783
603.966
420.55
603.754
479.646
433.826
800.552
872.304
486.646
452.301
714.588
724.96
939.682
604.65
443.905
1176.72
891.411
622.393
968.577
581.848
947.896
1100.34
462.603
871.909
986.525
1013.53
820.777
794.812
1145.61
1406.99
1788.59
805.711
1138.77
1505.43
1079.75
1547.04
1750.91
2886.56
2533.12
2372.62
1975.49
2435.52
2050.73
2680.18
2718.98
3617.56
5020
1696.42
2751.26
3653.84
2867.07
4046.59
621.583
1963.52
875.354
489.16
632.483
1305.9
574.95
1331.52
1328.48
1706.08
780.927
1538.29
1330.5
1410.1
1277.71
1106.71
1732.02
1992.99
2415.77
2193.66
1824.33
1875.73
1996.38
1892.32
1733.79
780.854
1572.97
1093.09
1194.81
1130.27
1087.39
1197.24
2276.88
1515.77
2155.3
2695.79
2081.99
1458.63
1932.96
1810.86
26869.7
26812.6
3392.65
44609.6
44543.3
16476.1
35590.8
15689.8
26791.5
26893.6
4191.56
44497.7
44468.1
17634.4
33153.8
16306.3
469.584
565.48
88.5075
1961.38
1400.82
331.346
1200.55
403.632
44508.7
44485.4
10499.7
44436.8
44403.2
30611.4
36163
27352.6
44456.6
6632.65
44578.7
44512.9
33823.2
22256
44505.7
28653
17221.6
28527.4
2243.76
1859.14
15768.1
22644.5
3479.7
6346.41
5338.01
35297.3
33981.7
8541.28
9022.54
25519.3
10088.5
26385.2
1845.52
5068.58
24893.5
2193.68
3558.8
5110.81
5015.18
7526.2
14.7277
13.8826
8.24606
99.2768
26.6079
14.2056
19.0991
12.4952
15.4036
24.5768
11.5048
30.9516
24.0604
18.0301
25.9171
16.687
7.73733
8.29459
7.29246
8.16923
8.43679
8.04392
7.92843
7.71658
75.5753
50.4473
11.1417
38.458
91.6591
28.5884
23.1077
16.8398
16.2689
10.0655
154.05
48.3273
17.851
12.7464
40.0535
34.5598
11.7859
25.1343
9.99295
9.03638
10.9965
13.3036
9.05023
10.743
9.07611
35.3001
28.5876
9.77166
9.77595
15.479
11.3467
16.348
8.93653
9.36811
18.5699
9.83804
9.66713
11.4036
11.5841
13.1216
7.79094
7.72029
7.37989
9.59457
8.50909
7.5967
8.49522
7.8165
7.62271
7.75571
7.43373
9.74497
8.63065
7.75011
9.01492
8.04533
7.32276
7.33392
7.24279
7.62398
7.47327
7.33432
7.48894
7.35343
10.6546
10.407
8.61065
13.0671
11.3874
9.52619
10.9624
9.55233
8.2303
7.65738
10.0416
9.77896
8.75573
8.17446
9.37854
8.75704
7.64111
8.66042
7.45093
7.44912
7.8465
8.22143
7.39303
7.6705
7.77229
9.77839
9.71838
8.28508
8.02875
8.77631
8.31594
9.08419
7.58392
7.95979
8.77175
7.57389
7.71434
7.86693
7.85003
8.19825
589.961
1106.03
937.016
544.71
597.63
910.226
555.134
863.918
2294.18
6881.88
4243.21
2475.94
2647.78
4393.9
2415.48
4229.43
1565.46
2605.47
2197.82
1703.7
1642.85
2149.46
1595.28
1944.62
501.09
1147.31
1025.6
317.695
517.563
1046.18
388.809
1001.09
1214.56
1037.87
597.094
1204.26
1148.46
1006.84
1122.28
937.514
1744.92
2062.36
2655.89
1545.2
1723.28
2042.01
1728.32
1896.03
1025.04
534.243
1185.59
1060
993.513
930.917
1094.36
1090.93
1594.41
1720.18
2014.95
2364.97
1712.91
1778.96
1913.16
2042.31
1885.03
3244.44
2990.49
2713.43
2369.45
2932.87
2392.52
3072.94
3525.21
7474.16
7487.98
7505.48
4953.1
5691.48
5715.61
7482.8
4170.11
7507.18
7548.21
7555
5309.35
6048.65
5847.8
7527.26
4454.92
7528.35
7559.8
7589.6
6829.42
6695.47
7386.11
7536.52
3633.93
3815.19
3611.6
5516.17
3780.7
3819.51
4141.5
4196.09
3583.33
6142.82
5935.2
3953.33
3806.33
5190.58
3867.33
5127.01
3879.15
3716.89
6149.38
6573.68
4672.66
4507.88
6183.37
6006.76
4171.23
7542.66
7524.49
7497.49
5335.84
6376.65
5758.23
7525.8
5095.99
6273.92
5314.15
6854.83
5837.4
5870.69
6332.41
6120.93
7924.75
15584.2
15555.1
16325.4
10742.2
11101.1
13022.2
15880
5154.19
15068.7
15010.5
15113.5
7922.26
8930.16
10499.4
15028.8
8732.49
16090.7
15480.1
16055.7
10848.6
11028.7
12708.8
15747.3
7106.91
5782.91
7517.6
10518.3
7183.55
6775.47
7933.71
7150.77
6729.03
10803.2
9309.48
5416.49
6890.99
9452.36
6104.96
8748.12
5833.17
7828.07
12590.1
11407.4
6733.27
7477.57
9088.74
9691.55
5731.02
15263
15682.4
15184.1
8243.09
9616.78
11163.4
15394.2
1908.02
1320.01
1607.67
1922.71
1785.66
1474.66
1854.14
1489.39
893.617
553.047
521.076
611.367
745.27
608.28
725.685
549.7
980.047
494.318
309.561
529.077
742.437
556.709
729.551
481.65
1908.22
769.847
721.031
808.885
1441.21
922.466
1483.75
842.739
1241.96
1599.7
1860.5
956.579
1275.47
1434.56
1198.6
1364.85
961.59
715.864
637.416
1021.38
930.894
793.388
939.582
805.923
1665.37
1948.91
933.725
1111.01
1502.61
1350.32
1109.79
1050.32
974.292
675.836
641.468
544.526
765.736
749.687
742.748
630.544
8430.3
690.723
8407.98
8422.65
6679.94
5625.75
8414.69
6804.89
38.3825
10.1134
8.90173
22.0645
17.5036
11.0627
18.6726
9.44028
8395.86
122.672
8372.78
8389.39
6155.01
4329.58
8386.58
6475.74
8411.42
365.3
8398.81
8416.35
6708.88
5662.34
8397.71
6749.81
551.837
6537.42
6882.16
390.136
602.832
5903.29
605.662
6065.38
279.347
255.869
44.4156
5401.55
274.705
142.298
261.024
130.984
8403.14
8406.66
440.18
8390.32
8401.35
6721.83
6503.58
5778.11
6438.77
6502.55
213.386
60.0787
5191.36
5288.21
237.092
335.518
7.41014
7.4437
7.27582
9.20314
7.92769
7.44074
8.18277
7.69312
7.6115
9.81392
7.52495
16.415
8.64283
8.2932
9.2287
8.43932
7.23283
7.38241
7.23003
7.59643
7.32476
7.28414
7.39938
7.37459
10.7908
15.8387
9.57659
17.1987
12.959
11.5971
13.7698
11.8143
7.87731
7.44509
9.0068
11.5959
8.07632
7.88319
8.70727
8.24997
7.59536
11.1356
7.43642
7.31107
7.78121
8.62765
7.32161
7.71108
7.45531
9.17862
11.8448
8.45966
7.68237
8.39037
8.14849
9.38241
7.36928
8.03003
11.1128
7.6259
7.58533
7.85697
7.84608
8.25551
14452.5
14472.4
2493.76
14443.2
14486.5
9982.06
8931.64
8931.05
14482.2
11735.1
2804.63
11724.3
14516.6
9783.04
10917.7
9399.99
1421.34
1534.78
938.589
1291.28
1416.51
1394.52
1282.58
1321.95
14425.3
11689.2
2262.97
11685.3
14449.2
10354.1
8321.92
8279.15
14507.4
2537.47
14471.4
14494.7
10629
8365.28
14465.2
10604.7
10223.2
10893.7
2547.42
2390.58
9674.35
8937.63
2633.63
2627.11
2237.16
8844.97
10438.5
2135.61
2369.62
8959.31
2383.78
8151.93
2248.58
2092.54
9596.41
2371.53
2175.28
2222.44
2337.02
2363.18
7.89891
8.6103
8.17475
13.4816
8.76622
8.13839
9.55823
10.0591
84.8329
14652.8
14655.7
14697.7
2962.22
3620.95
10386.2
14684.5
91.5481
14657
14656.8
14693.8
3441.73
4249.25
10221.4
14681.8
384.629
14726.4
14723.3
14738.8
7568.64
8626.06
11677.5
14734.6
35.5547
38.7868
119.519
6094.47
93.3197
53.9375
224.084
126.719
40.4013
7216.94
4115.58
43.5797
177.938
4823.01
94.0939
3378.71
93.7039
250.965
11197.9
11250.9
235.595
372.015
6252.98
6877.94
186.995
14712.7
14716.8
14684.6
4998.85
7369.57
10406.6
14697.5
9624.25
5621.47
9642.1
9567.12
6517.49
7108.4
9587.98
7967.36
4145.62
2578.58
3009.71
3450.2
3673.72
3275.88
3625.4
3104.27
9671.27
4481.72
9672.45
9628.04
7363.47
7988.42
9650.3
8355.45
9497.47
3576.04
9518.14
9491.35
5075.37
4487.46
9490.01
6475.7
4818.68
7285.65
5574.21
3711.65
5022.54
6256.11
4584.77
5423.78
5055.96
3818.56
4214.85
7521.45
5083.76
4172.15
5420.13
4269.57
9618.37
9515.32
3972.65
9544.36
9576.15
7355.63
5925.6
5092.39
8178.11
7639.78
4247.19
4244.47
6619.28
5984.31
4760.24
4753.24
10.0607
9.20256
25.0544
19.6942
10.4911
9.89392
13.6802
16.5714
149.404
9497.16
9526.75
9517.7
4551.17
7772.58
6535.59
9512.45
407.631
9531.92
9544.32
9545.78
6647.33
8167.73
7415.16
9527.48
304.908
9529.17
9555.73
9539.78
5423.49
7357.15
6909.92
9534.71
50.7423
266.533
134.31
5136.71
131.324
128.467
216.62
178.886
98.3533
7121.44
8105.88
309.636
261.738
5374.19
415.787
6077.81
386.702
226.159
6779.69
7304.25
502.129
326.33
6264.66
5811.21
492.215
9542.15
9527.4
9530.66
6254.87
7599.27
7188.75
9539.61
725.793
884.992
1301.01
659.531
703.179
871.615
711.645
942.978
990.89
692.147
1099.63
1028.05
998.769
970.555
1030.31
988.665
1580.35
1314.68
1480.26
1788.57
1629.75
1570.41
1742.28
1573.87
536.937
880.496
1307.21
369.422
501.253
935.959
490.847
991.907
929.361
1372.53
640.771
943.606
950.281
997.55
932.633
941.625
975.831
1053.72
1296.52
1377.85
1000.35
1049.03
1289.4
1328.73
1409.73
644.347
948.082
1417.29
1434.72
1016.68
1422.15
1045.99
1416.82
1576.12
1094.74
1318.28
1477.12
1513.18
1399.34
1410.19
26107.2
26087
3312.48
42708
42683.6
16040.1
33374.6
15126
26055.8
26072.6
4331.47
42658.1
42608.1
17297.5
32344.9
15904.3
636.083
736.34
171.336
2571.71
1709.57
451.087
1478.22
511.021
42608.7
42556.8
11678.5
42551.9
42514.5
28946.6
33714.9
25538.3
42622.2
6508.62
42684.4
42623.9
32794
21651.5
42634.9
27525.2
16554.3
28184.5
2641.48
2223.77
15540.3
22280
3927.81
7178.03
5275.1
33722.4
33688.6
9469.78
8856.67
24601.9
10981.9
26113.7
2355.87
6019.16
25276.6
2532.32
4235.51
6197.68
5891.85
9512.87
8704.44
8664.07
8655.91
548.608
7230.79
8693.58
4168.46
4878.07
8622.45
8571.76
8588.19
174.054
7014.28
8608.64
3990.68
4439.14
8626.3
8599.58
8600.72
332.959
7327.89
8618.72
5209.02
5805.12
23.7401
9.72424
14.2058
10.4041
15.8471
14.9662
21.603
12.262
7270.67
7242.01
421.407
237.837
4342.62
4363.84
349.05
478.213
8653.87
318.466
8616.6
8648.85
4768.31
3742.45
8630.93
7365.71
4745.27
194.195
37.91
101.497
415.937
129.96
294.331
60.4168
5299.29
72.4694
19.617
5356.04
4556.69
309.384
4526.29
198.402
26411
29146.6
43623.1
5781.92
25272.6
44248.2
19237.9
37662.8
33001.6
28985.2
48538.9
9442.51
36797.9
47375.8
35881.3
37184.9
43844
49100.9
45469.2
9080.68
30250.6
46834.1
18832.8
37040.7
4255.37
4614.63
5129.71
4014.12
4515.74
4931.09
4136.36
4568.12
30428.8
25429.3
5607.75
8908.69
28389.1
22750.7
9011.9
7103.12
51192.7
11067.5
50663.6
45723.4
47931.3
52697.8
50075.9
64361.5
15491.2
4868
7809.03
6577.46
6163.88
6111.83
7359.77
7044.88
38413.3
7897.28
9183.57
46214.4
32675.6
9221.84
56353.6
12484.9
853.146
1218.42
1114.23
607.901
859.364
1158.12
635.446
1055.42
2304.36
5142.36
3791.21
2142.87
2539.43
4477.21
2656.85
3999.57
1551.6
3213.57
2302.77
957.298
1583.79
2827.42
1110.25
2320.4
345.258
639.979
326.029
97.5048
325.32
628.851
138.984
339.029
1239.71
1188.75
588.702
1123.38
1181.59
1084.13
1072.3
1008.5
2093.79
1974.7
3525.07
1999.97
2115.7
2291.98
2172.43
2391.29
942.269
396.898
829.348
517.506
778.604
743.832
812.805
731.707
1616.95
998.562
1443.55
3179.79
1619.08
1310.09
1901.87
1378.78
7.23094
7.22329
7.24251
7.5073
7.27421
7.23712
7.41473
7.3238
7.21147
7.21549
7.24162
7.41991
7.22441
7.21511
7.27336
7.27421
7.34691
7.3918
7.44645
9.15942
7.63164
7.39191
8.42638
7.91587
8.87945
9.40947
10.1982
14.5627
10.6962
9.82092
12.6794
11.2806
7.23721
7.29852
7.6041
7.59067
7.25268
7.29881
7.32366
7.40189
7.21618
7.45039
7.24316
7.23984
7.24051
7.29633
7.22202
7.30675
7.43682
8.0928
8.13879
9.72446
7.64105
7.76737
8.28228
8.56985
7.40375
9.23978
7.94834
7.47962
7.5756
7.89944
7.47505
7.67461
9091.5
9142.7
9109.44
68.3381
7213.74
9107.09
3022.84
3272.85
9197.17
9240.23
9196.02
598.918
7957.03
9201.41
4012.13
4646.11
9124.09
9170.48
9139.35
440.426
7816.34
9134.72
5409.02
5635.95
8.00806
23.3204
16.7021
9.95019
10.3348
16.8249
11.3852
15.8342
7542.04
7657.09
47.4378
254.75
2766.13
3038.91
243.541
169.085
9157.92
463.531
9155.31
9126.31
3788.16
4315.49
9162.73
7451.08
4462.77
7.33976
40.7735
49.673
155.361
10.8266
139.006
22.434
4469.27
82.9224
75.5837
5123.18
4215.92
254.186
3979.91
438.137
9143.68
9073.76
4553.57
9151.19
9119.29
6349.24
7590.48
5821.27
9034.27
9049.63
3032.43
9078
9045.23
5689.74
6463.44
4814.51
3605.66
2831.53
2836.56
3061.05
3202.95
3034.74
3079
2990.64
9179.36
9124.48
4348.97
9196.92
9158.87
7152.67
8116.13
7041.02
9039.14
4263.2
9133.95
9082.14
6347.6
5214.68
9072.19
6237.76
5414.45
5846.68
2990.01
3886.1
4657.1
4830.31
3454.22
3279.25
4541.15
7826.51
7015.01
4184.55
4736.94
6335.02
4293.76
6063.24
4099.8
3917.76
5272.94
2984.2
3622.66
3894.99
3310.89
3375.64
350.451
195.339
359.145
301.96
291.939
307.301
357.369
322.598
158.969
198.43
214.004
137.696
163.55
188.341
152.259
177.775
344.945
293.215
400.299
328.676
314.119
342.637
339.387
370.997
261.193
118.74
251.091
158.131
143.003
177.481
220.205
209.554
164.6
318.798
242.408
122.932
184.89
273.258
159.825
268.411
172.378
136.175
214.416
315.662
175.232
145.927
201.91
181.892
348.244
342.565
147.207
276.685
320.029
298.988
240.558
194.504
318.361
295.858
150.312
238.112
274.528
267.996
199.425
181.716
7.21813
7.24553
7.27568
7.49227
7.27052
7.25422
7.31477
7.3053
7.35664
7.46211
7.62025
8.30382
7.69715
7.50525
7.93706
7.82801
7.39446
7.63953
9.32502
10.8204
8.45015
7.89562
9.48693
9.20029
8.19931
9.48445
10.8195
11.6476
9.52266
9.51578
10.6126
10.3858
7.43342
7.50212
7.74419
8.201
7.56008
7.46592
7.64892
7.62796
7.37536
8.22436
7.53801
7.34829
7.53112
7.79709
7.3279
7.69897
7.66886
7.93571
8.61558
9.74523
8.01723
7.87387
9.03333
8.62856
7.57789
9.64473
8.75334
7.86854
7.94268
8.68252
7.94405
8.77605
1010.07
857.326
451.511
509.956
687.958
641.526
520.737
517.099
892.22
856.063
439.59
576.397
730.903
678.922
520.339
514.768
223.798
223.578
164.323
123.657
201.037
205.096
145.074
159.467
218.743
260.704
78.4375
52.7685
155.216
142.163
60.6578
64.5023
702.54
355.709
407.688
427.643
494.086
409.54
543.605
364.461
642.71
387.941
316.085
324.423
491.456
406.098
407.621
342.703
215.742
218.919
229.108
92.5563
201.739
222.973
160.16
165.23
230.622
101.616
232.352
212.719
187.167
153.727
203.888
203.35
362.354
472.266
546.85
358.658
436.564
439.929
406.554
440.332
512.974
795.486
702.136
632.239
567.997
640.367
582.132
690.637
516.064
661.094
774.59
436.615
425.618
536.894
439.262
584.355
217.696
419.384
266.781
166.841
198.229
243.273
219.567
248.013
423.836
650.855
249.86
381.248
370.686
347.034
367.68
275.912
426.943
431.215
523.582
618.084
421.716
440.947
559.966
474.93
606.931
226.69
395.09
281.623
458.035
274.974
310.357
256.367
535.681
344.659
468.95
566.778
363.454
338.692
470.639
487.987
1726.44
1394.9
47.3525
62.5433
1386.14
1431.31
218.074
150.756
1121.29
483.295
9.94437
8.7852
661.257
646.821
51.2806
32.0277
10.3746
8.00363
7.79077
7.42744
8.65626
8.48954
7.70535
7.49788
13.1999
7.60932
7.39492
7.89221
8.84157
8.00124
7.91396
7.50948
1053.96
26.9152
29.3687
11.959
114.639
93.25
20.517
22.9719
1110.53
10.4969
11.9557
26.9089
81.137
43.5017
21.2927
11.8897
11.4822
15.8946
8.66434
7.64032
8.84893
10.9623
8.17098
8.8688
10.0806
7.44258
7.80316
7.94144
8.63324
8.0159
8.65057
7.6115
8.70888
13.2749
7.65345
8.27108
9.22294
9.79519
8.07527
8.71177
65.8972
1150.25
57.986
979.751
889.762
848.812
770.86
849.101
7.45017
15.1372
7.73068
7.81075
8.25235
8.76069
7.72439
8.2002
9.14971
826.674
7.06997
479.313
412.854
356.115
245.555
316.536
29.9932
7.87724
13.8327
732.567
17.7341
13.9727
21.5229
14.6205
34.6376
679.947
31.2366
7.78354
34.0982
576.58
8.06803
34.3294
7.29675
8.4733
580.014
7.42135
6.79451
16.4411
16.9422
306.622
7.68152
8.99112
681.139
28.9777
12.7618
12.25
17.6279
21.318
691.999
1390.72
1090.28
1025
1014.66
1047.62
990.515
1092.56
1810.87
2194.02
1648.97
2159.93
1994.42
1876.39
1970.34
1877.25
834.641
1297.72
1040.18
749.627
799.218
936.674
747.552
970.601
1286.45
1983.48
672.233
810.248
1239.92
1083.08
864.112
760.245
1665.43
1144.72
1403.94
1908.05
1678.07
1292
1784.86
1310.59
1612.42
1726.3
1290.82
1048.5
1623.45
1671.52
1406.66
1376.69
1022.77
1278.43
1835.89
681.887
1033.64
1195.81
911.738
1107.36
939.832
729.94
1630.34
1271.68
863.771
849.855
1266.81
1338.99
1734.6
3488.04
3355.72
2895.45
2465.29
3359.39
2439.42
3484.69
3885.2
8596.03
8620.04
8649.21
5249.04
6392.61
6057.93
8610.74
4894.92
8649.25
8686.14
8725.5
6060.5
6931.84
6667.15
8673.68
4683.16
8698.3
8729.87
8746.33
8059.68
8113.16
8776.8
8696.54
4159.51
4373.2
3922.87
6308.45
4348.83
4378.91
4912.98
4926.4
4054.49
7076.98
6753.53
4590.6
4311.55
5569.45
4439.27
5639.15
4442.74
3943.68
7004.85
7673.03
5382.59
5247.44
7170.92
7059.42
4843.18
8707.41
8677.27
8641.02
5983.11
7381.61
6308.87
8685.83
998.005
780.59
1253.57
685.297
849.871
832.421
868.598
837.699
786.829
666.703
1024.74
760.19
791.142
775.72
813.292
782.063
1598.34
1411.11
2096.16
1835.3
1646.48
1649.34
1780.83
1740.76
536.814
848.179
1642.58
534.699
559.085
925.012
553.71
1096.67
748.783
1220.35
606.99
854.028
762.352
739.54
777.143
728.006
802.304
911.016
1233.52
1258.17
837.351
913.738
1193.51
1255.17
1272.53
616.538
876.046
1565.74
1280.58
794.597
1449.36
932.883
1325.29
1657.15
948.461
1264.93
1481.06
1531.8
1330.6
1294.76
25229.9
25493.4
40732.7
4010.93
21396.4
40874.9
15542.7
34191.2
25546.4
25312.3
40767.9
4853.67
23580.7
40760.1
19533.7
26258.8
40644.1
40749.4
40623.9
4224.6
19572.6
40697.2
12721.9
26981.5
2446.52
3335.86
2657.65
2098.89
2751.02
2988.92
2442.76
2697.02
27467.3
22374.9
4223.04
4870.01
25205.2
19842.6
6751.91
5477.63
41058.3
5002.45
40760.2
40693.6
40270.2
20224.6
40804.2
22897.3
14267.6
3753.31
4476.62
4205.92
4306.18
4380.04
4649.25
4627.49
30136.3
4105.85
4236.38
27587.5
16974.7
4870.87
17959.1
4663.2
8241.18
308.212
8265.12
8231.16
6310.74
5273.25
8260.98
7055.66
17.9546
10.6718
24.5575
8.55001
12.1825
17.6404
12.337
14.7611
8296.85
339.672
8341.05
8291.41
2842.53
2509.36
8332.33
6929.85
8218.46
129.228
8247.61
8200.85
5674.28
4353.48
8239.27
6734.83
103.352
4143.17
6050.46
21.8371
362.594
4122.76
215.919
4891.9
138.438
25.8293
125.808
3517.6
338.961
48.2722
378.929
90.9
8293.99
8249.07
233.527
8282.47
8259.5
6939.16
3603.99
3445.93
6962.3
7008.06
148.229
261.515
2576.79
3028.32
278.218
191.677
2775.4
2245.47
2978.34
2561.7
2475.84
2604.95
2582.29
2687.28
2176.28
1604.62
1954.83
1042.76
1893.1
2049.36
1677.31
1653.51
3526.13
2721.98
4437.94
2950.35
3467.38
3721.69
3534.13
3423.97
3100.69
1000.7
2760.22
2329.69
2964.39
2488.45
3076.81
2554.63
2286.05
2891.48
2540.4
1352.87
2278.52
2674.13
1501.91
2347.44
2431.74
1439.73
2579.8
3015.77
2382.05
2223.66
2672.28
2368.6
3040.06
2834.53
1276.4
3041.59
2994.13
2623.93
2670.14
2388.4
3203.82
2423.53
1292.18
2251.85
3226.7
2325.24
2248.09
1613.52
1281.47
55.8321
1009.91
57.4321
829.229
838.414
851.04
781.386
11.2315
7.85178
7.68601
7.47559
8.82602
8.55002
8.35271
7.7564
913.644
9.35164
504.576
7.17601
322.861
345.912
322.186
247.118
19.2951
7.57791
7.8232
7.97874
9.84411
8.85801
8.81466
7.85218
30.5404
711.41
30.3426
7.96167
32.9976
576.114
8.09193
32.9617
25.3098
7.94397
9.98649
710.661
17.2805
12.3763
21.832
12.5688
742.712
29.0323
7.91659
9.01862
22.2884
17.3694
11.692
12.4178
588.085
7.34522
7.48903
8.29627
271.092
15.5117
15.7724
7.23008
8.11112
7.89207
12.7658
7.41648
7.69853
8.41644
7.91338
9.36039
8.37236
550.185
987.763
10.6846
30.9434
677.383
51.7452
587.706
61.9374
1341.58
1651.58
69.8019
148.973
1348.47
210.67
1298.14
7.58963
7.88461
23.2996
7.79902
7.72547
8.68452
8.19616
9.96363
7.89194
11.9053
7.45844
7.8474
8.56419
8.9629
7.775
8.24557
9.65714
10.8602
1013.24
30.9627
9.88237
41.54
20.841
72.6043
13.5881
7.77208
8.60998
18.4341
9.50569
8.44481
11.8428
9.57539
30.7403
32.7182
12.1626
972.296
101.226
24.2716
116.184
22.4353
1520.11
1147.26
2454.03
1708.89
1546.94
1695.33
2077.22
1981.07
1264.56
2167.52
1857.24
1799.89
1703.24
1712.67
1740.21
1834.92
3270.19
2043.86
3467.82
4037.53
2424.77
2288.06
3710.97
3421.24
2419.61
2458.46
4261.22
4751.33
2616.79
2728.55
4520.83
4294.49
1135.62
2286.48
1719.37
1647.17
1457.33
1858.14
1438.39
1892.85
1174.19
1714.86
1659.45
2397.52
1408.61
1651.72
1586.32
1664.2
3208.01
2679.54
2349.01
4161.91
2995.99
2531.68
2647.05
2582.63
3019.21
3859.32
2306.47
2094.71
2467.46
2601.2
2192.24
2300.46
682.689
927.891
388.413
439.607
565.29
613.002
451.819
437.798
1218.4
1628.41
514.578
712.577
937.534
878.847
703.839
603.616
203.846
209.769
174.222
156.995
188.795
194.935
164.38
166.81
212.122
277.925
116.479
63.1667
117.876
191.78
78.692
111.711
806.656
339.352
316.382
447.338
606.383
422.986
607.554
371.974
785.056
423.443
344.775
305.125
528.753
465.041
444.516
367.546
216.933
215.669
309.393
136.099
213.836
237.319
194.822
233.646
211.408
151.121
257.511
218.731
198.102
188.467
224.356
218.002
7.53518
8.69797
8.39979
15.602
8.52605
8.27727
10.2602
11.3417
104.423
17076.4
17079.3
17130.2
3349.19
4161.93
11953.6
17114.8
109.854
17081.2
17080.5
17125.1
3920.04
4927.01
11736.4
17111
476.473
17162.6
17157.8
17175.6
8655.24
9897.59
13376.7
17170.8
43.3602
47.9817
150.313
6910.58
119.632
68.6957
281.709
160.083
50.261
8206.25
4751.47
54.0529
217.616
5434.55
114.052
3828.07
123.663
314.283
12864.7
12898.5
298.013
459.809
7146.27
7885.6
234.602
17146.6
17151.5
17114.3
5695.55
8442.85
11949.8
17128.9
12925.8
12934.1
12913.4
1048.77
8916.07
12917.7
7815.08
11272.5
12901.3
12965.4
12879.2
5863.99
9819.87
12869.9
9802.62
11757.4
12903.9
12883.1
12878.7
3059.98
9657.49
12875
8845.22
11619.5
718.58
2410.24
1051.02
338.144
1073.59
1528.11
602.43
1252.37
9818.68
9081.38
1387.77
3648.7
9150.07
8632.12
3032.01
2013.81
12891.4
4352.03
12869.1
12895.9
11278.9
9150.99
12895.9
9897.71
8130.26
1049.66
3319.29
1897.44
1631.23
1829.38
2465.26
2441.44
11271.8
3038.1
4425.5
11600.8
9075.68
3455.16
9472.17
4575.54
12949.1
12891.5
12879.6
4946.94
12120.7
12878.1
11800.1
11426.7
12909.1
12960.8
12953
1481.4
10529.9
12907.7
9425.57
10031.4
12864.1
12923.9
12868
3362.79
11209.8
12849.6
11023.5
10378.6
2469.45
932.829
1681.51
380.733
1688.05
1522.65
1653.5
1211.8
11047.1
11226
3975.38
2054.09
10155.7
10498.6
2836.18
3865.22
12877.4
1803.87
12881.3
12864.7
11047.9
9733.4
12871.5
10366
11007
4041.23
2191.16
3211.65
3836.57
3544.91
3175.33
3102.68
11463.6
2679.3
1546.9
9789.76
10445.4
3154.21
9426.14
2074.54
25459
25354
3128.8
41127.5
41086
16056.9
33504.6
15386.2
25344.7
25405.9
4354.04
41036.1
40997.3
16784.1
31537.6
15795.3
471.701
534.12
78.9246
1808.09
1217.16
293.3
1080.74
347.151
41040.8
41002.4
10016.1
41020.5
40978.5
28227.9
33945.5
25137.3
40971.3
5939.87
41102.2
41026.7
31380.3
20733.5
41007.2
26523.7
16413.2
26904.5
2137.63
1678.33
15076.3
21328.7
3193.32
5906.29
4835.54
33206.6
32109.9
8102.69
8206.79
23713.4
9459.12
24645.3
1737.36
4709.26
23958.5
2068.35
3198.29
4800.87
4722.84
7497.72
12734.4
12697.6
12686.3
3751.99
11080.2
12685.9
10167.2
11113.2
12705.6
12731.3
12734.2
1480.13
10436.8
12699.4
9369.2
10034.6
12658.9
12700.3
12664.6
1402.85
10367.1
12635
9750.01
9948.18
1827.45
633.955
779.502
267.007
1161.92
941.309
1058.05
597.731
10766.7
10715.4
3301.3
1516.63
9769.35
9965.05
2291.54
3026.8
12678.5
1256.1
12668.2
12662.6
10910.6
9523.5
12669.4
10135.5
10296.6
3445.08
1589.82
2317.03
3311.43
2924.96
2085.37
2072.06
11056.1
1154.73
1120.34
9815.55
9618.07
1442.01
9039.27
1271.37
12789.2
12715.3
12709.5
4754.06
13027.7
12711.7
13473
11603.8
12690.8
12676.2
12693
1559.94
10616.3
12665.3
9729.46
10518.9
12685.6
12709.6
12712.8
2387.52
11503.2
12696.5
11540.7
11170.5
2015.56
1428.59
1330.45
303.579
1388.28
1456.19
1186.5
1084.91
11073
11897.8
3624.91
2035.65
10345.2
11063.9
2842.48
3637.23
12691.7
2031.27
12682.5
12690.4
11093.2
9983.8
12687.4
10719.2
12266.2
3570.57
2018.34
2183.84
3538.81
3078.36
2344.04
2322.7
11412.4
1872.78
1818.14
10941.4
10696.8
2493.72
10110.7
2235.56
12800.1
12700.3
12690.4
4296.08
11224
12688.1
10299.7
11129.7
12697.2
12705.9
12716.5
1687.84
10424.7
12680.5
9389.89
10009.7
12663.4
12710
12698.4
2522.73
10530.8
12668.6
9790.8
10543.6
1580.15
673.469
569.388
127.543
665.099
726.908
501.245
421.735
10855.5
10611.1
3285.31
1731.72
9945.3
9941.04
2560.41
3330.1
12683.3
1729.41
12674.7
12667.7
10984.3
9760.52
12674.5
10410.8
9998.44
3158.25
1701.5
1811.54
3731.89
3086.88
2081.43
2079.75
11032.5
1780.63
1427.04
10321.8
9851.55
2372.69
9511.82
1896.38
12733.8
12725.4
12711.2
1254.02
8856.41
12713.5
7680.37
11072.1
12704.1
12806
12711.6
5975.98
10465.4
12703.9
10368.6
12153.9
12680.1
12667.4
12641.4
2532.39
9514.91
12640.9
8830.94
11086.6
953.348
1929.55
691.573
288.13
961.223
1242.98
508.76
910.651
9917.5
8914.18
1528.4
3392.43
9133.5
8498.9
3040.98
1910.81
12675.9
4023.98
12660.9
12673.3
11039.3
9365.08
12672.8
10117.2
7779.89
1305.52
3025.72
1497.38
1514.41
1730.04
2011.51
2114.25
11016.3
2450.53
3874.11
11520.6
8943.6
2760.87
9569.28
4140.91
12706.1
12733.8
12706.9
1143.95
8925.38
12714.5
7886.98
11173.7
12736.1
12791.5
12737.1
3438.14
10105.7
12746
10010
11748.1
12696.6
12708.8
12696.5
1406.29
9471.84
12696.2
8786.9
11561.4
655.408
1265.28
130.941
81.8232
571.775
921.461
176.85
603.277
9676.95
9096.22
1070.48
2423.27
9069.38
8642.26
2212.86
1423.17
12710.1
2991.97
12718.2
12694.1
11173.9
9276.81
12705.2
9979.16
8230.72
866.051
2105.54
880.495
1203.32
1234.19
1338.48
1369.08
11102.3
1686.01
2959.22
11594.4
8876.92
2116.34
9421.88
2830.86
12742.8
12742.9
12728.1
1512.04
8918.34
12729.9
7799.84
11078.9
12723.6
12863.5
12734.8
5180.38
10851.8
12751.2
10843.8
13117.1
12690.2
12678.9
12648.1
1814.74
9191.76
12645.1
8224
11516.5
982.223
1808.29
512.837
136.373
925.48
1243.09
508.926
951.489
9691.25
8744.83
1530.59
2997.9
8949.08
8286.32
2470.22
1795.67
12691.7
3463.68
12680
12680.3
11169.3
9396.23
12688.3
10109.1
7605.19
1214.83
2709.41
1523.91
1509.98
1742.49
1923.44
1953.74
10903.2
2174.52
3365.38
11803.1
8654.38
2478.86
9543.99
3074.88
12873.5
13053.4
6350.97
12924.6
12923.1
16158.5
13032.8
15016.5
13085.7
13052.8
7761.68
13013.7
13029.7
16686.1
13551.6
15339.9
3347.99
4317.58
2421.74
5143.02
4715.43
3576.38
4374.5
3663.48
12930.6
12954.6
7881.14
12880.8
12920
11451.7
11369.9
10670.3
13027.7
8065.32
12941.6
12993.2
13585.6
13365.7
13020.1
12675.8
17799.7
13173
6197.21
6305.85
16428.5
14180.4
9064.01
9478.42
7260.32
11881.3
12220.2
7688.81
7986.42
11943.8
8293.91
11334.6
6063.02
7110.65
12381.8
6035.11
6852.86
7448.93
8289.49
8650.37
12778.8
12959.9
7394.52
12745.3
12787.7
16383.4
11955.6
14713.2
13005
12914.1
6524.41
12935
12991.4
16635.1
12508.6
15164.1
4112.22
3862.16
3045.25
5710.03
4942.49
3524.38
4902.72
3718.47
12638.1
12805.7
7695.02
12593.9
12617.4
10163.6
10190.8
9564.68
12963.2
8385.17
12705.3
12878.3
12401.9
12633.5
12923.9
11784.5
17454.8
12710.9
4997.74
5917.92
15896.1
13722.3
7816.11
8973.81
7719.26
10602.7
11662.1
7885.66
8297.97
11008.2
8402.1
10358.1
5730.26
6997.51
11998.5
4995.74
6180.7
6897.26
8426.04
8990.26
12886.8
13030.7
6547.6
12810.6
12878.2
17260
12316.7
15641.5
13026.7
12899.4
6695.04
12956.4
13011.7
16665
12482.3
15212.6
3137.71
4338.5
2688.1
5030.44
4362.2
3284.15
4351.15
3473.35
12705
12908.3
7640.65
12589
12645.7
10696.6
10208.9
10179.8
13044.7
7667.86
12789
12983.1
12667.6
13458.2
13032.4
12687.1
17582.3
12851.8
5225.66
5181.89
16022.1
13878.7
8175.93
9569.23
7174.47
11447
11928.2
7690.27
7943.92
12194.2
8273.62
11155.7
5097.29
6703.94
12264.7
5778.81
5998.7
6809.55
9017.03
9591.75
12860.5
13108
5351.31
12946.1
12930.1
15655.2
13010.1
14653
13207
12930.4
9553.02
13040.8
13074
16503.4
13468.7
15073.8
3708.7
5494.17
3025.14
5862.13
5274.57
4224.01
4898.8
4182.84
12990.3
13024.4
8196.47
12948.6
12986.2
11698.1
11536.2
10877
13113.3
7465.58
12993.9
13075
13810.9
13385.2
13118.8
12803.1
18603.4
13575.5
7672.6
6640.05
17202.3
14794.4
10288.6
10924.1
6979.32
12054.4
12440.1
7949.54
7830.17
12098.9
8450.2
11624
6429.3
7973.6
12819
7486.6
7544.06
8373.49
9813.33
9996.39
12855.9
13108.5
6217.54
12936.5
12928.8
15858
12956.5
14753.6
13217.2
12962.3
8256.47
13021.5
13078.6
16940.8
13409.1
15440
3902.21
4671.91
3270.59
5849.12
5505.34
4208.13
5112.11
4477.17
12985.9
13061.8
8271.3
12958.1
12989.9
11538.8
11476.3
10809.8
13123
8131.11
12984
13084
13939.2
13466.3
13123.7
12829
18814.8
13497.9
7188.93
6914.59
17296
14677.2
10158.2
10308.2
7459.28
12007.6
12436.2
7980.72
8136.86
12051.5
8572.96
11478.7
6634.1
7766.61
12808.5
7178.24
7571.58
8093.95
9170.02
9556.74
12846.6
12966.1
7694.42
12768.5
12829.7
16731.9
12097.8
15115.3
12976.8
12935.3
6959.26
12910
12968.3
16586.4
12352
15099.4
3857.09
4022.87
3188.31
5410.47
4742.62
3609.71
4624.52
3759.54
12664
12810.7
7582.73
12586.7
12642.8
10115.4
9951.61
9463.18
12970.8
8627.98
12740.1
12890.8
12391.7
12847.6
12941.8
11971.5
16583.3
12247.9
5413.64
5665.34
15064.5
13137.6
7561.15
8636.46
7839.48
10729.3
11552.5
7699.09
8281.59
11258.8
8418.43
10381.5
5491.75
6726.51
11495.2
5338.27
5964.11
6774.01
8077.21
8623.92
12876.4
13072.4
8453.15
12904.8
12907
16627
12932
15179.4
13072.7
12912.7
7523.98
13005.6
13058.9
16699
12713.1
15315.9
4683.45
5926.94
4151.35
6220
5661.13
4909.54
5500.84
4938.84
12820
12959.4
8203.9
12710.9
12785
10429.1
10791.9
9809.1
13088.4
9282.36
12880.2
13029.8
12812.4
13211.1
13083
12319.4
17851.3
13177.5
6709.23
7118.51
16373.9
14274.5
9314.89
10274.9
8529.45
11789.5
12075.7
8246.14
8924.73
11613.8
8922.74
10786.8
6837.73
7785.72
12579.7
6826.96
7286.82
7941.13
9626.81
10097
12822.4
13097.1
6102.94
12918.6
12905.8
15766.3
12886.2
14671.9
13192.9
12945.3
8117.78
13024.1
13052.5
16740
13495.2
15476.4
3754.66
4455.57
2952.13
6041.3
5667.06
4042.48
5217.13
4403.44
12975.6
13071.6
8478.13
12952.8
12986.3
11632.5
11496.3
10905
13109.6
8022.81
12972.4
13090.4
13916.4
13435.2
13114.5
12830.5
18434.9
13564.3
7102.93
6572.24
17013.8
14688.7
9927.27
10633.6
7361.81
12026.3
12530
8184.85
8209.08
12140.2
8788.34
11626.1
6349.58
8057.96
12961.9
7565.07
7683.24
8373.24
9634.69
10057.5
3962.61
4565.31
3602.99
2303.27
3971.75
4315.65
2752.85
2873.51
4843.7
5506.75
3586.9
2824.64
4872.73
5264.8
3426.35
3434.51
2943.53
2487.7
1834.04
1578.05
2606.87
2718.92
2247.87
2103.88
1665.07
1496.55
1111.11
1160.74
1555.52
1493.64
1150.92
1024.95
4342.38
3483.84
2368.04
2631.5
3094.97
2932.53
2620.41
2503.46
4719.94
2724.89
3699.07
3713.57
3211.52
3241.32
3688.03
3450.08
2931.62
1838.95
1858.13
1542.81
2087.08
1847.32
1918.04
1789.26
2912.58
1470.01
1763.28
2658.14
2670.42
2027.76
2779.95
1981.33
3912.45
4318.09
3113.83
2100.47
3761.41
4123.61
2489.34
2576.04
4392.78
4806.65
3046.42
2454.47
4317.07
4682.74
2917.53
2908.85
2474.03
1814.6
1036.09
1250.97
1949.72
1942.11
1685.58
1524.83
1657.51
1520.1
1026.09
1210.42
1584.14
1505.92
1171.9
1061.07
3970.61
3171.86
2156.76
2373.94
2733.09
2583.46
2373.32
2258.55
4329.62
2380.84
3230.18
3376.48
2816.96
2795.1
3375.96
3037.68
2644.25
1663.73
1716.79
1345.92
1911.51
1686.71
1716.09
1668.09
2613.47
1271.23
1651.76
2265.54
2355.81
1796.01
2428.26
1731.28
7.24003
7.3892
7.25856
7.7204
7.45938
7.2939
7.5323
7.39749
7.68476
8.87813
7.5664
9.88488
8.70422
7.73275
9.02696
8.28611
7.35322
7.63269
7.63356
10.8525
8.04755
7.71168
9.33472
8.92763
10.0286
11.7063
12.9431
17.9212
11.3623
10.1973
13.9187
13.7177
7.7622
7.51256
8.2943
9.0939
7.95534
7.66481
8.22587
7.88696
7.46005
8.6536
7.56251
7.38731
7.67446
8.07004
7.35981
7.73523
7.788
8.94995
10.2689
10.7751
7.99526
8.48289
8.97204
9.17228
7.65204
10.8641
10.1641
7.94943
8.24194
8.81827
8.35495
9.43179
1322.08
2075.55
1833.53
2670.7
1973.96
1957.2
2018.34
2138.2
2903.1
8497.42
8544.08
8473.76
4823.25
6285.32
5362.14
8531.91
3411.54
8593.59
8619.65
8588.3
6614.96
7094.78
7466.39
8628.15
4260.75
8470.95
8549.11
8516.7
5740.38
6161.02
6827.62
8535.87
2993.07
3152.64
3548.59
4927.53
3116.34
3003.66
3417.81
3477.32
3127.69
6049.66
6831.86
3289.11
3478.5
5113.69
3460.37
5754.37
3319.73
3863.61
5569.49
7121.31
4030.4
4050.48
6193.36
5413.72
3664.89
8581.2
8502.1
8587.93
6096.9
6774.57
6393.85
8530.05
2507.19
3884.31
3291.24
3703.98
3151.6
3232.11
3471
3662.4
5620.58
9272.23
9301.85
9229.28
6623.33
7246.73
7531.43
9271.22
5381.01
9320.71
9431.91
9343.25
8488.72
9446.76
8053.48
9423.58
4642.73
9196.82
9261.6
9214.69
6215.87
6913.38
7445.36
9246.57
4685.25
4335.87
4398.52
6362.9
5075.15
4566.16
4892.12
4577.46
4895.94
7076.32
8152.44
4472.96
5447.37
6961.4
5778.54
7538.97
5054.82
4668.04
7330.71
7725.8
5205.52
5039.25
7309.53
7048.28
5541.6
9307.02
9225.71
9288.4
8073.51
8032.83
8138.38
9253.48
547.416
920.016
551.783
505.673
527.534
571.34
502.305
541.337
1418.03
1893.67
1288.01
1517.53
1421.63
1462.58
1430.2
1398.63
606.188
889.181
566.116
565.421
628.462
661.603
566.703
592.703
447.942
983.054
526.733
331.307
406.021
548.461
373.937
513.548
962.48
562.698
490.641
981.336
932.461
580.619
958.827
555.543
993.14
988.357
943.158
612.066
939.041
991.428
906.164
933.57
552.452
448.331
958.354
569.445
549.157
523.594
580.114
583.511
610.933
621.71
977.566
932.711
669.232
646.895
924.368
942.408
14.3742
8.50491
41.5232
65.6983
15.1091
11.0918
30.7681
17.0687
7.83292
8.1034
16.8659
10.0094
8.30298
9.11298
9.10654
9.92853
315.689
333.052
3588.86
1128.99
862.761
2275.63
1335.76
2250.87
75.0429
12.9237
147.458
47.2029
53.3764
31.0194
64.1672
40.3966
9.12006
53.2624
49.3764
11.1481
10.1009
17.5887
10.9311
22.3672
8.07282
12.7158
105.801
104.838
9.31807
11.8079
16.4137
31.4223
137.186
86.3013
12.7034
175.051
158.213
37.0682
142.743
31.4956
176.119
202.294
16.5194
116.378
156.13
149.629
53.3275
51.049
2410.72
3960.16
3076.52
3203.96
3039.08
3190.02
3050.11
3262.33
5092.43
9099.25
9061.91
9110.88
6187.37
6040.71
7021.09
9066.8
3585.99
9094.06
9121.42
9152.67
5925.6
6434.48
7187.94
9128.07
4822.48
9148.38
9161.34
9180.62
7119.31
7007.84
7557.52
9161.38
4606.3
3420.74
4228.45
6463.38
4634.56
3798.65
5160.15
4062.25
4111.5
6573.24
6342.65
3357.31
4359.04
5478.71
3990.21
5556.17
3626.1
4386.94
7161.37
7119.12
4188.31
4486.27
6046.86
5986.51
3753.94
9145.24
9093.47
9088.77
6103.88
6915.3
6943.75
9102.07
8694.17
4073.11
8613.59
8692.04
7759.75
6724.53
8663.95
6773.73
2324.61
1662.67
2381.27
3264.45
2425.62
2354.58
2813.54
2550.54
8560.9
2633.54
8542.33
8552.48
6059.36
4444.52
8548.65
5329.54
8676.74
4531.2
8598.5
8665.82
7313.93
5696.49
8643.51
6180.59
3894.43
6610.46
7555.12
4440.98
4071.09
5808.81
4617.95
6192.05
3637.76
3983.28
2849.05
4965.5
3660.44
3456.98
3332.3
3207.9
8587.26
8655.22
4221.18
8559.96
8591.11
6166.6
6159.51
5174.15
5588.38
5401.11
3842.64
2826.2
4656.63
4641.09
3126.01
3448
1853.24
2748.68
3254.2
2992.47
2235.66
2693.43
2837.9
3201.86
4734.44
7342.74
7314.73
7299.78
7092.8
6518.27
6839.61
7318.15
3717.25
7279.32
7242.07
7224.72
4572.67
5546.79
4955.09
7240.27
4142.51
7304.86
7252.19
7288.21
5166.12
5447.41
5660.1
7259.83
3375.28
3679.26
3457.83
6081.81
4139.76
3856.34
4655.36
3968.3
4401.49
6182.53
5900.81
4014
4669.09
6167.58
4619.27
5639.44
3697.22
3871.31
6278.51
5312.4
3947.35
4021.62
4760.39
5278.74
3826.94
7231.35
7286.18
7275.65
5054.19
5173.53
5848.46
7277.22
7.46063
7.38573
7.27032
7.96967
7.60249
7.37441
7.75646
7.51094
7.27207
7.2139
7.21248
7.332
7.27775
7.22007
7.28356
7.2338
7.22318
7.21454
7.21481
7.32852
7.22849
7.21343
7.2473
7.22011
8.3712
8.13659
8.20686
9.57818
8.70652
8.26119
9.0772
8.69529
7.438
7.33067
7.97176
7.6856
7.44036
7.49915
7.55366
7.61053
7.26496
7.41877
7.21388
7.22741
7.29853
7.29975
7.2264
7.23709
7.3554
8.05917
7.81889
7.70292
7.5139
7.77091
7.63798
8.02228
7.25612
7.46316
7.60826
7.223
7.29717
7.3987
7.26629
7.40325
8562
8579.6
134.853
8611.34
8602.75
5873.3
6917.3
4477.45
8592.84
8603.26
324.675
8631.81
8625.14
6527.44
7294.72
5452.59
8.47965
12.7995
10.1574
14.8598
11.426
9.04008
11.8393
12.2546
8657.8
8659.44
293.146
8696.63
8702.49
3107.72
7259.23
2739.87
8612.92
248.607
8651.75
8658.17
7138.3
3553.25
8621.41
3683.26
6272.32
4221.96
93.1127
24.4489
5018.72
4205.21
213.601
383.177
160.278
7221.25
7302.76
243.356
201.45
3067.21
291.203
2666.07
27.8057
88.7966
3756.96
99.8881
41.7932
65.0893
289.782
331.729
1008.04
28.0258
2118.73
21.5894
498.987
569.085
1068.12
886.072
7.79887
7.66477
16.2108
7.25571
7.68783
8.19124
8.0307
8.48974
2291.85
292.591
2622.33
133.274
1714.79
1767.56
1886.32
1814.67
7.49757
7.34818
11.3221
8.12168
7.48707
8.06047
8.20297
8.34139
16.7831
1400.7
12.9448
6.60517
29.5398
692.343
5.181
31.308
18.0012
7.29802
93.2327
1455.84
25.9028
23.4497
163.17
88.5148
1658.74
17.3054
7.19369
61.4348
61.1047
22.4406
38.7784
18.7636
1551.55
70.4399
7.05746
109.908
1237.67
75.299
121.622
7.52049
1267.03
33.7656
2194.9
26.9771
617.498
698.977
1154.11
985.828
7.98101
7.60667
19.1856
7.4031
7.85102
8.36406
8.46811
8.90666
2149.8
184.944
2442
179.108
1745.01
1818.2
1999.43
1927.36
7.87765
7.42
14.5887
8.71255
7.79178
8.85315
9.0149
9.52586
19.1899
1477.34
15.5327
6.73299
33.0224
755.683
5.43857
36.308
22.125
7.53106
94.7284
1550.58
29.8539
26.8025
143.755
84.6902
1758.45
22.7493
7.49933
73.8424
73.5788
28.2834
47.6184
23.4302
1646.14
85.9907
7.32
133.487
1319.46
88.6497
163.531
10.0365
1280.18
1448.08
2860.16
2115.4
1894.8
2068.37
2446.09
2379.77
1170.49
1595.1
2169.95
2011.16
1652.11
1756.04
1992.55
2067.25
3824.28
2940.77
5746.24
6455.03
3824.29
3771.43
6020.94
5440.22
3068.72
2972.92
6018.74
5510.79
3796.12
3818.97
5678.7
5189.18
1494.59
3074.62
2500.03
2232.29
2019.05
2613.76
1851.15
2702.63
1596.16
2300.81
2343.07
3152.59
1952.87
2196.16
2352.32
2341.09
4013.89
3573.48
2920.44
6124.94
3970.35
3381.95
3892.19
3548.18
3781.11
5593.35
2829.72
2829.33
3640.78
3932.59
3022.38
3034.58
7.3347
7.29204
7.3917
7.66977
7.41146
7.32556
7.50616
7.48238
7.35111
7.55495
7.53655
8.00059
7.51341
7.46893
7.65295
7.64728
7.63257
7.88632
9.64495
18.105
8.6731
7.79832
9.82345
9.26811
8.85411
9.71356
18.5026
15.8915
10.4664
10.0779
12.3762
13.65
7.39393
7.73642
8.00722
8.50277
7.46821
7.56593
7.5796
7.8302
7.34042
8.19245
7.55781
7.49312
7.46021
7.6875
7.3622
7.73157
8.09246
8.31832
9.07304
11.9343
8.86808
8.32817
9.92854
9.60782
7.9158
12.849
9.11577
8.07578
8.55307
9.63119
8.15711
9.14892
7228.65
7235.79
7229.28
2340.47
6018.13
7212.67
5665.02
6240.57
7231.78
7250.83
7234.12
3964.91
6589.79
7219.04
6402.61
7553.41
7252.84
7279.82
7304.44
3195.55
6625.88
7266.69
6540.27
7062.99
925.234
1393.35
882.141
310.532
783.438
794.346
728.473
695.236
6067.62
5673.39
2262.87
2923.66
5414.46
5272.14
2699.17
2402.22
7225.81
3320.94
7239.11
7228.34
6192.39
5620.31
7224.72
6194.55
5511.35
2260.49
2849.33
2361.03
2539.34
2388.5
2434.14
2319.64
6315.54
2439.29
3394.78
7529.95
6003.84
2604.07
6231.76
3896.6
102.764
108.905
105.873
65.3597
99.967
99.1134
73.0653
86.6596
113.581
153.384
197.534
115.034
120.253
135.915
113.727
143.332
204.17
295.164
466.473
323.729
270.566
308.673
316.677
357.594
49.4679
67.1532
160.07
40.4724
51.4663
65.033
52.8413
62.7619
93.8647
116.942
63.5194
70.1583
82.5226
74.3779
78.7379
68.6099
97.5443
89.4312
196.187
134.283
94.3212
95.9795
135.013
165.571
114.431
52.935
71.5668
161.832
105.848
62.9959
137.027
69.5582
145.382
189.205
89.3081
210.404
176.672
167.412
176.912
159.771
7244.9
7182.9
7191.21
1951.65
6493.08
7200.36
5986.53
6317.51
7158.75
7153.03
7139.5
2331.19
6051.46
7144.32
5554.67
6085.35
7161.71
7136.98
7147.14
1913.37
5894.16
7147.41
5316.22
5875.48
380.124
711.686
758.705
137.448
316.341
649.194
357.533
561.629
6173.07
5960.41
1441.01
1553.04
5657.15
5622.41
1948.82
1899.67
7157.81
2167.01
7137.09
7169.7
6165.57
5455.02
7148.38
5852.99
5461.9
1412.94
1525.75
1700.15
1843.73
1699.73
1679.43
1598.92
6080.96
1853.58
1905.52
5945.5
5393.7
1998.57
5310.33
2080.42
7233.18
7218.72
7224.23
1872.03
5978.36
7211.25
5652.19
6416.4
7221.27
7243
7226.55
2469.49
6112.83
7211.33
5629.05
7099.71
7220.75
7255.56
7251.29
1973.38
6611.1
7232.21
6729.67
7477.91
587.847
851.023
394.134
166.192
493.792
535.645
396.349
366.406
5625.66
5766.62
1799.96
2161.03
5125.25
5272.89
2146.39
1884.17
7208.34
2360.34
7233.93
7207.02
6142.5
5555.46
7211.65
6371.31
5479.57
1800.25
2061.41
1701.22
1941.59
1837.42
1789.68
1785.77
6297.38
1641.05
2261.38
7586.98
5936.72
1935.56
6461.65
2372.07
21193.5
21124
6005.65
31636.7
31642.6
14898
25669.6
13951
21142.4
21192.2
3754.19
31660.3
31629.9
14292.8
25556.2
13584.7
2943.67
1412.08
750.192
3359.39
3115.36
1634.35
2806.54
1643.46
31617.6
31630.5
9936.8
31656.1
31632.8
23849.9
26472.6
21722.7
31598
7543.99
31642.9
31664.2
25144.4
17914.2
31645.3
22099.9
14462
22191.7
2701.34
4336.73
13626.4
18305.2
4577.22
6413.54
6672.34
26115.2
26035.7
8362.1
8845.33
20232.1
9655.55
21347.7
4592.52
5769.63
20301.4
2657.77
4891.74
5945.18
5422.27
7843.86
21167
21176
3004.94
31669.2
31644
13724
25327.2
13260.7
21147.8
21202.3
6229.48
31628.3
31615
14190.5
24010.7
13175.5
1171.69
2792.22
678.263
2779.46
2227.24
1930.05
2193.41
1993.08
31649
31628.4
9071.6
31606.1
31599.9
23490.2
26247.6
21389
31628.1
5446.14
31682.9
31655.4
25013.2
18094.5
31660.3
22316
14110.2
21767.8
4651.72
2676.59
13269.9
17662.3
4413.82
6018.9
4580.8
26365.9
25511.4
7389.33
7351.71
20565
8461.42
21005
2690.41
5081.28
19377.8
4563.36
4121.79
5059.35
5385.86
6667.86
20762.6
20719
5022.65
30822.5
30797.6
14274.1
25172.4
13521.2
20726.4
20748.2
3791.85
30806.3
30769.5
14036.7
25085.6
13364.5
2280.37
1182.89
567.526
2888.29
2564.66
1229.03
2311.31
1242.53
30821.4
30800
9557.38
30846.4
30821.5
23404
26187.6
21402.3
30753.4
6814.72
30835.8
30822.8
24677.4
17562.5
30803.6
21664.8
14144.7
21779.2
2367.64
3691.28
13382.1
17995.4
4070.3
5986.55
5957.21
25734
25631
7838.32
8081.94
19832.4
9031.71
21032.2
3873.91
5293.55
20054.7
2327.31
4352.43
5446.39
5024.54
7466.02
20818.3
20736.3
5931.15
30813.5
30823.2
15262.2
25254.8
14326.7
20710.2
20685.4
3499.94
30757.2
30736.4
14097.9
24622.8
13326.7
2491.57
1722.29
645.179
3002.48
2716.87
1547.77
2469.12
1562.31
30789.5
30764.9
9892.32
30821.3
30796
23255.6
25979.6
21374
30758.9
7278.35
30814.4
30797.3
24775.5
17870.8
30800.8
21771.3
14226
21483
2594.06
4000.25
13398.9
17647.4
4508.88
6092.73
6368.03
25696.6
25460.5
8175.34
8602.29
20083.8
9410.36
20970.5
4065.6
5395.89
19796.9
2561.43
4483.77
5517.61
5114.55
7426.65
20765.9
20753.2
3093.03
30834.4
30801.2
13579
24717.1
13166.6
20742.3
20818.5
6129.32
30797.5
30782.8
14446.8
23736.2
13325.9
1392.97
2345.84
640.064
2686.99
2192.32
1657.09
2077.19
1706.9
30838.9
30793.2
8853.3
30779.1
30796.2
23100
25227
20947.1
30768.6
5456.79
30854.2
30815.1
24517.5
17896.3
30808.8
22085.3
14249.7
21530.3
4547.46
2844.55
13515.7
17709.3
4496.74
6079.53
4646.81
25841.8
25066.7
7293.16
7300.8
20417.9
8362.33
20772.4
2941.61
5105.82
19263.8
4529.81
4242.54
5141.81
5424.87
6699.84
20833.2
20717.3
5087.32
30826.7
30830.6
14161
24883.6
13179.4
20716
20719.9
3876.94
30779.2
30751.2
13996.3
24874.7
13274.3
2065.41
1199.7
442.513
2667.2
2297.58
935.018
2064.16
982.8
30813.1
30774.9
9194
30831.2
30826.3
22940.2
25790.8
20997.5
30748.5
6251.82
30831
30801.9
24714
17028.6
30792.6
21161
14103.7
21418.7
2518.09
3732.81
13291.8
17726.7
4264.66
6056.35
5505.92
25491
25516.1
7514.52
7330.56
19342.6
8628.08
20666.5
3872.22
5289.04
19618.7
2466.71
4347.5
5440.89
5086.65
7435.23
20732.6
20760
3022
30817.7
30781.8
13611.4
24682.9
13144.7
20764.3
20802.2
4672.71
30800.9
30790.4
14388
23991.4
13458.6
1044.61
1671.54
369.541
2330.4
1783.08
1151.51
1641.07
1214.68
30840.2
30811.4
9046.93
30777.3
30799.1
23430.7
25503.6
21418.1
30777.7
5220.8
30850.3
30826.2
24726.6
17836.4
30817.3
21946
13923
21650
3387.08
2303.97
13253.9
17561.7
3868.69
5736.66
4318.9
25820.6
25422.4
7082.75
6933.05
20268.3
8146.94
20911.2
2393.62
4889.31
19834.9
3351.82
3764.19
4962.81
4982.04
7011.95
20771.2
20771.7
3339.42
30838.8
30807.9
13622.3
24835.8
13230.8
20752.7
20890.2
6129.24
30827.2
30805.2
14916.7
24217.9
14088.1
1364.44
2328.92
505.241
2574.2
2120.49
1617.68
1974.5
1652.74
30817
30804.1
9070.77
30756.1
30772.1
23062.7
25441.6
21034.7
30784.4
5517.13
30851.6
30830.3
24756.5
17919.3
30822.1
21893.4
13861.9
21553.5
4356.22
2628.73
13138.9
17633.1
3922.29
5892.18
4670.44
25882.5
25204.6
7392.34
7309.23
20252.9
8436.58
20795.9
2780.82
5049.84
19415.6
4385.67
4053.32
5070.33
5329.68
6810.36
20812.4
20919.7
30783.8
5431.62
21408.9
30872.2
17445.3
25925.6
20915.7
20806.3
30831.1
4673.37
19881.4
30805.5
17448.3
21445.4
30741.3
30816.5
30707
4452.38
17623.5
30773.9
12953.4
22305.6
2435.62
2834.15
2366.56
1868.6
2332.14
2361.77
2130.07
2266.15
21325.3
19378.7
4080.41
4280.91
19143.6
17269.8
5200.76
4552.44
30910.9
4572.46
30831.6
30779.2
25995.7
18038.5
30841.1
19777.3
14674.6
3798.34
4008.67
3675.59
4211.56
4021.48
4125.76
4011.66
23734
4224.98
4226.26
22239.7
15613.7
4774.77
16456.4
4683.15
20763
20860.6
30751.2
5820.1
20853.6
30823.1
16648.5
24680.6
20874
20838.6
30845.2
5104.36
19578.2
30826.1
17023
21284.1
30745.4
30848.9
30705.7
5371.88
18266.6
30806.8
12802.3
22841.4
3205.56
3266.34
3090.53
2264.27
2885.37
3021.36
2705.11
2999.93
19817
17711.6
4832.51
4762.35
17576.7
15753
5321.09
5306.25
30858.4
5082.54
30852
30774.3
24798.3
17814.7
30832.6
20052.3
12984.7
4580.58
4540.08
4261.84
5315.36
4929.01
4693.05
4538.7
23933
5024.79
4876.96
22759.1
16345
5343.01
17188.7
5265.59
20700.1
20860.1
30711.1
6056.37
19814.7
30792.5
16719.6
25525.8
20896.6
20817.8
30844.3
4739.81
19737.2
30826.8
16912.8
21349
30743.1
30844.9
30741
4185.48
19016.7
30824.6
14640.9
22615.7
3625.57
3152.4
3081.67
2346.29
3159.46
3021.55
3175.18
2924.02
21557.6
21133.1
5218.85
4241.13
19672.5
19006
5184.53
5331.72
30892.8
4407.69
30853.9
30794.3
25268.7
18013.6
30853.4
20251
16367.2
5177.26
4058.77
4200.78
4957.75
4649.65
4295.54
4205.27
24565.8
3982.07
4186.64
22091.3
16724.3
4230.67
16872.2
4479.97
20784.7
20958.5
30790.6
6563.92
20150.2
30894.5
16121.6
25855.2
20958.1
20812.5
30853.9
5499.15
19881.8
30830.4
16944.7
20995.2
30771.5
30841.2
30731.7
7006.3
19026.8
30807.2
13890.4
22416.5
3818.37
4214.07
4206.64
3093.25
3685.14
3784.2
3437.54
3749.92
21485.2
19056.2
5823.94
5550.36
19472.4
17252
6815.5
6437.25
30956.9
5620.77
30875.2
30825.1
26238.8
18595.9
30886.4
20798.9
13713.4
5459.48
5344
5563.92
6481.89
6056.37
6073.41
5810.18
24246.6
6254.89
5417.81
22418
16985.1
6658.3
17246.4
6301.47
20777.7
20933.4
30791.5
4688.95
19901.2
30901.8
16016.7
27562.2
20956
20937.2
30827.1
5839.2
20579.8
30929
18062.7
24967.1
30729
30778
30695
4286.26
17699.4
30744
12756
22241.3
2658.46
2893.87
2609.62
1881.33
2571.72
2508.85
2489.78
2434.94
22165.3
18255
4483.31
4490.64
20442.2
16613.4
5960.45
5137.06
30961.7
4621.28
30791.8
30745.8
30745.6
17814.5
30809.8
19659.6
13180.9
4172.09
4160.05
4031.2
4592.91
4452.93
4294.64
4302.9
23376.9
4101.24
4170.35
22453.4
15272.9
4373.86
15958
4488.39
20765.5
20984.1
30783.1
4510.39
17703.2
30921.3
14092.7
28430.7
21061.6
20831.1
30847.8
7285.63
20351.9
30862.7
18005.5
23237
30732.4
30839.8
30714.2
5190.62
19024.9
30793.2
13102.8
22383.9
2773.66
3897.62
2911
2288.9
2775.65
2859.92
2620.03
2772.14
22929.3
18636.8
4606.42
5763.21
21689.9
16718.2
7104.6
5812.72
31120.4
6533.39
30857.7
30773
34423.9
19111.4
30865.1
21067.4
12938.1
4188.25
5213.89
4322.75
4890.01
4922.06
4778.61
4792.53
23990.3
4746.78
5649.45
22934
16724.4
5330.39
17219.8
6023.19
20763.3
20987.4
30772.1
4772.14
18931.7
30901.7
14811.3
27767
21077.6
20868.4
30929.1
6806.38
20770.1
30879.1
18765.6
23174.4
30744.4
30880.3
30724.4
5290.63
18744.4
30809.3
12974.1
23618.3
3024.04
3754.42
3371.18
2680.8
3084.75
3352.92
2911.3
3244.22
23568.5
17644.1
4708.49
5814.86
22472.2
16250.7
7249.8
6030.05
31147.2
6257.47
30922.7
30770.6
34839.7
20197.7
30875.1
21526.7
12297.5
4183.14
5429.95
4639.78
5072.52
5190.38
5055.26
5338.15
23306.4
5050.33
5517.7
24238.6
16644.6
5437.32
17976.4
5539.54
20730.2
20974.9
30746.7
4449.97
18644.2
30892.9
14515.2
28245
21052.7
20849.3
30890.3
6498.29
20623.8
30859
18624.4
23332.5
30715.5
30851.1
30701.1
4716.6
18523.6
30790.2
12294.9
23593.2
2725.48
3392.19
2900.31
2127.67
2725.3
3006.68
2517.37
2829.9
23094.6
17485.9
4181.22
5417.55
21988.4
16118.7
6796.68
5543.82
31131.2
5846.67
30902.4
30767
34590.4
19711
30867.4
21439.5
11633.6
3648.9
4989.91
4097.74
4632.57
4713.25
4575.93
4864.27
23909.3
4539.74
5060.69
24225.6
16177.6
4858.15
17584.8
5048.35
17.1216
8.51821
8.26953
255.949
24.6934
8.80213
32.0522
11.0688
7.79389
7.61508
7.43158
9.91252
8.27524
7.55363
8.70001
8.05711
7.54486
7.40568
7.3474
8.68031
7.83718
7.4348
8.009
7.66041
260.378
19.5683
17.9587
179.246
174.977
37.3997
148.357
45.4911
8.83913
8.6571
185.315
15.2521
9.31782
11.1626
13.4901
25.5522
7.58479
10.1944
7.45004
7.57974
8.28574
8.79333
7.67591
8.00217
9.25386
193.638
15.0142
14.2783
12.7267
39.7695
13.4423
27.141
8.05855
10.7204
10.956
7.80903
8.34273
9.5453
8.16662
8.57565
899.968
1008.07
673.787
766.494
868.141
798.165
755.965
734.135
1288.33
1695.01
1258.66
1297.21
1329.61
1287.04
1204.7
1289.66
537.726
1048.41
708.008
542.183
548.06
624.792
529.872
671.908
639.7
997.344
497.718
655.525
682.491
652.893
556.321
609.163
1024.39
590.819
739.383
1001.7
889.242
690.581
957.713
691.962
956.465
975.651
891.521
566.725
898.683
956.228
805.603
843.894
517.981
588.482
896.864
459.139
525.977
616.676
529.713
649.374
538.189
543.539
975.917
920.39
558.48
552.585
801.201
871.465
25669.7
25785.3
25737.7
7145.59
14747.8
25699.5
13261.2
20518.2
25782.1
25758.5
25720.2
25703.4
14813.4
25765.7
15054.3
25742.4
25761.4
25646.3
25554.2
25723.1
18319.6
25626.1
17323.5
25581.2
7186.33
25703.4
25689
25625.3
12981
21854.2
13929
25734.3
16454.3
16480.2
7010.47
12783
15265.5
16169.5
8103.35
7772
25729.2
21869.7
25708.7
25689
21700.2
15837.3
25744.3
16638
14465.6
7279.75
12626.1
13290.9
8533.71
7972.08
12310.4
11274.6
20232.1
25752.3
25750.6
25674.9
17198.4
21924.7
16408.2
25717.6
25768.1
25699.1
25633.5
25636.7
25804.8
25802.5
17600.1
18438.8
25474.9
25510.3
25696.8
25605.8
25484.7
25502.1
17195.5
16747.9
25554.8
25627.5
25540.7
7019.94
21002.4
25580
11325.6
13124
25543.2
25584.6
6868.68
25572.4
25568.1
21457.9
14066.7
13111.5
25596.3
21177
25663.8
25625.1
17506
17265.2
25631.6
21477.9
25536.8
21073.9
25649.7
25634.4
16953
16346.1
25672.3
21592.1
13781.1
15306.5
15333.2
7504.55
10138.1
14313.3
9323.83
14323.3
15090.6
7220.88
14191.1
11974.6
13317.4
8696.71
11699.2
8427.38
25591.8
25670.8
25694.8
6827.49
13727.3
25715
12117.8
21818
25740.1
25532.4
25611.2
25652.2
16022.3
25559.5
16478.7
25591.4
25709.4
25674.2
25717.4
25720.7
12762.6
25696.7
12213.3
25720.2
6770.94
25645.4
25674.4
25648.6
12197.6
19863.3
13383.4
25610.4
12133.6
11085.9
6906.14
13128.2
11051.4
10193.9
8142.62
7541.32
25770.4
19866.8
25635
25763.1
22137.7
15494.4
25736.1
14755.6
11104.9
6584.06
15099.5
14291.5
7252.64
7293.5
13674.2
14761.5
21960.2
25673.2
25612.3
25664.1
13480.1
21886.7
14514.3
25666
25581.5
25651.2
25564.9
7241.83
14082.9
25578.1
12156.1
20365.5
25701.5
25543.7
25493.6
25681.5
17970
25549.6
16421.4
25514.2
25669.6
25783.5
25819.1
25656.2
18859.5
25871.6
17897.4
25852.1
7400.47
25638.3
25578.6
25563.4
13370.9
20411
14389
25651.9
15549.7
14993.8
7610.86
13089.1
13788.3
14661
8806.52
9091.35
25640.8
20965.3
25607.3
25642.6
20964.5
16981.9
25696.1
17673.5
14424.2
7975.54
15083
15829
10520.7
9808.14
15375.4
13892
21957.6
25707.4
25727.8
25671.7
17476.6
20890.6
17617.5
25687.4
25725.8
25694.6
25720.2
25688.5
25732.6
25711.7
14952.1
15644
25625.2
25528.4
25735.3
25646.3
25602.4
25567.1
17870.5
18949.5
25723.5
25717.2
25646.7
6964.22
21716.3
25722.8
14573.6
15882.5
25650.5
25615.1
7091.4
25591.8
25620.6
21605
13243.3
12449.8
25683.3
22470.4
25656.5
25638.5
16728.1
15943.8
25667.7
21916.9
25653.4
21722.7
25718
25729.8
17493.6
17177.4
25712.1
21717.3
16154.1
12736.6
12753.1
6841.88
8160.85
11409.7
7564.86
11463.1
17107.5
7140.66
11463.3
17337.4
16219.3
7983.64
16140.7
8479.96
25611.7
25677.7
25571.3
25612.2
22666.4
25606.4
25595.6
23441.2
25695.8
25660.4
25685.7
7057.02
21594.6
25687.1
19065.8
21441.1
25538.1
25641
25529.5
25534.3
21068
25550.3
25532.4
23232.5
25641.4
7107.63
25599.7
25658.4
21483.5
18389.4
25618.1
20495.4
22006
21192.6
21004.4
8575.18
19752.7
20448.5
9284.88
18242.8
25678.9
8876.49
25654.9
25576.2
21704
19494.8
25645.4
21081
25560.6
25572.5
8370.54
25538.1
25547.2
20109.3
20285.6
17948.9
23361.8
19914.2
8448.57
21175.9
20352.1
17828.9
19011.3
8997.34
25649.8
25611.6
25607.4
25622.6
20267.3
25624.6
25631.7
23509.4
25564.8
25584.5
25608.2
7148.36
17419.4
25590.8
15528.3
20211.4
25579.3
25616.9
25600
25563
21066.5
25584.5
25568.6
23463.1
25606.9
7124.63
25591.4
25595
19524.3
16479.3
25580.5
19385.9
19468.7
21219.8
20485.4
8994.03
17722.7
20374.7
9779.85
18347
25599.6
8458.2
25608.7
25604.9
20749.8
17769.7
25597.5
20084.7
25565.1
25602.6
8687.08
25549.8
25560
20185.5
19592.2
16988.9
23331.6
18721.1
8353.8
21380.2
19809.3
16218.2
18344.5
8730.69
25563.4
25624.1
25542.7
7070.53
14294.1
25554.1
12131.1
20285.9
25662.2
25513
25453.9
25613.7
18091.4
25518.2
16560.9
25486.7
25615.8
25699.1
25735.9
25611.6
18863.5
25792.4
17825.1
25769.3
7286.61
25588.5
25548.1
25539.2
13653.3
19542.6
15395.6
25617.4
15874
15094.9
7473.19
12822.6
13968.5
14862.1
8804.71
9067.02
25602.8
20333.1
25545.5
25592.1
20805
17204.2
25645.9
17921.2
14451.5
7858.94
14558
16170.6
10540.1
9768.2
15162.9
13495.5
21526.2
25651
25652.9
25589.5
17368.5
20264.4
17520.9
25619.2
1255.91
2328.42
3262.82
2784.1
1510.63
2184.82
2641.37
3192.35
5012.61
8619.75
8552.93
8537.83
8178.3
7303.63
7664.39
8569.72
3726.73
8506.16
8470.04
8451.28
4747.22
6081.52
5299.85
8467.4
4441.32
8542.2
8488.92
8530.16
5774.57
6082.27
6321.23
8499.35
2968.91
3798.55
3476.34
6772.88
4272.48
4022.6
5011.23
4186.48
4350.95
6808.88
6522.74
4077.59
4792.77
6809.69
4726.16
6095.55
3784.92
4084.75
6818.97
5967.6
4163.08
4283.29
5107.03
5733.05
3893.99
8460.4
8510.81
8504.91
5340.03
5566.34
6322.99
8490.07
3763.08
2235.01
3523.43
3468.94
2913.78
3055.91
3067.22
3203
1682.4
938.25
1361.83
866.263
1201.44
1258.23
1153.82
1122.64
4185.44
2530.84
5022.07
3238.04
4190.48
4814.08
3805.58
3957.33
3334.03
1166.86
2580.45
1995.72
2742.55
2658.27
2599.54
2316.55
2061.15
3493.89
3385.69
1408.07
2057.12
3192.31
1697.57
3143.35
2179.53
1398.38
2109.45
3635.84
2087.63
1945.88
2310.23
2035.55
3687.32
3699.74
1474.2
3369.73
3806.47
3397.06
3222.47
3041.47
3846
2840.07
1320.04
2064.32
3829.15
2973.05
2020.78
1584.89
8.13335
8.06303
7.35145
11.5651
8.30538
7.76466
8.53438
8.26977
23.1339
1472.91
33.6892
2397.63
985.512
693.328
929.634
797.428
7.34455
8.03114
7.93732
13.5845
8.11303
7.87504
8.20697
8.27604
217.108
3148.52
385.232
3362.8
2634.34
2342.39
2501.36
2374.71
14.4386
7.35098
49.3475
2067.66
22.7053
20.4102
87.0916
50.2513
13.6776
1595.37
19.1774
6.76877
34.5277
728.166
5.53966
32.3868
7.32191
71.2616
1882.25
185.935
12.0883
91.6143
214.382
1510.8
7.54567
146.647
1657.9
20.8712
26.8008
121.284
30.4912
209.996
8725.32
427.95
8739.07
8713
7022.2
6234.6
8734.12
7483.42
17.4624
9.90969
26.9568
8.95023
9.04506
13.2024
13.41
14.3037
8755.67
526.777
8788.8
8757.82
5047.15
4416.3
8783.48
7232.48
8700.49
181.514
8724.16
8685.68
6234.54
4889.33
8717.84
7114.78
166.317
5655.96
6672.45
32.2487
375.283
5206.22
254.994
5444.18
178.844
37.3281
281.836
5055.45
356.526
97.6419
458.066
230.242
8749.7
8722.68
270.538
8750.44
8731.75
7305.87
4965.24
4195.94
7298.35
7181.34
180.88
384.232
4364.63
4318.78
405.55
285.91
1901.58
1286.21
1316.45
1264.04
1464.56
1345.66
1445.78
1283.18
1322.26
1185.37
633.416
811.416
1184.24
1002.92
761.61
711.895
1161.85
657.629
858.644
686.131
763.473
775.249
858.874
811.856
877.052
554.272
518.358
406.18
590.079
502.961
506.59
419.989
1094.9
1041.44
1035.34
753.216
950.009
922.123
978.514
929.146
997.746
642.58
590.472
1012.25
882.697
640.311
879.629
607.864
1101.34
975.872
543.473
657.754
957.439
849.563
612.636
514.204
1017.46
581.286
489.719
550.623
606.136
592.745
556.784
516.988
7.57898
7.73247
7.52494
9.42306
8.11815
7.60654
8.42575
8.11193
8.9036
16.3592
9.66324
117.46
19.895
11.2496
39.2729
46.7983
7.4833
7.70015
7.69967
9.82558
8.21657
7.6987
8.93312
8.55783
19.6911
132.48
20.3645
101.584
70.5253
73.3929
82.4524
79.6045
9.06132
8.0537
13.2134
75.4167
9.77646
9.24762
14.1223
11.2047
8.09548
60.5809
8.29139
7.67985
9.28797
25.6619
7.81264
9.6818
8.27855
15.029
83.5324
15.2214
9.00878
14.0945
13.4243
47.4405
7.97073
15.1417
77.8793
9.96258
9.31623
11.4575
10.6522
14.7686
779.727
598.539
805.318
562.738
632.607
613.68
645.494
611.038
779.51
1171.91
1356.24
954.612
872.59
1050.04
916.369
1167.56
1025.48
1433.63
1586.27
1158.42
1056.53
1163.55
1170.98
1291.64
459.362
777.2
922.509
600.982
502.552
626.988
620.512
767.995
585.352
749.743
480.661
692.202
590.95
545.959
609.479
532.028
658.111
830.91
1145.87
790.049
700.646
817.108
832.421
961.354
819.117
514.324
740.683
930.532
777.349
572.485
801.972
635.095
837.102
1009.28
953.96
1313.91
879.205
890.678
1030.89
1113.97
2395.04
3148.78
4198.39
4044.34
2744.94
3132.58
3740.93
4161.53
5879.42
9694.02
9636.37
9662.71
9164.03
8693.75
8714.2
9666.74
5007.27
9573.37
9514.46
9570.96
6130.77
7058.71
6151.5
9526.81
5611.67
9686.19
9603.75
9643.2
6931.18
7679.23
7008.56
9616.62
3949.42
4642.94
4699.5
8040.99
5021.26
4919.19
6080
5329.26
5432.88
8387.92
7812.05
5379.61
5965.96
8286.2
5977.88
7542.16
4634.83
5124.24
7848.2
6430.39
5242.9
5472.44
6258.54
7074.39
5243.95
9573.53
9638.63
9588.85
6703.95
7442.95
7286.68
9621.55
9502.35
115.212
9518.34
9551.32
7206.34
1951.48
9513.94
4658.57
10.2735
9.54011
15.9015
19.5253
11.0669
9.52599
14.9337
14.5214
9529.85
475.991
9529.05
9560.64
7386.51
5373.01
9527.98
6352.34
9584.62
616.256
9582.92
9627.08
7466.15
5031.04
9576.78
6311.23
102.971
7363.59
7257.38
341.657
250.886
4476.4
389.011
3906.65
26.3724
62.4244
76.9936
3845.07
36.804
45.233
228.921
201.181
9520.63
9547.62
498.842
9544.72
9554.64
5708.87
7101.64
5561.68
5397.9
6309.82
148.898
143.363
5420.68
4812.65
337.039
478.917
8293.32
8281.03
8307.29
379.701
6545.07
8302.7
5700.09
7154.19
8267.11
8251.61
8286.76
175.661
5831.27
8280.54
4655.6
6841.29
8321.3
8318.86
8354.8
377.514
4545.74
8345.06
4038.56
6944.69
15.1559
9.15322
20.0276
10.6752
8.93728
12.6875
12.2984
13.5116
6309.43
5213.33
147.029
51.2207
5248.61
4838.96
245.306
348.664
8287.15
264.149
8311.32
8314.7
7017.84
4058.97
8296.59
4692.83
4685.43
151.407
49.1524
170.406
370.431
294.418
150.63
73.5864
7012.03
299.175
175.322
6906.07
4057.09
338.998
4037.43
261.461
1074.94
22.5443
2178.15
39.6557
538.509
1065.26
712.985
945.744
7.94302
8.39555
11.9477
7.29941
7.65077
8.6359
8.34282
8.80402
2414.06
168.086
3241.22
439.896
1829.18
2119.56
1883.19
2019.21
7.87897
7.45344
22.21
8.25844
7.81043
8.70397
8.50667
9.3513
13.5757
1459.54
22.1199
6.64659
34.6589
733.198
5.44086
34.6357
19.733
7.3131
68.2531
1717.58
25.3753
21.4996
67.3248
43.988
1552.37
26.5156
7.48808
129.414
189.562
33.5335
107.6
29.8481
1637.94
154.722
7.24989
76.8511
1272.33
157.51
81.6468
10.0883
1244.4
2238.78
2274.35
1204.41
1694.38
2189.91
1533.97
2189.63
2690.68
3959.68
4734.33
2723.05
2913.32
3929.1
3151.84
4290.3
3569.27
5642.72
5758.84
3142.52
4169.98
5636.39
4150.27
5479.04
872.077
1685.3
1355.82
677.402
995.191
1548.35
855.527
1330.99
2436.22
2780.53
1506.46
2209.19
2520.09
2612.29
2001.34
1998.91
2885.73
2842.91
4899.81
3314.87
3102.15
3364.17
3273.68
3601.15
2820.92
1414.69
2261.24
2223.8
2011.35
1938.37
2361.12
2241.31
3384.84
2974.8
2960.65
5266.29
3944.03
3148.85
3797.35
3161.33
7.72164
7.55476
7.58958
9.62111
7.83661
7.45977
8.50187
7.89011
7.47541
7.44663
7.54918
8.99017
7.85458
7.36743
8.29891
7.82654
8.27475
9.53804
42.8839
197.495
14.6581
11.6605
55.6354
66.5266
22.075
17.7895
183.011
131.929
35.0556
28.553
96.1886
126.667
7.81229
8.38609
11.8964
9.81227
8.00937
8.39435
8.42891
9.69533
7.39022
9.26881
7.78491
7.72169
7.80692
8.40932
7.60508
8.37309
9.48128
14.941
13.1358
105.577
11.5361
12.3243
27.6755
20.7907
9.06172
149.713
14.3588
10.8626
12.9311
24.146
10.605
14.9684
7.63678
7.70044
7.42968
9.70579
8.32168
7.66325
8.48204
8.07804
11.451
23.2749
7.91542
139.524
67.0911
14.065
52.2402
16.9603
7.49842
7.60053
7.88628
11.505
8.32362
7.61086
9.00634
8.39912
20.0196
114.843
18.0258
81.15
60.0824
67.2382
69.8643
64.3207
11.2606
7.94912
15.4008
93.0874
11.584
9.95724
18.0405
12.5869
8.68349
67.6438
7.76714
7.64466
10.2352
32.2286
7.79908
9.43716
8.18246
15.7015
83.9402
13.2244
8.72825
13.9609
12.1998
44.5866
8.05574
12.4157
63.3173
8.52324
9.13512
10.585
9.5726
12.4648
9506.23
9443.81
3939.31
9554.9
9501.58
6170.87
7062.52
5324.81
9431.52
9460.59
3139.41
9523.82
9469.5
6173.93
6867.04
5560.81
3243.39
2297.55
1720.73
2221.8
2414.05
2204.7
2094.52
2021.07
9617.46
9592.44
4050.71
9686.42
9625.88
7390.74
8612.37
7255.25
9426.34
3840.15
9549.07
9523.11
6321.8
5024.23
9490.27
6097.64
5114.88
6523.59
3030.32
3419.42
4717.35
5396.05
3293.91
3296.59
3960.06
7544.09
7520.35
3462.53
4275.97
5929.64
3750.46
6357.8
3508.33
3255.64
6193.14
3084.7
3186.54
3349.67
3252.84
3515.04
9482.59
9551.14
3780.17
9471.23
9497.86
7313.48
5347.87
5014.52
9624.97
9703.48
5285.91
9612.75
9643.22
7991.23
7021.7
7364.1
3468.11
3439.34
2197.85
2858.07
3474.85
3272.54
2928.06
2816.42
9447.53
9500.3
3549.96
9432.01
9451.36
6828.36
5191.12
5232.32
9558.53
4041.28
9497.37
9566.33
6006.69
5235.52
9547.72
7218.63
7501.62
7864.23
4782.03
4167.59
5896.48
6356.09
4620.99
4875.45
3717.78
5614.47
6190.98
3274.82
4000.13
5190.68
4128.86
5316.03
3922.57
3238.79
6040.47
4489.72
4141.02
4262.19
4385.13
4703.26
9457.89
91.6497
9494.65
9459.18
4146.99
3157.79
9480.58
6080.66
8.46851
7.7859
18.602
8.4814
8.35876
9.354
11.4728
11.2152
9518.54
437.943
9535.26
9522.48
6921.06
5589.29
9529.02
7194.31
9459.24
101.596
9492.63
9450.7
4188.3
3149.87
9476.36
6037.74
44.4431
6287.47
4164.89
43.6681
164.695
4303.63
93.5887
3178.29
37.7974
40.0927
154.872
5139.84
97.5345
75.0879
229.005
160.884
9510.54
9481.42
171.119
9507.08
9498.6
6109.52
6294.07
4341.4
7064.87
6884.67
102.856
285.615
5603.63
5024.83
377.332
267.001
764.984
649.09
924.587
683.226
703.294
692.305
746.56
697.744
677.489
903.605
1282.91
811.145
712.427
892.49
794.985
1055.05
1093.49
1465.83
1455.86
1212.66
1113.31
1223.81
1234.02
1364.28
541.095
758.373
1016.51
594.596
576.248
675.906
615.412
757.934
625.737
870.747
591.388
673.776
631.953
629.039
618.599
625.111
675.828
789.764
1070.02
899.075
702.635
775.811
850.279
934.522
936.239
611.787
735.19
1032.01
889.445
648.34
924.432
676.451
941.503
1073.18
902.742
1224.45
972.136
989.773
1019.83
1056.33
8865.65
8813.26
263.025
8812.03
8816.17
6837.71
4020.47
2897.8
8771.01
8708.57
10.72
8710.01
8729.82
5871.39
1549.99
142.357
14.547
8.09813
7.59284
8.20139
10.2847
8.85679
8.59681
7.75603
8773.86
8710.01
13.1861
8702.94
8732.09
5944.22
1806.74
154.237
8769.16
147.395
8769.92
8732.5
3206.83
3351.64
8773.89
6190
6395.15
5912.05
10.1281
75.3178
1696.56
1939.6
94.5283
54.428
38.8142
3057.21
1611.1
12.349
113.085
1750.9
58.7628
2031.35
16.7934
8.22905
151.85
8.13029
12.0084
9.82708
10.8048
10.7703
8.21059
28.1103
34.2871
9.50234
10.1588
14.5384
10.4261
18.1872
381.753
8793.69
8850.75
8771.36
4385
6034.38
6921.54
8795.72
434.533
8858.01
8927.17
8851.67
5291.95
6639.96
6339.67
8835.59
109.057
8756.14
8810.95
8743.11
3128.19
5508.98
5483.42
8755.64
217.8
213.942
42.7174
4758.2
257.188
113.873
252.672
114.776
315.016
6190.05
6822.07
325.998
452.316
5383.22
517.697
5458.34
268.115
68.4484
6524.35
5959.66
389.648
215.569
4783.79
4750.99
442.793
8797.9
8769.44
8841.77
5531.64
6206.87
7149.71
8807.14
8.42631
34.4154
44.8328
12.1567
11.1382
17.8689
13.8004
26.1559
514.091
9561.58
9566.9
9527.33
5422.66
7039.32
7495.18
9544.57
674.657
9578.94
9607.6
9569.08
6617.27
7464.21
8011.49
9563.52
197.152
9513.21
9538.81
9492.01
4273.42
6484.73
7343.9
9512.97
280.231
383.858
98.6797
5384.26
372.484
230.407
381.773
259.95
457.843
6888.22
7274.83
537.917
584.652
6117.69
689.7
6247.54
488.45
191.829
7260.39
7741.87
535.97
418.327
6150.85
5674.63
684.098
9535.72
9526.98
9547.52
6334.57
7190.52
7611.23
9545.53
9690.89
3569.2
9623.79
9713.74
10019.7
8956.35
9692.64
8530.88
1847.75
1522.24
3512.3
2689.03
1777.4
1907.64
3304.5
3165.53
9585.27
4455.61
9522.65
9596.99
7002.85
6004.58
9573.6
7311.05
9693.22
4646.48
9624.58
9645.17
10651.9
9485.14
9655.45
8314.4
2834.12
8063.89
10676.8
3643
5466.03
8350.06
5087.46
9628.89
2734.41
3580.56
4226.82
7145.15
4833.68
4057.48
5056.44
4380.64
9624.03
9687.01
5659.06
9623.79
9654.12
8589.27
8154.38
8497.44
7664.77
7850.56
5194.42
4655.18
6690.54
7371.57
5186.61
5449.93
9721.79
9661.22
5056.64
9603.62
9639.56
10321
8613.82
9168.74
9645.74
9598.75
3302.63
9555.05
9577.36
10093.2
8740.09
8908.74
2818.48
1798.12
1511.66
2833.01
2990.34
1801.51
2748.39
1864.14
9514.63
9501.24
3526.82
9445.34
9476.22
7109.31
6544.7
5754.85
9618.84
5603.21
9555.22
9536.26
9000.69
8049.53
9567.08
8019.68
10953.6
7909.27
2773.27
3876.34
9816.78
7778.41
5085.67
4473.45
4806.44
7124.67
7099.48
3346.7
4776.63
6555.6
3719.87
6048.79
3704.69
3256.42
6535.7
2681.94
3542.46
3471.47
3700.49
3530.51
3501.57
3761.14
1968.56
1999.85
3127.74
3444.81
1984.31
2058.36
4641.21
4678.78
2379.56
2349.75
4763.8
5214.48
2570.6
2538.94
1664.79
1393.58
1060.76
897.146
1439.7
1479.74
1168.39
1101.53
1692.46
1561.94
915.164
1376.95
1543.89
1517.27
1257.54
1181.41
3863.62
2011.64
2061.17
2211.21
2256.75
2128.73
2246.09
2123.42
4223.22
2250.08
2343.05
2151.71
2301.21
2402.84
2181.63
2233.9
1605.16
1614.39
1608.57
1024.6
1303.09
1589.88
1302.08
1549.87
1629.46
989.737
1537.85
1564.31
1582.27
1326.08
1616.54
1328.18
9421.87
9475.64
9414.79
3182.06
5094.45
9451.83
4395.07
6495.17
9662.42
9737.95
9653.25
5205.39
8346.58
9727.98
7565.39
7875.46
9492.01
9585.08
9525.71
4408.47
5976.64
9568.69
5577.1
7236.16
2790.54
3087.41
3393.73
1910.43
2445.4
3288.5
2559.68
3174.21
6659.59
5034.04
3313.8
4101.45
6010.08
5289.6
4836.68
4554.45
9627.32
5362.89
9616.64
9512.17
7747.85
6978.15
9550.69
6920.72
4408.28
3224.34
4150.32
4055.4
4125.62
4326.4
4099.59
4035.33
7055.98
4648.72
5011.77
7481.59
5867.48
4978.31
6474.85
5111.06
7981.44
8035.12
8015.43
2728.28
5842.33
8015.87
4254.95
4807.98
8123.99
8198.3
8160.82
3698.59
6772.29
8202.15
6636.48
7418.45
8001.79
8069.81
7984.57
3633.09
5552.48
8045.56
4659.42
5342.86
2201.17
2222.29
3123.03
1760.07
2218.12
2373.97
2082.73
2078.04
6172.77
5907.06
2984.94
3414.62
5485.73
4847.72
3435.67
3404.47
8101.71
3912.7
8149.29
8074.31
6042.05
6021.72
8091
6441.91
4874.67
2864.61
3118.85
3481.92
3354.64
3027.53
3458.95
2968.31
5504.53
3721.54
3172.69
6389.99
5116.74
4086.1
5811.15
4191.18
9278.57
9217.85
9270.96
4616.2
7518.56
9242.76
7366.92
7274.8
9163.64
9131.52
9114.28
3277.78
6335.44
9135.51
4620.88
5502.79
9244.44
9167.85
9228.47
5496.46
7488.66
9192.96
6655.7
6325.78
3085.6
3159.21
3972.52
2593.36
2984.78
3282.59
2973.81
3032.21
6886.19
7780.75
4259.1
3718.29
5561.41
6301.07
4314.19
4566.44
9178.26
3626.53
9113.66
9206.41
6111.19
5068.86
9151.38
6324.29
7074.98
4215.04
3546.13
4805.2
5239.1
4215.77
4797.55
3970.19
7003.91
4484.9
3316.43
5011.95
5926.6
4645.16
4960.99
4140.29
9697.49
9768.83
9695.14
14.8144
2005.59
9720.38
178.363
6429.81
9814.25
9870.32
9814.67
314.523
4383.23
9817.92
3152.62
7467.59
9696.06
9769.47
9694.71
12.8242
1710.49
9722.28
178.48
6561.45
8.36453
11.3202
8.22807
8.10951
8.09178
8.91629
7.72118
8.35754
3561.76
1723.58
12.5465
35.924
1937.7
2229.99
115.607
68.1889
9762.97
170.152
9764.36
9721.22
6860.68
3710.6
9767.96
3553.79
176.871
8.3892
15.3628
8.26375
13.0544
11.7249
11.5303
12.4955
6491.11
11.8318
87.3604
6995.41
2169.37
64.406
1885.03
113.764
8588.13
4731.8
8511.05
8444.35
7964.35
6962.97
8511.7
7051.95
2659.2
1704.85
2476.86
3059.08
2312.05
2225.43
2608.38
2387.2
8467.69
3244.24
8413.03
8381.07
6512.41
5335.62
8415.52
5778.98
8407.27
3608.6
8352.27
8418.7
5977.48
4493.23
8386.18
5535.62
3915.8
7018.52
6461.99
3880.67
4099.82
6241.74
4311.92
5476.82
3669.13
3564.78
3223.43
5833.16
3700.72
3489.5
3817.91
3518.8
8456.36
8393.38
3576.18
8337.61
8414.3
5062.49
5943.04
4084.41
6174.97
4664.48
3394.19
3143.74
5288.66
4689.83
3418.29
3219.73
8.26673
8.30361
8.47858
19.7281
9.57254
8.37858
11.5474
10.8936
77.1171
8368.51
8369.33
8401.53
2856.76
3683.22
5460.87
8388.61
85.1754
8369.47
8362.97
8399.35
2866.09
3729.04
5450.31
8385.17
363.119
8421.79
8424.03
8438.49
5081.89
6223.31
6472.17
8430.38
31.2276
34.5784
123.277
4675.59
76.4746
64.4645
189.606
130.219
36.2231
5651.5
3716.79
35.6041
132.719
3911.47
78.9361
2910.38
85.2963
231.544
6354.96
6187.91
222.902
314.627
4576.22
5117.22
137.931
8411.32
8415.27
8389.36
3954.19
5659.24
5521.35
8405.41
1448.88
2417.64
2458.44
2536.2
2183.19
2335.39
2246.55
2517.89
2868.33
7885.66
7887.64
7922.95
4669.78
5270.9
5822.36
7891.44
3222.6
7900.97
7912.4
7962.65
5172.88
5678.96
6219.75
7917.12
4478.9
7973.32
8020.99
8068.66
6267.57
6487.74
7018.3
7999.71
3066.97
3218.69
3698.81
5182.57
3326.3
3377.24
3608.86
3657.53
2969.95
5637.21
5412.06
3147.88
3183.18
4700.28
3088.48
4756.76
3457.1
3935.97
6094.41
6577.25
4001.17
3948.8
5726.21
5498.87
3417.61
7962.24
7917.81
7905.06
5160.5
6160.51
5833.95
7931.51
7895.76
7938.24
48.587
7896.47
7923.77
5877.66
1504.34
1326.45
7977.66
8008.67
301.751
7975.27
8000.78
6445.91
3417.9
2940.05
8.1747
15.8171
8.011
8.24962
9.39593
10.8157
8.24605
9.16503
7896.88
7937.53
55.3886
7893.93
7924.55
5895.9
1445.73
1388.76
7963.06
84.1078
7923.82
7962.79
2723.77
1663.59
7937.57
5823.75
6303.09
6284.04
165.97
59.9613
2400.28
2659.9
131.033
190.137
13.4259
1535.21
2659.71
13.9971
49.4576
1362.62
87.3429
1743.82
14.8557
16.3635
2311.91
41.8412
18.7158
63.9326
36.4473
127.615
8173.12
8206.05
8147.96
3401.68
8686.38
8198.86
7856.35
7404.51
8192.83
8157.12
8098.73
4236.04
8880.22
8151.2
7989.25
7079.59
8063.2
8035.81
7986.7
3817.14
5699.95
8022.73
4961.83
6097.57
1956.58
2487.65
3133.18
1581.2
1850.25
2968.41
1898.46
2837.6
9218.38
6954.55
2890.31
3408.91
8354.62
7389.35
4562.12
4958.99
8179.71
4793.99
8074.98
8108.61
7258.32
7050.97
8131.48
6716.74
6292.99
2786.15
3339.62
3749.77
4619.6
4495.48
3914.6
3677.32
6579.17
4012.63
4406.5
6340.56
5557.71
4401.7
6061.92
4498.67
8067.25
8014
4089.58
8052.36
8027.01
7183.06
8157.66
7437.41
7964.3
7920.47
3225.3
7975.47
7939.49
5883.32
6154.76
5164.06
1903.83
2246.33
934.676
1448.14
2103.44
1889
1333.8
1372.26
8043.84
8012.23
2970.71
8061.33
8024.11
7144.96
7896.09
7175.57
7985.27
4141.31
8020.94
7985.47
6788.98
6631.79
8001.14
7359.85
6399.06
6438.59
3193.48
3542.64
5915.78
5515.55
3907.83
3498.16
2880.52
8304.44
6770.4
2436.33
3560.77
7635.56
3647.34
6564.99
2763.64
2346.83
6047.54
3003.59
2886.92
3108.82
3099.91
3411.93
8058.26
8010.46
511.177
8015.12
7997.18
6056.59
5486.83
4745.7
8003.8
7983.9
475.737
7957.32
7975.99
5948.66
6333.26
4624.28
35.5231
30.9
8.95095
9.66916
19.0437
21.8199
11.8737
14.5779
7974.58
7942.75
124.696
7929.24
7940.16
5060.71
4922.38
2996.6
7992.07
360.742
7967.27
7952.19
6252.34
4834.31
7976.81
5617.22
6371.93
5696.06
349.661
300.238
5159.39
4984.29
492.528
429.412
218.295
5286.71
5903.1
84.3781
311.676
4201.39
214.209
4274.56
205.78
53.5029
4398.57
213.465
118.858
126.052
252.957
245.955
8.60328
8.11167
7.59598
13.8433
8.69081
7.96476
9.40887
8.60252
20.1486
743.832
15.8518
1476.87
597.747
400.249
582.207
528.224
7.7202
7.81274
7.96923
12.9832
8.88957
7.89126
9.47391
9.03575
122.441
1783.28
117.436
2522.34
1504.66
1364.83
1535.39
1592.31
16.4718
8.16495
48.9725
1173.96
23.3299
21.663
54.5306
39.6873
13.3687
1004.83
11.6598
7.55036
28.856
470.972
7.11531
23.5504
8.1814
63.9575
1200.51
66.7764
8.51697
69.2973
62.0194
996.776
8.17716
58.2128
1256.82
20.6295
19.0666
35.4908
22.3772
48.5778
9918.61
9847.12
9897.46
414.353
5462.19
9901.38
4717.36
8351.43
9796.65
9730.91
9785.69
98.5297
2643.91
9787.43
2419.86
7266.84
9857.17
9832.33
9862.22
430.269
5072.53
9878.09
5120.42
7733.62
18.3818
9.5446
33.7094
9.71049
13.2782
12.2879
20.9316
16.0328
4486
5801.33
79.0837
42.9322
4228.32
4140.64
278.326
466.486
9839.05
220.644
9837.21
9867.81
7334.97
2059.92
9820.48
3126.61
5945.42
119.454
35.3909
240.426
501.05
358.207
220.399
45.6774
7404.68
308.406
160.03
7742.13
2720.59
354.928
3008.59
273.627
1341.49
2139.36
2034.77
3022.09
1802.66
1726.37
2619.14
2703.7
4284.21
8579.58
8583.81
8513.36
8500.78
9254.02
7650.65
8590.81
3925.71
8585.9
8548.06
8517.19
8244.72
9258.68
7459.8
8553.03
3998.01
8458.66
8469.45
8424.86
5270.35
6054
6599.47
8452.54
2886.31
3009.24
3796.5
6548.19
4763.37
3556.97
4881.08
3943.44
2960.75
7250.81
9604.94
3036.9
5113.05
7633.89
4341.56
8666.52
4359.11
4209.01
6778.87
6894.86
4627.75
4642.75
6431.78
5936.01
4724.24
8500.16
8500.18
8580.67
7342.58
7066.53
7516.13
8531.58
8496.44
8466.04
567.362
8478.62
8465.45
7123.88
6731.12
5822.67
8440.26
8399.78
176.751
8418.98
8417.36
6616.41
5863.08
4080.42
49.3098
11.6702
10.32
43.0633
27.8292
16.2701
26.5868
17.536
8481.12
8436.45
637.303
8468.59
8455.9
6813.24
6354.8
4981.74
8440.78
529.326
8466.48
8430.28
6436.91
5616.25
8451.87
6831.17
6954.73
6499.02
160.581
377.326
5482.93
5090.69
458.902
330.599
418.269
6766.53
6193.09
428.275
631.031
5658.53
519.167
5545.16
315.354
290.232
4934
87.548
182.327
331.524
198.023
331.818
9157.45
9137.38
9163.93
414.129
6136.78
9160.77
5690.99
7738.7
9118.59
9092.12
9133.26
129.232
4431.41
9121.77
3664.12
7375.05
9179.13
9171.55
9223.34
493.592
5285.03
9204.63
4730.88
7665.81
18.0032
9.1502
30.3763
10.6364
11.8822
13.432
14.0958
15.2636
5533.35
5673.1
101.866
16.7644
4630.97
4864.71
215.767
341.577
9139.47
240.412
9160.78
9167.8
7465.35
3696.01
9148.85
4813.29
5314.56
156.283
28.3095
317.76
618.965
316.985
247.175
81.6105
7696.32
380.038
180.851
7529.78
4581.02
398.734
4207.8
278.429
10116.1
3569.64
10175.7
10126.6
6537.95
5674.25
10134.1
7310.39
3106.32
1997.64
3432.12
3087.37
3065.54
2901.28
3300.82
3002.75
10259.4
5856.91
10398.2
10317.2
8211.5
7950.41
10300.8
9065.78
10138.9
3924.8
10211.1
10132.3
6945.68
6343.28
10147.1
7751.61
3780.77
7145.5
6748.75
3960
4087.41
5966.42
3894.76
5989.89
3866.43
4009.88
4795.3
6430.85
4233.93
4359.6
4537.75
4706.74
10195.8
10157.2
4322.02
10231
10191.9
7475.03
7780.99
6500.34
7832.21
8252.82
4288.2
5147.54
6986.27
7137.62
5098.48
5101.52
10104.2
13.0865
10106.6
10179.9
6782.54
172.776
10130.4
1675.96
8.56631
7.90403
8.40362
16.085
8.82194
7.90661
10.1053
8.82769
10105.4
17.1829
10099.3
10183
6730.18
198.763
10131.5
2187.56
10231.9
339.444
10229.4
10287.4
7885.77
3312.16
10228.4
4490.92
13.263
6778.71
7389.42
99.7926
67.3397
2182.97
123.994
1928.75
8.49008
18.4821
8.40504
186.046
12.2902
13.9175
13.5917
12.7983
10133.8
10179.5
187.2
10176
10182.7
3680.95
7171.34
3821.4
1764.82
3636.88
40.518
12.7813
2233.06
1945.5
70.8828
123.152
3540.68
3205.51
1924.34
3558.03
3359.82
2990.53
3021.37
2828.75
2774.72
3548.99
2860.85
4185.37
3442.38
3247.1
3666.39
3446.64
1864.29
2826.17
1703.37
2370.63
2389.15
2291.24
2137.06
2191.98
4301.62
4715.09
3425.9
5487.69
4735.48
4512.34
4649.52
4778.28
2870.54
2136.32
3449.69
4096.98
3022.24
2989.47
3313.32
3259.61
2737
3931.34
2863.98
2193.56
2882.74
3553.64
2297.92
2852.83
2141.02
3531.3
4273.54
2998.31
2428.74
3410.71
3031.07
4188.3
2336.43
3091.07
4138.22
3080.87
2894.01
2996.43
3034.72
3326.84
9443.51
9490.18
9489.64
3378.59
5912.03
9468.97
4934.22
5700.2
9597.33
9685.68
9731.69
4216.19
8117.07
9685.95
9169.25
10492.3
9667.77
9732.42
9723.78
4626.28
8279.51
9738.63
8999.68
10387.2
2757.68
2202.6
2529.47
1474.92
2535.62
2616.31
2066.2
1944.9
6848
6804.38
3656.42
4306.06
6229.23
5466.14
4212.52
4151.91
9543.95
4684.44
9731.53
9585.77
6928.15
7850.76
9630.05
8158.28
6726.13
3358.86
3276.39
3673.36
4953.25
3445.22
4817.78
3327.12
7522.08
3471.19
3191.18
11046.3
8308.02
5249.76
9489.83
4475.35
8.11432
7.91212
11.1409
7.882
7.67263
8.16973
8.07516
8.81689
7.37728
7891.13
7949.29
7892.64
127.002
5635.47
1439.42
7912.72
216.867
7985.13
8032.4
7982.67
2580.5
6284.84
3559.79
7988.8
10.5575
7891.41
7946.69
7891.64
116.235
5429.04
1447.63
7910.29
7.86652
12.6577
7.85644
126.993
9.10231
10.4592
7.52613
7.18536
7.16719
5522.76
5787.42
56.4807
46.0065
1704.09
78.6214
1486.27
23.9913
9.70873
1442.64
2850.32
86.8001
49.4708
1547.74
1783.81
114.561
7942.79
7910.71
7945.77
3013.12
5638.33
2830.6
7946.66
10333.7
469.686
10257.7
10299.1
5012.3
4567.28
10266.1
8345.73
43.0227
7.9499
9.35905
22.5205
32.9737
12.072
18.4531
11.5972
10210.9
79.5868
10143.4
10204.1
2724.47
1875.73
10161.7
7526.5
10288.8
577.929
10254.5
10296.9
4545.84
3740.33
10256.9
8218.2
201.266
4424.13
5286.86
130.119
463.467
3999.55
553.759
4481.31
70.8778
58.54
14.5796
3648.05
275.972
41.682
236.649
27.4273
10227.9
10267.5
367.79
10225.1
10259.7
8020.58
3470.56
3050.75
7953.52
8126.06
238.151
58.8522
2324.65
2424.64
142.505
243.361
1286.38
1620.98
2653.24
2806.68
1781.67
1683.73
2480.72
2736.78
3215.53
10293.7
10335.3
10243.7
8938.77
10109.8
8961.27
10277.3
5536.48
10370.7
10394.4
10308.4
9818.49
10865.9
9309.71
10338
3838.69
10182.5
10213.4
10131.4
6237.13
7656.57
7311.11
10159.9
2724.31
3509.37
3560.93
7283.43
3781.97
3516.57
4056.78
3714.17
2802.91
8427.4
10953.4
3692.02
4532.81
8150.06
4570.03
9876.14
4719.2
3741.31
7849.96
7953.75
5012.06
4105.51
7247.9
6666.3
5521.5
10249.8
10221.2
10307.4
8445.98
8586.26
9410.68
10263.1
8116.36
8176.48
8118.78
7.91225
5774.77
8138.52
130.308
1441.77
8212.73
8260.24
8210.66
213.906
6470.75
8217.13
2710.13
3729.9
8117.55
8175
8111.3
12.1945
5626.2
8136.64
131.93
1657.7
8.09672
11.1118
7.99348
7.47244
8.50754
9.31854
7.57497
8.22122
5942.71
5658.64
7.9231
65.7042
1505.64
1716.01
81.0075
47.5334
8173.12
125.031
8171.1
8137.48
2901.74
3051.44
8174.87
5807.09
132.92
8.00583
12.9613
8.02844
8.39026
9.69072
8.30602
10.5223
1517.02
10.1643
26.5762
2930.57
1805.23
51.6627
1579.73
92.6027
7.8456
10.9237
8.1361
10.5357
9.02432
9.45093
9.90744
9.84317
86.1451
3378.24
778.047
829.602
495.915
708.507
777.22
871.831
41.4938
782.166
146.759
831.046
411.672
498.279
567.698
527.803
57.5014
748.767
693.025
317.981
258.843
404.107
388.255
699.451
33.8031
13.8851
24.9914
452.585
63.5546
17.028
74.3952
27.4171
24.7554
598.834
722.933
13.9589
99.7859
527.431
65.4292
615.407
40.6272
52.8869
782.289
791.338
61.9333
86.5664
399.93
350.067
69.7422
1021.68
1056.02
1240.36
389.778
624.549
1024.42
1019.17
9.85095
18.8558
7.44348
8.27569
9.49092
11.0684
8.13533
9.00599
100.836
1881.25
65.1383
1518.75
1276.86
1234.1
1154.56
1190.72
7.49899
11.2568
7.45354
7.57646
7.98387
8.48767
7.50469
8.05331
14.8626
1422.51
11.2965
595.583
506.439
494.687
300.826
469.075
43.8175
7.92771
13.3916
1071.53
33.1499
19.3982
44.9655
19.9819
55.9306
1001.68
37.8638
7.93696
60.3355
830.184
8.2443
43.7727
7.4194
11.1986
908.49
9.08211
7.10702
24.8001
19.8103
405.889
7.99717
13.999
977.778
31.6142
15.1981
16.6755
23.1133
33.158
8049.31
261.943
8025.26
7997.91
6963.49
3847.38
8042.13
4067.38
24.6638
9.79619
14.6326
8.88347
16.9583
17.8098
12.0227
11.1763
8060.91
320.677
8069.25
8008.35
7051.64
3419.52
8053.34
4129.18
7961.08
82.8505
7968.8
7921.37
6099.93
2103.53
7960.42
2041.51
219.101
6360.49
6376.66
137.143
297.572
2621.54
212.407
2883.48
92.0684
23.5334
74.6046
4617.98
77.0648
30.5865
425.313
289.035
8031.19
8001.59
183.671
8002.66
7990.05
3044.69
6055.5
1831.67
4730.88
3705.18
24.3403
50.5476
3410.8
3472.93
376.456
204.284
4656.26
3602.96
2912.29
5457.21
4380.14
3322.72
4932.4
3449.1
3063.3
1668.11
1720.1
2612.09
2560.18
2608
2721.4
2512.84
2458.44
1284.18
2004.09
2359.44
2357.46
1804.02
2471.98
1678.91
5652.78
3134.19
3522.04
5039.02
5229.32
3860.68
4769.49
3689.06
3777.39
2970.67
5077.81
3545.59
3889.67
3518.11
4153.6
3821.59
3352.23
3363.48
2011.27
2562.91
3355.18
3209.09
2795.85
2530.65
3079.59
5193.94
3381.8
3531.7
3232.98
3692.9
3300.12
3581.47
2580.87
2712.54
2830.4
1718.35
2604.52
2727.24
2105.89
2046.39
8293.29
8270.69
8234.01
338.378
4508.66
8242.37
3810.15
6737.63
8270.93
8288.19
8242.87
388.89
3053.2
8251.18
2753.91
7056.04
8197.08
8195.79
8145.72
61.3482
2164.93
8161.77
1485.1
6380.11
13.4396
15.2812
8.62497
7.9635
12.6542
12.2506
8.90802
9.98967
4027.88
3566.9
77.7554
106.196
3590.92
3198.69
310.278
276.409
8239.19
339.029
8215.32
8211.44
6637.79
2501.87
8234.42
2801.95
2931.19
36.3395
30.9936
11.0415
171.305
168.527
17.578
22.6211
6514.15
46.7849
232.677
6809.47
1865.25
100.619
2005.61
217.859
1547.2
2326.13
2649.39
2322.34
1972.98
2176.36
2035.09
2384.69
3007.31
7950.66
7956.87
8006.95
4976.59
5585.61
6010.38
7965.98
3356.05
7972.58
7986.55
8044.78
5007.28
5701.67
5955.59
7990.54
4231.74
8083.8
8129.77
8169.48
6882.74
6894.49
7600.51
8120.97
3050.96
3298.52
3327.02
5626.79
3268.03
3257.83
3498.52
3445.63
3019.36
5977.26
5636.5
3288.04
3259.51
5045.92
3284.4
5011.13
3551.87
3518.29
6625.76
6605.82
4117.85
3814.35
5702.34
6020.02
3587.04
8065.49
8038.07
7984.29
5237.3
6066.07
6074.28
8026.37
51.2061
10.6826
291.413
718.222
93.5476
41.4354
326.418
160.369
7.91826
8.25796
20.0932
11.2311
8.70305
9.03379
10.1769
12.2471
787.371
272.097
3566.74
1275.88
1160.41
2005.44
1383
1977.69
773.389
58.187
470.395
448.404
543.802
234.539
506.725
259.809
11.6146
302.988
636.303
38.1793
19.9494
142.368
39.74
297.283
8.95795
15.1711
67.4193
377.738
11.3238
12.5641
32.8581
36.9576
470.28
805.213
49.9567
451.12
475.263
358.581
417.647
267.801
434.484
348.327
24.5586
96.5219
343.879
307.158
63.4569
85.9721
7980.11
3448.85
8035.67
8007.42
6309.7
4771.11
8001.67
5383.2
2457.69
1249.28
1916.3
1749.21
2074.69
1607.14
2160.09
1570.74
8132.46
3667.22
8158.08
8139.45
7334.9
7794.54
8156.46
8524.87
8064.22
3230.45
8096.56
8093.93
6965.55
6627.69
8101.91
7421.72
3589.62
6563.41
6420.65
3550.08
3921.87
5269.69
3853.5
5550.56
3141.58
2553.19
2677.22
5981
3256.97
2854.25
4223.3
3953.72
8073.32
8044.28
3844.37
8109.89
8083.27
6099.05
7106.19
6132.02
6579.52
8402.54
2537.67
2683.71
6820.68
7529.07
4252.93
3623.73
1845.23
2284.27
1488.67
1512.71
1807.2
1830.48
1510.87
1616.2
3440.94
5810.34
3160.11
2369.16
3526.3
4555.49
2821.45
3933.64
1284.88
1767.32
911.2
784.883
1307.25
1595.08
877.679
1070.09
1208.5
1292.23
674.01
704.615
1132.09
1084.65
728.187
758.321
2242.33
1474.32
1476.03
1882.97
1994.71
1652.53
1917.92
1513.49
2587.87
1922.63
2738.44
1849.12
2220.05
2296.68
2104.85
2182.46
1079.4
1169.83
1277.86
734.098
1029.33
1115.63
1001.54
1131.68
1292.31
863.068
1637.28
2225.39
1319.6
1173.33
1554.11
1421.63
8.26911
8.00325
11.5833
15.1771
9.46229
8.55001
11.9358
10.4699
10.8232
90.0293
346.605
347.606
60.9672
98.3406
253.815
468.146
106.729
554.894
4426.48
843.656
475.713
589.566
705.467
891.616
39.5565
261.268
550.949
263.934
165.446
291.139
288.067
381.141
9.59337
21.5057
19.4974
164.77
13.38
13.8798
21.6915
21.5519
10.0804
285.979
326.531
27.3998
21.6613
204.068
31.7038
278.945
50.4215
34.4903
246.412
500.911
78.9905
37.948
420.227
246.224
52.2167
580.169
416.74
578.268
403.157
504.624
454.815
598.03
957.293
1047.25
1482.57
717.487
874.255
1127.16
872.76
1157.02
1231.78
1783.16
2082.98
1327.7
1313.99
1574.15
1326.03
1668.57
2637.18
3357.6
6079.47
2758.47
2665.48
3077.99
2786.24
3427.19
589.651
1078.07
1539.01
593.379
637.297
952.718
620.662
1064.29
1023.27
1467.4
691.28
1064.39
1035.91
1076.95
1006.84
979.424
1229.89
1266.99
2053.44
1752.58
1306.78
1358.71
1749.01
1866.03
1492.47
685.792
1074.22
1549.04
1468.94
1041.56
1518.59
1064.56
1859.96
2091.24
1378.25
2224.39
1957.26
1896.34
1916.89
1928.06
4026.4
348.77
967.397
1760.2
2420.89
2220.93
1720.86
1307.32
21.1426
8.26111
8.43492
15.8685
15.6632
9.45571
12.2445
9.69991
491.069
10.893
72.6562
724.167
306.679
48.0073
537.467
196.414
830.722
74.0906
717.405
441.873
384.261
302.252
523.717
512.268
158.305
502.436
532.667
43.7645
101.068
456.775
143.181
433.328
85.0508
20.0802
10.35
396.845
52.8868
17.2654
45.3852
15.5705
885.222
766.16
61.644
778.427
959.743
776.989
361.941
288.275
539.435
669.509
47.2931
12.679
271.591
309.598
31.0243
54.079
1920.28
1686.68
2722.26
1466.25
1656.03
1952.44
1699.66
2027.38
1257.39
1023.32
1703.34
968.641
1110.71
1175.23
1125.96
1182.65
4064.04
3259.08
6851.02
3356.18
3924.33
3836.14
4152.7
4028.82
1187.69
1040.45
1844.21
848.06
963.686
1261.75
976.621
1337.3
1455.27
2655.84
1308.69
1164.13
1495.56
1858.26
1300.39
1561.1
1503.39
1198.17
1934.54
2738.52
1554.11
1364.43
2293.23
2104.2
2787.66
1345.67
1200.65
2213.02
2240.78
1663.53
2131.11
1501
2892.2
2459.87
1237.49
1926.52
2649.07
2310.41
2196.71
1994.08
1694.52
2890.12
2405.64
1739.62
2334.55
2525.42
2105.7
2477.68
3414.93
4424.64
4902.58
2835.69
3154.39
4182.68
3294.92
4481.32
3322.29
5092.18
5350.1
3946.09
3885.14
5000.62
3792.93
5182.43
1831.72
2857.52
3022.51
3542.9
2549.42
2831.77
2622.5
3163.4
3183.62
3040.46
1969.09
2450.51
3167.56
2933.65
2657.45
2379.29
3589.3
2911.41
4594.82
3553.03
3667.2
3437.18
3874.09
3664.41
2624.62
1815.73
2517.45
2628.93
2175.43
2137.44
2696.4
2572.02
3326.05
3727.33
3062.32
4767.72
3648.39
3400.09
3638.12
3316.97
922.899
1114.54
1501.51
826.658
924.631
1163.14
937.784
1217.69
1338.48
1701.12
2323.73
1455.65
1408.95
1643.46
1444.04
1763.27
2559.26
3634.62
6307.7
2446.11
2349.25
3348.46
2442.01
3872.08
587.433
1138.69
1279.75
600.4
613.541
1006.47
599.792
1095.09
1086.82
1464.55
739.498
1099.36
1097.44
1163.86
1050.45
1041.44
1335.83
1419.18
2238
1757.93
1416.5
1473.61
1700.04
1774.3
1504.08
736.754
1109.52
1302.5
1364.97
1104.57
1278.13
1091.36
1898.36
1974.92
1533.07
2476.27
1893.02
1789.01
1842.89
1873.57
2279.22
1627.19
3002.96
1442.5
1947
2126.59
1993.86
2127.66
1422.48
1062.36
2057.72
921.701
1207.89
1445.02
1227.15
1471.58
4252.92
3630.37
6466.65
2937.38
4135.46
4514.1
4440.03
4754.9
991.548
767.88
1379.64
505.56
744.469
969.411
742.296
994.223
1436.63
2711.7
1241.6
965.731
1446.12
1882.93
1187.88
1512.47
1742.85
1220.84
2605.05
2889.32
1816.29
1586.67
2298.53
2097.86
2843.7
1256.45
973.81
1820.31
2096.83
1550.38
1768.02
1254.05
3041.54
2282.59
1259.32
2734.93
2808.99
2187.31
2170.97
1753.1
72.0856
455.307
28.5293
601.262
353.015
380.154
467.952
291.957
923.97
4101.55
230.269
1531.97
1520.22
2324.58
1476.41
1495.52
8.32528
20.9271
8.8659
17.4307
12.6628
12.341
15.3443
13.1212
479.015
745.887
74.1087
280.305
523.836
382.154
330.405
267.803
973.71
54.0536
674.798
880.066
854.24
322.83
913.281
408.609
653.042
639.142
91.0061
14.7477
544.846
491.116
61.0084
111.416
40.0213
488.157
748.837
70.8898
48.1199
262.138
79.2972
282.682
14.9503
55.8785
564.346
93.5762
23.0167
46.8974
102.38
133.852
1560.46
2149.78
1351.52
1687.23
1726.26
1790.26
1673.17
1763.05
3270.54
6236.97
2595.27
5704.76
5023.87
4689.1
4379.54
4287.71
1003.65
1383.04
938.708
1471.14
1273.73
1152.2
1290
1305.36
2205.99
4664.28
2046.1
3929.26
3490.15
3680.36
3132.6
3290.34
2671.25
1571.74
2258.45
4355.77
2479.65
2283.63
2577.59
2307.77
2744.98
4487.48
2101.82
1536.84
2579.67
3931.19
1737.39
2259.62
1521.84
2104.54
3909.54
2047.45
1582.89
2133.99
2140.3
3403.75
1538.33
2091.31
4063.95
2127.26
2057.91
2167.3
2144.19
2374.43
7.62454
8.20828
7.59501
11.1729
8.5574
8.07467
8.77043
8.63674
22.0707
750.467
15.7466
1500.43
651.766
393.175
609.825
546.357
7.5713
7.88343
7.98148
10.7131
8.50005
7.79458
8.85048
8.57697
118.971
1588.58
81.7326
1896.24
1404.61
1225.46
1284.14
1210.02
19.4188
8.2408
54.9329
1193.31
26.6256
24.3735
60.3358
43.24
14.0546
983.251
11.0122
7.60988
31.3859
496.835
7.29262
23.9493
8.31039
66.0724
1115.1
51.1346
9.10837
74.2719
57.4936
943.134
8.23628
38.8836
1089.91
16.105
17.9333
30.5073
20.0071
42.6009
864.81
1735.99
18.9305
16.9797
837.769
950.556
48.2349
85.4424
2535.38
2891.78
97.0717
97.3466
2615.38
2466.85
344.528
494.884
7.99322
13.3652
8.83106
7.82238
8.9589
9.75489
7.8958
8.94124
8.03826
10.5958
7.48827
7.63818
9.07274
8.93957
7.45064
7.70898
1908.57
18.427
26.5721
62.1031
151.155
77.9847
46.8485
24.8368
1864.88
61.8929
56.1517
21.8572
244.234
213.384
43.2504
48.6503
8.42854
8.45865
12.569
7.73346
8.05679
9.95598
8.92879
9.8121
9.74426
8.29253
16.1347
17.8333
10.3114
9.4847
13.3349
10.8127
1721.4
1923.05
2536.03
1264.65
1606.16
2130.77
1443.64
1984.76
1623.32
1217.22
2124.57
1158.46
1458.07
1572.5
1484.48
1582.22
4095.11
4057.92
7283.15
3088.84
4125.55
4870.9
4315.73
5518.54
1105.34
1017.06
1532.66
689.58
975.102
1250.11
974.688
1304.27
1569.71
2329.94
1192.41
1184.83
1505.94
1803.7
1291.43
1509.42
1984.05
1566.29
2616.51
2952.57
2082.51
1922.66
2527.33
2481.91
2402.04
1204.46
1205.41
1858.09
1845.78
1579.06
1804.48
1478.06
3158.32
2657.88
1629.79
2823.2
3194.68
2506.14
2604.78
2093.96
8.14454
7.77146
29.8899
37.717
9.78566
9.11021
16.2138
12.8975
14.3104
114.936
937.169
355.025
93.6086
177.103
231.705
507.471
344.577
1048.88
3993.45
1836.07
1537.18
2134.77
1884.11
2478.73
86.4751
303.762
658.46
248.693
179.613
268.489
227.86
307.913
9.8452
55.0335
39.6123
172.79
13.8091
18.1326
25.6648
29.2675
12.3665
294.295
854.347
74.0496
25.8303
182.702
57.2827
413.01
132.454
64.7528
273.558
637.168
217.006
52.0818
491.641
223.374
147.221
814.358
387.872
1005.6
618.179
676.327
671.402
694.885
1812.35
1994.08
2960.72
1299.31
1560.39
2325.02
1590.04
2438.64
1775.45
1416.24
2138.33
1228.45
1540.09
1590.36
1592.31
1634.59
4419.5
3872.61
7138.2
3194.98
4277.28
4644.36
4450.72
4984.13
1047.19
1128.97
1655.39
773.336
993.807
1342.46
952.413
1380.57
1776.9
2924.21
1216.98
1293.63
1839.29
2280.3
1477.76
1761.11
2107.8
1502.09
2594.75
3354.38
2251.66
1971.19
2874.49
2623.27
3068.45
1204.47
1333.78
2015.57
2140.22
1806.74
1956.09
1612.57
3581.08
2570
1565.05
2674.39
3279.1
2466.75
2716.97
2109.95
5335.26
4493.72
5462.37
6911.21
5679.59
5077.35
6099.74
5406.74
4038.49
14768
14791.3
14772
7006.77
8795.28
8024.69
14788.5
7541.55
14922.5
15314.3
15624.3
10245.5
10972.5
12433.2
15214.5
9029.18
15239.4
15881.8
16160.6
10348.1
11628.7
12331.3
15602.9
4583.71
6283.92
7378.42
7458.55
5151.45
5871.34
6067.38
6747.92
4195.48
9179.82
8681.98
6042.25
4854.58
6155.68
5088.26
7096.95
7179.83
8190.47
9013.49
12215.8
8404.17
7693.17
9926.37
8768.04
7066.07
15395.5
14825.3
14856.7
8540.92
10436.3
8508.31
14893.7
3556.88
5252.84
4479.87
1887.09
3627.53
4988.67
2829.59
4280.89
5243.58
4758.25
5556.95
3219.85
3638.91
4574.9
3631.07
5015.35
5935.02
6172.23
6554.17
3218.19
4186.06
5788.69
4075.85
6212.2
1717.65
2708.85
2096.87
1520.08
2055.3
2290.92
1947.57
2333.79
4291.07
4101.6
1920.23
2840.21
3937.39
3803.33
2528.03
2327.13
5711.35
3242.4
5092.83
6244.69
5519.74
3791.99
6226
4027.63
3332.52
1842.52
2855.71
2527.99
2287.43
2302.44
2674.01
2599.26
5122.32
3407.97
3461.95
5573.08
3917.32
3214.93
3996.03
3506.26
8.67549
11.6177
8.88503
12.7684
11.0658
9.19981
10.8575
10.9225
117.475
4397.65
688.285
1084.24
689.059
845.26
972.662
1011.47
52.678
609.704
144.796
864.601
443.127
514.842
622.043
536.927
59.1774
874.911
521.351
173.306
264.702
503.319
192.212
604.967
47.9752
19.7784
47.0437
535.832
76.7878
22.1566
99.9319
39.6799
24.999
739.709
730.053
21.2676
113.655
541.997
74.6089
579.872
59.0985
70.3771
973.728
661.7
86.8119
114.414
423.63
388.63
100.978
977.252
1384.3
1140.09
428.331
738.727
1055.88
1329.56
64.7121
10.5396
389.457
595.973
111.715
38.3098
371.172
157.216
8.20023
8.15787
26.438
13.3801
8.7771
8.73729
10.6467
12.4235
980.701
415.069
4191.91
1544.78
1215.94
2632.7
1629.55
2618.4
469.634
53.6012
611.209
245.791
298.766
191.044
327.123
219.979
12.3151
458.624
463.025
30.7712
22.4354
156.706
36.8006
215.722
10.4936
18.431
86.4797
440.971
15.396
16.4376
51.0641
55.2844
898.678
577.349
43.5135
732.741
931.162
316.547
673.164
212.459
581.599
518.046
32.0643
132.841
475.898
445.539
95.0424
134.982
6243.96
4008.31
3862.83
2918.6
4960.57
4679.4
3854.08
3666.71
2758.52
1587.63
1682.2
1158.94
2171.76
2066.44
1556.26
1571.74
2322.57
1465.93
2008.52
1411.25
1715
1648.28
1673.49
1621.45
1513.93
866.058
1089.34
526.885
1092.17
1038.71
775.32
780.903
3309.04
2889.98
2321.97
1431.01
2376.53
2719.1
1903.73
2196.14
3137.91
1380.09
1914.37
2643.86
2396.66
1887.29
2410.12
2025.72
2249.59
1856.73
1057.89
1283.75
1899.08
1788.23
1467.41
1305.46
2154.24
1258.74
1053.19
1367.77
1601.44
1404.63
1378.31
1204.77
8861.53
8872.04
8844.33
2509.06
7784.83
8868.16
6521.77
6939.04
8869.17
8830.15
8835.09
2280.84
8154.84
8856.46
7215.13
7474.58
8844.43
8844.99
8824.21
3836.77
8132.75
8854.83
7794.25
8485.5
1186.62
974.18
1288.36
427.665
1111.77
1069.03
890.305
850.95
7833.48
7872.01
2492.97
2432.03
6741.85
6688.33
2603.07
2620.66
8874.97
2520.86
8858.28
8852.23
7207.96
6977.41
8857.62
8059.33
7024.06
1896.82
1457.72
2909.81
3382.47
1931.21
3441.26
1672.08
7466.22
3011.19
1389.4
8234.49
7308.94
3692.57
7580.61
3623.3
8867.28
8799.61
8848.49
3659.21
7527.75
8828.97
7262.4
7824.17
8799.43
8819.14
8835.56
3795.87
7408.87
8813.15
7216.18
8566.02
8826.97
8870.65
8856.23
4182.55
7939.3
8845.27
7983.27
8891.48
1701.15
1729.68
1677.87
671.845
1590.9
1690.36
1489.35
1505.18
6955.02
7308.42
3402.68
3830.12
6545.54
6696.95
3673.53
3690.87
8788.25
4030.19
8844.21
8804.71
7465.55
7096.36
8813.86
7981.17
7013.67
3346.99
3942.37
3584.19
3886.58
3581.7
3764.15
3529.74
7562.47
3728.19
4256.81
9072.93
7077.15
4108.36
8084.14
4729.18
8765.98
8796.85
8774.04
2999
6920.85
8762.35
6473.32
7232.14
8817.69
8838.47
8832.83
2886.43
6824.74
8802.8
5905.77
7039.51
8806.43
8816.75
8800.91
3207.08
6975.62
8807.6
6955.62
8172.9
1087.02
1380.61
1141.11
519.788
958.725
1325.02
884.664
1155.96
6985.66
7667.86
2801.51
2610.73
6223.43
6811.27
3172.03
3254.38
8784.12
2950.96
8804.31
8793.45
7045.4
6368.91
8822.52
7004.36
7953.59
2854.74
2564.01
2458.26
3634.86
3448.02
2600.28
2659.82
8138.53
3140.59
3193.92
7416.84
6813.41
3562.98
6336.86
3580.23
8732.08
8755.55
8759.06
3493.32
6229.34
8768.72
5618.17
7357.6
8790.22
8808.16
8831.54
4230.33
6125.86
8823.52
6126.44
7942.15
8805.53
8848.9
8867.5
3810.92
6838.95
8871.5
6665.66
7886.98
1877.02
1958.95
2154.4
820.695
1403.98
2106.22
1509.69
2014.7
6643.06
6115.03
3187.86
2841.03
6345.04
5832.58
4236.09
4120.52
8801.61
4264.32
8843.97
8796.51
7511.93
5769.69
8785.24
6286.8
5947.39
3116.61
3006.03
3199.73
3569.78
3717.17
3151.18
2904.16
7230.92
3761.44
4002.51
7782.97
6254.33
3987.45
6592.97
4096.35
8.40172
7.5847
12.0068
8.19397
7.89889
8.35559
8.79681
9.20692
7.47986
8.12854
11.9421
7.62803
7.52952
8.06575
8.14299
8.99782
188.732
95.8067
4691.05
4917.58
403.276
591.705
4967.89
4330.31
19.3002
14.1538
3651.03
1960.83
79.7601
158.086
2362.19
1955.18
7.64009
13.2536
8.44767
8.00173
8.40579
10.2231
8.01954
9.94365
8.11183
9.38386
14.6531
16.8288
8.73351
9.69205
9.37096
11.1344
76.6769
22.4989
15.8677
3876.2
72.098
22.303
237.853
124.51
75.1367
3287.96
17.8179
40.0558
297.722
385.794
38.4014
32.8718
14998
4597.36
15037.3
15027.5
9481.6
7088.17
15024.5
8063.02
4797.36
4932.48
6787.44
5477.69
5238.33
5581.45
5543.15
5888.49
15420.9
9071.22
16155.1
15979.5
11913.3
10484.3
15760.2
12414.9
15197.6
8028.57
15808.5
15561.7
11805.1
10891
15477.4
12806.3
4367.52
9653.2
8212.55
6497.29
4901.42
6276.29
5097.87
7183.14
4942.21
6726.96
7525.5
7744.65
5503.54
6222.77
6392.38
7009.43
15084.3
15101.1
7508.53
15621.1
15180.5
8204.78
11196.7
9015.39
9165.07
12321.5
7569.79
8296.18
9104.62
10297.3
7900.13
8591.34
4089.1
5964.6
4193.63
4260.76
4680.66
4697.71
4201.02
4754.85
7881.87
14828
14647.4
14830.2
10191.1
8911.35
11414.8
14703.8
4087.96
14611.6
14645.8
14668.9
6726.55
8028.44
9721.47
14645.9
6536.34
14880.7
14739.5
14897.2
11163.5
10205.2
11689.9
14797.7
6975.95
4592.56
5909.73
10833.2
7180.18
5514.38
8180.59
5773.04
6240.17
10500.6
8060.91
4304.25
6792.87
8698.05
5594.89
7021.41
4600.77
5918.9
12030.9
9706.48
5538.99
6379.69
7519.13
8696.22
4615.37
14679
14758
14618.6
7123.2
8864.6
9631.48
14667.3
1970.3
2637.51
12.9719
17.15
1622.81
1288.07
56.4309
105.206
3535.75
3139.93
80.1876
182.732
3470.75
2967.85
344.911
460.243
7.87945
12.3918
7.98864
7.45375
8.26676
9.08944
7.51163
7.81422
8.84562
14.83
7.57055
8.56546
9.94784
10.2474
7.78705
8.69558
2748.48
13.4147
19.6062
103.544
156.187
78.7913
91.8842
18.3123
2326.19
101.249
36.3703
14.0636
260.949
220.259
29.3523
34.5591
7.94591
8.33122
15.1713
7.58095
7.87257
9.31612
8.43276
10.2541
9.03073
7.95413
20.0023
13.9821
9.78107
8.69961
11.2982
9.38974
8870.39
8782.12
8852.97
3386.31
7470.27
8835.56
7179.06
7785.27
8746.11
8743.57
8762.06
3584.79
6955.31
8745.84
6203.9
6960.78
8805.47
8795.27
8828.81
3555.59
7382.21
8809.69
6683.56
7075.5
1655
2246.28
1647.3
822.694
1527.24
1644.56
1397.04
1385.29
7007.33
7153.74
2910.31
3326.83
6415.83
6621.57
3216.08
3148.25
8755.94
3490.77
8774.69
8787.37
7172.7
6392.09
8767.54
7110.6
6685
2798.2
3377.69
2823.44
3170.71
2939.87
2993.47
2858.16
7330.67
2878.55
3556.51
7281.56
6654.35
3249.02
6555.48
4135.38
8860.83
8861.8
8853.77
3089.13
7776.56
8861.58
6067.61
6598.75
8875.1
8857.34
8850.6
3665.95
8108.43
8882.07
6467.3
6399.77
8841.65
8844.27
8830.7
4407.15
7807.53
8849.97
6452.97
7141.78
1631.7
1549.26
2014.41
606.041
1636.17
1654.91
1214.47
1152.68
7734.41
7810.29
3138.3
3584.9
6404.89
6313.56
3569.86
3346.4
8869.15
3759.21
8873.16
8861.86
6786.91
6258.64
8865.55
7975.84
6500.94
2543.92
2415.82
3127.04
4106.31
2620.3
4289.43
2442.89
6939.84
3266.37
2367.38
7484.24
6776.14
4628.33
7024.73
4883.7
8800.17
8838.19
8813.98
3414.75
7297.06
8798.14
7088.04
7866.24
8863.48
8887.32
8888.63
3653.03
6970.87
8854.7
6395.81
7488.13
8859.06
8887.11
8863.47
3857.11
7918.08
8878.43
8129.57
8533.79
1211.73
1691.23
1450.51
423.643
1152.9
1635.07
1075.31
1451.28
7338.73
8812.69
3092.3
2971.17
7069.24
7733.18
3630.29
3740.44
8827.16
3706.55
8863.6
8842.85
7653.87
6769.13
8875.44
7130.04
9804.33
3174.75
3022.71
3047.01
4133.09
3904.69
3218.82
3145.25
8241.98
3857.36
3997.12
7915.77
7507.5
4245.65
6898.01
4321.32
8783.01
8801.48
8791.03
3782.08
8199.08
8791.31
7338.56
7221.77
8826.81
8873.48
8812.95
3767.14
8071.84
8838.82
6362.09
6487.69
8762.43
8784.67
8757.11
2971.94
7686.89
8753.06
6896.1
6788.03
1406.12
1542.52
1133.78
400.074
1397.23
1506.28
1049.19
1064.78
7834.85
8067.53
3666.05
3740.66
6589.51
6736.16
4042.8
3985.29
8794.26
3728.62
8781.95
8784.05
6655.71
6150.21
8790.53
7675.28
7842.78
2784.18
2832.62
2949.34
3932.96
2930.57
3651.58
2833.09
7348.37
2834.33
2840.79
6427.6
6807.05
3522.84
6370.7
3335.08
14713.1
256.271
14738.1
14800.9
10903.1
7007.55
14747.3
7296.97
11.7663
9.65635
26.8823
27.0734
11.5743
11.7643
20.1162
15.6494
14762.3
654.772
14804.1
14818
11269
9542.19
14771
9544.22
14846.8
635.318
14854.8
14836.1
10530.5
6382.62
14842.8
7464.6
166.205
10831.7
10826.2
340.762
361.713
5896.86
447.468
5539.66
101.128
196.96
295.442
8784.44
136.336
128.897
500.849
372.519
14760.8
14817.2
607.741
14796.4
14797.7
6796.51
11150.3
5967.44
8924.35
7879.79
292.638
369.349
7359.04
7014.61
574.427
659.828
8.81979
8.17316
7.59777
17.2894
9.38009
8.15123
9.98758
8.78372
33.6436
2471.73
49.8323
3872.71
1155.34
1098.59
1514.75
1755.97
7.52607
8.1758
7.60778
12.8641
9.01991
8.13277
8.75559
8.49063
643.904
4734.66
311.54
5239.89
3273.88
3338.67
3457.67
3751.24
20.8046
7.9288
157.661
2425.66
34.5095
29.0579
250.548
134.207
17.0054
2421.75
25.4347
6.84727
38.2482
1104.88
5.28749
62.5847
8.16075
241.118
2794.72
145.79
18.2987
282.957
190.114
2178.51
7.95716
106.781
3150.36
24.376
34.5658
101.872
44.0542
171.076
762.372
1619.34
1073.14
1250.24
1181.77
1164.2
1112.16
1162.35
2310.25
4067.23
5059.59
4372.05
3572.91
3438.44
3870.13
3824.56
2047.9
4623.32
3443.91
4258.1
3472.27
3791.64
3468.63
4201.85
2448.65
5604.24
6933.94
7786.78
5566.83
5297.66
5845.5
5853.09
2260.1
1802.51
2097.44
4482.72
2160.6
1997.95
2359.92
2046.89
2167.47
4350.96
4818.54
1949.55
2190.22
3930.51
2277
4719.66
1801.42
2100.75
4827.74
4955.73
2033.3
2080.17
4406.22
4754.05
2234.15
6177.64
4903.3
5483
4645.61
5161.86
5361.57
6398.79
1248.77
1769.87
1550.97
2573.45
2070.71
1614.91
1952.3
1777.12
2761.62
5465.68
2839.74
5376.89
4901.42
4058.9
4264.61
3856.03
1782.28
2161.35
1713.54
1961.75
1975.51
2001
1923.53
1947.82
3294.59
5340.69
2685.84
4702.57
4397.28
4403.49
4004.53
4078.62
3040.66
2085.22
3363.75
4882.51
2673.78
2568.83
3347.55
2968.46
2368.42
4455.5
2555.2
1902.3
2309.11
3932.74
2009.91
2694.81
1970.68
3045.43
4340.35
2471.19
2229.4
2821.74
2654.9
3954.91
1873.2
2399.52
4172.85
2445.3
2338.01
2491.8
2513.34
2775.03
17149.7
319.045
17177.8
17258.3
12515.1
7932.1
17192.4
8118.36
13.9038
7.97631
31.8664
30.764
13.1426
11.1612
25.9003
15.4468
17205.7
813.595
17248.6
17278.6
13129.3
10839.3
17219.5
10271
17332.6
719.121
17321.1
17398
13321.2
5953.79
17335.9
6478.39
222.08
12571.3
13127.3
425.474
468.477
6582.93
554.596
5861.16
135.881
225.182
362.62
10089.7
184.01
164.798
647.098
520.414
17203.9
17283
674.655
17253.1
17252.6
6732.35
13034.7
5946.25
9899.72
8041.75
341.402
476.637
8309.99
7702.72
761.299
869.404
11.3498
21.8205
32.878
9.04116
12.7192
17.2842
10.8362
19.6407
661.695
15118.9
15169.1
15073.1
8708.91
8431.8
12158.4
15104.4
618.716
15183
15162.1
15168.5
5469.86
6662.6
11461
15176.2
119.385
15047.4
15104.6
15020.2
4745.88
6093.28
11030.7
15048.8
129.01
135.867
21.6928
7428.55
312.023
78.4514
367.325
71.4871
266.005
7901.29
6921.94
238.802
512.824
6805.39
689.753
6704.32
314.999
87.6921
11548.2
11526.5
381.695
308.841
4770.94
5145.75
540.38
15125.2
15076.5
15135.9
5443.83
6136.38
11909
15123.8
26.997
9.48769
8.07354
147.858
34.222
10.6022
27.0503
13.5918
7.58846
7.73539
7.77475
9.04206
7.98747
7.64617
8.28356
8.078
28.5179
6.74045
1862.99
3193.09
127.942
60.6687
1926.7
2060.96
220.403
47.4165
3872.2
3895.27
600.27
336.794
3530.05
3758.12
8.57491
9.86651
83.9797
13.5534
9.41512
13.1285
13.7823
23.7673
7.56792
10.6992
7.99062
8.49978
8.27184
9.23563
7.91564
8.98082
34.0421
125.634
24.6651
2998.46
77.2692
98.2559
283.652
221.164
33.4787
3292.33
20.0544
7.85383
93.7295
168.982
10.193
16.154
7042.73
7021.84
3853.41
2688.32
6510.98
6561.03
3102.48
3439.96
5732.44
4716.92
3458.21
2556.62
5008.71
4742.11
3009.32
2911.17
2631.72
3158.85
2450.2
1387.12
2492.3
2915.68
1780.08
2158.59
1592.83
1677.31
1129.8
1112.14
1565.75
1634.31
1234.35
1281.44
6224.93
3595.35
2569.61
2592
3234.3
3321.12
2734.43
2698.97
5843.8
2604.48
3508.66
3713.11
3364.27
3156.63
3875.36
3495.23
2209.87
1838.23
1904.25
1323.68
1833.38
1947.14
1766.89
1860.91
2465.49
1418.82
1928.82
2643.09
2362.86
1876.43
2488.86
1966.49
7.58439
7.9778
9.72326
7.52504
7.52946
8.25804
7.73699
8.60264
6.82275
1867.75
3275.76
25.8428
61.5507
2102.13
132.908
1976.35
59.1654
4093.83
4332.54
231.544
331.513
4144.58
490.52
3895.79
8.43679
8.16247
52.2361
17.6164
9.1264
11.3263
14.9387
16.1201
7.96451
10.7694
7.62701
8.51959
9.0479
9.40256
8.07744
8.98672
7.94545
34.4609
3411.26
24.3836
10.4123
98.7103
18.7879
177.456
13.193
8.32465
10.1545
40.2385
11.4003
9.56396
17.3456
11.7925
28.0674
125.034
34.6611
3179.96
240.729
110.811
302.606
82.2147
1874.86
30.8317
2815.57
125.119
908.11
1433.88
996.63
1296.82
7.63895
7.46351
10.8873
7.3174
7.55437
7.9496
8.28503
8.39025
3327.74
139.576
3592.97
688.511
2438.02
2600.26
2490.67
2531.53
11.9592
7.68758
68.2591
13.9102
9.95755
12.3913
12.3676
15.5145
14.9009
1906.67
60.1694
6.38653
35.8854
973.161
4.82169
83.2158
17.3098
7.38665
53.9297
2291.72
25.0407
21.0946
78.6475
45.9722
1951.84
66.2426
8.3975
293.599
389.602
84.0235
235.287
68.9392
2137.33
337.62
7.71927
68.2577
1601.26
345.865
82.57
14.6407
2543.52
2856.04
1710.05
2658.92
2687.1
2415.68
2266.58
2217.32
3224.41
4549.16
2819.16
5065.41
4421.45
3937.36
4301.42
3939.78
1671.69
2290.37
1340.3
2228.21
2275.01
2104.45
1982.19
1970.78
3650.25
5525.85
3629.3
6607.29
5379.93
4982.3
5429.62
5101.77
3220.57
2235.87
3183.65
4881.46
2990.64
2786.22
3344.38
2972.3
2934.1
4459.9
2819.94
2146.71
2865.59
4052.89
2291.33
2985.83
2141.83
3083.44
4816.44
3195.43
2402.27
2967.74
3302.79
4541.77
2132.25
3114.35
4467
2870.6
2962.96
3109.03
3027.54
3260.43
5322.41
3788.84
6810.31
5116.47
5085.49
5289.17
5542.56
5740.1
2469.79
1473.11
2459.79
1761.59
2202.92
2001.19
2380.3
2033.05
6541.9
3978.87
7195.9
5342.67
5639.69
5472.39
6223.12
5803.64
4736.85
2579.6
4530.4
3619.92
4173.77
3549.63
4536.51
3683.3
3576.64
5756.1
4998.89
3005.59
3922.81
5291.07
3738.71
4911.17
3277.78
2377.17
3271.09
5317.45
3449.41
3202.99
3848.98
3455.54
6478.45
5350.57
3383.24
5527
5766.37
5162.46
4881.42
4622.35
5710.4
4270.74
2423.08
3368.51
5243.73
4065.08
3727.19
2892.18
13.9694
15.1922
8.6299
93.0047
14.7376
11.54
28.8808
16.069
175.656
2173.17
29.5128
2913.49
1120.86
1045.92
1056.65
980.119
7.41647
7.88633
7.48728
11.934
8.25682
7.71717
8.87871
8.28754
785.922
3329.72
158.929
3803.76
2369.09
2351.79
2440.5
2522.76
95.972
10.0977
333.104
1910.55
115.118
90.587
384.29
249.445
85.4541
1848.91
15.8841
7.35084
113.741
777.24
7.42057
34.1144
9.18789
393.511
1882.11
82.0009
20.301
391.207
94.2097
1435.29
8.18934
62.3653
1895.37
16.4547
21.1772
53.8245
24.339
85.6796
4523.73
2755.85
3515.9
5491.02
4464.6
3105.64
5086
3316.83
1790.88
1117.68
1235.15
1686.41
1702.8
1403.77
1738.44
1318.69
2873.77
1489.75
2155
2623.07
2651.36
1987.7
2785.51
1886.63
6697.79
2899.37
4182.86
7014.45
6199.56
4048.45
6825.38
3830.52
2836.58
3598.41
5671.17
2864.4
2995.6
3521.27
3049.41
3824.55
2136.3
2109.42
1528.68
2712.87
2107.8
2019.21
2044.86
1934.83
3927.78
6342.42
2993.4
4183.01
4041.61
3887.37
3877.6
3814.59
2697.31
2571.02
1995.14
1478.88
2547.3
2652.81
2003.49
1926.75
4933.97
5251.96
3111.48
5590.19
4703.79
4009.08
5129.09
4076.83
5082.08
3539.36
2209
4455.43
4652.81
4391.98
4439.35
4014.35
2060.47
1342.61
1057.14
1467.06
1659.27
1468.8
1633.6
1381.22
6156.5
4421.33
2529.44
5632.19
6137.77
4668.66
5582.18
4511.12
5528.34
3114.74
5786.46
5489.19
5576.65
4400.19
5962.46
4555.25
4732.69
4581.19
2293.66
2638.4
4624.07
4403.58
3327.22
2813.66
3061.73
5614.15
4466.32
2673.36
3135.61
4310.49
2775.12
4326.77
2502.12
2236.07
3882.4
2049.17
2250.45
2345.18
2224.71
2262.4
3455.6
268.378
4171.61
272.998
3211.26
3391.83
3009.77
3045.3
15.9186
8.62621
8.06018
7.33119
9.72074
9.04793
8.89225
8.01639
3481.07
37.0507
2216.64
26.5096
1318.79
1474.24
1068.79
984.194
12.765
7.46775
7.84843
7.43654
8.56161
8.11501
8.16425
7.73365
122.633
2510.35
151.324
6.99918
149.747
1959.76
10.3018
173.194
92.1362
7.27531
19.8741
2781.09
83.2521
28.1547
137.465
34.7673
2213.18
117.199
7.17671
15.8379
209.95
111.302
27.9796
23.6329
2210.7
14.45
6.38819
20.2306
964.214
33.0365
51.3273
4.30626
1795.4
2018.97
2290.69
2119.21
1913.1
2007.64
2129.71
2305.19
3266.69
17509
17471.1
17477
7168.74
9172.16
9881.92
17481.4
4549.16
17497.7
17583.8
17486.3
7342.16
8730.02
10788.3
17525.8
3329.65
17465.4
17466.9
17470.2
6445.47
8247.87
9488.64
17465.5
2648.77
2891.38
2692.08
7036.32
3217.1
2826.16
3511.48
2935.94
2926.2
9194.52
8365.76
3127.31
3807.31
6787.09
4069.05
6627.74
3719.55
3170.33
9434.06
9262.7
3784.09
3664.81
6721.39
6554.62
4302.25
17471.7
17467.8
17475.5
6853.06
8497.4
9468.02
17462.1
15039
15059.2
15055.1
304.518
10066.6
15048.7
7174.68
10578.4
15080.4
15117.2
15102.5
588.455
11084.5
15085.1
9244.89
11568.8
15075.3
15116.6
15120.1
1253.32
11147.8
15089.4
9133.16
11367.5
15.7257
38.494
47.7703
11.5898
13.2034
35.4007
14.5264
24.4328
10495.4
10526.9
170.845
392.23
8313.4
8530.12
545.058
624.894
15062
815.201
15087.3
15068.2
11102.9
9271.18
15071.3
10888.7
8856.41
153.011
425.064
599.934
671.725
390.024
631.719
311.068
11240.1
980.266
642.132
11631.9
9596.48
1183.35
9529.03
1225.77
15559.7
15500.1
833.272
15491.1
15475.1
9048.21
11415.2
7157.32
15468.9
15431.6
617.431
15424.1
15414.4
8898.71
11074
6936.47
25.4486
22.1322
10.0051
10.4655
18.8274
16.901
11.605
10.8888
15437.2
15401.2
209.36
15370.2
15378.7
6909.7
10265.7
2631.66
15437.2
658.56
15431.1
15400.5
11113.8
8038.88
15459.7
8177.13
9010.8
7873.94
225.363
229.038
6800.78
7704.02
753.937
566.653
476.768
10937.7
10882.7
165.193
566.548
5541.73
398.852
6467.11
106.144
45.3369
5092.79
125.229
88.3009
76.0158
362.883
444.178
2203.84
139.176
3231.55
31.1259
1065.53
1120.59
1601.57
1428.88
12.5964
31.2689
662.074
9.15936
12.1693
25.4237
22.0297
51.7115
3754.27
852.929
3712.68
165.574
2762.57
2759.69
2888.69
2799.85
7.8522
7.37488
12.1376
7.53016
7.6443
8.19294
8.07692
8.55442
69.335
2130.53
14.3373
6.89757
148.38
1029.13
6.21912
39.1026
78.966
10.935
424.926
2178.51
141.526
118.493
458.479
340.032
2591.95
13.3559
8.04799
46.2007
86.0317
23.8261
48.3709
20.3345
2404.97
70.243
9.24195
475.582
1843.01
97.0725
452.001
21.1828
7.55517
11.6218
7.35985
8.02591
8.36467
8.94819
7.8224
8.45053
176.547
4019.17
785.374
3648.59
2681.94
2622.72
2575.86
2610.9
8.00869
75.4469
16.0346
18.2937
18.9894
23.2194
12.8296
16.0507
35.3233
3264.52
223.898
2441.55
1056.77
1151.47
1177.04
1253.81
61.4888
8.61123
19.1857
2034.85
59.23
24.0535
104.012
28.6211
85.1428
2042.3
407.336
9.79584
104.797
1561.11
20.3439
385.426
7.72521
18.6449
2035.08
108.365
8.58508
40.0374
139.854
815.941
11.3719
114.697
2104.34
383.514
108.057
137.952
288.354
466.305
2879.09
2454.29
4195.39
3519.12
2969.03
3208.76
3937.71
3797.08
1571.65
1166.5
2039.73
1856.64
1369.8
1420.74
1921.43
1874.79
4935.19
3379.79
5761.76
7123.24
4364.04
4177.75
6627.9
5836.07
4873.85
3338.79
7066.85
7595.58
4132.29
4173.46
7437.92
6774.82
1998.08
4083.2
3477.36
2225.2
2970.9
3659.88
2727.98
3737.44
2121.88
2259.25
2578.07
4126.14
2834.94
2308.24
3263.38
2605.76
5342.78
5271.25
3372.46
7194.56
5435.82
4949.13
4518.46
4088.6
5048.23
6499.85
3222.08
3333.88
4303.6
4449.12
3525.76
3453.76
1990.28
2078.6
2618.81
2846.04
2497.04
2196.27
2797.53
2717.24
2610.63
2970.59
3653.14
4156.26
3318.3
3133.65
3819.34
3970.19
4010.13
5339.25
7823.07
7227.7
5004.49
5011.89
6993.79
7650.94
3448.5
4795.34
6873.87
5178.58
4132.08
4349.8
5559.3
6309.65
2599.62
3051.65
3008.62
4211.23
3193.98
2964.29
3453.07
3052.16
2512.95
4234.69
4002.32
2971.14
3372.18
3994.09
3265.69
4156.57
3752.28
3509.12
4978.53
6379.54
3790.81
3739.05
4686.1
4432.53
4003.84
7131.74
5304.4
5526.1
4747.1
4879.26
5167.54
5486.92
1658.63
2560.16
2978.43
2067.41
2161.3
2641.66
2339.31
2675.45
3990.55
7899.41
7645.2
5867.46
4814.77
7295.28
5034.84
7401.89
4291.69
7732.85
6733.75
5660.06
5088.55
6831.03
4968.41
6477.09
2931.28
4027.1
4983.42
2900.04
3376.74
3952.16
3715.09
4283.61
2951.44
3193.51
2509.8
4151.86
3126.49
3008.31
3009.65
3073.91
3835.63
5775.26
6871.1
3791.91
3847.09
4789.95
3985.27
4764.59
3751.18
3414.78
5245.39
5228.15
4590.53
4147.35
5224.63
4832.95
4230.63
6216.13
6449.92
7143.9
5406.74
6577.66
5481.15
6985.68
9.78465
24.398
28.4043
12.3226
11.528
14.1196
12.5971
21.1357
672.939
15435.9
15466.7
15405.7
9888.09
9731.92
11904.8
15421.8
631.306
15495
15513.3
15499.5
6183.45
6851.02
10937.1
15494.5
280.266
15382.3
15443.4
15353.3
7104.68
7143.65
11364.2
15388.4
253.347
172.637
102.028
8969.95
397.3
128.638
523.028
138.871
314.014
9113.19
7650.83
263.672
600.287
7624.29
700.784
7266.91
343.093
187.673
11146.7
10947.9
431.413
377.076
5470.6
5680.6
599.347
15457.4
15400
15446.5
5821.83
6621.91
11870.6
15441.1
21821.4
5933.71
17480.4
19976.1
15489.8
11132
17350.3
11444.4
1923.18
120.322
719.987
540.256
1103.25
539.772
1191.09
412.447
17087.8
3715.67
17418.2
4905.16
8875.45
10135.3
8826.29
10558.2
19354.5
2305.55
4757.92
17296.4
10970
4989.86
12861
5057.4
4176.87
9262.83
11915.1
2432.08
4426.52
7197.98
3220.99
4970.4
3437.75
1138.89
1946.77
10130.6
3473.62
2199.24
5129.18
2948.41
9407.76
14100
2730.93
4451.7
5319.93
4958.52
4294.29
4528.72
10516.7
3824.18
993.067
1869.43
6460.26
3795.84
3167.96
1605.34
17120.6
21424
2127.67
4890.56
17147.7
14694
5457.34
5353.04
22855.7
25259
6823.83
20273.5
23631.7
20409.4
13281.2
12794.5
689.98
1980.5
231.249
925.074
1263.4
1218.23
560.422
705.774
4754.22
18939.6
3806.06
16567
11947.2
11061.1
9733.28
9404.9
19933.8
2886.47
5163.49
13890.7
5447.82
5016.35
5779.86
4926.65
16718.7
12881.9
4807.44
2684.9
5456.94
8786.18
3640.52
5072.34
1113.61
3769.24
11473
1962.08
1688.41
3758.71
3330.12
6929.47
1304.17
2107.66
10999.1
3509.77
2257.79
3141
3549.67
5437.81
9377.69
6508.64
10193.7
8363.59
8154.07
8406.91
8724.57
8907.4
4403.14
2703.81
3874.76
4811.01
4145.98
4085.34
4188.94
3916.28
12220.1
7051.57
13269.2
13108.8
12028.6
11548.5
13271.4
13577
9204.93
7400.81
12527.8
11545.5
9604.13
9541.16
10959.8
11220.3
6335.12
9679.2
8726.27
6727.47
6324.71
8985.7
6507.55
8681.67
6491.29
6511.6
6545.48
9833.78
6481.59
6284.52
6947.13
6704.97
10242.4
9418.67
7242.94
12248.1
10109.1
9702.17
10682
9837.15
10751.2
12353.5
7341.27
6548.92
10702.4
10440.7
6675.93
7763.44
11687.5
12552
8004.54
9550.87
11210.6
11337.3
9986.94
9936.05
13070.6
13183.4
8451.43
12168.9
13008.7
13334.5
11635.8
11355.2
5490.45
4962.26
3056.53
4943.65
4726.62
4643.22
4590.44
4568.77
8765.08
10059.9
7223.05
9443.91
9131.83
9134.54
8454.58
8643.61
12445.8
8284.95
9854.19
10365.3
11185.5
10346.1
10759.5
10236.1
12550.9
10746.3
7911.18
8459.75
10973.4
10639.2
9107.35
7899.06
7769.67
9232.96
9752.87
7286.31
7519.76
9234.64
7423.37
9303.43
7605.25
7392.78
9817.06
7837.47
7572.98
7569.48
8063.28
7912.67
8850.88
8875.87
8882.11
3743.29
8564.22
8866.27
9908.6
9558.13
8884.09
8900.59
8880.38
3319.91
8008.15
8874.14
6577.63
6781.66
8854.55
8881.6
8815.34
4066.84
8277.03
8859.12
8593.05
8028.45
1680.31
1742.43
2221.84
715.256
1645.79
1760.19
1540.84
1574
7890.75
8351.93
3547.31
3528.99
7513.31
8528.39
3903.75
3947.05
8851.96
3553.88
8867.95
8882.3
7278.61
6658.07
8886.32
7942.16
11251.6
3033.4
2974.89
3445.96
4891.3
3105.73
4405.61
3013.23
9793.94
3428.98
2988.21
7591.58
8727.75
4222.53
7840.19
3850.21
8854.34
8874.73
8832.66
4093.47
8028.27
8828.9
7838.77
7997.64
8883.26
8894.76
8868.01
3691.31
7464.69
8855.01
6855.1
7520.76
8812.58
8829.4
8802.99
4579.47
8254.43
8815.09
8982.68
8350.26
1658.27
1885.64
1814.94
683.645
1598.72
1907.11
1532.07
1729.19
7719.04
9042.39
3307.54
3413.35
7268.95
7800.75
3810.99
3818.5
8841.78
3614.63
8835.05
8812.21
7628.69
7238.22
8852.23
7853.77
10146.1
3347.07
3586
3728.32
3952.03
3805.31
3768.7
3775.84
8634.32
4322.08
3747.71
7904.96
7622.62
4352.15
7228.9
4077.39
8848.99
8830.6
8851.46
4120.08
7924.79
8844.11
7000.93
7364.63
8842.14
8841.19
8830.66
4763.17
7823.29
8855.66
6776.11
7179.56
8856.02
8810.8
8865.71
4136.28
8112.83
8844.81
7424.17
8193.09
2099.65
2027.25
2175.37
857.206
1974.54
2057.52
1396.34
1361.47
7814.77
8062.66
3885.24
4307.5
6893.85
7059.8
4206.96
4118.61
8824.87
4650.71
8831.03
8843.3
7311.05
6852.4
8827.53
8244.19
7357.85
3331.89
3184.82
3201.53
4481.05
3477.92
4522.81
3243.44
7742.47
3405.14
3291.49
8979.62
7552.95
5062.92
8223.26
5726.03
8822.34
8859.35
8893.14
4274.71
10023.3
8886.79
8697.06
8308.46
8868.23
8834.48
8839.32
2841.66
9816.76
8855.18
8405.32
8035.69
8890.99
8840.65
8850.66
3193.44
6748.13
8856.89
6551.22
7590.14
1994.34
1375.78
1584.6
766.751
1275.33
1536.34
1297.46
1502.15
11771.6
8217.28
4304.58
2749.38
9867.11
8904.55
4822.8
5007.18
8901.94
3284.48
8839.33
8916.39
8261.6
7695.25
8893.61
7356.48
7570.59
4045.47
2774.21
2763.07
4181.84
4330.78
2809.73
2685.93
7978.17
3152.74
3112.42
7557.84
6146.48
3414.77
6669.49
3356.21
21704.4
19739.7
16816
6347.31
15325.1
17124.2
11019.7
11409.6
20142
19928.1
7265.24
3648.43
13499.4
15735.7
6912.91
7043.34
17359.7
6925.87
18839.5
4708.56
9317.24
9386.91
10571.2
10973.3
2838.72
1747.35
1626.51
463.391
2178.05
2315.69
1256.28
1176.43
12504.1
9484.64
5062.07
3950.09
6547.54
7855.39
4618.3
5324.56
14608.5
4279.74
6865.68
9551.69
6667.19
6537.77
6882.64
6537.55
10735.6
4429.9
2720.31
2999
5892.49
4458.07
4198.52
3498.14
11245.6
2946.96
2724.31
5936.94
7521.59
4511.64
5889.37
3603.02
4805.75
4849.81
77.6275
297.433
4341.98
4762.8
644.016
438.205
4117.7
2370.7
7.01802
30.6088
2472.31
2712.73
159.846
74.1668
9.61587
8.19084
7.58214
7.76246
8.73866
8.424
8.12162
7.58335
81.1259
8.21429
9.84795
22.7595
21.0557
10.8351
33.5395
10.2981
3721.7
34.1665
138.177
41.2094
355.351
293.635
89.9156
115.588
4140.31
41.5655
8.86527
28.7033
211.847
114.272
24.7139
12.1483
14.1773
72.512
10.2727
8.94762
13.85
21.2854
9.43194
11.9931
11.1318
7.68446
8.64575
8.20175
9.50776
8.50199
9.36716
8.11672
7.55812
8.05905
7.57555
12.7964
8.14011
7.83342
8.61281
8.4549
35.0671
2364.26
195.634
3571.85
1697.17
1131.69
1533.1
1220.87
7.3405
16.9531
15.6498
104.995
19.1499
11.673
20.9087
13.7973
196.403
4218.62
908.549
4209.43
3183.86
3078.86
3108.27
3093.19
14.6083
8.72455
53.7445
2794.15
26.6804
21.4177
100.44
54.5715
16.0054
2325.79
93.4404
7.56117
45.669
1103.58
8.14711
180.817
9.88803
84.5736
2589.31
439.837
22.1481
117.622
469.999
1983.3
11.7495
357.164
2356.57
100.814
121.244
309.901
160.811
517.715
2035.73
3017.59
1884.75
2792.26
2619.94
2667.05
2734.13
2874.79
4258.22
7079.84
4317.53
6243.6
5424.04
5747.48
5537.86
6122.62
1644.43
2840.49
2669.3
2840.1
2219.63
2284.42
2463.34
2764.67
3027.5
4810.79
2994.54
3960.79
3968.18
4304.58
3767.79
4010.44
3631.91
2289.55
3318.24
5054.36
3606.04
3425.09
3700.53
3461.96
3739.96
5398.32
3503.12
2317.34
3808.23
4993.81
2661.17
3379.99
2259.19
3162.19
4832.62
2938.98
2280.81
3250.07
2998.57
4319.51
2329.6
3148.28
5086.74
3590.42
3076.73
3172.28
3342.37
3524.73
8799.57
8807.26
8832.34
4047.43
8411.11
8829.54
6954.85
7959.38
8848.69
8853.55
8851.9
4890.7
7785.9
8871.74
7382.67
8023.24
8817.38
8846.73
8856.29
3472.59
5919.99
8855.01
5346.55
7747.54
2110.22
2036.43
1940.34
593.547
1390.29
2087.18
1388.25
1998.14
8478.66
6633.01
3657.96
3446.76
7413.88
6675.92
5552.86
5156.95
8860.12
4794.69
8843.81
8829.79
7735.93
6681.1
8822.72
6408.48
6188.66
3314.85
3438.27
3144.42
4284.15
4587.89
3281.91
3330.07
7603.77
3648.68
4414.63
7553.3
5527.23
3989.37
6052.6
4203.3
8836.27
8861.33
8794.89
4983.35
8133.82
8817.59
7936.81
8289.59
8872.79
8895.35
8883.95
3891.46
7550.64
8857.4
6810.31
7426.4
8814.1
8848.59
8860.2
4836.82
7073.58
8846.8
7183.63
8152.69
1823.13
1911.81
1869.04
703.97
1361.91
1850.48
1232.14
1761.93
7745.32
8676.96
3450.37
3268.86
7323.83
7790.54
4517.08
4696.65
8834.65
3673.14
8852.33
8812.51
7695.18
7225.02
8852.63
7681.45
9160.97
3226.2
3226.91
3142.11
5557.44
5111.62
3393.17
3302.75
8204.69
4423.12
3829.53
7835.32
6878.01
4368.85
6871.95
4187.36
5522.38
7881.7
7356.87
7704.65
5973.74
7036.7
6826.14
7619.61
15237.6
17146.9
15666.4
18725.9
20609.6
14782.6
17806.4
16588.5
8366.67
15042
14894.8
15864.3
9989.19
10623.4
9520.84
14938.4
9788.88
17924.2
16198.7
16259.3
12125.1
14243.2
11068.7
16684.8
10006.1
8472.61
8712.94
15061.2
10152.6
9290.95
12200.1
10454.3
13117.5
16002.6
11400
10072.7
12492.1
16195.8
11436.1
13500.1
8031.47
8423.62
13658.6
10076.7
8861.47
9610.44
10362.6
11660.7
9267.75
16145.5
17527.6
15272.1
11351.8
13539.9
12679.6
16874.2
8878.34
8879.38
8869.94
5392.48
8507.43
8881.43
8078.64
7948.79
8855.34
8893.5
8861.74
3807.29
7887.48
8853.89
5996.25
6181
8827.35
8883.38
8813.52
4155.46
8146.15
8841.28
7396.25
7029.89
1959.37
1996.83
2195.66
579.497
1884.89
2025.88
1160.52
1323.07
7737.2
8104.84
5001.38
4328.86
6423.51
7135.3
4726.51
5041.81
8836.1
4095.13
8840.2
8857.68
6440.81
5930.16
8855.97
7765.66
8365
3242.87
3448.01
3748.33
5340.98
3654.64
4778.9
3538.8
7795.22
3683.91
3436.59
6218.23
6829.25
4514.93
6161.85
4121.9
8833.94
8809.53
8833.68
3875.72
7858.91
8824.08
6788.31
7154.99
8814.42
8816.93
8803.51
4667.62
7841.13
8831.02
6688.88
7052.1
8837.99
8793.35
8843.25
4250.5
8199.95
8821.22
7507.74
8136.93
1914.78
1956.68
1929.22
636.975
1886.72
1988.61
1330.75
1322.35
7774.23
8017.87
3755.27
4286.86
6768.27
6870.59
4136.48
4005.03
8797.35
4596.91
8804.8
8823.01
7189.85
6706.1
8803.65
8140.06
7313.09
3187.77
3176.03
3068.66
4343.22
3314.41
4396.89
3126.58
7666.19
3237.18
3248.68
8693.62
7459.29
4877.28
7985.93
5444.38
1791.38
2363.66
2038.12
2041.86
1997.96
2218.82
2054.84
2180.56
4275.17
17590.2
17537.2
17570.2
8367.32
12736.3
9914.97
17522.7
3085.49
17500.4
17492.5
17513.4
6828.29
11519.5
7456.54
17479.6
2734.71
17560.7
17542
17544
7288.64
11739.3
9483
17539.1
3170.45
2810.33
2458.84
6768.79
3185.02
2881.18
2955.61
2813.01
3824.2
12049.5
11677.9
3204.4
3657.4
7902.4
3542.31
7893.11
2779.89
2513.09
8749.74
8422.54
2833.05
2851.24
6970.7
7276.92
3148.02
17507.2
17538.6
17491.3
6681.7
11713.2
8498.39
17527.5
4272.66
6112.71
6389.39
5834.61
5184.33
6239.46
5171.45
6560.16
6303.32
14666.5
14749.5
14749.3
8495.9
9896.96
10513.8
14699.1
8320.26
14878.3
14919
15115.5
10770
11775.6
11942.9
14945.6
8547.58
14788.6
15045.1
14886.4
12965.4
12602.1
14916.2
14825.6
6832.93
7975.6
7344.22
9929.8
7396.49
7712.3
8308.35
8893.82
6507.58
11352.6
10795.5
7787.53
7146.1
9124.3
7318.39
9392.83
8262.03
7445.49
11424.2
13481.3
10139.8
9548.02
12242.6
11172.8
8392.32
15030.9
14837.6
14833.1
10335.7
12661.4
10909.2
14949.9
16348.9
9427.76
16524.6
17712.7
13021.8
11637.1
17231.2
13740.8
7047.2
4977.11
6674.66
6609.46
5797.11
5625.89
6906.57
6512.67
16822.3
9177.17
15232.6
15820.1
12767.2
11333.6
15559
10866.2
19022.9
13775.2
16741.3
17648.3
23161.2
20477.5
17560.1
16197.6
8623.11
12459.8
16245.9
9364.13
10557.4
12889
11353.1
14655.5
8185.07
8991.97
7907.02
11314.6
9373.05
8432.07
8834.37
8273.72
17602.3
18624.3
13766
16409.2
18058
17359.9
17322.8
18643.5
14499.8
14226.3
12216.1
9828.71
14052.9
15895.1
11098.6
11950.6
14781.8
613.789
14778.5
14821.8
8639.81
6825.61
14769
10801.6
24.2684
9.72959
10.5398
36.5204
18.2116
10.6778
19.9007
11.6503
14756.6
183.321
14727.4
14796.9
6526.91
2455.54
14735.7
10024.8
14857.7
782.411
14851.2
14932.5
8375.36
6695.87
14838.2
11374.6
271.957
7329.03
8678.17
216.523
517.785
7239.62
678.037
6498.83
124.734
104.679
39.8777
4928.95
341.143
82.9277
407.394
68.9997
14758.4
14793.3
607.986
14791.1
14814.8
10797.2
7612.6
7550.94
10516.6
10579.7
441.448
150.322
6042.97
5164.95
364.062
536.785
12758.4
12807.2
12789.1
151.468
8866.85
12777.4
4997.39
6366.04
12859
12900
12909.3
685.067
9884.32
12882.3
5763.58
6664.64
12818.9
12913.3
12867.8
1099.11
10636.4
12848
7938.63
7819.74
9.94959
136.525
181.873
44.2525
19.4149
35.6874
28.8783
70.1491
9281.14
9713.8
109.087
290.71
5227.52
5227.92
320.713
252.558
12823.8
512.92
12870.6
12808.5
6620.28
5844.36
12843.1
10294
6995.98
32.6373
223.059
318.023
384.092
94.3654
443.51
114.653
7752.46
666.119
353.814
7073.69
6935.85
721.649
6961.11
875.269
12643.6
963.784
12610.9
12712.5
6793.75
7070.92
12638.8
10366.7
87.0935
26.0008
15.084
389.353
67.9492
34.1576
58.5963
30.1521
12594.2
209.824
12570.2
12628.7
5754.51
3700.87
12593.5
8803.04
12735.4
1158.56
12683.3
12716.3
6601.42
5712.26
12709
9823.38
589.601
7083.16
6358.46
538.84
568.023
6415.93
883.844
6264.43
321.068
387.883
74.2598
6328.87
414.599
199.879
394.017
155.059
12615
12685.5
699.023
12647.6
12655.8
10210.7
6247.67
5649.66
9431.41
9478.05
477.212
165.342
4789.71
5020.56
302.338
494.68
12872.6
12947.1
6499.84
12681
12841.3
11255
10401.2
10150.3
12979.3
12942
7696.39
12822.3
12951.9
10140.8
10462.3
8941.15
4409.65
5801.15
3777.46
4167.81
4631.14
4958.87
4409.38
4712.4
12550
12640.9
4401.77
12541.7
12538.4
7699.31
8472.29
6428.08
12924.2
6490.94
12569.4
12704
10185.4
8730.95
12762.9
7999.04
10584.8
8586.71
7076.88
6562.64
9245.89
8397.15
7708.87
7178.58
5756.85
7719.01
9252.64
4456.16
5291.38
6676.95
5083.18
6674.01
5915.82
4633.11
7512.89
6581
5437.47
5085.51
6347.43
5932.96
12678.8
12716.3
893.357
12668.7
12680.8
7087.09
9408.09
6015.74
12687.3
12644.4
781.029
12609.4
12632.3
7163.89
10077.8
7170.29
108.982
134.353
29.9722
15.8707
47.4541
89.5755
21.7792
44.897
12626.8
12595.2
221.838
12568.6
12593.1
5891.6
8689.18
3750.05
12667.9
750.799
12644.8
12616.5
10050.6
5948.5
12653.7
6543.51
6564.51
7076.94
644.742
714.41
6014.84
6207.26
863.923
568.339
551.986
9247.75
9488.11
180.22
532.425
5173.85
319.651
4934.72
468.301
73.8186
6274.16
316.129
183.598
152.455
388.232
423.999
12580.4
7283.48
12622.6
12751
9805.69
8922.04
12693.6
9866.7
5772.12
3633.76
4881.2
4594.19
4762.29
4590.6
5029.06
4785.36
12571.2
5690.47
12628
12714.1
8712.8
7562.01
12662.8
9858.83
12905.9
7318.76
12840.5
12951.2
13612.2
12192.6
12934
11086.8
6922.08
9127.26
11288.9
6416.25
7603.66
8999.58
8711.04
10264.7
6707.88
6111.08
5848.74
7960.58
7040.93
6295.7
6591.92
6168.64
12613.3
12818.4
7502.37
12779.4
12677.8
10920.9
10560.5
10857.2
8931.55
10449.5
6815.3
6013.69
8251.3
9479.19
6475.65
6950.99
3848.54
5549.24
4661.66
4806.68
4503.86
4656.15
4750.79
5002.69
7170.82
12549.1
12746.5
12588.7
8330.49
9282.95
9414.73
12667.8
7632.42
12874.3
12961.5
12812.2
12088.8
13519.3
10969.5
12921.4
5493.5
12541.3
12675.3
12590.1
7091.12
8292.32
9600.21
12627.9
6366.35
6100.08
5641.11
7684.35
6747.94
6132.77
6315.82
5971.19
6636.94
8832.88
10860.2
6426.84
7299.98
8580.35
8368.39
9882.58
6849.25
5853.06
8696.2
10213.6
6861.64
6324.56
9153.51
7979.15
7561.57
12744.8
12586.7
12783.9
10615
10286.2
10676.7
12640.2
3358.2
5074.54
5773.79
5385.84
3866.86
4680.56
5206.89
5794.32
8855.18
12932.9
12873.3
12865.2
13724.7
11346.2
11957.1
12875
5547.73
12732.4
12621
12598.8
6446.34
8506.38
8511.45
12621.6
7499.72
12832.7
12667.3
12559.2
9523.23
9501.51
9078.45
12694.2
6076.03
6748.66
6603.34
11433.4
8706.08
7294.14
9484.49
7430.78
7674.77
10575.3
9813.36
6762.48
8610.03
10122.8
8209.92
8969.85
6109.32
7172.94
10535.4
8954.22
6678.65
7249.62
7650.33
8691.65
5940.42
12628.6
12764
12730.1
7467.88
8212.52
9364.78
12727.8
12619.3
1139.77
12597.9
12656.2
8448.95
6467.31
12611.9
9577.93
969.161
68.1959
16.8526
802.409
357.377
115.947
164.777
31.8929
12578.5
186.473
12564.9
12620.8
7108.62
4199.23
12580
9128.54
12672.1
1064.52
12649.6
12703.8
9895.07
8697.29
12649.3
10306.3
1164.52
8245.34
9561.65
1024.08
1001.79
7273.68
1276.02
8357.16
898.217
715.872
97.6774
6106.48
520.734
239.077
482.97
234.945
12596.8
12638.2
1072.2
12617.6
12628.5
9920.29
8882.17
8010.23
9147.52
10050.9
567.241
126.139
6157.87
7336.24
372.103
631.811
17225.3
731.329
17221.4
17270.5
9580.36
7726.3
17212.6
12393.9
24.3935
7.85563
10.5901
25.1057
13.5408
9.39399
19.606
11.5686
17199
222.356
17167.5
17242.6
7589.07
2740.07
17172.7
11259.2
17301.6
912.932
17298.7
17361.7
9642.64
7615.36
17279.3
12623.8
312.928
8234.49
9581.97
251.216
628.516
8060.52
824.276
7200.8
156.916
118.372
48.6312
5599.36
416.444
100.482
497.215
91.3547
17197.5
17238.8
709.287
17231.8
17263.8
12222.5
8734.55
8529.23
11972.7
11960.5
514.871
182.403
6936.03
5868.22
442.373
636.395
12561.3
215.672
12594.6
12612.7
8509.44
5032.7
12584.5
6457.63
13.7666
24.136
104.922
125.62
20.0385
26.1191
42.3644
59.5659
12622
876.992
12686.2
12686.7
10334.4
8193.87
12641.6
8441.42
12644
871.818
12691.5
12654.5
9063.1
6094.05
12652.7
7161.69
172.102
9578.77
9009.32
505.771
308.79
5374.97
494.49
5432.68
55.4288
365.553
249.312
6890.45
132.872
155.663
369.747
360.284
12613.9
12627.4
688.149
12652.5
12643.7
6809.41
10039.9
6092.54
7852.54
7967.84
611.532
564.213
7190.48
7319
652.88
923.207
12706.6
12801.9
12624.6
6324.18
10379.8
12742.9
8183.31
9199.49
12921.9
12974.3
12977.1
8258.48
11360.3
12993.2
12507.5
13920.1
12713
12900.7
12690.8
7808.01
10199.6
12785.6
9038.7
10005.9
5729.48
6233.91
6282.45
4725.98
5764.99
6111.31
5376.56
5566.83
10898.8
9530.85
6682.31
7797.96
9945.99
8796.01
7784.37
7137.11
12861.7
8460.48
12899.4
12681
11025.4
11254.7
12789
11352.1
8655.79
6472.31
7443.83
7291.19
7163.99
6849.97
7620.14
7125.6
9629.97
7540.6
7876.28
11898.4
9399.74
8216.24
10890.2
9714.57
12845.1
12916.8
12809.5
2008.21
7520.91
12840.8
7538.01
10440.8
12940.4
12913.4
12872
641.504
6686.36
12897.8
5841.22
9980.15
12790.9
12819.2
12767.2
148.539
5813.91
12789.1
3734.02
8983.42
971.372
135.78
10.6769
41.6685
251.392
54.5205
54.4196
22.3702
5836.12
6985.52
1308.46
518.754
5708.29
6216.2
904.748
574.801
12878.3
523.116
12838.5
12811.8
10354
5804.14
12852
6390.6
6316.97
866.804
295.535
55.525
386.16
366.125
123.926
156.548
9631.54
103.648
331.126
9384.06
4880.37
249.78
5133.43
342.314
12924.5
12973.6
12806.7
7930.68
10256.5
12935.8
8997.69
10448.6
12926.2
12842.2
12628.7
6428.65
11224.2
12806.8
10064
10281.2
12636
12493.4
12512.4
4634.7
8225.32
12537.2
6645.2
7512.75
6060.3
4364.88
4270.38
3664.2
5108.63
4673.88
4869.04
4412.85
10560
8812.06
7329.49
6525.78
9257.65
8557.44
7899.54
7362.83
12904.1
6425.06
12564.3
12705.7
10247.4
8688.97
12759.2
8496.05
7652.93
6903.39
5877.35
4856.55
6096.34
6540.25
5323.33
5581.77
9343.4
4726.58
5757.71
7063.68
7208.27
5391.17
7289.02
5581.56
12562.7
12614.3
12593.8
193.276
8618.38
12584
4954.96
6337.12
12653.1
12671.2
12696.7
945.816
9241.7
12673.3
5799.23
7000.49
12620.6
12695.4
12673.6
636.762
10385.5
12643.3
8125.97
8202.72
11.4483
153.688
35.341
19.718
16.5629
33.7391
19.2091
32.922
8980.72
9539.09
139.403
423.09
5062.79
5149.78
447.929
273.379
12626.4
619.658
12667.1
12612.5
6452.72
5683.57
12644
10052.1
6831.72
42.2298
278.97
151.156
352.399
106.151
344.301
119.525
7761.84
275.24
416.536
7406.74
7028.83
573.657
7027.1
815.503
12569.3
4811.75
12710
12563.8
8604.33
7079.2
12583.4
8212.65
4148.58
3727.19
5934.53
4126.51
4151.84
4768.34
4390.11
5033.16
12841.5
7755.85
12921.9
12994.6
10672
9309.36
12965.8
10625.4
12746
5740.37
12965.5
12889.6
10503.8
10180.9
12884.6
11410.8
4845.49
9741.69
8835.92
5420.33
5349.68
7372.65
5466.91
7647.07
4884.89
5560.63
6583.32
7855.34
5283.54
5370.67
6146.76
6465.06
12779.6
12648.1
5917.42
12964.7
12835.9
8582.02
10591.3
8917.16
8930.66
10699.7
6146.4
7210.5
8755.2
9449.82
7220.25
7652.95
12516.8
4759.79
12634.6
12500.6
7648.92
6637.36
12529.8
8146.38
4147.69
3230.99
5322.62
4015.77
4206.01
4187.73
4408.84
4380.79
12785.3
7423.83
12866
12930.6
10433.3
8954.43
12903
10241.1
12695.1
6709.42
12941.8
12894.8
10410.9
10369.6
12866.7
11445
4937.08
9344.91
7845.83
6042.73
5584.67
7246
5856.74
7704.53
4869.91
6025.8
6392.37
7563.89
5294.17
5603.76
5967.56
6383.04
12708.7
12601.5
6680.37
12924.5
12776.1
8745.27
10375.5
9032.97
8686.56
10476.5
6606.83
6943.49
8464.56
9251.57
7153.63
7631.15
12635.9
1140.44
12607.3
12695.4
8372.37
8847.61
12629.9
10286.4
135.831
45.6045
13.6721
361.868
85.9063
42.1626
95.3893
33.6159
12587.4
250.407
12563.3
12611.7
7312.11
6537.06
12583.4
8620.09
12714.1
799.324
12662.8
12710.1
6389.42
5617.75
12696.4
9800.34
601.575
8350.2
6689.29
644.484
636.43
7371.5
924.238
6928.94
445.846
450.43
103.946
8015.88
436.719
227.578
490.02
183.48
12602
12667.7
530.789
12625.8
12634.2
10286.4
6638.56
5816.84
9611.82
9011.52
325.934
176.923
5980.49
5566.81
311.739
374.594
43224.6
43039.8
43269.8
43037.4
38226.1
43215.5
43212.3
33427.8
42913.8
42890.2
42941
5239.8
28432.2
42870.5
21020.3
23753
43461
43243.4
44048.6
43131.1
39108.7
43530
43531
30298.1
42878.5
5221.02
42889.6
42772.2
28073.7
20843
42826.4
25260.7
31074.6
38341.1
31665.3
6662.76
26462
31744
7648.53
26876.2
43038.1
7021.23
43064.7
43375.3
31431.5
26083.7
43079.9
30409.8
43375.6
43045.5
6596.98
43004.5
43063.5
31649.3
30509.3
26120.7
34662.3
28181.4
5744.93
27677.3
32860
24523.2
24341
7323.99
44016.5
43973.2
43132.5
43102.2
44015
43981.7
18924.9
20348.5
43742.9
43586.5
43231.1
43228.7
43637.5
43550.5
18851.1
20076
42918.4
42975.3
42889.8
5178.53
30882.5
42866.4
11144.2
15235
42940.3
42961.7
5146.09
42828.7
42962.7
31935.6
14719.7
13337.7
43888.4
33950.1
43191.3
43276.2
19798
18925.7
43200
33688
43797.8
34036.8
43150.1
43099.3
20351.4
18775
43217.4
34480.3
14820
14176.3
16368.4
4560.91
6855.18
14587.3
6576.87
13499.4
18023.6
4697.3
15042.2
15782
16677.2
7026.7
15603
7297.91
42918.3
43213.3
42827.1
42840.6
43032.5
43121
14336.7
16722.1
43251.8
43275.1
43061.3
42931.4
43191.6
43187.3
19993.6
19623.4
42790.2
42925.1
42800.2
7689.37
31944.2
42837.6
15145.6
18478.3
42813.1
42876.6
7389.82
42806.8
42884.3
32667.6
12899.6
13271.7
43235.4
32575
42924.6
42990.2
17165.6
15681.8
42949.4
33069.5
43223.8
31208.6
42942.1
42871.6
18194.4
17519.4
42965.2
33129.3
14117.8
13244.2
14073.5
7725.83
8701.14
14150.5
8722.12
13375.4
17731.6
7539.92
13454.2
15100.3
16054.9
8314.74
14896.4
8275.54
42852.2
42611.3
42874.3
43133.7
42695.2
42603.9
21428.5
23118
42627.9
42645.2
42812.2
42902.4
42666.4
42656.3
22756.4
21393.8
42756.9
42706.5
42713.3
8384.15
25405.9
42677.4
14917.7
19790.1
43089.9
42986
9432.28
42968
43087.1
32857.8
13787.9
12739.5
42701.5
29657.9
43160.7
43013.7
25884.2
22117.8
43062
33085.5
42686.7
30828.4
42777
42797.1
25598.8
22410.6
42849.6
29846.7
13861.1
16372.3
17978.5
9351.9
11374.6
15478.1
11259.3
16529.4
19119.4
8792.25
15879.6
20607.5
15866.9
10139.8
15234.2
10518.4
42754.2
43023.4
42600.4
42794.3
21539.4
42773.7
42741.3
32271.8
43113.5
43056.2
42960.7
11278.6
24996.6
43037.6
21440.7
28468.3
42612.9
42809.8
42601.6
42621.9
25663.7
42650.6
42621.8
31068.6
42773.4
9179.02
42625.4
42719.1
24890.3
16590.9
42711.7
21569.8
23925.8
25486.9
25044.3
10762.5
21133.2
23765.3
13154.7
17988.9
43051.5
13434
42898.6
42761
29625.5
24268.6
42974
29366.4
42641.5
42764.5
10146.9
42612
42655.2
22112.3
24523.8
17315.5
32398.1
22314.5
11258
29066.3
23662.7
18799.1
24057.3
13540.5
35.8008
45.9328
34.9785
43.2544
41.0114
36.5677
41.0903
40.8171
48.1546
69.4531
65.3095
66.339
56.7645
46.3091
60.7822
58.247
29.1549
81.4834
56.2094
78.4351
47.0582
59.9201
64.5088
83.335
87.9067
120.03
129.793
171.292
135.048
129.119
157.242
153.368
55.2521
45.4614
59.974
85.4432
62.7305
54.1334
66.3672
64.768
51.7241
82.0035
77.8429
42.3343
57.9152
70.7349
41.0128
66.5899
50.1578
73.3002
103.39
105.466
63.4879
78.1421
87.4731
102.2
45.9866
99.0917
104.247
100.291
67.4075
87.0698
91.9629
96.6759
7.39807
7.99282
8.4203
7.53183
7.58164
7.75076
7.53918
7.86016
11.5884
19.292
20.5478
11.2507
14.9357
16.4409
12.9079
15.3457
11.136
19.8163
18.1406
12.3234
16.2228
17.1207
13.3025
15.4801
7.5738
8.32998
8.6405
7.40896
7.73686
7.99896
7.67601
7.96215
9.12717
9.7859
7.79784
9.09612
8.9573
8.41637
8.43594
8.08307
10.4679
9.90395
17.3972
10.723
10.5413
11.3568
12.8437
15.8283
8.97669
7.76297
8.74435
9.37886
8.74591
8.1702
10.3574
8.34147
10.6418
10.6486
9.71929
17.0306
13.8968
11.6092
15.125
13.4817
45.8165
26.648
13.0098
65.164
41.7249
27.2878
36.4867
22.4208
30.9069
30.6546
14.1314
37.1324
32.5582
24.8944
26.4287
19.8241
9.22971
8.29151
7.68813
10.6422
9.29875
8.30906
9.02168
8.13027
55.7123
41.8247
19.9476
57.6216
34.6439
23.727
36.0863
26.2696
35.4047
19.868
57.4963
45.9071
32.7833
26.1997
36.5323
35.1322
27.9204
34.2758
14.5381
15.5469
24.0195
24.4764
16.2818
17.6211
18.7709
54.2034
30.8231
14.8438
21.4688
31.5077
15.28
19.9901
13.3666
12.5654
22.3823
10.2772
10.181
11.7768
12.7164
15.6466
7.60826
10.8877
7.95112
7.88201
8.94541
9.55798
8.14121
8.99433
91.3089
144.79
68.946
38.7176
90.3813
114.037
52.5369
83.1924
11.3507
46.1527
18.5625
16.5079
24.5151
30.436
17.5819
23.6676
8.32905
15.8868
12.2708
8.09634
11.8451
13.4053
9.49134
11.295
23.5911
10.521
10.2871
23.9643
17.9227
12.8852
15.5282
11.3488
38.5474
31.2111
41.0509
11.805
30.5012
34.7103
18.8006
34.7847
9.51545
8.91897
18.1748
12.8549
9.53773
10.3148
15.936
15.5195
11.5437
16.135
24.5902
33.3843
21.3391
18.6652
26.9606
24.6191
7.79779
8.20321
11.7187
9.1219
8.55035
9.46852
8.8543
10.4645
12.9203
21.2883
45.4941
21.3067
14.748
31.2807
18.7044
33.3327
90.4119
88.8486
159.984
115.013
110.412
140.799
123.991
152.352
15.844
29.925
64.8585
25.5098
20.1913
32.2318
28.8124
42.7385
9.58567
15.0804
11.6605
18.496
10.6569
11.8715
11.7698
13.5623
12.4061
23.7736
40.4053
40.0204
13.7085
17.5111
19.2489
22.4821
17.6438
14.6215
23.1107
46.7134
24.5294
18.9072
30.4127
27.2401
46.1073
72.4484
29.8707
52.745
89.5452
77.3124
39.8703
70.4738
28.8445
32.3495
30.2366
41.653
36.9286
30.3445
36.4637
32.321
90.8132
135.041
60.7995
135.304
118.008
124.401
129.162
132.561
16.1342
24.1795
25.6966
23.1586
18.7756
19.3296
20.9649
21.0686
48.8712
87.8576
42.2499
76.7923
57.4439
58.8993
63.3936
60.3658
37.9022
29.6131
43.2803
70.6087
40.3961
33.8789
50.0926
38.813
39.1058
87.2422
35.3399
21.6733
40.6052
69.4042
23.6933
33.6455
29.4337
44.227
79.1425
38.1176
31.1694
41.2452
35.6748
49.8912
23.1488
35.7921
87.053
39.661
30.485
35.1125
38.4668
41.9502
23.9645
26.942
28.7728
16.0393
22.564
27.0791
21.1023
22.2018
14.7683
21.9367
22.3759
9.95896
11.9809
16.6753
10.8817
14.8092
77.2063
59.4819
127.574
51.8834
77.0906
109.301
82.3729
104.917
9.29589
8.74259
11.285
7.68079
8.41302
9.41131
8.10321
8.71137
17.5964
22.3997
12.59
10.3597
14.3721
16.7487
12.6934
15.0918
18.9003
10.8183
21.0207
27.3073
15.127
11.8622
22.1024
18.8364
22.9254
10.8805
9.856
14.4085
18.919
12.9467
15.9241
10.9641
26.7718
16.494
9.89331
18.6092
23.2757
19.904
18.3903
14.3461
7.79458
11.7253
8.75281
12.1916
9.18621
9.70486
10.5464
10.8012
17.7069
25.8021
45.7907
45.8412
23.3022
29.8341
32.0676
39.3229
12.2991
28.1084
16.2345
17.9522
14.1501
18.4833
15.4884
20.6346
31.718
54.2305
27.9898
85.2903
45.5004
43.384
61.3439
51.9565
16.7023
10.4026
18.9223
31.485
23.7818
12.9292
25.3906
20.1763
18.0681
37.0342
25.5145
11.5262
25.4777
31.6439
17.5349
27.2401
11.7046
26.5377
36.7794
23.1536
14.7742
24.9108
18.4711
28.3982
13.4221
25.1169
42.7082
31.9133
17.2834
20.3764
33.1266
51.4554
13.3463
17.49
10.5127
9.94493
13.8549
15.0485
10.6177
12.5433
21.9144
21.5861
13.5738
13.441
21.1148
22.0736
16.8963
17.7428
7.9418
9.44849
7.49916
7.45776
8.09292
8.26365
7.58304
7.89306
8.51025
9.05794
7.41388
7.44166
8.29591
8.46336
7.6689
7.97211
14.8955
8.93753
9.70583
11.814
13.1855
11.718
12.5155
10.4022
16.2168
13.1325
12.7141
9.30629
15.4194
15.4493
11.0712
11.6308
8.07897
8.52348
10.0407
7.58737
7.96142
9.00727
7.78678
9.01346
8.64248
7.84621
11.6139
12.0111
8.73644
8.23741
10.8093
11.1151
47.0336
94.9967
65.2382
82.9742
64.5909
71.2411
75.0323
85.8701
194.678
215.749
133.193
277.512
216.668
167.969
235.137
173.874
66.2933
81.6548
90.3572
125.142
84.4841
79.466
97.9607
91.5197
173.995
318.708
206.246
294.538
229.054
265.552
254.691
273.996
138.101
88.7257
117.61
254.241
155.857
117.997
176.229
144.371
136.295
262.086
112.875
87.5524
154.261
219.704
131.096
154.621
96.4843
148.444
279.74
171.951
109.076
159.152
150.381
211.561
93.7378
165.313
272.271
127.903
131.367
160.299
162.272
190.128
37.5599
57.3522
80.8879
52.5625
48.2635
61.7559
57.2964
68.6013
58.3965
84.8068
72.367
36.8434
63.2328
70.3062
53.9967
58.4008
167.161
129.361
205.365
85.0215
142.04
148.089
126.297
151.065
34.3541
23.8287
40.5008
19.9018
27.2959
30.7281
28.7823
33.317
57.9873
82.5902
41.9791
39.6471
77.4527
65.4528
62.1522
48.6248
71.5621
43.6148
86.8571
101.34
88.7301
65.7162
117.295
81.5616
90.3971
42.3132
31.7046
56.9011
59.4113
49.1545
52.9041
40.2175
109.159
68.4008
36.6295
87.0072
104.497
60.3954
68.9628
49.0984
120.637
147.91
167.569
180.061
174.117
157.104
180.262
171.415
113.831
45.8594
103.227
73.1211
93.3166
67.2819
98.3255
76.3163
169.691
136.767
150.734
189.234
178.655
144.878
183.911
160.199
174.91
114.264
175.376
121.167
146.601
138.863
159.459
144.725
160.601
193.434
173.561
129.355
176.704
187.056
155.835
172.464
139.71
98.7274
117.768
176.542
159.82
113.168
170.618
144.973
199.391
182.47
139.328
177.648
191.356
178.73
170.215
155.475
191.937
170.827
111.441
133.292
176.017
166.896
160.931
145.339
119.159
101.206
130.64
59.265
101.24
123.802
84.8656
95.0357
101.512
40.8007
86.6298
28.3963
82.4219
77.8544
56.5206
70.2619
147.794
113.061
117.439
69.814
140.915
140.822
106.397
123.987
33.78
24.0124
40.6452
21.3239
29.0425
35.2634
26.2705
32.8662
77.8815
108.299
46.3077
35.1615
57.1246
66.7065
40.484
47.2105
100.701
40.2023
134.497
155.17
74.7232
57.9445
149.897
132.886
94.5819
41.9673
30.0192
52.1579
80.2686
45.4252
71.4429
39.7725
117.699
62.9775
36.6857
123.862
112.349
81.6324
113.634
53.7253
11.6129
9.39009
8.88395
8.29717
10.4433
10.0477
9.64464
8.94383
7.50506
7.30687
7.21695
7.23631
7.32485
7.24159
7.27131
7.21844
7.45401
7.22535
7.22383
7.22381
7.33674
7.27528
7.27279
7.2317
7.45244
7.26591
7.22011
7.2436
7.34961
7.26983
7.29962
7.23955
7.97574
7.85154
7.66636
7.38821
7.78423
7.96895
7.59428
7.53461
7.68622
7.29297
7.23566
7.71678
7.51382
7.33421
7.51265
7.2991
7.68396
7.55713
7.30761
7.23918
7.40588
7.44106
7.26449
7.29147
7.52953
7.22781
7.2507
7.22225
7.34764
7.24796
7.26785
7.2292
14.1839
10.5655
10.7136
14.8517
13.894
11.3335
13.3805
11.7154
7.68305
7.27314
7.24603
7.67899
7.5391
7.35281
7.52958
7.37666
7.73162
7.22179
7.39615
7.6054
7.39499
7.25043
7.44395
7.33916
13.852
9.18822
8.98178
13.9003
11.4188
10.246
12.0697
10.5728
9.22589
9.00445
12.294
8.79356
9.4201
9.84543
10.2991
10.7773
8.11979
7.91513
7.25587
8.00782
8.53914
7.76334
7.5793
7.39094
9.04914
12.6273
8.75597
8.33576
10.3604
11.5476
8.59973
9.68066
8.37932
7.796
7.94328
7.24269
7.56105
7.69221
7.35349
7.52389
12808.2
8269.7
12873.5
12915
10940.8
10124
12848.1
10965.7
7057.12
4043.84
5891.59
6364.1
6134.79
5470.92
6415.26
5389.23
12865.2
9279.96
12915.5
13029.1
12533.1
12669.8
12869.7
13738.8
12958
8337.27
13066.2
12963.6
11606
10958.6
12985.5
11522.6
8124.09
11709
11504.4
8471.94
8375.86
10496.6
8413.04
10844.3
8386.46
8420.61
8156.79
11388.1
8504.49
8466.92
9107.01
8979.65
12908.7
12951.7
8672.76
13013.8
13002.8
11526.4
12232.5
11064.8
11801.1
12555.1
8591.56
8405.35
11830.3
12160.2
9304.58
9815.09
12877.7
9465.86
12840.1
12829.4
11905.2
11491.9
12827.6
11485.4
5767.18
4429.65
6705.71
6561.22
5661.26
5657.39
6167.2
5935.96
12828.2
7883.6
12767.2
12793.9
10815.9
9407.4
12784.6
9922.59
12670.6
8200.48
12697
12596.3
9514.12
7966.46
12617
7980.7
8786.64
11502.2
10518.8
8439.84
9213.66
11092.8
9540.1
10113.4
8328.58
8476.35
8153.71
10534.8
8663.58
8514.02
8652.62
8354.74
12806.6
12642.9
9023.34
12720.4
12763.5
9876.65
10576.3
8606.6
10850.6
9368.4
8985.61
7869.26
10190.1
9365.62
8266.77
9395
3819.37
6845.99
5499.51
5564.6
5454.63
5825.31
5286.36
5958.11
9293.62
12876.5
12881.5
12727.1
9820.82
11481.6
10298.1
12878.8
8380.32
12775.9
12863.2
12707.3
10089.3
11363.8
11449.2
12811.9
6738.47
12518
12580.6
12532.4
7607.7
8242.68
9507.05
12530.5
8748.29
8144.9
7019.3
8167.22
8414.63
7789.51
7704.2
7295.45
9400.54
9082.54
12023.2
8596.63
9246.53
9615.49
9302.87
10522.8
7770.53
6911.19
7931.41
10167.3
7682.8
7249.15
8548.51
6750.16
8467.23
12605.5
12524
12748.5
8990.74
9584.19
9618.99
12557.3
3575.88
5868.27
7258.51
6353.27
4527.38
5640.96
5340.97
6759.28
10256.4
12920.6
12909.6
13032.3
14350.4
12076.6
13886
12903.5
9867.9
12950.2
12918.9
12878.9
11022.6
11771
10710.7
12922.3
8437.16
13071.2
12950.1
12935.7
10262.4
11789
9879.87
12986.7
7533.16
8719.67
7798.41
12391.2
8861.79
8915.94
10317.2
9312.44
9542.72
12591.7
12270.8
10098.2
10379
13695
10681.2
12859.9
8629.43
7846.82
12197.3
10348.9
8859.27
8976.85
10669.2
11535
10028.5
12915.4
13023.2
12941.5
11883.2
11475.3
12487.5
13004.3
42945.4
9562.73
42751.5
42961.4
14683.8
15366.9
42885.8
30103.1
8975.93
42664.2
42599
42667.3
18851.1
21367.8
28854.4
42624.6
42615.2
42576.2
42555.3
42561.2
14171.4
14410.3
42566.8
42570.1
42881.7
42777.6
42589.3
42634.1
19938.7
19230.2
42631.9
42626.6
8492.38
18518
16897.5
19494.7
10546.3
14680.9
11317.3
16443.7
8532.85
21121.1
18295.8
17104.6
10565.6
17754
11335.9
16757.9
42679.4
42817.6
30280.6
42588.9
42709.7
29608.9
16582.9
16412.4
27640.3
42581.3
42697.1
42600.8
13770.8
16607.3
27402.9
42651.7
16574.9
17134.7
8593.85
7429.55
12480.9
11270.1
8640.9
7740.03
15256.7
11485.2
13417
4665.31
10075.1
8888.55
5317.57
8524.19
7857.68
16236.9
17298.8
6697.32
7083.9
12422.9
7254.23
10385.7
5456.65
5573.48
5400.3
3942.66
5458.89
6020.64
4697.79
5414.93
12005.7
7595.63
6929.16
5306.84
6378.98
7069.01
5970.1
6491.71
11151.8
4988.16
10765.2
7088.57
6482.03
5806.07
7702.76
6433.76
7912.48
6552.82
5774.38
6476.81
6918.17
6347.59
6684.88
6172.43
6852.69
6484.62
4758.08
9921.03
6314.69
5912.41
5531.94
5243.49
43036.8
11675.8
42720.5
42940.7
26125
22659.6
42868.6
29953.7
9895.81
42658.9
42565.3
42594.2
18419.4
20367
26205.7
42571.8
42561.7
42551.6
42548.5
42542.1
12304.7
14325.9
42548.9
42553.6
42781.5
42607.9
42548.5
42587.5
24089.4
21149.3
42575.7
42565.3
10649.7
20594.4
25649.5
18926.2
12896.3
18192.7
13697.5
21571.8
10135.1
20224.6
15999.9
17663.2
11745.2
16450.1
11583.5
14795.8
42605.4
42731.8
27736.6
42550
42625.9
28058.2
15829.4
16093.7
24568.5
42546.7
42578.6
42559.7
11403.7
15298.7
25001.1
42564.1
10493.9
10936.5
12334.1
4971.54
6672.74
8642.3
6494.49
7563.27
14445.7
16551.7
8333.34
6989.36
9870.06
12450.8
7326.42
7873
16782.2
9368.53
18370.2
8600.98
11084.1
12646.2
11125.9
12254
5695.22
5838.61
6322.02
4268.23
5743.87
5961.43
5423.94
5530.11
8007.65
8469.93
5198.54
6290.51
6126.64
6523.15
5804.9
5609.36
10564.3
6566.21
8162.6
10117.4
6698
6688.73
7893.63
7393.06
9234.18
5967.94
6920.52
7695.14
7301.87
6440.58
7166.57
6667.03
10573
8005.72
7209.01
8720.59
8779.64
7603.02
8113.91
7466.69
42794.5
4853.45
42716.9
42837.1
11819.9
7611.33
42752.6
31091.2
5048.65
42733.6
42721.9
42813.3
11812.2
12528.8
32714
42819.3
42713.7
42697.4
42715.3
43119.2
13230.1
11285.8
42975.2
42839.4
42989.8
42930.8
43525.8
43881.5
17080.4
14964.4
43780.6
43684.8
4413.83
12106.5
16186.3
12818.5
5937.8
13273.9
6303.1
12849.8
4459.73
14059.9
12369.9
7547.45
5624.98
11086.5
5650.29
11620.9
42786.8
42872.7
32544.9
43423.8
42887.3
33296.8
14900.7
14573
33254.6
43303.5
42930
42804.8
12868.5
13963.5
32112.5
42855.6
12855.2
10697.8
9352.35
144.699
10169.6
9553.15
4545.02
5456.66
10584.7
10487.5
4682.51
914.089
9687.07
9156.64
4389.08
5241.57
9498.07
4857.73
10020.4
675.256
6774.46
6431.87
6059.18
5916.96
10.8067
70.3837
87.5671
17.7069
21.2694
47.8256
16.4462
43.3901
9532.98
6514.8
121.669
452.349
3821.36
3623.38
329.958
227.083
9036.53
870.21
4435.55
6164.67
4959.96
3776.99
5386.23
4588.67
5259.45
27.5272
177.923
132.038
227.276
57.7874
196.126
82.0493
5280.71
264.419
381.429
3083.62
3631.91
322.248
2850.5
568.689
42791.7
4733.13
42721.1
42841.1
11089.3
7643.91
42747.1
32561.9
4877.44
42718.2
42721
42792.5
13295
14793.1
32179.3
42794.2
42729.1
42720
42729.1
43213.6
15340.1
13151.6
43047.6
42889.6
43055.7
42953.1
43590.9
43949.9
19813.4
19192
43819.3
43706
4324.47
12275.5
15239.5
16438
5677.82
12089.4
5984.38
11884
4223.41
18940.2
14407.5
7493
5701.25
13714.6
5709.83
13356.3
42805.7
42910.6
33481.3
43508.4
42907.7
33445.7
17363.1
17437.8
33406.4
43392.4
42929.9
42825.7
14979.2
17502.1
33988.9
42873.1
12958.6
10665.6
9193.05
203.261
8760.84
8338.32
4154.93
4962.76
10481
10376.4
4578.62
903.889
8690.51
8369.21
4475.59
5277.96
9367.39
4824.58
9566.77
708.241
6656.5
6291.7
5884.18
5771.98
12.9044
118.3
170.414
33.3668
28.3014
83.6517
43.3514
93.607
8327.65
6371.03
150.675
339.907
3524.92
3465.78
346.622
260.891
7992.81
652.037
4116.15
6012.8
4459.01
3393.87
5049.66
4231.44
5207.36
42.0896
203.914
260.453
241.759
89.3441
251.234
106.498
5276.69
424.718
423.68
3172.23
3695.22
415.53
2986.77
673.723
12705.2
4591.87
12698.7
12660.1
11578.4
10670.2
12686
11236.2
1085.11
87.8326
1996.11
836.288
771.81
901.197
1644.51
1366.79
12702.5
4211.79
12717.7
12685.6
11075.5
9932.1
12703.4
10992.5
12630.4
1582.64
12648.7
12634
11352.7
10500.7
12630.1
11207
3674.12
11244.4
11467.3
2403.05
4212.84
10503.6
3242.65
10565
3762.32
2692.25
4204.7
10384.6
3977.48
4335.39
3967.33
4138.05
12697
12652.1
3877.53
12675.2
12667.9
11191.2
11317.2
10715.2
11066.7
11146.3
3394.89
4219.28
10271.7
10479.5
4291.04
4174.08
12740.9
3563.96
12734.2
12696.3
11023
10067
12735.8
11172.2
1460.91
55.4117
618.036
163.148
943.401
682.113
994.808
442.052
12730.8
3497.07
12784.5
12695.4
11121
10059.7
12725
10620.8
12658.5
1711.11
12658.4
12668
10827.1
9401.71
12648.4
10034.5
3513.05
11240
11098.6
2318.54
3504.5
10480.8
3094.41
10254.4
3612.23
1677.9
2751.84
10459.8
3472.75
3330.12
3683.45
3310.51
12733.1
12683.6
2673.34
12667.6
12679.1
11016.9
10972.2
10156.4
11178.1
10533.4
1360.59
2450.7
10402
9848.21
3571.45
2295.51
7.5115
8.75001
7.96815
7.38976
7.7838
8.10032
7.50607
7.76143
10.9398
22.049
14.1755
9.34817
11.7013
13.6891
10.096
11.2545
9.26833
12.4271
12.7041
8.60932
10.1357
11.3668
9.28312
10.297
7.25109
7.8063
7.44121
7.23346
7.32184
7.50768
7.25517
7.37506
9.0004
8.26955
7.32671
8.31838
8.16039
7.80251
8.00597
7.48335
9.26258
8.89008
11.8112
8.83266
8.62602
9.53357
9.71541
10.433
7.88319
7.29219
8.14218
7.58361
7.61681
7.41098
8.02433
7.72879
8.51617
7.96491
8.71937
10.3479
8.81578
8.24226
9.65089
9.42336
14.605
15.9413
10.2967
16.2253
14.8529
13.6247
12.815
11.9711
21.3331
38.9501
12.2837
37.1621
28.7802
24.3443
19.6334
16.1298
8.48266
9.27426
7.76016
10.2206
9.2262
8.78869
9.03578
8.512
26.4097
36.3611
19.7592
36.9848
29.8913
26.4738
31.7741
27.3641
17.5174
11.2718
18.7375
30.0381
14.9067
13.4968
20.4781
16.6006
15.6982
24.4229
10.6096
10.28
14.0596
16.3803
11.2582
11.3991
11.9353
21.2782
24.8511
15.4603
15.3295
18.5398
15.254
19.8181
10.4891
12.8457
20.2315
10.4634
10.6015
12.9433
11.3435
12.7768
10306.6
10721.5
901.081
995.989
8605.95
6303.13
1153.08
1233.76
10299.8
11693.8
1290.08
1005.04
8743.98
6578.47
1134.68
1215.83
129.215
395.001
38.6957
32.5166
122.017
124.337
36.693
47.3314
88.5689
78.5028
22.4396
9.92296
58.7173
68.9241
15.5742
29.8417
8230.12
658.957
1006.23
935.228
1360.38
952.658
1411.03
906.184
5809.07
817.108
657.946
563.248
1403.3
926.383
1087.21
756.523
147.617
145.468
139.649
27.0458
154.91
222.412
108.02
113.849
159.82
37.492
209.785
239.178
127.155
108.164
210.026
212.463
7226.96
1347.21
7146.24
7165.29
6453.68
5958.32
7155.66
6301.19
199.195
55.9421
526.297
519.425
204.503
153.71
432.614
439.941
7137.71
2109.75
7209.48
7169.51
6575.01
6247.59
7159.77
6829.98
7141.76
2077.19
7147.21
7138.03
5877.6
5482.04
7128.89
6155.76
1021.66
6153.49
6026.9
1324.37
1395.54
5912.89
1621.13
5608.41
587.952
1085.35
680.137
5506.46
1101.16
1069.98
1411.95
1041.48
7121.48
7130.82
1852.8
7136.64
7131.62
6150.42
6080.22
5780.41
6099.14
6234.53
1694.84
1558.62
6006.06
5695.39
1743.64
2068.25
7149.45
7118.9
2223.14
7140.81
7136.22
5890.87
6403.17
5617.97
7111
7119.74
3041.48
7114.45
7112.82
5429.32
6175.69
4834.28
1163.3
1726.16
446.952
1183.71
1288.04
1247.32
1016.78
1185.39
7142.25
7119.8
2574.83
7137.99
7133.5
5615.84
6499.55
5172.18
7115.25
2421.86
7134.98
7119.48
6201.6
5524.7
7119.87
5923.21
5810.95
5582.96
2922.74
2406.28
5457.19
5316.41
2916.11
3146.94
2320.49
6445.34
6233.02
2375.75
2550.25
5636.06
2638.83
5451.9
2410.52
2518.21
5000.57
2838.42
2524.15
2575.14
2845.13
3005.07
6351.4
2155.52
6260.7
3768.54
4269.25
4489.59
4176.14
4632.39
1189.79
513.434
1811.66
1429.69
1225.1
1245.31
1426.25
1591.72
6250.35
3089.95
6184.3
3903.77
4258.57
4625.96
4398.59
4879.75
2449.01
1781.85
2647.94
1880.84
2017.51
2216.59
2041.58
2232.78
2142.51
4343.09
2745.72
1962.79
2166.91
3405.55
2051.98
2863.16
2195.78
2072.3
2766.4
4725.97
2340.06
2274.06
2749.58
2666.43
4223.97
2754.35
1953.43
2955.89
3734.19
3113.89
3032.12
2875
4734.8
3253.1
1957.22
2690.1
3561.28
3254.79
2579.66
2560.83
)
;

boundaryField
{
    walls
    {
        type            omegaWallFunction;
        blending        binomial;
        n               2;
        value           nonuniform List<scalar> 
5248
(
5838.45
5826.35
5837.74
5838.31
5819.1
5816.11
5831.84
5817.16
5838.74
5846.95
5839.75
5843.22
5821.53
5841.96
5838.48
5826.97
5797.7
5791.77
5819.19
5814.79
5809.25
5808.27
5799.99
5811.9
5819.35
5791.9
5788.79
5800.89
5816.38
5815.72
5838.59
5821.64
9048.14
9074.46
9050.04
9058.22
9085.87
9101.45
9086.71
9080.75
9049.8
9074.86
9048.48
9060.19
9068.68
9069.93
9058.78
9075.16
9040.3
9030.9
9036.3
9031.14
9053.21
9086.85
9080.93
9078.28
9080.74
9110.47
9148.11
9134.28
9057.55
9071.27
9101.45
9065.06
8329.5
8331.06
8354.31
8340.85
8331.48
8329.61
8353.67
8338.98
8365.03
8364.34
8378.51
8360.02
8339.69
8350.02
8349.03
8354.53
7477.08
7428.23
7452.28
7437.89
7443.26
7472.12
7479.87
7469.5
7474.09
7498.19
7526.53
7503.86
7437.11
7480.55
7456.37
7448
7221.16
7173.5
7214.72
7203.53
7161.88
7199.21
7191.7
7175.1
7238.36
7213.38
7264.24
7244.7
7165.83
7220.2
7192.89
7179.82
8172.98
8188.86
8172.7
8183.33
8199.86
8210.89
8205.78
8206.07
8171.32
8193.93
8171.87
8185.33
8196.19
8183.95
8200.01
8190.16
8530.92
8530.49
8553.66
8544.8
8531.8
8532.11
8548.59
8542.89
8566.18
8560.15
8571.14
8566.53
8543.63
8556.19
8560.27
8550.04
8587.54
8558.8
8602.33
8587.69
8542.48
8541.03
8552.4
8545.24
8627.87
8590.86
8661.98
8633.84
8553.62
8604
8574.12
8564.25
9119.15
9096.24
9064.78
9104.88
9088.64
9119.64
9049.24
9084.17
9080.85
9043.22
9105.35
9076.25
9086.03
9058.23
9044.55
9051.86
8654.73
8671.29
8654.54
8665.5
8682.94
8695.82
8690.51
8690.27
8653.87
8677.42
8655.2
8667.69
8678.97
8667
8684.28
8673.73
9515.61
9548.54
9482.02
9516.1
9568.88
9618.16
9549.79
9569.8
9459.04
9494.63
9484.11
9475.36
9525.44
9464.4
9513.49
9490.94
9501.89
9489.66
9496.88
9496.32
9479.5
9461.24
9460.54
9472.63
9481.79
9460.33
9458.69
9474.33
9474.86
9491.97
9486.67
9482.94
8452.67
8413.57
8445.69
8434.32
8412.9
8470.49
8448.07
8427.34
8476.3
8453.99
8509.48
8486.4
8408.6
8454.5
8433.6
8419.99
9121.37
9115.99
9102.9
9109.07
9162.86
9236.31
9192.48
9191
9114.69
9170.6
9194.14
9137.75
9131.24
9107.97
9154.79
9127.97
15407.9
19178.1
15975.7
16043.6
23641.2
17747.3
20309.2
21775.9
16465.4
18742.2
16706.7
16889.5
19998
16585.6
19418.4
19633.5
9210.25
9173.02
9169.28
9168.5
9168.65
9176.38
9173.45
9164.43
9159
9171.87
9177.4
9163.82
9159.45
9161.13
9154.92
9156.82
17310.9
17221.2
17264.9
17242.4
17218.5
17360.4
17295.7
17251
17240.2
17268.1
17256.7
17220.3
17201
17225.9
17220
17208.8
8340.76
8311.12
8309.79
8307.28
8324.21
8391.34
8358.24
8344.81
8298.69
8324.87
8306.47
8291.57
8302.19
8312.18
8293.35
8298.83
15518.7
15469.3
15474.1
15465.2
15459.4
15570.8
15494.1
15467.5
15447.3
15468.5
15456.1
15429.9
15426.4
15445.9
15432.2
15426.3
15619.8
18156.6
16051
16111.3
21377.6
18131.3
19459.2
20293.9
16373.9
18049.7
16564.9
16726.2
18736.9
16470.3
18495.5
18469.7
8219.64
8222
8243.75
8235.38
8222.39
8221.72
8240.14
8233.61
8256.43
8252.31
8263.26
8258.66
8235.55
8248.17
8251.46
8243.01
14883.5
15180.1
14906.8
14925.5
15256.7
14970.4
15100
15165.9
14920.3
15095.4
14907.6
14933
15168.8
14934.2
15126.6
15158.7
9053.76
9088.04
9055.9
9066.27
9104.19
9122.83
9101.46
9096.34
9055.44
9085.49
9055.27
9064.8
9082.03
9079.81
9066.83
9087.85
14915.2
14826.8
14832.8
14824.5
14826.2
14885.6
14857.1
14835.9
14801.3
14824.9
14813.6
14786.7
14785.2
14798.6
14789.9
14784
5794.38
5791.57
5783.88
5792.42
5805.8
5799.74
5789.38
5808.94
5778.83
5774.07
5790.1
5778.35
5789.84
5790.89
5783.61
5783.38
12787.3
12880.2
12720.2
12756.5
12918
12946.4
12804.6
12875
12615
12680.8
12581.3
12605.7
12846.3
12729.4
12673.8
12749.2
12893
12752.9
12890.1
12794.7
12671
12595
12669.6
12613.5
12828.3
12784.6
12889.3
12819.9
12692.2
12706.8
12766.8
12742
12630
12724.6
12678.7
12702.8
12755.8
12756.4
12688.4
12736.3
12597.2
12603
12559.5
12580.5
12734.9
12661.2
12656
12673
12499.5
12617.8
12620.4
12582.9
12739.3
12867.1
12780.6
12848.1
12634.3
12676.2
12598.4
12650
12722.9
12751.5
12676.8
12696.2
12639.7
12633
12617.5
12613.3
12657.2
12742
12672.5
12700.2
12592.6
12601
12544
12567.9
12629.9
12635.6
12601.8
12624.1
12652.7
12617.1
12611.9
12622.4
12595.5
12607.2
12586
12589.1
12589.9
12575.9
12552
12573
12591.4
12579
12596.2
12582.6
12912.4
12769.7
12759.5
12818.8
12654.7
12590.9
12574.7
12603.1
12628.6
12571.7
12554.3
12595.6
12594.3
12696
12686.7
12641.5
12525.6
12526.2
12555.3
12545.1
12526.6
12524.9
12548.8
12541.4
12573.9
12567.7
12586.9
12579.4
12562
12566.7
12544.9
12554.9
12590.1
12469.9
12518.5
12482
12477.4
12490.8
12484.7
12482.6
12553.7
12504.4
12585.5
12535.1
12490.6
12517.7
12478.5
12485.9
12576
12587.4
12519.8
12572.9
12591.2
12511.8
12523.4
12496.3
12474.8
12497.9
12564.2
12473.4
12566.2
12504.8
12492.5
12507.8
12585
12564.3
12572.8
12573.7
12551.2
12523.4
12526.8
12541.5
12555.2
12526.1
12525.9
12545.2
12544.6
12566.1
12558.4
12554
12566.2
12475.4
12536.2
12497.7
12481.4
12498.9
12496.8
12494.4
12576.2
12521.1
12583.6
12549.9
12509.3
12528.4
12485.2
12498
12837.8
12831.1
12810.4
12810.6
12855.5
12931.7
12864.6
12891.4
12786.8
12795
12738.6
12761.1
12828.9
12826.4
12798.4
12820.7
12849.3
12819.5
12806.3
12818.9
12803
12815.4
12785.7
12792.4
12784.7
12770.9
12747.1
12768.6
12795.6
12774.5
12791.6
12780.9
12717.9
12757.2
12718.9
12732.8
12782
12815.8
12791.5
12778.9
12719.6
12766.7
12712.3
12737.8
12751.9
12758.5
12740.9
12766.1
7634.21
7596.8
7597.96
7612.26
7603.63
7590.44
7572.3
7591.24
7573.36
7559.07
7545.09
7564.28
7590.83
7585.8
7571.14
7582.78
8497.34
8445.62
8449.63
8445.75
8435.96
8458.27
8441.39
8435.61
8430.81
8433.86
8431.48
8422.36
8425.39
8427.64
8424.46
8424.86
9173.87
9246.59
9168.24
9178.43
9242.88
9213.4
9199.34
9224.48
9152.66
9177.19
9138.8
9149.88
9237.76
9161.74
9197.07
9221.1
9223.97
9176.83
9178.65
9175.48
9167.84
9179.23
9172.56
9163.72
9159.25
9163.99
9160.67
9150.93
9155.76
9156.75
9153.15
9154.74
9195.25
9279.74
9197
9204.37
9287.57
9259.03
9203.9
9254.98
9185.39
9185.68
9159.64
9178.3
9266.87
9197.12
9214.95
9245.33
8798.35
8781.89
8783.24
8779.8
8752.79
8796.24
8761.41
8750.1
8758.72
8748.56
8742.6
8731.41
8745.67
8735.4
8747.89
8745.67
7328.07
7332.7
7316.28
7322.01
7340.78
7329.01
7315.58
7330.91
7308.62
7309.34
7290.64
7305.95
7329.53
7313.99
7318.63
7326.33
5871.83
5813.23
5841.36
5837.65
5789.46
5789.55
5802.31
5791.09
5798.67
5817.79
5815.5
5804.52
5787.02
5806.55
5786.54
5792.27
5651.46
5657.51
5650.59
5649.48
5625
5615.45
5636.64
5631.67
5657.2
5654.15
5653.86
5657.54
5647.91
5650.36
5657.6
5650.45
12522.9
12524.4
12566.9
12541.5
12525.3
12526.3
12574.4
12546.7
12586.1
12597.7
12623.3
12587.9
12544.7
12558.1
12566.9
12569.9
9650.99
9747.23
9667.27
9668.46
9759.32
9685.77
9680.21
9713.22
9669.39
9686.75
9643.99
9663.62
9734.14
9675.01
9701.77
9724.18
9561.24
9572.69
9562.18
9564.95
9572.56
9634.71
9589.35
9582.16
9551.25
9568.55
9555.26
9545.82
9557.35
9564.77
9549.32
9555.48
5409.63
5416.41
5396.98
5408.66
5408.69
5403.17
5382.77
5397.21
5390.29
5383.65
5374.81
5390.93
5402.84
5377.12
5390.37
5386.8
5786.25
5813.81
5775.88
5786.98
5819.15
5835.44
5810.71
5815.77
5787.49
5832.42
5824.34
5832.26
5795.9
5808.01
5781.73
5801.36
8319.68
8271.21
8276.34
8272.11
8265.24
8338.36
8295.45
8273.91
8251.36
8269.44
8254.47
8238.88
8248.73
8247.78
8244.74
8245.22
14952.3
14998.6
14954.9
14969.9
15021.9
15051.4
15023.1
15011.1
14955.4
14998.9
14952.4
14966.6
14988.3
14969.8
14988.4
15000.8
5932.04
5950.61
5940.71
5932.27
5956.38
5947.22
5970.4
5959.22
5958.12
5980.88
5968.74
5962.85
5954.23
5970.24
5946.27
5956.78
9289.99
9379.2
9292.7
9299.65
9387.85
9408.59
9346.4
9378.35
9289.38
9321.67
9273.2
9288.55
9372.39
9295.95
9342.44
9362.48
8597.77
8610.5
8580.86
8592.33
8621.33
8618.74
8578.48
8608.57
8559.43
8561.3
8533.37
8551.66
8606.24
8573.37
8581.66
8596.51
5782.97
5785.84
5778.38
5774.96
5798.84
5795.47
5817.73
5803.33
5803.22
5840.07
5838.48
5818.21
5795.17
5817.08
5788.2
5799.56
12662.8
12591.1
12509.8
12552.2
12645.2
12623.8
12648.1
12587
12537.3
12590.3
12550.3
12566.4
12617.2
12619.4
12545.4
12564.1
12523.2
12524.4
12563.5
12539.2
12525.4
12525.6
12575.1
12547.1
12587.1
12599.6
12624.1
12589.9
12545.5
12557.3
12567.4
12570.4
5934.55
5920.54
5929.24
5928.67
5889.61
5894.98
5903.11
5904.82
5927.17
5885.49
5903.51
5913.39
5897.68
5916.5
5922.44
5919.66
8682.24
8639.64
8643.78
8638.63
8634
8707.6
8657.92
8648.47
8620.95
8631.93
8617.44
8605.77
8617.31
8620.95
8614.02
8615.42
5504.25
5536.81
5538.22
5535.02
5548.56
5549.35
5606.44
5561.64
5564.08
5623.33
5612.44
5606.67
5561.27
5605
5567.25
5571.96
5604.56
5625.71
5621.16
5622.97
5599.39
5592.02
5574.36
5584.49
5554.44
5557.02
5523.98
5550.51
5603.22
5565.97
5590.5
5575.31
8694.25
8782.68
8707.16
8708.87
8795.28
8762.65
8744.25
8770.98
8706.95
8731.23
8684.69
8704.05
8775.64
8712.68
8746.04
8763.65
5873.32
5969.26
5896.76
5901.29
5985.75
5995.22
6047.91
6020.01
5896.42
6029.34
5912
5898.99
6004.62
6054.35
5898.49
5991.93
5793.28
5800.79
5798.8
5790.78
5805.36
5798.83
5829.67
5809.23
5818.86
5854.65
5839.26
5833.47
5807.76
5834.3
5808.63
5815.55
12522.3
12546.1
12606.5
12569.5
12567.9
12593.6
12637.4
12608.6
12733.6
12722.1
12871.2
12785.1
12573.8
12661.2
12665.5
12609.8
12522.9
12562.8
12524.5
12538.8
12586.2
12620.1
12598.4
12582.1
12525.3
12572.4
12517.8
12544.1
12557
12566.2
12546
12570.7
12605.6
12639.4
12715.5
12689.1
12599.1
12531.4
12609.2
12595.5
12826
12737
12895.1
12875.1
12684.7
12798.9
12721
12706.4
12720.1
12720.3
12750.4
12740
12721.2
12717.7
12746
12736
12768.8
12760.1
12780.9
12769.8
12739.4
12752.9
12761
12749
15189.5
15172.7
15167.9
15157.2
15149
15180.6
15147.8
15125.6
15150.9
15144.4
15148.1
15130
15124.2
15127.2
15134.5
15128.9
12528.9
12561.6
12578.9
12567.7
12568.4
12528.7
12628
12562.9
12676.3
12742
12814.1
12759.7
12673.6
12647.3
12589.8
12627.1
12524.8
12524.9
12554.7
12545.6
12523.8
12525.1
12562.9
12548.4
12576.9
12584.1
12594.1
12587.7
12546.1
12568.3
12574
12556.9
17589.5
17561.6
17560.1
17584.5
17568.5
17603.1
17516.4
17552.4
17518.4
17479.6
17500.5
17508
17545.1
17542.8
17496.2
17513.7
5919.34
5955.85
5961.91
5971.05
5991.17
6011.64
5985.75
6013.34
5948.84
5959.02
5944.06
5964.8
5999.01
5987.35
5970.54
5963.48
17495.4
17506.7
17475
17479.2
17527.3
17531.2
17491.1
17505.6
17457.8
17457.8
17466.9
17456.2
17484
17463.4
17459.2
17472.2
10353.9
10356.9
12425.9
12443.3
10364.1
10354.2
12449.5
12446.9
12405.5
12434.8
12402.2
12414.3
12451.1
12441.8
12411.6
12431.3
10862.4
10824.6
13115.2
13130.6
10830.2
10820
13131
13126.9
13092.6
13118.7
13092.5
13101.3
13139.4
13123.5
13098.7
13118.7
12250.4
12220.4
15320
15312.5
12232.9
12301.6
15339.5
15323.1
15307.1
15319
15306.4
15303.7
15290.6
15319.2
15318.2
15301.1
5591.19
5606.3
5612.01
5615.59
5639.25
5656.53
5667.61
5666.59
5638.37
5665.41
5660.56
5676.36
5644.73
5667.42
5632.5
5629.28
5893.25
5916.37
5864.01
5889.73
5909.21
5895.04
5858.04
5871.99
5812.71
5809.72
5800.09
5809.18
5885.39
5838.4
5839.52
5861.82
5425.44
5420.54
5404.41
5407.61
5421.79
5412.64
5403.5
5406.23
5394.58
5394.9
5386.5
5391.63
5403.31
5398.6
5399.34
5395.56
7213.66
7244.49
7202.32
7219.84
7300.33
7341.85
7314.18
7322.06
7220.06
7284.06
7271.7
7247.09
7262.4
7210.89
7279.67
7242.86
13072.3
13055.7
16637.1
16622.9
13025
13064.8
16588.5
16580.1
16625.4
16595.4
16618.4
16620.6
16589.7
16637.9
16601.6
16598.9
12502.7
12447.5
15681.5
15677.5
12436.6
12455.9
15639.4
15629.9
15646.8
15623.6
15622.5
15624.9
15625.6
15666
15631.7
15630.5
13826
13786.7
17857.3
17848.9
13781.3
13785.9
17829.1
17816.9
17847.6
17819.3
17827.7
17834.2
17814.8
17858.8
17829.4
17826.3
13730.8
13794.4
17761.7
17795.2
13789.6
13762.9
17783.8
17780.9
17759.7
17782.3
17755.6
17771.3
17808.7
17785.1
17765.5
17787.9
5787.29
5795.25
5798.57
5805.66
5795.57
5812.24
5816.86
5820.99
5773.62
5783.5
5807.01
5780.24
5808.5
5802.95
5792.03
5799.53
5955.95
5954.52
5946.27
5953.15
5977.74
5969.86
5956.06
5982.25
5941.28
5932.28
5937.07
5938.03
5964.8
5965.72
5949.23
5958.57
13835.8
13787.9
17864.6
17853
13778.1
13785.9
17820.9
17807.7
17839
17806.5
17828.6
17821.6
17804.3
17857.2
17818.4
17812.2
13745.1
13825
17784.8
17815.5
13839
13814
17845.5
17829.6
17783.4
17846.6
17795.6
17824.6
17851.8
17846.2
17813.9
17835.4
12191.6
12142
15210.5
15202.6
12135.4
12205.5
15190.5
15176
15186
15172.3
15163.6
15170.3
15156.3
15200.8
15175
15164.2
14548.5
14636.7
19116.1
19161.1
14645.7
14584
19129.4
19122.8
19108
19127.5
19095.4
19114.8
19206.4
19130.2
19119.3
19148.9
14525.5
14540.5
19118.8
19105.7
14539.1
14597
19130.2
19116.2
19112.3
19105.8
19071
19079.6
19095.4
19121.4
19112.7
19103.2
5772.15
5793.29
5762.33
5771.34
5799.28
5836.68
5834.03
5819.14
5792.51
5840.33
5825.74
5833.71
5779.9
5824.2
5782.31
5800.39
12620.6
12632.2
15868.8
15897
12645.2
12646.4
15927.7
15918.8
15856.3
15908.8
15843.1
15881.8
15914.8
15917.7
15874.9
15901.8
5818.87
5834.85
5832.77
5841.54
5879.93
5879.27
5878.61
5887.82
5868.51
5918.21
5937.94
5930.06
5887
5861.58
5867.52
5872.78
5514.54
5519.13
5526.97
5530.63
5514.09
5521.52
5535.37
5533.16
5509.95
5556.41
5575.73
5563.89
5521.99
5541.83
5512.64
5510.05
5578.63
5561.56
5580.67
5571.1
5530.18
5539.88
5554.48
5547.62
5568.13
5560.68
5561.54
5564.21
5548.71
5559.65
5567.17
5548.83
13904.5
13980.6
18027.5
18073.1
13991.3
14016.1
18106.8
18107.6
18013.4
18075.1
18005
18041.5
18085.9
18091.7
18023.1
18059.1
5921.23
5924.02
5907.66
5912.52
5923.86
5915.03
5910.73
5898.42
5920.76
5927.27
5915.24
5905.96
5912.34
5893.87
5903.85
5918.77
12855.6
12810.4
16260.5
16253.3
12803.9
12875.7
16243.9
16230
16250.8
16227.3
16247.5
16243.9
16211.9
16258.6
16232.5
16221.2
7645.94
7591.47
7591.52
7610.52
7540.31
7504.32
7464.35
7509.86
7548.24
7482.76
7523.66
7506.8
7549.17
7464.3
7543.49
7504.9
12836.8
12916.9
16295.6
16330.7
12929.6
12905.4
16351.5
16344.5
16289
16334.9
16285.6
16310.9
16360.3
16344.5
16307.8
16334.4
13242.5
13170.6
16831.1
16820.5
13163.9
13099.9
16746
16741.8
16817.1
16789.5
16824.7
16811.3
16768.7
16826.2
16792.3
16796.3
7202.08
7223.65
7184.6
7197.62
7230.63
7241.88
7238.45
7220.13
7211.1
7237.1
7240.39
7244.88
7208.32
7219.24
7203.32
7224.08
7138.96
7164.34
7157.03
7149.29
7170.46
7167.94
7184.31
7174.76
7181.83
7189.95
7189.25
7178.9
7169.78
7183.38
7170.03
7173.59
7208.51
7232.11
7179.67
7205.55
7231.14
7238.95
7231.61
7214.04
7201.87
7221.73
7216.96
7223.07
7207.35
7209.12
7191.74
7212.63
6008.7
5965.11
5973.84
5977.22
5933.78
5919.57
5916.68
5918.57
5946.83
5925.29
5927.94
5932.31
5940.87
5925.51
5951.76
5934.31
8793.85
8793.68
8772.24
8812.12
8776.34
8729.81
8725.79
8762.34
8736.92
8712.96
8684.62
8730.49
8797.4
8777.44
8750.43
8760.43
14558.5
19080.9
14531.8
19056.5
19060.9
19033.6
19028.4
19022.6
14514
19042.8
14513.3
19027.7
19051.6
19024.8
19036.9
19056.7
14503.6
14533.9
19023.3
19020.6
14548.1
14537.8
19019.1
19051.8
19020.5
18982.8
18974.8
19006.5
19045.2
19022.8
18999.4
19029.1
14456.7
14507.6
18985.5
19006.5
14509.5
14564
19022.7
19029.3
18981.8
19006.4
18973.9
18996.6
19005.7
18998.3
19019.6
19011.2
15113
15147.6
15621.9
15474.5
14837.7
14780.2
14888
14821.9
15791.8
15344.3
15916.9
15848.6
15031.1
15627.7
15150.8
15172.7
8297.97
8334.84
8285.73
8299.75
8373.95
8387.27
8352.78
8368.91
8273.64
8300.75
8253.72
8271.27
8331.76
8319.1
8294.25
8329.33
15094.5
15078.1
19974.8
19948.8
15035.2
15034
19929.9
19909.7
19977.6
19961.6
19954.6
19969.7
19924
19959.3
19977.5
19962.1
14527.7
14577.9
19045.7
19065
14568
14564.9
19025.9
19021.7
19043.5
19028.9
19012.1
19032.2
19031.6
19051
19067.4
19056.9
9090.29
9122.17
9102.87
9101.83
9138.25
9167.54
9152.07
9134.63
9117.82
9154.86
9142.04
9130.09
9121.49
9134.98
9115.78
9130.36
14543.9
14566.5
14545.7
14559.4
14556.5
11771.5
11799.7
14550
14548.8
11804.7
11772.2
14572.3
14561
14579.5
14553.3
14573.2
8516.12
8467.44
8464.8
8470.75
8417.05
8368.19
8386.35
8383.25
8441.25
8399.76
8412.34
8408.91
8431.12
8427.5
8400.99
8434.38
14285.1
14304.3
14293.5
14317.5
14318.2
11611.4
11606.2
14350.1
14288.4
11594.2
11602.3
14315.3
14337.5
14322.7
14339.9
14312.1
11695.2
11651.5
14414.2
14399.3
11644
11621.3
14375.6
14362.5
14409.4
14396.3
14388.8
14395.5
14384.6
14394.8
14410.7
14402.9
12511.6
12515.5
15676.3
15696.2
12520.5
12489.9
15703.1
15700.9
15669.9
15708.6
15656.4
15690.4
15715.1
15709.4
15682.9
15705.6
12515.6
12502.8
15731.6
15718.3
12504.5
12490
15718.5
15705.1
15731.9
15732.7
15713.9
15723.3
15733.9
15737.4
15718.7
15737.9
15845.9
15841.2
21328.7
21308.2
15854.2
15877.7
21346
21322.8
21321.4
21323.3
21291.2
21298.3
21308.3
21334.6
21336.4
21332.4
15808.2
21257.9
15800.1
21313.3
21238.5
21191.7
21206.4
21247.2
15767.1
21195.9
15725.7
21236.5
21296.3
21254.3
21284.6
21238
15385.1
15369.6
15363.3
15377.7
15339
15290
15292.7
15323.8
15333.2
15293.8
15293.5
15320.4
15358.3
15352.6
15323.4
15336.9
25922.6
30131.6
42736.1
43417.7
35660
28316.7
46674
45746.2
43410.3
45570.2
42723.1
45451
54551.7
48517.4
45544.3
52563.8
14658.7
14727.3
14633.9
14698.4
14826.7
14867.2
14679.9
14817.4
14597.8
14611.2
14626.1
14602.9
14788.1
14648.5
14647.3
14675.6
9139
9101.18
9160.44
9136.1
9096.09
9117.99
9173.22
9155.64
9195.54
9233.99
9248.8
9265.34
9107.43
9174.76
9221.39
9134.38
8209.3
8226.96
8261.79
8247.83
8237.83
8238.37
8263.95
8257.93
8300.97
8292.24
8342.56
8332.04
8255.2
8291.21
8284.87
8268.56
9096.29
9114.12
9117.44
9108.48
9123.81
9143.66
9138.21
9122.28
9126.92
9149.77
9138.45
9136.67
9113.86
9130.39
9125.55
9125.63
9254.68
9146.29
9137.27
9191.12
9096.48
9093.36
9072.14
9085.33
9161.32
9110.07
9152.93
9120.65
9073.56
9092.67
9098.87
9066.9
11684.7
11663.7
14412.8
14403.8
11701.7
11706.4
14435.9
14420
14425.8
14445.5
14434.1
14434.8
14402.1
14426.5
14440.6
14427.6
12114.6
15033.6
12086.3
15014.8
15011.8
14995.8
15005.8
14986.1
12085.4
15022.5
12106.4
15004.1
15005.7
14998.9
14995.2
15013.6
26869.7
26812.6
44609.6
44543.3
26791.5
26893.6
44497.7
44468.1
44508.7
44485.4
44436.8
44403.2
44456.6
44578.7
44512.9
44505.7
7474.16
7487.98
7505.48
7482.8
7507.18
7548.21
7555
7527.26
7528.35
7559.8
7589.6
7536.52
7542.66
7524.49
7497.49
7525.8
15584.2
15555.1
16325.4
15880
15068.7
15010.5
15113.5
15028.8
16090.7
15480.1
16055.7
15747.3
15263
15682.4
15184.1
15394.2
8430.3
8407.98
8422.65
8414.69
8395.86
8372.78
8389.39
8386.58
8411.42
8398.81
8416.35
8397.71
8403.14
8406.66
8390.32
8401.35
14452.5
14472.4
14443.2
14486.5
14482.2
11735.1
11724.3
14516.6
14425.3
11689.2
11685.3
14449.2
14507.4
14471.4
14494.7
14465.2
14652.8
14655.7
14697.7
14684.5
14657
14656.8
14693.8
14681.8
14726.4
14723.3
14738.8
14734.6
14712.7
14716.8
14684.6
14697.5
9624.25
9642.1
9567.12
9587.98
9671.27
9672.45
9628.04
9650.3
9497.47
9518.14
9491.35
9490.01
9618.37
9515.32
9544.36
9576.15
9497.16
9526.75
9517.7
9512.45
9531.92
9544.32
9545.78
9527.48
9529.17
9555.73
9539.78
9534.71
9542.15
9527.4
9530.66
9539.61
26107.2
26087
42708
42683.6
26055.8
26072.6
42658.1
42608.1
42608.7
42556.8
42551.9
42514.5
42622.2
42684.4
42623.9
42634.9
8704.44
8664.07
8655.91
8693.58
8622.45
8571.76
8588.19
8608.64
8626.3
8599.58
8600.72
8618.72
8653.87
8616.6
8648.85
8630.93
26411
29146.6
43623.1
44248.2
33001.6
28985.2
48538.9
47375.8
43844
49100.9
45469.2
46834.1
51192.7
50663.6
45723.4
50075.9
9091.5
9142.7
9109.44
9107.09
9197.17
9240.23
9196.02
9201.41
9124.09
9170.48
9139.35
9134.72
9157.92
9155.31
9126.31
9162.73
9143.68
9073.76
9151.19
9119.29
9034.27
9049.63
9078
9045.23
9179.36
9124.48
9196.92
9158.87
9039.14
9133.95
9082.14
9072.19
8596.03
8620.04
8649.21
8610.74
8649.25
8686.14
8725.5
8673.68
8698.3
8729.87
8746.33
8696.54
8707.41
8677.27
8641.02
8685.83
25229.9
25493.4
40732.7
40874.9
25546.4
25312.3
40767.9
40760.1
40644.1
40749.4
40623.9
40697.2
41058.3
40760.2
40693.6
40804.2
8241.18
8265.12
8231.16
8260.98
8296.85
8341.05
8291.41
8332.33
8218.46
8247.61
8200.85
8239.27
8293.99
8249.07
8282.47
8259.5
17076.4
17079.3
17130.2
17114.8
17081.2
17080.5
17125.1
17111
17162.6
17157.8
17175.6
17170.8
17146.6
17151.5
17114.3
17128.9
12925.8
12934.1
12913.4
12917.7
12901.3
12965.4
12879.2
12869.9
12903.9
12883.1
12878.7
12875
12891.4
12869.1
12895.9
12895.9
12949.1
12891.5
12879.6
12878.1
12909.1
12960.8
12953
12907.7
12864.1
12923.9
12868
12849.6
12877.4
12881.3
12864.7
12871.5
25459
25354
41127.5
41086
25344.7
25405.9
41036.1
40997.3
41040.8
41002.4
41020.5
40978.5
40971.3
41102.2
41026.7
41007.2
12734.4
12697.6
12686.3
12685.9
12705.6
12731.3
12734.2
12699.4
12658.9
12700.3
12664.6
12635
12678.5
12668.2
12662.6
12669.4
12789.2
12715.3
12709.5
12711.7
12690.8
12676.2
12693
12665.3
12685.6
12709.6
12712.8
12696.5
12691.7
12682.5
12690.4
12687.4
12800.1
12700.3
12690.4
12688.1
12697.2
12705.9
12716.5
12680.5
12663.4
12710
12698.4
12668.6
12683.3
12674.7
12667.7
12674.5
12733.8
12725.4
12711.2
12713.5
12704.1
12806
12711.6
12703.9
12680.1
12667.4
12641.4
12640.9
12675.9
12660.9
12673.3
12672.8
12706.1
12733.8
12706.9
12714.5
12736.1
12791.5
12737.1
12746
12696.6
12708.8
12696.5
12696.2
12710.1
12718.2
12694.1
12705.2
12742.8
12742.9
12728.1
12729.9
12723.6
12863.5
12734.8
12751.2
12690.2
12678.9
12648.1
12645.1
12691.7
12680
12680.3
12688.3
12873.5
13053.4
12924.6
12923.1
13085.7
13052.8
13013.7
13029.7
12930.6
12954.6
12880.8
12920
13027.7
12941.6
12993.2
13020.1
12778.8
12959.9
12745.3
12787.7
13005
12914.1
12935
12991.4
12638.1
12805.7
12593.9
12617.4
12963.2
12705.3
12878.3
12923.9
12886.8
13030.7
12810.6
12878.2
13026.7
12899.4
12956.4
13011.7
12705
12908.3
12589
12645.7
13044.7
12789
12983.1
13032.4
12860.5
13108
12946.1
12930.1
13207
12930.4
13040.8
13074
12990.3
13024.4
12948.6
12986.2
13113.3
12993.9
13075
13118.8
12855.9
13108.5
12936.5
12928.8
13217.2
12962.3
13021.5
13078.6
12985.9
13061.8
12958.1
12989.9
13123
12984
13084
13123.7
12846.6
12966.1
12768.5
12829.7
12976.8
12935.3
12910
12968.3
12664
12810.7
12586.7
12642.8
12970.8
12740.1
12890.8
12941.8
12876.4
13072.4
12904.8
12907
13072.7
12912.7
13005.6
13058.9
12820
12959.4
12710.9
12785
13088.4
12880.2
13029.8
13083
12822.4
13097.1
12918.6
12905.8
13192.9
12945.3
13024.1
13052.5
12975.6
13071.6
12952.8
12986.3
13109.6
12972.4
13090.4
13114.5
8497.42
8544.08
8473.76
8531.91
8593.59
8619.65
8588.3
8628.15
8470.95
8549.11
8516.7
8535.87
8581.2
8502.1
8587.93
8530.05
9272.23
9301.85
9229.28
9271.22
9320.71
9431.91
9343.25
9423.58
9196.82
9261.6
9214.69
9246.57
9307.02
9225.71
9288.4
9253.48
9099.25
9061.91
9110.88
9066.8
9094.06
9121.42
9152.67
9128.07
9148.38
9161.34
9180.62
9161.38
9145.24
9093.47
9088.77
9102.07
8694.17
8613.59
8692.04
8663.95
8560.9
8542.33
8552.48
8548.65
8676.74
8598.5
8665.82
8643.51
8587.26
8655.22
8559.96
8591.11
7342.74
7314.73
7299.78
7318.15
7279.32
7242.07
7224.72
7240.27
7304.86
7252.19
7288.21
7259.83
7231.35
7286.18
7275.65
7277.22
8562
8579.6
8611.34
8602.75
8592.84
8603.26
8631.81
8625.14
8657.8
8659.44
8696.63
8702.49
8612.92
8651.75
8658.17
8621.41
7228.65
7235.79
7229.28
7212.67
7231.78
7250.83
7234.12
7219.04
7252.84
7279.82
7304.44
7266.69
7225.81
7239.11
7228.34
7224.72
7244.9
7182.9
7191.21
7200.36
7158.75
7153.03
7139.5
7144.32
7161.71
7136.98
7147.14
7147.41
7157.81
7137.09
7169.7
7148.38
7233.18
7218.72
7224.23
7211.25
7221.27
7243
7226.55
7211.33
7220.75
7255.56
7251.29
7232.21
7208.34
7233.93
7207.02
7211.65
21193.5
21124
31636.7
31642.6
21142.4
21192.2
31660.3
31629.9
31617.6
31630.5
31656.1
31632.8
31598
31642.9
31664.2
31645.3
21167
21176
31669.2
31644
21147.8
21202.3
31628.3
31615
31649
31628.4
31606.1
31599.9
31628.1
31682.9
31655.4
31660.3
20762.6
20719
30822.5
30797.6
20726.4
20748.2
30806.3
30769.5
30821.4
30800
30846.4
30821.5
30753.4
30835.8
30822.8
30803.6
20818.3
20736.3
30813.5
30823.2
20710.2
20685.4
30757.2
30736.4
30789.5
30764.9
30821.3
30796
30758.9
30814.4
30797.3
30800.8
20765.9
20753.2
30834.4
30801.2
20742.3
20818.5
30797.5
30782.8
30838.9
30793.2
30779.1
30796.2
30768.6
30854.2
30815.1
30808.8
20833.2
20717.3
30826.7
30830.6
20716
20719.9
30779.2
30751.2
30813.1
30774.9
30831.2
30826.3
30748.5
30831
30801.9
30792.6
20732.6
20760
30817.7
30781.8
20764.3
20802.2
30800.9
30790.4
30840.2
30811.4
30777.3
30799.1
30777.7
30850.3
30826.2
30817.3
20771.2
20771.7
30838.8
30807.9
20752.7
20890.2
30827.2
30805.2
30817
30804.1
30756.1
30772.1
30784.4
30851.6
30830.3
30822.1
20812.4
20919.7
30783.8
30872.2
20915.7
20806.3
30831.1
30805.5
30741.3
30816.5
30707
30773.9
30910.9
30831.6
30779.2
30841.1
20763
20860.6
30751.2
30823.1
20874
20838.6
30845.2
30826.1
30745.4
30848.9
30705.7
30806.8
30858.4
30852
30774.3
30832.6
20700.1
20860.1
30711.1
30792.5
20896.6
20817.8
30844.3
30826.8
30743.1
30844.9
30741
30824.6
30892.8
30853.9
30794.3
30853.4
20784.7
20958.5
30790.6
30894.5
20958.1
20812.5
30853.9
30830.4
30771.5
30841.2
30731.7
30807.2
30956.9
30875.2
30825.1
30886.4
20777.7
20933.4
30791.5
30901.8
20956
20937.2
30827.1
30929
30729
30778
30695
30744
30961.7
30791.8
30745.8
30809.8
20765.5
20984.1
30783.1
30921.3
21061.6
20831.1
30847.8
30862.7
30732.4
30839.8
30714.2
30793.2
31120.4
30857.7
30773
30865.1
20763.3
20987.4
30772.1
30901.7
21077.6
20868.4
30929.1
30879.1
30744.4
30880.3
30724.4
30809.3
31147.2
30922.7
30770.6
30875.1
20730.2
20974.9
30746.7
30892.9
21052.7
20849.3
30890.3
30859
30715.5
30851.1
30701.1
30790.2
31131.2
30902.4
30767
30867.4
25669.7
25785.3
25737.7
25699.5
25782.1
25758.5
25758.5
25720.2
25720.2
25703.4
25765.7
25742.4
25761.4
25646.3
25646.3
25554.2
25554.2
25723.1
25626.1
25581.2
25703.4
25689
25625.3
25734.3
25729.2
25708.7
25689
25744.3
25752.3
25750.6
25674.9
25717.6
25768.1
25768.1
25699.1
25699.1
25633.5
25636.7
25804.8
25802.5
25474.9
25474.9
25510.3
25510.3
25696.8
25605.8
25484.7
25502.1
25554.8
25627.5
25540.7
25580
25543.2
25584.6
25572.4
25568.1
25596.3
25663.8
25625.1
25631.6
25536.8
25649.7
25634.4
25672.3
25591.8
25670.8
25694.8
25715
25740.1
25532.4
25532.4
25611.2
25611.2
25652.2
25559.5
25591.4
25709.4
25674.2
25674.2
25717.4
25717.4
25720.7
25696.7
25720.2
25645.4
25674.4
25648.6
25610.4
25770.4
25635
25763.1
25736.1
25673.2
25612.3
25664.1
25666
25581.5
25651.2
25564.9
25578.1
25701.5
25543.7
25543.7
25493.6
25493.6
25681.5
25549.6
25514.2
25669.6
25783.5
25783.5
25819.1
25819.1
25656.2
25871.6
25852.1
25638.3
25578.6
25563.4
25651.9
25640.8
25607.3
25642.6
25696.1
25707.4
25727.8
25671.7
25687.4
25725.8
25725.8
25694.6
25694.6
25720.2
25688.5
25732.6
25711.7
25625.2
25625.2
25528.4
25528.4
25735.3
25646.3
25602.4
25567.1
25723.5
25717.2
25646.7
25722.8
25650.5
25615.1
25591.8
25620.6
25683.3
25656.5
25638.5
25667.7
25653.4
25718
25729.8
25712.1
25611.7
25611.7
25677.7
25571.3
25571.3
25612.2
25606.4
25595.6
25695.8
25660.4
25685.7
25687.1
25538.1
25538.1
25641
25529.5
25529.5
25534.3
25550.3
25532.4
25641.4
25599.7
25658.4
25618.1
25678.9
25654.9
25576.2
25645.4
25560.6
25572.5
25538.1
25547.2
25649.8
25649.8
25611.6
25607.4
25607.4
25622.6
25624.6
25631.7
25564.8
25584.5
25608.2
25590.8
25579.3
25579.3
25616.9
25600
25600
25563
25584.5
25568.6
25606.9
25591.4
25595
25580.5
25599.6
25608.7
25604.9
25597.5
25565.1
25602.6
25549.8
25560
25563.4
25624.1
25542.7
25554.1
25662.2
25513
25513
25453.9
25453.9
25613.7
25518.2
25486.7
25615.8
25699.1
25699.1
25735.9
25735.9
25611.6
25792.4
25769.3
25588.5
25548.1
25539.2
25617.4
25602.8
25545.5
25592.1
25645.9
25651
25652.9
25589.5
25619.2
8619.75
8552.93
8537.83
8569.72
8506.16
8470.04
8451.28
8467.4
8542.2
8488.92
8530.16
8499.35
8460.4
8510.81
8504.91
8490.07
8725.32
8739.07
8713
8734.12
8755.67
8788.8
8757.82
8783.48
8700.49
8724.16
8685.68
8717.84
8749.7
8722.68
8750.44
8731.75
9694.02
9636.37
9662.71
9666.74
9573.37
9514.46
9570.96
9526.81
9686.19
9603.75
9643.2
9616.62
9573.53
9638.63
9588.85
9621.55
9502.35
9518.34
9551.32
9513.94
9529.85
9529.05
9560.64
9527.98
9584.62
9582.92
9627.08
9576.78
9520.63
9547.62
9544.72
9554.64
8293.32
8281.03
8307.29
8302.7
8267.11
8251.61
8286.76
8280.54
8321.3
8318.86
8354.8
8345.06
8287.15
8311.32
8314.7
8296.59
9506.23
9443.81
9554.9
9501.58
9431.52
9460.59
9523.82
9469.5
9617.46
9592.44
9686.42
9625.88
9426.34
9549.07
9523.11
9490.27
9482.59
9551.14
9471.23
9497.86
9624.97
9703.48
9612.75
9643.22
9447.53
9500.3
9432.01
9451.36
9558.53
9497.37
9566.33
9547.72
9457.89
9494.65
9459.18
9480.58
9518.54
9535.26
9522.48
9529.02
9459.24
9492.63
9450.7
9476.36
9510.54
9481.42
9507.08
9498.6
8865.65
8813.26
8812.03
8816.17
8771.01
8708.57
8710.01
8729.82
8773.86
8710.01
8702.94
8732.09
8769.16
8769.92
8732.5
8773.89
8793.69
8850.75
8771.36
8795.72
8858.01
8927.17
8851.67
8835.59
8756.14
8810.95
8743.11
8755.64
8797.9
8769.44
8841.77
8807.14
9561.58
9566.9
9527.33
9544.57
9578.94
9607.6
9569.08
9563.52
9513.21
9538.81
9492.01
9512.97
9535.72
9526.98
9547.52
9545.53
9690.89
9623.79
9713.74
9692.64
9585.27
9522.65
9596.99
9573.6
9693.22
9624.58
9645.17
9655.45
9624.03
9687.01
9623.79
9654.12
9721.79
9661.22
9603.62
9639.56
9645.74
9598.75
9555.05
9577.36
9514.63
9501.24
9445.34
9476.22
9618.84
9555.22
9536.26
9567.08
9421.87
9475.64
9414.79
9451.83
9662.42
9737.95
9653.25
9727.98
9492.01
9585.08
9525.71
9568.69
9627.32
9616.64
9512.17
9550.69
7981.44
8035.12
8015.43
8015.87
8123.99
8198.3
8160.82
8202.15
8001.79
8069.81
7984.57
8045.56
8101.71
8149.29
8074.31
8091
9278.57
9217.85
9270.96
9242.76
9163.64
9131.52
9114.28
9135.51
9244.44
9167.85
9228.47
9192.96
9178.26
9113.66
9206.41
9151.38
9697.49
9768.83
9695.14
9720.38
9814.25
9870.32
9814.67
9817.92
9696.06
9769.47
9694.71
9722.28
9762.97
9764.36
9721.22
9767.96
8588.13
8511.05
8444.35
8511.7
8467.69
8413.03
8381.07
8415.52
8407.27
8352.27
8418.7
8386.18
8456.36
8393.38
8337.61
8414.3
8368.51
8369.33
8401.53
8388.61
8369.47
8362.97
8399.35
8385.17
8421.79
8424.03
8438.49
8430.38
8411.32
8415.27
8389.36
8405.41
7885.66
7887.64
7922.95
7891.44
7900.97
7912.4
7962.65
7917.12
7973.32
8020.99
8068.66
7999.71
7962.24
7917.81
7905.06
7931.51
7895.76
7938.24
7896.47
7923.77
7977.66
8008.67
7975.27
8000.78
7896.88
7937.53
7893.93
7924.55
7963.06
7923.82
7962.79
7937.57
8173.12
8206.05
8147.96
8198.86
8192.83
8157.12
8098.73
8151.2
8063.2
8035.81
7986.7
8022.73
8179.71
8074.98
8108.61
8131.48
8067.25
8014
8052.36
8027.01
7964.3
7920.47
7975.47
7939.49
8043.84
8012.23
8061.33
8024.11
7985.27
8020.94
7985.47
8001.14
8058.26
8010.46
8015.12
7997.18
8003.8
7983.9
7957.32
7975.99
7974.58
7942.75
7929.24
7940.16
7992.07
7967.27
7952.19
7976.81
9918.61
9847.12
9897.46
9901.38
9796.65
9730.91
9785.69
9787.43
9857.17
9832.33
9862.22
9878.09
9839.05
9837.21
9867.81
9820.48
8579.58
8583.81
8513.36
8590.81
8585.9
8548.06
8517.19
8553.03
8458.66
8469.45
8424.86
8452.54
8500.16
8500.18
8580.67
8531.58
8496.44
8466.04
8478.62
8465.45
8440.26
8399.78
8418.98
8417.36
8481.12
8436.45
8468.59
8455.9
8440.78
8466.48
8430.28
8451.87
9157.45
9137.38
9163.93
9160.77
9118.59
9092.12
9133.26
9121.77
9179.13
9171.55
9223.34
9204.63
9139.47
9160.78
9167.8
9148.85
10116.1
10175.7
10126.6
10134.1
10259.4
10398.2
10317.2
10300.8
10138.9
10211.1
10132.3
10147.1
10195.8
10157.2
10231
10191.9
10104.2
10106.6
10179.9
10130.4
10105.4
10099.3
10183
10131.5
10231.9
10229.4
10287.4
10228.4
10133.8
10179.5
10176
10182.7
9443.51
9490.18
9489.64
9468.97
9597.33
9685.68
9731.69
9685.95
9667.77
9732.42
9723.78
9738.63
9543.95
9731.53
9585.77
9630.05
7891.13
7949.29
7892.64
7912.72
7985.13
8032.4
7982.67
7988.8
7891.41
7946.69
7891.64
7910.29
7942.79
7910.71
7945.77
7946.66
10333.7
10257.7
10299.1
10266.1
10210.9
10143.4
10204.1
10161.7
10288.8
10254.5
10296.9
10256.9
10227.9
10267.5
10225.1
10259.7
10293.7
10335.3
10243.7
10277.3
10370.7
10394.4
10308.4
10338
10182.5
10213.4
10131.4
10159.9
10249.8
10221.2
10307.4
10263.1
8116.36
8176.48
8118.78
8138.52
8212.73
8260.24
8210.66
8217.13
8117.55
8175
8111.3
8136.64
8173.12
8171.1
8137.48
8174.87
8049.31
8025.26
7997.91
8042.13
8060.91
8069.25
8008.35
8053.34
7961.08
7968.8
7921.37
7960.42
8031.19
8001.59
8002.66
7990.05
8293.29
8270.69
8234.01
8242.37
8270.93
8288.19
8242.87
8251.18
8197.08
8195.79
8145.72
8161.77
8239.19
8215.32
8211.44
8234.42
7950.66
7956.87
8006.95
7965.98
7972.58
7986.55
8044.78
7990.54
8083.8
8129.77
8169.48
8120.97
8065.49
8038.07
7984.29
8026.37
7980.11
8035.67
8007.42
8001.67
8132.46
8158.08
8139.45
8156.46
8064.22
8096.56
8093.93
8101.91
8073.32
8044.28
8109.89
8083.27
14768
14791.3
14772
14788.5
14922.5
15314.3
15624.3
15214.5
15239.4
15881.8
16160.6
15602.9
15395.5
14825.3
14856.7
14893.7
8861.53
8872.04
8844.33
8868.16
8869.17
8830.15
8835.09
8856.46
8844.43
8844.99
8824.21
8854.83
8874.97
8858.28
8852.23
8857.62
8867.28
8799.61
8848.49
8828.97
8799.43
8819.14
8835.56
8813.15
8826.97
8870.65
8856.23
8845.27
8788.25
8844.21
8804.71
8813.86
8765.98
8796.85
8774.04
8762.35
8817.69
8838.47
8832.83
8802.8
8806.43
8816.75
8800.91
8807.6
8784.12
8804.31
8793.45
8822.52
8732.08
8755.55
8759.06
8768.72
8790.22
8808.16
8831.54
8823.52
8805.53
8848.9
8867.5
8871.5
8801.61
8843.97
8796.51
8785.24
14998
15037.3
15027.5
15024.5
15420.9
16155.1
15979.5
15760.2
15197.6
15808.5
15561.7
15477.4
15084.3
15101.1
15621.1
15180.5
14828
14647.4
14830.2
14703.8
14611.6
14645.8
14668.9
14645.9
14880.7
14739.5
14897.2
14797.7
14679
14758
14618.6
14667.3
8870.39
8782.12
8852.97
8835.56
8746.11
8743.57
8762.06
8745.84
8805.47
8795.27
8828.81
8809.69
8755.94
8774.69
8787.37
8767.54
8860.83
8861.8
8853.77
8861.58
8875.1
8857.34
8850.6
8882.07
8841.65
8844.27
8830.7
8849.97
8869.15
8873.16
8861.86
8865.55
8800.17
8838.19
8813.98
8798.14
8863.48
8887.32
8888.63
8854.7
8859.06
8887.11
8863.47
8878.43
8827.16
8863.6
8842.85
8875.44
8783.01
8801.48
8791.03
8791.31
8826.81
8873.48
8812.95
8838.82
8762.43
8784.67
8757.11
8753.06
8794.26
8781.95
8784.05
8790.53
14713.1
14738.1
14800.9
14747.3
14762.3
14804.1
14818
14771
14846.8
14854.8
14836.1
14842.8
14760.8
14817.2
14796.4
14797.7
17149.7
17177.8
17258.3
17192.4
17205.7
17248.6
17278.6
17219.5
17332.6
17321.1
17398
17335.9
17203.9
17283
17253.1
17252.6
15118.9
15169.1
15073.1
15104.4
15183
15162.1
15168.5
15176.2
15047.4
15104.6
15020.2
15048.8
15125.2
15076.5
15135.9
15123.8
17509
17471.1
17477
17481.4
17497.7
17583.8
17486.3
17525.8
17465.4
17466.9
17470.2
17465.5
17471.7
17467.8
17475.5
17462.1
15039
15059.2
15055.1
15048.7
15080.4
15117.2
15102.5
15085.1
15075.3
15116.6
15120.1
15089.4
15062
15087.3
15068.2
15071.3
15559.7
15500.1
15491.1
15475.1
15468.9
15431.6
15424.1
15414.4
15437.2
15401.2
15370.2
15378.7
15437.2
15431.1
15400.5
15459.7
15435.9
15466.7
15405.7
15421.8
15495
15513.3
15499.5
15494.5
15382.3
15443.4
15353.3
15388.4
15457.4
15400
15446.5
15441.1
8850.88
8875.87
8882.11
8866.27
8884.09
8900.59
8880.38
8874.14
8854.55
8881.6
8815.34
8859.12
8851.96
8867.95
8882.3
8886.32
8854.34
8874.73
8832.66
8828.9
8883.26
8894.76
8868.01
8855.01
8812.58
8829.4
8802.99
8815.09
8841.78
8835.05
8812.21
8852.23
8848.99
8830.6
8851.46
8844.11
8842.14
8841.19
8830.66
8855.66
8856.02
8810.8
8865.71
8844.81
8824.87
8831.03
8843.3
8827.53
8822.34
8859.35
8893.14
8886.79
8868.23
8834.48
8839.32
8855.18
8890.99
8840.65
8850.66
8856.89
8901.94
8839.33
8916.39
8893.61
8799.57
8807.26
8832.34
8829.54
8848.69
8853.55
8851.9
8871.74
8817.38
8846.73
8856.29
8855.01
8860.12
8843.81
8829.79
8822.72
8836.27
8861.33
8794.89
8817.59
8872.79
8895.35
8883.95
8857.4
8814.1
8848.59
8860.2
8846.8
8834.65
8852.33
8812.51
8852.63
17146.9
15666.4
18725.9
16588.5
15042
14894.8
15864.3
14938.4
17924.2
16198.7
16259.3
16684.8
16145.5
17527.6
15272.1
16874.2
8878.34
8879.38
8869.94
8881.43
8855.34
8893.5
8861.74
8853.89
8827.35
8883.38
8813.52
8841.28
8836.1
8840.2
8857.68
8855.97
8833.94
8809.53
8833.68
8824.08
8814.42
8816.93
8803.51
8831.02
8837.99
8793.35
8843.25
8821.22
8797.35
8804.8
8823.01
8803.65
17590.2
17537.2
17570.2
17522.7
17500.4
17492.5
17513.4
17479.6
17560.7
17542
17544
17539.1
17507.2
17538.6
17491.3
17527.5
14666.5
14749.5
14749.3
14699.1
14878.3
14919
15115.5
14945.6
14788.6
15045.1
14886.4
14825.6
15030.9
14837.6
14833.1
14949.9
16348.9
16524.6
17712.7
17231.2
16822.3
15232.6
15820.1
15559
19022.9
16741.3
17648.3
17560.1
17602.3
18624.3
16409.2
18058
14781.8
14778.5
14821.8
14769
14756.6
14727.4
14796.9
14735.7
14857.7
14851.2
14932.5
14838.2
14758.4
14793.3
14791.1
14814.8
12758.4
12807.2
12789.1
12777.4
12859
12900
12909.3
12882.3
12818.9
12913.3
12867.8
12848
12823.8
12870.6
12808.5
12843.1
12643.6
12610.9
12712.5
12638.8
12594.2
12570.2
12628.7
12593.5
12735.4
12683.3
12716.3
12709
12615
12685.5
12647.6
12655.8
12872.6
12947.1
12681
12841.3
12979.3
12942
12822.3
12951.9
12550
12640.9
12541.7
12538.4
12924.2
12569.4
12704
12762.9
12678.8
12716.3
12668.7
12680.8
12687.3
12644.4
12609.4
12632.3
12626.8
12595.2
12568.6
12593.1
12667.9
12644.8
12616.5
12653.7
12580.4
12622.6
12751
12693.6
12571.2
12628
12714.1
12662.8
12905.9
12840.5
12951.2
12934
12613.3
12818.4
12779.4
12677.8
12549.1
12746.5
12588.7
12667.8
12874.3
12961.5
12812.2
12921.4
12541.3
12675.3
12590.1
12627.9
12744.8
12586.7
12783.9
12640.2
12932.9
12873.3
12865.2
12875
12732.4
12621
12598.8
12621.6
12832.7
12667.3
12559.2
12694.2
12628.6
12764
12730.1
12727.8
12619.3
12597.9
12656.2
12611.9
12578.5
12564.9
12620.8
12580
12672.1
12649.6
12703.8
12649.3
12596.8
12638.2
12617.6
12628.5
17225.3
17221.4
17270.5
17212.6
17199
17167.5
17242.6
17172.7
17301.6
17298.7
17361.7
17279.3
17197.5
17238.8
17231.8
17263.8
12561.3
12594.6
12612.7
12584.5
12622
12686.2
12686.7
12641.6
12644
12691.5
12654.5
12652.7
12613.9
12627.4
12652.5
12643.7
12706.6
12801.9
12624.6
12742.9
12921.9
12974.3
12977.1
12993.2
12713
12900.7
12690.8
12785.6
12861.7
12899.4
12681
12789
12845.1
12916.8
12809.5
12840.8
12940.4
12913.4
12872
12897.8
12790.9
12819.2
12767.2
12789.1
12878.3
12838.5
12811.8
12852
12924.5
12973.6
12806.7
12935.8
12926.2
12842.2
12628.7
12806.8
12636
12493.4
12512.4
12537.2
12904.1
12564.3
12705.7
12759.2
12562.7
12614.3
12593.8
12584
12653.1
12671.2
12696.7
12673.3
12620.6
12695.4
12673.6
12643.3
12626.4
12667.1
12612.5
12644
12569.3
12710
12563.8
12583.4
12841.5
12921.9
12994.6
12965.8
12746
12965.5
12889.6
12884.6
12779.6
12648.1
12964.7
12835.9
12516.8
12634.6
12500.6
12529.8
12785.3
12866
12930.6
12903
12695.1
12941.8
12894.8
12866.7
12708.7
12601.5
12924.5
12776.1
12635.9
12607.3
12695.4
12629.9
12587.4
12563.3
12611.7
12583.4
12714.1
12662.8
12710.1
12696.4
12602
12667.7
12625.8
12634.2
43224.6
43224.6
43039.8
43269.8
43269.8
43037.4
43215.5
43212.3
42913.8
42890.2
42941
42870.5
43461
43461
43243.4
44048.6
44048.6
43131.1
43530
43531
42878.5
42889.6
42772.2
42826.4
43038.1
43064.7
43375.3
43079.9
43375.6
43045.5
43004.5
43063.5
44016.5
44016.5
43973.2
43973.2
43132.5
43102.2
44015
43981.7
43742.9
43742.9
43586.5
43586.5
43231.1
43228.7
43637.5
43550.5
42918.4
42975.3
42889.8
42866.4
42940.3
42961.7
42828.7
42962.7
43888.4
43191.3
43276.2
43200
43797.8
43150.1
43099.3
43217.4
42918.3
42918.3
43213.3
43213.3
42827.1
42840.6
43032.5
43121
43251.8
43251.8
43275.1
43275.1
43061.3
42931.4
43191.6
43187.3
42790.2
42925.1
42800.2
42837.6
42813.1
42876.6
42806.8
42884.3
43235.4
42924.6
42990.2
42949.4
43223.8
42942.1
42871.6
42965.2
42852.2
42852.2
42611.3
42611.3
42874.3
43133.7
42695.2
42603.9
42627.9
42627.9
42645.2
42645.2
42812.2
42902.4
42666.4
42656.3
42756.9
42706.5
42713.3
42677.4
43089.9
42986
42968
43087.1
42701.5
43160.7
43013.7
43062
42686.7
42777
42797.1
42849.6
42754.2
42754.2
43023.4
42600.4
42600.4
42794.3
42773.7
42741.3
43113.5
43056.2
42960.7
43037.6
42612.9
42612.9
42809.8
42601.6
42601.6
42621.9
42650.6
42621.8
42773.4
42625.4
42719.1
42711.7
43051.5
42898.6
42761
42974
42641.5
42764.5
42612
42655.2
12808.2
12873.5
12915
12848.1
12865.2
12915.5
13029.1
12869.7
12958
13066.2
12963.6
12985.5
12908.7
12951.7
13013.8
13002.8
12877.7
12840.1
12829.4
12827.6
12828.2
12767.2
12793.9
12784.6
12670.6
12697
12596.3
12617
12806.6
12642.9
12720.4
12763.5
12876.5
12881.5
12727.1
12878.8
12775.9
12863.2
12707.3
12811.9
12518
12580.6
12532.4
12530.5
12605.5
12524
12748.5
12557.3
12920.6
12909.6
13032.3
12903.5
12950.2
12918.9
12878.9
12922.3
13071.2
12950.1
12935.7
12986.7
12915.4
13023.2
12941.5
13004.3
42945.4
42751.5
42961.4
42885.8
42664.2
42599
42667.3
42624.6
42615.2
42576.2
42555.3
42555.3
42561.2
42561.2
42566.8
42570.1
42881.7
42777.6
42589.3
42589.3
42634.1
42634.1
42631.9
42626.6
42679.4
42817.6
42588.9
42709.7
42581.3
42697.1
42600.8
42651.7
43036.8
42720.5
42940.7
42868.6
42658.9
42565.3
42594.2
42571.8
42561.7
42551.6
42548.5
42548.5
42542.1
42542.1
42548.9
42553.6
42781.5
42607.9
42548.5
42548.5
42587.5
42587.5
42575.7
42565.3
42605.4
42731.8
42550
42625.9
42546.7
42578.6
42559.7
42564.1
42794.5
42716.9
42837.1
42752.6
42733.6
42721.9
42813.3
42819.3
42713.7
42697.4
42715.3
42715.3
43119.2
43119.2
42975.2
42839.4
42989.8
42930.8
43525.8
43525.8
43881.5
43881.5
43780.6
43684.8
42786.8
42872.7
43423.8
42887.3
43303.5
42930
42804.8
42855.6
42791.7
42721.1
42841.1
42747.1
42718.2
42721
42792.5
42794.2
42729.1
42720
42729.1
42729.1
43213.6
43213.6
43047.6
42889.6
43055.7
42953.1
43590.9
43590.9
43949.9
43949.9
43819.3
43706
42805.7
42910.6
43508.4
42907.7
43392.4
42929.9
42825.7
42873.1
12705.2
12698.7
12660.1
12686
12702.5
12717.7
12685.6
12703.4
12630.4
12648.7
12634
12630.1
12697
12652.1
12675.2
12667.9
12740.9
12734.2
12696.3
12735.8
12730.8
12784.5
12695.4
12725
12658.5
12658.4
12668
12648.4
12733.1
12683.6
12667.6
12679.1
7226.96
7146.24
7165.29
7155.66
7137.71
7209.48
7169.51
7159.77
7141.76
7147.21
7138.03
7128.89
7121.48
7130.82
7136.64
7131.62
7149.45
7118.9
7140.81
7136.22
7111
7119.74
7114.45
7112.82
7142.25
7119.8
7137.99
7133.5
7115.25
7134.98
7119.48
7119.87
)
;
    }
    pressure_outlet
    {
        type            zeroGradient;
    }
    velocity_inlet
    {
        type            fixedValue;
        value           uniform 7.20654;
    }
}


// ************************************************************************* //
