/*--------------------------------*- C++ -*----------------------------------*\
| =========                 |                                                 |
| \\      /  F ield         | OpenFOAM: The Open Source CFD Toolbox           |
|  \\    /   O peration     | Version:  2412                                  |
|   \\  /    A nd           | Website:  www.openfoam.com                      |
|    \\/     M anipulation  |                                                 |
\*---------------------------------------------------------------------------*/
FoamFile
{
    version     2.0;
    format      ascii;
    arch        "LSB;label=32;scalar=64";
    class       volScalarField;
    location    "500";
    object      nut;
}
// * * * * * * * * * * * * * * * * * * * * * * * * * * * * * * * * * * * * * //

dimensions      [0 2 -1 0 0 0 0];

internalField   nonuniform List<scalar> 
43136
(
2.66572e-05
3.80025e-05
2.35193e-05
0.000101083
6.27442e-05
3.0744e-05
0.000119912
0.000145941
2.08264e-05
2.03315e-05
1.81611e-05
7.34278e-05
8.37591e-05
3.71113e-05
9.33771e-05
0.000131944
3.49662e-05
1.7838e-05
7.51082e-05
0.000149516
0.000100952
4.29329e-05
0.000150713
0.000130277
0.000152676
0.000148937
0.000127852
0.000167761
0.000167123
0.000139045
0.00016798
0.000168037
0.000122698
9.15903e-05
0.000118545
0.000145005
7.36966e-05
9.68226e-05
9.53481e-05
9.01725e-05
3.38573e-05
0.000105814
3.61877e-05
3.69896e-05
0.000145098
7.39448e-05
2.36165e-05
0.000123682
0.000111102
0.000156323
0.000133494
0.000159311
0.000134929
0.000167431
0.00016745
0.00016546
7.63681e-05
0.00016731
0.000162878
0.000145763
8.62962e-05
0.000164658
9.3719e-05
7.30159e-05
7.90831e-05
5.15788e-05
0.000102483
7.5159e-05
0.000167273
0.000120527
0.000111433
0.000167406
4.46176e-05
3.77667e-05
7.68373e-05
6.64685e-05
3.8582e-05
3.05049e-05
2.95069e-05
3.92621e-05
9.2709e-05
0.000104591
4.86234e-05
8.25579e-05
3.33368e-05
3.31022e-05
4.43451e-05
4.11756e-05
8.60112e-05
0.000101874
0.000103952
9.4751e-05
0.000128089
6.98205e-05
9.31679e-05
0.000133116
7.99104e-05
8.42632e-05
0.000139036
7.97304e-05
4.59905e-05
8.70283e-05
6.05456e-05
6.96561e-05
6.84267e-05
5.75277e-05
3.83346e-05
7.14179e-05
6.68769e-05
9.02573e-05
6.37491e-05
3.94376e-05
7.82607e-05
0.000101016
5.37248e-05
7.01916e-05
0.000104589
0.000129158
8.8421e-05
0.000110679
8.03469e-05
9.43601e-05
8.22232e-05
4.38282e-05
0.000165402
5.95331e-05
3.60858e-05
7.93315e-05
0.000167041
0.000143201
0.000129205
0.000168161
0.000166993
0.000132135
0.00014468
0.000160276
0.00015191
0.000131278
0.00011558
0.000165985
0.000151005
0.000132655
0.000155882
0.000132712
0.000135899
6.80405e-05
0.000123155
0.000165047
0.000107429
5.62947e-05
0.000120805
8.80907e-05
0.000168145
0.000168163
0.000165277
0.000167871
0.000168094
0.000168199
0.000136588
0.000168187
0.000162787
0.000122374
0.000168136
0.000167645
0.000164584
0.00012944
0.000167694
0.000167893
0.000155266
0.000166358
0.000125953
9.39821e-05
0.000155399
0.000158096
9.6471e-05
0.000104762
0.000138328
0.000168172
0.000167857
0.000106361
0.000156736
0.000167936
0.000140898
0.000162625
0.000156805
0.000108889
0.0001621
7.26202e-05
0.000158888
0.000107093
0.000142179
0.000121689
2.11117e-06
2.76305e-06
3.55415e-06
9.35985e-06
7.33733e-06
5.05418e-06
7.45322e-06
7.18917e-06
2.30272e-06
2.00578e-06
2.81044e-06
1.0832e-05
8.34297e-06
7.04651e-06
8.5695e-06
7.98355e-06
3.8922e-06
3.54927e-06
3.70422e-06
1.08957e-05
9.67622e-06
5.56512e-06
9.71074e-06
9.69247e-06
1.07864e-05
6.21372e-06
1.75883e-05
1.05011e-05
4.11605e-06
1.01722e-05
7.1564e-06
6.62056e-06
8.09641e-06
9.06286e-06
1.0309e-05
1.07404e-05
8.13552e-06
8.47515e-06
1.07923e-05
1.03172e-05
6.80299e-06
1.09894e-05
4.79193e-06
4.36968e-06
8.80208e-06
9.15377e-06
3.2549e-06
9.60186e-06
9.16243e-06
1.0396e-05
1.09571e-05
1.08343e-05
1.0385e-05
1.04573e-05
1.06886e-05
1.08433e-05
9.47523e-06
1.08887e-05
1.14799e-05
8.88749e-06
9.7169e-06
1.08232e-05
9.82514e-06
1.15221e-05
1.40879e-06
1.50493e-06
3.00812e-06
9.67062e-06
5.5683e-06
4.75706e-06
7.79634e-06
5.88817e-06
1.83513e-06
1.89268e-06
1.74883e-06
1.11982e-05
8.61175e-06
4.3373e-06
8.69285e-06
8.78416e-06
3.05358e-06
1.81824e-06
2.21605e-06
1.39924e-05
9.25415e-06
4.4292e-06
9.51216e-06
9.44843e-06
9.52724e-06
7.93871e-06
7.16159e-06
1.2774e-05
4.47287e-06
8.57313e-06
7.13022e-06
8.47327e-06
8.11513e-06
7.85574e-06
1.07868e-05
1.22647e-05
8.25973e-06
8.49164e-06
5.60207e-06
9.41423e-06
5.40314e-06
9.56959e-06
3.88452e-06
4.28305e-06
8.36143e-06
8.59146e-06
2.58589e-06
8.63047e-06
8.78042e-06
1.097e-05
1.26788e-05
1.3195e-05
1.1742e-05
1.15904e-05
9.35143e-06
1.20985e-05
8.97044e-06
1.36958e-05
1.32253e-05
8.78576e-06
9.12978e-06
9.70938e-06
8.83996e-06
7.35001e-06
0.000115244
2.06926e-05
9.63437e-05
0.000165886
8.64455e-05
7.30194e-05
8.634e-05
9.84853e-05
2.09067e-05
2.82896e-05
4.05412e-05
7.16088e-05
6.57362e-05
8.32244e-05
5.81848e-05
0.000110006
5.74643e-05
6.07073e-05
4.9673e-05
0.000158603
6.07819e-05
5.03112e-05
5.96353e-05
7.79504e-05
0.000156778
0.000138437
0.000136239
0.000167848
0.000168108
0.000126549
0.000168117
0.000166559
6.89556e-05
6.06961e-05
0.000137286
0.000157961
4.55876e-05
0.000138807
9.59687e-05
0.000141566
3.10188e-05
8.46659e-05
4.87647e-05
6.04969e-05
6.13727e-05
4.07251e-05
2.66082e-05
7.65129e-05
7.44792e-05
0.000167269
9.44861e-05
0.000114636
0.000147656
0.000166187
0.000148158
0.000115061
8.09902e-05
0.00014841
0.000128196
0.000122019
6.25484e-05
7.29776e-05
6.59157e-05
7.97385e-05
0.000167646
0.00016779
0.00016775
0.00016762
0.000167642
0.000167733
0.000167639
0.000167735
0.000116947
0.000107471
7.01171e-05
0.000129183
6.92659e-05
6.13696e-05
6.99357e-05
4.56432e-05
0.000149949
7.24142e-05
4.14659e-05
0.000114623
8.76123e-05
8.45867e-05
9.79215e-05
5.25187e-05
0.000167652
0.000167943
0.000167945
0.000167694
0.000167687
0.00016784
0.000167701
0.000167826
0.000116112
0.000120583
0.000167649
0.000133084
0.000122046
0.000167781
0.00016785
0.000167788
0.000100304
9.94721e-05
7.00301e-05
0.000127419
9.37492e-05
0.000143973
0.000167307
6.34038e-05
0.00015967
0.000167662
0.000119277
0.0001576
0.000167828
0.000167774
0.00014975
0.000167835
0.000118883
0.000134192
0.000167865
8.29199e-05
0.000148307
0.000136276
8.17428e-05
0.000167404
8.56686e-05
7.36222e-05
6.26918e-05
9.91737e-05
9.12788e-05
9.09211e-05
9.26294e-05
7.08715e-05
3.22024e-05
2.43367e-05
2.84716e-05
6.70897e-05
3.88622e-05
3.3418e-05
3.05276e-05
3.5149e-05
4.52492e-05
3.27106e-05
5.95089e-05
7.19861e-05
5.79703e-05
7.02519e-05
5.74488e-05
8.54979e-05
0.000104217
0.000127365
0.000113927
0.000147373
0.000126646
0.000108537
0.000108897
0.000141595
5.26741e-05
5.25271e-05
0.000112593
7.64191e-05
6.13981e-05
7.44634e-05
7.61231e-05
0.000101323
5.59273e-05
6.45751e-05
5.5599e-05
6.3923e-05
6.46255e-05
6.28376e-05
3.86608e-05
5.57269e-05
8.75015e-05
0.00010465
6.29903e-05
9.42668e-05
0.000104281
0.000100421
9.38625e-05
9.53351e-05
6.3193e-05
0.000130217
9.52265e-05
5.51097e-05
6.08508e-05
9.22637e-05
5.23082e-05
7.32386e-05
4.38902e-06
5.14585e-06
2.7951e-06
1.29704e-05
1.13386e-05
3.76171e-06
1.15538e-05
1.25244e-05
4.72762e-06
1.61776e-06
4.05022e-06
1.15248e-05
5.32174e-06
1.92867e-06
1.15042e-05
7.02833e-06
2.90705e-06
4.21438e-06
2.91245e-06
1.44325e-05
1.37792e-05
5.78224e-06
1.42645e-05
1.3084e-05
5.92649e-06
9.58254e-06
2.37095e-05
6.09563e-06
5.50016e-06
9.22577e-06
1.21771e-05
2.00041e-05
1.16445e-05
1.25935e-05
1.53115e-05
1.32786e-05
1.21713e-05
1.23696e-05
1.33434e-05
1.3355e-05
3.72772e-06
1.18107e-05
4.182e-06
5.74001e-06
7.7274e-06
1.08325e-05
3.4556e-06
1.22164e-05
1.30875e-05
1.56882e-05
1.34344e-05
1.37074e-05
1.38498e-05
1.36059e-05
1.36429e-05
1.36436e-05
1.32419e-05
1.37194e-05
1.24108e-05
1.25007e-05
1.37062e-05
1.30777e-05
1.33636e-05
1.29678e-05
0.000107975
0.000110958
0.000167727
0.000167786
0.000144914
0.000130175
0.000155969
0.000167793
0.000114223
0.000118434
0.000167711
0.000167806
0.000137539
0.000125034
0.000138842
0.0001678
0.000167686
0.000167686
0.000167674
0.000167736
0.000167688
0.000167689
0.000167682
0.000167679
7.94883e-05
9.12642e-05
9.5342e-05
4.07969e-05
5.54528e-05
6.15524e-05
8.19505e-05
6.80136e-05
0.000138424
0.000167761
7.79569e-05
6.77259e-05
0.000124655
0.000167797
0.000167705
6.38709e-05
0.000118508
5.7693e-05
0.000167728
0.000167723
0.000156651
0.000167807
0.000167724
0.000167771
0.000167761
8.75352e-05
7.24708e-05
0.000120529
0.000151541
7.77003e-05
0.000103819
0.000105539
0.000167739
0.000123024
7.46539e-05
0.000167747
0.00016776
9.87335e-05
0.000162319
0.000167789
0.000100916
0.000125375
9.54778e-05
8.63575e-05
0.000162837
0.000118306
0.000167786
0.000167671
0.000167728
0.000116848
5.21248e-05
0.000128259
0.000167523
0.000143367
0.000166838
0.000117804
6.34217e-05
4.20435e-05
4.80985e-05
6.86263e-05
4.35707e-05
3.65711e-05
3.82484e-05
3.35703e-05
8.72726e-05
0.000123028
6.61373e-05
0.000101805
0.000143225
0.000149108
0.000167895
0.000126197
0.000167729
6.8398e-05
0.000126448
0.000167739
0.000167753
0.00015105
0.00015138
0.000126806
0.000167659
0.000149469
7.55515e-05
6.17574e-05
0.000167623
0.000143364
8.38283e-05
6.87176e-05
7.03288e-05
0.000161043
0.0001559
8.03335e-05
7.01936e-05
0.000113057
6.65347e-05
0.000132601
7.80961e-05
6.39928e-05
0.000121728
7.22526e-05
7.86894e-05
7.3886e-05
8.5574e-05
6.4933e-05
4.52061e-05
2.86182e-05
6.71824e-05
5.54803e-05
4.35861e-05
3.58531e-05
4.27573e-05
8.29612e-05
1.75606e-05
2.39265e-05
5.41958e-05
4.93739e-05
2.80409e-05
3.5172e-05
3.76755e-05
3.64829e-05
7.57513e-05
8.39103e-05
7.21419e-05
5.1247e-05
8.57862e-05
0.000121396
0.000112423
9.4333e-05
4.21795e-05
5.26426e-05
3.42794e-05
2.1194e-05
2.82643e-05
2.75124e-05
2.14076e-05
4.03178e-05
3.09232e-05
5.67345e-05
4.33565e-05
3.69672e-05
3.51997e-05
5.19062e-05
2.12948e-05
2.7645e-05
3.30797e-05
4.26509e-05
7.63617e-05
9.88886e-05
4.58966e-05
4.85277e-05
5.53084e-05
4.1035e-05
6.88134e-05
2.77301e-05
4.04806e-05
4.86711e-05
4.55387e-05
4.29176e-05
3.51031e-05
4.28008e-05
8.22477e-05
6.75114e-05
4.35474e-05
7.97325e-05
7.33098e-05
6.77104e-05
7.13285e-05
4.50285e-05
6.22905e-05
9.05135e-05
6.98954e-05
4.91379e-05
6.73729e-05
7.44337e-05
2.86012e-05
6.41895e-05
8.66216e-05
9.05556e-05
0.000115462
7.08275e-05
8.0297e-05
8.01989e-05
8.71194e-05
0.000111055
9.92664e-05
0.000133256
0.000100872
4.65974e-05
7.00277e-05
0.000132585
6.98851e-05
0.000140326
2.6303e-05
4.05077e-05
4.23499e-05
3.16684e-05
2.27171e-05
2.55024e-05
4.0119e-05
3.12012e-05
7.60105e-05
8.42154e-05
3.93067e-05
5.21757e-05
9.45931e-05
8.32989e-05
6.57334e-05
3.47478e-05
7.40329e-05
4.18637e-05
0.000146113
9.5485e-05
7.57122e-05
8.3717e-05
9.31585e-05
9.98187e-05
6.22219e-05
2.82001e-05
5.17798e-05
2.95879e-05
4.99149e-05
3.72149e-05
5.21329e-05
5.36691e-05
7.77846e-05
8.3169e-05
6.60993e-05
0.000134082
9.26497e-05
8.2477e-05
0.000125029
7.78308e-05
2.73736e-05
5.39441e-05
5.3502e-05
2.94708e-05
2.34733e-05
3.12549e-05
3.09929e-05
3.51768e-05
5.94625e-05
0.00010595
0.000104198
7.14443e-05
6.07225e-05
6.87751e-05
7.02762e-05
8.95943e-05
6.33596e-05
0.000112008
8.17301e-05
5.45358e-05
7.22952e-05
8.66012e-05
7.33046e-05
8.74635e-05
3.11023e-05
5.59784e-05
3.71024e-05
5.60642e-05
2.3056e-05
4.03117e-05
3.69862e-05
4.49256e-05
4.44677e-05
3.80521e-05
2.29212e-05
4.66616e-05
6.545e-05
6.10668e-05
4.12044e-05
3.91017e-05
5.32229e-05
5.4889e-05
7.84997e-05
5.20078e-05
5.62686e-05
7.1093e-05
7.9634e-05
5.83598e-05
3.95825e-05
2.63132e-05
5.24705e-05
5.54095e-05
5.19552e-05
3.60908e-05
4.31248e-05
6.53302e-05
5.45444e-05
5.7758e-05
7.30442e-05
9.26296e-05
7.25458e-05
5.64113e-05
6.30019e-05
7.87692e-05
0.000115728
0.000129048
5.06475e-05
8.54659e-05
8.58233e-05
9.36967e-05
8.6501e-05
5.66962e-05
0.000124537
9.43544e-05
5.4576e-05
8.64135e-05
5.80583e-05
5.12601e-05
6.00856e-05
5.7313e-05
3.96566e-05
3.56145e-05
7.00413e-05
6.14426e-05
2.92847e-05
4.27229e-05
3.23044e-05
2.59174e-05
8.91404e-05
8.15285e-05
6.07814e-05
0.000101263
0.000102062
6.57035e-05
8.75799e-05
7.40199e-05
9.20039e-05
5.05206e-05
9.00261e-05
8.07333e-05
0.000104007
6.88338e-05
8.45992e-05
0.000109722
9.10049e-05
7.18261e-05
5.09722e-05
6.66099e-05
5.79658e-05
7.20868e-05
6.94854e-05
3.95517e-05
6.68986e-05
9.68908e-05
7.59627e-05
6.04009e-05
6.88556e-05
6.49138e-05
6.19073e-05
6.98074e-05
3.6049e-05
4.76647e-05
5.72241e-05
4.04271e-05
4.29054e-05
5.51453e-05
5.41577e-05
6.60278e-05
3.98784e-05
2.40503e-05
2.96776e-05
6.87977e-05
6.22838e-05
2.95742e-05
5.41903e-05
6.1351e-05
1.73529e-05
2.22085e-05
1.96459e-05
0.000113953
2.74673e-05
1.92471e-05
3.86868e-05
2.45348e-05
3.08517e-05
2.32966e-05
2.02732e-05
9.53193e-05
4.32681e-05
2.23844e-05
7.50394e-05
4.52483e-05
0.000132613
0.000151946
0.000137442
0.000167967
0.000106221
9.23803e-05
0.000112669
8.17957e-05
4.50333e-05
4.39419e-05
8.23682e-05
5.72881e-05
5.58929e-05
7.74315e-05
7.33803e-05
7.65956e-05
2.64457e-05
5.72506e-05
2.51941e-05
2.91621e-05
3.79284e-05
7.88272e-05
3.05552e-05
3.84738e-05
6.28271e-05
7.40138e-05
7.54023e-05
8.84462e-05
9.63361e-05
7.97817e-05
6.69403e-05
0.000110814
3.43392e-05
6.05878e-05
5.08313e-05
3.45062e-05
8.33235e-05
7.87451e-05
5.65605e-05
0.000135823
0.000136393
0.00013055
5.36494e-05
6.11628e-05
6.09242e-05
6.20635e-05
8.42404e-05
5.71315e-05
9.40353e-05
0.000114423
5.11444e-05
0.000124216
0.000130185
8.35575e-05
7.06198e-05
6.46251e-05
3.76049e-05
5.53013e-05
3.17977e-05
1.82858e-05
2.4418e-05
2.99049e-05
2.55231e-05
2.14962e-05
2.14084e-05
7.60828e-05
1.54283e-05
4.37791e-06
2.06977e-05
3.63639e-05
2.34717e-05
1.45947e-05
9.24877e-05
3.27366e-05
4.31196e-05
9.62884e-05
7.59372e-05
6.70411e-05
0.000148232
5.28112e-05
6.55765e-05
5.70405e-05
4.29991e-05
4.08585e-05
5.95157e-05
7.30695e-05
8.5291e-05
3.72299e-05
4.52493e-05
5.05377e-05
4.78971e-05
1.91445e-05
2.87674e-05
3.08006e-05
1.74196e-05
3.38447e-05
3.65692e-05
1.55411e-05
2.75082e-05
5.16509e-05
4.72347e-05
2.12952e-05
4.73443e-05
3.98201e-05
6.44044e-06
8.23353e-06
1.11342e-05
6.30756e-06
7.91278e-06
8.24659e-06
1.10698e-05
1.09204e-05
8.76092e-06
9.11514e-06
1.50208e-05
1.53757e-05
8.90662e-06
9.09489e-06
1.16702e-05
1.18155e-05
1.02106e-05
1.65559e-05
3.46011e-05
3.51442e-05
1.16535e-05
1.79452e-05
1.51791e-05
1.69726e-05
7.00936e-06
1.58117e-05
2.97193e-05
1.69138e-05
1.67787e-05
1.37467e-05
1.50818e-05
1.21147e-05
8.36331e-06
1.51405e-05
1.03969e-05
1.51353e-05
1.09322e-05
1.09544e-05
7.77426e-06
1.11514e-05
8.59452e-06
1.52487e-05
1.50349e-05
1.5473e-05
1.11365e-05
1.1318e-05
1.52694e-05
1.49198e-05
7.84932e-06
5.8654e-06
1.1492e-05
1.20723e-05
1.94685e-05
4.8597e-06
8.47256e-06
1.63833e-05
1.24693e-05
1.08473e-05
8.55778e-06
1.17864e-05
1.77394e-05
8.28596e-06
1.45448e-05
1.20856e-05
5.12984e-06
5.64896e-06
8.55996e-06
1.14946e-05
5.32787e-06
5.44562e-06
7.39982e-06
6.99609e-06
5.29072e-06
6.83049e-06
8.33205e-06
1.10062e-05
6.423e-06
6.5934e-06
6.75128e-06
6.72779e-06
1.25069e-05
1.61367e-05
2.68518e-05
1.42008e-05
2.14082e-05
2.16285e-05
1.62854e-05
1.4652e-05
1.31453e-05
1.05656e-05
2.17904e-05
1.36865e-05
1.64266e-05
1.05467e-05
9.43689e-06
1.23493e-05
5.82816e-06
8.57598e-06
1.1997e-05
1.14394e-05
6.87166e-06
7.0856e-06
1.13956e-05
1.17423e-05
6.00722e-06
1.11983e-05
8.42422e-06
8.61218e-06
6.74414e-06
6.8055e-06
8.47812e-06
8.35886e-06
1.26568e-05
8.64797e-06
1.79489e-05
1.41203e-05
1.41346e-05
9.74876e-06
1.99343e-05
1.99183e-05
1.44021e-05
1.57465e-05
1.67832e-05
1.3337e-05
1.51854e-05
1.03937e-05
1.40625e-05
7.31102e-06
7.82011e-06
5.32065e-06
9.28048e-06
1.39004e-05
8.86057e-06
9.189e-06
9.00699e-06
9.09255e-06
8.92404e-06
1.06052e-05
9.28234e-06
1.61142e-05
7.78555e-06
1.02447e-05
9.25937e-06
1.2436e-05
9.64192e-06
1.28719e-05
9.10511e-06
1.81693e-05
9.53617e-06
9.72518e-06
9.63265e-06
9.6648e-06
6.77196e-06
1.77598e-05
1.52906e-05
1.70872e-05
4.85636e-05
1.31363e-05
2.40393e-05
4.86431e-05
1.32721e-05
9.25259e-06
9.93073e-06
1.92957e-05
1.28631e-05
9.25442e-06
3.34901e-06
1.61969e-05
1.28369e-05
2.97555e-05
1.78952e-05
9.37943e-06
1.77027e-05
1.79797e-05
8.76187e-06
1.7401e-05
9.40061e-06
1.30504e-05
1.23924e-05
1.90307e-05
1.7295e-05
1.47361e-05
1.82566e-05
1.85613e-05
9.3713e-06
1.8681e-05
1.54833e-05
1.79923e-05
9.45621e-06
1.77933e-05
1.62934e-05
4.49887e-06
3.91907e-05
2.14039e-05
4.98232e-05
2.01142e-05
6.38186e-05
0.000121319
0.000119963
5.18398e-05
1.83218e-05
2.11302e-05
9.12761e-05
3.77119e-05
2.76474e-05
5.25277e-05
8.3814e-05
9.94152e-05
0.000151113
0.000157931
0.000167676
0.000127924
0.00014844
0.000167752
0.000167746
0.000167739
2.31743e-05
3.76349e-05
7.95951e-05
4.32344e-05
3.04852e-05
7.67591e-05
7.14201e-05
7.42717e-05
2.5647e-05
6.78976e-05
2.3471e-05
3.06423e-05
7.41956e-05
5.45087e-05
2.58661e-05
7.53639e-05
0.000139376
5.98526e-05
0.000131872
0.000167378
5.88779e-05
7.93313e-05
7.52596e-05
7.4781e-05
0.000167385
0.000118039
5.67336e-05
0.000114318
6.79618e-05
5.32191e-05
6.75324e-05
6.84224e-05
0.000126963
0.00011444
5.65101e-05
0.000139354
0.00015788
0.000162856
0.000167351
0.000112326
2.35862e-05
2.88523e-05
1.9481e-05
5.0682e-05
4.7378e-05
3.99129e-05
1.73859e-05
3.44585e-05
1.37794e-05
2.67324e-05
2.03664e-05
1.94043e-05
2.27606e-05
8.40535e-06
1.40928e-05
9.73023e-06
8.96404e-06
8.33463e-06
6.92403e-06
1.1146e-05
8.91324e-06
7.06978e-06
9.62064e-06
6.79989e-06
4.43585e-05
2.08737e-05
1.62025e-05
4.43542e-05
3.00696e-05
1.70901e-05
2.22225e-05
1.0904e-05
1.39709e-05
1.90556e-05
2.91996e-05
1.70006e-05
1.63978e-05
2.75965e-05
1.94775e-05
5.44338e-05
2.20279e-05
1.16147e-05
1.51352e-05
1.59868e-05
1.76827e-05
1.75019e-05
1.85099e-05
1.78602e-05
1.98381e-05
1.21979e-05
1.67378e-05
1.38174e-05
1.56342e-05
2.34067e-05
2.17102e-05
1.70523e-05
1.49541e-05
1.62268e-05
9.75982e-06
1.3423e-05
1.59853e-05
1.72116e-05
1.87802e-05
1.90722e-05
2.59958e-05
5.60301e-05
5.96295e-05
1.49586e-05
2.41938e-05
4.46439e-05
2.99908e-05
3.67216e-05
6.86493e-05
0.000167901
0.000167718
0.000166246
8.10431e-05
0.000133726
0.000152143
0.000164915
8.84667e-05
0.000167492
0.000130973
0.000100316
7.92884e-05
8.51119e-05
8.80981e-05
0.000153238
1.08151e-05
0.000113372
8.54084e-05
8.78833e-06
1.59457e-05
8.33496e-05
2.67648e-05
0.000132036
4.0846e-05
3.66234e-05
2.48066e-05
3.60228e-05
3.74388e-05
3.53008e-05
2.45606e-05
3.09698e-05
6.76125e-05
9.89267e-05
0.000102058
5.381e-05
5.9112e-05
8.4806e-05
6.78373e-05
7.20104e-05
3.29651e-05
3.17435e-05
9.69818e-05
6.25085e-05
2.33684e-05
2.59557e-05
2.90558e-05
3.63988e-05
5.95756e-05
0.000140069
0.000106398
0.000167571
8.76009e-05
9.83059e-05
0.000103566
0.000153052
0.000167875
0.000167982
0.000119185
0.000156352
0.000167917
0.000167952
0.000167946
0.000161416
0.000168139
0.000166068
0.000167714
0.000157625
0.000146646
0.000119161
0.00012056
0.000126246
6.10575e-05
0.000110133
6.20921e-05
6.13273e-05
3.35776e-05
4.28498e-05
3.14587e-05
3.58855e-05
8.78266e-05
0.000102171
6.79695e-05
3.35366e-05
6.57194e-05
4.85226e-05
4.71093e-05
6.02273e-05
0.000156892
7.72386e-05
0.000108481
0.000130241
0.000131317
0.000135245
0.000138733
9.91906e-05
0.000153021
9.05165e-05
8.6768e-05
9.02483e-05
0.000140084
0.000143451
0.000136958
9.21858e-05
7.27277e-05
0.000100795
8.19214e-05
6.38452e-05
9.04383e-05
9.83873e-05
6.68119e-05
7.92401e-05
5.79613e-05
5.71612e-05
0.000102474
7.82449e-05
7.66171e-05
5.95138e-05
8.83264e-05
0.000108736
3.12489e-06
3.44315e-06
5.39489e-06
7.29846e-06
3.35527e-06
3.37178e-06
5.6321e-06
5.61801e-06
4.1225e-06
6.28404e-06
8.22582e-06
7.30397e-06
4.46935e-06
5.47829e-06
6.64708e-06
7.91233e-06
7.87198e-06
1.03962e-05
9.91684e-06
1.04866e-05
8.27051e-06
9.93183e-06
9.46928e-06
9.81087e-06
1.13523e-05
1.20999e-05
1.69052e-05
8.82929e-06
1.89042e-05
9.0505e-06
7.57031e-06
8.74138e-06
3.71699e-06
5.78357e-06
7.91382e-06
7.56965e-06
5.90053e-06
5.7873e-06
6.99919e-06
7.43522e-06
4.25411e-06
7.58977e-06
7.53188e-06
6.42796e-06
6.11998e-06
6.35544e-06
6.08612e-06
6.42575e-06
8.15044e-06
9.32071e-06
1.12223e-05
1.4623e-05
9.97187e-06
1.10791e-05
1.06012e-05
1.10589e-05
7.96988e-06
1.17167e-05
1.02205e-05
9.58549e-06
8.13578e-06
1.00339e-05
8.15769e-06
9.63697e-06
9.89435e-06
1.00895e-05
9.43552e-06
1.07554e-05
9.94361e-06
1.00773e-05
1.00491e-05
9.73126e-06
8.68239e-06
5.26872e-06
8.2828e-06
7.12193e-06
8.72084e-06
8.86425e-06
8.19602e-06
7.39274e-06
8.05697e-06
7.83024e-06
7.88883e-06
7.1793e-06
7.80678e-06
7.83068e-06
7.49456e-06
6.85507e-06
1.75561e-05
1.40336e-05
1.21285e-05
7.73345e-06
1.4574e-05
1.40769e-05
1.82921e-05
1.54986e-05
9.50964e-06
9.00143e-06
1.09658e-05
8.95859e-06
9.19083e-06
9.20789e-06
9.39044e-06
9.41503e-06
8.92586e-06
7.14651e-06
8.32927e-06
8.56251e-06
8.63624e-06
8.18196e-06
8.53561e-06
8.32605e-06
8.74811e-06
1.09124e-05
8.81417e-06
8.51557e-06
8.98339e-06
9.36018e-06
8.41121e-06
9.24389e-06
8.22404e-06
7.18746e-06
7.31627e-06
7.22189e-06
7.75901e-06
6.84834e-06
7.84771e-06
6.84652e-06
2.07863e-06
3.81767e-06
5.90067e-06
6.81779e-06
4.12031e-06
4.12654e-06
6.74706e-06
6.81229e-06
4.03108e-06
4.91475e-06
8.32666e-06
9.64178e-06
4.56672e-06
5.09692e-06
7.32282e-06
7.84504e-06
8.45039e-06
1.09955e-05
9.90625e-06
1.09281e-05
9.37881e-06
1.07338e-05
8.87774e-06
1.17506e-05
5.25613e-06
1.39496e-05
5.31002e-06
2.61793e-06
6.76336e-06
1.46061e-05
2.15322e-06
4.45595e-06
4.25216e-06
6.44332e-06
1.12164e-05
1.01402e-05
6.94715e-06
6.77403e-06
9.57682e-06
1.02075e-05
4.31142e-06
1.03484e-05
8.35146e-06
7.04737e-06
6.91852e-06
7.23325e-06
6.88035e-06
7.3996e-06
9.47039e-06
5.49405e-06
1.38703e-05
6.98322e-06
1.22156e-05
1.40941e-05
1.32695e-05
1.38972e-05
8.80092e-06
8.0057e-06
1.31732e-05
1.04918e-05
9.21373e-06
8.85675e-06
9.3494e-06
1.20143e-05
4.35446e-06
1.14458e-05
7.29481e-06
1.04357e-05
9.36562e-06
6.41995e-06
1.18022e-05
1.12939e-05
9.27759e-06
5.93379e-06
1.09814e-05
1.09152e-05
8.70675e-06
8.71707e-06
1.02299e-05
9.67118e-06
7.85969e-06
1.32655e-05
2.78523e-06
1.70545e-05
6.35846e-06
7.14471e-06
1.26224e-05
9.16485e-06
2.68814e-06
1.36701e-05
6.80173e-06
4.19223e-06
5.94918e-06
6.74717e-06
7.51809e-06
7.11532e-06
1.11161e-05
1.26705e-05
1.51416e-05
1.39722e-05
1.20408e-05
1.24252e-05
1.42954e-05
1.57684e-05
1.11986e-05
1.4268e-05
1.27527e-05
1.27224e-05
1.20225e-05
1.26497e-05
1.23276e-05
1.26097e-05
1.25209e-05
1.60275e-05
1.54393e-05
1.77972e-05
1.62626e-05
1.64746e-05
1.70593e-05
1.67884e-05
1.26952e-05
1.78971e-05
1.51005e-05
1.32496e-05
1.34047e-05
1.76414e-05
1.33757e-05
1.62347e-05
4.0271e-06
3.62617e-06
6.00662e-06
8.10411e-06
4.2629e-06
3.98331e-06
6.39956e-06
6.16285e-06
3.81848e-06
5.86411e-06
1.47368e-05
7.80096e-06
4.33205e-06
6.22581e-06
6.67981e-06
1.19707e-05
8.18273e-06
1.43815e-05
1.13373e-05
1.15988e-05
8.75788e-06
1.22313e-05
1.05179e-05
1.2184e-05
1.84018e-05
1.4788e-05
1.27421e-05
6.69638e-06
1.52134e-05
8.48145e-06
5.07887e-06
1.43752e-05
3.96966e-06
6.44207e-06
8.80481e-06
8.37975e-06
6.36446e-06
6.33543e-06
7.72283e-06
8.27697e-06
4.08133e-06
8.22449e-06
1.34782e-05
6.63951e-06
6.3404e-06
6.61268e-06
6.34541e-06
6.87582e-06
8.65019e-06
1.3906e-05
1.18462e-05
8.08303e-06
1.03846e-05
1.17408e-05
1.12526e-05
1.16224e-05
8.5088e-06
1.24226e-05
1.09511e-05
1.26486e-05
8.73096e-06
1.08787e-05
8.85906e-06
1.04795e-05
1.29495e-05
1.40422e-05
1.30325e-05
1.17343e-05
1.29512e-05
1.40913e-05
1.31432e-05
1.35147e-05
1.35213e-05
7.96264e-06
7.57347e-06
7.65549e-06
1.08857e-05
8.0095e-06
9.26141e-06
6.4604e-06
8.98647e-06
7.77167e-06
8.79535e-06
8.79277e-06
7.89894e-06
7.78045e-06
7.79753e-06
7.10209e-06
1.41432e-05
1.47184e-05
1.43913e-05
7.63829e-06
1.73785e-05
1.47351e-05
1.80948e-05
1.63348e-05
1.31201e-05
1.20811e-05
1.17257e-05
9.7227e-06
1.26938e-05
1.26412e-05
1.0285e-05
1.03258e-05
1.36045e-05
7.70039e-06
7.56537e-06
1.08078e-05
1.18054e-05
9.1349e-06
1.07512e-05
8.74552e-06
1.11281e-05
1.15939e-05
9.5385e-06
9.4135e-06
9.85081e-06
1.01838e-05
9.23549e-06
9.97278e-06
9.6119e-06
8.15478e-06
7.88876e-06
6.32891e-06
7.92352e-06
7.67991e-06
7.92554e-06
7.55386e-06
3.77414e-06
6.64248e-06
4.24061e-06
6.87997e-06
4.71461e-06
4.70462e-06
4.74678e-06
4.76099e-06
8.31864e-06
1.12718e-05
1.10727e-05
9.81758e-06
8.91437e-06
1.07577e-05
8.94789e-06
1.05139e-05
1.0907e-05
1.23446e-05
8.85069e-06
1.11361e-05
1.09251e-05
1.3143e-05
1.10319e-05
1.28261e-05
1.40794e-05
1.49563e-05
1.22448e-05
7.13564e-06
1.57679e-05
1.35909e-05
1.25654e-05
1.46358e-05
7.63903e-06
4.96611e-06
9.02607e-06
1.1661e-05
7.66364e-06
5.59347e-06
9.90965e-06
7.84756e-06
7.84672e-06
9.76009e-06
1.18167e-05
1.13588e-05
7.81282e-06
8.21902e-06
1.16155e-05
1.01243e-05
4.94498e-06
9.16825e-06
1.18411e-05
8.19549e-06
6.91393e-06
8.20551e-06
8.04295e-06
9.41589e-06
1.0398e-05
9.9706e-06
1.01955e-05
1.1589e-05
1.03739e-05
1.02643e-05
1.01716e-05
1.03191e-05
1.07469e-05
1.34304e-05
1.47588e-05
1.00895e-05
1.10419e-05
1.34495e-05
1.2687e-05
1.44183e-05
1.84769e-05
6.18867e-06
1.33751e-05
1.41758e-05
1.62448e-05
1.61768e-05
1.48195e-05
1.40819e-05
1.29522e-05
1.17081e-05
1.11817e-05
1.02438e-05
1.23379e-05
1.17335e-05
1.14422e-05
1.09834e-05
1.73911e-05
1.39817e-05
1.49068e-05
1.56162e-05
1.64568e-05
1.41557e-05
1.60054e-05
1.46709e-05
1.45612e-05
1.49454e-05
1.11686e-05
1.39126e-05
1.50397e-05
1.46947e-05
1.21042e-05
1.21617e-05
1.85341e-05
1.43026e-05
1.35237e-05
1.51638e-05
1.58641e-05
1.48455e-05
1.49552e-05
1.41585e-05
1.39407e-05
1.24959e-05
1.2495e-05
1.14083e-05
1.21638e-05
1.24663e-05
1.1893e-05
1.26196e-05
1.37032e-05
1.06069e-05
1.14773e-05
1.23108e-05
1.2939e-05
1.12943e-05
1.29787e-05
1.11859e-05
8.74047e-06
1.37802e-05
7.8134e-06
1.59702e-05
8.72974e-06
8.70704e-06
8.7655e-06
8.27251e-06
1.33732e-05
2.82651e-05
1.12211e-05
1.26226e-05
3.53665e-05
1.71995e-05
2.09975e-05
2.56941e-05
6.89149e-06
1.11025e-05
6.50538e-06
1.32679e-05
6.77363e-06
6.75451e-06
6.78453e-06
6.41413e-06
2.27801e-05
1.20596e-05
2.0872e-05
2.26582e-05
5.04312e-05
1.62319e-05
2.88277e-05
2.9021e-05
1.37585e-05
7.75139e-06
1.59316e-05
2.66503e-05
1.36922e-05
8.68991e-06
2.59262e-05
1.58092e-05
1.38114e-05
2.62526e-05
1.18633e-05
7.70366e-06
1.29122e-05
1.36265e-05
1.19607e-05
1.18686e-05
7.78351e-06
1.6021e-05
2.48667e-05
1.44823e-05
1.43426e-05
1.51742e-05
1.4403e-05
1.5881e-05
7.30064e-06
1.37941e-05
2.47767e-05
1.1176e-05
7.631e-06
1.42569e-05
1.17155e-05
1.91033e-05
0.000124663
6.2002e-05
4.74079e-05
4.96359e-05
5.81939e-05
5.81514e-05
5.6506e-05
5.10346e-05
3.38937e-05
2.61748e-05
2.04608e-05
8.16843e-06
1.52159e-05
1.382e-05
1.38585e-05
1.71972e-05
4.11665e-05
2.02416e-05
4.70729e-05
2.04222e-05
2.67264e-05
5.17929e-05
3.07372e-05
3.9971e-05
1.78215e-05
5.61591e-06
1.0371e-05
5.0485e-06
1.24537e-05
2.30342e-05
1.25123e-05
3.1296e-05
4.62336e-05
5.30591e-05
2.70473e-05
1.22248e-05
3.44035e-05
5.03249e-05
2.73189e-05
2.1686e-05
4.13004e-05
1.43908e-05
2.196e-05
4.10368e-05
8.88665e-05
3.06252e-05
3.77744e-05
1.66283e-05
0.000110415
2.92779e-05
1.09676e-05
4.10623e-05
1.49741e-05
2.92154e-05
3.69601e-05
2.54512e-05
7.52882e-05
5.01283e-05
1.87082e-05
2.18582e-05
4.41834e-05
4.74035e-05
1.69318e-05
1.48968e-05
2.8965e-06
2.10949e-06
4.25799e-06
1.62919e-05
1.28027e-05
7.03119e-06
1.29494e-05
1.26662e-05
1.6964e-06
1.89958e-06
2.15902e-06
1.09719e-05
9.50318e-06
3.87904e-06
9.37294e-06
9.17624e-06
3.9616e-06
2.42639e-06
2.08849e-06
1.08143e-05
5.99012e-06
5.29797e-06
8.69955e-06
5.54099e-06
1.27273e-05
1.13753e-05
6.93746e-06
1.34949e-05
9.11619e-06
1.26809e-05
1.47449e-05
7.20473e-06
1.11989e-05
1.20349e-05
1.61838e-05
1.56387e-05
1.10849e-05
1.26596e-05
1.21719e-05
1.28372e-05
4.11314e-06
1.45951e-05
4.59736e-06
4.75603e-06
1.08409e-05
1.04922e-05
2.91506e-06
6.70637e-06
1.15286e-05
1.59773e-05
1.5183e-05
1.42138e-05
1.5012e-05
1.55692e-05
1.47106e-05
1.57183e-05
1.01514e-05
1.38745e-05
1.43385e-05
5.73408e-06
1.05597e-05
1.43981e-05
9.75869e-06
1.14519e-05
4.10736e-05
4.46148e-05
8.55461e-05
3.31127e-05
9.31317e-05
7.79404e-05
0.000161412
0.000128728
4.86002e-05
2.41728e-05
4.96898e-05
0.000144687
4.08413e-05
2.87535e-05
3.79159e-05
2.96535e-05
0.000104414
0.000110365
0.000168356
0.000124081
0.000135479
0.000125081
0.000140109
0.000119058
2.48177e-05
6.52534e-05
8.1455e-05
2.77774e-05
3.65242e-05
5.5207e-05
4.5213e-05
5.29105e-05
7.33032e-05
0.000103953
5.32104e-05
6.75188e-05
7.43334e-05
0.000125611
0.000158991
0.000147244
4.50139e-05
5.47778e-05
8.58399e-05
0.000104956
5.88883e-05
8.59251e-05
6.72674e-05
9.05353e-05
0.000156052
0.000150466
5.72623e-05
9.34505e-05
8.25368e-05
0.000122509
8.69843e-05
9.25163e-05
0.000119139
7.91673e-05
5.26726e-05
9.57968e-05
0.000151896
0.000100463
0.000165625
9.61856e-05
6.33501e-05
1.657e-05
4.34668e-05
3.78845e-05
2.416e-05
1.65228e-05
2.3685e-05
2.82042e-05
1.82056e-05
4.89917e-06
8.79735e-06
1.1955e-05
3.86128e-06
7.14304e-06
6.03937e-06
8.23259e-06
2.19897e-05
2.03914e-05
1.97879e-05
2.36561e-05
2.66276e-05
9.87016e-06
2.04209e-05
1.65628e-05
2.02927e-05
1.22303e-05
2.89442e-05
2.13992e-05
1.70153e-05
1.20783e-05
2.08666e-05
2.45705e-05
6.1918e-06
2.07261e-05
2.65535e-05
1.46414e-05
6.50601e-06
1.51864e-05
7.89863e-06
2.13903e-05
6.15334e-06
1.71872e-05
7.4788e-06
8.84949e-06
7.6937e-06
9.60394e-06
8.28518e-06
1.22741e-05
1.57144e-05
3.21902e-05
9.84986e-06
1.52569e-05
2.47509e-05
3.46783e-05
1.47314e-05
8.4438e-06
2.15682e-05
1.01775e-05
3.14951e-05
1.69983e-05
1.38518e-05
9.78613e-06
1.0751e-05
9.24466e-06
2.03725e-06
1.63407e-06
3.10476e-06
1.02912e-05
7.71996e-06
4.88588e-06
7.86235e-06
7.81581e-06
1.69837e-06
1.74354e-06
1.60928e-06
1.12452e-05
7.19111e-06
3.83223e-06
7.06632e-06
7.04777e-06
3.15835e-06
1.57106e-06
1.74725e-06
8.16437e-06
7.53401e-06
5.17975e-06
7.29451e-06
6.6946e-06
9.54773e-06
7.88556e-06
7.36626e-06
1.87372e-05
1.42974e-05
8.51802e-06
1.46284e-05
6.11545e-06
7.38622e-06
7.86281e-06
1.03078e-05
1.14635e-05
7.42262e-06
7.78281e-06
1.1508e-05
1.02406e-05
3.83761e-06
1.13227e-05
4.81879e-06
4.17913e-06
7.3691e-06
7.3204e-06
2.45301e-06
7.34074e-06
7.92203e-06
1.00905e-05
1.12889e-05
8.9844e-06
9.57646e-06
9.95315e-06
9.56788e-06
1.00134e-05
7.82685e-06
8.83523e-06
1.09887e-05
7.08763e-06
7.73101e-06
9.79386e-06
7.15672e-06
1.09995e-05
2.92013e-06
3.61588e-06
2.22401e-06
8.77009e-06
6.45588e-06
2.4704e-06
6.47011e-06
7.35985e-06
3.87143e-06
1.88362e-06
3.22575e-06
7.88474e-06
5.75086e-06
2.33579e-06
6.90463e-06
7.72819e-06
2.47841e-06
3.58114e-06
2.70479e-06
8.52539e-06
5.40868e-06
4.90017e-06
8.21884e-06
8.02257e-06
9.99196e-06
1.00668e-05
1.78553e-05
1.2034e-05
7.12879e-06
1.06319e-05
2.21e-05
1.88461e-05
6.65766e-06
7.05214e-06
8.95573e-06
9.13197e-06
6.86109e-06
6.93678e-06
8.59136e-06
8.49444e-06
2.86909e-06
7.99295e-06
3.81619e-06
3.75442e-06
7.46329e-06
7.39286e-06
2.93617e-06
7.27492e-06
7.26067e-06
9.01778e-06
9.67704e-06
9.72301e-06
8.71348e-06
8.58444e-06
9.69102e-06
9.76426e-06
7.38931e-06
8.52515e-06
8.22139e-06
7.98579e-06
8.03128e-06
8.41318e-06
7.86159e-06
8.32696e-06
2.6612e-06
3.47994e-06
1.85543e-06
1.35859e-05
8.58584e-06
3.12073e-06
8.42296e-06
5.97863e-06
4.46455e-06
3.99281e-06
4.41608e-06
2.11489e-05
1.27397e-05
4.46859e-06
1.33676e-05
1.29917e-05
1.98878e-06
3.84315e-06
2.17134e-06
1.20048e-05
6.98174e-06
3.67659e-06
8.01527e-06
8.02516e-06
6.20775e-06
2.58315e-05
9.28865e-06
1.27668e-05
5.7511e-06
1.08834e-05
1.24879e-05
1.64936e-05
9.62938e-06
7.08136e-06
1.79719e-05
2.85531e-05
1.08758e-05
8.68268e-06
1.93822e-05
1.82063e-05
4.6597e-06
2.01895e-05
4.09898e-06
4.10849e-06
6.96601e-06
1.11403e-05
2.95194e-06
8.94154e-06
8.79641e-06
1.6329e-05
2.90619e-05
1.86353e-05
1.07754e-05
1.73931e-05
2.09327e-05
2.5204e-05
6.5303e-06
1.63406e-05
1.81603e-05
1.15579e-05
9.50641e-06
1.71684e-05
1.08853e-05
1.7223e-05
8.80609e-06
1.3554e-05
1.40751e-05
1.63161e-05
9.6729e-06
1.28447e-05
9.52144e-06
1.34285e-05
2.8511e-05
2.7218e-05
2.93132e-05
2.0594e-05
2.37949e-05
1.98234e-05
2.74906e-05
2.43906e-05
2.22235e-05
2.60159e-05
3.60602e-05
1.65262e-05
2.8177e-05
1.97624e-05
2.78611e-05
1.30772e-05
2.67891e-05
2.0119e-05
1.46461e-05
3.37912e-05
2.16482e-05
1.61043e-05
3.79185e-05
1.87185e-05
1.95918e-05
1.5432e-05
1.80206e-05
2.1893e-05
1.88336e-05
1.70693e-05
2.58765e-05
2.42374e-05
2.64526e-05
1.94654e-05
2.42969e-05
2.22181e-05
2.81247e-05
3.44924e-05
2.81041e-05
2.24659e-05
1.52205e-05
1.75537e-05
2.40565e-05
3.01759e-05
2.6868e-05
2.55367e-05
3.02666e-05
3.56625e-05
2.16574e-05
1.42256e-05
1.66486e-05
1.85311e-05
3.05293e-05
1.47073e-05
2.41205e-05
1.99618e-05
3.05832e-06
3.5889e-06
1.75732e-06
1.03895e-05
9.3339e-06
5.47761e-06
9.12035e-06
6.25337e-06
4.17e-06
3.29961e-06
4.10879e-06
1.33964e-05
1.13502e-05
5.45477e-06
1.19378e-05
1.16717e-05
1.80356e-06
3.75721e-06
2.02524e-06
7.519e-06
7.01389e-06
5.20758e-06
6.56119e-06
9.05401e-06
5.56498e-06
1.25358e-05
1.34387e-05
1.12413e-05
5.31529e-06
6.42833e-06
8.24126e-06
7.893e-06
1.10823e-05
9.20158e-06
1.3007e-05
1.85881e-05
1.17588e-05
9.19258e-06
1.39389e-05
1.37137e-05
5.13099e-06
1.32821e-05
4.79104e-06
3.58018e-06
8.33168e-06
1.14332e-05
2.91831e-06
9.89079e-06
8.84941e-06
1.28685e-05
1.91994e-05
7.13747e-06
6.83207e-06
1.33988e-05
1.217e-05
1.18853e-05
8.18423e-06
1.14382e-05
1.22662e-05
1.18253e-05
8.70397e-06
1.20713e-05
9.56377e-06
1.16979e-05
0.000158245
8.10992e-05
0.000132224
0.000117053
0.000167076
0.000113883
0.000167888
0.000110502
3.54361e-05
5.13924e-05
3.12321e-05
5.69433e-05
3.75641e-05
4.06137e-05
4.81146e-05
4.69321e-05
6.14493e-05
3.32828e-05
6.38042e-05
3.18389e-05
5.894e-05
5.97982e-05
6.28605e-05
6.82415e-05
5.87764e-05
6.01043e-05
2.92869e-05
2.39161e-05
5.74675e-05
6.02749e-05
3.59665e-05
3.80667e-05
8.59207e-05
0.000136359
0.000111905
6.39673e-05
8.30536e-05
8.82379e-05
6.01874e-05
0.000102417
7.30342e-05
6.45156e-05
5.65541e-05
0.00010252
6.05607e-05
4.40374e-05
4.64705e-05
6.61441e-05
0.000136347
8.19515e-05
7.27168e-05
5.76813e-05
5.4647e-05
5.90707e-05
7.13961e-05
5.82026e-05
6.18073e-05
4.38562e-05
5.60852e-05
4.65373e-05
6.83968e-05
7.75515e-05
6.02789e-05
3.72395e-05
2.79664e-05
3.47727e-05
2.40931e-05
2.29702e-05
3.63173e-05
3.9368e-05
4.75737e-05
1.58297e-05
3.01714e-05
2.1191e-05
1.55255e-05
2.76226e-05
3.99736e-05
2.69783e-05
3.79336e-05
1.88281e-05
1.28771e-05
1.51167e-05
9.17727e-06
1.57029e-05
1.26884e-05
1.27933e-05
1.23549e-05
1.14116e-05
2.68272e-05
2.05608e-05
1.84145e-05
2.60465e-05
2.48471e-05
2.11171e-05
2.63839e-05
1.66835e-05
5.65216e-05
2.37783e-05
4.22418e-05
3.54993e-05
5.67842e-05
1.09917e-05
3.61876e-05
4.09357e-05
5.09413e-05
2.50701e-05
1.83395e-05
2.41231e-05
1.70522e-05
1.25388e-05
1.9705e-05
2.08494e-05
2.23817e-05
3.9828e-05
2.2524e-05
1.88149e-05
1.49783e-05
1.43904e-05
1.86704e-05
1.11882e-05
2.01791e-05
1.47153e-05
1.49184e-05
1.4011e-05
1.9556e-05
1.68723e-05
2.36122e-05
1.82759e-05
4.16141e-05
3.42004e-05
2.60751e-05
3.5203e-05
5.47578e-05
2.54996e-05
3.21769e-05
3.36825e-05
3.16513e-05
7.5951e-05
2.42147e-05
9.90002e-05
3.11628e-05
2.55483e-05
4.70763e-05
2.81912e-05
4.49358e-05
2.46714e-05
1.22894e-05
1.95371e-05
2.90543e-05
1.41998e-05
2.30345e-05
1.65233e-05
3.06154e-05
5.41938e-05
4.05759e-05
2.33315e-05
3.5131e-05
4.1862e-05
3.83617e-05
4.27445e-05
2.98047e-05
2.72797e-05
3.51781e-05
3.66328e-05
3.20765e-05
7.71052e-05
4.2131e-05
4.39998e-05
2.16018e-05
4.33024e-05
3.8238e-05
1.39039e-05
2.32095e-05
3.56967e-05
2.05733e-05
3.33782e-05
2.35759e-05
3.9454e-05
4.50572e-05
2.60711e-05
3.0131e-05
3.14244e-05
3.56238e-05
4.95482e-05
3.89197e-05
2.55883e-05
3.61256e-05
3.40955e-05
7.14085e-05
2.85789e-05
4.80979e-05
3.84959e-05
6.48438e-06
1.10816e-05
6.36627e-06
1.31927e-05
6.35659e-06
6.4109e-06
6.33134e-06
6.26941e-06
6.47242e-06
2.19715e-05
6.1544e-06
8.16415e-06
1.58174e-05
9.52768e-06
7.24832e-06
1.93615e-05
6.15708e-06
8.72936e-06
4.99982e-06
1.19279e-05
5.9636e-06
5.97465e-06
5.95648e-06
5.77669e-06
2.18859e-05
2.05866e-05
1.38218e-05
1.81814e-05
4.23475e-05
1.28728e-05
4.68525e-05
1.99508e-05
1.11651e-05
6.17312e-06
1.41478e-05
1.89584e-05
1.11198e-05
6.19193e-06
1.09057e-05
1.31811e-05
1.12045e-05
9.09201e-06
1.12859e-05
6.24136e-06
1.10604e-05
1.12316e-05
1.08916e-05
1.11007e-05
6.1263e-06
1.4962e-05
1.26234e-05
1.68569e-05
1.25842e-05
1.40706e-05
1.49703e-05
1.51577e-05
6.06355e-06
1.55455e-05
8.24305e-06
1.08824e-05
5.98372e-06
1.34666e-05
1.06821e-05
8.40143e-06
6.05015e-05
5.91909e-05
0.000145507
4.12104e-05
8.50164e-05
9.41166e-05
8.51606e-05
8.96031e-05
6.46599e-05
2.67039e-05
3.47746e-05
3.72606e-05
5.68644e-05
2.79329e-05
2.83937e-05
5.02978e-05
0.000118398
3.94368e-05
6.6487e-05
0.000139711
3.18563e-05
3.84819e-05
6.82568e-05
2.08478e-05
3.05281e-05
6.36088e-05
5.09879e-05
3.17611e-05
5.92984e-05
3.98392e-05
3.53625e-05
5.13118e-05
0.000118797
5.66988e-05
5.9194e-05
8.47278e-05
4.23995e-05
5.64305e-05
5.61252e-05
5.0792e-05
7.89733e-05
2.90687e-05
4.64867e-05
8.66987e-05
7.76167e-05
3.7007e-05
5.20294e-05
5.07207e-05
8.33183e-05
4.39203e-05
4.61785e-05
6.3122e-05
0.000131005
6.9018e-05
5.69096e-05
3.96933e-05
4.9859e-05
6.60997e-05
4.30319e-05
4.72763e-05
6.34154e-05
5.79365e-05
4.6957e-05
6.40436e-05
8.87165e-06
1.23926e-05
1.36663e-05
1.64849e-05
1.17618e-05
1.21517e-05
1.18319e-05
1.23843e-05
2.43276e-05
3.42328e-05
4.15598e-05
1.67148e-05
1.22487e-05
2.23297e-05
1.49364e-05
4.10411e-05
2.86613e-05
4.15909e-05
7.16611e-05
2.70614e-05
2.35387e-05
2.193e-05
1.72183e-05
2.28662e-05
3.84496e-05
2.8176e-05
2.62481e-05
5.61006e-05
1.39682e-05
1.28764e-05
1.42179e-05
1.10883e-05
2.3136e-05
2.15709e-05
2.2478e-05
1.92872e-05
2.41534e-05
2.27559e-05
2.39773e-05
2.33048e-05
2.39903e-05
1.5846e-05
2.13384e-05
2.24862e-05
2.43765e-05
8.36169e-06
2.25747e-05
1.80516e-05
2.21136e-05
2.27289e-05
2.14408e-05
1.98877e-05
2.60856e-05
2.37036e-05
1.80226e-05
1.40797e-05
2.3208e-05
1.91408e-05
2.26495e-05
2.46183e-05
1.34359e-05
2.40384e-05
1.7356e-05
2.67057e-05
9.11626e-06
1.14381e-05
9.70843e-06
1.21462e-05
1.00014e-05
1.0504e-05
9.95164e-06
1.05073e-05
1.49848e-05
2.45159e-05
1.43381e-05
2.63494e-05
1.91774e-05
1.91145e-05
1.90785e-05
1.90422e-05
1.01777e-05
9.11598e-06
8.33179e-06
1.10419e-05
1.01599e-05
9.10643e-06
1.01977e-05
9.00316e-06
1.53219e-05
1.58458e-05
1.99682e-05
1.13236e-05
1.31204e-05
1.58969e-05
1.44149e-05
2.10721e-05
1.3404e-05
1.07424e-05
1.38242e-05
2.10463e-05
1.34055e-05
1.20649e-05
1.56995e-05
1.38067e-05
1.30641e-05
2.13698e-05
1.20402e-05
1.07628e-05
1.30385e-05
1.56081e-05
1.15745e-05
1.29325e-05
1.07571e-05
1.35001e-05
2.08682e-05
1.28165e-05
1.20048e-05
1.34773e-05
1.29461e-05
1.63076e-05
1.07668e-05
1.34288e-05
2.14418e-05
1.18125e-05
1.13985e-05
1.3461e-05
1.29484e-05
1.59758e-05
3.78864e-05
2.87964e-05
5.38268e-05
2.93978e-05
3.28548e-05
3.55022e-05
2.7896e-05
4.14727e-05
2.97561e-05
2.45461e-05
3.08006e-05
2.46971e-05
2.94386e-05
2.6182e-05
2.17145e-05
2.08673e-05
6.15629e-05
4.77016e-05
6.97563e-05
4.21349e-05
7.28561e-05
7.38328e-05
6.87157e-05
8.21883e-05
2.30283e-05
5.03141e-05
3.08814e-05
2.79015e-05
2.11467e-05
2.76991e-05
2.31052e-05
2.51163e-05
3.22539e-05
5.93244e-05
2.47494e-05
2.33469e-05
2.31261e-05
3.26054e-05
1.81593e-05
2.56975e-05
3.7766e-05
3.33413e-05
4.3592e-05
5.35229e-05
2.81439e-05
3.89493e-05
2.92082e-05
4.2568e-05
4.33551e-05
2.83076e-05
2.51468e-05
6.33572e-05
4.14232e-05
4.56803e-05
4.34862e-05
3.26411e-05
5.71112e-05
5.97437e-05
3.29633e-05
4.92755e-05
5.2532e-05
4.48812e-05
4.29493e-05
3.29772e-05
9.81872e-05
0.000113087
8.75523e-05
5.43754e-05
7.12066e-05
8.73472e-05
6.5297e-05
6.9431e-05
6.23152e-05
4.27791e-05
4.8699e-05
5.25529e-05
4.1347e-05
7.85566e-05
0.00010519
4.53982e-05
5.89632e-05
6.34925e-05
9.03254e-05
9.21348e-05
7.53079e-05
8.67354e-05
7.22212e-05
9.6044e-05
3.26639e-05
3.58612e-05
3.35504e-05
3.54585e-05
3.22281e-05
4.19753e-05
3.27688e-05
2.04528e-05
8.91015e-05
7.28351e-05
7.53283e-05
6.02411e-05
6.79643e-05
7.23516e-05
6.49458e-05
5.61958e-05
7.23545e-05
7.93747e-05
8.27071e-05
6.6533e-05
5.95713e-05
8.02737e-05
6.1883e-05
7.45317e-05
5.08615e-05
4.42153e-05
6.20486e-05
0.000100195
4.52532e-05
4.881e-05
6.32419e-05
5.56268e-05
5.86323e-05
6.48083e-05
4.69016e-05
6.02285e-05
6.72159e-05
6.38117e-05
7.54759e-05
5.33145e-05
1.84921e-05
2.59794e-05
2.21652e-05
3.33369e-05
2.55132e-05
2.33964e-05
3.52455e-05
2.58926e-05
3.41635e-05
1.51823e-05
9.57706e-06
1.68108e-05
1.91132e-05
2.0989e-05
1.85835e-05
9.54011e-06
1.26058e-05
1.40045e-05
8.66494e-06
1.03507e-05
1.19925e-05
1.19392e-05
9.58791e-06
9.10173e-06
2.67661e-05
1.18737e-05
1.41471e-05
1.14854e-05
2.50008e-05
1.59828e-05
2.08017e-05
1.84341e-05
2.54058e-05
2.13162e-05
2.23404e-05
2.27448e-05
2.82278e-05
2.48598e-05
2.69871e-05
3.30983e-05
2.50394e-05
1.71053e-05
1.32979e-05
2.19434e-05
2.49503e-05
1.94405e-05
2.40013e-05
2.3076e-05
1.74724e-05
2.69475e-05
2.24186e-05
1.22045e-05
1.58418e-05
1.95015e-05
1.51408e-05
1.36388e-05
1.78472e-05
1.12485e-05
1.87665e-05
1.57872e-05
1.71934e-05
1.58316e-05
1.7284e-05
1.69456e-05
4.6071e-06
8.69365e-06
9.86366e-06
6.70586e-06
7.9104e-06
8.24679e-06
5.79477e-06
1.14477e-05
1.09606e-05
1.58442e-05
2.19563e-05
1.98803e-05
1.30303e-05
2.10771e-05
1.64309e-05
1.22869e-05
1.42554e-05
2.1574e-05
4.1346e-05
1.97534e-05
1.13174e-05
3.0226e-05
2.84421e-05
2.44829e-05
2.97076e-05
2.03809e-05
2.4452e-05
2.78889e-05
2.00632e-05
2.50862e-05
2.58854e-05
2.25887e-05
5.18879e-06
2.3502e-05
5.15052e-06
1.26279e-05
6.72249e-06
5.02184e-06
6.38628e-06
6.11618e-06
1.42749e-05
2.88059e-05
3.77256e-05
9.81047e-06
5.22612e-06
1.11942e-05
1.75067e-05
1.6143e-05
1.06438e-05
1.15983e-05
2.33523e-05
5.66035e-05
1.63362e-05
7.92892e-06
1.31613e-05
1.55659e-05
1.21848e-05
2.09742e-05
2.36013e-05
2.64934e-05
1.50967e-05
5.64624e-05
6.19687e-05
2.27623e-05
8.7372e-06
8.18323e-06
1.09351e-05
1.1319e-05
8.09174e-06
8.15485e-06
1.06842e-05
1.06529e-05
7.8172e-06
6.48136e-06
1.44696e-05
9.51557e-06
7.68678e-06
7.82831e-06
1.02713e-05
1.22055e-05
1.53604e-05
2.4165e-05
2.35664e-05
2.57897e-05
1.66876e-05
1.71812e-05
2.24697e-05
2.27171e-05
2.01553e-05
2.03538e-05
1.27411e-05
6.5419e-06
2.39386e-05
1.15477e-05
1.40296e-05
6.81506e-06
7.5697e-06
1.08107e-05
1.03962e-05
1.02753e-05
1.01002e-05
1.0629e-05
9.44054e-06
1.0465e-05
7.58992e-06
1.04796e-05
1.31336e-05
1.08392e-05
1.0863e-05
1.10758e-05
1.10223e-05
1.17617e-05
1.50197e-05
1.6597e-05
1.95963e-05
2.52587e-05
1.65309e-05
1.6619e-05
1.87367e-05
1.99136e-05
1.51146e-05
2.51598e-05
2.09851e-05
2.03739e-05
1.74234e-05
1.92751e-05
1.8925e-05
2.15345e-05
4.49764e-05
7.84286e-05
8.44801e-05
3.13712e-05
3.14854e-05
7.85093e-05
4.53902e-05
3.31078e-05
4.12713e-05
4.11645e-05
0.00010084
3.29975e-05
2.80041e-05
4.33717e-05
3.73535e-05
3.0509e-05
0.000112755
0.000131791
0.000168002
0.000155647
0.000133691
0.000145505
0.000141413
0.000125121
1.39317e-05
8.75734e-06
2.73733e-05
1.23448e-05
9.86891e-06
1.46227e-05
9.49584e-06
5.55013e-06
3.50199e-05
6.92481e-05
1.90747e-05
3.00284e-05
3.97436e-05
3.16455e-05
3.26504e-05
3.49504e-05
6.00476e-05
3.47148e-05
9.81684e-05
0.000155691
3.84104e-05
4.64621e-05
0.000162796
0.000104449
9.31937e-05
2.60879e-05
2.06819e-05
7.77904e-05
0.000142794
1.38144e-05
7.86465e-05
1.96859e-05
0.000163069
0.00010341
2.13444e-05
8.57868e-05
9.12042e-05
9.78792e-05
8.50391e-05
7.76134e-05
4.28165e-05
3.87733e-05
7.39073e-05
4.15639e-05
5.19232e-05
4.98034e-05
6.3866e-05
6.99422e-05
4.66181e-05
5.89751e-05
9.77071e-05
4.89956e-05
5.48791e-05
7.64686e-05
6.93692e-05
7.6963e-05
0.000102333
9.68643e-05
0.000110261
8.5721e-05
0.000106285
0.000100008
0.00010855
0.000108578
2.03558e-05
4.37135e-05
6.33812e-05
3.22173e-05
1.87964e-05
4.48997e-05
4.34803e-05
4.41377e-05
4.48704e-05
9.85545e-05
2.53944e-05
3.24221e-05
3.75527e-05
4.40518e-05
2.76415e-05
2.9369e-05
4.82071e-05
5.59101e-05
9.99333e-05
7.12136e-05
7.16527e-05
8.8617e-05
8.49503e-05
0.00010279
8.54901e-05
2.87669e-05
5.17347e-05
8.34831e-05
5.60814e-05
4.70012e-05
5.69507e-05
7.11753e-05
0.00011759
8.5937e-05
5.59409e-05
9.68498e-05
0.000106183
7.41674e-05
8.07691e-05
6.7353e-05
4.95312e-05
7.39109e-05
0.000142726
7.53918e-05
6.39506e-05
5.89895e-05
5.81477e-05
0.000123333
9.96001e-05
3.43425e-05
0.000143325
0.000114273
5.22824e-05
6.22036e-05
0.000112802
8.35117e-05
0.000166668
0.000167667
0.000168088
0.000168202
0.000167722
0.000167689
0.000168144
0.000168099
0.000161317
0.000160552
0.000168171
0.000168046
0.00016808
0.000168118
0.000168162
0.00016815
0.000124281
0.000124428
0.00016396
0.000133971
9.8668e-05
0.000153285
0.000130981
0.000164719
0.000116444
0.000166813
0.00015624
0.000117671
8.77934e-05
0.000106306
0.000121884
0.000132908
0.000128324
0.00013728
0.000168006
0.000168234
0.000167892
0.000123259
0.000168119
0.000165323
0.000124597
0.000168205
0.000167972
0.000167468
0.000167935
0.000168116
0.000167798
0.000168096
0.000167834
0.000167792
9.53361e-05
8.30929e-05
7.91276e-05
8.35022e-05
8.90038e-05
8.88433e-05
0.000167864
0.000167959
0.000167871
0.000167548
0.000149965
0.000143934
0.000167907
0.000167965
5.95887e-05
8.95401e-05
3.81323e-05
3.95686e-05
7.3217e-05
6.66413e-05
7.09171e-05
7.64718e-05
3.45362e-05
3.5008e-05
1.11242e-05
5.30359e-06
2.14587e-05
2.37113e-05
3.32105e-06
1.35298e-05
9.89411e-05
5.5528e-05
4.00198e-05
4.96159e-05
0.000133301
0.00016653
0.000160527
4.4079e-05
0.00010626
5.99496e-05
8.7088e-05
6.6545e-05
0.000126004
0.000167683
0.000167524
7.82929e-05
6.23783e-05
4.4699e-05
5.11187e-05
1.5651e-05
6.04514e-05
4.49096e-05
5.62665e-05
8.14554e-05
5.7437e-05
5.6861e-05
5.75085e-05
7.76697e-05
7.57962e-05
6.74225e-05
7.80637e-05
7.14533e-05
5.19616e-05
6.78935e-05
4.68301e-05
4.19515e-05
5.99215e-05
6.34995e-05
4.86241e-05
6.90841e-05
8.51724e-05
9.8152e-05
8.66602e-05
6.16145e-05
9.8863e-05
9.64553e-05
0.0001076
8.90841e-05
4.71627e-05
6.88671e-05
3.66324e-05
2.95047e-05
0.000102245
8.88004e-05
2.89498e-05
3.91986e-05
3.06831e-05
4.48258e-05
2.79866e-05
3.39407e-05
2.0506e-05
3.86252e-05
2.00222e-05
2.15459e-05
9.12908e-05
8.33662e-05
3.41136e-05
4.4749e-05
6.85366e-05
7.58323e-05
8.27894e-05
4.23602e-05
7.63814e-05
8.80279e-05
8.85535e-05
7.14519e-05
9.74205e-05
0.000115314
5.97304e-05
0.000137387
4.23709e-05
2.85813e-05
6.65518e-05
2.05388e-05
3.46611e-05
2.71431e-05
2.77883e-05
3.72268e-05
6.92312e-05
2.35771e-05
6.07772e-05
8.2742e-05
6.51312e-05
2.7784e-05
5.89429e-05
7.7891e-05
0.000116424
0.000106539
9.18628e-05
0.000137282
0.000163108
0.000162598
0.000138288
0.000138307
0.000119506
0.000131184
9.61875e-05
0.000167854
0.000167991
0.000167976
0.000167978
0.000166434
5.04089e-05
5.76684e-05
3.9511e-05
6.16096e-05
8.84748e-05
7.39536e-05
6.22607e-05
5.55466e-05
0.000154035
0.000168015
0.000105492
0.000168191
0.000162521
0.000143337
0.000124505
0.000140394
0.00016756
0.000141046
0.000164947
0.000168182
0.000143645
0.000108993
0.000168337
0.000167514
0.000163744
0.000168139
0.000132486
0.000157088
0.000130957
0.000133349
7.0376e-05
0.000111647
0.000112076
0.00012811
0.00015471
0.000100999
9.48904e-05
0.000167581
0.000137445
0.000140327
0.000102071
0.000105305
0.00016811
8.57595e-05
7.77074e-05
0.000115498
0.000101301
0.000143507
6.37364e-05
7.69375e-05
0.000147507
6.37564e-05
6.59255e-05
7.13343e-05
7.82461e-05
7.97812e-05
9.16802e-05
0.000149567
9.92508e-05
9.47294e-05
5.44457e-05
5.51466e-05
5.88579e-05
5.87119e-05
8.90405e-05
8.37185e-05
0.000104756
7.20295e-05
8.89992e-05
8.04431e-05
7.30778e-05
8.80881e-05
4.43448e-05
9.09484e-05
4.98577e-05
2.22668e-05
3.5817e-05
3.25698e-05
5.19694e-05
3.66686e-05
8.44753e-05
0.000107207
7.17374e-05
4.18568e-05
8.3756e-05
0.000122749
7.45668e-05
7.21699e-05
8.66979e-05
3.39735e-05
5.70315e-05
6.1619e-05
0.000100885
0.000164488
8.77925e-05
4.55159e-05
8.13342e-05
0.000143337
4.87667e-05
4.76423e-05
5.41458e-05
8.287e-05
6.1812e-05
0.000140071
8.24988e-05
5.63863e-05
3.95236e-05
7.34012e-05
9.2013e-05
4.83649e-05
3.97812e-05
0.000103246
0.000124919
0.000109905
0.000103787
9.96324e-05
9.57542e-05
9.39603e-05
8.36904e-05
9.95186e-05
0.000117003
0.00015025
7.73789e-05
9.43675e-05
0.000150935
0.000120113
0.000104985
0.00011045
4.56537e-05
4.93086e-05
3.98261e-05
2.18954e-05
4.6136e-05
5.37355e-05
4.92193e-05
2.90344e-05
7.24735e-05
6.58792e-05
1.16009e-05
1.56283e-05
6.81248e-05
9.07571e-05
4.46473e-05
4.99359e-05
0.000122464
5.11586e-05
9.46437e-05
9.06767e-05
9.13664e-05
7.46486e-05
6.82284e-05
5.88369e-05
9.04677e-05
8.7856e-05
8.51395e-05
5.1881e-05
0.00012711
0.000121177
9.20853e-05
0.00011433
5.58297e-05
9.36251e-05
8.16558e-05
3.66058e-05
3.58564e-05
7.09049e-05
5.45025e-05
5.6336e-05
5.77252e-05
5.07666e-05
6.80302e-05
7.88874e-05
4.87031e-05
6.34024e-05
6.97827e-05
3.95785e-05
8.74186e-05
5.1235e-05
0.00010871
6.79258e-05
6.22999e-05
5.9201e-05
5.06131e-05
5.95044e-05
7.70145e-05
5.31692e-05
7.00689e-05
3.61719e-05
4.35363e-05
3.91771e-05
3.46885e-05
3.11865e-05
0.000167736
0.0001096
0.000132102
0.00010694
0.000113089
0.000102511
8.77722e-05
8.83756e-05
5.9363e-05
2.1287e-05
7.02181e-05
4.1931e-05
3.30915e-05
3.23373e-05
2.77523e-05
2.71994e-05
4.16429e-05
6.88096e-05
4.26824e-05
4.49416e-05
5.94282e-05
5.61109e-05
4.56799e-05
6.91318e-05
4.87179e-05
4.42168e-05
7.58292e-05
8.2008e-05
4.74975e-05
8.83095e-05
0.000107335
7.10187e-05
6.31431e-05
4.65512e-05
3.71702e-05
5.78737e-05
8.49186e-05
4.10323e-05
6.59827e-05
4.9338e-05
6.52922e-05
5.2433e-05
4.12845e-05
5.74492e-05
0.000101513
8.76248e-05
6.28004e-05
5.72766e-05
5.71173e-05
5.87481e-05
9.33476e-05
5.68718e-05
4.92391e-05
5.65695e-05
8.01084e-05
0.000141904
4.45431e-05
2.30398e-05
5.74039e-05
3.5338e-05
3.4359e-05
3.22758e-05
2.65616e-05
4.30435e-05
0.00012401
7.7218e-05
0.000168179
0.000142467
0.000117939
0.00012129
0.000123783
0.000157062
4.84775e-05
6.88777e-05
5.60422e-05
3.28324e-05
3.57649e-05
5.22701e-05
4.54331e-05
6.73775e-05
3.44348e-05
0.000113821
4.30887e-05
2.84068e-05
4.91455e-05
6.43155e-05
4.26015e-05
4.44786e-05
3.92881e-05
2.91676e-05
8.62048e-05
8.5775e-05
6.32336e-05
3.69661e-05
5.56921e-05
7.6846e-05
9.1993e-05
6.37596e-05
4.59619e-05
6.60468e-05
6.45447e-05
7.01963e-05
6.66239e-05
3.89832e-05
0.000131039
8.70355e-05
6.37922e-05
0.000147443
8.33156e-05
7.23811e-05
7.28699e-05
4.11478e-05
0.000167791
0.000167741
0.000111899
0.000167767
0.000167743
0.000167769
0.000167758
0.000165782
0.000167686
0.000167653
0.000167859
0.000167697
0.00016769
0.000167722
0.000167755
0.00016776
8.32114e-05
0.000136979
6.05327e-05
9.79141e-05
4.90966e-05
5.33337e-05
6.36087e-05
9.01311e-05
0.000167822
0.00016777
0.000163728
0.000167889
0.000163927
0.000167897
0.000167922
0.000167952
0.000167728
9.29284e-05
0.000167759
0.000167758
0.000167785
0.000132516
0.000161208
0.000167813
0.000167763
0.000167798
0.000127399
0.000117992
0.000167812
0.000167821
0.000167917
0.000100141
0.000149197
0.000167818
0.000167835
0.000161944
0.000167899
0.000167859
0.000123462
0.000167912
0.000108412
0.000160534
0.000167839
0.000145611
0.000107142
0.000162136
0.000124034
0.000167933
0.000147335
0.000167726
0.000154452
6.8818e-05
0.000167813
0.000167738
0.000167839
0.000167767
0.000167699
0.000160387
0.000150974
9.67298e-05
0.000167754
0.000167751
0.000167785
0.000167781
0.000164838
0.000161051
0.000149334
0.000167892
0.000167891
0.000167854
0.000167961
0.000167917
2.67506e-05
9.56631e-05
3.17787e-05
2.93187e-06
4.35535e-05
4.53739e-05
1.89606e-05
5.21807e-05
0.000167757
0.000167834
0.000133285
0.000148622
0.000167797
0.000167852
0.000105107
9.76195e-05
0.000167695
0.000113064
0.000167801
0.00016774
0.000167718
0.00016781
0.000167726
0.000167807
0.000167885
9.29923e-05
8.0044e-05
0.000167518
0.000116697
0.00015004
0.000148668
8.61166e-05
0.000167783
0.00015191
0.000125786
0.000167843
0.000167883
0.000159082
0.000167855
0.000121053
6.1216e-05
4.50844e-05
3.98056e-05
2.8656e-05
5.33195e-05
5.77052e-05
3.5119e-05
4.02417e-05
7.80107e-05
0.000148716
6.51795e-05
0.000103507
0.000142473
5.32166e-05
8.94102e-05
0.000132499
3.81652e-05
5.91774e-05
2.63095e-05
4.71112e-05
4.26598e-05
3.49549e-05
3.48307e-05
3.23044e-05
1.43604e-05
8.85249e-05
2.21651e-05
1.24467e-05
4.20125e-05
3.15832e-05
1.66126e-05
2.93806e-05
9.69438e-05
6.11931e-05
4.31621e-05
7.96865e-05
0.000117208
4.52228e-05
6.45834e-05
3.6759e-05
9.49314e-05
5.98867e-05
3.57042e-05
3.81628e-05
8.18451e-05
3.69844e-05
2.67742e-05
4.61351e-05
3.92026e-05
1.99174e-05
6.21692e-05
2.53397e-05
3.25695e-05
2.79541e-05
5.49008e-05
3.71978e-05
4.5294e-05
6.27055e-05
6.68422e-05
6.48571e-05
4.30008e-05
4.45478e-05
3.9129e-05
4.6202e-05
3.31281e-05
0.000101545
0.000112287
0.000124585
0.000115874
0.000122669
0.00011775
0.000165424
0.000167928
0.000167685
0.000167825
0.000167736
0.000167801
0.000167798
0.000167807
0.000167792
0.000167819
0.000167948
0.000168035
0.000168085
0.000167954
0.000167973
0.000168029
0.00016799
0.000168091
0.000167827
0.000168063
0.000167942
0.000167994
0.000167975
0.000168029
0.000168009
0.000167966
0.000167475
0.000142188
0.000167878
0.000168015
0.000157115
0.000168
0.000168017
0.000168026
0.000167862
0.00016793
0.000167784
0.000168005
0.0001679
0.000168051
0.000167947
0.000167773
0.00016806
0.00016792
0.000168086
0.00015313
0.000168041
0.000168051
0.000168015
0.000167774
0.00016804
0.00016789
0.000167928
0.000167961
0.000168008
0.000167948
0.000167919
6.50966e-05
8.43537e-05
9.76892e-05
4.59249e-05
9.62403e-05
7.58546e-05
7.55753e-05
0.00010967
9.88113e-05
6.94539e-05
9.81048e-05
3.99337e-05
0.000158124
9.10384e-05
0.000123276
0.000124058
0.000107429
8.99403e-05
9.62755e-05
6.79173e-05
0.00010924
0.000106606
0.000103737
0.00014431
4.12609e-05
3.16532e-05
4.90693e-05
3.07341e-05
4.10331e-05
7.14025e-05
3.74316e-05
5.13627e-05
0.000123771
0.000107006
6.32818e-05
7.18642e-05
8.53407e-05
9.25828e-05
5.20192e-05
6.37845e-05
0.000106363
9.25243e-05
0.000112107
0.000137048
0.00015123
0.000114693
0.000120969
0.000150276
0.000102144
5.49033e-05
0.000100355
7.25492e-05
6.1192e-05
6.56691e-05
9.63201e-05
7.77708e-05
0.000109526
8.92753e-05
7.46592e-05
0.000145269
9.21381e-05
9.06099e-05
0.000106842
6.62126e-05
0.000167745
0.000152678
0.000162156
0.000167891
0.000167845
0.000167932
0.000167833
0.000167909
0.000100911
3.80591e-05
3.97736e-05
0.000100475
0.000104238
5.62376e-05
9.10337e-05
5.92351e-05
9.15064e-05
4.58713e-05
6.57944e-05
8.45734e-05
0.000121826
8.85911e-05
0.000102983
9.09069e-05
0.000141171
0.000111559
8.39516e-05
9.39895e-05
0.000127093
0.000134893
0.000129957
0.000113917
0.000158464
0.000167943
0.000168047
0.000102271
0.000168058
0.000144453
0.000124322
0.000168077
9.33215e-05
9.55358e-05
8.671e-05
0.000167822
8.25305e-05
7.71615e-05
8.23654e-05
9.06736e-05
0.000167919
0.000168057
0.000120643
0.000133501
0.000110049
0.000125706
0.000136517
0.000112858
0.000108314
0.000107511
9.41665e-05
6.54619e-05
9.15842e-05
0.000125694
0.000124961
7.30523e-05
5.31191e-05
6.95935e-05
9.36791e-05
9.89321e-05
6.91759e-05
0.000102054
0.000114805
9.19103e-05
0.000132962
0.00016768
0.00016765
0.000167771
0.000167812
0.000167715
0.000167761
0.000167667
0.000167849
0.000167639
0.000167659
0.000167699
0.000167712
0.000167654
0.000167665
0.000167633
0.000155611
0.000167909
0.000167888
0.000168095
0.000168084
0.000167968
0.000168034
0.000167923
0.000131875
0.000129111
0.000100723
0.000167928
0.000147553
0.000134368
0.000165463
0.000162418
0.000168094
0.000167821
0.00016767
0.000167976
0.000137772
0.000167803
0.000167955
0.000167753
0.000167987
0.000150015
0.000167877
0.000167811
0.000168018
0.000138592
0.000167855
0.000167927
0.000157416
0.000167711
0.000167768
0.00016764
0.000167761
0.000167765
0.000167713
0.000167745
4.52251e-05
5.99786e-05
4.05533e-05
3.70918e-05
4.1059e-05
4.07034e-05
4.32123e-05
3.15853e-05
0.000114313
0.00011377
0.000101149
0.000135477
0.000158934
0.000108305
0.000126236
0.000167127
0.000145131
0.000109612
0.000152434
0.000122345
5.31498e-05
6.69974e-05
4.8971e-05
9.04618e-05
3.50708e-05
2.00847e-05
8.56803e-05
9.32888e-06
2.41935e-05
7.19841e-06
1.99749e-05
1.0432e-05
8.98895e-05
1.71186e-05
2.14929e-05
6.32009e-05
5.4892e-05
1.965e-05
3.58865e-05
1.32047e-05
8.98133e-05
8.99335e-05
0.000105827
3.86897e-05
8.12446e-05
7.8272e-05
6.32554e-05
9.92116e-05
1.91145e-05
2.5728e-05
3.52987e-05
1.14651e-05
1.14594e-05
1.46736e-05
1.11231e-05
1.7331e-05
2.65611e-05
2.30912e-05
9.28838e-05
0.000159436
6.23763e-05
2.45136e-05
0.000126158
6.68996e-05
9.84292e-05
0.000158224
0.000131461
8.30878e-05
9.68057e-05
0.000105067
8.79916e-05
0.000103971
0.000162899
8.41327e-05
0.000167465
7.95943e-05
0.000162411
0.000114887
0.000124655
0.000130731
0.000125199
0.00012876
0.000138581
0.000105496
0.000138659
0.000168304
0.000167819
0.00013604
9.78429e-05
6.04521e-05
9.23174e-05
3.93998e-05
6.37843e-05
4.54684e-05
3.24151e-05
4.4136e-05
0.000124476
0.000116166
8.58441e-05
7.32688e-05
9.42955e-05
0.00011443
0.000133072
6.53616e-05
0.000123347
7.61492e-05
0.000159701
0.000130825
0.000108808
0.000151275
0.00016075
0.00012783
0.000117025
8.00852e-05
6.3456e-05
8.44658e-05
9.73897e-05
7.56303e-05
7.45365e-05
8.50223e-05
0.000121511
7.29138e-05
6.82236e-05
0.00011646
0.000163262
8.44193e-05
0.000125636
0.00016578
0.000167675
0.000167733
0.000144761
0.00016771
0.000167676
0.000167734
0.000167678
0.000167759
0.000167782
0.000103683
5.58652e-05
0.000110109
0.000167855
0.000167438
0.000167865
0.000114002
8.00087e-05
3.74894e-05
3.89241e-05
0.000117715
6.68738e-05
4.98013e-05
7.59421e-05
4.43518e-05
0.000150387
0.000140023
0.000125416
0.00014435
0.000146327
0.000168124
0.000168065
0.00015061
0.000167762
0.00012434
0.000167807
0.000162363
0.000167807
0.000164996
0.000164796
0.000167905
0.000167781
0.00016792
9.97351e-05
9.89119e-05
0.000127484
0.000115301
8.95954e-05
8.93146e-05
0.000136326
0.000167847
0.000168048
0.000123882
0.000149107
0.000167978
0.000130497
0.000168088
0.000111526
8.7614e-05
0.000129474
6.57253e-05
8.56094e-05
9.85274e-05
0.000115802
6.59156e-05
5.61411e-05
0.000132765
3.86791e-05
5.7528e-05
6.40026e-05
6.7329e-05
4.2383e-05
6.04363e-05
0.000149356
0.000168228
0.000130036
0.000105695
0.000120664
0.000102052
0.000111363
0.000127397
4.44387e-05
8.44487e-05
3.15905e-05
2.66886e-05
4.90252e-05
6.26138e-05
2.68889e-05
4.83114e-05
4.69308e-05
5.11578e-05
3.5049e-05
1.86792e-05
5.98223e-05
5.24539e-05
4.06702e-05
3.90102e-05
8.32532e-05
5.59614e-05
4.77695e-05
5.89917e-05
0.000115533
8.93139e-05
8.85909e-05
5.37864e-05
8.31898e-05
5.94611e-05
7.03651e-05
5.85192e-05
9.90637e-05
0.000137582
0.000157299
7.49028e-05
4.11191e-05
3.79667e-05
5.70463e-05
4.50461e-05
4.88712e-05
4.6282e-05
5.3011e-05
8.00478e-05
5.72633e-05
5.15061e-05
6.26212e-05
8.31814e-05
0.000142808
7.21237e-05
7.87702e-05
6.82297e-05
5.40621e-05
0.000167771
0.000106125
6.21944e-05
0.000157077
0.000167787
0.000167048
0.000167841
0.000167775
0.000167792
0.000167876
0.00011192
0.00016782
0.000167789
0.000167881
0.000167857
0.000133401
0.000168017
0.000151389
0.000118001
0.000157719
0.000168073
0.000149684
0.00015026
3.57878e-05
5.10759e-05
5.5184e-05
2.28072e-05
5.2463e-05
4.67705e-05
4.77984e-05
5.89469e-05
0.000167795
0.000160323
9.2092e-05
0.000115573
0.000137934
0.000100176
8.98708e-05
8.70211e-05
0.000167802
0.000142972
0.000167925
0.00016255
0.000167896
0.000125192
0.000160261
0.000162918
0.000118973
6.31746e-05
7.80946e-05
7.29076e-05
7.24037e-05
0.000109554
0.000112498
6.59181e-05
0.000166888
0.000116459
0.00011923
0.000168018
0.000128978
0.000113132
0.000168049
0.000119691
8.64303e-05
9.91222e-05
0.000120973
6.47412e-05
9.12837e-05
0.000167871
9.33401e-05
0.000136019
0.00012474
0.000127898
0.000137363
0.00011132
0.000138891
0.000168103
0.000138109
0.00016815
0.000146346
0.000152773
0.000160482
0.000115287
0.000167922
0.000167924
0.000167929
0.00014667
4.29139e-05
6.73858e-05
5.59209e-05
3.98672e-05
4.67166e-05
5.75141e-05
3.75331e-05
5.02019e-05
0.000119451
0.000163823
6.66757e-05
8.95599e-05
0.000120444
0.000109015
8.93896e-05
9.68341e-05
0.000168031
0.00012113
0.000167988
0.000167901
0.000147321
0.000124438
0.000117169
0.000168045
0.000167958
5.88517e-05
7.15049e-05
9.12696e-05
7.28525e-05
7.91752e-05
0.000105512
6.27526e-05
0.000155045
0.000129555
0.000141691
0.000168035
0.000130912
0.000148585
0.000156127
0.000107587
0.000167704
0.000167653
0.000167809
0.000167734
0.00016769
0.000167705
0.000167721
0.00016772
0.000167621
0.000167649
0.000167824
0.00016769
0.000167628
0.000167666
0.000167671
0.000167684
0.000168042
0.0001462
0.000141458
0.000168172
0.00014314
0.000130125
0.00013374
0.000168199
0.000167867
0.000167831
0.000168083
0.000168069
0.000167882
0.000167879
0.000162529
0.00016796
0.00016764
0.000167823
0.000167726
0.000167696
0.000167683
0.000167728
0.000167692
0.000167744
0.000167666
0.000167715
0.000167868
0.000167888
0.000167688
0.000167701
0.000167794
0.000167804
0.000167907
0.000167805
0.000167772
0.000155126
0.000167913
0.000167797
0.000167933
0.00016782
0.000167929
0.000168058
0.000167762
0.000167918
0.000167961
0.000167985
0.000167901
0.000167891
0.000167676
0.000167686
0.000167716
0.000167738
0.000167682
0.000167692
0.000167707
0.000167718
0.000167713
0.000126351
0.000128591
0.000167797
0.000167805
0.000144731
0.000131663
0.000142311
0.000140877
8.49686e-05
8.38118e-05
5.87789e-05
9.85059e-05
8.41646e-05
0.000102953
9.8343e-05
9.57243e-05
5.59966e-05
7.33045e-05
5.04194e-05
7.00362e-05
5.2191e-05
6.52363e-05
4.1575e-05
0.000167741
0.000167799
0.000108479
8.53295e-05
0.000167787
0.000167787
0.000167775
8.67936e-05
0.000167724
6.48453e-05
0.000143214
0.000167764
0.000167788
0.000167859
0.000167749
0.000138923
0.000146856
9.19e-05
8.13729e-05
6.5353e-05
0.000136238
8.94844e-05
6.38086e-05
0.000118667
0.000151512
5.77377e-05
5.81113e-05
0.000136638
0.000156377
6.08954e-05
0.000127639
0.000145328
9.97315e-06
1.4029e-05
6.63707e-06
1.05704e-05
1.00925e-05
1.0264e-05
9.63493e-06
9.59652e-06
4.84825e-06
1.86862e-05
9.70673e-06
2.44663e-06
1.92732e-05
6.14014e-06
6.0915e-06
1.04977e-05
4.65733e-06
6.57065e-06
5.64331e-06
8.00537e-06
7.72939e-06
7.9906e-06
6.92113e-06
6.85927e-06
1.16023e-05
4.45537e-06
1.22099e-05
1.71487e-05
1.41506e-05
1.36963e-05
1.4671e-05
1.45795e-05
1.50447e-05
9.05202e-06
1.07839e-05
8.19303e-06
1.31339e-05
9.84591e-06
7.902e-06
1.10658e-05
1.51229e-05
4.37916e-06
8.75303e-06
9.24658e-06
1.34775e-05
1.24753e-05
1.05772e-05
1.05929e-05
8.40222e-06
9.61595e-06
4.74036e-06
9.43809e-06
9.01569e-06
9.55169e-06
9.448e-06
1.04891e-05
8.39507e-06
9.32694e-06
8.4673e-06
7.68663e-06
8.2961e-06
9.41435e-06
5.94165e-06
6.22695e-06
8.51493e-06
1.0056e-05
8.19038e-06
9.67211e-06
8.79457e-06
8.70617e-06
8.82614e-06
8.67219e-06
1.44474e-05
1.96156e-05
1.17371e-05
8.40909e-06
1.82226e-05
2.09674e-05
1.7098e-05
2.35377e-05
8.45504e-06
1.16496e-05
8.83402e-06
1.13826e-05
9.33855e-06
9.59149e-06
9.22452e-06
9.4335e-06
1.33773e-05
1.73805e-05
1.15443e-05
1.83261e-05
1.38242e-05
1.26545e-05
1.40057e-05
1.25846e-05
1.11114e-05
8.79987e-06
1.05833e-05
1.50407e-05
1.09118e-05
9.28002e-06
1.30417e-05
1.07425e-05
1.16656e-05
1.66112e-05
1.31374e-05
9.0849e-06
1.16061e-05
1.30904e-05
1.06873e-05
1.20019e-05
8.6795e-06
1.04157e-05
1.41776e-05
1.04882e-05
1.0332e-05
1.06998e-05
1.0666e-05
1.11257e-05
9.05968e-06
1.11251e-05
1.61582e-05
1.29523e-05
9.81781e-06
1.11355e-05
1.16234e-05
1.39579e-05
7.00919e-05
0.000113346
5.59501e-05
0.000112641
0.0001207
8.86937e-05
0.000128432
9.86665e-05
9.65763e-05
0.000141798
0.000106529
0.000163566
0.00011426
9.3222e-05
0.000130216
0.000103058
6.23055e-05
0.000111247
4.28029e-05
7.64998e-05
5.90205e-05
6.77496e-05
8.19321e-05
7.30703e-05
0.00014378
0.000168182
0.000114189
0.000155705
0.00012718
0.00012253
0.000119746
0.000132658
0.000120494
7.29334e-05
0.000125811
0.00012719
0.00011518
0.000109268
0.000134151
0.00013583
0.000105153
0.000130167
8.49653e-05
8.35334e-05
0.000113148
0.000141942
8.10205e-05
8.03667e-05
9.98767e-05
0.000119574
0.000127507
0.000128203
0.00012347
0.000116195
9.41027e-05
0.000113675
8.13904e-05
0.000111402
0.000128604
9.32296e-05
9.18229e-05
0.000125818
0.000109222
0.00013753
2.1973e-06
1.04843e-05
8.75676e-06
8.86407e-06
6.91862e-06
8.20377e-06
7.03781e-06
7.99264e-06
1.87242e-05
1.27303e-05
7.90805e-06
6.41841e-06
1.50265e-05
7.88089e-06
1.25443e-05
9.32231e-06
9.83131e-06
1.33328e-05
1.01104e-05
1.1181e-05
1.01688e-05
1.08565e-05
1.01733e-05
1.07101e-05
8.91896e-06
8.13513e-06
1.34167e-05
7.45107e-06
1.26852e-05
1.25414e-05
1.48215e-05
1.24613e-05
1.33401e-05
8.85898e-06
1.12819e-05
7.0268e-06
1.38336e-05
8.93194e-06
9.41732e-06
1.06202e-05
1.48682e-05
6.87186e-06
1.47963e-05
9.99699e-06
1.47851e-05
1.4809e-05
1.31233e-05
1.46338e-05
8.87635e-06
1.14827e-05
6.75052e-06
1.07769e-05
9.91605e-06
1.09693e-05
1.07199e-05
1.23787e-05
9.74212e-06
1.17348e-05
1.09142e-05
1.48672e-05
1.06091e-05
1.19178e-05
1.48239e-05
1.29775e-05
8.68457e-06
8.70025e-06
1.23386e-05
1.23497e-05
8.98699e-06
8.8163e-06
1.21091e-05
1.18703e-05
8.98283e-06
9.09638e-06
1.29809e-05
1.16998e-05
9.69018e-06
9.19005e-06
1.15028e-05
1.08017e-05
1.68401e-05
1.69531e-05
1.06429e-05
1.51523e-05
1.73745e-05
1.97918e-05
2.70614e-05
2.00121e-05
1.69313e-05
1.43524e-05
1.37763e-05
7.09247e-06
1.62934e-05
1.48624e-05
1.37125e-05
1.79334e-05
9.14404e-06
1.24936e-05
1.21793e-05
1.20545e-05
1.18275e-05
1.18373e-05
1.16602e-05
1.17611e-05
9.13383e-06
1.21561e-05
1.34141e-05
1.2822e-05
1.19464e-05
1.18726e-05
1.26148e-05
1.28373e-05
1.55781e-05
1.52835e-05
1.35526e-05
1.68097e-05
1.50462e-05
1.42968e-05
1.50133e-05
1.42402e-05
1.59087e-05
2.12098e-05
1.19261e-05
1.51104e-05
1.56592e-05
1.56476e-05
1.54738e-05
1.52454e-05
2.27477e-05
1.60501e-05
6.78546e-05
8.16843e-06
2.02255e-05
1.79197e-05
3.00767e-05
3.21051e-05
1.24716e-05
3.17767e-05
3.51802e-05
1.41716e-05
1.61497e-05
1.82892e-05
1.31512e-05
1.79423e-05
8.41647e-05
5.92646e-05
9.85506e-05
5.42552e-05
5.62019e-05
6.11504e-05
0.000131779
0.00014858
8.83078e-06
8.51991e-06
3.65458e-05
1.10248e-05
6.64677e-06
7.00067e-06
1.20386e-05
2.0235e-05
1.48469e-05
2.78731e-05
1.67214e-05
2.19774e-05
1.73916e-05
2.0556e-05
9.80733e-06
1.72777e-05
1.37212e-05
2.53193e-05
4.66664e-05
3.37715e-05
1.83971e-05
2.25674e-05
3.16733e-05
3.86232e-05
2.68584e-05
1.86233e-05
1.22768e-05
3.39071e-05
3.47593e-05
2.40524e-05
1.48394e-05
1.95507e-05
2.84535e-05
3.76581e-05
1.95701e-05
4.0623e-05
6.381e-05
1.58627e-05
2.1798e-05
3.78079e-05
0.000167678
0.000160757
0.000167747
0.000167636
0.000167698
0.000167828
0.000167667
0.000167771
6.97378e-05
3.442e-05
5.68862e-05
8.17013e-05
8.43139e-05
4.12879e-05
7.434e-05
6.34106e-05
0.000151056
6.91763e-05
0.000109926
0.000148555
0.000167882
0.000158096
0.000167883
0.000149233
0.000167634
0.000168049
0.000162407
0.000167677
0.000167737
0.000167929
0.000167687
0.00016788
0.000167941
0.000167792
0.000167689
0.000163746
0.000165915
0.00016784
0.000167981
0.000167846
0.000121006
0.00010365
8.14775e-05
0.000167801
0.000150595
8.97612e-05
0.000103587
9.38193e-05
0.00016774
0.000167647
0.00014542
0.000167802
0.000167744
0.000167779
0.000167859
0.000167884
0.000167815
0.000167962
0.000121651
7.36126e-05
0.00014079
0.00014245
0.000111083
0.000106395
0.00016858
0.000168202
0.000168488
0.000163026
0.000168493
0.000128351
0.00013322
0.000157002
0.000167852
0.000167656
0.000167849
0.000167688
0.000167812
0.000167787
0.000167794
0.000167755
0.000165236
0.000148994
0.000152612
0.000168157
0.000164128
0.000127793
0.000116325
0.000117558
0.000168107
0.000167804
0.000167942
0.000167921
0.000168017
0.000142855
0.000137462
0.000151681
0.000168123
0.000158143
0.000168242
0.000167903
0.000168105
0.000168305
0.000167968
0.000164656
0.000160362
0.000167861
0.000166674
0.00013024
0.000168041
0.00016795
0.000168108
0.000168023
0.000125419
0.000147075
0.00015995
0.000136438
0.000168224
0.000168137
0.000168105
0.000168045
0.000145769
0.000156416
0.000167821
0.000160299
0.000168214
0.00016211
0.000168014
0.000167863
6.71767e-05
0.000144816
6.66442e-05
0.000103853
0.000111606
7.58523e-05
0.000107966
0.000103144
0.000157172
0.00013148
0.000128121
0.000160234
9.10251e-05
7.2636e-05
9.23275e-05
9.02978e-05
5.70354e-05
8.91089e-05
5.11862e-05
6.32415e-05
8.38198e-05
5.25092e-05
7.40988e-05
6.56459e-05
0.000117316
0.00016819
9.94726e-05
0.000128629
0.000146696
0.000103583
0.00010872
0.000130318
0.000100507
0.000117257
0.000115188
0.000122366
0.000102572
0.000101267
0.000143845
8.27837e-05
8.42159e-05
9.6929e-05
6.91632e-05
7.05149e-05
0.00011728
0.000134781
0.000124949
0.000101331
8.03867e-05
0.000100902
9.73515e-05
8.37499e-05
8.96051e-05
0.000126733
0.000120775
0.000134858
7.57127e-05
8.94592e-05
0.000111596
8.36887e-05
9.07534e-05
8.48578e-05
8.47411e-05
0.000141819
9.66554e-05
3.68208e-05
9.51728e-05
0.000127184
3.64846e-05
4.43925e-05
4.72265e-05
4.93065e-05
6.44293e-05
2.86659e-05
6.77522e-05
4.19388e-05
2.39286e-05
2.86202e-05
3.43737e-05
3.3613e-05
0.000152789
8.2069e-05
0.000159495
0.00015452
0.000152935
0.000121469
0.000118697
9.40465e-05
2.77426e-05
2.67002e-05
7.92859e-05
2.10151e-05
2.96273e-05
3.50691e-05
0.000118296
7.00363e-05
2.23441e-05
6.408e-05
6.4843e-05
2.50574e-05
4.59152e-05
7.3084e-05
4.49942e-05
5.66104e-05
2.615e-05
3.55784e-05
6.6052e-05
8.72571e-05
3.94714e-05
4.92916e-05
4.12269e-05
4.20914e-05
9.75552e-05
9.50214e-05
3.47613e-05
0.000131111
6.42829e-05
9.94142e-05
0.000118614
4.31961e-05
0.000105266
8.6555e-05
3.33054e-05
7.39293e-05
5.02333e-05
9.84871e-05
7.95155e-05
6.20544e-05
6.83865e-05
4.31748e-05
8.66863e-05
2.06599e-05
3.10962e-05
0.000103231
9.63193e-05
0.000111244
4.41555e-05
4.0449e-05
0.000102256
1.97014e-05
2.25053e-05
3.29306e-05
3.08075e-05
2.96711e-05
9.12205e-05
0.000102004
0.000135688
0.000105473
8.73745e-05
8.71677e-05
8.72949e-05
7.96671e-05
1.31445e-05
3.10174e-05
5.86091e-05
1.61521e-05
1.90218e-05
4.35771e-05
2.63664e-05
2.44273e-05
3.38667e-05
0.000110001
1.7879e-05
3.35614e-05
4.59617e-05
6.79827e-05
3.40227e-05
4.91621e-05
0.000119085
4.88991e-05
7.20859e-05
0.000113777
7.34977e-05
8.05828e-05
9.32122e-05
6.87603e-05
0.000149155
5.07303e-05
3.75235e-05
7.54611e-05
6.47324e-05
5.67096e-05
6.76993e-05
4.70308e-05
9.67907e-05
6.81606e-05
3.51774e-05
6.58392e-05
9.36955e-05
8.15075e-05
8.06122e-05
8.619e-05
7.55101e-06
1.16895e-05
7.13486e-06
8.6704e-06
7.73021e-06
7.77723e-06
7.54028e-06
7.52226e-06
8.11524e-06
9.87914e-06
4.90059e-06
1.07564e-05
9.40203e-06
8.79883e-06
1.2891e-05
8.85849e-06
5.03869e-06
5.02419e-06
2.60916e-06
8.79746e-06
6.87413e-06
6.92942e-06
6.6581e-06
6.5652e-06
1.31935e-05
7.76842e-06
1.13315e-05
9.66185e-06
1.21102e-05
1.31234e-05
7.31861e-06
6.36073e-06
1.37503e-05
7.30843e-06
9.93402e-06
6.68548e-06
1.08019e-05
8.12699e-06
9.31465e-06
9.92984e-06
1.36989e-05
4.85665e-06
5.97278e-06
7.35335e-06
1.29169e-05
1.28098e-05
1.17066e-05
6.65953e-06
7.14423e-06
9.8799e-06
4.06277e-06
1.14694e-05
8.70401e-06
9.83675e-06
1.04805e-05
1.22528e-05
7.13074e-06
1.13399e-05
5.82994e-06
8.98384e-06
7.78925e-06
1.01297e-05
6.33179e-06
5.33347e-06
6.62867e-06
6.46805e-06
9.88605e-06
8.70381e-06
6.88045e-06
6.90932e-06
7.99871e-06
8.0401e-06
6.35231e-06
7.05516e-06
9.83207e-06
1.19776e-05
6.93926e-06
7.01935e-06
1.04021e-05
1.03829e-05
1.27741e-05
1.64648e-05
1.24749e-05
1.67727e-05
1.09172e-05
1.80201e-05
9.09724e-06
9.63538e-06
1.36799e-05
1.59289e-05
2.1149e-05
2.27088e-05
1.49861e-05
1.51493e-05
8.5901e-06
7.85939e-06
6.66653e-06
9.41099e-06
9.30615e-06
1.10669e-05
8.69208e-06
8.40568e-06
9.40767e-06
9.33572e-06
6.70573e-06
1.12355e-05
9.5375e-06
9.50117e-06
8.70218e-06
9.52442e-06
9.22283e-06
9.39399e-06
1.40312e-05
1.08475e-05
1.14174e-05
9.51823e-06
1.43962e-05
1.0895e-05
1.37482e-05
1.19841e-05
1.41762e-05
1.19974e-05
1.3307e-05
1.4143e-05
1.4177e-05
1.39166e-05
1.40732e-05
1.3727e-05
0.000115752
0.000165813
0.000124913
0.000167584
0.000164757
0.000165654
0.000164811
0.000166113
0.000168142
0.00016845
0.000168199
0.000168407
0.000168434
0.000168388
0.000168386
0.000168319
0.000157537
0.000167985
0.000167787
0.000167902
0.000168032
0.000167959
0.000167965
0.000167889
0.000164692
0.000168353
0.000140315
0.000147783
0.000168346
0.000167583
0.000146404
0.000168227
0.000168048
0.000167893
0.000168062
0.000168419
0.000168124
0.000168041
0.000168227
0.000163391
0.000168106
0.000168367
0.000168168
0.000167985
0.000168107
0.000168355
0.000168024
0.000168233
0.000167858
0.000143878
0.00016836
0.000165988
0.00016836
0.000168212
0.000168222
0.000168328
0.000168002
0.000168064
0.000168296
0.000168102
0.000168153
0.000168148
0.000168177
0.000168178
2.89961e-05
7.74327e-05
5.71354e-05
8.95111e-05
8.85201e-05
8.0242e-05
5.52447e-05
0.000146019
0.000107945
8.09961e-05
0.000117358
0.000114287
0.000103253
9.95148e-05
0.000110376
0.000167879
9.11367e-05
0.000119445
0.000106546
0.000127701
0.00014926
0.000135695
0.000109959
0.000161336
0.000121595
0.000139938
0.000139581
0.000168243
0.000128154
0.00011346
0.000112728
0.000168212
9.71036e-05
0.000145453
0.000119255
0.000130463
0.000106626
0.000108786
0.000106502
0.000110806
8.98402e-05
0.000101444
0.000131136
0.000123629
0.000138487
0.000101627
8.71925e-05
0.000136607
8.77277e-05
8.43094e-05
0.000101381
0.000107688
0.000109762
0.000161048
0.000158044
0.000133806
0.000165982
0.000168094
0.000168142
0.000160774
0.000118779
0.000144099
0.000126013
0.000108725
0.000167184
0.000164236
0.000166271
0.000168259
0.000131006
0.000119634
0.000125239
0.000126678
9.42421e-05
3.77792e-05
6.85328e-05
7.22087e-05
2.91727e-05
4.33196e-05
4.55348e-05
3.31837e-05
0.000163294
0.000152991
0.000160291
0.00013855
0.000129403
0.000156818
0.000130079
0.00012981
0.000168208
0.000142044
0.00015135
0.000167877
0.000135576
0.000168175
0.000165568
0.000168157
5.72392e-05
0.000134381
0.000140131
0.000131939
5.3524e-05
0.000101976
0.000107643
0.000167659
4.097e-05
0.00012113
0.000153984
0.000111337
4.03583e-05
7.1881e-05
6.47086e-05
0.000113368
0.000167693
0.00015691
0.000148778
0.000168334
0.000124582
0.000151217
0.000127779
0.000130535
0.000151464
0.00014557
0.000142998
0.000130853
0.000120396
0.00016338
0.000115606
8.40108e-05
0.000167644
0.000167573
0.000167638
0.000167581
0.000167602
0.000167605
0.0001676
0.000167609
0.000167553
0.000167616
0.000167631
0.000167642
0.000167555
0.000167599
0.000167613
0.000167633
0.000167646
0.000167672
0.000167727
0.0001677
0.000167613
0.000167646
0.00016765
0.000167685
0.000167614
0.000167707
0.000153878
0.000167807
0.000167646
0.000167681
0.000167711
0.000167736
0.000167553
0.000167591
0.000167568
0.000167581
0.000167577
0.000167589
0.000167576
0.000167587
0.000167571
0.00016762
0.000167608
0.000167593
0.000167585
0.000167588
0.00016757
0.000167569
0.000167597
0.000167587
0.000167645
0.000167654
0.00016759
0.0001676
0.000167601
0.000167615
0.00016761
0.000167683
0.000167672
0.000167654
0.000167606
0.000167639
0.000167631
0.000148278
9.26082e-05
9.78452e-05
0.000141463
0.00014535
0.000105145
0.000100121
0.000141581
0.000135573
5.60831e-05
2.69999e-05
5.90508e-05
7.21761e-05
3.48739e-05
5.65914e-05
7.88355e-05
4.61525e-05
0.000131537
0.000101201
0.000131588
0.000159263
0.000121385
0.000164697
8.4685e-05
0.000103002
0.000135881
9.20842e-05
0.000149031
0.000126897
0.000130733
0.000131675
0.00012731
0.000166803
0.000118437
0.000132256
0.000133352
0.000131461
7.49422e-05
0.000128661
8.62091e-05
0.000121882
9.58171e-05
0.000102208
0.000148432
0.000142292
6.74764e-05
7.72773e-05
8.14163e-05
9.64299e-05
0.00010165
0.000105665
0.00011424
0.000107444
0.000142051
0.000118346
0.000146591
0.000104966
9.62743e-05
0.00012939
0.000116185
9.49804e-05
0.000113201
0.000148356
0.000126956
9.48915e-05
0.000167749
0.000167982
0.000167913
0.000167787
0.000167771
0.000167871
0.000167792
0.000167863
0.00013115
8.87861e-05
0.000110996
0.000148764
6.27547e-05
5.98439e-05
7.74089e-05
6.39503e-05
0.000152846
0.000119174
0.000115762
0.000168276
0.000111111
0.000114489
0.000150635
0.000124387
0.000167867
0.000168186
0.000168101
0.000167996
0.000167949
0.000155497
0.000167988
0.000168091
0.000116571
0.000167977
0.000167834
0.000118862
0.000106672
0.000167929
0.00016034
0.000144859
0.000101606
9.48225e-05
8.89707e-05
0.000151333
0.000114652
0.000128673
0.000162897
9.33845e-05
0.000168027
0.000167864
0.000117196
0.000168122
0.000168013
0.000167965
0.000160952
0.000168023
0.000146312
0.000167554
0.00012599
0.000103818
0.000168205
0.000155477
0.000120783
0.000168191
9.23264e-05
9.44479e-05
7.5379e-05
0.000111364
0.000142002
0.000102855
9.89127e-05
9.62604e-05
5.77331e-05
3.17126e-05
3.47091e-05
6.08038e-05
8.17711e-05
5.02683e-05
9.27945e-05
4.73399e-05
5.83194e-05
2.29386e-05
5.04817e-05
5.15282e-05
4.06717e-05
3.64658e-05
3.29797e-05
3.03695e-05
0.000111063
9.02659e-05
4.84451e-05
7.91991e-05
0.000102981
7.62498e-05
9.05764e-05
6.33802e-05
8.57904e-05
8.53622e-05
0.000120196
8.29288e-05
8.17185e-05
8.85291e-05
8.50567e-05
0.000121992
7.55996e-05
7.05673e-05
4.60866e-05
7.47546e-05
0.000112527
8.70339e-05
7.85604e-05
4.49171e-05
7.52841e-05
0.000113394
0.000119261
6.77622e-05
8.1891e-05
9.36129e-05
6.85169e-05
7.91478e-05
6.63484e-05
5.41215e-05
7.30367e-05
3.31783e-05
6.01926e-05
6.08456e-05
4.8157e-05
4.47177e-05
9.52122e-06
7.85377e-06
8.08808e-06
1.0554e-05
8.34944e-06
8.3483e-06
9.21972e-06
8.94454e-06
6.98967e-06
2.81061e-06
9.44626e-06
1.27407e-05
6.60515e-06
6.54445e-06
8.55974e-06
1.05437e-05
5.89646e-06
4.8678e-06
3.93702e-06
8.18801e-06
8.09382e-06
7.51065e-06
5.62072e-06
5.45036e-06
1.01074e-05
7.92763e-06
7.99998e-06
8.61361e-06
2.20494e-05
5.22995e-06
4.37447e-06
4.94266e-06
7.26189e-06
9.00618e-06
1.11641e-05
1.21265e-05
1.02774e-05
9.7482e-06
1.13725e-05
1.1099e-05
7.16883e-06
1.20931e-05
1.01945e-05
8.95396e-06
1.02779e-05
1.06178e-05
9.61554e-06
1.02402e-05
8.0536e-06
1.32394e-05
7.85829e-06
1.05864e-05
1.0616e-05
1.38267e-05
1.43302e-05
1.18562e-05
7.68496e-06
1.28749e-05
9.27604e-06
9.51184e-06
1.06779e-05
8.01526e-06
1.31645e-05
1.04521e-05
7.79323e-06
8.76709e-06
8.28435e-06
7.76408e-06
7.66633e-06
8.47735e-06
7.60624e-06
8.48563e-06
1.03328e-05
1.04799e-05
1.02272e-05
1.14316e-05
1.07799e-05
1.00683e-05
1.08365e-05
1.00566e-05
9.63423e-06
1.036e-05
1.04893e-05
1.08176e-05
1.02201e-05
1.01382e-05
1.02277e-05
1.01417e-05
1.62896e-05
1.64959e-05
1.63039e-05
8.65863e-06
2.0273e-05
1.75052e-05
1.9244e-05
1.88043e-05
9.62795e-06
9.00783e-06
9.69423e-06
1.35487e-05
9.5996e-06
9.19808e-06
1.11635e-05
1.0341e-05
1.01389e-05
1.13485e-05
1.00268e-05
9.78258e-06
1.01331e-05
1.0635e-05
9.96727e-06
1.04764e-05
8.95218e-06
9.63837e-06
1.38257e-05
1.18624e-05
9.64161e-06
1.03342e-05
1.17758e-05
1.28534e-05
9.80519e-06
1.10046e-05
1.12915e-05
1.00437e-05
1.03436e-05
1.10314e-05
1.04947e-05
1.093e-05
6.317e-06
8.29345e-06
8.61093e-06
5.76623e-06
9.08742e-06
8.95559e-06
1.00662e-05
1.07369e-05
6.21513e-06
2.318e-06
8.66619e-06
7.74688e-06
6.63807e-06
6.52307e-06
2.73504e-06
6.23236e-06
6.22513e-06
9.80726e-06
4.30672e-06
1.15088e-05
8.03352e-06
7.99004e-06
7.43498e-06
6.58546e-06
2.34763e-06
2.92151e-06
3.96416e-06
3.15291e-06
4.82669e-06
3.33293e-06
3.27242e-06
2.95287e-06
7.97211e-06
9.90053e-06
1.25992e-05
6.4926e-06
6.94226e-06
1.16917e-05
4.29997e-06
9.41226e-06
7.87515e-06
5.83045e-06
1.18393e-05
9.77263e-06
6.24171e-06
1.00152e-05
1.07798e-05
1.21887e-05
8.96815e-06
6.42446e-06
4.15393e-06
6.96368e-06
1.33157e-05
7.26708e-06
1.31325e-05
5.22975e-06
8.70083e-06
6.94067e-06
5.49825e-06
1.09931e-05
1.02488e-05
9.07975e-06
5.46215e-06
6.80167e-06
7.18415e-06
7.95211e-06
1.05543e-05
1.01615e-05
6.55248e-06
6.62572e-06
9.30495e-06
9.03726e-06
8.54065e-06
9.71654e-06
9.83136e-06
1.21485e-05
8.16787e-06
8.19895e-06
9.61669e-06
9.52691e-06
1.32091e-05
1.33429e-05
8.77181e-06
1.77985e-05
1.33065e-05
1.33245e-05
1.37498e-05
1.39113e-05
1.19482e-05
2.12674e-05
1.36203e-05
9.26412e-06
2.01554e-05
1.89821e-05
2.12266e-05
2.15974e-05
7.0554e-06
1.03185e-05
1.02567e-05
1.08145e-05
9.15682e-06
9.29645e-06
1.00009e-05
1.03157e-05
7.07892e-06
1.08413e-05
9.905e-06
1.04409e-05
8.95938e-06
9.23933e-06
1.00592e-05
9.8931e-06
1.3281e-05
1.47455e-05
1.55396e-05
1.82639e-05
1.56781e-05
1.42156e-05
1.55862e-05
1.50484e-05
1.30292e-05
1.80738e-05
1.49315e-05
1.32009e-05
1.35711e-05
1.60293e-05
1.3529e-05
1.5905e-05
1.19888e-05
8.34952e-06
8.20777e-06
1.16692e-05
9.79132e-06
9.7846e-06
9.98133e-06
9.2824e-06
6.90451e-06
2.67428e-06
7.46827e-06
1.18379e-05
6.33751e-06
6.26656e-06
8.44348e-06
1.01109e-05
6.28972e-06
9.61307e-06
4.9563e-06
8.87869e-06
7.91356e-06
7.73528e-06
6.35778e-06
6.09004e-06
4.59425e-06
5.22757e-06
9.48589e-06
9.97062e-06
7.86033e-06
4.75953e-06
4.29419e-06
3.91575e-06
8.00123e-06
8.68159e-06
1.143e-05
1.15924e-05
8.06675e-06
9.79819e-06
1.12172e-05
1.13742e-05
7.95441e-06
1.15369e-05
1.11482e-05
8.6042e-06
1.00586e-05
1.04854e-05
9.37237e-06
1.13387e-05
8.42982e-06
6.83093e-06
6.74085e-06
1.38982e-05
1.10264e-05
1.02385e-05
1.42209e-05
8.52868e-06
8.13946e-06
1.13112e-05
6.58047e-06
1.27031e-05
1.0405e-05
1.29778e-05
1.30335e-05
9.47584e-06
1.3238e-05
1.33091e-05
1.30661e-05
1.19769e-05
1.33365e-05
1.34104e-05
1.28335e-05
1.31962e-05
1.00482e-05
8.86359e-06
1.09474e-05
9.1997e-06
9.07411e-06
9.04997e-06
1.00901e-05
9.74139e-06
1.23883e-05
1.27233e-05
1.20179e-05
1.33714e-05
1.26745e-05
1.27051e-05
1.1949e-05
1.22458e-05
1.01623e-05
1.67343e-05
1.44106e-05
2.03497e-05
1.79518e-05
1.81875e-05
1.60176e-05
1.99293e-05
1.23829e-05
1.32186e-05
1.18388e-05
1.00506e-05
1.24031e-05
1.31921e-05
1.04832e-05
1.1897e-05
1.23768e-05
1.00938e-05
1.26007e-05
1.33391e-05
1.24384e-05
1.21474e-05
1.27176e-05
1.24881e-05
1.23608e-05
1.27563e-05
1.20338e-05
1.43072e-05
1.3128e-05
1.26585e-05
1.34856e-05
1.34671e-05
1.26991e-05
1.41296e-05
1.14022e-05
1.26884e-05
1.29382e-05
1.37661e-05
1.27149e-05
1.23381e-05
8.29816e-05
0.000101371
0.00010741
9.14711e-05
5.41835e-05
6.8908e-05
6.86188e-05
5.61039e-05
5.18587e-05
5.48415e-05
6.20832e-05
9.08773e-05
6.41083e-05
5.84325e-05
6.53723e-05
5.57466e-05
9.78216e-05
6.64447e-05
7.54891e-05
0.000118811
6.66836e-05
8.45386e-05
9.93805e-05
6.5252e-05
8.97381e-05
0.000108418
0.000104559
0.000118794
0.000113619
0.000122161
0.000153868
0.000128217
6.2579e-05
5.73487e-05
7.99785e-05
0.000106045
5.46006e-05
8.32445e-05
8.87347e-05
7.87876e-05
5.74707e-05
8.57863e-05
6.94986e-05
6.28659e-05
5.12095e-05
7.86765e-05
5.75049e-05
9.38543e-05
8.88301e-05
9.68851e-05
0.000101175
0.000154923
0.000100829
7.98591e-05
9.1499e-05
0.00010256
5.23349e-05
0.000150172
9.32247e-05
5.92973e-05
0.000110794
0.000101857
0.000140554
8.54624e-05
4.57994e-06
9.40367e-06
7.26104e-06
8.62094e-06
6.35768e-06
8.62223e-06
6.50132e-06
9.57171e-06
1.09394e-05
2.4025e-06
7.2609e-06
1.20343e-05
7.72352e-06
6.4958e-06
6.84796e-06
6.71027e-06
8.46498e-06
7.31773e-06
1.06741e-05
1.02177e-05
9.32558e-06
9.24505e-06
9.45498e-06
9.27329e-06
1.20026e-05
9.64566e-06
1.66769e-05
7.47582e-06
8.5043e-06
1.46406e-05
9.61255e-06
1.72268e-05
1.24267e-05
9.06916e-06
1.2764e-05
1.14567e-05
1.24899e-05
1.19893e-05
1.5424e-05
1.40907e-05
1.10991e-05
1.16387e-05
7.65043e-06
9.44333e-06
1.11484e-05
1.05363e-05
1.00833e-05
1.02545e-05
9.15307e-06
1.33833e-05
7.61947e-06
1.41218e-05
1.13097e-05
1.42771e-05
1.37016e-05
1.62504e-05
9.46129e-06
1.08254e-05
1.16947e-05
7.84404e-06
1.00121e-05
1.07781e-05
1.03465e-05
1.10967e-05
1.13279e-05
1.45356e-05
1.38771e-05
1.08497e-05
1.26778e-05
1.45508e-05
1.21013e-05
1.40819e-05
1.26327e-05
1.14093e-05
1.12053e-05
1.04808e-05
1.14349e-05
1.14645e-05
1.13732e-05
1.10862e-05
1.19103e-05
1.05511e-05
1.02568e-05
1.09555e-05
1.14551e-05
1.0574e-05
1.12738e-05
1.02219e-05
1.74614e-05
1.55197e-05
1.7379e-05
1.1509e-05
1.60783e-05
1.59801e-05
1.7689e-05
1.71381e-05
1.39361e-05
1.3202e-05
1.24664e-05
1.1389e-05
1.35252e-05
1.32883e-05
1.20672e-05
1.20944e-05
1.26414e-05
1.08578e-05
1.12343e-05
1.22144e-05
1.22824e-05
1.14302e-05
1.21581e-05
1.15038e-05
1.29915e-05
1.33625e-05
1.20222e-05
1.34312e-05
1.24775e-05
1.22703e-05
1.26247e-05
1.27223e-05
1.19855e-05
1.13095e-05
1.10356e-05
1.06471e-05
1.14583e-05
1.1178e-05
1.14159e-05
1.10593e-05
4.46984e-05
0.000140266
7.56264e-05
4.12316e-05
4.45326e-05
4.11195e-05
3.51476e-05
4.00203e-05
0.000123791
9.84617e-05
0.000121091
5.53687e-05
0.000109886
0.000115393
0.000109358
0.000116942
0.000107031
8.40404e-05
0.000102172
0.000101549
0.000137449
0.000167902
0.000167703
0.0001678
7.84192e-05
3.1882e-05
5.95218e-05
1.84121e-05
1.91904e-05
2.05097e-05
1.91273e-05
1.57455e-05
0.000129353
9.69333e-05
2.4619e-05
9.38441e-05
7.5847e-05
7.23632e-05
4.20467e-05
2.5047e-05
0.000136292
7.81996e-05
0.000121348
0.00015973
8.73921e-05
0.000127797
7.4663e-05
0.000140714
0.000163555
2.43981e-05
5.24544e-05
5.05538e-05
7.38765e-05
2.16478e-05
7.02775e-05
8.57726e-05
0.000155501
6.38565e-05
5.60948e-05
8.52846e-05
9.4755e-05
6.26937e-05
8.00245e-05
9.09375e-05
0.000168069
0.000167844
0.000167913
0.000168018
0.000168058
0.000167853
0.000168098
0.00016799
0.000148644
3.73866e-05
7.59295e-05
0.000123883
8.83296e-05
8.61539e-05
9.59663e-05
8.82939e-05
0.000165483
9.94613e-05
0.000136222
0.000167541
0.000164848
0.000149878
0.000165487
0.000152109
0.000167913
0.000165156
0.000168135
0.000167765
0.000167933
0.0001681
0.000167934
0.000168069
0.000166809
0.000167983
0.000168045
0.000166407
0.000168057
0.000168092
0.000168137
0.000168129
0.000166065
0.000167567
7.98397e-05
0.000166279
0.000166687
0.000166821
0.000166182
0.000149247
0.000168055
0.00016805
0.00015308
0.000168253
0.000168232
0.000168162
0.000168232
0.000168178
0.000166659
0.000167736
0.00016772
0.000107999
0.000166938
0.000167677
0.000134476
0.000164408
9.51244e-05
0.000161831
0.000105813
9.93742e-05
0.000167834
0.000154834
0.000167866
0.000167876
0.000167738
0.000167708
0.000167827
0.000167753
0.000167734
0.000167733
0.000167759
0.000167752
9.44023e-05
0.000133405
0.000131891
0.000121142
0.000123714
0.000126005
0.000168054
0.000147568
0.000125135
0.000167885
0.000126314
0.000126301
0.00016804
0.000167977
0.000168089
0.000157358
0.000167805
0.000161709
0.000167963
0.000167819
0.000167848
0.000150917
0.000167875
0.000167946
0.000167785
0.0001678
0.000167888
0.000129843
0.000167816
0.00016783
0.000133161
0.000167906
0.000167951
0.000168014
0.000167857
0.000168141
0.000109585
0.000168011
0.00016581
0.000167981
0.000151872
0.000154621
0.000167842
0.000167933
0.0001477
0.000168048
0.000167958
0.000152953
0.000167649
0.000167699
0.000167667
0.000167585
0.000167632
0.000167663
0.000167606
0.000167638
9.3144e-05
7.14323e-05
5.36677e-05
0.000150285
7.86203e-05
6.20223e-05
8.02366e-05
4.85093e-05
0.000167703
8.7675e-05
0.000167778
0.000167727
0.000167765
0.000142066
0.000167723
0.000167805
0.000167594
0.000167847
0.000167644
0.000167643
0.000167669
0.000167749
0.000167622
0.000167696
0.000167794
0.000167679
0.000167623
0.000167918
0.000167771
0.000167665
0.000167782
0.000167671
0.000167656
0.000144011
0.000107311
0.000167743
0.000135334
0.00012491
0.000114931
0.000123842
0.000167644
0.000167587
0.000167855
0.00016765
0.000167618
0.000167632
0.000167699
0.000167706
0.000167714
0.000167785
0.000149701
9.72336e-05
0.000162223
0.000167856
0.000134315
0.000121467
8.40126e-05
9.51402e-05
0.000102471
9.35043e-05
0.000165861
0.000141898
0.000128445
0.00010794
9.08008e-05
8.55661e-05
0.000150253
0.000129871
0.000145674
0.000117788
0.000105238
0.000118095
9.96909e-05
0.00013905
0.000100327
0.000107457
0.000132338
0.000132731
0.000103444
0.000152673
9.70916e-05
0.000146454
0.000120768
0.00013148
0.000168272
0.000162429
0.000156765
0.000168205
0.000148106
0.000125701
0.000150924
0.000164219
0.000118213
0.000120489
9.96564e-05
0.000120095
0.000132932
0.000133297
0.000140975
0.000153052
0.000117985
0.000126233
0.000123276
0.000133339
0.000106731
0.000137449
0.000124364
0.000130793
0.000107817
0.000155579
0.000168343
0.00016637
0.00012059
0.000168307
0.000141048
0.000130922
0.000116982
0.000139943
0.000116301
0.000138409
0.000167679
0.000167696
0.000167673
0.000167614
0.000167668
0.000167685
0.000167646
0.000167656
0.000167714
0.000167746
0.000167697
0.000167782
0.000167773
0.00016774
0.000167762
0.000167735
0.000167668
0.000167673
0.000167668
0.000167593
0.000167638
0.000167669
0.000167614
0.000167637
0.000167586
0.000167695
0.000167585
0.00016762
0.000167604
0.000167604
0.000167606
0.00016761
0.000167701
0.000167648
0.000167611
0.000167682
0.000167678
0.00016764
0.000167658
0.000167615
0.0001677
0.000167682
0.000167687
0.000167674
0.000167679
0.000167677
0.00016768
0.000167667
0.00016762
0.000167598
0.000167662
0.00016758
0.000167591
0.000167593
0.000167587
0.000167596
0.000167641
0.000167593
0.000167662
0.000167658
0.00016762
0.000167595
0.000167644
0.000167633
2.2075e-05
3.73122e-05
2.31187e-05
3.81591e-05
4.17264e-05
4.96341e-05
3.86736e-05
3.53638e-05
3.65762e-05
0.000157087
6.09216e-05
4.80783e-05
7.81841e-05
0.000126248
0.000108268
8.17233e-05
4.0318e-05
4.43937e-05
6.84345e-05
2.8603e-05
5.55192e-05
3.81409e-05
5.13318e-05
6.69084e-05
2.01004e-05
1.59747e-05
1.44083e-05
7.39384e-06
2.21821e-05
1.14254e-05
2.01725e-05
3.21108e-05
4.08994e-05
4.33058e-05
3.67898e-05
3.85226e-05
5.29299e-05
2.933e-05
3.25008e-05
2.02945e-05
3.60218e-05
3.11385e-05
3.57625e-05
5.21139e-05
3.8982e-05
3.17213e-05
3.47904e-05
2.64387e-05
3.919e-05
3.34483e-05
1.58269e-05
3.8074e-05
2.65508e-05
2.82931e-05
4.11572e-05
2.43999e-05
5.14758e-05
5.23755e-05
2.80327e-05
2.95366e-05
3.49943e-05
3.72505e-05
2.13329e-05
2.52555e-05
7.63069e-05
9.33028e-05
7.85779e-05
7.99955e-05
5.44863e-05
0.000128669
0.000110493
6.05094e-05
0.000100055
0.000121182
0.00011284
9.64979e-05
7.05468e-05
0.000166272
0.000156327
6.24696e-05
5.58394e-05
8.56283e-05
5.04708e-05
5.5347e-05
3.43613e-05
7.73843e-05
5.03225e-05
3.52912e-05
9.88662e-05
8.24864e-05
6.34368e-05
0.000117694
0.000104516
8.09815e-05
0.000144253
8.12279e-05
6.01215e-05
5.18484e-05
7.99793e-05
7.87186e-05
0.000102864
8.64783e-05
7.44199e-05
0.000110418
0.000163577
0.000107482
0.000133251
0.000135235
6.15448e-05
8.95568e-05
7.8466e-05
5.28762e-05
0.000105183
8.85526e-05
8.84716e-05
7.75077e-05
7.03748e-05
7.18958e-05
6.01609e-05
7.41955e-05
4.82805e-05
6.20971e-05
6.43614e-05
5.05243e-05
8.11868e-05
8.70114e-05
0.000128948
7.33936e-05
7.89544e-05
0.000143564
7.1786e-05
7.99503e-05
0.00011626
0.000162921
8.19715e-05
8.9315e-05
0.000167755
0.000167768
0.000165094
0.000162236
0.000167821
0.00016776
0.000167907
0.00016784
6.42347e-05
0.000104041
5.24632e-05
7.15446e-05
9.96103e-05
0.000123585
7.20112e-05
7.21647e-05
5.42589e-05
7.248e-05
4.56859e-05
2.36623e-05
3.84772e-05
6.01418e-05
4.10819e-05
3.35003e-05
0.000159702
0.000105653
5.01641e-05
8.753e-05
0.000151738
0.000139276
0.000157124
9.00014e-05
0.000167766
0.000131798
0.000161031
0.00015835
0.000134041
0.000150626
0.00012077
0.000167823
6.91242e-05
4.79332e-05
8.18892e-05
5.52973e-05
6.51358e-05
4.99981e-05
4.94756e-05
7.78754e-05
7.85211e-05
4.12751e-05
7.39855e-05
0.000117372
0.00010708
7.2463e-05
0.00012035
0.000117506
5.88591e-05
0.000124145
5.19718e-05
5.61375e-05
6.36319e-05
6.51241e-05
3.24092e-05
3.64883e-05
0.000161318
0.00016751
0.000132976
0.000168113
0.000166408
0.000166612
0.000167516
0.000167488
7.05526e-05
8.56771e-05
5.71647e-05
8.54712e-05
0.000100589
0.00010236
6.45812e-05
8.87226e-05
0.000134124
0.000168184
9.82462e-05
0.000142401
0.000159877
0.000168135
0.000117435
0.000138142
0.000111072
4.87374e-05
6.36298e-05
0.000167871
9.32175e-05
5.34719e-05
0.000120674
6.2264e-05
0.000153989
0.000167923
0.000164072
7.9047e-05
0.00016133
0.000163406
0.000154335
0.00016348
3.77785e-05
8.90101e-05
0.000168153
9.89402e-05
8.77641e-05
0.000116239
0.000158407
0.00013188
0.000101275
0.000134338
0.000168187
0.000145491
0.000165422
0.000167266
0.000144667
0.000149391
0.000167724
0.000167752
0.00016774
0.000167822
0.000167761
0.000167742
0.00016778
0.000167766
0.000167776
9.85906e-05
0.00012775
0.000159563
0.000109934
0.000119493
0.000144523
0.000123141
0.000167767
0.000148891
0.000104907
0.000141593
0.000150179
0.000151068
0.000159747
0.0001653
0.000168108
0.000141958
0.00013038
0.000109795
0.000123469
0.000139059
0.000127382
0.000103172
0.000165615
0.000167802
0.0001651
0.000126748
0.000167874
0.000167829
0.000167926
0.000167901
0.000147153
0.000154983
0.000136145
0.000167766
0.000167831
0.000167895
0.000167775
0.000140877
0.000167853
0.000168031
0.00013905
0.000118458
0.000167931
0.000167997
0.000123401
0.000165032
0.000167818
0.000112741
0.000122576
0.000129979
0.000167876
0.000138565
0.000167899
0.000167974
0.00016773
0.000167824
0.000167719
0.000167724
0.000167763
0.000167772
0.000167757
0.000167777
0.000139627
0.000150067
0.000152672
0.000139372
0.000144096
0.000119943
0.000160652
0.000164496
0.000167711
0.000167831
0.000167726
0.00016773
0.000167738
0.000167777
0.000167735
0.000167771
0.000167738
0.000167954
0.000167761
0.000144535
0.0001678
0.000166289
0.000167796
0.000167815
0.000167896
0.000167741
0.000167748
0.000167964
0.000167871
0.000167786
0.000167896
0.000167805
0.000167951
0.000139612
0.000155763
0.000167748
0.000167934
0.000167986
0.000167815
0.000167893
0.00016772
0.000167728
0.000167925
0.000167738
0.000167716
0.000167772
0.000167746
0.000167797
0.000167751
0.000167769
0.00016797
0.000167931
0.000167768
0.000157721
0.000167868
0.000134563
0.000167675
0.000167681
0.000167674
0.000167608
0.000167655
0.000167681
0.000167632
0.000167652
0.000167693
0.000167709
0.000167712
0.000167684
0.000167708
0.000167721
0.000167709
0.000167727
0.000167682
0.000167705
0.000167712
0.000167699
0.000167695
0.000167708
0.000167697
0.00016771
0.00016763
0.000167678
0.000167711
0.000167798
0.000167722
0.000167691
0.000167754
0.000163861
0.000167667
0.000167662
0.000167623
0.000167668
0.00016765
0.000167639
0.000167629
0.000167627
0.000167693
0.000167687
0.000167712
0.000167687
0.000167672
0.00016768
0.000167686
0.000167697
0.000167647
0.00016762
0.000167676
0.000167687
0.000167634
0.000167624
0.000167671
0.000167649
0.000167667
0.000167705
0.000167696
0.00016771
0.000167674
0.000167688
0.000167697
0.000167684
9.37389e-05
0.00013328
0.000103769
0.00016631
0.000125154
0.000118623
9.23634e-05
0.000114865
0.000129009
0.000111379
0.000119156
0.000126425
0.000103522
0.000117431
9.89754e-05
0.000168486
0.000119303
0.00012491
0.000110256
0.000112201
0.000150865
0.000146258
0.000147843
0.000168636
0.000168359
0.000136949
0.000116896
0.00011435
0.000168318
0.000137849
0.000134955
0.000168289
0.000122537
0.000128069
0.000132823
0.000142909
0.000120875
0.00010969
0.000141702
0.000152003
0.000107923
0.000125943
0.000150536
0.000147287
0.000103777
0.000115686
9.88896e-05
0.000158042
0.000115213
0.000101268
0.000124606
0.000142467
0.000159217
0.000134783
0.000159543
0.000115367
0.000144668
0.000168446
0.000168397
0.000168562
0.000141075
0.000168501
0.000168593
0.000134715
3.03418e-05
6.3769e-05
9.92577e-05
3.13277e-05
4.83061e-05
4.29705e-05
3.31938e-05
5.51828e-05
7.67043e-05
7.75545e-05
5.94572e-05
6.92213e-05
6.99929e-05
8.84215e-05
6.35884e-05
6.5269e-05
9.02617e-05
5.35124e-05
8.97364e-05
6.04692e-05
7.86432e-05
6.6755e-05
9.27216e-05
0.0001014
3.62288e-05
4.19143e-05
4.68366e-05
2.04285e-05
4.69412e-05
2.7938e-05
2.00437e-05
3.66828e-05
7.84941e-05
0.00010682
3.8197e-05
7.70809e-05
5.56813e-05
7.12146e-05
5.43859e-05
3.62016e-05
0.000102385
6.80386e-05
8.2211e-05
0.000118839
5.18735e-05
5.85176e-05
6.34748e-05
5.08379e-05
8.04592e-05
2.89638e-05
3.90111e-05
7.28951e-05
0.000110807
5.34642e-05
0.000117375
4.63005e-05
8.02807e-05
0.000101881
6.4704e-05
6.01457e-05
8.10349e-05
0.00010383
6.90803e-05
6.63004e-05
9.4286e-05
5.94856e-05
0.000140651
0.000108803
0.000140413
0.000102166
0.00015877
0.000167892
4.82952e-05
5.6488e-05
8.06746e-05
0.000102709
4.80208e-05
4.97411e-05
7.13313e-05
7.8807e-05
0.000167785
0.000152897
0.00016774
0.000167746
0.000167851
0.000167882
0.000167762
0.000167797
0.000115731
0.000137966
0.000167823
0.000127879
0.000168023
0.000168106
0.000167928
0.000167959
7.37886e-05
0.000164503
0.000152209
0.000109169
0.000100385
0.000106792
9.37069e-05
0.000126851
8.22256e-05
0.000100176
0.000134304
0.000124173
9.79477e-05
9.85246e-05
8.21719e-05
0.000110032
0.000167825
0.000167944
0.000158
0.00016779
0.000167103
0.000167982
0.000167927
0.000148221
0.000167872
0.000167826
0.000142613
0.000168022
0.000167923
0.000167971
0.000168031
0.000111939
0.00016849
0.000168582
0.000168478
0.000164123
0.00012858
0.000144151
0.000138397
0.000150826
0.00016858
0.000117701
0.000168622
0.000168417
0.000108565
0.000132027
0.000115072
0.000108757
0.000168571
0.000168726
0.000168652
0.000121626
0.000133094
0.000149012
0.00014319
0.000117754
0.00015846
0.000168405
0.000139472
0.000137709
0.000126033
0.000161682
0.000143622
0.000118821
0.000112483
0.000116688
0.000129049
0.000113862
0.000123404
0.000168504
0.000168522
0.000145196
0.000141009
0.0001488
0.000136305
0.00013696
0.000120139
0.000168593
0.000168637
0.000125546
0.000121429
0.000144416
0.000119789
0.000137761
0.000127841
0.000137851
0.000117616
0.00016842
0.000143404
0.000116386
0.000112331
0.000123942
0.000168559
0.000140303
0.00013302
0.00015868
4.91823e-06
9.57786e-06
6.73944e-06
1.03406e-05
6.81655e-06
6.88886e-06
7.23232e-06
7.17937e-06
7.73582e-06
1.88624e-05
1.42831e-05
6.11532e-06
8.14507e-06
1.00851e-05
1.00909e-05
1.57425e-05
6.54101e-06
9.71855e-06
6.82428e-06
9.79699e-06
7.54637e-06
7.5614e-06
7.37103e-06
7.42342e-06
1.40864e-05
2.51817e-05
1.79111e-05
4.92678e-06
2.30398e-05
2.30211e-05
1.63131e-05
1.94852e-05
1.26801e-05
7.55922e-06
1.25458e-05
1.9235e-05
1.07628e-05
8.48751e-06
1.56243e-05
1.26214e-05
1.15123e-05
1.80395e-05
1.07157e-05
7.60306e-06
1.10855e-05
1.28915e-05
9.27022e-06
1.06132e-05
7.35225e-06
1.1982e-05
1.96104e-05
1.12822e-05
9.95538e-06
1.23014e-05
1.21454e-05
1.52138e-05
7.42053e-06
1.1686e-05
1.96235e-05
1.12709e-05
8.51309e-06
1.21453e-05
1.12809e-05
1.6363e-05
6.78017e-06
9.94803e-06
7.59423e-06
8.65696e-06
7.08704e-06
7.93847e-06
7.10149e-06
7.70851e-06
1.45023e-05
2.47411e-05
9.6195e-06
2.14715e-05
1.63554e-05
2.13629e-05
1.64681e-05
1.95126e-05
7.97992e-06
1.25527e-05
8.61437e-06
9.56636e-06
8.49382e-06
9.67337e-06
8.47261e-06
9.34841e-06
1.4166e-05
2.19051e-05
1.40979e-05
1.2171e-05
1.71486e-05
1.60502e-05
1.77409e-05
1.68485e-05
1.05448e-05
7.94479e-06
9.97984e-06
1.61518e-05
1.05444e-05
8.35317e-06
1.38175e-05
1.00795e-05
1.16571e-05
1.51278e-05
1.31589e-05
8.69381e-06
1.13533e-05
1.21831e-05
1.07768e-05
1.14257e-05
7.94255e-06
9.99711e-06
1.61723e-05
1.00819e-05
9.21553e-06
1.00749e-05
1.00646e-05
1.13225e-05
8.475e-06
1.03273e-05
1.54305e-05
1.26953e-05
9.11858e-06
1.04223e-05
1.15003e-05
1.38338e-05
0.000167658
0.000167595
0.000167657
0.000167642
0.000167627
0.000167619
0.000167635
0.000167634
0.000167572
0.000167595
0.000167582
0.000167663
0.000167586
0.000167567
0.000167607
0.000167599
0.000167664
0.000167619
0.000167689
0.000167683
0.00016764
0.000167641
0.000167666
0.000167675
0.000167771
0.000167784
0.000166611
0.000154759
0.00016783
0.00016775
0.000167889
0.000167847
0.000167582
0.000167621
0.000167647
0.000167671
0.000167601
0.000167603
0.000167644
0.000167611
0.000167567
0.000167621
0.000167576
0.000167613
0.000167588
0.000167583
0.00016759
0.000167574
0.000167633
0.000167678
0.000167693
0.000167692
0.000167636
0.000167652
0.000167643
0.000167663
0.000167636
0.000167688
0.000167668
0.000167607
0.000167621
0.000167632
0.000167608
0.000167642
7.48715e-06
9.20395e-06
7.33048e-06
1.10574e-05
7.87662e-06
7.82606e-06
7.88464e-06
7.81926e-06
1.32917e-05
5.82507e-06
1.63699e-05
4.55854e-06
9.22922e-06
1.6342e-05
1.05007e-05
1.46882e-05
6.51894e-06
8.92521e-06
5.64809e-06
1.12387e-05
7.05174e-06
6.75958e-06
7.09701e-06
6.61156e-06
5.56921e-06
5.84651e-06
1.2027e-05
8.85209e-06
7.92868e-06
8.63958e-06
6.9109e-06
1.2915e-05
1.03797e-05
7.60822e-06
1.24172e-05
1.33718e-05
1.03342e-05
8.40302e-06
1.20485e-05
1.27314e-05
9.90936e-06
6.29682e-06
1.12586e-05
7.47072e-06
9.86607e-06
1.18068e-05
8.96737e-06
1.0312e-05
7.64924e-06
1.22422e-05
9.07063e-06
1.32667e-05
1.13361e-05
1.2682e-05
1.36301e-05
1.53263e-05
7.46945e-06
1.33595e-05
1.01277e-05
1.10968e-05
7.85815e-06
1.35292e-05
9.93913e-06
1.03916e-05
7.5064e-06
7.96864e-06
9.26322e-06
9.45767e-06
7.49793e-06
7.79804e-06
7.89085e-06
8.37339e-06
8.33378e-06
9.10317e-06
1.38022e-05
9.14407e-06
8.34892e-06
8.95571e-06
9.20105e-06
1.11298e-05
1.32719e-05
1.68324e-05
7.72465e-06
1.07206e-05
1.35589e-05
1.59662e-05
1.85066e-05
2.13186e-05
1.56785e-05
1.35102e-05
1.47686e-05
1.00858e-05
1.61202e-05
1.40791e-05
9.15178e-06
2.52151e-05
7.95567e-06
9.35015e-06
9.57093e-06
8.96049e-06
8.65017e-06
8.65059e-06
8.93957e-06
9.10959e-06
8.2736e-06
9.12893e-06
1.30201e-05
9.60963e-06
9.04789e-06
9.26359e-06
9.77664e-06
9.85391e-06
1.02972e-05
1.22226e-05
1.22939e-05
2.05018e-05
1.32114e-05
1.22459e-05
1.33545e-05
1.26276e-05
1.11365e-05
2.06459e-05
1.19542e-05
1.31715e-05
1.17357e-05
1.25604e-05
1.15983e-05
1.23201e-05
2.08339e-06
9.31181e-06
3.85699e-06
4.10991e-06
6.09275e-06
6.19856e-06
6.20928e-06
6.21555e-06
7.91918e-06
2.12203e-05
1.01646e-05
9.43458e-06
8.25851e-06
1.18485e-05
4.46824e-06
9.60096e-06
5.51117e-06
8.84935e-06
4.98902e-06
1.0474e-05
6.88505e-06
6.90532e-06
7.46226e-06
7.36292e-06
8.2052e-06
4.99305e-06
7.80181e-06
1.91696e-05
1.26186e-05
1.16853e-05
5.35973e-06
1.04156e-05
1.18487e-05
6.41674e-06
6.39645e-06
4.9264e-06
1.01821e-05
7.20799e-06
3.94008e-06
7.30426e-06
1.20903e-05
3.35506e-06
9.95944e-06
6.43279e-06
1.07183e-05
1.25979e-05
8.42856e-06
9.86294e-06
6.77978e-06
5.48603e-06
3.13684e-06
1.26429e-05
4.60963e-06
6.60695e-06
1.30294e-05
9.27706e-06
6.69647e-06
1.27022e-05
9.10826e-06
9.99219e-06
7.55794e-06
1.30411e-05
9.92173e-06
8.21557e-06
4.91909e-06
9.48761e-06
7.59321e-06
9.01414e-06
7.23686e-06
7.80586e-06
7.38562e-06
7.69752e-06
1.12388e-05
4.8476e-05
7.4923e-06
1.69194e-05
1.67593e-05
1.98808e-05
1.68593e-05
2.01224e-05
7.78023e-06
1.27777e-05
8.16999e-06
9.14534e-06
8.19539e-06
8.93683e-06
8.23701e-06
8.74378e-06
1.47792e-05
9.54155e-06
1.21841e-05
2.74966e-05
1.94554e-05
1.49123e-05
1.96274e-05
1.58025e-05
9.69837e-06
7.81974e-06
1.02191e-05
1.55059e-05
9.71382e-06
8.07349e-06
1.27718e-05
9.61479e-06
1.17989e-05
1.48828e-05
1.37724e-05
8.06826e-06
1.13285e-05
1.22315e-05
1.09168e-05
1.15361e-05
7.83383e-06
1.05477e-05
1.54673e-05
9.79263e-06
9.07404e-06
9.89545e-06
9.7141e-06
1.07871e-05
8.00768e-06
9.91493e-06
1.50314e-05
1.31798e-05
8.7145e-06
9.94476e-06
1.16361e-05
1.33465e-05
1.76253e-05
2.15831e-05
1.8546e-05
1.9083e-05
1.84954e-05
1.86412e-05
1.83332e-05
1.87713e-05
2.58042e-05
2.45869e-05
2.78511e-05
2.6988e-05
2.63279e-05
2.62e-05
2.58575e-05
2.6333e-05
1.47841e-05
1.51363e-05
7.63747e-06
1.06383e-05
1.48137e-05
1.36543e-05
1.42042e-05
1.24561e-05
2.3289e-05
1.61476e-05
2.00932e-05
9.15307e-06
2.50641e-05
2.30398e-05
2.08966e-05
1.4539e-05
2.24598e-05
1.89622e-05
1.86194e-05
2.37045e-05
2.22927e-05
1.89558e-05
2.27559e-05
1.85166e-05
2.23687e-05
2.38832e-05
2.03985e-05
1.80897e-05
2.24187e-05
2.26066e-05
2.17588e-05
2.20284e-05
1.80343e-05
1.84846e-05
2.33824e-05
1.64078e-05
1.59733e-05
1.7897e-05
1.63897e-05
1.86102e-05
1.70212e-05
1.44678e-05
2.35874e-05
1.97563e-05
1.55702e-05
1.55005e-05
2.25699e-05
2.20365e-05
0.000167714
0.000156669
0.000168427
0.000168342
0.000150035
0.000149285
0.000168399
0.000146952
0.000165681
0.000161435
0.000166014
0.000167461
0.000166752
0.000164633
0.000167437
0.000166169
0.000168334
0.000168129
0.000168453
0.000168203
0.000168311
0.000168324
0.000168279
0.000139066
0.000168175
0.000168193
0.000168014
0.000167856
0.000168106
0.000168149
0.00016792
0.000168014
0.000134473
0.000159142
0.000168373
0.000168366
0.000168324
0.000168393
0.000131263
0.000168369
0.000167185
0.000168004
0.000167387
0.000168302
0.000162697
0.000167886
0.000168016
0.000168007
0.000168318
0.00016823
0.000168262
0.000168078
0.000168233
0.000168273
0.000168197
0.000168206
0.000168329
0.00016819
0.000168129
0.000168137
0.000168218
0.000168202
0.000168151
0.000168085
4.71927e-05
5.33049e-05
8.48714e-05
3.41551e-05
7.5301e-05
5.71582e-05
6.78138e-05
6.16938e-05
6.77329e-05
9.63219e-05
0.000100726
0.000142645
9.04921e-05
8.84465e-05
0.000112356
9.76524e-05
8.90307e-05
0.000112857
6.60883e-05
0.00011145
0.000105264
0.000116189
0.00015972
9.92388e-05
3.37599e-05
0.000129664
6.92761e-05
2.79682e-05
5.64519e-05
6.45806e-05
4.59953e-05
5.90963e-05
8.35255e-05
9.0805e-05
4.46723e-05
6.96422e-05
9.13938e-05
0.000100084
9.72636e-05
5.38795e-05
7.36309e-05
8.85829e-05
0.000118438
8.64343e-05
6.93849e-05
9.669e-05
8.56135e-05
0.000105301
0.000114054
5.67626e-05
9.9184e-05
8.50986e-05
5.44393e-05
5.11447e-05
8.03376e-05
5.60665e-05
6.75097e-05
8.36428e-05
7.32835e-05
0.000129852
0.000105978
0.000104564
0.000152881
0.000113089
0.00012126
0.000115184
0.000121448
0.000146071
0.00016855
0.000163278
0.000156706
0.000168369
0.000125928
0.000123429
0.000167992
0.000168152
0.000168172
0.00016812
0.000168127
0.000168046
0.000146527
0.000167861
0.000167733
0.000167764
0.000167846
0.000167825
0.000167811
0.00016779
0.000159617
0.000162013
0.000167882
0.000163315
0.000168087
0.000168063
0.000168038
0.00016801
0.000168359
0.00016814
0.000168289
0.000168178
0.000168288
0.000168261
0.000161293
0.000168234
0.000161925
0.000168103
0.000167962
0.000168084
0.000168178
0.000168088
0.000168098
0.000167987
0.000168104
0.000168235
0.00016812
0.000167919
0.000160183
0.000168153
0.000167961
0.000168071
0.000168007
0.000167878
0.000168054
0.000167926
0.000167935
0.000167921
0.000167963
0.000167961
0.000167692
0.000167679
0.000167678
0.000167616
0.000167668
0.000167685
0.000167649
0.000167664
0.000167677
0.000167678
0.000167675
0.000167596
0.000167657
0.000167682
0.000167635
0.000167654
0.000167673
0.000167672
0.000167672
0.000167583
0.000167644
0.000167674
0.00016762
0.000167644
0.000167565
0.000167556
0.000167545
0.000167565
0.000167556
0.000167556
0.000167549
0.000167552
0.000167654
0.000167653
0.000167595
0.000167584
0.000167636
0.000167634
0.000167601
0.000167605
0.000167679
0.000167598
0.000167676
0.000167678
0.000167654
0.000167627
0.000167674
0.000167646
0.000167633
0.000167579
0.000167568
0.000167556
0.0001676
0.000167589
0.000167573
0.000167566
0.000167653
0.000167572
0.000167578
0.000167646
0.000167621
0.000167589
0.000167623
0.000167584
3.39141e-06
9.4824e-06
5.28905e-06
9.69325e-06
6.62634e-06
6.65079e-06
7.03048e-06
6.95938e-06
8.2281e-06
8.34898e-06
1.40288e-05
1.20695e-05
9.89758e-06
7.78019e-06
1.7863e-05
1.90841e-05
6.58432e-06
8.49159e-06
6.67007e-06
9.1125e-06
7.06592e-06
7.06709e-06
7.10938e-06
7.10814e-06
1.35192e-05
6.65386e-06
1.12712e-05
1.23902e-05
1.24476e-05
7.301e-06
7.44119e-06
1.84147e-05
1.21395e-05
7.10233e-06
1.12503e-05
1.85947e-05
1.05377e-05
8.0731e-06
1.46074e-05
1.13454e-05
9.74252e-06
1.65086e-05
1.02607e-05
7.12815e-06
1.10668e-05
1.24859e-05
8.99805e-06
1.02293e-05
7.03293e-06
9.84312e-06
1.20365e-05
9.78469e-06
9.06219e-06
1.03777e-05
1.00627e-05
1.1603e-05
7.0833e-06
9.92687e-06
1.64187e-05
9.77226e-06
7.75521e-06
1.01175e-05
9.6133e-06
1.30142e-05
6.70995e-06
8.51954e-06
6.95657e-06
8.14811e-06
6.89026e-06
7.21546e-06
6.8903e-06
7.12397e-06
1.44651e-05
1.08783e-05
1.29688e-05
2.18067e-05
1.62361e-05
2.04016e-05
1.62574e-05
1.89878e-05
7.25622e-06
1.28594e-05
8.09529e-06
8.35968e-06
7.61535e-06
8.84315e-06
7.60537e-06
8.53411e-06
1.17666e-05
1.79021e-05
1.06583e-05
1.9923e-05
1.38775e-05
1.21557e-05
1.39953e-05
1.25764e-05
9.07368e-06
7.2212e-06
8.88861e-06
1.2909e-05
9.07819e-06
7.54627e-06
1.10556e-05
8.79137e-06
1.01664e-05
1.31143e-05
1.27902e-05
7.63043e-06
9.84099e-06
1.08722e-05
9.78723e-06
1.03071e-05
7.2293e-06
8.97029e-06
1.29611e-05
8.79264e-06
8.21864e-06
8.88745e-06
8.789e-06
9.6043e-06
7.51541e-06
8.95652e-06
1.30787e-05
1.21091e-05
8.05895e-06
9.02097e-06
1.03164e-05
1.17602e-05
0.000137507
9.50163e-05
6.32118e-05
4.81381e-05
4.39362e-05
4.59793e-05
4.49781e-05
3.65968e-05
6.03606e-05
2.66415e-05
2.22996e-05
1.31612e-05
1.60674e-05
1.53361e-05
1.41541e-05
1.3872e-05
6.32753e-05
2.29157e-05
2.31429e-05
1.25712e-05
2.0095e-05
1.34712e-05
1.22424e-05
1.52198e-05
3.03686e-05
1.32339e-05
7.1962e-06
1.88642e-05
2.86723e-05
3.44348e-05
5.42997e-05
1.79136e-05
2.55918e-05
2.79096e-05
2.85083e-05
1.81284e-05
2.52172e-05
3.61434e-05
2.45458e-05
4.7078e-05
2.81816e-05
3.10164e-05
1.48058e-05
2.73526e-05
2.15449e-05
2.44049e-05
4.79773e-05
1.54901e-05
2.63392e-05
3.55939e-05
1.96763e-05
8.75807e-05
2.13524e-05
2.38868e-05
2.15396e-05
1.83193e-05
1.99741e-05
7.47025e-06
1.16158e-05
1.08807e-05
1.80648e-05
2.15909e-05
1.20451e-05
1.17854e-05
6.93901e-05
6.58449e-05
9.1385e-05
5.24488e-05
7.12279e-05
6.50633e-05
7.5477e-05
0.000124412
5.01042e-05
3.99057e-05
8.61408e-05
3.58858e-05
4.26795e-05
3.49019e-05
3.3251e-05
5.28771e-05
0.000113763
8.99743e-05
7.71914e-05
4.39935e-05
9.24728e-05
0.000105607
0.000115325
0.000104617
3.62721e-05
2.67782e-05
3.72311e-05
2.11742e-05
2.5028e-05
2.55734e-05
3.07166e-05
3.18761e-05
6.45343e-05
7.24049e-05
3.53262e-05
3.55014e-05
5.31232e-05
0.000104751
4.23121e-05
4.34069e-05
5.12553e-05
3.40293e-05
6.22403e-05
8.25436e-05
9.0063e-05
6.02566e-05
9.98535e-05
0.00010853
9.60517e-05
4.0532e-05
3.41459e-05
4.86879e-05
5.48229e-05
5.74303e-05
3.78189e-05
6.7243e-05
9.38328e-05
5.06966e-05
4.7822e-05
7.40943e-05
0.000135347
5.78811e-05
6.74403e-05
0.000116518
4.06072e-05
2.52825e-05
2.0095e-05
2.08817e-05
1.75549e-05
2.48005e-05
1.71419e-05
2.38307e-05
1.59846e-05
1.17245e-05
9.37909e-06
1.52924e-05
1.55645e-05
1.23141e-05
1.55853e-05
1.20196e-05
1.18594e-05
9.18743e-06
8.49922e-06
1.21274e-05
1.19003e-05
9.77448e-06
1.18954e-05
9.71889e-06
2.25015e-05
2.44634e-05
2.44613e-05
5.58617e-05
1.49584e-05
2.50772e-05
1.58195e-05
2.84044e-05
2.5306e-05
2.05012e-05
1.61246e-05
2.47841e-05
2.54114e-05
2.47362e-05
2.57389e-05
2.72841e-05
1.6614e-05
1.67972e-05
1.03413e-05
1.38379e-05
1.59273e-05
1.60204e-05
1.34574e-05
1.31318e-05
2.04301e-05
1.41337e-05
2.26979e-05
2.24199e-05
2.14438e-05
2.61985e-05
2.23832e-05
2.71109e-05
1.3494e-05
1.41141e-05
1.61911e-05
1.0096e-05
1.37462e-05
1.45846e-05
1.30935e-05
1.28189e-05
0.000167407
0.000167443
0.000164583
0.000168197
0.000167695
0.000167031
0.000167706
0.000166847
0.000167685
0.000168009
0.000167182
0.000168035
0.000167982
0.000167906
0.000167973
0.000167878
0.000156125
0.000161685
0.000139412
0.000166704
0.000160139
0.000157374
0.000160225
0.000156657
0.000168111
0.000167954
0.000168145
0.000167848
0.000167985
0.000168012
0.000167967
0.000168014
0.000167813
0.000165685
0.000168155
0.000168036
0.000167826
0.000167487
0.000168062
0.000168081
0.000167355
0.000168065
0.000166358
0.000163685
0.000167236
0.000167818
0.00016541
0.000167022
0.00016576
0.000168137
0.000168015
0.000167978
0.00016783
0.000168081
0.000168003
0.000168047
0.000163165
0.0001679
0.000168082
0.000166194
0.000165749
0.000167872
0.000167116
0.000168029
8.43312e-06
8.62362e-06
1.00641e-05
9.68583e-06
8.59011e-06
8.64805e-06
8.92939e-06
8.94657e-06
8.96479e-06
9.46753e-06
1.16571e-05
1.08098e-05
9.20679e-06
9.38634e-06
9.90925e-06
9.98246e-06
1.46375e-05
1.65962e-05
1.62214e-05
2.2254e-05
1.56577e-05
1.65692e-05
1.91103e-05
2.01225e-05
1.3974e-05
1.46237e-05
1.88214e-05
1.94429e-05
1.40712e-05
1.44692e-05
1.42463e-05
1.51965e-05
8.83322e-06
1.04167e-05
9.90895e-06
1.05084e-05
9.40036e-06
9.21607e-06
1.01175e-05
1.01463e-05
8.94743e-06
1.08029e-05
1.16041e-05
1.07087e-05
9.43097e-06
9.74498e-06
1.07407e-05
1.12353e-05
1.14303e-05
1.10546e-05
1.21222e-05
1.54544e-05
1.33065e-05
1.11894e-05
1.40999e-05
1.17309e-05
1.15668e-05
1.60707e-05
1.23068e-05
1.2959e-05
1.22776e-05
1.45817e-05
1.2654e-05
1.4647e-05
5.12106e-06
5.47926e-06
1.369e-05
9.11513e-06
6.72471e-06
8.01254e-06
8.95822e-06
5.16876e-06
1.19417e-05
2.9907e-05
1.20318e-05
3.90477e-06
8.37347e-06
2.08733e-05
1.17365e-05
1.02799e-05
1.56605e-05
1.54353e-05
2.97205e-05
9.3251e-06
9.88631e-06
1.71373e-05
1.26364e-05
1.20867e-05
1.03203e-05
3.01646e-06
5.64063e-06
6.14157e-06
4.60334e-06
3.53187e-06
5.03201e-06
3.71778e-06
3.44337e-06
4.34914e-06
1.33792e-05
8.78604e-06
5.22709e-06
6.09308e-06
3.68957e-06
6.71363e-06
1.03899e-05
8.59262e-06
1.16401e-05
4.84811e-06
5.50068e-06
7.79644e-06
1.69535e-05
9.12811e-06
4.41454e-06
7.53935e-06
5.68057e-06
5.66078e-06
8.07371e-06
4.72491e-06
1.03938e-05
5.02149e-06
7.61597e-06
6.86701e-06
6.09779e-06
1.84941e-05
1.20833e-05
7.31267e-06
1.08203e-05
7.5143e-06
1.03108e-05
5.92414e-06
1.40656e-05
7.16847e-06
1.59306e-05
7.78483e-06
9.96406e-06
1.42469e-05
3.18567e-06
2.11027e-06
4.12719e-06
4.46336e-06
2.2253e-06
4.79987e-06
2.96172e-06
9.36611e-06
1.08337e-05
4.78574e-06
1.90401e-05
1.06012e-05
1.19465e-05
8.61417e-06
1.36816e-05
1.10246e-05
2.04408e-05
9.03619e-06
8.9566e-06
1.05503e-05
1.15182e-05
9.55402e-06
1.15155e-05
1.70617e-05
3.74337e-06
1.33925e-05
9.42251e-06
3.41506e-06
3.01528e-06
1.43659e-05
6.96081e-06
8.00528e-06
3.64689e-06
5.69628e-06
4.78744e-06
1.24778e-05
2.34911e-06
2.64827e-06
5.96157e-06
2.56551e-06
1.15495e-05
1.21613e-05
4.67177e-06
1.30931e-05
1.286e-05
7.76203e-06
7.88223e-06
8.826e-06
1.24562e-05
1.49959e-05
1.47487e-05
3.5612e-06
1.81745e-05
1.67552e-05
5.00699e-06
5.28334e-06
0.00016768
0.000167691
0.000167709
0.000167662
0.000167678
0.000167699
0.000167673
0.000167691
0.00016771
0.000167751
0.000167758
0.000167807
0.000167772
0.000160407
0.000167806
0.000166113
0.00016776
0.000167775
0.000112449
0.000120863
0.00015232
0.000164496
0.000152201
0.00013799
0.000167811
0.000167893
0.000141203
0.000159808
0.000127859
0.000145433
0.000139532
0.000127075
0.0001677
0.000167736
0.000167749
0.000167822
0.000167705
0.000167701
0.00016771
0.000167734
0.000167719
0.000155323
0.000167764
0.000167731
0.000167726
0.000167777
0.000167719
0.000167791
0.00016776
0.000167792
0.000167866
0.000148652
0.000167799
0.00016779
0.000157521
0.000167852
0.000167766
0.00014094
0.000137442
0.000167814
0.000167812
0.000148107
0.000167827
0.00016785
8.85009e-06
1.26093e-05
1.29604e-05
1.24854e-05
1.21242e-05
1.22002e-05
1.24321e-05
1.27083e-05
1.6964e-05
1.30842e-05
2.20872e-05
2.1933e-05
3.03209e-05
3.22574e-05
3.20791e-05
3.2744e-05
1.90703e-05
2.68104e-05
2.91045e-05
2.83387e-05
2.50809e-05
2.54242e-05
2.87833e-05
2.66426e-05
1.76001e-05
1.74092e-05
1.94572e-05
1.562e-05
1.46519e-05
2.04758e-05
1.15897e-05
1.0795e-05
1.56541e-05
1.6512e-05
1.56837e-05
2.16577e-05
1.5598e-05
1.63322e-05
1.53595e-05
1.60436e-05
1.58722e-05
2.28431e-05
2.36304e-05
1.66263e-05
1.56765e-05
2.26791e-05
1.58544e-05
2.25808e-05
1.86662e-05
1.80024e-05
1.85798e-05
2.88759e-05
1.89531e-05
1.86637e-05
2.40718e-05
2.20581e-05
1.88539e-05
2.59166e-05
2.52012e-05
2.61095e-05
2.51156e-05
2.47449e-05
2.42407e-05
2.54648e-05
0.000168598
0.000168518
0.00016851
0.000110417
0.000117476
0.000168525
0.000158865
0.000142932
0.000168351
0.000168185
0.00016824
0.000168046
0.000136949
0.000168217
0.000168129
0.000137259
0.000168428
0.000168301
0.000167241
0.000168146
0.000150275
0.000168343
0.000168274
0.000126854
0.000151611
0.000167911
0.000167939
0.000167785
0.000167902
0.000167919
0.000167832
0.000164573
0.000113059
0.000135206
0.000147633
0.000168049
0.000168276
0.000168303
0.000168176
0.000165975
0.000168358
0.000168061
0.000168267
0.000168426
0.000132731
0.000168176
0.000168385
0.000139268
0.00014619
0.00016558
0.000167966
0.000168022
0.000151261
0.000142851
0.000168101
0.000167993
0.000130161
0.000131895
0.000168008
0.000129461
0.000168208
0.000168117
0.000168172
0.000168081
1.6627e-05
1.97704e-05
3.45243e-05
1.6115e-05
1.0416e-05
1.43511e-05
1.28887e-05
1.57047e-05
1.42579e-05
3.01396e-05
2.87173e-05
1.27223e-05
1.14052e-05
1.5066e-05
1.42565e-05
1.53889e-05
5.09062e-05
6.00281e-05
0.000100108
4.08996e-05
3.68519e-05
5.31022e-05
7.11961e-05
5.1517e-05
6.1005e-06
1.25602e-05
2.36759e-05
2.84181e-05
2.8698e-05
1.6761e-05
2.28716e-05
2.30216e-05
9.3438e-06
2.07505e-05
1.12217e-05
1.15717e-05
1.22166e-05
1.53239e-05
1.47731e-05
1.99777e-05
1.38744e-05
1.96988e-05
2.63419e-05
2.73341e-05
1.52034e-05
1.87093e-05
2.95366e-05
2.19945e-05
3.35138e-05
5.40666e-05
1.32919e-05
3.80814e-05
1.68534e-05
2.01482e-05
2.01277e-05
1.31555e-05
2.83665e-05
3.03194e-05
1.67052e-05
2.80234e-05
3.46644e-05
4.53544e-05
2.74224e-05
2.096e-05
0.000167741
0.000167645
0.000143094
0.000166694
0.000120454
0.000109088
0.000111284
9.7098e-05
8.60416e-05
1.9491e-05
1.87305e-05
9.675e-06
2.18863e-05
1.50467e-05
1.53265e-05
1.13821e-05
7.30603e-05
4.97582e-05
3.00402e-05
4.34101e-05
3.62117e-05
3.7205e-05
3.50828e-05
3.34239e-05
4.10079e-05
1.49909e-05
3.26867e-05
2.15082e-05
2.4708e-05
1.74275e-05
2.31255e-05
1.75034e-05
4.8138e-05
5.46569e-05
3.39816e-05
2.6919e-05
3.97587e-05
0.000104171
3.05026e-05
2.45757e-05
4.42171e-05
1.52578e-05
3.46932e-05
6.18607e-05
3.45314e-05
4.12591e-05
4.78554e-05
3.33279e-05
5.64209e-05
3.19819e-05
1.73791e-05
2.97622e-05
4.1354e-05
3.02944e-05
3.29403e-05
3.72862e-05
5.48703e-05
2.46259e-05
1.39126e-05
3.4552e-05
6.03859e-05
2.33225e-05
3.50135e-05
1.62383e-05
2.238e-05
7.80742e-05
4.69413e-05
1.03631e-05
7.51671e-05
4.05487e-05
3.07896e-05
4.10179e-05
0.000138618
0.0001677
0.000167754
6.93005e-05
0.000167612
0.000167704
0.000167684
0.000167755
4.01942e-05
9.96068e-05
5.80993e-05
3.14163e-05
5.06725e-05
6.53759e-05
6.72295e-05
4.0673e-05
9.07938e-06
1.96176e-05
1.50476e-05
6.72247e-06
3.5364e-05
1.6792e-05
2.01565e-05
2.71671e-05
0.000135158
6.86644e-05
2.47637e-05
6.5283e-05
9.32883e-05
4.80971e-05
5.02076e-05
3.44653e-05
0.000167702
4.91375e-05
0.000164938
9.03092e-05
0.000103945
0.000102368
0.000110417
9.8189e-05
7.12952e-05
2.49911e-05
2.18772e-05
1.89008e-05
1.84448e-05
2.69038e-05
2.2009e-05
1.8096e-05
3.91777e-05
2.08909e-05
0.000133529
0.000162631
6.06748e-05
3.05591e-05
0.000151633
6.17369e-05
3.6513e-05
5.45553e-05
7.4924e-05
2.34127e-05
5.23577e-05
4.68342e-05
3.34911e-05
5.65722e-05
0.000116784
5.84298e-05
0.000124346
8.59159e-05
0.0001175
5.99886e-05
7.61033e-05
0.000128805
8.81651e-05
0.000152768
0.000111189
5.54054e-05
0.000111804
0.000109498
0.000110784
9.40145e-05
2.49445e-05
3.49863e-05
3.34983e-05
1.18015e-05
2.35164e-05
3.18487e-05
2.15758e-05
3.40671e-05
7.59819e-05
0.000102604
4.81802e-05
8.47007e-05
0.000109911
0.000120198
7.05776e-05
3.89588e-05
0.000129418
7.12875e-05
0.000115263
8.49418e-05
0.000101377
8.038e-05
0.000108059
0.000130618
8.51501e-05
2.90164e-05
8.35347e-05
6.85902e-05
4.67543e-05
5.5359e-05
6.69282e-05
0.000133261
9.35555e-05
5.05801e-05
6.65675e-05
0.00015006
7.6239e-05
6.96956e-05
0.000110739
5.06223e-05
5.55914e-06
3.07546e-06
5.91629e-06
4.34114e-06
3.58992e-06
3.14135e-06
9.64063e-06
5.28005e-06
4.28491e-06
7.77403e-06
4.76131e-06
7.03491e-06
5.73684e-06
6.51366e-06
5.20831e-06
5.68479e-06
3.87475e-06
1.89548e-06
1.90049e-06
4.14527e-06
2.54708e-06
2.79663e-06
5.45397e-06
2.13361e-06
4.29038e-06
6.55002e-06
2.69412e-06
7.61164e-06
5.64929e-06
9.75631e-06
3.37277e-06
6.36331e-06
4.55165e-06
3.47805e-06
4.77309e-06
5.07368e-06
6.87578e-06
4.8341e-06
6.79717e-06
5.90339e-06
4.75599e-06
5.69337e-06
2.54732e-06
4.06996e-06
9.77673e-06
7.37509e-06
5.20823e-06
2.72723e-06
6.17441e-06
4.83553e-06
7.89409e-06
5.27889e-06
5.05054e-06
8.04008e-06
7.1098e-06
4.83771e-06
2.77687e-06
4.10897e-06
3.95146e-06
2.56435e-06
2.07372e-06
3.85036e-06
2.94589e-06
3.36537e-06
7.11337e-06
1.13183e-05
9.95145e-06
1.21225e-05
1.11806e-05
1.11942e-05
1.12384e-05
1.11777e-05
1.64471e-05
2.60661e-05
2.76169e-05
2.57955e-05
2.38491e-05
2.57458e-05
2.52692e-05
2.60742e-05
1.67321e-05
1.64801e-05
1.90941e-05
1.06456e-05
2.46582e-05
3.65625e-05
1.54518e-05
1.64455e-05
1.68952e-05
1.44774e-05
1.08342e-05
3.31421e-05
2.46481e-05
1.23626e-05
2.5971e-05
2.70124e-05
1.6595e-05
1.40288e-05
1.6316e-05
2.4418e-05
1.62315e-05
1.57916e-05
1.66029e-05
1.61088e-05
1.63269e-05
2.53682e-05
2.72914e-05
1.4549e-05
1.6105e-05
2.14679e-05
1.48172e-05
1.89329e-05
1.43376e-05
1.51794e-05
1.82401e-05
1.52109e-05
1.43094e-05
1.54034e-05
1.73305e-05
1.25273e-05
1.48981e-05
2.49987e-05
2.58238e-05
2.13406e-05
1.54043e-05
1.87412e-05
2.70066e-05
2.07054e-05
1.08295e-05
1.11795e-05
3.5414e-06
7.89154e-06
7.83692e-06
7.35778e-06
7.42845e-06
7.38127e-06
1.14355e-05
1.55741e-05
1.15171e-05
8.44984e-06
1.39317e-05
1.12369e-05
1.42699e-05
1.28827e-05
2.65271e-06
4.89368e-06
2.27388e-06
4.11657e-06
1.91024e-06
3.38638e-06
2.49548e-06
3.54242e-06
6.16987e-06
8.3749e-06
4.70638e-06
1.14648e-05
1.40232e-05
1.06693e-05
7.70819e-06
5.97742e-06
9.96581e-06
3.63821e-06
6.07688e-06
4.67308e-06
1.09128e-05
6.73851e-06
9.76144e-06
8.05247e-06
1.0109e-05
4.3089e-06
6.005e-06
3.76908e-06
7.75316e-06
5.49061e-06
8.31123e-06
2.17337e-06
4.36602e-06
5.79177e-06
7.92437e-06
7.44576e-06
4.68308e-06
6.50013e-06
8.75499e-06
7.59486e-06
3.40515e-06
4.15952e-06
4.78911e-06
4.49741e-06
4.01878e-06
8.27301e-06
2.82381e-06
5.52557e-06
9.98665e-05
0.000104998
6.72919e-05
7.37887e-05
9.07156e-05
0.000109607
6.94434e-05
6.71076e-05
6.91853e-05
4.09771e-05
4.57851e-05
2.94731e-05
2.65246e-05
3.8503e-05
4.40981e-05
4.5794e-05
7.91015e-05
7.07524e-05
7.35317e-05
5.60992e-05
6.8839e-05
6.05145e-05
4.85481e-05
8.14307e-05
4.51009e-05
4.18909e-05
4.42108e-05
2.69133e-05
2.62448e-05
3.54742e-05
2.79409e-05
3.53341e-05
7.03915e-05
5.04231e-05
6.95031e-05
4.03675e-05
7.50518e-05
8.3444e-05
7.09775e-05
7.93599e-05
9.23613e-05
6.02289e-05
4.03404e-05
8.80341e-05
5.3863e-05
8.47672e-05
6.52216e-05
3.24365e-05
5.79515e-05
4.61678e-05
5.3945e-05
6.56509e-05
4.4212e-05
6.19859e-05
4.82337e-05
6.35631e-05
7.26774e-05
4.87688e-05
4.05063e-05
0.000102586
6.11811e-05
5.29119e-05
3.75184e-05
4.0547e-05
8.67785e-06
9.87488e-06
8.16223e-06
1.08856e-05
8.65539e-06
8.5364e-06
8.76385e-06
8.40581e-06
1.10359e-05
1.07436e-05
1.03887e-05
1.14722e-05
1.09736e-05
1.0782e-05
1.09577e-05
1.06902e-05
7.80196e-06
8.78669e-06
7.79621e-06
7.79559e-06
7.80398e-06
7.80167e-06
7.82183e-06
7.75106e-06
1.99632e-05
1.97172e-05
1.68575e-05
1.10073e-05
1.97684e-05
1.89657e-05
2.00431e-05
1.86834e-05
9.80851e-06
8.14395e-06
1.08125e-05
1.31934e-05
9.94382e-06
8.56958e-06
1.31739e-05
1.02569e-05
9.68598e-06
1.26105e-05
9.28651e-06
8.07152e-06
9.59292e-06
9.80082e-06
9.31795e-06
9.34597e-06
8.22327e-06
1.12318e-05
1.35786e-05
9.42594e-06
9.25273e-06
1.00167e-05
9.21268e-06
1.03654e-05
7.97266e-06
8.79441e-06
1.25825e-05
9.20971e-06
8.09601e-06
8.93891e-06
9.42519e-06
1.13165e-05
5.78614e-06
1.17837e-05
8.26114e-06
5.51006e-06
8.28064e-06
1.09496e-05
3.42594e-06
5.40856e-06
3.83458e-06
2.10765e-06
2.54196e-06
5.49738e-06
6.76512e-06
2.46835e-06
5.07072e-06
2.123e-06
5.83406e-06
5.44746e-06
7.30677e-06
1.29871e-05
1.09186e-05
4.2433e-06
7.33928e-06
7.22023e-06
5.79098e-06
9.85553e-06
1.62269e-05
1.47238e-05
5.04955e-06
6.45842e-06
6.80249e-06
6.10278e-06
6.68082e-06
6.0911e-06
3.57716e-06
4.53553e-06
7.76317e-06
5.99699e-06
6.28356e-06
7.20833e-06
6.45976e-06
4.02362e-06
2.4528e-06
4.78197e-06
4.55701e-06
3.0926e-06
6.1511e-06
4.12593e-06
5.63043e-06
5.517e-06
7.4054e-06
5.02299e-06
9.80903e-06
6.03397e-06
5.5498e-06
5.87377e-06
6.4755e-06
8.36034e-06
6.70376e-06
3.0789e-06
6.4822e-06
6.0725e-06
3.94109e-06
9.2104e-06
0.00016767
0.00016767
0.000167667
0.000167584
0.000167641
0.000167671
0.000167617
0.000167636
0.000167668
0.000167667
0.000167671
0.000167578
0.000167636
0.000167668
0.000167612
0.000167637
0.000167672
0.00016768
0.000167718
0.000167644
0.000167651
0.000167679
0.000167644
0.000167677
0.000167549
0.000167549
0.000167586
0.000167591
0.000167549
0.000167555
0.000167558
0.000167565
0.000167638
0.000167639
0.000167572
0.000167561
0.000167615
0.000167613
0.000167574
0.000167584
0.00016767
0.00016758
0.000167671
0.000167669
0.000167635
0.000167613
0.000167667
0.00016764
0.000167614
0.000167565
0.000167554
0.000167576
0.000167583
0.000167571
0.000167577
0.000167571
0.000167638
0.000167602
0.00016757
0.000167649
0.000167623
0.000167594
0.000167622
0.000167593
5.19788e-06
4.4727e-06
8.64131e-06
6.07351e-06
4.41804e-06
5.27451e-06
3.44134e-06
4.46131e-06
5.10996e-06
2.77901e-06
4.84484e-06
9.67917e-06
1.09115e-05
6.02343e-06
5.58241e-06
2.85963e-06
7.64762e-06
5.83295e-06
7.29973e-06
1.13052e-05
8.06081e-06
4.96464e-06
8.64576e-06
6.38701e-06
5.40935e-06
2.75869e-05
1.9523e-05
1.59949e-05
6.1379e-06
8.15073e-06
9.67073e-06
7.22823e-06
5.65125e-06
8.6148e-06
5.34603e-06
5.96686e-06
5.87941e-06
8.33555e-06
9.3543e-06
5.73703e-06
6.74604e-06
4.31304e-06
3.19136e-06
6.54168e-06
5.00537e-06
4.29646e-06
6.79444e-06
3.40365e-06
7.85422e-06
5.52147e-06
8.53981e-06
8.41882e-06
1.04534e-05
5.70383e-06
6.50117e-06
9.36171e-06
7.39105e-06
5.80809e-06
3.25791e-06
3.12545e-06
7.02826e-06
5.97624e-06
4.21391e-06
1.79359e-05
1.24899e-05
1.27406e-05
1.28016e-05
1.39804e-05
1.22867e-05
1.26942e-05
1.26506e-05
1.27281e-05
1.13825e-05
8.89505e-06
9.53062e-06
9.2633e-06
9.96603e-06
9.20472e-06
9.85189e-06
9.46933e-06
1.22749e-05
9.91647e-06
1.02589e-05
1.15516e-05
1.06632e-05
1.00806e-05
1.0735e-05
1.0267e-05
1.60589e-05
1.7147e-05
1.90589e-05
7.88387e-06
2.00928e-05
1.78644e-05
2.15358e-05
1.85783e-05
1.27316e-05
1.30538e-05
1.4184e-05
1.16102e-05
1.27972e-05
1.3008e-05
1.27316e-05
1.3202e-05
1.16671e-05
9.79204e-06
9.70621e-06
1.21363e-05
1.19157e-05
1.00232e-05
1.19562e-05
1.02328e-05
1.30991e-05
1.49642e-05
1.21827e-05
1.38986e-05
1.3493e-05
1.34785e-05
1.31136e-05
1.29091e-05
1.22464e-05
1.14313e-05
1.02849e-05
9.89156e-06
1.04912e-05
1.08433e-05
1.02385e-05
1.02963e-05
6.50265e-05
3.85309e-05
4.42339e-05
2.87665e-05
7.71233e-05
6.25236e-05
5.70201e-05
5.94959e-05
3.04045e-05
3.62349e-05
0.000113817
3.0569e-05
5.72762e-05
6.09056e-05
6.14676e-05
5.93712e-05
4.63912e-05
0.000145221
6.15392e-05
6.7416e-05
7.31897e-05
0.000149881
0.000143208
6.0191e-05
1.82848e-05
1.74214e-05
8.67475e-05
1.31673e-05
2.46853e-05
3.17302e-05
3.48664e-05
3.4485e-05
7.97314e-05
5.5764e-05
3.85531e-05
4.20164e-05
8.14612e-05
4.59737e-05
2.43297e-05
7.60047e-05
9.28684e-05
5.83398e-05
6.72247e-05
0.000111335
9.85394e-05
9.94229e-05
0.000128625
0.000124748
7.44256e-05
6.84933e-05
3.8508e-05
6.45354e-05
0.000125472
7.12022e-05
5.85473e-05
4.14352e-05
7.23218e-05
5.24364e-05
3.7387e-05
8.34841e-05
5.08032e-05
6.58617e-05
6.99799e-05
4.68942e-05
1.06352e-05
1.14011e-05
3.51652e-06
9.04462e-06
4.97063e-06
6.97896e-06
6.06515e-06
6.58194e-06
7.88521e-06
1.76833e-05
5.65978e-06
1.00874e-05
6.32359e-06
1.4857e-05
7.19386e-06
7.63705e-06
5.3679e-06
4.89218e-06
2.14747e-06
2.77839e-06
2.20708e-06
3.55343e-06
2.71328e-06
3.1191e-06
9.28943e-06
9.02496e-06
7.19732e-06
1.53101e-05
5.52122e-06
8.064e-06
7.85526e-06
7.79402e-06
6.88152e-06
6.36131e-06
8.27396e-06
3.52754e-06
6.08777e-06
9.63379e-06
1.18951e-05
1.28157e-05
8.09707e-06
1.59432e-05
4.18004e-06
6.29224e-06
4.34677e-06
6.16042e-06
4.27513e-06
2.76812e-06
5.61046e-06
1.15866e-05
3.53385e-06
3.31907e-06
8.20757e-06
9.13999e-06
2.1077e-06
5.45385e-06
7.23661e-06
2.8262e-06
4.5011e-06
4.09401e-06
6.46963e-06
3.18538e-06
3.12788e-06
4.59591e-06
0.000168115
0.000166916
0.000167699
0.000167709
0.000167803
0.000167776
0.000167742
0.00016762
0.000145133
6.78064e-05
6.93343e-05
7.01594e-05
0.000101725
9.61639e-05
0.000104
8.927e-05
0.00016373
5.37293e-05
2.06726e-05
6.15777e-05
0.00014933
9.74799e-05
8.18333e-05
0.000125824
0.000102209
6.49982e-05
5.54409e-05
2.32354e-05
5.69886e-05
4.92457e-05
3.41338e-05
5.80565e-05
0.000108308
0.000165978
0.000165618
6.8139e-05
0.000131973
0.000146911
0.000105933
0.000118312
0.000122901
6.68866e-05
0.000129525
0.000165524
0.000131876
0.000134105
0.000161296
8.09279e-05
0.000164965
0.00014178
6.73802e-05
6.09222e-05
0.000164383
0.000106254
6.98826e-05
8.60144e-05
0.000163522
4.68095e-05
3.98579e-05
5.42569e-05
0.000149081
6.03123e-05
8.56769e-05
5.01643e-05
9.61395e-05
0.000133524
0.000130057
0.000157011
0.000122726
0.000124834
0.00013636
0.000136207
0.000158145
0.000161906
0.000116856
0.000167639
9.33662e-05
0.000111928
0.000123051
8.74098e-05
0.000114718
0.000116531
0.00010706
8.95344e-05
0.00010972
0.000155802
0.000100963
0.000100897
0.000126386
0.000166676
0.000136334
0.000142119
9.63071e-05
0.000126365
9.3051e-05
9.22136e-05
0.000129577
0.00014498
9.10459e-05
0.000109823
0.000159793
0.000153702
0.000149425
0.0001384
0.000145334
0.000167143
0.000161393
0.000145967
0.00013448
0.000123622
0.00015261
0.000121035
0.000150404
8.98793e-05
0.000131081
9.99956e-05
9.74855e-05
9.96042e-05
0.000103268
0.000158158
0.00012874
8.28937e-05
0.000120153
0.000101274
0.000158964
0.000130616
0.000158114
0.000166905
9.90433e-06
9.10286e-06
2.18056e-05
1.13982e-05
1.2627e-05
9.73483e-06
1.10977e-05
1.38642e-05
9.2299e-06
1.36072e-05
2.90358e-05
1.47272e-05
9.82835e-06
7.45482e-06
6.89662e-06
8.33238e-06
2.88631e-05
3.22383e-05
2.91182e-05
2.25706e-05
2.79111e-05
2.05156e-05
2.2594e-05
2.13401e-05
1.55072e-05
1.26631e-05
1.23255e-05
2.19728e-05
2.28194e-05
1.1992e-05
1.74492e-05
1.00391e-05
8.51978e-06
1.52575e-05
1.05092e-05
1.26075e-05
7.13455e-06
1.26047e-05
1.33879e-05
9.11665e-06
7.97923e-06
1.11051e-05
1.53764e-05
1.57166e-05
1.13231e-05
7.88115e-06
2.83714e-05
1.55546e-05
1.54325e-05
1.66141e-05
1.42304e-05
1.9117e-05
1.16472e-05
1.24359e-05
1.79357e-05
1.21193e-05
1.78925e-05
1.53613e-05
1.04784e-05
1.51969e-05
2.70179e-05
2.75991e-05
1.98191e-05
1.62999e-05
1.8221e-05
1.64141e-05
1.40082e-05
2.15143e-05
1.80671e-05
1.72744e-05
1.99725e-05
1.9047e-05
1.44313e-05
1.24174e-05
1.341e-05
1.93455e-05
1.42784e-05
1.32447e-05
1.5509e-05
1.41337e-05
9.94533e-06
9.83933e-06
9.72781e-06
1.22131e-05
9.94122e-06
9.84283e-06
1.00918e-05
9.62976e-06
2.34752e-05
1.47079e-05
2.16925e-05
7.50637e-06
2.34744e-05
2.26187e-05
2.47555e-05
2.21091e-05
1.63155e-05
1.38531e-05
2.12415e-05
1.94204e-05
1.80316e-05
1.91778e-05
2.00599e-05
2.06839e-05
1.54521e-05
1.95786e-05
1.33736e-05
1.36222e-05
1.721e-05
1.72991e-05
1.35741e-05
1.35087e-05
1.42924e-05
2.21218e-05
1.90896e-05
1.61137e-05
1.63909e-05
2.09617e-05
1.61401e-05
2.08436e-05
1.36214e-05
1.50378e-05
1.80321e-05
1.31862e-05
1.37634e-05
1.6036e-05
1.37152e-05
1.63848e-05
0.000167754
0.000167762
0.000130182
0.000107821
0.000167816
0.00013621
0.000125004
0.000124912
0.000139345
4.13561e-05
9.08023e-05
8.10922e-05
7.69109e-05
7.0203e-05
4.24e-05
4.10038e-05
0.000119165
4.39322e-05
2.16748e-05
1.46511e-05
3.69684e-05
4.10331e-05
2.03943e-05
1.93994e-05
8.00935e-05
6.03956e-05
1.38289e-05
3.30411e-05
2.21795e-05
2.55961e-05
2.31572e-05
2.13601e-05
0.000125891
0.000111779
3.45085e-05
3.69864e-05
0.00011676
0.000130691
8.22714e-05
3.32309e-05
0.000124844
3.4318e-05
7.08297e-05
0.000118708
0.000108493
6.07202e-05
0.000115052
5.94472e-05
0.000102297
3.4082e-05
3.99588e-05
2.1745e-05
3.0388e-05
2.91103e-05
2.77596e-05
5.14729e-05
8.49023e-05
2.2481e-05
3.52831e-05
2.94838e-05
7.01976e-05
2.80785e-05
3.46244e-05
3.18797e-05
5.16424e-06
3.32497e-06
4.73342e-06
4.90858e-06
2.98654e-06
7.43476e-06
6.63267e-06
5.06916e-06
6.63656e-06
8.77703e-06
3.96548e-05
1.25323e-05
9.20283e-06
1.00144e-05
1.02391e-05
1.09765e-05
1.0774e-05
8.06537e-05
3.30576e-05
1.56528e-05
1.474e-05
1.64021e-05
2.23754e-05
1.60795e-05
1.02461e-05
1.30454e-05
1.05618e-05
2.82502e-05
1.24126e-05
1.59013e-05
1.52982e-05
1.32935e-05
6.38698e-06
5.35925e-06
4.51926e-06
1.00143e-05
8.84801e-06
5.08093e-06
6.40119e-06
6.07497e-06
7.19284e-06
1.21412e-05
1.20636e-05
7.85027e-06
7.65194e-06
8.19045e-06
7.2974e-06
9.84357e-06
8.70866e-06
8.21858e-06
1.32106e-05
1.52322e-05
1.01386e-05
6.99372e-06
1.04269e-05
9.229e-06
8.32767e-06
1.22781e-05
1.16676e-05
1.22361e-05
1.4321e-05
1.30764e-05
1.34955e-05
1.58836e-05
0.000167673
0.00016767
0.000167675
0.000167598
0.000167642
0.000167669
0.000167626
0.000167646
0.000167674
0.00016771
0.00016769
0.000167681
0.000167662
0.000167688
0.000167662
0.000167684
0.00016768
0.000167687
0.000167713
0.000167711
0.000167666
0.000167686
0.000167684
0.000167705
0.000167619
0.000167696
0.000167746
0.000167804
0.000167657
0.000167648
0.000167739
0.000167755
0.000167641
0.000167648
0.00016759
0.000167618
0.000167627
0.000167624
0.000167603
0.000167595
0.000167671
0.000167626
0.00016768
0.000167673
0.000167647
0.000167638
0.000167674
0.000167654
0.000167639
0.000167613
0.000167647
0.000167707
0.000167627
0.000167618
0.00016765
0.000167635
0.000167657
0.000167728
0.000167659
0.000167673
0.000167647
0.000167647
0.000167654
0.000167655
1.24034e-05
2.60641e-05
1.20273e-05
7.79268e-06
1.54361e-05
1.92618e-05
1.5154e-05
1.52591e-05
4.89546e-05
7.98639e-05
5.76985e-05
4.76178e-05
4.07162e-05
4.80367e-05
4.55086e-05
6.45632e-05
1.11912e-05
5.25595e-05
3.04666e-05
1.28531e-05
1.72569e-05
2.59462e-05
1.36306e-05
2.12026e-05
1.03051e-05
3.90782e-05
2.30762e-05
2.80585e-05
1.99764e-05
2.32973e-05
1.56275e-05
1.05103e-05
2.51567e-05
1.57002e-05
2.12754e-05
3.66668e-05
2.24098e-05
1.48866e-05
2.0682e-05
1.9796e-05
3.14507e-05
3.74106e-05
3.50829e-05
1.70398e-05
6.07825e-05
3.13096e-05
3.35803e-05
2.98051e-05
2.43737e-05
2.33311e-05
3.27466e-05
1.95637e-05
1.29753e-05
3.28668e-05
1.68095e-05
2.43938e-05
2.14913e-05
1.91841e-05
4.85592e-05
4.35106e-05
3.11556e-05
1.56127e-05
3.40251e-05
3.82291e-05
9.18446e-06
1.03852e-05
1.28666e-05
1.28417e-05
1.02106e-05
1.06627e-05
1.25538e-05
1.25685e-05
1.23868e-05
1.36848e-05
1.60429e-05
1.54279e-05
1.32895e-05
1.35065e-05
1.5475e-05
1.55599e-05
1.83536e-05
1.99401e-05
2.77141e-05
2.68608e-05
1.93484e-05
2.00883e-05
2.60481e-05
2.59066e-05
1.73614e-05
2.00347e-05
3.18302e-05
1.79371e-05
1.91407e-05
1.9769e-05
1.37274e-05
1.67703e-05
1.1938e-05
1.43588e-05
1.40738e-05
1.52214e-05
1.44204e-05
1.39863e-05
1.4468e-05
1.47784e-05
1.23641e-05
1.599e-05
1.64564e-05
1.49791e-05
1.44929e-05
1.54088e-05
1.47955e-05
1.58429e-05
1.71373e-05
1.72803e-05
2.02616e-05
2.66057e-05
1.68005e-05
1.80146e-05
1.84119e-05
1.88401e-05
1.73372e-05
2.62438e-05
2.08687e-05
1.97214e-05
1.82576e-05
1.89735e-05
1.95022e-05
1.98555e-05
1.43977e-05
2.09624e-05
1.406e-05
9.00335e-06
9.60217e-06
2.09749e-05
1.38886e-05
1.11125e-05
3.61573e-05
4.46426e-05
3.5147e-05
4.539e-05
4.13965e-05
4.93365e-05
4.05611e-05
3.85724e-05
1.51904e-05
2.20463e-05
1.37802e-05
9.55473e-06
1.25998e-05
1.67296e-05
1.66439e-05
1.15039e-05
9.8888e-06
1.65678e-05
8.35791e-06
1.39867e-05
0.0001117
2.15174e-05
2.21167e-05
8.53706e-05
2.75379e-05
1.20321e-05
2.46822e-05
3.74947e-05
1.94007e-05
1.24911e-05
2.12568e-05
1.62242e-05
3.04805e-05
3.26124e-05
3.1766e-05
2.16595e-05
2.28304e-05
2.33056e-05
1.93817e-05
2.75448e-05
1.87636e-05
1.05756e-05
1.78358e-05
1.25991e-05
7.80499e-06
1.63795e-05
1.79618e-05
1.23316e-05
1.13204e-05
1.37484e-05
3.0836e-05
2.28745e-05
1.47085e-05
1.19983e-05
2.4788e-05
2.56291e-05
8.55608e-06
1.29633e-05
9.54095e-06
9.55589e-06
9.05908e-06
1.00396e-05
9.03499e-06
9.59049e-06
1.20236e-05
4.09843e-05
2.14672e-05
2.17635e-05
2.00078e-05
2.27657e-05
2.01867e-05
2.15625e-05
1.10675e-05
1.5893e-05
1.25917e-05
1.42981e-05
1.18826e-05
1.28421e-05
1.21713e-05
1.25251e-05
1.48442e-05
2.47807e-05
2.50839e-05
1.88598e-05
1.8472e-05
2.09049e-05
2.19418e-05
2.33151e-05
1.29712e-05
1.02622e-05
1.00509e-05
1.49136e-05
1.3251e-05
1.06559e-05
1.41108e-05
1.09072e-05
1.44427e-05
1.57039e-05
1.63113e-05
1.13773e-05
1.39606e-05
1.5262e-05
1.39501e-05
1.49152e-05
1.03359e-05
1.04606e-05
1.52724e-05
1.54388e-05
1.08839e-05
1.07505e-05
1.24074e-05
1.30268e-05
1.11033e-05
1.43045e-05
1.54721e-05
1.58972e-05
1.24596e-05
1.30828e-05
1.51364e-05
1.56098e-05
0.000167078
0.000153887
0.000115092
0.000140251
0.000165527
0.000165339
0.000164513
0.000125734
3.99798e-05
2.74638e-05
2.98738e-05
3.8964e-05
1.97563e-05
1.49703e-05
2.72805e-05
3.5763e-05
0.00015902
5.75177e-05
0.000106032
0.000113483
0.000112754
4.56405e-05
9.6875e-05
6.37626e-05
8.49112e-05
3.3182e-05
6.20187e-05
2.32402e-05
3.44857e-05
2.01075e-05
2.41269e-05
3.30003e-05
6.85588e-05
9.53857e-05
8.25604e-05
2.25939e-05
0.00014695
0.000116122
6.16127e-05
8.83717e-05
9.95105e-05
3.58031e-05
3.25162e-05
8.66037e-05
4.02492e-05
2.26104e-05
3.78701e-05
4.16632e-05
8.53785e-05
7.56323e-05
2.05688e-05
7.92163e-05
8.75325e-05
0.000147606
0.000136459
2.04525e-05
0.000156061
5.29602e-05
3.23923e-05
3.19772e-05
3.12049e-05
3.06766e-05
2.82289e-05
3.2859e-05
0.000131694
0.000167762
0.000167751
0.000145628
0.000162339
0.000167754
0.00016783
0.000167804
0.000167737
0.000167741
0.000167713
0.000167777
0.000167753
0.000167736
0.000167751
0.000167742
0.000167715
0.000167702
0.0001677
0.000167689
0.000167702
0.000167702
0.000167689
0.000167694
0.000167988
0.000167884
0.000167792
0.000165029
0.000167968
0.000167897
0.00016796
0.000167904
0.000167773
0.000167749
0.000167919
0.000167846
0.000167779
0.000167807
0.000167838
0.000167855
0.000167736
0.000167795
0.000167712
0.000167719
0.000167755
0.000167756
0.000167717
0.00016772
0.000167746
0.000167907
0.000167832
0.00016774
0.000167784
0.000167852
0.000167759
0.00016784
0.000167732
0.000167716
0.000167792
0.000167706
0.000167718
0.00016772
0.000167705
0.000167706
0.000114749
0.000105077
0.000136791
8.69568e-05
8.15072e-05
9.89638e-05
9.32375e-05
9.30839e-05
9.5689e-05
8.47476e-05
0.000157072
0.000118573
9.75192e-05
6.74985e-05
9.73566e-05
0.000109647
0.000168285
0.00016837
0.000168492
0.000126125
0.000114313
0.000117644
0.000101344
0.000111492
0.000106817
0.000156491
0.00016831
0.000168109
0.000134826
0.000102664
0.000106977
0.000111313
8.25648e-05
0.000114797
0.000102592
0.00012608
8.9353e-05
9.91353e-05
0.000100451
9.98737e-05
7.66353e-05
9.73524e-05
0.000116234
0.000167141
0.000107714
9.11251e-05
0.000159158
0.000103119
0.000123336
0.000106557
0.000124032
9.2928e-05
0.000102323
0.00012255
0.000107363
0.000137439
0.000131784
0.000105983
0.00016801
0.000107039
0.000143443
9.77896e-05
0.000103826
0.000151288
1.17695e-05
4.17752e-06
1.73337e-05
7.93637e-06
1.44629e-05
4.36762e-06
9.22219e-06
2.30971e-05
4.13353e-06
5.25714e-06
8.45997e-06
1.30807e-05
2.20997e-06
3.18948e-06
3.86629e-06
8.83026e-06
1.06984e-05
1.67423e-05
2.06646e-05
9.88187e-06
2.07363e-05
1.54322e-05
9.68601e-06
1.08072e-05
1.26331e-05
1.25923e-05
1.19843e-05
1.85975e-05
2.86151e-05
2.35353e-05
1.49248e-05
3.12652e-05
1.28306e-05
2.01342e-05
1.89855e-05
6.91098e-06
5.93498e-06
1.57241e-05
8.45557e-06
7.60424e-06
4.24091e-06
6.83729e-06
4.14406e-06
4.36137e-06
6.02024e-06
1.9737e-06
4.67687e-06
1.12134e-05
1.33877e-05
1.20769e-05
5.00993e-06
1.4952e-05
9.14414e-06
1.55682e-05
1.72285e-05
5.41695e-06
4.89393e-05
1.34278e-05
8.47881e-06
7.8651e-06
7.42262e-06
1.18768e-05
5.50029e-06
1.26398e-05
1.11021e-05
1.01209e-05
9.70537e-06
1.31953e-05
1.07e-05
1.01906e-05
1.12043e-05
1.01852e-05
9.39579e-06
8.6918e-06
7.68075e-06
8.44452e-06
9.06417e-06
8.83977e-06
8.51296e-06
8.46507e-06
8.25125e-06
7.11242e-06
9.83327e-06
9.43519e-06
8.06504e-06
7.44068e-06
8.68611e-06
8.27396e-06
1.6102e-05
1.43828e-05
1.2799e-05
2.16722e-05
1.5716e-05
1.47081e-05
1.7624e-05
1.59996e-05
9.73693e-06
9.64057e-06
1.26713e-05
1.03325e-05
9.63902e-06
1.02037e-05
1.06968e-05
1.13684e-05
9.33951e-06
9.05211e-06
7.90739e-06
9.06802e-06
8.89236e-06
8.79771e-06
8.74718e-06
8.43369e-06
1.07598e-05
1.41163e-05
1.1784e-05
1.22834e-05
1.18739e-05
1.30636e-05
1.16797e-05
1.27496e-05
9.87421e-06
1.17305e-05
1.02278e-05
8.415e-06
9.87179e-06
1.079e-05
9.2359e-06
1.0067e-05
9.60726e-06
1.18741e-05
1.20675e-05
1.09296e-05
1.0417e-05
1.14628e-05
1.03183e-05
1.17495e-05
1.7899e-05
3.78962e-05
3.66436e-05
2.67415e-05
2.48358e-05
3.38859e-05
2.49256e-05
3.71323e-05
1.76782e-05
2.54394e-05
2.33781e-05
2.75839e-05
2.24555e-05
2.53523e-05
2.21073e-05
2.45531e-05
1.48059e-05
2.34606e-05
2.06411e-05
2.24883e-05
1.88031e-05
2.24755e-05
1.7087e-05
2.22289e-05
1.49134e-05
1.3791e-05
1.32464e-05
2.04437e-05
1.47475e-05
1.42326e-05
1.56111e-05
1.48443e-05
1.6913e-05
2.43826e-05
3.05902e-05
1.62692e-05
1.751e-05
2.39435e-05
1.74015e-05
2.40709e-05
1.37027e-05
1.29579e-05
2.02016e-05
1.71212e-05
1.51464e-05
1.51508e-05
1.75571e-05
1.91125e-05
1.70783e-05
2.55916e-05
2.59355e-05
3.75441e-05
2.26991e-05
2.33708e-05
2.38992e-05
2.61347e-05
1.00874e-05
1.14562e-05
1.08627e-05
1.24753e-05
1.10828e-05
1.11802e-05
1.13131e-05
1.13068e-05
1.54171e-05
2.64017e-05
1.99776e-05
2.73341e-05
2.25822e-05
2.29852e-05
2.38012e-05
2.39439e-05
1.18556e-05
1.62894e-05
1.23802e-05
1.52205e-05
1.40582e-05
1.40842e-05
1.3599e-05
1.37095e-05
1.84522e-05
2.9342e-05
2.2364e-05
1.9658e-05
2.57966e-05
2.62152e-05
2.08671e-05
2.34024e-05
1.42696e-05
1.25031e-05
1.46872e-05
2.34715e-05
1.46986e-05
1.37648e-05
1.56546e-05
1.48707e-05
1.4398e-05
2.4167e-05
1.7953e-05
1.25844e-05
1.47514e-05
2.08962e-05
1.32009e-05
1.76012e-05
1.26715e-05
1.51863e-05
2.55428e-05
1.80248e-05
1.46231e-05
1.53141e-05
1.82193e-05
2.24608e-05
1.2733e-05
1.84158e-05
2.57163e-05
1.86075e-05
1.68056e-05
1.83618e-05
1.84914e-05
2.02481e-05
1.11819e-05
9.84723e-06
1.47406e-05
9.5924e-06
1.11579e-05
1.07597e-05
1.22091e-05
1.23328e-05
8.71488e-06
8.03712e-06
1.29371e-05
8.37648e-06
8.74462e-06
8.54857e-06
9.2818e-06
9.34073e-06
2.02642e-05
1.91688e-05
1.00932e-05
2.1898e-05
2.00956e-05
1.98296e-05
2.11012e-05
2.10176e-05
1.17605e-05
1.0729e-05
1.80493e-05
1.98939e-05
1.17469e-05
1.12684e-05
1.36804e-05
1.33035e-05
9.85526e-06
1.45492e-05
9.55977e-06
8.80256e-06
1.06915e-05
1.16388e-05
8.81754e-06
9.27108e-06
9.53927e-06
8.64135e-06
1.30785e-05
1.40192e-05
1.08318e-05
1.02263e-05
1.3232e-05
1.31797e-05
1.50681e-05
1.05281e-05
9.40765e-06
1.41338e-05
1.26488e-05
1.0438e-05
1.26291e-05
1.00487e-05
1.52401e-05
1.39987e-05
9.31198e-06
1.30321e-05
1.40769e-05
1.2323e-05
1.3037e-05
1.17864e-05
0.000167711
0.000167737
0.000167747
0.000152784
0.000167752
0.000167743
0.0001678
0.000167782
0.000135159
6.65264e-05
7.43801e-05
7.49573e-05
0.000102963
6.02448e-05
5.80086e-05
8.07315e-05
0.000150858
8.8183e-05
8.3512e-05
6.71772e-05
0.00013074
7.43225e-05
7.20516e-05
8.07041e-05
8.17476e-05
4.53095e-05
4.08134e-05
2.76102e-05
5.40246e-05
3.65814e-05
3.83909e-05
2.63811e-05
0.000167217
0.000167806
7.38485e-05
5.50221e-05
9.89819e-05
0.000167773
0.000107717
6.24944e-05
0.000114963
4.02556e-05
7.35541e-05
0.000154436
0.000147169
9.53354e-05
0.000148106
0.000124817
0.000153609
8.15229e-05
4.68647e-05
5.43296e-05
8.96644e-05
6.90941e-05
6.30677e-05
5.50422e-05
0.000124847
4.94942e-05
6.20279e-05
9.62459e-05
0.00011565
5.15414e-05
6.88776e-05
6.84235e-05
0.000167714
0.000167756
0.000167735
0.000167807
0.000167759
0.000167757
0.00016777
0.000167781
0.000167776
0.000165484
0.000110161
0.000167723
0.000107099
9.67097e-05
8.88801e-05
9.44937e-05
0.000167764
0.000118302
9.58966e-05
0.000130381
0.000102884
0.000110671
0.000107698
9.14831e-05
0.000167997
0.000167897
0.000119106
0.000125867
9.61597e-05
8.98664e-05
8.73823e-05
8.9181e-05
0.000167817
0.000167821
0.000129536
0.000138115
0.000167846
0.000167839
0.000167877
0.000111866
0.000134926
0.000103305
0.000105334
0.000144141
0.000162023
0.00016774
0.000167757
9.68318e-05
0.000167842
0.000136985
0.000114504
8.46588e-05
0.000167879
0.000116384
9.35196e-05
0.000167851
0.000128019
8.63604e-05
0.000103308
0.000103332
0.00016774
8.56944e-05
0.000103228
0.000167733
4.78216e-05
2.46566e-05
2.07257e-05
2.33482e-05
4.18283e-05
2.52621e-05
4.17391e-05
2.33616e-05
1.26119e-05
1.25401e-05
1.18515e-05
1.46387e-05
1.34961e-05
1.22577e-05
1.33853e-05
1.22385e-05
1.07457e-05
1.06261e-05
7.85939e-06
1.4565e-05
1.10527e-05
9.19308e-06
1.12058e-05
9.18433e-06
1.32161e-05
1.25251e-05
1.2562e-05
1.01815e-05
1.25266e-05
1.24893e-05
1.25362e-05
1.24618e-05
2.00708e-05
1.97685e-05
2.11211e-05
1.59141e-05
1.97002e-05
1.97676e-05
1.77127e-05
1.78405e-05
1.24285e-05
1.47569e-05
1.12669e-05
1.14801e-05
1.21672e-05
1.30302e-05
1.17376e-05
1.26736e-05
1.97489e-05
2.08972e-05
1.59101e-05
1.656e-05
1.74376e-05
1.75553e-05
1.66415e-05
1.62165e-05
1.13107e-05
1.45581e-05
1.45339e-05
1.12827e-05
1.1995e-05
1.47758e-05
1.27083e-05
1.46164e-05
8.03678e-05
9.08333e-05
0.000129084
9.07311e-05
0.00011485
0.000103805
0.00010433
0.000124626
0.000131006
0.000167751
0.000167717
0.000167799
0.000167794
0.000152619
0.000146847
0.000167792
0.000167721
0.000167695
0.000167682
0.000167662
0.000167728
0.000167698
0.000167715
0.000167684
5.25409e-05
0.00012744
0.00011454
3.2469e-05
6.30843e-05
5.66258e-05
5.03068e-05
4.90399e-05
0.000149752
0.000162864
5.45598e-05
8.33198e-05
0.000142167
0.000138138
0.000147732
5.16741e-05
0.000144597
6.01548e-05
0.000167724
0.000155232
0.000167794
0.000167817
0.000167743
0.000167764
0.000141437
5.78131e-05
7.32061e-05
9.26165e-05
0.000160209
5.32833e-05
0.000105863
0.000167054
0.000167788
7.14698e-05
5.608e-05
0.000167732
0.000167771
8.19375e-05
0.000167765
0.000167634
1.89184e-06
1.89155e-06
2.55542e-06
3.48523e-06
1.8186e-06
3.14792e-06
4.52781e-06
2.89923e-06
2.62972e-06
3.76144e-06
3.81731e-06
2.78558e-06
3.29484e-06
2.81767e-06
3.31167e-06
3.03793e-06
4.36198e-06
5.68997e-06
6.54552e-06
3.68998e-06
5.99455e-06
5.38429e-06
5.06145e-06
5.13692e-06
5.96301e-06
4.08818e-06
2.78694e-06
2.65776e-06
4.97838e-06
4.58457e-06
7.81645e-06
7.5181e-06
3.03862e-06
4.19965e-06
4.13806e-06
3.54548e-06
4.03039e-06
2.66429e-06
3.02388e-06
4.54686e-06
3.00333e-06
3.33857e-06
3.80322e-06
3.7844e-06
3.5165e-06
3.62412e-06
3.82402e-06
4.90147e-06
4.06167e-06
5.99064e-06
4.47867e-06
4.81781e-06
4.99733e-06
5.24638e-06
5.17141e-06
8.08675e-06
3.78245e-06
4.67988e-06
4.63039e-06
4.83071e-06
5.06986e-06
3.88691e-06
4.16891e-06
2.39886e-06
1.20539e-05
1.24055e-05
1.52933e-05
9.2885e-06
1.7001e-05
1.13395e-05
1.69358e-05
1.0655e-05
1.57564e-05
1.76633e-05
2.24307e-05
1.9609e-05
8.40496e-06
7.57141e-06
7.65732e-06
1.31949e-05
2.23041e-05
3.03798e-05
2.99904e-05
2.31562e-05
3.4383e-05
4.36833e-05
4.40162e-05
3.78479e-05
2.3179e-05
2.51559e-05
1.73736e-05
1.73983e-05
6.47603e-05
2.8504e-05
3.67097e-05
2.8564e-05
1.23616e-05
1.42426e-05
1.24631e-05
2.26346e-05
9.62749e-06
1.13209e-05
9.27096e-06
1.20352e-05
1.00727e-05
3.34833e-05
1.22312e-05
1.76127e-05
1.42319e-05
1.95816e-05
1.65824e-05
2.19455e-05
2.38685e-05
1.24657e-05
3.10955e-05
2.29572e-05
2.02583e-05
1.20223e-05
2.568e-05
2.80794e-05
1.41318e-05
1.88495e-05
2.2255e-05
1.57422e-05
1.75708e-05
1.75348e-05
2.42083e-05
1.22892e-05
7.96886e-05
0.00012633
0.000123986
0.000101621
7.64857e-05
0.000126464
7.64214e-05
7.81868e-05
0.000117764
0.000112315
0.00010622
0.000117662
8.12526e-05
0.000168389
0.000167419
7.62421e-05
8.1024e-05
9.31145e-05
9.51449e-05
7.80382e-05
8.04532e-05
0.000128217
6.48166e-05
8.16218e-05
0.00010697
0.000127155
8.39645e-05
0.000117284
8.52758e-05
9.65383e-05
0.000138547
8.29189e-05
8.92648e-05
9.29966e-05
8.96918e-05
9.71518e-05
0.000142648
0.00012721
0.000116225
9.98359e-05
0.00016788
0.0001048
0.000167633
0.000166382
8.19435e-05
0.000109986
0.000114331
7.80201e-05
9.40415e-05
8.92346e-05
0.000113911
7.10762e-05
9.81174e-05
0.000104207
8.73799e-05
0.000131
8.00694e-05
8.89618e-05
0.00010267
7.26305e-05
0.000106633
7.58663e-05
0.000128558
9.54087e-05
2.82824e-05
9.2831e-05
6.56403e-05
1.73628e-05
3.54433e-05
7.09068e-05
4.98081e-05
6.61999e-05
0.000167761
0.000167728
0.000167705
0.000103035
0.000167803
0.000167731
0.000167854
0.000167762
8.66992e-05
0.000167724
0.000146685
9.53015e-05
0.000107779
0.000167757
0.000107751
0.000165215
1.5993e-05
5.4884e-05
2.47633e-05
2.56229e-06
8.34236e-06
1.395e-05
4.92831e-06
1.03056e-05
0.000112284
7.14277e-05
2.24928e-05
6.51532e-05
0.000102159
9.96504e-05
8.0944e-05
3.17043e-05
0.000136359
8.76328e-05
0.000167733
0.000116587
0.000120938
0.000167842
0.000167767
0.000139311
6.98054e-05
1.82955e-05
5.73062e-05
3.95893e-05
5.2492e-05
3.83023e-05
4.71581e-05
7.5413e-05
9.67339e-05
5.68255e-05
7.09636e-05
0.000167785
0.000138971
5.81544e-05
0.000147506
0.00016789
1.80634e-05
1.89269e-05
2.359e-05
7.62045e-06
9.53457e-06
1.54916e-05
2.47896e-05
2.16234e-05
1.48642e-05
4.09559e-05
3.48085e-05
1.79207e-05
1.91598e-05
2.52448e-05
2.44053e-05
2.22958e-05
3.5388e-05
4.23622e-05
5.83044e-05
5.28026e-05
4.04636e-05
7.32933e-05
7.78755e-05
5.28229e-05
1.28271e-05
1.614e-05
3.16829e-05
2.7299e-05
2.82626e-05
3.22059e-05
2.70505e-05
1.99923e-05
1.34814e-05
2.15397e-05
1.6906e-05
4.1027e-05
2.16382e-05
1.99141e-05
1.10266e-05
3.1606e-05
2.66791e-05
3.2156e-05
4.45812e-05
3.63998e-05
1.88037e-05
2.77112e-05
2.37091e-05
3.15224e-05
4.22547e-05
1.675e-05
4.25394e-05
2.73295e-05
2.87955e-05
1.49844e-05
2.7146e-05
2.78605e-05
4.0421e-05
2.72599e-05
3.35328e-05
3.23188e-05
2.96102e-05
3.31986e-05
3.31727e-05
3.62056e-05
1.28981e-05
1.6037e-05
1.71059e-05
1.47691e-05
1.32197e-05
1.65884e-05
1.48985e-05
1.68198e-05
2.17041e-05
1.8438e-05
3.60517e-05
2.50089e-05
2.19665e-05
2.31329e-05
2.4173e-05
3.51954e-05
2.73447e-05
3.55909e-05
3.93335e-05
4.00547e-05
2.94195e-05
3.13453e-05
3.68848e-05
3.70425e-05
2.73553e-05
2.6466e-05
3.91922e-05
2.40903e-05
2.78046e-05
3.17517e-05
2.90195e-05
3.85657e-05
1.61451e-05
1.7431e-05
1.57021e-05
1.60003e-05
1.6214e-05
1.69262e-05
1.58987e-05
1.7199e-05
2.02963e-05
1.94091e-05
2.93409e-05
1.87179e-05
1.85323e-05
2.09039e-05
1.92325e-05
2.12399e-05
2.77728e-05
2.75349e-05
2.41587e-05
3.89549e-05
3.12127e-05
2.96228e-05
3.20076e-05
3.03799e-05
2.61654e-05
3.99113e-05
2.51116e-05
3.15789e-05
2.94392e-05
3.10909e-05
2.59557e-05
2.67774e-05
9.40996e-06
1.22253e-05
1.07946e-05
1.45585e-05
1.14844e-05
1.15602e-05
1.17727e-05
1.17975e-05
2.1473e-05
2.94837e-05
2.53098e-05
3.3672e-05
2.29332e-05
3.20902e-05
3.04902e-05
3.51297e-05
1.13956e-05
1.5953e-05
1.11906e-05
1.54922e-05
1.4154e-05
1.38556e-05
1.32071e-05
1.32621e-05
1.71561e-05
2.41035e-05
2.13847e-05
2.151e-05
3.51517e-05
2.5721e-05
1.67923e-05
2.21234e-05
1.84402e-05
1.34661e-05
1.97749e-05
2.71345e-05
1.95874e-05
1.70388e-05
2.24976e-05
1.9838e-05
1.87889e-05
3.83923e-05
2.13768e-05
1.33278e-05
1.96517e-05
3.09721e-05
1.50073e-05
2.13517e-05
1.29656e-05
1.97489e-05
2.84236e-05
1.88373e-05
1.59899e-05
1.97696e-05
2.08267e-05
2.41166e-05
1.29993e-05
1.90457e-05
3.7121e-05
2.11894e-05
1.808e-05
2.03358e-05
2.11166e-05
2.45443e-05
5.13709e-05
5.84143e-05
3.66899e-05
4.41895e-05
4.04143e-05
3.64322e-05
1.8263e-05
4.07353e-05
8.04062e-05
9.27022e-05
0.000162336
7.89274e-05
0.00013644
0.000157089
0.000108363
0.000161732
0.000129376
0.0001572
0.000140898
9.14565e-05
9.08809e-05
0.000146871
0.000121132
9.17855e-05
2.30144e-05
4.82788e-05
0.000103039
1.77875e-05
3.04147e-05
2.60188e-05
1.20367e-05
3.11705e-05
9.67021e-05
7.54057e-05
3.26819e-05
7.53912e-05
0.000121644
5.98797e-05
6.82804e-05
3.31592e-05
0.000109753
8.64394e-05
0.000156686
0.000131897
0.000149082
0.000151741
0.000150584
0.000152554
4.18483e-05
1.54765e-05
6.41937e-05
0.000126233
5.89789e-05
3.92822e-05
7.9093e-05
6.78134e-05
8.4734e-05
8.22056e-05
0.000109788
0.000156695
8.66236e-05
0.000114404
0.000152217
0.00015278
0.00016852
0.000168129
0.000168527
0.000168488
0.000153749
0.000168426
0.000168544
0.000168506
0.000165392
9.91401e-05
0.000151918
0.000165981
0.000164963
0.000123513
0.000132696
0.000112248
0.000167818
0.00016368
8.86815e-05
0.00016772
0.000121197
0.000151584
0.000137851
0.000101414
0.000168429
0.000168164
0.000168383
0.00016833
0.000156123
0.000168392
0.000133765
0.00013391
0.00016809
0.000153343
0.000168497
0.000161803
0.0001682
0.000168416
0.000168192
0.000168431
0.000167033
0.000167171
0.000134497
0.000167924
0.000167337
0.000166883
0.000167063
0.000143742
0.000168525
0.000168484
0.000128681
0.000123469
0.000168466
0.000168456
0.000155904
0.000168377
0.000143449
0.000140786
0.000134313
0.000126831
0.000167675
0.000161215
0.000143501
0.000166904
0.000167763
0.000167739
0.000167745
0.000112047
0.000167093
0.000167743
0.00016782
0.000167783
0.000167719
0.00016771
0.000167699
0.0001677
0.000167734
0.000167722
0.00016772
0.000167711
0.000167721
0.000167694
0.000167718
0.000167717
0.0001677
0.000167699
0.000167697
0.000167699
0.000109958
0.000167741
0.000167783
0.000119477
0.000167836
0.000167774
0.000167849
0.000167797
0.000167751
0.000167735
0.000167826
0.000167744
0.000167754
0.000167769
0.000167769
0.000167779
0.00016772
0.000167716
0.000167699
0.000167711
0.000167733
0.000167713
0.000167706
0.000167696
0.000167738
0.000167826
0.000167733
0.000167749
0.000167783
0.000167785
0.000167735
0.000167757
0.000167724
0.00016772
0.000167703
0.000167683
0.000167697
0.000167699
0.000167681
0.000167673
6.3841e-06
3.40469e-06
4.90895e-06
5.87881e-06
6.01315e-06
4.98875e-06
5.09653e-06
5.29851e-06
2.45657e-06
1.79903e-06
3.10825e-06
2.01379e-06
4.50052e-06
3.80744e-06
4.19024e-06
2.2243e-06
2.73044e-06
4.32934e-06
1.55112e-06
2.05356e-06
2.37538e-06
3.0294e-06
3.5214e-06
1.59178e-06
5.22013e-06
3.11647e-06
2.76738e-06
3.35422e-06
5.09168e-06
3.21539e-06
3.08979e-06
4.47221e-06
4.88629e-06
3.88775e-06
4.47382e-06
3.51403e-06
4.36656e-06
4.63132e-06
2.63566e-06
4.20208e-06
4.45036e-06
4.59955e-06
5.73579e-06
4.16288e-06
3.9556e-06
3.79705e-06
3.25608e-06
4.08585e-06
3.97999e-06
3.9028e-06
3.80699e-06
3.24228e-06
3.13036e-06
4.47667e-06
3.56967e-06
2.61647e-06
4.14548e-06
3.73323e-06
2.7664e-06
4.72462e-06
2.13561e-06
3.42805e-06
5.30981e-06
3.35055e-06
1.15616e-05
1.5117e-05
1.14273e-05
1.44052e-05
1.3624e-05
1.35594e-05
1.3223e-05
1.34982e-05
2.72163e-05
3.7937e-05
3.22213e-05
3.78138e-05
3.63094e-05
3.70111e-05
3.7037e-05
3.73519e-05
1.35368e-05
1.90029e-05
1.01065e-05
1.36644e-05
1.59208e-05
1.48703e-05
1.19212e-05
1.19501e-05
2.50046e-05
3.27953e-05
1.99313e-05
2.43277e-05
2.64749e-05
2.62418e-05
2.29706e-05
2.3299e-05
2.5769e-05
1.88492e-05
2.46503e-05
3.48318e-05
2.62844e-05
2.35153e-05
2.77962e-05
2.42115e-05
2.63512e-05
3.48297e-05
2.73432e-05
1.82318e-05
2.64346e-05
3.4433e-05
2.19454e-05
2.86648e-05
1.67423e-05
2.2947e-05
3.11262e-05
1.77576e-05
1.91739e-05
2.32217e-05
2.22586e-05
2.6614e-05
1.68029e-05
1.78049e-05
3.13711e-05
2.41473e-05
2.08554e-05
2.13352e-05
2.42365e-05
2.60894e-05
1.15293e-05
9.03708e-06
1.26445e-05
1.41719e-05
1.21124e-05
9.93781e-06
1.43656e-05
1.26124e-05
7.29712e-06
6.81181e-06
1.12584e-05
9.91726e-06
7.85516e-06
7.92131e-06
9.98219e-06
1.11867e-05
1.68071e-05
1.62115e-05
2.58594e-05
2.76718e-05
1.73513e-05
1.76511e-05
2.74436e-05
2.55454e-05
2.04371e-05
1.70074e-05
2.86464e-05
2.11033e-05
2.29144e-05
1.9312e-05
1.81623e-05
2.58957e-05
9.43077e-06
1.26778e-05
1.48902e-05
1.16897e-05
1.11657e-05
1.19467e-05
1.11566e-05
1.24942e-05
8.08321e-06
1.07387e-05
1.18933e-05
1.18935e-05
1.04836e-05
1.04357e-05
1.08912e-05
1.11862e-05
1.87619e-05
2.02873e-05
1.68425e-05
3.43717e-05
1.90404e-05
1.84918e-05
1.96872e-05
1.82382e-05
1.62598e-05
2.75174e-05
1.48359e-05
1.5987e-05
1.59774e-05
1.67675e-05
1.4945e-05
1.48536e-05
1.33898e-05
1.58484e-05
1.23948e-05
1.25804e-05
1.33601e-05
1.37243e-05
1.27845e-05
1.28313e-05
2.08642e-05
2.57108e-05
1.67999e-05
2.73928e-05
2.10845e-05
2.16613e-05
2.02676e-05
1.96275e-05
1.13055e-05
1.37776e-05
9.03811e-06
9.19655e-06
1.11896e-05
1.15044e-05
1.04044e-05
1.04697e-05
1.80207e-05
1.47927e-05
1.38236e-05
1.13746e-05
1.8154e-05
1.84936e-05
1.77159e-05
1.72754e-05
1.58193e-05
1.2318e-05
1.24e-05
1.64487e-05
1.52715e-05
1.30649e-05
1.65297e-05
1.26883e-05
1.60966e-05
1.67361e-05
1.45615e-05
1.25403e-05
1.50351e-05
1.51525e-05
1.43362e-05
1.43458e-05
1.17127e-05
1.20768e-05
1.60121e-05
1.0921e-05
1.13175e-05
1.18432e-05
1.1284e-05
1.22038e-05
1.17214e-05
1.0687e-05
1.54948e-05
1.38057e-05
1.17943e-05
1.14578e-05
1.37905e-05
1.26396e-05
2.98105e-05
2.32818e-05
1.66328e-05
2.42898e-05
3.0075e-05
2.05721e-05
2.98018e-05
2.00084e-05
2.32254e-05
1.16784e-05
2.00999e-05
2.48773e-05
2.40136e-05
2.19024e-05
2.32888e-05
2.12944e-05
1.21085e-05
1.57251e-05
1.33178e-05
1.2424e-05
1.23084e-05
1.33894e-05
1.22356e-05
1.33143e-05
2.37659e-05
2.42017e-05
1.76029e-05
2.90614e-05
1.55572e-05
1.9369e-05
1.46349e-05
1.8576e-05
2.36746e-05
1.68778e-05
2.15482e-05
2.54606e-05
2.34001e-05
2.02953e-05
2.45834e-05
2.08784e-05
1.83725e-05
1.75779e-05
1.61071e-05
1.3063e-05
1.76443e-05
1.75238e-05
1.51349e-05
1.55397e-05
1.66489e-05
2.10564e-05
2.51119e-05
1.70636e-05
1.70716e-05
1.96813e-05
1.72285e-05
1.92622e-05
1.2823e-05
1.25588e-05
1.68727e-05
1.58789e-05
1.2825e-05
1.2838e-05
1.5397e-05
1.59907e-05
4.93285e-06
3.39625e-06
4.07853e-06
3.53702e-06
8.17214e-06
4.70133e-06
6.65522e-06
3.97323e-06
1.85292e-06
2.39416e-06
3.75569e-06
2.05299e-06
3.21406e-06
1.65443e-06
2.70005e-06
2.25423e-06
3.59214e-06
1.11238e-05
2.83302e-06
3.41355e-06
1.05514e-05
9.43832e-06
7.24821e-06
6.98338e-06
2.7191e-06
2.44917e-06
2.85568e-06
3.52319e-06
4.43717e-06
3.20584e-06
5.6361e-06
2.77929e-06
4.68123e-06
4.06323e-06
6.02045e-06
3.49562e-06
4.23057e-06
2.83818e-06
2.70216e-06
3.49136e-06
2.87454e-06
2.91555e-06
6.38518e-06
6.18206e-06
3.33278e-06
2.56073e-06
2.87349e-06
2.93738e-06
5.6119e-06
4.97983e-06
4.60784e-06
5.74348e-06
2.94208e-06
3.56075e-06
3.29798e-06
2.58088e-06
6.95221e-06
2.43121e-06
2.60388e-06
4.04175e-06
6.14344e-06
7.26756e-06
8.25338e-06
3.80213e-06
3.09224e-05
1.62932e-05
2.81823e-05
2.57753e-05
2.71223e-05
2.31893e-05
2.81934e-05
2.32501e-05
1.2296e-05
1.17926e-05
1.54164e-05
9.95534e-06
1.18013e-05
1.35542e-05
1.13512e-05
1.35628e-05
2.40171e-05
2.12173e-05
1.08269e-05
2.43972e-05
2.23268e-05
2.58124e-05
2.81617e-05
2.10954e-05
2.28412e-05
1.24325e-05
2.00133e-05
2.28016e-05
2.00507e-05
1.53778e-05
2.19406e-05
1.53496e-05
1.48649e-05
2.49558e-05
2.26292e-05
1.26128e-05
1.50089e-05
2.09203e-05
1.36596e-05
1.86645e-05
1.41462e-05
1.13958e-05
1.6885e-05
2.34063e-05
1.41087e-05
1.28938e-05
1.67171e-05
1.53898e-05
2.52065e-05
2.38408e-05
1.2926e-05
2.04582e-05
2.18691e-05
1.86767e-05
1.96515e-05
1.7046e-05
2.31791e-05
1.63902e-05
1.13584e-05
1.68796e-05
1.99557e-05
1.66046e-05
1.50981e-05
1.32448e-05
4.8121e-06
8.55767e-06
6.61105e-06
5.41054e-06
5.3051e-06
6.55104e-06
5.33974e-06
6.16574e-06
9.95899e-06
9.58218e-06
1.01651e-05
1.07336e-05
9.74723e-06
9.98646e-06
9.96391e-06
1.00364e-05
7.45571e-06
9.5209e-06
8.1261e-06
7.35981e-06
7.6134e-06
8.24608e-06
7.60383e-06
8.02147e-06
7.08367e-06
1.53028e-05
1.43225e-05
6.64828e-05
1.33915e-05
1.34014e-05
1.61241e-05
1.50576e-05
8.87972e-06
6.69916e-06
6.08393e-06
9.86042e-06
8.85544e-06
6.74902e-06
8.79211e-06
6.62676e-06
9.16831e-06
1.00473e-05
9.57897e-06
7.53006e-06
9.04513e-06
9.36641e-06
9.06499e-06
9.26167e-06
6.7168e-06
6.09104e-06
9.94871e-06
6.9207e-06
6.47905e-06
6.43412e-06
6.79067e-06
7.03985e-06
7.27572e-06
7.33011e-06
1.00351e-05
9.46979e-06
7.75303e-06
7.56076e-06
9.282e-06
9.95407e-06
1.06743e-05
8.6854e-06
1.0537e-05
4.65085e-06
1.02942e-05
6.85014e-06
6.17926e-06
5.40366e-06
1.17807e-05
1.43522e-05
1.23003e-05
1.77597e-05
5.9463e-06
5.4034e-06
1.19569e-05
2.26524e-05
2.21896e-05
2.23159e-05
8.62421e-06
1.72658e-05
2.91392e-05
4.32273e-05
2.1165e-05
1.86718e-05
5.15881e-06
2.26229e-05
1.33521e-05
1.03047e-05
8.63579e-06
7.4306e-06
1.27341e-05
9.45773e-06
9.53673e-06
1.01452e-05
5.76695e-06
1.62253e-05
7.6835e-06
9.83035e-06
9.15187e-06
4.93169e-06
9.48549e-06
1.65332e-05
2.05857e-05
1.43547e-05
7.48662e-06
1.25863e-05
2.09316e-05
2.40134e-05
1.44951e-05
6.12638e-06
2.93462e-05
2.69218e-05
1.26004e-05
5.95187e-06
1.16339e-05
1.70784e-05
1.33513e-05
1.8549e-05
2.83888e-05
3.3323e-05
1.69567e-05
1.33521e-05
1.87405e-05
1.39294e-05
4.75062e-06
1.36974e-05
3.35521e-06
7.35918e-06
2.91367e-06
7.41071e-06
2.92701e-06
4.12946e-06
3.0401e-05
1.74419e-05
1.52668e-05
9.1561e-06
1.04721e-05
2.0767e-05
1.03274e-05
1.29918e-05
3.45224e-06
6.27665e-06
5.17826e-06
1.06834e-05
3.13041e-06
3.88695e-06
6.86479e-06
7.30347e-06
8.55357e-06
1.05524e-05
1.45918e-05
3.14091e-06
7.8666e-06
2.17222e-05
1.50149e-05
1.91243e-05
4.8903e-06
4.7467e-06
8.02009e-06
3.81681e-06
7.55972e-06
1.052e-05
8.23834e-06
7.35608e-06
8.12131e-06
8.16023e-06
6.02404e-06
8.83644e-06
7.57576e-06
1.65401e-05
7.31214e-06
8.46252e-06
5.46902e-06
5.83289e-06
5.71633e-06
1.55914e-05
8.54386e-06
6.92776e-06
5.01401e-06
1.16849e-05
4.5449e-06
1.03293e-05
6.77973e-06
6.20985e-06
7.67851e-06
6.61476e-06
8.8169e-06
9.80801e-06
4.64298e-06
9.09402e-06
4.82392e-06
9.2725e-06
6.12409e-06
5.08388e-06
9.3646e-06
6.16978e-06
7.16078e-06
1.15027e-05
2.01996e-05
5.2158e-06
1.06094e-05
9.52514e-06
8.79546e-06
7.45905e-06
1.56035e-05
2.76334e-05
3.23777e-05
1.64268e-05
3.21694e-05
2.69614e-05
3.38413e-05
2.29987e-05
1.33691e-05
5.57456e-06
1.68442e-05
1.42215e-05
8.99981e-06
9.389e-06
8.72923e-06
1.31758e-05
6.17236e-06
8.10283e-06
9.17846e-06
5.93366e-06
4.87647e-06
6.94639e-06
6.61064e-06
5.69195e-06
6.81481e-06
8.66786e-06
1.39749e-05
1.32658e-05
6.66884e-06
9.95475e-06
1.15855e-05
9.78957e-06
6.8681e-06
6.71636e-06
7.5821e-06
2.16771e-05
2.2425e-05
9.424e-06
1.83205e-05
2.03123e-05
1.22971e-05
1.48361e-05
1.13616e-05
1.42097e-05
1.71679e-05
1.37552e-05
1.49449e-05
2.69476e-05
1.67191e-05
2.84106e-05
1.12013e-05
6.77737e-06
1.26044e-05
1.31544e-05
1.044e-05
1.52316e-05
4.29751e-05
7.44502e-05
4.01353e-05
3.534e-05
3.36428e-05
4.9409e-05
3.761e-05
4.27639e-05
1.213e-05
2.321e-05
1.68787e-05
1.31234e-05
1.36279e-05
1.79566e-05
1.52398e-05
1.3824e-05
2.55795e-05
2.13208e-05
1.01121e-05
1.81513e-05
1.77337e-05
2.01694e-05
2.80356e-05
2.03258e-05
1.84899e-05
1.60527e-05
1.26292e-05
2.58199e-05
2.65927e-05
1.43829e-05
2.53819e-05
2.5225e-05
2.8125e-05
4.77139e-05
3.60713e-05
2.16792e-05
2.0598e-05
2.11797e-05
2.03509e-05
2.18142e-05
1.48791e-05
1.6382e-05
2.6434e-05
2.52189e-05
1.21499e-05
1.8561e-05
2.20019e-05
1.8491e-05
1.58454e-05
1.89099e-05
5.07183e-05
2.64374e-05
1.51608e-05
2.10098e-05
2.42186e-05
2.95669e-05
3.19104e-06
1.68679e-05
1.34751e-05
6.72746e-06
4.16977e-06
3.13378e-06
5.8376e-06
4.78485e-06
3.2647e-05
1.95723e-05
1.59417e-05
1.6985e-05
1.56416e-05
1.17689e-05
2.92108e-05
1.60401e-05
2.57647e-05
5.92453e-05
4.25344e-05
1.04748e-05
2.82237e-05
3.70228e-05
3.70932e-05
2.99374e-05
3.12645e-06
5.58647e-06
3.3937e-06
2.58657e-06
4.35158e-06
1.78121e-06
3.01113e-06
2.62589e-06
8.06813e-06
2.29451e-05
5.15784e-06
4.48763e-06
7.76352e-06
1.58364e-05
1.43e-05
5.57631e-06
5.93165e-06
3.60236e-06
1.49918e-05
2.15298e-05
5.00598e-06
9.29545e-06
1.37706e-05
1.28625e-05
1.90628e-05
5.14167e-06
7.74124e-06
3.40879e-06
7.66922e-06
4.8801e-06
8.35614e-06
7.74734e-06
1.95614e-05
3.21368e-06
6.74998e-06
1.75322e-05
2.0285e-05
8.75991e-06
2.06197e-05
2.11528e-05
1.07349e-05
1.08692e-05
8.61966e-06
9.63783e-06
1.04505e-05
1.0073e-05
9.23697e-06
9.2687e-06
1.39582e-05
2.38661e-05
1.77461e-05
2.17239e-05
2.05991e-05
2.04988e-05
2.00388e-05
2.02225e-05
1.0332e-05
1.41435e-05
1.1723e-05
1.4049e-05
1.3097e-05
1.30376e-05
1.26948e-05
1.27497e-05
1.26864e-05
2.06789e-05
1.72571e-05
2.22741e-05
1.8653e-05
1.91581e-05
1.9897e-05
1.98967e-05
1.28702e-05
1.1048e-05
1.19717e-05
1.90511e-05
1.22675e-05
1.1605e-05
1.27685e-05
1.21729e-05
1.2701e-05
1.93198e-05
1.62462e-05
1.12092e-05
1.2331e-05
1.79718e-05
1.16248e-05
1.60509e-05
1.15473e-05
1.25534e-05
1.96852e-05
1.56486e-05
1.21818e-05
1.26114e-05
1.59555e-05
1.83225e-05
1.15714e-05
1.57647e-05
1.97457e-05
1.66393e-05
1.54534e-05
1.59033e-05
1.64515e-05
1.7213e-05
1.69055e-06
1.6496e-06
3.64564e-06
3.76203e-06
3.47204e-06
2.67828e-06
3.64513e-06
4.00228e-06
2.01882e-06
4.61079e-06
3.14329e-06
3.93013e-06
3.93151e-06
2.80138e-06
4.54654e-06
4.96791e-06
4.54782e-06
2.59237e-06
4.38559e-06
2.2313e-06
3.55334e-06
4.912e-06
7.21449e-06
5.76167e-06
8.32783e-06
6.22064e-06
1.91592e-06
2.86584e-06
6.22409e-06
5.7087e-06
6.52072e-06
6.3942e-06
4.29956e-06
3.47087e-06
4.04371e-06
5.64001e-06
4.22591e-06
3.31135e-06
3.43647e-06
5.18181e-06
2.83255e-06
4.90825e-06
4.09392e-06
5.04092e-06
3.21813e-06
2.61297e-06
3.1175e-06
2.64e-06
1.01971e-05
5.11454e-06
3.62643e-06
8.95532e-06
3.09761e-06
3.53986e-06
2.79216e-06
3.10415e-06
4.11645e-06
2.7044e-06
4.49379e-06
3.08208e-06
3.79955e-06
5.86792e-06
5.97258e-06
2.42067e-06
0.000106236
4.02793e-05
3.10106e-05
4.18542e-05
8.79996e-05
6.75271e-05
4.55456e-05
3.8545e-05
2.00299e-05
1.20983e-05
1.4148e-05
1.39037e-05
1.61975e-05
1.59641e-05
1.4053e-05
1.39834e-05
7.42457e-06
1.17033e-05
5.25533e-06
7.19851e-06
7.91992e-06
7.92329e-06
6.23919e-06
6.19776e-06
1.02015e-05
1.28096e-05
8.35901e-06
9.12299e-06
1.03801e-05
1.04151e-05
8.8703e-06
8.82271e-06
3.02161e-05
2.22876e-05
2.42181e-05
1.58345e-05
2.2886e-05
2.35423e-05
2.2544e-05
2.37219e-05
2.97793e-05
1.56332e-05
1.58803e-05
2.16418e-05
2.23304e-05
1.58818e-05
2.2934e-05
1.601e-05
8.76531e-06
1.01665e-05
1.28821e-05
7.87128e-06
8.8932e-06
9.88779e-06
9.35735e-06
9.94797e-06
8.32342e-06
7.85274e-06
1.25837e-05
1.20594e-05
8.75992e-06
9.34491e-06
1.23695e-05
1.22828e-05
7.55725e-06
8.40176e-06
1.42865e-05
1.37825e-05
7.84655e-06
8.07594e-06
1.3158e-05
1.35536e-05
9.66552e-06
1.25725e-05
1.29798e-05
1.45258e-05
1.13139e-05
1.1325e-05
1.31735e-05
1.28703e-05
1.56426e-05
1.42266e-05
1.64643e-05
1.29724e-05
1.49555e-05
1.4942e-05
1.51813e-05
1.51506e-05
1.01499e-05
1.03533e-05
9.9466e-06
8.87361e-06
1.01688e-05
1.02889e-05
9.71751e-06
9.9576e-06
9.1524e-06
1.4263e-05
1.33474e-05
1.4002e-05
1.27556e-05
1.3755e-05
1.33658e-05
1.34654e-05
9.23384e-06
1.40057e-05
1.32491e-05
1.44256e-05
1.2386e-05
1.29755e-05
1.33394e-05
1.32057e-05
1.46481e-05
1.25294e-05
1.20744e-05
1.21872e-05
1.31203e-05
1.28297e-05
1.26418e-05
1.21273e-05
1.48289e-05
1.23347e-05
1.24902e-05
1.36247e-05
1.42638e-05
1.27201e-05
1.35598e-05
1.28547e-05
3.15607e-05
3.80736e-05
3.89607e-05
2.36559e-05
3.37339e-05
3.3729e-05
3.54295e-05
4.34364e-05
2.9395e-05
1.2715e-05
1.62456e-05
1.54105e-05
1.45262e-05
9.50173e-06
1.10467e-05
1.04701e-05
7.84061e-05
2.09808e-05
1.55886e-05
1.32136e-05
1.63592e-05
1.30676e-05
1.33196e-05
1.49046e-05
1.98471e-05
1.31478e-05
1.44868e-05
2.10769e-05
1.61423e-05
1.41128e-05
1.64848e-05
1.71672e-05
2.22319e-05
2.0329e-05
1.66268e-05
1.02131e-05
2.20973e-05
2.42664e-05
2.09541e-05
3.8336e-05
1.81022e-05
8.77754e-06
1.13718e-05
2.2346e-05
2.71615e-05
1.12736e-05
4.41685e-05
1.53484e-05
2.4441e-05
2.01722e-05
1.08749e-05
1.55264e-05
1.74348e-05
2.18555e-05
1.19347e-05
1.29052e-05
2.35854e-05
1.12766e-05
8.82895e-06
1.46321e-05
1.52357e-05
2.88049e-05
1.15083e-05
9.99023e-06
1.18651e-05
2.06617e-05
1.09493e-05
9.33614e-06
2.23496e-05
2.64324e-05
1.85082e-05
2.29658e-05
3.25436e-05
3.85679e-05
2.53499e-05
3.56155e-05
4.82465e-05
4.05608e-05
3.45776e-05
5.04771e-05
1.13662e-05
2.94372e-05
2.14689e-05
3.45737e-05
1.43289e-05
1.68178e-05
3.52051e-05
1.83656e-05
9.15503e-06
2.77009e-05
1.50241e-05
2.12796e-05
3.39419e-05
2.74528e-05
1.39361e-05
3.31841e-05
3.80538e-05
1.78997e-05
2.27165e-05
3.78416e-05
2.06566e-05
1.67271e-05
2.32964e-05
2.06035e-05
3.70193e-05
3.4509e-05
2.31071e-05
1.97038e-05
4.26787e-05
3.561e-05
2.44679e-05
3.89297e-05
1.48494e-05
2.17218e-05
2.86341e-05
1.2213e-05
9.77972e-06
1.38365e-05
1.6079e-05
1.97275e-05
1.54193e-05
1.51848e-05
3.5483e-05
3.83757e-05
1.62093e-05
2.60674e-05
1.99635e-05
2.41501e-05
0.000167274
0.000163071
0.000110765
0.000110238
0.000127232
0.00012766
0.00010344
0.000111611
0.000142302
7.99253e-05
5.12264e-05
4.59852e-05
0.000100009
8.13999e-05
7.71566e-05
5.43546e-05
5.67291e-05
6.0356e-05
4.01201e-05
3.72582e-05
4.1713e-05
5.27019e-05
3.4918e-05
8.01589e-05
5.52332e-05
4.3097e-05
3.18053e-05
2.50327e-05
4.33624e-05
4.47834e-05
3.50263e-05
5.81163e-05
8.72707e-05
0.000102385
7.8415e-05
6.44078e-05
7.43742e-05
7.6215e-05
7.72103e-05
7.14871e-05
8.80054e-05
6.20091e-05
6.67364e-05
0.000103826
7.88595e-05
9.03639e-05
8.16574e-05
5.68911e-05
7.5773e-05
5.92838e-05
4.67158e-05
4.96921e-05
6.77698e-05
6.26886e-05
6.64686e-05
5.49029e-05
6.78909e-05
4.02334e-05
7.34679e-05
4.75234e-05
6.18744e-05
5.70105e-05
5.40418e-05
8.63272e-05
1.19563e-05
1.59557e-05
1.14644e-05
1.15416e-05
1.19531e-05
1.20634e-05
1.14427e-05
1.15492e-05
2.16144e-05
1.45822e-05
2.47351e-05
1.75592e-05
2.23374e-05
2.33466e-05
2.31136e-05
2.4525e-05
1.61374e-05
2.45052e-05
3.32192e-05
3.39536e-05
2.0213e-05
2.15889e-05
3.03818e-05
3.33618e-05
1.524e-05
2.11531e-05
3.02594e-05
3.06182e-05
1.60257e-05
1.71419e-05
2.60593e-05
1.94358e-05
1.60555e-05
1.28733e-05
1.1944e-05
1.64269e-05
1.5586e-05
1.27321e-05
1.60019e-05
1.23901e-05
1.62741e-05
1.74806e-05
1.97009e-05
1.3229e-05
1.59241e-05
1.7604e-05
1.58553e-05
1.84696e-05
1.55591e-05
1.51508e-05
1.94978e-05
2.49734e-05
1.54581e-05
1.51936e-05
1.80732e-05
1.7233e-05
1.56417e-05
2.65836e-05
2.46386e-05
2.38718e-05
1.93481e-05
1.93609e-05
2.29603e-05
2.41512e-05
1.62965e-05
2.75667e-05
3.44805e-05
2.66482e-05
1.71287e-05
2.8183e-05
2.38945e-05
2.80284e-05
1.53552e-05
9.66425e-06
1.47061e-05
1.61525e-05
1.54096e-05
1.43859e-05
1.61813e-05
1.59905e-05
2.08686e-05
1.42367e-05
1.59173e-05
2.00014e-05
2.03725e-05
1.6337e-05
2.00671e-05
1.69902e-05
2.19652e-05
3.84068e-05
1.80351e-05
2.45413e-05
1.58601e-05
2.18717e-05
1.629e-05
1.54066e-05
2.64028e-05
3.43073e-05
2.46384e-05
2.51599e-05
2.08323e-05
2.07423e-05
2.93621e-05
3.86791e-05
1.90608e-05
2.04678e-05
1.61532e-05
2.17887e-05
2.04251e-05
1.98071e-05
2.03285e-05
2.02161e-05
2.69547e-05
1.83427e-05
3.05666e-05
2.60239e-05
2.81502e-05
3.08079e-05
3.31088e-05
2.42442e-05
2.19955e-05
2.24185e-05
2.28637e-05
1.64692e-05
2.15637e-05
2.18793e-05
2.0295e-05
2.0227e-05
1.39529e-05
1.3337e-05
4.98601e-06
9.80059e-06
1.54189e-05
1.15429e-05
1.37831e-05
7.36967e-06
1.06379e-05
7.12387e-06
4.3701e-06
1.2197e-05
1.13006e-05
7.39255e-06
1.08167e-05
9.17053e-06
3.07618e-06
2.29618e-06
2.99421e-06
3.09324e-06
2.75609e-06
3.05877e-06
3.04087e-06
2.87562e-06
1.58294e-05
1.61295e-05
6.31272e-06
1.20508e-05
7.82242e-06
7.4491e-06
9.10622e-06
8.31979e-06
1.31581e-05
4.98166e-06
7.55337e-06
7.89449e-06
1.27805e-05
6.0502e-06
8.92042e-06
9.27441e-06
9.28823e-06
7.52773e-06
6.12725e-06
5.1678e-06
1.24001e-05
9.99778e-06
7.85862e-06
6.30337e-06
6.78313e-06
9.01589e-06
1.29462e-05
5.66609e-06
8.44215e-06
7.41668e-06
4.92523e-06
7.53876e-06
3.63345e-06
5.60306e-06
8.23129e-06
4.52776e-06
3.84566e-06
5.22099e-06
6.42372e-06
6.30446e-06
0.000167738
0.000167751
0.000167775
0.000167845
0.00016779
0.000167752
0.000167833
0.00016781
0.00016368
7.73422e-05
6.99581e-05
8.80443e-05
8.97765e-05
7.5631e-05
8.05613e-05
0.000114192
0.000137909
7.05678e-05
6.66598e-05
8.01989e-05
9.89749e-05
7.51666e-05
7.80776e-05
0.000101315
8.78369e-05
5.10091e-05
4.41866e-05
3.6317e-05
4.10668e-05
4.09093e-05
4.32597e-05
5.9486e-05
0.000144123
0.000134462
8.51785e-05
5.98344e-05
0.00014483
0.00015843
0.0001326
7.92164e-05
0.000153266
5.35869e-05
7.57562e-05
0.000157017
0.00016772
0.000105685
0.000143497
9.46355e-05
0.000167783
8.8795e-05
5.99301e-05
5.7643e-05
8.65027e-05
0.00010237
6.57721e-05
7.3226e-05
0.000130057
6.84079e-05
7.42519e-05
0.000113583
0.000127535
5.47939e-05
9.07585e-05
7.8005e-05
8.13249e-06
1.28798e-05
9.12936e-06
9.16502e-06
8.54679e-06
9.54401e-06
8.60031e-06
9.14802e-06
1.2705e-05
2.37931e-05
2.21982e-05
1.23741e-05
2.04481e-05
2.2951e-05
2.10013e-05
2.20763e-05
1.04952e-05
1.60351e-05
1.2066e-05
1.16354e-05
1.13319e-05
1.2549e-05
1.13526e-05
1.20488e-05
1.2259e-05
9.64095e-06
1.51774e-05
1.94553e-05
1.41015e-05
1.56196e-05
1.47266e-05
1.52062e-05
1.32161e-05
9.88168e-06
9.62568e-06
1.4677e-05
1.34511e-05
1.02943e-05
1.38171e-05
1.04725e-05
1.47262e-05
1.57847e-05
1.63897e-05
1.09669e-05
1.42358e-05
1.53661e-05
1.43036e-05
1.50918e-05
9.89112e-06
9.74757e-06
1.51786e-05
1.11068e-05
1.01951e-05
1.01795e-05
1.08957e-05
1.13749e-05
1.04992e-05
1.16205e-05
1.56681e-05
1.59677e-05
1.17938e-05
1.2012e-05
1.52583e-05
1.60677e-05
4.43537e-06
8.66791e-06
3.50459e-06
9.66819e-06
2.37013e-06
5.34898e-06
2.81447e-06
3.75661e-06
1.89916e-05
1.89276e-05
1.23579e-05
1.52616e-05
6.66545e-06
1.04009e-05
8.24113e-06
1.02681e-05
4.88303e-06
1.00185e-05
5.05547e-06
1.16521e-05
5.41207e-06
5.8336e-06
8.28298e-06
8.94628e-06
1.29909e-05
4.6932e-06
8.20273e-06
6.13408e-06
9.34007e-06
1.23777e-05
1.54596e-05
6.60766e-06
5.158e-06
4.11833e-06
5.64221e-06
7.27049e-06
8.74941e-06
1.09857e-05
1.22709e-05
7.54442e-06
9.17442e-06
8.49438e-06
9.34172e-06
8.03142e-06
6.96294e-06
1.51162e-05
1.23642e-05
5.6784e-06
4.96152e-06
6.30224e-06
7.11875e-06
1.22061e-05
8.74716e-06
7.79026e-06
5.96037e-06
1.2252e-05
5.39697e-06
8.08411e-06
4.96222e-06
8.82216e-06
7.52245e-06
7.14793e-06
9.90066e-06
5.27773e-06
4.78214e-06
4.828e-06
4.74543e-06
9.5709e-06
2.48032e-06
4.05082e-06
2.6029e-06
4.63352e-06
5.35665e-06
7.23984e-06
1.16957e-05
7.91496e-06
9.20755e-06
8.23266e-06
1.0747e-05
9.89998e-06
7.23586e-06
1.13968e-05
9.47011e-06
7.44536e-06
7.69774e-06
6.07846e-06
7.27519e-06
6.54044e-06
7.55791e-06
8.39442e-06
7.29948e-06
1.05333e-05
9.83738e-06
6.49939e-06
8.30064e-06
6.93482e-06
6.35502e-06
6.62915e-06
4.79868e-06
9.83567e-06
1.10354e-05
4.26699e-06
7.01146e-06
6.41595e-06
7.04995e-06
1.06585e-05
8.16839e-06
7.5128e-06
1.15268e-05
6.23712e-06
6.16644e-06
9.38906e-06
7.57347e-06
5.9939e-06
1.09222e-05
1.38986e-05
6.34539e-06
5.63228e-06
1.28694e-05
7.00712e-06
8.0666e-06
1.09424e-05
1.19884e-05
9.64657e-06
8.44217e-06
1.16898e-05
1.07783e-05
8.48565e-06
2.55563e-05
1.50326e-05
1.71786e-05
2.60685e-05
2.49758e-05
1.80139e-05
2.55003e-05
1.79176e-05
1.0875e-05
1.14363e-05
7.79865e-06
1.09357e-05
1.07964e-05
9.10954e-06
1.08569e-05
9.07816e-06
1.00112e-05
7.11156e-06
7.77429e-06
9.57922e-06
9.74869e-06
7.51936e-06
9.75602e-06
7.47635e-06
2.20277e-05
1.55727e-05
1.61581e-05
1.78615e-05
2.45632e-05
1.80597e-05
1.69851e-05
1.79502e-05
1.47109e-05
1.6917e-05
2.54321e-05
1.49022e-05
1.49622e-05
1.77647e-05
1.52048e-05
1.79161e-05
1.12482e-05
1.1441e-05
7.97415e-06
1.03737e-05
1.12256e-05
1.12743e-05
1.02003e-05
1.01084e-05
1.69399e-05
1.98699e-05
1.51498e-05
1.64664e-05
1.65579e-05
1.77897e-05
1.6225e-05
1.77134e-05
1.02428e-05
9.98129e-06
1.13932e-05
7.96437e-06
1.01274e-05
1.01564e-05
1.00877e-05
1.00777e-05
7.64929e-06
4.69042e-06
8.60197e-06
1.01034e-05
4.28995e-06
3.31866e-06
5.90506e-06
7.38501e-06
3.93411e-06
3.93228e-06
4.14289e-06
4.70034e-06
4.99792e-06
2.10669e-06
5.38659e-06
6.11241e-06
1.0739e-05
7.51127e-06
7.14267e-06
1.13252e-05
7.37629e-06
4.5772e-06
8.69101e-06
1.36801e-05
8.69993e-06
7.60001e-06
1.04331e-05
1.61192e-05
1.28603e-05
1.00355e-05
1.17866e-05
1.65746e-05
4.65228e-06
6.58214e-06
9.95347e-06
1.12958e-05
4.42627e-06
4.87637e-06
5.12427e-06
8.13983e-06
2.88243e-06
5.10812e-06
3.35657e-06
4.31413e-06
8.74045e-06
4.50816e-06
4.17565e-06
4.97342e-06
8.21175e-06
1.04381e-05
5.75205e-06
8.83033e-06
1.08942e-05
2.48551e-05
1.22527e-05
8.39458e-06
9.69447e-06
1.27461e-05
7.59337e-06
1.42528e-05
5.9553e-06
7.88835e-06
6.04814e-06
5.82422e-06
1.26993e-05
1.29265e-05
1.36613e-05
1.40965e-05
1.29253e-05
1.31582e-05
1.36779e-05
1.35417e-05
1.23178e-05
1.02649e-05
1.14915e-05
1.16102e-05
1.14917e-05
1.14142e-05
1.15516e-05
1.14748e-05
1.41445e-05
1.32049e-05
1.4784e-05
1.75974e-05
1.4455e-05
1.44055e-05
1.50376e-05
1.47714e-05
2.08829e-05
1.92849e-05
2.26312e-05
1.91283e-05
2.14283e-05
2.13717e-05
2.32812e-05
2.26916e-05
1.30895e-05
1.38232e-05
1.48403e-05
1.3939e-05
1.32441e-05
1.3851e-05
1.35516e-05
1.5114e-05
1.30426e-05
1.3987e-05
1.30094e-05
1.38484e-05
1.31316e-05
1.30591e-05
1.32335e-05
1.3148e-05
1.42524e-05
1.61753e-05
1.52476e-05
1.78428e-05
1.59014e-05
1.59008e-05
1.66712e-05
1.6924e-05
1.40902e-05
1.75826e-05
1.47867e-05
1.31706e-05
1.45109e-05
1.67348e-05
1.336e-05
1.48328e-05
1.80386e-05
5.12299e-05
1.55894e-05
1.62139e-05
3.20468e-05
5.42731e-05
1.67507e-05
2.0999e-05
8.36311e-05
0.000133428
6.81076e-05
6.56067e-05
9.0494e-05
0.000147639
6.10102e-05
8.26518e-05
4.45452e-05
5.71997e-05
3.8815e-05
2.36394e-05
3.30512e-05
7.28126e-05
2.53149e-05
2.71652e-05
9.82422e-06
3.40304e-05
7.71066e-06
2.42086e-06
9.1269e-06
2.2757e-05
1.99877e-06
4.44885e-06
8.0543e-05
1.84769e-05
2.12664e-05
4.41574e-05
4.06698e-05
2.45657e-05
2.60422e-05
2.51878e-05
0.000108766
5.19222e-05
6.3507e-05
4.25904e-05
5.91641e-05
3.9118e-05
4.40602e-05
4.90061e-05
3.0822e-05
1.33107e-05
3.24455e-05
8.28394e-06
2.8357e-05
2.3271e-05
2.75512e-05
2.63886e-05
3.02863e-05
1.4324e-05
5.62154e-05
5.72703e-05
3.85826e-05
3.92437e-05
5.80204e-05
4.91875e-05
3.19523e-05
3.15982e-05
1.80306e-05
2.54869e-05
2.8544e-05
2.63907e-05
2.3002e-05
2.3008e-05
4.31083e-05
6.64521e-05
2.70532e-05
5.28327e-05
5.69085e-05
5.20743e-05
4.43242e-05
4.40184e-05
1.28266e-05
1.68162e-05
1.39658e-05
1.66845e-05
1.55438e-05
1.53364e-05
1.49735e-05
1.50037e-05
2.66124e-05
4.16324e-05
2.23936e-05
9.36896e-06
3.42467e-05
3.20972e-05
2.81917e-05
2.83906e-05
3.70433e-05
1.75889e-05
2.73687e-05
4.38166e-05
2.8204e-05
2.46211e-05
3.18118e-05
2.53587e-05
3.36233e-05
4.03791e-05
2.25903e-05
1.65383e-05
2.81356e-05
3.63329e-05
1.89838e-05
2.35468e-05
1.48122e-05
2.18806e-05
3.49298e-05
1.85422e-05
1.67663e-05
2.18594e-05
2.02886e-05
2.8948e-05
1.4853e-05
1.86381e-05
3.4816e-05
2.07577e-05
1.85395e-05
1.97572e-05
2.07076e-05
2.3024e-05
2.70205e-05
2.12494e-05
3.13706e-05
2.92748e-05
2.35756e-05
3.90203e-05
3.39916e-05
1.95899e-05
6.06387e-05
0.000111588
7.16032e-05
7.41585e-05
9.85903e-05
6.94184e-05
6.19802e-05
0.000108966
2.23892e-05
3.65979e-05
9.97917e-06
1.60416e-05
1.47746e-05
2.09713e-05
1.89619e-05
1.71565e-05
2.10304e-05
3.34915e-05
8.98237e-06
1.23473e-05
1.19487e-05
1.19083e-05
2.98054e-05
8.22822e-06
2.92869e-05
2.69003e-05
1.68771e-05
8.64703e-05
1.64133e-05
1.68898e-05
2.38511e-05
1.8002e-05
3.37095e-05
5.70528e-05
3.33662e-05
3.64002e-05
1.71779e-05
2.68221e-05
2.21691e-05
1.83847e-05
3.27331e-05
2.72538e-05
1.19266e-05
2.07855e-05
2.59298e-05
8.17834e-06
9.54839e-06
7.82545e-06
2.07651e-05
1.06021e-05
5.25907e-05
2.74815e-05
2.64275e-05
1.56837e-05
1.78809e-05
2.06317e-05
2.72681e-05
9.6507e-06
2.82806e-05
3.49551e-05
1.75811e-05
2.10347e-05
2.2362e-05
3.00749e-05
1.27849e-05
1.23644e-05
3.87593e-05
9.17019e-06
1.2973e-05
3.6865e-05
2.82844e-05
3.82846e-05
4.04006e-05
3.23382e-05
5.0529e-05
7.67873e-05
3.49614e-05
3.96481e-05
3.51388e-05
3.92708e-05
2.06382e-05
9.33039e-06
6.03938e-05
4.96201e-05
1.33361e-05
1.43996e-05
1.26433e-05
1.52906e-05
1.07434e-05
3.29743e-05
2.30098e-05
1.46894e-05
9.0924e-06
1.64464e-05
1.8429e-05
1.37258e-05
4.23357e-05
9.74457e-06
2.25972e-05
2.43435e-05
4.4417e-05
1.53006e-05
1.86526e-05
1.08462e-05
4.60741e-05
2.03601e-05
1.21901e-05
8.42922e-05
4.58354e-05
1.46286e-05
8.27333e-05
1.73329e-05
2.86e-05
5.12407e-05
1.15144e-05
1.91234e-05
4.19282e-05
3.80494e-05
1.00312e-05
2.90235e-05
3.68141e-05
3.1457e-05
1.87902e-05
3.79564e-05
3.88914e-05
2.70125e-05
2.51163e-05
2.01429e-05
3.39586e-05
3.82088e-05
4.68085e-05
4.85605e-05
7.62693e-05
4.69192e-05
4.25769e-05
0.00010853
1.21054e-05
2.41066e-05
2.18795e-05
2.04349e-05
1.9469e-05
1.262e-05
9.86747e-06
3.57727e-05
1.51051e-05
3.46696e-05
2.7418e-05
2.48287e-05
2.10767e-05
2.20683e-05
2.1769e-05
1.94903e-05
8.0868e-05
2.22113e-05
3.59013e-05
6.28853e-05
3.55213e-05
2.21639e-05
5.49272e-05
2.84619e-05
2.51474e-05
3.73032e-05
2.35988e-05
1.87878e-05
5.85882e-05
3.69159e-05
3.38226e-05
5.15354e-05
1.0951e-05
1.78779e-05
4.01436e-05
1.13467e-05
1.33755e-05
1.9588e-05
2.12023e-05
2.3664e-05
1.92941e-05
3.71242e-05
9.13958e-05
7.70872e-05
2.4019e-05
5.22185e-05
5.5333e-05
6.61854e-05
2.07518e-05
5.76882e-05
1.4868e-05
8.75148e-06
2.72234e-05
2.49049e-05
3.23977e-05
2.83863e-05
5.62414e-05
4.87134e-05
1.41356e-05
1.83163e-05
1.69503e-05
1.651e-05
1.69758e-05
2.18926e-05
1.0398e-05
1.16607e-05
1.69315e-05
1.3988e-05
1.30934e-05
1.58004e-05
1.78826e-05
1.4066e-05
8.36878e-06
1.04327e-05
7.70759e-06
5.50275e-06
6.93358e-06
7.89608e-06
4.89217e-06
5.2873e-06
1.81206e-05
1.34724e-05
1.68525e-05
3.31012e-05
1.82098e-05
2.48877e-05
1.52425e-05
1.5586e-05
1.67839e-05
3.49448e-05
2.34648e-05
1.29038e-05
2.05553e-05
2.48517e-05
3.52927e-05
2.55342e-05
2.34428e-05
1.66354e-05
1.78592e-05
6.36941e-06
8.25534e-06
1.99195e-05
1.21582e-05
2.01391e-05
1.44914e-05
5.95235e-06
2.13272e-05
1.19471e-05
1.41644e-05
1.29495e-05
1.07035e-05
9.80245e-06
1.05101e-05
1.55646e-05
3.88772e-05
2.34297e-05
1.19518e-05
1.95482e-05
1.38421e-05
1.5712e-05
3.01805e-05
1.86793e-05
6.47522e-05
1.70104e-05
3.49896e-05
7.01206e-05
5.51218e-05
4.39109e-05
0.000105792
9.88958e-05
0.000159278
0.000102176
7.48073e-05
0.000130568
0.000105092
0.000103277
2.58571e-05
6.41945e-05
8.6081e-05
3.49652e-05
2.54523e-05
2.40544e-05
2.33178e-05
3.0652e-05
2.29882e-05
3.05047e-05
2.03973e-05
2.267e-05
3.01965e-05
3.01687e-05
2.647e-05
1.93237e-05
3.20362e-05
2.88728e-05
8.1373e-05
5.15486e-05
3.00941e-05
6.1802e-05
8.11076e-05
4.42332e-05
5.51918e-05
1.84079e-05
2.85357e-05
4.68434e-05
5.75223e-05
2.31631e-05
4.7144e-05
4.25768e-05
5.21432e-05
4.85313e-05
3.07922e-05
7.36749e-05
9.0624e-05
5.64099e-05
7.241e-05
7.51432e-05
3.40374e-05
2.75628e-05
3.87606e-05
2.47623e-05
2.27722e-05
4.01752e-05
2.01426e-05
3.51453e-05
1.70497e-05
2.69687e-05
4.32379e-05
1.83636e-05
2.99147e-05
2.40237e-05
2.66627e-05
2.4495e-05
6.66634e-05
4.83163e-05
5.5579e-05
0.000123487
7.12854e-05
9.12361e-05
7.53077e-05
7.59313e-05
1.96277e-05
1.54984e-05
2.90626e-05
1.47706e-05
8.00217e-06
1.0469e-05
9.34354e-06
9.44571e-06
1.20577e-05
3.73318e-05
2.00959e-05
1.46141e-05
1.05081e-05
3.85716e-05
3.41755e-05
3.95464e-05
2.1805e-05
2.13521e-05
4.11849e-05
4.9526e-05
1.75852e-05
3.00604e-05
2.37424e-05
1.90766e-05
4.14327e-05
1.55473e-05
1.29778e-05
5.96173e-05
3.63373e-05
4.78988e-05
5.40917e-05
1.81756e-05
4.37943e-05
8.56115e-05
2.50228e-05
2.69563e-05
5.31953e-05
0.000104663
1.98044e-05
4.05644e-05
1.79958e-05
2.27715e-05
2.61476e-05
2.03414e-05
2.26691e-05
2.24483e-05
2.1825e-05
2.21131e-05
1.73128e-05
1.44099e-05
1.58563e-05
1.4037e-05
1.43272e-05
1.43675e-05
1.41869e-05
1.44058e-05
1.83233e-05
1.35875e-05
1.22079e-05
1.19222e-05
1.37222e-05
1.35239e-05
1.33937e-05
1.3354e-05
1.51187e-05
1.35663e-05
1.30235e-05
5.70461e-06
1.33032e-05
1.34019e-05
1.29827e-05
1.30746e-05
1.73125e-05
2.31016e-05
1.67646e-05
1.39683e-05
1.70507e-05
1.7369e-05
1.67758e-05
1.68204e-05
1.73441e-05
1.39733e-05
1.58233e-05
2.28627e-05
1.73346e-05
1.43049e-05
2.29033e-05
1.60661e-05
2.25245e-05
1.64107e-05
1.37684e-05
1.51106e-05
2.20568e-05
1.68228e-05
1.57783e-05
1.38124e-05
2.24472e-05
1.48871e-05
1.39092e-05
1.5578e-05
1.59178e-05
1.54137e-05
1.56982e-05
1.54639e-05
2.72867e-05
8.71338e-05
9.81439e-06
2.82009e-05
7.89274e-05
7.34609e-05
2.92565e-05
4.95178e-05
5.52144e-05
2.6366e-05
2.33116e-05
2.49573e-05
3.20098e-05
5.07797e-05
3.49967e-05
2.35718e-05
2.25725e-05
2.18635e-05
1.73644e-05
2.07105e-05
2.33665e-05
2.03806e-05
2.15504e-05
1.93396e-05
2.12942e-05
1.98077e-05
1.35534e-05
1.56266e-05
2.92698e-05
2.71281e-05
2.25163e-05
1.56512e-05
5.52634e-05
3.83626e-05
3.90379e-05
3.19611e-05
3.83426e-05
4.36475e-05
4.93044e-05
3.44863e-05
4.02903e-05
2.84095e-05
3.43135e-05
3.54159e-05
3.43927e-05
3.18437e-05
2.45812e-05
3.18648e-05
1.2933e-05
2.47171e-05
3.04813e-05
1.89584e-05
1.63606e-05
3.08329e-05
2.20031e-05
3.09794e-05
2.79628e-05
2.07657e-05
2.3625e-05
3.12536e-05
2.06878e-05
2.6717e-05
3.25971e-05
3.08355e-05
1.2725e-05
1.35879e-05
1.47804e-05
1.20359e-05
1.26575e-05
1.33825e-05
1.24144e-05
1.32288e-05
1.40513e-05
1.28258e-05
1.30266e-05
1.45304e-05
1.41724e-05
1.33273e-05
1.45243e-05
1.3557e-05
2.36634e-05
2.44238e-05
4.787e-05
2.31002e-05
2.40703e-05
3.73225e-05
2.45578e-05
4.20159e-05
1.11569e-05
1.26028e-05
1.30575e-05
1.03738e-05
1.09849e-05
1.25505e-05
1.06566e-05
1.25006e-05
1.36437e-05
1.48949e-05
1.18731e-05
1.33736e-05
1.35642e-05
1.31672e-05
1.33134e-05
1.30082e-05
1.49667e-05
1.55212e-05
1.82828e-05
1.86099e-05
1.53225e-05
1.53139e-05
1.69727e-05
1.73566e-05
1.49215e-05
1.15027e-05
1.30577e-05
1.39752e-05
1.40861e-05
1.27436e-05
1.43627e-05
1.27074e-05
1.94277e-05
2.1198e-05
1.59509e-05
2.04631e-05
1.93562e-05
1.97541e-05
1.77941e-05
1.73821e-05
1.28222e-05
1.69941e-05
1.25016e-05
1.70825e-05
1.44613e-05
1.50715e-05
1.44237e-05
1.53448e-05
2.96432e-05
5.36805e-05
3.49055e-05
2.24759e-05
2.03185e-05
3.68648e-05
2.07009e-05
2.69753e-05
1.8291e-05
2.91342e-05
2.90521e-05
1.9509e-05
2.52934e-05
2.9511e-05
2.52954e-05
1.65043e-05
2.44627e-05
2.97093e-05
2.25052e-05
1.11701e-05
3.17903e-05
2.87886e-05
2.59843e-05
2.73121e-05
2.2388e-05
1.54998e-05
1.94574e-05
3.91047e-05
2.22301e-05
1.95146e-05
2.51509e-05
2.11145e-05
2.46612e-05
4.38008e-05
3.85128e-05
1.75809e-05
2.56699e-05
2.59468e-05
2.05636e-05
3.19735e-05
1.54653e-05
1.93629e-05
3.91944e-05
2.37514e-05
1.78826e-05
2.17335e-05
2.38462e-05
3.21625e-05
1.87626e-05
3.11749e-05
2.85142e-05
2.11109e-05
2.7629e-05
2.86301e-05
3.1909e-05
2.84168e-05
3.28956e-06
2.91976e-06
5.24878e-06
3.89767e-06
4.75178e-06
3.161e-06
4.12489e-06
3.25883e-06
3.71435e-06
6.19062e-06
5.75406e-06
5.81989e-06
5.43632e-06
6.63517e-06
7.29389e-06
6.25095e-06
5.00538e-06
5.85619e-06
6.53835e-06
3.61403e-06
7.89378e-06
8.25714e-06
1.45973e-05
6.2215e-06
6.8319e-06
3.11779e-06
4.20177e-06
2.18252e-06
5.65936e-06
1.80325e-06
5.96002e-06
1.77939e-06
5.25153e-06
5.03108e-06
3.74911e-06
3.99634e-06
9.26771e-06
7.55122e-06
5.68629e-06
1.87253e-06
5.6894e-06
4.41546e-06
7.12447e-06
5.65612e-06
4.40651e-06
6.77257e-06
4.57548e-06
8.51788e-06
6.67819e-06
3.91561e-06
4.89225e-06
6.6982e-06
2.209e-06
1.95867e-06
4.75967e-06
8.62147e-06
3.98807e-06
4.02823e-06
3.14748e-06
6.40562e-06
5.91103e-06
5.53725e-06
1.11026e-05
7.56859e-06
8.6926e-06
9.66065e-06
9.90676e-06
1.10135e-05
9.11493e-06
9.6271e-06
9.1166e-06
9.74867e-06
1.10936e-05
1.26667e-05
1.17054e-05
1.6087e-05
1.36423e-05
1.25864e-05
1.37036e-05
1.23468e-05
1.10816e-05
1.1196e-05
1.09336e-05
1.17252e-05
1.11688e-05
1.10323e-05
1.11632e-05
1.10039e-05
2.04074e-05
2.24254e-05
1.99911e-05
1.01447e-05
2.22371e-05
2.16451e-05
2.15705e-05
2.0878e-05
1.14296e-05
1.0385e-05
1.23488e-05
1.82028e-05
1.14281e-05
1.09489e-05
1.31851e-05
1.29229e-05
1.1064e-05
1.56372e-05
1.16151e-05
1.07929e-05
1.0983e-05
1.30549e-05
1.08354e-05
1.21584e-05
1.03871e-05
1.21251e-05
1.76956e-05
1.43921e-05
1.32473e-05
1.30876e-05
1.44118e-05
1.60821e-05
1.09049e-05
1.2714e-05
1.49068e-05
1.14896e-05
1.16972e-05
1.31294e-05
1.21518e-05
1.34692e-05
2.77897e-05
1.97846e-05
1.78409e-05
2.90645e-05
2.79009e-05
2.11096e-05
1.86825e-05
2.08186e-05
1.16554e-05
9.19891e-06
8.63983e-06
1.16935e-05
1.16853e-05
9.4402e-06
1.176e-05
9.32198e-06
1.08648e-05
7.49727e-06
9.41113e-06
1.05681e-05
1.06772e-05
8.72609e-06
1.0538e-05
8.77008e-06
2.86739e-05
1.84347e-05
1.51665e-05
2.93292e-05
2.66662e-05
2.10047e-05
3.66254e-05
2.11609e-05
2.05355e-05
1.73251e-05
2.13838e-05
1.60442e-05
1.99272e-05
2.04997e-05
1.8661e-05
2.07426e-05
1.40655e-05
1.29646e-05
8.85428e-06
1.26765e-05
1.35434e-05
1.29649e-05
1.19754e-05
1.16929e-05
1.66237e-05
1.3522e-05
1.44093e-05
1.52419e-05
1.65943e-05
2.09959e-05
1.59558e-05
2.077e-05
1.24699e-05
1.20363e-05
1.23814e-05
8.71484e-06
1.22922e-05
1.22754e-05
1.1443e-05
1.14412e-05
2.87011e-06
1.44008e-05
1.54727e-05
7.91871e-06
6.51018e-06
4.80873e-06
6.63002e-06
4.91783e-06
3.11361e-05
1.97782e-05
2.61999e-05
1.31517e-05
2.59225e-05
2.05575e-05
2.04038e-05
2.7783e-05
2.65735e-05
1.77304e-05
1.86417e-05
1.07889e-05
1.11079e-05
1.11115e-05
1.46892e-05
1.5522e-05
1.0406e-05
1.1713e-05
1.57076e-05
5.90233e-06
7.01445e-06
5.63776e-06
8.00899e-06
7.29321e-06
1.09855e-05
2.04787e-05
9.09964e-06
1.28856e-05
1.41118e-05
1.577e-05
2.10475e-05
8.87514e-06
7.38577e-06
1.30314e-05
2.39565e-05
1.902e-05
1.37399e-05
1.76854e-05
3.47499e-05
2.48101e-05
2.31769e-05
1.01964e-05
1.59189e-05
1.44073e-05
1.02079e-05
9.10535e-06
2.38696e-05
1.4778e-05
2.59096e-05
1.29173e-05
2.03666e-05
4.82604e-05
2.09057e-05
2.03823e-05
3.00989e-05
2.42458e-05
1.86986e-05
1.40247e-05
1.81834e-05
2.2032e-05
2.15362e-05
1.59023e-05
2.37083e-05
1.81005e-05
9.95855e-06
9.90999e-06
1.04416e-05
1.23757e-05
1.01632e-05
1.00343e-05
1.09299e-05
1.03839e-05
1.36269e-05
1.14594e-05
1.32531e-05
1.93256e-05
1.44833e-05
1.22044e-05
1.57921e-05
1.30957e-05
2.41622e-05
2.27819e-05
2.53957e-05
1.32877e-05
2.09909e-05
2.36294e-05
1.68351e-05
2.50534e-05
1.44481e-05
1.62392e-05
2.32776e-05
1.71708e-05
1.50417e-05
1.61586e-05
1.67286e-05
1.83478e-05
1.08619e-05
1.37789e-05
1.07571e-05
1.26155e-05
1.17397e-05
1.18378e-05
1.1719e-05
1.1823e-05
1.72366e-05
2.46764e-05
1.98669e-05
2.28714e-05
2.0366e-05
2.00208e-05
2.15206e-05
2.10881e-05
1.35659e-05
1.90476e-05
1.57179e-05
1.14097e-05
1.45115e-05
1.73753e-05
1.29961e-05
1.60958e-05
3.47417e-06
3.22296e-06
2.76582e-06
1.07268e-05
9.35797e-06
4.28912e-06
8.4595e-06
9.72993e-06
3.19605e-06
2.44955e-06
2.66962e-06
1.14089e-05
9.60131e-06
4.43517e-06
9.21996e-06
1.06531e-05
2.27083e-06
2.42079e-06
2.08415e-06
1.06692e-05
7.26211e-06
3.35481e-06
6.78721e-06
6.21189e-06
1.69713e-05
9.0895e-06
5.41086e-06
7.6461e-06
1.90424e-05
9.31234e-06
1.45566e-05
1.15066e-05
9.30568e-06
8.02223e-06
1.14394e-05
1.22639e-05
8.67228e-06
8.57994e-06
1.06722e-05
1.08753e-05
4.68517e-06
1.10651e-05
3.69493e-06
3.74007e-06
9.96713e-06
9.11645e-06
2.80354e-06
8.60975e-06
7.43475e-06
1.14456e-05
1.24982e-05
1.26391e-05
1.06967e-05
1.10431e-05
1.23305e-05
1.2361e-05
7.64415e-06
1.12858e-05
1.10115e-05
1.00502e-05
7.78825e-06
1.08553e-05
8.13503e-06
1.07329e-05
9.42508e-06
1.08599e-05
7.89052e-06
7.59195e-06
8.80624e-06
9.02149e-06
7.72743e-06
7.88277e-06
1.79938e-05
2.75851e-05
2.08151e-05
1.99862e-05
2.09828e-05
2.15812e-05
2.09025e-05
2.08049e-05
9.25552e-06
1.2569e-05
1.14275e-05
1.12665e-05
1.02483e-05
1.04588e-05
1.14814e-05
1.12703e-05
8.86137e-06
1.16071e-05
1.0579e-05
6.01348e-06
9.42628e-06
9.60133e-06
1.03051e-05
1.02547e-05
1.2762e-05
9.34861e-06
8.86557e-06
1.39906e-05
1.21265e-05
9.38445e-06
1.19575e-05
9.19428e-06
1.33496e-05
1.48256e-05
1.59486e-05
9.64974e-06
1.23655e-05
1.55059e-05
1.23757e-05
1.53983e-05
9.17474e-06
9.01791e-06
1.18041e-05
1.10334e-05
9.11157e-06
9.10425e-06
9.84058e-06
9.74889e-06
9.23482e-06
1.10093e-05
1.20918e-05
1.26084e-05
1.01874e-05
1.00531e-05
1.23006e-05
1.20566e-05
1.09288e-06
3.07887e-06
1.52668e-06
8.23133e-06
4.30655e-06
2.8685e-06
4.50228e-06
4.84799e-06
3.16217e-06
3.06888e-06
3.37977e-06
1.42731e-05
6.60564e-06
2.69649e-06
6.97813e-06
7.22321e-06
1.99213e-06
3.82227e-06
3.4611e-06
8.98155e-06
1.30203e-05
4.52211e-06
4.61669e-06
4.96075e-06
4.74777e-06
2.02268e-05
1.2412e-05
5.41676e-06
1.70721e-05
1.97691e-05
1.39138e-05
1.61551e-05
5.86626e-06
1.18541e-05
1.15707e-05
1.30788e-05
5.4464e-06
4.93363e-06
1.28429e-05
1.16728e-05
2.96012e-06
1.32331e-05
3.962e-06
3.582e-06
5.98193e-06
6.09412e-06
2.92356e-06
1.26026e-05
4.3683e-06
1.29316e-05
1.34014e-05
1.03321e-05
9.18012e-06
1.32322e-05
9.3151e-06
1.31179e-05
4.62535e-06
1.02967e-05
1.35348e-05
5.03978e-06
4.6743e-06
8.88597e-06
4.79381e-06
9.28215e-06
1.36941e-06
3.0033e-06
1.8791e-06
9.52642e-06
9.89029e-06
4.09681e-06
4.66824e-06
4.93342e-06
3.27708e-06
3.32753e-06
3.43051e-06
9.56732e-06
1.18862e-05
4.51468e-06
6.15511e-06
6.38989e-06
2.18365e-06
3.49125e-06
3.09502e-06
7.37913e-06
9.84241e-06
4.64488e-06
4.38124e-06
4.68955e-06
1.01683e-05
1.46799e-05
1.42584e-05
9.77054e-06
1.66297e-05
1.49211e-05
1.31939e-05
1.32046e-05
1.13771e-05
9.88792e-06
9.70649e-06
9.45575e-06
5.40765e-06
5.00857e-06
9.28089e-06
9.2013e-06
3.97641e-06
9.3836e-06
5.99754e-06
4.539e-06
5.81468e-06
5.85376e-06
2.993e-06
1.03445e-05
4.00621e-06
9.13295e-06
8.91755e-06
8.40153e-06
7.01861e-06
8.98765e-06
7.07906e-06
8.85338e-06
4.25777e-06
8.16552e-06
8.84843e-06
4.95663e-06
4.48659e-06
6.84018e-06
4.61493e-06
6.89845e-06
2.93991e-06
3.393e-06
2.28961e-06
8.14431e-06
1.08801e-05
4.2372e-06
8.71893e-06
8.10235e-06
2.67787e-06
1.80665e-06
3.10139e-06
7.17701e-06
6.78374e-06
2.71958e-06
5.74669e-06
5.2613e-06
6.69166e-06
9.64297e-06
4.7597e-06
1.55883e-05
9.79576e-06
1.18828e-05
1.44689e-05
1.26552e-05
1.82525e-05
1.44584e-05
1.48033e-05
8.60725e-06
1.71747e-05
1.56208e-05
1.88953e-05
8.16353e-06
8.3694e-06
1.13222e-05
7.78518e-06
7.35965e-06
7.29901e-06
7.47716e-06
7.53009e-06
7.5394e-06
3.52099e-06
7.16798e-06
4.28932e-06
5.22911e-06
6.43811e-06
5.82446e-06
3.55766e-06
9.86607e-06
1.03853e-05
9.36221e-06
9.19832e-06
1.28704e-05
8.82612e-06
9.29422e-06
8.69274e-06
9.32047e-06
9.88902e-06
1.21577e-05
8.98873e-06
7.47013e-06
8.70289e-06
8.14698e-06
7.85759e-06
7.37789e-06
1.92835e-05
5.63459e-05
3.33483e-05
2.82527e-05
2.75904e-05
4.10843e-05
3.69192e-05
2.38511e-05
6.99854e-05
7.84954e-05
4.85722e-05
4.77575e-05
0.000161575
0.000103291
8.76694e-05
7.12986e-05
1.526e-05
2.11703e-05
8.54812e-06
1.77407e-05
1.34784e-05
1.74679e-05
9.45443e-06
1.3778e-05
2.12246e-05
2.16872e-05
2.71119e-05
1.86551e-05
1.51138e-05
1.97058e-05
1.87501e-05
3.01745e-05
0.000113858
2.08887e-05
2.6175e-05
6.67487e-05
4.0275e-05
3.10395e-05
2.46195e-05
3.86115e-05
6.41342e-05
5.30223e-05
4.09167e-05
2.51014e-05
5.27899e-05
5.1488e-05
3.88827e-05
4.07284e-05
1.89469e-05
2.75089e-05
2.92145e-05
1.90143e-05
3.9527e-05
2.98265e-05
2.24505e-05
2.03559e-05
2.16614e-05
2.12597e-05
8.55943e-05
3.9681e-05
2.03123e-05
2.51876e-05
2.99813e-05
4.74474e-05
9.27729e-06
2.46021e-05
2.61361e-05
1.68722e-05
2.43744e-05
2.1158e-05
4.18937e-05
3.06704e-05
1.33188e-05
1.43129e-05
2.56659e-05
1.75688e-05
1.75995e-05
1.04497e-05
1.40444e-05
1.48491e-05
2.03265e-05
3.60981e-05
3.56839e-05
2.39185e-05
3.54028e-05
3.19818e-05
3.35903e-05
2.96212e-05
1.08232e-05
1.93973e-05
1.50957e-05
1.11794e-05
2.62306e-05
1.27583e-05
2.38361e-05
1.34296e-05
2.33214e-05
3.25734e-05
3.085e-05
1.68687e-05
1.92255e-05
2.34467e-05
1.46744e-05
2.7857e-05
1.73122e-05
1.13622e-05
2.26319e-05
2.97949e-05
2.6578e-05
1.41012e-05
4.28809e-05
3.03086e-05
1.85194e-05
1.72283e-05
1.2341e-05
2.68178e-05
1.40034e-05
1.8413e-05
3.39277e-05
2.10123e-05
1.7893e-05
2.399e-05
1.1624e-05
2.29716e-05
3.11807e-05
4.54482e-05
3.39242e-05
2.04991e-05
4.64504e-05
3.54735e-05
8.67209e-05
4.98423e-05
4.21444e-05
4.55875e-05
2.26715e-05
2.14795e-05
3.26294e-05
1.40488e-05
1.626e-05
1.662e-05
2.50643e-05
1.63911e-05
1.27696e-05
1.14203e-05
4.98717e-05
2.37987e-05
1.77959e-05
1.51588e-05
2.59126e-05
2.61623e-05
1.6624e-05
1.57007e-05
6.00879e-05
4.88209e-05
1.24128e-05
9.82182e-06
1.47711e-05
1.52044e-05
9.22629e-06
7.77943e-06
2.96314e-05
3.79109e-05
4.60283e-05
2.01163e-05
1.84498e-05
3.21889e-05
4.47289e-05
4.85243e-05
3.49907e-05
1.5857e-05
3.82151e-05
4.27276e-05
1.54643e-05
1.26504e-05
3.28984e-05
4.59183e-05
2.88261e-05
2.95391e-05
3.76123e-05
2.19901e-05
3.14244e-05
2.64904e-05
3.99779e-05
4.04797e-05
2.20642e-05
2.22157e-05
2.97255e-05
1.32679e-05
2.45015e-05
4.08294e-05
1.45048e-05
2.83643e-05
1.34239e-06
2.42157e-06
1.78233e-06
8.04851e-06
7.37641e-06
4.44341e-06
8.30137e-06
7.73002e-06
2.68228e-06
2.34522e-06
3.60775e-06
1.28989e-05
1.16306e-05
3.59961e-06
1.23035e-05
1.23124e-05
1.8692e-06
2.88162e-06
2.42799e-06
1.22461e-05
9.6296e-06
3.47951e-06
8.73962e-06
8.85414e-06
4.07986e-06
1.18613e-05
4.39603e-06
7.40234e-06
1.07115e-05
7.60771e-06
5.2829e-06
7.28503e-06
1.12126e-05
7.82825e-06
1.18e-05
1.21383e-05
1.07766e-05
9.66236e-06
1.19027e-05
1.20731e-05
4.00934e-06
1.27571e-05
3.41606e-06
3.15588e-06
1.10665e-05
1.18827e-05
4.0358e-06
9.38671e-06
8.76851e-06
1.01936e-05
1.57738e-05
1.27413e-05
1.01995e-05
1.42998e-05
1.2569e-05
1.57114e-05
7.15027e-06
1.1575e-05
1.51571e-05
1.14333e-05
1.01844e-05
1.30473e-05
1.07686e-05
1.31729e-05
1.15457e-05
9.77795e-06
1.2644e-05
9.02327e-06
9.68809e-06
9.78157e-06
9.51534e-06
9.78639e-06
8.29038e-06
8.66518e-06
1.23666e-05
8.25088e-06
8.3259e-06
8.49687e-06
8.33517e-06
8.7054e-06
1.69309e-05
1.75208e-05
2.58724e-05
1.63274e-05
1.6967e-05
1.72595e-05
1.69699e-05
1.75502e-05
7.35246e-06
7.7399e-06
1.12664e-05
4.53973e-06
7.32215e-06
7.6106e-06
7.34459e-06
7.79764e-06
8.18842e-06
1.13993e-05
7.80725e-06
7.89491e-06
8.10898e-06
8.1565e-06
8.04751e-06
7.86255e-06
8.25952e-06
8.09406e-06
1.23087e-05
1.15961e-05
8.32478e-06
8.4147e-06
1.15819e-05
1.20186e-05
1.13847e-05
7.70001e-06
7.86305e-06
1.16024e-05
1.08848e-05
7.91968e-06
1.15329e-05
7.90551e-06
1.17714e-05
1.20778e-05
8.2585e-06
1.25291e-05
1.22343e-05
1.18275e-05
1.2073e-05
1.1835e-05
7.67457e-06
5.83806e-06
5.81198e-06
4.21885e-06
8.50583e-06
8.10579e-06
6.34997e-06
7.66793e-06
5.80761e-06
4.79568e-06
5.19289e-06
6.44124e-06
7.14948e-06
6.24363e-06
9.45076e-06
7.86375e-06
3.58261e-06
4.30228e-06
2.27095e-06
5.63532e-06
1.82548e-06
1.89909e-06
5.68858e-06
5.99174e-06
3.07525e-06
5.33548e-06
4.46569e-06
3.51013e-06
3.89674e-06
3.57146e-06
5.18687e-06
5.05011e-06
8.54727e-06
4.18947e-06
5.63281e-06
6.15312e-06
8.70735e-06
9.40086e-06
5.60509e-06
5.19791e-06
6.97926e-06
4.90413e-06
4.24911e-06
3.11316e-06
1.15517e-05
9.54454e-06
9.22861e-06
3.62582e-06
4.14304e-06
5.77743e-06
8.7199e-06
4.95949e-06
5.68781e-06
7.50039e-06
2.58701e-06
6.80352e-06
4.87877e-06
5.36199e-06
6.13488e-06
4.30645e-06
9.54167e-06
2.70325e-06
5.27201e-06
2.87662e-06
9.47195e-06
8.20235e-06
3.98118e-06
5.84175e-06
2.00911e-05
5.43924e-06
6.10271e-06
2.40693e-05
9.80652e-06
6.56123e-06
5.55901e-06
5.69392e-06
2.34491e-05
6.38829e-06
6.92409e-06
5.17169e-06
4.2808e-06
3.21786e-06
2.39541e-06
3.83955e-06
3.2742e-06
1.86104e-06
2.20702e-06
2.06409e-06
4.10589e-06
4.62177e-06
4.30123e-06
3.19828e-06
6.72582e-06
4.86449e-06
3.44529e-06
3.30083e-06
4.75538e-05
6.09752e-06
2.13168e-05
1.41962e-05
6.24808e-06
7.38104e-06
5.73056e-06
6.49892e-06
7.55781e-06
5.93555e-06
2.75158e-06
4.00958e-06
8.63085e-06
8.15979e-06
5.74809e-06
5.28213e-06
3.34847e-06
5.0487e-06
5.56231e-06
2.56689e-06
3.81759e-06
8.8873e-06
4.0495e-06
6.82898e-06
8.01999e-06
2.62339e-06
4.16854e-06
2.78411e-06
8.00688e-06
3.0666e-06
3.28337e-06
4.67108e-06
2.34653e-06
3.02699e-06
1.89699e-06
1.11615e-05
8.1951e-06
4.73041e-06
8.06608e-06
8.65796e-06
3.46286e-06
3.46229e-06
3.52355e-06
1.25566e-05
1.11408e-05
5.79956e-06
1.19538e-05
1.28091e-05
1.70739e-06
2.80933e-06
1.36321e-06
6.48163e-06
7.98517e-06
5.03262e-06
8.75848e-06
5.46648e-06
7.10311e-06
1.01938e-05
5.86227e-06
9.80118e-06
1.12219e-05
1.26451e-05
1.22561e-05
1.03757e-05
9.55574e-06
8.51626e-06
1.24373e-05
1.43845e-05
9.39048e-06
8.92026e-06
1.21943e-05
1.14437e-05
4.73922e-06
1.24726e-05
4.35406e-06
4.18533e-06
9.53157e-06
9.99287e-06
2.85782e-06
1.07612e-05
8.35503e-06
1.24248e-05
1.43951e-05
9.15154e-06
1.10628e-05
1.14977e-05
1.38333e-05
1.42028e-05
9.08642e-06
1.16461e-05
1.21469e-05
1.09845e-05
9.72634e-06
1.1949e-05
1.05778e-05
1.20234e-05
1.35676e-06
1.34457e-06
4.47466e-06
1.03226e-05
5.92539e-06
4.10721e-06
9.9573e-06
6.22712e-06
2.1076e-06
2.36511e-06
1.84455e-06
1.47464e-05
1.09093e-05
5.99737e-06
1.12733e-05
1.12947e-05
4.51714e-06
1.71211e-06
2.17526e-06
1.59716e-05
1.21458e-05
5.41643e-06
1.22556e-05
1.23734e-05
5.55231e-06
1.37428e-05
1.51674e-05
5.07664e-06
6.24552e-06
1.69478e-05
1.42148e-05
1.69714e-05
1.02748e-05
9.0598e-06
1.23753e-05
1.36824e-05
1.05502e-05
1.08226e-05
1.36434e-05
1.2757e-05
6.08516e-06
1.46311e-05
4.71192e-06
5.59544e-06
1.07288e-05
1.1155e-05
3.34238e-06
1.11715e-05
1.13665e-05
1.42295e-05
1.42522e-05
1.63128e-05
1.51945e-05
1.42143e-05
1.55312e-05
1.50978e-05
1.17919e-05
1.6365e-05
1.4559e-05
1.14613e-05
1.19348e-05
1.60803e-05
1.14452e-05
1.48318e-05
3.63291e-06
2.79841e-06
4.86578e-06
1.01056e-05
7.22032e-06
3.84457e-06
7.48744e-06
8.18907e-06
2.25306e-06
1.1959e-06
2.14034e-06
8.3795e-06
5.18092e-06
1.96177e-06
5.51146e-06
7.03289e-06
3.97418e-06
2.35806e-06
3.97584e-06
9.05264e-06
6.7714e-06
4.22135e-06
6.96896e-06
8.45982e-06
8.78476e-06
4.51786e-06
1.72109e-05
5.13554e-06
7.23728e-06
9.60358e-06
9.45549e-06
1.66284e-05
6.15022e-06
6.76214e-06
9.45399e-06
1.02981e-05
6.26392e-06
6.55356e-06
8.47639e-06
8.34946e-06
3.988e-06
8.06827e-06
3.58827e-06
4.17354e-06
7.61876e-06
5.66503e-06
2.7283e-06
5.97012e-06
6.82597e-06
9.40532e-06
1.04411e-05
1.04046e-05
8.74992e-06
8.61266e-06
1.04299e-05
1.06075e-05
8.04462e-06
8.77437e-06
8.43324e-06
8.32237e-06
6.5004e-06
8.48975e-06
6.27464e-06
8.50628e-06
1.73253e-05
1.93347e-05
1.898e-05
9.17456e-06
1.04662e-05
1.59339e-05
1.50459e-05
1.63889e-05
2.43521e-05
4.9597e-05
4.88146e-05
3.82687e-05
1.83186e-05
3.67321e-05
3.93241e-05
3.38794e-05
2.50005e-05
4.96947e-05
3.78924e-05
4.39922e-05
2.67272e-05
4.69608e-05
3.13236e-05
2.81439e-05
9.2218e-06
2.38492e-05
2.80643e-05
1.77909e-05
1.1981e-05
2.95648e-05
2.30405e-05
1.73627e-05
1.37183e-05
1.55967e-05
1.01757e-05
1.55883e-05
3.37614e-05
1.89107e-05
1.35353e-05
2.81027e-05
3.28229e-05
3.51222e-05
4.87575e-05
3.98278e-05
2.53984e-05
2.25852e-05
2.60832e-05
2.4362e-05
2.15069e-05
2.41688e-05
3.06973e-05
2.08879e-05
2.27275e-05
1.66369e-05
1.64615e-05
2.01278e-05
2.49451e-05
1.69641e-05
2.77038e-05
3.57707e-05
3.24835e-05
3.67628e-05
5.51749e-05
3.53886e-05
1.05495e-05
2.13705e-05
3.24404e-05
1.71655e-05
9.39306e-06
2.97575e-05
9.31645e-06
3.21939e-05
1.20615e-05
1.2419e-05
1.69442e-05
4.5315e-05
2.03375e-05
1.20928e-05
1.72192e-05
1.13402e-05
3.72374e-05
2.04281e-05
3.031e-05
3.70192e-05
1.45862e-05
2.31707e-05
1.62357e-05
2.09428e-05
2.31637e-05
1.32656e-05
3.58605e-05
2.50886e-05
1.26496e-05
1.85746e-05
1.70399e-05
1.80093e-05
3.10547e-05
1.52162e-05
1.39299e-05
3.16046e-05
2.66538e-05
2.9784e-05
1.2924e-05
1.20251e-05
1.57384e-05
3.79078e-05
2.33145e-05
2.1567e-05
1.74883e-05
9.35687e-06
1.27444e-05
1.20221e-05
2.33622e-05
1.6635e-05
2.91558e-05
1.39109e-05
1.06342e-05
1.14529e-05
1.2818e-05
1.42687e-05
1.9889e-05
1.81866e-05
3.74607e-05
1.67925e-05
1.89281e-05
2.03665e-05
1.12706e-05
1.75777e-05
2.85571e-05
4.11781e-05
2.6606e-05
2.02085e-05
3.95686e-05
7.9632e-05
4.72036e-05
2.87196e-05
4.25303e-05
3.86901e-05
2.37858e-05
1.93626e-05
4.1349e-05
7.93147e-05
6.76719e-05
2.90188e-05
1.69532e-05
1.80547e-05
9.00713e-06
1.57176e-05
1.815e-05
2.01123e-05
1.70871e-05
1.11863e-05
1.85762e-05
1.57113e-05
2.23299e-05
2.99908e-05
1.54346e-05
1.68633e-05
1.45978e-05
1.45447e-05
5.72558e-05
3.03632e-05
2.1129e-05
2.1321e-05
4.2699e-05
3.65943e-05
2.92752e-05
2.85833e-05
7.18233e-05
4.38094e-05
3.35405e-05
4.59584e-05
2.53902e-05
3.34371e-05
3.31242e-05
2.67933e-05
3.27396e-05
2.1563e-05
2.5352e-05
1.1772e-05
2.47575e-05
1.73604e-05
1.24087e-05
2.4977e-05
2.10263e-05
1.03496e-05
1.93792e-05
2.20707e-05
3.66935e-05
1.44052e-05
3.20743e-05
2.41989e-05
1.23267e-06
2.13512e-06
1.42317e-06
1.05715e-05
4.9953e-06
3.47726e-06
6.26376e-06
4.25624e-06
2.51658e-06
2.56402e-06
2.74029e-06
1.22968e-05
7.38134e-06
3.47062e-06
7.62077e-06
7.76495e-06
1.62275e-06
2.52763e-06
1.59464e-06
9.37026e-06
6.61207e-06
3.5739e-06
7.10792e-06
7.41154e-06
1.40947e-05
1.22705e-05
1.27054e-05
1.75122e-05
1.91085e-05
1.57582e-05
7.62054e-06
9.44726e-06
7.07096e-06
6.1673e-06
1.11642e-05
1.21057e-05
6.95613e-06
6.51768e-06
1.183e-05
1.11802e-05
3.46657e-06
1.2155e-05
3.7708e-06
3.38303e-06
4.79021e-06
7.20295e-06
1.81616e-06
6.98045e-06
6.49827e-06
1.24538e-05
1.39406e-05
1.13193e-05
8.81816e-06
1.25856e-05
9.43722e-06
1.38699e-05
6.53315e-06
1.2322e-05
1.37939e-05
6.78439e-06
6.60269e-06
1.00533e-05
6.67129e-06
1.0321e-05
3.87205e-06
3.75526e-06
6.01556e-06
4.6346e-06
5.86227e-06
4.8231e-06
7.80216e-06
3.03211e-06
3.69293e-06
5.53554e-06
6.67496e-06
1.0233e-05
6.94263e-06
5.87581e-06
7.53296e-06
7.29185e-06
1.69037e-05
2.2671e-05
2.28272e-05
1.69935e-05
1.4516e-05
2.6096e-05
2.84796e-05
2.22916e-05
4.72053e-06
7.36693e-06
1.174e-05
6.28452e-06
8.43977e-06
8.60801e-06
1.97666e-05
1.26619e-05
3.45866e-06
5.46867e-06
7.1798e-06
6.70059e-06
3.03319e-06
4.1988e-06
7.40559e-06
6.08897e-06
2.81022e-06
1.15948e-05
9.23797e-06
6.27929e-06
5.75737e-06
9.43694e-06
6.61869e-06
1.03665e-05
7.73657e-06
1.09713e-05
7.24244e-06
1.38448e-05
2.18924e-05
8.45952e-06
1.317e-05
1.40758e-05
7.65179e-06
1.56592e-05
1.14417e-05
1.4597e-05
1.05907e-05
1.39552e-05
1.0529e-05
1.07888e-05
1.50048e-05
2.18574e-05
1.77077e-05
1.77785e-05
1.79503e-05
1.92432e-05
1.73778e-05
1.93996e-05
2.69031e-05
2.56549e-05
3.79025e-05
2.70708e-05
1.41427e-05
4.0037e-05
2.37094e-05
4.4821e-05
2.21082e-05
3.53075e-05
3.06122e-05
2.96078e-05
2.8275e-05
3.03467e-05
2.8258e-05
3.11726e-05
2.34863e-05
2.73891e-05
2.30107e-05
2.40595e-05
1.94979e-05
3.50901e-05
2.59266e-05
2.17691e-05
2.9106e-05
2.16436e-05
2.29608e-05
1.96225e-05
2.75117e-05
2.47e-05
2.6856e-05
2.42496e-05
3.10562e-05
3.03663e-05
4.36325e-05
2.26561e-05
3.13608e-05
3.86799e-05
2.60053e-05
3.93189e-05
2.11471e-05
2.23777e-05
2.91966e-05
3.22249e-05
2.22359e-05
2.51858e-05
3.20734e-05
3.53828e-05
2.35502e-05
3.74601e-05
4.16471e-05
2.85832e-05
3.43462e-05
3.50794e-05
3.76197e-05
2.86468e-05
1.72286e-06
2.11226e-06
1.87856e-06
6.98174e-06
5.2572e-06
3.22034e-06
6.90074e-06
7.20621e-06
2.4646e-06
2.74219e-06
4.001e-06
1.21591e-05
7.66765e-06
4.06462e-06
9.37162e-06
9.17494e-06
2.18823e-06
3.23283e-06
2.25103e-06
9.79868e-06
7.07922e-06
4.40925e-06
7.57601e-06
7.53449e-06
4.01353e-06
1.20719e-05
1.44182e-05
1.27715e-05
1.35704e-05
8.0595e-06
7.047e-06
8.37508e-06
7.40318e-06
6.92021e-06
1.06019e-05
1.17842e-05
7.1398e-06
7.63287e-06
1.14851e-05
1.11275e-05
3.26237e-06
1.19198e-05
3.3527e-06
3.91347e-06
8.3301e-06
8.8321e-06
3.25823e-06
7.1561e-06
7.69835e-06
9.25312e-06
1.30063e-05
1.15524e-05
9.21715e-06
1.2755e-05
9.52779e-06
1.26736e-05
5.6933e-06
1.16668e-05
1.25489e-05
8.32463e-06
7.73231e-06
9.73955e-06
8.28035e-06
9.80883e-06
0.000168592
0.000157755
0.000168515
0.000168476
0.000107121
9.3186e-05
0.000101564
0.000115562
0.000140789
8.28923e-05
9.78175e-05
0.000128231
9.21928e-05
6.74456e-05
9.3577e-05
0.000114738
0.00016838
0.000167559
0.000167969
0.000168215
0.000168336
0.000146332
0.000168233
0.000163407
0.000168248
0.000167968
0.000168205
0.000168098
0.000119343
0.000116438
0.00011237
0.000116537
9.70306e-05
0.000151778
0.0001335
0.000125756
9.294e-05
0.000168444
0.000168278
0.000127859
8.3288e-05
0.000103889
9.12148e-05
0.000147395
0.000113539
0.000151727
0.000168387
0.000158941
0.000166719
0.000119612
0.000102374
0.00016669
0.000168377
0.00012253
0.000163431
0.000155017
0.000149843
0.000168276
0.000122126
0.000153619
0.000168381
0.000168347
0.000159326
0.00016813
1.36012e-05
1.4041e-05
1.4639e-05
1.32483e-05
1.35348e-05
1.34385e-05
1.32747e-05
1.30882e-05
2.04831e-05
3.19353e-05
2.34974e-05
1.99775e-05
2.03755e-05
2.12168e-05
1.99075e-05
2.01459e-05
1.48331e-05
1.86409e-05
1.62485e-05
1.46352e-05
1.47765e-05
1.53418e-05
1.46592e-05
1.49519e-05
1.28407e-05
1.27102e-05
1.43039e-05
7.40891e-06
1.25015e-05
1.23483e-05
1.22419e-05
1.22124e-05
1.38375e-05
1.46721e-05
1.30672e-05
1.31957e-05
1.34546e-05
1.29057e-05
1.34314e-05
1.28248e-05
1.48294e-05
1.3413e-05
1.8692e-05
1.56424e-05
1.41299e-05
1.41287e-05
1.695e-05
1.72189e-05
1.45219e-05
1.28513e-05
1.28251e-05
1.43115e-05
1.43427e-05
1.25877e-05
1.43778e-05
1.2432e-05
1.53663e-05
1.44501e-05
1.25828e-05
1.79771e-05
1.53828e-05
1.4882e-05
1.73381e-05
1.70637e-05
3.06183e-06
2.5966e-06
4.88641e-06
8.98346e-06
7.39525e-06
2.78638e-06
8.22966e-06
7.11241e-06
2.03492e-06
2.65314e-06
1.95663e-06
8.50301e-06
6.84708e-06
2.74879e-06
6.97029e-06
6.96755e-06
3.79676e-06
1.66007e-06
1.69158e-06
9.82801e-06
6.82362e-06
2.22502e-06
7.27079e-06
6.61838e-06
9.94647e-06
1.44671e-05
7.19712e-06
7.1482e-06
1.58153e-05
9.50101e-06
1.37614e-05
1.06224e-05
7.0283e-06
7.32366e-06
1.29606e-05
9.48303e-06
7.12996e-06
7.61749e-06
9.72952e-06
1.24539e-05
2.89519e-06
9.22169e-06
2.70705e-06
3.05384e-06
6.99447e-06
7.03136e-06
3.96902e-06
7.02587e-06
7.73373e-06
1.33224e-05
9.69243e-06
1.21037e-05
8.43255e-06
1.23261e-05
1.19371e-05
1.19758e-05
6.97665e-06
1.11012e-05
9.53968e-06
6.95837e-06
7.09265e-06
9.23517e-06
7.21797e-06
8.96856e-06
2.93973e-06
3.00459e-06
3.36354e-06
1.47421e-05
9.54063e-06
4.71863e-06
9.57258e-06
7.92199e-06
2.74559e-06
2.02243e-06
3.37387e-06
9.86715e-06
9.02941e-06
3.8727e-06
7.26579e-06
3.46907e-06
2.7746e-06
3.13487e-06
2.36159e-06
9.26103e-06
8.27165e-06
4.33572e-06
8.11357e-06
8.04117e-06
9.80171e-06
1.37129e-05
1.30957e-05
9.23194e-06
1.81395e-05
1.39715e-05
8.78572e-06
8.3657e-06
9.45136e-06
8.69645e-06
1.38101e-05
1.16752e-05
8.09169e-06
8.81949e-06
1.27227e-05
1.35303e-05
5.09422e-06
1.07628e-05
3.66638e-06
5.22603e-06
7.8207e-06
7.57403e-06
3.57738e-06
8.27741e-06
8.55874e-06
1.60251e-05
1.29873e-05
9.90862e-06
1.00192e-05
1.47882e-05
9.75915e-06
1.39464e-05
8.36236e-06
9.81154e-06
9.18584e-06
6.21533e-06
8.17385e-06
9.33524e-06
8.13442e-06
9.43199e-06
6.892e-06
1.90958e-05
1.42122e-05
1.37886e-05
1.45735e-05
1.4719e-05
1.40837e-05
1.4324e-05
3.72507e-05
8.70761e-05
4.97867e-05
3.80838e-05
6.2889e-05
6.71104e-05
4.82618e-05
5.528e-05
1.46982e-05
2.05978e-05
1.49334e-05
1.37056e-05
1.47635e-05
1.50531e-05
1.45147e-05
1.47545e-05
1.27692e-05
1.0528e-05
1.1241e-05
9.37974e-06
1.14824e-05
1.15305e-05
1.10023e-05
1.11845e-05
2.52108e-05
1.4583e-05
1.50334e-05
2.29216e-05
2.2127e-05
1.47965e-05
2.14819e-05
1.53619e-05
2.55092e-05
2.35162e-05
2.38528e-05
1.48193e-05
2.3527e-05
2.45292e-05
2.19072e-05
2.31659e-05
1.45707e-05
1.42667e-05
1.80522e-05
1.33942e-05
1.4582e-05
1.48377e-05
1.43279e-05
1.40741e-05
1.47781e-05
1.3792e-05
1.99254e-05
2.16795e-05
1.47848e-05
1.44556e-05
2.04434e-05
1.88803e-05
4.95185e-06
7.92598e-06
6.81539e-06
7.84948e-06
6.73222e-06
7.15673e-06
6.17534e-06
9.20971e-06
8.32242e-06
6.9987e-06
4.46713e-06
8.35952e-06
6.30139e-06
6.47223e-06
9.4644e-06
9.77696e-06
5.90085e-06
3.2985e-06
3.54649e-06
2.88266e-06
4.28987e-06
4.60307e-06
8.7293e-06
5.6905e-06
4.66951e-06
4.74926e-06
2.2687e-06
1.81078e-06
3.00679e-06
2.73091e-06
3.05184e-06
2.81613e-06
7.77754e-06
4.57962e-06
5.44594e-06
4.70983e-06
1.37634e-05
8.326e-06
1.50007e-05
4.86213e-06
9.17606e-06
4.81483e-06
4.91961e-06
5.49472e-06
1.07766e-05
4.65649e-06
5.15417e-06
4.34033e-06
6.28454e-06
4.83083e-06
4.13014e-06
3.58103e-06
3.50312e-06
5.33903e-06
3.93966e-06
3.89479e-06
7.21038e-06
3.2101e-06
3.90758e-06
5.16807e-06
7.24491e-06
3.40061e-06
5.35648e-06
5.94013e-06
3.41352e-06
2.16708e-06
3.76951e-06
8.00332e-06
5.62873e-06
2.05308e-06
1.02455e-05
1.20725e-05
3.26939e-06
2.4288e-06
3.61972e-06
1.2186e-05
4.64372e-06
3.01016e-06
9.82999e-06
1.05721e-05
2.84517e-06
2.30718e-06
2.01807e-06
1.00449e-05
7.55452e-06
2.71646e-06
7.05148e-06
4.34382e-06
3.29761e-06
7.31168e-06
4.64334e-06
4.64053e-06
2.54999e-06
4.72949e-06
1.00419e-05
7.56827e-06
1.14137e-05
6.47976e-06
6.05498e-06
1.2681e-05
9.60394e-06
9.4805e-06
1.39978e-05
1.17291e-05
2.13048e-06
1.05585e-05
2.91229e-06
2.79805e-06
4.97997e-06
9.16642e-06
3.0437e-06
6.3247e-06
8.62291e-06
1.37423e-05
1.44828e-05
8.19615e-06
7.03432e-06
1.40716e-05
6.27297e-06
8.03215e-06
5.36085e-06
9.64791e-06
1.40501e-05
7.53806e-06
7.65681e-06
9.26524e-06
8.61668e-06
1.16453e-05
6.42055e-05
7.20596e-05
3.78786e-05
8.38807e-05
6.36154e-05
6.91884e-05
7.62222e-05
4.80128e-05
7.44065e-05
7.12187e-05
3.61436e-05
7.99453e-05
5.75487e-05
6.71328e-05
5.39112e-05
4.52144e-05
2.39759e-05
2.12606e-05
1.59015e-05
2.1233e-05
1.78598e-05
2.48162e-05
1.62254e-05
1.78402e-05
5.05572e-05
6.19091e-05
2.54611e-05
4.39256e-05
3.90625e-05
2.43371e-05
2.74985e-05
2.09967e-05
7.45663e-05
3.10329e-05
4.35321e-05
4.75983e-05
6.95501e-05
5.93774e-05
9.78603e-05
3.59886e-05
8.80675e-05
3.78201e-05
4.88347e-05
4.04271e-05
5.25831e-05
5.40714e-05
4.65341e-05
3.68599e-05
3.24293e-05
3.90988e-05
3.57711e-05
1.73416e-05
5.47997e-05
3.16291e-05
2.01713e-05
5.79947e-05
2.82227e-05
1.95686e-05
3.1297e-05
2.86521e-05
3.35677e-05
1.75469e-05
3.11528e-05
4.77611e-05
1.13402e-05
1.01707e-05
1.09687e-05
1.03626e-05
1.09352e-05
1.10303e-05
1.0727e-05
1.07359e-05
9.00126e-06
8.28231e-06
9.61158e-06
7.64701e-06
8.81012e-06
8.83568e-06
8.77704e-06
8.78663e-06
1.05997e-05
1.03745e-05
7.40665e-06
1.0713e-05
1.03642e-05
1.04319e-05
1.0145e-05
1.00961e-05
1.40451e-05
1.31378e-05
1.47809e-05
5.88937e-05
1.45935e-05
1.36179e-05
1.62942e-05
1.49447e-05
9.95429e-06
1.0694e-05
1.01782e-05
8.50332e-06
9.98615e-06
1.04939e-05
8.76608e-06
9.99287e-06
9.94264e-06
8.47862e-06
1.00677e-05
1.07245e-05
9.98922e-06
9.73887e-06
1.02309e-05
1.00715e-05
1.05455e-05
1.04183e-05
8.57632e-06
1.06677e-05
1.06382e-05
1.03255e-05
1.05513e-05
1.00396e-05
1.04497e-05
1.045e-05
8.50003e-06
9.94165e-06
1.02395e-05
1.03119e-05
9.96897e-06
9.93843e-06
1.15031e-06
2.0785e-06
1.37381e-06
7.56629e-06
5.73028e-06
3.24836e-06
3.77045e-06
4.03504e-06
2.5777e-06
2.37634e-06
2.6076e-06
7.11204e-06
9.40345e-06
3.59398e-06
5.04394e-06
5.50236e-06
2.23552e-06
3.37726e-06
2.3886e-06
6.73717e-06
7.23779e-06
4.01948e-06
4.57611e-06
5.4168e-06
8.25161e-06
1.32873e-05
1.33417e-05
8.55551e-06
1.5462e-05
1.3758e-05
1.04671e-05
1.39348e-05
6.53133e-06
7.69965e-06
7.7296e-06
7.23924e-06
4.43581e-06
4.04999e-06
7.06006e-06
7.24695e-06
3.29281e-06
7.02018e-06
4.34567e-06
3.81258e-06
4.7253e-06
4.85987e-06
2.18162e-06
8.62501e-06
3.92093e-06
8.06802e-06
7.85524e-06
7.70106e-06
6.41337e-06
7.94454e-06
6.48243e-06
7.87387e-06
4.15043e-06
7.6094e-06
7.71775e-06
5.48395e-06
4.43757e-06
6.29182e-06
4.47291e-06
6.09582e-06
3.25686e-06
2.90159e-06
2.82166e-06
1.19068e-05
7.75396e-06
3.95769e-06
1.02013e-05
6.13022e-06
3.1436e-06
2.79795e-06
3.01276e-06
1.13476e-05
1.0189e-05
3.99238e-06
9.57446e-06
8.37275e-06
2.58523e-06
2.19449e-06
1.41385e-06
9.84079e-06
5.35192e-06
3.69171e-06
6.61951e-06
4.87527e-06
9.39032e-06
1.24467e-05
4.60147e-06
9.58648e-06
6.75546e-06
9.08658e-06
2.10607e-05
7.38042e-06
1.06304e-05
8.85162e-06
1.19286e-05
1.00401e-05
9.79052e-06
9.42209e-06
1.27753e-05
1.20324e-05
3.89526e-06
1.11542e-05
3.48657e-06
3.40088e-06
8.22724e-06
9.18028e-06
2.4877e-06
7.34325e-06
8.2911e-06
1.16616e-05
1.283e-05
9.84157e-06
1.08875e-05
1.12199e-05
1.23666e-05
1.26948e-05
6.70211e-06
1.0242e-05
1.08738e-05
6.63411e-06
7.47034e-06
1.03096e-05
8.16676e-06
1.05636e-05
3.51807e-05
5.01789e-05
2.91539e-05
2.84343e-05
3.66546e-05
4.14751e-05
3.06575e-05
2.13933e-05
3.93468e-05
3.28844e-05
1.77065e-05
3.18356e-05
3.47011e-05
2.84026e-05
3.16054e-05
2.58542e-05
1.75602e-05
1.37993e-05
1.23029e-05
1.61023e-05
1.70007e-05
1.55938e-05
1.60761e-05
1.47723e-05
2.32332e-05
3.65877e-05
2.34444e-05
2.27419e-05
1.62542e-05
1.57738e-05
1.34249e-05
1.82723e-05
4.98579e-05
2.89042e-05
2.68942e-05
3.45183e-05
3.99761e-05
2.45186e-05
4.63617e-05
1.97527e-05
3.9222e-05
3.07673e-05
1.73765e-05
2.52175e-05
3.537e-05
3.09036e-05
2.3769e-05
2.09006e-05
2.69419e-05
1.87586e-05
2.2617e-05
2.37869e-05
2.74292e-05
2.05075e-05
2.53781e-05
2.51165e-05
2.34437e-05
1.94969e-05
2.73396e-05
1.60102e-05
2.12327e-05
2.13215e-05
1.94738e-05
1.9137e-05
1.18223e-05
1.2073e-05
1.04452e-05
1.06722e-05
1.12877e-05
1.10303e-05
1.06644e-05
1.04027e-05
1.58455e-05
1.72875e-05
1.45614e-05
1.33467e-05
1.47329e-05
1.61189e-05
1.34263e-05
1.50946e-05
1.31038e-05
1.32862e-05
1.28172e-05
1.40285e-05
1.33554e-05
1.31347e-05
1.42266e-05
1.30122e-05
1.0046e-05
9.93277e-06
1.05365e-05
6.91573e-06
9.81795e-06
9.93367e-06
9.62727e-06
9.93638e-06
1.15236e-05
1.04232e-05
1.03803e-05
1.03488e-05
1.0738e-05
1.0373e-05
1.07255e-05
1.02312e-05
1.41039e-05
1.26009e-05
1.40086e-05
1.2358e-05
1.28904e-05
1.29068e-05
1.2929e-05
1.2902e-05
1.0426e-05
1.01094e-05
9.9383e-06
1.07635e-05
1.034e-05
9.93883e-06
1.04585e-05
9.93932e-06
1.22831e-05
1.22931e-05
1.22255e-05
1.36523e-05
1.24605e-05
1.22761e-05
1.27819e-05
1.27503e-05
7.03997e-05
7.75803e-05
4.10894e-05
4.41267e-05
7.2102e-05
5.79095e-05
4.37241e-05
4.19631e-05
0.000137126
0.00014607
6.36419e-05
8.88483e-05
0.000109223
0.000125132
6.34798e-05
8.64001e-05
2.59357e-05
3.20165e-05
5.34619e-05
9.97519e-06
2.4334e-05
3.69355e-05
3.45787e-05
2.8029e-05
2.54536e-05
3.02679e-05
1.24161e-05
4.58665e-05
2.81492e-05
2.78923e-05
3.60129e-05
2.78331e-05
9.37789e-05
3.47199e-05
5.30495e-05
4.975e-05
5.05256e-05
3.60233e-05
5.0879e-05
4.56268e-05
0.000111073
3.87254e-05
7.26661e-05
5.2244e-05
6.16383e-05
5.25054e-05
5.13327e-05
5.04533e-05
3.44378e-05
4.60524e-05
3.28318e-05
2.55865e-05
1.757e-05
3.492e-05
2.21989e-05
2.46127e-05
2.88613e-05
1.92569e-05
4.60805e-05
4.59039e-05
2.12281e-05
1.94777e-05
3.09263e-05
3.14662e-05
0.000167677
0.000167675
0.000167688
0.000167626
0.000167656
0.000167678
0.000167645
0.000167664
0.00016768
0.000167696
0.000167705
0.000167672
0.000167679
0.000167699
0.000167682
0.000167694
0.000167706
0.000167718
0.000158727
0.000167796
0.000167723
0.000167724
0.000167769
0.000167765
0.00016774
0.000167755
0.000167886
0.000167982
0.000159348
0.000166902
0.000160735
0.000152847
0.000167657
0.000167674
0.000167668
0.000167675
0.000167645
0.000167656
0.000167629
0.000167656
0.00016768
0.000167683
0.000167704
0.000167688
0.000167664
0.000167678
0.000167684
0.000167686
0.000167678
0.000167717
0.000167715
0.000167853
0.000167694
0.00016771
0.000167773
0.000167759
0.000167694
0.000162632
0.00016771
0.000167709
0.000167714
0.000167751
0.000167699
0.000167705
9.3156e-06
1.04082e-05
1.02097e-05
1.29413e-05
9.97423e-06
9.96723e-06
1.04188e-05
1.02124e-05
1.24501e-05
1.37585e-05
1.31355e-05
1.6098e-05
1.30157e-05
1.31074e-05
1.32157e-05
1.31577e-05
1.07253e-05
1.21059e-05
1.13486e-05
1.49801e-05
1.10388e-05
1.11741e-05
1.14219e-05
1.13222e-05
1.83991e-05
2.01387e-05
1.96314e-05
2.7411e-05
1.9258e-05
1.93739e-05
1.98379e-05
1.96773e-05
1.14014e-05
1.04826e-05
1.40241e-05
1.56246e-05
1.17839e-05
1.07416e-05
1.47681e-05
1.4051e-05
1.14272e-05
1.56369e-05
1.20512e-05
1.04907e-05
1.16221e-05
1.20524e-05
1.16443e-05
1.18844e-05
1.10142e-05
1.44841e-05
1.61055e-05
1.5115e-05
1.43183e-05
1.43126e-05
1.46519e-05
1.4907e-05
1.07721e-05
1.50007e-05
1.58867e-05
1.21191e-05
1.13044e-05
1.4764e-05
1.21901e-05
1.58098e-05
2.14109e-05
3.52437e-05
3.32824e-05
3.42296e-05
2.55704e-05
2.38691e-05
2.36428e-05
2.74636e-05
5.40528e-05
4.14613e-05
2.67933e-05
4.15994e-05
4.62521e-05
3.61133e-05
4.05615e-05
3.30799e-05
1.9469e-05
1.76028e-05
1.35043e-05
1.75026e-05
1.83472e-05
1.7443e-05
1.67011e-05
1.67143e-05
3.33677e-05
2.45189e-05
2.37921e-05
2.73491e-05
2.7235e-05
2.03911e-05
2.13029e-05
3.41037e-05
6.09114e-05
3.21802e-05
2.28213e-05
5.55421e-05
4.03309e-05
5.29538e-05
2.62629e-05
2.35814e-05
5.17578e-05
3.95074e-05
2.14287e-05
2.81401e-05
4.49587e-05
3.89085e-05
2.90227e-05
2.51073e-05
2.79327e-05
1.87453e-05
3.41631e-05
2.41048e-05
3.01377e-05
3.24287e-05
2.74344e-05
3.86069e-05
2.5444e-05
2.1757e-05
3.37593e-05
1.98698e-05
2.36344e-05
2.38326e-05
2.23827e-05
2.21064e-05
4.23377e-05
1.24909e-05
2.66775e-05
9.39025e-06
1.4517e-05
1.23842e-05
1.38337e-05
1.00551e-05
5.54728e-06
2.7109e-06
4.63242e-06
2.59158e-06
5.09168e-06
3.20839e-06
4.51054e-06
6.49129e-06
1.09612e-05
4.69736e-06
5.51666e-06
7.4972e-06
7.13943e-06
9.8091e-06
1.17142e-05
5.75055e-06
4.00715e-06
3.31721e-06
3.26496e-06
4.40151e-06
3.67515e-06
3.15187e-06
4.22852e-06
4.30121e-06
9.38836e-06
1.1822e-05
4.2465e-06
3.54679e-06
6.40916e-06
8.25452e-06
3.78961e-06
3.73639e-06
7.06085e-06
2.77859e-06
4.63507e-06
1.5205e-05
6.53222e-06
4.87153e-06
6.85298e-06
4.66594e-06
1.30357e-05
4.15587e-06
3.21994e-06
6.70194e-06
5.98827e-06
4.26046e-06
4.70959e-06
6.27694e-06
1.92812e-05
5.08441e-06
4.43076e-06
6.9853e-06
7.87196e-06
4.71138e-06
4.88346e-06
4.66671e-06
0.000126374
0.000134023
0.000167759
0.000148491
0.000161772
0.000146039
0.000146387
0.000167813
0.000159055
0.00016771
0.000167709
0.000167792
0.000167764
0.000167726
0.000167768
0.000167735
0.000167731
0.000167709
0.000167728
0.000167786
0.00016775
0.000167721
0.000167763
0.000167742
0.000136043
0.000168055
0.000168064
0.000124846
0.000154799
0.000168102
0.000164802
0.00015316
0.000167812
0.000167796
0.000134156
0.000167825
0.000167844
0.000167856
0.000161297
0.000144036
0.000167756
0.00016783
0.000167713
0.000167733
0.000167774
0.000167784
0.000167729
0.000167742
0.000167815
0.00014179
0.000167963
0.000167967
0.0001679
0.000150707
0.000167939
0.000168033
0.000167757
0.000167868
0.000167874
0.000167722
0.000167768
0.000167813
0.000167746
0.000167787
1.01047e-05
1.48981e-05
1.28331e-05
1.24426e-05
1.16969e-05
1.20576e-05
1.16054e-05
1.23798e-05
2.65432e-05
3.85378e-05
3.31162e-05
3.61383e-05
3.6241e-05
3.70565e-05
3.55172e-05
3.72614e-05
1.94919e-05
3.18041e-05
4.01091e-05
2.90637e-05
2.67788e-05
2.86911e-05
2.73825e-05
3.08467e-05
1.73044e-05
2.99562e-05
2.56598e-05
2.26867e-05
2.40593e-05
2.61672e-05
2.33891e-05
2.61267e-05
1.99946e-05
1.68031e-05
1.59275e-05
3.04465e-05
1.94686e-05
1.68128e-05
2.11622e-05
1.66716e-05
2.14078e-05
3.32437e-05
2.95339e-05
1.76842e-05
2.2468e-05
3.33665e-05
2.04238e-05
2.88472e-05
1.68186e-05
1.55055e-05
2.95337e-05
2.36424e-05
1.78125e-05
1.72138e-05
2.47994e-05
2.68082e-05
1.84037e-05
2.56569e-05
3.32356e-05
2.97839e-05
2.56044e-05
2.55233e-05
2.77897e-05
2.88531e-05
8.06013e-06
1.52921e-05
1.30451e-05
1.30084e-05
1.23759e-05
1.31043e-05
1.26163e-05
1.29682e-05
2.25002e-05
1.20758e-05
2.49982e-05
1.86489e-05
2.42654e-05
2.64259e-05
2.3938e-05
2.53293e-05
1.36095e-05
1.69269e-05
1.40148e-05
1.39183e-05
1.38141e-05
1.41086e-05
1.38859e-05
1.39975e-05
1.26012e-05
1.83252e-05
1.30866e-05
1.32229e-05
1.27735e-05
1.33424e-05
1.27402e-05
1.30496e-05
1.60994e-05
1.34054e-05
1.29159e-05
1.7961e-05
1.63683e-05
1.35666e-05
1.78145e-05
1.35995e-05
1.65316e-05
1.86814e-05
1.72871e-05
1.36858e-05
1.64768e-05
1.72004e-05
1.62605e-05
1.67189e-05
1.34342e-05
1.28959e-05
1.80001e-05
1.35761e-05
1.32857e-05
1.32776e-05
1.36039e-05
1.38317e-05
1.36109e-05
1.38827e-05
1.84095e-05
1.70586e-05
1.39467e-05
1.41375e-05
1.67796e-05
1.85629e-05
1.34523e-06
2.01914e-06
2.07752e-06
6.17451e-06
3.55856e-06
2.38717e-06
7.3741e-06
4.6803e-06
2.58095e-06
2.70093e-06
3.11236e-06
1.02022e-05
9.73239e-06
4.2797e-06
9.39648e-06
9.63525e-06
2.80322e-06
3.35428e-06
3.10071e-06
1.03147e-05
6.53587e-06
3.99248e-06
9.89066e-06
7.08892e-06
6.52151e-06
1.59554e-05
1.59164e-05
1.42722e-05
1.2901e-05
1.39932e-05
1.32097e-05
1.9229e-05
6.80021e-06
5.75362e-06
1.08875e-05
1.03458e-05
8.46709e-06
7.88654e-06
1.02187e-05
1.04276e-05
3.10932e-06
1.02209e-05
4.50743e-06
3.14696e-06
8.10858e-06
9.06314e-06
2.49104e-06
9.50361e-06
8.22305e-06
1.20867e-05
1.17819e-05
1.09287e-05
1.0681e-05
1.18414e-05
1.0752e-05
1.16782e-05
8.53962e-06
1.11435e-05
1.1605e-05
9.70915e-06
9.15603e-06
1.06629e-05
9.27314e-06
1.06951e-05
1.35755e-05
2.02487e-05
4.10378e-05
2.9041e-05
1.37923e-05
1.7906e-05
1.48109e-05
1.9593e-05
3.9305e-05
3.54406e-05
6.30289e-05
3.04396e-05
2.63775e-05
2.41672e-05
2.5627e-05
2.74898e-05
5.32089e-05
7.21182e-05
6.99465e-05
5.99565e-05
4.38831e-05
5.25511e-05
5.1276e-05
5.41952e-05
2.67998e-05
2.42821e-05
2.71434e-05
2.13236e-05
2.22715e-05
2.28792e-05
2.63008e-05
2.74017e-05
1.94088e-05
2.65412e-05
1.22165e-05
2.09014e-05
2.2209e-05
3.32402e-05
5.82087e-05
1.41907e-05
2.7947e-05
2.36199e-05
4.25667e-05
4.33563e-05
2.35633e-05
9.99761e-05
6.63276e-05
4.11231e-05
2.69233e-05
1.17526e-05
2.21758e-05
3.48386e-05
5.13329e-05
1.36868e-05
2.45679e-05
3.4246e-05
2.71922e-05
3.38608e-05
2.26843e-05
4.27502e-05
5.17959e-05
3.44149e-05
4.5343e-05
4.78981e-05
2.54724e-05
1.78767e-05
1.73196e-05
1.50511e-05
1.85055e-05
1.77535e-05
1.79309e-05
1.74909e-05
1.0843e-05
8.54578e-06
8.39199e-06
7.49293e-06
8.53511e-06
8.50116e-06
8.31455e-06
8.44209e-06
1.00967e-05
8.27622e-06
7.94057e-06
7.13093e-06
7.75971e-06
8.24994e-06
7.53967e-06
8.20855e-06
1.08429e-05
8.04866e-06
7.77645e-06
1.14056e-05
9.29883e-06
8.04661e-06
9.17315e-06
7.9256e-06
1.19799e-05
1.09225e-05
1.15248e-05
8.46922e-06
1.14217e-05
1.14706e-05
1.04651e-05
1.04274e-05
1.07217e-05
7.48817e-06
8.37168e-06
1.03143e-05
1.04794e-05
8.33049e-06
1.04641e-05
8.1567e-06
1.0343e-05
1.12403e-05
8.29132e-06
7.94196e-06
1.02027e-05
1.02574e-05
8.14034e-06
8.31845e-06
1.00647e-05
7.17839e-06
7.37553e-06
8.31672e-06
7.93642e-06
7.27389e-06
7.92527e-06
7.29231e-06
0.000157439
0.000168666
0.000105727
0.000136265
0.000101233
0.000150209
0.000124529
8.10152e-05
0.000152134
0.000141499
9.67794e-05
0.000117509
9.71568e-05
0.000146006
0.000167819
6.37568e-05
8.47526e-05
8.37471e-05
7.54939e-05
9.2589e-05
8.12062e-05
0.000150628
0.000135794
5.25108e-05
0.000150095
0.000137714
0.000146774
9.72456e-05
7.36116e-05
7.13111e-05
7.28591e-05
8.36823e-05
8.67632e-05
8.29265e-05
0.000101063
8.16947e-05
0.000115651
0.000113362
0.000112296
0.00011286
0.000115899
8.25545e-05
0.000140717
0.000122599
7.60325e-05
8.70171e-05
8.87828e-05
8.12452e-05
0.000115619
9.50954e-05
9.35044e-05
8.95459e-05
9.15557e-05
8.61022e-05
7.83705e-05
0.0001067
7.34939e-05
8.00808e-05
7.82311e-05
5.9225e-05
8.20043e-05
8.98205e-05
0.000159974
8.99944e-05
0.000103844
9.78906e-05
6.18888e-05
7.70856e-05
6.2209e-05
6.79563e-05
7.10911e-05
5.15804e-05
8.81209e-05
5.91399e-05
4.55605e-05
8.65579e-05
4.95543e-05
5.71423e-05
6.04923e-05
4.90439e-05
3.06897e-05
2.23913e-05
1.7026e-05
1.46595e-05
2.03992e-05
3.39084e-05
1.60117e-05
2.03648e-05
2.80431e-05
6.78366e-05
2.74776e-05
2.73106e-05
2.05106e-05
1.87076e-05
2.0142e-05
2.20839e-05
6.0609e-05
3.85486e-05
3.99288e-05
4.06639e-05
7.20212e-05
6.83787e-05
9.0861e-05
3.4577e-05
6.81059e-05
3.5936e-05
4.60423e-05
5.2934e-05
4.44256e-05
6.24299e-05
6.25282e-05
3.37914e-05
3.50323e-05
3.19207e-05
3.74196e-05
2.67107e-05
4.65108e-05
3.32386e-05
3.04395e-05
5.52372e-05
2.65299e-05
2.38546e-05
3.358e-05
2.90505e-05
2.71552e-05
2.76664e-05
2.93397e-05
3.37806e-05
2.91632e-05
3.42936e-05
1.99021e-05
2.9043e-05
3.42625e-05
3.25957e-05
3.02507e-05
3.06116e-05
3.85512e-05
4.30443e-05
3.05211e-05
4.72632e-05
5.5003e-05
4.81342e-05
4.72773e-05
4.14204e-05
1.4652e-05
1.98194e-05
1.29574e-05
1.58714e-05
1.70827e-05
1.69794e-05
1.55933e-05
1.61256e-05
1.71174e-05
3.67467e-05
2.29591e-05
2.3899e-05
1.54932e-05
2.99416e-05
2.54053e-05
2.12149e-05
2.79768e-05
2.4303e-05
2.07436e-05
2.29492e-05
4.5864e-05
3.77004e-05
2.56716e-05
3.45065e-05
4.90696e-05
4.73398e-05
2.80988e-05
2.28697e-05
4.22536e-05
4.60724e-05
2.71548e-05
2.92239e-05
2.11013e-05
2.8281e-05
3.77851e-05
2.19845e-05
2.28075e-05
3.1746e-05
2.52157e-05
2.95891e-05
2.12723e-05
2.21863e-05
3.14345e-05
2.68427e-05
2.37011e-05
2.39045e-05
2.59132e-05
2.70411e-05
3.7327e-05
3.65935e-05
2.36506e-05
2.43052e-05
3.72812e-05
3.32261e-05
3.13913e-05
3.06075e-05
4.30313e-05
4.33832e-05
2.56217e-05
3.49786e-05
3.88245e-05
3.18138e-05
3.31821e-05
2.86291e-05
1.67632e-05
1.83372e-05
1.33645e-05
1.61631e-05
1.62898e-05
1.48574e-05
1.5583e-05
1.41544e-05
1.81274e-05
2.99152e-05
2.00937e-05
1.43582e-05
3.42734e-05
2.58142e-05
2.94102e-05
2.28087e-05
4.28028e-05
2.30935e-05
3.54643e-05
3.39021e-05
3.67863e-05
3.05182e-05
2.76413e-05
3.05982e-05
3.36821e-05
2.65314e-05
2.14586e-05
2.08214e-05
2.9809e-05
2.65524e-05
2.40982e-05
2.31643e-05
2.10366e-05
2.71927e-05
2.91724e-05
1.94811e-05
2.16139e-05
2.74575e-05
2.08179e-05
2.57427e-05
1.96417e-05
1.73113e-05
2.37434e-05
2.03007e-05
1.88835e-05
1.84816e-05
2.18456e-05
2.16307e-05
1.67869e-05
2.11317e-05
2.16539e-05
1.58838e-05
1.17926e-05
2.43575e-05
1.8081e-05
1.50933e-05
4.94397e-05
7.81078e-05
6.0349e-05
9.33113e-05
7.73638e-05
9.01647e-05
9.89901e-05
7.56392e-05
2.72708e-05
4.72911e-05
6.08372e-05
3.84535e-05
3.91296e-05
5.09666e-05
4.38917e-05
4.80141e-05
1.34467e-05
3.94535e-05
2.07551e-05
2.45152e-05
3.15468e-05
2.7032e-05
1.84573e-05
4.03145e-05
3.40252e-05
2.09867e-05
1.94277e-05
6.67437e-05
2.9182e-05
3.00456e-05
4.65985e-05
2.00761e-05
4.17069e-05
7.68186e-05
6.82312e-05
4.18788e-05
3.92435e-05
6.17711e-05
3.74127e-05
4.89106e-05
2.70582e-05
1.3411e-05
3.23678e-05
2.74163e-05
2.40401e-05
2.42752e-05
2.78105e-05
2.6974e-05
2.58942e-05
3.2482e-05
5.77587e-05
5.87966e-05
4.30999e-05
4.61166e-05
5.46843e-05
8.76836e-05
5.84982e-05
4.06253e-05
3.4443e-05
2.96004e-05
2.76174e-05
2.71418e-05
2.51527e-05
2.75671e-05
2.95827e-05
7.87217e-06
1.34956e-05
1.64161e-05
1.24882e-05
8.21253e-06
1.06317e-05
9.01516e-06
2.29705e-05
1.79899e-05
1.42079e-05
1.4632e-05
1.04807e-05
1.1438e-05
9.87669e-06
8.57544e-06
2.04427e-05
1.22272e-05
8.05726e-06
1.53703e-05
1.73436e-05
2.92678e-05
2.05021e-05
1.97501e-05
1.96402e-05
1.62127e-05
1.43482e-05
1.44815e-05
1.95129e-05
3.63719e-05
2.5806e-05
2.39839e-05
1.68112e-05
1.51995e-05
1.04659e-05
2.32721e-05
1.47309e-05
1.87346e-05
4.45183e-05
1.18833e-05
1.77671e-05
1.77959e-05
1.46907e-05
1.10563e-05
1.65219e-05
1.30697e-05
1.24637e-05
1.37947e-05
1.43517e-05
1.04838e-05
1.14198e-05
1.05512e-05
2.26923e-05
1.12783e-05
1.03466e-05
1.67715e-05
2.49921e-05
3.34837e-05
3.1377e-05
3.15817e-05
1.76656e-05
3.14565e-05
1.13814e-05
3.23895e-05
2.05308e-05
1.50648e-05
1.33017e-05
1.85137e-05
1.92826e-05
1.54571e-05
1.90352e-05
1.49884e-05
1.4095e-05
1.15258e-05
1.06411e-05
1.24896e-05
1.30704e-05
1.16845e-05
1.30068e-05
1.1582e-05
3.61252e-05
2.38741e-05
2.03902e-05
3.14113e-05
1.36182e-05
2.60812e-05
8.75986e-06
2.43784e-05
2.86011e-05
3.08856e-05
1.47639e-05
2.0316e-05
2.75893e-05
3.02529e-05
2.78856e-05
2.95209e-05
2.30068e-05
1.99881e-05
1.32283e-05
2.02102e-05
2.0957e-05
1.94456e-05
1.74047e-05
1.59833e-05
2.16241e-05
9.13759e-06
1.8524e-05
2.05036e-05
2.53571e-05
2.80875e-05
2.49121e-05
2.59253e-05
1.79643e-05
1.56823e-05
1.85305e-05
1.30778e-05
1.63079e-05
1.70304e-05
1.57639e-05
1.55217e-05
1.48729e-05
1.40073e-05
1.83243e-05
1.56857e-05
1.44966e-05
1.51684e-05
1.68794e-05
1.70143e-05
1.38011e-05
1.33839e-05
1.87091e-05
1.55246e-05
1.38936e-05
1.42504e-05
1.64986e-05
1.69204e-05
2.41436e-05
2.87763e-05
2.70697e-05
2.81434e-05
2.68336e-05
2.7617e-05
2.80966e-05
2.85484e-05
2.06593e-05
2.02929e-05
2.96363e-05
2.13988e-05
2.20507e-05
2.35199e-05
2.67442e-05
2.90639e-05
1.41882e-05
2.0214e-05
1.75835e-05
1.76192e-05
1.67559e-05
1.88776e-05
1.58822e-05
1.88666e-05
1.46302e-05
1.87435e-05
2.23033e-05
2.14127e-05
1.6929e-05
1.85404e-05
1.83237e-05
2.03792e-05
2.29946e-05
2.11193e-05
2.21784e-05
2.80955e-05
2.22733e-05
2.16031e-05
2.47771e-05
2.34613e-05
2.33347e-05
2.86315e-05
2.35779e-05
2.94312e-05
2.58031e-05
2.59572e-05
2.65546e-05
2.42824e-05
1.28488e-05
2.14196e-05
2.76054e-05
1.984e-05
1.47757e-05
1.89201e-05
2.10121e-05
2.03359e-05
3.83984e-05
6.59679e-05
6.73966e-05
7.45345e-05
5.07273e-05
6.41204e-05
7.16349e-05
5.86035e-05
3.97708e-05
6.11364e-05
4.93674e-05
5.18325e-05
4.64703e-05
6.74773e-05
7.97081e-05
4.9649e-05
3.65649e-05
7.17848e-05
3.27446e-05
2.10642e-05
1.57752e-05
1.8687e-05
1.88884e-05
1.86186e-05
2.99229e-05
3.22797e-05
1.62142e-05
3.28024e-05
3.98473e-05
3.53337e-05
4.02271e-05
1.96291e-05
3.82786e-05
4.45399e-05
6.47585e-05
4.45926e-05
3.3814e-05
6.43312e-05
4.93569e-05
4.64555e-05
3.98898e-05
1.92638e-05
3.62535e-05
3.55376e-05
3.54758e-05
1.97063e-05
2.9171e-05
4.46347e-05
3.67535e-05
3.46932e-05
3.37229e-05
5.3546e-05
5.21003e-05
3.45709e-05
6.00525e-05
7.38679e-05
2.9925e-05
2.93154e-05
1.75303e-05
1.12172e-05
2.24587e-05
2.28946e-05
1.63841e-05
1.7204e-05
6.14215e-05
0.000118603
3.98207e-05
6.76856e-05
6.05338e-05
5.82762e-05
4.13673e-05
4.67048e-05
1.41811e-05
2.04409e-05
1.36385e-05
7.74616e-06
1.2775e-05
1.83946e-05
1.26466e-05
1.32656e-05
1.28544e-05
4.11535e-05
1.01341e-05
2.79902e-05
1.66227e-05
1.60502e-05
1.5881e-05
2.07451e-05
4.78386e-05
1.60432e-05
2.63832e-05
5.19683e-05
2.69357e-05
1.70376e-05
2.84124e-05
1.89105e-05
4.78274e-05
3.32044e-05
3.46336e-05
2.71192e-05
4.07533e-05
3.64548e-05
3.15225e-05
3.23776e-05
1.65498e-05
1.62358e-05
4.00092e-05
1.44761e-05
9.29324e-06
2.84787e-05
1.95351e-05
2.8441e-05
1.74808e-05
1.98131e-05
3.52984e-05
2.90696e-05
1.65943e-05
1.97001e-05
2.63593e-05
2.68001e-05
0.000167746
0.000167766
9.29099e-05
0.000140516
0.000110641
0.000166548
0.000133607
7.93244e-05
0.00013
0.000124711
3.26678e-05
5.31354e-05
6.68859e-05
7.35979e-05
6.0252e-05
3.65923e-05
3.9991e-05
1.91283e-05
1.06751e-05
1.39621e-05
1.84253e-05
2.73291e-05
1.69484e-05
1.43681e-05
7.88565e-05
2.4583e-05
1.7253e-05
3.24879e-05
3.48415e-05
2.4586e-05
2.33846e-05
1.95727e-05
8.70947e-05
5.69133e-05
5.50562e-05
4.3754e-05
0.000104686
0.000101739
0.000120143
6.22812e-05
0.000106589
3.63865e-05
4.70598e-05
7.32424e-05
5.25286e-05
6.10866e-05
7.34053e-05
3.24089e-05
6.20266e-05
4.93684e-05
2.68449e-05
2.88172e-05
5.12389e-05
4.0159e-05
3.05751e-05
3.99264e-05
3.57966e-05
1.88878e-05
2.27716e-05
2.28374e-05
4.13587e-05
2.99402e-05
3.61916e-05
1.56361e-05
1.81504e-05
1.44664e-05
7.04518e-06
7.66187e-06
1.00151e-05
1.01072e-05
9.23359e-06
8.0024e-06
2.29721e-05
2.95378e-05
1.813e-05
2.93721e-05
2.18007e-05
2.51663e-05
2.34757e-05
1.69779e-05
7.79306e-06
1.06755e-05
6.23504e-06
9.36226e-06
7.95411e-06
1.12783e-05
9.70551e-06
5.9862e-06
7.41131e-06
1.74975e-05
1.11216e-05
1.32051e-05
1.39915e-05
1.18897e-05
1.44007e-05
1.24406e-05
1.67155e-05
8.12185e-06
1.06463e-05
1.79875e-05
1.95752e-05
1.27191e-05
2.21191e-05
1.00732e-05
2.12877e-05
2.51535e-05
1.99771e-05
1.27062e-05
1.72481e-05
1.8723e-05
1.43708e-05
1.638e-05
1.04634e-05
9.85582e-06
1.61029e-05
8.4572e-06
8.1846e-06
8.77018e-06
9.47839e-06
1.27887e-05
8.00646e-06
7.89059e-06
1.57579e-05
1.18282e-05
1.30267e-05
9.95959e-06
1.95847e-05
2.27188e-05
0.000167825
0.000168384
0.000167939
0.000168295
0.000168251
0.000168252
0.000168151
0.000168186
0.000168384
0.000168421
0.000168308
0.000168198
0.000168327
0.000126503
0.000168247
0.000117627
0.00016799
0.000168233
0.000168132
0.000168057
0.000168127
0.000145902
0.000168074
0.0001473
0.000168112
0.000168019
0.000167951
0.00016784
0.00016796
0.000167975
0.000167888
0.000167922
0.00016834
0.00016814
0.000168237
0.0001681
0.000168245
0.000168229
0.000168212
0.000168197
0.000168355
0.000168138
0.000135531
0.000168139
0.000168274
0.000168207
0.000168248
0.000168247
0.000168043
0.00016814
0.000168042
0.000167985
0.00016809
0.000168113
0.000168037
0.000168024
0.000168098
0.000168024
0.000168087
0.000125321
0.00016812
0.00016807
0.000168174
0.000168126
0.000167664
0.000167665
0.000167666
0.000167569
0.000167631
0.000167666
0.000167606
0.000167631
0.000167667
0.000167671
0.000167672
0.000167581
0.000167637
0.000167671
0.000167614
0.000167641
0.00016767
0.000167675
0.000167679
0.000167599
0.000167644
0.000167675
0.00016763
0.000167652
0.000167542
0.000167542
0.000167565
0.000167582
0.000167552
0.000167556
0.000167568
0.000167564
0.000167633
0.000167634
0.000167561
0.000167563
0.000167607
0.000167608
0.000167568
0.000167577
0.000167667
0.000167584
0.000167672
0.000167667
0.000167633
0.000167614
0.000167667
0.000167637
0.000167611
0.000167556
0.000167555
0.000167578
0.000167575
0.000167563
0.000167574
0.000167561
0.000167636
0.000167587
0.000167573
0.000167644
0.000167619
0.000167592
0.000167617
0.000167583
0.00016855
0.000168626
0.000168652
0.000168523
0.0001429
0.000154359
0.000163941
0.00012081
0.000167877
0.000161347
0.000153044
0.000156551
0.000112342
9.59834e-05
0.00012504
8.45172e-05
0.000168473
0.000165836
0.000136931
0.000163495
0.000132577
0.000100391
0.000168205
6.67954e-05
0.000168431
0.000168319
0.000168338
0.00016831
0.00014373
0.000140926
0.0001572
0.000137917
0.000140338
0.000120215
0.000159549
0.000163379
0.000168618
0.000167787
0.00016854
0.000168611
0.000138948
0.000127365
8.16907e-05
0.00015011
0.000138078
0.000158141
0.000168319
0.000139785
0.000168625
0.000153625
0.000148746
0.000168425
0.000168565
0.000153384
0.000158109
0.000144176
0.000112551
0.000130805
0.000145122
8.86822e-05
0.000148406
0.000142334
0.000166229
0.000167723
2.59015e-06
2.70532e-06
1.98025e-06
1.41384e-05
8.73964e-06
3.64331e-06
8.66461e-06
8.50963e-06
2.9039e-06
2.57881e-06
2.78706e-06
1.13231e-05
8.53697e-06
3.55767e-06
8.46086e-06
8.32616e-06
1.66565e-06
2.35931e-06
1.04625e-06
1.04019e-05
7.24484e-06
4.06842e-06
7.0801e-06
5.20505e-06
1.10426e-05
1.39698e-05
6.6616e-06
1.19082e-05
1.72394e-05
1.79834e-05
1.35578e-05
1.87739e-05
8.20913e-06
7.92322e-06
1.43441e-05
1.32558e-05
8.13068e-06
7.94214e-06
1.19978e-05
1.17037e-05
3.89965e-06
1.12251e-05
3.77172e-06
3.90343e-06
8.35458e-06
8.12003e-06
3.09403e-06
8.07384e-06
7.84544e-06
1.36874e-05
1.31199e-05
1.25061e-05
1.1463e-05
1.17283e-05
1.27468e-05
1.28435e-05
7.92765e-06
1.09089e-05
1.10791e-05
8.09586e-06
7.4645e-06
1.07592e-05
7.95206e-06
1.0711e-05
8.5681e-06
1.23716e-05
8.65958e-06
1.21227e-05
8.64004e-06
1.76937e-05
1.0069e-05
9.0159e-06
2.32101e-05
3.47971e-05
2.7971e-05
3.45662e-05
2.90046e-05
3.98434e-05
4.96618e-05
3.13152e-05
1.09918e-05
1.47814e-05
9.21898e-06
8.72837e-06
9.66129e-06
1.51157e-05
1.23458e-05
9.20184e-06
8.82964e-06
1.85876e-05
7.97634e-06
1.01602e-05
1.88614e-05
1.52794e-05
1.34794e-05
1.79815e-05
1.36969e-05
9.59899e-06
9.63906e-06
1.72353e-05
2.19234e-05
1.74014e-05
2.78052e-05
1.18277e-05
2.4125e-05
2.63233e-05
2.35323e-05
1.66081e-05
1.86323e-05
2.46651e-05
1.63684e-05
2.03931e-05
1.41784e-05
1.04981e-05
1.64143e-05
1.2179e-05
9.99928e-06
9.85411e-06
1.0248e-05
1.35859e-05
1.0026e-05
1.01892e-05
2.50582e-05
1.53842e-05
1.99465e-05
1.25655e-05
2.28535e-05
2.92371e-05
1.41528e-06
1.53543e-06
3.79198e-06
1.02922e-05
6.23991e-06
4.87491e-06
6.56244e-06
6.35237e-06
1.52339e-06
1.70453e-06
1.45992e-06
1.14039e-05
6.83768e-06
3.22889e-06
6.90643e-06
6.94659e-06
3.68021e-06
1.58518e-06
1.73232e-06
1.24482e-05
7.4245e-06
3.74031e-06
7.70623e-06
7.41637e-06
5.44872e-06
7.11838e-06
9.61256e-06
1.00087e-05
1.08158e-05
1.05116e-05
1.06938e-05
1.22321e-05
6.62889e-06
7.1838e-06
1.10987e-05
1.13459e-05
6.7841e-06
7.02023e-06
1.12981e-05
1.19953e-05
3.68879e-06
1.14455e-05
3.0424e-06
3.36165e-06
6.89617e-06
6.95631e-06
2.7737e-06
7.02344e-06
7.55513e-06
1.13554e-05
1.14784e-05
1.24447e-05
1.21088e-05
1.19612e-05
1.23395e-05
1.21193e-05
7.41263e-06
1.24405e-05
1.1534e-05
7.13182e-06
7.64915e-06
1.23181e-05
7.27187e-06
1.15179e-05
0.00016772
0.000167697
0.0001677
0.000167681
0.000167706
0.000167694
0.000167687
0.000167681
0.000167683
0.000167675
0.000167676
0.000167607
0.000167655
0.000167676
0.000167632
0.000167649
0.000167695
0.000167681
0.000167716
0.000167686
0.000167674
0.000167685
0.000167676
0.000167688
0.000167696
0.000167625
0.000167721
0.000167792
0.000167737
0.000167681
0.000167764
0.000167739
0.000167669
0.000167672
0.000167693
0.000167628
0.000167645
0.000167662
0.000167629
0.000167658
0.000167681
0.00016762
0.000167676
0.000167681
0.000167655
0.000167638
0.000167681
0.000167653
0.000167658
0.000167693
0.000167621
0.000167698
0.000167658
0.000167675
0.000167675
0.000167663
0.000167668
0.000167696
0.000167621
0.000167655
0.000167653
0.000167652
0.000167636
0.00016762
2.15805e-06
3.95236e-06
2.25139e-06
1.29936e-05
6.86329e-06
3.17757e-06
9.86974e-06
8.91726e-06
2.80731e-06
1.13197e-06
2.00499e-06
8.83647e-06
3.60735e-06
1.34846e-06
5.80859e-06
3.54072e-06
1.89049e-06
2.34939e-06
2.3826e-06
8.56495e-06
6.9001e-06
3.25456e-06
6.15037e-06
6.10445e-06
1.15e-05
7.4405e-06
8.66417e-06
1.13637e-05
1.7175e-05
1.20156e-05
8.1759e-06
1.12024e-05
4.85913e-06
7.74579e-06
1.14041e-05
1.02624e-05
8.3497e-06
8.63345e-06
1.0704e-05
1.10706e-05
2.22789e-06
9.68515e-06
2.16665e-06
3.14533e-06
5.90791e-06
6.30581e-06
2.61976e-06
6.12756e-06
6.86536e-06
1.58774e-05
1.41409e-05
9.74203e-06
9.56431e-06
1.48865e-05
9.03883e-06
1.50525e-05
6.14995e-06
9.61927e-06
1.20279e-05
5.5942e-06
6.42758e-06
8.70917e-06
6.23788e-06
8.89345e-06
9.83653e-07
2.2759e-06
1.47923e-06
9.63248e-06
7.32263e-06
3.90536e-06
6.54159e-06
6.7522e-06
2.85566e-06
2.65485e-06
2.77663e-06
1.18478e-05
8.8846e-06
4.12237e-06
7.67443e-06
7.82713e-06
1.72957e-06
2.45804e-06
2.39366e-06
1.28481e-05
8.02401e-06
3.31336e-06
8.33341e-06
8.36658e-06
5.21087e-06
1.25378e-05
5.64603e-06
1.12142e-05
1.95988e-05
1.25786e-05
8.48743e-06
5.84155e-06
8.40383e-06
7.38744e-06
1.10061e-05
1.14762e-05
7.20418e-06
6.91374e-06
1.08453e-05
1.10179e-05
3.99051e-06
1.18243e-05
3.71654e-06
3.52856e-06
7.3975e-06
7.49104e-06
2.86533e-06
7.97847e-06
7.28278e-06
1.29265e-05
1.42263e-05
1.32303e-05
1.13015e-05
1.34406e-05
1.15174e-05
1.35618e-05
7.369e-06
1.4119e-05
1.41435e-05
7.72254e-06
7.39137e-06
1.17695e-05
7.61117e-06
1.23181e-05
9.56634e-06
1.31245e-05
1.01116e-05
1.24014e-05
1.14022e-05
1.14139e-05
1.07242e-05
1.14164e-05
2.12624e-05
3.26379e-05
3.08839e-05
3.26656e-05
2.48581e-05
3.20593e-05
3.21128e-05
2.90129e-05
1.16148e-05
2.00043e-05
1.37846e-05
1.83224e-05
1.73759e-05
1.73549e-05
1.61484e-05
1.71809e-05
2.16502e-05
3.11915e-05
2.47543e-05
1.57946e-05
2.4378e-05
2.90332e-05
1.62278e-05
2.78928e-05
2.03427e-05
1.39986e-05
1.75863e-05
2.93083e-05
1.87501e-05
1.78051e-05
1.93041e-05
1.7656e-05
2.03576e-05
3.11299e-05
2.79658e-05
1.40027e-05
2.04374e-05
3.12149e-05
1.58478e-05
2.75848e-05
1.31058e-05
1.61645e-05
3.08512e-05
2.16144e-05
1.48801e-05
1.73856e-05
2.29338e-05
2.06717e-05
1.401e-05
2.30925e-05
3.27453e-05
2.75098e-05
2.38289e-05
2.33946e-05
2.53803e-05
2.6311e-05
1.47774e-05
1.89813e-05
2.04653e-05
1.8602e-05
1.72503e-05
1.81393e-05
1.78075e-05
1.91554e-05
3.06948e-05
7.10724e-05
5.75187e-05
6.17907e-05
5.18873e-05
5.85271e-05
5.7685e-05
6.69375e-05
3.07194e-05
3.31193e-05
2.67518e-05
2.82328e-05
4.32726e-05
3.89312e-05
4.3754e-05
4.22789e-05
2.72416e-05
4.05733e-05
6.04233e-05
2.81189e-05
3.48539e-05
2.41699e-05
2.20662e-05
2.11041e-05
2.51346e-05
2.74327e-05
2.35022e-05
4.51962e-05
2.71927e-05
2.58682e-05
2.78754e-05
2.60069e-05
2.75163e-05
5.20569e-05
3.89545e-05
2.90102e-05
3.05797e-05
5.06841e-05
3.25215e-05
3.67005e-05
2.80565e-05
2.59023e-05
4.27962e-05
2.83377e-05
2.95587e-05
2.89826e-05
3.41056e-05
4.82832e-05
3.07526e-05
3.70904e-05
6.09821e-05
3.44961e-05
2.33364e-05
3.73457e-05
3.33938e-05
3.32726e-05
1.80301e-05
3.30241e-05
3.04498e-05
3.71285e-05
4.62204e-05
4.00212e-05
2.31267e-05
3.83297e-05
2.34767e-05
1.92001e-05
1.93043e-05
2.22164e-05
2.2684e-05
2.5255e-05
2.30266e-05
2.52044e-05
2.21475e-05
1.42228e-05
1.37277e-05
2.00942e-05
2.1607e-05
1.70209e-05
2.05718e-05
1.65114e-05
2.22092e-05
2.6451e-05
2.65986e-05
1.89647e-05
2.13123e-05
2.73097e-05
1.44741e-05
3.09105e-05
3.16685e-05
2.95025e-05
3.62763e-05
2.83141e-05
3.08495e-05
3.64155e-05
3.02335e-05
3.27006e-05
3.12127e-05
2.68613e-05
1.86498e-05
2.68205e-05
3.09317e-05
2.91707e-05
2.64184e-05
2.40456e-05
2.83006e-05
1.82497e-05
2.72839e-05
2.66093e-05
2.82856e-05
3.45832e-05
2.73574e-05
3.29109e-05
2.53049e-05
2.34144e-05
2.62001e-05
1.795e-05
2.43944e-05
2.40727e-05
2.19164e-05
2.12916e-05
1.95724e-06
1.72924e-06
1.6871e-06
6.28222e-06
3.70957e-06
2.76538e-06
5.55297e-06
3.83354e-06
2.30286e-07
2.47421e-08
1.01766e-06
1.36593e-06
2.32041e-07
6.54909e-08
2.87302e-07
4.92705e-07
1.83655e-06
9.22167e-07
2.76058e-06
6.5477e-06
2.94178e-06
2.44054e-06
5.88134e-06
4.75513e-06
7.96784e-06
8.68416e-06
7.53964e-06
8.80679e-06
8.64721e-06
9.68094e-06
8.84196e-06
1.03957e-05
1.57505e-06
2.09674e-06
7.15781e-06
5.79243e-06
3.07196e-06
5.27562e-06
5.02473e-06
8.45916e-06
4.09015e-07
3.09525e-06
7.75307e-07
1.34246e-06
7.81489e-07
7.43025e-07
4.89271e-07
9.41714e-07
4.13699e-06
7.83844e-06
7.86096e-06
7.27602e-06
5.09103e-06
9.19431e-06
6.37309e-06
8.63015e-06
3.89082e-06
8.88845e-06
6.47075e-06
1.86001e-06
4.25504e-06
7.0782e-06
2.79685e-06
5.83576e-06
9.51436e-07
2.48661e-06
1.49583e-06
5.59417e-06
5.65948e-06
4.53007e-06
7.14073e-06
7.31312e-06
2.82542e-06
2.23191e-06
3.16334e-06
1.41605e-05
1.00802e-05
4.26114e-06
9.05038e-06
9.26797e-06
1.8449e-06
3.15335e-06
2.66505e-06
7.2478e-06
9.43675e-06
3.76386e-06
9.18378e-06
6.894e-06
2.46772e-06
6.59962e-06
4.26225e-06
1.00654e-05
5.75231e-06
8.85261e-06
1.15935e-05
4.41814e-06
9.69251e-06
8.93834e-06
1.15487e-05
1.23776e-05
8.08012e-06
7.66534e-06
1.14292e-05
1.1283e-05
4.20355e-06
1.21617e-05
5.19003e-06
4.2862e-06
8.2525e-06
8.87666e-06
2.95316e-06
9.51316e-06
8.21722e-06
1.3675e-05
1.20166e-05
1.34287e-05
1.21815e-05
1.35227e-05
1.27196e-05
1.39099e-05
8.34902e-06
1.37385e-05
1.60655e-05
9.00348e-06
8.40983e-06
7.67154e-06
8.80086e-06
9.0978e-06
3.4347e-06
3.23781e-06
2.48579e-06
1.27479e-05
9.53832e-06
4.66696e-06
9.39766e-06
9.8064e-06
3.12476e-06
2.35119e-06
2.52725e-06
1.02471e-05
8.75691e-06
3.74144e-06
8.59122e-06
9.31066e-06
1.97151e-06
2.08575e-06
1.09475e-06
8.87146e-06
6.85446e-06
4.15284e-06
6.47505e-06
8.00301e-06
5.6251e-06
1.49485e-05
3.95215e-06
8.82663e-06
5.63534e-06
8.60596e-06
5.52951e-06
7.31047e-06
9.65287e-06
8.71214e-06
1.28712e-05
1.32827e-05
9.54062e-06
9.12794e-06
1.167e-05
1.12462e-05
3.77864e-06
1.02651e-05
3.80239e-06
4.19115e-06
9.10772e-06
8.47364e-06
3.08706e-06
7.90713e-06
8.43088e-06
1.26655e-05
1.30998e-05
1.16062e-05
1.10873e-05
1.12537e-05
1.239e-05
1.27211e-05
8.50588e-06
9.66715e-06
9.96536e-06
8.82287e-06
7.33563e-06
9.63028e-06
7.66603e-06
9.67262e-06
8.87802e-06
9.64693e-06
7.80626e-06
8.37793e-06
1.00126e-05
1.02218e-05
8.20026e-06
7.9237e-06
2.03105e-06
3.68058e-08
2.08165e-06
8.16805e-06
1.21677e-06
4.05363e-07
3.00932e-06
1.14094e-06
6.95058e-06
4.07519e-06
5.70158e-06
9.5969e-06
7.6858e-06
6.33893e-06
8.85531e-06
7.63472e-06
8.22858e-06
8.74197e-06
1.0426e-05
1.10436e-05
9.30465e-06
9.09845e-06
1.08235e-05
1.04408e-05
1.10372e-05
8.58574e-06
8.80849e-06
9.18733e-06
1.05476e-05
9.06439e-06
1.07114e-05
9.0924e-06
9.59406e-06
8.72963e-06
5.28557e-06
8.76142e-06
1.02415e-05
8.32871e-06
9.49787e-06
6.84208e-06
7.42347e-06
7.9908e-06
8.35856e-06
1.01695e-05
7.60598e-06
7.62471e-06
8.83173e-06
8.66638e-06
7.06112e-06
9.68465e-06
7.91452e-06
5.41324e-06
7.75398e-06
8.45401e-06
6.49388e-06
7.71653e-06
2.61859e-06
2.48255e-06
2.073e-06
1.37028e-05
9.12455e-06
3.37899e-06
9.66152e-06
9.68516e-06
2.20635e-06
1.16979e-06
2.81192e-06
8.40463e-06
6.2579e-06
2.06534e-06
8.91027e-06
7.79665e-06
2.02774e-06
3.07787e-06
1.77621e-06
1.09799e-05
1.05356e-05
4.69181e-06
1.09583e-05
1.07393e-05
1.43569e-05
7.88509e-06
1.06112e-05
7.4953e-06
7.87849e-06
1.04832e-05
9.48313e-06
1.62891e-05
8.77652e-06
9.1354e-06
1.28603e-05
1.01582e-05
8.93365e-06
8.96195e-06
1.04924e-05
1.13747e-05
2.9718e-06
8.78552e-06
3.78208e-06
3.83938e-06
7.78693e-06
8.99141e-06
2.80723e-06
9.38855e-06
9.20391e-06
1.38575e-05
1.00578e-05
1.0381e-05
1.14948e-05
1.17672e-05
1.02378e-05
1.01038e-05
1.01097e-05
1.01832e-05
9.0271e-06
1.02642e-05
1.03234e-05
9.84783e-06
1.00157e-05
9.60638e-06
6.66425e-07
1.50222e-06
8.78401e-07
3.71824e-06
1.098e-06
1.13418e-06
1.88944e-06
1.91973e-06
2.93648e-06
2.5457e-06
1.78639e-06
6.5919e-06
4.39087e-06
3.115e-06
5.57902e-06
5.39771e-06
1.47919e-06
1.68813e-06
1.72723e-06
5.89678e-06
3.34954e-06
2.17469e-06
4.78738e-06
4.50366e-06
5.97162e-06
6.27163e-06
7.39769e-06
8.68951e-06
6.24463e-06
5.99654e-06
7.86192e-06
7.79665e-06
2.53954e-06
1.94824e-06
4.66635e-06
5.82699e-06
3.92344e-06
2.96405e-06
5.05562e-06
4.41238e-06
2.43081e-06
5.7992e-06
2.27488e-06
1.56896e-06
3.98033e-06
4.98461e-06
2.08882e-06
3.71005e-06
2.91004e-06
5.45618e-06
5.82459e-06
6.65425e-06
4.82418e-06
5.22663e-06
5.32832e-06
5.49961e-06
2.88705e-06
6.45275e-06
5.82082e-06
4.45019e-06
4.1532e-06
5.06224e-06
4.69117e-06
5.49813e-06
9.85624e-07
2.18821e-06
1.06066e-06
9.3969e-07
2.62332e-06
3.19653e-06
9.56514e-07
2.98331e-06
4.39534e-06
6.46946e-06
4.3345e-06
4.32681e-06
4.69422e-06
1.15404e-05
4.12635e-06
9.19017e-06
9.14727e-07
1.73911e-06
6.65446e-07
8.83606e-07
2.24032e-06
2.38555e-06
8.12844e-07
2.0908e-06
9.84453e-07
2.75151e-06
1.00045e-06
9.18703e-07
2.41479e-06
3.26677e-06
9.85901e-07
3.19354e-06
4.39198e-06
2.64183e-06
2.37844e-06
5.97461e-06
1.89859e-06
2.80623e-06
2.10139e-06
3.1809e-06
7.40041e-06
5.4104e-06
8.51729e-06
2.64715e-06
6.95278e-06
3.67356e-06
2.01475e-06
3.85872e-06
8.74119e-07
9.40787e-07
2.27053e-06
9.11144e-07
1.00644e-06
3.00516e-06
2.73009e-06
2.89202e-06
2.44281e-06
2.68737e-06
4.7473e-06
5.74572e-06
2.45699e-06
2.76093e-06
2.4337e-06
2.06756e-06
1.96604e-06
2.39757e-07
5.39209e-06
2.11958e-06
1.34151e-06
8.4536e-07
4.09755e-06
4.42987e-06
6.36417e-08
3.52085e-08
2.69121e-06
3.44141e-07
6.99534e-08
5.57177e-08
3.55852e-07
4.29932e-07
6.96463e-06
6.6897e-06
9.42149e-06
8.17335e-06
6.75754e-06
7.16677e-06
8.59945e-06
8.73377e-06
1.82415e-06
1.66549e-06
6.54314e-06
1.66221e-06
2.33013e-06
3.05456e-06
4.78359e-06
5.10575e-06
1.53244e-07
4.7609e-06
1.98215e-06
6.67277e-07
2.40507e-06
3.52337e-06
7.99808e-07
2.32416e-06
2.22457e-07
1.01407e-06
4.21436e-06
5.18905e-06
1.60258e-06
1.25623e-06
3.66954e-06
3.43608e-06
6.18693e-06
4.42482e-06
3.24509e-06
7.22417e-06
5.66111e-06
4.63961e-06
5.38473e-06
4.01086e-06
6.29845e-06
7.44668e-06
3.23044e-06
6.03634e-06
6.10084e-06
5.91241e-06
5.83087e-06
5.06225e-06
1.89168e-06
2.7096e-06
1.9721e-06
1.10823e-05
1.02881e-05
4.29367e-06
1.02104e-05
9.89327e-06
2.48865e-06
1.42422e-06
2.24729e-06
9.86489e-06
8.39122e-06
3.09887e-06
8.47363e-06
8.08267e-06
1.80182e-06
2.53584e-06
2.70353e-06
9.80458e-06
8.55424e-06
3.73822e-06
7.59923e-06
7.49556e-06
1.72963e-05
1.26969e-05
1.26131e-05
1.19511e-05
1.60751e-05
1.75857e-05
9.7054e-06
1.25987e-05
9.8202e-06
9.69247e-06
1.10558e-05
1.11059e-05
9.57608e-06
9.75277e-06
1.08735e-05
1.1004e-05
3.69846e-06
1.08969e-05
3.53536e-06
3.97051e-06
9.03585e-06
8.78202e-06
2.73105e-06
9.05764e-06
8.68182e-06
1.23825e-05
1.24836e-05
1.05066e-05
1.04682e-05
1.23998e-05
1.023e-05
1.2604e-05
8.49197e-06
1.03792e-05
1.18112e-05
7.80035e-06
8.28812e-06
9.81451e-06
8.02911e-06
9.68708e-06
9.05829e-06
6.12644e-06
6.56786e-06
7.31801e-06
6.82465e-06
6.32468e-06
6.89871e-06
6.55512e-06
4.78255e-06
1.08424e-06
2.92616e-06
6.2653e-06
3.81479e-06
2.08662e-06
4.65527e-06
2.7598e-06
7.24618e-06
5.33704e-06
7.3183e-06
9.42695e-06
7.71686e-06
6.41605e-06
8.79049e-06
7.76503e-06
8.93346e-06
9.41093e-06
1.00892e-05
1.06313e-05
9.66093e-06
9.4373e-06
1.03131e-05
1.02392e-05
5.97262e-06
6.84358e-06
7.58087e-06
7.79741e-06
6.45548e-06
6.83167e-06
6.92539e-06
7.25268e-06
5.44595e-06
7.0215e-06
4.09046e-06
6.41507e-06
6.04035e-06
5.75595e-06
5.95835e-06
5.65888e-06
7.73005e-06
8.55397e-06
8.72426e-06
9.81686e-06
8.1445e-06
8.16864e-06
9.00413e-06
8.97796e-06
7.38969e-06
9.79573e-06
8.27291e-06
5.13909e-06
7.72949e-06
8.57048e-06
6.70946e-06
7.99028e-06
9.79104e-06
7.01756e-06
7.34366e-06
8.84166e-06
7.87898e-06
7.26021e-06
8.26333e-06
7.37066e-06
3.97985e-06
2.4312e-08
2.03112e-07
4.76002e-06
3.41294e-06
2.45384e-07
3.83757e-06
5.83254e-07
6.06327e-06
9.69813e-07
4.06371e-06
6.37469e-06
4.55461e-06
1.58562e-06
5.6565e-06
4.17104e-06
9.65088e-06
7.62901e-06
7.69436e-06
8.59333e-06
8.18915e-06
7.48516e-06
8.30631e-06
7.92897e-06
5.61492e-06
6.19194e-06
7.63604e-06
6.34381e-06
5.89697e-06
6.48129e-06
6.60528e-06
6.80928e-06
4.65771e-06
5.19231e-06
5.55262e-07
5.49577e-06
5.17972e-06
4.1451e-06
5.1164e-06
3.65418e-06
7.03727e-06
8.91664e-06
6.85785e-06
7.16188e-06
7.58845e-06
7.67211e-06
6.53035e-06
7.14591e-06
6.19015e-06
6.45882e-06
5.78924e-06
1.58905e-06
5.07964e-06
5.54382e-06
4.17711e-06
5.32832e-06
9.66003e-07
1.03616e-06
1.63958e-06
1.04078e-06
9.7673e-07
3.50453e-06
3.25745e-06
3.52388e-06
1.04284e-06
1.03552e-06
1.74844e-06
1.04579e-06
1.00728e-06
3.38592e-06
3.14665e-06
3.41964e-06
4.03947e-06
3.57478e-06
6.83358e-06
4.58652e-06
4.3375e-06
5.5345e-06
5.15995e-06
1.0593e-05
9.26455e-07
9.03887e-07
2.1932e-06
7.03378e-07
7.57106e-07
2.55095e-06
2.04412e-06
2.43907e-06
1.01203e-06
2.77686e-06
9.26998e-07
9.14464e-07
3.21246e-06
3.2053e-06
1.04391e-06
2.9456e-06
3.41168e-06
2.88643e-06
4.07831e-06
8.07067e-06
3.43696e-06
3.12222e-06
1.75679e-06
2.58958e-06
5.57987e-06
2.70331e-06
2.63834e-06
4.73793e-06
2.15906e-06
2.98636e-06
2.74108e-06
2.86289e-06
5.88132e-06
6.8573e-06
2.92839e-06
6.13614e-06
3.47289e-06
4.9623e-06
5.35182e-06
2.20575e-06
9.66205e-06
8.8715e-06
7.74195e-06
8.70807e-06
9.20377e-06
8.25221e-06
9.14021e-06
7.98479e-06
7.25376e-06
1.58518e-07
1.16067e-06
7.55326e-07
1.47842e-06
8.26252e-07
1.90617e-06
7.9173e-07
6.29538e-06
2.54726e-06
2.25246e-06
1.98453e-06
5.00356e-06
3.69757e-06
4.82946e-06
2.54291e-06
7.18246e-06
4.80937e-07
2.27851e-06
1.83597e-06
5.08067e-06
2.85259e-06
5.01531e-06
1.57492e-06
9.04618e-06
7.06333e-06
8.33324e-06
1.63484e-06
8.78544e-06
7.58781e-06
7.71425e-06
7.55498e-06
7.00845e-06
1.04776e-06
2.06537e-06
5.8798e-06
6.28206e-06
3.28243e-06
4.934e-06
3.13245e-06
6.97321e-06
7.87821e-06
1.11111e-06
4.21277e-06
6.40448e-06
6.53102e-06
4.97583e-06
2.18805e-06
5.60101e-06
2.05742e-06
5.96245e-07
2.01748e-06
4.25919e-06
3.671e-06
3.10153e-06
2.04458e-06
2.71122e-06
3.17144e-06
6.95529e-06
1.41086e-06
2.48092e-06
4.23833e-06
3.9544e-06
5.62459e-06
2.07226e-06
2.63155e-06
8.99008e-06
3.47298e-06
2.80639e-06
7.31326e-06
4.93412e-06
7.69198e-06
1.03762e-05
9.94298e-06
1.06456e-05
9.66716e-06
9.6666e-06
1.02888e-05
9.81827e-06
1.03292e-05
9.15768e-07
4.01891e-07
9.69424e-06
8.12119e-08
4.35871e-07
5.24093e-07
1.35099e-06
2.16334e-06
1.53975e-06
7.3505e-06
1.01657e-06
1.37519e-06
1.95449e-06
4.10407e-06
9.68058e-07
2.74747e-06
5.33745e-06
5.85733e-06
9.56382e-06
9.57749e-06
6.33008e-06
6.89119e-06
8.75293e-06
8.17575e-06
8.1948e-06
5.4613e-06
1.64948e-06
9.37007e-06
8.69838e-06
5.38791e-06
7.34972e-06
1.47782e-06
1.00071e-05
9.39629e-06
6.00406e-06
9.62044e-06
9.02457e-06
8.77508e-06
8.41443e-06
7.5676e-06
2.26121e-07
3.97104e-07
1.26877e-05
1.13275e-05
1.57563e-06
1.87145e-06
9.00497e-06
8.44444e-06
1.99128e-06
4.74209e-06
7.44599e-06
8.64164e-06
4.43355e-06
4.32781e-06
7.94754e-06
7.32383e-06
1.99136e-05
9.13276e-06
1.39125e-05
1.39632e-05
1.42362e-05
1.29408e-05
1.41533e-05
1.32769e-05
1.29572e-05
9.49894e-06
1.14835e-05
1.00923e-05
9.73227e-06
9.60116e-06
9.98495e-06
1.01444e-05
2.35949e-06
1.51712e-05
1.11574e-05
8.58533e-06
8.02267e-06
1.1833e-05
8.61773e-06
1.03434e-05
1.81627e-06
8.5392e-06
6.98603e-06
1.71266e-05
6.78345e-06
7.85661e-06
1.03869e-05
7.15089e-06
2.93805e-05
1.39677e-05
9.13762e-06
1.14049e-05
2.25107e-05
1.38524e-05
1.09258e-05
9.62987e-06
2.49577e-05
1.11626e-05
9.00603e-06
8.47204e-06
9.68325e-06
9.84009e-06
8.65795e-06
9.16388e-06
7.30773e-06
7.80843e-06
5.59676e-06
4.70215e-06
1.25611e-05
8.0452e-06
5.60859e-06
1.19312e-05
8.00354e-06
5.52762e-06
5.6832e-06
3.69894e-06
9.58433e-06
5.02667e-06
4.60555e-06
6.14598e-06
3.65047e-06
5.11646e-06
2.96956e-06
2.95802e-06
2.64913e-06
1.80071e-06
3.24878e-06
3.29432e-06
2.23094e-06
2.3655e-06
2.61967e-06
1.05239e-06
1.90677e-06
1.91875e-06
1.38771e-06
1.76948e-06
1.00344e-05
4.13735e-06
5.26437e-06
4.93198e-06
5.60193e-06
5.03971e-06
4.30929e-06
4.68374e-06
6.98887e-06
3.72868e-06
2.53593e-06
2.38484e-06
9.02788e-06
4.2929e-06
7.92677e-06
4.03195e-06
2.48997e-06
3.22897e-06
2.89847e-06
2.91844e-06
4.61813e-06
7.06578e-06
2.91674e-06
4.54564e-06
4.0764e-06
2.90285e-06
4.28055e-06
3.45438e-06
4.1826e-06
2.2161e-06
2.6503e-06
3.47262e-06
1.06398e-06
2.70804e-06
9.84707e-07
8.4269e-07
3.35127e-06
3.56923e-06
1.22917e-06
3.33841e-06
3.78151e-06
5.27136e-06
4.08503e-06
3.41739e-06
2.85105e-06
4.99406e-06
2.76286e-06
5.74095e-06
1.06428e-06
2.05298e-06
1.22804e-06
1.09143e-06
4.01602e-06
3.99549e-06
1.53047e-06
3.69876e-06
7.93291e-07
1.78922e-06
9.46564e-07
7.22481e-07
2.70927e-06
2.7985e-06
9.55413e-07
2.39948e-06
3.18862e-06
3.55127e-06
2.90193e-06
2.11982e-06
3.07862e-06
3.2734e-06
2.33945e-06
3.09725e-06
3.11095e-06
3.61163e-06
3.44449e-06
3.80621e-06
5.0109e-06
3.21243e-06
2.36221e-06
3.89205e-06
1.33179e-06
1.08066e-06
1.8924e-06
1.27528e-06
9.22244e-07
3.00257e-06
3.38042e-06
2.93954e-06
3.61437e-06
3.07649e-06
3.02253e-06
5.00101e-06
3.55708e-06
3.34824e-06
2.94844e-06
2.13173e-06
1.20332e-06
2.59019e-06
2.72696e-06
2.18223e-06
1.73796e-06
2.10277e-06
1.68522e-06
1.5995e-06
2.90949e-06
2.21652e-06
3.31313e-06
4.0268e-06
3.03444e-06
3.18325e-06
1.76997e-06
1.46732e-06
4.14595e-06
4.90597e-06
4.13947e-06
7.18225e-06
6.14081e-06
5.11353e-06
7.01367e-06
5.01549e-06
3.63516e-06
8.88849e-06
8.72755e-06
7.35365e-06
6.21382e-06
7.90571e-06
7.53252e-06
5.74684e-06
2.71439e-06
4.04023e-06
3.81362e-06
4.07186e-06
1.92585e-06
4.07109e-06
4.50588e-06
4.6398e-06
2.83959e-06
4.54072e-06
3.79958e-06
4.25805e-06
1.86114e-06
6.87386e-06
3.60902e-06
4.3644e-06
4.86323e-06
3.7454e-06
5.43511e-06
7.24368e-06
4.22535e-06
3.39009e-06
6.26415e-06
7.39817e-06
3.29266e-06
5.65341e-06
3.14272e-06
3.56978e-06
5.04985e-06
7.49778e-06
4.46087e-06
1.06525e-05
2.36377e-07
2.46611e-07
1.28925e-06
1.49714e-05
1.65348e-06
5.35288e-07
1.21004e-05
9.50618e-06
6.82796e-07
2.32819e-06
2.19456e-06
6.12279e-06
2.60121e-06
1.98764e-06
4.16083e-06
3.98791e-06
6.22978e-07
1.46368e-06
1.89479e-06
7.04028e-06
1.17941e-06
7.53569e-07
3.93609e-06
4.57779e-06
2.27044e-05
8.44493e-06
1.15643e-05
1.35496e-05
1.75181e-05
1.63435e-05
1.31279e-05
1.25077e-05
1.2647e-06
1.84522e-06
2.01549e-05
5.74043e-06
9.28463e-06
1.06165e-05
1.40279e-05
1.97206e-05
4.44804e-07
4.52751e-06
1.73333e-06
8.17979e-07
2.59452e-06
2.38804e-06
3.2868e-07
1.93279e-06
3.96016e-06
2.35133e-05
7.27948e-06
1.10676e-05
2.01141e-05
1.85478e-05
1.67848e-05
1.79826e-05
1.95013e-06
9.55096e-06
6.55878e-06
3.23297e-06
2.4105e-06
9.87791e-06
3.61304e-06
5.43203e-06
8.14283e-06
6.12593e-06
8.70758e-06
4.43006e-06
5.75501e-06
6.16737e-06
1.00208e-05
5.92233e-06
2.51151e-06
1.05784e-06
2.68261e-06
3.0548e-06
1.97145e-06
1.22594e-06
2.69547e-06
2.01008e-06
7.66917e-06
5.05063e-06
6.47932e-06
4.24597e-06
7.97772e-06
5.53758e-06
1.02178e-05
6.69604e-06
2.11359e-06
3.48265e-06
6.7105e-06
2.26718e-06
4.06299e-06
3.54911e-06
4.32129e-06
3.73943e-06
3.27433e-06
6.19872e-06
3.21392e-06
3.42043e-06
4.31582e-06
4.0617e-06
2.56152e-06
4.26163e-06
3.48721e-06
3.80457e-06
2.80905e-06
5.52063e-06
3.67687e-06
4.51898e-06
6.05356e-06
7.6574e-06
6.50817e-06
3.85341e-06
4.1425e-06
6.21491e-06
2.64784e-06
4.31517e-06
3.35399e-06
5.85259e-06
6.13378e-06
3.32191e-06
3.18134e-06
6.37161e-06
4.81751e-06
4.15925e-06
6.60247e-06
4.94877e-06
2.54453e-05
5.68547e-05
3.42851e-05
5.14019e-05
3.08221e-05
5.46997e-05
5.97845e-05
3.65354e-05
6.78572e-05
5.78373e-05
3.43344e-05
3.55128e-05
5.40021e-05
5.06973e-05
6.58125e-05
2.517e-05
2.14143e-05
2.00232e-05
1.50084e-05
1.98486e-05
2.06766e-05
1.92547e-05
1.90573e-05
1.80383e-05
3.33891e-05
2.63495e-05
2.04785e-05
2.26177e-05
2.22073e-05
2.66404e-05
2.46684e-05
2.93399e-05
5.56498e-05
3.40384e-05
2.58879e-05
4.49896e-05
6.23366e-05
2.64537e-05
4.25866e-05
2.90936e-05
6.90229e-05
4.72776e-05
3.04655e-05
3.15364e-05
4.62511e-05
3.22023e-05
3.70276e-05
3.45678e-05
2.97169e-05
3.48203e-05
4.00265e-05
2.6893e-05
3.22105e-05
3.18271e-05
3.19854e-05
2.86466e-05
2.90327e-05
2.49612e-05
4.32971e-05
2.71561e-05
2.78333e-05
2.81349e-05
2.98762e-05
3.08061e-05
5.82025e-07
1.17818e-05
2.49003e-06
1.73958e-05
7.22594e-06
6.50408e-06
9.81797e-06
5.09221e-06
1.02103e-05
1.09522e-05
1.04904e-05
1.11652e-05
1.05241e-05
1.02927e-05
1.09874e-05
1.09687e-05
5.1235e-06
7.65744e-06
5.12597e-06
7.45357e-06
6.66054e-06
5.78173e-06
6.75508e-06
6.69219e-06
1.41463e-05
9.69946e-06
8.57699e-06
9.2971e-06
9.27286e-06
9.04687e-06
9.0357e-06
8.94439e-06
1.08333e-05
1.01302e-05
1.33859e-05
9.73575e-06
1.09414e-05
1.12892e-05
1.08227e-05
1.25697e-05
1.07042e-05
9.71512e-06
8.74365e-06
9.2132e-06
1.02162e-05
9.67255e-06
9.66722e-06
9.2308e-06
8.31336e-06
1.40575e-05
9.30852e-06
8.29021e-06
1.03702e-05
1.10537e-05
8.64864e-06
8.85833e-06
7.17009e-06
8.0089e-06
9.28856e-06
8.42492e-06
7.19046e-06
7.96817e-06
8.50023e-06
8.89422e-06
3.17766e-06
2.27736e-06
4.23222e-06
8.41602e-06
8.46287e-06
3.52984e-06
8.65313e-06
8.43804e-06
2.50997e-06
2.74848e-06
2.32357e-06
1.18673e-05
7.66754e-06
2.73326e-06
8.28548e-06
8.13255e-06
4.49595e-06
1.98585e-06
1.99e-06
7.83951e-06
6.15205e-06
3.56983e-06
8.05857e-06
5.70641e-06
1.23804e-05
1.11632e-05
1.18303e-05
8.61177e-06
1.28865e-05
1.22956e-05
1.32917e-05
1.28019e-05
7.4455e-06
8.46902e-06
8.47189e-06
9.39984e-06
7.63438e-06
8.43504e-06
9.44255e-06
8.52253e-06
2.57055e-06
9.31771e-06
2.46433e-06
3.3898e-06
7.46049e-06
7.58956e-06
3.06449e-06
7.47677e-06
8.67967e-06
8.32781e-06
9.36129e-06
8.14276e-06
8.26564e-06
8.43914e-06
8.42405e-06
8.52724e-06
8.12089e-06
8.33868e-06
9.31946e-06
7.76297e-06
8.0415e-06
8.64638e-06
7.88813e-06
9.03249e-06
2.73902e-06
2.79425e-06
2.49204e-06
1.25301e-05
8.4034e-06
4.56233e-06
8.93254e-06
8.80992e-06
2.23387e-06
1.17467e-06
2.98189e-06
9.43594e-06
4.53448e-06
1.54867e-06
7.75069e-06
2.57712e-06
2.61904e-06
2.82119e-06
1.63006e-06
1.17433e-05
8.11345e-06
4.10157e-06
1.01308e-05
1.00654e-05
1.03537e-05
8.84657e-06
1.46416e-05
6.23855e-06
1.16288e-05
9.82415e-06
1.54614e-05
4.50992e-06
8.07255e-06
8.08636e-06
1.1958e-05
1.04818e-05
8.59911e-06
8.70559e-06
1.14134e-05
1.1467e-05
3.8013e-06
9.7804e-06
3.48527e-06
3.92116e-06
6.59398e-06
7.85035e-06
2.58975e-06
7.60233e-06
8.82109e-06
1.24922e-05
1.19028e-05
1.14405e-05
1.08995e-05
1.22523e-05
1.07637e-05
1.22621e-05
8.75159e-06
1.124e-05
7.02045e-06
8.7696e-06
8.7553e-06
1.02801e-05
8.76758e-06
1.0204e-05
1.32429e-06
2.00938e-06
1.92379e-06
8.68363e-06
4.75241e-06
2.81289e-06
7.22667e-06
5.71835e-06
2.05334e-06
1.21286e-06
1.6409e-06
9.45588e-06
2.85047e-06
3.12951e-06
5.82656e-06
5.87471e-06
2.05236e-06
1.91388e-06
2.09104e-06
1.29618e-05
7.42484e-06
3.44319e-06
7.95304e-06
7.18599e-06
1.18657e-05
9.46909e-06
1.6994e-05
1.30941e-05
6.73099e-06
1.0934e-05
1.08746e-05
1.70257e-05
4.5026e-06
6.88801e-06
9.93238e-06
7.22057e-06
5.50027e-06
6.92718e-06
8.79985e-06
8.7344e-06
2.32576e-06
1.01248e-05
3.42702e-06
3.18032e-06
5.40128e-06
6.75687e-06
2.23278e-06
5.21319e-06
7.01896e-06
1.0513e-05
1.18644e-05
1.39215e-05
9.39736e-06
9.06214e-06
1.29598e-05
1.25993e-05
5.88739e-06
1.24346e-05
1.06437e-05
6.77505e-06
7.46818e-06
1.19154e-05
7.14596e-06
1.11255e-05
2.77499e-06
8.16315e-06
2.29681e-06
2.3194e-06
3.43478e-06
5.56213e-06
1.92176e-06
3.57868e-06
1.17228e-05
1.32159e-05
1.67469e-05
9.72195e-06
1.21316e-05
1.21607e-05
1.10061e-05
1.12299e-05
2.42484e-06
1.73845e-05
5.64132e-07
1.50667e-06
5.02038e-06
9.89566e-06
1.14241e-06
2.88379e-06
3.01716e-06
9.14721e-06
2.33098e-06
2.98238e-06
4.3444e-06
6.12576e-06
2.54869e-06
4.98828e-06
1.03028e-05
2.58635e-06
3.04659e-06
8.42804e-06
7.19479e-06
3.43224e-06
7.35028e-06
5.61103e-06
1.13105e-05
8.64306e-06
1.99384e-05
4.09659e-06
1.14773e-05
1.13602e-05
1.32409e-05
1.69529e-05
1.72047e-06
2.09252e-06
8.07291e-06
1.1643e-06
1.02807e-06
4.08216e-06
2.70773e-06
4.40034e-06
2.77817e-06
2.34406e-06
8.41832e-06
2.13685e-05
5.48063e-06
3.98106e-06
1.52927e-05
7.95464e-06
9.19509e-07
1.03839e-06
9.9133e-07
3.13146e-06
2.43131e-06
1.097e-06
2.61399e-06
1.94054e-06
1.22924e-06
1.61458e-06
1.52334e-06
2.93608e-06
3.47485e-06
1.68832e-06
3.33313e-06
3.56068e-06
9.6149e-07
1.22793e-06
7.38001e-07
2.02139e-06
2.23745e-06
9.09471e-07
1.50135e-06
1.50694e-06
3.00397e-06
3.73638e-06
3.98689e-06
5.76189e-06
4.7858e-06
3.67007e-06
6.71809e-06
6.49986e-06
2.87476e-06
2.19424e-06
3.65899e-06
3.35516e-06
2.74387e-06
2.33988e-06
3.16875e-06
3.51116e-06
1.37927e-06
2.61814e-06
1.40582e-06
1.04983e-06
2.82224e-06
2.99367e-06
1.18136e-06
2.87813e-06
2.32106e-06
2.88795e-06
2.91979e-06
3.52494e-06
3.05492e-06
2.77742e-06
2.5916e-06
3.96457e-06
1.78595e-06
2.66373e-06
3.25689e-06
2.83194e-06
2.32493e-06
2.66993e-06
2.76619e-06
2.49139e-06
1.21784e-06
7.84903e-06
7.22791e-06
2.49903e-06
2.65902e-06
5.87769e-06
2.63694e-06
6.11329e-06
9.36172e-06
9.02331e-06
9.07463e-06
8.61053e-06
8.60192e-06
8.81281e-06
8.52765e-06
8.92624e-06
8.62944e-06
9.4116e-06
9.88107e-06
8.16242e-06
8.23221e-06
8.84514e-06
8.20259e-06
9.14731e-06
3.90284e-06
7.81092e-06
7.05615e-06
5.39846e-06
5.49116e-06
7.53283e-06
5.2027e-06
7.4012e-06
8.82313e-06
7.29151e-06
3.4888e-06
8.07928e-06
8.00553e-06
6.62973e-06
7.40054e-06
6.53522e-06
9.32997e-06
8.43724e-06
8.542e-06
8.21692e-06
8.80333e-06
8.35683e-06
8.16035e-06
8.0227e-06
6.85005e-06
3.41164e-06
7.84099e-06
6.61226e-06
6.0446e-06
6.31088e-06
6.70247e-06
7.35148e-06
7.96265e-06
7.86313e-06
8.39727e-06
8.82558e-06
7.70013e-06
7.57564e-06
7.93016e-06
8.09137e-06
1.18893e-06
1.05507e-06
1.11958e-06
1.73399e-06
3.27381e-06
1.03222e-06
3.18781e-06
3.15013e-06
1.02317e-06
1.06e-06
1.00345e-06
1.84872e-06
3.29819e-06
9.32109e-07
3.21202e-06
3.02654e-06
9.40609e-07
9.29004e-07
6.87837e-07
2.14988e-06
2.21584e-06
7.67392e-07
2.46113e-06
1.88802e-06
3.8587e-06
4.01745e-06
3.24058e-06
5.52601e-06
4.94114e-06
6.99931e-06
6.20218e-06
5.09162e-06
3.23631e-06
2.71173e-06
4.6685e-06
5.06047e-06
3.22214e-06
2.93343e-06
1.70156e-06
2.17405e-06
9.58444e-07
2.31378e-06
8.71992e-07
9.16859e-07
2.9801e-06
2.89677e-06
1.06875e-06
2.65931e-06
2.66314e-06
6.01594e-06
6.13033e-06
5.5407e-06
2.19231e-06
4.39052e-06
3.665e-06
3.38134e-06
2.55199e-06
7.07599e-06
6.70312e-06
2.44357e-06
2.5035e-06
2.49592e-06
2.67952e-06
2.23594e-06
1.54576e-06
1.22229e-06
2.61569e-06
1.49719e-06
1.64792e-06
3.4477e-06
3.56029e-06
3.3122e-06
1.03979e-06
8.95544e-07
2.98039e-06
9.78795e-07
1.09194e-06
2.44372e-06
1.95927e-06
2.61554e-06
3.11248e-06
3.21451e-06
3.18512e-06
3.45816e-06
4.87719e-06
6.10889e-06
5.74806e-06
7.23568e-06
1.20663e-06
9.57532e-07
2.01376e-06
7.28798e-07
8.99863e-07
2.24934e-06
1.50229e-06
1.52272e-06
1.37621e-06
2.8284e-06
1.39833e-06
1.0505e-06
2.81727e-06
2.98146e-06
1.17008e-06
2.88544e-06
2.81746e-06
2.2044e-06
3.28556e-06
3.85037e-06
2.68821e-06
2.3379e-06
2.99057e-06
3.37546e-06
4.74665e-06
2.84539e-06
1.78118e-06
2.72752e-06
2.50362e-06
2.76062e-06
2.85066e-06
2.33417e-06
4.46363e-06
3.46241e-06
2.34945e-06
3.11402e-06
3.18569e-06
2.69e-06
2.96283e-06
3.60299e-06
2.8753e-06
2.1162e-06
2.1739e-06
9.87565e-06
7.1962e-06
2.878e-06
8.1462e-06
6.17786e-06
2.51551e-06
1.53132e-06
2.53405e-06
8.75036e-06
4.1525e-06
2.53244e-06
7.13171e-06
6.99686e-06
2.90115e-06
3.27683e-06
4.36339e-06
1.02257e-05
7.7667e-06
5.32656e-06
7.8212e-06
7.21168e-06
1.33001e-05
1.4913e-05
1.35702e-05
1.1408e-05
8.03249e-06
1.4591e-05
1.39777e-05
1.52664e-05
6.56963e-06
7.56926e-06
1.05185e-05
6.9996e-06
7.57055e-06
7.53906e-06
9.92601e-06
9.6912e-06
3.04356e-06
8.80528e-06
4.36572e-06
3.44309e-06
6.12412e-06
7.14912e-06
2.16377e-06
7.38186e-06
7.52026e-06
1.048e-05
1.11391e-05
1.1495e-05
9.69848e-06
9.81304e-06
1.11905e-05
1.13667e-05
6.56978e-06
9.78419e-06
9.09641e-06
7.46434e-06
7.6071e-06
9.5341e-06
7.57551e-06
9.37053e-06
9.76884e-06
1.03926e-05
1.30677e-05
9.60322e-06
9.7625e-06
1.06199e-05
9.73425e-06
1.06261e-05
9.30622e-06
1.85464e-06
1.82779e-05
3.34912e-06
6.57984e-06
7.64616e-06
6.78446e-06
8.3948e-06
1.20115e-05
1.49441e-05
1.38539e-05
1.05333e-05
1.11699e-05
1.14571e-05
1.11794e-05
1.14793e-05
8.99788e-06
4.70843e-06
1.03141e-05
6.52954e-06
8.09372e-06
7.87199e-06
7.95237e-06
7.40513e-06
9.8175e-06
1.24624e-05
9.49749e-06
6.93396e-06
9.43656e-06
1.02321e-05
8.38747e-06
9.65632e-06
1.00929e-05
7.69129e-06
1.58132e-05
1.12379e-05
9.97918e-06
8.39655e-06
1.10469e-05
1.05526e-05
1.24644e-05
9.35286e-06
6.72105e-06
1.11291e-05
1.18777e-05
9.41539e-06
1.10938e-05
8.65813e-06
1.09438e-05
9.33875e-06
8.10544e-06
1.76463e-05
1.03842e-05
1.00341e-05
1.01892e-05
9.2857e-06
6.2368e-06
3.7782e-06
8.22031e-06
6.22981e-06
5.97275e-06
6.898e-06
6.34458e-06
6.12828e-06
2.24902e-06
1.21013e-06
2.6797e-06
3.12566e-06
1.85679e-06
1.86153e-06
1.64716e-06
2.2811e-06
3.40287e-06
2.96457e-06
2.30196e-06
7.4257e-06
2.62978e-06
3.08497e-06
1.76339e-06
3.17051e-06
5.34355e-06
4.00582e-06
3.93109e-06
7.7535e-06
5.60523e-06
5.70674e-06
4.89625e-06
7.3962e-06
4.02205e-06
4.42632e-06
6.37897e-06
3.81657e-06
3.52814e-06
7.74824e-06
4.35827e-06
7.29088e-06
4.10475e-06
3.43136e-06
2.79084e-06
4.00385e-06
4.03189e-06
3.75861e-06
4.52678e-06
2.0653e-06
3.36058e-06
5.87423e-06
2.80212e-06
2.85064e-06
5.44083e-06
6.39812e-06
2.8516e-06
5.19141e-06
4.01003e-06
3.56474e-06
5.18849e-06
2.88972e-06
5.45745e-06
3.38079e-06
2.09229e-06
4.59334e-06
8.15179e-06
7.85324e-06
7.77448e-06
7.73547e-06
7.9036e-06
7.79898e-06
7.93876e-06
7.75324e-06
7.86216e-06
4.04672e-06
6.30233e-06
8.59512e-06
7.54517e-06
6.97032e-06
7.71266e-06
7.15114e-06
7.57246e-06
6.2125e-06
7.37158e-06
7.05571e-06
7.42353e-06
7.07808e-06
7.53315e-06
7.25477e-06
9.00548e-06
1.00037e-05
7.81331e-06
1.13189e-05
9.35188e-06
9.23181e-06
9.40614e-06
9.20776e-06
7.67898e-06
7.65906e-06
7.80508e-06
8.48012e-06
7.74504e-06
7.65658e-06
8.28294e-06
7.62362e-06
7.35856e-06
8.17043e-06
6.6637e-06
7.54206e-06
7.33561e-06
7.30611e-06
7.18866e-06
7.02132e-06
7.71916e-06
7.86435e-06
8.57253e-06
7.38282e-06
7.38894e-06
7.58839e-06
7.37477e-06
7.78997e-06
7.56939e-06
7.23402e-06
8.17349e-06
6.79631e-06
7.4478e-06
7.23327e-06
7.13617e-06
7.10202e-06
1.07665e-05
1.05573e-05
9.55568e-06
9.3393e-06
1.0085e-05
1.02105e-05
9.31246e-06
9.12067e-06
8.61242e-06
2.26844e-06
1.64679e-06
3.53061e-06
5.81936e-06
3.18891e-06
4.32433e-06
2.17428e-06
7.51337e-06
1.51287e-06
1.8542e-06
2.45149e-06
4.27955e-06
3.83026e-06
3.65512e-06
2.62798e-06
6.73863e-06
2.62142e-06
2.00425e-06
2.1082e-06
3.28211e-06
2.85336e-06
2.34274e-06
1.60506e-06
9.57949e-06
8.75748e-06
8.38323e-06
4.53925e-06
7.74792e-06
8.52192e-06
7.40747e-06
8.23042e-06
9.66252e-06
4.45514e-06
2.38674e-06
9.02512e-06
7.77773e-06
5.75434e-06
8.58469e-06
5.59367e-06
7.31858e-06
7.02884e-06
3.48544e-06
2.81005e-06
6.13974e-06
6.4513e-06
3.9138e-06
3.47042e-06
7.04133e-06
2.71718e-06
3.06661e-06
1.99351e-06
5.16415e-06
4.01987e-06
3.83005e-06
3.45339e-06
1.44031e-06
1.60019e-06
5.21172e-06
6.90589e-07
1.98317e-06
2.92813e-06
3.09474e-06
4.44355e-06
1.51583e-06
1.74529e-06
5.41166e-06
9.13233e-07
1.83182e-06
3.4704e-06
2.15101e-06
3.5353e-06
7.68247e-06
6.15996e-06
8.03544e-06
6.13439e-06
7.80179e-06
7.83034e-06
7.89628e-06
7.86612e-06
1.38966e-07
5.03189e-07
2.98933e-06
7.42022e-08
9.89792e-08
5.45342e-07
1.26539e-07
8.10646e-07
1.72667e-06
6.05854e-06
1.50535e-07
6.82756e-07
6.26229e-06
4.48626e-06
3.54924e-07
2.00828e-06
3.04102e-06
1.68755e-06
5.8007e-06
6.81372e-06
3.38686e-06
2.95371e-06
4.99485e-06
4.67669e-06
6.93481e-06
3.27452e-07
6.71606e-07
3.38981e-06
1.98616e-06
9.26986e-07
2.27951e-06
9.25018e-07
7.61775e-06
4.21597e-06
1.47161e-06
5.46478e-06
7.61083e-06
4.53117e-06
4.78876e-06
3.06123e-06
1.52874e-06
2.00586e-06
1.34037e-06
1.34487e-06
2.72774e-06
2.64478e-06
1.24314e-06
2.68704e-06
3.13361e-06
3.85114e-06
2.39173e-06
4.48668e-06
3.25699e-06
6.85963e-06
4.10729e-06
3.65911e-06
1.1335e-06
1.5395e-06
7.21679e-07
9.66401e-07
1.73064e-06
1.77149e-06
8.97805e-07
1.66031e-06
1.2823e-06
2.76466e-06
1.14715e-06
1.12598e-06
2.50255e-06
2.52246e-06
1.13492e-06
2.56503e-06
2.63768e-06
2.27817e-06
2.58648e-06
3.39104e-06
2.16976e-06
2.314e-06
2.47028e-06
2.50759e-06
1.06378e-05
6.52388e-06
3.27349e-06
2.19101e-06
3.46567e-06
3.24725e-06
1.97436e-06
3.37844e-06
1.06106e-06
1.18286e-06
2.93757e-06
1.0236e-06
1.19861e-06
2.5669e-06
2.23866e-06
2.30867e-06
2.17644e-06
2.20055e-06
6.52598e-06
3.37574e-06
1.89043e-06
2.17552e-06
2.00642e-06
2.43453e-06
3.19754e-06
4.41071e-06
2.48297e-06
3.58971e-06
2.68799e-06
4.60796e-06
2.70847e-06
2.35829e-06
3.43855e-06
1.77456e-06
1.35824e-06
1.32064e-06
3.76143e-06
3.52406e-06
3.81675e-06
1.77272e-06
1.45006e-06
1.069e-06
7.47889e-07
7.97844e-07
2.62737e-06
2.17779e-06
2.65562e-06
1.05721e-06
2.75936e-06
1.2004e-06
8.48992e-07
1.15014e-06
3.1279e-06
3.03543e-06
3.00955e-06
1.26495e-06
4.22096e-06
2.93649e-06
3.50075e-06
3.58506e-06
3.24833e-06
2.26823e-06
3.51467e-06
3.99652e-06
5.19287e-06
3.49846e-06
3.05676e-06
3.35255e-06
2.72835e-06
3.35037e-06
2.06365e-06
3.23795e-06
2.12888e-06
3.04372e-06
3.43935e-06
2.68188e-06
1.99631e-06
2.38747e-06
2.84458e-06
3.03623e-06
1.65189e-06
1.1762e-06
1.47665e-06
1.49365e-06
2.76792e-06
2.71413e-06
3.31204e-06
1.04741e-06
9.6807e-06
8.75941e-06
8.90103e-06
8.0183e-06
8.96743e-06
9.15411e-06
8.51717e-06
8.45658e-06
8.2894e-06
2.03708e-06
1.55854e-06
1.69712e-06
5.17191e-06
4.69078e-06
3.34526e-06
2.0966e-06
7.14383e-06
1.63245e-06
1.52651e-06
1.57355e-06
4.33861e-06
4.42677e-06
3.11271e-06
2.24143e-06
4.05801e-06
1.34056e-06
7.15797e-08
9.89235e-07
2.70225e-06
1.3289e-06
9.80789e-07
1.8367e-07
7.66777e-06
8.45661e-06
6.87765e-06
2.69943e-06
6.26687e-06
7.94139e-06
4.65748e-06
7.00349e-06
8.32357e-06
2.57312e-06
3.02821e-06
8.37695e-06
6.05636e-06
3.98852e-06
6.64654e-06
5.35547e-06
7.51378e-06
4.94109e-06
1.24968e-06
5.39435e-07
5.23495e-06
4.28964e-06
1.45708e-06
1.34324e-06
7.21777e-06
5.65941e-07
1.25493e-06
1.96409e-06
4.94583e-06
1.87318e-06
3.97457e-06
1.26079e-06
8.38215e-06
7.02025e-06
7.47486e-06
7.40545e-06
7.91395e-06
7.34773e-06
7.94066e-06
7.32798e-06
7.39879e-06
3.44644e-06
8.16538e-06
4.87798e-06
5.12319e-06
6.37125e-06
5.78009e-06
7.15326e-06
8.31901e-06
8.98257e-06
9.96108e-06
9.01407e-06
8.16712e-06
9.12888e-06
8.41982e-06
9.17911e-06
6.705e-06
3.24033e-06
7.04426e-06
2.49946e-06
3.92395e-06
4.3607e-06
4.20016e-06
4.72528e-06
6.21554e-06
7.07238e-06
5.78289e-06
4.85635e-06
6.5041e-06
6.72319e-06
5.20048e-06
5.93188e-06
7.51233e-06
5.62045e-06
8.26621e-06
7.93381e-06
7.62586e-06
6.15513e-06
8.01113e-06
7.24097e-06
7.2091e-06
6.10476e-06
5.40421e-06
7.10022e-06
6.65553e-06
6.07858e-06
6.62398e-06
5.56679e-06
7.94991e-06
8.36279e-06
6.05498e-06
8.37617e-06
7.70944e-06
7.69388e-06
7.60827e-06
7.54354e-06
2.8619e-06
2.2932e-06
3.57657e-06
3.27207e-06
4.5936e-06
3.47822e-06
3.41026e-06
4.18751e-06
1.52344e-06
7.29403e-07
9.78435e-07
1.1032e-06
1.77496e-06
1.6628e-06
1.73547e-06
9.08285e-07
4.17444e-06
1.09839e-06
1.22066e-06
1.12073e-06
2.72012e-06
2.54547e-06
2.6985e-06
1.05215e-06
2.05197e-06
1.3462e-06
1.18377e-06
1.34827e-06
2.7735e-06
2.73432e-06
2.83349e-06
1.17892e-06
3.48521e-06
3.73744e-06
4.33369e-06
2.22048e-06
3.55508e-06
3.56168e-06
2.04008e-06
3.75624e-06
3.22905e-06
2.2186e-06
2.1809e-06
3.77036e-06
2.23538e-06
1.88437e-06
2.70643e-06
2.1648e-06
1.75071e-06
2.93691e-06
2.33548e-06
2.64618e-06
2.28618e-06
1.99318e-06
2.62161e-06
2.38315e-06
2.05781e-06
1.10651e-06
1.0634e-06
1.02756e-06
2.30679e-06
2.55375e-06
2.23482e-06
1.21154e-06
1.19127e-06
1.98803e-06
2.61322e-06
2.89821e-06
1.20366e-06
1.52413e-06
1.83773e-06
2.59288e-06
3.65835e-06
5.5103e-06
4.83872e-06
5.90024e-06
5.24035e-06
3.37507e-06
5.0117e-06
7.19373e-06
3.12945e-06
2.44676e-06
3.67246e-06
6.41381e-06
3.67018e-06
3.81796e-06
3.71296e-06
3.83374e-06
4.22337e-06
9.94788e-06
7.35179e-06
6.31922e-06
4.12844e-06
7.473e-06
4.97309e-06
6.09557e-06
2.5643e-06
3.40881e-06
2.73163e-06
4.42753e-06
3.09719e-06
4.16858e-06
4.81855e-06
4.18101e-06
2.10575e-06
4.92693e-06
2.89728e-06
2.77306e-06
4.14048e-06
3.42184e-06
2.30575e-06
4.37708e-06
3.49899e-06
4.21249e-06
5.59976e-06
3.67374e-06
6.33664e-06
4.18001e-06
3.82045e-06
5.87138e-06
3.45238e-06
4.50986e-06
6.7194e-06
5.54391e-06
5.1451e-06
3.67278e-06
4.20929e-06
2.87698e-06
1.15336e-06
1.02906e-06
1.01542e-06
2.17422e-06
3.91036e-06
1.42835e-06
4.33622e-06
4.16128e-06
9.03092e-07
7.10057e-07
9.01968e-07
1.89298e-06
2.65601e-06
9.1321e-07
3.18077e-06
3.1086e-06
1.04345e-06
9.96935e-07
1.21092e-06
3.84067e-06
4.01879e-06
1.31955e-06
4.22718e-06
4.03039e-06
4.158e-06
3.02846e-06
5.30607e-06
5.8234e-06
5.96222e-06
3.95458e-06
5.05349e-06
4.41585e-06
3.27209e-06
3.88644e-06
5.56112e-06
3.88685e-06
3.613e-06
3.8182e-06
2.06253e-06
2.68004e-06
1.19621e-06
2.12042e-06
1.1451e-06
1.24611e-06
3.60233e-06
3.36031e-06
9.19009e-07
3.45812e-06
4.03783e-06
3.92248e-06
3.96225e-06
3.76806e-06
2.45319e-06
4.12157e-06
4.71863e-06
2.58367e-06
3.93511e-06
3.62327e-06
3.55015e-06
3.46576e-06
3.85517e-06
2.80821e-06
3.63639e-06
2.92113e-06
9.54401e-07
2.26473e-06
2.67461e-06
2.08686e-06
1.28147e-06
2.3007e-06
3.34791e-06
2.47404e-06
5.11209e-06
7.96537e-06
3.89341e-06
1.20779e-05
5.88134e-06
5.40839e-06
6.92858e-06
6.59259e-06
3.12271e-06
2.01083e-06
3.68469e-06
5.19072e-06
3.5864e-06
4.04659e-06
3.60716e-06
3.93324e-06
3.38075e-06
9.27146e-06
4.26034e-06
3.57811e-06
3.32795e-06
9.75934e-06
5.09226e-06
4.36837e-06
3.20587e-06
3.29239e-06
2.03713e-06
3.92637e-06
4.59239e-06
3.14811e-06
7.12932e-06
5.21835e-06
4.11567e-06
6.29426e-06
3.13662e-06
3.53465e-06
3.54028e-06
3.28577e-06
2.11468e-06
4.24218e-06
3.28241e-06
5.81223e-06
5.32319e-06
5.72839e-06
5.37458e-06
3.71424e-06
4.29785e-06
3.73397e-06
3.4837e-06
6.29135e-06
5.45869e-06
7.46195e-06
4.76201e-06
5.29568e-06
3.71935e-06
2.90157e-06
5.95114e-06
4.36979e-06
7.44507e-06
3.32276e-06
6.28933e-06
4.9046e-06
3.18157e-06
1.02896e-05
5.04666e-06
3.64114e-06
2.18611e-06
3.11725e-06
3.58303e-06
3.85813e-06
3.55586e-06
3.94181e-06
8.47798e-06
3.71817e-06
6.55518e-06
4.63608e-06
6.20299e-06
6.72897e-06
5.62849e-06
5.03098e-06
2.05117e-06
2.66509e-06
2.17917e-06
9.6765e-07
3.26735e-06
2.46979e-06
1.28755e-06
2.27882e-06
5.49688e-06
5.02219e-06
5.50898e-06
3.25955e-06
4.30483e-06
4.22583e-06
5.44638e-06
4.11082e-06
6.8112e-06
3.46642e-06
7.15447e-06
5.51716e-06
6.44102e-06
4.72771e-06
3.08328e-06
4.68724e-06
3.77611e-06
2.07334e-06
3.27235e-06
2.96847e-06
6.99941e-06
5.00919e-06
4.2947e-06
3.06476e-06
6.70531e-06
3.8568e-06
3.51216e-06
3.28173e-06
2.81936e-06
3.23168e-06
4.2181e-06
2.13066e-06
1.11794e-06
1.21368e-06
1.6883e-06
1.06252e-06
1.06824e-06
2.54795e-06
2.54499e-06
2.49404e-06
1.2257e-06
1.37711e-06
1.80157e-06
1.29255e-06
1.21495e-06
2.86603e-06
2.82088e-06
2.80539e-06
1.63692e-06
3.03128e-06
2.7725e-06
2.26457e-06
3.31548e-06
5.22654e-06
2.69432e-06
3.99923e-06
9.45877e-07
1.05623e-06
1.46508e-06
7.34685e-07
8.25951e-07
1.82281e-06
1.69863e-06
1.89146e-06
1.13134e-06
2.7123e-06
9.74413e-07
1.016e-06
2.6357e-06
2.38435e-06
1.14224e-06
2.27732e-06
2.70734e-06
2.3532e-06
3.63425e-06
3.55646e-06
2.60145e-06
2.40895e-06
1.72549e-06
2.03156e-06
4.12987e-06
2.18922e-06
2.21762e-06
2.92311e-06
1.83409e-06
2.23598e-06
1.71422e-06
1.95341e-06
6.57857e-06
3.40703e-06
2.23965e-06
6.58788e-06
3.37897e-06
4.29203e-06
4.64461e-06
2.11049e-06
9.96534e-06
5.58027e-06
9.73236e-06
1.25021e-05
7.66322e-06
5.55533e-06
7.88596e-06
7.72203e-06
2.97308e-06
1.12011e-06
2.48967e-06
2.81822e-06
1.90176e-06
1.15314e-06
2.35802e-06
1.5129e-06
1.02326e-05
3.04697e-06
2.67612e-06
3.78817e-06
6.38973e-06
3.02355e-06
3.82045e-06
2.97446e-06
4.6674e-06
3.21129e-06
5.27969e-06
3.23969e-06
3.89299e-06
3.65524e-06
3.97095e-06
3.67753e-06
4.11719e-06
6.47698e-06
4.16846e-06
3.65695e-06
4.45082e-06
3.65755e-06
2.64227e-06
4.89658e-06
3.50274e-06
3.34494e-06
2.08064e-06
4.10455e-06
5.17977e-06
3.71598e-06
5.46253e-06
3.87614e-06
8.49461e-06
6.75162e-06
3.63151e-06
4.21958e-06
2.88915e-06
4.06239e-06
4.56381e-06
4.70834e-06
8.20438e-06
3.49399e-06
3.37207e-06
2.66038e-06
3.39995e-06
3.04119e-06
3.17945e-06
4.37885e-06
3.02686e-06
3.07187e-06
2.22345e-06
6.70771e-06
6.1491e-06
5.53084e-06
6.11246e-06
6.2932e-06
3.34292e-06
3.4377e-06
2.69194e-06
7.50784e-06
7.93224e-06
5.04575e-06
8.07869e-06
7.85842e-06
1.8553e-06
2.58842e-06
1.27643e-06
6.29041e-06
6.97427e-06
4.50064e-06
6.83886e-06
6.66007e-06
1.35361e-05
1.31168e-05
1.23666e-05
8.07726e-06
1.67155e-05
1.31288e-05
1.59323e-05
1.31814e-05
6.89638e-06
6.55651e-06
7.01946e-06
7.77197e-06
6.91542e-06
6.73869e-06
6.92141e-06
6.89543e-06
4.84916e-06
7.37375e-06
4.26696e-06
4.09612e-06
6.69885e-06
7.98923e-06
3.08641e-06
7.69504e-06
6.46016e-06
7.0079e-06
7.92709e-06
7.56036e-06
6.88449e-06
6.9174e-06
7.60488e-06
7.75131e-06
6.63414e-06
6.41616e-06
7.04981e-06
8.09861e-06
7.16479e-06
6.71599e-06
7.77162e-06
6.94201e-06
2.4475e-06
2.3761e-06
1.92656e-06
9.5506e-06
6.60714e-06
3.42933e-06
6.62967e-06
7.43532e-06
2.16245e-06
1.22171e-06
2.13815e-06
8.37503e-06
5.93854e-06
2.04234e-06
6.23122e-06
7.2014e-06
2.01548e-06
2.51972e-06
2.00149e-06
9.32669e-06
7.22215e-06
4.30557e-06
7.38114e-06
8.44827e-06
1.12852e-05
8.61835e-06
1.23793e-05
9.09141e-06
6.65552e-06
1.39015e-05
1.57906e-05
1.58578e-05
6.21476e-06
6.51926e-06
9.58257e-06
9.75045e-06
6.2697e-06
6.3821e-06
8.69416e-06
8.39014e-06
3.43672e-06
8.02723e-06
3.92369e-06
3.67265e-06
7.44201e-06
6.30228e-06
2.59655e-06
6.57839e-06
6.54888e-06
9.47738e-06
9.62302e-06
9.36276e-06
8.40267e-06
8.47672e-06
9.42714e-06
9.6841e-06
7.90061e-06
8.78313e-06
8.40316e-06
8.05421e-06
7.04704e-06
8.4274e-06
6.96157e-06
8.6163e-06
3.24108e-06
2.73708e-06
3.15009e-06
3.20588e-06
3.30826e-06
2.63139e-06
3.72604e-06
2.86323e-06
2.2071e-06
7.17445e-07
1.19622e-06
9.35814e-07
1.51302e-06
1.48835e-06
2.1616e-06
9.0993e-07
2.24879e-06
1.49832e-06
1.51928e-06
1.14794e-06
3.23581e-06
3.51336e-06
3.33426e-06
1.61781e-06
1.8063e-06
9.22331e-07
9.50375e-07
7.40941e-07
2.4881e-06
1.96707e-06
2.38023e-06
1.00023e-06
1.9414e-06
3.48426e-06
3.0059e-06
2.30758e-06
2.37722e-06
3.73627e-06
3.33403e-06
3.16557e-06
1.61395e-06
1.72644e-06
2.8529e-06
3.70264e-06
1.90205e-06
2.24622e-06
1.97443e-06
2.66967e-06
3.94199e-06
3.25716e-06
2.17031e-06
2.76097e-06
1.96763e-06
3.21298e-06
2.6246e-06
2.30966e-06
3.0822e-06
1.31854e-06
1.00038e-06
1.37893e-06
2.8947e-06
2.79359e-06
2.81163e-06
1.13771e-06
1.99224e-06
2.44877e-06
1.75575e-06
9.83863e-06
6.87717e-06
2.94657e-06
6.73448e-06
7.61143e-06
3.11611e-06
2.32269e-06
2.50528e-06
1.19089e-05
8.03433e-06
3.28071e-06
9.72984e-06
8.87313e-06
1.62826e-06
2.24567e-06
1.35698e-06
7.24555e-06
6.62014e-06
3.58038e-06
6.77309e-06
8.42289e-06
8.25344e-06
1.09812e-05
4.36243e-06
1.26184e-05
5.80878e-06
8.25759e-06
1.74393e-05
2.30385e-05
8.82936e-06
6.35625e-06
1.17264e-05
1.5144e-05
8.65057e-06
7.93118e-06
1.02199e-05
1.00448e-05
3.16829e-06
1.18746e-05
3.36485e-06
3.10315e-06
7.84388e-06
9.5913e-06
3.07309e-06
8.85115e-06
7.46497e-06
1.11794e-05
1.55822e-05
6.8087e-06
9.71667e-06
1.01686e-05
1.09524e-05
1.3047e-05
7.21221e-06
1.02468e-05
1.12066e-05
8.74965e-06
8.27864e-06
1.06381e-05
8.7002e-06
1.05507e-05
3.98138e-07
3.09618e-07
2.46393e-06
5.20138e-07
4.70324e-07
5.55102e-07
1.17903e-06
8.63251e-07
3.18494e-07
2.84055e-07
1.03756e-06
3.3061e-07
4.17003e-07
3.71217e-07
9.7465e-07
8.25412e-07
2.24668e-06
1.30719e-06
2.98593e-06
1.79381e-06
2.60512e-06
1.71564e-06
2.62677e-06
2.16915e-06
5.64039e-07
5.02136e-07
1.68125e-06
1.15355e-06
8.37856e-07
1.58295e-06
2.38759e-06
2.2566e-06
4.32638e-07
1.1043e-06
5.72119e-07
5.80415e-07
1.08524e-06
1.38176e-06
5.11666e-07
1.27588e-06
4.53845e-07
9.42521e-07
1.22183e-06
1.98931e-06
9.30894e-07
9.08751e-07
1.64086e-06
1.42035e-06
2.12153e-06
1.35371e-06
1.53929e-06
2.60603e-06
2.92254e-06
1.41201e-06
1.21046e-06
1.90466e-06
1.67751e-06
1.41447e-06
1.63589e-06
1.62628e-06
1.14331e-06
1.21134e-06
1.87376e-06
1.04365e-06
3.36811e-07
3.37742e-07
6.30623e-07
2.87184e-06
6.09613e-07
4.02092e-07
1.26163e-06
1.17702e-06
3.42251e-07
3.40337e-07
4.92258e-07
1.45049e-06
5.2915e-07
3.61374e-07
7.10302e-07
1.155e-06
7.87496e-07
7.50481e-07
1.18668e-06
2.48227e-06
2.12596e-06
7.34102e-07
1.92586e-06
2.69241e-06
4.24002e-06
1.96165e-06
2.28263e-06
5.4965e-06
2.37781e-06
1.83378e-06
2.99412e-06
3.06611e-06
5.21842e-07
1.65213e-06
1.60598e-06
2.11345e-06
6.58284e-07
1.67481e-06
1.24361e-06
1.12369e-06
3.93662e-07
1.38791e-06
6.22889e-07
5.64993e-07
1.11162e-06
1.83501e-06
4.38735e-07
1.60234e-06
1.46845e-06
2.1961e-06
1.39745e-06
1.7306e-06
2.75222e-06
2.51082e-06
2.44696e-06
2.12361e-06
1.58715e-06
2.59932e-06
1.28631e-06
1.83931e-06
2.2131e-06
1.33538e-06
9.95458e-07
1.30349e-06
3.12552e-07
1.56069e-06
4.63611e-07
5.91549e-07
9.52468e-07
1.03765e-06
7.06035e-07
9.04049e-07
1.83862e-06
1.90004e-06
1.90467e-06
2.35101e-06
2.31979e-06
1.37119e-06
2.12849e-06
2.24234e-06
4.34496e-07
7.99493e-07
4.7483e-07
7.10588e-07
4.28015e-07
3.78613e-07
6.89172e-07
6.90754e-07
7.24277e-07
2.17726e-06
7.64954e-07
9.4227e-07
2.00678e-06
1.66713e-06
9.57505e-07
2.22427e-06
1.87211e-06
5.52961e-07
1.54613e-06
1.16989e-06
1.82967e-06
1.27683e-06
1.94835e-06
2.97016e-06
1.16235e-06
1.24171e-06
1.50778e-06
6.03332e-07
1.02889e-06
1.23048e-06
1.56493e-06
1.26389e-06
6.22642e-07
7.89993e-07
1.37764e-06
8.14764e-07
5.50461e-07
1.48353e-06
1.15038e-06
1.53894e-06
8.68893e-07
1.73372e-06
1.12329e-06
2.57348e-06
1.35568e-06
1.47659e-06
1.75695e-06
1.70311e-06
4.04602e-08
3.67194e-08
6.25715e-08
1.33909e-05
3.39148e-07
5.64022e-08
1.66992e-06
2.38238e-07
2.05266e-08
7.48492e-09
9.70029e-09
2.95293e-06
4.19653e-08
1.06667e-08
3.37479e-07
4.66085e-08
3.24672e-08
1.60799e-08
1.60409e-08
4.73414e-06
2.93968e-07
1.02823e-08
1.31213e-06
1.27797e-07
3.44261e-05
2.73416e-05
2.79446e-05
4.92883e-05
3.53237e-05
3.00302e-05
3.8728e-05
3.19872e-05
1.49111e-07
7.6318e-07
2.18299e-05
1.32462e-05
1.50529e-06
1.78569e-06
8.0681e-06
1.21937e-05
3.22352e-08
5.2779e-06
1.59363e-08
6.53039e-08
1.84883e-07
3.27434e-07
3.64198e-08
8.37946e-08
3.96468e-06
2.62982e-05
1.74228e-05
1.82495e-05
1.29414e-05
1.94634e-05
1.24812e-05
2.18208e-05
2.34205e-07
1.10798e-05
8.27891e-06
6.24805e-08
1.05039e-06
7.42234e-06
6.71273e-07
3.93501e-06
1.30697e-08
1.02559e-08
8.90394e-08
1.57992e-05
4.52708e-07
1.58561e-08
4.40331e-06
8.19103e-07
7.0708e-09
1.42948e-09
9.48386e-09
1.42695e-05
2.55855e-07
7.30658e-09
2.68415e-06
6.14642e-08
2.0811e-07
2.2513e-08
1.44681e-07
4.8794e-05
6.46527e-06
1.48279e-07
1.84252e-05
2.42572e-06
6.91569e-05
7.5996e-05
8.22683e-05
9.7741e-05
8.30277e-05
7.92374e-05
8.38401e-05
8.71564e-05
3.08478e-07
1.97219e-06
3.26488e-05
3.75407e-05
4.74371e-06
6.6547e-06
2.16652e-05
2.51305e-05
9.68105e-09
2.40043e-05
4.83852e-08
4.84302e-08
4.47616e-07
6.1714e-06
4.22496e-08
1.53006e-06
9.23682e-06
4.76128e-05
5.63181e-05
6.44324e-05
3.58434e-05
4.01294e-05
5.88435e-05
6.31345e-05
2.1037e-06
5.80963e-05
4.27926e-05
5.10504e-07
1.62809e-05
4.30438e-05
1.14056e-05
3.60757e-05
7.49504e-05
6.43607e-05
5.5045e-05
4.86124e-05
5.44116e-05
6.51597e-05
5.92535e-05
5.72675e-05
3.08621e-05
4.697e-08
3.8512e-08
6.98239e-08
9.67701e-06
4.70475e-07
1.64761e-06
8.95278e-08
9.02462e-06
2.16539e-08
9.48882e-09
1.39557e-08
1.38484e-06
6.1834e-08
3.19869e-07
1.68261e-08
1.36683e-05
6.16705e-08
1.84772e-08
1.82521e-08
4.31181e-06
2.79749e-07
4.35131e-07
3.50193e-08
5.11274e-05
3.73695e-05
3.36113e-05
6.17784e-06
3.7856e-05
4.26592e-05
2.31555e-05
2.77944e-05
4.30843e-05
4.01911e-07
1.69244e-07
2.78333e-05
2.43153e-05
4.00763e-06
1.70982e-05
4.03324e-06
1.86782e-05
2.09299e-05
8.35717e-07
1.93849e-07
6.24631e-06
1.21462e-05
1.03458e-06
1.16937e-06
1.43688e-05
1.85544e-08
6.08843e-08
4.37485e-08
1.38657e-06
9.77759e-08
8.787e-07
3.63564e-08
1.24651e-06
7.47001e-07
8.41968e-07
2.3566e-06
2.73637e-06
7.81215e-07
1.65513e-06
1.93476e-06
6.19184e-07
3.05701e-07
3.38329e-07
1.02333e-06
1.04272e-06
4.29236e-07
4.76599e-07
3.79743e-07
6.4335e-07
3.62592e-07
3.36535e-07
1.26126e-06
1.15216e-06
3.80074e-07
1.43189e-06
6.5379e-07
2.40745e-06
2.50973e-06
2.67049e-06
3.83006e-06
3.19912e-06
1.98084e-06
2.57881e-06
2.47127e-06
1.92242e-06
1.63067e-06
2.6972e-06
1.87726e-06
8.34867e-07
1.56903e-06
1.46304e-06
9.68148e-07
5.83168e-07
8.63488e-07
4.18186e-07
5.619e-07
1.45343e-06
1.31279e-06
4.87099e-07
1.14671e-06
1.47142e-06
1.69024e-06
1.60206e-06
2.05147e-06
1.67982e-06
1.92942e-06
2.25204e-06
1.87644e-06
1.76282e-06
1.80847e-06
2.0544e-06
4.43017e-07
1.35285e-06
8.67018e-07
5.66767e-07
9.57611e-07
5.65343e-06
3.41613e-06
4.45593e-06
3.64067e-06
6.61741e-06
4.47991e-06
4.90525e-06
4.73112e-06
2.44334e-06
5.80177e-07
8.30397e-07
6.76767e-07
1.70262e-06
1.25824e-06
1.59399e-06
7.08326e-07
2.41913e-06
9.88416e-07
9.47145e-07
9.68732e-07
3.11123e-06
2.99777e-06
3.06231e-06
9.56833e-07
2.80704e-06
6.60364e-07
8.29862e-07
6.03905e-07
1.79342e-06
1.4788e-06
1.26547e-06
6.97958e-07
3.78622e-06
5.89161e-06
3.51915e-06
1.82168e-06
3.44508e-06
3.83272e-06
2.40069e-06
3.20837e-06
2.82348e-06
1.57035e-06
2.59553e-06
4.25811e-06
2.61282e-06
2.79048e-06
3.16906e-06
2.39701e-06
4.35244e-06
3.25362e-06
1.54182e-06
2.63185e-06
2.51298e-06
2.36235e-06
2.70711e-06
2.49449e-06
2.49406e-06
8.90994e-07
7.06727e-07
8.99918e-07
2.81617e-06
2.60029e-06
2.60887e-06
8.3921e-07
2.66655e-06
1.01421e-06
1.48722e-06
5.75524e-06
3.51729e-06
2.22905e-06
3.59453e-06
2.45655e-06
1.03231e-07
2.50459e-08
1.46826e-08
7.58287e-06
2.97873e-07
1.29623e-08
2.45483e-06
1.21048e-07
3.60339e-07
1.25018e-08
4.98768e-09
2.58772e-06
3.16781e-07
1.47491e-08
3.4907e-07
4.82233e-08
7.83813e-06
1.02099e-05
6.70512e-06
9.07902e-06
8.43094e-06
7.46733e-06
8.52407e-06
8.01336e-06
1.26522e-06
1.60689e-06
6.57126e-06
7.24852e-06
1.26194e-06
2.19106e-06
5.7579e-06
4.74323e-06
2.58616e-07
6.32967e-06
4.488e-08
3.47963e-07
2.92491e-07
1.54631e-06
1.79392e-07
1.30478e-07
1.58821e-06
6.78928e-06
7.45571e-06
4.69587e-06
3.71601e-06
5.82388e-06
4.56278e-06
5.94609e-06
5.35289e-07
4.02363e-06
7.31473e-06
3.48813e-08
5.06179e-07
3.54667e-06
2.91e-07
5.61587e-06
1.09249e-05
4.07297e-06
5.16438e-06
2.79409e-06
4.98387e-06
2.96766e-06
4.18704e-06
5.05138e-06
1.86582e-06
4.64848e-07
4.96609e-07
8.81583e-07
1.69359e-06
1.06431e-06
2.0402e-06
7.31281e-07
1.91178e-06
5.11591e-07
5.04179e-07
7.25653e-07
1.24404e-06
8.76885e-07
2.07068e-06
6.62953e-07
1.67018e-06
1.02457e-06
8.39069e-07
9.62465e-07
3.12531e-06
2.86185e-06
3.18585e-06
1.05088e-06
3.07962e-06
3.76351e-06
2.41888e-06
2.66851e-06
3.22786e-06
4.22248e-06
2.79646e-06
2.89522e-06
1.64728e-06
2.47201e-06
9.88826e-07
2.17021e-06
2.54947e-06
2.92998e-06
2.49386e-06
1.40827e-06
4.34466e-06
5.72996e-06
2.55781e-06
2.62241e-06
2.10045e-06
2.14934e-06
2.28611e-06
2.87352e-06
2.66019e-06
8.95898e-07
8.89048e-07
6.89949e-07
2.38514e-06
2.46602e-06
2.01767e-06
7.50872e-07
5.59073e-08
1.21445e-06
1.21186e-07
1.54933e-05
2.30863e-06
7.28379e-07
2.49622e-06
7.21577e-07
2.02505e-06
2.40983e-06
1.70455e-06
6.22084e-06
3.93918e-06
3.85759e-06
4.11211e-06
4.04584e-06
9.52058e-08
5.37171e-07
6.84475e-08
6.0318e-06
9.56919e-07
4.60741e-07
4.05062e-06
1.88894e-06
1.02407e-05
7.53163e-06
8.66278e-06
8.35158e-06
7.78169e-06
7.39748e-06
7.86695e-06
7.98647e-06
1.88669e-06
6.60016e-07
8.74874e-06
6.1921e-06
1.96919e-06
1.36221e-06
6.05026e-06
5.7196e-06
1.44308e-06
5.9359e-06
9.62054e-07
2.31174e-07
1.44312e-06
3.52091e-06
6.17218e-07
1.99607e-06
1.01305e-06
8.02392e-06
6.57269e-06
6.38073e-06
6.15042e-06
6.27562e-06
6.34442e-06
6.70988e-06
4.29949e-07
5.62477e-06
6.8154e-06
1.1982e-06
8.36939e-07
5.36991e-06
1.89297e-06
5.93325e-06
2.7117e-06
1.97525e-05
7.10914e-07
3.11137e-06
1.83042e-05
1.75726e-05
1.99113e-06
5.68838e-06
1.86535e-05
1.42858e-05
1.2868e-05
1.22471e-05
1.36438e-05
1.35643e-05
1.34341e-05
1.35075e-05
1.55546e-06
9.84959e-06
2.70366e-06
2.20019e-06
7.02009e-06
7.97443e-06
2.25247e-06
4.30388e-06
2.92225e-06
1.08798e-05
1.96006e-06
2.24313e-06
5.63099e-06
7.59574e-06
2.78962e-06
7.43032e-06
1.61554e-05
2.26035e-06
5.01397e-06
9.29192e-06
1.42985e-05
4.52195e-06
8.39009e-06
5.8595e-06
2.00996e-05
1.10811e-05
1.21716e-05
5.45028e-06
1.7128e-05
1.35833e-05
1.52698e-05
1.35695e-05
2.30103e-06
2.87641e-06
8.85272e-06
2.30504e-06
2.95379e-06
5.41652e-06
5.72656e-06
6.67498e-06
5.40697e-06
6.50727e-06
1.09274e-05
1.13723e-05
7.64214e-06
6.88741e-06
1.11816e-05
1.00467e-05
1.1013e-05
7.86046e-06
4.85001e-06
5.88118e-06
6.87078e-06
8.29617e-06
8.49007e-06
4.79411e-06
8.06691e-06
3.52119e-06
3.26571e-06
5.95063e-06
5.0464e-06
4.69235e-06
4.90409e-06
4.04737e-06
2.71384e-06
2.47936e-06
1.24596e-06
2.63639e-06
1.92839e-06
1.61488e-06
1.89702e-06
1.43904e-06
3.05064e-06
3.35265e-06
2.82896e-06
3.25277e-06
2.53359e-06
4.18453e-06
2.93752e-06
2.83576e-06
4.51597e-06
3.64633e-06
2.72061e-06
3.94873e-06
7.32415e-06
5.96464e-06
5.68279e-06
7.90186e-06
6.58565e-06
4.98049e-06
4.72475e-06
3.69034e-06
5.53234e-06
6.52873e-06
4.48072e-06
5.31325e-06
4.43299e-06
8.07632e-06
4.67324e-06
2.68317e-06
2.95383e-06
2.9793e-06
2.38984e-06
2.60718e-06
2.39785e-06
2.70374e-06
3.77686e-06
3.13903e-06
3.82228e-06
3.5643e-06
7.18456e-06
3.72045e-06
1.44354e-05
1.85422e-05
1.32406e-05
1.25385e-05
1.36669e-05
1.38594e-05
1.29184e-05
1.30006e-05
2.21086e-05
5.34162e-06
9.82896e-06
4.55136e-06
1.6352e-05
1.95498e-05
7.61722e-06
9.85953e-06
1.33834e-05
8.77899e-06
1.25511e-05
1.05698e-05
1.01288e-05
1.03553e-05
1.10918e-05
1.1387e-05
1.16985e-05
5.33502e-06
8.33403e-06
4.37759e-06
6.76604e-06
6.94239e-06
7.26868e-06
7.05776e-06
1.7385e-05
1.11499e-05
9.93288e-06
5.93808e-06
9.84094e-06
1.07537e-05
8.88448e-06
1.03867e-05
1.89329e-05
5.94265e-06
8.08882e-06
1.13634e-05
1.06532e-05
7.1876e-06
1.08727e-05
7.99555e-06
1.30452e-05
1.222e-05
6.03313e-06
9.32198e-06
1.27354e-05
1.21605e-05
8.44132e-06
7.44578e-06
1.29964e-05
9.74198e-06
5.96927e-06
7.95274e-06
9.313e-06
8.84275e-06
7.81483e-06
7.04738e-06
9.51555e-09
7.2195e-09
1.05349e-07
4.99441e-06
5.23434e-08
1.70788e-08
7.56409e-07
1.25478e-07
2.42795e-08
1.41761e-08
9.21871e-07
1.87884e-05
1.25691e-06
1.47273e-07
1.10201e-05
5.83256e-06
8.19677e-07
5.73304e-07
1.96892e-06
5.19773e-06
2.03626e-06
7.52927e-07
3.67301e-06
3.47328e-06
9.08126e-06
2.81497e-05
7.13901e-06
8.56006e-06
1.15969e-05
1.18415e-05
8.28582e-06
8.18082e-06
1.49965e-07
3.31522e-07
6.33063e-06
1.38196e-05
2.61533e-06
1.59277e-06
1.03389e-05
6.06479e-06
2.94253e-08
1.5501e-05
6.92558e-07
2.49884e-07
7.78437e-07
1.01565e-05
3.1658e-07
6.68941e-06
1.45123e-06
6.50849e-06
1.4729e-05
6.26388e-06
4.8456e-06
6.09748e-06
6.54065e-06
8.38539e-06
1.66855e-06
6.10864e-06
1.3854e-05
1.62857e-06
2.89554e-06
5.66256e-06
7.37127e-06
1.3287e-05
8.63572e-07
1.71402e-06
9.01629e-07
8.31761e-07
3.04236e-06
3.21056e-06
1.10673e-06
2.89965e-06
3.60265e-06
1.06798e-05
5.43711e-06
5.43032e-06
7.70883e-06
5.3338e-06
5.06119e-06
4.12688e-06
7.51755e-07
2.10298e-06
5.03819e-07
4.97085e-07
2.01636e-06
1.40476e-06
7.00243e-07
9.98402e-07
7.10415e-07
1.91494e-06
5.09011e-07
5.59046e-07
2.02426e-06
1.32167e-06
6.56149e-07
9.72384e-07
7.63141e-06
2.59039e-06
2.52195e-06
4.20496e-06
2.38457e-06
2.96515e-06
2.27865e-06
2.81734e-06
3.49864e-06
3.13823e-06
2.97517e-06
2.79672e-06
5.92487e-06
6.48592e-06
2.66438e-06
4.43036e-06
8.9823e-07
9.22133e-07
2.20197e-06
6.92518e-07
7.60655e-07
2.4752e-06
2.02127e-06
2.25589e-06
2.50335e-06
1.00772e-06
2.17492e-06
2.28937e-06
2.43162e-06
1.41984e-06
2.25398e-06
2.23201e-06
1.50977e-05
1.35611e-05
1.57652e-05
1.57382e-05
1.53165e-05
1.54877e-05
1.66985e-05
1.58454e-05
7.46009e-06
1.11513e-06
4.77579e-07
8.66427e-07
1.99882e-06
1.52274e-06
9.78908e-07
5.18772e-07
9.05958e-06
1.23495e-06
8.43968e-07
1.5184e-06
2.79187e-06
2.28583e-06
1.45434e-06
1.03472e-06
1.17273e-05
2.38209e-06
2.38517e-06
3.34159e-06
4.51932e-06
4.02433e-06
3.24489e-06
2.3601e-06
1.24364e-05
1.24183e-05
1.32761e-05
3.46668e-06
1.06536e-05
1.27618e-05
1.03768e-05
1.27402e-05
1.15969e-05
2.8112e-06
2.02424e-06
1.1672e-05
9.53134e-06
2.88441e-06
9.0461e-06
2.63637e-06
1.05463e-05
1.21365e-05
2.52558e-06
2.30524e-06
9.66434e-06
1.05756e-05
3.66824e-06
4.02949e-06
9.33016e-06
1.77915e-06
1.868e-06
1.34236e-06
3.16502e-06
3.14237e-06
1.81532e-06
1.67986e-06
2.86023e-06
4.3001e-06
2.8939e-06
8.41906e-06
8.99046e-06
4.67979e-06
1.1403e-05
1.08597e-05
3.53701e-06
1.67052e-06
2.7574e-06
6.76868e-06
8.14395e-06
2.44736e-06
7.72301e-06
4.37165e-06
2.38721e-06
2.77399e-06
2.23049e-06
7.68981e-06
6.97935e-06
3.37767e-06
6.46312e-06
6.43056e-06
1.33531e-05
1.12154e-05
1.4272e-05
2.197e-05
1.16916e-05
1.1056e-05
1.52627e-05
1.50118e-05
9.28321e-06
7.93245e-06
8.07916e-06
7.26544e-06
9.50943e-06
1.06718e-05
7.68634e-06
7.93516e-06
3.64875e-06
7.09547e-06
2.72675e-06
3.6368e-06
7.23716e-06
8.96188e-06
3.46308e-06
5.83483e-06
8.56466e-06
8.34222e-06
8.32174e-06
8.35663e-06
7.93408e-06
8.30499e-06
7.85771e-06
8.37763e-06
5.89986e-06
8.2097e-06
8.29281e-06
6.11642e-06
8.02873e-06
7.76171e-06
7.97585e-06
7.65939e-06
3.18036e-08
4.13182e-09
1.58647e-07
4.83224e-06
5.73959e-08
1.06528e-08
5.68762e-07
1.15272e-07
1.02288e-08
3.69396e-08
2.32601e-07
7.3069e-06
4.59829e-08
7.26445e-08
5.33649e-07
2.88462e-07
1.17187e-06
6.73985e-07
2.74485e-06
6.63976e-06
2.16509e-06
1.4113e-06
3.99008e-06
3.50015e-06
9.44409e-06
8.58633e-06
8.82003e-06
1.00062e-05
1.00128e-05
8.9382e-06
9.89573e-06
9.48949e-06
3.98883e-08
2.8297e-07
5.92144e-06
5.70181e-06
6.95416e-07
6.98559e-07
3.55508e-06
4.48284e-06
1.6212e-08
5.21948e-06
1.62177e-07
1.42739e-07
9.3274e-08
5.57247e-07
1.99895e-08
2.87244e-07
1.56815e-06
6.96144e-06
6.7203e-06
8.22791e-06
5.73015e-06
6.35824e-06
7.20783e-06
7.47209e-06
1.22777e-06
7.56502e-06
6.21813e-06
1.98321e-06
2.05786e-06
4.90938e-06
1.68377e-06
3.86126e-06
9.62984e-06
4.16285e-06
5.55194e-06
3.38556e-06
4.80872e-06
3.25851e-06
4.20517e-06
5.50086e-06
2.05569e-06
4.75463e-07
4.98378e-07
8.57201e-07
1.59781e-06
1.03606e-06
2.03165e-06
7.15308e-07
1.97474e-06
5.13898e-07
4.98735e-07
7.3436e-07
1.26494e-06
8.91976e-07
2.09445e-06
6.57807e-07
1.85969e-06
1.0227e-06
8.17624e-07
9.71081e-07
3.12503e-06
2.86028e-06
3.11184e-06
1.0632e-06
3.04238e-06
3.95169e-06
2.69997e-06
2.71609e-06
3.51152e-06
4.7431e-06
2.87614e-06
3.34299e-06
1.93783e-06
2.50067e-06
1.01496e-06
2.2574e-06
2.33389e-06
2.69225e-06
2.36579e-06
1.39144e-06
4.56791e-06
5.99758e-06
2.56426e-06
2.60768e-06
2.17656e-06
2.15984e-06
2.39943e-06
2.92625e-06
2.58823e-06
9.11462e-07
8.90814e-07
6.85528e-07
2.34709e-06
2.47964e-06
2.0206e-06
7.54297e-07
1.27739e-08
4.15583e-08
1.86443e-07
7.16837e-06
4.96884e-08
1.08504e-07
4.89101e-07
1.37176e-07
2.20297e-07
5.11319e-07
2.45282e-07
3.48339e-06
4.71793e-07
3.80447e-07
1.02732e-06
9.89542e-07
1.20363e-06
4.71872e-07
2.89421e-06
5.70999e-06
2.47257e-06
1.61891e-06
3.73905e-06
3.61391e-06
8.03457e-06
6.91015e-06
7.77123e-06
9.06678e-06
8.4504e-06
7.98518e-06
8.57435e-06
8.06942e-06
6.87718e-08
5.19374e-07
7.49156e-06
6.17122e-06
9.43117e-07
9.6107e-07
4.72809e-06
6.01544e-06
4.07739e-08
5.06229e-06
2.69903e-07
2.01566e-07
1.51672e-07
1.26254e-06
1.55055e-07
3.10398e-07
1.43688e-06
7.18651e-06
5.78323e-06
7.17083e-06
5.74583e-06
6.63853e-06
7.10633e-06
7.41742e-06
1.11675e-06
6.57273e-06
4.82889e-06
2.07237e-06
2.49412e-06
5.29893e-06
6.52035e-07
2.56456e-06
1.1492e-06
2.63803e-06
1.03484e-06
9.064e-07
3.16853e-06
3.16481e-06
1.03741e-06
2.88041e-06
7.03919e-06
1.30487e-05
5.05469e-06
5.78699e-06
5.74956e-06
5.21131e-06
5.24132e-06
4.21447e-06
8.70937e-07
2.21703e-06
4.67353e-07
5.12267e-07
2.0459e-06
1.699e-06
7.18438e-07
1.17491e-06
7.5788e-07
1.88298e-06
4.98724e-07
5.42517e-07
2.05146e-06
1.29337e-06
6.72666e-07
9.57004e-07
5.188e-06
2.62778e-06
2.61747e-06
4.56011e-06
2.32544e-06
2.9395e-06
2.52666e-06
2.74073e-06
3.26897e-06
3.19473e-06
3.6767e-06
2.60104e-06
4.32352e-06
7.10068e-06
3.83692e-06
5.73661e-06
9.02507e-07
9.07904e-07
2.16011e-06
6.9355e-07
7.48788e-07
2.49457e-06
2.01174e-06
2.33422e-06
2.55169e-06
1.01672e-06
2.21483e-06
2.27905e-06
2.76836e-06
1.39237e-06
2.61202e-06
2.27673e-06
3.38423e-06
5.99833e-06
1.83856e-06
2.53518e-06
6.46819e-06
4.29324e-06
2.90558e-06
3.24804e-06
7.30959e-06
7.99886e-06
4.37392e-06
4.72644e-06
8.24372e-06
4.61517e-06
4.85369e-06
7.46068e-06
1.82509e-06
1.88065e-06
3.25411e-06
2.78032e-06
3.74273e-06
1.66274e-06
2.78394e-06
2.88965e-06
1.76216e-06
2.39544e-06
2.5584e-06
1.00219e-06
1.5229e-06
1.74275e-06
1.21802e-06
1.59905e-06
7.00103e-06
3.95262e-06
6.04143e-06
3.99627e-06
5.09167e-06
5.51552e-06
3.66011e-06
3.9175e-06
4.35422e-06
3.77176e-06
3.62683e-06
3.1057e-06
8.69256e-06
5.31998e-06
3.86362e-06
5.70768e-06
2.4238e-06
2.36974e-06
2.37139e-06
2.6016e-06
2.63942e-06
6.71243e-06
3.22375e-06
3.45284e-06
3.05032e-06
2.62963e-06
4.9449e-06
5.07312e-06
2.33166e-06
2.08555e-06
2.61015e-06
2.58908e-06
1.33989e-05
1.2697e-05
1.2618e-05
1.25881e-05
1.30599e-05
1.2995e-05
1.23527e-05
1.20277e-05
1.09683e-05
5.56126e-06
1.07861e-05
8.41681e-06
9.49803e-06
9.0019e-06
8.53799e-06
8.03317e-06
1.08673e-05
1.00207e-05
1.04725e-05
9.05303e-06
1.04526e-05
1.04109e-05
9.83938e-06
9.63619e-06
1.24579e-05
7.16677e-06
9.03314e-06
7.799e-06
1.09412e-05
9.70952e-06
1.10522e-05
9.9028e-06
1.20782e-05
1.24212e-05
1.19025e-05
1.03556e-05
1.09763e-05
1.13487e-05
1.12642e-05
1.14631e-05
1.19148e-05
9.42075e-06
1.10695e-05
1.22974e-05
1.05538e-05
9.34256e-06
1.1637e-05
1.11205e-05
1.10241e-05
1.14203e-05
1.02769e-05
8.78759e-06
1.02286e-05
1.10472e-05
9.17479e-06
1.01937e-05
1.06401e-05
8.50481e-06
9.42061e-06
9.02653e-06
9.91658e-06
9.02141e-06
9.61667e-06
8.33694e-06
5.95079e-07
2.52978e-06
6.85459e-07
8.06614e-07
1.19298e-06
1.89216e-06
7.37933e-07
1.5645e-06
3.81164e-06
6.0246e-06
3.49691e-06
4.98779e-06
3.99149e-06
6.56169e-06
5.61545e-06
5.40989e-06
6.86556e-07
2.59751e-06
5.86279e-07
8.14368e-07
1.59674e-06
1.80686e-06
7.34771e-07
1.35886e-06
9.80189e-07
2.52972e-06
9.67225e-07
1.13975e-06
3.06581e-06
3.05152e-06
1.01538e-06
3.02539e-06
2.51614e-06
1.52918e-06
2.64784e-06
3.34108e-06
2.72208e-06
2.91401e-06
2.93647e-06
2.5647e-06
3.9668e-06
4.33827e-06
4.09321e-06
2.02032e-06
2.9348e-06
5.77945e-06
2.47154e-06
3.06483e-06
7.29567e-07
9.32294e-07
3.81032e-06
9.26495e-07
8.15761e-07
2.67126e-06
2.67356e-06
2.87447e-06
1.54232e-06
2.67271e-06
3.68911e-06
3.10137e-06
2.93267e-06
2.35583e-06
2.96163e-06
3.51633e-06
3.06621e-06
2.9897e-06
3.89033e-06
3.99885e-06
4.29011e-06
3.99917e-06
3.93313e-06
4.05859e-06
2.29139e-06
1.02766e-06
1.92403e-06
2.58644e-06
1.52488e-06
1.12654e-06
2.30696e-06
2.00948e-06
1.86835e-06
5.35812e-06
6.74504e-06
1.63574e-06
6.94726e-06
5.24281e-06
3.27823e-06
5.85694e-06
4.93824e-06
3.00988e-06
2.23864e-06
2.36195e-06
3.40238e-06
3.51074e-06
3.02704e-06
3.93373e-06
2.79744e-06
5.80797e-06
5.96928e-06
3.17485e-06
2.77682e-06
2.85402e-06
4.51758e-06
6.20507e-06
2.19941e-06
3.1291e-06
4.78855e-06
2.73269e-06
4.28821e-06
3.89756e-06
4.44165e-06
8.82723e-06
1.82836e-06
7.16815e-06
3.41614e-06
1.51703e-06
1.71113e-06
5.21337e-06
2.09075e-06
4.62525e-06
1.89744e-06
1.61935e-06
3.45577e-06
4.86856e-06
3.6994e-06
1.69997e-06
4.38927e-06
2.082e-06
1.0447e-06
1.36828e-05
2.65544e-06
1.91486e-06
3.6183e-06
6.02911e-06
2.14744e-06
3.23261e-06
6.36938e-06
7.99224e-06
7.4818e-06
8.58405e-06
7.73874e-06
7.62121e-06
7.74044e-06
8.02221e-06
2.80013e-06
6.56756e-06
2.7475e-06
3.01278e-06
4.77211e-06
5.22338e-06
4.02562e-06
5.5128e-06
1.12821e-07
1.05888e-05
6.19841e-07
7.59978e-09
2.1671e-07
1.93944e-06
3.17037e-08
6.02934e-07
5.71965e-06
3.92333e-06
2.43005e-06
7.42292e-06
5.18741e-06
3.85578e-06
5.45479e-06
3.20765e-06
5.92654e-06
7.76923e-06
6.96991e-06
4.28855e-06
5.83928e-06
7.10109e-06
5.45199e-06
7.01925e-06
2.76134e-06
1.62819e-06
6.91047e-06
2.59774e-06
2.32626e-06
2.94885e-06
3.33232e-06
3.43184e-06
4.26424e-06
4.36607e-06
7.80962e-06
7.45819e-06
4.8008e-06
4.40069e-06
6.78139e-06
6.74553e-06
9.29512e-06
8.32259e-06
8.97292e-06
8.71935e-06
9.17829e-06
9.00468e-06
9.14173e-06
8.46189e-06
3.80028e-06
1.68904e-07
2.33868e-07
1.00823e-06
1.21861e-06
6.12225e-07
1.15309e-06
5.30362e-07
5.67029e-06
3.01453e-08
8.4294e-08
1.12667e-06
1.69495e-06
1.70805e-07
5.64992e-07
7.67789e-08
7.40432e-06
2.47529e-06
2.81498e-06
3.04426e-06
5.02064e-06
3.79082e-06
4.74025e-06
3.20056e-06
6.5992e-06
7.55008e-06
8.13437e-06
2.85611e-06
6.25621e-06
7.39527e-06
5.88612e-06
7.28837e-06
5.09862e-06
1.96317e-06
6.88746e-07
6.43527e-06
4.48581e-06
1.95865e-06
3.9858e-06
1.4485e-06
7.36623e-06
8.05044e-06
2.65199e-06
3.61728e-06
6.20705e-06
6.40065e-06
3.63109e-06
3.75124e-06
5.69678e-06
2.16924e-06
1.67687e-06
4.96437e-07
2.62067e-06
2.6057e-06
1.44484e-06
1.25665e-06
5.92651e-07
1.28488e-06
4.131e-07
2.08222e-05
7.42788e-06
1.55432e-06
9.80789e-06
7.41747e-06
7.75787e-07
2.151e-06
1.43265e-06
5.25158e-06
3.66598e-06
2.61942e-06
3.50542e-06
2.75297e-06
2.2284e-07
1.13211e-06
8.15412e-07
6.47724e-06
1.46929e-06
8.09096e-07
1.52492e-06
1.38723e-06
2.91536e-05
9.7165e-06
1.19401e-05
1.24938e-05
1.23393e-05
1.00713e-05
1.16603e-05
1.06297e-05
2.29429e-06
4.46253e-06
2.6206e-05
8.56504e-06
1.32152e-05
1.37959e-05
1.38415e-05
2.45846e-05
1.06875e-06
5.4822e-06
6.28209e-07
9.15491e-07
9.09896e-06
5.46066e-06
6.32739e-07
1.7399e-06
1.41517e-05
2.86254e-05
7.77432e-06
1.24837e-05
1.88482e-05
1.69083e-05
1.46176e-05
1.00077e-05
8.03241e-06
8.506e-06
6.1267e-06
1.06772e-06
6.31351e-06
7.69686e-06
3.69206e-06
5.93777e-06
1.10952e-06
1.67337e-06
2.85154e-06
2.64701e-06
1.61917e-06
1.7432e-06
2.1287e-06
2.09243e-06
3.1467e-06
5.46447e-06
7.77078e-06
3.80251e-06
3.8881e-06
9.30756e-06
5.42742e-06
4.39671e-06
4.84944e-06
6.66275e-06
5.40296e-06
6.09984e-06
4.56396e-06
8.20348e-06
7.91054e-06
5.60799e-06
2.83803e-06
2.01419e-06
8.31514e-06
2.52695e-06
2.86071e-06
2.83453e-06
3.00213e-06
4.52763e-06
1.88714e-06
2.50597e-06
2.68804e-06
2.45971e-06
4.17521e-06
3.6295e-06
3.3632e-06
2.60654e-06
3.59434e-06
2.7009e-06
6.3523e-06
3.64024e-06
3.84709e-06
6.3953e-06
3.95451e-06
5.00992e-06
4.07699e-06
2.70097e-06
3.2327e-06
6.14187e-06
3.57817e-06
2.40397e-06
3.01138e-06
2.66188e-06
3.53465e-06
4.17327e-06
2.69563e-06
4.5824e-06
4.46913e-06
6.93284e-06
7.21028e-06
5.43455e-06
4.68874e-06
2.98142e-06
4.10667e-06
3.67596e-06
5.086e-06
4.30102e-06
5.14003e-06
4.10243e-06
2.06989e-06
5.79748e-07
8.33882e-07
6.64556e-07
1.68235e-06
1.46426e-06
1.55649e-06
6.86088e-07
2.31175e-06
9.99264e-07
9.90592e-07
1.00995e-06
2.84323e-06
2.94277e-06
2.93296e-06
9.48126e-07
2.38649e-06
6.47233e-07
8.56061e-07
5.7441e-07
1.52828e-06
1.53047e-06
1.6818e-06
6.87504e-07
3.83289e-06
5.23642e-06
3.39257e-06
1.71073e-06
2.83402e-06
3.23996e-06
2.1255e-06
2.7269e-06
2.80566e-06
1.5782e-06
2.4503e-06
4.16054e-06
2.40816e-06
2.51092e-06
2.69913e-06
2.56064e-06
3.78289e-06
2.91527e-06
1.44539e-06
2.49895e-06
2.28517e-06
2.25591e-06
2.6496e-06
2.35999e-06
2.59982e-06
8.88299e-07
6.82154e-07
8.62459e-07
2.65092e-06
2.45535e-06
2.53509e-06
8.51834e-07
1.3772e-05
1.30501e-05
1.23895e-05
1.29209e-05
1.34774e-05
1.32426e-05
1.27907e-05
1.26146e-05
1.17565e-05
6.54687e-06
6.55032e-06
9.87271e-06
1.07985e-05
1.04569e-05
1.00272e-05
4.79657e-06
9.94772e-06
6.69551e-06
8.7321e-06
9.44338e-06
9.3431e-06
8.94295e-06
9.29953e-06
6.44964e-06
1.15173e-05
1.02733e-05
1.00419e-05
1.08135e-05
1.08265e-05
1.03078e-05
1.05899e-05
1.02348e-05
1.29056e-05
1.2119e-05
1.29262e-05
1.14031e-05
1.18611e-05
1.23236e-05
1.20448e-05
1.25534e-05
1.2188e-05
1.06787e-05
9.50767e-06
1.17199e-05
1.12228e-05
1.06096e-05
1.1064e-05
1.02583e-05
1.06018e-05
1.13726e-05
1.00469e-05
9.8803e-06
1.08035e-05
1.09332e-05
1.00208e-05
1.02812e-05
1.00663e-05
9.48067e-06
9.70487e-06
4.42278e-06
9.53978e-06
9.5293e-06
9.04733e-06
9.12776e-06
1.80986e-06
8.55183e-06
1.51068e-06
2.54987e-06
2.62724e-06
5.21373e-06
1.41683e-06
9.3392e-06
1.03713e-05
1.12123e-05
2.41148e-05
5.13666e-05
1.12314e-05
1.14301e-05
2.71752e-05
2.2307e-05
1.21711e-06
1.86657e-05
5.67712e-07
8.71322e-08
4.20428e-06
6.40608e-06
1.78994e-07
3.28669e-06
2.93679e-06
3.9504e-05
9.71503e-08
6.01202e-08
1.51461e-05
2.35541e-05
4.86858e-07
3.49316e-06
1.01717e-05
2.69288e-06
6.51061e-06
3.7651e-05
2.01296e-05
2.16071e-05
2.9987e-05
2.50768e-05
1.04869e-05
3.86455e-05
2.66561e-05
6.88504e-06
2.10625e-05
2.81189e-05
1.86828e-05
2.69829e-05
1.08679e-06
3.71295e-06
4.07776e-05
6.30745e-07
2.18493e-06
2.26027e-05
1.45504e-05
2.90781e-05
1.08374e-05
3.02363e-06
4.05633e-05
2.65426e-05
2.22349e-05
2.11779e-05
2.95896e-05
3.76867e-05
9.29994e-07
3.79086e-06
1.02935e-06
8.41245e-07
3.10481e-06
3.11713e-06
1.05266e-06
2.9033e-06
4.69355e-06
1.21846e-05
5.21871e-06
5.20545e-06
6.74753e-06
5.79232e-06
4.94438e-06
4.46167e-06
8.65603e-07
2.21539e-06
4.72688e-07
5.10775e-07
2.06419e-06
1.64734e-06
7.18375e-07
1.1457e-06
7.03044e-07
1.82975e-06
5.18841e-07
5.45643e-07
2.04889e-06
1.31574e-06
6.74617e-07
9.55861e-07
6.5264e-06
2.63102e-06
2.58473e-06
4.11434e-06
2.09795e-06
2.98903e-06
2.29738e-06
2.4914e-06
2.97943e-06
3.03121e-06
3.68318e-06
2.55619e-06
4.97851e-06
7.53675e-06
3.83276e-06
5.23405e-06
8.97618e-07
8.87038e-07
2.19099e-06
6.87376e-07
7.53245e-07
2.51705e-06
2.04816e-06
2.2869e-06
2.58414e-06
1.02271e-06
2.284e-06
2.33346e-06
2.7179e-06
1.3933e-06
2.59308e-06
2.33899e-06
2.91021e-06
5.82644e-06
5.20843e-06
3.20303e-06
3.14742e-06
4.01016e-06
2.98697e-06
3.29691e-06
2.79082e-06
5.07033e-06
5.18213e-06
1.32596e-05
4.04118e-06
3.69053e-06
5.22586e-06
4.85128e-06
3.35243e-06
3.94331e-06
2.30106e-06
3.46532e-06
5.96358e-06
7.54779e-06
3.80947e-06
2.64905e-06
3.1583e-06
6.25015e-06
2.52553e-06
3.55276e-06
3.42491e-06
3.33392e-06
3.04205e-06
1.26872e-06
7.50586e-06
6.40577e-06
3.58997e-06
8.2366e-06
7.32895e-06
6.09135e-06
7.03605e-06
6.27427e-06
3.3287e-06
8.20381e-06
4.223e-06
7.58741e-06
5.907e-06
8.76874e-06
4.36818e-06
3.38796e-06
2.26969e-06
2.88885e-06
5.21666e-06
2.73125e-06
1.99847e-06
1.40607e-06
2.81868e-06
4.51203e-06
4.1425e-06
2.82902e-06
2.63241e-06
5.17797e-06
4.77473e-06
4.0915e-06
7.07012e-06
4.3755e-06
4.21537e-06
2.93784e-06
4.16219e-06
3.08643e-06
4.99187e-06
3.6923e-06
4.11026e-06
3.93428e-06
2.0361e-06
5.74986e-07
8.38831e-07
6.61609e-07
1.65041e-06
1.86803e-06
1.49395e-06
6.73636e-07
3.64905e-06
1.00967e-06
1.18886e-06
1.02333e-06
2.8121e-06
2.89619e-06
2.914e-06
9.70617e-07
2.13279e-06
6.59204e-07
8.49858e-07
5.88837e-07
1.6826e-06
1.5836e-06
1.66276e-06
6.8503e-07
3.25928e-06
3.49898e-06
3.46579e-06
1.78915e-06
2.77023e-06
4.07753e-06
2.01062e-06
2.69714e-06
2.47196e-06
1.50276e-06
2.45037e-06
2.93287e-06
2.2959e-06
2.40398e-06
2.71575e-06
2.37458e-06
2.94223e-06
2.59531e-06
1.50159e-06
2.45905e-06
2.658e-06
2.31386e-06
2.48163e-06
2.56338e-06
2.96563e-06
8.73918e-07
6.80482e-07
8.77936e-07
2.63299e-06
2.45341e-06
2.4767e-06
8.51049e-07
4.78155e-08
6.03318e-06
1.15453e-07
3.98987e-07
5.49399e-07
9.60306e-07
1.65254e-07
6.97849e-07
7.95795e-06
8.69398e-06
6.52924e-06
7.44375e-06
8.00089e-06
7.90578e-06
7.13707e-06
7.76571e-06
3.47856e-07
3.36209e-06
1.87571e-08
5.93533e-07
8.01845e-07
7.01312e-07
3.23072e-07
2.39972e-07
2.53289e-06
5.94125e-06
2.32873e-06
2.0052e-06
4.90877e-06
4.75228e-06
3.28369e-06
4.38594e-06
6.78198e-06
9.3124e-07
1.62416e-06
6.51992e-06
5.51178e-06
2.33185e-06
5.41482e-06
3.49277e-06
6.92194e-06
6.3308e-06
5.43033e-06
1.35356e-06
6.48402e-06
6.33648e-06
4.06142e-06
5.40778e-06
1.00952e-06
1.63024e-06
5.48792e-06
1.47698e-06
1.63309e-06
2.93295e-06
2.57063e-06
4.65171e-06
1.44128e-06
2.46451e-06
6.15413e-06
5.3074e-06
2.4749e-06
2.54978e-06
4.40409e-06
4.71897e-06
2.92403e-07
2.44229e-06
4.5054e-07
5.91715e-07
8.50569e-07
1.21024e-06
7.10189e-07
9.13005e-07
3.52928e-06
3.85582e-06
9.93478e-07
3.95553e-06
3.057e-06
2.34922e-06
2.40505e-06
2.28442e-06
4.88649e-07
1.13957e-06
3.25822e-07
5.7999e-07
5.19347e-07
5.89759e-07
5.43992e-07
4.95583e-07
6.99138e-07
2.74556e-06
7.29281e-07
9.46383e-07
1.75592e-06
2.32449e-06
9.88343e-07
2.35902e-06
2.78132e-06
5.30741e-07
1.84442e-06
1.48607e-06
2.48188e-06
1.37623e-06
2.78411e-06
2.95219e-06
1.94806e-06
1.98068e-06
1.16417e-06
5.98772e-07
1.57278e-06
2.22563e-06
1.80516e-06
1.14584e-06
6.43918e-07
7.55757e-07
2.20352e-06
8.19393e-07
5.7544e-07
1.49374e-06
1.3182e-06
1.88876e-06
8.78133e-07
1.67736e-06
1.5967e-06
1.2058e-06
1.37035e-06
1.88423e-06
1.70807e-06
1.26596e-06
2.43898e-08
3.88215e-08
4.39719e-08
4.98943e-06
3.8981e-08
3.99956e-08
2.75481e-07
2.84171e-07
5.36631e-08
5.65262e-08
1.01649e-07
1.53833e-05
1.66831e-07
6.87805e-08
3.66331e-06
8.1193e-07
1.34292e-08
1.8858e-07
1.5302e-07
3.04303e-05
1.74031e-06
1.73782e-07
1.29033e-05
6.21769e-06
2.97137e-05
4.01554e-05
5.26366e-05
5.82794e-05
4.1396e-05
4.43152e-05
5.46194e-05
5.45872e-05
7.47914e-08
1.35515e-07
1.32258e-05
2.58838e-05
1.05391e-06
1.12441e-06
8.73815e-06
1.03537e-05
5.59556e-08
2.15498e-05
1.05172e-07
5.15366e-08
8.02426e-07
4.48708e-06
1.07653e-07
6.67477e-07
1.72368e-06
2.46062e-05
3.57578e-05
5.01552e-05
1.55233e-05
2.30462e-05
3.55814e-05
3.53011e-05
5.26912e-07
4.6763e-05
3.41327e-05
2.75147e-06
9.93979e-06
3.44043e-05
9.43019e-06
3.04446e-05
4.07508e-06
2.88816e-06
2.3267e-06
3.41222e-06
2.32014e-06
1.34815e-06
2.76544e-06
2.07428e-06
2.05844e-06
3.72884e-07
3.23748e-07
6.07394e-07
1.03603e-06
5.47845e-07
1.10234e-06
3.78834e-07
1.49214e-06
3.40519e-07
3.51422e-07
4.87597e-07
7.02337e-07
5.15134e-07
1.1538e-06
3.62575e-07
1.90423e-06
8.04766e-07
7.68476e-07
1.21031e-06
1.58176e-06
1.26455e-06
2.6884e-06
7.39887e-07
1.37011e-06
1.46425e-06
1.32242e-06
1.3736e-06
2.78522e-06
1.79116e-06
2.58668e-06
1.26209e-06
8.43182e-07
1.00835e-06
5.51701e-07
1.61382e-06
1.34698e-06
1.08908e-06
1.45173e-06
7.09299e-07
1.232e-06
2.33819e-06
1.58845e-06
1.82709e-06
1.36997e-06
1.29505e-06
8.8606e-07
1.30829e-06
1.34681e-06
6.33e-07
5.4961e-07
3.95778e-07
2.03799e-06
1.75322e-06
1.11173e-06
4.38865e-07
0.000101052
8.49314e-05
9.19814e-05
8.48945e-05
7.2643e-05
9.27198e-05
0.000100794
6.82048e-05
2.01462e-05
4.2707e-09
2.77801e-08
1.22777e-08
2.95788e-06
7.34395e-08
8.01517e-07
1.95282e-08
5.14138e-05
2.22989e-08
6.25194e-08
5.38031e-07
1.74729e-05
2.19952e-06
7.46278e-06
3.12017e-07
6.967e-05
1.25547e-07
6.26591e-07
7.43193e-07
3.67575e-05
7.4066e-06
2.0829e-05
1.16942e-06
4.54056e-05
7.58575e-05
5.31399e-05
2.17987e-05
6.71908e-05
8.22465e-05
5.54891e-05
7.5926e-05
4.70775e-05
2.65997e-06
1.03354e-06
6.14587e-05
4.68746e-05
1.20266e-05
4.10955e-05
1.30244e-05
8.04885e-05
8.93975e-05
9.55332e-06
1.90016e-05
7.01935e-05
6.98422e-05
3.41511e-05
2.78651e-05
5.82675e-05
1.20367e-06
4.17611e-07
1.5976e-07
1.46866e-05
6.92311e-06
3.82696e-06
1.28606e-07
1.04473e-07
2.16919e-07
2.86539e-05
2.51253e-06
2.87132e-07
8.26969e-07
6.39771e-06
1.32496e-05
5.69196e-07
3.71415e-06
2.04633e-05
3.46917e-06
1.86518e-06
6.20217e-06
6.58428e-06
8.1328e-06
3.4053e-05
2.00057e-05
1.39941e-05
1.29349e-05
2.33466e-05
2.02917e-05
1.32477e-05
1.35943e-05
3.04203e-06
2.50473e-06
8.39414e-06
2.66155e-06
1.96149e-06
4.66295e-06
4.88166e-06
6.52276e-06
8.12466e-07
2.78962e-05
3.38567e-06
1.8769e-06
4.58765e-06
2.06584e-05
2.42213e-06
1.25719e-05
1.67331e-06
5.16795e-06
2.90621e-05
3.72183e-05
1.40777e-05
1.26457e-05
3.40993e-05
2.3912e-05
2.33951e-05
4.75709e-06
3.96594e-06
1.21499e-05
2.56724e-05
1.3074e-05
1.61877e-05
8.71892e-06
2.69177e-05
1.32179e-05
7.17881e-06
2.29392e-05
2.81223e-05
2.30605e-05
2.43334e-05
1.83452e-05
3.76059e-06
2.55641e-06
2.49789e-06
2.83462e-06
2.4834e-06
3.32728e-06
2.68636e-06
2.06631e-06
2.39591e-06
1.23947e-06
7.44665e-07
8.40868e-07
1.63792e-06
2.72093e-06
1.91456e-06
7.72722e-07
1.02225e-06
6.2113e-07
3.08234e-07
3.34803e-07
4.7588e-07
1.04569e-06
3.76599e-07
4.26241e-07
1.29753e-06
6.39759e-07
3.61529e-07
3.36624e-07
1.43277e-06
1.15111e-06
6.70102e-07
3.7891e-07
1.82095e-06
1.60658e-06
2.06059e-06
1.49787e-06
1.92293e-06
1.93118e-06
1.73638e-06
1.94989e-06
2.44461e-06
1.6282e-06
1.91893e-06
1.74746e-06
9.96007e-07
1.81098e-06
1.51025e-06
8.24751e-07
1.88813e-06
1.74172e-06
1.80041e-06
4.34146e-07
9.44092e-07
8.96733e-07
5.54791e-07
1.40567e-06
8.33336e-07
4.23981e-07
5.62448e-07
5.90211e-07
1.26198e-06
1.15103e-06
1.47305e-06
4.96888e-07
3.24965e-07
6.07148e-07
4.51879e-07
1.92849e-06
7.51212e-07
6.57023e-07
8.43449e-07
9.13747e-07
6.91353e-07
9.22648e-07
7.70825e-07
2.56061e-06
2.20105e-06
9.08286e-07
2.27183e-06
2.20885e-06
4.47728e-07
6.73018e-07
4.75616e-07
9.62806e-07
4.36011e-07
6.62112e-07
4.02644e-07
7.2329e-07
2.99454e-06
2.25332e-06
1.99593e-06
4.05758e-06
2.97402e-06
2.17117e-06
2.3084e-06
1.85726e-06
1.7088e-06
5.86331e-07
1.95719e-06
1.52462e-06
2.32461e-06
1.28563e-06
2.80206e-06
1.77174e-06
7.43217e-07
1.80839e-06
8.11503e-07
6.24879e-07
1.48466e-06
1.9347e-06
5.67672e-07
1.21485e-06
6.37699e-07
2.0329e-06
1.74902e-06
1.47914e-06
1.66352e-06
1.29157e-06
1.33641e-06
1.66949e-06
8.72251e-07
2.00128e-06
1.43215e-06
1.69543e-06
1.26118e-06
1.99899e-06
1.7425e-06
1.56558e-06
6.74346e-06
3.93408e-06
4.087e-06
4.08274e-06
7.05685e-06
3.97082e-06
4.60443e-06
4.25415e-06
2.60237e-06
5.68248e-07
8.17935e-07
6.79741e-07
1.84349e-06
1.22008e-06
1.60347e-06
7.24608e-07
2.36692e-06
1.00375e-06
1.13729e-06
1.01058e-06
3.08917e-06
3.037e-06
3.00016e-06
1.0013e-06
2.55028e-06
6.76137e-07
8.39344e-07
5.65025e-07
1.84512e-06
1.55807e-06
1.66478e-06
7.24376e-07
4.13504e-06
4.11395e-06
4.13418e-06
1.95598e-06
3.0268e-06
4.86376e-06
2.36241e-06
2.98733e-06
2.61364e-06
1.55289e-06
2.6184e-06
3.41062e-06
2.66739e-06
2.85742e-06
2.93665e-06
2.52095e-06
3.99408e-06
2.89319e-06
1.53188e-06
2.63984e-06
3.05561e-06
2.5796e-06
2.35569e-06
2.85175e-06
2.91722e-06
9.30699e-07
7.17178e-07
9.24499e-07
2.83592e-06
2.63411e-06
2.62272e-06
8.28158e-07
1.51528e-05
1.4372e-05
1.34949e-05
1.41687e-05
1.48196e-05
1.48005e-05
1.42973e-05
1.38865e-05
1.34104e-05
1.01145e-05
1.06754e-05
7.33016e-06
1.03297e-05
7.60926e-06
9.90266e-06
8.63087e-06
1.24243e-05
1.1086e-05
1.11007e-05
1.02261e-05
1.1738e-05
1.16768e-05
1.08532e-05
1.06338e-05
1.41978e-05
8.88135e-06
9.48674e-06
8.56818e-06
1.03694e-05
9.99346e-06
1.13277e-05
1.07693e-05
1.38938e-05
1.26189e-05
1.36755e-05
1.09844e-05
1.29544e-05
1.30519e-05
1.30541e-05
1.32654e-05
1.38445e-05
1.01914e-05
1.12178e-05
1.24392e-05
1.20236e-05
1.03258e-05
1.20221e-05
1.1416e-05
1.20608e-05
1.29515e-05
1.04952e-05
1.01204e-05
1.19676e-05
1.24909e-05
1.12439e-05
1.07221e-05
1.18225e-05
9.69927e-06
9.88955e-06
1.0481e-05
1.13554e-05
1.09081e-05
1.09664e-05
1.02989e-05
1.1492e-06
1.41807e-06
1.0433e-05
2.21166e-06
1.61893e-06
6.135e-06
7.50836e-06
7.68712e-06
3.22982e-06
4.63901e-06
3.32854e-06
4.0875e-06
4.49614e-06
7.71314e-06
8.44823e-06
7.12972e-06
7.85701e-06
3.30517e-06
2.96888e-06
3.84066e-06
5.12237e-06
4.64065e-06
4.9986e-06
2.39165e-06
5.1492e-06
6.11836e-06
5.91463e-06
5.27227e-06
5.60572e-06
1.04696e-05
7.60634e-06
3.93617e-06
3.03496e-06
1.04503e-05
3.76164e-06
5.32843e-06
8.36203e-06
8.92754e-06
4.41034e-06
8.75938e-06
7.89108e-06
7.12453e-06
6.73661e-06
1.06287e-05
8.62768e-06
1.028e-05
1.09059e-05
9.44965e-06
1.0162e-05
5.3751e-06
1.09653e-05
1.04517e-05
1.05544e-05
9.61067e-06
1.22556e-05
1.23056e-05
1.06779e-05
5.47852e-06
4.17765e-06
3.87027e-06
8.53685e-06
8.7727e-06
8.47344e-06
6.09553e-06
3.82417e-06
2.9951e-06
3.93877e-06
3.05694e-06
5.94821e-06
3.09169e-06
2.84048e-06
6.0022e-06
2.07152e-06
1.96453e-06
2.32702e-06
1.02599e-05
4.76472e-06
1.3823e-06
5.65845e-06
5.5281e-06
1.59801e-06
2.39197e-06
1.15577e-06
2.23411e-06
6.0098e-06
1.80033e-06
2.17853e-06
5.99441e-06
3.0721e-06
9.1936e-06
2.49574e-06
2.40916e-06
6.64436e-06
6.73203e-06
3.01566e-06
6.74494e-06
5.01453e-06
5.79125e-06
6.18546e-06
9.48324e-06
5.44465e-06
6.32397e-06
8.39322e-06
6.52285e-06
3.23921e-06
9.53811e-06
2.37544e-06
2.19777e-06
5.1718e-06
5.60183e-06
2.5779e-06
5.63258e-06
2.59559e-06
3.7682e-06
9.21012e-06
2.74468e-06
3.37989e-06
6.48968e-06
6.75535e-06
6.79159e-06
6.09769e-06
6.44137e-06
9.49338e-06
6.7232e-06
6.06653e-06
6.76142e-06
6.65141e-06
9.42123e-06
3.28776e-06
3.67097e-06
3.36477e-06
1.59747e-06
4.12431e-06
4.36819e-06
7.24772e-06
6.21744e-06
5.64048e-06
4.79782e-06
7.05045e-06
6.46162e-06
6.44764e-06
7.2926e-06
1.1258e-05
1.25647e-05
3.44184e-06
5.18523e-06
5.63557e-06
1.51992e-05
5.10601e-06
4.00219e-06
1.2321e-05
1.03949e-05
2.36735e-06
2.96351e-06
1.37071e-05
1.62652e-06
1.8966e-06
7.58597e-06
6.27306e-06
7.61986e-06
4.35167e-06
7.3782e-06
3.74768e-06
5.37204e-06
9.08537e-06
9.73088e-06
4.5063e-06
5.72581e-06
4.96129e-06
7.59993e-06
6.02391e-06
3.91799e-06
9.91487e-06
1.12743e-05
4.66224e-06
6.88023e-06
7.79846e-06
4.22406e-06
6.73443e-06
1.91929e-05
1.22804e-05
9.23933e-06
2.21274e-05
1.18202e-05
5.23982e-06
2.03889e-05
8.79882e-06
7.05471e-06
6.79484e-06
1.47548e-05
8.25712e-06
9.98983e-06
4.14966e-06
4.80983e-06
8.0242e-06
6.60108e-06
6.14138e-06
1.45139e-05
6.45381e-06
1.12291e-05
4.20444e-06
2.38112e-06
2.03237e-05
1.09769e-05
3.15429e-06
6.08238e-06
9.18947e-06
8.15357e-06
5.1638e-06
2.3192e-05
3.44843e-06
7.27557e-06
1.12815e-05
9.09842e-06
7.84346e-06
8.65071e-06
6.57869e-06
1.04265e-05
6.03558e-06
4.48769e-06
5.99392e-06
1.5133e-05
9.48757e-06
1.58221e-05
8.01022e-06
1.10924e-05
6.65221e-06
1.09157e-05
1.09328e-05
1.37399e-05
7.19277e-06
1.29819e-05
9.63916e-06
1.70781e-05
2.97749e-05
1.2908e-05
1.48585e-05
1.90364e-05
2.79203e-05
2.80815e-05
9.30827e-06
8.34148e-06
1.42573e-05
1.09149e-05
8.63909e-06
1.37669e-05
1.11773e-05
1.53541e-05
1.05569e-05
1.12655e-05
1.96389e-05
3.02491e-05
1.51187e-05
1.44997e-05
2.57802e-05
2.11572e-05
3.10009e-06
2.4844e-05
4.71564e-06
6.54503e-06
8.60205e-06
9.87974e-06
5.27975e-06
5.73994e-06
2.26093e-05
3.60233e-06
2.35088e-05
1.71347e-05
1.73542e-05
1.59256e-05
1.87227e-05
1.15274e-05
1.0699e-05
1.14119e-05
5.0316e-06
6.58716e-06
2.63033e-05
3.1495e-05
9.4932e-06
8.68341e-06
6.1361e-06
9.53257e-06
5.79283e-06
4.33003e-06
1.69598e-05
1.86515e-05
8.03966e-06
5.16823e-06
3.16901e-05
1.51062e-05
1.22784e-05
2.25201e-05
2.24056e-05
1.35727e-05
2.14241e-05
1.47623e-05
3.76607e-05
2.68085e-05
3.21128e-05
1.87945e-05
4.55356e-05
3.61723e-05
4.11251e-05
4.01531e-05
1.28469e-05
8.73717e-06
1.94485e-05
8.95387e-06
8.34125e-06
1.40664e-05
2.04746e-05
1.91545e-05
1.5428e-05
6.46013e-06
8.73661e-06
9.80425e-06
2.39531e-05
2.34846e-05
2.07524e-05
8.5827e-06
2.3629e-06
3.00181e-06
3.47439e-06
2.838e-06
3.27959e-06
3.31859e-06
3.32654e-06
3.99777e-06
2.81521e-06
2.16357e-06
2.18035e-06
9.67404e-06
4.47288e-06
1.59448e-06
4.64077e-06
4.60432e-06
2.60989e-06
3.29254e-06
4.33558e-06
3.29709e-06
5.237e-06
3.39845e-06
3.22613e-06
5.75364e-06
2.30235e-06
8.8956e-06
3.0146e-06
2.64089e-06
6.25713e-06
6.41109e-06
2.53792e-06
6.49597e-06
3.74256e-06
4.30126e-06
4.84587e-06
8.2176e-06
4.15361e-06
4.3152e-06
7.54754e-06
5.19586e-06
2.83661e-06
8.23894e-06
2.32022e-06
2.98196e-06
4.0976e-06
4.5499e-06
3.7058e-06
4.51707e-06
3.18008e-06
3.02035e-06
8.2088e-06
2.65456e-06
3.79251e-06
5.2835e-06
5.6367e-06
5.6807e-06
4.97498e-06
5.91918e-06
8.58295e-06
4.79675e-06
5.20324e-06
5.89363e-06
4.88794e-06
7.88802e-06
4.47066e-06
5.05556e-06
7.21531e-06
7.27761e-06
8.32445e-06
4.62581e-06
1.41906e-05
1.5523e-05
5.77218e-06
6.28527e-06
8.90626e-06
1.08812e-05
9.34933e-06
6.03714e-06
2.20279e-05
2.46928e-05
4.75601e-06
6.08625e-06
4.82988e-06
1.59253e-05
6.23094e-06
7.42853e-06
1.27482e-05
1.27659e-05
3.77091e-06
6.5484e-06
1.49885e-05
1.89935e-06
4.23575e-06
6.23764e-06
6.16666e-06
8.66824e-06
8.67739e-06
8.78325e-06
7.60143e-06
1.06167e-05
1.78313e-05
1.76324e-05
9.31471e-06
1.08411e-05
5.19871e-06
1.21401e-05
6.94524e-06
6.0294e-06
1.80008e-05
1.93397e-05
4.63942e-06
9.96068e-06
1.04329e-05
8.33092e-06
1.55626e-05
2.23169e-05
1.09215e-05
1.13002e-05
1.52018e-05
1.58235e-05
9.82723e-06
2.17653e-05
2.62895e-05
9.88065e-06
1.09488e-05
1.6375e-05
1.23489e-05
2.20088e-05
1.34606e-06
1.09361e-05
1.92291e-06
1.73491e-06
9.72634e-06
1.05466e-05
2.15596e-06
5.35863e-06
7.7129e-06
1.98882e-06
3.11315e-06
4.18686e-06
5.10711e-06
4.97753e-06
5.35309e-06
3.02388e-06
2.80558e-06
5.27141e-06
2.3208e-06
4.24136e-06
6.82868e-06
8.06399e-06
5.45381e-06
5.17215e-06
7.23875e-06
5.63053e-06
4.50861e-06
3.3534e-06
1.1629e-05
1.35903e-05
4.7511e-06
5.60838e-06
9.45253e-06
6.64102e-06
3.81828e-06
9.27686e-06
1.00108e-05
1.09631e-05
1.01685e-05
1.0107e-05
9.27933e-06
8.37283e-06
5.95499e-06
1.16331e-05
9.82065e-06
8.94468e-06
9.64933e-06
8.67454e-06
5.22902e-06
4.31098e-06
6.75187e-06
5.86903e-06
4.72791e-06
5.82729e-06
1.16448e-05
1.38465e-05
6.06089e-06
5.11405e-06
3.78952e-06
5.12551e-06
1.14988e-05
1.08084e-05
8.11712e-06
2.769e-06
2.93887e-06
1.05557e-06
6.63641e-07
6.34842e-06
3.38055e-06
2.09191e-06
5.5212e-06
3.63315e-06
3.73387e-07
5.24531e-08
6.27172e-08
8.39888e-06
4.59866e-07
1.86578e-07
2.14339e-06
1.56968e-07
5.48855e-07
5.90171e-08
5.47636e-07
1.32979e-05
9.23361e-07
2.5853e-07
4.18728e-06
6.54706e-07
7.60364e-06
8.54256e-06
7.94689e-06
8.68672e-06
8.07952e-06
7.74567e-06
8.02829e-06
7.96647e-06
1.56413e-06
8.26565e-07
6.94164e-06
7.61011e-06
4.48789e-06
5.33323e-06
6.36283e-06
6.35599e-06
5.21353e-07
6.97351e-06
1.63419e-07
5.16946e-07
1.34903e-06
1.83966e-06
4.26085e-07
6.81905e-07
1.53898e-06
6.95943e-06
7.88394e-06
7.03951e-06
4.821e-06
7.01975e-06
6.37043e-06
7.40904e-06
1.72434e-06
8.26888e-06
9.10218e-06
2.04796e-07
3.37535e-06
7.73793e-06
3.08289e-06
1.11277e-05
5.74781e-07
2.53981e-06
6.83608e-07
8.31263e-07
1.82536e-06
1.86757e-06
7.27573e-07
1.54569e-06
3.87444e-06
5.70197e-06
3.96215e-06
4.5465e-06
5.13176e-06
6.27932e-06
4.41023e-06
5.14514e-06
6.80384e-07
2.48852e-06
5.76321e-07
8.23838e-07
1.5092e-06
1.89121e-06
7.24018e-07
1.62331e-06
9.99115e-07
2.79088e-06
1.00145e-06
1.11259e-06
3.04341e-06
3.10222e-06
1.02611e-06
3.03792e-06
2.91625e-06
1.5015e-06
2.67704e-06
3.86845e-06
2.70549e-06
2.89157e-06
3.26806e-06
2.29618e-06
4.22246e-06
4.35736e-06
4.18979e-06
2.02079e-06
2.91333e-06
5.63758e-06
2.23451e-06
2.86172e-06
7.28253e-07
9.29971e-07
3.1925e-06
9.36708e-07
8.16331e-07
2.66429e-06
2.67649e-06
2.88437e-06
1.47008e-06
2.66371e-06
4.09885e-06
2.85258e-06
2.8954e-06
2.37401e-06
2.63411e-06
3.03535e-06
5.86879e-07
1.42223e-07
3.66936e-06
6.2397e-08
8.51707e-08
4.88892e-07
8.65788e-08
5.23082e-07
1.25389e-06
2.5652e-06
5.634e-06
4.37142e-07
1.80674e-06
3.09739e-06
1.76383e-06
3.1833e-06
6.09896e-06
7.21171e-06
8.16016e-06
5.44474e-06
6.20867e-06
7.68849e-06
6.8155e-06
7.73921e-06
1.20753e-08
9.39241e-08
1.79673e-06
8.51452e-09
1.46125e-08
7.90097e-08
3.96614e-08
3.38025e-07
2.71689e-07
3.08618e-06
1.71656e-07
1.47189e-07
5.18649e-07
6.58727e-07
2.12481e-07
1.6985e-07
1.07276e-06
5.19494e-07
6.27472e-06
3.57709e-06
1.08384e-06
1.63764e-06
2.89079e-06
4.47796e-06
3.27329e-06
6.23074e-08
1.89874e-07
3.05794e-06
2.90393e-06
2.2616e-07
2.93627e-06
3.17316e-07
3.74234e-06
3.65456e-06
4.22502e-07
6.48499e-06
5.10116e-06
3.41426e-06
5.25618e-06
2.13584e-06
4.19178e-06
3.35449e-06
4.06372e-06
2.69956e-06
5.97349e-06
4.84854e-06
4.54273e-06
4.12738e-06
2.07071e-06
5.91622e-07
8.07812e-07
6.60875e-07
1.80799e-06
1.44199e-06
1.53584e-06
6.68075e-07
2.83117e-06
9.74509e-07
1.00192e-06
9.95756e-07
2.90082e-06
2.97665e-06
2.98888e-06
9.53479e-07
2.05255e-06
6.62291e-07
8.40911e-07
5.83251e-07
1.77753e-06
1.51444e-06
1.85439e-06
6.85567e-07
3.44539e-06
4.47085e-06
3.49701e-06
1.81916e-06
2.7212e-06
3.34983e-06
2.17249e-06
2.82401e-06
2.8542e-06
1.49024e-06
2.51095e-06
3.07044e-06
2.26016e-06
2.44376e-06
2.23757e-06
2.71031e-06
2.87209e-06
2.56172e-06
1.54139e-06
2.46095e-06
2.55489e-06
2.24845e-06
2.48807e-06
2.50971e-06
2.47948e-06
8.75316e-07
6.87701e-07
8.65398e-07
2.66908e-06
2.5343e-06
2.46846e-06
8.44804e-07
1.11813e-06
9.98993e-07
9.84463e-07
2.07857e-06
2.7939e-06
9.58062e-07
2.68588e-06
2.37991e-06
1.06195e-06
1.5848e-06
1.33865e-06
2.15899e-06
3.81701e-06
1.17818e-06
3.5634e-06
3.69919e-06
9.54163e-07
1.11652e-06
7.27273e-07
2.64025e-06
2.24451e-06
9.47984e-07
1.69305e-06
1.76947e-06
2.4611e-06
1.81645e-06
2.49449e-06
2.34822e-06
2.83355e-06
2.11292e-06
2.7276e-06
2.13492e-06
3.27629e-06
2.37255e-06
2.40684e-06
2.98808e-06
2.98857e-06
2.51462e-06
1.9527e-06
2.05029e-06
1.12874e-06
1.92515e-06
1.15789e-06
9.64819e-07
3.0751e-06
2.97385e-06
1.04232e-06
2.86713e-06
2.33986e-06
2.43781e-06
2.86056e-06
2.10355e-06
2.36385e-06
2.10421e-06
2.11605e-06
2.27664e-06
2.02729e-06
1.6396e-06
2.29661e-06
2.84957e-06
2.26663e-06
1.77004e-06
2.74864e-06
1.93292e-06
5.70386e-07
1.56529e-06
6.47584e-07
1.00909e-06
1.41523e-06
1.34976e-06
6.42919e-07
1.56853e-06
2.12365e-06
2.61257e-06
2.2394e-06
2.7674e-06
3.85891e-06
3.37546e-06
4.27935e-06
4.45661e-06
6.48335e-07
1.57116e-06
5.70239e-07
1.0093e-06
1.57951e-06
1.36087e-06
6.44898e-07
1.40056e-06
1.24044e-06
2.03133e-06
1.23721e-06
1.38164e-06
2.63336e-06
2.18356e-06
1.01637e-06
2.59974e-06
2.5577e-06
1.55282e-06
2.13417e-06
3.66316e-06
1.88601e-06
1.721e-06
1.47548e-06
2.09445e-06
2.74458e-06
4.56943e-06
2.59146e-06
1.39215e-06
2.36749e-06
2.78188e-06
1.68739e-06
2.35064e-06
6.57958e-07
8.97701e-07
2.67552e-06
9.01138e-07
1.02239e-06
2.0894e-06
2.08753e-06
2.16254e-06
1.52267e-06
2.11604e-06
3.38854e-06
2.64723e-06
1.63741e-06
2.09423e-06
1.82511e-06
1.54171e-06
8.62179e-07
6.61002e-06
4.56899e-07
3.83731e-05
2.59268e-06
7.65197e-07
6.13107e-06
1.06311e-06
4.90795e-06
2.72429e-06
1.716e-06
6.97924e-06
5.39681e-06
3.13309e-06
5.591e-06
4.19098e-06
5.14454e-07
1.2318e-06
5.85114e-08
2.46725e-05
4.1921e-06
2.42466e-07
1.14867e-05
3.49209e-06
7.94383e-05
3.97203e-05
5.94947e-05
9.73802e-05
7.66702e-05
4.39976e-05
8.36097e-05
6.55563e-05
1.49952e-05
2.67587e-06
5.12602e-05
2.90947e-05
1.36818e-05
4.39001e-06
2.63165e-05
3.01325e-05
8.07892e-06
2.00753e-05
2.59225e-06
6.45856e-07
9.65013e-06
9.33336e-06
3.19597e-06
5.37215e-06
7.01664e-06
6.2638e-05
3.34403e-05
5.31864e-05
4.0319e-05
4.38031e-05
4.61467e-05
3.31412e-05
2.06025e-06
3.46528e-05
2.36496e-05
3.44214e-06
9.90464e-06
3.1015e-05
6.06868e-06
2.03383e-05
2.96024e-06
4.52607e-06
1.52835e-06
7.90937e-06
5.61509e-06
2.69503e-06
5.74709e-06
3.8135e-06
1.14533e-05
6.24361e-06
2.4103e-06
1.73128e-05
1.64612e-05
6.77538e-06
1.45826e-05
7.26008e-06
4.88592e-07
1.86745e-07
9.71959e-08
7.71963e-06
7.54955e-07
9.66894e-08
9.99368e-07
2.24445e-07
1.86373e-05
3.4089e-05
2.74807e-05
5.20439e-05
3.81745e-05
3.21753e-05
4.44097e-05
2.51002e-05
9.82808e-06
3.45555e-06
1.30911e-05
2.58819e-05
9.73836e-06
6.15998e-06
1.36847e-05
1.26852e-05
3.12534e-06
1.76093e-05
1.03812e-06
1.2295e-06
5.96212e-06
8.62242e-06
7.90709e-07
9.71252e-07
4.1331e-06
1.44265e-05
2.39287e-05
1.77347e-05
1.55887e-05
1.60614e-05
1.11309e-05
1.96767e-05
1.32779e-06
1.10415e-05
1.267e-05
9.57567e-07
1.32466e-06
5.62981e-06
1.13777e-06
5.94626e-06
7.5008e-07
9.80741e-07
1.48586e-06
8.37955e-07
1.02478e-06
2.0805e-06
2.67917e-06
2.70496e-06
1.16134e-06
1.83688e-06
3.45992e-06
1.32696e-06
1.70713e-06
3.12982e-06
4.83098e-06
3.43535e-06
2.3661e-06
2.34223e-06
2.77582e-06
2.58142e-06
2.2432e-06
2.14412e-06
2.49194e-06
2.4646e-06
9.18064e-07
1.14925e-06
1.80049e-06
1.1749e-06
1.40843e-06
3.58533e-06
3.6039e-06
3.72437e-06
1.32034e-06
1.8128e-06
1.19953e-06
1.47337e-06
3.445e-06
2.88225e-06
1.04523e-06
3.08414e-06
2.44741e-06
3.39486e-06
3.23138e-06
2.85316e-06
2.74531e-06
2.83798e-06
1.73847e-06
3.23653e-06
3.27118e-06
3.07892e-06
4.03603e-06
2.86507e-06
1.77893e-06
3.18247e-06
2.61643e-06
3.38944e-06
3.6058e-06
2.77022e-06
3.75938e-06
5.2507e-06
2.02702e-06
2.59346e-06
3.90486e-06
1.90909e-06
7.26108e-07
1.4719e-06
9.88259e-07
9.27505e-07
1.8929e-06
2.03092e-06
8.15768e-07
2.04611e-06
1.8283e-06
2.40353e-06
1.65159e-06
2.09353e-06
6.11183e-06
2.95937e-06
2.17872e-06
4.53399e-06
1.10034e-06
2.00869e-06
1.14726e-06
1.23414e-06
3.20451e-06
3.66575e-06
1.01483e-06
3.72069e-06
1.07033e-06
2.68166e-06
1.19252e-06
1.20083e-06
3.1363e-06
3.06365e-06
1.00116e-06
3.15771e-06
4.48039e-06
2.31205e-06
2.61011e-06
3.737e-06
1.86237e-06
2.15293e-06
1.79563e-06
2.42817e-06
2.92752e-06
2.68345e-06
3.1505e-06
2.39707e-06
3.71216e-06
2.42915e-06
1.72621e-06
4.03442e-06
9.56078e-07
1.00546e-06
1.92713e-06
1.02388e-06
1.11157e-06
2.52493e-06
3.10726e-06
2.66574e-06
2.4763e-06
3.13405e-06
4.79762e-06
5.01813e-06
2.59836e-06
2.93329e-06
1.89573e-06
2.47383e-06
1.79902e-06
1.23134e-06
1.27134e-06
1.91512e-06
3.38141e-06
1.14701e-06
3.13878e-06
3.88433e-06
1.14489e-06
1.155e-06
1.08975e-06
1.56667e-06
2.54113e-06
1.05273e-06
3.17616e-06
3.17468e-06
1.01518e-06
9.86703e-07
7.08053e-07
1.77038e-06
2.33743e-06
8.08374e-07
2.46549e-06
1.87396e-06
2.44841e-06
2.31498e-06
2.73675e-06
2.73745e-06
2.87892e-06
3.1973e-06
3.66719e-06
2.83605e-06
3.69482e-06
2.8281e-06
1.96462e-06
3.12016e-06
3.39626e-06
2.97756e-06
1.34855e-06
2.05003e-06
1.0616e-06
2.35687e-06
1.01498e-06
9.94452e-07
3.57197e-06
2.80258e-06
1.13546e-06
2.6927e-06
2.62925e-06
2.76558e-06
2.8484e-06
3.62453e-06
2.27016e-06
2.80145e-06
2.52408e-06
2.61037e-06
2.69527e-06
2.58358e-06
2.56941e-06
2.61622e-06
2.41077e-06
2.33527e-06
2.60788e-06
2.11364e-06
3.30116e-07
2.68742e-07
5.41814e-08
4.66965e-05
1.09069e-05
4.18625e-07
2.08813e-05
4.04308e-06
9.47342e-08
4.5729e-08
7.64886e-08
3.45575e-05
2.86673e-06
1.18186e-07
1.06692e-05
4.05228e-07
4.29861e-08
3.87774e-08
2.45741e-08
1.11274e-05
9.0365e-07
4.05883e-08
8.69081e-07
4.48965e-08
7.98998e-05
7.10162e-05
6.23253e-05
6.78837e-05
7.97473e-05
6.14954e-05
5.11178e-05
7.13893e-05
8.79986e-06
2.97907e-06
6.8495e-05
5.94462e-05
1.99351e-05
1.7353e-05
4.97713e-05
5.25747e-05
2.9351e-07
4.13168e-05
7.12459e-08
1.00812e-07
2.20141e-06
1.08098e-05
1.56244e-07
2.42352e-06
9.04192e-06
4.7475e-05
6.2671e-05
3.95138e-05
3.42876e-05
5.56384e-05
4.68808e-05
6.11333e-05
3.93803e-07
3.07111e-05
4.77813e-05
1.08143e-07
3.97084e-06
2.58175e-05
3.61245e-06
2.14979e-05
1.75143e-08
1.44007e-05
2.63828e-07
2.43346e-07
6.38484e-07
1.97126e-06
2.18102e-07
4.92803e-07
1.83145e-05
1.65894e-05
1.28377e-05
1.54763e-05
1.74927e-05
1.7519e-05
1.76431e-05
1.71832e-05
1.66934e-06
8.95319e-06
2.75662e-07
1.78423e-06
2.08152e-06
6.43855e-06
2.16578e-06
7.55208e-06
8.04062e-07
6.16484e-06
1.96855e-06
1.00961e-06
1.12588e-06
2.24562e-06
6.47682e-07
1.23308e-06
1.66487e-05
9.44153e-07
6.93477e-07
1.18643e-05
1.38714e-05
4.63646e-06
1.26745e-05
5.15928e-06
1.72532e-05
1.51363e-05
1.27853e-05
3.76791e-06
1.61192e-05
2.10774e-05
1.74532e-05
1.74108e-05
4.93484e-07
4.86071e-07
8.14298e-06
1.61292e-06
6.62997e-07
1.293e-06
1.56396e-06
2.49348e-06
3.21477e-06
3.31332e-06
1.13191e-05
9.30434e-06
3.28241e-06
3.21761e-06
1.01702e-05
8.63102e-06
4.35814e-05
8.80523e-06
4.03817e-05
4.59516e-05
5.48719e-05
3.788e-05
4.22401e-05
2.89052e-05
5.29887e-06
2.29177e-06
2.12633e-06
2.78003e-06
4.9022e-06
4.75801e-06
4.54725e-06
2.96128e-06
1.48781e-05
2.76386e-06
9.95808e-07
4.42345e-08
3.04943e-06
3.11102e-06
6.40533e-07
4.00568e-07
2.56084e-05
1.06075e-06
3.01299e-07
5.81843e-07
1.51826e-05
1.07235e-05
8.87425e-06
7.5536e-07
7.94359e-06
2.55932e-05
3.52423e-05
4.48448e-06
9.89037e-06
2.67663e-05
1.53626e-05
2.95913e-05
6.67331e-06
4.17257e-06
4.027e-06
1.72379e-05
6.14961e-06
4.03607e-06
5.909e-06
3.82663e-06
2.85447e-05
3.19169e-05
2.98481e-06
7.6135e-07
2.51496e-05
2.85983e-05
7.10004e-06
1.0481e-05
1.37069e-05
1.09561e-07
4.84027e-07
2.03622e-06
3.69095e-06
2.67595e-06
1.71495e-06
2.59322e-07
2.97426e-06
1.33463e-05
5.27137e-06
3.85951e-06
7.36908e-06
9.75355e-06
3.78473e-06
8.45775e-06
1.68866e-05
1.95557e-05
2.46455e-05
1.54191e-05
1.70938e-05
1.96464e-05
1.68925e-05
1.87069e-05
5.53536e-06
2.11194e-05
2.72434e-06
1.81342e-06
6.3938e-06
7.62243e-06
4.11742e-06
5.11191e-06
2.88132e-06
1.09324e-05
8.33805e-07
4.35681e-07
2.03495e-06
4.91071e-06
2.22795e-07
1.08466e-06
1.38723e-05
7.86297e-06
6.00261e-06
1.18414e-05
1.26287e-05
8.35774e-06
1.1099e-05
7.28099e-06
1.62063e-05
1.42572e-05
2.31584e-05
9.95831e-06
1.55193e-05
1.58992e-05
1.92321e-05
1.973e-05
5.36421e-06
4.01049e-06
1.02128e-05
2.2685e-06
4.40589e-06
5.91923e-06
4.42828e-06
6.02231e-06
8.0041e-06
3.49892e-06
1.25261e-05
2.1181e-05
8.07769e-06
5.53815e-06
1.75002e-05
1.17178e-05
4.84945e-07
5.0103e-07
2.04609e-06
7.30482e-07
7.18698e-07
9.06455e-07
2.10213e-06
1.31324e-06
5.11113e-07
4.61424e-07
1.77768e-06
8.6011e-07
7.57004e-07
1.10037e-06
2.10987e-06
1.71223e-06
6.6346e-06
4.5007e-06
1.04615e-05
3.2137e-06
5.55951e-06
3.89955e-06
5.99708e-06
5.06514e-06
9.03293e-07
1.03119e-06
2.30376e-06
9.80123e-07
1.09102e-06
2.91054e-06
3.14779e-06
3.06608e-06
7.19344e-07
2.6684e-06
9.54509e-07
9.23618e-07
2.06671e-06
2.42132e-06
7.44163e-07
2.54115e-06
9.5341e-07
2.54954e-06
1.91518e-06
2.19164e-06
1.37113e-06
2.95976e-06
2.42006e-06
2.76581e-06
4.87461e-06
2.6523e-06
2.66142e-06
7.31428e-06
2.4665e-06
2.66954e-06
2.23111e-06
2.92723e-06
3.61134e-06
2.7777e-06
2.80263e-06
3.14865e-06
5.39178e-06
4.21609e-06
4.66625e-06
4.16774e-06
3.74703e-05
2.72922e-05
2.75948e-05
2.21651e-05
3.74012e-05
3.87229e-05
3.44336e-05
3.32916e-05
1.08828e-05
3.41225e-08
1.7054e-08
1.18695e-07
4.49973e-06
6.2949e-07
1.6542e-06
3.63528e-08
7.53157e-06
9.32822e-09
2.38525e-08
1.30329e-07
2.05326e-06
1.08602e-07
8.09691e-07
4.0206e-08
1.37727e-05
4.16224e-07
4.81691e-07
5.52323e-07
2.71272e-06
1.74124e-06
1.08809e-06
5.36343e-07
2.56264e-05
2.8565e-05
1.7899e-05
7.40029e-06
2.46694e-05
3.10611e-05
1.14139e-05
2.53805e-05
1.90555e-05
6.36739e-06
4.59488e-07
1.81569e-05
1.87952e-05
1.21699e-05
1.36464e-05
7.86031e-06
1.36898e-05
1.90208e-05
1.32428e-06
1.25175e-06
1.75848e-05
1.76493e-05
4.32798e-06
4.58579e-06
1.58115e-05
3.40822e-07
5.27332e-07
4.74457e-08
7.01922e-06
1.64883e-06
3.17292e-06
3.31504e-07
3.47335e-06
2.84031e-06
3.03064e-06
2.36872e-06
4.19905e-06
4.04641e-06
2.71873e-06
3.83065e-06
1.74785e-06
5.81431e-07
1.01348e-06
6.4063e-07
1.25464e-06
1.60675e-06
1.48309e-06
6.61059e-07
2.03347e-06
1.20644e-06
1.31115e-06
1.23069e-06
2.41602e-06
2.67634e-06
2.66554e-06
1.00301e-06
1.59643e-06
6.45304e-07
1.01049e-06
5.74822e-07
1.23412e-06
1.4861e-06
9.94698e-07
6.49049e-07
2.65122e-06
7.32926e-06
2.99543e-06
1.4079e-06
2.91508e-06
2.73429e-06
1.75138e-06
2.96832e-06
2.86914e-06
1.64302e-06
2.29928e-06
3.93335e-06
1.682e-06
1.58857e-06
1.68321e-06
2.37165e-06
3.36599e-06
2.59437e-06
1.6397e-06
2.33935e-06
1.93567e-06
1.89798e-06
2.51566e-06
1.80697e-06
2.20359e-06
9.16254e-07
6.69447e-07
8.83168e-07
2.31477e-06
2.23335e-06
2.21373e-06
9.82621e-07
1.33735e-06
1.22557e-06
1.85036e-06
1.1783e-06
9.95893e-07
2.66171e-06
2.70825e-06
2.38683e-06
1.01896e-06
5.75044e-07
1.66767e-06
6.48959e-07
6.49888e-07
1.01275e-06
1.50286e-06
1.24401e-06
3.03537e-06
2.2635e-06
3.01236e-06
2.49765e-06
4.08011e-06
3.74991e-06
3.80086e-06
4.22965e-06
9.6376e-07
6.48153e-07
1.70696e-06
5.81259e-07
6.51828e-07
1.6675e-06
1.40545e-06
1.44703e-06
9.06583e-07
2.60022e-06
8.7698e-07
6.65739e-07
2.2166e-06
2.31347e-06
1.00037e-06
2.15169e-06
2.31321e-06
1.60795e-06
2.47431e-06
3.39305e-06
2.45506e-06
1.82473e-06
1.96516e-06
1.87932e-06
4.20446e-06
2.1487e-06
1.63048e-06
2.28237e-06
1.6094e-06
2.22213e-06
1.67415e-06
1.70689e-06
6.59047e-06
2.79078e-06
1.41751e-06
2.72355e-06
2.92499e-06
2.4095e-06
2.60796e-06
1.73971e-06
9.45384e-07
7.64639e-05
4.66909e-07
1.59787e-06
3.07286e-05
4.72977e-05
2.29196e-06
6.3709e-06
6.31521e-05
2.4486e-05
2.43884e-05
2.2583e-05
2.85429e-05
2.75558e-05
2.36606e-05
2.41799e-05
1.0727e-07
1.66046e-05
5.2644e-07
9.21355e-07
5.18893e-06
6.0772e-06
7.752e-07
7.90326e-07
1.39871e-06
1.42918e-05
1.67681e-06
2.92452e-06
4.23348e-06
4.4769e-06
2.37404e-06
2.54046e-06
8.12377e-05
1.90835e-05
1.89048e-05
2.04088e-05
6.30608e-05
2.78713e-05
4.0729e-05
3.30525e-05
8.48321e-05
2.01579e-05
2.56924e-05
3.07185e-05
6.67049e-05
2.34298e-05
4.00318e-05
2.11132e-05
1.87505e-06
2.24229e-06
1.40922e-05
1.30981e-06
1.02851e-06
3.84449e-06
3.25522e-06
4.70607e-06
5.86e-06
1.35602e-06
1.46858e-05
1.72822e-05
7.10853e-06
4.2699e-06
1.54933e-05
1.43242e-05
1.41906e-05
2.81876e-05
1.18611e-05
1.31958e-05
1.42526e-05
1.44035e-05
1.31928e-05
1.32969e-05
3.14585e-05
6.30717e-08
8.66017e-08
9.83194e-07
9.07831e-06
6.18273e-07
1.82186e-06
2.45303e-07
9.32185e-06
7.90098e-08
2.93515e-07
1.56342e-06
3.03257e-06
1.40922e-06
2.15957e-06
6.55019e-07
1.20556e-05
2.95995e-06
3.87382e-06
2.88445e-06
9.29326e-06
7.14918e-06
6.12953e-06
3.82461e-06
2.53917e-05
1.12513e-05
1.29873e-05
3.60249e-06
2.07867e-05
1.29961e-05
2.07994e-05
1.2601e-05
2.36717e-05
1.78861e-06
1.22635e-07
1.03034e-05
2.02922e-05
2.91465e-06
1.57968e-05
1.22504e-06
9.40915e-06
1.19774e-05
1.68523e-06
4.33865e-06
9.23529e-06
1.0863e-05
5.26751e-06
6.87615e-06
8.29768e-06
2.73379e-06
5.86591e-07
1.18002e-07
3.67935e-06
3.44299e-06
6.163e-07
6.9126e-07
4.6488e-07
2.0649e-06
8.68277e-07
5.08027e-07
1.0528e-06
1.63239e-06
7.50187e-07
2.14062e-06
4.5251e-06
9.52676e-06
3.54145e-06
6.36845e-06
3.11471e-06
5.70634e-06
6.14079e-06
4.9356e-06
1.01189e-06
2.18129e-06
1.06621e-06
8.54098e-07
2.96203e-06
3.12302e-06
1.06249e-06
3.21924e-06
5.03011e-07
2.04005e-06
7.23169e-07
5.0929e-07
9.34847e-07
1.32445e-06
7.19019e-07
2.11687e-06
1.67261e-06
2.57263e-06
9.52969e-07
1.98722e-06
2.67975e-06
2.94836e-06
2.59324e-06
1.38971e-06
3.4255e-06
3.44637e-06
2.90038e-06
2.79597e-06
3.62225e-06
4.16123e-06
3.11892e-06
3.26234e-06
9.07611e-07
7.19646e-07
2.26541e-06
9.29263e-07
7.40901e-07
2.1038e-06
2.58494e-06
2.48597e-06
2.67921e-06
2.72151e-06
4.51725e-06
6.41788e-06
2.97359e-06
2.8346e-06
2.40186e-06
2.76229e-06
1.24555e-05
1.21049e-05
1.34572e-05
9.44985e-06
1.16608e-05
1.25429e-05
1.14681e-05
1.24806e-05
1.28785e-05
2.2342e-06
2.48095e-06
4.86723e-06
6.59775e-06
4.04773e-06
6.50359e-06
3.63205e-06
1.42649e-05
6.12381e-06
3.2321e-06
2.74501e-06
1.23008e-05
9.54425e-06
9.06682e-06
4.42897e-06
7.53417e-06
3.35425e-06
1.71321e-06
1.91198e-06
6.61444e-06
7.10301e-06
5.26807e-06
2.19629e-06
1.1445e-05
1.26582e-05
8.83733e-06
8.36408e-06
1.09245e-05
1.1549e-05
9.36495e-06
9.78039e-06
1.34777e-05
7.26304e-06
4.72732e-06
1.36196e-05
1.24724e-05
7.85157e-06
1.28752e-05
8.95723e-06
1.22335e-05
8.74009e-06
8.21353e-06
4.62069e-06
1.00758e-05
9.74467e-06
9.85858e-06
9.11495e-06
1.34126e-05
3.18783e-06
5.25604e-06
4.88289e-06
1.14668e-05
7.71298e-06
9.03523e-06
5.30495e-06
5.77398e-07
1.79852e-06
6.54857e-07
9.58897e-07
1.38564e-06
1.36878e-06
6.44941e-07
1.62918e-06
2.39865e-06
3.05263e-06
2.45014e-06
3.8658e-06
2.89179e-06
3.68322e-06
3.71247e-06
3.33755e-06
6.43506e-07
1.8213e-06
5.76255e-07
9.94324e-07
1.45445e-06
1.19165e-06
6.43303e-07
9.83579e-07
1.172e-06
2.62368e-06
1.19134e-06
1.29722e-06
2.75215e-06
2.36558e-06
1.00153e-06
2.64532e-06
1.99661e-06
1.68858e-06
2.22996e-06
3.18145e-06
1.88685e-06
1.9583e-06
2.13251e-06
2.28971e-06
2.40446e-06
4.32908e-06
2.66047e-06
1.42678e-06
2.48856e-06
2.94729e-06
1.71868e-06
3.07426e-06
6.69006e-07
8.73005e-07
2.48371e-06
8.98441e-07
9.80832e-07
2.16877e-06
2.18826e-06
2.26787e-06
1.55734e-06
2.30355e-06
2.90298e-06
3.32351e-06
1.595e-06
2.42432e-06
1.67322e-06
1.69248e-06
1.21156e-05
3.56584e-05
2.71297e-05
1.09584e-05
1.19651e-05
1.6393e-05
1.2064e-05
1.61147e-05
4.47865e-05
8.89436e-08
1.2208e-07
3.73202e-06
3.165e-05
3.44057e-06
1.4938e-05
5.96199e-07
2.60333e-05
6.88233e-08
1.24963e-06
1.357e-06
1.56929e-05
2.20144e-06
9.26646e-06
3.34463e-07
8.22939e-06
3.14328e-06
2.08773e-06
2.32202e-06
6.51648e-06
5.90327e-06
3.71663e-06
3.07612e-06
3.35234e-05
2.77455e-05
1.03714e-05
1.94189e-05
2.59324e-05
1.6267e-05
1.75288e-05
1.39767e-05
4.94983e-05
1.9166e-05
2.97688e-06
3.05089e-05
3.83195e-05
3.35758e-05
3.06796e-05
1.96166e-05
2.12393e-05
1.01448e-05
5.95444e-06
3.8299e-06
2.03418e-05
1.17176e-05
9.96495e-06
8.52845e-06
2.96143e-05
2.38167e-06
4.03722e-06
3.67178e-07
2.07586e-05
9.90709e-06
1.18257e-05
2.16246e-06
9.83794e-07
9.68003e-07
2.78004e-06
9.73897e-07
1.03135e-06
3.10913e-06
3.19997e-06
3.04109e-06
8.26235e-07
5.96739e-07
1.93632e-06
6.60045e-07
7.42622e-07
1.50277e-06
1.46056e-06
1.47016e-06
4.80312e-06
4.16649e-06
6.74737e-06
3.32898e-06
4.17636e-06
4.06043e-06
3.74373e-06
6.24608e-06
7.97495e-07
6.83296e-07
2.26875e-06
5.88262e-07
7.18763e-07
1.45614e-06
1.45193e-06
1.87883e-06
9.26437e-07
3.13988e-06
9.17787e-07
7.30464e-07
2.64867e-06
2.84151e-06
8.21177e-07
2.72615e-06
2.71574e-06
1.30293e-06
3.02367e-06
2.67144e-06
2.74775e-06
2.93255e-06
2.59265e-06
2.54635e-06
3.20061e-06
2.63381e-06
1.61701e-06
2.81461e-06
2.86283e-06
2.52521e-06
2.53025e-06
2.8934e-06
4.35815e-06
3.5771e-06
1.777e-06
3.63039e-06
3.9333e-06
2.42643e-06
2.66392e-06
2.18651e-06
4.62349e-07
1.82766e-06
8.55073e-07
5.15136e-07
1.10655e-06
1.606e-06
7.46648e-07
2.13435e-06
4.43166e-06
1.12919e-05
4.07792e-06
5.41256e-06
3.6714e-06
4.6269e-06
5.44635e-06
5.19721e-06
1.02088e-06
2.1303e-06
1.11654e-06
8.6206e-07
2.9591e-06
3.15913e-06
1.05106e-06
3.23837e-06
5.04628e-07
1.95733e-06
7.23357e-07
5.08535e-07
9.36726e-07
1.308e-06
7.17193e-07
2.10407e-06
2.0169e-06
2.57837e-06
9.54767e-07
2.07208e-06
2.67481e-06
3.03949e-06
2.37871e-06
1.34664e-06
3.30674e-06
3.35014e-06
2.87723e-06
2.79495e-06
4.7362e-06
4.58147e-06
3.79951e-06
3.81987e-06
9.17453e-07
7.15483e-07
2.21421e-06
9.33765e-07
7.42782e-07
2.091e-06
2.59141e-06
2.46062e-06
2.68878e-06
2.72041e-06
4.62025e-06
5.66062e-06
2.99226e-06
2.8444e-06
2.48586e-06
2.83782e-06
2.35408e-06
8.58561e-06
3.52141e-06
3.14505e-06
5.06607e-06
7.38712e-06
2.84949e-06
4.6078e-06
9.98936e-06
1.09159e-05
9.98249e-06
1.05309e-05
1.05581e-05
1.04497e-05
9.83124e-06
1.01605e-05
1.20533e-06
2.33456e-05
3.19224e-08
1.18761e-07
4.15151e-06
1.15751e-05
2.86971e-07
9.99278e-07
8.46254e-07
9.91566e-06
3.35454e-07
5.13301e-07
1.12108e-06
2.6221e-06
3.07329e-07
3.99063e-07
9.32576e-06
4.21251e-06
5.39316e-06
1.02906e-05
8.05951e-06
6.50284e-06
8.98508e-06
6.6551e-06
9.22569e-06
1.00633e-05
9.44656e-06
6.88945e-06
8.81658e-06
8.98843e-06
8.08478e-06
8.52803e-06
2.43736e-06
1.2143e-06
9.01326e-06
6.31456e-07
1.65948e-06
5.55569e-06
1.80028e-06
4.86062e-06
5.46858e-06
2.00906e-06
1.02184e-05
1.0189e-05
5.47535e-06
5.03989e-06
7.81294e-06
6.86308e-06
2.60665e-06
2.48846e-06
2.27315e-06
2.50898e-06
2.35235e-06
2.44304e-06
1.95688e-06
1.81008e-06
1.59818e-06
8.45167e-07
8.82844e-07
9.98033e-07
2.75232e-06
2.64463e-06
2.23618e-06
9.41928e-07
2.11205e-06
9.6155e-07
1.60642e-06
1.35729e-06
3.52875e-06
3.79823e-06
3.64026e-06
1.18828e-06
2.9457e-06
9.0802e-07
1.10816e-06
7.10968e-07
1.88998e-06
2.2315e-06
1.76531e-06
9.54235e-07
3.46807e-06
3.00284e-06
2.19596e-06
2.34512e-06
3.07715e-06
2.33916e-06
2.03874e-06
2.11558e-06
3.16765e-06
2.37363e-06
3.27828e-06
3.00721e-06
2.3281e-06
2.56458e-06
1.8572e-06
3.04797e-06
3.08998e-06
1.65061e-06
1.95592e-06
2.84994e-06
1.896e-06
1.66094e-06
2.73098e-06
2.25405e-06
2.02701e-06
1.18674e-06
9.2173e-07
1.02394e-06
3.00552e-06
2.85616e-06
3.05751e-06
1.07332e-06
5.56728e-05
4.98946e-05
4.79472e-05
2.62171e-05
5.23286e-05
5.21262e-05
3.79198e-05
3.74751e-05
2.19455e-05
5.04747e-06
3.97941e-07
6.59918e-06
1.97886e-05
4.80286e-06
2.71944e-06
1.07899e-06
2.61802e-05
3.74336e-07
1.0982e-07
7.21894e-07
6.99795e-06
3.36335e-06
1.90069e-06
2.31464e-07
1.06355e-05
2.98736e-06
2.5402e-06
3.19738e-06
8.98292e-06
4.23176e-06
5.00538e-06
2.09788e-06
3.68412e-05
3.11118e-05
2.54305e-05
1.19474e-05
2.76436e-05
3.27104e-05
1.82571e-05
2.37461e-05
2.49609e-05
6.79131e-06
2.03775e-06
2.66052e-05
1.95891e-05
4.71175e-06
3.17846e-05
3.8401e-06
3.03236e-05
2.22256e-05
4.52624e-06
2.89165e-06
1.68173e-05
1.72835e-05
3.69319e-06
4.82251e-06
2.77932e-05
5.52784e-07
7.19635e-07
4.18616e-07
6.78109e-06
3.10901e-06
8.19524e-07
5.20886e-07
7.00172e-07
2.17073e-06
1.00207e-06
9.22863e-07
1.92599e-06
2.65758e-06
7.83945e-07
2.4048e-06
2.59364e-06
2.5818e-06
2.31411e-06
2.86099e-06
3.46688e-06
4.93635e-06
3.16443e-06
3.72764e-06
1.24463e-06
1.99636e-06
1.42011e-06
1.25956e-06
3.81016e-06
3.48286e-06
1.18771e-06
3.72369e-06
1.10343e-06
2.22042e-06
1.10842e-06
1.01065e-06
3.19115e-06
3.11936e-06
1.0708e-06
3.15975e-06
3.39757e-06
2.65933e-06
2.69601e-06
4.90763e-06
2.31209e-06
2.55783e-06
2.42647e-06
2.71461e-06
3.28184e-06
4.31512e-06
2.31086e-06
2.51494e-06
2.5804e-06
2.93442e-06
2.21361e-06
2.52486e-06
9.78966e-07
9.81595e-07
2.77422e-06
1.15486e-06
1.18376e-06
2.77776e-06
3.37501e-06
2.86842e-06
2.72712e-06
3.23643e-06
2.93289e-06
2.72758e-06
2.77239e-06
3.03049e-06
2.2852e-06
2.22513e-06
1.97071e-06
1.35459e-06
6.21475e-06
1.06288e-06
1.42009e-06
1.84363e-06
1.44938e-06
1.86296e-06
2.24139e-06
2.80126e-06
1.22455e-05
1.95593e-06
1.78452e-06
4.03958e-06
2.0839e-06
4.1161e-06
8.33645e-06
1.38577e-05
1.38695e-05
9.92941e-06
1.16224e-05
1.40578e-05
1.2899e-05
1.44855e-05
3.9875e-07
8.87969e-07
2.2538e-06
1.50668e-07
2.86413e-07
8.25681e-07
3.04666e-07
1.35739e-06
8.83405e-07
3.81173e-06
7.92135e-07
9.56207e-07
8.97023e-07
1.51298e-06
7.02168e-07
8.97693e-07
2.52791e-06
1.92166e-06
1.1381e-05
5.36306e-06
2.59103e-06
3.06287e-06
4.38325e-06
9.03173e-06
4.39546e-06
7.19786e-07
2.65394e-06
2.66513e-06
3.32336e-06
9.46228e-07
2.60584e-06
1.88801e-06
5.53368e-06
6.7101e-06
4.32955e-06
1.23936e-05
9.01848e-06
6.6244e-06
9.48674e-06
6.35067e-06
5.47409e-07
8.47398e-06
4.93414e-05
9.50763e-07
6.93941e-07
3.36462e-06
3.14968e-06
7.43467e-06
3.20635e-06
2.56096e-06
1.64543e-05
5.45833e-06
4.66252e-06
1.11176e-05
9.57135e-06
1.1568e-05
7.4606e-05
4.24949e-05
0.000109313
8.26325e-05
3.77393e-05
5.02831e-05
7.25049e-05
5.42121e-05
1.17949e-06
1.62361e-06
6.4658e-05
6.82722e-07
2.35932e-06
1.86488e-05
1.74684e-05
4.02764e-05
4.43026e-06
4.92325e-05
1.63808e-06
2.9266e-06
4.00604e-06
1.13067e-05
2.01281e-06
4.53672e-06
9.34352e-06
1.23417e-05
2.60495e-05
4.14579e-05
1.28827e-05
1.38015e-05
2.93738e-05
2.312e-05
7.04943e-05
6.0447e-06
4.60716e-06
7.41068e-05
6.28566e-05
1.33679e-05
3.97681e-05
1.91032e-05
7.11639e-05
7.41516e-05
1.28016e-05
3.65535e-05
6.29472e-05
5.57183e-05
2.94916e-05
3.81898e-05
3.12755e-06
2.38293e-06
2.48224e-06
2.51798e-06
3.40664e-06
2.31101e-06
2.36734e-06
2.78576e-06
1.64414e-06
7.37723e-07
1.0619e-06
8.98713e-07
2.10644e-06
1.66762e-06
2.1695e-06
9.68884e-07
2.23073e-06
1.11234e-06
1.10693e-06
1.10744e-06
3.71928e-06
3.709e-06
4.28975e-06
1.20799e-06
1.97849e-06
9.81257e-07
9.07369e-07
8.22923e-07
2.62533e-06
2.28682e-06
2.62146e-06
1.0089e-06
2.65159e-06
4.71344e-06
2.97506e-06
2.30867e-06
1.7784e-06
3.76211e-06
2.19569e-06
2.43888e-06
1.67437e-06
2.0207e-06
2.54468e-06
3.64268e-06
2.3747e-06
2.18331e-06
1.82822e-06
2.46443e-06
3.50649e-06
2.66918e-06
2.39093e-06
3.22713e-06
2.61226e-06
2.48351e-06
2.9539e-06
2.44953e-06
3.78087e-06
1.17292e-06
9.66842e-07
1.18774e-06
2.86362e-06
3.09748e-06
2.80289e-06
1.07471e-06
6.96885e-07
9.36836e-07
1.03703e-06
1.79479e-06
1.88872e-06
7.89847e-07
2.42018e-06
2.26319e-06
1.13674e-06
1.06274e-06
1.11986e-06
1.99843e-06
3.21185e-06
1.10294e-06
3.16112e-06
3.19126e-06
1.3328e-06
1.22059e-06
1.56369e-06
1.78593e-06
3.82211e-06
1.22394e-06
3.23017e-06
3.4833e-06
2.0548e-06
3.36798e-06
2.28747e-06
2.69294e-06
2.8689e-06
2.78646e-06
3.27924e-06
3.21798e-06
2.68835e-06
2.57517e-06
2.94789e-06
4.64413e-06
2.67312e-06
2.44497e-06
2.21993e-06
1.94868e-06
9.94488e-07
2.44025e-06
1.09941e-06
9.75536e-07
2.72883e-06
2.87709e-06
1.13953e-06
3.2631e-06
2.36703e-06
2.30248e-06
3.88562e-06
3.73402e-06
2.02108e-06
2.61182e-06
3.71377e-06
2.70849e-06
2.57249e-06
3.24658e-06
3.07309e-06
3.18338e-06
2.6641e-06
2.65421e-06
2.9641e-06
2.09292e-06
8.85897e-08
1.00597e-06
8.54642e-07
2.58475e-05
1.25659e-06
3.49058e-07
1.55198e-05
8.31112e-06
1.70123e-06
2.00857e-06
2.61834e-06
9.5715e-06
4.87591e-06
2.0286e-06
5.70351e-06
5.10891e-06
5.33973e-07
1.95945e-06
8.9351e-07
2.57143e-05
1.18669e-06
7.45996e-07
6.12526e-06
1.51594e-06
6.36488e-05
2.97227e-05
4.41219e-05
5.87322e-05
6.83291e-05
3.09256e-05
7.18479e-05
4.35388e-05
1.18644e-06
1.70854e-06
3.50752e-05
2.29606e-05
1.02944e-05
1.23523e-05
2.16074e-05
3.38863e-05
6.03269e-07
1.73552e-05
2.16829e-06
7.35483e-07
1.52024e-06
4.07803e-06
4.97338e-07
3.88453e-06
1.83167e-05
5.85655e-05
2.15201e-05
5.1676e-05
5.10951e-05
5.29159e-05
5.14246e-05
2.74004e-05
1.07656e-05
2.48015e-05
1.72209e-05
3.94414e-06
1.09256e-05
2.68198e-05
5.8142e-06
1.50016e-05
1.93e-07
3.21308e-05
1.76015e-06
2.28502e-06
1.73691e-06
1.37086e-05
7.16909e-07
4.74778e-06
5.62703e-05
2.17868e-05
2.33247e-05
2.22666e-05
4.24574e-05
2.59227e-05
3.34172e-05
2.28956e-05
7.37836e-07
1.48692e-05
3.35623e-06
4.37095e-06
5.99414e-06
1.07398e-05
4.59215e-06
1.40034e-05
1.91479e-06
8.49905e-06
1.92767e-06
2.30917e-06
2.5963e-06
7.05342e-06
2.02173e-06
3.30263e-06
2.636e-05
2.46477e-06
7.22614e-06
1.24775e-05
2.27312e-05
5.33865e-06
1.43259e-05
6.97571e-06
5.16109e-05
2.33718e-05
2.78722e-05
3.74419e-06
3.58502e-05
2.53775e-05
2.92554e-05
1.87445e-05
1.13744e-06
2.34841e-06
1.09911e-05
2.02276e-06
1.01083e-06
3.29683e-06
1.81026e-06
4.49566e-06
1.94215e-06
9.01112e-06
2.03998e-05
2.3138e-05
4.49683e-06
7.30207e-06
2.20438e-05
1.86417e-05
3.84668e-06
2.25893e-06
7.36244e-06
6.06161e-06
4.10443e-06
4.40253e-06
5.45441e-06
6.88981e-06
1.90579e-06
1.13021e-06
2.70411e-05
2.24884e-05
3.28934e-06
1.10029e-05
2.12399e-05
2.10962e-05
3.7417e-05
5.63732e-05
0.000103356
5.1639e-05
4.43529e-05
4.60358e-05
5.55399e-05
7.54073e-05
7.47614e-06
1.16654e-05
1.11341e-05
8.47653e-06
7.65736e-06
9.83388e-06
8.24477e-06
1.03686e-05
2.96525e-06
7.93215e-06
6.32494e-06
9.36503e-06
8.08694e-06
7.37439e-06
7.90738e-06
7.60178e-06
3.64489e-06
2.37607e-05
2.64273e-05
2.39278e-05
1.96591e-05
2.3086e-05
2.28927e-05
2.75011e-05
9.70825e-06
7.15269e-06
1.20965e-05
1.14186e-05
9.53139e-06
8.83625e-06
1.03825e-05
9.54998e-06
3.25691e-05
4.40494e-05
3.38493e-05
4.57818e-05
3.71213e-05
3.83471e-05
4.017e-05
4.09124e-05
3.08659e-06
3.19171e-06
6.47267e-06
3.30232e-06
3.18576e-06
2.77985e-06
3.66348e-06
3.84942e-06
2.69328e-06
1.3734e-06
2.59857e-06
2.76959e-06
1.57757e-06
1.13664e-06
2.60422e-06
2.26775e-06
5.86699e-06
5.25696e-06
1.04543e-05
3.61006e-06
3.84565e-06
4.11566e-06
5.20605e-06
4.96828e-06
4.78738e-06
3.18353e-06
1.87576e-06
2.41568e-06
3.16978e-06
2.86878e-06
4.20957e-06
2.72921e-06
2.8124e-06
2.99201e-06
2.96561e-06
2.82434e-06
2.53194e-06
3.64763e-06
3.15391e-06
3.10423e-06
2.06416e-06
3.06264e-06
2.28182e-06
2.76575e-06
3.87356e-06
3.70251e-06
4.43688e-06
2.61052e-06
4.84726e-06
4.20791e-06
3.31758e-06
4.02617e-06
3.80056e-06
3.553e-06
3.39139e-06
4.94546e-06
3.52901e-06
2.10665e-06
3.09643e-06
2.64893e-06
3.90618e-06
3.9906e-06
2.4144e-06
2.79285e-06
1.20889e-05
1.0985e-05
9.86864e-06
1.2265e-05
1.16307e-05
1.11175e-05
1.11512e-05
1.03558e-05
9.29109e-06
6.82297e-06
4.16666e-06
9.40945e-06
8.01774e-06
5.50677e-06
7.7548e-06
6.3571e-06
8.28601e-06
3.16122e-06
1.05189e-06
1.44023e-05
7.27478e-06
3.11764e-06
6.44022e-06
2.48399e-06
2.5258e-05
2.02832e-05
3.55359e-05
5.31885e-05
2.53903e-05
2.18117e-05
4.95469e-05
4.21347e-05
1.03534e-05
9.19349e-06
1.21562e-05
1.09122e-05
9.63989e-06
1.00062e-05
1.11801e-05
1.14394e-05
9.65748e-06
9.73172e-06
5.0541e-06
7.92035e-06
8.63731e-06
7.98105e-06
7.72812e-06
6.54104e-06
1.1045e-05
1.93319e-05
1.50176e-05
2.39097e-05
1.78477e-05
1.62634e-05
1.83127e-05
1.63101e-05
9.05131e-06
1.98478e-05
1.33686e-05
4.95084e-06
8.92601e-06
1.69721e-05
7.63162e-06
1.64304e-05
3.70272e-06
3.57268e-06
3.35649e-06
2.54762e-06
2.75497e-06
3.3902e-06
3.55066e-06
3.61702e-06
3.52623e-06
4.47672e-06
3.02317e-06
5.51786e-06
4.01483e-06
4.32192e-06
5.25558e-06
4.54772e-06
2.0994e-06
1.82758e-06
1.26689e-06
2.4361e-06
1.41035e-06
1.53833e-06
1.83719e-06
1.77014e-06
2.54475e-06
3.22277e-06
2.81445e-06
2.72228e-06
1.94894e-06
2.03692e-06
2.97613e-06
2.91326e-06
3.77837e-06
2.26061e-06
2.11977e-06
2.85278e-06
5.13133e-06
4.56778e-06
6.65483e-06
2.25829e-06
4.02522e-06
3.09126e-06
3.20939e-06
2.95105e-06
4.42817e-06
4.80998e-06
2.82792e-06
2.74675e-06
4.26857e-06
2.5684e-06
3.14555e-06
2.56376e-06
3.02308e-06
2.91363e-06
2.10388e-06
3.08701e-06
3.21933e-06
2.51188e-06
3.62132e-06
3.05086e-06
3.08497e-06
2.26936e-06
3.69123e-06
3.6554e-06
7.78675e-05
2.01793e-05
8.45594e-06
4.90378e-05
6.62269e-05
2.23718e-05
3.7711e-05
9.93582e-06
7.28911e-06
7.30694e-06
6.59217e-06
6.17032e-06
6.59121e-06
7.00653e-06
6.05817e-06
6.61035e-06
5.45822e-06
5.74477e-06
4.30615e-06
4.11472e-06
5.42755e-06
5.28214e-06
4.98385e-06
4.49658e-06
2.25082e-05
2.62244e-05
4.77201e-06
9.48942e-07
2.35841e-05
1.95814e-05
1.16598e-05
1.30897e-05
1.44636e-05
8.61058e-06
3.92148e-05
1.60244e-05
9.81598e-06
9.30484e-06
1.35399e-05
1.56544e-05
7.28286e-06
6.22498e-06
6.21067e-06
6.24475e-06
6.39987e-06
6.03768e-06
6.28853e-06
5.90165e-06
8.23365e-06
1.86321e-05
1.85553e-05
4.90131e-06
1.22161e-05
1.6215e-05
1.30761e-05
1.63591e-05
5.73479e-06
4.28193e-06
6.01084e-06
5.78649e-06
5.53381e-06
5.75875e-06
5.58274e-06
5.72338e-06
6.26918e-06
4.35597e-06
3.58142e-06
6.36753e-06
4.63387e-06
5.31898e-06
6.43437e-06
3.8507e-06
3.17675e-06
2.28724e-06
2.81467e-06
2.44657e-06
2.31303e-06
2.88683e-06
2.36915e-06
2.85657e-06
2.58496e-06
2.5032e-06
1.26513e-06
1.92725e-06
1.73513e-06
2.05249e-06
1.5946e-06
1.42988e-06
5.59537e-06
3.76981e-06
2.29652e-06
3.27043e-06
3.0557e-06
3.58401e-06
5.55501e-06
2.69598e-06
2.82517e-06
2.98457e-06
3.97019e-06
2.67046e-06
3.3634e-06
3.19691e-06
5.45862e-06
4.08311e-06
4.09956e-06
3.38083e-06
2.64012e-06
3.38438e-06
2.78075e-06
3.01493e-06
2.96815e-06
2.10787e-06
3.08193e-06
5.06737e-06
2.74522e-06
2.99008e-06
3.84194e-06
3.13036e-06
3.31123e-06
3.93523e-06
2.00653e-06
2.09626e-06
2.94881e-06
2.63385e-06
3.14372e-06
3.6477e-06
2.4874e-06
2.41175e-06
6.09453e-06
1.2037e-05
9.68173e-06
6.96988e-06
7.96371e-06
9.87986e-06
8.18678e-06
9.13389e-06
1.17548e-05
1.24533e-05
1.14549e-05
9.53456e-06
1.11696e-05
1.13905e-05
9.54686e-06
1.06244e-05
1.09482e-05
1.26599e-05
1.53264e-05
1.38575e-05
1.14372e-05
1.24908e-05
1.39648e-05
1.45979e-05
7.61322e-06
7.97248e-06
1.0828e-05
5.68046e-06
7.4149e-06
8.01392e-06
7.53364e-06
8.24802e-06
1.08677e-05
9.52087e-06
8.94735e-06
8.61372e-06
9.32134e-06
9.4018e-06
9.11819e-06
9.3982e-06
1.07419e-05
8.94728e-06
1.06572e-05
9.68783e-06
9.27443e-06
9.08839e-06
9.33632e-06
9.41916e-06
9.45672e-06
8.68815e-06
7.9518e-06
1.0999e-05
9.13039e-06
8.48792e-06
9.05336e-06
8.0102e-06
1.01788e-05
1.27067e-05
8.79622e-06
1.18545e-05
1.0521e-05
1.05418e-05
1.03975e-05
1.03737e-05
1.2757e-06
2.56683e-06
2.54983e-06
2.42633e-06
1.1905e-06
1.81858e-06
1.77608e-06
1.55361e-06
2.89283e-06
3.51439e-06
3.11049e-06
3.43043e-06
2.95486e-06
3.13529e-06
2.6728e-06
1.88132e-06
3.90016e-06
4.60384e-06
9.40083e-06
1.14927e-05
4.30051e-06
5.88375e-06
6.53862e-06
5.19539e-06
3.05355e-06
4.28184e-06
7.75209e-06
4.26689e-06
2.91951e-06
3.59124e-06
3.89541e-06
3.15366e-06
2.77338e-06
2.06462e-06
1.94112e-06
2.3841e-06
3.17004e-06
3.17312e-06
2.39145e-06
5.08053e-06
2.72968e-06
2.87919e-06
3.07478e-06
3.59888e-06
1.9359e-06
2.66694e-06
2.46172e-06
2.40409e-06
3.23131e-06
3.35052e-06
3.50322e-06
4.55219e-06
3.69716e-06
2.78003e-06
3.72024e-06
4.44153e-06
3.02775e-06
4.16436e-06
2.43994e-06
2.79304e-06
3.84328e-06
4.55068e-06
2.8127e-06
5.0825e-06
2.07783e-05
3.22935e-05
1.92255e-05
2.941e-05
2.29901e-05
2.29586e-05
2.28203e-05
2.25965e-05
6.55191e-05
9.40238e-05
4.09147e-05
5.67541e-05
7.51197e-05
7.49093e-05
6.1005e-05
5.65406e-05
1.55875e-05
1.78052e-05
8.02274e-06
9.49375e-06
1.57692e-05
1.57445e-05
1.08685e-05
1.07246e-05
3.28261e-05
5.0484e-05
8.94047e-06
1.10569e-05
3.75129e-05
3.29786e-05
1.30753e-05
1.20456e-05
3.77274e-05
2.09358e-05
3.33202e-05
5.57985e-05
3.50788e-05
2.57508e-05
4.71992e-05
3.38177e-05
3.8834e-05
4.66299e-05
3.25817e-05
2.12965e-05
3.45165e-05
4.08106e-05
2.86352e-05
3.2298e-05
1.86564e-05
2.8615e-05
3.71868e-05
1.14713e-05
2.32191e-05
2.80631e-05
2.62959e-05
3.36981e-05
1.8512e-05
1.11787e-05
2.90241e-05
3.01116e-05
2.12828e-05
2.67185e-05
3.01862e-05
3.0306e-05
1.15663e-06
1.62685e-06
1.92824e-06
2.67089e-06
1.50892e-06
1.58546e-06
2.52553e-06
2.39119e-06
3.02447e-06
5.0913e-06
5.32682e-06
3.75859e-06
3.335e-06
4.50858e-06
3.9389e-06
3.38353e-06
3.45505e-06
6.37571e-06
7.48859e-06
6.03667e-06
3.92189e-06
6.21893e-06
6.79672e-06
4.13715e-06
2.92498e-06
3.21072e-06
3.37375e-06
3.39365e-06
3.04458e-06
2.68297e-06
3.26455e-06
2.0957e-06
2.11244e-06
2.20606e-06
2.63431e-06
2.69703e-06
3.90265e-06
3.90652e-06
2.63064e-06
2.26774e-06
3.56457e-06
2.63839e-06
4.10294e-06
3.37891e-06
3.28786e-06
4.67554e-06
3.67368e-06
3.87193e-06
3.9415e-06
2.98739e-06
3.74773e-06
3.58407e-06
3.39098e-06
2.43623e-06
2.57814e-06
3.59157e-06
3.18488e-06
2.59206e-06
2.93736e-06
3.57123e-06
4.67949e-06
3.39948e-06
4.66696e-06
5.60599e-06
1.86291e-05
3.73756e-05
1.7102e-05
1.92364e-05
3.25218e-05
2.97834e-05
1.84869e-05
1.87555e-05
1.75577e-05
9.71979e-08
3.39033e-05
1.13147e-05
5.95222e-06
3.69762e-06
3.18619e-05
3.86735e-05
1.12564e-05
2.4896e-05
1.07034e-05
9.89468e-06
1.23201e-05
1.25203e-05
1.01871e-05
1.02735e-05
9.74724e-06
4.65125e-06
8.47777e-06
5.09343e-06
1.00102e-05
1.1877e-05
7.08645e-06
7.27409e-06
2.49636e-05
1.49673e-05
1.39114e-05
1.97336e-05
1.92565e-05
1.56025e-05
2.00619e-05
1.45226e-05
2.56997e-05
1.68196e-05
3.17708e-05
1.49119e-05
2.34197e-05
3.24929e-05
2.13676e-05
2.81646e-05
1.11622e-05
1.07147e-05
1.71867e-05
9.12566e-06
1.10986e-05
1.11523e-05
1.23326e-05
1.34595e-05
1.1353e-05
9.49391e-06
1.76848e-05
3.03699e-05
1.28583e-05
1.25384e-05
2.25291e-05
2.05785e-05
6.13827e-07
3.5223e-05
2.55471e-05
4.30557e-06
8.87173e-06
2.7979e-05
1.08485e-05
2.79968e-05
2.85096e-05
1.53669e-05
2.06782e-05
1.43895e-05
1.61912e-05
1.62828e-05
1.59627e-05
1.63055e-05
3.97455e-05
3.16004e-05
5.61003e-05
2.60042e-05
3.14481e-05
3.47022e-05
3.09435e-05
3.54949e-05
1.01662e-05
1.33729e-05
1.15644e-05
4.33604e-06
1.34892e-05
1.363e-05
8.75643e-06
1.17276e-05
3.57471e-05
3.32253e-05
7.01861e-06
1.45496e-05
3.04551e-05
3.35563e-05
2.22509e-05
2.57238e-05
3.30332e-05
1.50199e-05
2.26497e-05
3.80967e-05
2.84656e-05
1.75871e-05
3.35905e-05
2.2955e-05
2.85814e-05
7.6198e-06
1.43189e-05
1.82582e-05
2.10894e-05
2.04709e-05
1.87156e-05
1.49563e-05
3.25799e-05
1.9687e-05
1.50173e-05
2.19604e-05
2.26829e-05
2.0306e-05
2.10719e-05
1.86581e-05
2.59302e-06
2.73614e-06
6.92362e-06
3.8419e-06
2.76379e-06
2.22985e-06
2.6909e-06
2.99566e-06
2.92502e-06
1.28277e-06
2.77953e-06
2.93066e-06
1.53818e-06
1.05923e-06
2.4627e-06
2.4152e-06
9.91844e-06
5.61251e-06
8.86887e-06
5.67049e-06
3.97769e-06
3.78368e-06
3.81185e-06
3.79934e-06
5.21111e-06
3.34476e-06
2.82607e-06
3.77876e-06
2.82906e-06
2.79387e-06
3.45769e-06
2.71794e-06
2.72545e-06
4.55148e-06
3.29678e-06
2.89355e-06
2.54981e-06
3.02274e-06
3.41916e-06
2.59776e-06
1.89642e-06
3.00439e-06
2.22113e-06
2.99945e-06
3.45868e-06
3.22285e-06
3.89626e-06
2.51727e-06
4.12356e-06
3.59851e-06
3.33089e-06
3.16329e-06
4.98691e-06
4.25126e-06
3.32869e-06
5.53116e-06
4.33402e-06
2.60075e-06
3.55691e-06
2.62875e-06
4.28341e-06
3.50299e-06
2.37629e-06
2.72802e-06
4.11613e-08
2.66505e-05
5.00465e-06
1.82902e-05
1.67446e-06
1.62096e-05
3.7066e-06
1.96924e-05
1.04405e-05
1.02511e-05
9.46408e-06
1.16481e-05
1.07392e-05
9.85305e-06
1.07521e-05
9.81301e-06
4.57661e-06
8.22644e-06
5.86735e-06
1.01125e-05
7.60406e-06
7.25651e-06
7.1821e-06
7.22193e-06
4.63233e-05
2.42468e-05
2.61894e-05
7.00018e-05
5.47739e-05
2.82627e-05
6.86114e-05
2.67313e-05
3.00273e-05
1.24725e-05
2.56365e-05
2.65542e-05
2.91198e-05
2.56319e-05
3.19307e-05
2.771e-05
1.02364e-05
1.2044e-05
8.88298e-06
7.93241e-06
9.84103e-06
1.04728e-05
8.73853e-06
9.76653e-06
1.39397e-05
2.92418e-05
2.6249e-05
2.5889e-05
2.63292e-05
2.9275e-05
2.64806e-05
2.76626e-05
7.39444e-06
1.11883e-05
1.17695e-05
8.8527e-06
8.99454e-06
1.17802e-05
9.75948e-06
1.15108e-05
1.31512e-06
3.43921e-06
3.02753e-06
2.30111e-06
9.95664e-07
2.16444e-06
1.5786e-06
2.46036e-06
5.01639e-06
9.75975e-06
6.53632e-06
1.00998e-05
4.46406e-06
4.65219e-06
5.18264e-06
5.61456e-06
3.48633e-06
2.22631e-06
4.07696e-06
4.7795e-06
3.01544e-06
3.41832e-06
3.06826e-06
3.95064e-06
2.13482e-06
7.8043e-06
3.41081e-06
2.07001e-06
2.25576e-06
3.47492e-06
2.69012e-06
3.00715e-06
2.67996e-06
3.48081e-06
1.80947e-06
3.26078e-06
2.96808e-06
3.65705e-06
4.53073e-06
3.78012e-06
3.24482e-06
4.59924e-06
2.79809e-06
3.79979e-06
2.51835e-06
3.46836e-06
2.80452e-06
3.55896e-06
3.37592e-06
2.39665e-06
4.6304e-06
3.89752e-06
3.81517e-06
2.84608e-06
3.65604e-06
3.21669e-06
3.59885e-06
4.44302e-06
4.3363e-06
3.37507e-06
5.13752e-06
4.76547e-06
3.76358e-06
3.98861e-06
3.62402e-06
5.724e-06
2.75664e-06
2.1164e-06
4.34348e-06
2.44127e-06
2.48983e-06
3.75515e-06
7.95397e-06
7.61222e-06
4.96933e-06
3.35214e-06
8.04645e-06
3.64149e-06
4.30677e-06
6.68055e-06
3.55989e-06
3.47456e-06
3.39028e-06
2.9699e-06
2.71288e-06
1.44347e-06
2.66911e-06
3.25178e-06
1.83917e-06
2.01881e-06
2.67443e-06
1.1435e-06
1.50888e-06
2.35886e-06
1.46795e-06
2.26342e-06
5.66786e-06
3.68515e-06
2.97757e-06
3.54206e-06
3.61566e-06
4.33396e-06
3.26968e-06
2.80911e-06
3.12095e-06
3.3504e-06
2.11408e-06
2.00944e-06
5.91466e-06
5.52915e-06
4.58197e-06
4.04827e-06
2.43805e-06
1.98703e-06
2.35711e-06
2.64076e-06
3.20188e-06
3.28532e-06
2.265e-06
3.31206e-06
4.09272e-06
3.03063e-06
4.00451e-06
4.02149e-06
4.03567e-06
2.51008e-06
2.85131e-06
3.6741e-06
4.37964e-07
8.68956e-07
7.24476e-07
1.381e-06
1.61944e-06
6.32562e-07
1.50076e-06
1.78299e-06
1.08334e-06
1.53669e-06
1.53284e-06
2.22172e-06
2.72604e-06
1.17438e-06
2.54971e-06
5.47887e-06
8.75987e-07
1.34042e-06
1.14097e-06
1.94415e-06
2.11793e-06
9.22605e-07
2.05258e-06
3.67586e-06
2.65794e-06
2.20319e-06
1.80347e-06
2.67788e-06
2.40375e-06
2.51562e-06
3.22352e-06
1.807e-06
2.37366e-06
2.07897e-06
2.28107e-06
1.58972e-06
2.39878e-06
2.24904e-06
1.79045e-06
2.1336e-06
8.14386e-07
2.70443e-06
1.0858e-06
6.8386e-07
2.82335e-06
2.49119e-06
8.07661e-07
2.37525e-06
2.05842e-06
2.34668e-06
1.64529e-06
1.56749e-06
1.57772e-06
2.20834e-06
1.76346e-06
2.51015e-06
2.31163e-06
1.80478e-06
2.25656e-06
4.57903e-06
2.17217e-06
2.20962e-06
2.23104e-06
2.1984e-06
3.72312e-06
4.09764e-07
3.68962e-07
9.41703e-06
3.66487e-06
1.08451e-06
6.88074e-06
4.4873e-06
9.16255e-08
7.69918e-08
1.21189e-07
1.44548e-05
8.88849e-07
1.29795e-07
3.17939e-06
4.46438e-07
8.24012e-08
5.24592e-08
6.82e-08
5.86166e-06
9.0875e-07
5.09837e-08
2.44909e-06
7.51097e-07
3.24529e-05
3.58295e-05
2.92861e-05
5.16412e-05
3.94509e-05
3.07977e-05
4.24946e-05
3.53369e-05
1.34639e-06
1.29354e-06
1.03973e-05
1.89798e-05
3.62262e-06
4.01553e-06
8.39932e-06
8.70336e-06
1.7523e-07
1.69351e-05
1.80785e-07
2.08087e-07
5.22334e-07
3.29477e-06
1.58797e-07
2.1703e-06
3.24531e-06
1.88441e-05
2.89755e-05
2.28589e-05
1.27207e-05
2.03324e-05
2.04206e-05
2.89732e-05
1.27723e-06
1.69815e-05
2.3365e-05
5.83056e-07
5.5144e-06
1.52718e-05
5.57324e-06
1.44365e-05
5.23081e-08
8.51088e-08
2.30257e-07
1.97313e-05
2.47779e-06
1.1097e-07
7.04656e-06
9.82094e-07
2.62993e-07
5.57698e-08
1.8961e-07
4.64924e-05
8.62155e-06
2.48351e-07
1.68948e-05
1.51701e-06
4.13942e-07
2.75291e-07
1.60331e-07
4.6127e-05
6.78866e-06
2.56303e-07
7.29867e-06
3.72323e-07
7.09914e-05
7.93022e-05
8.81409e-05
9.27446e-05
8.85384e-05
8.80107e-05
7.0384e-05
9.11633e-05
3.56355e-06
3.98728e-06
4.63543e-05
6.55188e-05
9.24768e-06
1.09282e-05
3.86149e-05
3.88558e-05
1.67824e-07
5.15114e-05
3.64557e-07
3.15856e-07
1.10965e-06
2.0348e-05
3.35453e-07
1.04145e-05
7.70213e-06
5.26612e-05
7.38857e-05
7.26463e-05
4.50992e-05
5.21898e-05
6.81714e-05
7.59758e-05
1.01251e-06
5.87838e-05
6.30422e-05
1.16692e-06
1.25709e-05
5.09718e-05
1.53398e-05
5.24384e-05
4.32873e-07
7.89609e-07
1.36107e-06
7.78824e-07
7.24527e-07
1.92765e-06
2.29196e-06
1.88289e-06
7.94574e-07
9.34418e-07
1.70943e-06
1.06686e-06
9.96965e-07
3.52167e-06
3.34897e-06
3.47888e-06
1.31348e-06
2.72795e-06
3.39898e-06
1.86563e-06
1.31937e-06
3.13762e-06
1.40614e-06
1.62758e-06
8.74381e-07
1.06716e-06
1.79647e-06
1.31377e-06
9.93472e-07
3.10974e-06
3.232e-06
3.3336e-06
9.97596e-07
1.09285e-06
9.00885e-07
9.85704e-07
2.39072e-06
2.37811e-06
8.03763e-07
2.31016e-06
2.39164e-06
3.23341e-06
3.48061e-06
2.40407e-06
2.4806e-06
3.24233e-06
1.37122e-06
1.36749e-06
1.17129e-06
2.48806e-06
3.16449e-06
1.43214e-06
1.10226e-06
2.57827e-06
1.38133e-06
3.15139e-06
1.12449e-06
1.58494e-06
3.26084e-06
2.08861e-06
3.24689e-06
2.58802e-06
2.65093e-06
1.74057e-06
4.35437e-07
6.73559e-07
7.78919e-07
1.86393e-06
2.12146e-06
7.57607e-07
1.48369e-06
1.9844e-06
8.03742e-07
1.04551e-06
1.14503e-06
2.49841e-06
2.24172e-06
1.21553e-06
2.08299e-06
4.23923e-06
1.00829e-06
1.3097e-06
1.57862e-06
3.35049e-06
2.74682e-06
1.62024e-06
2.88024e-06
6.18434e-06
2.81791e-06
1.99885e-06
3.1815e-06
2.33728e-06
2.64549e-06
1.89385e-06
2.22829e-06
2.37678e-06
2.2071e-06
2.3501e-06
2.3674e-06
1.64437e-06
2.07935e-06
2.42262e-06
2.16325e-06
1.57841e-06
9.17254e-07
1.50263e-06
1.41193e-06
1.04707e-06
2.50427e-06
2.3571e-06
8.16242e-07
2.47509e-06
2.44272e-06
1.95997e-06
1.61089e-06
1.72352e-06
2.5322e-06
2.39657e-06
2.24537e-06
4.12486e-06
3.08631e-06
3.76386e-06
3.29988e-06
5.24438e-06
2.59554e-06
1.55779e-06
2.54481e-06
2.75022e-06
4.48814e-07
1.2904e-06
7.83746e-07
6.69881e-07
1.19305e-06
1.39765e-06
7.62101e-07
1.80276e-06
2.18031e-06
2.0917e-06
2.64691e-06
1.5392e-06
2.29475e-06
1.86506e-06
1.72435e-06
3.22561e-06
9.66952e-07
3.4736e-06
1.51056e-06
1.32507e-06
2.56649e-06
2.60118e-06
1.59617e-06
5.64115e-06
7.23776e-07
1.68224e-06
1.22701e-06
1.14449e-06
2.3601e-06
2.41187e-06
1.31677e-06
3.94761e-06
1.52389e-06
1.63465e-06
1.37216e-06
2.20873e-06
1.34072e-06
1.50763e-06
1.79095e-06
1.42389e-06
1.67233e-06
1.91389e-06
3.11432e-06
1.65883e-06
2.05564e-06
3.52389e-06
1.91075e-06
3.33021e-06
9.91526e-07
8.46964e-07
1.50528e-06
1.46558e-06
7.75749e-07
2.1994e-06
2.44139e-06
2.3956e-06
2.82525e-06
4.79449e-06
4.51728e-06
5.26958e-06
2.49914e-06
2.48345e-06
2.35948e-06
2.54933e-06
1.21905e-07
5.6772e-08
2.64175e-05
7.43331e-08
1.61893e-07
1.0809e-06
1.19486e-06
6.95194e-06
8.36471e-08
1.00403e-07
2.92429e-05
1.26351e-07
1.38174e-07
7.98917e-07
2.06715e-06
8.91799e-06
5.14874e-05
6.59988e-05
6.4248e-05
5.10876e-05
6.33425e-05
6.85404e-05
6.30546e-05
6.82654e-05
1.30755e-07
1.19015e-07
1.4914e-05
1.35422e-07
1.46223e-07
6.96984e-07
3.40601e-06
6.95523e-06
1.46675e-07
3.39008e-05
1.39088e-07
1.14472e-07
1.25724e-06
6.45076e-06
1.51643e-07
1.47574e-06
1.41327e-06
8.4883e-07
5.00516e-05
4.49349e-05
9.74201e-06
1.07644e-05
3.17218e-05
3.87636e-05
4.27629e-05
8.58995e-07
1.80378e-06
3.57938e-05
2.92819e-05
9.09922e-06
3.14234e-05
9.45338e-06
5.3362e-05
4.04219e-05
6.91951e-06
5.56623e-05
5.45099e-05
4.00063e-05
4.79002e-05
2.55841e-05
1.41967e-05
1.45788e-05
1.33486e-05
1.55603e-05
1.48534e-05
1.40286e-05
1.46408e-05
1.42377e-05
1.32912e-05
5.09501e-06
5.89347e-06
4.47359e-06
9.71699e-06
9.11466e-06
8.50343e-06
6.79137e-06
9.45446e-06
1.9624e-06
1.63473e-06
1.18132e-06
3.10334e-06
2.89367e-06
2.16202e-06
1.61722e-06
1.29095e-05
4.48832e-06
2.76798e-06
3.58319e-06
5.69363e-06
5.42956e-06
4.81938e-06
3.7528e-06
1.42423e-05
1.36558e-05
1.43761e-05
7.64024e-06
1.36752e-05
1.4008e-05
1.31384e-05
1.35706e-05
1.36448e-05
7.29181e-06
5.48626e-06
1.29533e-05
1.27549e-05
8.65643e-06
1.22677e-05
6.30248e-06
1.29255e-05
1.34698e-05
6.65102e-06
3.66789e-06
1.10861e-05
1.24764e-05
4.97945e-06
6.61061e-06
1.10244e-05
1.70459e-06
5.28819e-06
3.16465e-06
4.85217e-06
3.92808e-06
4.92026e-06
3.71057e-06
1.47369e-06
1.48595e-06
2.35133e-06
1.07382e-06
1.12875e-06
5.38378e-06
2.70997e-06
2.51293e-06
1.33503e-06
1.13556e-06
2.0745e-06
8.70825e-07
9.10108e-07
3.65567e-06
2.11584e-06
2.04088e-06
2.80182e-06
1.98159e-06
2.48923e-06
2.58805e-06
2.70179e-06
1.8722e-06
2.28863e-06
2.90702e-06
8.77223e-07
7.26487e-07
1.41479e-06
4.39173e-07
6.36049e-07
1.78148e-06
1.69837e-06
1.57622e-06
1.06516e-06
2.38179e-06
8.20625e-07
6.82605e-07
2.34497e-06
2.45185e-06
8.1552e-07
2.81124e-06
4.52618e-06
2.29527e-06
1.85772e-06
2.15957e-06
2.21688e-06
2.17207e-06
2.25145e-06
2.05673e-06
1.70323e-06
2.35882e-06
2.16598e-06
2.24041e-06
1.66496e-06
2.39567e-06
2.25272e-06
2.2083e-06
1.68999e-06
2.62358e-06
2.23475e-06
1.62538e-06
2.55053e-06
2.37932e-06
1.74675e-06
1.63906e-06
6.9779e-08
4.51507e-08
1.21603e-07
1.5463e-05
5.54864e-07
1.04496e-07
4.89865e-06
1.00072e-06
2.28481e-07
1.07997e-06
4.18411e-07
1.14321e-05
1.2578e-06
4.71805e-07
3.61571e-06
1.76225e-06
2.12692e-07
5.04248e-07
1.56372e-07
3.11426e-05
1.23731e-06
3.37825e-07
1.24382e-05
6.66418e-06
4.08486e-05
4.73171e-05
5.37769e-05
6.0045e-05
4.70606e-05
4.90056e-05
5.48285e-05
4.71856e-05
7.12945e-07
1.20076e-06
2.54912e-05
1.4708e-05
6.99965e-06
5.7297e-06
1.32844e-05
2.41077e-05
2.03382e-07
1.60021e-05
4.80472e-07
2.37747e-07
2.48368e-06
4.75259e-06
3.05809e-07
1.21658e-06
9.18638e-06
3.71152e-05
3.62587e-05
4.94046e-05
3.06812e-05
3.4007e-05
4.26103e-05
3.02865e-05
3.0596e-06
4.43472e-05
3.10349e-05
5.12303e-06
9.39259e-06
3.76656e-05
1.13805e-05
3.35394e-05
1.35075e-06
2.03598e-06
1.04156e-06
1.21639e-06
5.14808e-06
3.19782e-06
1.42769e-06
3.0798e-06
2.52513e-06
3.69158e-06
3.40485e-06
2.83288e-06
2.38078e-06
2.73608e-06
1.59388e-06
2.11377e-06
8.12997e-07
2.01617e-06
4.36438e-07
7.51357e-07
2.07377e-06
1.88196e-06
8.54334e-07
1.27005e-06
1.13009e-06
1.92555e-06
8.10499e-07
1.08623e-06
4.08965e-06
2.23318e-06
1.23692e-06
2.50402e-06
3.19806e-06
3.1886e-06
4.6217e-06
3.15898e-06
1.9743e-06
2.98834e-06
2.06714e-06
2.84337e-06
2.43546e-06
1.8049e-06
1.99905e-06
2.32962e-06
3.48133e-06
3.65596e-06
2.2317e-06
2.72993e-06
1.05745e-06
1.30237e-06
1.67494e-06
9.22558e-07
8.6668e-07
2.7748e-06
2.72579e-06
2.7189e-06
2.26274e-06
2.16634e-06
1.91213e-06
1.81048e-06
2.30842e-06
1.94734e-06
1.41389e-06
1.35267e-06
0.000101088
9.17744e-05
8.78376e-05
7.0611e-05
6.88687e-05
7.44683e-05
6.86831e-05
7.10019e-05
4.79594e-05
4.95651e-08
1.66823e-07
3.58359e-07
1.51217e-05
1.78101e-06
6.75921e-06
4.01118e-07
5.20467e-05
3.09663e-07
2.54971e-07
1.43437e-06
1.61618e-05
6.00845e-07
1.01782e-05
3.89791e-07
7.31197e-05
6.02774e-07
1.43145e-06
7.99201e-07
4.03135e-05
9.72869e-06
2.29361e-05
1.98378e-06
8.40963e-05
8.43212e-05
6.46143e-05
3.18613e-05
8.02602e-05
8.69692e-05
6.86074e-05
8.43757e-05
6.74033e-05
5.21741e-06
1.45019e-06
6.51234e-05
5.96758e-05
1.54509e-05
5.41024e-05
1.85366e-05
7.95142e-05
8.33262e-05
1.50981e-05
2.43954e-05
7.45061e-05
7.84709e-05
3.6394e-05
2.95526e-05
5.90087e-05
2.06052e-06
1.4004e-06
5.7196e-07
1.44277e-05
5.06214e-06
9.4817e-06
8.45327e-07
2.61155e-06
1.98085e-06
1.1856e-06
2.34005e-06
1.75865e-06
2.81962e-06
2.04214e-06
1.39484e-06
1.82834e-06
8.88885e-07
7.18415e-07
1.06778e-06
3.56451e-06
3.62583e-06
3.44586e-06
1.01954e-06
1.17156e-06
7.56229e-07
4.56674e-07
6.38247e-07
2.04897e-06
1.79334e-06
1.931e-06
7.79252e-07
1.75973e-06
1.08568e-06
8.0215e-07
1.25374e-06
3.36968e-06
3.15828e-06
3.28873e-06
1.02951e-06
2.25758e-06
1.29588e-06
1.73977e-06
3.2903e-06
3.06689e-06
2.4927e-06
1.9028e-06
2.17296e-06
4.29885e-06
3.30208e-06
2.24473e-06
2.49795e-06
1.36008e-06
3.38041e-06
1.0724e-06
2.31377e-06
1.53464e-06
1.48136e-06
3.18961e-06
2.25319e-06
1.97768e-06
1.25079e-06
2.34475e-06
3.16153e-06
1.25604e-06
8.62594e-07
1.00288e-06
9.85316e-07
2.20952e-06
2.12144e-06
2.19665e-06
7.16111e-07
4.43707e-07
8.78717e-07
7.97838e-07
2.44035e-06
1.44905e-06
6.58334e-07
1.35495e-06
2.00161e-06
1.10713e-06
1.50294e-06
1.47411e-06
2.94166e-06
2.90843e-06
1.15801e-06
2.71567e-06
5.01154e-06
8.57864e-07
1.31787e-06
1.11168e-06
2.45315e-06
2.33784e-06
9.67259e-07
2.14982e-06
3.54018e-06
2.74151e-06
2.55713e-06
2.43139e-06
2.4823e-06
2.19179e-06
1.58554e-06
3.44812e-06
1.65378e-06
2.21359e-06
2.14868e-06
1.60411e-06
1.91733e-06
2.24147e-06
2.16775e-06
1.36346e-06
1.33058e-06
8.71835e-07
2.83772e-06
1.07537e-06
7.40233e-07
2.94986e-06
2.6663e-06
8.38657e-07
2.57296e-06
1.6288e-06
2.59689e-06
2.06205e-06
2.5169e-06
1.45719e-06
1.52597e-06
1.6716e-06
1.9455e-06
2.45053e-06
1.57383e-06
1.74498e-06
4.29449e-06
2.40835e-06
2.10422e-06
2.47166e-06
2.41645e-06
4.0622e-07
3.59129e-07
1.92219e-07
4.53317e-05
1.15658e-05
5.02772e-07
2.05925e-05
2.95788e-06
4.74189e-07
1.14154e-07
2.65464e-08
3.36745e-05
4.62949e-06
1.33169e-07
1.03066e-05
4.68126e-07
1.15919e-07
3.82908e-08
6.37902e-08
3.43101e-05
2.94319e-06
7.93249e-08
1.26065e-05
5.43372e-07
6.48268e-05
7.03322e-05
7.13858e-05
8.0097e-05
5.15556e-05
5.76984e-05
7.52693e-05
7.5644e-05
1.29503e-05
9.55183e-06
6.64931e-05
5.87666e-05
2.63018e-05
2.24523e-05
5.64869e-05
5.92489e-05
8.84439e-07
4.31879e-05
1.35396e-07
4.33237e-07
3.65103e-06
9.2037e-06
1.9597e-07
4.70453e-06
2.02422e-05
7.20007e-05
6.6555e-05
6.3918e-05
5.00924e-05
6.56354e-05
6.08166e-05
6.85344e-05
4.00905e-06
5.33685e-05
4.96958e-05
1.17596e-06
1.37944e-05
4.66998e-05
1.35097e-05
3.78814e-05
5.49468e-07
2.75406e-06
7.03443e-05
1.17432e-06
1.86044e-06
8.8583e-06
1.06543e-05
2.78518e-05
2.27458e-06
4.80357e-06
1.41724e-05
4.97346e-06
7.41721e-06
1.06016e-05
9.05721e-06
1.07035e-05
7.43529e-05
2.17538e-05
2.30946e-05
2.31943e-05
2.65454e-05
2.33292e-05
2.53597e-05
2.36168e-05
9.75021e-07
5.30725e-06
1.608e-05
3.40262e-06
3.6426e-06
6.25481e-06
4.9778e-06
6.33312e-06
2.77797e-06
6.82292e-05
1.93199e-06
5.76132e-06
9.12364e-06
1.95132e-05
1.65218e-06
3.89249e-06
3.57189e-06
8.3446e-06
1.95491e-05
6.87933e-05
1.16455e-05
9.44075e-06
5.10462e-05
2.07857e-05
7.46613e-05
7.22215e-06
7.06105e-06
1.96743e-05
4.86663e-05
1.18913e-05
1.8744e-05
7.49113e-06
6.52412e-05
2.00748e-05
8.45715e-06
2.00402e-05
2.36967e-05
2.00062e-05
2.08473e-05
1.69476e-05
8.44797e-05
0.00016684
0.000156759
0.000121439
0.000135399
0.000120471
0.000160049
0.000108907
0.000168326
0.000167833
0.000144671
0.000164943
0.000129979
0.000123263
0.000117381
0.000132088
5.52171e-05
9.86182e-05
3.02785e-05
7.97122e-05
5.48904e-05
3.52998e-05
4.18943e-05
3.80041e-05
0.000136364
0.000154227
0.000154071
0.000167047
0.000137935
0.000129318
0.000167043
0.000138192
0.000124303
8.88146e-05
0.000127752
0.000167871
0.000127504
0.000143152
0.000164429
0.000145993
0.00014246
0.000150069
8.62992e-05
9.07782e-05
0.000158122
0.000152038
0.000143479
9.93199e-05
0.000145763
0.00016535
0.000142933
0.000147398
0.00010863
0.000151628
0.000112298
0.000143862
7.65665e-05
9.30928e-05
0.000168149
0.000101018
6.41637e-05
8.15055e-05
6.34313e-05
8.48204e-05
2.86824e-05
6.71768e-05
5.4772e-05
3.12861e-05
4.88015e-05
5.62527e-05
3.27866e-05
5.13012e-05
0.000119528
0.000167804
0.000148063
0.00015116
0.000157342
0.00016807
0.000127871
0.000155257
0.000110518
0.000165734
6.09984e-05
5.15275e-05
0.000132127
8.54965e-05
4.44111e-05
0.000134481
4.87119e-05
7.85587e-05
6.84997e-05
3.52454e-05
9.38543e-05
7.72844e-05
4.98222e-05
8.66021e-05
0.000118651
6.20488e-05
5.89307e-05
0.000115506
8.41189e-05
6.8019e-05
0.000107254
7.14667e-05
0.000148065
9.46076e-05
0.000128341
7.50071e-05
0.00012754
0.00012889
0.00010695
0.000117221
4.98614e-05
3.46183e-05
7.33064e-05
5.57479e-05
4.12137e-05
5.97022e-05
7.31762e-05
9.01655e-05
8.91936e-05
6.7103e-05
0.000119661
0.000151453
0.000164851
7.99069e-05
9.15572e-05
0.00010787
2.88041e-05
1.75509e-05
2.84259e-05
9.39574e-05
2.32954e-05
1.47764e-05
4.4229e-05
4.45467e-05
6.0233e-05
4.47755e-05
3.69421e-05
4.79306e-05
2.34397e-05
3.54751e-05
3.70246e-05
6.93126e-05
5.15908e-05
2.97704e-05
5.34961e-05
0.000138778
5.16973e-05
2.30901e-05
0.00011962
5.46201e-05
0.000164637
0.000139832
0.000165187
0.000167034
0.000165206
0.000144886
0.000166908
0.000156286
1.39389e-05
5.63467e-05
7.50909e-05
7.80556e-05
2.12163e-05
5.77545e-05
6.52713e-05
6.65491e-05
2.10327e-05
5.5292e-05
2.22139e-05
2.09515e-05
1.55418e-05
5.18697e-05
3.23803e-05
3.43965e-05
5.92793e-05
9.15989e-05
8.80623e-05
0.00016476
0.000141165
8.30124e-05
0.000119837
0.00016261
5.2078e-05
0.000161213
9.5536e-05
5.44475e-05
9.99529e-05
7.8119e-05
9.42751e-05
0.000123816
4.96518e-05
3.49347e-05
5.5961e-05
1.69885e-05
3.23477e-05
4.26514e-05
3.45149e-05
4.13234e-05
2.69579e-05
3.49798e-05
5.79526e-05
4.65072e-05
2.04924e-05
3.62493e-05
2.87653e-05
3.34701e-05
7.07e-05
8.46637e-05
0.000142003
0.000106015
7.39495e-05
5.77677e-05
8.25597e-05
0.000103288
1.84622e-05
4.28613e-05
6.88867e-05
2.85093e-05
2.25429e-05
3.51095e-05
4.30641e-05
3.7184e-05
4.17005e-05
5.23844e-05
1.94698e-05
1.96779e-05
3.66778e-05
4.96612e-05
2.23762e-05
6.23788e-05
4.41688e-05
3.65106e-05
4.6945e-05
7.05444e-05
3.30757e-05
6.15656e-05
6.4223e-05
4.43418e-05
6.92653e-05
5.54227e-05
7.67109e-05
7.11736e-05
4.28301e-05
5.12128e-05
4.74209e-05
4.24318e-05
8.50948e-05
9.56662e-05
8.26552e-05
8.3353e-05
6.91988e-05
5.98299e-05
4.97929e-05
7.1022e-05
7.0848e-05
3.60229e-05
7.43013e-05
9.24466e-05
4.09853e-05
2.9822e-05
3.71725e-05
3.65814e-05
5.95512e-05
5.03697e-05
5.57209e-05
7.87307e-05
5.49502e-05
3.5339e-05
4.14185e-05
6.43832e-05
0.000116498
7.09868e-05
0.000128443
9.10223e-05
6.92358e-05
7.31432e-05
8.82053e-05
7.57057e-05
0.000110313
0.000104913
9.81048e-05
0.000139272
6.28117e-05
4.40274e-05
5.74994e-05
7.854e-05
3.70432e-05
6.47032e-05
5.30051e-05
7.15977e-05
4.02688e-05
7.11701e-05
0.000125247
3.76838e-05
4.2668e-05
4.77417e-05
7.17147e-05
6.78995e-05
4.20653e-05
9.22987e-05
0.000106897
6.29137e-05
6.9925e-05
4.52739e-05
5.44788e-05
9.24573e-05
7.61572e-05
6.00513e-05
6.49365e-05
9.01048e-05
8.49311e-05
8.06394e-05
7.94489e-05
6.01919e-05
8.93896e-05
6.72365e-05
6.22482e-05
0.00011714
0.000167255
5.36918e-05
0.000163978
0.000147067
4.88946e-05
3.7817e-05
4.2276e-05
3.92797e-05
4.18652e-05
2.15906e-05
1.30888e-05
2.09033e-05
4.08309e-05
6.12496e-05
4.9871e-05
2.97815e-05
6.52989e-05
3.11278e-05
5.39345e-05
1.36257e-05
2.89618e-05
2.73726e-05
3.0054e-05
2.28569e-05
9.8835e-05
2.19376e-05
1.53511e-05
1.9007e-05
3.19372e-05
1.71529e-05
2.65497e-05
1.82978e-05
4.80284e-05
6.30833e-05
4.18223e-05
3.68744e-05
4.77962e-05
8.35362e-05
4.97676e-05
3.79257e-05
5.25348e-05
2.11668e-05
4.85005e-05
4.7769e-05
6.97172e-05
5.8945e-05
9.48955e-05
5.03078e-05
5.41525e-05
4.07388e-05
2.92583e-05
4.95905e-05
6.3796e-05
4.01548e-05
3.92819e-05
5.03106e-05
4.32949e-05
1.75102e-05
1.73436e-05
1.59193e-05
4.84474e-05
5.32563e-05
3.62302e-05
1.26312e-05
0.000160786
0.000129115
0.00013574
0.000163261
8.68071e-05
0.000130032
0.000132917
0.000127283
0.000144398
9.65601e-05
0.000122294
0.00011608
8.05595e-05
5.99576e-05
7.92462e-05
7.85132e-05
0.0001585
0.00013429
0.000119175
9.47955e-05
9.65356e-05
7.17065e-05
7.56483e-05
7.30863e-05
0.000157763
0.000108966
7.77731e-05
8.08701e-05
8.29281e-05
6.66105e-05
7.23368e-05
8.66363e-05
5.94501e-05
9.20554e-05
8.01648e-05
8.1396e-05
7.82461e-05
9.63574e-05
0.000114258
0.000106051
9.13048e-05
8.56496e-05
7.6176e-05
8.03657e-05
9.43018e-05
0.000148626
0.000134292
8.33612e-05
8.7349e-05
0.000126772
6.83087e-05
6.86586e-05
0.000121434
0.00010981
8.8148e-05
9.73341e-05
9.35797e-05
8.34367e-05
0.000134322
8.20461e-05
0.000130961
6.86153e-05
7.35167e-05
0.000119307
0.00011758
0.000106693
7.87418e-05
9.30608e-05
0.000146314
0.000126288
0.000144381
9.07498e-05
0.000111927
5.47489e-05
9.33672e-05
6.48644e-05
7.50631e-05
8.92234e-05
9.1666e-05
7.47605e-05
9.00016e-05
0.000101643
2.89082e-05
4.20257e-05
9.8067e-05
9.57517e-05
8.45343e-05
4.86963e-05
6.13032e-05
5.76832e-05
3.24244e-05
2.86283e-05
4.77839e-05
7.27907e-05
6.71485e-05
3.56344e-05
0.000100917
0.000108244
8.37246e-05
6.42599e-05
9.62905e-05
9.82099e-05
7.51464e-05
8.38575e-05
0.00010301
8.78019e-05
0.000111114
0.000120772
7.50179e-05
9.64908e-05
0.000103755
7.14689e-05
0.000119576
7.78466e-05
6.62887e-05
8.25676e-05
9.31511e-05
9.13778e-05
8.94113e-05
7.68518e-05
8.37748e-05
5.05686e-05
6.5702e-05
8.74931e-05
9.00385e-05
0.000138879
0.0001059
7.6809e-05
0.000167735
0.000150844
0.000168053
0.000168073
0.000167911
0.000167891
0.000167964
0.000167993
0.000166073
0.000154326
7.35124e-05
7.5929e-05
9.92194e-05
7.70598e-05
8.55937e-05
6.82896e-05
9.33765e-05
5.93629e-05
4.90463e-05
7.16527e-05
6.7734e-05
5.85424e-05
8.0912e-05
5.13204e-05
0.00010507
4.26453e-05
5.5845e-05
3.72166e-05
5.80466e-05
4.01899e-05
4.3056e-05
4.13989e-05
0.000167995
0.000130623
0.000130676
7.30775e-05
0.000127409
0.000117625
0.000102183
9.97551e-05
0.000142698
6.22021e-05
5.78545e-05
0.000101363
0.000124115
0.000139023
0.000113759
7.8943e-05
0.00013844
0.000147792
5.94425e-05
4.81863e-05
0.000113956
9.51831e-05
7.50393e-05
7.17954e-05
9.48616e-05
4.55745e-05
5.63814e-05
6.03489e-05
9.64093e-05
5.01761e-05
7.31229e-05
0.00012979
0.000167682
0.000167977
0.000165534
0.000167619
0.000167683
0.000167807
0.000167647
0.000167763
0.000151185
4.51802e-05
6.53848e-05
0.00011157
9.57914e-05
8.21135e-05
0.000108201
7.77488e-05
0.000163414
6.65629e-05
0.00015688
0.000167727
0.000167819
0.000167838
0.000167763
0.00016783
0.0001676
0.000167761
0.000167663
0.000167647
0.000167609
0.000167657
0.000167627
0.000167655
0.000157082
0.000167746
0.000167616
0.000150564
0.000153568
0.000167757
0.000167848
0.000167702
0.000136328
0.000142861
9.43824e-05
0.000167859
0.000163124
0.000152536
0.00010613
9.94862e-05
0.000167703
0.000167605
0.000164637
0.000167662
0.000167664
0.000167673
0.000167666
0.000167684
0.000167833
0.000167726
0.000146723
8.51554e-05
0.00016782
0.000167751
0.00011028
0.000147439
4.96317e-05
2.09397e-05
1.54363e-05
2.02914e-05
1.74481e-05
2.16193e-05
2.15793e-05
1.94693e-05
1.35442e-05
8.64238e-06
1.33749e-05
7.93376e-06
8.55961e-06
8.6325e-06
8.28582e-06
8.71143e-06
1.99669e-05
2.65166e-05
4.45258e-05
1.95323e-05
2.19695e-05
2.69158e-05
2.56031e-05
2.71994e-05
8.36289e-06
7.24528e-06
9.01353e-06
6.93366e-06
7.14932e-06
7.20301e-06
7.01753e-06
7.22868e-06
1.33502e-05
2.34661e-05
1.16419e-05
7.89599e-06
1.29537e-05
1.33205e-05
1.22589e-05
1.20418e-05
1.36113e-05
7.93087e-06
1.33259e-05
2.42144e-05
1.37752e-05
8.62053e-06
2.11676e-05
1.2976e-05
2.30896e-05
1.13476e-05
7.559e-06
1.15397e-05
1.88151e-05
1.2136e-05
1.17941e-05
7.81193e-06
2.45743e-05
1.22577e-05
7.93514e-06
1.36244e-05
1.3254e-05
1.2045e-05
1.26703e-05
1.206e-05
2.39095e-05
1.78961e-05
2.19036e-05
2.04602e-05
2.39232e-05
2.8282e-05
2.28133e-05
3.21599e-05
1.35028e-05
4.66532e-05
2.71708e-05
2.28405e-05
3.87415e-05
2.992e-05
2.52139e-05
2.98834e-05
1.35768e-05
1.3441e-05
8.63302e-06
1.1593e-05
1.22514e-05
9.34107e-06
1.14479e-05
9.3274e-06
3.32633e-05
3.36576e-05
1.93166e-05
3.26553e-05
2.15625e-05
3.36126e-05
3.10069e-05
2.18907e-05
1.25879e-05
2.15289e-05
2.53457e-05
2.50673e-05
2.39617e-05
3.23282e-05
2.78942e-05
3.34516e-05
2.65725e-05
3.06251e-05
1.49824e-05
1.49438e-05
2.67246e-05
2.85772e-05
2.41662e-05
2.05724e-05
1.93468e-05
3.63658e-05
3.33759e-05
1.86392e-05
1.99463e-05
2.02262e-05
1.92866e-05
3.25546e-05
1.49694e-05
1.66265e-05
3.03211e-05
1.49496e-05
1.58216e-05
1.66395e-05
1.88223e-05
1.92021e-05
3.15865e-05
9.78145e-06
1.47451e-05
2.07874e-05
1.74235e-05
1.29141e-05
2.49742e-05
9.83687e-06
1.27162e-05
1.20345e-05
1.26847e-05
5.39628e-05
1.47566e-05
1.2041e-05
1.64963e-05
1.22162e-05
1.99927e-05
1.15002e-05
1.35677e-05
2.49045e-05
1.13675e-05
1.28206e-05
1.18798e-05
8.95706e-06
2.06683e-05
6.09834e-05
4.54999e-05
6.32005e-05
3.40922e-05
3.28082e-05
3.09296e-05
3.12034e-05
1.14933e-05
1.14863e-05
1.76378e-05
2.37838e-05
1.08963e-05
1.10956e-05
1.04658e-05
1.63864e-05
8.85491e-06
2.25149e-05
1.51938e-05
9.49287e-06
1.85591e-05
1.11531e-05
9.08873e-06
1.01857e-05
9.9179e-06
1.39403e-05
2.33946e-05
1.95441e-05
1.53763e-05
3.14202e-05
1.82064e-05
2.6857e-05
1.14548e-05
1.61503e-05
2.17263e-05
1.05266e-05
1.54089e-05
2.0944e-05
1.5738e-05
4.82206e-05
1.40183e-05
1.00562e-05
1.74172e-05
1.28582e-05
1.19919e-05
1.18717e-05
1.27472e-05
1.31893e-05
9.58306e-06
9.07874e-06
1.02577e-05
9.17192e-06
9.31117e-06
9.30153e-06
9.44109e-06
9.28841e-06
2.14076e-05
1.57577e-05
2.46505e-05
1.81494e-05
1.66863e-05
1.66289e-05
1.77144e-05
1.84872e-05
1.11804e-05
9.59459e-06
1.28481e-05
1.02944e-05
9.95935e-06
9.91307e-06
1.0243e-05
1.03823e-05
9.87962e-06
1.44023e-05
1.06569e-05
9.51054e-06
1.01908e-05
1.10409e-05
1.01398e-05
1.06121e-05
9.84371e-06
9.51714e-06
1.12003e-05
1.43803e-05
1.03553e-05
9.80606e-06
1.22851e-05
1.12037e-05
1.51633e-05
1.11038e-05
9.75036e-06
1.28299e-05
1.492e-05
1.14005e-05
1.22283e-05
1.01902e-05
1.56579e-05
1.32926e-05
9.78433e-06
1.21981e-05
1.26445e-05
1.22284e-05
1.17828e-05
1.18209e-05
6.56044e-07
8.15021e-07
1.99757e-06
9.01336e-07
8.60876e-07
3.03883e-06
2.34963e-06
2.98989e-06
8.38184e-07
9.19077e-07
2.98053e-06
8.95961e-07
1.18776e-06
3.67587e-06
3.50539e-06
2.74313e-06
3.39489e-06
5.40582e-06
5.05191e-06
4.6596e-06
4.0466e-06
8.65885e-06
7.56971e-06
5.07684e-06
9.77452e-07
9.45633e-07
2.09851e-06
9.86454e-07
1.42859e-06
4.18916e-06
3.80154e-06
3.84567e-06
1.06769e-06
1.95471e-06
1.1791e-06
1.27837e-06
3.09258e-06
2.35815e-06
8.69224e-07
3.42911e-06
3.18926e-06
3.87374e-06
3.49905e-06
3.52887e-06
3.32665e-06
3.60036e-06
2.67162e-06
2.97781e-06
3.53687e-06
3.10237e-06
3.85034e-06
4.93877e-06
1.95917e-06
3.43213e-06
3.08389e-06
3.72177e-06
2.48561e-06
4.96403e-06
2.71781e-06
3.85099e-06
3.48885e-06
5.0872e-06
3.26429e-06
2.33993e-06
1.056e-06
2.49465e-06
2.71258e-06
1.73177e-06
1.11017e-06
2.00204e-06
2.19302e-06
2.79645e-06
4.17788e-06
6.38376e-06
4.85601e-06
1.03975e-05
4.33055e-06
6.41828e-06
1.16458e-05
8.96248e-06
3.18366e-06
6.29076e-06
2.84935e-06
1.80345e-06
3.78733e-06
3.82634e-06
4.19509e-06
4.16043e-06
5.44903e-06
1.33215e-05
3.08978e-06
6.45478e-06
7.28888e-06
7.19236e-06
5.26929e-06
7.58248e-06
2.69308e-06
3.52719e-06
3.77844e-06
4.45261e-06
6.52302e-06
4.00208e-06
6.68604e-06
6.6108e-06
6.17527e-06
6.2069e-06
4.25373e-06
3.58834e-06
4.82369e-06
5.67866e-06
6.88881e-06
5.45449e-06
3.6108e-06
5.22442e-06
7.22545e-06
4.5331e-06
2.04267e-06
5.58461e-06
4.39778e-06
3.72439e-06
3.73356e-06
6.38396e-06
8.36297e-06
6.44964e-06
5.23932e-06
7.17536e-06
4.1164e-06
3.25792e-06
2.83453e-07
1.21934e-05
1.17361e-06
8.05812e-06
6.51446e-06
7.93876e-06
6.74966e-06
5.99343e-06
1.24099e-05
1.24048e-05
9.96911e-06
1.07517e-05
1.13535e-05
1.13601e-05
1.03956e-05
1.03773e-05
4.97738e-06
7.92005e-06
4.46887e-06
7.08305e-06
5.69353e-06
5.49426e-06
5.97164e-06
5.78066e-06
8.92509e-06
9.81169e-06
8.69627e-06
9.80869e-06
8.77869e-06
8.6918e-06
9.35073e-06
9.23694e-06
1.20703e-05
6.25243e-06
8.48355e-06
9.33911e-06
8.63059e-06
7.55417e-06
9.06555e-06
8.45214e-06
1.21835e-05
9.29997e-06
8.17187e-06
6.19525e-06
8.2366e-06
8.92503e-06
7.42661e-06
8.49909e-06
5.80053e-06
8.46829e-06
9.40983e-06
8.15468e-06
6.91813e-06
7.96035e-06
7.82842e-06
8.25297e-06
5.85545e-06
7.86121e-06
9.32076e-06
8.39321e-06
6.43198e-06
7.48244e-06
8.54607e-06
8.91128e-06
1.28831e-07
5.00309e-07
5.80288e-06
5.5305e-07
2.72899e-07
1.57081e-06
1.1633e-06
1.48286e-06
1.329e-06
2.94442e-06
7.12855e-06
2.151e-06
1.42486e-06
3.29163e-06
3.10776e-06
4.56018e-06
1.26029e-05
9.61037e-06
1.23401e-05
1.19672e-05
1.10284e-05
1.11542e-05
1.19601e-05
1.22214e-05
1.22495e-06
2.31017e-06
1.02511e-05
2.84874e-06
2.37656e-06
5.66749e-06
4.23093e-06
6.93512e-06
5.83464e-07
6.33422e-06
6.75301e-07
1.00207e-06
1.61836e-06
2.00937e-06
9.80621e-07
2.0553e-06
2.43287e-06
4.41122e-06
7.6191e-06
1.15023e-05
4.98242e-06
5.46458e-06
6.60339e-06
6.72066e-06
1.08818e-05
1.70525e-06
2.76002e-06
1.08416e-05
8.51103e-06
6.34825e-06
9.85334e-06
6.89648e-06
1.32278e-05
1.17331e-05
5.2477e-06
8.97791e-06
1.05501e-05
1.08934e-05
7.93204e-06
7.79941e-06
6.59862e-07
7.80446e-07
1.99863e-06
9.14158e-07
8.81027e-07
3.07843e-06
2.34759e-06
2.97284e-06
8.18107e-07
1.03829e-06
3.28543e-06
9.28784e-07
1.18648e-06
3.68834e-06
3.48445e-06
3.5737e-06
3.21622e-06
5.67437e-06
5.00499e-06
4.06481e-06
3.64128e-06
6.79592e-06
6.57079e-06
4.25975e-06
9.95492e-07
1.00533e-06
2.21528e-06
1.13974e-06
1.4263e-06
4.05637e-06
3.74949e-06
4.2186e-06
1.04105e-06
1.93354e-06
1.20332e-06
1.25228e-06
3.07307e-06
2.70632e-06
8.70561e-07
3.38207e-06
3.27868e-06
3.79433e-06
3.17034e-06
3.21424e-06
3.35371e-06
3.59209e-06
2.65189e-06
2.69027e-06
3.74104e-06
3.05148e-06
3.75766e-06
7.31257e-06
2.05632e-06
3.35671e-06
2.8255e-06
3.59403e-06
2.59403e-06
4.95775e-06
3.66854e-06
3.61082e-06
2.65568e-06
3.74873e-06
3.9719e-06
3.11815e-06
1.18267e-06
2.27862e-06
2.92538e-06
2.05008e-06
1.3405e-06
1.93447e-06
2.55535e-06
2.49766e-06
4.06324e-06
4.89481e-06
6.56332e-06
1.16007e-05
4.31055e-06
6.58202e-06
9.50747e-06
6.33809e-06
3.3074e-06
6.78252e-06
2.32931e-06
1.64319e-06
3.55124e-06
4.16561e-06
2.7378e-06
4.47296e-06
4.48837e-06
1.11843e-05
4.04074e-06
8.20763e-06
6.91283e-06
7.12401e-06
6.60202e-06
7.36549e-06
2.8016e-06
3.20072e-06
2.50234e-06
4.05948e-06
7.68481e-06
3.16802e-06
7.82478e-06
4.45523e-06
5.37272e-06
5.70585e-06
3.39089e-06
3.11593e-06
4.32179e-06
5.51682e-06
6.39673e-06
4.40545e-06
2.61993e-06
4.02624e-06
6.42333e-06
2.96184e-06
2.61148e-06
5.6257e-06
4.88708e-06
4.60176e-06
3.66866e-06
5.94776e-06
1.24902e-05
4.89867e-06
5.73175e-06
4.03633e-06
3.39541e-06
3.35749e-06
7.52381e-07
2.60325e-06
9.79523e-07
9.64995e-07
1.86218e-06
1.61875e-06
1.03277e-06
2.74042e-06
4.86981e-06
9.47255e-06
4.18263e-06
5.55789e-06
3.73061e-06
4.5044e-06
4.69168e-06
4.86453e-06
1.00468e-06
3.32155e-06
9.52999e-07
9.48454e-07
2.60018e-06
3.3314e-06
1.16117e-06
3.25904e-06
1.15098e-06
2.15228e-06
1.0842e-06
1.1232e-06
3.77473e-06
3.45193e-06
1.60093e-06
3.52742e-06
2.6107e-06
2.26654e-06
2.88377e-06
4.07009e-06
2.7005e-06
2.97795e-06
2.20035e-06
3.17537e-06
3.42576e-06
5.36184e-06
4.05501e-06
2.88561e-06
2.94357e-06
6.50946e-06
2.37632e-06
3.71022e-06
1.11585e-06
1.32271e-06
2.37213e-06
1.4049e-06
1.00639e-06
3.26808e-06
3.39898e-06
3.51518e-06
2.71964e-06
2.83497e-06
3.28213e-06
3.01233e-06
2.89959e-06
2.68104e-06
2.09491e-06
2.0819e-06
1.09554e-06
2.63041e-06
3.14681e-06
1.63084e-06
2.22254e-06
2.56507e-06
1.67925e-06
1.93469e-06
2.90538e-06
1.77566e-06
7.36809e-06
5.41329e-06
3.13148e-06
2.99866e-06
1.79522e-06
1.69517e-06
5.16632e-06
4.3805e-06
9.73803e-06
6.60905e-06
8.18908e-06
9.14406e-06
7.07659e-06
6.84417e-06
3.22108e-06
7.19376e-06
6.58336e-06
6.53991e-06
7.03368e-06
9.35882e-06
8.20518e-06
6.64418e-06
2.85453e-06
4.29603e-06
3.81561e-06
3.5563e-06
1.80873e-06
3.83738e-06
4.56272e-06
4.43304e-06
3.05307e-06
4.71172e-06
3.08681e-06
7.07684e-06
1.84719e-06
9.67402e-06
2.84235e-06
3.84914e-06
5.3267e-06
3.63323e-06
3.42309e-06
7.22175e-06
4.84432e-06
3.69263e-06
8.31182e-06
6.74154e-06
3.9875e-06
6.63551e-06
3.21046e-06
2.39003e-06
6.52541e-06
7.87812e-06
2.75215e-06
7.25839e-06
0.000122388
0.000120651
0.000131201
0.000137315
0.000156399
0.000153755
0.000161579
0.000161524
0.000133073
0.000165275
0.000167945
0.00016828
0.000168203
0.000134974
0.000147487
0.000168133
0.000167925
0.000167794
0.000167746
0.000167916
0.000167855
0.000167795
0.000167857
0.000167812
0.000168466
0.000168373
0.000168136
0.000168419
0.000168402
0.000166282
0.000168369
0.0001683
0.000168314
0.000168137
0.000168435
0.000168295
0.000151504
0.000168283
0.00015412
0.000168352
0.000145217
0.000160723
0.000160814
0.000168053
0.000168204
0.000168148
0.000168052
0.000166157
0.000168111
0.000168405
0.000165959
0.000168068
0.000164962
0.000168329
0.000168095
0.000168254
0.000168027
0.000168017
0.000168235
0.000167941
0.000167965
0.000168031
0.000166174
0.000168079
0.000167679
0.000167736
0.000167864
0.000167859
0.000167709
0.000167753
0.000167831
0.000167835
0.000167877
0.00015097
0.000147099
0.00016813
0.000167977
0.000151274
0.000168111
0.000168147
0.000168212
0.000144416
0.000145712
0.000152061
0.000147321
0.000140728
0.000130031
0.00016202
0.000168124
0.000168248
0.00015425
0.000147149
0.000140235
0.000140909
0.000153822
0.000168378
0.000167795
0.000167943
0.000167942
0.000143433
0.000167935
0.000167936
0.000167947
0.000167986
0.000167861
0.000148471
0.00014
0.000168002
0.000167957
0.000168079
0.000168002
0.000168101
0.000168127
0.000168087
0.000168239
0.000156745
0.000168164
0.000168122
0.000153642
0.000163781
0.000168152
0.000168438
0.000168273
0.000168341
0.000168304
0.000148061
0.000155232
0.000155065
7.19664e-06
8.90195e-06
1.62406e-05
9.68231e-06
7.37117e-06
8.81326e-06
9.48524e-06
1.05733e-05
1.09535e-05
1.18271e-05
1.49943e-05
1.29201e-05
1.11183e-05
1.26746e-05
1.22911e-05
1.33916e-05
2.4214e-05
2.00841e-05
2.57319e-05
2.56683e-05
2.39085e-05
2.12701e-05
2.49847e-05
2.34931e-05
1.0866e-05
1.18727e-05
1.81334e-05
1.22246e-05
1.09889e-05
1.41238e-05
1.18543e-05
1.53254e-05
8.95529e-06
1.65325e-05
9.87344e-06
1.03638e-05
9.94876e-06
1.17757e-05
1.02907e-05
1.17392e-05
1.06222e-05
1.50536e-05
1.68779e-05
2.08924e-05
1.34343e-05
1.49969e-05
2.1767e-05
2.15722e-05
1.70822e-05
1.05442e-05
1.1413e-05
1.79782e-05
1.7064e-05
1.30557e-05
1.72661e-05
1.40765e-05
2.14767e-05
2.27729e-05
1.73059e-05
1.77625e-05
2.19579e-05
2.19399e-05
2.1789e-05
2.17598e-05
3.25333e-05
3.6614e-05
2.42775e-05
2.75206e-05
3.65017e-05
3.70493e-05
2.77915e-05
2.62765e-05
3.76084e-05
2.65543e-05
2.12218e-05
2.58219e-05
2.4699e-05
1.42576e-05
1.89368e-05
2.39895e-05
1.61129e-05
1.3827e-05
8.89565e-06
1.07636e-05
1.34234e-05
1.33551e-05
1.06078e-05
9.83327e-06
1.92016e-05
1.77117e-05
1.25118e-05
1.42057e-05
1.67692e-05
1.67017e-05
1.41833e-05
1.33536e-05
2.2761e-05
2.3416e-05
2.54974e-05
2.35603e-05
2.69693e-05
2.47372e-05
2.66563e-05
2.51501e-05
2.20009e-05
2.34787e-05
2.0783e-05
2.31131e-05
2.52969e-05
2.29907e-05
2.30852e-05
2.0934e-05
1.78261e-05
1.95307e-05
1.80135e-05
1.24272e-05
1.74334e-05
1.85045e-05
1.4909e-05
1.61026e-05
1.70105e-05
1.15646e-05
1.68586e-05
1.4873e-05
1.43583e-05
1.47843e-05
1.58625e-05
1.56921e-05
1.10967e-06
2.58578e-06
2.7315e-06
1.63104e-06
2.24792e-06
2.49086e-06
1.62406e-06
1.8388e-06
2.89756e-06
2.41364e-06
6.03201e-06
4.28174e-06
3.1418e-06
2.9136e-06
1.80999e-06
1.66665e-06
4.25064e-06
6.28417e-06
9.31844e-06
6.42456e-06
6.1743e-06
7.08946e-06
6.50353e-06
5.8648e-06
3.21319e-06
6.73655e-06
5.84703e-06
5.51786e-06
6.33506e-06
7.46959e-06
6.53531e-06
7.0373e-06
2.84399e-06
4.00305e-06
3.62672e-06
4.03393e-06
1.85509e-06
3.98223e-06
4.72534e-06
4.26069e-06
3.02322e-06
4.56903e-06
3.15908e-06
5.2752e-06
1.91764e-06
5.64312e-06
3.32604e-06
3.34646e-06
4.40602e-06
3.61768e-06
4.00867e-06
7.062e-06
4.52254e-06
3.43422e-06
6.99575e-06
6.09235e-06
3.28537e-06
6.89857e-06
3.45081e-06
2.71469e-06
4.69263e-06
6.40889e-06
3.04997e-06
6.09294e-06
7.53617e-07
2.40733e-06
9.76753e-07
1.02209e-06
1.87536e-06
1.81461e-06
1.00947e-06
2.619e-06
4.68194e-06
9.87054e-06
4.28553e-06
4.45173e-06
4.47669e-06
5.13715e-06
4.98875e-06
5.51076e-06
1.01384e-06
3.44581e-06
1.16462e-06
1.05604e-06
2.62871e-06
3.27907e-06
1.17447e-06
2.27791e-06
1.21222e-06
1.85464e-06
1.20153e-06
1.33799e-06
3.79532e-06
3.86623e-06
1.52511e-06
3.65014e-06
2.52022e-06
2.20434e-06
2.98211e-06
4.31048e-06
2.81894e-06
2.86072e-06
2.13149e-06
3.13465e-06
3.71386e-06
3.69166e-06
3.26532e-06
2.8698e-06
2.91136e-06
5.16789e-06
3.18157e-06
3.21871e-06
1.10956e-06
1.37445e-06
3.11434e-06
1.34568e-06
9.99828e-07
3.15367e-06
3.24647e-06
3.39197e-06
2.68989e-06
2.63417e-06
5.07503e-06
4.07239e-06
2.87945e-06
3.42995e-06
2.56895e-06
2.50095e-06
7.72751e-06
4.48987e-06
1.47097e-05
9.93359e-06
5.5073e-06
8.1809e-06
9.3088e-06
9.55214e-06
5.77482e-06
5.18439e-06
1.03849e-05
9.52815e-06
9.18304e-06
9.24893e-06
9.36276e-06
9.45655e-06
2.17873e-05
1.52873e-05
2.37076e-05
2.19385e-05
2.12302e-05
1.63864e-05
2.15002e-05
1.74029e-05
1.2345e-05
9.91665e-06
1.7612e-05
1.39374e-05
1.24051e-05
1.24905e-05
1.33072e-05
1.35676e-05
8.56459e-06
1.47504e-05
1.01514e-05
9.10517e-06
8.82169e-06
1.05413e-05
8.99707e-06
1.05679e-05
8.74962e-06
9.52062e-06
1.1663e-05
1.18065e-05
9.13508e-06
9.50472e-06
1.13191e-05
1.13405e-05
1.55525e-05
1.13189e-05
9.57482e-06
1.71404e-05
1.62536e-05
1.16765e-05
1.61462e-05
1.25029e-05
1.36425e-05
1.62961e-05
1.0018e-05
1.22124e-05
1.47847e-05
1.48515e-05
1.18471e-05
1.22715e-05
4.69475e-06
1.41707e-05
3.91301e-06
5.05793e-06
7.95393e-06
8.13175e-06
3.19856e-06
8.25233e-06
2.03881e-05
2.35699e-05
1.5194e-05
1.51415e-05
1.62569e-05
1.63243e-05
1.50663e-05
1.64029e-05
3.9259e-06
1.02497e-05
2.13101e-06
3.48398e-06
9.35272e-06
9.26513e-06
3.65815e-06
9.20117e-06
4.82917e-06
1.11351e-05
2.93093e-06
3.4452e-06
8.65024e-06
9.0973e-06
3.8074e-06
9.66819e-06
1.21529e-05
8.56515e-06
8.10912e-06
1.09722e-05
1.09434e-05
8.46077e-06
1.09408e-05
8.45626e-06
1.17534e-05
1.13791e-05
1.16884e-05
8.77794e-06
1.11571e-05
1.13837e-05
1.12769e-05
1.15436e-05
3.4736e-06
3.52032e-06
1.10983e-05
3.90654e-06
4.83102e-06
8.82172e-06
9.13951e-06
9.09682e-06
9.01079e-06
9.77881e-06
1.18701e-05
1.18297e-05
9.42645e-06
9.42659e-06
1.17231e-05
1.172e-05
1.25005e-05
2.50442e-05
1.67184e-05
4.98197e-06
1.76931e-05
1.36191e-05
1.41743e-05
9.66692e-06
2.16922e-05
3.66271e-06
2.08051e-06
2.3079e-06
1.26787e-05
1.22539e-05
1.12627e-05
1.99814e-06
1.27121e-05
2.0246e-06
2.43244e-06
2.36311e-06
8.63604e-06
8.46586e-06
8.43117e-06
1.97449e-06
1.21261e-05
2.00962e-06
2.09165e-06
2.53465e-06
8.8292e-06
8.86311e-06
8.99328e-06
1.76217e-06
2.3667e-05
1.48827e-05
1.6177e-05
1.04794e-05
1.77671e-05
1.58639e-05
1.79748e-05
1.57637e-05
2.18521e-05
1.01862e-05
9.46892e-06
1.46226e-05
1.61034e-05
1.02525e-05
1.69131e-05
9.70617e-06
1.37944e-05
1.43818e-05
9.51543e-06
8.66324e-06
1.3582e-05
1.46838e-05
8.85272e-06
8.97869e-06
1.38174e-05
1.80787e-06
1.83092e-06
1.8262e-06
8.76e-06
8.70242e-06
9.01618e-06
2.30755e-06
2.09701e-05
2.21168e-05
2.40236e-05
2.6024e-05
1.39178e-05
2.51355e-05
1.74069e-05
2.71415e-05
1.37612e-05
8.75306e-06
8.94757e-06
1.64308e-05
1.28884e-05
8.50987e-06
1.54005e-05
8.82418e-06
2.1964e-05
1.1124e-05
1.28635e-05
1.4324e-05
2.01896e-05
1.22989e-05
1.49924e-05
1.26837e-05
2.42247e-05
2.3916e-05
1.97226e-05
2.64024e-05
2.41137e-05
2.43724e-05
2.98364e-05
2.11197e-05
1.96453e-05
2.4533e-05
1.47126e-05
2.27288e-05
2.19393e-05
2.56083e-05
2.3249e-05
2.57046e-05
1.46593e-05
1.82927e-05
9.52835e-06
2.21537e-05
1.83841e-05
1.83033e-05
1.91286e-05
1.79983e-05
2.24054e-05
3.13914e-05
2.32114e-05
1.90782e-05
2.3112e-05
2.42599e-05
2.32684e-05
2.41241e-05
2.21137e-05
1.67661e-05
2.09284e-05
1.06364e-05
2.2853e-05
2.32262e-05
2.07164e-05
2.19792e-05
5.72887e-06
5.48409e-06
8.42486e-06
7.16146e-06
5.8153e-06
5.91993e-06
6.70119e-06
6.56357e-06
6.47617e-06
8.72981e-06
8.36736e-06
7.20392e-06
6.67608e-06
8.45866e-06
6.93873e-06
8.42862e-06
1.21177e-05
1.40607e-05
2.07482e-05
1.23247e-05
1.22811e-05
1.45542e-05
1.24115e-05
1.59359e-05
8.54103e-06
7.00984e-06
9.25529e-06
9.93284e-06
8.5054e-06
7.78168e-06
9.44144e-06
8.27464e-06
5.55348e-06
8.44646e-06
7.18892e-06
6.29874e-06
5.9651e-06
6.96705e-06
6.20863e-06
6.95958e-06
6.29675e-06
7.4667e-06
8.38762e-06
8.8601e-06
6.96723e-06
7.3776e-06
8.52362e-06
8.58088e-06
8.63231e-06
8.09091e-06
6.79964e-06
9.18597e-06
8.64416e-06
7.49168e-06
8.75252e-06
7.79959e-06
9.8401e-06
1.15845e-05
8.4022e-06
9.89512e-06
1.08601e-05
1.10704e-05
9.4862e-06
9.96917e-06
2.39752e-06
8.47635e-06
2.30301e-06
2.26883e-06
6.22561e-06
5.9604e-06
3.16923e-06
5.73275e-06
1.23728e-05
2.08251e-05
1.37584e-05
1.35648e-05
1.421e-05
1.45139e-05
1.39896e-05
1.46267e-05
2.71507e-06
8.34411e-06
3.56994e-06
2.99325e-06
7.49767e-06
8.55081e-06
4.321e-06
9.58879e-06
2.29761e-06
7.94793e-06
2.34665e-06
1.87784e-06
6.56964e-06
6.50616e-06
3.64471e-06
6.42071e-06
8.71243e-06
6.07678e-06
6.25701e-06
8.45396e-06
8.50065e-06
6.13363e-06
8.40453e-06
6.13584e-06
8.76665e-06
8.35234e-06
8.28744e-06
6.33571e-06
8.50267e-06
8.41529e-06
8.36613e-06
8.25797e-06
3.29335e-06
3.23826e-06
7.9365e-06
3.85766e-06
2.36855e-06
6.02705e-06
6.5881e-06
6.49202e-06
6.56305e-06
7.63081e-06
8.13901e-06
8.21768e-06
7.19717e-06
7.18229e-06
8.06489e-06
8.04779e-06
9.37834e-06
1.26934e-05
7.72308e-06
9.94136e-06
9.73617e-06
1.01572e-05
9.91924e-06
1.01905e-05
1.62015e-05
1.43079e-05
2.23546e-05
2.25079e-05
2.18451e-05
1.62851e-05
2.27182e-05
2.80015e-05
8.16327e-06
1.14598e-05
8.45793e-06
8.89738e-06
8.5706e-06
1.01978e-05
8.82398e-06
1.01904e-05
1.07232e-05
1.45874e-05
8.97782e-06
1.14507e-05
1.12059e-05
1.24888e-05
1.14674e-05
1.24467e-05
1.29251e-05
7.99597e-06
1.04352e-05
1.37803e-05
1.3126e-05
1.08384e-05
1.31357e-05
1.13131e-05
1.33576e-05
1.639e-05
1.43209e-05
8.8824e-06
1.35375e-05
1.47231e-05
1.01336e-05
1.11438e-05
8.1416e-06
1.06953e-05
1.45167e-05
8.88158e-06
8.22063e-06
1.13347e-05
8.67027e-06
1.20081e-05
8.9506e-06
1.00998e-05
1.66494e-05
1.43674e-05
9.61726e-06
1.0097e-05
1.16956e-05
1.18354e-05
2.19958e-05
1.13934e-05
2.56886e-05
7.88757e-06
1.65548e-05
1.24416e-05
1.46192e-05
1.36113e-05
1.11186e-05
9.73711e-06
8.81276e-06
5.22248e-06
1.48774e-05
1.18338e-05
6.98741e-06
1.26536e-05
2.36511e-05
1.04699e-05
2.60922e-05
9.74155e-06
4.59323e-05
1.69925e-05
3.02553e-05
3.03865e-05
5.36898e-06
4.85132e-06
6.02646e-06
6.64218e-06
6.13363e-06
5.29346e-06
3.98737e-06
7.38354e-06
1.97109e-05
2.60157e-05
1.05563e-05
5.23938e-06
8.02417e-06
6.80344e-06
7.62849e-06
7.06488e-06
1.67815e-05
6.22802e-06
1.41108e-05
1.94431e-05
1.92319e-05
8.18207e-06
1.16565e-05
3.92505e-05
1.96596e-05
8.52564e-06
5.25113e-06
9.85092e-06
1.20106e-05
7.55117e-06
9.1093e-06
1.4998e-05
2.75897e-05
7.61787e-06
4.94708e-06
2.75227e-05
5.15742e-06
7.0102e-06
6.89474e-06
5.65787e-06
3.34797e-05
1.84998e-05
1.36014e-05
9.78975e-06
1.85341e-05
2.03426e-05
1.20114e-05
1.47294e-05
2.03716e-05
1.22648e-05
1.75701e-05
6.11252e-06
3.38674e-05
2.31944e-05
1.02566e-05
2.71931e-05
6.42911e-06
7.00371e-06
1.33803e-05
5.05548e-06
4.72094e-06
7.27885e-06
7.70285e-06
6.3503e-06
7.72577e-06
3.77104e-06
6.47468e-06
7.47847e-06
7.60403e-06
7.38519e-06
6.93397e-06
6.18906e-06
3.29641e-05
9.98258e-06
6.17301e-06
9.45367e-06
8.93802e-06
5.94229e-06
8.83636e-06
4.88637e-06
1.40282e-05
1.21017e-05
1.61079e-05
1.0007e-05
8.93681e-06
7.50684e-06
1.86352e-05
7.65563e-06
4.83231e-06
9.27357e-06
3.95797e-06
2.51167e-06
3.61217e-06
5.24256e-06
2.94404e-06
2.93555e-06
5.59595e-06
2.73219e-06
7.19043e-06
1.14569e-05
5.04942e-06
3.37201e-06
7.89696e-06
4.05736e-06
7.04574e-06
7.63345e-06
6.52028e-06
7.43272e-06
7.16816e-06
7.21999e-06
7.22122e-06
7.20157e-06
1.46438e-05
2.12057e-05
2.20204e-05
1.71898e-05
1.6395e-05
1.9579e-05
1.72107e-05
1.98517e-05
7.96387e-06
1.37558e-05
1.06906e-05
9.97521e-06
9.24933e-06
1.15183e-05
9.81948e-06
1.15078e-05
8.16484e-06
1.11729e-05
1.06857e-05
8.99615e-06
8.65217e-06
9.55172e-06
8.97364e-06
9.62818e-06
8.47546e-06
7.54683e-06
7.69234e-06
1.03691e-05
8.9578e-06
7.70932e-06
8.96397e-06
8.0949e-06
1.04632e-05
1.39686e-05
1.90617e-05
9.30168e-06
1.06312e-05
1.29864e-05
1.11104e-05
1.40642e-05
8.1175e-06
7.96453e-06
1.11393e-05
1.06895e-05
8.17804e-06
8.15124e-06
9.86464e-06
8.99271e-06
9.35653e-06
1.27338e-05
1.40289e-05
1.89441e-05
1.16356e-05
1.27073e-05
1.5313e-05
1.52748e-05
2.45478e-05
3.61117e-05
2.09394e-05
1.54299e-05
2.12566e-05
1.51788e-05
1.37872e-05
1.82396e-05
5.36001e-05
1.77832e-05
2.29782e-05
2.77155e-05
2.8654e-05
2.2461e-05
2.54015e-05
2.67908e-05
1.30773e-05
1.40584e-05
9.14678e-06
1.04729e-05
1.30529e-05
1.31069e-05
1.0623e-05
9.92227e-06
1.8867e-05
1.93965e-05
1.20291e-05
1.43592e-05
1.75921e-05
1.62999e-05
1.46006e-05
1.34218e-05
1.62782e-05
2.06097e-05
2.45722e-05
2.52524e-05
1.46699e-05
2.24088e-05
2.74987e-05
2.25834e-05
1.22542e-05
2.36312e-05
2.11873e-05
1.79677e-05
1.58114e-05
2.33746e-05
2.13675e-05
2.13237e-05
1.58312e-05
1.90261e-05
1.99201e-05
1.22672e-05
1.6028e-05
1.7551e-05
1.46751e-05
1.58268e-05
1.44588e-05
1.14366e-05
1.8646e-05
1.57668e-05
1.36639e-05
1.37095e-05
1.71119e-05
1.66683e-05
7.58236e-06
1.07057e-05
1.53521e-05
1.29147e-05
8.75669e-06
1.14345e-05
1.31214e-05
1.27406e-05
9.51129e-06
7.88001e-06
1.40277e-05
9.95823e-06
9.10835e-06
9.10592e-06
9.84708e-06
1.02504e-05
2.27552e-05
1.95588e-05
1.79059e-05
2.52491e-05
2.32916e-05
2.33849e-05
2.59354e-05
2.75619e-05
1.25271e-05
1.14414e-05
1.81313e-05
1.32219e-05
1.19668e-05
1.19532e-05
1.29643e-05
1.35023e-05
1.00973e-05
1.5918e-05
1.18848e-05
1.0454e-05
1.13192e-05
1.22789e-05
1.13468e-05
1.1848e-05
1.00926e-05
1.04261e-05
1.47851e-05
1.55843e-05
1.16869e-05
1.08527e-05
1.542e-05
1.4865e-05
1.68137e-05
1.27231e-05
1.13166e-05
1.7844e-05
1.70039e-05
1.31485e-05
1.66691e-05
1.24033e-05
1.70835e-05
1.84239e-05
1.17648e-05
1.61495e-05
1.67654e-05
1.6473e-05
1.56932e-05
1.59045e-05
1.27485e-06
2.04018e-06
7.95387e-06
2.17712e-06
1.07821e-06
5.46152e-06
5.48587e-06
5.53156e-06
1.82969e-06
2.11089e-06
1.02051e-05
5.26177e-06
1.18771e-06
5.38328e-06
6.26587e-06
5.4481e-06
1.81353e-05
1.04609e-05
9.10124e-06
1.67106e-05
6.56008e-06
1.7224e-05
1.14964e-05
1.20151e-05
1.94708e-06
3.45364e-06
1.09088e-05
2.598e-06
1.24897e-06
6.48371e-06
6.73207e-06
6.49211e-06
1.06823e-06
8.52891e-06
1.17243e-06
1.45606e-06
6.37332e-06
6.0068e-06
2.14087e-06
6.26724e-06
5.38811e-06
6.12309e-06
1.12069e-05
9.41589e-06
5.46593e-06
5.8932e-06
8.7779e-06
9.64751e-06
9.20194e-06
6.75812e-06
6.51732e-06
1.05804e-05
9.56256e-06
6.29338e-06
1.01319e-05
6.42018e-06
9.8743e-06
1.11294e-05
6.16443e-06
1.17454e-05
1.04114e-05
1.07547e-05
1.05396e-05
1.08557e-05
2.54569e-05
2.35657e-05
2.07344e-05
4.22726e-05
1.39552e-05
2.44674e-05
1.39516e-05
2.42389e-05
1.63063e-05
1.12398e-05
1.09713e-05
1.44847e-05
1.45995e-05
1.13855e-05
1.49017e-05
1.16774e-05
1.30888e-05
8.869e-06
5.66388e-06
1.40374e-05
1.33566e-05
9.12418e-06
1.31662e-05
9.19967e-06
3.45776e-05
2.28265e-05
2.24892e-05
2.58777e-05
1.2215e-05
2.35414e-05
2.51989e-05
2.33695e-05
1.39374e-05
2.05583e-05
1.52858e-05
1.12989e-05
1.50196e-05
2.44544e-05
2.57514e-05
2.51612e-05
1.6171e-05
1.52821e-05
1.02517e-05
1.45374e-05
1.61787e-05
1.56062e-05
1.54943e-05
1.54582e-05
1.98304e-05
1.72028e-05
1.21365e-05
1.54463e-05
2.13845e-05
2.16832e-05
1.50099e-05
2.38131e-05
1.45495e-05
1.54462e-05
1.53641e-05
1.04132e-05
1.50866e-05
1.53574e-05
1.57634e-05
1.56722e-05
1.19241e-05
1.67227e-05
1.21585e-05
1.27198e-05
2.36348e-05
2.28867e-05
2.29959e-05
1.44242e-05
1.24016e-05
3.0119e-06
2.34997e-06
4.4862e-06
8.64306e-06
8.6184e-06
8.7638e-06
1.46236e-06
1.22361e-05
2.44956e-06
2.60533e-06
2.69996e-06
1.10828e-05
1.12216e-05
1.16774e-05
1.74558e-06
1.24509e-05
3.7518e-06
2.15431e-06
3.13889e-06
9.15947e-06
9.29529e-06
9.54355e-06
1.48454e-06
1.38104e-05
1.58436e-05
1.50273e-05
8.73467e-06
1.42432e-05
1.53487e-05
1.36306e-05
1.53278e-05
1.39418e-05
8.8701e-06
9.5794e-06
1.60815e-05
1.42486e-05
8.88445e-06
1.51524e-05
9.48058e-06
1.6344e-05
1.55553e-05
9.22625e-06
1.0422e-05
1.62821e-05
1.46327e-05
1.00773e-05
9.33154e-06
1.40349e-05
1.51e-06
1.44991e-06
1.48975e-06
1.02389e-05
1.01627e-05
9.89124e-06
2.36457e-06
5.89738e-06
5.38274e-06
9.47605e-06
7.65417e-06
5.98424e-06
6.12108e-06
6.9941e-06
7.11069e-06
5.32029e-06
6.46876e-06
7.59385e-06
6.47894e-06
5.33231e-06
6.48634e-06
6.03062e-06
6.83192e-06
1.57202e-05
1.45378e-05
1.97885e-05
2.20467e-05
1.69179e-05
1.64431e-05
1.97093e-05
1.85758e-05
9.20695e-06
7.88626e-06
1.30947e-05
1.06447e-05
9.23176e-06
9.19364e-06
1.01124e-05
1.07007e-05
5.42462e-06
9.42891e-06
7.64051e-06
6.60621e-06
6.11068e-06
7.6487e-06
6.50516e-06
7.64283e-06
5.71732e-06
7.2652e-06
7.5679e-06
9.32101e-06
6.52299e-06
7.21381e-06
8.40412e-06
8.43354e-06
9.96976e-06
8.6295e-06
7.46686e-06
1.27514e-05
1.02717e-05
8.69194e-06
1.04895e-05
9.19752e-06
1.18899e-05
1.76387e-05
8.58877e-06
9.26081e-06
1.3511e-05
1.36832e-05
1.0179e-05
1.11154e-05
2.65188e-06
9.51086e-06
2.78727e-06
2.545e-06
6.58923e-06
6.17978e-06
3.43412e-06
5.80449e-06
1.54783e-05
1.14855e-05
1.38211e-05
1.38616e-05
1.60758e-05
1.5751e-05
1.38263e-05
1.51541e-05
3.39688e-06
7.51705e-06
3.03226e-06
3.27633e-06
6.11467e-06
6.55724e-06
4.90298e-06
6.95574e-06
2.6745e-06
7.60972e-06
3.09891e-06
2.32962e-06
6.45988e-06
6.21521e-06
3.87084e-06
5.99548e-06
9.55776e-06
5.80297e-06
6.51708e-06
8.73765e-06
8.96801e-06
6.19089e-06
8.92851e-06
6.19421e-06
9.12996e-06
8.07922e-06
7.54608e-06
5.78839e-06
8.56157e-06
8.12504e-06
8.08695e-06
7.61777e-06
4.06698e-06
3.71946e-06
7.65016e-06
5.02798e-06
2.92733e-06
5.86841e-06
6.01258e-06
6.21274e-06
5.74702e-06
6.32209e-06
7.38185e-06
7.43717e-06
6.17169e-06
6.1779e-06
7.15159e-06
7.16451e-06
1.88311e-05
1.64238e-05
2.07297e-05
1.88596e-05
2.06416e-05
1.93171e-05
2.02404e-05
1.93095e-05
1.06008e-05
8.14896e-06
8.56892e-06
8.71321e-06
8.97299e-06
8.42851e-06
8.79024e-06
8.41626e-06
1.35948e-05
1.04457e-05
1.13515e-05
1.14929e-05
1.20869e-05
1.13299e-05
1.19649e-05
1.15306e-05
1.26419e-05
9.26183e-06
1.06566e-05
1.00851e-05
1.0416e-05
9.69574e-06
1.02409e-05
9.77782e-06
1.23385e-05
1.53647e-05
1.33182e-05
9.60059e-06
1.22156e-05
1.34461e-05
1.17148e-05
1.25082e-05
1.16251e-05
9.04505e-06
9.57769e-06
1.40941e-05
1.17324e-05
9.43267e-06
1.23364e-05
1.03902e-05
1.50037e-05
1.31023e-05
9.42266e-06
1.10796e-05
1.42056e-05
1.25668e-05
1.1313e-05
1.0126e-05
1.41365e-05
1.05066e-05
9.02834e-06
9.64848e-06
1.1256e-05
1.0474e-05
1.0264e-05
9.76764e-06
1.68049e-06
1.47558e-06
5.4097e-06
1.55516e-06
1.02762e-06
4.86397e-06
5.74555e-06
5.55689e-06
1.79186e-06
2.5383e-06
6.4037e-06
4.3322e-06
1.24991e-06
5.92927e-06
6.96329e-06
7.04659e-06
1.21606e-05
1.11468e-05
2.23158e-05
1.26844e-05
1.30706e-05
1.50372e-05
1.38868e-05
1.51745e-05
1.57716e-06
3.31323e-06
7.66191e-06
2.98944e-06
1.1861e-06
6.30871e-06
6.16652e-06
6.29499e-06
1.03081e-06
6.38399e-06
1.06548e-06
1.49687e-06
6.29276e-06
5.97968e-06
1.81932e-06
6.03362e-06
4.74478e-06
6.82787e-06
8.27321e-06
8.47282e-06
6.64792e-06
6.86327e-06
6.26902e-06
7.12071e-06
7.01081e-06
5.94613e-06
6.54867e-06
7.6338e-06
7.03317e-06
6.06665e-06
7.34333e-06
6.30541e-06
8.8036e-06
8.04324e-06
6.87347e-06
8.33995e-06
8.1156e-06
7.95152e-06
7.49594e-06
7.52463e-06
2.75721e-06
2.94238e-06
1.1224e-05
3.09271e-06
1.91694e-06
9.47299e-06
9.50915e-06
9.56662e-06
2.63003e-06
4.07232e-06
1.08061e-05
4.33934e-06
1.84674e-06
8.33502e-06
8.33144e-06
8.49944e-06
1.59581e-05
1.66261e-05
1.44944e-05
8.359e-06
1.37243e-05
1.40409e-05
1.635e-05
1.66706e-05
2.91383e-06
4.29597e-06
1.24123e-05
4.61508e-06
2.00996e-06
9.45737e-06
9.53864e-06
9.56043e-06
1.90548e-06
1.25332e-05
2.08253e-06
1.88771e-06
9.17948e-06
9.62485e-06
2.61598e-06
9.61932e-06
8.9744e-06
8.82617e-06
1.18413e-05
1.27441e-05
8.99613e-06
8.81181e-06
1.22937e-05
1.18769e-05
1.24767e-05
9.84624e-06
8.83358e-06
1.26012e-05
1.20942e-05
9.62938e-06
1.26339e-05
9.44405e-06
1.27392e-05
1.28985e-05
8.97473e-06
1.18095e-05
1.28094e-05
1.2793e-05
1.19311e-05
1.15275e-05
2.04503e-05
1.71834e-05
1.87843e-05
2.08262e-05
1.38252e-05
1.18513e-05
1.47026e-05
1.69163e-05
1.08236e-05
8.03193e-06
6.9232e-06
8.56005e-06
8.80632e-06
8.32908e-06
8.56258e-06
8.37221e-06
1.1064e-05
9.13005e-06
9.78305e-06
9.75538e-06
1.00113e-05
9.49353e-06
9.75904e-06
9.76623e-06
1.32798e-05
1.06176e-05
1.02187e-05
1.09328e-05
1.21496e-05
1.16353e-05
1.09548e-05
1.06849e-05
1.27847e-05
1.38357e-05
1.65499e-05
1.1109e-05
1.25208e-05
1.48976e-05
1.25947e-05
1.51455e-05
1.1852e-05
1.05073e-05
8.95204e-06
1.29389e-05
1.2229e-05
1.05646e-05
1.23753e-05
9.77753e-06
1.2115e-05
1.3443e-05
1.0446e-05
1.03402e-05
1.19398e-05
1.27148e-05
1.11029e-05
1.15551e-05
1.16343e-05
1.01327e-05
1.00377e-05
8.5615e-06
1.04711e-05
1.05694e-05
9.44084e-06
9.53394e-06
0.000167696
0.000167676
0.000167608
0.000167654
0.000167674
0.000167645
0.00016764
0.000167613
0.000167707
0.000167829
0.000167686
0.00016763
0.000167725
0.000167738
0.000167649
0.000167669
0.000167572
0.000167601
0.000167579
0.000167545
0.000167573
0.000167566
0.000167544
0.000167543
0.000167643
0.000167591
0.00016757
0.000167642
0.000167627
0.000167601
0.000167617
0.000167588
0.000167657
0.000167607
0.000167645
0.000167612
0.000167609
0.000167618
0.000167614
0.000167616
0.000167647
0.000167602
0.000167621
0.00016759
0.000167608
0.000167625
0.000167616
0.000167618
0.000167579
0.000167626
0.000167585
0.000167554
0.000167589
0.000167598
0.000167579
0.0001676
0.000167568
0.00016754
0.000167575
0.000167572
0.000167574
0.00016756
0.000167571
0.000167572
0.000167628
0.000167659
0.000167602
0.000167785
0.000167652
0.000167628
0.000167663
0.000167638
0.000167765
0.000167874
0.000167744
0.000167881
0.000167838
0.000167826
0.000167793
0.000167776
0.000167637
0.000167703
0.000167711
0.000167808
0.00016768
0.000167678
0.000167722
0.000167727
0.000148977
0.000168074
0.000152615
0.000132174
0.000139828
0.000149285
0.000168186
0.00016814
0.000167725
0.000167634
0.000167827
0.000167896
0.000167714
0.000167674
0.000167807
0.00016778
0.000167709
0.00016786
0.000167703
0.000167625
0.000167698
0.000167747
0.000167654
0.000167706
0.000167669
0.000167872
0.000167935
0.00016789
0.000167779
0.000167841
0.000167838
0.000167911
0.00016766
0.000167871
0.000167905
0.000167725
0.000167705
0.000167805
0.000167737
0.000164236
1.13355e-05
1.45916e-05
1.25746e-05
9.85567e-06
1.04459e-05
1.3739e-05
1.09235e-05
1.36926e-05
2.09717e-05
1.45782e-05
2.48176e-05
3.21807e-05
3.46524e-05
9.32114e-06
2.31028e-05
1.40543e-05
1.21345e-05
1.92775e-05
1.50302e-05
1.37517e-05
1.29478e-05
1.66986e-05
1.30984e-05
1.67078e-05
9.45526e-06
1.59518e-05
1.44461e-05
9.66397e-06
9.62447e-06
1.57262e-05
9.90035e-06
1.58404e-05
1.46526e-05
1.30634e-05
9.65416e-06
1.5388e-05
1.50019e-05
1.40981e-05
1.49707e-05
1.46679e-05
1.92271e-05
2.26562e-05
2.201e-05
1.44013e-05
1.93339e-05
2.11054e-05
1.73553e-05
1.83443e-05
1.31709e-05
9.92165e-06
1.58147e-05
1.40791e-05
1.34639e-05
1.46581e-05
1.39481e-05
1.50186e-05
1.44143e-05
1.62832e-05
2.26981e-05
2.20259e-05
1.53422e-05
1.63158e-05
1.85265e-05
1.94697e-05
7.38784e-06
4.38009e-06
1.5227e-05
1.11425e-05
1.03364e-05
1.0003e-05
1.06647e-05
1.10997e-05
6.32204e-06
1.20767e-05
1.48484e-05
1.23688e-05
1.19161e-05
1.25666e-05
1.22979e-05
1.31275e-05
1.07232e-05
1.3074e-05
9.28098e-06
2.49611e-05
1.37256e-05
2.88523e-05
2.29907e-05
1.28458e-05
1.24466e-05
1.15527e-05
1.8525e-05
1.45142e-05
1.29502e-05
1.464e-05
1.41726e-05
1.56409e-05
9.32961e-06
1.54836e-05
1.14686e-05
1.07596e-05
1.0377e-05
1.23883e-05
1.04103e-05
1.23762e-05
1.09589e-05
1.27277e-05
1.6538e-05
1.52633e-05
1.16436e-05
1.26222e-05
1.51407e-05
1.59536e-05
1.644e-05
1.21696e-05
1.13836e-05
1.82593e-05
1.66581e-05
1.34358e-05
1.71491e-05
1.46077e-05
1.66927e-05
2.01e-05
1.34665e-05
1.76766e-05
1.83628e-05
1.84361e-05
1.6551e-05
1.66709e-05
1.25185e-05
1.01371e-05
9.47064e-06
4.63193e-06
1.68494e-05
1.44888e-05
2.68819e-05
1.12496e-05
1.45403e-05
4.16423e-06
3.69566e-06
3.84326e-06
1.24538e-05
1.25735e-05
1.23903e-05
2.17458e-06
1.47019e-05
2.90035e-06
2.51753e-06
2.78385e-06
1.00112e-05
9.99293e-06
9.88389e-06
1.7162e-06
7.82009e-06
2.88983e-06
2.69056e-06
2.17304e-06
9.64096e-06
9.05499e-06
8.44191e-06
1.8187e-06
1.67549e-05
1.49351e-05
1.475e-05
1.16311e-05
1.44779e-05
1.48298e-05
1.41567e-05
1.47267e-05
1.62415e-05
1.13795e-05
1.09178e-05
1.4947e-05
1.31382e-05
1.14431e-05
1.49285e-05
1.1096e-05
1.48555e-05
1.37778e-05
1.05739e-05
9.93649e-06
1.32497e-05
1.32841e-05
1.0055e-05
1.00466e-05
1.49227e-05
1.63468e-06
1.78727e-06
1.94009e-06
1.00596e-05
1.00049e-05
9.99097e-06
2.99284e-06
1.41165e-06
3.14018e-06
1.12118e-05
5.19834e-06
1.3717e-06
6.41337e-06
5.51917e-06
9.7066e-06
2.79534e-06
1.60212e-06
9.27448e-06
4.71396e-06
1.20173e-06
6.28951e-06
9.57e-06
8.06258e-06
9.94045e-06
4.89933e-06
6.74676e-06
5.23466e-06
5.39436e-06
7.90407e-06
1.08845e-05
6.2839e-06
3.35792e-06
5.4154e-06
1.04745e-05
4.68924e-06
1.77394e-06
1.05846e-05
1.12432e-05
1.06273e-05
1.34323e-06
1.2272e-05
1.83981e-06
1.60632e-06
8.49083e-06
1.01412e-05
3.52998e-06
1.0457e-05
7.76784e-06
9.63766e-06
1.04853e-05
1.31808e-05
8.61175e-06
9.23957e-06
1.00644e-05
9.03664e-06
1.29314e-05
1.14381e-05
1.04701e-05
1.35011e-05
1.30392e-05
1.05393e-05
1.33063e-05
1.053e-05
1.36626e-05
1.33536e-05
9.72179e-06
1.26933e-05
1.31144e-05
1.32282e-05
1.24298e-05
1.17266e-05
4.40219e-06
1.11845e-05
4.71337e-06
2.10817e-06
5.71544e-06
7.94891e-06
2.94659e-06
7.17422e-06
1.39148e-05
8.23926e-06
5.47184e-06
8.58122e-06
1.75688e-05
8.96169e-06
1.14075e-05
9.45247e-06
3.94505e-06
9.14716e-06
3.32937e-06
2.2693e-06
6.26051e-06
6.40451e-06
3.40084e-06
6.34958e-06
5.66453e-06
3.26411e-06
4.98612e-06
5.92751e-06
7.81405e-06
4.79359e-06
6.16668e-06
7.40947e-06
1.00526e-05
7.1604e-06
2.72157e-06
3.26449e-06
4.39197e-06
3.62714e-06
3.70245e-06
2.1233e-06
1.03598e-05
9.97662e-06
7.52732e-06
6.8945e-06
6.9095e-06
4.13732e-06
9.52123e-06
7.26156e-06
2.91508e-06
2.01239e-06
2.75097e-06
2.93552e-06
2.35688e-06
4.84424e-06
5.38666e-06
3.3837e-06
6.77061e-06
4.94468e-06
5.78919e-06
5.61096e-06
3.96356e-06
3.24777e-06
3.61731e-06
3.76964e-06
2.15814e-06
5.65889e-06
2.45294e-06
1.59146e-06
6.49469e-06
5.43389e-06
1.96483e-06
4.54609e-06
1.28128e-05
5.39138e-06
8.93715e-06
1.39444e-05
1.50618e-05
5.2581e-06
1.43299e-05
7.49373e-06
2.32241e-06
5.50237e-06
3.06915e-06
1.98329e-06
2.40344e-06
5.03986e-06
2.34017e-06
2.89968e-06
1.99534e-06
6.76018e-06
2.26429e-06
1.95908e-06
6.03738e-06
5.95031e-06
2.95343e-06
5.98062e-06
7.01875e-06
2.57083e-06
6.19319e-06
6.93856e-06
6.9195e-06
6.21691e-06
6.92437e-06
6.2155e-06
1.13647e-05
6.87026e-06
9.61721e-06
4.92125e-06
6.86954e-06
6.81988e-06
5.31492e-06
6.68278e-06
2.044e-06
2.61954e-06
6.72865e-06
2.77243e-06
1.89162e-06
6.00007e-06
5.84651e-06
5.94494e-06
3.70469e-06
5.98427e-06
6.71001e-06
6.7312e-06
5.82369e-06
5.8472e-06
6.59165e-06
6.52604e-06
2.59004e-06
2.17254e-06
9.10523e-06
2.13001e-06
1.56452e-06
6.60202e-06
6.95177e-06
6.77785e-06
2.13401e-06
2.19074e-06
9.18179e-06
3.48258e-06
1.42169e-06
7.05249e-06
7.04703e-06
7.18919e-06
1.3816e-05
1.5414e-05
1.15388e-05
1.50892e-05
1.48585e-05
1.64305e-05
1.55119e-05
1.75305e-05
2.01533e-06
3.46113e-06
9.43565e-06
3.32166e-06
1.43335e-06
6.73579e-06
7.05967e-06
6.84402e-06
1.3006e-06
9.07359e-06
1.45361e-06
1.33737e-06
6.57016e-06
6.59239e-06
1.87685e-06
6.59614e-06
6.52039e-06
6.716e-06
9.18571e-06
9.26421e-06
6.62341e-06
6.70473e-06
9.1194e-06
9.03791e-06
9.0756e-06
6.89178e-06
6.92417e-06
9.4917e-06
9.09602e-06
6.81048e-06
9.35159e-06
6.73218e-06
9.33629e-06
9.51005e-06
6.73703e-06
9.25317e-06
9.50179e-06
9.45987e-06
9.07496e-06
8.84467e-06
7.15389e-06
9.09161e-06
6.47576e-06
8.76901e-06
7.82566e-06
7.0829e-06
7.86463e-06
7.146e-06
1.40942e-05
1.33994e-05
1.58227e-05
1.53525e-05
1.4727e-05
1.81015e-05
1.4872e-05
1.80748e-05
6.6095e-06
9.26471e-06
7.53375e-06
7.02114e-06
6.80306e-06
7.42978e-06
6.82342e-06
7.42364e-06
1.02772e-05
1.08479e-05
7.80288e-06
1.14296e-05
1.08308e-05
9.12398e-06
1.08034e-05
9.11222e-06
9.47466e-06
6.7346e-06
9.47574e-06
1.03838e-05
9.47018e-06
7.62269e-06
9.87552e-06
8.11547e-06
9.93818e-06
1.14483e-05
9.96015e-06
6.96141e-06
9.92559e-06
1.06989e-05
9.24656e-06
9.57186e-06
6.74357e-06
9.49407e-06
1.0395e-05
7.47091e-06
7.04052e-06
8.12902e-06
7.43799e-06
8.62855e-06
6.96178e-06
7.93151e-06
1.14146e-05
9.93453e-06
7.47684e-06
7.93924e-06
9.63112e-06
9.95874e-06
1.36769e-06
2.05553e-06
7.93969e-06
2.78558e-06
1.26071e-06
5.24545e-06
6.41485e-06
5.27805e-06
1.71279e-06
1.65927e-06
9.42259e-06
3.12781e-06
1.02284e-06
4.1801e-06
5.32744e-06
4.22188e-06
6.65525e-06
1.11671e-05
1.33532e-05
1.14296e-05
4.397e-06
1.26042e-05
1.31118e-05
8.90143e-06
2.0481e-06
3.19441e-06
8.79575e-06
2.94484e-06
1.22567e-06
5.9874e-06
6.37992e-06
5.99527e-06
1.13144e-06
8.06221e-06
1.32903e-06
1.34054e-06
5.97081e-06
5.62541e-06
2.17559e-06
5.88308e-06
4.72775e-06
5.29976e-06
1.10439e-05
9.19308e-06
4.75707e-06
5.04243e-06
8.11529e-06
8.73531e-06
8.549e-06
6.53067e-06
5.91707e-06
8.93716e-06
8.4443e-06
5.90177e-06
8.62868e-06
5.92439e-06
9.56e-06
9.51651e-06
5.34746e-06
1.14732e-05
9.65675e-06
9.45362e-06
9.48792e-06
9.05589e-06
2.4447e-06
2.3435e-06
1.15653e-05
2.56824e-06
2.02114e-06
8.87791e-06
9.36616e-06
8.63275e-06
1.82419e-06
2.40679e-06
9.45785e-06
2.82854e-06
1.28774e-06
6.17641e-06
5.73955e-06
6.66598e-06
8.72568e-06
1.40878e-05
2.13532e-05
1.08068e-05
7.12708e-06
1.36521e-05
1.494e-05
1.56617e-05
1.93426e-06
2.93975e-06
9.76663e-06
2.87959e-06
1.402e-06
6.85734e-06
6.7532e-06
7.041e-06
1.44231e-06
1.1428e-05
1.77453e-06
1.31242e-06
7.11303e-06
7.72795e-06
1.84561e-06
7.7299e-06
6.88759e-06
6.45629e-06
1.00731e-05
1.13812e-05
6.8282e-06
6.45979e-06
1.05091e-05
9.92592e-06
1.16882e-05
8.10143e-06
6.16258e-06
1.03626e-05
1.00905e-05
7.55541e-06
1.02039e-05
6.86146e-06
1.13431e-05
1.05819e-05
6.8097e-06
1.0119e-05
1.05033e-05
1.04394e-05
9.97292e-06
9.65865e-06
9.53727e-06
1.16409e-05
7.76234e-06
8.48751e-06
9.28483e-06
9.31862e-06
7.96711e-06
7.9151e-06
1.23466e-05
1.70105e-05
1.36291e-05
1.45737e-05
1.72146e-05
1.86663e-05
1.44219e-05
1.41557e-05
6.1529e-06
9.36488e-06
5.596e-06
6.88524e-06
6.63491e-06
6.66839e-06
6.34486e-06
6.20814e-06
7.43184e-06
1.04099e-05
8.18858e-06
9.41847e-06
8.67985e-06
8.66853e-06
8.81962e-06
8.79724e-06
1.20097e-05
7.36615e-06
8.54061e-06
1.18836e-05
1.09812e-05
8.03047e-06
1.11797e-05
8.53324e-06
1.20095e-05
1.1922e-05
1.0597e-05
7.37318e-06
1.08818e-05
1.13288e-05
1.05843e-05
1.06282e-05
6.63484e-06
7.20324e-06
1.01194e-05
7.661e-06
6.83954e-06
7.10752e-06
7.71317e-06
8.22989e-06
6.35281e-06
7.52577e-06
1.00623e-05
9.51031e-06
7.20469e-06
7.69164e-06
9.57072e-06
9.67181e-06
6.57869e-06
4.76768e-06
6.51137e-06
4.0466e-06
7.01984e-06
5.70543e-06
5.54989e-06
9.59027e-06
5.1341e-06
5.48286e-06
9.59431e-06
1.23113e-05
7.75477e-06
6.90743e-06
1.16335e-05
1.04263e-05
8.20487e-06
5.28651e-06
6.46608e-06
8.38049e-06
1.03272e-05
8.9537e-06
8.03931e-06
6.46409e-06
2.10161e-06
8.7299e-06
9.54903e-06
2.64531e-06
2.35792e-06
3.03656e-06
1.79726e-06
4.60933e-06
6.45245e-06
9.53209e-06
6.01774e-06
5.53607e-06
6.18994e-06
4.07454e-06
4.02329e-06
4.49576e-06
4.29795e-06
1.00793e-05
4.08697e-06
8.35235e-06
4.10065e-06
8.48716e-06
4.21625e-06
5.18439e-06
5.75789e-06
2.8718e-06
4.48659e-06
3.44487e-06
4.0922e-06
6.14718e-06
4.88166e-06
3.7486e-06
1.50666e-05
5.70017e-06
9.55541e-06
8.01675e-06
6.29884e-06
3.8337e-06
9.97262e-06
1.89978e-05
1.20062e-05
1.7887e-05
7.95858e-06
7.76519e-06
2.04184e-05
9.59906e-06
1.01207e-05
1.3685e-05
3.20497e-06
4.61005e-06
3.54474e-06
2.75019e-06
7.70016e-06
2.8384e-06
4.56511e-06
7.38119e-06
8.1818e-06
5.74441e-06
8.0223e-06
1.05045e-05
1.18577e-05
7.99147e-06
7.16912e-06
5.95618e-06
7.38061e-06
5.48636e-06
1.03085e-05
1.14605e-05
7.35247e-06
8.61247e-06
6.16137e-06
5.93277e-06
8.41866e-06
1.58366e-05
1.01169e-05
7.90401e-06
5.33693e-06
7.89549e-06
7.04464e-06
8.39372e-06
4.17277e-06
5.24498e-06
4.89256e-06
6.98916e-06
6.09259e-06
3.87166e-06
5.37612e-06
1.05442e-05
9.69597e-06
8.71922e-06
4.89254e-06
7.61736e-06
6.31841e-06
8.96812e-06
8.88859e-06
6.47151e-06
9.8303e-06
6.64871e-06
5.41412e-06
7.117e-06
6.34291e-06
7.37488e-06
7.64652e-06
5.38864e-06
1.04621e-05
1.25399e-05
1.10383e-05
1.14979e-05
1.07525e-05
1.14923e-05
1.0946e-05
1.14719e-05
1.35997e-05
1.33763e-05
1.36693e-05
1.35873e-05
1.35599e-05
1.31496e-05
1.35796e-05
1.3395e-05
1.79916e-05
1.9152e-05
1.95288e-05
1.88186e-05
1.82588e-05
1.87986e-05
1.87947e-05
2.01408e-05
1.25126e-05
1.33917e-05
1.41203e-05
1.28961e-05
1.26864e-05
1.29726e-05
1.2843e-05
1.31849e-05
1.28238e-05
1.18845e-05
1.1813e-05
1.32207e-05
1.30399e-05
1.1869e-05
1.30433e-05
1.21961e-05
1.30309e-05
1.35195e-05
1.51973e-05
1.41032e-05
1.31443e-05
1.3374e-05
1.34651e-05
1.40811e-05
1.25745e-05
1.20281e-05
1.33763e-05
1.4104e-05
1.26135e-05
1.22519e-05
1.34564e-05
1.28412e-05
1.47927e-05
1.62635e-05
1.37545e-05
1.60404e-05
1.57884e-05
1.56457e-05
1.4645e-05
1.47324e-05
1.03401e-05
1.09957e-05
1.22746e-05
1.20148e-05
1.13167e-05
1.13423e-05
1.19872e-05
1.20354e-05
1.74855e-05
1.83322e-05
1.87196e-05
1.78307e-05
1.78757e-05
1.87475e-05
1.79507e-05
1.83222e-05
1.35631e-05
1.35985e-05
1.32811e-05
1.30344e-05
1.28151e-05
1.29989e-05
1.30072e-05
1.32313e-05
1.39367e-05
1.09283e-05
1.26499e-05
1.13656e-05
1.26633e-05
1.24502e-05
1.19157e-05
1.24476e-05
1.36056e-05
1.2881e-05
1.29276e-05
1.33841e-05
1.29027e-05
1.29459e-05
1.26614e-05
1.2981e-05
1.42114e-05
1.38057e-05
1.49766e-05
1.29234e-05
1.30947e-05
1.43165e-05
1.32903e-05
1.43799e-05
1.35491e-05
1.37905e-05
1.14558e-05
1.26972e-05
1.36556e-05
1.3634e-05
1.25444e-05
1.23002e-05
1.34894e-05
1.29128e-05
1.20072e-05
1.32471e-05
1.25535e-05
1.24595e-05
1.24909e-05
1.20494e-05
2.42316e-06
2.75554e-06
1.10403e-05
2.24665e-06
1.7976e-06
9.14115e-06
9.64946e-06
8.9335e-06
2.33232e-06
3.18574e-06
9.79406e-06
3.25243e-06
1.39956e-06
6.52917e-06
6.38639e-06
6.68686e-06
1.70292e-05
1.71045e-05
9.90085e-06
9.91343e-06
1.6902e-05
1.89603e-05
1.16955e-05
1.01728e-05
2.15862e-06
3.15145e-06
9.93444e-06
3.39384e-06
1.51246e-06
7.17037e-06
7.36352e-06
7.15577e-06
1.57443e-06
1.10613e-05
1.61667e-06
1.50513e-06
7.49947e-06
7.9946e-06
2.0631e-06
7.98706e-06
7.20659e-06
6.64427e-06
9.78821e-06
1.09224e-05
7.10635e-06
6.65018e-06
1.04223e-05
9.83759e-06
1.10898e-05
8.38758e-06
6.7104e-06
1.01624e-05
1.03263e-05
7.86685e-06
1.01205e-05
7.16677e-06
1.08111e-05
1.00186e-05
6.70634e-06
9.75279e-06
1.01877e-05
1.00802e-05
9.86317e-06
9.64296e-06
1.13945e-05
1.71937e-05
1.71064e-05
1.88369e-05
2.18302e-05
1.90469e-05
1.87508e-05
1.80394e-05
9.78643e-06
6.48442e-06
6.61617e-06
6.74658e-06
7.23353e-06
6.4847e-06
6.75583e-06
6.52182e-06
1.10121e-05
8.15055e-06
1.02301e-05
1.00308e-05
9.77731e-06
9.16405e-06
9.9331e-06
9.78817e-06
1.33564e-05
8.49299e-06
1.02433e-05
1.10248e-05
1.16512e-05
1.09698e-05
1.08784e-05
1.04692e-05
1.10641e-05
1.2105e-05
1.46571e-05
9.11379e-06
1.05332e-05
1.32766e-05
1.06323e-05
1.35833e-05
9.81754e-06
8.5357e-06
7.22546e-06
1.10256e-05
1.01888e-05
8.46806e-06
1.04038e-05
7.93906e-06
1.15135e-05
1.31006e-05
8.42339e-06
1.02087e-05
1.17203e-05
1.23492e-05
1.05051e-05
1.10096e-05
1.10794e-05
1.00035e-05
8.10326e-06
7.769e-06
1.01201e-05
1.00135e-05
7.91055e-06
7.97488e-06
2.87122e-06
9.01478e-06
2.03645e-06
2.02003e-06
5.70957e-06
4.61334e-06
2.33257e-06
2.89353e-06
6.53862e-06
1.13994e-05
5.80886e-06
4.84262e-06
1.26888e-05
6.32175e-06
4.9572e-06
8.10428e-06
1.82683e-06
8.27372e-06
1.25412e-06
1.23749e-06
3.40751e-06
3.43422e-06
1.7631e-06
4.7658e-06
1.94644e-06
9.90011e-06
1.62296e-06
2.04887e-06
7.60502e-06
6.63838e-06
4.17696e-06
7.06878e-06
1.04615e-05
3.40295e-06
6.20552e-06
1.05714e-05
1.01961e-05
5.81314e-06
1.01156e-05
5.85305e-06
1.11158e-05
9.98548e-06
1.15251e-05
3.91212e-06
9.82566e-06
9.90645e-06
8.07622e-06
9.82861e-06
2.11572e-06
2.8803e-06
9.78437e-06
2.34286e-06
2.00602e-06
6.85074e-06
6.28689e-06
6.5912e-06
2.38233e-06
5.90452e-06
9.36992e-06
1.04148e-05
5.13778e-06
5.1876e-06
9.06923e-06
8.82524e-06
1.10776e-05
1.02707e-05
3.77961e-05
9.96883e-06
1.06969e-05
1.75765e-05
1.03072e-05
2.0718e-05
1.05424e-05
2.93345e-06
2.68719e-06
2.69785e-06
7.91078e-06
5.51621e-06
4.74021e-06
4.81031e-06
3.58631e-05
7.05835e-07
1.37313e-07
1.95977e-06
1.67801e-05
1.68408e-06
7.22477e-06
1.14905e-06
7.56558e-06
2.45639e-06
1.24716e-06
2.81567e-06
6.53355e-06
3.80697e-06
3.92538e-06
5.87806e-07
9.43553e-06
3.3059e-05
9.67453e-06
6.94611e-06
8.57005e-06
2.10518e-05
8.29689e-06
1.86955e-05
9.49522e-06
5.13492e-06
5.73464e-06
2.37209e-05
9.06843e-06
6.60302e-06
1.99481e-05
8.16605e-06
2.28024e-05
8.58477e-06
3.68993e-06
4.89e-06
2.57897e-05
1.51068e-05
6.43388e-06
4.89322e-06
2.59481e-05
1.22581e-06
1.67163e-06
9.42267e-07
1.04362e-05
3.55543e-06
6.29201e-06
1.06941e-06
1.95742e-07
1.06586e-06
3.08956e-05
1.62153e-05
2.6792e-06
3.45431e-06
1.10911e-05
1.70492e-05
3.28518e-06
5.67154e-06
1.08939e-05
1.14547e-05
8.54234e-06
8.36907e-06
1.06882e-05
1.0339e-05
4.05212e-05
1.03944e-05
1.11582e-05
1.46879e-05
1.57154e-05
1.41251e-05
1.48496e-05
1.3928e-05
1.67825e-05
1.22968e-05
1.24502e-05
1.31341e-05
1.25128e-05
1.22329e-05
1.25429e-05
1.25705e-05
2.4874e-06
2.93341e-05
1.53381e-05
1.15583e-05
1.28567e-05
1.58277e-05
1.31704e-05
1.46311e-05
6.11622e-06
1.13537e-05
1.02622e-05
2.71374e-05
1.28469e-05
1.09494e-05
2.16274e-05
1.06262e-05
3.05173e-05
1.68508e-05
1.18387e-05
1.21273e-05
2.84293e-05
1.69437e-05
1.21447e-05
1.21356e-05
2.94251e-05
1.21014e-05
1.17755e-05
1.07719e-05
1.19832e-05
1.15515e-05
1.07231e-05
1.11893e-05
2.40166e-06
2.67302e-06
1.2777e-05
2.39791e-06
1.45264e-06
8.97285e-06
8.84995e-06
9.12032e-06
2.67379e-06
3.29216e-06
1.14351e-05
4.19992e-06
1.35054e-06
1.0109e-05
9.74892e-06
1.03597e-05
1.75267e-05
1.50607e-05
1.18239e-05
1.65074e-05
1.42311e-05
1.96596e-05
1.9342e-05
1.61175e-05
2.41643e-06
3.93206e-06
1.35725e-05
3.80436e-06
1.59829e-06
9.56453e-06
9.56736e-06
9.6375e-06
1.42289e-06
1.30978e-05
1.60661e-06
1.42771e-06
9.42054e-06
9.29274e-06
2.27225e-06
9.27157e-06
9.44335e-06
9.48692e-06
1.2004e-05
1.34009e-05
9.49848e-06
9.51256e-06
1.31159e-05
1.28585e-05
1.31391e-05
9.20439e-06
9.70185e-06
1.35933e-05
1.31942e-05
9.42767e-06
1.35843e-05
9.57651e-06
1.35587e-05
1.37278e-05
9.4547e-06
1.15962e-05
1.38648e-05
1.37102e-05
1.29263e-05
1.24909e-05
1.8034e-05
1.7362e-05
1.75549e-05
2.00201e-05
2.11101e-05
1.85768e-05
2.00517e-05
1.86926e-05
1.17296e-05
1.07123e-05
9.59664e-06
1.15606e-05
1.11929e-05
1.03848e-05
1.10686e-05
1.05054e-05
1.30626e-05
9.14368e-06
7.57549e-06
9.83662e-06
1.03306e-05
9.05462e-06
9.81704e-06
9.04328e-06
1.48818e-05
1.28113e-05
1.23158e-05
1.37327e-05
1.37365e-05
1.29603e-05
1.34813e-05
1.30453e-05
1.31429e-05
1.43836e-05
1.51509e-05
1.26243e-05
1.29499e-05
1.40171e-05
1.3253e-05
1.38251e-05
1.19338e-05
1.18432e-05
9.59145e-06
1.34704e-05
1.22575e-05
1.18171e-05
1.33984e-05
1.08232e-05
1.42016e-05
1.46933e-05
1.25328e-05
1.22676e-05
1.41783e-05
1.39131e-05
1.25281e-05
1.30009e-05
1.36728e-05
1.16422e-05
1.20038e-05
9.59788e-06
1.1815e-05
1.1633e-05
1.0504e-05
1.08254e-05
1.30667e-06
1.79005e-06
7.75761e-06
2.27081e-06
1.02407e-06
4.99659e-06
6.99886e-06
5.02428e-06
2.18536e-06
3.68033e-06
5.46891e-06
3.72435e-06
1.37431e-06
6.13642e-06
8.46702e-06
6.16284e-06
7.21498e-06
1.32368e-05
1.23625e-05
4.37234e-06
5.14636e-06
9.36526e-06
9.31844e-06
8.91024e-06
2.28782e-06
3.7451e-06
5.8303e-06
2.32891e-06
1.49342e-06
8.57027e-06
9.14363e-06
8.58701e-06
1.20486e-06
5.17733e-06
1.2942e-06
1.54945e-06
7.89275e-06
6.1917e-06
2.78385e-06
7.04647e-06
5.62252e-06
7.84429e-06
6.5022e-06
1.03028e-05
5.65441e-06
6.92519e-06
6.48021e-06
3.81191e-06
1.2252e-05
8.19379e-06
9.15639e-06
1.27309e-05
8.66735e-06
7.07623e-06
8.58932e-06
7.99674e-06
6.49903e-06
1.29968e-05
7.93449e-06
5.80858e-06
1.36559e-05
1.29295e-05
1.14651e-05
1.18549e-05
3.23586e-06
3.70843e-06
1.04641e-05
7.07398e-06
3.76346e-06
4.85715e-06
3.40296e-06
4.27835e-06
3.50052e-06
3.65461e-06
1.00988e-05
4.49101e-06
4.10138e-06
5.83042e-06
2.89602e-06
4.8944e-06
8.10999e-06
1.16213e-05
1.94963e-05
1.36203e-05
7.79283e-06
7.45769e-06
7.26177e-06
7.88093e-06
5.94928e-06
1.39188e-05
1.34284e-05
8.09401e-06
5.03119e-06
5.43815e-06
4.69803e-06
5.84329e-06
4.69452e-06
5.82055e-06
8.75865e-06
8.91153e-06
6.0137e-06
4.33604e-06
7.77831e-06
5.31388e-06
6.55074e-06
7.52634e-06
5.01374e-06
4.54378e-06
7.5402e-06
4.52384e-06
1.00296e-05
5.79885e-06
4.1103e-06
4.27236e-06
4.75815e-06
9.90431e-06
1.1378e-05
5.3318e-06
6.70735e-06
1.09463e-05
5.81074e-06
7.16503e-06
5.13878e-06
4.9347e-06
7.6522e-06
9.74628e-06
3.57591e-06
8.96313e-06
2.02301e-06
9.47419e-06
2.77248e-06
1.59344e-06
6.24152e-06
4.97754e-06
2.05368e-06
6.83209e-06
4.49472e-06
1.60341e-05
1.57707e-05
6.26952e-06
1.55598e-05
1.66282e-05
1.29701e-05
1.57535e-05
2.63232e-06
6.326e-06
4.16383e-06
2.18329e-06
7.11724e-06
6.14154e-06
2.69555e-06
8.1233e-06
2.09325e-06
1.28395e-05
2.71532e-06
2.31322e-06
9.30124e-06
9.1357e-06
4.08217e-06
9.58378e-06
1.14683e-05
6.75577e-06
8.15239e-06
1.25221e-05
1.07329e-05
8.08496e-06
1.06349e-05
8.16467e-06
8.4314e-06
1.36614e-05
1.2425e-05
6.6058e-06
1.16257e-05
1.35086e-05
1.21007e-05
1.31763e-05
2.96131e-06
2.93804e-06
1.26086e-05
3.53212e-06
2.54565e-06
9.04435e-06
8.90884e-06
9.07973e-06
6.20851e-06
8.76427e-06
1.30815e-05
9.78075e-06
7.86975e-06
7.94527e-06
8.53979e-06
8.1486e-06
1.07663e-05
1.36295e-05
8.0987e-06
1.35428e-05
1.26683e-05
8.31239e-06
1.25883e-05
1.21268e-05
8.99467e-06
4.11481e-06
1.143e-05
8.25764e-06
7.36475e-06
7.34701e-06
7.9842e-06
8.19225e-06
9.8725e-06
6.41326e-06
1.35779e-05
6.09448e-06
5.95146e-06
5.82208e-06
7.74863e-06
5.42798e-06
9.98836e-06
7.11602e-06
1.28264e-05
8.65027e-06
8.95857e-06
8.94855e-06
9.00539e-06
9.01936e-06
1.13198e-05
5.65846e-06
1.07471e-05
8.4455e-06
1.08434e-05
1.2262e-05
9.72723e-06
1.062e-05
1.12516e-05
8.44102e-06
9.20452e-06
6.81152e-06
1.05401e-05
8.66365e-06
6.49144e-06
6.85252e-06
1.77594e-05
1.09418e-05
8.74792e-06
1.53891e-05
1.46749e-05
1.09593e-05
1.49324e-05
9.48751e-06
1.10779e-05
1.13352e-05
8.83481e-06
9.00175e-06
1.44568e-05
1.4884e-05
8.67289e-06
1.12683e-05
1.17401e-05
1.40105e-05
1.09013e-05
4.41839e-06
9.64054e-06
1.0274e-05
1.63448e-05
1.46593e-05
1.05132e-05
1.47184e-05
6.56724e-06
8.18108e-06
1.42309e-05
1.26317e-05
5.75377e-06
1.04542e-05
1.09172e-05
1.25344e-05
2.48691e-06
3.05842e-06
1.05506e-05
1.00905e-05
7.78312e-06
8.11879e-06
4.0033e-06
8.51889e-06
5.68999e-06
9.13245e-06
8.44087e-06
9.02384e-06
7.99695e-06
8.26455e-06
8.43724e-06
5.35579e-06
1.05614e-05
6.40954e-06
5.61579e-06
8.39136e-06
9.19217e-06
1.2062e-05
1.35489e-05
4.58006e-06
6.37563e-06
9.43663e-06
7.06347e-06
1.03812e-05
3.34559e-06
9.89721e-06
6.32883e-06
7.78485e-06
7.73672e-06
5.81268e-06
5.60595e-06
6.89866e-06
7.5512e-06
5.54674e-06
6.276e-06
6.67699e-06
8.88326e-06
8.22186e-06
3.63743e-06
6.39949e-06
8.47129e-06
6.01791e-06
2.5303e-06
3.87331e-06
2.2265e-06
1.50196e-06
5.81023e-06
5.80885e-06
2.05718e-06
5.49595e-06
7.52457e-06
1.31457e-05
9.38087e-06
7.41865e-06
1.30137e-05
8.2692e-06
7.39413e-06
7.0866e-06
2.1945e-06
1.02894e-05
4.52641e-06
1.95572e-06
4.18578e-06
6.61789e-06
2.46431e-06
6.57228e-06
1.66445e-06
9.60349e-06
2.22742e-06
1.86424e-06
7.96326e-06
7.64184e-06
3.52408e-06
8.08603e-06
9.90052e-06
5.28381e-06
8.0382e-06
1.21084e-05
6.0077e-06
7.33923e-06
6.41093e-06
7.4153e-06
5.91189e-06
1.38121e-05
1.0381e-05
5.68499e-06
5.94044e-06
1.13866e-05
7.91211e-06
1.10603e-05
2.12958e-06
2.38872e-06
1.17498e-05
2.99419e-06
1.81629e-06
7.50587e-06
7.17756e-06
7.60277e-06
4.57658e-06
8.1388e-06
1.24794e-05
1.26879e-05
7.37231e-06
7.48046e-06
7.00182e-06
6.67661e-06
3.3703e-06
3.68213e-06
1.30358e-05
4.11994e-06
2.64878e-06
3.43578e-06
1.83173e-06
2.62458e-06
3.53922e-06
3.15442e-06
1.09212e-05
3.96542e-06
3.24397e-06
4.51091e-06
3.22876e-06
6.40957e-06
1.06555e-05
9.98227e-06
1.28272e-05
7.6008e-06
6.39442e-06
5.47599e-06
4.31923e-06
6.17952e-06
8.62323e-06
7.2799e-06
1.51841e-05
7.52935e-06
6.32104e-06
8.45973e-06
3.13842e-06
4.45708e-06
2.81227e-06
5.87635e-06
3.98584e-06
4.42166e-06
1.82399e-06
3.50437e-06
4.659e-06
3.6976e-06
3.14807e-06
3.68583e-06
5.15377e-06
4.03756e-06
2.75048e-06
3.99905e-06
5.49574e-06
4.56376e-06
4.13204e-06
3.45736e-06
3.62289e-06
6.10794e-06
7.35264e-06
3.47393e-06
4.81299e-06
8.24541e-06
5.55806e-06
5.5388e-06
3.19411e-06
5.43908e-06
8.02455e-06
6.60824e-06
4.95184e-06
8.48703e-06
2.22779e-06
2.7127e-06
1.39478e-05
2.63933e-06
1.46014e-06
9.27858e-06
9.29195e-06
9.29675e-06
3.18647e-06
2.40691e-06
1.3395e-05
5.45778e-06
1.80564e-06
1.17442e-05
1.12821e-05
1.19182e-05
1.15052e-05
1.71163e-05
1.24462e-05
5.04648e-06
9.71746e-06
9.91508e-06
9.49011e-06
1.08252e-05
2.46371e-06
4.977e-06
9.03639e-06
3.32116e-06
1.55643e-06
9.09819e-06
9.23102e-06
9.05785e-06
1.54896e-06
1.36161e-05
1.53378e-06
1.56767e-06
9.32517e-06
9.20909e-06
2.68764e-06
9.14815e-06
9.66071e-06
1.0309e-05
1.41633e-05
1.36766e-05
9.84096e-06
1.03066e-05
1.36951e-05
1.36236e-05
1.3539e-05
9.19406e-06
9.59295e-06
1.28057e-05
1.33417e-05
9.18423e-06
1.19452e-05
9.09594e-06
1.36311e-05
1.37694e-05
1.06528e-05
1.44062e-05
1.36281e-05
1.35333e-05
1.35001e-05
1.32884e-05
1.3978e-05
1.22195e-05
7.15883e-06
1.12889e-05
1.71223e-05
1.08652e-05
1.69985e-05
6.55618e-06
5.2879e-06
3.20535e-06
4.25528e-06
3.38802e-06
5.10711e-06
5.26111e-06
4.91471e-06
6.45569e-06
7.49943e-06
5.72657e-06
2.13867e-05
8.26622e-06
8.95577e-06
1.21551e-05
1.38915e-05
1.10671e-05
6.30863e-06
3.94147e-06
5.06589e-06
4.58973e-06
6.19688e-06
6.46814e-06
5.97134e-06
5.37948e-06
1.18556e-05
6.72003e-06
1.09533e-05
6.09482e-06
1.11357e-05
8.14276e-06
6.20102e-06
1.16201e-05
1.07618e-05
6.28138e-06
4.93834e-06
7.97916e-06
9.36025e-06
6.84109e-06
6.41683e-06
5.57959e-06
7.06705e-06
1.01706e-05
5.74307e-06
5.30089e-06
1.07518e-05
8.246e-06
4.96887e-06
9.18365e-06
7.02615e-06
2.76268e-06
3.93936e-06
3.96295e-06
7.54267e-06
3.76272e-06
5.18274e-06
4.70551e-06
6.53529e-06
1.07464e-05
1.5887e-05
1.19783e-05
9.189e-06
9.80145e-06
1.06158e-05
1.07616e-05
1.64841e-05
2.12974e-05
9.01111e-06
2.08324e-05
1.66277e-05
1.37092e-05
1.86486e-05
1.28821e-05
7.56041e-06
3.77343e-06
3.73076e-06
6.25136e-06
9.54505e-06
8.78229e-06
5.91446e-06
5.61057e-06
7.29984e-06
7.38839e-06
3.53342e-06
3.56613e-06
3.21727e-06
3.39609e-06
4.89964e-06
2.76922e-06
1.35396e-05
6.60753e-06
1.04896e-05
7.85071e-06
5.74365e-06
3.26384e-06
1.47173e-05
6.93728e-06
1.41201e-05
6.25354e-06
5.45891e-06
6.84402e-06
5.68041e-06
4.76638e-06
1.21667e-05
3.99535e-06
1.0374e-05
1.40515e-05
6.26517e-06
5.09073e-06
1.14434e-05
8.56254e-06
4.2738e-06
2.69552e-06
1.01444e-05
3.60125e-06
5.3329e-06
4.92931e-06
7.08288e-06
5.14643e-06
6.1392e-06
5.46993e-06
4.02703e-06
3.31503e-06
2.71591e-06
3.63138e-06
6.91681e-06
7.28509e-06
3.69648e-06
6.55471e-06
1.41307e-05
2.42495e-05
5.18264e-06
7.26438e-06
1.96405e-05
2.07613e-05
1.16259e-05
1.92296e-05
1.99232e-06
2.98161e-06
3.09206e-06
3.29317e-06
2.1991e-06
2.21065e-06
3.36542e-06
3.82289e-06
3.53062e-06
3.77944e-06
3.85593e-06
4.48233e-06
3.7657e-06
2.75983e-06
4.1727e-06
5.64954e-06
3.36819e-06
3.24757e-06
3.36067e-06
7.92703e-06
6.24674e-06
1.23555e-05
7.75884e-06
4.52945e-06
1.08934e-05
5.34585e-06
4.06204e-06
4.57856e-06
4.92732e-06
4.6704e-06
5.46023e-06
5.77066e-06
2.26821e-06
2.72969e-06
7.18162e-06
3.78311e-06
2.683e-06
1.93506e-06
3.19105e-06
1.9682e-06
1.98268e-06
4.50895e-06
1.16428e-05
6.72847e-06
2.0369e-06
2.59925e-06
5.1256e-06
3.38717e-06
4.21551e-06
2.72623e-06
3.93009e-06
4.94002e-06
5.4547e-06
6.39333e-06
5.33525e-06
6.93775e-06
1.94297e-06
2.08802e-06
2.83775e-06
1.57208e-06
2.92595e-06
2.97777e-06
3.10957e-06
2.67837e-06
1.40528e-05
5.98153e-06
1.72652e-05
1.02863e-05
1.83761e-05
2.73786e-05
2.13427e-05
3.10541e-05
5.80579e-06
1.42222e-06
5.58725e-06
4.97019e-06
6.9032e-06
4.05451e-06
4.44425e-06
3.70599e-06
2.80831e-06
8.25703e-06
6.90356e-06
4.50509e-06
3.94861e-06
1.08899e-05
6.24197e-06
6.93093e-06
3.13462e-06
3.35308e-06
6.79334e-06
1.01132e-05
5.5309e-06
4.83683e-06
3.00115e-06
9.23098e-06
1.27844e-05
6.78669e-06
4.05191e-06
1.27114e-05
7.6109e-06
5.38408e-06
1.5206e-05
3.83985e-06
9.94293e-06
1.28227e-05
5.20164e-06
4.57056e-06
1.71549e-05
1.10978e-05
6.25513e-06
6.99828e-06
1.37181e-05
1.17232e-05
1.46066e-05
1.39445e-05
1.32884e-05
1.32269e-05
1.3832e-05
1.39232e-05
1.18022e-05
7.25563e-06
1.72554e-05
1.31395e-05
1.21831e-05
1.22172e-05
1.30164e-05
1.35645e-05
2.3897e-05
2.21031e-05
9.79104e-06
2.44172e-05
2.29626e-05
2.29037e-05
2.42298e-05
2.52703e-05
1.39952e-05
1.43986e-05
1.89043e-05
1.58628e-05
1.50519e-05
1.50233e-05
1.58221e-05
1.61408e-05
1.22159e-05
1.52458e-05
1.34092e-05
1.36501e-05
1.28509e-05
1.3497e-05
1.28973e-05
1.3341e-05
1.22222e-05
1.3644e-05
1.67423e-05
1.52617e-05
1.30935e-05
1.38725e-05
1.54302e-05
1.66947e-05
1.58431e-05
1.39794e-05
1.4335e-05
1.87199e-05
1.58327e-05
1.41617e-05
1.79511e-05
1.52314e-05
1.64111e-05
1.92603e-05
1.46374e-05
1.81072e-05
1.82471e-05
1.80537e-05
1.7553e-05
1.75904e-05
4.66017e-06
1.45377e-05
4.97566e-06
4.22729e-06
1.37366e-05
1.34806e-05
6.52895e-06
1.20907e-05
1.30647e-05
1.16439e-05
2.19018e-05
9.47172e-06
2.2363e-05
2.31581e-05
1.97913e-05
2.20243e-05
4.27428e-06
1.71811e-05
3.84916e-06
2.79758e-06
1.19557e-05
1.21168e-05
5.86911e-06
1.05561e-05
3.04311e-06
1.5784e-05
2.64986e-06
2.26794e-06
1.19455e-05
1.19736e-05
5.23381e-06
1.17897e-05
1.45509e-05
1.24353e-05
1.27834e-05
1.58206e-05
1.53576e-05
1.26074e-05
1.53243e-05
1.25766e-05
1.5078e-05
1.55526e-05
1.5851e-05
1.2332e-05
1.55172e-05
1.5549e-05
1.54673e-05
1.55031e-05
6.2839e-06
5.65512e-06
1.57653e-05
5.51235e-06
4.78794e-06
1.23046e-05
1.20638e-05
1.21327e-05
1.21359e-05
1.17453e-05
1.52529e-05
1.59836e-05
1.19238e-05
1.19029e-05
1.53646e-05
1.53114e-05
4.19805e-06
1.78776e-06
5.20078e-06
4.94231e-06
3.11344e-06
3.45289e-06
4.01169e-06
3.90297e-06
1.7917e-06
3.30212e-06
9.07042e-06
3.47405e-06
3.83077e-06
2.87785e-06
4.04854e-06
5.29122e-06
1.55762e-05
7.96188e-06
2.06806e-05
7.11447e-06
1.08684e-05
1.82655e-05
1.0067e-05
2.10121e-05
4.30857e-06
3.68551e-06
8.04254e-06
3.8982e-06
4.05296e-06
4.26819e-06
4.36363e-06
5.2064e-06
1.51182e-06
2.88944e-06
1.88553e-06
3.96555e-06
2.17837e-06
2.09491e-06
5.63276e-06
1.62037e-06
1.29931e-06
4.13054e-06
6.16044e-06
3.18732e-06
2.24595e-06
4.1736e-06
5.2248e-06
7.28875e-06
5.6519e-06
1.98975e-06
4.23377e-06
5.54994e-06
3.5447e-06
2.94644e-06
3.91068e-06
3.47003e-06
2.8356e-06
6.942e-06
5.38985e-06
5.73878e-06
6.09116e-06
8.33835e-06
7.2902e-06
8.67737e-06
3.45687e-06
8.60766e-06
1.54075e-06
6.76526e-06
4.32517e-06
9.0741e-06
3.9514e-06
3.67515e-06
1.80124e-05
2.92834e-05
8.54154e-06
3.55972e-05
2.11944e-05
1.94832e-05
4.50326e-05
2.46493e-05
1.45205e-06
2.91926e-06
2.46202e-06
1.47341e-06
2.01632e-06
2.02595e-06
2.4115e-06
2.56021e-06
5.0607e-06
1.41665e-05
3.77758e-06
5.97798e-06
8.12607e-06
1.06417e-05
8.65773e-06
9.11784e-06
1.37109e-05
5.78854e-06
9.44085e-06
1.51047e-05
1.12029e-05
8.05688e-06
1.24467e-05
1.34035e-05
1.46498e-05
2.51238e-05
7.13158e-06
6.08055e-06
1.00024e-05
1.46384e-05
9.66002e-06
7.32788e-06
1.92981e-06
6.94377e-06
1.59523e-05
2.80829e-06
4.19682e-06
8.50724e-06
3.92779e-06
7.90728e-06
1.74744e-06
3.72288e-06
1.55598e-05
1.41928e-05
6.68597e-06
5.90553e-06
8.07374e-06
1.12544e-05
3.08769e-05
1.94878e-05
1.42457e-05
1.00949e-05
1.32375e-05
9.43428e-06
1.73585e-05
2.13774e-05
4.60953e-05
2.50373e-05
9.22093e-06
1.22291e-05
1.7355e-05
1.29636e-05
1.30932e-05
1.77206e-05
1.07367e-05
8.22701e-06
3.79096e-06
3.84504e-06
9.27047e-06
9.26678e-06
4.67725e-06
4.46053e-06
8.05562e-06
9.4351e-06
3.96664e-06
4.07973e-06
6.92302e-06
7.39911e-06
4.49193e-06
4.41562e-06
1.02966e-05
4.3478e-06
4.73494e-06
5.67991e-06
1.15856e-05
2.32074e-05
1.33386e-05
5.05323e-06
8.26109e-06
5.32213e-06
4.01747e-06
3.29099e-06
2.0934e-05
1.1679e-05
9.60073e-06
5.42254e-06
1.14323e-05
9.5428e-06
1.05615e-05
4.54501e-06
9.28693e-06
9.42684e-06
7.90464e-06
9.1961e-06
1.1004e-05
4.39868e-06
1.18414e-05
9.9692e-06
1.05364e-05
8.52372e-06
8.98128e-06
1.02755e-05
3.36389e-05
1.14389e-05
1.20654e-05
1.56639e-05
1.14918e-05
1.4221e-05
9.42422e-06
7.59769e-06
4.17296e-06
2.60236e-06
2.53005e-06
4.20413e-06
3.85033e-06
5.5463e-06
1.97516e-06
4.69818e-06
1.97245e-05
7.88763e-06
2.19304e-05
2.54181e-05
2.13931e-05
3.33256e-05
3.62453e-05
3.76388e-05
1.24521e-05
1.15704e-05
1.41578e-05
1.23462e-05
1.3153e-05
1.45796e-05
9.36617e-06
9.63789e-06
5.25167e-06
1.22644e-05
8.36346e-06
3.32179e-06
3.21347e-06
1.82599e-05
7.60013e-06
9.13579e-06
6.22629e-06
4.80886e-06
7.51404e-06
1.89419e-05
3.21859e-06
4.26522e-06
6.88833e-06
7.56999e-06
2.00132e-05
1.06237e-05
2.67604e-06
2.10576e-05
1.07889e-05
7.90029e-06
1.48709e-05
1.21211e-05
2.64673e-05
2.2413e-05
3.27306e-06
1.28803e-05
9.73396e-06
1.21352e-05
6.83775e-06
5.97136e-06
1.16206e-05
1.12752e-05
1.0001e-05
1.10643e-05
1.08839e-05
1.05108e-05
1.07161e-05
1.05288e-05
1.08189e-05
5.42187e-06
5.61146e-06
1.361e-05
1.1724e-05
8.2768e-06
1.28867e-05
8.18749e-06
8.60702e-06
3.02794e-06
9.97658e-07
8.92605e-06
8.06933e-06
2.64179e-06
7.26257e-06
2.76097e-06
1.15399e-05
1.51471e-05
1.53977e-05
1.48381e-05
1.47985e-05
1.50955e-05
1.49448e-05
1.51526e-05
1.06635e-05
1.00211e-05
1.12268e-05
1.41659e-05
1.0398e-05
1.04088e-05
1.0948e-05
1.06797e-05
9.96213e-06
1.41037e-05
5.24959e-06
9.14692e-06
1.00648e-05
1.27284e-05
9.04024e-06
1.05869e-05
1.01081e-05
1.10124e-05
1.49623e-05
1.45224e-05
1.05641e-05
1.07958e-05
1.41773e-05
1.48571e-05
9.45814e-06
1.2624e-05
1.44187e-05
5.44377e-06
1.00903e-05
1.19366e-05
1.01174e-05
1.1759e-05
1.13859e-05
9.81613e-06
1.09597e-05
9.79442e-06
1.04444e-05
9.71664e-06
1.04578e-05
9.5929e-06
7.54936e-06
1.12466e-07
2.43482e-06
4.10067e-07
1.07485e-06
5.6387e-07
6.06477e-07
6.37942e-07
1.00923e-05
3.51077e-06
2.76045e-06
2.77121e-06
8.5062e-06
6.39939e-06
6.20118e-06
3.49481e-06
7.92102e-06
9.31723e-07
2.83009e-06
3.70891e-06
6.35842e-06
5.15798e-06
5.16568e-06
2.51306e-06
9.70822e-06
1.00214e-05
8.92035e-06
4.56814e-06
9.14463e-06
8.92554e-06
7.92405e-06
8.43296e-06
8.55053e-06
3.11878e-06
4.12133e-06
8.89067e-06
7.60683e-06
3.33291e-06
7.92427e-06
5.23189e-06
9.97209e-06
8.84827e-06
4.59835e-06
5.14703e-06
8.75024e-06
7.73848e-06
6.80112e-06
5.95965e-06
8.58515e-06
2.65549e-06
2.58057e-06
3.04002e-06
6.65144e-06
5.54664e-06
4.99226e-06
3.05993e-06
4.91347e-07
8.91696e-07
4.80002e-06
6.41337e-07
7.75436e-07
3.51063e-06
3.07516e-06
3.51217e-06
1.20584e-06
2.01665e-06
6.98155e-06
5.23663e-06
2.83782e-06
8.68275e-06
5.46306e-06
9.93288e-06
7.88679e-06
1.02144e-05
1.20429e-05
1.10237e-05
1.02495e-05
1.26974e-05
1.10838e-05
1.27442e-05
8.2902e-07
3.01286e-06
7.83986e-06
1.65545e-06
1.42215e-06
4.94602e-06
4.36694e-06
5.02711e-06
1.63964e-06
5.38115e-06
9.52529e-07
3.72112e-06
3.55645e-06
3.55414e-06
1.17525e-06
3.40294e-06
4.21526e-06
4.3589e-06
1.36709e-05
6.43302e-06
4.26865e-06
6.79747e-06
5.60013e-06
8.68727e-06
5.90649e-06
3.33544e-06
5.70485e-06
7.94157e-06
5.77081e-06
3.4289e-06
7.21382e-06
4.82619e-06
6.69253e-06
9.17468e-06
6.67661e-06
1.36983e-05
8.92626e-06
9.14776e-06
1.00079e-05
9.44795e-06
5.24684e-06
1.0108e-05
6.89453e-06
8.87418e-06
8.3226e-06
8.4806e-06
7.87577e-06
8.35104e-06
1.35882e-05
7.37852e-07
8.37961e-07
1.44801e-06
5.85034e-06
5.35929e-06
4.2912e-06
1.00082e-06
5.81772e-06
1.1988e-06
3.74105e-06
2.39175e-06
7.78475e-06
8.02072e-06
7.1813e-06
2.50899e-06
1.12567e-05
1.37122e-06
1.42739e-06
1.34864e-06
6.45065e-06
4.08722e-06
5.04724e-06
1.54692e-06
1.37781e-05
1.43731e-05
9.98725e-06
4.78477e-06
1.35004e-05
1.42749e-05
5.65447e-06
1.04319e-05
1.37538e-05
5.44778e-06
5.76477e-06
1.5377e-05
1.32364e-05
5.24891e-06
1.45984e-05
5.85305e-06
9.67757e-06
9.45492e-06
4.56886e-06
6.49303e-06
1.17007e-05
8.3975e-06
6.43164e-06
5.92263e-06
1.31524e-05
2.11315e-06
9.55293e-07
1.47053e-06
6.77824e-06
5.97873e-06
5.83305e-06
1.49272e-06
1.14916e-05
3.5463e-05
4.35596e-06
1.03765e-05
2.68609e-05
2.26532e-05
1.27952e-05
1.35904e-05
1.34578e-05
6.55671e-06
1.44969e-05
1.49004e-05
1.12659e-05
1.24204e-05
1.54927e-05
1.4729e-05
3.65108e-06
1.46935e-05
2.53883e-06
3.41183e-06
5.97313e-06
6.64977e-06
4.19719e-06
6.86597e-06
7.18632e-06
1.51336e-05
6.10115e-06
5.87241e-06
1.08345e-05
1.26734e-05
6.43378e-06
1.11721e-05
4.01961e-05
6.93836e-06
1.30645e-05
1.92877e-05
3.18882e-05
1.59473e-05
2.56087e-05
1.4784e-05
4.04766e-05
1.7546e-05
1.75766e-05
9.01928e-06
3.48203e-05
1.99942e-05
3.04267e-05
1.90311e-05
6.36914e-06
6.29859e-06
1.54303e-05
5.85847e-06
6.52839e-06
6.7935e-06
8.026e-06
1.26607e-05
8.80016e-06
1.07178e-05
1.51486e-05
1.56681e-05
9.40353e-06
9.63223e-06
1.51535e-05
1.46805e-05
1.67932e-06
1.07775e-05
3.24119e-06
1.431e-06
4.10852e-06
4.06143e-06
1.88043e-06
3.8974e-06
1.9441e-05
1.16063e-05
3.18471e-05
2.23569e-05
2.22846e-05
2.24308e-05
2.34513e-05
1.99095e-05
8.72109e-06
3.40492e-05
7.26779e-06
1.0102e-05
1.74325e-05
2.2164e-05
1.29342e-05
2.32576e-05
1.91914e-06
2.05724e-05
3.45429e-06
2.63653e-06
5.45921e-06
5.97293e-06
3.50685e-06
6.13583e-06
1.36331e-05
4.00807e-06
3.87048e-06
1.88309e-05
1.45869e-05
5.08091e-06
1.43713e-05
4.77199e-06
1.97888e-05
2.85148e-05
5.26445e-05
8.22374e-06
2.49454e-05
3.20525e-05
3.69856e-05
3.51636e-05
3.19281e-06
2.4376e-06
2.06747e-05
3.54952e-06
3.60146e-06
2.71725e-06
4.06669e-06
6.32718e-06
4.91055e-06
9.93807e-06
3.60965e-05
5.44109e-05
1.46936e-05
1.31526e-05
4.88015e-05
4.49577e-05
1.88701e-06
2.4952e-06
4.25844e-06
2.74265e-06
2.80261e-06
4.34562e-06
4.05425e-06
4.82425e-06
1.05725e-06
1.05768e-06
8.05827e-06
1.62539e-06
1.20318e-06
4.42495e-06
4.1677e-06
4.96818e-06
5.10147e-06
7.92098e-06
5.12596e-06
9.70231e-06
6.94973e-06
7.23867e-06
6.72749e-06
7.47024e-06
2.21084e-06
2.33118e-06
8.69811e-06
3.08207e-06
2.18753e-06
6.51786e-06
6.23255e-06
7.04175e-06
2.59684e-06
6.43851e-06
3.73687e-06
1.8355e-06
5.24976e-06
5.68173e-06
2.34919e-06
5.68749e-06
5.13477e-06
5.44509e-06
8.47768e-06
7.25874e-06
5.39962e-06
5.41693e-06
7.33033e-06
8.25492e-06
6.32152e-06
5.72739e-06
5.17927e-06
8.57594e-06
7.68576e-06
6.06718e-06
8.2923e-06
6.5697e-06
7.39426e-06
8.75494e-06
6.03823e-06
8.64987e-06
8.75586e-06
8.70371e-06
8.69631e-06
8.62568e-06
5.38255e-06
1.21211e-05
1.25725e-05
1.3286e-05
1.24212e-05
1.30832e-05
1.29611e-05
1.30753e-05
1.65612e-05
3.25078e-05
1.38036e-05
3.37888e-05
3.89737e-05
3.10245e-05
3.78119e-05
2.64833e-05
1.48873e-05
9.26315e-06
5.14046e-06
1.05003e-05
1.18486e-05
1.12049e-05
1.03318e-05
8.97041e-06
2.31957e-05
5.78133e-05
2.09877e-05
4.87667e-05
4.68155e-05
4.96304e-05
4.72447e-05
4.64751e-05
2.08622e-05
1.70774e-05
2.2602e-05
4.29566e-05
2.4417e-05
2.21707e-05
2.51312e-05
2.33892e-05
1.62933e-05
4.55503e-05
1.79241e-05
1.74011e-05
2.45264e-05
3.95494e-05
2.1036e-05
2.22963e-05
1.70836e-05
2.25367e-05
4.96432e-05
2.01002e-05
1.72961e-05
2.25864e-05
2.08144e-05
4.23521e-05
1.71401e-05
1.89646e-05
4.38567e-05
1.87791e-05
1.94674e-05
2.06368e-05
2.10788e-05
2.17425e-05
5.14945e-06
8.33992e-06
1.4479e-05
1.46536e-05
9.23313e-06
1.11907e-05
1.46352e-05
1.48254e-05
9.83109e-06
1.57087e-05
9.50639e-06
1.37043e-05
2.7044e-05
3.79027e-05
1.56567e-05
1.64489e-05
1.25102e-05
4.02163e-06
3.19232e-06
2.01293e-06
1.22379e-05
1.18698e-05
1.11763e-05
2.10745e-06
1.3734e-05
6.15767e-06
2.04054e-06
3.43181e-06
1.27009e-05
1.29572e-05
1.32844e-05
2.38212e-06
1.52364e-05
1.44988e-05
1.59639e-05
3.36211e-05
2.33319e-05
1.56204e-05
2.58695e-05
1.54281e-05
1.92593e-05
1.31926e-05
1.96627e-05
1.41309e-05
2.346e-05
2.1797e-05
2.05751e-05
2.53482e-05
1.28533e-05
1.34852e-05
1.23303e-05
1.22229e-05
1.3038e-05
1.35359e-05
1.29537e-05
1.33394e-05
1.28388e-05
2.26819e-06
6.06227e-06
3.42969e-06
1.28847e-05
1.27427e-05
1.64066e-05
2.82181e-06
6.51507e-06
6.5299e-06
1.02778e-05
1.03356e-05
7.11102e-06
1.02803e-05
1.00555e-05
1.03136e-05
1.80166e-05
2.16929e-05
7.65101e-06
1.52606e-05
1.43739e-05
1.55373e-05
1.51385e-05
1.23143e-05
1.37203e-05
5.81902e-06
5.0478e-06
8.04202e-06
8.67675e-06
7.75603e-06
7.8455e-06
7.01684e-06
1.49102e-05
1.46082e-05
1.00514e-05
1.3802e-05
1.44811e-05
1.38731e-05
1.36761e-05
1.29014e-05
1.00456e-05
1.24823e-05
1.45664e-05
1.58716e-05
1.5619e-05
1.38775e-05
1.74222e-05
1.52645e-05
1.61718e-05
1.45e-05
9.83419e-06
1.28675e-05
1.60883e-05
1.41642e-05
1.42894e-05
1.06935e-05
1.2805e-05
1.46926e-05
1.45077e-05
9.99622e-06
1.30189e-05
1.48567e-05
1.05482e-05
1.35683e-05
1.30673e-05
9.5014e-06
1.31039e-05
8.8047e-06
9.99009e-06
9.88419e-06
9.67487e-06
9.69385e-06
2.77584e-06
1.01747e-05
5.57837e-06
2.29889e-06
8.45205e-06
9.25044e-06
2.68072e-06
6.53376e-06
1.35006e-05
4.98715e-06
5.81559e-06
1.34935e-05
1.35852e-05
9.54768e-06
1.36668e-05
7.68612e-06
1.02363e-05
7.69327e-06
6.33354e-06
9.07268e-06
9.22148e-06
1.48196e-05
7.53973e-06
1.2437e-05
2.30541e-06
1.05231e-05
3.58787e-06
3.08618e-06
8.60732e-06
9.45833e-06
3.49404e-06
5.47189e-06
1.0416e-05
8.75462e-06
8.45085e-06
1.08571e-05
1.0706e-05
1.07535e-05
1.04935e-05
1.01016e-05
1.18754e-05
1.32356e-05
1.12995e-05
1.4407e-05
1.26133e-05
1.36613e-05
1.41149e-05
1.53907e-05
5.41008e-06
2.75836e-06
1.10667e-05
2.90616e-06
5.29296e-06
5.73056e-06
4.79867e-06
8.26534e-06
1.48532e-05
5.59858e-06
1.35817e-05
9.26204e-06
1.35208e-05
1.40313e-05
1.67557e-05
1.5494e-05
1.26371e-05
1.3566e-05
7.63229e-06
1.2031e-05
1.32123e-05
1.32226e-05
1.16191e-05
1.08891e-05
4.71179e-06
2.17962e-06
2.363e-06
3.60563e-06
9.98498e-06
8.32124e-06
6.61071e-06
3.85836e-06
5.6135e-06
1.32247e-06
1.19622e-06
9.55427e-07
2.47896e-06
1.64139e-06
3.22673e-06
7.38867e-07
1.34214e-05
3.68908e-06
3.06298e-06
2.23553e-06
1.23588e-05
7.73708e-06
1.17248e-05
4.34631e-06
6.84801e-06
7.14564e-06
1.20188e-05
7.55078e-06
1.16204e-05
1.08653e-05
1.12159e-05
1.15258e-05
1.22765e-05
5.85262e-06
1.77813e-06
6.97222e-06
1.03947e-05
6.8721e-06
7.10492e-06
6.44227e-06
7.5035e-06
1.31797e-05
4.25928e-06
8.70982e-06
1.51574e-05
1.35838e-05
9.08272e-06
1.01451e-05
6.39955e-06
1.03526e-06
1.45472e-06
8.87701e-07
5.41605e-06
2.76029e-06
4.50176e-06
2.21601e-06
1.11373e-05
7.20031e-06
7.0973e-06
1.05218e-05
1.01872e-05
9.90239e-06
1.09575e-05
1.10797e-05
4.39957e-06
8.09705e-07
5.91881e-07
2.19411e-06
3.1729e-06
2.24828e-06
2.97348e-06
1.61821e-06
3.55804e-06
7.41994e-07
7.98853e-07
1.51678e-06
8.90308e-06
8.11161e-06
6.45589e-06
1.10189e-06
9.60736e-06
2.90042e-06
1.59468e-06
2.5259e-06
5.64636e-06
3.77522e-06
5.51021e-06
1.56975e-06
6.44998e-06
9.88688e-06
7.75604e-06
3.62484e-06
5.77642e-06
8.23493e-06
5.48264e-06
7.43178e-06
6.27475e-06
2.50231e-06
3.07509e-06
9.27081e-06
5.52389e-06
3.90235e-06
5.9201e-06
3.15837e-06
1.07441e-05
9.36614e-06
3.69637e-06
6.62047e-06
1.07761e-05
9.75143e-06
6.52428e-06
5.28376e-06
1.06105e-05
1.41606e-06
2.25801e-06
1.42333e-06
6.96918e-06
3.89889e-06
3.84541e-06
1.65953e-06
8.69221e-07
9.90689e-07
5.169e-06
8.93288e-07
9.20723e-07
3.39824e-06
3.02487e-06
3.45368e-06
1.30789e-06
2.1151e-06
6.54096e-06
4.92946e-06
2.80268e-06
7.02839e-06
7.81027e-06
7.39166e-06
7.77647e-06
1.52756e-05
1.53058e-05
1.78934e-05
1.40796e-05
1.56748e-05
1.46003e-05
1.57923e-05
1.46126e-06
3.94377e-06
1.78213e-05
3.10733e-06
2.64007e-06
6.07864e-06
5.15699e-06
6.33521e-06
1.06681e-06
5.30235e-06
1.34834e-06
2.75093e-06
3.55722e-06
3.59721e-06
1.20114e-06
3.5334e-06
3.96219e-06
7.49779e-06
1.35743e-05
6.227e-06
3.22593e-06
7.77671e-06
5.5743e-06
1.32599e-05
5.77441e-06
3.3554e-06
7.23649e-06
1.85049e-05
5.57943e-06
3.61423e-06
1.54812e-05
6.21422e-06
6.57034e-06
2.31969e-05
9.41527e-06
9.42777e-06
1.59679e-05
2.15175e-05
1.67207e-05
2.39787e-05
2.36432e-06
1.44575e-06
5.06321e-06
2.63362e-06
6.20359e-06
6.40951e-06
7.55413e-06
7.11077e-06
1.29266e-06
2.32247e-06
9.39172e-06
1.73476e-06
3.74675e-06
3.544e-06
5.03382e-06
6.28812e-06
4.33385e-06
7.86484e-06
3.04573e-06
5.35534e-06
4.70065e-06
5.81423e-06
4.8675e-06
4.28842e-06
2.67723e-06
1.82166e-06
7.73714e-06
3.94982e-06
6.26259e-06
6.46983e-06
1.14675e-05
1.0325e-05
3.4878e-06
5.66508e-06
6.85183e-06
3.15007e-06
5.28426e-06
8.12596e-06
9.39046e-07
4.63814e-06
4.98335e-06
7.09967e-06
5.19426e-06
5.59218e-06
6.77291e-06
7.54962e-06
6.3515e-06
7.42105e-06
5.75596e-06
1.40019e-05
1.02802e-05
7.13475e-06
6.19464e-06
9.37431e-06
6.86782e-06
9.72239e-06
4.08883e-06
7.64257e-06
8.27227e-06
7.80459e-06
6.49296e-06
7.23304e-06
8.02896e-06
8.12031e-06
2.42907e-06
7.50215e-06
3.24044e-06
2.61399e-06
4.862e-06
5.10299e-06
4.07447e-06
2.74376e-06
6.57186e-06
2.7132e-06
2.84446e-06
5.76113e-06
3.27904e-06
1.83417e-06
1.5948e-06
3.24664e-06
4.85631e-06
3.41117e-06
7.12279e-06
4.47882e-06
4.58622e-06
5.27686e-06
3.54521e-06
5.02098e-06
2.98009e-06
3.94366e-06
3.49175e-06
3.66101e-06
2.35955e-06
3.50238e-06
2.47783e-06
2.68605e-06
6.66394e-06
4.5012e-06
2.71692e-06
2.52199e-06
6.33254e-06
3.40258e-06
5.96365e-06
7.74365e-06
1.0095e-05
2.67484e-06
3.04155e-06
5.08732e-06
5.74496e-06
4.27507e-06
6.22431e-06
5.19678e-06
4.24055e-06
3.80915e-06
2.42536e-06
2.1019e-06
2.92312e-06
2.93632e-06
2.76607e-06
2.78665e-06
3.99656e-06
2.92928e-06
2.02996e-06
3.20736e-06
7.13455e-06
3.19003e-06
2.12513e-06
5.76857e-06
6.60489e-06
4.31076e-06
5.10645e-06
6.10936e-06
4.8306e-06
5.01122e-06
4.34446e-06
5.09308e-06
4.12645e-06
2.65258e-06
6.93339e-06
3.51739e-06
2.53213e-06
3.29765e-06
1.50793e-06
4.43417e-06
3.77426e-06
7.51488e-06
2.70735e-06
3.93627e-06
3.11451e-06
5.40733e-06
4.2291e-06
4.54295e-06
3.20696e-06
6.33999e-06
3.46116e-06
4.20047e-06
3.79408e-06
3.98543e-06
2.97102e-06
2.92232e-06
2.8149e-06
4.49246e-06
5.31217e-06
3.02217e-06
2.90329e-06
7.22656e-06
7.45933e-06
5.75612e-06
4.56427e-06
3.96242e-06
1.12697e-05
5.22418e-06
5.30204e-06
5.5787e-06
7.32643e-06
5.10121e-06
4.27048e-06
2.23975e-06
3.25925e-06
3.51206e-06
4.35022e-06
2.92864e-06
3.28177e-06
5.51679e-06
4.44981e-06
2.83425e-06
3.27839e-06
7.71232e-06
5.1521e-06
5.56806e-06
7.58678e-06
4.41995e-06
2.64866e-06
2.76085e-06
4.23941e-06
3.64301e-06
6.18433e-06
5.13438e-06
3.76115e-06
4.06439e-06
2.72669e-06
3.9284e-06
7.74781e-06
5.77391e-06
4.67306e-06
1.84838e-06
5.40198e-06
6.82319e-06
3.56235e-06
9.53752e-06
2.85477e-06
2.74274e-06
2.49575e-06
5.44989e-06
3.0566e-06
2.95651e-06
3.55065e-06
7.62236e-06
2.63665e-06
2.76492e-06
1.25796e-05
9.27424e-06
3.23167e-06
9.54201e-06
5.18494e-06
3.45012e-06
9.09769e-06
6.56296e-06
5.85244e-06
7.68535e-06
6.24428e-06
8.01363e-06
2.51738e-06
7.98292e-06
5.32056e-06
5.52063e-06
7.08923e-06
7.84772e-06
7.25964e-06
8.60865e-06
3.63927e-06
3.62586e-06
7.29089e-06
3.78117e-06
2.93194e-06
5.67996e-06
6.08949e-06
9.07554e-06
3.13896e-06
7.50843e-06
8.50183e-06
7.8356e-06
7.22182e-06
7.40333e-06
9.32509e-06
9.39435e-06
3.41102e-06
8.31204e-06
5.67312e-06
3.85556e-06
3.55216e-06
8.30545e-06
5.16535e-06
5.44474e-06
1.5429e-05
3.68075e-05
1.64688e-05
1.04381e-05
1.38109e-05
1.18943e-05
1.10392e-05
1.33599e-05
1.02239e-05
2.76587e-05
2.33027e-05
1.52886e-05
1.45178e-05
1.69624e-05
1.23992e-05
2.75338e-05
4.3193e-06
8.63517e-06
5.75614e-06
4.50248e-06
4.43634e-06
7.1266e-06
5.54615e-06
7.60615e-06
1.1919e-05
1.49295e-05
4.03059e-06
9.81162e-06
6.64875e-06
3.75239e-06
8.90696e-06
7.14178e-06
9.05835e-06
6.57029e-06
9.01639e-06
7.16443e-06
1.63789e-05
1.13952e-05
7.17223e-06
1.13761e-05
6.93824e-06
5.44782e-06
5.2758e-06
4.63129e-06
5.95331e-06
5.44312e-06
1.12073e-05
3.51021e-06
9.36882e-06
5.9558e-06
1.15082e-05
1.12353e-05
9.74014e-06
5.95444e-06
6.69455e-06
7.88217e-06
2.08294e-05
2.11328e-05
1.04026e-05
2.08737e-05
3.7811e-05
3.27832e-05
1.94479e-05
1.76545e-05
1.33252e-05
1.76524e-05
9.3527e-06
8.90946e-06
1.73719e-05
2.08479e-05
1.5437e-05
1.29887e-05
4.21448e-06
3.15016e-06
2.46446e-06
2.67446e-06
4.28e-06
2.59258e-06
3.74049e-06
5.34556e-06
1.905e-05
8.62303e-06
5.35151e-06
1.60491e-05
1.71945e-05
1.38232e-05
1.1988e-05
6.01914e-06
2.19531e-05
1.45779e-05
3.06918e-05
1.47188e-05
1.83553e-05
1.12209e-05
1.16186e-05
1.50838e-05
1.78773e-05
1.49082e-05
7.19727e-06
7.05156e-06
1.36374e-05
7.41609e-06
6.61731e-06
6.65806e-06
1.06015e-05
1.85181e-05
1.42435e-05
7.94709e-06
8.96308e-06
1.5444e-05
9.16132e-06
7.84117e-06
7.67733e-06
4.78082e-06
5.1076e-06
9.36023e-06
3.78277e-06
8.08988e-06
8.32671e-06
5.1815e-06
1.73712e-05
1.12291e-05
8.48928e-06
1.10705e-05
1.94207e-05
1.74039e-05
1.49499e-05
1.27964e-05
1.07687e-05
4.91873e-06
3.69866e-06
5.66652e-06
4.73982e-06
2.71301e-06
2.8655e-06
4.08741e-06
5.85023e-06
3.0184e-06
3.03062e-06
3.45018e-06
2.62597e-06
1.9941e-06
2.41447e-06
4.10082e-06
5.23691e-06
5.73791e-06
3.87062e-06
4.19871e-06
2.26287e-06
2.22806e-06
3.13268e-06
4.64306e-06
1.01746e-05
7.71201e-06
6.63254e-06
3.35029e-06
4.72315e-06
7.63031e-06
8.25787e-06
4.01927e-06
7.19254e-06
2.63292e-06
3.47788e-06
4.6262e-06
7.71191e-06
4.61456e-06
5.68563e-06
4.36394e-06
4.27382e-06
3.84319e-06
2.60844e-06
2.3397e-06
6.67527e-06
3.78633e-06
2.3788e-06
4.92333e-06
5.12563e-06
4.569e-06
3.82668e-06
5.18399e-06
3.16822e-06
2.02127e-06
2.42261e-06
3.59999e-06
2.52597e-06
2.39612e-06
3.92127e-06
3.32409e-06
3.08632e-06
3.35022e-06
2.1685e-06
5.18918e-06
2.97601e-06
3.88209e-06
9.45774e-06
6.2871e-06
6.24736e-06
5.71302e-06
7.56981e-06
8.845e-06
9.29978e-06
1.4978e-05
2.36439e-05
2.07949e-05
1.67567e-05
1.88566e-05
1.52904e-05
1.92972e-05
6.60019e-06
7.44783e-06
1.36043e-05
8.19647e-06
7.41524e-06
1.33793e-05
1.08711e-05
1.54143e-05
5.53102e-06
5.10935e-06
3.0597e-06
4.31717e-06
4.81302e-06
5.52788e-06
3.5009e-06
4.29291e-06
4.53982e-06
8.51729e-06
1.30009e-05
5.18458e-06
9.02736e-06
6.76056e-06
4.49869e-06
1.0972e-05
6.08549e-06
3.70994e-06
8.97408e-06
1.41771e-05
9.2332e-06
6.00501e-06
1.15123e-05
8.33275e-06
6.46369e-06
2.61168e-05
1.14344e-05
2.60808e-05
1.23944e-05
9.94319e-06
7.98366e-06
9.35172e-06
2.73682e-06
8.95135e-06
5.12333e-06
1.00179e-05
8.0375e-06
7.70029e-06
6.70485e-06
7.63105e-06
7.17995e-06
8.505e-06
7.28388e-06
7.35782e-06
7.28729e-06
7.12744e-06
7.30674e-06
7.19839e-06
3.90498e-06
9.03267e-06
1.70181e-06
5.9582e-06
4.30775e-06
3.80274e-06
4.24782e-06
3.85008e-06
1.42962e-05
9.67878e-06
1.39768e-05
1.74448e-05
1.43414e-05
1.1201e-05
1.59436e-05
1.21285e-05
9.25229e-06
6.12803e-06
1.17144e-05
9.53251e-06
9.24661e-06
7.9236e-06
9.53251e-06
9.06864e-06
7.69538e-06
8.45916e-06
7.44672e-06
5.3962e-06
8.23163e-06
8.31389e-06
7.16897e-06
7.59045e-06
5.15917e-06
1.29568e-05
9.54366e-06
1.14291e-05
9.10121e-06
9.89476e-06
9.84114e-06
1.01893e-05
5.32571e-06
7.68234e-06
8.68696e-06
7.72274e-06
5.49924e-06
6.85621e-06
7.58938e-06
7.99111e-06
1.69645e-06
4.00279e-06
8.25693e-06
1.89322e-06
2.90619e-06
6.90292e-06
6.66967e-06
7.03905e-06
3.44561e-06
1.13729e-06
8.52232e-06
7.23278e-07
2.52747e-06
2.4641e-06
4.1383e-06
4.05261e-06
6.91126e-06
7.22294e-06
8.39711e-06
7.37195e-06
6.94813e-06
7.04055e-06
7.81452e-06
7.8047e-06
1.77293e-06
1.0121e-06
6.03729e-06
1.82363e-06
1.705e-06
3.45157e-06
4.26221e-06
5.42599e-06
4.0788e-06
7.36392e-06
2.28561e-06
9.68154e-07
4.90423e-06
6.58733e-06
2.30455e-06
4.76589e-06
4.65919e-06
9.14274e-07
7.22894e-06
7.25024e-06
5.29871e-06
4.98049e-06
6.58326e-06
7.11063e-06
6.34894e-06
4.73171e-06
5.03435e-06
6.67115e-06
5.9291e-06
5.16e-06
6.18353e-06
5.07239e-06
6.41953e-06
6.81372e-06
2.23452e-06
7.09334e-06
6.75429e-06
6.67691e-06
6.65005e-06
5.39153e-06
4.126e-06
1.21155e-05
7.04835e-06
1.27044e-05
1.2176e-05
1.12786e-05
7.48225e-06
4.324e-06
5.29117e-06
3.36807e-06
9.34421e-06
3.24698e-06
4.99473e-06
5.00407e-06
4.70132e-06
5.48709e-06
9.09703e-06
6.42368e-06
2.91175e-05
1.18506e-05
1.28194e-05
8.83671e-06
1.25121e-05
8.26556e-06
5.62132e-06
3.41287e-06
5.29688e-06
3.71649e-06
5.28973e-06
5.10021e-06
5.48684e-06
6.24193e-06
1.13697e-05
3.96643e-06
1.13407e-05
5.20478e-06
1.09893e-05
5.50594e-06
5.28035e-06
9.97506e-06
1.15935e-05
5.1571e-06
4.77877e-06
3.57697e-06
1.05237e-05
9.35291e-06
6.34523e-06
7.06465e-06
3.43751e-06
1.17909e-05
5.18008e-06
4.09012e-06
5.41285e-06
1.31079e-05
4.26888e-06
7.74337e-06
2.39707e-06
3.19062e-06
6.23512e-06
4.66155e-06
5.43498e-06
4.89799e-06
5.43307e-06
6.91575e-06
3.07882e-06
5.52473e-06
1.02095e-05
5.20848e-06
7.08213e-06
8.61574e-06
7.64334e-06
4.25697e-06
1.04902e-05
3.25294e-05
9.83568e-06
2.18222e-05
1.02029e-05
8.34648e-06
1.97752e-05
1.05259e-05
7.4389e-06
7.21649e-06
3.91026e-06
4.64475e-06
8.17634e-06
7.61388e-06
6.2119e-06
6.05489e-06
5.64355e-06
7.96562e-06
4.57009e-06
3.97165e-06
4.30474e-06
4.97929e-06
6.32923e-06
4.02082e-06
5.10532e-06
5.18442e-06
5.37e-06
6.52891e-06
3.47869e-06
2.81026e-06
1.10298e-05
2.60336e-06
4.24744e-06
5.9863e-06
5.22353e-06
5.69691e-06
3.52798e-06
4.01681e-06
7.10897e-06
3.3981e-06
1.04188e-05
1.17813e-05
1.65348e-05
4.64738e-06
1.17754e-05
8.82376e-06
3.36826e-06
3.63338e-06
9.70311e-06
2.7912e-06
8.85895e-06
6.36727e-06
1.21984e-05
5.51274e-06
2.98734e-06
3.99912e-06
3.61876e-06
4.17523e-06
2.92998e-06
3.3631e-06
3.89435e-06
5.4304e-06
3.18395e-06
3.89873e-06
8.39736e-06
3.0255e-05
5.53597e-06
1.69666e-05
7.12405e-06
2.38179e-05
1.58494e-05
1.89262e-05
4.31312e-06
6.63875e-06
3.30056e-06
3.20151e-06
4.24719e-06
6.27293e-06
3.31158e-06
4.33682e-06
3.09749e-06
5.44776e-06
3.37042e-06
3.6476e-06
2.82183e-06
2.25718e-06
3.55629e-06
4.84451e-06
4.21548e-06
3.31119e-06
4.05372e-06
4.54852e-06
4.11045e-06
5.11003e-06
4.53061e-06
3.38697e-06
1.06639e-05
4.51021e-06
3.9192e-06
6.5939e-06
5.13227e-06
7.86331e-06
3.50685e-06
8.25246e-06
2.75237e-06
2.32893e-06
3.64689e-06
3.3801e-06
3.58275e-06
2.92831e-06
4.07935e-06
2.46244e-06
3.03336e-06
4.87114e-06
7.51978e-06
9.57054e-06
3.81711e-06
3.03897e-06
5.11315e-06
5.37376e-06
3.50824e-06
3.39545e-06
4.58208e-06
5.47005e-06
5.21335e-06
4.62052e-06
7.51645e-06
1.05358e-05
4.63383e-06
2.17149e-06
2.94806e-06
1.75764e-06
5.18828e-06
5.52214e-06
2.88923e-06
2.23295e-06
1.00986e-05
6.76286e-06
1.92006e-05
9.89974e-06
3.60683e-05
3.62415e-05
2.70413e-05
2.61237e-05
6.3345e-06
2.1878e-06
5.05533e-06
6.57522e-06
5.74341e-06
4.91271e-06
4.82564e-06
4.83125e-06
3.41178e-06
6.38898e-06
5.43637e-06
4.3823e-06
2.57405e-06
8.76342e-06
4.54484e-06
6.37577e-06
3.64088e-06
4.02925e-06
9.74594e-06
8.23421e-06
2.57865e-06
1.12058e-05
2.53373e-06
7.47066e-06
7.72881e-06
7.86688e-06
4.41213e-06
1.21428e-05
9.50978e-06
7.67819e-06
1.38577e-05
8.50343e-06
7.61542e-06
1.06946e-05
7.01911e-06
7.40985e-06
1.2137e-05
9.30999e-06
7.01591e-06
6.18851e-06
2.82749e-06
4.2699e-06
6.94767e-06
3.36165e-06
3.41e-06
3.67574e-06
3.35444e-06
7.3076e-06
4.20989e-06
8.37358e-06
5.84126e-06
9.61602e-06
4.06828e-06
3.83629e-06
3.9921e-06
4.05799e-06
1.13337e-05
1.20583e-05
1.27411e-05
7.16522e-06
3.26634e-05
9.48394e-06
7.59488e-06
1.85929e-05
3.97199e-06
4.18999e-06
5.50986e-06
4.69843e-06
4.23911e-06
1.48947e-06
4.61399e-06
2.5322e-06
3.99565e-06
4.61103e-06
3.72893e-06
4.77397e-06
2.7304e-06
4.06291e-06
3.9577e-06
2.33379e-06
3.16947e-06
2.9411e-06
5.81162e-06
4.25523e-06
4.1067e-06
4.6157e-06
8.93787e-06
9.92603e-06
4.29129e-06
3.08414e-06
2.22621e-06
8.06222e-06
7.51982e-06
3.43972e-06
6.39789e-06
3.4853e-06
9.4141e-06
5.15848e-06
3.26785e-06
7.4722e-06
5.48969e-06
3.97774e-06
3.60216e-06
6.86716e-06
1.79986e-05
1.27093e-05
1.03174e-05
2.43872e-05
2.74953e-05
1.05492e-05
1.49734e-05
2.28625e-05
6.17e-06
4.4457e-06
3.0766e-06
5.62058e-06
7.78117e-06
5.8315e-06
6.60581e-06
5.35562e-06
4.505e-06
5.71783e-06
3.59017e-06
3.17219e-06
3.49628e-06
6.0634e-06
2.09948e-06
4.28887e-06
1.68491e-05
7.43358e-06
4.84616e-06
8.39362e-06
1.38813e-05
7.55174e-06
6.14334e-06
1.6124e-05
2.0048e-05
5.79445e-06
3.08593e-05
1.6382e-05
8.89358e-06
1.04775e-05
1.22672e-05
1.20249e-05
8.97533e-06
7.95441e-06
4.81151e-06
5.65609e-06
1.03068e-05
8.26214e-06
5.77479e-06
9.12559e-06
4.78708e-06
1.09856e-05
5.46538e-06
3.23753e-06
8.15004e-06
1.52144e-05
4.88906e-06
7.84108e-06
4.30302e-06
4.37393e-06
5.64379e-06
8.85962e-06
5.96607e-06
4.94939e-06
5.58587e-06
5.32365e-06
1.63836e-05
2.65768e-05
1.12345e-05
8.96457e-06
3.67614e-05
2.73475e-05
9.76961e-06
2.63448e-05
5.7253e-05
2.69914e-05
9.42515e-06
2.32161e-05
1.23397e-05
1.07345e-05
8.30721e-06
1.13308e-05
5.13892e-06
7.40056e-06
3.4031e-06
3.91989e-06
4.58086e-06
3.59086e-06
5.07407e-06
3.78518e-06
1.30268e-05
5.60446e-06
4.44744e-06
4.97142e-06
4.46999e-06
3.15942e-06
5.54347e-06
4.71063e-06
2.84197e-05
9.89763e-06
9.28809e-06
5.8384e-06
7.94328e-06
9.46181e-06
1.01362e-05
7.37972e-06
1.2542e-05
1.13705e-05
7.10521e-06
7.35149e-06
1.42248e-05
2.05356e-05
9.03927e-06
6.80327e-06
6.09394e-06
7.41998e-06
9.36496e-06
5.51648e-06
9.04463e-06
1.0146e-05
5.41185e-06
1.00122e-05
1.12893e-05
4.21716e-06
6.00647e-06
6.16201e-06
1.04963e-05
3.21411e-06
6.47276e-06
8.58936e-06
2.74867e-06
5.23559e-06
3.86535e-06
2.64415e-06
2.67738e-06
4.07234e-06
2.97364e-06
3.474e-06
9.77359e-06
2.8154e-05
1.97868e-05
1.45551e-05
2.25527e-05
1.57431e-05
1.45084e-05
1.83957e-05
1.4342e-05
2.15477e-05
1.4062e-05
1.99116e-05
1.73649e-05
2.67052e-05
1.98554e-05
4.14527e-05
4.11215e-06
8.08755e-06
1.36611e-05
7.59361e-06
8.93997e-06
1.57286e-05
6.36839e-06
1.85635e-05
7.1446e-06
5.84421e-06
3.8786e-06
9.92881e-06
1.30779e-05
5.0319e-06
5.77277e-06
5.78224e-06
7.64739e-06
1.15638e-05
2.27495e-05
8.9617e-06
1.20209e-05
1.05111e-05
8.56276e-06
1.5268e-05
6.98127e-06
3.77565e-06
1.93178e-05
1.3284e-05
7.96873e-06
6.85033e-06
8.90677e-06
9.69631e-06
1.23828e-05
3.20004e-05
1.54323e-05
3.22547e-05
1.57135e-05
3.01399e-05
2.24352e-05
1.27683e-05
1.06165e-05
8.15609e-06
9.30392e-06
8.87008e-06
8.88216e-06
8.60327e-06
8.79898e-06
8.68894e-06
6.18513e-06
2.93607e-06
3.88082e-06
7.03166e-06
5.2565e-06
4.37206e-06
5.48851e-06
4.52143e-06
2.27672e-05
2.18566e-06
1.60402e-06
1.01614e-05
1.17775e-05
3.5988e-06
8.61482e-06
3.66742e-06
9.26069e-06
8.89574e-06
1.64193e-05
1.05439e-05
8.9276e-06
8.7085e-06
9.51956e-06
9.97293e-06
7.64684e-06
1.71752e-05
8.69968e-06
7.28784e-06
8.13939e-06
8.54325e-06
8.17677e-06
8.58603e-06
7.2906e-06
6.80913e-06
3.80454e-06
1.65732e-05
8.04185e-06
5.88642e-06
1.05108e-05
5.51909e-06
2.15557e-05
9.33063e-06
7.56414e-06
1.26582e-05
2.14089e-05
9.66884e-06
1.1205e-05
7.85963e-06
2.34332e-05
1.33346e-05
7.32354e-06
3.9683e-06
7.73782e-06
9.24384e-06
5.808e-06
8.28773e-06
3.14917e-07
1.25809e-06
1.79837e-05
1.84235e-06
7.60422e-07
1.67434e-06
4.48917e-06
9.28178e-06
3.27905e-06
1.86786e-06
6.02072e-06
1.90845e-06
3.76999e-06
4.22622e-06
3.52775e-06
5.55696e-06
9.12452e-06
8.09222e-06
1.05435e-05
9.96108e-06
8.77224e-06
9.00316e-06
1.00746e-05
1.02151e-05
2.17982e-06
2.10899e-06
9.33672e-06
2.4104e-06
1.67513e-06
4.39604e-06
4.8102e-06
8.73675e-06
1.98333e-06
1.33523e-05
2.02305e-06
1.40595e-06
2.54079e-06
6.12279e-06
1.04391e-06
5.5772e-06
3.16935e-06
4.15735e-06
7.85325e-06
1.31296e-05
4.34699e-06
4.59167e-06
7.09457e-06
6.68034e-06
9.14181e-06
3.10445e-06
3.96286e-06
9.39269e-06
8.44172e-06
7.60693e-06
7.65867e-06
6.30819e-06
9.05874e-06
9.72881e-06
7.18998e-06
7.93365e-06
8.18489e-06
8.17233e-06
7.6287e-06
7.35575e-06
2.82165e-06
4.40243e-06
7.27698e-06
3.29376e-06
3.37829e-06
4.2772e-06
4.09099e-06
7.12557e-06
4.39414e-06
7.738e-06
1.27598e-05
5.60755e-06
4.64781e-06
3.7801e-06
3.39087e-06
3.69447e-06
1.09532e-05
2.02645e-05
1.59929e-05
1.50664e-05
1.26673e-05
2.98003e-05
1.06312e-05
4.51669e-05
3.90698e-06
3.43964e-06
8.54485e-06
4.69853e-06
4.18791e-06
1.79738e-06
4.5368e-06
2.94029e-06
4.09192e-06
5.74888e-06
3.64403e-06
4.98188e-06
2.48377e-06
3.62782e-06
2.98387e-06
2.35572e-06
3.19829e-06
3.61939e-06
7.83425e-06
4.87926e-06
4.63634e-06
4.80274e-06
6.36952e-06
1.21067e-05
4.37899e-06
3.74933e-06
2.1914e-06
5.1577e-06
7.51329e-06
3.78295e-06
6.11001e-06
3.28792e-06
8.73089e-06
4.70622e-06
4.13057e-06
7.96941e-06
4.82707e-06
4.23897e-06
4.15551e-06
7.41205e-06
1.94595e-05
1.45881e-05
1.10878e-05
1.84232e-05
1.89601e-05
2.2106e-05
1.52702e-05
1.28061e-05
8.51451e-06
5.45644e-06
3.11018e-06
5.35825e-06
6.80684e-06
6.3901e-06
7.19861e-06
6.43667e-06
4.49762e-06
6.10998e-06
3.94695e-06
3.53552e-06
5.17542e-06
6.41673e-06
2.57506e-06
4.22836e-06
1.2421e-05
6.81585e-06
6.01047e-06
9.35813e-06
9.0233e-06
7.87391e-06
9.82132e-06
1.06186e-05
1.46375e-05
5.29378e-06
1.15749e-05
1.12783e-05
9.06116e-06
1.05556e-05
9.39667e-06
9.34839e-06
1.2227e-05
7.7481e-06
4.78088e-06
5.77802e-06
1.01854e-05
7.24841e-06
5.1682e-06
8.7501e-06
5.682e-06
9.67465e-06
5.48963e-06
3.43414e-06
7.13134e-06
8.02438e-06
3.10384e-06
7.05656e-06
4.8738e-06
3.35871e-06
4.46355e-06
8.30494e-06
5.4743e-06
3.78522e-06
5.1209e-06
4.34348e-06
2.09637e-05
2.16798e-05
1.10185e-05
1.16688e-05
1.91377e-05
1.58577e-05
8.47259e-06
1.50419e-05
1.7744e-05
1.8817e-05
6.99151e-06
9.04469e-06
1.43093e-05
1.68239e-05
9.4491e-06
1.01854e-05
6.13604e-06
1.18701e-05
3.35858e-06
3.64606e-06
9.07282e-06
7.09107e-06
4.3644e-06
3.42407e-06
1.59405e-05
1.11036e-05
4.2402e-06
4.91361e-06
5.48095e-06
8.17094e-06
5.22455e-06
4.37732e-06
2.15588e-05
1.00087e-05
1.16799e-05
4.77538e-06
8.46659e-06
7.36832e-06
7.42299e-06
9.23655e-06
1.34659e-05
7.16187e-06
4.94387e-06
6.99553e-06
1.02482e-05
7.61661e-06
7.47806e-06
6.84737e-06
8.40196e-06
7.80315e-06
9.33226e-06
4.88668e-06
7.3635e-06
1.3226e-05
9.76765e-06
6.40329e-06
1.20209e-05
3.75416e-06
1.05278e-05
1.23438e-05
7.84475e-06
8.7422e-06
1.23077e-05
1.02878e-05
2.60038e-06
3.72722e-06
5.84092e-06
2.81718e-06
4.0277e-06
3.13292e-06
4.66528e-06
4.96065e-06
8.36418e-06
1.25323e-05
1.50471e-05
7.90715e-06
1.28149e-05
1.56574e-05
2.05618e-05
1.2806e-05
1.08748e-05
2.59159e-05
2.12534e-05
1.37388e-05
8.8969e-06
1.83986e-05
1.9267e-05
2.58952e-05
5.24013e-06
5.52613e-06
1.22085e-05
8.79122e-06
9.5029e-06
1.06495e-05
7.72866e-06
1.50186e-05
8.64023e-06
8.13488e-06
5.18996e-06
1.10251e-05
9.77386e-06
5.53685e-06
5.56266e-06
1.11478e-05
6.14964e-06
1.86792e-05
1.82827e-05
6.87775e-06
8.88669e-06
1.0345e-05
8.59191e-06
1.45952e-05
8.05021e-06
5.7606e-06
1.03669e-05
1.4834e-05
7.21991e-06
8.17125e-06
7.20126e-06
6.36871e-06
7.6991e-06
1.66369e-05
1.44982e-05
2.02167e-05
1.07401e-05
1.27737e-05
1.83586e-05
1.04556e-05
1.23914e-05
1.55756e-05
1.85535e-05
1.37937e-05
1.27592e-05
1.50908e-05
1.39561e-05
1.77171e-05
2.54921e-05
3.36599e-05
3.04224e-05
2.49509e-05
2.75101e-05
1.45527e-05
2.15489e-05
1.78537e-05
2.42397e-05
1.7406e-05
1.22897e-05
2.63146e-05
1.1519e-05
9.49095e-06
2.37007e-05
1.0016e-05
1.45467e-05
1.9269e-05
1.813e-05
1.60564e-05
1.5106e-05
1.84947e-05
1.61792e-05
1.84049e-05
1.63651e-05
1.96317e-05
1.44686e-05
2.02631e-05
1.92943e-05
1.86812e-05
1.89799e-05
1.86064e-05
2.33963e-05
2.95099e-05
1.8396e-05
1.44573e-05
1.21777e-05
1.71168e-05
1.29079e-05
1.79483e-05
1.85777e-05
1.47379e-05
1.99387e-05
1.83706e-05
1.80825e-05
1.80763e-05
1.8884e-05
1.85247e-05
9.0373e-06
1.77868e-05
2.89786e-05
1.64879e-05
1.69432e-05
2.16813e-05
2.01755e-05
2.85149e-05
1.7462e-05
4.51124e-05
1.52802e-05
9.80611e-06
1.71938e-05
1.5405e-05
8.71576e-06
1.162e-05
5.72331e-05
3.78489e-05
2.69987e-05
2.39334e-05
1.17391e-05
1.52631e-05
2.46428e-05
1.57258e-05
1.99403e-05
1.59847e-05
1.2851e-05
1.16212e-05
1.49066e-05
1.50109e-05
1.22323e-05
1.27934e-05
1.588e-05
1.29612e-05
1.05106e-05
9.24978e-06
1.30216e-05
1.31255e-05
9.63738e-06
1.03634e-05
1.06785e-05
1.2457e-05
1.21526e-05
1.55367e-05
1.22174e-05
1.73442e-05
2.84665e-05
1.38159e-05
1.84969e-05
1.82687e-05
2.34868e-05
1.49102e-05
1.43692e-05
2.32801e-05
1.90697e-05
2.32633e-05
1.8962e-05
1.69131e-05
1.36011e-05
1.09954e-05
1.78405e-05
1.78358e-05
1.37224e-05
1.34583e-05
2.00864e-05
1.14621e-05
1.43157e-05
1.58057e-05
1.43109e-05
1.38748e-05
1.50399e-05
1.43511e-05
1.24384e-05
2.09344e-05
2.33573e-05
2.48517e-05
2.63952e-05
2.31674e-05
2.5026e-05
2.30515e-05
1.3559e-05
7.61637e-06
1.18977e-05
1.36356e-05
1.31266e-05
1.25768e-05
1.34138e-05
1.28668e-05
1.67856e-05
1.15515e-05
1.1451e-05
1.33874e-05
1.37902e-05
1.23584e-05
1.33282e-05
1.23555e-05
1.75846e-05
1.45674e-05
1.4165e-05
1.57258e-05
1.59425e-05
1.51557e-05
1.57283e-05
1.53363e-05
1.52853e-05
1.73115e-05
1.80796e-05
1.44783e-05
1.53055e-05
1.68939e-05
1.54886e-05
1.65926e-05
1.42799e-05
1.4007e-05
1.17523e-05
1.61317e-05
1.44711e-05
1.37511e-05
1.55308e-05
1.28782e-05
1.71444e-05
1.75568e-05
1.44685e-05
1.39519e-05
1.72532e-05
1.67201e-05
1.43873e-05
1.52801e-05
1.62788e-05
1.32562e-05
1.40779e-05
1.18153e-05
1.36924e-05
1.32498e-05
1.24702e-05
1.25757e-05
1.12849e-05
1.13097e-05
1.6703e-05
1.04251e-05
1.08251e-05
1.24542e-05
1.07679e-05
1.2423e-05
1.11595e-05
1.21625e-05
1.3546e-05
9.83718e-06
1.07612e-05
1.23327e-05
1.07361e-05
1.21001e-05
1.8758e-05
1.77773e-05
1.16221e-05
1.52329e-05
1.57709e-05
1.39082e-05
1.74143e-05
1.58737e-05
9.66305e-06
9.20029e-06
1.44398e-05
9.4417e-06
9.44459e-06
9.74761e-06
9.50413e-06
9.72506e-06
1.08551e-05
1.60798e-05
9.99304e-06
9.43805e-06
1.0433e-05
1.18689e-05
9.93998e-06
1.09497e-05
1.14213e-05
1.01065e-05
1.46426e-05
1.61662e-05
1.11885e-05
1.0646e-05
1.5272e-05
1.48496e-05
1.57831e-05
9.96053e-06
9.50611e-06
1.46508e-05
1.52358e-05
1.08907e-05
1.47311e-05
1.03058e-05
1.59462e-05
1.40807e-05
9.99928e-06
1.44997e-05
1.52795e-05
1.44926e-05
1.46851e-05
1.42532e-05
6.23344e-06
6.70552e-06
9.04625e-06
7.76527e-06
6.41291e-06
7.36278e-06
7.64875e-06
7.80458e-06
6.94172e-06
9.43076e-06
1.26781e-05
7.68362e-06
7.13589e-06
8.45099e-06
7.61649e-06
9.39133e-06
1.2703e-05
1.34732e-05
1.0733e-05
1.90866e-05
1.91148e-05
2.14743e-05
2.11516e-05
2.24153e-05
8.10315e-06
8.10664e-06
1.14393e-05
8.39957e-06
8.29164e-06
9.33277e-06
8.37312e-06
9.80596e-06
5.2199e-06
9.10587e-06
7.9271e-06
7.68831e-06
7.3586e-06
8.23309e-06
7.54801e-06
8.41141e-06
7.04595e-06
7.93311e-06
1.11766e-05
9.0884e-06
7.49324e-06
7.8832e-06
9.08212e-06
9.21296e-06
9.67298e-06
8.04938e-06
7.95188e-06
1.10432e-05
1.03532e-05
9.00202e-06
1.0431e-05
9.35716e-06
1.02241e-05
1.29528e-05
8.48641e-06
1.21387e-05
1.13064e-05
1.13369e-05
9.75281e-06
1.00148e-05
4.17366e-06
8.8882e-06
3.25127e-06
2.97048e-06
7.67119e-06
7.43952e-06
5.26149e-06
7.21033e-06
1.18018e-05
1.31138e-05
1.21333e-05
9.112e-06
2.04794e-05
2.13871e-05
1.76566e-05
1.9701e-05
3.05441e-06
1.29483e-05
3.62478e-06
2.7306e-06
7.53817e-06
8.46484e-06
4.40836e-06
9.10057e-06
2.34591e-06
8.61005e-06
2.3697e-06
1.95626e-06
6.92537e-06
6.83878e-06
4.66056e-06
6.76073e-06
9.26943e-06
7.05066e-06
7.25022e-06
8.77063e-06
8.85641e-06
7.18687e-06
8.82697e-06
7.16353e-06
9.10663e-06
8.991e-06
1.11669e-05
7.01258e-06
8.9289e-06
8.99819e-06
9.09443e-06
9.32907e-06
4.13498e-06
4.83469e-06
8.55122e-06
4.28859e-06
2.95863e-06
7.06108e-06
6.95827e-06
6.82905e-06
6.98638e-06
7.00071e-06
9.16094e-06
1.28138e-05
7.06805e-06
7.05968e-06
9.56753e-06
9.54627e-06
8.55602e-06
1.52727e-05
8.72215e-06
4.00092e-06
6.95126e-06
8.54777e-06
5.76937e-06
7.66471e-06
1.77552e-05
1.0714e-05
5.93402e-06
5.26162e-06
7.1189e-06
2.13752e-05
5.28366e-06
1.52856e-05
6.85416e-06
2.30837e-06
5.93549e-06
3.73244e-06
7.9509e-06
4.66515e-06
6.04113e-06
4.93921e-06
2.32479e-06
4.60014e-06
1.9972e-06
2.42349e-06
2.25185e-06
2.68214e-06
3.04496e-06
2.64214e-06
9.48093e-06
7.24749e-06
3.16475e-06
4.17424e-06
1.25314e-05
5.43688e-06
4.69122e-06
3.02352e-06
1.28955e-05
4.39483e-06
1.22806e-05
7.18752e-06
1.22841e-05
5.63537e-06
8.9057e-06
6.41444e-06
5.44198e-06
3.24681e-06
3.3303e-06
2.45894e-06
2.60518e-06
4.9999e-06
3.66014e-06
3.07311e-06
7.21144e-06
5.23585e-06
3.70164e-06
9.56806e-06
7.72135e-06
3.5863e-06
5.52265e-06
5.11904e-06
1.4451e-05
2.55929e-06
1.21672e-05
2.56598e-05
1.71688e-05
6.8345e-06
1.80518e-05
1.67042e-05
7.49813e-06
1.98621e-05
1.36575e-05
6.27466e-05
1.35561e-05
2.32847e-05
1.97521e-05
1.5429e-05
1.00724e-05
2.1958e-05
1.22762e-05
1.95716e-05
1.67205e-05
1.76858e-05
1.68189e-05
1.92043e-05
4.2326e-05
6.7219e-05
3.73115e-05
9.37913e-05
6.04619e-05
4.19608e-05
6.05875e-05
5.31309e-05
8.48807e-06
2.16134e-05
3.68543e-05
2.52454e-05
9.63265e-06
1.68187e-05
3.17348e-05
2.32575e-05
1.45465e-05
3.34021e-05
2.17611e-05
1.73119e-05
1.43137e-05
2.19721e-05
9.24561e-06
1.9196e-05
1.52584e-05
3.45389e-05
2.2296e-05
3.3122e-05
2.1451e-05
3.07235e-05
3.49953e-05
2.6496e-05
1.64229e-05
3.1651e-05
3.52123e-05
1.879e-05
1.33202e-05
2.55905e-05
1.99686e-05
2.6398e-05
2.63047e-06
1.28628e-06
4.79622e-06
2.69262e-06
6.42851e-06
6.47734e-06
8.70584e-06
6.52224e-06
1.14665e-06
1.80181e-06
8.63228e-06
1.25818e-06
3.10635e-06
3.13776e-06
4.38737e-06
6.89819e-06
3.60916e-06
1.03574e-05
2.12673e-06
5.01136e-06
4.51763e-06
5.54952e-06
4.81996e-06
5.94141e-06
2.31066e-06
1.46301e-06
7.54274e-06
3.02649e-06
4.70844e-06
7.05722e-06
9.70763e-06
8.89948e-06
2.64897e-06
5.3132e-06
5.41828e-06
2.56696e-06
5.69593e-06
7.57773e-06
8.04127e-07
4.91433e-06
4.2295e-06
7.82329e-06
4.72775e-06
5.6462e-06
7.12989e-06
7.49821e-06
7.95227e-06
8.83125e-06
5.48658e-06
9.67094e-06
8.83389e-06
7.15381e-06
5.84593e-06
8.48163e-06
6.68441e-06
8.63594e-06
6.27338e-06
8.6924e-06
7.88031e-06
7.77364e-06
7.32756e-06
8.12442e-06
9.27469e-06
9.2388e-06
7.6715e-06
3.76592e-06
2.84418e-06
5.9269e-06
4.77923e-06
4.95419e-06
4.48701e-06
4.82045e-06
3.01121e-06
1.60518e-06
6.66807e-06
3.17014e-06
2.79657e-06
2.48077e-06
1.30605e-06
3.7272e-06
1.9697e-06
8.75427e-06
1.73849e-06
2.08645e-06
2.07025e-06
6.18757e-06
2.19128e-06
2.65846e-06
3.55009e-06
4.27901e-06
2.89592e-06
3.19571e-06
2.70386e-06
4.22805e-06
2.91333e-06
2.88169e-06
3.99587e-06
3.40542e-06
3.25897e-06
2.44198e-06
2.79877e-06
8.10303e-06
5.15895e-06
4.19798e-06
3.78017e-06
3.21656e-06
7.43364e-06
6.18167e-06
4.68959e-06
3.6033e-06
7.84429e-06
4.01722e-06
3.74864e-06
2.15343e-06
2.77735e-06
3.00569e-06
3.7287e-06
2.70558e-06
2.43502e-06
1.87716e-06
4.98252e-06
2.3945e-06
2.96728e-06
4.20225e-06
2.84249e-06
4.48464e-06
4.77632e-06
9.89248e-06
2.96832e-06
3.07304e-06
9.71646e-06
1.91581e-06
1.74148e-06
9.21418e-06
9.44095e-06
9.33517e-06
4.30358e-06
7.49918e-06
4.87592e-06
5.59021e-06
4.45507e-06
7.25793e-06
6.60898e-06
6.05087e-06
8.4967e-06
4.8595e-06
3.98417e-06
8.17425e-06
8.24392e-06
5.86093e-06
8.21933e-06
5.31788e-06
2.00272e-06
2.98095e-06
8.4306e-06
3.39636e-06
2.02934e-06
8.83564e-06
1.06059e-05
8.29021e-06
2.25e-06
9.40259e-06
1.96653e-06
2.54335e-06
1.0504e-05
9.29403e-06
1.84499e-06
9.29193e-06
1.00938e-05
8.32043e-06
6.34194e-06
9.05694e-06
9.86239e-06
9.50237e-06
8.51675e-06
8.08201e-06
9.3941e-06
9.91498e-06
1.09758e-05
8.72024e-06
9.16256e-06
9.23223e-06
8.72456e-06
8.84247e-06
8.91058e-06
8.58857e-06
8.46347e-06
5.84304e-06
8.61093e-06
8.61734e-06
7.95822e-06
7.78115e-06
8.65485e-06
9.82047e-06
1.00867e-05
1.05722e-05
9.4149e-06
9.38336e-06
1.02205e-05
1.00492e-05
8.50198e-06
3.93752e-06
4.77884e-06
5.30239e-06
5.85694e-06
5.54965e-06
5.16389e-06
4.96801e-06
8.14472e-06
4.88091e-06
8.54376e-06
1.35183e-05
8.74449e-06
7.66576e-06
1.15134e-05
6.86645e-06
1.52746e-05
7.01535e-06
3.75264e-05
5.8744e-05
1.85094e-05
1.27415e-05
4.68408e-05
3.8823e-05
9.10076e-06
1.05626e-05
1.05792e-05
6.7548e-06
8.76995e-06
1.0428e-05
8.77633e-06
1.03424e-05
9.03135e-06
6.56032e-06
6.28205e-06
1.02192e-05
8.65905e-06
6.60106e-06
8.58392e-06
6.63028e-06
1.11233e-05
1.34564e-05
6.54921e-06
2.52685e-05
1.32153e-05
1.29801e-05
1.18622e-05
1.17958e-05
1.1795e-05
1.87849e-05
6.32609e-06
5.38305e-06
9.04381e-06
9.82869e-06
5.94467e-06
6.16187e-06
3.13631e-06
6.15306e-06
1.42675e-05
2.25745e-06
2.03265e-06
1.60029e-05
1.34185e-05
1.72529e-05
1.09009e-05
3.48657e-05
9.64435e-06
1.66618e-05
1.76798e-05
2.28856e-05
2.09165e-05
2.96175e-05
1.08446e-05
5.07417e-06
3.95083e-06
1.0583e-05
1.03061e-05
6.91586e-06
1.01702e-05
5.72343e-06
2.61318e-06
1.61198e-05
1.71795e-05
6.01321e-06
3.51852e-06
1.19351e-05
1.93458e-05
2.15019e-05
5.47912e-06
1.49309e-05
2.67662e-06
1.40973e-05
1.90973e-05
1.92691e-05
6.84389e-06
1.89286e-05
2.00005e-05
1.68203e-05
2.03937e-05
1.67663e-05
3.19464e-05
3.70845e-05
2.3636e-05
2.66824e-05
1.47119e-05
1.58143e-05
1.27964e-05
1.6075e-05
1.53807e-05
2.00507e-05
1.65973e-05
2.18618e-05
1.71325e-05
1.81575e-05
3.57767e-05
1.62675e-05
1.88689e-05
1.81966e-05
2.62378e-05
2.9679e-05
6.7507e-06
1.44105e-05
2.15609e-05
2.04989e-05
1.62799e-05
1.62293e-05
1.57147e-05
2.08895e-05
1.16299e-05
3.97921e-06
5.40728e-06
7.10612e-06
7.02908e-06
6.21096e-06
6.85682e-06
6.10722e-06
1.62171e-05
1.1712e-05
8.43095e-06
4.2237e-05
2.7363e-05
1.28913e-05
1.75369e-05
7.39322e-06
4.02422e-05
3.17557e-05
7.65927e-05
0.000105577
6.19162e-05
6.43493e-05
7.9223e-05
4.26608e-05
1.62254e-05
2.34127e-05
3.04293e-05
2.10954e-05
2.27752e-05
3.01939e-05
2.36682e-05
2.97848e-05
1.62616e-05
2.01364e-05
1.70647e-05
2.68755e-05
2.41663e-05
2.16366e-05
2.65228e-05
2.33666e-05
2.35373e-05
3.6232e-05
3.00976e-05
4.42922e-05
3.65025e-05
3.68561e-05
3.66644e-05
4.93948e-05
2.70789e-05
4.04094e-05
2.91982e-05
1.91868e-05
3.78284e-05
4.91426e-05
3.05175e-05
3.11795e-05
2.76107e-06
3.99751e-06
9.38864e-06
5.82947e-06
3.34126e-06
2.80799e-06
2.90016e-06
3.12254e-06
3.97601e-06
4.45017e-06
4.08602e-06
5.26325e-06
4.17955e-06
5.04256e-06
4.15563e-06
4.72469e-06
3.62555e-06
3.15054e-06
2.03767e-06
2.32697e-06
3.478e-06
1.92213e-06
3.06236e-06
3.31434e-06
5.41168e-06
4.7448e-06
2.95198e-06
5.05405e-06
2.94166e-06
3.54112e-06
3.41802e-06
2.57928e-06
3.37469e-06
5.13626e-06
3.27315e-06
3.43015e-06
3.12517e-06
6.69175e-06
5.68729e-06
3.2814e-06
3.09708e-06
5.66606e-06
3.11359e-06
5.44034e-06
4.40093e-06
7.6099e-06
8.52854e-06
5.34205e-06
3.49749e-06
3.54723e-06
2.60567e-06
3.18653e-06
5.43333e-06
2.79071e-06
2.90227e-06
5.43004e-06
5.56075e-06
2.86233e-06
4.1207e-06
3.68528e-06
3.94478e-06
2.4318e-06
3.67545e-06
3.65688e-06
2.8575e-06
7.81889e-06
4.04888e-06
2.42606e-06
2.32865e-06
4.75118e-06
3.18733e-06
2.12734e-06
3.88984e-06
3.04424e-06
3.37624e-06
4.53256e-06
5.48208e-06
4.20596e-06
4.39551e-06
4.07049e-06
4.8115e-06
4.62267e-06
3.63603e-06
4.65895e-06
3.41773e-06
5.19923e-06
3.71517e-06
3.34708e-06
2.87879e-06
7.21742e-06
3.60895e-06
3.44449e-06
8.95143e-06
8.87408e-06
3.91666e-06
6.252e-06
6.70202e-06
2.501e-06
7.36671e-06
7.71172e-06
8.94254e-06
6.83327e-06
8.90309e-06
6.94474e-06
5.77034e-06
6.81234e-06
4.85917e-06
5.01724e-06
8.96689e-06
6.44933e-06
7.85463e-06
5.5665e-06
2.9454e-06
3.48527e-06
7.10312e-06
3.90996e-06
3.16513e-06
4.69054e-06
5.10279e-06
8.49096e-06
2.54348e-06
7.88714e-06
6.82086e-06
5.07247e-06
7.54299e-06
7.67871e-06
5.58375e-06
6.11254e-06
2.32345e-05
1.89398e-05
2.13502e-05
6.65858e-05
1.74128e-05
1.57595e-05
3.77712e-05
1.28964e-05
1.29938e-05
2.01112e-05
1.26449e-05
2.78985e-05
1.30595e-05
3.43448e-05
3.6645e-05
5.13649e-05
1.91857e-05
1.91761e-05
1.04735e-05
1.24372e-05
1.33198e-05
1.17941e-05
1.2348e-05
1.14398e-05
2.27806e-05
2.7068e-05
2.048e-05
3.31461e-05
1.20115e-05
2.17621e-05
2.08552e-05
2.94096e-05
1.31831e-05
2.63887e-05
3.1624e-05
1.9669e-05
2.8886e-05
1.5407e-05
4.21417e-05
2.87912e-05
1.8926e-05
1.6508e-05
1.27378e-05
2.38881e-05
9.83919e-06
1.06449e-05
1.39354e-05
1.3347e-05
2.45464e-05
2.82826e-05
2.09894e-05
2.03757e-05
2.45995e-05
3.55972e-05
2.31714e-05
2.3869e-05
2.2989e-05
1.78161e-05
2.6982e-05
2.198e-05
1.96765e-05
2.1053e-05
1.41476e-05
2.38647e-05
1.02818e-05
1.87078e-05
1.91901e-05
1.84627e-05
9.73611e-06
1.00314e-05
1.86274e-05
1.8586e-05
1.18727e-05
2.09792e-05
1.64032e-05
3.14503e-05
3.17741e-05
3.74922e-05
2.43419e-05
2.24665e-05
1.6005e-05
2.52228e-05
2.35231e-05
2.48726e-05
1.72626e-05
1.68072e-05
1.79929e-05
3.84011e-05
1.6958e-05
3.62676e-05
1.90614e-05
2.33592e-05
4.18874e-05
3.1991e-05
1.63574e-05
4.25312e-05
1.88824e-05
2.06126e-05
1.90348e-05
1.56065e-05
1.14826e-05
1.99788e-05
1.03305e-05
1.94143e-05
2.01958e-05
3.07496e-05
2.6993e-05
2.17288e-05
1.36108e-05
2.5004e-05
1.44157e-05
4.25945e-05
1.68127e-05
1.3122e-05
3.39575e-05
2.05648e-05
2.60418e-05
1.35837e-05
2.74147e-05
3.66734e-05
1.63332e-05
5.41639e-05
3.05843e-05
2.08346e-05
1.21341e-05
2.20715e-05
2.02182e-05
4.39244e-05
1.18654e-05
1.43777e-05
1.84014e-05
1.24666e-05
1.19981e-05
1.46092e-05
1.24947e-05
1.7412e-05
1.46688e-05
1.62732e-05
2.01064e-05
1.85467e-05
1.49172e-05
1.69424e-05
1.82592e-05
1.99625e-05
3.24253e-05
2.87188e-05
2.38975e-05
6.35583e-05
3.25334e-05
3.16437e-05
5.38894e-05
3.57222e-05
2.00695e-05
2.40273e-05
3.18694e-05
3.22416e-05
2.01461e-05
2.39661e-05
2.76296e-05
2.98072e-05
1.44764e-05
1.85792e-05
1.2542e-05
1.79402e-05
1.80808e-05
1.79726e-05
1.77534e-05
1.72145e-05
1.513e-05
1.86331e-05
2.0461e-05
1.92292e-05
1.82253e-05
1.83879e-05
1.81284e-05
1.83016e-05
2.45339e-05
1.94857e-05
2.4046e-05
2.3272e-05
2.48036e-05
2.34477e-05
2.51433e-05
2.4265e-05
2.83266e-05
2.16224e-05
2.81539e-05
2.77046e-05
3.09244e-05
3.01814e-05
2.92298e-05
2.9828e-05
2.33994e-05
2.66257e-05
2.87973e-05
2.4265e-05
3.81866e-05
3.13835e-05
2.26427e-05
3.02623e-05
1.97835e-05
1.57329e-05
1.42589e-05
1.91025e-05
1.93168e-05
1.69174e-05
1.91283e-05
1.64945e-05
1.74824e-05
1.41031e-05
1.31454e-05
1.54968e-05
1.65288e-05
1.47788e-05
1.63736e-05
1.43849e-05
1.98195e-05
2.48024e-05
2.49971e-05
1.8422e-05
1.87371e-05
2.604e-05
1.59824e-05
2.52391e-05
2.57196e-05
2.73735e-05
2.38974e-05
2.49172e-05
2.56831e-05
2.83762e-05
2.54405e-05
2.82104e-05
2.04961e-05
1.94053e-05
1.49154e-05
1.92008e-05
1.97001e-05
1.92078e-05
1.71665e-05
1.65849e-05
2.71779e-05
1.38685e-05
2.47713e-05
2.02943e-05
2.66033e-05
2.73572e-05
2.54997e-05
2.61297e-05
1.83094e-05
1.65295e-05
1.90405e-05
1.45282e-05
1.73399e-05
1.73084e-05
1.64531e-05
1.6197e-05
8.32656e-05
7.47859e-05
6.97895e-05
5.40918e-05
6.52307e-05
6.97346e-05
5.98511e-05
5.25839e-05
4.86923e-05
6.23331e-05
5.31693e-05
7.5693e-05
3.44192e-05
5.67196e-05
6.12527e-05
5.44741e-05
5.94085e-05
4.06646e-05
1.9674e-05
2.22669e-05
4.77358e-05
4.08795e-05
2.96411e-05
3.11217e-05
4.68056e-05
5.37988e-05
2.08922e-05
2.19473e-05
3.67375e-05
6.27604e-05
2.36102e-05
3.81857e-05
5.15375e-05
7.84606e-05
5.35615e-05
3.64413e-05
4.89467e-05
5.89323e-05
5.18531e-05
4.05045e-05
4.965e-05
6.12213e-05
5.30953e-05
0.000101786
4.40529e-05
5.94565e-05
5.5442e-05
4.54076e-05
5.37007e-05
4.65616e-05
6.33078e-05
2.01461e-05
2.82714e-05
4.07661e-05
4.05883e-05
3.63906e-05
6.03412e-05
2.18688e-05
7.82869e-05
5.0626e-05
4.32077e-05
3.73297e-05
4.26523e-05
3.42394e-05
2.29309e-05
4.16003e-05
6.67463e-05
5.17816e-05
3.8719e-05
3.30023e-05
2.9327e-05
3.20766e-05
6.29818e-05
6.72804e-05
4.38641e-05
5.73724e-05
4.6143e-05
3.92742e-05
2.8463e-05
2.7372e-05
7.11576e-05
8.44114e-05
0.000112245
0.000109564
7.15809e-05
5.79693e-05
4.81098e-05
4.75945e-05
7.06793e-05
6.49301e-05
0.000122658
0.00010018
9.07508e-05
6.6844e-05
6.10812e-05
6.46549e-05
4.41551e-05
7.36478e-05
8.56531e-05
6.13848e-05
2.60453e-05
5.52967e-05
5.02817e-05
6.20992e-05
3.31078e-05
5.06259e-05
4.58296e-05
6.21975e-05
2.7536e-05
5.1626e-05
6.64387e-05
6.06212e-05
4.67603e-05
5.34402e-05
4.6414e-05
5.54317e-05
8.27133e-05
6.02072e-05
9.40761e-05
9.6117e-05
4.11525e-05
5.95961e-05
5.55639e-05
4.39025e-05
9.77486e-05
6.58749e-05
3.84678e-05
6.67759e-05
0.000123183
8.25542e-05
9.14951e-05
0.000120425
0.000124029
0.00010982
0.000116288
0.000111217
6.04459e-05
3.15838e-05
1.56416e-05
5.96402e-05
3.22539e-05
3.6735e-05
3.05151e-05
1.72285e-05
3.25734e-05
8.62726e-06
1.78606e-05
2.65775e-05
2.78616e-05
1.79626e-05
2.49433e-05
2.10103e-05
0.000120726
0.000129293
4.55966e-05
0.00011345
9.24169e-05
6.29269e-05
8.90484e-05
6.25905e-05
7.47872e-05
4.94258e-05
9.40721e-05
5.27897e-05
5.05416e-05
0.000100488
0.000167299
7.8085e-05
4.31107e-05
4.15559e-05
2.04127e-05
4.69336e-05
4.42958e-05
5.89355e-05
5.96002e-05
2.29177e-05
5.22259e-05
8.92557e-05
3.26433e-05
4.77654e-05
6.63758e-05
7.8516e-05
4.87621e-05
7.38486e-05
4.60857e-05
4.06419e-05
3.89873e-05
1.33821e-05
4.13074e-05
3.76406e-05
2.15788e-05
3.82273e-05
7.40466e-05
3.33752e-05
7.86243e-05
4.0638e-05
7.82753e-05
0.000104865
0.000115091
0.000109765
2.11592e-05
1.03906e-05
2.14986e-05
1.03306e-05
1.26416e-05
1.89028e-05
2.63419e-05
8.66981e-06
4.48033e-05
1.11999e-05
3.76155e-05
3.69158e-05
3.90753e-05
3.56196e-05
4.36676e-05
4.3106e-05
3.80527e-05
1.47641e-05
3.5755e-05
2.80496e-05
2.69071e-05
2.80616e-05
4.58323e-05
1.76638e-05
3.23124e-05
6.79374e-05
3.54981e-05
2.36304e-05
3.34041e-05
5.37298e-05
3.49951e-05
3.19194e-05
5.34473e-05
2.58966e-05
2.60252e-05
6.73402e-05
2.84209e-05
2.52836e-05
2.4534e-05
1.53158e-05
5.9235e-05
5.87603e-05
2.90517e-05
4.31136e-05
5.37663e-05
2.79164e-05
3.33312e-05
2.37614e-05
5.84562e-05
1.81681e-05
1.91947e-05
1.28127e-05
4.60875e-05
3.41971e-05
2.63114e-05
3.18694e-05
7.15029e-06
7.9489e-06
6.28295e-06
9.06866e-06
1.56239e-05
1.15146e-05
1.14772e-05
1.05973e-05
1.07389e-05
1.10356e-05
7.30647e-06
4.58507e-06
1.31677e-05
2.06733e-05
9.08776e-06
9.96299e-06
6.19995e-06
1.02036e-05
3.38564e-06
1.81539e-06
7.28054e-06
8.74549e-06
6.22598e-06
5.80775e-06
8.83001e-06
8.22152e-06
3.87668e-06
8.6774e-06
1.75173e-05
1.00498e-05
8.60738e-06
1.5323e-05
9.9991e-06
6.93788e-06
1.72551e-05
6.15818e-06
8.15662e-06
6.16829e-06
6.43752e-06
8.45737e-06
2.4109e-05
6.38347e-06
1.01749e-05
7.86128e-06
5.84904e-06
4.1327e-06
7.01817e-06
5.20137e-06
6.72268e-06
8.19236e-06
6.79945e-06
3.10408e-06
5.44101e-06
1.17855e-05
5.15268e-06
6.85837e-06
2.72648e-06
3.93949e-06
2.56926e-06
4.21903e-06
2.31937e-06
2.5756e-06
5.23519e-06
2.52863e-06
1.26598e-05
1.62461e-05
1.08841e-05
1.18663e-05
1.41742e-05
1.414e-05
1.17752e-05
1.14431e-05
2.60471e-05
1.73469e-05
2.09522e-05
2.3968e-05
2.68724e-05
2.68131e-05
2.31313e-05
2.24188e-05
9.21741e-06
1.23991e-05
8.72161e-06
9.34099e-06
9.55787e-06
9.5511e-06
9.20043e-06
9.08805e-06
1.08391e-05
1.53857e-05
1.01654e-05
1.1194e-05
1.23014e-05
1.23104e-05
1.0965e-05
1.07559e-05
1.98744e-05
1.14199e-05
1.30036e-05
1.79726e-05
1.57057e-05
1.23229e-05
1.59559e-05
1.29839e-05
1.97924e-05
1.79408e-05
1.51905e-05
1.14324e-05
1.52036e-05
1.66648e-05
1.42585e-05
1.51736e-05
9.81418e-06
1.07366e-05
1.50161e-05
1.00238e-05
9.88508e-06
1.04444e-05
1.09187e-05
1.17115e-05
9.6084e-06
9.85488e-06
1.47148e-05
1.32664e-05
1.03115e-05
1.09033e-05
1.34531e-05
1.37379e-05
2.20481e-05
2.55571e-05
1.61064e-05
1.3995e-05
2.33547e-05
2.32889e-05
1.56176e-05
1.5895e-05
2.27338e-05
1.92922e-05
1.98052e-05
1.96634e-05
2.01445e-05
1.84199e-05
1.88873e-05
1.95872e-05
1.09446e-05
1.21789e-05
7.51861e-06
6.99057e-06
1.12019e-05
1.16904e-05
7.64804e-06
7.96059e-06
1.03126e-05
1.14384e-05
6.91809e-06
6.86671e-06
9.88859e-06
9.90375e-06
7.57789e-06
7.73387e-06
2.41907e-05
1.533e-05
1.28898e-05
1.64433e-05
1.50025e-05
1.40801e-05
1.48123e-05
1.30416e-05
1.88659e-05
1.70064e-05
1.87976e-05
1.49503e-05
1.55101e-05
1.65831e-05
1.64647e-05
1.68812e-05
1.10318e-05
1.05666e-05
1.13946e-05
7.2802e-06
1.0318e-05
1.07388e-05
1.02841e-05
1.02502e-05
1.1473e-05
7.45833e-06
1.18773e-05
1.22689e-05
1.08867e-05
1.03285e-05
1.17085e-05
1.14906e-05
3.015e-05
1.62602e-05
2.57099e-05
1.98472e-05
1.99553e-05
1.92245e-05
2.00614e-05
1.98981e-05
1.12322e-05
7.58601e-06
1.22547e-05
1.04538e-05
1.04717e-05
1.00414e-05
1.05003e-05
1.04476e-05
3.09003e-05
2.02214e-05
1.81382e-05
2.59213e-05
2.57335e-05
2.48999e-05
2.60309e-05
2.60367e-05
1.63177e-05
1.19407e-05
1.87528e-05
1.32884e-05
1.31908e-05
1.27813e-05
1.33027e-05
1.33584e-05
1.51025e-05
2.08461e-05
1.61936e-05
1.19541e-05
1.50666e-05
1.60437e-05
1.50602e-05
1.57502e-05
1.44233e-05
1.13912e-05
1.60087e-05
2.03774e-05
1.49049e-05
1.19896e-05
1.68582e-05
1.67783e-05
2.1205e-05
1.62537e-05
1.20288e-05
1.90078e-05
2.10996e-05
1.62345e-05
1.9453e-05
1.34189e-05
2.14024e-05
1.84614e-05
1.20665e-05
1.64231e-05
1.79314e-05
1.7927e-05
1.66687e-05
1.65581e-05
1.29442e-05
1.25449e-05
1.42787e-05
1.23963e-05
1.26749e-05
1.31895e-05
1.27635e-05
1.32413e-05
2.07146e-05
1.42784e-05
3.27246e-05
2.29206e-05
1.94374e-05
7.43509e-06
1.59949e-05
8.70742e-06
2.54295e-05
2.19452e-05
3.02325e-05
2.94652e-05
2.85937e-05
1.44114e-05
3.04866e-05
1.91521e-05
1.19961e-05
1.41032e-05
1.70546e-05
1.16988e-05
1.20219e-05
1.38556e-05
1.22539e-05
1.40242e-05
1.27101e-05
1.52272e-05
1.22376e-05
1.35639e-05
1.33379e-05
1.33684e-05
1.26885e-05
1.31602e-05
1.44073e-05
1.86399e-05
9.39377e-06
1.41979e-05
1.53868e-05
2.31668e-05
2.24409e-05
1.59621e-05
1.6032e-05
1.24153e-05
1.45727e-05
1.80883e-05
1.5429e-05
1.32548e-05
1.69781e-05
1.38588e-05
1.54988e-05
2.58035e-05
2.30918e-05
1.1643e-05
2.62256e-05
2.22454e-05
2.02318e-05
2.656e-05
1.73528e-05
1.81319e-05
2.54342e-05
2.23316e-05
1.96895e-05
1.99375e-05
2.47595e-05
2.63841e-05
1.75188e-05
9.6322e-06
1.76559e-05
8.19728e-06
1.25963e-05
8.64218e-06
1.1532e-05
1.31069e-05
1.44874e-05
1.33204e-05
1.27715e-05
9.67058e-06
1.39816e-05
1.35332e-05
1.18456e-05
1.27633e-05
1.2911e-05
1.22241e-05
8.85195e-06
8.67076e-06
1.19993e-05
1.22692e-05
9.14841e-06
8.56723e-06
1.63471e-05
1.41574e-05
2.23283e-05
8.49356e-06
2.55925e-05
1.784e-05
2.3369e-05
1.48836e-05
1.3806e-05
7.08599e-06
1.57029e-05
2.1899e-05
1.95318e-05
1.80159e-05
2.35399e-05
1.57259e-05
1.4599e-05
1.41098e-05
1.36431e-05
1.02359e-05
1.42465e-05
1.42013e-05
1.37348e-05
1.34693e-05
1.43946e-05
1.02946e-05
1.29841e-05
1.44848e-05
1.37405e-05
1.32679e-05
1.37355e-05
1.2615e-05
2.79416e-05
2.07786e-05
2.32021e-05
2.55662e-05
2.43515e-05
2.12612e-05
2.4808e-05
2.36329e-05
1.23927e-05
7.43533e-06
8.15597e-06
9.10697e-06
8.9282e-06
8.07709e-06
8.99816e-06
7.60798e-06
1.42358e-05
9.7543e-06
1.36544e-05
1.2982e-05
1.11979e-05
1.03983e-05
1.30147e-05
1.32301e-05
1.59369e-05
1.08447e-05
1.26801e-05
1.25582e-05
1.36553e-05
1.28644e-05
1.27047e-05
1.26828e-05
1.40372e-05
1.5375e-05
1.84387e-05
1.08337e-05
1.3893e-05
1.65783e-05
1.41443e-05
1.65837e-05
1.26797e-05
1.00098e-05
8.3608e-06
1.38304e-05
1.33805e-05
9.97381e-06
1.33156e-05
9.24548e-06
1.47255e-05
1.57758e-05
1.06245e-05
1.27893e-05
1.48242e-05
1.49636e-05
1.24487e-05
1.28708e-05
1.43291e-05
1.28603e-05
1.02535e-05
8.04753e-06
1.17105e-05
1.17667e-05
1.00746e-05
1.02515e-05
4.09841e-06
2.4667e-06
1.42311e-05
3.04723e-06
1.56771e-06
1.03692e-05
1.09236e-05
9.9389e-06
2.18353e-06
4.08258e-06
1.23443e-05
1.30067e-06
7.75359e-07
7.92484e-06
4.54884e-06
7.9589e-06
2.34638e-05
2.04516e-05
1.66589e-05
2.07793e-05
2.18189e-05
2.11815e-05
2.20715e-05
2.08707e-05
2.5779e-06
1.43403e-06
1.22639e-05
3.32886e-06
1.12299e-06
8.08227e-06
8.34639e-06
8.04051e-06
1.21068e-06
1.39527e-05
1.27343e-06
1.15514e-06
8.51956e-06
8.89877e-06
1.20967e-06
8.87491e-06
8.3364e-06
7.77973e-06
1.26546e-05
1.37106e-05
8.26164e-06
7.91466e-06
1.31642e-05
1.26997e-05
1.39546e-05
9.23754e-06
7.91601e-06
1.29344e-05
1.35625e-05
8.68129e-06
1.29409e-05
8.10534e-06
1.35592e-05
1.24534e-05
7.76132e-06
1.25757e-05
1.30372e-05
1.27444e-05
1.26688e-05
1.23029e-05
8.05688e-06
8.04618e-06
5.63302e-06
6.39585e-06
1.50117e-05
9.31012e-06
8.56084e-06
8.86203e-06
1.94611e-05
3.52631e-05
8.30431e-06
7.46462e-06
1.40317e-05
1.06674e-05
7.17006e-06
1.51754e-05
6.68041e-06
5.27221e-06
3.04886e-06
2.04927e-06
4.55994e-06
5.01433e-06
6.32486e-06
7.85825e-06
7.21395e-06
8.68059e-06
2.95669e-06
8.77411e-06
1.34738e-05
8.65454e-06
7.34285e-06
1.54746e-05
9.49449e-06
7.41401e-06
1.61388e-05
9.75482e-06
7.33552e-06
7.07543e-06
6.76181e-06
1.30896e-05
1.09479e-05
6.12739e-06
5.54167e-06
7.20559e-06
8.43552e-06
6.58308e-06
6.55476e-06
6.8067e-06
4.26154e-06
6.81556e-06
6.69251e-06
3.03787e-06
3.90844e-06
8.38392e-06
6.146e-06
8.39464e-06
3.12681e-06
7.92909e-06
9.69816e-06
6.50059e-06
3.40097e-06
5.30287e-06
5.20707e-06
4.65086e-06
1.90046e-06
5.15999e-06
4.5341e-06
1.6952e-06
2.23351e-06
4.02579e-06
1.72178e-06
2.36711e-06
1.23212e-05
1.87866e-05
1.18077e-05
3.95964e-06
7.05988e-06
1.18736e-05
5.20361e-06
8.14876e-06
4.73303e-06
9.99724e-06
1.26186e-05
9.43571e-06
1.1377e-05
1.05431e-05
1.77217e-05
1.54106e-05
5.56307e-06
1.07801e-05
1.09143e-05
8.1802e-06
9.12901e-06
1.38701e-05
1.6694e-05
1.4035e-05
4.05943e-06
4.04535e-06
2.8964e-06
4.20582e-06
3.644e-06
4.66845e-06
2.99707e-06
3.1266e-06
5.72917e-06
6.96019e-06
1.76495e-05
7.83685e-06
4.68099e-06
3.8272e-06
4.49474e-06
5.37449e-06
1.03909e-05
6.63927e-06
5.83727e-06
2.05078e-05
4.55834e-06
5.90473e-06
5.72917e-06
6.0055e-06
1.00116e-05
1.31472e-05
7.86029e-06
9.36658e-06
8.16543e-06
1.17756e-05
8.27691e-06
8.00053e-06
8.58613e-05
8.1957e-05
3.67896e-05
6.0205e-05
5.27204e-05
5.76269e-05
4.89783e-05
4.53576e-05
4.29364e-05
2.21179e-05
9.94291e-06
2.70204e-05
1.55414e-05
1.14016e-05
1.5286e-05
1.24016e-05
1.7608e-05
1.01557e-05
9.52069e-06
8.52775e-06
1.90616e-05
1.37716e-05
1.68024e-05
1.18538e-05
4.8412e-05
3.21442e-05
1.11458e-05
6.37336e-05
2.59251e-05
1.71238e-05
2.00858e-05
1.3436e-05
3.79429e-05
2.87361e-05
3.34173e-05
2.10544e-05
2.50831e-05
3.77568e-05
5.52615e-05
2.82577e-05
2.63108e-05
1.91546e-05
1.38441e-05
2.88494e-05
2.71079e-05
3.09401e-05
2.88345e-05
1.65553e-05
2.57613e-05
2.80248e-05
1.71662e-05
1.67866e-05
3.33972e-05
2.82095e-05
1.64531e-05
2.94994e-05
2.15804e-05
1.11914e-05
1.49032e-05
1.55711e-05
1.68685e-05
1.90885e-05
1.39317e-05
1.10752e-05
0.000108005
4.48228e-05
8.7985e-05
9.01095e-05
0.00014482
6.441e-05
8.85466e-05
6.74109e-05
2.28746e-05
1.37995e-05
3.5044e-05
2.25748e-05
4.16321e-05
2.47321e-05
2.57486e-05
2.45436e-05
3.32337e-05
1.16343e-05
2.46584e-05
1.94892e-05
1.79761e-05
2.11332e-05
2.21027e-05
3.22603e-05
8.13805e-05
3.67544e-05
3.75227e-05
5.43836e-05
0.000117975
3.50045e-05
7.78081e-05
6.02632e-05
6.58543e-05
3.40978e-05
0.000134259
8.76882e-05
3.62061e-05
3.51104e-05
4.08145e-05
3.83667e-05
3.50674e-05
2.62971e-05
1.47582e-05
3.57405e-05
3.58909e-05
2.46044e-05
4.08284e-05
1.86982e-05
3.60464e-05
0.000112156
3.64926e-05
4.58985e-05
5.81265e-05
6.58745e-05
3.29057e-05
3.07607e-05
2.71256e-05
2.64264e-05
4.54948e-05
1.53201e-05
2.12211e-05
2.48567e-05
3.0323e-05
2.7043e-05
3.49082e-06
2.70811e-06
3.4262e-06
1.81254e-06
2.04227e-06
2.96516e-06
2.60126e-06
2.75249e-06
6.60138e-06
1.69249e-05
1.14177e-05
6.58397e-06
8.49154e-06
1.15949e-05
8.97373e-06
1.17678e-05
5.58363e-06
9.22123e-06
1.07871e-05
9.44425e-06
7.78193e-06
7.21579e-06
1.34564e-05
1.23614e-05
3.3651e-06
8.09713e-06
9.76694e-06
8.32378e-06
7.09856e-06
7.76704e-06
1.23147e-05
1.6642e-05
3.69726e-06
2.89824e-06
5.47811e-06
8.06981e-06
3.64249e-06
3.15593e-06
2.96892e-06
6.65376e-06
4.24445e-06
1.84477e-05
1.41983e-05
7.36317e-06
5.23344e-06
8.51147e-06
4.97507e-06
6.01568e-06
1.13251e-05
5.41217e-06
7.2388e-06
1.02646e-05
5.27746e-06
7.05178e-06
8.40638e-06
8.23666e-06
7.57821e-06
1.91105e-05
1.05803e-05
8.97261e-06
6.74443e-06
1.02131e-05
8.95991e-06
7.54083e-06
1.21815e-06
1.58398e-06
8.5811e-06
1.22711e-06
7.33746e-07
3.05934e-06
5.01635e-06
4.9137e-06
1.85194e-06
2.04146e-06
9.21803e-06
3.71014e-06
1.15237e-06
5.19825e-06
6.16547e-06
6.38944e-06
1.0542e-05
1.27561e-05
1.66571e-05
5.26034e-06
4.24829e-06
1.29682e-05
6.12361e-06
1.45185e-05
1.36472e-06
3.23657e-06
8.50108e-06
2.69207e-06
1.08362e-06
6.65333e-06
6.57889e-06
6.64937e-06
9.17237e-07
5.91941e-06
9.4445e-07
1.19208e-06
6.26658e-06
5.61195e-06
1.50094e-06
5.93676e-06
3.63753e-06
6.80747e-06
4.37957e-06
6.89504e-06
5.70442e-06
6.47747e-06
9.10174e-06
4.9599e-06
9.04038e-06
6.01099e-06
6.98526e-06
9.78543e-06
7.07539e-06
5.93726e-06
9.32859e-06
6.45743e-06
4.92358e-06
1.03174e-05
6.86118e-06
6.81577e-06
1.06944e-05
1.01764e-05
9.3072e-06
9.44795e-06
1.4956e-05
6.11027e-06
7.08006e-06
1.45275e-05
5.42635e-06
6.65665e-06
5.10702e-06
5.93239e-06
6.17323e-06
4.92895e-06
4.15205e-06
4.54855e-06
2.87686e-06
3.24784e-06
1.39908e-06
4.29714e-06
9.58633e-06
3.12005e-06
2.76723e-06
5.57891e-06
2.49708e-06
2.05178e-06
1.21797e-06
3.50614e-06
1.94497e-05
9.94872e-06
5.44971e-06
8.15669e-06
5.58099e-06
6.32675e-06
6.58378e-06
5.85089e-06
3.50347e-06
3.87386e-06
4.516e-06
3.52174e-06
2.96179e-06
1.16203e-05
1.57558e-05
5.05387e-06
3.14092e-06
4.92225e-06
2.80575e-06
4.1635e-06
4.00425e-06
2.25184e-06
1.00105e-05
2.19236e-06
2.28532e-06
4.28031e-06
3.54663e-06
3.10842e-06
7.90348e-06
5.18999e-06
2.85903e-06
7.26118e-06
3.28492e-06
3.37894e-06
4.27596e-06
3.91154e-06
5.89364e-06
3.99943e-06
1.40031e-06
1.25588e-05
1.94924e-05
8.34714e-06
5.72031e-06
9.68325e-06
1.00738e-05
9.37491e-06
1.20722e-05
8.26058e-06
7.91954e-06
4.55374e-06
4.59472e-06
5.51465e-06
9.82473e-06
8.93073e-06
4.96669e-06
6.18867e-06
5.74808e-06
2.9727e-06
2.42285e-06
3.24998e-06
2.82013e-06
2.78265e-06
2.34483e-06
2.37561e-06
8.77637e-06
5.45898e-06
3.91023e-06
7.19858e-06
1.11985e-05
8.91399e-06
9.93133e-06
8.97724e-06
1.04159e-05
4.9482e-06
8.37243e-06
7.46984e-06
6.19682e-06
7.65327e-06
6.95567e-06
7.66943e-06
7.52842e-06
6.95855e-06
5.28158e-06
5.898e-06
6.74929e-06
8.61235e-06
1.14578e-05
5.01222e-06
2.92315e-06
1.09468e-05
7.55276e-06
4.60026e-06
8.84006e-06
9.8643e-06
3.24726e-06
3.9521e-06
3.29711e-06
4.59152e-06
5.63476e-06
3.56229e-06
3.86765e-06
4.0619e-06
3.12299e-06
2.57258e-06
2.53024e-05
1.24311e-05
1.44562e-05
8.1633e-06
1.0646e-05
8.3995e-06
7.58933e-06
8.52918e-06
1.002e-05
9.627e-06
5.15605e-06
8.51376e-06
6.20853e-06
8.75359e-06
5.79393e-06
4.75264e-06
1.21984e-05
6.4953e-06
2.46512e-06
3.90356e-06
4.30946e-06
7.1675e-06
2.95362e-06
6.52852e-06
8.26122e-06
9.4488e-06
7.31618e-06
1.17576e-05
6.816e-06
1.15664e-05
9.07606e-06
7.70002e-06
1.24217e-05
5.74326e-06
8.8889e-06
6.52297e-06
9.75216e-06
1.08989e-05
9.07431e-06
7.69046e-06
1.00262e-05
8.13271e-06
5.94546e-06
4.79378e-06
1.03098e-05
7.80129e-06
8.57506e-06
3.73543e-06
4.32292e-06
6.03772e-06
6.79033e-06
2.98442e-06
5.52871e-06
8.19366e-06
3.48714e-06
9.24506e-06
4.50349e-06
4.37295e-06
5.04985e-06
3.73284e-06
5.63198e-06
3.807e-06
3.95084e-06
5.28141e-06
2.33235e-06
2.60812e-06
9.94764e-06
3.69696e-06
3.14012e-06
5.33525e-06
1.63302e-06
4.45228e-06
2.6795e-06
2.82288e-06
1.03312e-05
5.54509e-06
2.76612e-06
4.79678e-06
2.79069e-06
9.22296e-06
1.20188e-05
2.53508e-05
1.71341e-05
1.33826e-05
5.97333e-06
6.8296e-06
4.81055e-06
6.8598e-06
5.81386e-06
5.42725e-06
8.43589e-06
7.52309e-06
6.84922e-06
4.83312e-06
4.86949e-06
8.29644e-06
2.78862e-06
4.90875e-06
2.38999e-06
2.72464e-06
2.47408e-06
2.26943e-06
5.02219e-06
4.69287e-06
4.76928e-06
6.7387e-06
1.09261e-05
1.0038e-05
3.85704e-06
4.99581e-06
1.00893e-05
5.43169e-06
2.34936e-06
2.66099e-06
2.90154e-06
7.91142e-06
1.04086e-05
3.77168e-06
8.09477e-06
1.43329e-05
4.28744e-06
6.36972e-06
4.81637e-06
4.36961e-06
7.62527e-06
5.97601e-06
3.0123e-06
6.93091e-06
2.41913e-06
9.57887e-06
1.62539e-06
1.90902e-06
3.59293e-06
5.73353e-06
2.18472e-06
3.32891e-06
1.45769e-05
1.11811e-05
9.73312e-06
6.83531e-06
1.17786e-05
8.91817e-06
7.58852e-06
1.0217e-05
1.66369e-06
8.94046e-06
1.11154e-06
1.48664e-06
3.90322e-06
4.82711e-06
2.11448e-06
5.58567e-06
2.27166e-06
9.57239e-06
1.65255e-06
1.86869e-06
6.7151e-06
6.21936e-06
3.23896e-06
6.46327e-06
1.09211e-05
3.47674e-06
6.57655e-06
1.02019e-05
9.80925e-06
5.78754e-06
9.4257e-06
5.837e-06
1.29399e-05
1.08461e-05
1.27323e-05
4.96208e-06
1.05737e-05
1.07322e-05
8.82601e-06
1.06809e-05
2.0593e-06
2.73689e-06
9.7286e-06
2.35258e-06
1.81254e-06
6.2467e-06
6.06825e-06
6.20991e-06
2.57343e-06
6.08632e-06
9.77845e-06
1.01494e-05
5.58709e-06
5.60377e-06
9.41451e-06
9.04675e-06
2.09125e-05
1.94017e-05
2.16701e-05
1.46955e-05
1.3096e-05
2.11166e-05
1.54767e-05
2.13809e-05
1.07734e-05
6.24899e-06
8.07293e-06
8.11226e-06
8.33259e-06
7.76214e-06
8.27797e-06
7.82512e-06
1.36921e-05
8.85674e-06
1.03064e-05
1.06824e-05
1.14615e-05
1.00972e-05
1.11135e-05
1.01153e-05
1.47509e-05
8.85411e-06
1.03698e-05
9.64957e-06
1.0249e-05
9.40845e-06
9.95102e-06
9.40781e-06
1.28123e-05
1.54604e-05
1.58586e-05
9.21983e-06
1.24309e-05
1.40493e-05
1.22593e-05
1.32134e-05
1.12677e-05
8.62167e-06
8.72982e-06
1.30129e-05
1.13523e-05
9.15069e-06
1.16758e-05
9.80036e-06
1.4949e-05
1.52405e-05
9.04813e-06
1.07451e-05
1.4393e-05
1.3398e-05
1.11452e-05
1.00413e-05
1.31162e-05
9.87268e-06
8.63582e-06
8.73443e-06
1.05713e-05
9.8784e-06
9.49932e-06
9.27149e-06
5.62654e-06
4.35181e-06
5.16495e-06
6.73866e-06
8.77998e-06
9.93641e-06
8.78544e-06
5.68541e-06
1.15902e-05
1.41926e-05
2.72616e-05
8.32914e-06
1.34727e-05
8.43046e-06
7.30141e-06
2.78094e-05
1.73066e-06
6.17573e-06
2.29601e-06
1.77624e-06
2.33151e-06
3.05849e-06
2.44436e-06
2.05719e-06
9.23536e-06
9.35666e-06
3.18372e-06
8.75235e-06
1.53286e-05
1.61255e-05
1.47792e-05
7.82092e-06
1.17376e-05
4.42358e-06
1.40019e-05
1.02338e-05
2.51096e-05
6.03234e-06
8.49478e-06
1.45023e-05
5.26754e-06
9.067e-06
1.27834e-05
3.66613e-06
1.0179e-05
6.9074e-06
2.72891e-06
7.67789e-06
6.00962e-06
9.01152e-06
1.18561e-05
5.1706e-06
4.31922e-06
8.1131e-06
6.47658e-06
8.03149e-06
2.05139e-06
3.78811e-06
1.05592e-05
3.20509e-06
2.67287e-06
4.60042e-06
4.68685e-06
4.73772e-06
3.67624e-06
4.31686e-06
1.06529e-05
6.84617e-06
2.89445e-06
4.83054e-06
3.88084e-06
7.36182e-06
4.87432e-06
5.17749e-06
1.29374e-05
4.74875e-06
3.80162e-06
6.30451e-06
2.83044e-06
6.99769e-06
9.31741e-06
1.02473e-05
2.03777e-05
1.4817e-05
8.4512e-06
1.01444e-05
7.07588e-06
7.68026e-06
6.94807e-06
7.91836e-06
1.10842e-05
7.85675e-06
3.7461e-06
4.88064e-06
3.80178e-06
4.52724e-06
3.0764e-06
8.28388e-06
6.85407e-06
6.5215e-06
2.78773e-06
9.6024e-06
6.34128e-06
7.11766e-06
5.88687e-06
7.41968e-06
8.13637e-06
1.08039e-05
6.8383e-06
5.84852e-06
1.11339e-05
7.39399e-06
2.63764e-06
5.28373e-06
6.34432e-06
3.3462e-06
1.04036e-05
4.25188e-06
4.00592e-06
7.71329e-06
4.03393e-06
3.86001e-06
6.67136e-06
4.01697e-06
7.82959e-06
4.10053e-06
2.97324e-06
1.10071e-05
9.77825e-06
6.31052e-06
1.60188e-05
1.46936e-05
1.16169e-05
1.61031e-05
1.75515e-05
9.29815e-06
1.30499e-05
1.9018e-06
1.5969e-06
2.31368e-06
7.39934e-06
5.92076e-06
6.43796e-06
1.34271e-06
1.0158e-05
1.44395e-06
1.02369e-06
1.96896e-06
6.07078e-06
4.9928e-06
6.29863e-06
1.04726e-06
7.89332e-06
2.41473e-06
1.95451e-06
2.30599e-06
8.49655e-06
8.48999e-06
8.57966e-06
1.70992e-06
7.28084e-06
1.22709e-05
1.41483e-05
8.34431e-06
9.83085e-06
1.37786e-05
5.7108e-06
1.34253e-05
5.61337e-06
8.27951e-06
5.17652e-06
1.01259e-05
7.42012e-06
7.68094e-06
1.21014e-05
6.88394e-06
1.17786e-05
1.3424e-05
8.88046e-06
7.81671e-06
1.17937e-05
1.20612e-05
7.46777e-06
8.12518e-06
8.32424e-06
1.54681e-06
1.76287e-06
1.27645e-06
6.86247e-06
7.40712e-06
6.74642e-06
2.29054e-06
2.48016e-06
2.74712e-06
1.06466e-05
7.54877e-06
3.0304e-06
2.60893e-06
2.27002e-06
6.2714e-06
3.13932e-06
4.15446e-06
7.92898e-06
6.34437e-06
4.07818e-06
4.01295e-06
1.60138e-06
4.09051e-06
9.9624e-06
6.26045e-06
2.55766e-05
1.53675e-05
1.15002e-05
9.055e-06
8.43767e-06
1.00247e-05
7.21871e-06
5.65799e-06
9.22782e-06
7.59118e-06
5.10525e-06
4.87658e-06
7.29115e-06
5.39902e-06
3.48057e-06
4.39749e-06
3.90788e-06
4.36631e-06
1.5693e-06
7.70964e-06
5.70778e-06
3.4622e-06
2.47412e-06
4.08054e-06
3.86141e-06
5.16034e-06
3.56864e-06
4.3572e-06
1.12352e-05
4.83887e-06
3.42711e-06
3.71829e-06
3.29264e-06
5.22821e-06
7.29418e-06
3.50699e-06
6.58892e-06
5.78895e-06
5.53837e-06
5.90233e-06
3.91093e-06
3.9722e-06
9.66069e-06
5.94602e-06
3.71381e-06
1.01183e-05
7.02025e-06
5.13915e-06
5.62658e-06
4.29744e-06
4.74145e-06
1.04483e-05
1.15405e-05
5.1739e-06
1.11185e-05
2.65309e-06
2.53001e-06
5.09371e-06
7.58705e-06
5.04531e-06
5.42251e-06
1.15534e-06
1.01243e-05
2.45205e-06
1.07694e-06
2.42907e-06
6.31462e-06
3.37627e-06
6.92543e-06
9.05815e-07
6.20213e-06
4.89434e-06
2.28411e-06
3.0718e-06
8.44785e-06
8.44975e-06
8.52871e-06
1.26624e-06
7.27875e-06
4.56856e-06
1.24955e-05
8.48318e-06
1.1648e-05
1.18997e-05
1.1257e-05
1.23658e-05
5.46533e-06
8.39412e-06
3.49646e-06
7.15491e-06
4.11273e-06
7.82943e-06
1.09829e-05
6.80347e-06
1.04215e-05
1.21396e-05
8.77561e-06
7.93066e-06
5.28695e-06
8.73201e-06
7.58221e-06
8.17161e-06
6.00757e-06
1.14743e-06
1.40163e-06
1.01627e-06
7.07221e-06
7.50417e-06
5.69421e-06
2.6417e-06
9.28749e-07
1.32038e-06
8.50117e-06
1.67628e-06
9.27737e-07
3.84758e-06
5.05836e-06
5.40486e-06
1.62245e-06
2.17227e-06
7.11576e-06
2.39923e-06
1.36644e-06
7.5392e-06
8.98612e-06
7.71009e-06
1.08661e-05
5.12891e-06
8.39288e-06
6.61552e-06
8.19367e-06
9.56539e-06
1.50248e-05
1.46911e-05
1.65398e-06
2.34506e-06
8.71508e-06
2.30798e-06
1.46142e-06
8.27878e-06
8.30092e-06
8.31984e-06
1.19358e-06
5.81119e-06
1.35563e-06
1.60681e-06
6.51988e-06
6.31442e-06
2.0413e-06
6.92626e-06
4.89047e-06
8.28587e-06
7.93652e-06
6.46909e-06
6.52116e-06
7.61279e-06
9.43988e-06
6.12462e-06
1.02014e-05
7.26954e-06
8.83887e-06
1.30678e-05
8.28557e-06
6.97313e-06
1.08002e-05
7.83447e-06
7.74571e-06
1.37506e-05
8.41196e-06
1.34493e-05
1.36041e-05
1.36347e-05
1.33081e-05
1.32018e-05
3.01233e-05
4.76896e-06
6.59388e-06
1.32896e-05
1.1076e-05
5.70866e-06
8.61737e-06
6.01998e-06
7.08601e-06
5.6115e-06
4.72516e-06
4.51722e-06
6.77346e-06
6.47216e-06
2.44772e-06
4.55595e-06
1.0897e-05
3.75533e-06
2.20557e-06
1.0556e-05
4.57533e-06
3.96411e-06
1.52056e-06
2.87174e-06
8.16472e-06
9.97775e-06
4.04004e-06
8.73372e-06
3.53935e-06
4.91693e-06
3.54991e-06
3.9702e-06
4.01155e-06
3.35154e-06
3.52473e-06
3.78897e-06
3.43868e-06
5.1758e-06
4.36816e-06
3.90904e-06
6.26025e-06
6.46504e-06
5.26808e-06
7.42926e-06
5.88396e-06
4.77593e-06
8.73137e-06
5.66892e-06
2.47591e-06
3.39806e-06
3.76527e-06
4.73452e-06
7.17988e-06
3.71878e-06
3.70027e-06
1.0538e-05
5.27992e-06
4.58089e-06
5.88204e-06
3.4978e-06
4.38484e-06
5.25783e-06
1.93131e-06
4.68464e-06
4.03441e-06
3.6761e-06
6.19694e-06
3.29812e-06
2.59755e-06
3.91258e-06
1.70198e-06
2.53193e-06
3.21837e-06
2.94363e-06
4.3477e-06
2.91884e-06
2.5121e-06
2.77113e-06
1.66148e-06
2.7091e-06
8.39764e-06
8.39728e-06
3.06593e-05
8.37843e-06
7.58895e-06
7.19939e-06
5.27793e-06
1.06798e-05
5.92501e-06
4.77279e-06
1.13116e-05
5.48291e-06
3.92434e-06
5.01263e-06
4.47703e-06
5.85517e-06
2.50428e-06
3.48738e-06
3.76633e-06
3.89279e-06
1.76216e-06
2.52056e-06
3.4352e-06
2.74285e-06
3.4668e-06
2.39086e-06
3.70083e-06
4.0151e-06
2.59381e-06
3.73577e-06
7.01966e-06
4.12899e-06
3.0294e-06
2.71449e-06
2.44831e-06
4.71766e-06
9.31214e-06
3.36517e-06
4.98118e-06
7.41076e-06
4.69837e-06
7.11204e-06
2.99204e-06
4.89434e-06
7.46791e-06
5.73944e-06
3.20502e-06
1.44624e-05
2.02751e-06
8.09303e-06
1.83995e-06
1.56061e-06
4.45071e-06
5.23396e-06
2.31382e-06
4.07402e-06
1.02267e-05
1.08013e-05
4.46039e-06
4.94594e-06
1.54473e-05
9.66496e-06
5.98084e-06
1.14682e-05
1.86481e-06
4.97069e-06
2.26524e-06
1.57214e-06
4.60447e-06
5.08604e-06
1.86207e-06
5.45615e-06
1.68219e-06
9.88751e-06
2.01231e-06
1.74609e-06
7.37482e-06
6.93361e-06
3.11927e-06
6.97453e-06
1.08244e-05
3.54969e-06
7.59627e-06
1.03124e-05
9.83577e-06
6.74842e-06
9.53685e-06
6.80145e-06
1.10964e-05
1.05389e-05
1.54191e-05
5.05283e-06
1.16969e-05
9.60051e-06
9.42823e-06
1.10067e-05
2.08962e-06
2.54732e-06
1.01075e-05
2.51112e-06
1.76089e-06
6.86677e-06
6.23865e-06
6.90138e-06
4.9614e-06
6.51e-06
1.08909e-05
1.16557e-05
6.3655e-06
6.4214e-06
9.95448e-06
9.14508e-06
2.16008e-06
2.14576e-06
1.20292e-05
2.09176e-06
1.83604e-06
7.37422e-06
7.36628e-06
7.4587e-06
2.1956e-06
2.16108e-06
1.06317e-05
1.83605e-06
1.60432e-06
7.40057e-06
7.34587e-06
7.49301e-06
8.77575e-06
1.3831e-05
7.54332e-06
1.2694e-05
2.01048e-05
1.96797e-05
1.81454e-05
1.93665e-05
2.03067e-06
2.08415e-06
1.13288e-05
2.35273e-06
1.7355e-06
7.30197e-06
7.36739e-06
7.3126e-06
1.76291e-06
1.17088e-05
1.76103e-06
1.65834e-06
7.32837e-06
7.36144e-06
2.30815e-06
7.32165e-06
7.27585e-06
7.3085e-06
1.10506e-05
1.16735e-05
7.32519e-06
7.3087e-06
1.13951e-05
1.13155e-05
1.17587e-05
7.3263e-06
7.33637e-06
1.14273e-05
1.14122e-05
7.37439e-06
1.13112e-05
7.32271e-06
1.1647e-05
1.14669e-05
7.35847e-06
1.08978e-05
1.14435e-05
1.14165e-05
1.14758e-05
1.14523e-05
7.27168e-06
1.20687e-05
7.21986e-06
8.02261e-06
7.6163e-06
8.1679e-06
7.88536e-06
8.16475e-06
1.1979e-05
1.38426e-05
1.78968e-05
2.16072e-05
2.1103e-05
2.12203e-05
2.02026e-05
2.17031e-05
7.24276e-06
1.06961e-05
7.60919e-06
7.94537e-06
7.4909e-06
7.92396e-06
7.62773e-06
7.88962e-06
9.07811e-06
1.40421e-05
8.72743e-06
1.03746e-05
9.86812e-06
1.19609e-05
1.01712e-05
1.18293e-05
1.2485e-05
7.46951e-06
8.68758e-06
1.36253e-05
1.26018e-05
9.37133e-06
1.26719e-05
1.0189e-05
1.25446e-05
1.51459e-05
1.17002e-05
7.88396e-06
1.26177e-05
1.40095e-05
1.13984e-05
1.15964e-05
7.61746e-06
8.92965e-06
1.39027e-05
8.42414e-06
7.86301e-06
1.01701e-05
8.31324e-06
1.11979e-05
7.86146e-06
9.26914e-06
1.50076e-05
1.16759e-05
8.6583e-06
9.31867e-06
1.15933e-05
1.17254e-05
1.04909e-06
1.68024e-06
7.65399e-06
1.7741e-06
1.10565e-06
3.82653e-06
4.85631e-06
7.03537e-06
1.83585e-06
2.75138e-06
9.72476e-06
4.15892e-06
1.52817e-06
5.98209e-06
8.18184e-06
7.69645e-06
6.06242e-06
1.74492e-05
1.61004e-05
7.43214e-06
9.45126e-06
1.12627e-05
1.11995e-05
1.38869e-05
1.87663e-06
4.02437e-06
1.27301e-05
3.56999e-06
1.77221e-06
9.51966e-06
9.37544e-06
9.58518e-06
1.2702e-06
8.69568e-06
1.52621e-06
1.82341e-06
7.3315e-06
8.25136e-06
2.44994e-06
8.77129e-06
5.92933e-06
9.1593e-06
1.00288e-05
6.02729e-06
8.40782e-06
8.85476e-06
8.81182e-06
1.06315e-05
1.0379e-05
8.63117e-06
9.72295e-06
1.26378e-05
1.05211e-05
8.77603e-06
1.20255e-05
9.33891e-06
9.18769e-06
1.33145e-05
9.38989e-06
1.32926e-05
1.25568e-05
1.30421e-05
1.15258e-05
1.22271e-05
3.05883e-06
7.63405e-06
2.37461e-06
2.54859e-06
3.36242e-06
5.32834e-06
3.88214e-06
3.21571e-06
9.32709e-06
1.37115e-05
1.28225e-05
8.27648e-06
6.13379e-06
1.11863e-05
6.62825e-06
7.4173e-06
2.26762e-06
9.69859e-06
2.49046e-06
2.12811e-06
6.04879e-06
7.57587e-06
2.52165e-06
5.5094e-06
4.23244e-06
3.2432e-06
3.64739e-06
6.8914e-06
5.6077e-06
1.22126e-05
3.88609e-06
5.7577e-06
8.81481e-06
5.02362e-06
2.32651e-06
3.7524e-06
6.66766e-06
2.08367e-06
3.72063e-06
4.45441e-06
1.57684e-05
5.00547e-06
1.52604e-05
7.10141e-06
9.11649e-06
5.35656e-06
8.64987e-06
8.3707e-06
2.53457e-06
2.89502e-06
3.17172e-06
2.1919e-06
2.11147e-06
2.16602e-06
2.44606e-06
2.30008e-06
5.05521e-06
2.38657e-06
4.48113e-06
6.73694e-06
2.56233e-06
2.48298e-06
5.83542e-06
2.90416e-06
)
;

boundaryField
{
    walls
    {
        type            nutkWallFunction;
        blending        stepwise;
        value           nonuniform List<scalar> 
3584
(
0
0
0
0
0
0
0
0
0
0
0
0
0
0
0
0
0
0
0
0
0
0
0
0
0
0
0
0
0
0
0
0
0
0
0
0
0
0
0
0
0
0
0
0
0
0
0
0
0
0
0
0
0
0
0
0
0
0
0
0
0
0
0
0
0
0
0
0
0
0
0
0
0
0
0
0
0
0
0
0
0
0
0
0
0
0
0
0
0
0
0
0
0
0
0
0
0
0
0
0
0
0
0
0
0
0
0
0
0
0
0
0
0
0
0
0
0
0
0
0
0
0
0
0
0
0
0
0
0
0
0
0
0
0
0
0
0
0
0
0
0
0
0
0
0
0
0
0
0
0
0
0
0
0
0
0
0
0
0
0
0
0
0
0
0
0
0
0
0
0
0
0
0
0
0
0
0
0
0
0
0
0
0
0
0
0
0
0
0
0
0
0
0
0
0
0
0
0
0
0
0
0
0
0
0
0
0
0
0
0
0
0
0
0
0
0
0
0
0
0
0
0
0
0
0
0
0
0
0
0
0
0
0
0
0
0
0
0
0
0
0
0
0
0
0
0
0
0
0
0
0
0
0
0
0
0
0
0
0
0
0
0
0
0
0
0
0
0
0
0
0
0
0
0
0
0
0
0
0
0
0
0
0
0
0
0
0
0
0
0
0
0
0
0
0
0
0
0
0
0
0
0
0
0
0
0
0
0
0
0
0
0
0
0
0
0
0
0
0
0
0
0
0
0
0
0
0
0
0
0
0
0
0
0
0
0
0
0
0
0
0
0
0
0
0
0
0
0
0
0
0
0
0
0
0
0
0
0
0
0
0
0
0
0
0
0
0
0
0
0
0
0
0
0
0
0
0
0
0
0
0
0
0
0
0
0
0
0
0
0
0
0
0
0
0
0
0
0
0
0
0
0
0
0
0
0
0
0
0
0
0
0
0
0
0
0
0
0
0
0
0
0
0
0
0
0
0
0
0
0
0
0
0
0
0
0
0
0
0
0
0
0
0
0
0
0
0
0
0
0
0
0
0
0
0
0
0
0
0
0
0
0
0
0
0
0
0
0
0
0
0
0
0
0
0
0
0
0
0
0
0
0
0
0
0
0
0
0
0
0
0
0
0
0
0
0
0
0
0
0
0
0
0
0
0
0
0
0
0
0
0
0
0
0
0
0
0
0
0
0
0
0
0
0
0
0
0
0
0
0
0
0
0
0
0
0
0
0
0
0
0
0
0
0
0
0
0
0
0
0
0
0
0
0
0
0
0
0
0
0
0
0
0
0
0
0
0
0
0
0
0
0
0
0
0
0
0
0
0
0
0
0
0
0
0
0
0
0
0
0
0
0
0
0
0
0
0
0
0
0
0
0
0
0
0
0
0
0
0
0
0
0
0
0
0
0
0
0
0
0
0
0
0
0
0
0
0
0
0
0
0
0
0
0
0
0
0
0
0
0
0
0
0
0
0
0
0
0
0
0
0
0
0
0
0
0
0
0
0
0
0
0
0
0
0
0
0
0
0
0
0
0
0
0
0
0
0
0
0
0
0
0
0
0
0
0
0
0
0
0
0
0
0
0
0
0
0
0
0
0
0
0
0
0
0
0
0
0
0
0
0
0
0
0
0
0
0
0
0
0
0
0
0
0
0
0
0
0
0
0
0
0
0
0
0
0
0
0
0
0
0
0
0
0
0
0
0
0
0
0
0
0
0
0
0
0
0
0
0
0
0
0
0
0
0
0
0
0
0
0
0
0
0
0
0
0
0
0
0
0
0
0
0
0
0
0
0
0
0
0
0
0
0
0
0
0
0
0
0
0
0
0
0
0
0
0
0
0
0
0
0
0
0
0
0
0
0
0
0
0
0
0
0
0
0
0
0
0
0
0
0
0
0
0
0
0
0
0
0
0
0
0
0
0
0
0
0
0
0
0
0
0
0
0
0
0
0
0
0
0
0
0
0
0
0
0
0
0
0
0
0
0
0
0
0
0
0
0
0
0
0
0
0
0
0
0
0
0
0
0
0
0
0
0
0
0
0
0
0
0
0
0
0
0
0
0
0
0
0
0
0
0
0
0
0
0
0
0
0
0
0
0
0
0
0
0
0
0
0
0
0
0
0
0
0
0
0
0
0
0
0
0
0
0
0
0
0
0
0
0
0
0
0
0
0
0
0
0
0
0
0
0
0
0
0
0
0
0
0
0
0
0
0
0
0
0
0
0
0
0
0
0
0
0
0
0
0
0
0
0
0
0
0
0
0
0
0
0
0
0
0
0
0
0
0
0
0
0
0
0
0
0
0
0
0
0
0
0
0
0
0
0
0
0
0
0
0
0
0
0
0
0
0
0
0
0
0
0
0
0
0
0
0
0
0
0
0
0
0
0
0
0
0
0
0
0
0
0
0
0
0
0
0
0
0
0
0
0
0
0
0
0
0
0
0
0
0
0
0
0
0
0
0
0
0
0
0
0
0
0
0
0
0
0
0
0
0
0
0
0
0
0
0
0
0
0
0
0
0
0
0
0
0
0
0
0
0
0
0
0
0
0
0
0
0
0
0
0
0
0
0
0
0
0
0
0
0
0
0
0
0
0
0
0
0
0
0
0
0
0
0
0
0
0
0
0
0
0
0
0
0
0
0
0
0
0
0
0
0
0
0
0
0
0
0
0
0
0
0
0
0
0
0
0
0
0
0
0
0
0
0
0
0
0
0
0
0
0
0
0
0
0
0
0
0
0
0
0
0
0
0
0
0
0
0
0
0
0
0
0
0
0
0
0
0
0
0
0
0
0
0
0
0
0
0
0
0
0
0
0
0
0
0
0
0
0
0
0
0
0
0
0
0
0
0
0
0
0
0
0
0
0
0
0
0
0
0
0
0
0
0
0
0
0
0
0
0
0
0
0
0
0
0
0
0
0
0
0
0
0
0
0
0
0
0
0
0
0
0
0
0
0
0
0
0
0
0
0
0
0
0
0
0
0
0
0
0
0
0
0
0
0
0
0
0
0
0
0
0
0
0
0
0
0
0
0
0
0
0
0
0
0
0
0
0
0
0
0
0
0
0
0
0
0
0
0
0
0
0
0
0
0
0
0
0
0
0
0
0
0
0
0
0
0
0
0
0
0
0
0
0
0
0
0
0
0
0
0
0
0
0
0
0
0
0
0
0
0
0
0
0
0
0
0
0
0
0
0
0
0
0
0
0
0
0
0
0
0
0
0
0
0
0
0
0
0
0
0
0
0
0
0
0
0
0
0
0
0
0
0
0
0
0
0
0
0
0
0
0
0
0
0
0
0
0
0
0
0
0
0
0
0
0
0
0
0
0
0
0
0
0
0
0
0
0
0
0
0
0
0
0
0
0
0
0
0
0
0
0
0
0
0
0
0
0
0
0
0
0
0
0
0
0
0
0
0
0
0
0
0
0
0
0
0
0
0
0
0
0
0
0
0
0
0
0
0
0
0
0
0
0
0
0
0
0
0
0
0
0
0
0
0
0
0
0
0
0
0
0
0
0
0
0
0
0
0
0
0
0
0
0
0
0
0
0
0
0
0
0
0
0
0
0
0
0
0
0
0
0
0
0
0
0
0
0
0
0
0
0
0
0
0
0
0
0
0
0
0
0
0
0
0
0
0
0
0
0
0
0
0
0
0
0
0
0
0
0
0
0
0
0
0
0
0
0
0
0
0
0
0
0
0
0
0
0
0
0
0
0
0
0
0
0
0
0
0
0
0
0
0
0
0
0
0
0
0
0
0
0
0
0
0
0
0
0
0
0
0
0
0
0
0
0
0
0
0
0
0
0
0
0
0
0
0
0
0
0
0
0
0
0
0
0
0
0
0
0
0
0
0
0
0
0
0
0
0
0
0
0
0
0
0
0
0
0
0
0
0
0
0
0
0
0
0
0
0
0
0
0
0
0
0
0
0
0
0
0
0
0
0
0
0
0
0
0
0
0
0
0
0
0
0
0
0
0
0
0
0
0
0
0
0
0
0
0
0
0
0
0
0
0
0
0
0
0
0
0
0
0
0
0
0
0
0
0
0
0
0
0
0
0
0
0
0
0
0
0
0
0
0
0
0
0
0
0
0
0
0
0
0
0
0
0
0
0
0
0
0
0
0
0
0
0
0
0
0
0
0
0
0
0
0
0
0
0
0
0
0
0
0
0
0
0
0
0
0
0
0
0
0
0
0
0
0
0
0
0
0
0
0
0
0
0
0
0
0
0
0
0
0
0
0
0
0
0
0
0
0
0
0
0
0
0
0
0
0
0
0
0
0
0
0
0
0
0
0
0
0
0
0
0
0
0
0
0
0
0
0
0
0
0
0
0
0
0
0
0
0
0
0
0
0
0
0
0
0
0
0
0
0
0
0
0
0
0
0
0
0
0
0
0
0
0
0
0
0
0
0
0
0
0
0
0
0
0
0
0
0
0
0
0
0
0
0
0
0
0
0
0
0
0
0
0
0
0
0
0
0
0
0
0
0
0
0
0
0
0
0
0
0
0
0
0
0
0
0
0
0
0
0
0
0
0
0
0
0
0
0
0
0
0
0
0
0
0
0
0
0
0
0
0
0
0
0
0
0
0
0
0
0
0
0
0
0
0
0
0
0
0
0
0
0
0
0
0
0
0
0
0
0
0
0
0
0
0
0
0
0
0
0
0
0
0
0
0
0
0
0
0
0
0
0
0
0
0
0
0
0
0
0
0
0
0
0
0
0
0
0
0
0
0
0
0
0
0
0
0
0
0
0
0
0
0
0
0
0
0
0
0
0
0
0
0
0
0
0
0
0
0
0
0
0
0
0
0
0
0
0
0
0
0
0
0
0
0
0
0
0
0
0
0
0
0
0
0
0
0
0
0
0
0
0
0
0
0
0
0
0
0
0
0
0
0
0
0
0
0
0
0
0
0
0
0
0
0
0
0
0
0
0
0
0
0
0
0
0
0
0
0
0
0
0
0
0
0
0
0
0
0
0
0
0
0
0
0
0
0
0
0
0
0
0
0
0
0
0
0
0
0
0
0
0
0
0
0
0
0
0
0
0
0
0
0
0
0
0
0
0
0
0
0
0
0
0
0
0
0
0
0
0
0
0
0
0
0
0
0
0
0
0
0
0
0
0
0
0
0
0
0
0
0
0
0
0
0
0
0
0
0
0
0
0
0
0
0
0
0
0
0
0
0
0
0
0
0
0
0
0
0
0
0
0
0
0
0
0
0
0
0
0
0
0
0
0
0
0
0
0
0
0
0
0
0
0
0
0
0
0
0
0
0
0
0
0
0
0
0
0
0
0
0
0
0
0
0
0
0
0
0
0
0
0
0
0
0
0
0
0
0
0
0
0
0
0
0
0
0
0
0
0
0
0
0
0
0
0
0
0
0
0
0
0
0
0
0
0
0
0
0
0
0
0
0
0
0
0
0
0
0
0
0
0
0
0
0
0
0
0
0
0
0
0
0
0
0
0
0
0
0
0
0
0
0
0
0
0
0
0
0
0
0
0
0
0
0
0
0
0
0
0
0
0
0
0
0
0
0
0
0
0
0
0
0
0
0
0
0
0
0
0
0
0
0
0
0
0
0
0
0
0
0
0
0
0
0
0
0
0
0
0
0
0
0
0
0
0
0
0
0
0
0
0
0
0
0
0
0
0
0
0
0
0
0
0
0
0
0
0
0
0
0
0
0
0
0
0
0
0
0
0
0
0
0
0
0
0
0
0
0
0
0
0
0
0
0
0
0
0
0
0
0
0
0
0
0
0
0
0
0
0
0
0
0
0
0
0
0
0
0
0
0
0
0
0
0
0
0
0
0
0
0
0
0
0
0
0
0
0
0
0
0
0
0
0
0
0
0
0
0
0
0
0
0
0
0
0
0
0
0
0
0
0
0
0
0
0
0
0
0
0
0
0
0
0
0
0
0
0
0
0
0
0
0
0
0
0
0
0
0
0
0
0
0
0
0
0
0
0
0
0
0
0
0
0
0
0
0
0
0
0
0
0
0
0
0
0
0
0
0
0
0
0
0
0
0
0
0
0
0
0
0
0
0
0
0
0
0
0
0
0
0
0
0
0
0
0
0
0
0
0
0
0
0
0
0
0
0
0
0
0
0
0
0
0
0
0
0
0
0
0
0
0
0
0
0
0
0
0
0
0
0
0
0
0
0
0
0
0
0
0
0
0
0
0
0
0
0
0
0
0
0
0
0
0
0
0
0
0
0
0
0
0
0
0
0
0
0
0
0
0
0
0
0
0
0
0
0
0
0
0
0
0
0
0
0
0
0
0
0
0
0
0
0
0
0
0
0
0
0
0
0
0
0
0
0
0
0
0
0
0
0
0
0
0
0
0
0
0
0
0
0
0
0
0
0
0
0
0
0
0
0
0
0
0
0
0
0
0
0
0
0
0
0
0
0
0
0
0
0
0
0
0
0
0
0
0
0
0
0
0
0
0
0
0
0
0
0
0
0
0
0
0
0
0
0
0
0
0
0
0
0
0
0
0
0
0
0
0
0
0
0
0
0
0
0
0
0
0
0
0
0
0
0
0
0
0
0
0
0
0
0
0
0
0
0
0
0
0
0
0
0
0
0
0
0
0
0
0
0
0
0
0
0
0
0
0
0
0
0
0
0
0
0
0
0
0
0
0
0
0
0
0
0
0
0
0
0
0
0
0
0
0
0
0
0
0
0
0
0
0
0
0
0
0
0
0
0
0
0
0
0
0
0
0
0
0
0
0
0
0
0
0
0
0
0
0
0
0
0
0
0
0
0
0
0
0
0
0
0
0
0
0
0
0
0
0
0
0
0
0
0
0
0
0
0
0
0
0
0
0
0
0
0
0
0
0
0
0
0
0
0
0
0
0
0
0
0
0
0
0
0
0
0
0
0
0
0
0
0
0
0
0
0
0
0
0
0
0
0
0
0
0
0
0
0
0
0
0
0
0
0
0
0
0
0
0
0
0
0
0
0
0
0
0
0
0
0
0
0
0
0
0
0
0
0
0
0
0
0
0
0
0
0
0
0
0
0
0
0
0
0
0
0
0
0
0
0
0
0
0
0
0
0
0
0
0
0
0
0
0
0
0
0
0
0
0
0
0
0
0
0
0
0
0
0
0
0
0
0
0
0
0
0
0
0
0
0
0
0
0
0
0
0
0
0
0
0
0
0
0
0
0
0
0
0
0
0
0
0
0
0
0
0
0
0
0
0
0
0
0
0
0
0
0
0
0
0
0
0
0
0
0
0
0
0
0
0
0
0
0
0
0
0
0
0
0
5.05439e-07
0
0
2.2794e-07
0
0
0
0
0
0
0
0
0
0
0
0
0
0
0
0
0
0
0
0
0
0
0
0
0
0
0
0
0
0
0
0
0
0
0
0
0
0
0
0
0
0
0
0
0
0
0
0
0
0
0
0
0
0
0
0
0
0
0
0
0
0
0
0
0
0
0
0
0
0
0
0
0
0
0
0
0
0
0
0
0
0
0
0
0
0
0
0
0
0
0
0
0
0
0
0
0
0
0
0
0
0
0
0
0
0
0
0
0
0
0
0
0
0
0
0
0
0
0
0
0
0
0
0
0
0
0
0
0
0
0
0
0
0
0
0
0
0
0
0
0
0
0
0
0
0
0
0
0
0
0
0
0
0
0
0
0
0
0
0
0
0
0
0
0
0
0
0
0
0
0
0
0
0
0
0
0
0
0
0
0
0
0
0
0
0
0
0
0
0
0
0
0
6.22829e-07
1.14922e-06
2.80121e-07
0
5.33616e-07
0
0
0
0
0
0
0
0
0
0
0
0
0
0
0
0
0
0
0
0
0
0
0
0
0
0
0
0
0
0
0
0
0
0
0
0
0
0
0
0
0
0
0
0
0
0
0
0
0
0
0
0
0
0
0
0
0
0
0
0
0
0
0
0
0
0
0
0
0
0
0
0
0
0
0
0
0
0
0
0
0
0
0
0
0
0
0
0
0
0
0
0
0
0
0
0
0
0
0
0
0
0
0
0
0
0
0
0
0
0
0
0
0
0
0
0
0
0
0
0
0
0
0
0
0
0
0
0
0
0
0
0
0
0
0
0
0
0
0
0
0
0
0
0
0
0
0
0
0
0
0
0
0
0
0
0
0
0
0
0
0
0
0
0
0
0
)
;
    }
    pressure_outlet
    {
        type            calculated;
        value           nonuniform List<scalar> 
1888
(
0.000167041
0.000145758
0.000127204
0.000141372
0.00015191
0.000131278
0.00011558
0.000132655
0.000141074
6.58327e-05
0.000123155
5.57075e-05
0.000155266
0.000125953
9.28894e-05
9.31701e-05
8.87165e-06
1.23926e-05
1.36663e-05
1.21517e-05
2.43276e-05
3.4983e-05
4.21672e-05
1.73849e-05
2.86613e-05
4.39892e-05
7.19315e-05
2.1897e-05
2.39903e-05
1.95139e-05
2.24862e-05
2.25747e-05
0.000104331
0.000116531
8.90106e-05
9.02689e-05
7.03559e-05
5.1217e-05
5.07226e-05
7.1884e-05
7.2603e-05
6.42589e-05
9.03254e-05
7.88222e-05
6.91448e-05
8.24087e-05
6.37555e-05
6.48566e-05
2.30696e-05
5.05144e-05
2.57831e-05
4.64463e-05
4.06717e-05
0.000157087
6.12447e-05
0.000130652
4.49421e-05
4.42229e-05
6.84345e-05
4.06066e-05
3.7026e-05
3.86237e-05
5.44332e-05
3.39476e-05
7.4591e-05
9.32781e-05
8.90885e-05
0.000146144
0.000100627
0.000123009
0.000118427
0.000166272
5.97239e-05
9.32192e-05
5.44977e-05
8.55686e-05
0.000163577
0.000156672
0.000153466
8.28771e-05
5.88591e-05
0.000124145
4.60459e-05
6.721e-05
0.000161318
0.00016751
0.000128175
0.000166612
6.89231e-05
8.29415e-05
5.72629e-05
0.000114916
0.000153989
0.000164072
8.64701e-05
0.000154335
3.14111e-05
6.4677e-05
9.92577e-05
4.5546e-05
7.74313e-05
7.72192e-05
6.10016e-05
0.000107968
8.9818e-05
5.20464e-05
8.89485e-05
7.76323e-05
0.000119182
9.6678e-05
0.000118839
6.37369e-05
0.00016849
0.000168582
0.000168478
0.000145067
0.00016858
0.00011675
0.000168622
0.000130789
0.000168571
0.000168726
0.000168652
0.000148507
0.000143807
0.000137369
0.000133894
0.000168637
0.000167714
0.000164928
0.000168427
0.000146455
0.000165681
0.000161435
0.000166014
0.000164633
0.000168334
0.000168129
0.000168453
0.000168324
0.000167185
0.000167387
0.000168302
0.000168016
4.06072e-05
2.52825e-05
2.0095e-05
2.48005e-05
1.59846e-05
1.17245e-05
9.37909e-06
1.23141e-05
1.18594e-05
9.18743e-06
8.49922e-06
9.77448e-06
1.6614e-05
1.03413e-05
1.38379e-05
1.34574e-05
0.000167407
0.000167443
0.000164583
0.000167031
0.000167685
0.000168009
0.000167182
0.000167906
0.000156125
0.000161685
0.000139412
0.000157374
0.000167355
0.000166358
0.000163685
0.00016541
0.000168598
0.000168518
0.00016851
0.000168525
0.000168351
0.000168185
0.00016824
0.000168217
0.000168428
0.000168301
0.00015799
0.000168343
0.000168358
0.000168267
0.000168426
0.000168385
4.28163e-05
5.60826e-05
7.59927e-05
4.82963e-05
0.000116784
5.84469e-05
9.59902e-05
6.84464e-05
8.89075e-05
0.000152768
0.000115928
0.000111627
0.000129418
0.000127534
8.42535e-05
0.0001058
0.000104389
0.00010923
7.0986e-05
0.000113315
7.48774e-05
4.29605e-05
4.59263e-05
4.38026e-05
7.71358e-05
7.6489e-05
7.34495e-05
5.63917e-05
9.90754e-05
4.46812e-05
8.85856e-05
6.95811e-05
6.05314e-05
3.81696e-05
5.17219e-05
7.06871e-05
3.06842e-05
3.93119e-05
0.000106055
5.68732e-05
5.20536e-05
0.000145221
6.9301e-05
0.000149881
9.10395e-05
5.90717e-05
0.000133584
0.000128625
0.000168115
0.000166916
0.000167699
0.000167776
0.000145133
6.78064e-05
7.06953e-05
9.87498e-05
0.00016373
5.43237e-05
2.17594e-05
9.70082e-05
0.000123439
0.000135511
0.000165524
0.000161296
9.61395e-05
0.000133524
0.000130057
0.000124834
0.000158145
0.000161281
0.000113509
0.000103195
0.000108473
0.000110497
0.000105465
0.000147401
0.000134278
0.000161393
0.000145967
0.00015261
0.000167078
0.000156614
0.000120291
0.000165339
4.47043e-05
2.74638e-05
2.84926e-05
1.58715e-05
0.00015902
5.51234e-05
0.000106373
5.545e-05
7.95972e-05
3.70816e-05
8.66571e-05
3.88789e-05
0.000124459
0.000109396
0.000142407
9.86071e-05
9.92621e-05
8.47476e-05
0.00016742
6.86544e-05
0.000168285
0.00016837
0.000168492
0.000111049
7.60863e-05
0.000111297
0.000159444
0.000167464
1.00874e-05
1.14562e-05
1.08627e-05
1.11802e-05
1.54171e-05
2.64017e-05
1.99776e-05
2.29852e-05
1.18556e-05
1.62894e-05
1.23802e-05
1.40842e-05
1.4398e-05
1.7953e-05
1.25844e-05
1.32009e-05
8.28293e-05
0.000130011
0.000128303
0.000136424
0.000123772
0.000113213
0.000106442
0.000168389
8.13466e-05
9.25113e-05
0.000101899
0.000135289
0.00016788
0.000167633
0.000166382
0.000119582
9.40996e-06
1.22253e-05
1.07946e-05
1.15602e-05
2.1473e-05
2.86678e-05
2.53098e-05
2.80375e-05
1.13956e-05
1.5953e-05
1.11906e-05
1.38556e-05
1.87889e-05
2.13768e-05
1.33278e-05
1.50073e-05
5.46147e-05
5.70629e-05
4.41563e-05
3.57471e-05
7.71419e-05
9.26349e-05
0.000162336
0.00014917
0.000129376
0.0001572
0.000140898
0.000146871
0.000108848
0.000156686
0.000131897
0.000150584
0.00016852
0.000168129
0.000168527
0.000168426
0.000165392
0.000100482
0.000153969
0.000122053
0.000167818
0.00016368
8.52376e-05
0.000151499
0.000167033
0.000129147
0.000167924
0.000167063
1.15616e-05
1.5117e-05
1.14273e-05
1.35594e-05
2.72163e-05
3.7937e-05
3.22213e-05
3.70111e-05
1.35368e-05
1.90029e-05
1.01065e-05
1.48703e-05
2.63512e-05
2.73432e-05
1.82318e-05
2.19454e-05
1.07349e-05
1.08692e-05
8.61966e-06
1.0073e-05
1.39582e-05
2.38661e-05
1.77461e-05
2.04988e-05
1.0332e-05
1.41435e-05
1.1723e-05
1.30376e-05
1.2701e-05
1.62462e-05
1.12092e-05
1.16248e-05
0.000167274
0.000158044
0.000109978
0.000128243
0.000142302
8.09291e-05
5.09033e-05
7.96047e-05
5.59689e-05
5.56332e-05
4.50941e-05
5.47115e-05
8.69743e-05
6.77257e-05
0.000100895
7.62714e-05
1.63346e-05
2.75667e-05
3.51699e-05
2.95597e-05
1.53552e-05
9.66425e-06
1.47061e-05
1.43859e-05
2.08686e-05
1.42367e-05
1.59173e-05
1.6337e-05
1.90608e-05
1.61532e-05
2.17887e-05
2.03285e-05
3.18547e-05
3.15982e-05
1.80306e-05
2.63907e-05
4.12105e-05
6.64521e-05
2.70532e-05
5.20743e-05
1.28266e-05
1.68162e-05
1.39658e-05
1.53364e-05
3.36233e-05
2.25903e-05
1.65383e-05
1.89838e-05
1.90315e-05
2.27715e-05
2.61476e-05
2.24483e-05
1.73128e-05
1.44099e-05
1.58563e-05
1.43675e-05
1.83233e-05
1.35875e-05
1.22079e-05
1.35239e-05
1.73441e-05
1.58233e-05
2.28627e-05
2.29033e-05
2.75755e-05
8.83594e-05
1.06048e-05
7.34609e-05
5.45581e-05
2.6366e-05
2.36377e-05
5.85865e-05
2.37024e-05
2.18635e-05
1.73644e-05
2.03806e-05
4.14306e-05
3.43135e-05
3.54159e-05
2.53204e-05
1.2725e-05
1.35879e-05
1.47804e-05
1.33825e-05
1.40513e-05
1.28258e-05
1.30266e-05
1.33273e-05
2.36634e-05
2.44238e-05
4.787e-05
3.73225e-05
1.49667e-05
1.82828e-05
1.86099e-05
1.69727e-05
1.28222e-05
1.69941e-05
1.25016e-05
1.50715e-05
2.96432e-05
5.91383e-05
3.2818e-05
3.75372e-05
1.8291e-05
2.73151e-05
2.87912e-05
3.0709e-05
2.46612e-05
3.74971e-05
1.75809e-05
2.05636e-05
9.42508e-06
1.08599e-05
7.89052e-06
9.02149e-06
1.79938e-05
2.75851e-05
2.08151e-05
2.15812e-05
9.25552e-06
1.2569e-05
1.14275e-05
1.04588e-05
1.33496e-05
1.59486e-05
9.64974e-06
1.23757e-05
1.15457e-05
9.77795e-06
1.2644e-05
9.78157e-06
8.29038e-06
8.66518e-06
1.23666e-05
8.49687e-06
1.69309e-05
1.75208e-05
2.58724e-05
1.72595e-05
8.25952e-06
1.23087e-05
1.15961e-05
1.15819e-05
1.50048e-05
2.18574e-05
1.77077e-05
1.92432e-05
2.6813e-05
2.52741e-05
3.83066e-05
4.2457e-05
2.21082e-05
3.53075e-05
3.06122e-05
3.03467e-05
3.10562e-05
4.36325e-05
2.26561e-05
2.60053e-05
0.000168592
0.000165721
0.000168515
9.36618e-05
0.000143724
8.28923e-05
9.79914e-05
6.84692e-05
0.00016838
0.000167559
0.000167969
0.00014423
8.39993e-05
9.4421e-05
0.000151184
0.000168387
1.36012e-05
1.4041e-05
1.4639e-05
1.34385e-05
2.04831e-05
3.19353e-05
2.34974e-05
2.12168e-05
1.48331e-05
1.86409e-05
1.62485e-05
1.53418e-05
1.48294e-05
1.8692e-05
1.56424e-05
1.695e-05
7.75429e-05
4.97867e-05
3.80838e-05
5.528e-05
2.05978e-05
1.49334e-05
1.37056e-05
1.47545e-05
1.0528e-05
1.1241e-05
9.37974e-06
1.11845e-05
1.3792e-05
1.99254e-05
2.16795e-05
1.88803e-05
1.13402e-05
1.01707e-05
1.03626e-05
1.09352e-05
9.00126e-06
8.28231e-06
7.64701e-06
8.81012e-06
1.40451e-05
1.31378e-05
5.88937e-05
1.45935e-05
9.95429e-06
1.01782e-05
8.50332e-06
8.76608e-06
3.4987e-05
5.10517e-05
2.91539e-05
4.22414e-05
3.93468e-05
3.28844e-05
1.77065e-05
2.84026e-05
1.75602e-05
1.37993e-05
1.23029e-05
1.55938e-05
3.9222e-05
1.73765e-05
2.52175e-05
2.3769e-05
1.18223e-05
1.2073e-05
1.04452e-05
1.10303e-05
1.58455e-05
1.72875e-05
1.45614e-05
1.61189e-05
1.31038e-05
1.32862e-05
1.28172e-05
1.31347e-05
1.41039e-05
1.40086e-05
1.2358e-05
1.2929e-05
1.37585e-05
1.31355e-05
1.6098e-05
1.31577e-05
1.21059e-05
1.13486e-05
1.49801e-05
1.13222e-05
2.01387e-05
1.96314e-05
2.7411e-05
1.96773e-05
1.50007e-05
1.58867e-05
1.21191e-05
1.58098e-05
2.03297e-05
3.49192e-05
3.06586e-05
2.51706e-05
5.40528e-05
4.14613e-05
2.67933e-05
3.61133e-05
1.9469e-05
1.76028e-05
1.35043e-05
1.7443e-05
5.17578e-05
2.14287e-05
2.81401e-05
2.90227e-05
1.01047e-05
1.48981e-05
1.28331e-05
1.20576e-05
2.65432e-05
3.85378e-05
3.31162e-05
3.70565e-05
1.94919e-05
3.18041e-05
4.01091e-05
2.86911e-05
2.14078e-05
2.95339e-05
1.76842e-05
2.04238e-05
1.26859e-05
2.49982e-05
1.87197e-05
2.53293e-05
1.69269e-05
1.40148e-05
1.39183e-05
1.39975e-05
1.83252e-05
1.30866e-05
1.32229e-05
1.30496e-05
1.38827e-05
1.84095e-05
1.70586e-05
1.85629e-05
2.54724e-05
1.78767e-05
1.50511e-05
1.85055e-05
1.0843e-05
8.54578e-06
7.49293e-06
8.53511e-06
1.08429e-05
8.04866e-06
1.14056e-05
9.29883e-06
1.19799e-05
1.15248e-05
8.46922e-06
1.04651e-05
0.000156061
0.000168666
0.000109623
0.000161054
0.000153199
0.000144766
0.000102218
0.00014322
9.0305e-05
8.8272e-05
7.87186e-05
0.000158952
0.000123199
0.000153448
0.000127193
9.34316e-05
2.91632e-05
3.41497e-05
1.99021e-05
3.25957e-05
3.69951e-05
4.06629e-05
3.05211e-05
4.81342e-05
1.4652e-05
1.98194e-05
1.29574e-05
1.69794e-05
4.90696e-05
2.80988e-05
2.28697e-05
2.71548e-05
3.7327e-05
3.70272e-05
2.36506e-05
3.32261e-05
4.30313e-05
4.33832e-05
2.56217e-05
3.18138e-05
1.67632e-05
1.83372e-05
1.33645e-05
1.48574e-05
3.36821e-05
2.14586e-05
2.08214e-05
2.40982e-05
2.70722e-05
3.34837e-05
3.1377e-05
3.00785e-05
2.05308e-05
1.50648e-05
1.33017e-05
1.54571e-05
1.4095e-05
1.15258e-05
1.06411e-05
1.16845e-05
2.30068e-05
1.32283e-05
2.02102e-05
1.74047e-05
1.48729e-05
1.40073e-05
1.83243e-05
1.51684e-05
1.38011e-05
1.33839e-05
1.87091e-05
1.42504e-05
2.41436e-05
2.87763e-05
2.70697e-05
2.7617e-05
1.46302e-05
2.23033e-05
2.14127e-05
1.83237e-05
0.000167825
0.000168384
0.000167939
0.000168252
0.000168384
0.000168421
0.000168308
0.000125643
0.00016799
0.000168233
0.000168132
0.000146099
0.000165364
0.000133457
0.000168139
0.000168248
0.00016855
0.000168626
0.000168652
0.000151201
0.000167877
0.000161347
0.000163237
9.00154e-05
0.000168473
0.000165836
0.000154571
9.87856e-05
0.000136254
8.06876e-05
0.000149877
0.000168319
9.56634e-06
1.31245e-05
1.01116e-05
1.14139e-05
2.12624e-05
3.26379e-05
3.08839e-05
3.20593e-05
1.16148e-05
2.00043e-05
1.37846e-05
1.73549e-05
2.03576e-05
2.79658e-05
1.40027e-05
1.58478e-05
1.47774e-05
1.89813e-05
2.04653e-05
1.81393e-05
3.06948e-05
7.10724e-05
6.02649e-05
5.85271e-05
3.07194e-05
3.39241e-05
2.56787e-05
4.50431e-05
2.75163e-05
4.15871e-05
2.90102e-05
3.25215e-05
1.67116e-05
3.30241e-05
3.04498e-05
4.00212e-05
2.34767e-05
1.92001e-05
1.93043e-05
2.5255e-05
2.21475e-05
1.42228e-05
1.37277e-05
1.70209e-05
3.12127e-05
1.86498e-05
2.68205e-05
2.64184e-05
8.87802e-06
9.64693e-06
8.37793e-06
1.00126e-05
2.03105e-06
3.68058e-08
8.16805e-06
1.21677e-06
8.22858e-06
8.74197e-06
1.10436e-05
9.30465e-06
1.10372e-05
8.80849e-06
9.18733e-06
1.07114e-05
9.05829e-06
6.12644e-06
7.31801e-06
6.82465e-06
4.78255e-06
1.08424e-06
6.2653e-06
3.81479e-06
8.93346e-06
9.41093e-06
1.06313e-05
9.66093e-06
5.97262e-06
7.58087e-06
7.79741e-06
6.92539e-06
9.79104e-06
7.01756e-06
8.84166e-06
7.87898e-06
3.97985e-06
2.4312e-08
4.76002e-06
3.41294e-06
9.65088e-06
7.62901e-06
8.59333e-06
8.18915e-06
5.61492e-06
7.63604e-06
6.34381e-06
6.60528e-06
2.26121e-07
1.26877e-05
1.13275e-05
9.00497e-06
1.99136e-05
1.39125e-05
1.39632e-05
1.41533e-05
1.29572e-05
1.14835e-05
1.00923e-05
9.98495e-06
2.93805e-05
1.39677e-05
1.14049e-05
2.25107e-05
2.57274e-05
5.69987e-05
3.42851e-05
6.28743e-05
6.71948e-05
5.38895e-05
3.43344e-05
5.22473e-05
2.14143e-05
2.00232e-05
1.50084e-05
1.92547e-05
7.19101e-05
3.04655e-05
3.15364e-05
3.70276e-05
5.82025e-07
1.17818e-05
1.73529e-05
7.22594e-06
1.02103e-05
1.09522e-05
1.11652e-05
1.05241e-05
1.41463e-05
9.69946e-06
9.2971e-06
9.27286e-06
1.08333e-05
1.33859e-05
9.73575e-06
1.08227e-05
1.21784e-06
7.84903e-06
7.22791e-06
5.87769e-06
9.36172e-06
9.02331e-06
9.07463e-06
8.81281e-06
8.62944e-06
9.4116e-06
9.88107e-06
8.84514e-06
9.32997e-06
8.542e-06
8.21692e-06
8.16035e-06
9.76884e-06
1.03926e-05
1.30677e-05
1.06199e-05
9.30622e-06
1.85464e-06
1.7846e-05
7.64616e-06
1.20115e-05
1.49441e-05
1.38539e-05
1.14571e-05
1.00929e-05
1.58132e-05
1.12379e-05
1.10469e-05
8.38215e-06
7.47486e-06
7.40545e-06
7.94066e-06
8.31901e-06
9.96108e-06
9.01407e-06
8.41982e-06
6.705e-06
7.04426e-06
2.49946e-06
4.20016e-06
7.2091e-06
6.10476e-06
7.10022e-06
6.65553e-06
7.48492e-09
9.70029e-09
2.95293e-06
4.66085e-08
1.60799e-08
1.60409e-08
4.73414e-06
1.27797e-07
2.73416e-05
2.79446e-05
4.92883e-05
3.19872e-05
1.10798e-05
8.27891e-06
6.24805e-08
3.93501e-06
1.30697e-08
1.02559e-08
1.57992e-05
4.52708e-07
7.0708e-09
1.42948e-09
1.42695e-05
2.55855e-07
6.91569e-05
7.5996e-05
9.7741e-05
8.30277e-05
3.08478e-07
3.26488e-05
3.75407e-05
2.16652e-05
7.49504e-05
5.5045e-05
4.86124e-05
5.92535e-05
9.02462e-06
9.48882e-09
1.39557e-08
3.19869e-07
1.36683e-05
1.84772e-08
1.82521e-08
4.35131e-07
1.86782e-05
2.09299e-05
1.93849e-07
6.24631e-06
2.50459e-08
1.46826e-08
7.58287e-06
1.21048e-07
1.25018e-08
4.98768e-09
2.58772e-06
4.82233e-08
1.02099e-05
6.70512e-06
9.07902e-06
8.01336e-06
4.02363e-06
7.31473e-06
3.48813e-08
5.61587e-06
5.59073e-08
1.21186e-07
1.54933e-05
2.49622e-06
9.52058e-08
6.84475e-08
6.0318e-06
4.0576e-06
1.02407e-05
8.66278e-06
8.35158e-06
7.86695e-06
1.01305e-06
8.02392e-06
6.38073e-06
6.15042e-06
1.44354e-05
1.85422e-05
1.32406e-05
1.38594e-05
2.21086e-05
5.34162e-06
9.82896e-06
2.0642e-05
1.33834e-05
8.77899e-06
1.25511e-05
1.03553e-05
1.89329e-05
8.08882e-06
1.13634e-05
1.08727e-05
9.51555e-09
7.2195e-09
4.99441e-06
5.23434e-08
2.42795e-08
1.41761e-08
1.87884e-05
1.25691e-06
9.08126e-06
2.9752e-05
8.56006e-06
1.15969e-05
1.49965e-07
6.33063e-06
1.38196e-05
9.68391e-06
1.50977e-05
1.35611e-05
1.57652e-05
1.54877e-05
7.46009e-06
1.11513e-06
4.77579e-07
1.52274e-06
9.05958e-06
1.23495e-06
8.43968e-07
2.28583e-06
1.15969e-05
2.02424e-06
1.1672e-05
9.0461e-06
3.18036e-08
4.13182e-09
4.83224e-06
5.73959e-08
1.02288e-08
3.69396e-08
7.3069e-06
4.59829e-08
9.44409e-06
8.58633e-06
1.00062e-05
1.00128e-05
3.98883e-08
5.92144e-06
5.70181e-06
3.55508e-06
1.27739e-08
4.15583e-08
7.16837e-06
4.96884e-08
2.20297e-07
5.11319e-07
3.48339e-06
4.71793e-07
8.03457e-06
6.91015e-06
9.06678e-06
8.4504e-06
6.87718e-08
7.49156e-06
6.17122e-06
4.72809e-06
1.33989e-05
1.2618e-05
1.25881e-05
1.23527e-05
1.08673e-05
1.04725e-05
9.05303e-06
9.83938e-06
1.24579e-05
9.03314e-06
7.799e-06
1.10522e-05
1.10241e-05
1.14203e-05
8.78759e-06
1.02286e-05
1.0447e-06
1.36828e-05
1.86236e-06
3.6183e-06
6.36938e-06
7.99224e-06
8.58405e-06
7.73874e-06
1.12821e-07
1.05888e-05
7.59978e-09
2.1671e-07
5.71965e-06
2.43005e-06
7.42292e-06
5.45479e-06
9.29512e-06
8.32259e-06
8.97292e-06
9.00468e-06
3.80028e-06
1.68904e-07
2.33868e-07
6.12225e-07
5.67029e-06
3.01453e-08
8.4294e-08
1.70805e-07
5.09862e-06
6.88746e-07
6.43527e-06
3.9858e-06
5.92651e-07
4.131e-07
2.08222e-05
1.02224e-05
2.2284e-07
8.15412e-07
6.47724e-06
1.52492e-06
2.8337e-05
1.19401e-05
1.24938e-05
1.16603e-05
1.41517e-05
2.86254e-05
1.24837e-05
1.91955e-05
1.12123e-05
2.41148e-05
5.43811e-05
2.2307e-05
1.89185e-05
5.67712e-07
8.71322e-08
3.28669e-06
3.9504e-05
9.71503e-08
6.01202e-08
3.49316e-06
3.02363e-06
4.05633e-05
2.65899e-05
3.76867e-05
4.78155e-08
6.03318e-06
1.15453e-07
9.60306e-07
7.95795e-06
8.69398e-06
6.52924e-06
7.90578e-06
3.47856e-07
3.36209e-06
1.87571e-08
7.01312e-07
6.92194e-06
5.43033e-06
1.35356e-06
4.06142e-06
2.43898e-08
4.39719e-08
4.98943e-06
2.75481e-07
1.34292e-08
1.5302e-07
3.04303e-05
1.29033e-05
2.97137e-05
5.23557e-05
5.82794e-05
5.30027e-05
1.72368e-06
2.37786e-05
5.01552e-05
1.55233e-05
0.000101052
8.49314e-05
8.83331e-05
7.13155e-05
2.01462e-05
1.45147e-19
1.22777e-08
2.95788e-06
6.90717e-05
1.25547e-07
7.43193e-07
3.67575e-05
4.36744e-05
5.10638e-05
2.17987e-05
5.54891e-05
1.04473e-07
2.16919e-07
2.86539e-05
8.26969e-07
5.69196e-07
3.62153e-06
2.04633e-05
6.20217e-06
3.4053e-05
2.00057e-05
1.39941e-05
2.02917e-05
1.67331e-06
2.90621e-05
3.72183e-05
3.40993e-05
1.51528e-05
1.34949e-05
1.41687e-05
1.42973e-05
1.24243e-05
1.11007e-05
1.02261e-05
1.08532e-05
1.41978e-05
9.48674e-06
8.4142e-06
1.13277e-05
1.20608e-05
1.29515e-05
1.01204e-05
1.19676e-05
5.24531e-08
6.27172e-08
8.39888e-06
1.56968e-07
5.90171e-08
5.47636e-07
1.32979e-05
6.54706e-07
8.54256e-06
7.94689e-06
8.68672e-06
7.96647e-06
8.26888e-06
9.10218e-06
2.04796e-07
1.11277e-05
5.86879e-07
3.66936e-06
6.2397e-08
8.65788e-08
6.09896e-06
8.16016e-06
5.44474e-06
6.8155e-06
1.20753e-08
1.62092e-06
8.51452e-09
3.96614e-08
3.27329e-06
6.23074e-08
3.05794e-06
2.90393e-06
3.30116e-07
5.41814e-08
4.66965e-05
2.08813e-05
4.29861e-08
2.45741e-08
1.11274e-05
8.69081e-07
7.98998e-05
6.23253e-05
7.01688e-05
4.97032e-05
9.04192e-06
4.54262e-05
3.76097e-05
3.42876e-05
1.75143e-08
1.44007e-05
2.63828e-07
1.97126e-06
1.83145e-05
1.65894e-05
1.28377e-05
1.7519e-05
1.66934e-06
8.95319e-06
2.75662e-07
6.43855e-06
1.72532e-05
1.27853e-05
3.76791e-06
1.74185e-05
1.95557e-05
2.46455e-05
1.54191e-05
1.87069e-05
2.11194e-05
2.72434e-06
1.81342e-06
5.11191e-06
1.09324e-05
8.33805e-07
4.35681e-07
1.08466e-06
3.49892e-06
1.25261e-05
2.1181e-05
1.17178e-05
3.72841e-05
2.68673e-05
2.98857e-05
3.87229e-05
1.08828e-05
3.41225e-08
1.7054e-08
6.2949e-07
7.54481e-06
9.32822e-09
2.38525e-08
1.08602e-07
1.90555e-05
4.59488e-07
1.81569e-05
1.36464e-05
9.45384e-07
7.64639e-05
4.66909e-07
4.72977e-05
6.24473e-05
2.4486e-05
2.43884e-05
2.75558e-05
1.0727e-07
1.66046e-05
5.2644e-07
6.0772e-06
8.48321e-05
2.56924e-05
3.07185e-05
3.97898e-05
1.41906e-05
2.81876e-05
1.18611e-05
1.44035e-05
3.14585e-05
6.30717e-08
8.66017e-08
6.18273e-07
9.32185e-06
7.90098e-08
2.93515e-07
1.40922e-06
2.36717e-05
1.22635e-07
1.03034e-05
1.57968e-05
1.21156e-05
3.56584e-05
2.71297e-05
1.6393e-05
4.48459e-05
8.89436e-08
1.2208e-07
3.44057e-06
2.60333e-05
6.88233e-08
1.24963e-06
2.20144e-06
5.0214e-05
2.97688e-06
3.13056e-05
3.06796e-05
1.09159e-05
9.98249e-06
1.05309e-05
1.01605e-05
2.39339e-05
3.19224e-08
1.18761e-07
9.99278e-07
9.91566e-06
3.35454e-07
5.13301e-07
3.99063e-07
2.00906e-06
1.02184e-05
1.0189e-05
6.86308e-06
1.93908e-06
6.21475e-06
1.06288e-06
1.44938e-06
8.33645e-06
1.38695e-05
9.92941e-06
1.2899e-05
3.9875e-07
2.2538e-06
1.50668e-07
3.04666e-07
4.39546e-06
7.19786e-07
2.66513e-06
3.32336e-06
1.13021e-06
2.70411e-05
2.24884e-05
2.09796e-05
5.63732e-05
0.000103356
5.1639e-05
7.48212e-05
1.16654e-05
1.11341e-05
8.47653e-06
1.03686e-05
4.40494e-05
3.38493e-05
4.91455e-05
4.09124e-05
1.20889e-05
9.86864e-06
1.2265e-05
1.11512e-05
8.28601e-06
1.05189e-06
1.44023e-05
6.44022e-06
2.5258e-05
3.55359e-05
5.31885e-05
4.95469e-05
1.1045e-05
1.93319e-05
2.39097e-05
1.78477e-05
7.78675e-05
2.01793e-05
4.8094e-05
7.07552e-05
7.28911e-06
7.30694e-06
6.17032e-06
6.59121e-06
2.08994e-05
2.69281e-05
9.48942e-07
2.35841e-05
1.44636e-05
3.92148e-05
1.60244e-05
1.35399e-05
6.09453e-06
1.2037e-05
9.68173e-06
9.87986e-06
1.17548e-05
1.24533e-05
1.14549e-05
1.13905e-05
1.09482e-05
1.26599e-05
1.53264e-05
1.24908e-05
1.07419e-05
1.06572e-05
9.68783e-06
9.33632e-06
2.07783e-05
3.22935e-05
2.941e-05
2.29901e-05
6.55191e-05
9.98304e-05
4.94252e-05
7.51197e-05
3.28261e-05
5.51651e-05
1.10569e-05
3.75129e-05
3.77274e-05
3.33202e-05
5.72222e-05
4.71992e-05
1.86291e-05
3.73756e-05
1.7102e-05
2.97834e-05
1.61847e-05
9.71979e-08
3.30443e-05
3.69762e-06
1.12564e-05
2.4896e-05
1.07034e-05
1.25203e-05
2.56997e-05
3.17708e-05
1.49119e-05
2.13676e-05
6.13827e-07
3.5223e-05
2.55471e-05
2.7979e-05
2.85096e-05
1.53669e-05
2.06782e-05
1.62828e-05
3.97455e-05
3.16004e-05
5.61003e-05
3.47022e-05
3.30332e-05
2.26497e-05
3.80967e-05
3.35905e-05
4.11613e-08
2.66505e-05
1.82902e-05
1.67446e-06
1.04405e-05
1.02511e-05
1.16481e-05
1.07392e-05
4.23667e-05
2.42468e-05
6.48956e-05
4.75283e-05
3.00273e-05
2.011e-05
2.65542e-05
3.19307e-05
4.47755e-05
3.27589e-05
4.88473e-05
6.93126e-05
3.6681e-05
5.57579e-05
0.000138454
5.85698e-05
0.000153846
0.000165187
0.000167034
0.000155891
0.000161213
0.000100988
5.64822e-05
0.000141352
7.50317e-05
4.37783e-05
0.000105281
4.28444e-05
6.16709e-05
5.25675e-05
8.51563e-05
6.1767e-05
0.000133298
0.000119731
0.000159215
6.77732e-05
3.86865e-05
5.56577e-05
7.84601e-05
0.000125247
9.54007e-05
0.000122294
0.000116638
8.16555e-05
0.00013151
0.000120472
8.55954e-05
7.90486e-05
0.00010381
7.16491e-05
7.34169e-05
0.000100146
9.12465e-05
0.000143113
8.49676e-05
0.000115177
4.66532e-05
2.71708e-05
2.21366e-05
2.98834e-05
1.3441e-05
8.63302e-06
1.1593e-05
9.3274e-06
3.46956e-05
1.93166e-05
3.35627e-05
2.35624e-05
1.66265e-05
3.03211e-05
1.49496e-05
1.92021e-05
1.40183e-05
1.74172e-05
1.28582e-05
1.27472e-05
2.14076e-05
2.46505e-05
1.81494e-05
1.77144e-05
1.11804e-05
1.28481e-05
1.02944e-05
1.0243e-05
1.51633e-05
1.11038e-05
1.28299e-05
1.492e-05
2.83453e-07
1.21934e-05
8.05812e-06
6.51446e-06
1.24099e-05
1.24048e-05
1.07517e-05
1.13535e-05
8.92509e-06
9.81169e-06
9.80869e-06
8.77869e-06
1.20703e-05
8.48355e-06
9.33911e-06
9.06555e-06
1.95742e-07
2.76027e-05
1.62153e-05
1.10911e-05
4.05212e-05
1.11582e-05
1.46879e-05
1.48496e-05
1.67825e-05
1.24502e-05
1.31341e-05
1.25429e-05
3.05173e-05
1.68508e-05
1.21273e-05
2.84293e-05
1.16206e-05
1.0001e-05
1.10643e-05
1.07161e-05
8.60702e-06
9.97658e-07
8.92605e-06
7.26257e-06
1.15399e-05
1.53977e-05
1.48381e-05
1.49448e-05
1.01081e-05
1.10124e-05
1.45224e-05
1.05641e-05
8.505e-06
7.28388e-06
7.35782e-06
7.19839e-06
9.03267e-06
1.70181e-06
5.9582e-06
3.85008e-06
9.67878e-06
1.39768e-05
1.74448e-05
1.21285e-05
7.68234e-06
8.68696e-06
7.72274e-06
7.99111e-06
1.06165e-05
9.30392e-06
8.87008e-06
8.79898e-06
2.27672e-05
1.60402e-06
1.01614e-05
8.61482e-06
9.26069e-06
1.64193e-05
1.05439e-05
9.51956e-06
2.15557e-05
9.33063e-06
1.26582e-05
2.14089e-05
1.23914e-05
1.55756e-05
1.37937e-05
1.27592e-05
2.54921e-05
3.66534e-05
2.81438e-05
2.75101e-05
1.45467e-05
1.9269e-05
1.60564e-05
1.5106e-05
1.63651e-05
1.44686e-05
2.02631e-05
1.89799e-05
1.62732e-05
2.01064e-05
1.85467e-05
1.99625e-05
2.87188e-05
2.43163e-05
6.35583e-05
3.66436e-05
2.40273e-05
3.53792e-05
3.22416e-05
3.11559e-05
2.23651e-05
2.81539e-05
2.77046e-05
2.9828e-05
1.26598e-05
1.62461e-05
1.18663e-05
1.41742e-05
2.60471e-05
2.02004e-05
2.3968e-05
2.68724e-05
1.08391e-05
1.53857e-05
1.1194e-05
1.23014e-05
1.98744e-05
1.30036e-05
1.79726e-05
1.59559e-05
)
;
    }
    velocity_inlet
    {
        type            calculated;
        value           nonuniform List<scalar> 
1888
(
9.51785e-05
0.000106372
0.000167705
0.000138703
0.00010835
0.000118346
0.000167705
0.000123871
0.000167705
0.000167705
0.000167705
0.000167705
0.000126794
0.000167705
0.000167705
0.000167705
4.14833e-05
9.88982e-05
6.89881e-05
7.36621e-05
8.06465e-05
8.41281e-05
0.000115903
8.19364e-05
9.91295e-05
0.000127776
0.000103319
0.000140277
7.80423e-05
0.000150347
9.84225e-05
0.00010892
5.15345e-05
5.77212e-05
3.94355e-05
6.27576e-05
7.29119e-05
9.9399e-05
7.75873e-05
9.81967e-05
4.06503e-05
6.01251e-05
2.92653e-05
0.0001019
7.82565e-05
9.96465e-05
8.04128e-05
5.21109e-05
0.000167705
0.000167705
0.000167705
0.000167705
0.000167705
0.000126276
0.000121631
0.000126424
0.000129522
8.15643e-05
7.88739e-05
9.5869e-05
0.000167705
0.000161598
0.000167705
0.000167705
0.000167705
0.000167705
0.000167705
0.000167705
0.000167705
0.000167705
0.000167705
0.000167705
0.000167705
0.000167705
0.000167705
0.000167705
0.000167705
0.000167705
0.000167705
0.000167705
6.64396e-05
0.000123743
6.1254e-05
0.000167705
0.000167705
0.000160229
0.000143823
0.000167705
5.35014e-05
8.56003e-05
4.25634e-05
0.000141673
0.000167705
0.000167705
0.000167705
0.000104403
0.000167705
0.000167705
0.000167705
0.000167705
0.00015669
9.98886e-05
0.000148488
0.000104062
0.000167705
0.000167705
0.000111458
0.00013947
0.000131895
0.000121159
0.000160272
0.000167705
0.000167705
0.000167705
0.000167705
0.000167705
0.000167705
0.000167705
0.000167705
0.000167705
0.000167705
0.000167705
0.000167705
0.000167705
0.000167705
0.000167705
0.000167705
0.000167705
4.66212e-05
5.00131e-05
8.76817e-05
6.44972e-05
6.43738e-05
9.06997e-05
9.75131e-05
0.000105906
8.96868e-05
0.000112953
5.76139e-05
0.000159722
8.86758e-05
0.000161204
0.00012345
8.2901e-05
0.000167705
0.000167705
0.000167705
0.000167705
0.000167705
0.000167705
0.000167705
0.000167705
0.000167705
0.000167705
0.000167705
0.000167705
0.000167705
0.000167705
0.000167705
0.000167705
0.000162535
0.000104905
7.85661e-05
4.30846e-05
5.62923e-05
2.40495e-05
2.77138e-05
1.5431e-05
7.72474e-05
2.6447e-05
2.65587e-05
1.35337e-05
2.72819e-05
1.53315e-05
2.56633e-05
5.89025e-05
5.92045e-05
6.42058e-05
9.72253e-05
7.03615e-05
4.65993e-05
3.59061e-05
9.54188e-05
3.62747e-05
0.00012748
9.0803e-05
8.07587e-05
0.000100561
5.03785e-05
6.36098e-05
7.76695e-05
0.000113744
0.000167705
0.000167705
0.000167705
0.000167705
0.000167705
0.000167705
0.000167705
0.000167705
0.000167705
0.000167705
0.000122394
0.000167705
0.000167705
0.000167705
0.000167705
0.000167705
1.9458e-05
2.23377e-05
3.55965e-05
1.35486e-05
1.73342e-05
3.06653e-05
2.81363e-05
1.51734e-05
5.31453e-05
6.20086e-05
0.000108694
4.69294e-05
1.45878e-05
2.46937e-05
2.44917e-05
2.99862e-05
0.000167705
0.000167705
0.000152136
0.000117546
8.41371e-05
1.81723e-05
1.95659e-05
1.38524e-05
9.09384e-05
5.03481e-05
2.70247e-05
3.484e-05
4.62607e-05
3.62845e-05
6.85037e-05
4.8571e-05
2.27782e-05
5.795e-05
6.53665e-05
4.34062e-05
0.000116753
0.000167705
0.000167705
0.000167705
4.54189e-05
8.73096e-05
5.17534e-05
7.81263e-05
0.000167705
0.000167705
0.000125167
9.82807e-05
0.000167705
0.000167705
0.000167705
0.000167705
0.000167705
0.000167705
0.000167705
0.000167705
0.000167705
0.000167705
0.000167705
0.000167705
0.000167705
0.000167705
0.000167705
0.000167705
8.46605e-06
8.02331e-06
1.56624e-05
9.13731e-06
8.17635e-06
1.36172e-05
3.15606e-05
7.49282e-06
2.64448e-05
3.74938e-05
3.01634e-05
2.11182e-05
7.16865e-06
1.14115e-05
1.36953e-05
2.40883e-05
0.000167705
0.000167705
0.000133784
0.000148544
0.000155215
3.76173e-05
0.00011222
6.58803e-05
0.000101109
4.02198e-05
2.05702e-05
4.45844e-05
0.000133426
7.89666e-05
0.000135423
0.000110404
0.000167705
0.000167705
0.000167705
0.000167705
0.000167705
0.000167705
0.000167705
0.000167705
0.000167705
0.000167705
0.000167705
0.000167705
0.000167705
0.000167705
0.000167705
0.000167705
1.51153e-05
1.88984e-05
1.79748e-05
2.59039e-05
3.20751e-05
4.04883e-05
2.92285e-05
5.79937e-05
1.87077e-05
1.79002e-05
1.63879e-05
2.59683e-05
3.73474e-05
4.09157e-05
3.27284e-05
1.70479e-05
0.000133822
0.000167705
0.000167705
0.000167705
0.000167705
0.000167705
0.000167705
0.000167705
0.000167705
0.000167705
0.000167705
0.000167705
0.000167705
0.000167705
0.000167705
0.000167705
0.000167705
0.000167705
0.000167705
0.000163475
0.000128087
6.17318e-05
7.2624e-05
5.94961e-05
0.000157077
8.56895e-05
7.22336e-05
7.66255e-05
0.000100573
7.63034e-05
0.000141275
0.000167705
0.000167705
0.000167705
0.000167705
0.000165093
0.000152059
0.000166977
0.000110458
0.000110818
0.000167705
0.000124133
9.45358e-05
0.00013409
0.000134441
0.000126064
0.000167705
0.000167705
7.38109e-05
8.26641e-05
0.000118471
0.000118143
0.000121188
0.000167705
0.000167705
0.000157846
0.000167705
0.000167705
0.000167705
0.000167705
0.000157484
0.000167705
0.000167705
0.000167705
3.46069e-05
7.78627e-05
7.64811e-05
7.92838e-05
0.000157014
0.000167705
0.000167705
0.000167705
8.98605e-05
0.000167705
0.000130631
0.000167705
0.000166336
0.000167705
0.000134707
0.000154306
0.000167705
0.000167705
0.000167705
0.000167705
0.000167705
0.000167705
0.000167705
0.000167705
0.000167705
0.000167705
0.000167705
0.000167705
0.000167705
0.000167705
0.000167705
0.000167705
1.64711e-05
2.41887e-05
1.23719e-05
1.50795e-05
3.58103e-05
7.45043e-05
3.5937e-05
6.31662e-05
1.06839e-05
2.095e-05
1.55222e-05
2.13449e-05
3.44101e-05
4.63428e-05
2.68473e-05
1.78873e-05
3.63863e-05
4.30505e-05
4.33015e-05
3.12947e-05
3.59725e-05
1.32594e-05
1.55726e-05
8.61351e-06
7.05399e-05
2.28493e-05
1.85766e-05
1.37578e-05
1.60283e-05
1.03861e-05
1.85284e-05
3.86597e-05
0.000167705
0.000167705
0.000167705
0.000167705
0.000161044
7.38962e-05
6.62734e-05
7.81842e-05
0.000148254
6.69075e-05
5.35676e-05
8.42114e-05
0.000155462
8.65706e-05
0.000167705
0.000163307
1.08982e-05
1.17696e-05
3.89558e-05
2.09392e-05
3.13741e-05
1.99311e-05
6.76311e-05
7.01557e-05
0.000113451
0.000108129
0.000167705
0.000136829
3.43621e-05
8.43419e-05
4.9368e-05
7.8077e-05
3.23751e-06
2.74999e-06
5.75964e-06
2.98712e-06
3.48221e-06
5.50992e-06
5.35874e-06
7.42546e-06
5.42653e-06
5.3336e-06
7.12591e-06
1.00786e-05
5.91243e-06
8.07903e-06
7.3507e-06
4.3482e-06
1.59834e-05
5.3581e-05
3.11468e-05
4.52403e-05
6.80344e-05
7.54474e-05
4.56796e-05
0.000109533
1.42554e-05
1.94697e-05
9.6871e-06
1.95362e-05
6.88144e-05
4.41703e-05
2.80004e-05
3.49017e-05
1.03816e-05
2.41078e-05
2.12516e-05
1.91409e-05
1.17041e-05
1.43264e-05
2.73277e-05
8.64302e-06
2.07206e-05
3.79768e-05
3.29808e-05
3.10199e-05
1.35114e-05
2.00222e-05
2.55994e-05
5.15745e-05
7.06383e-06
5.38333e-06
3.98311e-06
9.03664e-06
5.32966e-06
4.5701e-06
6.82885e-06
9.64273e-06
2.89728e-06
5.90475e-06
3.33846e-06
3.81758e-06
1.05408e-05
5.41882e-06
7.91877e-06
5.34322e-06
9.87304e-06
9.0758e-06
5.89683e-06
1.65236e-05
9.71458e-06
5.49478e-06
4.74676e-06
2.09926e-05
3.94954e-06
3.81929e-06
2.93757e-06
6.96903e-06
4.21016e-05
1.99286e-05
1.30909e-05
5.70967e-06
1.61473e-05
2.01986e-05
1.77837e-05
1.58929e-05
2.6745e-05
5.2054e-05
5.26041e-05
3.81254e-05
2.36675e-05
5.24329e-05
3.79483e-05
4.87213e-05
3.32296e-05
4.78588e-05
3.71026e-05
2.69601e-05
2.4787e-05
3.65468e-05
2.15587e-05
0.000109372
3.64868e-05
3.91112e-05
2.07504e-05
0.000119791
1.40273e-05
1.50892e-05
7.93973e-06
2.1739e-05
8.10511e-05
3.99229e-05
4.71166e-05
2.9984e-05
5.86434e-06
6.38173e-06
8.35829e-06
7.34434e-06
2.00469e-05
1.99967e-05
1.44214e-05
2.26918e-05
7.36118e-06
1.07639e-05
5.23941e-06
1.23201e-05
1.54987e-05
1.24522e-05
1.46009e-05
1.03576e-05
4.49553e-06
7.35095e-06
6.97958e-06
9.07759e-06
7.84707e-06
6.38701e-06
4.22094e-06
7.14197e-06
6.47193e-06
3.10205e-06
3.50138e-06
5.14786e-06
1.28429e-05
6.04136e-06
7.21192e-06
4.99065e-06
5.57438e-05
6.68893e-05
3.99145e-05
0.000104909
6.99989e-05
7.10521e-05
3.29557e-05
8.15894e-05
2.52252e-05
1.95801e-05
1.57363e-05
2.46849e-05
0.000122233
5.25994e-05
4.65171e-05
4.227e-05
6.13193e-05
7.02554e-05
3.93129e-05
6.86323e-05
0.000126891
0.000145999
6.00829e-05
0.000143559
2.45103e-05
3.02534e-05
3.4285e-05
4.24096e-05
0.000154763
8.85727e-05
6.00593e-05
4.49419e-05
0.000167705
0.000167705
0.000167705
0.000167705
0.000167705
0.000167705
0.000167705
0.000167705
0.000167705
0.000167705
0.000140607
0.000167705
0.000167705
0.000167705
0.000167705
0.000167705
4.00763e-05
1.21217e-05
2.67966e-05
1.20518e-05
5.40028e-06
2.51487e-06
4.48296e-06
2.40541e-06
1.16996e-05
4.29065e-06
5.1671e-06
6.18371e-06
5.78317e-06
3.72608e-06
1.2625e-05
6.71002e-06
0.000107235
0.000119864
0.000167705
0.000161869
0.000139299
0.000167705
0.000167705
0.000167705
0.000167705
0.000167705
0.000167705
0.000167705
0.000167705
0.000167705
0.000167705
0.000167705
1.4489e-05
1.98905e-05
4.23493e-05
1.77234e-05
4.31308e-05
3.22392e-05
6.59322e-05
2.50435e-05
6.01218e-05
7.13015e-05
6.68636e-05
5.70802e-05
2.82612e-05
4.47591e-05
4.50019e-05
5.92662e-05
9.97961e-05
9.6439e-05
5.71086e-05
7.47113e-05
8.79164e-05
5.65447e-05
4.3858e-05
6.19177e-05
2.84505e-05
2.20857e-05
1.7266e-05
2.98527e-05
7.23847e-05
4.96051e-05
5.38451e-05
5.75547e-05
1.40809e-05
1.9838e-05
2.23981e-05
2.57099e-05
4.60547e-05
7.79556e-05
5.62475e-05
0.000118603
2.90824e-05
4.40404e-05
5.54022e-05
6.22535e-05
4.77325e-05
8.66761e-05
4.90476e-05
3.37881e-05
5.19532e-05
3.98669e-05
3.29962e-05
2.5896e-05
2.61757e-05
7.16341e-06
1.35626e-05
8.79063e-06
2.28797e-05
1.79285e-05
1.35373e-05
1.15722e-05
1.658e-05
1.07022e-05
2.3799e-05
4.28727e-05
1.18408e-05
1.97352e-05
3.05617e-05
1.97501e-05
3.54173e-05
6.57913e-05
6.43648e-05
8.66169e-05
4.33493e-05
5.84684e-05
4.77473e-05
0.000111665
4.38786e-05
8.10939e-05
5.26348e-05
4.30664e-05
2.80712e-05
2.71124e-05
1.68772e-05
2.53395e-05
5.74882e-05
0.000118492
3.82179e-05
7.21778e-05
1.3711e-05
1.93827e-05
1.31829e-05
2.16565e-05
5.88601e-05
4.14755e-05
3.28681e-05
2.78168e-05
0.000167705
0.000167705
8.66056e-05
0.000167705
0.000123325
0.000122764
3.4752e-05
8.81832e-05
3.74125e-05
2.00796e-05
1.00213e-05
2.90364e-05
0.000109337
5.50062e-05
7.34517e-05
7.02321e-05
1.69132e-05
1.33911e-05
6.66549e-06
1.07439e-05
2.09829e-05
2.92966e-05
1.67342e-05
3.26041e-05
7.44698e-06
9.88756e-06
6.06472e-06
1.33045e-05
2.93254e-05
2.63866e-05
1.60318e-05
1.25076e-05
0.000167705
0.000167705
0.000167705
0.000167705
0.000167705
0.000167705
0.000167705
0.000167705
0.000167705
0.000167705
0.000167705
0.000167705
0.000167705
0.000167705
0.000167705
0.000167705
7.95116e-06
1.1377e-05
8.19467e-06
2.18744e-05
2.11233e-05
3.45682e-05
2.59159e-05
6.05427e-05
1.05144e-05
1.38027e-05
9.47148e-06
2.18906e-05
3.31177e-05
3.22399e-05
2.27608e-05
1.41992e-05
0.000167705
0.000167705
0.000167705
0.000167705
0.000167705
0.000167705
0.000167705
0.000167705
0.000167705
0.000167705
0.000167705
0.000167705
0.000167705
0.000167705
0.000167705
0.000167705
7.33142e-06
7.94206e-06
4.43559e-06
1.25768e-05
8.2879e-06
5.54265e-06
3.65559e-06
9.2023e-06
1.87585e-06
2.11412e-06
7.02385e-07
1.84068e-06
9.14561e-06
5.153e-06
5.09682e-06
4.00745e-06
7.60727e-07
3.09262e-06
2.10112e-06
1.75174e-06
4.32549e-06
3.73968e-06
6.65737e-06
9.25254e-06
3.53218e-06
8.21432e-06
7.13321e-06
9.19149e-06
5.57007e-06
3.88147e-06
9.0563e-06
4.06519e-06
7.72718e-06
6.41971e-06
7.1555e-06
5.60581e-06
2.39491e-06
7.61275e-07
2.49275e-06
8.70802e-07
7.63324e-06
5.38966e-06
6.47913e-06
4.91251e-06
3.60857e-06
2.30108e-06
6.09252e-06
6.07184e-06
5.9086e-06
3.64726e-06
5.73992e-06
6.57747e-06
2.16239e-06
7.7502e-07
3.19977e-06
1.99319e-06
4.95649e-06
4.38089e-06
9.00536e-06
6.45314e-06
4.43716e-06
7.33973e-06
4.56747e-06
4.23033e-06
7.62364e-07
1.84386e-06
2.83892e-06
8.49223e-07
3.95909e-06
5.88149e-06
5.7966e-06
4.6412e-06
3.95768e-06
1.08256e-05
5.7766e-06
3.56078e-06
2.37247e-06
2.21037e-06
4.15241e-06
4.95128e-06
6.51654e-07
2.09558e-06
1.8293e-06
9.1931e-07
5.07284e-06
7.89632e-06
1.11397e-05
5.7368e-06
3.03071e-06
8.69366e-06
3.31334e-06
2.87158e-06
3.04664e-06
1.55905e-06
3.41667e-06
6.88358e-06
6.14698e-06
7.18334e-06
3.00719e-06
2.69697e-06
7.84516e-06
6.54828e-06
4.63769e-06
5.18162e-06
1.81588e-06
2.01893e-06
6.61093e-07
9.30324e-07
3.30111e-06
1.58984e-06
2.75271e-06
7.09238e-06
1.0282e-05
5.8614e-06
1.02012e-05
5.06827e-06
3.01304e-06
7.82444e-07
2.48682e-06
7.7869e-07
1.00532e-05
3.0043e-06
2.43295e-06
2.4758e-06
3.59913e-06
1.55018e-06
3.40736e-06
5.57018e-06
3.23894e-07
2.17464e-07
2.62876e-06
3.94318e-07
2.23992e-07
1.80174e-07
1.00824e-06
2.4867e-07
2.13968e-06
1.29884e-06
3.02254e-06
1.69783e-06
3.18651e-07
1.18904e-06
2.04233e-06
1.61517e-06
2.69605e-07
2.58443e-07
2.88298e-06
5.11642e-07
2.68194e-07
2.77862e-07
1.44529e-06
4.36459e-07
4.33439e-06
1.98328e-06
6.13554e-06
2.34035e-06
4.27129e-07
1.56947e-06
2.11365e-06
1.199e-06
2.45276e-07
1.45937e-06
3.35798e-07
9.56336e-07
1.68507e-06
1.78683e-06
1.87029e-06
1.31964e-06
3.04182e-07
7.80116e-07
2.88548e-07
3.00967e-07
1.11004e-06
1.49657e-06
5.53227e-07
1.51366e-06
2.23807e-07
2.60343e-07
9.63229e-07
2.88088e-07
2.87458e-07
2.70896e-07
1.16959e-06
5.58764e-07
2.55343e-06
2.50565e-06
3.70871e-06
2.49256e-06
1.78668e-06
2.04502e-06
3.52721e-07
9.09231e-07
5.35797e-06
3.29327e-06
3.29737e-06
7.63554e-06
2.37741e-06
3.36139e-07
3.8684e-07
2.31297e-06
2.61164e-06
3.61389e-07
4.16989e-07
2.24917e-06
4.34865e-06
3.93285e-06
2.46711e-06
2.30161e-06
1.00707e-05
4.12494e-06
4.84574e-06
2.59635e-06
1.78597e-06
2.55724e-07
3.05137e-07
6.98389e-07
1.86563e-06
3.19572e-07
3.27624e-07
5.94942e-07
1.40558e-06
6.62691e-07
1.82726e-06
2.43845e-06
1.10037e-05
7.93991e-06
4.97548e-06
8.27015e-06
7.91517e-06
3.33573e-06
2.97414e-06
4.48006e-06
2.47736e-06
2.5351e-06
8.14961e-07
1.57519e-06
6.7215e-06
4.74509e-06
3.88967e-06
3.84955e-06
1.01747e-05
5.57209e-06
4.95903e-06
3.84729e-06
2.0345e-06
3.17733e-07
3.09176e-07
6.8306e-07
1.67773e-06
3.17604e-07
4.07981e-07
6.49585e-07
6.81124e-07
1.84325e-06
1.95274e-06
2.16988e-06
9.14694e-06
4.18314e-06
5.15558e-06
2.86961e-06
1.9795e-06
2.72758e-07
3.1087e-07
6.89493e-07
1.93166e-06
3.23528e-07
3.20439e-07
6.09696e-07
1.67106e-06
6.85393e-07
1.91696e-06
2.31128e-06
1.27942e-05
4.99685e-06
5.71178e-06
3.98563e-06
2.14797e-06
2.66806e-07
3.23751e-07
7.98452e-07
1.7647e-06
3.12635e-07
3.58857e-07
6.42799e-07
6.99179e-07
1.88815e-06
1.93089e-06
2.18285e-06
3.40001e-06
5.88001e-06
2.59627e-06
6.12707e-06
7.08625e-06
7.99855e-06
4.70058e-06
8.50152e-06
1.5713e-06
2.1564e-06
6.54237e-07
1.41534e-06
7.07738e-06
5.62392e-06
4.21921e-06
3.16515e-06
3.63411e-07
2.43349e-06
3.99263e-07
2.43126e-06
3.68304e-06
5.95466e-06
3.34103e-06
7.95941e-06
4.02909e-07
2.51514e-06
3.46516e-07
2.37365e-06
4.65361e-06
4.97058e-06
2.64876e-06
2.34765e-06
3.79434e-06
2.96246e-06
3.73282e-06
3.31856e-06
2.28527e-06
7.03311e-07
1.78677e-06
7.37232e-07
1.81153e-06
5.32698e-06
7.18627e-06
5.06066e-06
1.53891e-06
4.37147e-06
2.38699e-06
4.44468e-06
7.21757e-07
1.66865e-06
2.56262e-06
1.70923e-06
3.5338e-06
5.65439e-06
7.98527e-06
9.62726e-06
4.88161e-06
6.25257e-06
4.98985e-06
8.57703e-06
3.36162e-06
6.0533e-06
3.79267e-06
3.51782e-06
4.50556e-06
2.84185e-06
3.46433e-06
5.83783e-06
1.98432e-06
3.20536e-07
3.62985e-07
2.4557e-06
2.20139e-06
3.5061e-07
3.08164e-07
1.93785e-06
4.69178e-06
3.93208e-06
2.33349e-06
2.01082e-06
1.17273e-05
5.16915e-06
5.49259e-06
4.2393e-06
2.13781e-06
2.75487e-07
3.27098e-07
7.7936e-07
1.74977e-06
3.33233e-07
4.06963e-07
6.45815e-07
7.00606e-07
1.96829e-06
1.98488e-06
2.23631e-06
4.16192e-06
2.77577e-06
2.97492e-06
5.92025e-06
1.93951e-06
3.00389e-07
3.74163e-07
2.22062e-06
2.04362e-06
3.58027e-07
3.21374e-07
2.39882e-06
3.82531e-06
4.1418e-06
2.47758e-06
1.86247e-06
2.2886e-07
2.41762e-06
3.28192e-07
1.14224e-06
3.51216e-06
3.78063e-06
9.74699e-07
2.31504e-06
3.57154e-07
1.13058e-06
2.21306e-07
5.42864e-07
1.9422e-06
1.14473e-06
5.4552e-07
1.7828e-06
3.85748e-06
2.50709e-06
2.37348e-06
1.31585e-06
1.96296e-06
3.09207e-07
2.51171e-07
4.48498e-07
1.49723e-06
2.65836e-07
2.88202e-07
4.22077e-07
8.07945e-07
4.5583e-07
1.5883e-06
1.42164e-06
3.68795e-06
2.5437e-06
2.62868e-06
2.71363e-06
9.61164e-07
2.27507e-07
2.55281e-07
2.848e-07
1.20984e-06
2.86564e-07
2.7032e-07
5.74531e-07
1.86693e-06
1.71397e-06
3.43957e-07
8.94668e-07
2.52105e-07
3.09234e-07
1.88493e-06
7.8396e-07
3.19261e-07
3.07212e-07
9.45877e-07
3.35983e-07
2.7562e-06
1.97055e-06
3.75816e-06
2.31253e-06
5.86673e-07
2.10234e-06
1.46537e-06
1.61841e-06
6.66685e-06
3.78982e-06
3.8659e-06
8.55354e-06
2.49956e-06
3.36694e-07
3.84991e-07
2.43865e-06
2.41898e-06
3.95626e-07
3.13856e-07
2.56101e-06
4.90734e-06
4.94269e-06
2.64309e-06
2.23539e-06
3.29839e-07
2.43995e-06
4.14255e-07
2.54653e-06
3.75127e-06
5.63503e-06
3.75469e-06
7.44833e-06
4.10277e-07
2.37282e-06
3.40061e-07
2.48363e-06
5.10069e-06
5.00145e-06
2.68283e-06
2.09473e-06
3.9637e-06
3.06165e-06
2.57e-06
6.65639e-06
1.86841e-06
3.75419e-07
3.69471e-07
2.43356e-06
1.95561e-06
3.71029e-07
3.18166e-07
2.43639e-06
3.96894e-06
4.03045e-06
2.48455e-06
2.06502e-06
2.6274e-07
1.37601e-06
2.65396e-07
1.75901e-06
1.95898e-06
2.42111e-06
2.03374e-06
2.85412e-06
2.69862e-07
1.3738e-06
2.64683e-07
1.77049e-06
2.75556e-06
2.75205e-06
1.89234e-06
1.51027e-06
3.11026e-07
3.18778e-07
1.96662e-06
6.14299e-07
3.25817e-07
2.64921e-07
1.66306e-06
7.39985e-07
6.6362e-06
4.48961e-06
9.87103e-06
3.61377e-06
6.5145e-07
1.6238e-06
1.8522e-06
2.34341e-06
3.13748e-06
2.55959e-06
2.11769e-06
4.79941e-06
1.56379e-06
2.40805e-07
2.74892e-07
1.53769e-06
1.3947e-06
2.70971e-07
3.26723e-07
1.54111e-06
3.0795e-06
3.48914e-06
2.0123e-06
1.58768e-06
3.20323e-07
1.45802e-06
2.64412e-07
1.58837e-06
2.04722e-06
2.76852e-06
2.28481e-06
4.20496e-06
2.75971e-07
1.51354e-06
2.94562e-07
1.86448e-06
3.11625e-06
1.96821e-06
3.06887e-06
1.57912e-06
2.68962e-07
1.99852e-06
3.26567e-07
7.03937e-07
4.60846e-06
9.15712e-06
6.07027e-06
2.73939e-06
3.2435e-07
1.95301e-06
3.37354e-07
6.39555e-07
1.4248e-06
6.53853e-07
1.68873e-06
2.54278e-06
2.54866e-07
1.69492e-06
2.77473e-07
1.87751e-06
2.28729e-06
2.91582e-06
2.22412e-06
3.86902e-06
2.76338e-07
1.59319e-06
3.20211e-07
1.4101e-06
2.66722e-06
2.86946e-06
1.96668e-06
1.55112e-06
3.39108e-07
1.82656e-06
3.855e-07
1.59267e-06
3.81112e-06
6.47942e-06
3.20485e-06
7.29593e-06
3.88383e-07
2.15866e-06
3.4794e-07
2.32298e-06
4.24946e-06
2.07642e-06
4.16759e-06
2.07556e-06
2.68369e-07
1.71749e-06
3.35325e-07
7.47739e-07
4.44362e-06
1.06858e-05
5.14031e-06
3.25565e-06
3.26688e-07
1.86653e-06
3.36738e-07
6.4197e-07
1.72342e-06
6.59595e-07
1.76085e-06
2.29992e-06
3.11738e-06
3.10504e-06
6.29817e-06
2.89121e-06
2.64383e-06
9.41128e-07
2.42974e-06
7.59509e-07
5.04502e-06
5.0657e-06
8.13674e-06
3.90864e-06
1.74521e-06
2.25408e-06
2.61067e-06
4.06477e-06
4.17034e-06
3.30615e-06
3.56335e-06
4.89909e-06
3.19768e-06
4.33938e-06
2.86612e-06
5.22782e-06
2.14809e-06
1.73804e-06
7.76159e-07
1.61457e-06
4.3441e-06
3.68093e-06
3.64022e-06
2.69897e-06
6.04317e-06
3.84071e-06
5.78151e-06
6.49698e-06
2.44906e-06
7.50529e-07
1.70954e-06
1.61208e-06
5.5066e-06
2.4239e-06
3.56498e-06
5.67881e-06
3.37234e-06
4.80046e-06
2.97201e-06
3.29658e-06
7.93127e-07
2.45504e-06
2.18745e-06
1.79554e-06
4.39417e-06
1.0423e-05
1.10159e-05
6.13451e-06
3.25743e-06
8.36277e-06
4.75224e-06
3.78268e-06
3.48657e-06
3.47249e-06
4.29232e-06
3.49217e-06
7.20482e-07
1.51052e-06
1.61873e-06
1.57778e-06
2.99672e-06
5.21555e-06
5.18371e-06
4.71948e-06
2.98493e-06
5.95854e-06
6.95276e-06
6.40006e-06
3.67142e-06
3.97133e-06
3.5564e-06
3.15312e-06
2.47923e-06
2.67654e-06
6.32284e-06
2.16221e-06
2.8017e-06
8.94552e-07
2.67353e-06
7.33221e-07
1.08372e-05
5.44137e-06
8.4632e-06
3.63101e-06
1.58493e-06
2.14822e-06
2.69869e-06
3.66067e-06
9.50144e-07
3.52546e-06
1.8737e-06
6.92445e-07
4.99131e-06
1.027e-05
9.66736e-06
4.04891e-06
1.95465e-06
7.46764e-06
1.93357e-06
2.18429e-06
2.74685e-06
1.49894e-06
2.92398e-06
4.36249e-06
3.68566e-06
6.04661e-06
2.17553e-06
3.92752e-06
7.96285e-06
7.30922e-06
2.87602e-06
7.72575e-06
1.59306e-06
1.65199e-06
7.07487e-07
1.48355e-06
5.27226e-06
2.97446e-06
3.7423e-06
2.80118e-06
1.04311e-05
1.11504e-05
5.73295e-05
9.76428e-06
9.94853e-06
1.3284e-05
2.66329e-05
8.25387e-06
6.75393e-05
5.26413e-05
7.08101e-05
2.98316e-05
1.55394e-05
1.87111e-05
9.68095e-06
4.74534e-05
7.51884e-07
2.32881e-06
1.57345e-06
7.82964e-07
3.78923e-06
5.3135e-06
1.02189e-05
3.65583e-06
5.32727e-06
1.159e-05
6.57033e-06
6.79974e-06
2.1252e-06
3.76932e-06
3.9202e-06
6.62252e-06
8.22e-07
2.04986e-06
1.86773e-06
9.58821e-07
3.70135e-06
4.56487e-06
9.37073e-06
3.87942e-06
4.31112e-06
1.01082e-05
6.93287e-06
7.02367e-06
2.28466e-06
2.2163e-06
3.56895e-06
7.60783e-06
6.67531e-07
3.59729e-06
1.51665e-06
1.6691e-06
5.63904e-06
1.03105e-05
6.04336e-06
7.59807e-06
3.05463e-06
6.15653e-06
6.12017e-06
9.49689e-06
5.73429e-06
3.81784e-06
7.90997e-06
4.77271e-06
6.79357e-07
2.97927e-06
1.51533e-06
1.613e-06
4.55621e-06
1.05582e-05
5.89422e-06
7.03236e-06
3.05737e-06
5.41302e-06
5.0893e-06
6.93842e-06
4.83946e-06
3.83475e-06
7.84249e-06
4.41697e-06
4.59093e-06
3.97728e-06
4.72903e-06
5.3719e-06
1.41503e-05
1.66575e-05
9.75577e-06
2.01828e-05
5.61963e-06
5.40952e-06
4.83733e-06
4.53089e-06
1.29301e-05
8.06827e-06
1.13597e-05
7.56377e-06
3.31253e-06
8.20489e-06
6.7526e-06
4.05145e-06
1.52131e-05
2.84887e-05
3.14033e-05
1.81742e-05
4.56786e-06
1.49194e-05
4.95181e-06
8.30844e-06
1.20242e-05
9.13994e-06
1.60892e-05
1.12771e-05
4.06118e-06
9.63314e-06
6.38011e-06
8.17752e-06
1.66779e-05
2.5716e-05
2.26587e-05
1.74121e-05
6.44857e-06
1.30159e-05
8.20652e-06
1.47706e-05
2.48725e-05
1.07042e-05
2.35876e-05
9.51603e-06
3.6328e-06
4.7109e-06
5.25586e-06
7.84185e-06
1.02653e-05
1.81731e-05
9.2897e-06
2.55983e-05
6.11334e-06
4.79429e-06
5.86964e-06
4.96349e-06
8.31244e-06
8.44312e-06
1.25719e-05
9.48192e-06
1.68258e-05
1.33671e-05
2.58181e-05
2.46962e-05
6.62727e-06
4.27344e-06
5.6134e-06
7.2588e-06
1.75392e-05
7.02733e-06
8.55092e-06
1.31361e-05
1.8264e-05
2.82664e-05
1.51951e-05
1.31648e-05
2.22494e-05
1.61973e-05
1.88175e-05
1.84917e-05
8.40149e-06
4.97693e-06
5.40544e-06
6.53977e-06
1.19846e-05
6.43213e-06
1.00494e-05
8.60969e-06
1.43757e-05
1.09003e-05
1.05986e-05
9.47994e-06
1.64023e-05
1.05936e-05
2.30635e-05
2.39188e-05
9.60254e-06
1.31361e-05
1.81346e-05
1.96135e-05
3.89814e-05
3.50213e-05
9.36625e-05
8.09007e-05
1.6618e-05
4.0567e-05
3.54133e-05
1.93162e-05
0.000112042
9.50397e-05
0.000113845
0.000155865
3.19813e-05
1.68305e-05
2.56122e-05
2.69831e-05
0.000114458
4.34535e-05
0.000113337
0.000110829
6.12546e-05
0.000107187
5.16971e-05
6.39224e-05
0.000101454
3.78659e-05
8.88676e-05
0.000167705
1.96071e-05
1.2171e-05
2.00601e-05
4.74297e-05
7.87049e-05
3.81885e-05
5.28615e-05
0.000142538
8.00638e-05
0.000157066
0.000102868
3.79519e-05
)
;
    }
}


// ************************************************************************* //
