/*--------------------------------*- C++ -*----------------------------------*\
| =========                 |                                                 |
| \\      /  F ield         | OpenFOAM: The Open Source CFD Toolbox           |
|  \\    /   O peration     | Version:  2412                                  |
|   \\  /    A nd           | Website:  www.openfoam.com                      |
|    \\/     M anipulation  |                                                 |
\*---------------------------------------------------------------------------*/
FoamFile
{
    version     2.0;
    format      ascii;
    arch        "LSB;label=32;scalar=64";
    class       volScalarField;
    location    "500";
    object      p;
}
// * * * * * * * * * * * * * * * * * * * * * * * * * * * * * * * * * * * * * //

dimensions      [0 2 -2 0 0 0 0];

internalField   nonuniform List<scalar> 
43136
(
-0.0133967
0.0035491
-0.0192756
0.00602436
0.00128912
-0.0070499
-0.00444902
-0.00361128
-0.000539359
-0.0244075
-0.0108478
-0.0050603
-0.00562873
-2.24582e-06
-0.00654914
-0.00724082
-0.00856982
-0.00326024
-0.00505031
-0.00146962
-0.00467837
-0.00619197
-0.00232984
-0.00515894
0.0109306
0.00702564
0.00376159
0.0127627
0.0105947
0.00808703
0.0132585
0.00685077
-0.000709583
-0.00657406
0.00688871
0.00354385
0.00439429
-0.0039812
0.00872512
0.00228272
0.00338309
0.0011848
0.000320893
-0.0123617
-0.00498764
-0.00217313
0.00401334
-0.000818126
-0.00287544
0.00774812
0.00761695
0.00529604
7.9991e-05
0.00278787
0.00206679
0.0036075
-0.00699045
-2.60632e-06
0.000533556
-0.00596139
-0.00835489
-7.89263e-05
-0.00132783
-0.000620998
0.0927525
0.10846
0.0928311
0.0834743
0.0972699
0.10102
0.0912061
0.0933488
0.110695
0.0731155
0.0811927
0.0772324
0.0989571
0.0962592
0.0933191
0.0837265
0.0827346
0.0653327
0.0481951
0.0583179
0.0767102
0.0720686
0.0695151
0.0563094
0.067581
0.0627639
0.0581261
0.0501324
0.06115
0.0646773
0.0597843
0.0546368
0.109227
0.0904195
0.0795179
0.0788324
0.0980159
0.0900573
0.0873127
0.0839433
0.110942
0.0833069
0.0863067
0.0935529
0.098414
0.0893248
0.0930807
0.0925933
0.0839746
0.0765797
0.0755952
0.0641572
0.0739931
0.0732463
0.0694818
0.0691857
0.0807995
0.0578693
0.0731197
0.0822376
0.0761411
0.0728472
0.0829066
0.0677439
0.00165921
0.000871412
0.00221699
0.00141513
-0.000711403
0.000270774
-0.000487835
-0.000901144
-0.0015655
-0.00054619
0.000152235
0.000503711
-0.00102213
0.000445156
-0.00254359
-0.000195678
0.000409017
0.000899715
0.00450383
-0.0052023
0.00101345
0.00373238
0.000476898
0.00441541
0.00521384
0.00453704
0.00315659
0.0109303
0.00746452
0.00493759
0.00692585
0.00550429
0.000137415
-0.000608988
0.00151237
0.00167177
-0.000295806
-0.00304478
0.0019547
0.00199179
0.000970609
0.00127843
0.00310346
0.00155865
-7.18509e-05
-0.00298454
-0.000468143
0.000771711
-0.000216792
0.00136122
0.000685148
0.000891805
0.00297934
0.000151287
0.00150776
-0.00200406
-0.000759556
-0.000246377
0.00107409
0.0010247
-0.0024797
0.00065116
0.00016112
9.59195e-05
-1.94317
-1.46681
-0.602533
0.0227735
-0.692886
-1.18291
-0.0258059
-0.429033
-0.949736
-0.719285
-0.297043
0.0780215
-0.260171
-0.560641
0.000125374
-0.27262
-0.318176
-0.103565
-0.271311
-0.132157
-0.210852
-0.198346
-0.178376
-0.211561
0.133028
0.146903
-0.0856323
-0.0165646
0.13119
0.100981
0.0947673
0.0493302
-0.372195
-0.464843
-0.0378718
0.00389116
0.0505706
-0.0296651
-0.0604068
-0.0673545
-0.839908
-0.0484202
-0.329021
-0.514657
-0.454387
0.0584354
-0.612264
-0.379669
-0.58962
0.174842
0.15658
0.114148
-0.2283
0.00840075
-0.0225662
-0.0173088
-0.178421
0.0283971
0.130749
-0.143403
-0.391852
-0.150296
-0.379014
-0.166874
-2.15758
-1.645
-0.97149
0.0876829
-0.799555
-1.51479
-0.19116
-0.63128
-0.937426
-0.577979
-0.367697
-0.321778
-0.43839
-0.585468
-0.430601
-0.56885
-0.163392
-0.270638
-0.26635
-0.350351
-0.373551
-0.309632
-0.503305
-0.594278
0.0822613
-0.087395
-0.161032
-0.063576
-0.0593825
-0.0687939
-0.087192
-0.0929585
-0.463651
-0.50935
0.0193185
-0.170651
-0.157261
-0.1073
-0.209817
-0.272184
-0.792498
-0.372531
-0.385362
-0.502221
-0.470661
-0.432272
-0.565358
-0.411009
-0.459968
0.181086
0.0422105
-0.19677
-0.492634
-0.129837
-0.341962
0.0114776
-0.362262
-0.12937
-0.0414408
-0.706147
-0.660476
-0.405042
-0.731705
-0.408111
-0.00549997
-0.00429677
-0.0106754
-0.00168557
-0.00726248
-0.00561952
-0.00707569
-0.00741549
-0.0151617
-0.0169887
-0.026247
-0.00917756
-0.00966329
-0.0242228
-0.00648595
-0.0211574
0.0035362
-0.0253129
0.0109537
-0.00568803
-0.00700011
0.00349384
-0.0108203
-0.010461
0.00323044
0.00545679
0.00183755
0.0130788
0.00732792
0.00640505
0.00732262
0.00656241
-0.010134
-0.00982418
-1.8482e-05
0.00243004
-0.0048506
-0.0103708
-0.00365708
0.00119867
-0.0134357
-0.00708664
-0.0181125
0.000157382
-0.0159
-0.00351424
-0.0175753
-0.0101021
-0.00948205
0.000303265
0.00334472
0.00343197
0.000364341
0.0013201
0.000335495
0.00308848
-0.00738342
-0.00374152
-0.00318155
-0.0142483
-0.00603315
-0.00660379
-0.00811738
-0.0120216
0.0249013
0.0201536
0.023733
0.0214623
0.0246027
0.0227726
0.0234647
0.0222862
0.00794393
-0.00733883
0.00511868
0.00320991
0.000745481
-0.0049245
0.00131841
0.00354044
0.0171558
0.0040437
-0.00641572
0.00845491
0.0102851
0.00808673
0.00964818
0.00208471
0.0180681
0.0101003
0.0130009
0.0158564
0.0160957
0.0139618
0.0156424
0.0133434
0.0169708
0.019834
0.0197186
0.0105173
0.0160677
0.0190232
0.0136126
0.018515
0.0138201
0.00908301
0.00400705
0.018686
0.0134659
0.00892051
0.0165763
0.00888759
0.0193858
0.0192057
0.0107334
0.0140763
0.0175952
0.0168882
0.013761
0.0138496
0.0160245
0.00981932
0.00672968
0.00232693
0.0110647
0.012613
0.0105447
0.00895106
0.0716438
0.0619433
0.0649904
0.0507614
0.0639854
0.0634233
0.0598035
0.056946
0.047318
0.021406
0.0298518
0.0193863
0.0226095
0.0077136
0.0169994
0.00997129
0.048708
0.0146884
0.01788
0.0297054
0.0227779
0.0193822
0.0227942
0.017358
0.0365947
0.0209479
0.0291625
0.0261673
0.0301461
0.0295605
0.0298824
0.0261005
0.0461137
0.0448827
0.0429328
0.0290556
0.0420114
0.0444874
0.0338645
0.0418486
0.0409441
0.0283701
0.0220152
0.0404342
0.0354688
0.0313788
0.0441663
0.0243012
0.0428409
0.0428643
0.0314079
0.0285969
0.041991
0.0368883
0.030161
0.0298655
0.0389501
0.0237156
0.0212036
0.0166123
0.0270938
0.0299082
0.0228498
0.0198148
-0.368909
-0.471049
-0.363607
-0.276342
-0.226564
-0.491545
-0.157535
-0.284741
-0.772011
-1.11244
-1.20131
-0.29895
-0.450009
-0.556501
-0.018078
-0.381791
-0.472718
-0.555799
-0.40431
-0.296711
-0.213509
-0.580006
-0.100235
-0.186418
-0.124008
-0.0865751
-0.0367892
-0.0260436
-0.0378697
-0.112983
-0.017853
-0.0551378
-0.455821
-0.183034
-0.108809
-0.0820835
-0.413431
-0.28033
-0.218164
-0.158742
-0.281565
-0.173918
-0.860487
-0.477229
-0.447005
-0.526705
-0.385183
-0.336876
-0.148719
0.125815
0.0106297
-0.110317
-0.307218
-0.163521
-0.139159
-0.0502395
-0.180537
-0.157868
-0.0850426
-0.130144
-0.0580624
-0.281217
-0.0943529
-0.261455
0.0416087
0.0389029
0.0338315
0.0317891
0.0407636
0.0386961
0.0345046
0.0340322
0.0372626
0.0407468
0.0312353
0.0315028
0.0343263
0.033218
0.0273363
0.0296271
0.0288767
0.0276624
0.0263103
0.02319
0.0272214
0.0270356
0.0244706
0.0259418
0.0124559
0.0122265
0.0132814
-0.00577496
0.00282486
0.00744485
-0.0029776
0.00632183
0.0352401
0.0323865
0.0259983
0.0214361
0.0290775
0.0319333
0.0341001
0.0266718
0.0339299
0.0230039
0.0286141
0.0308655
0.0308276
0.0290912
0.0309517
0.0299925
0.0270017
0.0181851
0.01346
0.0165854
0.0249478
0.0226949
0.0225429
0.0171529
0.0274723
0.0206783
0.0202342
0.0266557
0.0263677
0.0234661
0.0239958
0.0269314
0.0697532
0.0591053
0.0616312
0.0525092
0.0614506
0.0657179
0.0604767
0.0622642
0.051647
0.0469066
0.0523988
0.0420489
0.0482672
0.050646
0.0485533
0.0529552
0.0458641
0.0469284
0.029007
0.0355821
0.0432761
0.0464522
0.0314423
0.0267117
0.0385294
0.0343535
0.0279681
0.0283
0.0340791
0.0331963
0.0292333
0.0279826
0.0554891
0.0551945
0.0460338
0.0425493
0.0540636
0.0587815
0.0464679
0.0462104
0.0568563
0.0421583
0.0567834
0.0589261
0.0566688
0.0519941
0.0580082
0.0535576
0.0491145
0.0410681
0.0381685
0.0306971
0.0389601
0.0426336
0.0382759
0.0377092
0.0494535
0.0270414
0.0391504
0.0518724
0.0484636
0.0358881
0.0466027
0.0389
0.175422
0.144811
0.142282
0.160633
0.16744
0.154939
0.166049
0.155007
0.10135
0.0557372
0.094994
0.0821681
0.0920275
0.0858673
0.0857106
0.0936463
0.118833
0.10455
0.103743
0.124625
0.113597
0.105324
0.113649
0.105893
0.139418
0.0845481
0.129282
0.0955236
0.121599
0.122373
0.117673
0.123487
0.133566
0.135681
0.157208
0.104534
0.132326
0.143192
0.123719
0.14644
0.128315
0.100085
0.101199
0.126716
0.128897
0.10514
0.121256
0.110385
0.135276
0.151835
0.104327
0.127462
0.144554
0.146953
0.130006
0.122972
0.128057
0.12225
0.108962
0.104125
0.117714
0.120034
0.105944
0.109966
0.109245
0.0856018
0.0851265
0.106805
0.107916
0.0891595
0.111753
0.0918052
0.0769954
0.0759014
0.0698674
0.0720712
0.0787887
0.0753803
0.0735027
0.0734645
0.063243
0.060184
0.0545746
0.0702722
0.0630839
0.0572814
0.0618814
0.055152
0.0729792
0.0577123
0.064691
0.0386424
0.0638611
0.0536481
0.0552233
0.053186
0.0885708
0.0831386
0.0977066
0.0767846
0.0867372
0.0880552
0.0794629
0.0789709
0.0806281
0.0707412
0.0661424
0.0723019
0.0794276
0.0757942
0.0736861
0.0708076
0.0844478
0.103914
0.0743554
0.0746827
0.0778619
0.0826401
0.0736446
0.0760225
0.0734444
0.0648224
0.0695265
0.0652738
0.0680241
0.067855
0.0681164
0.0690341
0.0685965
0.0801324
0.113743
0.0552353
0.064548
0.0910214
0.0744923
0.0989271
0.069136
0.0512256
0.0669285
0.0541261
0.0546325
0.0585858
0.0623501
0.0615665
0.115734
0.0839025
0.0970028
0.0983738
0.0994716
0.0927577
0.100708
0.094461
0.0587551
0.0620886
0.0881986
0.0628407
0.0595365
0.0759248
0.0644836
0.0811934
0.071241
0.103758
0.0657108
0.0643538
0.0750626
0.0869083
0.0687149
0.0891236
0.0780246
0.0666222
0.0762495
0.104343
0.0819204
0.0692056
0.0934922
0.0756361
0.11009
0.07768
0.0704551
0.0920155
0.101454
0.0898526
0.0865206
0.0821129
0.109121
0.0942005
0.0693267
0.0790598
0.0912967
0.0901737
0.0815863
0.0795544
0.0015164
0.00250224
0.00056562
0.00660476
0.00466482
0.00375254
0.00350729
0.00258197
0.00149902
0.00108774
-0.0106894
-0.000199555
0.000480071
-0.00907289
-0.00308977
0.00137039
-0.00387381
-0.0190316
-0.0217526
0.00554375
0.000226866
-0.01486
0.0129449
0.0073631
0.0136596
0.0110794
0.0147845
0.0206473
0.0164887
0.0135208
0.0144724
0.0260614
0.00326271
0.00595455
0.00964642
0.00748755
0.00195959
0.00334986
0.00431178
0.00607694
0.00066024
-0.000142255
-0.0103379
0.00391186
-0.00105015
-0.00231351
-0.00763904
-0.00360027
0.00790619
0.00674534
0.00355114
0.0112049
0.00775755
0.0104545
0.009683
0.0132633
-0.00463729
0.0166922
0.0123783
-0.00512454
-0.00220081
0.00313756
0.00613238
-0.00231589
0.0197506
0.0133237
-0.0035691
0.026361
0.0150062
0.00072449
0.0135863
0.00146522
0.024746
0.00489242
-0.0278786
0.0127865
-0.0019146
0.0134767
0.00831253
-0.00105253
-0.0163016
-0.0161465
-0.0130357
-0.00180275
-0.00727563
-0.008397
-0.0116703
-0.00102708
0.0252914
0.0175671
0.00986923
0.0214922
0.0226824
0.026827
0.0207278
0.0206269
0.00410927
-0.00482473
0.0212019
0.014563
0.012418
0.00401982
0.0124934
0.0173105
-0.00922039
0.0139166
-0.000737969
-0.00868565
-0.00671829
-0.00580805
-0.0213028
-0.00849111
-0.000339083
0.0216592
0.0147364
0.00702092
0.00700096
0.0159102
0.0076042
0.0177509
-0.00231303
0.00601083
0.00995893
-0.00679557
-0.00349959
0.00746423
-0.00786667
-0.00248593
0.00207631
0.00909005
0.00293048
0.00867304
0.00697964
0.00845552
0.00196766
0.00637644
0.0156
0.0210486
0.0185244
0.0207486
0.0161699
0.0194074
0.0155163
0.0201932
0.00207341
0.0144005
-0.0138653
0.0138142
0.00738143
0.0118244
0.00261876
0.0173277
0.00296963
0.00632377
0.010154
0.0472321
-0.0124436
-0.00496007
0.0263221
0.0458385
0.0099207
0.00853061
0.00743078
0.0104761
0.00929078
0.00479482
0.00821699
0.00875019
0.0133008
0.0138947
0.0193062
0.00924325
0.0114163
0.00921521
0.00946888
0.0152502
0.00412093
0.00490208
0.00653395
0.00712622
0.011762
0.0092024
0.00438924
0.00268287
0.0118107
0.0323764
0.0125513
0.0155352
0.0119011
0.00946959
0.00990074
0.0145723
-0.248461
-0.692128
-0.224438
-0.227602
-0.194907
0.0895714
-0.379971
-0.254254
-0.43037
-0.328231
-0.285753
-0.273475
-0.554657
-0.385987
-0.339241
-0.28164
-0.0394799
-0.0416794
0.0253198
-0.0047397
-0.0179091
-0.00603213
-0.0152936
-0.00998687
-0.0866475
-0.078954
0.0238982
0.00225656
-0.0519589
-0.0471251
0.0173155
-0.00777163
-0.300338
-0.168629
-0.081101
-0.104387
-0.343218
-0.388839
-0.313393
-0.14527
-0.309296
-0.219454
-0.108855
-0.172496
-0.244649
-0.157315
-0.228389
-0.153748
-0.130705
-0.0116346
-0.113544
0.0170779
-0.00499281
-0.0149437
-0.00250701
-0.0911218
-0.0435684
-0.00237661
-0.0902876
-0.100135
-0.0691132
-0.0386618
-0.0968701
-0.0782192
-0.750205
-0.545296
0.00146095
0.182931
-0.085258
-0.583919
-0.688647
-0.363534
-0.219955
-0.220256
-0.131914
-0.163897
-0.351606
-0.144019
-0.24246
-0.221514
0.0391718
0.0510822
0.0436757
0.078022
0.0842304
0.0816629
0.0341114
0.0315839
0.0262056
-0.00132888
0.0884801
0.0722184
0.0229762
0.130607
0.0996145
0.0767391
-0.280222
0.0556704
-0.0792728
0.0941597
-0.372412
-0.110549
-0.255325
-0.0673265
-0.204903
-0.173747
-0.0813941
-0.0179548
-0.211777
0.0143166
-0.232216
-0.100499
-0.280619
0.0037993
-0.0027243
-0.00618667
0.0459698
0.0585801
0.137634
-0.103328
0.0330062
0.0596688
-0.054232
-0.193725
-0.100518
0.102241
-0.119992
0.053232
-0.9121
0.217244
-0.413158
-0.153845
-0.0535232
-0.0993196
0.0356919
-0.209141
-0.127052
-0.00154512
-0.0600638
-0.0351799
0.000953331
-0.101452
0.0902805
-0.0181559
-0.139957
-0.4958
-0.125266
-0.14617
-0.00463377
0.0744545
-0.0729484
-0.0617782
0.00496765
-0.0276433
-0.0461884
-0.0352018
-0.0433224
-0.0714588
-0.00569413
-0.043871
-0.277218
-0.0599446
-0.0847846
-0.0650329
-0.0762891
-0.0746035
-0.0560157
-0.0642233
-0.262105
-0.107759
-0.155834
-0.106589
-0.190475
-0.0391095
-0.295794
-0.195059
-0.0517416
-0.101651
-0.0139217
-0.0212165
-0.0906377
-0.111369
-0.12811
-0.0781378
-0.126037
-0.100268
-0.0647929
-0.159032
-0.140403
-0.185095
-0.213943
-0.124268
0.061024
0.0540199
0.0452766
0.0495073
0.0506476
0.0476831
0.0459808
0.0440774
0.0186196
-0.00463391
0.0183228
0.0113073
0.0109241
0.012347
0.0107124
0.0129269
0.0310603
0.0272273
0.0274616
0.0228814
0.0283559
0.0272112
0.0260108
0.0270173
0.0164329
0.00781317
0.00658874
-0.0126315
0.000848856
0.00279533
-0.000779777
0.00681583
0.0281596
0.035499
0.0267303
0.0144219
0.0237181
0.027383
0.0381632
0.0214867
0.0257454
0.0130037
0.0257263
0.0322945
0.027128
0.0145241
0.0316391
0.0247282
0.0303308
0.0193475
0.0107526
0.019586
0.0279324
0.0241452
0.0208387
0.00977868
0.0317631
0.0220889
0.0175561
0.0247338
0.0235954
0.0193967
0.0224933
0.018985
-0.00264703
0.0243154
0.00344743
0.00222705
0.0107444
-0.0161817
-0.00126492
0.0168791
0.0389383
0.0397996
0.0885625
0.0571912
0.0738646
0.0315294
0.0664552
0.0218789
0.110292
-0.129177
-0.114389
-0.0420442
0.0323765
-0.0172419
0.0646903
0.106719
0.00827372
0.0456194
0.0518402
0.0480029
0.0249614
0.038063
0.0585852
-0.00205455
0.0494975
0.0344696
0.0410329
0.0723598
0.0133384
0.0306917
0.043111
0.0220303
-0.0784499
0.0623681
-0.0317889
-0.222366
0.0427952
0.00220247
0.130776
0.100891
-0.0323341
0.00681931
0.0768344
-0.0822729
0.0138468
0.0233761
0.0621948
-0.0114035
-0.0514633
0.0108801
0.0340857
0.0749091
-0.0390164
-0.0364333
0.140195
-0.00626544
0.0117483
0.0253445
0.0452877
0.0524413
0.0234478
0.0347118
0.0329445
0.0391999
0.0251824
0.0239956
0.0307489
0.0213516
0.0199895
0.0265943
0.0231473
0.0278042
0.0514267
0.038404
0.0440529
0.0362518
0.0430865
0.0442432
0.0428839
0.0456429
0.0382671
0.00924667
0.023835
0.0685637
0.0176256
0.0213372
0.00618628
0.0202556
0.0235241
0.0406287
0.018243
0.0129918
0.0249637
0.0281448
0.0157476
0.0381913
0.0265168
0.0228492
0.0345239
0.0443925
0.0319505
0.0260613
0.0388787
0.030612
0.0474298
0.0430648
0.0139568
0.0293948
0.0463826
0.0372517
0.028855
0.0219736
0.0498272
0.0360856
0.024324
0.0361266
0.0382651
0.0360327
0.0331273
0.0309883
0.0657794
0.0558464
0.065627
0.0618711
0.0631447
0.0614293
0.0639803
0.0622598
0.0441262
0.031588
0.0351055
0.0330536
0.0373338
0.0362784
0.0381917
0.0349671
0.0597106
0.0359428
0.0301221
0.0346036
0.0438462
0.0397603
0.0449039
0.0438629
0.0504681
0.0319395
0.0346113
0.0228037
0.0420661
0.0404463
0.0462941
0.0358042
0.0495391
0.0608718
0.0572557
0.0401661
0.0510014
0.0554969
0.0468247
0.0554742
0.048871
0.0388878
0.0401002
0.058234
0.0462942
0.0414355
0.0515523
0.0418075
0.0602803
0.0596193
0.0422758
0.0451445
0.0558717
0.0532159
0.0437229
0.0476586
0.0583155
0.0414431
0.0383757
0.0384784
0.0500626
0.0404154
0.0422891
0.0347587
-1.08667
-0.99278
-0.52169
-0.16686
-0.275874
-0.908739
-0.744089
-1.13702
-0.757574
-2.22795
-1.12169
-0.668893
0.0588655
-2.01914
-0.894252
1.36112
-0.368442
-0.901138
-0.295477
-0.119155
0.480116
-0.899934
-0.660749
-0.12142
-0.0517571
-0.0121214
-0.301418
-0.00186674
0.0316196
-0.0190891
-0.124064
-0.210618
-0.445063
0.0790244
0.103215
-0.103679
-0.858596
-0.561005
-0.462306
-0.437113
-0.429882
-0.611571
-1.40274
-0.665335
-1.38104
-0.715432
-0.63214
0.124218
-0.643557
-0.48309
-0.448352
-0.673763
-0.126348
-0.0478502
0.13233
-0.276374
-0.376911
0.0987569
-0.0992909
-0.066684
-0.224552
-0.534178
-0.321577
-0.554693
-0.179051
-0.663622
-0.499154
-0.0198029
0.11333
-0.71233
-0.470472
-0.612011
-1.03254
-1.78048
-0.174281
-0.486534
2.08463
-2.22172
-0.76736
0.900543
-0.474583
-0.524232
-1.0732
-0.413548
-0.577507
-0.356431
-0.581215
-0.291787
-0.296798
0.0841361
-0.179689
-0.0172342
-0.274117
0.135133
0.0105244
-0.109372
0.443485
-0.839698
0.209927
-0.117469
-0.949957
-0.994681
-0.290036
-0.172319
-1.35544
-0.491446
-0.0623749
-0.0635454
-0.115257
-0.996171
-0.117207
-0.117213
-0.527478
0.11662
0.0484518
-0.341542
-0.143258
-0.128831
-0.280027
-0.00383733
-0.716751
-0.303837
-0.281335
-0.325745
-0.760251
-0.26742
-0.76334
-0.315381
-0.545583
-0.683112
-0.217833
-0.22923
0.737249
-0.46783
-1.55576
-0.441503
-0.606767
-0.968714
-1.55754
-0.462165
-0.563174
-0.914791
-0.746822
-1.08637
1.03617
-2.04681
0.0821696
-0.668895
0.607035
-1.61225
-3.07005
2.12505
-0.0828421
-0.0541476
-0.221014
-0.0835579
0.0676331
-0.0609818
-0.205736
-0.0786801
-0.0163178
0.502437
0.20223
0.0770066
-0.73746
-0.478658
-0.296886
-0.270777
-0.633415
-0.553114
-1.57979
-1.01382
-0.567221
-0.386201
-1.1116
0.552483
-1.37487
-0.587192
-0.0544725
-1.01178
0.29942
0.155425
0.402708
0.0535927
-0.110923
1.11513
0.276412
-0.517844
0.405394
-0.807442
0.158858
-0.720777
-1.89512
0.711632
-0.97482
-1.61432
0.557378
-1.08082
1.58838
0.206774
-0.878857
-1.12988
-1.51192
-0.717948
-1.1536
-1.0669
-1.39897
-1.35229
-1.51555
-0.213792
-0.89589
-0.0725369
0.194202
-0.190556
-0.457833
-0.0198831
-0.525118
-0.0577562
-0.0933446
-0.0184318
-0.145405
-0.601421
0.183035
0.0893656
-0.187143
0.667399
-0.419563
-0.367006
-0.465651
1.15305
-0.551045
-1.15287
-0.108878
-0.698128
0.526472
-0.631005
-0.374333
-1.18541
1.07468
-0.0762201
1.08662
1.11835
0.562495
-0.110085
-0.0988237
0.00359572
-0.116578
0.844391
0.288839
0.044296
-0.00796986
0.257866
1.94032
-0.331491
-0.102578
0.0469491
-1.33055
-0.967606
0.175625
-0.000860925
-0.0175941
-0.639468
-1.20109
-0.119776
-1.06784
-1.8043
-2.05858
-0.0665142
-1.13417
-1.67642
-0.191041
0.251884
-0.188439
-1.63001
0.501158
-0.764512
0.622864
-1.64914
-1.98277
-0.236078
0.176612
0.120337
-0.493513
0.0635076
0.121938
0.13739
-0.188965
-0.0261676
-0.68662
0.192079
0.342885
0.411711
-0.551397
-0.234402
-0.0952043
-0.0984775
-0.973985
-0.0522032
-1.7572
-0.10866
-0.800702
0.193798
-0.279714
0.907598
-0.86282
-0.272515
-0.380367
-0.982377
0.0444871
-0.154973
0.0160966
-0.260853
-0.641479
0.151841
0.29327
-0.935983
-0.893764
-0.285314
-1.04982
-0.291558
-0.232271
-1.55209
-1.20246
-0.564088
0.405213
-1.65833
-0.771537
-0.470348
-2.00482
-1.58227
-0.755733
0.124956
0.634646
-1.93753
-1.21506
-0.400618
-0.707287
-0.532213
-0.922617
-0.435196
-0.311276
-0.598371
-1.32077
0.0448423
-0.357804
0.152114
-0.145269
0.0586511
0.00472534
0.213882
0.0405777
0.0540066
-0.545375
-0.327569
0.355083
0.146007
-0.764934
-0.912563
0.0265973
0.287098
-1.65923
0.345558
-0.759051
-1.3091
-1.47621
-1.18778
-1.1774
-0.938914
-1.22196
-0.156201
0.550581
-0.691319
0.47987
0.681307
0.225187
0.351715
-0.13506
0.178613
0.0540881
-0.573871
-0.66079
0.198609
-0.591667
-0.0474404
-1.12967
0.537689
-1.387
0.156467
-0.277714
-1.11786
-0.284802
-0.587123
0.0605984
-0.634115
-1.92972
-0.765573
-1.35149
-0.99124
-1.30591
-0.867742
-2.87098
-0.563189
-2.56118
-1.39617
-0.735151
-2.4898
0.808963
-0.907436
0.176687
-0.113408
-0.343771
0.0982651
0.0424823
-0.181931
0.0862158
-0.0644538
-0.429508
-0.956064
0.221601
-0.427597
-0.787862
-1.28304
-0.352618
-0.141233
0.754092
-0.0778523
-1.33418
-1.33095
0.632984
-0.613824
0.265459
-0.761579
-0.847006
0.222481
-0.549134
-0.0922065
-0.617342
0.0317508
-0.228366
-0.367377
-0.320001
-0.515086
-0.28311
-1.1932
1.3471
-0.658038
-0.514613
-0.0328514
-0.688384
-0.857181
-0.630208
-0.553071
-0.357848
-0.950785
-0.475821
-0.731356
-1.51448
-2.06551
-1.30704
-1.08842
-2.54771
-2.99912
-0.106191
-1.3471
-0.761609
-1.10944
-0.775342
-0.85869
-0.132648
-1.34387
-0.135935
0.306286
-0.170917
-0.27737
-0.187368
0.0246372
0.185429
-0.111555
0.0827078
-0.204368
-0.688051
0.0365997
-0.695845
0.0826608
-0.471581
-0.430104
-0.438689
-0.421885
-1.78744
-0.747298
-2.23743
-1.26238
-0.023606
0.0777459
-1.03379
-1.29867
-0.303206
0.182412
-0.055185
0.457518
-0.424062
-0.373878
-0.271106
-0.0180973
-0.418472
-0.358898
-0.371646
-2.39548
0.454999
-0.0912177
0.27119
-0.30747
-0.0755083
-0.051174
-0.00953496
-0.0871362
0.039793
-0.0275181
-0.00252869
0.00898478
-0.090955
-0.00530649
-0.106612
-0.014481
-0.026621
0.0222286
-0.0799047
-0.0150138
-0.0236684
-0.256314
-0.169063
-0.0960317
-0.0437234
-0.157811
-0.162923
-0.108116
-0.040814
-0.0039884
-0.0428877
-0.0323265
-0.0326294
-0.0195851
-0.0397414
-0.0212743
-0.0175817
-0.0139947
-0.0337258
-0.0358687
-0.032389
-0.0994474
-0.080512
-0.0569923
-0.0387076
-0.0796879
-0.163987
-0.0421632
-0.0262781
-0.0664602
-0.0817755
-0.0687814
-0.0536808
-0.0671133
-0.0147901
-0.0381406
-0.144989
-0.0545892
-0.0769319
-0.0298275
-0.0652246
-0.0568865
-0.0355286
-0.0921403
-0.255931
-0.150325
-0.155384
-0.126043
0.00472714
0.000116847
-0.00111119
0.00875712
0.0017747
0.00100084
0.00106854
0.00351782
-0.00886332
-0.0512505
-0.0233347
-0.0721689
0.0182685
-0.0131979
0.0160475
-0.0269418
-0.0018605
-0.00619813
0.0074
-0.00157776
-8.5651e-05
-0.00738262
0.0039528
-0.0130053
0.00368614
-0.0376536
0.0153465
0.0773903
0.0122971
0.0105571
0.0378013
0.0136969
-0.00373362
0.00166474
0.0110979
0.011738
-0.00193949
0.00235422
0.00345593
-0.000363386
-0.0105514
-0.0182778
-0.00729705
-0.0054258
-0.00994212
0.0255022
-0.00817712
0.0127489
0.00194727
0.018342
0.0230949
-0.0080075
-0.00130208
0.0011175
-0.00861575
0.00890089
-0.00675694
-0.0170599
-0.0299861
-0.0121807
0.00598792
-0.01408
0.0194901
-0.00942848
-0.414715
-0.0345447
0.301057
-0.223823
-0.23695
0.0875672
-0.1195
0.0170848
0.26418
-0.227618
-0.98196
-0.192042
-0.407999
-0.310893
-0.0628667
-0.116305
-0.535541
-2.10314
-3.06355
-0.375156
-0.637844
-1.65116
0.059001
-1.029
-0.0313354
-0.0086096
-0.0331116
-0.00476657
-0.0169506
-0.00614746
-0.000335458
0.0107638
-0.331382
0.0266247
-0.204447
-0.00708033
-0.781828
-0.69998
-0.3986
-0.401654
0.212151
-0.20247
-0.620202
-0.243195
-0.074733
-0.220394
0.0257548
0.0201401
-0.410376
-0.159931
0.0173797
-0.02932
-0.325225
-0.333734
-0.102911
-0.0567621
-0.312116
-0.0790845
-0.187559
-0.264448
0.506941
-0.158474
0.55185
-0.132521
0.00502002
0.00854769
0.00940519
0.00418591
0.00609718
0.0118141
0.00444566
0.00841991
0.0194482
0.0287815
0.0275896
0.0304481
0.00774368
0.0149241
0.0211212
0.0229697
0.0177655
0.0286003
0.0261292
0.0262639
0.0220127
0.0257566
0.0242523
0.026588
0.00279722
0.0230412
0.0223465
0.00748311
0.0180819
0.0217595
0.022537
0.0239318
0.0117523
0.0126193
0.0135828
0.0198092
0.0144935
0.0150353
0.0166543
0.0153225
0.0182654
0.0245692
0.023133
0.0168027
0.0168914
0.0285477
0.01667
0.0221725
0.0175286
0.0121273
0.0247957
0.0253891
0.0152944
0.0150761
0.0208459
0.0264443
0.0182093
0.0268401
0.0285382
0.027138
0.0255152
0.0275288
0.0271403
0.0274611
0.204133
0.241022
0.181419
0.199176
0.197508
0.200381
0.171896
0.153809
0.365987
0.190629
0.346957
0.0340962
0.237968
0.250668
-0.0466298
-0.168087
0.120922
0.0517857
0.0589625
0.083697
0.0723079
0.0735065
0.0720314
0.0355288
0.155425
0.0612296
0.0761137
0.0814291
0.126158
0.0991398
0.123211
0.0854641
0.234772
0.141872
0.169889
0.106675
0.1637
0.161597
0.130049
0.18983
0.179548
0.0405313
0.17355
0.168844
0.086981
-0.0500361
0.203832
0.119507
0.119541
0.158431
0.131831
0.0829596
0.143727
0.141173
0.112317
0.202242
0.0858841
0.0551962
0.114002
0.0914339
0.104851
0.125474
0.109753
0.121363
-0.291521
-0.349481
-0.237673
-0.273438
-0.330105
-0.240711
-0.265125
-0.376367
-0.285964
-0.519548
-0.785271
-0.371034
-0.525005
-0.485851
-0.503762
-0.463285
-0.690398
-1.3483
-2.34547
0.133692
-0.455477
-1.22399
-0.281826
-0.58726
-0.108886
-0.0747018
0.177054
-0.0293643
-0.142867
-0.103609
-0.149254
-0.0642295
-0.415347
-0.27672
-0.26789
-0.223223
-0.523763
-0.524316
-0.40237
-0.488098
-0.318466
-0.538883
-0.655911
-0.39478
-0.452788
-0.480837
-0.400018
-0.436597
-0.496134
-0.183571
-0.0468362
-0.0881812
-0.754106
-0.356487
-0.357093
-0.148626
-0.486468
-0.101194
-0.258521
-0.47745
-0.196636
-0.554549
-0.27081
-0.430998
-0.500647
-0.603334
-0.333371
-0.316698
-0.425323
-0.550802
-0.323226
-0.339713
-1.01103
-1.60593
-0.874116
-0.46071
-0.725697
-0.945641
-0.413241
-0.368403
-0.33748
-0.300694
-0.0898818
-0.211996
-0.235124
-0.323144
-0.375597
-0.142102
-0.0118939
-0.0464337
-0.0483784
0.0234219
0.0154947
-0.0574784
-0.0214576
-0.00489272
-0.569356
-0.251725
-0.130494
-0.138717
-0.566965
-0.405945
-0.319048
-0.120421
-0.467323
-0.364298
-0.71112
-0.471178
-0.428557
-0.512174
-0.467228
-0.443824
-0.112685
0.0115485
0.139642
-0.0931184
-0.287264
-0.0958523
-0.159114
-0.0184691
-0.169418
-0.18167
-0.116143
-0.175402
-0.19932
-0.341816
-0.331732
-0.399893
-0.204417
-0.487607
-0.521465
-0.254128
-0.102204
-0.270838
-0.090988
-0.16379
-0.55713
-0.512549
-0.539644
-0.199954
-0.122834
-0.33415
-0.235374
-0.368046
-1.20315
-1.04156
-2.35655
-0.27842
-0.667083
-1.36485
-0.059306
-0.414061
-0.0670789
0.00412903
-0.0169289
-0.00175167
-0.0640344
0.0407318
-0.0735026
-0.0125455
-0.174966
-0.345763
-0.184712
-0.177846
-0.204409
-0.119494
-0.25281
-0.456297
-0.261401
-0.296975
-0.555231
-0.559875
-0.272346
-0.096147
-0.586992
-0.315254
-0.00209761
-0.101309
-0.280217
-0.51259
-0.26235
-0.304276
-0.328541
-0.245827
-0.407862
-0.209853
-0.226197
-0.386749
0.000925588
-0.0935749
-0.0402929
0.00518277
-0.0195693
-0.00573528
-0.0549149
-0.074294
0.0537385
0.0123203
0.0594241
-0.00280075
-0.00795555
-0.00304024
-0.006374
-0.0122559
-0.00178285
-0.00553367
-0.000972324
-0.0124991
-0.0479269
-0.00596516
-0.0216159
0.00973617
-0.0366878
-0.0123133
-0.0040729
-0.0192542
-0.0396059
-0.0287975
-0.0463706
-0.0262433
-0.0372009
-0.0492417
-0.0187707
-0.0435991
0.0296629
-0.0128191
-0.0351447
-0.0148133
-0.000667499
0.0177437
-0.0297123
-0.0653178
0.0129055
-0.0206266
-0.0124223
-0.0324511
-0.0168841
-0.0173916
-0.0282652
-0.0189104
0.0134854
-0.027345
-0.0151292
0.0210438
-0.0475558
-0.0640676
-0.021944
-0.00185685
-0.0358567
-0.0160197
-0.0246485
-0.0166182
-0.0208077
-0.01475
-0.0069899
-0.00213516
-0.485805
-0.808292
-0.896242
-0.308682
-0.399741
-0.536705
-0.370082
-0.514406
-0.571787
-0.471036
-0.601484
-0.327255
-0.243095
-0.336506
-0.308669
-0.341195
-1.04639
-0.78583
-1.3951
-0.354839
-0.632672
-0.903836
-0.257196
-0.400998
-0.0503511
-0.0973091
-0.0340253
-0.0620329
-0.0644585
-0.0418938
-0.0604502
-0.0317436
-0.383226
-0.599111
-0.18406
-0.206729
-0.313414
-0.278984
-0.175566
-0.32093
-0.415139
-0.346946
-0.556153
-0.55418
-0.43778
-0.339691
-0.568495
-0.460199
-0.336886
-0.145008
-0.151958
-0.246168
-0.216768
-0.24337
-0.236003
-0.133154
-0.496172
-0.227642
-0.208329
-0.387787
-0.247312
-0.233713
-0.134206
-0.0975103
0.0722754
0.0747784
0.0815092
0.0692318
0.0713167
0.075692
0.0721681
0.0764186
0.0653939
0.0336041
0.0690458
0.0345167
0.0615055
0.0608619
0.0588365
0.056231
0.10014
0.0951394
0.115873
0.100744
0.101725
0.107395
0.1037
0.102002
0.0577327
0.0420423
0.0735064
0.0281694
0.0565827
0.0611163
0.0516897
0.0519698
0.0735122
0.0853471
0.0677469
0.0612895
0.0725714
0.0758854
0.060054
0.0695262
0.0766919
0.0606966
0.0858854
0.0899174
0.0747785
0.0657483
0.0821602
0.0824911
0.0847018
0.0678042
0.0555071
0.0766998
0.0806347
0.0703742
0.0800314
0.0597883
0.0886947
0.0794447
0.0550383
0.0813224
0.0838055
0.0825135
0.0833098
0.0661497
-0.00903545
-0.0164245
-0.0499355
-0.0283486
-0.0281515
-0.0310762
-0.021635
-0.0298713
-0.01232
0.00601645
-0.0541918
-0.00822724
-0.00294496
-0.00533101
-0.017366
-0.012715
-0.0878666
-0.140363
-0.0959924
-0.193835
-0.0999657
-0.183625
-0.174647
-0.183192
-0.0157033
-0.0246183
-0.0938301
-0.0405997
-0.0172555
-0.0104865
-0.0510196
-0.0377831
-0.0168295
-0.0467597
-0.0346247
-0.0140569
-0.0313238
-0.0545794
-0.0199307
-0.0246315
-0.013858
-0.0197703
-0.0463013
-0.0415683
-0.0293957
-0.0477434
-0.0256889
-0.0370913
-0.0924091
-0.0352414
-0.0378738
-0.101392
-0.0673471
-0.0406077
-0.0576729
-0.0673355
-0.0695779
-0.105658
-0.0398438
-0.0846786
-0.0821695
-0.0799335
-0.0173564
-0.0629139
0.113353
0.0871781
0.0926363
0.0992659
0.113413
0.0965075
0.10991
0.0905386
0.0596556
0.0182224
0.0272276
0.0340171
0.0413735
0.0213249
0.0466805
0.0307384
0.048991
0.0397294
0.0267501
0.0215358
0.0361251
0.0384934
0.0401106
0.0255986
0.0650773
0.0401411
0.0301986
0.0207663
0.0428579
0.0382041
0.0375058
0.0313143
0.0723204
0.0830343
0.0768498
0.043181
0.0707607
0.0827144
0.063533
0.0681304
0.0548539
0.0428564
0.0250644
0.0733892
0.0558326
0.0435277
0.0479208
0.0393699
0.086018
0.0698122
0.0425677
0.0398826
0.0644873
0.0605815
0.0445653
0.0514416
0.0573161
0.0272051
0.0359563
0.0389199
0.0488134
0.0352992
0.0392199
0.0378908
-0.269997
-0.290082
-0.43099
-0.254349
-0.155309
-0.186542
-0.11714
-0.128172
-0.089588
-0.0213104
0.114564
0.044107
-0.0261829
-0.171076
0.107511
-0.0404961
-0.674065
0.0195883
-0.69754
-0.178492
-0.268355
0.375807
-0.483655
-0.199268
-0.0390298
0.00875102
-0.0296298
-0.0199835
-0.0385121
-0.0654939
-0.0666013
-0.0529469
-0.169632
-0.119258
-0.123196
-0.0607196
-0.0620739
-0.103965
-0.140382
-0.131108
-0.170683
0.0300423
-0.0169113
-0.44846
-0.130875
0.0467053
-0.587686
-0.130986
0.152811
-0.169832
-0.0998768
-0.0259697
-0.0386344
-0.157169
-0.112295
-0.120684
-0.131093
-0.12852
-0.00291434
-0.181319
0.022202
-0.250886
-0.263735
0.0775544
0.00185401
0.0021281
0.00257351
0.00921119
0.00759555
0.000807368
0.00591738
0.00379502
-0.00115916
0.00652043
0.00966476
0.000306311
0.0066023
-0.000321111
0.0117252
0.00637954
0.00295507
-0.000536391
0.0231548
0.0339935
0.0140118
0.00760278
0.0160059
0.0225569
0.00662843
0.00627312
0.0219582
-0.0103943
0.00807607
0.0107756
0.0139761
0.0168297
0.00624473
0.00800807
0.00891131
0.00152051
0.00689976
0.00641888
0.0122111
0.0068078
-0.00787364
0.00581226
0.00325313
0.008542
-0.000376967
0.0186662
0.00605148
0.00993925
0.00959894
0.00734133
0.00676505
0.0158325
0.0171672
0.0102519
0.0128283
0.0185356
0.0132293
0.0224113
0.0122945
0.0147054
0.00820611
0.0147826
0.00973559
0.0297779
-0.0800506
0.0256043
-0.0166132
-0.154417
0.0429408
0.0265514
0.0165094
0.0807859
0.00914904
0.00657265
-0.0013003
-0.00673118
0.0208319
-0.00432362
0.00187723
-0.0314136
-0.0208713
-0.00748682
-0.00410262
-0.0232763
-0.00369584
-0.000845334
0.00109785
0.000307961
-0.0626153
-0.0215437
-0.0431786
-0.0509615
-0.00719369
-0.018981
-0.00316375
0.00540073
0.0285037
0.042451
-0.00545866
-0.0298163
0.0228822
0.0896593
-0.00176613
-0.0430739
-0.00681549
-0.0198181
-0.00349519
0.0125107
-0.0277529
0.0420825
0.0344901
-0.0150564
0.0315663
0.00456592
-0.0207319
-0.00871859
-0.0709456
0.00630366
-0.00785416
-0.00999162
0.00871621
0.00682561
-0.0110735
-0.0160405
0.0155335
-0.0183391
-0.00506015
-0.0106111
-0.390046
-0.154306
-0.139028
-0.369387
-0.203122
-0.0946608
-0.320101
-0.156956
-0.0708851
0.0351383
0.00278399
0.00417815
-0.00447797
0.0177429
-0.0205119
0.00522486
-0.269733
-0.0157981
-0.185694
0.0153209
-0.0959801
-0.0324293
-0.13642
-0.057875
-0.0716428
0.0252162
-0.0236006
0.0439235
-0.00275543
-0.0257563
0.0161334
-0.00727398
-0.0180035
-0.30605
-0.0762842
-0.0688191
-0.0746928
-0.216826
-0.0932149
0.106804
0.0965489
-0.032079
-0.0212748
-0.179471
0.0808051
0.0424146
0.0174385
0.127718
-0.314915
-0.139204
-0.0589767
0.0412586
-0.0893507
0.0541692
0.0447766
0.0924628
-0.254809
-0.00314484
-0.0302385
0.00984733
-0.103286
-0.0487039
0.116575
-0.00252442
0.172636
0.160215
0.153768
0.150941
0.184217
0.1825
0.170362
0.166339
0.126276
0.111954
0.133967
0.100034
0.119586
0.11449
0.115159
0.11949
0.123862
0.132002
0.107183
0.112735
0.122415
0.119147
0.109417
0.108339
0.104168
0.0878294
0.107227
0.0809092
0.0982343
0.098698
0.0823812
0.0914364
0.159871
0.148932
0.148084
0.111566
0.15697
0.157901
0.127581
0.148407
0.160918
0.112579
0.138329
0.147506
0.151458
0.125042
0.15072
0.13993
0.136294
0.138268
0.097923
0.1074
0.129524
0.138087
0.12341
0.114584
0.134298
0.110103
0.100562
0.122165
0.122843
0.120751
0.125848
0.121297
-0.00096015
-0.00163144
-5.98607e-05
-0.0022411
0.00449495
0.000768049
0.00242712
0.000719188
-0.0045903
-0.0148776
-0.00237658
-0.0214726
-0.00214705
-0.00662924
-0.00359172
-0.00502866
0.00213137
-0.00233301
0.0011158
0.0111869
-0.00724303
-0.00424225
-0.00323242
-0.00688302
-0.0161656
-0.0357969
0.00710951
-0.00824604
-0.0161507
-0.0149582
-0.00796212
-0.0162655
0.00193408
0.00286417
-0.00175093
-0.00813096
-0.000307845
0.00216581
-0.0125972
-0.00466371
-0.00118443
-0.0106694
-0.000543268
-5.79267e-05
-0.00115921
0.000144136
-0.0021222
-0.000830931
0.00185288
-0.000142024
-0.0104626
-0.00744909
-0.00236453
-0.00357122
-0.0106246
-0.00795894
6.00513e-05
-0.00687294
-0.0119396
-0.00288929
-0.00701683
-0.00376014
-0.00378092
-0.00923469
0.0200336
-0.0093538
-0.0566182
-0.00409786
-0.0159814
-0.0385126
-0.00791991
-0.0227767
-0.0162652
-0.00933027
-0.0340677
-0.0104749
-0.00424242
-0.0291829
0.00946678
0.000253373
-0.152991
-0.0755817
-0.275873
-0.0126293
-0.145554
-0.119886
-0.148131
0.0208594
-0.0152988
0.0138702
0.107455
0.0240393
-0.0233639
-0.00252679
-0.0139815
0.0578653
-0.0101146
-0.0439166
-0.0440618
-0.0200732
-0.00858566
-0.0372075
-0.0292505
-0.0502594
-0.0345688
-0.0374581
-0.0854061
-0.0552523
-0.0335805
-0.0421425
-0.0346453
-0.0500957
-0.00879918
-0.056154
-0.000587986
0.0718315
-0.0600963
-0.018764
-0.026808
-0.0345822
-0.0971474
0.0742042
-0.0211345
0.058357
-0.0915881
-0.00355993
0.00141412
-0.00332495
0.105731
0.288536
0.328083
-0.256795
-0.0435173
0.313462
0.237196
0.134544
0.0477287
-0.0329109
0.0197283
0.00120431
-0.100979
-0.00770427
-0.0467935
-0.0338956
0.0622841
0.0446422
0.0731085
0.0526758
0.0947738
0.0744297
0.0677771
0.0658073
-0.0316267
0.00675232
0.00578136
-0.0279938
-0.0671381
-0.0276083
-0.0344454
-0.0261425
-0.323488
0.0202976
-0.115132
0.0279565
-0.0678492
-0.0391629
-0.000172897
-0.0304099
-0.101902
-0.00391578
0.0228846
0.0188731
-0.0484102
0.00607977
0.0333259
0.0204358
-0.0214661
-0.0605712
-0.00278361
0.0168468
0.0246594
0.00608636
0.0363045
-0.0296294
0.0453379
0.0060117
0.00355059
0.0124262
0.0221001
0.0102314
0.00453106
0.0232799
-0.305073
-0.428198
-0.163556
-0.185874
-0.436759
-0.293301
-0.239782
-0.182491
-0.231269
-0.225754
0.0515758
-0.0816705
-0.227868
-0.150048
-0.179406
-0.254935
-0.00889977
-0.061069
0.00348768
0.00366393
0.0142797
0.0450241
0.0349065
-0.0164595
-0.0225669
0.0802604
0.000751131
0.00650831
0.0226874
-0.0351605
0.033596
0.0472189
-0.205012
-0.0989626
-0.190426
0.00628492
-0.22092
-0.109392
-0.285483
-0.117304
-0.247496
-0.0088809
-0.0290661
-0.103585
-0.0755498
-0.219605
-0.12564
-0.0391561
-0.135115
0.00919029
-0.0445669
0.0199113
-0.0398718
-0.0146973
-0.0151793
-0.036659
-0.0311739
-0.0331145
-0.102807
-0.100613
-0.219481
-0.0124894
0.0238982
-0.134734
0.000874048
-0.00484484
0.00637794
-0.00638768
-0.019498
-0.000203403
0.00437624
0.0174769
-0.00697726
-0.00913357
0.00882019
-0.0047896
-0.0213743
-0.00737051
-0.00887126
0.00218951
0.0123777
0.0175941
0.0204677
0.020805
0.0126288
0.0156502
0.0168001
0.0198973
0.0220119
0.0845293
-0.010702
0.0553146
-0.0202444
-0.0415897
-0.0715146
-0.000392961
-0.00720619
-0.000992861
-0.0372199
0.00432023
-0.00463792
0.00510218
0.00549523
-0.00893191
0.000396658
-0.00685367
0.00695503
0.00240393
0.001708
2.37352e-05
0.00592671
0.0040031
0.0065259
-0.00291012
-0.0321782
0.0110247
-0.00396846
0.0402916
0.0129662
-0.00727349
0.00874491
0.00876444
-0.000526753
0.0101527
0.0152464
0.0102429
0.00857294
0.00403247
0.0283001
0.0601976
0.0413539
0.0303866
0.0377242
0.0441013
0.0385555
0.0409723
0.0907664
0.107878
0.0829316
0.0981132
0.0974347
0.0986924
0.0914182
0.0918975
0.0462539
0.0654271
0.0488105
0.0527685
0.0531613
0.0553344
0.0505119
0.0528202
0.030303
0.0821809
0.0557494
0.045053
0.054434
0.0627405
0.0504004
0.0606666
0.0679921
0.0481929
0.0274045
0.082074
0.0646932
0.0497088
0.069625
0.0430105
0.0733836
0.0856206
0.073833
0.0505224
0.066479
0.0761453
0.0660094
0.0717028
0.0486973
0.032817
0.0760131
0.0559502
0.0480156
0.0416659
0.056091
0.0526966
0.0498643
0.0589244
0.0801308
0.0694391
0.0556159
0.0614301
0.0686284
0.0730163
0.0023681
-0.00313477
0.00171955
0.00354296
-6.09071e-05
-6.83848e-05
0.00198418
0.0021415
0.00120648
-0.00897536
-0.000277157
0.00793427
-0.000742483
-0.00153779
0.00473833
0.00416086
0.00123655
0.00217926
0.00106057
0.00562966
0.00408051
0.00348177
0.00332893
0.00455402
0.0119414
0.0151222
0.0113204
0.0199861
0.0147695
0.0142128
0.0142634
0.0151886
-0.00339415
0.00367559
0.00972632
0.0110992
-0.000261726
0.00152084
0.00481382
0.00602643
-0.00432566
0.00891227
0.00214955
0.0040854
-0.00140116
0.00176943
-0.00043604
0.00224906
0.00174712
0.00571065
0.0114344
0.00882194
0.00291613
0.00783279
0.00876436
0.00909879
0.00232096
0.00984456
0.012029
0.00453442
0.00473095
0.00758382
0.00458128
0.00710848
0.0355963
0.0276871
0.0322071
0.033336
0.0360046
0.0323546
0.0366424
0.0284214
0.0243364
0.0230914
0.0195183
0.0188878
0.0235788
0.0236153
0.0224801
0.0195057
0.0218764
0.0146722
0.0013012
-0.00138253
0.00847438
0.00734789
0.0078563
0.00286285
0.00978553
0.00654785
0.0343006
0.016923
0.00112841
0.0265418
-0.0469623
0.00677583
0.0267991
0.0256526
0.0281843
0.0214888
0.0257437
0.0321751
0.0220873
0.0260012
0.0253668
0.0189659
0.016724
0.0229329
0.0209822
0.0237217
0.0243469
0.0175298
0.0248981
0.0238413
0.0202557
-0.0136478
0.0226304
0.0139137
0.011415
0.00997028
0.0166585
-0.000780893
0.0150901
0.015255
0.010336
0.0158949
0.021183
0.00961903
0.175777
0.143328
0.174411
0.181142
0.170197
0.16544
0.17755
0.170752
0.120238
0.100325
0.122398
0.128134
0.11526
0.115748
0.126862
0.118612
0.177117
0.150857
0.19268
0.190182
0.177198
0.173555
0.17584
0.177711
0.161839
0.143686
0.16767
0.115464
0.155958
0.166102
0.12864
0.147378
0.139573
0.17229
0.175296
0.144168
0.148672
0.164305
0.151795
0.171239
0.13732
0.145173
0.142748
0.170184
0.141711
0.136172
0.144509
0.143867
0.179559
0.167936
0.145213
0.155236
0.183697
0.174344
0.177665
0.156927
0.172888
0.169747
0.143743
0.143998
0.167027
0.180092
0.150711
0.152346
-0.000734255
0.00338979
0.00185065
0.00273444
0.00289958
0.00400963
0.00309354
0.00400503
0.0105438
0.017749
0.0177645
0.0190361
0.0140485
0.013199
0.016584
0.0162477
-0.00811273
0.0192336
0.0258345
0.0151575
0.00392505
0.000738636
0.00369067
0.00983355
0.0120147
0.0225876
0.0214899
0.0244882
0.0183059
0.0200284
0.0213678
0.0230669
0.00828558
0.00457192
0.00950831
0.0160306
0.00981929
0.00960718
0.0103739
0.0107681
0.00903679
0.0166985
0.0110213
0.00404388
0.0106109
0.0167278
0.00672044
0.011723
0.00596968
0.0123043
0.0198413
0.0168556
0.00739178
0.0125829
0.0142297
0.0183353
0.00482208
0.0193051
0.0200323
0.0149168
0.0185205
0.0141773
0.0154699
0.0191148
0.00485503
0.0153261
0.00527252
0.0182854
0.00829251
0.00733505
0.00676759
0.0097188
0.0264491
0.0407063
0.0301234
0.0443617
0.0346247
0.0367931
0.0360491
0.0378229
0.005861
0.0172829
0.00538896
0.0172171
0.0100885
0.0103489
0.0125505
0.00942699
0.0276424
0.0449977
0.0333112
0.0493726
0.0316081
0.0394914
0.0335545
0.0407326
0.0190558
0.00971892
0.0151883
0.0351636
0.0185787
0.0108484
0.0268174
0.0178107
0.0200307
0.0382004
0.0230008
0.00850734
0.021809
0.0253449
0.0155261
0.0232346
0.0111897
0.0155379
0.0364649
0.0223409
0.0160601
0.0192664
0.0209279
0.022267
0.00924423
0.0246195
0.0405617
0.0251547
0.0140138
0.0236069
0.0253593
0.0287035
-0.00211269
0.00382491
-0.00504142
-0.00425187
-0.000141304
0.00399675
-0.00402109
-0.00115407
0.0145213
0.025682
0.01957
0.0238659
0.0188053
0.0234277
0.0219805
0.0235166
-0.0220415
0.010305
-0.0128431
-0.0001502
0.0026895
0.0140542
-0.00523733
0.000954778
-0.00539241
0.0200898
0.0220726
0.0116086
0.00769519
0.0163977
0.00107876
0.0106217
0.00905236
0.00168706
0.00103497
0.0164662
0.00690512
0.0033557
0.0088732
0.00602172
0.0148983
0.0226655
0.020242
0.00481613
0.0117382
0.0154952
0.00739227
0.0139076
-0.0118381
-0.00374597
0.0201468
-0.00300693
-0.00502731
0.0039541
0.00851215
0.00925857
-0.00312875
0.0112954
0.0209701
0.020224
0.00764865
0.0139393
0.0180452
0.0160633
0.00539449
-0.000669343
0.0170316
0.0130564
0.00382408
0.00873806
0.0114478
0.013198
0.00821097
0.011788
0.0304391
0.0304998
0.00972417
0.0171189
0.0229179
0.031539
0.0302131
0.0388123
0.0419577
0.0439333
0.0333804
0.036522
0.0406487
0.0420088
0.0228243
0.00333786
0.0473247
0.0482201
0.0197697
0.0357798
0.038723
0.0440961
0.00407579
0.0164769
0.00495086
0.014887
0.0186005
0.0182201
0.00724
0.0160395
0.0163823
0.0222057
0.0293872
0.0213262
0.0219592
0.0269754
0.0231703
0.0244191
0.0240115
0.0173408
0.031133
0.0418356
0.026803
0.0219929
0.0280477
0.0388314
0.0275791
0.0446564
0.0363535
0.0338848
0.0342298
0.0336869
0.032032
0.0361177
0.0708851
0.0577968
0.053649
0.0652197
0.0708597
0.0625568
0.0668944
0.0585073
0.0324032
0.0143839
0.0215085
-0.010382
0.0190803
0.0126028
0.00922935
0.0153987
0.0396885
0.0287883
0.0307903
0.0321993
0.034732
0.031135
0.0329104
0.0296598
0.0466393
0.0240643
0.0296511
0.0342522
0.0352756
0.0283392
0.032885
0.0311668
0.0502895
0.0473759
0.057983
0.021657
0.0466605
0.0507071
0.0432912
0.0483565
0.0412609
0.0181383
0.0288298
0.0432379
0.0410402
0.0260797
0.039789
0.0305541
0.0455384
0.0549439
0.0207031
0.0347867
0.0455466
0.0450118
0.0361691
0.0282411
0.0392256
0.0304623
0.0110451
0.0231187
0.0303445
0.0321682
0.033516
0.0311454
0.0372964
0.0264115
0.0357152
0.0281815
0.0293444
0.0282874
0.0302693
0.028388
0.0209165
0.0165696
0.0156867
0.0170077
0.0188905
0.0183767
0.019205
0.0151654
0.0259128
0.0122957
0.00694682
0.0159252
0.0103975
0.00670925
0.00797848
0.00126367
0.0245857
0.0193267
0.0209679
0.0234521
0.0237601
0.0222435
0.0249789
0.0192595
0.0223008
0.0217574
0.0252955
0.021145
0.0227673
0.0257301
0.0204498
0.0241229
0.0222449
0.0201889
0.0140021
0.0200857
0.0197478
0.0206217
0.0225602
0.0153631
0.0217458
0.0264154
0.0212497
0.0185567
0.0248126
0.022222
0.0191182
0.0217907
0.018154
0.0138651
0.017315
0.0108155
0.0185262
0.016406
0.0145688
0.0174498
0.0358368
0.0383858
0.0309467
0.0337666
0.0387553
0.0365603
0.0401551
0.0348472
0.0400576
0.0446635
0.0395983
0.0414176
0.0415654
0.0406328
0.0395376
0.039674
0.0284187
0.0329102
0.026619
0.0236636
0.0280267
0.0293417
0.025877
0.0262611
0.0155696
0.0261472
0.0139302
0.0969337
0.0134269
0.0133818
0.00634546
0.020256
0.0387168
0.0319422
0.0359447
0.0371794
0.0375957
0.0357123
0.0368941
0.0314697
0.0380135
0.0350488
0.0353376
0.0319216
0.037339
0.0373748
0.0352536
0.0352383
0.0307554
0.0312378
0.0303571
0.0238689
0.0251363
0.0282
0.0262745
0.0278792
0.0292763
0.0228191
0.0348185
0.0328809
0.0307131
0.0259234
0.0316823
0.0315049
-0.0200097
-0.0105649
-0.0179705
-0.0149414
-0.00703263
-0.0113357
-0.00448301
-0.00656932
-0.0115362
0.00196037
0.0103278
-0.000435776
-0.00395153
-0.00398363
0.00158782
0.0023405
-0.0151766
0.00740479
0.00178317
0.0060961
-0.00609206
-0.00820256
-0.00681866
-0.00460118
0.0117939
-0.00196404
-0.00941897
0.0139828
-0.00707716
0.0126474
0.0344977
0.0300018
-0.0030506
-0.0135914
-0.0121374
-0.00239779
-0.00156407
-0.00601468
-0.00906423
-0.00994369
-0.00199849
-0.000468372
-0.012698
-0.0111411
-0.000786626
-0.000346187
-0.0149883
-0.00643788
-0.0150736
0.00595816
0.00622255
0.0103928
-0.00816342
0.00364827
-0.00347495
0.0211942
-0.0122782
0.0149403
0.00662196
-0.00491962
-0.00441513
-0.00889358
-0.00741499
0.00369382
-0.00206025
0.00806357
0.00143485
0.0121825
0.0109887
0.00585205
0.00490013
0.00665398
0.0125813
0.0153609
0.0103454
0.0175593
0.0150498
0.0129888
0.0146912
0.0134243
0.0026373
0.0055421
0.00200242
0.00692795
0.0056049
0.00425608
0.00452726
0.00428947
0.0173629
0.0194115
0.0129728
0.0217865
0.0188124
0.0177399
0.0175292
0.016706
0.0120573
0.0066295
0.0151419
0.017541
0.0119507
0.00871263
0.015182
0.0133565
0.00994138
0.0157077
0.00851292
0.00510977
0.0108465
0.0118729
0.00642887
0.0100272
0.00502132
0.0132532
0.016962
0.0102453
0.00900195
0.0126819
0.0110325
0.014174
0.00671475
0.00967622
0.0150375
0.00873453
0.00695844
0.0105518
0.0095106
0.0113143
0.109713
0.0999326
0.0862675
0.106929
0.112186
0.0973525
0.102898
0.0941595
0.0944559
0.0921238
0.0828494
0.0959938
0.0980684
0.087539
0.0920684
0.08578
0.0691445
0.0688734
0.0543205
0.0602492
0.0659345
0.0630665
0.0591787
0.0570568
0.0900494
0.0900198
0.0658332
0.0751996
0.0977865
0.0824169
0.0751593
0.0750434
0.102985
0.084135
0.108948
0.102521
0.0954727
0.0929354
0.100095
0.0975705
0.0913215
0.0912974
0.0778348
0.0797636
0.0895053
0.0897779
0.0836705
0.0817031
0.0781865
0.094087
0.088713
0.0682424
0.0782211
0.0857534
0.0752699
0.0845638
0.0754051
0.0639799
0.0867224
0.0718866
0.074031
0.0739155
0.0778214
0.0797017
0.058882
0.0612607
0.0681574
0.0586602
0.0591781
0.0627753
0.0601026
0.0633757
0.0540413
0.0343212
0.0638942
0.0446476
0.0502149
0.0507999
0.0513851
0.0499386
0.0833316
0.0874805
0.0998262
0.0793074
0.0861185
0.0922374
0.0880443
0.0927348
0.0552098
0.0490199
0.0636578
0.0497816
0.0531145
0.0543058
0.0532399
0.0557989
0.0600228
0.0713325
0.057346
0.053312
0.0605579
0.0625856
0.0544381
0.0596754
0.0630897
0.0517182
0.0740347
0.0748202
0.064157
0.0574565
0.072197
0.0727857
0.072056
0.0581604
0.0539588
0.0690901
0.0679537
0.061057
0.0680198
0.0566504
0.0760547
0.0711748
0.0539949
0.0760143
0.0759276
0.0704019
0.0729942
0.0641469
0.00755227
0.0184848
0.0304778
0.0193268
0.0179288
0.0213132
0.0211992
0.0230818
0.0191839
0.0190894
0.0257685
0.0213708
0.0182694
0.021329
0.0222233
0.0221924
0.036067
0.0325091
0.038132
0.0368061
0.036203
0.0352691
0.037567
0.036583
0.024624
0.0248913
0.0333118
0.0277698
0.0258516
0.0273332
0.0297608
0.0286269
0.0190267
0.0307848
0.0212339
0.0222387
0.0232122
0.026121
0.0221453
0.0237348
0.022256
0.0237921
0.028262
0.0298823
0.0234709
0.0234081
0.0288232
0.0268549
0.0323559
0.0270842
0.0259238
0.0344662
0.0323453
0.0268022
0.0314322
0.0275204
0.03269
0.0332654
0.0255664
0.0292581
0.031895
0.0317923
0.0294513
0.0289244
0.00426515
0.00832708
-0.00262165
0.00768477
-0.00472736
0.00989899
-0.00487104
0.0105875
0.0106352
0.0202133
0.0142467
0.0155845
0.0155182
0.0188366
0.0153682
0.0184399
0.00671522
0.00855682
0.00247104
0.00997217
0.00657974
0.00623711
0.00589891
0.00551958
0.0483706
0.00979369
0.000850904
0.0124063
-0.0481218
-0.00974949
-0.0510937
-0.0157776
0.00708239
0.0144168
-0.0223696
0.0167074
0.0100714
0.0151917
0.00868767
0.00180212
0.0101558
0.0159909
0.0112587
-0.0044324
0.00801026
0.0127981
0.00151678
0.00760915
0.0154701
-0.0250625
0.0143106
0.0225887
-0.00716342
0.00803761
0.0147797
0.0118366
-0.00650121
0.000708477
0.0173867
0.0101198
0.000565199
0.00164612
0.00781146
0.00818651
-0.00014578
0.000791014
0.00550432
0.00283539
0.000298432
0.00290043
0.00445498
0.00134022
0.00189998
0.00523728
0.00806435
0.00801179
0.00314436
0.0065832
0.00698343
0.00972784
0.013901
0.0168489
0.0253042
0.0242198
0.0150749
0.0186448
0.0217632
0.0209263
-0.00361929
0.00538329
0.0217653
-0.00359258
0.00234088
0.0140759
0.0186302
0.0193961
0.00151047
0.00526502
8.32088e-05
0.00471427
0.00629804
0.00463478
0.00305789
0.00844363
0.00521862
0.0136752
0.0105743
0.00908272
0.00594742
0.00727515
0.00721559
0.00837352
0.0125939
0.0127567
0.011256
0.0211356
0.00807564
0.00580789
0.0111267
0.00940332
0.00941956
0.0202867
0.0154244
0.0133473
0.0137159
0.0169561
0.0139748
0.0133837
0.0403082
0.0454729
0.0416009
0.0399876
0.0431994
0.0418962
0.0401597
0.0428765
0.0546654
0.0676285
0.0570682
0.0531601
0.0586978
0.0597755
0.0539234
0.0636122
0.0354458
0.0377314
0.0213811
0.0253026
0.0357031
0.0294253
0.0254639
0.0205068
0.0368992
0.0405814
0.030875
0.0318952
0.0383162
0.0359595
0.0319678
0.0313497
0.0493038
0.0446297
0.0421177
0.0475467
0.0462732
0.0428176
0.0454673
0.0414944
0.048089
0.0463683
0.0494722
0.0423826
0.0501501
0.0507218
0.0481388
0.0506954
0.0368287
0.0371284
0.0408971
0.0296017
0.035132
0.036962
0.0350779
0.0380013
0.0399538
0.0276035
0.0420756
0.048169
0.0362062
0.036752
0.0421449
0.0399633
0.0853503
0.0638664
0.0757712
0.0751017
0.0796842
0.0776979
0.0780809
0.0689428
0.0462942
0.03306
0.0384492
0.0361145
0.0410653
0.0382435
0.042748
0.0376157
0.0611761
0.0419211
0.0335306
0.0313847
0.0466669
0.0488278
0.0429258
0.0425747
0.0558889
0.0326879
0.0516072
0.0488438
0.0409146
0.0480153
0.0273916
0.0375372
0.0570706
0.0674016
0.067927
0.0469499
0.0595704
0.0700044
0.0504076
0.0667295
0.0535723
0.0425154
0.0425203
0.0645726
0.0511839
0.048641
0.060278
0.0463096
0.0633407
0.0608098
0.0452444
0.0329146
0.0580856
0.0537496
0.0420431
0.0476096
0.056746
0.0396513
0.0381428
0.0399029
0.0496609
0.0447761
0.0477021
0.0370242
0.0826204
0.0747969
0.0648774
0.0785689
0.0781115
0.0757135
0.0834111
0.0720602
0.0682856
0.0645474
0.0561598
0.0703486
0.0670716
0.0640617
0.0685303
0.0611205
0.049537
0.0455651
0.0366502
0.0418384
0.0452409
0.0443002
0.0419219
0.0383464
0.0644648
0.0654733
0.0407798
0.0501214
0.056781
0.058041
0.0515198
0.0473984
0.0723622
0.0619783
0.0746246
0.0693193
0.0744342
0.0719053
0.0734048
0.0705947
0.0687108
0.0662414
0.0545382
0.0588252
0.0655491
0.0659442
0.0606737
0.0577711
0.0609174
0.0743429
0.0685319
0.0461152
0.0541204
0.0640487
0.0533706
0.0618812
0.0520113
0.0437746
0.0610493
0.0493154
0.0534386
0.0486629
0.0545082
0.0545749
0.0748415
0.0556896
0.0669895
0.0757191
0.0698542
0.0633793
0.0726997
0.0654999
0.0429372
0.0345037
0.042693
0.0351733
0.0397249
0.0384035
0.0401055
0.0395872
0.0634687
0.0517643
0.0610295
0.0632406
0.0617912
0.0589656
0.0633834
0.0603174
0.0582857
0.0338813
0.054083
0.0293808
0.0445805
0.0477215
0.0452517
0.048218
0.051052
0.0640652
0.06254
0.0409579
0.0528708
0.0597657
0.0503312
0.060151
0.0480677
0.0431307
0.0488373
0.0592513
0.0499729
0.0439055
0.0526489
0.0512981
0.0664648
0.0654185
0.041894
0.0622919
0.0675774
0.06141
0.060352
0.0500967
0.0612296
0.0590508
0.0436244
0.0504158
0.0571412
0.057821
0.0521956
0.0475834
0.0485425
0.0389167
0.0487684
0.0431201
0.0443515
0.042227
0.0462681
0.0438867
0.0302187
0.0219605
0.0263004
0.024015
0.0258994
0.0242543
0.026712
0.0241827
0.0475139
0.032404
0.0410427
0.035982
0.0399307
0.0377572
0.0402485
0.0369182
0.0373693
0.0272937
0.0324476
0.030673
0.0330956
0.0315117
0.0333487
0.031513
0.0350099
0.0432658
0.0398463
0.0292225
0.0362641
0.0396047
0.0335692
0.0378789
0.0330466
0.0276017
0.0303757
0.0410092
0.0334263
0.0292368
0.0375031
0.0320691
0.0443813
0.0408875
0.0300171
0.0359649
0.0409003
0.0379826
0.0359618
0.0333667
0.0415605
0.0337404
0.0279565
0.0294061
0.0367128
0.0339776
0.0322818
0.0292755
0.0272318
0.0284126
0.0297988
0.0242055
0.0267892
0.027579
0.0253279
0.0283831
0.031446
0.0387113
0.0359233
0.0283729
0.0293398
0.0320364
0.0262516
0.0311887
0.0394132
0.042627
0.0525311
0.041961
0.0394292
0.0450054
0.0438622
0.0491501
0.012287
0.0138284
0.0123437
-0.00917093
0.0060393
0.00916499
0.000493511
0.00956636
0.0273841
0.0299968
0.0217006
0.0187787
0.0251164
0.0272402
0.0274338
0.0240482
0.0288259
0.0224293
0.0365018
0.0333756
0.0299535
0.0286457
0.0312565
0.0332605
0.0296583
0.0173858
0.015606
0.0205774
0.0274967
0.0228705
0.02452
0.0184047
0.0349187
0.0273955
0.0206857
0.0375267
0.0359503
0.0291135
0.032456
0.0290375
-0.625144
-0.396162
-0.381265
0.16195
-0.0990472
-0.0689566
-0.0610879
-0.0692831
-0.134753
-0.000905518
-0.0863243
-0.0362058
-0.0267053
-0.0546903
-0.132256
-0.084648
-0.745506
-0.18943
0.575042
0.0260971
-0.0605318
-0.0104408
-0.512789
-0.211181
-0.136053
0.0371085
0.0018575
-0.176549
-0.233686
-0.144166
-0.249625
-0.273987
-0.151799
-0.0581943
-0.107439
-0.0692433
0.0438397
-0.278575
-1.39719
-0.130435
-0.117285
-0.0186967
0.020378
-0.171407
0.0503694
0.0417189
-0.611003
-0.013274
0.187079
0.178979
-0.192035
-0.110226
-0.292921
0.119704
-0.0056791
0.195093
0.132502
-0.0398954
-0.113297
-0.274578
0.911744
-0.0249212
-0.411079
-0.0341923
-0.327016
-0.224942
-0.43991
-0.399842
-0.257484
-0.270394
-0.252681
-0.321486
-0.056894
-0.00129798
-0.0217142
-0.0956127
-0.0601709
-0.0418185
-0.0262736
-0.0555655
-0.208837
-0.18211
-0.60173
0.411911
-0.480955
0.117104
-0.643383
-0.0736881
-0.532587
0.0564312
0.0329664
-0.16572
-0.139889
-0.137519
-0.085571
-0.116748
-0.037687
-0.5181
-0.256638
0.0789839
-0.173669
-0.656317
-0.117443
0.0347241
-0.00950894
0.0346452
-0.118389
-0.288943
-0.0272063
-0.353191
-0.169073
-0.055061
-0.613196
-0.326102
-0.0389679
-0.0308252
0.109131
-0.0735309
0.0164439
-0.229131
-0.306894
-0.00178118
-0.0318365
-0.182601
-0.940313
-0.0786157
-0.0895988
-1.32688
0.0890315
0.0701618
0.083278
0.0655248
0.0749791
0.0735918
0.0743188
0.0744662
0.058386
0.0459238
0.0507969
0.0403298
0.0504351
0.049413
0.0486364
0.0470166
0.0728719
0.0523045
0.0487514
0.0459013
0.0536544
0.0509569
0.0499578
0.0468002
0.0470144
0.035163
0.0398744
0.0329853
0.0410822
0.0399891
0.0392312
0.0359076
0.062406
0.0677251
0.0556781
0.0443319
0.0601102
0.0649146
0.0520629
0.0550266
0.0612463
0.0441766
0.0525105
0.0652128
0.0591027
0.0509162
0.0648484
0.0543567
0.0659762
0.0545641
0.0424254
0.0439961
0.0605598
0.0516009
0.0472915
0.0435034
0.0635933
0.0418692
0.0397478
0.0498725
0.0551172
0.0474508
0.0514241
0.0449938
-0.246981
-0.691307
-0.658106
-0.117608
-0.125306
-0.0815753
-0.585291
-0.0795381
0.0356261
0.00170417
-0.0880709
0.0117253
0.0162778
-0.0118468
0.0179839
-0.00486334
-0.76155
-0.736924
-0.774973
-0.524577
0.042078
-0.155916
0.120174
0.0187879
-0.00375018
-0.0928188
-0.0288456
0.0350724
0.0347094
0.263147
-0.0460309
0.178241
0.247773
-0.149511
0.0392193
0.0731159
0.064365
0.0706884
-0.081727
0.364933
-0.184956
-0.0704104
0.0625264
0.226847
-0.0977241
-0.156454
0.0174448
-0.00596352
-0.2081
-0.141935
-0.0201104
0.240752
-0.212935
0.284076
0.183502
0.329091
0.288189
0.20959
-0.0503579
0.036052
0.24246
0.0472501
-0.122283
-0.316066
-0.650478
-0.531537
-0.231138
-0.258543
-0.467256
-0.473374
-0.497749
-0.157163
-0.594768
-0.711375
-0.322984
-0.434242
-0.353556
-0.874843
-0.498171
0.644451
-0.0380959
-0.0659751
-0.0165278
-0.0507516
-0.069743
-0.0624501
-0.0204965
0.0414004
-0.0948087
-0.0137572
-0.0569777
0.0221928
0.00488745
0.0838117
0.00510472
0.35033
-0.380231
-0.376663
-0.249172
-0.249102
-0.0932248
-0.0980646
-0.157909
-0.0446412
-0.434188
-0.174474
-0.485141
-0.198248
-0.334921
-0.0691223
-0.267404
-0.618938
-0.127004
-0.14049
-0.131062
0.122787
-0.176452
-0.0105593
-0.538504
0.15438
-0.176726
0.0153846
0.5463
0.386261
-0.0871212
-0.160542
-0.09159
-0.217187
0.0840575
0.0759134
0.082261
0.0742721
0.097084
0.092572
0.105593
0.0984574
0.0454284
0.0270754
0.0629359
0.0304434
0.0408639
0.0372851
0.0775445
0.0796955
0.0629746
0.0683429
0.0526706
0.04962
0.0574276
0.054589
0.0541262
0.0547575
0.00904796
0.0316037
0.0273545
0.0251901
0.00119034
-0.0157491
0.0194801
0.0328455
0.0705469
0.0733425
0.0725963
0.0338674
0.0946711
0.0993454
0.0458407
0.0712463
0.0649243
0.0333222
0.0546552
0.0705147
0.0952788
0.0554269
0.0680899
0.0569563
0.067223
0.0718887
0.027843
0.0468662
0.0413941
0.0772854
0.0595539
0.0156216
0.065963
0.0493175
0.0205133
0.0611418
0.0482021
0.0550933
0.0625732
0.0599919
0.0370553
0.0381348
0.0399635
0.0310275
0.0361625
0.0401447
0.0354162
0.0379054
0.0312024
0.0171045
0.0296713
0.0138334
0.0267061
0.0274591
0.0267525
0.024274
0.041551
0.0426798
0.0466353
0.0312079
0.0407104
0.0471192
0.0389811
0.0439474
0.0241793
0.0174433
0.0240347
0.019131
0.0221521
0.0229508
0.0221909
0.0223097
0.0343814
0.0380459
0.0291774
0.0242442
0.0338943
0.0342005
0.0264701
0.0310337
0.0386393
0.022393
0.0402553
0.0423525
0.0356078
0.0284018
0.0388603
0.0374934
0.0370402
0.0289869
0.0248228
0.0280615
0.0311719
0.0294777
0.0287968
0.024079
0.0393517
0.0287168
0.0215416
0.0371124
0.0366389
0.030114
0.0363397
0.0262146
0.0052186
0.0103761
0.0139612
0.0111318
0.00883616
0.0114127
0.0118953
0.0136665
0.0142758
0.0180846
0.0237489
0.0198421
0.0168077
0.0190096
0.0197018
0.0205925
0.0247977
0.0300467
0.0377667
0.0320457
0.0267159
0.0288062
0.0304442
0.0320992
0.0173183
0.0222927
0.0279252
0.0250114
0.0205945
0.0229606
0.0243062
0.025443
0.0130798
0.017274
0.0149749
0.0185469
0.0160831
0.0173779
0.0157055
0.0173693
0.015914
0.0209952
0.0231358
0.0189262
0.0173999
0.020573
0.0198674
0.0215121
0.020736
0.0186183
0.0216276
0.0271274
0.0211337
0.0195212
0.0230705
0.0233765
0.0219357
0.0282818
0.0228369
0.0251762
0.0260318
0.0254033
0.0242421
0.0260128
0.0018743
0.0110198
0.0120265
0.00940309
0.00868458
0.0123172
0.0119226
0.0125418
0.0230542
0.0371484
0.0373239
0.0328457
0.0301974
0.0369581
0.0331478
0.0377679
0.0149741
0.0338357
0.0277611
0.0295178
0.0214697
0.02745
0.0210747
0.0263157
0.0186082
0.0286901
0.0297616
0.0253498
0.0220451
0.0276685
0.0238335
0.0268523
0.0192521
0.0139876
0.0154305
0.0254871
0.0223148
0.0166724
0.0198456
0.021892
0.0250875
0.0319821
0.0335051
0.0175123
0.0256395
0.0282151
0.0215399
0.0274596
0.017325
0.0187466
0.027606
0.0251314
0.0169253
0.0211006
0.0228204
0.0249184
0.0182442
0.0292585
0.0310765
0.0343953
0.0252978
0.02952
0.030448
0.0333381
0.0026982
-0.0186432
0.00141973
-0.0100023
-0.00836479
-0.00531498
-0.00923716
-0.00878863
-0.0170315
-0.0139774
-0.005804
-0.0158873
-0.0133505
-0.00878525
-0.00542067
-0.00164411
-0.000870055
-0.000768604
0.0019867
0.00565659
-0.000430889
0.000320128
0.00478433
0.00457312
-0.0177563
-0.000851346
-0.00142906
-0.0306229
-0.017754
-0.0139507
-0.00274214
-0.000365567
-0.019801
-0.00702338
-0.00943125
-0.01739
-0.00559037
-0.00160125
-0.0188433
-0.0053425
-0.018013
-0.0110097
-0.000155104
-0.0051117
-0.00414774
-0.00791673
-0.00425349
-0.00389304
0.000208846
-0.000164025
0.00136081
0.00158575
0.00152198
-0.00111356
-0.00268467
-0.00409763
-0.00153721
0.000365488
0.00205933
0.00402924
0.00234034
-0.000438813
0.00332784
0.00639082
0.00407578
0.00442024
0.007621
-0.00546727
-0.00912359
-0.000259805
0.00114492
0.00834434
0.0141725
0.0438175
0.0345122
0.056305
0.0262321
0.0291363
0.029803
0.0374777
0.0204047
0.0334727
0.0290678
0.0295872
0.0227341
0.0279368
0.026919
0.031086
-0.0134973
0.0457435
0.022807
-0.0026632
0.00506402
-1.2226e-05
0.00165276
-0.000411151
0.00527932
0.0117703
-0.0184161
0.0304284
0.00825344
0.0116179
0.00285497
-0.00214319
0.009463
0.0160903
0.0290073
0.0146314
0.0140874
0.0202325
0.0205534
0.0226546
0.0148254
-0.00240869
0.0166894
0.0279973
0.0157551
0.0130602
0.0263168
0.0141368
0.0160601
0.0277685
0.0153473
0.033808
0.0289867
0.027413
0.0285336
0.0248301
-0.437278
-0.445039
-0.251446
-0.296411
0.128945
0.110637
0.0529555
0.0517208
-0.254344
0.0407837
0.148326
0.061489
0.0832574
0.0760486
0.0278086
0.0330882
-0.7825
-0.141766
-0.374007
0.279667
-0.12746
-0.120589
0.100338
0.192892
0.135326
0.0808388
0.197816
0.057758
-0.0986147
-0.0726955
0.0482606
0.0166831
0.0937608
0.0693429
-0.0162478
0.0238133
0.0668054
-0.0443061
-0.449525
-0.0312491
0.0996235
0.0533661
0.0545066
0.0661245
0.0628123
0.0287018
-0.129205
0.0422574
-0.238036
0.196368
0.0200913
0.0565731
-0.137803
0.194563
0.0612045
0.151089
-0.152619
0.0599406
0.0596422
-0.124732
0.532431
0.0809758
-0.213893
-0.00479842
-0.378168
-0.105743
-0.288605
-0.264171
-0.0819692
-0.0992323
0.214492
0.304748
-0.421635
-0.137866
-0.144456
0.0413075
-0.369151
-0.293401
-0.203204
-0.188189
-0.118621
-0.105152
0.0416939
0.0357433
-0.0729527
-0.104932
0.217692
0.219958
0.201481
0.066579
0.133891
0.0788494
0.080221
0.0762839
0.108546
0.0369852
-0.165329
-0.0503681
-0.173374
-0.130981
-0.108114
0.072675
0.000357762
-0.220344
-0.0434975
-0.147188
-0.0600326
-0.0342861
-0.0731088
-0.286032
-0.333443
-0.078133
0.306759
0.241531
0.145672
0.164125
-0.465725
0.297974
-0.0680175
0.0448502
0.316392
0.160315
0.291764
0.066421
0.305515
-0.102664
-0.00612406
-0.0248009
0.00024179
0.00216042
0.00543292
0.0041819
0.000677862
0.00177104
0.00626415
0.00426373
0.00263935
0.004083
0.00827324
0.00961264
0.00432913
0.00395745
0.00699875
0.00758425
0.0107427
0.0124866
0.0171003
0.0193737
0.0134066
0.0125581
0.016618
0.0166532
0.0127021
0.0162614
0.0217955
0.024209
0.016957
0.0161441
0.0222249
0.021194
0.00301099
0.0068011
0.00775097
0.00967155
0.00626724
0.00818554
0.00781194
0.00732121
0.002975
0.00946109
0.00818011
0.00671264
0.00662287
0.00821154
0.00699953
0.00934421
0.0116523
0.0137789
0.0132704
0.0193591
0.0111224
0.0128657
0.0154472
0.0146786
0.0104489
0.0197026
0.0136097
0.0123755
0.0131514
0.0141463
0.0116147
0.0145314
0.048107
0.0503333
0.0246421
0.0394635
0.041451
0.0394528
0.0340651
0.0339625
0.0456335
0.0425051
0.0277891
0.0359231
0.0419175
0.037845
0.0350489
0.0310061
0.0140248
0.0159001
0.00450132
0.0133013
0.0160886
0.0121395
0.0123875
0.00903963
0.0346595
0.0317375
0.0207679
0.0283827
0.0321319
0.0297225
0.026493
0.0238533
0.0428943
0.0266515
0.0377179
0.0359057
0.036289
0.0313344
0.0383921
0.0353124
0.0407951
0.0342533
0.0243097
0.023067
0.034138
0.0317793
0.0271934
0.0267222
0.0214371
0.0310305
0.0315854
0.0207523
0.0250319
0.0292574
0.0239378
0.02807
0.020603
0.0166658
0.026829
0.0199511
0.0185238
0.0230336
0.0242658
0.023142
-0.00176733
-0.00307974
-0.00142937
-0.000136654
-0.000272109
0.00127506
-3.00497e-05
0.00150187
-0.00739498
-0.00297376
-0.00721968
0.00677428
0.00512668
-0.0043097
0.0070719
-0.00239186
-0.00159684
0.000196707
-0.000374309
0.0013897
-7.99092e-05
0.00288935
0.000525823
0.00197916
0.0059678
0.0111315
0.00697736
0.0135836
0.0103605
0.0102433
0.0109629
0.0108536
-0.000828691
0.00233024
0.00443689
0.00819718
0.00047114
0.00141028
0.0028287
0.0039207
-0.00145789
0.0048506
0.00194656
0.000912719
-0.0004192
-0.000183958
-0.000885182
-0.00142487
0.00255987
0.00429838
0.00869614
0.00652415
0.000641779
0.00556908
0.00567901
0.00656432
0.0013346
0.0049894
0.00566764
0.0010896
0.00127848
0.00444099
0.000605447
0.00426979
0.0308371
0.0277654
0.030354
0.0305618
0.0313222
0.0301199
0.0312603
0.030483
0.0228586
0.0192162
0.0235112
0.0205618
0.0225002
0.0217467
0.0219608
0.0224836
0.0305833
0.028107
0.0352262
0.0305546
0.0301495
0.0296752
0.0305168
0.0312735
0.0279778
0.0225708
0.0283023
0.0266022
0.0274698
0.0264039
0.0265794
0.0269132
0.0274424
0.0297658
0.0302719
0.0244034
0.0274046
0.0291999
0.0248687
0.0291741
0.0266769
0.0236996
0.0249808
0.0289546
0.0269387
0.0242514
0.0264873
0.0257039
0.0301058
0.0301351
0.0240481
0.0281008
0.0298097
0.0293398
0.0282936
0.026732
0.0296648
0.0280907
0.0239161
0.0254109
0.0279286
0.0274253
0.0253054
0.0246749
0.00467884
0.00435949
0.00285577
0.00660408
0.00407573
0.0032246
0.00411241
0.00415502
0.0199253
0.0368713
0.0208203
0.0325133
0.0243433
0.0243045
0.0288606
0.02758
0.00329735
0.0114999
0.00199291
0.0109366
0.00835205
0.00879116
0.00722933
0.00822606
0.016384
0.0297565
0.0186976
0.0268558
0.0235765
0.0244557
0.0220479
0.0235215
0.0121634
0.00714444
0.0139069
0.0276878
0.0140481
0.0065498
0.016947
0.0129089
0.0114024
0.0272496
0.0166
0.00767078
0.0137689
0.0154944
0.0104855
0.0163118
0.00678535
0.0137924
0.0266987
0.0152335
0.0098831
0.0152772
0.0163327
0.0174677
0.00759834
0.0162002
0.0276623
0.0180409
0.008766
0.0163498
0.0176398
0.0199637
0.0536869
0.0536757
0.0523555
0.0461934
0.0536224
0.0557887
0.0508246
0.051377
0.0464089
0.0267333
0.0381883
0.0295207
0.0424164
0.0435327
0.0401132
0.0331456
0.0485508
0.040382
0.0414477
0.0369488
0.0441066
0.0442956
0.0418805
0.0398886
0.0370962
0.0299687
0.0328506
0.0271765
0.0326609
0.0347609
0.0318906
0.0305131
0.052209
0.0498633
0.0433429
0.0371993
0.0489771
0.0482128
0.0407971
0.0452577
0.0538658
0.0394272
0.0430798
0.0513108
0.0475298
0.0403324
0.0484304
0.0438983
0.0473107
0.0421507
0.0355786
0.0360968
0.0429827
0.0403421
0.0378009
0.0366199
0.0471984
0.0350445
0.0323914
0.0377967
0.0416244
0.0393818
0.0417725
0.0355242
0.00266597
0.0124722
0.00163449
0.0158955
0.0104703
0.0106853
0.00858361
0.0116813
0.0220788
0.0377769
0.0305437
0.0431776
0.0339122
0.0295927
0.0337958
0.0317999
0.00288867
0.0248108
0.00180104
0.0195278
0.0152915
0.0063767
0.0143467
0.00984359
0.0269153
0.0425045
0.0358249
0.0419713
0.035499
0.0372883
0.0344288
0.0381698
0.0216089
0.0121902
0.0227475
0.0375927
0.0215605
0.0144031
0.0252988
0.022128
0.0199531
0.0374552
0.0195933
0.0105033
0.0209936
0.025345
0.0128774
0.0226043
0.0106376
0.021283
0.0369143
0.0254974
0.0131189
0.0240506
0.0266392
0.0284505
0.0126618
0.0270175
0.0387766
0.0240199
0.0157958
0.0237477
0.0210493
0.0362601
-0.283302
-0.14572
-0.0627188
-0.133916
-0.319422
-0.397298
-0.38806
-0.493003
-0.726154
-0.340725
-0.218925
-0.230236
-0.561132
-0.466467
-0.177632
-0.20459
-0.164899
0.0729112
-1.06456
-0.181941
-0.0719729
0.0738582
-0.588499
-0.34369
-0.268025
-0.0613542
-0.13587
-0.00408588
-0.0452625
-0.0939869
-0.0961829
-0.0361531
-0.329257
0.0583266
-0.180671
-0.053095
-0.4332
-0.358739
-0.148173
-0.0996836
-0.3835
-0.0321621
0.0417736
0.294486
-0.592664
-0.135953
-0.189557
0.102873
-0.266081
-0.438783
-0.185284
-0.330566
-0.264464
-0.50363
-0.241125
-0.162676
-0.258253
-0.244329
-0.143653
-0.238691
-0.281333
-0.162019
-0.28253
-0.0883951
-0.771277
-0.234493
-0.594075
-0.437962
-0.536712
-0.317122
-0.473321
-0.252082
-0.193463
-0.197524
-0.440128
-0.0293938
-0.286453
-0.386275
-0.324663
-0.311104
-0.338815
-0.417987
-0.182081
-0.283282
-0.177979
-0.18168
-0.211769
-0.311845
-0.146363
-0.0816285
-0.22663
0.0030909
-0.0395722
-0.0631777
-0.0226635
0.00252603
-0.293585
-0.499568
-0.227769
-0.151706
-0.342494
-0.394878
-0.115876
-0.0248449
-0.0206401
-0.0203649
-0.189572
-0.29545
-0.0546593
-0.194489
-0.206695
-0.354687
-0.434766
-0.178195
-0.190777
-0.119248
0.0214986
-0.0605094
-0.0479435
0.0734758
-0.276942
-0.189084
0.0300339
-0.239525
0.0335681
-0.295182
-0.451989
0.0547692
-0.520031
-0.92257
0.598706
-0.946476
-0.468565
-0.42514
-1.75709
-1.74402
-1.06278
-0.182279
-0.806109
-0.44505
-1.32552
-0.800129
-0.47839
-0.783356
-0.480139
-0.211243
-0.158377
-0.608781
-0.344565
-0.294718
-1.04411
-0.785649
-0.134206
-0.336184
-0.247213
-0.0427551
-0.350142
-0.219196
-0.20133
-0.306096
-1.13313
-0.294225
-0.749772
-0.163775
-1.42911
-0.498934
-0.0901956
-0.881537
-0.798054
-0.20929
-0.30283
0.00175702
-1.12117
-1.21493
-0.288004
-0.691888
-1.15189
-0.717594
-0.611207
-0.449343
0.213925
-0.772884
0.0316372
-0.58211
-1.14073
-0.351935
-0.519412
-0.79791
-1.00085
0.166024
-0.796573
-0.21882
-0.645382
-0.637672
-1.5626
-0.468835
-0.11556
-0.333578
-0.113966
-0.654797
-0.505563
-0.579875
-0.374232
-0.0797921
-0.106258
-0.224304
-0.30765
-0.302525
-0.173109
-0.591999
-0.553112
-0.159176
-0.103732
0.112097
-0.719361
-0.446796
-0.0113209
-0.0815148
-0.102863
-0.0916072
0.045406
-0.0421987
0.0190344
0.0557454
-0.378727
-0.225343
-0.19056
-0.116576
-0.647027
0.454407
-0.0160102
-0.303296
-0.544986
-0.20558
0.049916
-1.10362
-0.39939
-0.087817
0.162787
0.0940887
-0.178447
0.0612139
-0.132643
-0.116226
0.276661
0.0012992
0.206405
0.129133
-0.478309
-0.0329069
-0.0415864
-0.210294
0.118582
0.172834
-0.154914
0.0163656
0.489734
-0.45201
0.385768
-0.34937
-0.376668
-0.0110435
-1.62276
-1.55569
-0.312804
-0.14962
-0.371666
-0.234756
-0.795766
-0.444816
-0.337371
-0.281545
-0.313541
0.0230251
0.0662197
-0.149495
0.207114
0.219415
-0.733264
-0.4224
-0.488818
0.0777801
-0.017133
-0.0277237
-0.0825539
-0.280627
-0.040509
-0.0350116
-1.43502
0.0890544
0.330607
-0.15528
-0.771734
-1.02636
0.145437
0.11531
-0.806197
0.0205435
0.100222
0.247689
-0.821732
-0.210809
0.0323318
-0.177257
-0.747169
-0.349086
-0.328981
-0.196187
0.0642919
-0.352757
0.207524
-0.0386927
-0.615613
-0.0974379
-0.256162
-0.283945
-0.575673
0.224643
-0.215933
0.0288627
0.511086
-0.199649
-1.55692
-0.658556
-0.395903
-0.888936
0.264724
-0.0679428
-0.311685
-0.0151372
-0.567942
-0.00664148
-0.310282
-0.260589
-0.121253
-0.144045
-0.95891
-0.488344
-1.06501
-0.272657
0.482966
0.582118
-0.602882
-0.265512
-0.751027
0.0525488
-0.0487094
0.009651
-0.0203446
-0.17189
0.126107
0.071363
-0.125566
0.307764
-0.100959
0.347938
-0.412021
0.888224
0.740193
-0.180071
-0.142265
0.350225
0.204215
0.63164
-0.462724
0.312692
-0.754655
0.00399648
0.0102114
0.232335
-0.285419
-0.175308
-0.985248
0.212565
0.241688
0.37039
0.199298
-0.0822535
-0.182634
-0.326346
-0.0589537
0.220105
-0.558194
-0.162735
0.0844992
0.0884087
0.0889697
0.0737078
0.0841294
0.091754
0.0818811
0.0885059
0.0824513
0.0587732
0.0816287
0.0604393
0.0721727
0.0707556
0.071243
0.0714995
0.0892448
0.0951556
0.0949314
0.0763158
0.0855114
0.0943062
0.0824661
0.091754
0.0616998
0.0584183
0.0653049
0.0519953
0.0559597
0.0635433
0.054665
0.0623986
0.0862557
0.0849501
0.0705886
0.0662786
0.0839597
0.0828587
0.0689647
0.0787397
0.0899992
0.0681334
0.0859545
0.0904641
0.0875943
0.0726656
0.0945036
0.0825588
0.0819786
0.0687926
0.0651799
0.0693193
0.0761672
0.0764709
0.0722448
0.0681188
0.0881906
0.0750361
0.0680429
0.0847529
0.0809752
0.0762995
0.0806312
0.0733281
-0.62628
0.431868
-0.227263
-0.356469
0.197304
0.515284
-0.0399791
0.454674
-0.00550104
-0.231108
-0.375063
-0.137069
-0.201312
-0.405713
-0.113625
-0.412254
0.0562624
-0.297744
-0.417941
-0.365695
-1.00581
-0.724621
-0.952865
-0.468392
-0.145916
0.0669213
-0.0900032
0.0370976
0.0821481
-0.0122128
0.0408295
0.0611756
-0.45557
-0.219556
0.386147
-0.0534632
-0.104866
-0.952589
0.0746991
-0.110091
0.122239
-0.131312
-0.607484
0.134147
0.0444686
-0.183662
0.130903
-0.620106
-0.302262
0.228907
-0.0393271
-0.266745
-0.143176
-0.0917146
-0.311303
-0.141083
0.0113398
-0.270188
-0.123486
-0.930372
-0.482427
-0.235716
-0.545039
-0.295306
-0.257479
-0.335358
-0.411671
-0.379059
-0.475229
-0.228446
-0.541109
-0.68425
-0.3044
-0.543311
-0.617174
-0.249166
-0.243805
-0.46445
-0.262233
0.113483
-0.194686
-0.194691
0.00613855
-0.124948
-0.223138
-0.350184
-0.1058
0.387301
0.15814
-0.144694
-0.0477941
0.0944165
0.10202
-0.324539
-0.0958002
-0.0312042
0.0359488
-0.106619
0.179347
0.327599
-0.146443
-0.0258064
-0.164073
-0.307944
-0.111025
-0.87961
0.0264981
0.16758
-0.0899033
-0.261989
-0.293737
-0.491796
-0.129631
-0.0743018
0.0805411
0.118141
-0.0716186
0.0567933
0.25432
0.0309488
0.311271
-0.170351
-0.213291
-0.146109
-0.0572895
-0.180091
0.263662
-0.291282
0.00456616
0.00544323
0.0111769
0.0103613
0.00681099
0.0088004
0.00445232
0.00328611
0.00591133
0.00339005
0.00149969
0.000119018
0.00507741
0.00426179
0.00296381
0.00263793
0.0190027
0.0143908
0.0256499
0.0266454
0.0192158
0.0202383
0.0238
0.0234519
0.0140163
0.00371766
0.0190892
0.0226586
0.0120098
0.0203804
0.00875839
0.00845923
0.00574442
0.0110188
0.00988116
0.000908612
0.00427972
0.00843418
0.00512227
0.014129
0.00607495
0.00698545
0.0124206
0.0111799
0.00459382
0.00894634
0.00815461
0.00833827
0.0139533
0.0106505
0.0103391
0.0257434
0.0184243
0.0102092
0.0146658
0.00876527
0.0139236
0.0260847
0.0117451
0.0127615
0.0180667
0.0179769
0.0124645
0.00694876
0.00116007
0.00194026
0.000720461
0.00430139
0.00218764
0.00207144
0.00261629
0.00173845
-0.000233726
-0.00590141
-0.00630499
0.00333472
-0.000228155
-0.00368086
0.000485362
-0.00127942
0.000218944
-0.00619732
-0.00260542
0.000570733
-0.0016117
-0.0070215
-0.00108711
-0.00498508
0.00875022
0.00868682
0.00570573
0.0127267
0.0103493
0.00878221
0.0108572
0.0088733
0.0031372
-0.000392587
0.0060459
0.00629109
0.00410334
0.000576292
0.00447792
0.00528128
0.00089415
0.00419512
-0.00632414
0.000501866
0.00133984
-1.71983e-05
-0.000422795
-0.00128117
7.3062e-05
0.00627801
0.00718307
0.00313335
0.00242687
0.00540841
0.00285619
0.00421836
0.000427361
0.00220374
0.0048158
-0.00303173
-0.0014342
0.00184286
-0.00140085
0.000274032
0.0845848
0.0696264
0.0703689
0.0642249
0.0704805
0.0734278
0.0695411
0.067952
0.0591087
0.0509731
0.0519314
0.0484156
0.0536381
0.0543937
0.0531444
0.0520091
0.0598404
0.0501912
0.0467039
0.042012
0.0508505
0.0523425
0.0459172
0.0457163
0.0470496
0.042763
0.037168
0.0349316
0.0432121
0.0420655
0.0379589
0.0379753
0.0612098
0.0607978
0.0564242
0.0495906
0.060675
0.0631708
0.055088
0.0560246
0.0626727
0.0490644
0.0551421
0.0628911
0.0585321
0.0556929
0.0616399
0.0539391
0.0573509
0.0518949
0.0465171
0.0409805
0.0527153
0.05071
0.045648
0.0476868
0.0570003
0.0411799
0.0457531
0.0502714
0.0537237
0.0455804
0.0511174
0.0459973
0.0267326
0.0264427
0.027605
0.0247392
0.025957
0.0254641
0.0261697
0.0257105
0.0208391
0.00566429
0.0192248
0.00994744
0.0169936
0.00621545
0.0183787
0.00914165
0.031067
0.0302412
0.0336599
0.0255157
0.0302667
0.0310338
0.0302723
0.0308328
0.0218791
0.0146625
0.020955
0.0174682
0.0193982
0.0189349
0.0198001
0.0191419
0.0238923
0.0269073
0.0229381
0.0189335
0.0241845
0.0228412
0.0202945
0.0227458
0.0206377
0.0157595
0.021678
0.0278206
0.0222584
0.0160466
0.027622
0.025869
0.0268361
0.0232391
0.0190895
0.0242466
0.0252958
0.0229986
0.024045
0.0186476
0.0274699
0.0235708
0.0167175
0.0225451
0.0238252
0.0229864
0.0269637
0.0186487
0.0022627
0.00267169
0.012741
0.0100867
0.00542204
0.00554818
0.00896747
0.00897052
0.00300785
0.00481462
0.0136678
0.0133764
0.00787896
0.00636766
0.0107528
0.0114472
0.0236484
0.0233187
0.0349202
0.0303457
0.0254764
0.0257491
0.0315724
0.0311357
0.0166987
0.0193078
0.0271863
0.0224747
0.0202267
0.0193763
0.0242014
0.0229058
0.00699538
0.0145246
0.0143604
0.0149058
0.0094497
0.0146559
0.0123977
0.0124759
0.00608928
0.0135523
0.0146625
0.0146273
0.0103163
0.01513
0.0142507
0.0151188
0.0209694
0.0174799
0.0172361
0.0272477
0.0198565
0.0156841
0.0219218
0.0220101
0.0203569
0.0261132
0.0177372
0.0214901
0.0255122
0.0221039
0.019781
0.0214275
0.0367658
0.0377741
0.0325205
0.0313824
0.0355308
0.0352753
0.0325884
0.0331791
0.0395884
0.0450709
0.0353324
0.0316403
0.0389114
0.0384299
0.0332702
0.0355893
0.0292592
0.0298685
0.0273674
0.0257556
0.0282824
0.0284208
0.0268016
0.0273733
0.0252143
0.0242623
0.0225842
0.0190827
0.0234795
0.024231
0.0223998
0.0226428
0.0365202
0.0311959
0.029693
0.0293012
0.0326126
0.0320133
0.0309422
0.0301558
0.0362338
0.0292877
0.0318632
0.0311041
0.0337283
0.0326132
0.0330412
0.0315417
0.0293683
0.0276592
0.0267157
0.0251141
0.0281111
0.0284292
0.0268676
0.0264234
0.029683
0.0257675
0.0277883
0.0299771
0.0285572
0.0270109
0.0291965
0.027575
-0.00256401
0.0138071
0.000794977
0.00100352
-0.00991282
0.0028646
-0.00803663
0.00190682
0.00443938
0.00223538
0.00192357
0.00477515
0.00101482
0.00321716
-0.000372383
-0.00262192
-0.00180795
-0.000575454
-0.00168823
-0.00880185
-0.00431673
0.00269871
-0.00849349
-0.00217113
0.018097
0.013519
-0.0182545
0.0171481
0.0466755
-0.025722
0.0488102
0.00164833
-0.0117088
0.000180768
-0.0103183
-0.0260081
-0.00682055
0.000934592
0.0124565
-0.00025602
-0.00628741
-0.00814076
0.00128244
0.00590663
-0.00393898
-0.00130175
0.000970224
-0.0012017
0.00237825
0.0027287
-0.00344415
0.000145936
-0.0162893
-0.013535
-0.00719909
0.0206081
-0.00120601
-0.00515215
-0.0301249
-0.00710082
-0.00130062
0.00885733
-0.00157901
0.00235283
0.00421155
0.00454972
0.00583635
0.0138578
0.00624375
0.00624531
0.00897138
0.00928043
0.00434862
0.0049667
0.00576147
0.0139384
0.00443368
0.00563362
0.00709283
0.00521426
0.00606158
0.00542556
0.00902816
0.021148
0.00666232
0.00489357
0.00685315
0.00702278
0.0255105
0.0266349
0.031178
0.037177
0.0291955
0.0271684
0.0314565
0.0315199
0.00585997
0.00724198
0.0171642
0.0157451
0.00880979
0.0101401
0.0137672
0.0166809
0.00510146
0.0136157
0.00687381
0.00464459
0.00630875
0.00759565
0.00538053
0.00527946
0.00932249
0.0201533
0.0190411
0.0211438
0.0143251
0.0213153
0.0183575
0.0223987
0.00784656
0.016964
0.0165726
0.00570083
0.00819882
0.0132327
0.00744034
0.0153367
0.0825205
0.0720562
0.0915511
0.0837294
0.0796124
0.0834123
0.0856837
0.0842691
0.0675419
0.0654873
0.0766586
0.0687539
0.0672666
0.0711457
0.0716769
0.0729931
0.102229
0.0934517
0.11731
0.105827
0.101356
0.10702
0.103486
0.106763
0.0686258
0.0632461
0.078769
0.0544377
0.0631378
0.0758674
0.0525302
0.0659414
0.0713321
0.0905471
0.0778765
0.0710438
0.0777315
0.0822758
0.0735781
0.0855639
0.0748262
0.0763381
0.0849738
0.0925081
0.0764126
0.0751946
0.0811003
0.082327
0.0936838
0.0768453
0.0740975
0.0847638
0.0930678
0.0830854
0.0896452
0.0764578
0.0950473
0.093288
0.074837
0.0869935
0.0918853
0.0955294
0.0856903
0.0824824
-0.00754738
0.00348732
0.00545512
0.00416202
0.000553175
0.00147101
0.00659646
0.00344011
0.00411423
0.00415868
0.00281889
0.00587505
0.0018858
0.00152055
0.00265515
0.00211867
0.00970183
0.00315276
0.00127932
0.00424969
0.00124677
0.00273338
0.00362952
0.00269902
0.00954268
0.0125662
0.00838792
0.0178786
0.0125474
0.0108689
0.0129126
0.014092
-0.00307786
-0.00461723
0.00749513
0.00689565
0.00140436
0.00172134
0.0064188
0.00251703
0.000458756
0.00488771
0.00181113
0.00157162
0.000702267
0.00452139
0.00376562
0.00210754
-0.00157197
0.004725
0.00820873
0.00829386
0.00281829
0.0062763
0.00641186
0.0081898
0.00547353
0.00801631
0.00808436
0.00148301
0.0026713
0.0059458
0.00197277
0.00661782
0.0593684
0.070836
0.0667699
0.0606465
0.0615451
0.0643297
0.0606762
0.06479
0.0852676
0.104338
0.0958724
0.0847611
0.0883607
0.0931926
0.0854815
0.0936019
0.0759254
0.0908426
0.0878022
0.0794702
0.07915
0.0829255
0.0787315
0.0851049
0.0586638
0.0681872
0.0667019
0.053012
0.0592665
0.0635941
0.0575779
0.0638827
0.0729282
0.0692431
0.0616757
0.0725485
0.0716021
0.0684419
0.0716934
0.0656722
0.0768754
0.0777286
0.0862452
0.0722489
0.0770444
0.0813634
0.0793892
0.0825189
0.0686956
0.0607216
0.0709985
0.0692484
0.0684969
0.0660937
0.0713113
0.0677317
0.0734626
0.0765799
0.0782079
0.0881283
0.0778261
0.0750478
0.081291
0.0808287
0.0505548
0.0528725
0.0502504
0.0435231
0.0505035
0.0521915
0.0487759
0.0500691
0.0506042
0.0491952
0.0529845
0.0391648
0.0459496
0.048266
0.0453661
0.0472833
0.0488709
0.0536637
0.0507478
0.0431387
0.0484181
0.049901
0.0463936
0.0487653
0.0359073
0.0337359
0.0367566
0.0297754
0.0340432
0.0356312
0.032431
0.0351928
0.050001
0.0490887
0.0424549
0.0393445
0.0489207
0.0474207
0.0414848
0.0446267
0.0519681
0.0408705
0.050505
0.0508772
0.0496751
0.0448755
0.0519375
0.0493503
0.0476137
0.0412772
0.0386532
0.0393866
0.0423635
0.0428633
0.04157
0.038934
0.0489317
0.041675
0.0401403
0.0496277
0.0468338
0.0430078
0.0475478
0.0431925
0.0346058
0.039525
0.0376869
0.0346932
0.035313
0.0367058
0.0347021
0.0370633
0.0449147
0.0513822
0.0488696
0.0450596
0.044698
0.0481472
0.0437579
0.0494343
0.0420513
0.0477193
0.0476495
0.0417765
0.0423796
0.0463353
0.0421276
0.0473555
0.0325481
0.0380315
0.0363347
0.0301115
0.0328701
0.0360327
0.030014
0.0357789
0.0393742
0.0382637
0.0352011
0.0393573
0.0387068
0.0379866
0.0398662
0.0369164
0.041406
0.042249
0.0468877
0.0406121
0.0421765
0.0427652
0.0430831
0.0430843
0.0380187
0.0335223
0.037518
0.036283
0.0375228
0.0370492
0.0380249
0.0372851
0.0412125
0.0418276
0.0422834
0.0478984
0.0418936
0.0414672
0.0425534
0.0429256
0.0020933
0.0133592
0.00299971
0.010972
0.0113932
0.0105633
0.0113611
0.0102367
0.0240645
0.0351087
0.0244264
0.0308364
0.0333088
0.031283
0.0324991
0.0315422
0.00260903
0.0135427
0.00334856
0.0115261
0.00925148
0.00897659
0.00946734
0.0106166
0.0187007
0.0265731
0.0181348
0.025692
0.024398
0.0246742
0.0236722
0.0243558
0.0224229
0.00959761
0.0191188
0.0290189
0.0219029
0.0132277
0.0212596
0.0188856
0.0211136
0.0285907
0.0191033
0.00862253
0.020277
0.0232446
0.0145733
0.0199198
0.00980101
0.0187511
0.0288735
0.0165196
0.0111565
0.0175828
0.0164437
0.0209128
0.00944442
0.018487
0.0281939
0.0201259
0.0119831
0.018291
0.0201871
0.01952
0.00494169
0.00230997
0.00416915
7.04685e-05
0.000856567
0.0050419
0.00935819
0.000442177
0.00229719
0.00146521
0.000941128
0.0104514
0.00581086
0.00515959
0.0130345
0.00716526
0.0062587
0.00270013
0.00555302
0.00923936
0.00351812
0.00559241
0.0114462
0.00428215
0.0247616
0.0257185
0.0197674
0.0390873
0.0318678
0.0311965
0.0507227
0.0375208
0.00605086
0.00314874
0.0132273
0.01643
0.010902
0.00237035
0.0133954
0.0194401
0.00569669
0.0187289
0.00400993
0.00524147
0.00590722
0.0090982
0.0047658
0.00823393
0.00609088
0.0145258
0.0260108
0.0255849
0.0198547
0.0198668
0.0191798
0.0211027
0.00179096
0.0188261
0.0214024
0.00534244
0.00956325
0.021701
0.0150847
0.00904386
0.0725705
0.0670992
0.0648336
0.0533908
0.0658852
0.0679297
0.0623893
0.0635042
0.0501617
0.0366986
0.0516476
0.0350086
0.039128
0.0379954
0.0464346
0.0460266
0.0582029
0.0578984
0.0536433
0.0464675
0.0548408
0.0559878
0.0526715
0.0538386
0.0399627
0.0366676
0.0391051
0.0315518
0.036087
0.0367349
0.0357573
0.0373349
0.056218
0.0592241
0.0475996
0.0394889
0.0572276
0.0547669
0.0436677
0.0488483
0.0569511
0.0395212
0.0533552
0.0612512
0.0573621
0.0453308
0.0623232
0.0532985
0.0561032
0.0470076
0.0409782
0.0442947
0.0485124
0.0478077
0.0464217
0.0407507
0.0574126
0.0458398
0.0419247
0.054953
0.0514642
0.0471619
0.0545313
0.0441548
0.0017427
0.00325079
0.00217994
0.00776204
0.00374154
0.00176833
0.00381782
0.00456992
0.00394264
0.00324498
0.00416221
0.0108582
0.00408618
0.00191712
0.00520045
0.00547166
0.00190042
0.00382786
0.00273308
0.00990703
0.00412407
0.00213464
0.00493367
0.00491026
0.014552
0.0170357
0.0158753
0.0219532
0.0177307
0.0157856
0.0190076
0.0187571
0.00376102
0.00307814
0.0108378
0.0115235
0.0046972
0.00640785
0.00998995
0.00776713
0.00254196
0.00881514
0.00258884
0.00211748
0.00573852
0.00644722
0.00348796
0.00404012
0.00367159
0.0114466
0.012907
0.0119136
0.00748887
0.0114826
0.0110268
0.0124734
0.00471362
0.0118625
0.0124038
0.00456545
0.00581709
0.00906923
0.00521228
0.00974568
-0.187263
-0.0748736
-1.1216
-0.403659
-0.441033
-0.465447
-0.530665
-0.517926
0.0617675
-0.0424095
0.0982328
-0.023055
0.00363371
0.0698238
-0.0363458
-0.0661029
-0.709649
-0.266234
-0.688722
-0.0458045
-0.419072
-0.44468
-0.337584
-0.261321
0.0889871
0.109141
0.0729646
0.268311
0.469312
0.461547
0.644072
0.497206
-0.0275328
-0.598748
-0.114015
0.110876
-0.0320903
0.147214
0.0263138
-0.120504
-0.0448743
0.0948451
0.0369392
-0.50423
-0.0538157
-0.0280554
-0.193169
-0.00293719
-0.531306
-0.250899
-0.0709304
0.12713
-0.584416
-0.194829
0.0418666
0.230674
-0.427622
0.0394536
-0.0327804
-0.11772
-0.670567
0.0853882
-0.222896
-0.620875
-0.693259
-0.197375
-0.583396
-0.00491398
-0.277941
-0.368071
-0.24219
-0.303784
0.17903
-0.0357644
-0.197169
0.020368
-0.040798
-0.0998601
-0.0971129
-0.0738832
-0.674126
-0.333507
-0.420545
-0.185052
-0.217199
-0.124623
-0.242977
-0.125563
0.151345
0.0218631
-0.0944202
0.1919
0.422326
0.332032
0.29982
0.367498
-0.0814573
-0.339332
0.109571
-0.0148922
-0.111863
-0.236761
-0.641895
0.0121913
-0.0871887
-0.0138145
-0.134801
-0.214481
-0.0822219
0.0177402
-0.15914
-0.0854302
-0.368611
0.0480116
-0.00910721
-0.120223
-0.331338
0.0877056
-0.0857285
0.240054
-0.179893
-0.0868112
-0.0345425
-0.125526
-0.165144
-0.140468
-0.0622283
-0.126513
0.0377878
0.0335337
0.0396292
0.0394126
0.0372949
0.0365306
0.038218
0.0377485
0.0283762
0.0232689
0.0299224
0.0259557
0.0265504
0.0258602
0.0267556
0.0271991
0.0424538
0.0379805
0.0464683
0.0439111
0.0423303
0.0420311
0.0441517
0.043773
0.0373986
0.029646
0.038883
0.0331842
0.0336436
0.0331086
0.0338961
0.0343087
0.0321802
0.0391642
0.0365207
0.0299231
0.0328952
0.0356673
0.0324815
0.0360308
0.0314631
0.029339
0.0338038
0.0387315
0.0328414
0.0298649
0.034541
0.0342896
0.0407103
0.0371506
0.0302931
0.0403732
0.040623
0.0370209
0.0390935
0.0333033
0.0402173
0.0400141
0.0305407
0.0353105
0.0387212
0.0386384
0.0354426
0.033813
-0.585872
-0.285914
-0.482619
-0.586197
-0.0738165
0.0386756
-0.0450525
-0.00163093
-0.0847067
0.0252788
0.0670399
0.024673
0.00870704
-0.0168056
0.055747
-0.0280211
-1.06208
0.233421
-0.0874038
-0.0689571
-0.137689
0.932021
-0.337496
0.580462
-0.314997
-0.0389315
0.0128125
-0.00298878
0.0918256
0.0303772
0.0678211
0.0582842
0.0580204
-0.0667493
0.0940116
-0.00783103
0.0963731
-0.139057
-0.215587
0.221585
0.00596692
-0.0164184
0.00883013
-0.300686
0.049845
0.0448879
-0.291002
-0.0689275
-0.112498
0.074312
0.0345841
0.182947
-0.0187702
0.187176
0.159298
0.211735
-0.281458
-0.142075
0.0132942
-0.0515238
0.0557322
-0.15365
-0.0884825
0.0191365
-0.490806
-0.291124
-0.197398
-0.392087
-0.451104
-0.206381
0.445635
-0.447458
-0.432969
-0.364034
-0.148498
-0.180257
-0.304537
-0.252878
-0.0986522
-0.316699
-0.0353991
-0.0914866
0.0166575
-0.0558003
0.0146346
-0.113986
0.208783
0.0158079
-0.149843
-0.0850676
-0.0507835
-0.00247236
-0.173909
-0.219029
0.301483
-0.00978824
-0.193754
-0.101896
-0.429958
-0.224765
-0.36917
-0.248699
-0.261049
-0.363314
-0.340255
-0.249513
-0.20356
-0.153978
-0.142975
-0.19871
-0.162687
0.0231958
0.478467
0.539644
-0.0605862
0.16889
-0.267672
-0.118736
-0.186779
-0.1019
-0.143742
0.0514066
-0.253708
-0.122008
-0.060107
-0.341112
-0.0853699
-0.131403
-0.0936056
-0.129601
-0.596707
-0.473204
-0.115148
-0.235998
-0.157113
-0.20578
0.0391859
0.0238571
0.137534
-0.0762414
0.0851981
0.168421
0.0477563
-0.0319111
-0.174883
0.100998
-0.199191
-0.0621647
-0.00204122
0.0906549
-0.0326044
-0.122909
-0.0151344
0.0766491
0.0690563
0.0576922
-0.0280337
-0.0721976
0.112984
0.0950417
0.158795
-0.193324
0.11676
0.112206
0.0133209
-0.0541306
-0.119316
-0.0266301
0.189666
0.0262432
0.186221
-0.146402
-0.0520982
-0.0307128
0.0720358
0.183081
-0.166252
0.246117
-0.0078915
0.0877022
0.146555
0.228048
0.251823
0.322472
-0.165515
0.139123
-0.0181729
-0.0798742
-0.423003
0.293897
-0.0709681
-0.547081
-0.0191996
0.246682
-0.0593679
0.290738
0.0302905
-0.587999
0.0869683
-0.383123
0.228437
0.045904
-0.184757
0.021936
0.0174901
-0.057147
-0.0400749
-0.00943112
0.0690678
-0.126889
-0.337108
-0.209227
0.125956
-0.217602
0.226892
-0.0241472
0.223374
0.00966342
0.0309162
0.0643128
0.0825634
-0.00670501
0.127616
-0.0579269
-0.0506153
-0.235787
0.120381
0.0150203
-0.0502268
-0.580719
-0.555186
-0.278186
-0.153509
-0.110942
-0.186779
0.0474321
-0.12296
0.00335477
-0.0547476
-0.0027569
-0.244476
0.178244
0.0207449
-0.0496403
-0.0630331
-0.203152
-0.0109766
-0.0332479
0.0249522
-0.115898
-0.110384
-0.0953423
-0.131534
-0.108997
0.0128561
-0.0573869
-0.0524064
-0.0875559
-0.00772005
-0.0414416
-0.0427104
-0.064028
0.0448436
0.0215457
0.0181662
0.0182855
-0.102333
-0.00691288
0.0106498
0.029915
-0.0164927
0.00152126
-0.10433
-0.0797111
-0.0334553
0.247586
-0.134769
-0.116933
-0.081263
-0.127608
-0.028065
0.0164591
-0.0209346
0.022544
0.0115206
0.0179179
-0.0545025
-0.038753
0.0353572
-0.0114465
0.0138328
-0.086465
0.0738674
-0.0150179
-0.0738982
0.0282542
0.0255387
-0.0809964
0.0888838
0.000139509
0.0784635
0.0016002
0.0264748
0.0400142
-0.0297924
-0.0866651
-0.0166547
-0.0630199
-0.0485325
-0.0529075
-0.0211023
-0.0695561
-0.0504796
-0.0306613
-0.0220821
0.0509814
-0.172199
-0.0113666
0.0400646
-0.161987
0.000535806
0.0005911
0.00175431
0.00255234
0.000510765
0.00255303
0.00159032
0.00051445
0.00149939
0.00247372
0.0012762
0.0037705
-0.00058248
0.000712947
0.00069731
0.000362185
0.00233648
0.0016227
0.0019578
0.00569374
0.00217865
0.00315827
0.0035637
0.0025805
0.00717417
0.00877473
0.0101217
0.0138422
0.00993011
0.00977067
0.0112165
0.0106425
-0.000355308
0.000983893
0.00475141
0.00374667
0.00174557
0.00153031
0.00304523
0.00497323
0.00224635
0.00380617
0.00239877
0.00310484
0.000216944
0.000922844
0.00148878
0.000850398
0.00283088
0.00581457
0.005317
0.00704813
0.0048047
0.0047942
0.0056759
0.00591536
0.00177636
0.00654116
0.00451142
0.00116003
0.00274332
0.00609427
0.00240614
0.00555771
0.158968
0.131267
0.133052
0.129453
0.151297
0.141696
0.146198
0.135014
0.109342
0.0943052
0.0933619
0.0926639
0.106388
0.0975757
0.101999
0.0897626
0.109361
0.0920845
0.0934339
0.0967875
0.104938
0.0951274
0.100318
0.0873079
0.0967065
0.0789586
0.0899758
0.0538219
0.0845269
0.0846135
0.0784415
0.079753
0.127593
0.126757
0.128509
0.105695
0.121135
0.127846
0.110404
0.119923
0.117474
0.0983288
0.0959828
0.116595
0.110942
0.105979
0.108611
0.104544
0.121478
0.117056
0.0974432
0.100097
0.11254
0.111476
0.106481
0.103587
0.110427
0.0921283
0.0916132
0.0891856
0.102253
0.0990549
0.099711
0.0978125
0.00404065
0.00392232
0.00945072
0.00987599
0.00665319
0.00557592
0.0101925
0.00786328
0.00256071
0.0024029
0.00642381
0.00821687
0.00486262
0.00292781
0.00571877
0.00671395
0.0133513
0.0109254
0.0164235
0.0181154
0.013564
0.0117612
0.0161127
0.0162089
0.0157316
0.0143842
0.0201192
0.0207365
0.0173718
0.0150026
0.0203158
0.0199916
0.0059436
0.0100537
0.0122395
0.0109513
0.00740837
0.0102616
0.00987918
0.0102795
0.00411864
0.00871907
0.00688307
0.00866901
0.00754412
0.00837804
0.00776211
0.00891317
0.0137337
0.0154062
0.0118614
0.0187088
0.0149158
0.0136392
0.0154158
0.0154413
0.0120726
0.0185741
0.012664
0.0112784
0.0135235
0.0137757
0.0104013
0.0129411
0.0456304
0.0414315
0.0404079
0.0378085
0.0429478
0.0423406
0.0398161
0.0395186
0.0386174
0.0374893
0.0350562
0.0334126
0.0376076
0.0368008
0.0343607
0.0345049
0.0363052
0.0335216
0.0335085
0.0313535
0.0339161
0.0337468
0.0321275
0.032157
0.0301202
0.0282177
0.0274469
0.0224271
0.027819
0.028224
0.0251642
0.0260661
0.0395501
0.0379606
0.0355274
0.0332513
0.0367335
0.0372357
0.0344768
0.0354731
0.0389839
0.0330686
0.0345761
0.0375286
0.0364849
0.0346401
0.036662
0.034927
0.0353847
0.0326406
0.0302078
0.0291263
0.0342756
0.0330973
0.0317458
0.0308452
0.035296
0.0297942
0.0308898
0.0328159
0.0331959
0.0318197
0.0329058
0.0316546
-0.368918
-0.122009
-0.656881
0.00405863
-0.381907
-0.387993
-0.568315
-0.55639
0.00748944
0.0167336
-0.351345
-0.00645235
-0.00255437
-0.0662383
0.0605761
0.0145298
-0.405779
-0.220355
-0.561901
-0.232501
-0.35665
-0.337182
-0.419105
-0.375628
-0.0366732
0.0415308
-0.153122
-0.0232604
-0.0106123
-0.0688581
-0.052123
-0.0069675
-0.003247
-0.506807
0.114856
-0.0273954
-0.00335588
-0.263669
0.0790274
0.0811516
-0.18748
-0.0653055
0.0185634
-0.40823
-0.0171552
0.101805
-0.332009
-0.0334338
-0.570817
0.234688
0.0225682
0.179693
-0.0285254
0.286933
0.331465
0.467263
-0.551263
0.164288
-0.041859
-0.129841
-0.677101
0.397463
-0.226265
-0.476706
-0.522121
-0.158268
-0.373916
-0.0361674
-0.285566
-0.277473
-0.30804
-0.238925
-0.398877
0.00290293
-0.134558
-0.0221183
0.0471717
0.0210199
-0.00416441
0.0108238
-0.431571
-0.176404
-0.423387
-0.209116
-0.175096
-0.269738
-0.170769
-0.23884
0.107169
0.0315523
-0.225007
0.0152466
-0.0778592
-0.0588371
-0.043393
-0.0675583
-0.108779
-0.171333
0.216061
-0.0396584
-0.171672
-0.136618
-0.436978
-0.215442
-0.0589278
-0.0165934
-0.0555807
-0.267396
-0.111544
0.234964
-0.389795
-0.0889467
-0.151213
0.285968
-0.107814
-0.167289
-0.519457
-0.0572575
-0.144317
0.02819
-0.227971
-0.207382
-0.0539548
-0.104897
-0.173297
-0.166502
-0.121447
-0.0965409
0.0995712
0.135066
0.135749
0.0888268
0.101602
0.12043
0.0956063
0.118422
0.196669
0.299324
0.30327
0.167157
0.20558
0.261413
0.205053
0.243501
0.196043
0.295345
0.287267
0.155354
0.209322
0.258033
0.20525
0.265427
0.0554894
0.0510087
0.101823
0.0367347
0.0458211
0.062233
0.0436315
0.0362692
0.141092
0.14219
0.0877899
0.109408
0.130336
0.125619
0.115382
0.100327
0.174247
0.132264
0.261117
0.170864
0.166679
0.182048
0.197754
0.212984
0.13723
0.0702399
0.0876182
0.0892463
0.110278
0.0936991
0.103084
0.0839466
0.170704
0.104842
0.118343
0.263993
0.183514
0.13393
0.200099
0.157519
0.116143
0.134717
0.108806
0.116707
0.123602
0.120884
0.118133
0.119057
0.153122
0.171744
0.148259
0.156323
0.162367
0.162455
0.15031
0.157457
0.102229
0.121063
0.0966696
0.107658
0.106263
0.108813
0.10089
0.106611
0.101029
0.114974
0.103584
0.0792375
0.100751
0.116885
0.0885057
0.108724
0.140344
0.112305
0.121214
0.135526
0.13256
0.123779
0.137125
0.123656
0.138538
0.144639
0.132802
0.111929
0.135384
0.137958
0.128241
0.13054
0.105872
0.110441
0.124571
0.102491
0.109763
0.120239
0.114202
0.118681
0.10964
0.114608
0.134547
0.128178
0.112558
0.122023
0.121489
0.137018
0.00244412
0.0023361
0.017895
0.00600047
0.0054032
0.00562115
0.00333956
0.0133333
0.0251698
-0.0179294
0.000355935
0.0596659
-0.0169839
-0.0111275
-0.0258939
-0.0257361
-0.00573927
0.00513885
0.0897124
0.129615
0.00357054
-0.00070335
0.00620327
0.00497592
0.00511622
-0.00482848
-0.0219714
0.0124827
-0.0106999
-0.00744684
-0.0153387
-0.0181022
-0.00998695
0.00443099
0.000390419
-0.0172182
-0.0114471
0.0349515
-0.00876565
-0.014352
-0.0214875
-0.0252861
-0.0360508
0.00227196
0.0279573
-0.0481529
0.0180569
-0.0238913
-0.000369818
-0.0131202
-0.0268486
-0.0338194
-0.0346114
0.00764045
-0.0351999
0.00354806
0.0158909
0.00966903
-0.0132546
-0.00679991
-0.0324717
-0.0247738
-0.0210311
0.0444782
0.00127434
0.000550555
-0.000258386
0.00279235
0.0012428
0.000312431
0.000230119
0.000821103
0.00142744
0.000361447
0.0014445
0.00335769
0.00155598
0.00133114
0.00185203
0.0014681
-0.000287235
0.000472781
-0.000500118
0.00165019
-0.00102051
0.000293137
-0.00105722
-0.000937307
0.00693736
0.00795714
0.00637987
0.0134412
0.00827588
0.00684744
0.00822503
0.00697406
0.000926613
0.000883186
0.00383112
0.00395208
0.00114627
0.000305587
0.00333749
0.00262114
0.000623923
0.00304293
0.00122241
-0.000386106
0.00197935
0.000415262
0.000963087
0.000795338
5.85019e-05
0.0030906
0.00464017
0.00198206
0.000207541
0.00337885
0.00261958
0.00125847
-0.000356533
0.00152131
0.00412077
9.62775e-05
-0.00105956
0.00191947
0.000997749
0.00215112
-0.185227
-0.141365
-0.184715
-0.188851
-0.285985
-0.188134
-0.250868
-0.216899
-0.0658562
0.0197558
-0.0507514
-0.0847213
-0.127679
-0.123545
-0.0716231
-0.0366971
-0.115215
-0.065006
-0.0346774
-0.0741008
-0.031695
-0.0338694
-0.0758863
-0.0228406
0.0688391
-0.216173
-0.0809049
-0.0923523
-0.090787
-0.125728
0.0516499
0.0777782
-0.137543
-0.140833
-0.270697
-0.118051
-0.146004
-0.278083
-0.133004
-0.227479
-0.121553
-0.112034
-0.0974483
-0.152403
-0.0513317
-0.0970982
-0.0966629
-0.0841514
-0.184222
-0.284898
-0.121237
-0.137548
-0.0982278
-0.211268
-0.00802715
-0.271794
-0.085732
0.022915
-0.0155842
-0.0746494
-0.0714014
-0.0672404
-0.0629982
-0.071283
-0.937073
-0.252024
0.177399
-0.164775
0.0889879
0.0147516
0.040736
-0.105092
-0.049562
-0.0194435
-0.0194868
-0.138389
-0.0489544
-0.0430451
-0.0987615
-0.0704927
0.107794
0.0730528
0.103688
0.0195434
0.0887317
0.104104
0.0886824
0.0883974
-0.126504
-0.114863
-0.0581962
-0.678989
-0.412883
-0.176267
-0.346413
-0.284637
-0.00187493
0.108653
-0.0831031
-0.0268227
-0.145281
0.0413999
-0.113073
0.0264681
-0.105019
-0.0738713
0.0240931
0.0888936
-0.00910996
-0.00631149
0.0524675
0.0196395
0.0407036
0.0664062
-0.197622
-0.0685674
0.04859
-0.0280007
-0.0364987
-0.0895784
0.0694564
-0.0163451
-0.0846973
0.0168866
0.0334683
-0.0222419
0.0179
0.00115781
0.376378
0.287505
0.235087
0.21659
0.343507
0.361774
0.257978
0.209815
0.090742
-1.01705
0.25648
-0.100364
-0.32774
-0.0608057
-0.125469
-0.503679
0.154366
0.0301726
0.0842348
0.082446
0.0630455
0.0679175
0.0616545
0.0447342
0.108059
0.115963
0.0596257
0.0676648
0.059596
0.0811432
0.0703428
0.0719062
0.205729
0.173236
0.152198
-0.0476799
0.165428
0.182222
0.0991976
0.136531
0.137391
0.108355
0.0345641
0.187701
0.15228
-0.113742
0.142149
0.166308
0.133214
0.150373
0.0605351
0.0663271
0.104175
0.11975
0.0545992
0.0652171
0.0927178
0.049713
-0.0476592
0.0779235
0.0749736
0.0708701
0.0474919
-0.0272323
0.041432
0.0477154
0.0463226
0.0418853
0.042132
0.0441273
0.0411525
0.0450671
0.0547308
0.0632125
0.0613314
0.0549329
0.055083
0.0588731
0.0539661
0.0610052
0.0545774
0.0635052
0.0699815
0.0544594
0.0556879
0.0621549
0.0558988
0.0638338
0.0393021
0.0463001
0.0431602
0.0343958
0.0406765
0.043252
0.0369004
0.0418454
0.0479491
0.047237
0.0434337
0.0487125
0.0470388
0.0460142
0.0487067
0.045055
0.0506453
0.0518377
0.0592328
0.0511951
0.0520706
0.0525411
0.0536795
0.0540364
0.0467663
0.0402529
0.0457896
0.0452078
0.0467868
0.0451715
0.0474486
0.0450942
0.0526492
0.0517777
0.0519163
0.0611148
0.052598
0.0518888
0.0536121
0.0536335
-0.59005
-0.0567397
-0.15298
-0.108359
-0.212802
-0.303646
-0.175315
-0.201931
-0.0502272
-0.0153161
-0.019656
-0.0197731
-0.0359868
-0.029612
-0.0226669
-0.01563
-0.0266436
-0.00326237
0.00342328
-0.034206
-0.0420021
-0.0131025
-0.0403054
-0.0233166
0.0542683
-0.0894746
-0.025816
-0.00337711
-0.120322
-0.103358
-0.0189706
-0.0358294
-0.0366862
-0.0680905
-0.0470458
-0.110964
-0.00769413
-0.25123
0.0781465
-0.140613
-0.0442634
-0.0342576
-0.048342
-0.0499741
-0.041751
-0.0409474
-0.110364
-0.0355816
-0.0512393
-0.0306477
-0.0921957
-0.00768401
-0.0667948
-0.0630696
-0.0072339
-0.155564
-0.0669508
0.00149411
-0.031447
-0.031714
-0.0632645
-0.00587598
-0.0315481
-0.0203217
0.00378278
0.00530123
0.00262792
0.00509766
0.00526666
0.00307428
0.00481764
0.00374963
0.00518697
0.00280691
0.00278339
0.00553548
0.00373983
0.00277932
0.00236941
0.000908199
0.00281274
0.00295639
0.00182439
0.00525368
0.00524885
0.00231975
0.0034126
0.00190655
0.0106834
0.0103615
0.010013
0.0141909
0.013248
0.0102357
0.0124801
0.0112248
0.00434158
0.00550607
0.00984596
0.00812894
0.00371605
0.0073026
0.00739171
0.00625636
0.00323331
0.00583193
0.00292423
0.00264523
0.00219569
0.00496684
0.00393349
0.00475207
0.00368057
0.00913114
0.00775514
0.00790843
0.00587647
0.00806639
0.00890232
0.00979527
0.00277866
0.00664735
0.00639717
0.00152861
0.00609448
0.0056471
0.00305052
0.00591945
0.290732
0.278907
0.176678
0.139781
0.247246
0.248508
0.178496
0.186071
0.259114
0.234849
0.147348
0.1134
0.202933
0.20648
0.139693
0.156152
0.108172
0.0982379
0.0689673
0.0626249
0.0875212
0.086061
0.0704228
0.0707739
0.0837947
-0.00483976
0.0323658
-0.00943323
0.00503885
0.0258914
0.0240839
0.021266
0.236794
0.14363
0.103252
0.0999423
0.163524
0.155177
0.128188
0.126359
0.233651
0.100957
0.129977
0.141168
0.179493
0.140283
0.164974
0.130357
0.111285
0.0889116
0.0457529
0.0463087
0.0951721
0.0882649
0.0682444
0.0546489
0.115475
0.0592934
0.0770257
0.101068
0.0903782
0.0731619
0.0998729
0.0793469
0.0717791
0.0834582
0.0806881
0.0825859
0.0779324
0.0797427
0.0746954
0.0846887
0.103337
0.174862
0.134999
0.148045
0.108187
0.124235
0.112515
0.143753
0.100994
0.129002
0.124195
0.107782
0.102321
0.118032
0.110123
0.131685
0.0766809
0.0866059
0.0737506
0.035178
0.0759846
0.0806215
0.0599268
0.0693914
0.0921259
0.0857904
0.0878575
0.100645
0.0887744
0.0867463
0.115043
0.092273
0.0996251
0.122563
0.118974
0.0957883
0.108978
0.113482
0.0994716
0.100713
0.0885707
0.0765194
0.0999527
0.0884608
0.0961028
0.0912778
0.0896876
0.0996536
0.104463
0.10964
0.121037
0.123327
0.111296
0.10649
0.104606
0.127442
0.102473
0.071061
0.0878923
0.0956932
0.066972
0.075821
0.0870826
0.0780968
0.061442
0.0483681
0.052867
0.0470715
0.0499361
0.0516045
0.0522835
0.0503801
0.0854735
0.0635616
0.0890065
0.0662522
0.0714069
0.0777714
0.0765602
0.0759595
0.0440759
0.028007
0.00851336
0.0131733
0.0163333
0.0232275
-0.00211109
0.00719776
0.0604107
0.0694175
0.0557144
0.0467985
0.0620303
0.0575226
0.0371068
0.074549
0.0639587
0.0508672
0.0600204
0.0737572
0.0619123
0.0513718
0.0632637
0.0588749
0.0700774
0.0559081
0.0455668
0.0370409
0.0821356
0.0552344
0.0519746
0.0377649
0.0708508
0.0488639
0.0470295
0.0602348
0.0598197
0.0682549
0.0607875
0.0501874
-0.00254186
0.00169014
-0.00335327
-0.0157403
-0.00746666
-0.00599143
-0.00440775
-0.00295694
-0.00163647
-0.00564524
-0.00511548
-0.00973518
-0.00396874
-0.00513406
-0.00353287
-0.00367459
7.04852e-05
0.00156955
0.00384928
0.00662584
0.00054752
0.00100236
0.00214684
0.00254673
-0.0211125
-0.0141135
0.000121616
-0.0290116
-0.0259272
-0.00907538
-0.0200157
-0.00987627
-0.00365282
-0.00136679
-0.0170127
-0.00850999
-0.00343986
-0.00307959
-0.0078955
-0.0139785
-0.00385927
-0.00854603
-0.000724602
-0.00154313
0.000317774
-0.00217618
-0.00075786
-0.00160404
0.000407457
-0.0156614
-0.00573604
-0.002023
-0.00601496
-0.0115552
-0.00608779
-0.010171
-0.000348181
-0.000136669
-0.00646056
-0.00117067
0.000145699
-9.29036e-05
0.00112892
-0.000241281
-1.21708
-0.0896846
-0.388176
-0.169882
-0.122096
-0.376079
-0.267578
-0.308938
0.152399
0.256072
0.125389
0.0234961
0.121601
0.184846
-0.00494467
0.092127
-0.375623
-0.410013
-1.92469
-0.244369
-0.351063
-0.936338
-0.933295
-0.995614
0.0451084
-0.00801336
0.0441217
0.0262294
-0.295439
0.0750446
-0.138315
-0.0663252
-0.0520095
-0.308565
-0.342221
-0.0987585
-0.0927705
-0.18092
-0.0683635
-0.127758
3.89447e-05
-0.00135764
0.00202856
-0.178054
-0.0336899
-0.0624605
-0.0729022
-0.143822
-0.491741
-0.409504
-0.170124
-0.489448
-0.16723
-0.183711
-0.367645
-0.339857
-0.297151
-0.191216
-0.0558297
-0.126451
-0.348021
-0.328229
-0.207841
-0.0702041
-0.363422
0.0423155
-0.0851134
-0.249273
-0.22062
-0.0828553
-0.0357188
-0.130523
0.00876554
0.00925609
0.013582
0.0167595
-0.00422946
0.000701871
0.00886716
0.0133638
0.0149488
0.0397654
0.00942098
0.0461512
0.0364671
0.000117692
0.0334277
0.0278534
-0.0344265
0.0284224
0.0254796
0.0495534
0.0655711
0.054486
0.0415914
0.0763434
-0.0154502
-0.13175
-0.189288
0.0387246
-0.013972
-0.111399
0.0298929
-0.0338788
0.00966816
0.0136092
0.00249281
-0.0763597
0.00363101
-0.000544103
0.018678
0.0205115
-0.0645212
-0.102707
0.00559485
0.0295281
4.97825e-05
-0.046581
0.0893016
0.0574471
-0.0538337
0.0314764
0.00727814
0.0236253
0.015092
0.0283537
0.00442999
0.0287795
0.289481
0.149564
0.188743
0.109545
0.225442
0.194376
0.191215
0.156708
0.0676987
0.0283131
-0.00943245
0.00486699
0.039625
0.0419938
0.0135754
0.0319172
-0.156348
-0.160451
-2.41999
-0.00950535
-0.144716
0.059491
-0.66625
-0.269237
0.0164616
0.0289478
0.00817358
0.0430778
0.0690396
0.0760685
0.0512489
0.0724019
0.112786
0.13604
0.0937064
0.0409338
0.09644
0.0435939
0.0288296
0.0740215
0.0945656
0.0220581
-0.0870033
0.0238987
0.0800631
0.0346735
0.166022
-0.0198783
0.0559749
0.0703539
0.0189651
-0.0367188
0.00161762
0.000156461
-0.0248537
0.0922577
-0.0390286
-0.0225424
0.0309117
-0.17625
-0.264607
0.00201888
0.0148113
-0.299109
0.00144165
0.00244325
0.0020015
0.0137735
0.00791377
0.00111188
0.00684719
0.00472526
0.00125617
-0.000730159
0.00667146
0.0165435
0.00368118
0.00222867
0.000789207
0.00184352
0.00117905
0.00923875
0.00656554
0.0130351
0.00628832
0.00354689
0.00506766
0.00566602
0.0293483
0.0271071
0.0214515
0.0490713
0.029578
0.0248248
0.0283288
0.0240525
0.00755108
0.00711297
0.0192124
0.0155255
0.00633295
0.00926011
0.0187273
0.0142311
0.000897378
0.0151784
0.00391845
0.00181502
0.0035769
0.00757429
0.00233949
0.00494895
0.00652041
0.0170944
0.0127916
0.0118717
0.0140623
0.0140506
0.0130449
0.0160287
0.00388426
0.00824723
0.0111634
0.00402381
0.0140466
0.0109238
0.00535757
0.0109768
0.105886
0.121127
0.125348
-0.172306
-0.024571
0.0325575
0.0103243
-0.0131052
0.0303251
-0.330817
-0.0313705
0.019198
-0.0302392
-0.179465
-0.0230045
-0.0840301
-0.0992712
-0.32218
-0.854301
-0.48963
-0.247797
-0.194279
-0.349471
-0.344641
-0.0878455
-0.0051044
-0.248335
-0.0548969
-0.0611843
-0.0843723
-0.0265138
-0.0507163
-0.0266965
-0.114427
-0.00736397
-0.0905971
0.0194936
-0.184994
-0.106998
-0.0562426
-0.0523416
-0.143465
-0.139336
-0.0781216
-0.0317631
-0.231738
-0.146444
-0.104081
-0.118886
-0.0173162
0.0112568
-0.154482
-0.173172
-0.0712081
-0.0730338
-0.150892
-0.148466
-0.167955
-0.0479048
-0.111732
-0.210858
-0.178477
-0.121686
-0.0414429
-0.525272
-0.0621023
0.30982
-0.0200386
-0.164622
0.166048
-0.0888369
0.168155
0.0978014
-1.31969
0.105212
-0.0753365
-0.523243
0.13419
-0.0722475
-0.315565
0.479468
0.454645
0.532478
0.243406
0.370442
0.509835
0.368894
0.473824
0.0703686
-0.00463658
0.0850986
0.0183033
-0.0563552
0.0271211
-0.0447745
0.0881442
0.0337824
0.274569
-0.0626255
-0.179323
0.153852
0.1193
0.0882541
0.145172
0.0890388
-0.0412779
0.280715
0.405232
0.0963521
0.0691517
0.26259
0.237604
0.317548
0.076491
-0.0620881
0.10226
0.238576
0.125293
0.107788
-0.0258271
0.352279
0.230941
0.0506967
0.369847
0.309256
0.20838
0.230988
0.183641
0.0306988
0.028154
0.0298067
0.0276957
0.0298402
0.0295064
0.0298929
0.0290526
0.026751
0.0266509
0.0281964
0.0246741
0.026398
0.0265438
0.0258861
0.0256505
0.030259
0.0305571
0.034722
0.0273388
0.0294237
0.0305031
0.0295197
0.0295672
0.0232641
0.0219657
0.0233269
0.0189808
0.0228254
0.0223132
0.0217821
0.0205402
0.0276906
0.0288268
0.0269454
0.0252341
0.02728
0.0278383
0.0257838
0.0268209
0.0276396
0.0250686
0.0278751
0.0289796
0.0271581
0.0259393
0.0277138
0.0273118
0.0288167
0.0261095
0.0242486
0.0247352
0.0265675
0.0261002
0.0256906
0.0243172
0.0286164
0.0241965
0.0235869
0.0272779
0.0270859
0.025904
0.026708
0.0262949
-1.05334
-0.237581
0.228328
-0.145741
-0.417893
0.172544
-0.161917
0.0880119
0.0931744
-1.46512
0.153631
-0.122956
-0.373302
0.13274
-0.115707
-0.189511
0.402998
0.371787
0.486266
0.25516
0.35168
0.444912
0.333376
0.424314
-0.103891
-0.0566141
0.0467355
-0.00258299
-0.0277005
-0.0259192
-0.0131233
-0.0112197
0.0498784
0.178136
-0.130519
-0.0559129
0.101953
0.0765721
-0.0961624
0.0284463
0.050563
-0.014309
0.241315
0.348889
0.0999155
0.0346405
0.222254
0.238923
0.209157
-0.0606013
-0.0188528
0.127178
0.134885
0.0339017
0.111253
-0.00413317
0.303871
0.154788
-0.00458205
0.32261
0.247171
0.148788
0.223743
0.0804249
-0.645167
-0.259723
-0.125599
-0.185713
0.0272113
-0.306184
0.227299
-0.248443
0.282683
-0.245664
-0.186901
-0.0520017
-0.216443
-0.409959
-0.163388
-0.117015
0.0486195
-0.140477
-0.106561
-0.0885866
-0.0211979
-0.188485
-0.0482311
-0.0128215
-0.0775217
0.021651
-0.00116526
-0.0398834
-0.0428036
0.0196955
-0.0714957
-0.0569203
0.0534793
0.0185584
0.0533187
-0.0263181
0.032123
-0.403184
-0.0306359
-0.123446
-0.290714
-0.218598
-0.261448
-0.117915
-0.215478
-0.331914
-0.0767302
-0.0646454
-0.00424467
-0.0035886
0.0774438
-0.0614432
-0.00895968
-0.145912
-0.113608
-0.107333
-0.0323904
-0.122153
-0.0653933
-0.0777736
-0.24318
-0.197275
-0.0206618
-0.182303
0.0083886
-0.000345974
0.00428748
-0.0171422
-0.0168511
-0.00457422
-0.00343273
-0.00415952
-0.00116491
-0.00434441
0.000588706
-0.0197771
-0.00421484
0.00406297
-0.00290965
7.24234e-05
0.00525468
-0.00108229
0.00567731
0.00645257
-0.0030872
0.00237844
0.000461134
0.000492851
0.00675709
-0.0309736
0.0025024
-0.0125196
-0.0198379
-0.00396568
-0.0106827
0.00299864
-0.0106512
-0.00838417
-0.00985158
-0.0115254
-0.00473814
-0.00425851
-0.00675438
-0.00351303
0.00114381
-0.00181098
0.00199841
-0.00307505
0.000236938
-0.00233727
-0.00201358
-0.000552637
-0.00153135
-0.00847894
-0.00591381
3.77125e-05
0.000728782
-0.00493141
-0.00433082
-0.00741413
-0.00103297
-3.10413e-06
0.0023649
0.000904109
0.00234884
-0.00113716
0.00183059
-0.00693109
0.301291
0.0959955
0.181241
0.10959
0.233515
0.198847
0.198192
0.162742
0.00303283
0.0172996
0.0654983
0.00930662
0.0278626
0.0186819
0.050119
0.034215
0.0510885
-0.192094
-1.3867
-0.570713
0.009985
-0.189436
-0.0267402
-0.206138
0.0823758
0.00208245
-0.0148544
0.0428717
-0.0131003
-0.0182833
-0.0211449
-0.0526871
0.0899567
0.150998
0.0989021
0.0374583
0.0525315
0.0254212
0.0563372
0.113971
0.0526525
0.0761594
0.000459668
0.16383
0.00124226
-0.00189691
-0.0579827
-0.041374
0.0699205
0.0683023
0.0198651
-0.0685321
0.188787
0.0726471
-0.0525055
0.0453916
0.0877959
-0.192974
0.0656227
0.063409
-0.159354
-0.0731398
-0.0325047
-0.144179
0.00219171
-0.000226378
0.00154133
0.000898363
0.000817014
0.00108184
0.00061949
-0.000153064
-0.00116301
-0.0059178
-0.000949572
-0.0047048
-0.00344221
-0.00301001
-0.00201876
-0.00341002
-0.00046853
-0.00374733
0.00320045
-0.00775564
0.000630235
0.00121901
0.000941843
0.000858954
-0.00203992
-0.0175071
-0.00757109
-0.0153193
-0.00947098
-0.00884152
-0.00716598
-0.00968704
-0.000221221
0.000124182
-0.00142501
-0.00164953
-0.000476645
-0.000104743
-0.00498597
-0.00142457
0.000921523
-0.00136458
0.000216397
0.000365843
-0.00189617
0.000241969
-0.000427428
0.00181961
-0.000999462
-0.00311282
-0.00928241
-0.0104183
-4.0393e-05
-0.00418701
-0.00660781
-0.00586583
-0.0018943
-0.0108647
-0.0140142
-0.0053493
-0.0020198
-0.0044797
-0.00253116
-0.0113658
0.000679769
0.0038031
0.00196767
0.00503512
0.00242374
0.00139894
0.00116303
0.00170519
0.00637804
0.00561935
0.00405175
0.0110289
0.00488953
0.00270745
0.00400649
0.00269359
0.00325132
0.00351316
-0.000640085
0.00202287
0.00498397
0.00289772
0.00341421
0.000561474
0.0115398
0.0169861
0.012558
0.0208567
0.0197211
0.0155314
0.0215797
0.0190548
0.0034051
0.00262584
0.0100302
0.0122347
0.00208663
0.00330992
0.0108596
0.0070238
0.00188458
0.00937894
0.00251766
0.00115782
0.00186823
0.00434069
0.00417217
0.00448364
0.000614753
0.0122189
0.0125356
0.0113253
0.00497508
0.0114746
0.0116285
0.01314
0.00141792
0.0094802
0.0106615
0.000984565
0.00593142
0.00767507
0.00283787
0.00861993
0.407248
0.483446
0.312487
0.308985
0.397171
0.406324
0.29603
0.327102
0.551284
0.625154
0.420613
0.406193
0.534132
0.538664
0.410056
0.449925
0.259562
0.309129
0.226599
0.222926
0.252695
0.261044
0.216418
0.233914
0.219537
0.205322
0.170514
0.10505
0.146163
0.182749
0.14233
0.170623
0.467017
0.307245
0.256001
0.290763
0.32867
0.303585
0.402754
0.31747
0.481034
0.337855
0.354803
0.314087
0.373667
0.341796
0.350759
0.34835
0.239812
0.191903
0.251192
0.196812
0.236392
0.24369
0.237451
0.224979
0.259151
0.229017
0.294394
0.311422
0.264695
0.252418
0.284727
0.297515
-0.0857439
-0.213156
-0.145958
-0.0457777
-0.178364
-0.219512
0.0665548
-0.0323135
-0.285477
-0.765019
0.0142417
-0.0959027
-0.417105
-0.759665
0.0197121
-0.478396
-0.101854
-0.0100095
-0.339178
-0.0272229
-0.142274
-0.186467
0.037366
0.179685
-0.0875153
-0.10611
-0.0176521
-0.0647709
-0.054089
-0.133415
-0.0829136
-0.051461
-0.333272
-0.157703
-0.0784196
-0.0468278
0.107598
-0.136115
-0.158979
-0.104637
-0.473787
-0.270255
-0.194075
-0.159956
-0.0627641
-0.261938
-0.182558
-0.0150829
0.098869
0.0241215
-0.087368
-0.0241764
0.00423129
-0.0400788
-0.0665406
-0.0987386
-0.0839913
0.0503463
-0.0174696
0.18625
-0.133167
-0.0525401
-0.0502421
0.0496062
0.0702526
0.0752181
0.0813705
0.0793869
0.0722912
0.074878
0.073004
0.0776948
0.0837296
0.0989771
0.102868
0.0920205
0.0874749
0.0911193
0.0851799
0.0982873
0.0993789
0.114155
0.141897
0.122781
0.113338
0.120316
0.0954369
0.125053
0.0740871
0.0749765
0.0853307
0.0384519
0.0702859
0.0791622
0.044273
0.0612656
0.0784992
0.0877504
0.0793069
0.085543
0.080628
0.0854017
0.0853747
0.0872821
0.0817969
0.0933938
0.10314
0.0913787
0.0856245
0.0920983
0.0890272
0.0988878
0.090396
0.0650475
0.0771134
0.0828796
0.0975277
0.0820486
0.0944316
0.0854925
0.0944153
0.106173
0.091556
0.109327
0.102976
0.107104
0.0953131
0.102544
-0.0213265
0.234217
0.175617
-0.251799
-0.19915
0.0260658
0.0572188
0.146849
0.296515
0.36356
0.266344
0.198276
0.317756
0.356682
0.222211
0.28385
0.174055
0.191492
0.12065
0.105407
0.181056
0.180271
0.117159
0.134451
-0.0644339
0.0577215
0.00175809
-0.0150199
-0.0131444
0.00800371
-0.0188817
0.0128404
0.147999
0.235775
-0.106474
0.0881287
0.121571
0.150557
0.0991486
-0.00159251
0.288316
0.149229
0.26056
0.280635
0.249511
0.202776
0.285664
0.258986
0.135591
-0.0222052
0.0651139
0.0425161
0.0420639
-0.0272588
0.0588848
0.0438495
0.218519
0.104939
0.122371
0.195044
0.156917
0.120157
0.172175
0.148197
0.0323331
0.0313302
0.0342203
0.0326651
0.031758
0.0327016
0.0327901
0.0330652
0.0325115
0.0373074
0.0369808
0.0323764
0.0326696
0.0351358
0.0332766
0.0351413
0.0374116
0.0385987
0.0419231
0.0381654
0.0378253
0.0394945
0.038739
0.0399238
0.0309608
0.0296121
0.032737
0.0277095
0.0301938
0.031513
0.0294378
0.0311492
0.0311914
0.0344376
0.0319099
0.0310526
0.0322138
0.0328412
0.0314627
0.0330823
0.0326792
0.0327862
0.0364646
0.0353076
0.0330156
0.033335
0.0343337
0.0349632
0.0351226
0.0318938
0.0315013
0.0338775
0.0348509
0.0333064
0.0349222
0.0320497
0.0359358
0.0363988
0.0326803
0.0369362
0.0360396
0.0361565
0.0353108
0.0343645
0.284714
0.198186
0.111532
0.137696
0.208867
0.197317
0.16501
0.151737
0.149019
0.122094
0.101605
0.115784
0.132893
0.124983
0.123533
0.111112
0.0219196
0.0666491
0.0341357
0.00855499
0.0566695
0.0586676
0.0409812
0.0416348
0.0895116
0.0850498
0.0556862
0.0511805
0.0796085
0.0856691
0.0585566
0.0574707
0.161017
0.105815
0.129491
0.117462
0.140263
0.129208
0.127489
0.119795
0.149921
0.113139
0.101082
0.103107
0.120537
0.1196
0.116011
0.103246
0.0736682
0.115555
0.0983633
0.0309649
0.0694871
0.097315
0.0715792
0.0874616
0.0777168
0.0441553
0.0888732
0.0730112
0.0617261
0.072627
0.0777436
0.0770955
-0.304183
-0.204765
-0.202133
-0.170951
-0.53027
-0.342633
-0.406161
-0.117352
-0.0845682
-0.0176417
0.0498052
0.0290007
0.00226201
-0.000751506
-0.0890769
-0.00478676
-0.0465023
0.0216588
-0.00945975
-0.0370253
-0.031433
-0.041849
-0.0436134
-0.0328863
-0.06801
-0.0419489
-0.0246174
-0.015298
-0.0473602
-0.0549008
-0.0366239
-0.0452182
-0.177899
-0.11009
-0.166438
-0.0729362
-0.164914
-0.16579
-0.116337
-0.195264
-0.109659
-0.0629856
-0.0523405
-0.100719
-0.0756692
-0.0302341
-0.0201678
-0.0503677
-0.126289
-0.148343
-0.067302
-0.0446094
-0.125907
-0.0733564
-0.0189149
-0.0861036
-0.0337436
-0.0177991
-0.0401456
-0.0317484
-0.00747481
-0.0359323
-0.0230946
-0.022563
0.404545
0.239335
0.370534
0.249709
0.311809
0.30934
0.298499
0.292636
0.173246
0.127832
0.157029
0.127025
0.160721
0.153774
0.15784
0.151308
0.354183
0.206359
0.327972
0.196349
0.279342
0.268334
0.277444
0.256659
0.0910554
0.103228
0.105019
0.0486124
0.0973324
0.088354
0.09524
0.0714158
0.221161
0.296215
0.206999
0.145305
0.218611
0.233594
0.159757
0.203341
0.211917
0.144665
0.196546
0.287849
0.205204
0.176997
0.225847
0.202767
0.297358
0.1971
0.133595
0.14011
0.218542
0.176789
0.161183
0.15763
0.272636
0.147003
0.132911
0.19143
0.218337
0.179326
0.199704
0.15146
-0.530959
-0.123159
-0.165296
-0.175993
-0.184906
-0.238658
-0.201643
-0.24068
-0.0296153
-0.056367
-0.0863002
-0.020553
-0.0638013
-0.0155732
-0.0884239
-0.0417427
-0.252636
0.000170442
-0.063303
-0.104593
-0.0124991
-0.126912
-0.00581584
-0.0527666
0.00671978
0.169881
-0.161768
0.391561
0.293771
0.0989307
0.312663
0.209026
-0.129071
-0.150041
-0.135141
-0.0486902
-0.177534
-0.290136
-0.0299315
-0.0827343
-0.100402
-0.0260943
-0.060322
-0.144535
-0.112916
-0.134166
-0.100793
-0.075257
-0.157171
-0.124031
-0.0538299
0.00750295
-0.096676
-0.0488809
0.0160077
0.0233465
-0.109836
0.0107304
-0.024289
-0.0377722
-0.111916
0.00397423
-0.0595381
0.0154393
-0.000767939
-0.00259092
-0.00153836
-0.00373567
0.000199995
-0.00136551
-3.27997e-05
0.000763838
-0.0108128
-0.0264295
-0.00881273
-0.00770806
-0.00830527
-0.0143177
-0.00509543
-0.0111205
-0.00193933
-0.00097203
0.000903844
-0.00212008
0.00162369
-0.000522245
0.000789999
0.000754863
-0.00946004
0.00346781
-0.0214267
0.00132914
-0.00784418
-0.0150971
-0.0170483
-0.0122496
0.000430281
0.00117771
-0.00370244
-0.00747526
-8.69724e-05
0.00265482
-0.00617967
-0.00703507
-0.00360213
-0.0161462
-0.0088566
-0.00170973
-0.000285671
0.00335504
-0.0035596
-0.00129988
0.00177883
-0.00253295
-0.00292707
-0.00245826
-0.00495476
-0.000586362
-0.00396472
-0.00292313
0.00181332
-0.00478502
-0.00519032
0.000814558
0.000180901
-0.00620823
-0.00072968
-0.00433829
0.083508
0.0724822
0.0688858
0.0657223
0.0739392
0.073288
0.0698324
0.0680952
0.066209
0.0637258
0.0581176
0.0563188
0.0618934
0.0609349
0.0574558
0.0570256
0.0592274
0.0546064
0.0528691
0.0498122
0.0550903
0.0543945
0.0523749
0.0515768
0.0490291
0.0466807
0.044298
0.0360912
0.044934
0.0457365
0.040757
0.0425349
0.0669958
0.0636311
0.0584455
0.0549872
0.0623433
0.0625955
0.0589579
0.0588288
0.0661191
0.054725
0.0567334
0.0626961
0.0613473
0.0571968
0.0612335
0.0577694
0.0598288
0.0542491
0.0497563
0.0478213
0.0558047
0.0545515
0.0514818
0.0502612
0.0584848
0.0482805
0.0508006
0.0534708
0.0544806
0.0513546
0.0539185
0.0522984
0.00415128
0.00588743
0.00319255
0.00855701
0.00221881
0.00218329
0.00220973
0.00287801
0.00614579
0.00508351
0.0048779
0.0108993
0.00531984
0.00360959
0.00383244
0.00188345
0.00363928
0.00434281
0.00322292
0.0074529
0.0052655
0.00260172
0.00378352
0.00376805
0.0140501
0.0161446
0.0139184
0.0198888
0.0185219
0.0136228
0.0169474
0.0170067
0.00344478
0.00440686
0.00935663
0.00992423
0.00261561
0.00811949
0.0112999
0.00742834
0.00255615
0.00857663
0.00242725
0.0024381
0.00091721
0.00773867
0.0057403
0.00390791
0.00418832
0.0100886
0.0108388
0.0115494
0.00639243
0.0107474
0.0117332
0.0134898
0.00354285
0.0119376
0.00938704
0.00260087
0.00786216
0.00782868
0.00450367
0.00942275
0.293739
0.23789
0.138166
0.149005
0.242307
0.258366
0.190677
0.138143
0.155245
-0.162304
0.00200491
-0.0940516
-0.0451084
0.138836
0.0459781
-0.330625
0.021814
-0.0164036
0.0298423
-0.0534387
0.0140986
-0.00216332
0.0493156
0.0442933
0.0391265
0.0110268
0.00232516
0.0121745
0.0265847
0.012291
0.02868
-0.00147364
0.114704
0.103773
0.117671
0.0107967
0.144921
0.137971
0.128986
0.10341
0.0428908
0.012744
0.107392
0.0710278
0.171316
-0.0732654
0.0663894
0.0148825
0.0727225
0.0798238
-0.0047089
0.0269571
0.0429769
0.0471748
0.0184778
0.0175928
0.0317117
0.0206055
-0.0472045
0.0154097
0.0923881
0.00779149
0.0526602
0.0359025
-0.00337048
0.070443
-0.00609323
-0.0874011
0.0446523
0.0577227
0.0178511
0.0359256
-0.0719248
-0.288932
-0.235689
-0.103442
-0.161252
-0.170289
-0.27161
-0.302857
-0.00677013
-0.0782279
-0.038113
-0.0413912
-0.0200329
-0.0402353
-0.0548405
-0.0520988
-0.0686328
-0.103224
-0.0912964
-0.0447797
-0.0414234
-0.0474312
-0.0667212
-0.0796824
0.0141655
-0.0428577
-0.0392902
-0.0528413
-0.107806
0.0247553
-0.0385706
-0.0486898
0.0637473
-0.0793734
-0.100027
-0.0174472
-0.025033
-0.00573835
-0.0701257
-0.204983
-0.0799672
-0.0768732
-0.0958641
-0.129811
-0.0856023
-0.091638
-0.118896
-0.0587559
-0.0360866
-0.103245
-0.1374
-0.114373
-0.0473354
-0.118786
-0.151837
-0.14764
-0.0397954
-0.0165784
-0.0432291
-0.0911253
0.00147288
-0.00270915
-0.0165896
0.0149419
-0.0107203
-0.00168727
0.00187235
6.76437e-05
-0.00101647
-0.011336
-0.0107891
-0.00773553
-0.0442004
-0.0103856
-0.0239149
-0.0248174
-0.058674
-0.0279815
-0.0393062
-0.0342896
-0.0788196
0.00143864
-0.0116951
0.113475
0.0910717
0.0493281
-0.110071
0.00797215
-0.00707611
-0.0435315
-0.0408551
0.00148332
-0.00866683
-0.0551013
-0.0267759
-0.0265384
-0.000933649
-0.0088484
-0.0191564
-0.0223825
0.022426
-0.0151689
-0.021787
-0.0282366
-0.0081556
-0.0214596
-0.0449131
0.00310519
-0.0837442
-0.0458598
-0.0501908
-0.0385368
-0.0265391
-0.0440975
-0.02387
-0.0155839
-0.0303035
-0.0361617
-0.0200039
-0.00341363
0.0033935
-0.0225627
0.00652559
-0.00736304
-0.0299229
-0.0171164
-0.0315417
-0.0509597
-0.00863171
0.00208673
-0.0025072
0.00117373
-0.00325495
0.00977752
-0.00736814
-0.0132492
0.0194884
0.0268696
-0.0347341
-0.0986286
0.0124755
0.00285482
0.00705521
0.00306764
-0.0292024
-0.0421363
-0.0909408
-0.0769288
-0.0450166
-0.0361588
-0.0391428
-0.0301998
0.00525408
-0.00888082
-0.0365796
-0.00448245
-0.0341858
0.00652516
-0.00588297
-0.0257034
0.00699881
6.10699e-05
0.0132279
2.10223e-05
-0.0211169
-0.0103423
0.00924654
-0.0134954
0.0024128
-0.0520796
-0.0184232
-0.0390318
-0.0886288
-0.0449913
-0.0337523
-0.0121811
0.0130202
-0.0226118
-0.0304567
-0.0386625
0.0395765
-0.046739
-0.00150665
-0.00822589
0.0353619
-0.0540544
-0.0511871
-0.047495
-0.121283
-0.0564692
-0.0486354
-0.0661167
-0.166286
-0.339881
-0.12609
-0.161148
-0.290229
-0.339652
-0.183494
-0.229942
-0.0296246
0.0265331
0.0306216
0.0747488
-0.0313651
-0.037339
-0.0140456
0.0302504
-0.122814
-0.111616
0.0466104
-0.000935436
-0.0972567
-0.109105
0.00339162
0.068312
-0.18136
-0.050057
-0.0849537
-0.146254
-0.0954429
-0.0777468
-0.0911498
-0.0404953
-0.165209
-0.157607
-0.152951
-0.0142029
-0.136178
-0.138994
-0.100013
-0.105276
-0.0819075
-0.0883775
-0.140079
-0.0340379
-0.07298
-0.116309
-0.0548413
-0.0543027
-0.119242
0.0282965
-0.102644
-0.0679882
-0.0309093
-0.0668067
-0.0976978
-0.0481104
0.0407623
0.0499885
0.0426392
0.046015
0.0418854
0.0426136
0.0369801
0.0432017
0.0615879
0.0762119
0.0672646
0.0694885
0.0640671
0.067691
0.0635357
0.0713168
0.0476668
0.0604659
0.0521416
0.0508592
0.0511685
0.0537211
0.0487664
0.0555059
0.0411138
0.048922
0.0387391
0.0263604
0.0348857
0.0385358
0.0248559
0.0344645
0.050625
0.043992
0.0433481
0.0512715
0.0454289
0.0449523
0.0610693
0.0481026
0.051512
0.0588767
0.0600961
0.0453559
0.0538231
0.0587879
0.0531549
0.0568504
0.0418279
0.0361865
0.048793
0.041576
0.0465852
0.0466928
0.0472958
0.0445074
0.0474169
0.0500446
0.0585449
0.0636593
0.0525945
0.0521523
0.0577854
0.0587268
0.0554708
0.0643285
0.0621522
0.0578445
0.0555985
0.0586157
0.0550656
0.0605051
0.0741368
0.0881319
0.0855763
0.0784185
0.0755828
0.0825361
0.0755743
0.0874119
0.0723323
0.0864407
0.0884488
0.0746848
0.074794
0.0836275
0.0762196
0.0884827
0.0567228
0.0666008
0.0650041
0.0525901
0.0568791
0.0629202
0.0537886
0.0634199
0.0641599
0.0635912
0.0582051
0.0678664
0.064271
0.0625215
0.0686258
0.0623082
0.0682941
0.0735195
0.0826235
0.0690395
0.0713777
0.0722754
0.0721148
0.0746066
0.0637395
0.0555179
0.0654145
0.0654568
0.0650129
0.0638174
0.0667377
0.064251
0.0723266
0.0766397
0.0751807
0.0869334
0.072977
0.0741668
0.0752485
0.0773464
0.00871768
0.0524384
-0.00799889
0.141648
0.0815355
0.0927847
-0.124989
0.0393861
0.0127198
0.0118086
-0.0466101
0.0488674
-0.0101291
-0.0212467
0.0564397
-0.016359
-0.127643
-0.145988
-0.442024
-0.188448
-0.0657892
-0.0184551
-0.228817
0.105161
0.110394
-0.0802385
0.175634
0.183758
0.0710402
0.048958
-0.271342
0.0171527
0.0525409
0.0342022
0.067809
0.0889124
0.0429053
-0.106667
0.122076
0.364433
0.0475428
0.0413684
-0.0289802
-0.00733349
-0.036785
-0.0877353
-0.0328832
0.0436264
-0.165071
0.0424857
0.195075
0.110201
0.247878
0.121915
0.00824648
-0.0426964
0.134356
-0.0877882
-0.0474913
0.0639647
-0.177395
0.209202
-0.179344
0.0979012
0.052957
0.0429797
0.0407152
0.0451707
0.0492386
0.0451211
0.0452062
0.0412942
0.0390645
0.0393225
0.0334185
0.039949
0.0389537
0.0373606
0.0343887
0.0354922
0.0302241
0.0296716
0.0276082
0.0290144
0.0296685
0.0290413
0.0269824
0.0282281
0.0168994
0.0327661
0.0244835
0.00300377
0.0187002
0.0251736
0.0105647
0.0239787
0.0419876
0.0362439
0.0315646
0.0317679
0.0375623
0.0387452
0.0383645
0.0369376
0.0395838
0.0346702
0.0322409
0.0350995
0.0370506
0.034692
0.0342202
0.033773
0.030243
0.0238132
0.0238851
0.0242661
0.0336467
0.0316387
0.0304995
0.0257716
0.0328299
0.0300767
0.0303611
0.0306891
0.0292302
0.0320337
0.0295747
0.0330379
0.102101
0.647061
0.685379
0.199052
-0.111212
0.408086
0.321327
0.423529
1.17108
1.5551
1.28053
1.12828
1.2974
1.42385
1.1584
1.31716
0.763851
0.962624
0.790043
0.743851
0.823236
0.867954
0.749926
0.816405
0.563556
0.644683
0.70126
-0.361414
0.327417
0.611107
0.259944
0.517964
0.791237
0.603906
0.350746
0.909815
0.72793
0.606338
0.88568
0.492292
1.02674
1.06211
1.07964
0.83281
0.926106
1.02046
0.917974
1.02838
0.534682
0.448297
0.825101
0.670096
0.591582
0.535308
0.684666
0.758217
0.727672
0.781818
1.01534
1.01988
0.802002
0.793224
0.914557
1.01414
0.350821
0.252663
0.288012
0.244738
0.294027
0.301698
0.277656
0.288694
0.170673
0.091682
0.143845
0.0909419
0.124749
0.137697
0.117284
0.136251
0.231431
0.199727
0.211432
0.180357
0.205843
0.209463
0.193037
0.203806
0.102699
0.106958
0.1159
0.0755493
0.0937829
0.0976918
0.0882924
0.0973021
0.183512
0.238615
0.150762
0.0947084
0.177264
0.226081
0.129603
0.172851
0.204523
0.103525
0.189772
0.241397
0.198325
0.14753
0.195571
0.186746
0.222897
0.149615
0.0995309
0.143582
0.189277
0.170571
0.149903
0.112313
0.231161
0.148857
0.104473
0.188308
0.198452
0.156426
0.166866
0.145147
0.00127047
0.00381017
0.00273251
0.0073764
0.00544717
0.00359595
0.00791256
0.00496805
0.00472119
0.00434886
0.00458734
0.0128376
0.00544375
0.00406088
0.00640346
0.00451792
0.00567357
0.00460215
0.00421416
0.0145067
0.00514029
0.00449115
0.00926783
0.006712
0.0194552
0.0242682
0.0238204
0.0330212
0.0277527
0.02371
0.02896
0.0267002
0.00477939
0.00548292
0.0157953
0.0145681
0.0072115
0.00777785
0.0120267
0.0122429
0.00370978
0.0123412
0.00393936
0.0038826
0.00486445
0.00685795
0.00491963
0.00570827
0.00744127
0.0175076
0.0176827
0.0208846
0.0114691
0.0150183
0.0171004
0.0184389
0.00444659
0.0182856
0.0155688
0.00501605
0.00723682
0.0142509
0.00732189
0.0137553
0.094361
0.0600518
0.0698797
0.0689416
0.0741898
0.0739322
0.0813631
0.0686508
0.0487822
0.0442533
0.0429506
0.0421127
0.0468528
0.0466534
0.0458732
0.0444012
0.0542149
0.041942
0.0435271
0.0465016
0.0470593
0.0462945
0.0456005
0.0442709
0.000356967
0.028047
0.0266241
-0.314072
-0.0248808
0.0294436
-0.0492372
0.0108795
0.056234
0.0592098
0.044375
0.0427814
0.0549055
0.0593133
0.0499256
0.0597123
0.0547923
0.0468318
0.0448686
0.0574705
0.0517456
0.0470201
0.0496646
0.0467587
0.0590893
0.0385113
0.0362393
0.0370937
0.0537111
0.0479602
0.0415517
0.0402677
0.0534953
0.0416384
0.0427028
0.0432253
0.047944
0.0472876
0.0442451
0.0418967
0.242665
0.132846
0.182396
0.170983
0.205769
0.179457
0.190452
0.180483
0.0525102
0.011248
0.0473485
0.0505557
0.0311269
0.0227313
0.0307137
0.0338861
0.12662
0.0809493
0.098221
0.0896211
0.0998561
0.0887285
0.0954705
0.092026
0.0691218
0.0319605
0.057846
0.0350431
0.0334219
0.0386701
0.0391425
0.0413437
0.094108
0.139081
0.0926779
0.031702
0.0841421
0.113248
0.0720471
0.0856713
0.0877918
0.0362945
0.0642418
0.123404
0.0835421
0.043459
0.0970799
0.0687629
0.132574
0.0912743
0.0369935
0.0829414
0.103462
0.0941688
0.0828301
0.0415174
0.121132
0.08086
0.0427644
0.0666497
0.0890907
0.0761525
0.0686309
0.0566931
-0.0235288
-0.0276905
0.00290202
-0.0442324
0.0226536
0.0148433
-0.0360005
-0.0466098
-0.0461949
-0.0299195
-0.0116926
-0.0071804
-0.050867
-0.0386283
-0.00983244
-0.0126861
-0.00394573
-0.00724293
-0.00765784
0.0322441
-0.0249681
-0.0179895
-0.0208879
-0.00622771
-0.00483196
0.0697499
0.0221245
0.501438
0.120943
0.176789
0.180861
0.211943
-0.0376733
0.00130095
0.00446142
-0.039122
-0.0128862
-0.0405688
0.00468761
0.00316953
-0.026957
-0.0306272
-0.0187132
0.00564903
-0.00858718
-0.027162
-0.0171147
-0.0200391
-0.0265346
-0.0287823
-0.00775307
0.0222209
0.0102081
-0.0222958
-0.0128402
0.0201808
-0.0300564
0.0532961
0.00563457
-0.00326223
-0.0128321
0.0339653
-0.001429
-0.021698
-0.039008
0.0273643
-0.0330709
-0.0763117
-0.0386714
-0.0127056
-0.0292639
-0.0468121
0.0174612
0.00890148
0.00839832
-0.0149058
0.000598717
0.0101017
-0.0141854
-0.0165288
-0.00998894
0.00621006
0.0225884
-0.0474447
-0.0254146
-0.0107926
0.0177029
0.0165205
-0.0456022
-0.0174185
-0.0941869
-0.0687529
-0.044501
-0.0362083
-0.0314908
-0.0178643
-0.023536
-0.0359573
-0.0629554
-0.0133174
-0.00802738
0.059956
-0.011774
-0.0585289
-0.0125315
-0.0112109
-0.00143408
-0.0142598
-0.038577
0.01859
0.0133627
-0.0123375
0.00149977
-0.0484202
-0.0266372
-0.055057
-0.0449437
-0.077035
-0.060233
-0.0323517
-0.0182989
-0.0426433
-0.0294114
-0.0106391
0.0316729
-0.0353935
-0.00696252
-0.0159992
0.0019746
0.00282214
-0.00428093
-0.0136036
-0.00220395
-0.0025043
0.000785981
-0.00448637
0.00125119
0.00171829
0.000566778
0.00143383
0.00114985
0.00360247
0.00190478
0.000403079
-0.00323422
-0.00284253
-0.00128016
0.000529546
-0.00212376
0.000106237
-0.0044433
-0.000617801
-0.0264995
0.000425866
0.00252773
0.00236881
-0.0186606
-0.00088328
-0.0154961
-0.00823003
-0.00171996
-0.00281833
-0.0166986
-0.00356114
-0.00097553
-0.00282423
0.000261655
-0.00433395
0.00201925
0.00516833
0.00121137
0.00134782
-0.0012619
0.000205816
0.000446443
0.00240096
-0.00593357
-0.00822948
-0.00314133
-0.0139752
-0.00476057
-0.0137509
-0.0123642
-0.0110449
0.00149473
3.28452e-05
0.00109265
-7.28497e-05
-0.0024873
0.00501611
0.00173165
-0.00102775
0.00203941
0.001892
0.00241968
0.00757838
0.00322643
0.00217923
0.0047383
0.00360872
0.00153331
0.000740689
0.00140842
0.00554769
0.00171547
-0.000640353
0.00186268
0.00235392
0.00245244
0.0022777
0.00213132
0.00686665
0.00321844
0.00247495
0.00612339
0.00481839
0.014256
0.0124774
0.0141197
0.0218007
0.0160874
0.0135108
0.0177095
0.0168254
0.00260542
0.00314899
0.0091314
0.00777526
0.0033515
0.00431196
0.0065342
0.0068365
0.00127204
0.00485041
0.00114109
0.00237529
0.00276051
0.00320951
0.00184997
0.00197759
0.00524889
0.0105411
0.00788318
0.011404
0.00793564
0.00947661
0.00909324
0.010242
0.00383317
0.0102047
0.00836494
0.00324789
0.00510944
0.0075934
0.00416231
0.00713078
0.0723325
0.0621339
0.0593529
0.0552848
0.0633199
0.0630109
0.0588171
0.0580518
0.0563539
0.0537013
0.0494301
0.04681
0.0536592
0.0524343
0.0485288
0.048531
0.0522465
0.0471659
0.0483511
0.0433556
0.0481119
0.0477999
0.045984
0.0454528
0.0415981
0.0392472
0.0370401
0.0313523
0.0369561
0.0380853
0.0347586
0.0360514
0.0574662
0.0547575
0.0472999
0.0463967
0.0523662
0.0528438
0.0481512
0.0484843
0.0567319
0.046199
0.04871
0.054161
0.0519592
0.0485438
0.052332
0.0493642
0.0514238
0.0451876
0.0422483
0.0402546
0.0471574
0.0453124
0.043247
0.0423026
0.0507157
0.0411438
0.0432868
0.0458618
0.0466999
0.0434157
0.0461481
0.0438122
0.385342
0.324136
0.379331
0.523943
0.395831
0.284375
0.478659
0.383581
0.102453
-0.944678
-0.575258
0.00111394
-0.0917969
-0.12095
-0.0773252
-0.0966629
0.139058
-0.22641
0.595276
0.047347
-0.102125
-0.154122
-0.0227469
-0.884694
0.688024
0.662034
0.719211
1.05186
0.747023
0.611689
0.842797
0.718009
0.276824
0.305524
0.552464
0.415817
0.304185
0.358151
0.459072
0.412104
0.130834
0.227551
-0.149866
0.0908097
0.13686
0.176361
0.127889
-0.0481877
0.382376
0.653078
0.442166
0.459541
0.434821
0.541801
0.433111
0.461872
0.135587
0.285037
0.286057
-0.230556
0.223748
0.261483
-0.0988737
-0.0176418
0.0250281
0.0246081
-0.0106297
-0.0388174
-0.0378512
-0.0191106
-0.0200263
-0.000898886
0.0250475
0.0173082
-0.0169815
-0.0111417
0.0271338
0.0244276
0.0235128
0.0297641
-0.00401175
-0.0194551
-0.0609741
-0.087906
-0.00747802
0.0101824
-0.0273093
-0.04336
-0.130685
-0.0425023
-0.0902879
-0.109307
-0.122377
-0.0305252
-0.0688527
-0.0825321
0.0191286
-0.043877
-0.0377801
0.0767158
0.0293438
0.024967
-0.129444
-0.0433391
0.00339816
0.0237573
-0.00778642
-0.0259175
0.00852999
0.0233597
0.00276796
-0.00845315
-0.0246899
-0.0109727
0.0362433
-0.0845088
0.00210656
-0.017827
-0.0926351
-0.00510688
-0.020846
-0.112208
0.0265599
-0.0286938
0.0585057
-0.066091
0.00411583
-0.0448402
-0.0139912
0.0213471
-0.0117329
0.0771135
-0.033228
-0.0476269
-0.0818956
-0.00230233
-0.0299042
-0.148941
0.0827987
-0.0517168
-0.064733
-0.0730264
-0.0527891
-0.0456065
0.0055297
0.00102968
0.00354926
0.00190581
0.00355393
-0.0122592
0.0031124
0.00273542
0.0139025
-0.0452658
0.0191609
0.0459381
-0.00225492
-0.0192528
-0.0109232
-0.00879732
-0.0742714
-0.00250884
-0.0383572
-0.0839565
-0.0565883
-0.0450389
-0.0233234
-0.0337924
-0.076215
-0.084939
0.0281591
-0.00859576
-0.0380572
-0.0623881
0.0502325
-0.0106477
-0.00641989
-0.034325
-0.0851145
-0.0114266
-0.01369
-0.0191725
-0.0107178
-0.0165571
-0.00564733
-0.0155696
-0.0868955
-0.000265661
0.00490519
-0.00648917
-0.0111609
-0.0105157
-0.0316947
-0.082389
-0.0553406
-0.0857985
-0.0596094
-0.0745515
-0.0459347
-0.051431
-0.102347
-0.0612078
-0.0643816
-0.0428336
-0.0636117
-0.0446494
-0.114705
-0.109655
-0.13643
-0.231282
-0.357245
-0.0987518
-0.14984
-0.0908566
-0.173805
-0.174292
-0.0794994
-0.0913189
0.0506043
-0.0212144
-0.0919595
-0.122056
-0.141939
-0.139939
-0.0251191
-0.0984962
-0.0491565
-0.0497605
-0.0760216
-0.128237
-0.0891142
-0.0589638
-0.035038
-0.0450338
-0.0194187
-0.0746955
-0.0712013
-0.16649
-0.146658
-0.0722281
-0.163979
-0.0574248
-0.11976
-0.223894
-0.0435107
-0.0660553
-0.0759344
-0.141193
-0.127954
-0.147285
-0.105437
-0.0933031
-0.191987
-0.045789
-0.143719
0.0235123
-0.0181781
-0.0121392
-0.0268678
-0.0144682
0.0114203
-0.0341303
0.00855316
-0.0168176
-0.0208428
-0.0131729
-0.10432
-0.00828459
-0.0192422
-0.0828592
-0.0338375
-0.0768208
-0.0312976
-0.0564142
0.00245923
-0.0991084
-0.0223255
0.00561168
-0.0212811
0.00546228
-0.0289069
0.00547252
-0.0866158
-0.000589641
-0.0425553
-0.116845
-0.0510799
-0.123597
-0.0169763
0.0134118
-0.0114036
-0.0146049
-0.0191081
0.00529872
-0.0315855
-0.0815588
-0.0397855
-0.0662918
-0.0214679
-0.0312168
-0.0303089
-0.03601
-0.0119335
-0.0312079
-0.000153431
-0.0107261
-0.0298231
-0.0311421
-0.0634708
-0.0700784
-0.0306363
-0.0617516
-0.0389362
-0.0273991
-0.0750297
-0.0275745
-0.0232024
-0.0245228
-0.0214711
-0.0602297
0.707514
0.647654
0.646275
0.85267
0.770907
0.625986
0.66558
0.659618
0.38045
-0.435328
0.0724994
0.523374
0.245617
-0.381303
0.142642
-0.15717
0.438517
0.234038
-0.264284
0.382835
0.334522
0.240335
0.497919
0.317475
1.07134
1.02432
0.923595
1.36827
1.23633
0.993765
1.12158
1.16426
0.675588
0.655423
0.992797
0.858622
0.554449
0.656248
0.810456
0.778004
0.473415
0.553668
0.170922
0.469788
0.423691
0.410218
0.51676
0.487416
0.542077
0.8039
0.724899
0.844151
0.795021
0.838186
0.809718
0.860262
0.511743
0.803753
0.621594
0.410433
0.525744
0.590062
0.403576
0.638136
0.0064564
-0.0011403
0.0033946
0.00587481
0.00811072
-0.00481496
0.00752581
-0.00403741
0.00795038
-0.00567138
-0.0437432
-0.0235714
-0.014673
-0.00776465
-0.0478481
-0.0352587
0.0097116
-0.00995928
-0.00726178
-0.0176356
0.00124415
0.0104608
-0.00363478
-0.0134586
0.00807834
-0.0488
-0.0176304
0.0131323
-0.0185713
-0.0276718
0.0271536
0.00973454
-0.0055762
0.000177107
-0.00682604
-0.0474385
-0.0310929
-0.0171918
-0.0369964
-0.0222258
-0.00706888
-0.039697
-0.0507222
-0.0160901
-0.0167518
-0.0316432
-0.012158
-0.0293206
-0.00673452
0.00750473
-0.0773053
-0.0054245
0.00372817
-0.0030677
-0.0101719
-0.0234369
-0.0014755
-0.00838513
-0.0474388
-0.0247397
-0.0012535
-0.00498829
-0.0406851
-0.0237573
-0.899588
-0.427859
-0.202961
-0.275182
-0.252617
-0.226607
-0.200254
-0.175907
-0.177608
-0.121589
0.224836
-0.0366694
-0.107335
-0.173557
0.0317668
-0.0563692
0.0247102
0.180439
0.0136932
0.177775
-0.0291307
-0.108093
0.131119
0.0384238
0.193512
0.0599747
0.250751
-0.0803676
-0.00297674
-0.168788
0.12448
-0.102959
-0.110015
-0.0479515
0.148456
0.0946627
-0.179662
0.0855568
-0.431839
0.14282
-0.100323
0.15116
-0.109465
-0.137022
-0.0936456
0.0467852
-0.132626
-0.0276657
0.0477295
0.141985
0.00587516
0.250306
0.183714
0.121779
0.0523641
-0.039638
0.0499489
0.0415769
0.0330267
0.0268452
0.069979
-0.068116
0.107896
0.154788
0.441104
0.249572
0.299707
0.277161
0.303294
0.297437
0.276605
0.270643
0.134394
-0.000449332
0.0633481
0.0460801
0.0317136
0.0337199
0.0628514
0.0685034
0.207234
0.132474
0.15351
0.129782
0.135774
0.128316
0.132099
0.124649
0.140011
0.0369428
0.082969
0.0244955
0.00986299
0.0197679
0.0175178
0.0147915
0.115827
0.190619
0.0722617
0.0476792
0.130532
0.145816
0.049154
0.0777353
0.131833
0.0461921
0.120161
0.186782
0.129957
0.0945307
0.145651
0.118315
0.19438
0.11454
0.0466149
0.0848292
0.150839
0.124631
0.0920649
0.030509
0.18036
0.0793491
0.0450891
0.112128
0.130697
0.0994203
0.112934
0.0638587
0.150131
0.0813956
0.180433
0.0710135
0.239634
0.173062
0.234973
0.150389
0.0152133
0.0099151
-0.00249285
0.067723
0.0129907
-0.0029339
0.0251405
0.0514446
-0.0143443
-0.155616
-0.688016
-0.482737
-0.186932
-0.375837
-0.10294
-0.293623
0.345241
0.22635
-0.50983
-2.46021
0.822024
0.461951
0.706911
0.549365
0.041182
0.0796762
0.102174
0.11516
0.0339988
0.0598589
0.048729
0.0804773
0.0230329
0.0648123
-0.110223
0.0834446
-0.0161711
-0.00439965
0.017263
-0.082446
-0.0112998
0.149544
0.0114974
-0.0789611
0.188083
0.137043
0.0200482
0.238055
-0.0357806
-0.239286
0.108253
-0.0711234
0.0112144
-0.0412073
-0.042541
-0.160485
-0.339474
0.209866
0.207034
0.0254561
0.233135
0.0973543
0.202936
0.210075
0.396634
0.457082
0.294599
0.233816
0.450976
0.427545
0.309438
0.331701
0.200563
0.211549
0.1362
0.109715
0.183
0.197784
0.142399
0.143567
-0.00701115
0.106606
0.0445758
-0.0307652
0.0214343
0.0779719
-0.0352829
0.0526878
0.371873
0.191197
0.0645169
0.216494
0.151956
0.178039
0.0650525
0.0507211
0.349432
0.192071
0.296229
0.246125
0.278355
0.263605
0.290198
0.278566
0.125491
0.0823133
0.12692
0.0513248
0.0933731
0.107332
0.103921
0.116044
0.203024
0.0993265
0.171975
0.217923
0.190007
0.149843
0.187213
0.15523
0.309941
0.189092
0.335876
0.169626
0.230765
0.24274
0.262839
0.252564
0.13308
0.0979482
0.138311
0.0942408
0.113225
0.115829
0.125059
0.124612
0.307684
0.200428
0.306141
0.190566
0.250512
0.253206
0.267534
0.259592
0.0804488
0.0730053
0.0909064
0.0293851
0.0756367
0.086991
0.0572897
0.0609477
0.160536
0.250569
0.150767
0.104195
0.177549
0.214556
0.12113
0.152559
0.163325
0.112778
0.171009
0.260456
0.176989
0.13749
0.198421
0.169702
0.272745
0.133849
0.104217
0.137999
0.187658
0.136808
0.142537
0.119216
0.267396
0.136113
0.108883
0.177822
0.205087
0.154853
0.17619
0.126212
0.232337
0.190894
0.0568506
0.104087
0.1985
0.184535
0.102381
0.0932183
0.132012
0.108313
0.0803117
0.0849384
0.10979
0.0995888
0.0950446
0.080942
0.020452
0.031625
-0.000229488
-0.0173219
0.0401976
0.0362654
0.0119768
0.011985
0.178475
-0.00816752
-0.101187
-0.712626
-0.15197
-0.105708
-0.433308
-0.262435
0.147619
0.0649453
0.0567955
0.0855275
0.0836007
0.063353
0.0667313
0.0631214
0.131705
0.0698786
0.0448477
0.0606663
0.0690707
0.0784584
0.0804128
0.0491321
0.0550826
0.146031
0.00637014
0.00409662
0.0760824
0.14383
0.0251016
-0.0330145
0.0552716
0.00659832
0.0015433
0.0328987
0.0295432
0.0228517
0.0307419
0.0202748
-0.0243328
0.00652484
-0.0208756
-0.0471701
-0.0164436
-0.00500425
-0.0056813
0.00578443
0.00496526
0.00124089
-0.00238912
-0.0371443
-0.000274917
0.00457166
-0.00170747
-0.00132671
0.0148554
0.0229876
-0.00987369
-0.041818
-0.0460559
-0.036694
0.0298396
0.0109079
-0.0731836
-0.023175
-0.0353899
-0.0489119
-0.0630366
-0.0409548
-0.0379924
-0.0392624
-0.0109701
-0.0141282
-0.0220157
-0.0109872
-0.000574691
-0.0142404
-0.0552201
-0.0428619
-0.000501214
-0.0219697
-0.00121518
-0.0190739
0.0107874
0.002988
-0.00456191
0.0119174
-0.0314732
-0.0638819
-0.023973
-0.0588663
-0.052524
-0.0577022
-0.0651376
-0.0605049
-0.0607311
-0.0699928
-0.0220873
-0.0262582
-0.0348833
-0.0421498
-0.0145477
-0.028051
-0.0455099
0.540789
0.296911
0.101977
-0.335995
0.221952
-0.00682122
0.165479
0.938152
1.22111
0.90954
0.861801
0.966945
0.998252
0.881173
1.0628
0.570637
0.776352
0.635782
0.556695
0.582088
0.562448
0.520082
0.702696
0.264907
0.523947
0.356428
-0.910175
-0.143322
0.0738372
-0.388142
0.324209
0.481299
0.466853
0.139033
0.584861
0.52725
0.475217
0.372924
0.178146
0.698124
0.651415
0.699367
0.473218
0.641803
0.78098
0.652911
0.776111
0.375686
0.123537
0.494612
0.338883
0.403776
0.417999
0.409615
0.398209
0.538588
0.640069
0.805777
0.903866
0.594488
0.479945
0.650302
0.679889
-0.203868
0.298884
-0.0957677
0.0221429
-0.337304
-0.00314409
-0.00972582
-0.048176
0.222524
-0.641308
-0.101763
0.0897852
-0.0326954
-0.442543
-0.000405609
-0.338915
-0.15144
-0.188313
-0.130838
-0.0530047
-0.0237774
-0.449672
-0.0061943
-0.028378
0.00274291
0.144298
0.0983229
0.168507
-0.111505
-0.0177256
0.0963251
-0.00392754
0.410651
-0.0152334
-0.140248
0.0897819
0.2269
-0.082565
0.314653
-0.119405
0.0470372
-0.0497334
0.0502656
-0.0100376
-0.100553
-0.0101449
0.194789
0.16782
0.0303921
0.0535777
0.195453
0.0713088
-0.0593594
-0.0347365
-0.0273354
-0.136588
0.0629685
0.0439872
-0.0783243
-0.0404738
-0.164796
-0.149074
0.17188
0.115427
-0.783509
-0.977357
-0.0436756
0.0270647
-0.561499
-0.377117
-0.41576
-0.434099
-0.152263
-0.032124
-0.0944089
0.0165315
-0.0867478
-0.0840194
-0.0467568
0.0167423
0.206277
-0.0435364
0.248336
-0.330967
-0.064388
-0.00380618
0.0103523
-0.0223602
-0.345265
0.0269917
-0.0609949
0.0690964
-0.200647
-0.0831904
-0.301292
-0.10982
-0.393508
-0.216834
-0.459757
-0.195732
-0.367099
-0.204312
0.169934
-0.304774
-0.140258
-0.174431
-0.162786
-0.0335786
-0.0597745
0.0196088
-0.209482
-0.107814
-0.231673
-0.441413
-0.128899
-0.12645
-0.44522
-0.119677
-0.280755
0.0480885
-0.0944182
-0.0383169
-0.0664475
-0.0174222
0.0935352
-0.191047
-0.0302905
-0.20403
0.157654
0.225963
0.182609
0.148682
0.17249
0.188493
0.162723
0.184123
0.334401
0.514567
0.422326
0.322545
0.337845
0.40113
0.320816
0.392496
0.224642
0.370823
0.311117
0.211196
0.240764
0.302778
0.228587
0.292014
0.09528
0.123059
0.108607
0.0328407
0.0840953
0.115341
0.0680881
0.0799016
0.23324
0.193004
0.154404
0.203933
0.217734
0.192358
0.201758
0.179313
0.259925
0.247379
0.339414
0.222562
0.251326
0.262259
0.266973
0.2854
0.174004
0.131943
0.152073
0.13578
0.170726
0.169546
0.175033
0.163742
0.217765
0.18347
0.20761
0.32114
0.217154
0.205126
0.265956
0.245324
0.276598
0.207378
0.166828
0.147669
0.192238
0.223737
0.178264
0.168966
0.162082
0.144399
0.13419
0.116898
0.139953
0.153918
0.131093
0.131369
0.0983717
0.0826348
0.0279681
0.0425982
0.0601422
0.0839617
0.0525909
0.0402101
0.0596879
0.0737869
0.0318682
0.0705594
0.0693456
0.0575337
0.0326765
0.0467055
0.159047
0.130718
0.116091
0.108688
0.155681
0.152092
0.133935
0.12532
0.181815
0.109286
0.135541
0.154025
0.140859
0.130683
0.136421
0.122982
0.114663
0.0801483
0.0845521
0.0404717
0.0676088
0.081502
0.057138
0.0717581
0.0995437
0.0468308
0.0855843
0.0965188
0.091985
0.0618887
0.0963941
0.0817928
0.00323698
0.00150787
0.00346241
0.0101309
0.00570817
0.00413041
0.00710528
0.00403637
-7.08504e-05
-0.00216506
0.00103971
0.00343909
0.00279007
0.0039932
0.00364065
0.000767282
0.0029083
0.00169813
-3.94857e-07
0.00318627
0.0112467
0.0041094
0.0109843
0.00803259
0.0172345
0.0103727
0.0118559
0.0263641
0.0184028
0.0141795
0.0203263
0.0194691
0.00460758
0.00671403
0.0117509
0.00846441
0.00485978
0.00694708
0.00623943
0.00913712
0.00267597
0.00646426
0.00112818
0.00299312
0.00222383
0.0061554
0.00236371
0.00596596
0.00852886
0.013871
0.0104172
0.0129613
0.00896893
0.00935058
0.0121416
0.0155796
0.00514965
0.0136135
0.00620844
2.00555e-05
0.0104992
0.00589004
0.00468066
0.00962078
0.0148249
-0.0209343
-0.0433963
-0.0529645
0.00136813
0.0130036
-0.0224932
-0.0248087
-0.0478465
0.00747689
-0.000642449
0.0204933
-0.0117929
-0.0107135
0.0123589
0.0324108
0.00307266
-0.0006475
-0.00214675
0.00103841
-0.00391477
-0.00897609
0.00250939
0.00909697
-0.000500073
-0.0134137
0.023576
0.0432348
0.0434941
0.0441489
0.0393064
0.0386729
-0.0124992
-0.0258808
0.00763847
-0.0640173
0.0175809
0.0123194
-0.0604073
0.00798237
-0.00508475
-0.053566
-0.0274709
-0.0198368
0.00229698
0.00470543
-0.00269096
-0.00875745
-0.0203992
-0.016687
-0.00758346
0.012595
-0.013668
-0.0128713
0.0227659
0.0317364
-0.0181877
0.0155292
-0.0039971
0.0149403
-0.00487553
0.0246515
0.0173199
0.00158566
-0.00586009
-0.0051904
0.00274762
-0.00330779
-0.018046
0.01801
-0.0242507
0.00289367
0.0198922
0.0562377
-0.000653902
0.0291726
-0.0301365
-0.0414989
-0.0605762
-0.0385532
-0.0084833
0.01606
-0.00795104
-0.0354926
0.00106977
-0.00345383
-0.0134428
0.00823588
-0.0154101
-0.0164702
-0.0371088
-0.0195481
-0.035129
-0.0323392
-0.0400604
-0.0440083
-0.0297002
-0.00522176
-0.0177425
-0.0318499
-0.0440636
-0.0111942
4.54094e-05
-0.0218202
0.0106063
-0.0399194
0.0134827
-6.79273e-05
0.0180272
-0.0345294
0.00276268
0.00536416
-0.0058819
-0.029346
-0.0475256
-0.0364817
-0.0275249
-0.0241011
-0.0359929
-0.0351258
-0.00373575
-0.0300241
-0.0722008
0.0227309
-0.0123928
-0.0329014
-0.0113996
-0.0292284
0.17575
0.178347
0.177329
0.0345948
0.153665
0.181463
0.132484
0.138404
0.168761
0.223539
0.191668
0.0348521
0.149854
0.179528
0.0954046
0.138344
-0.0843114
0.0637384
-0.755511
-0.184083
-0.180542
-0.181029
-0.225151
-0.427999
-0.0623195
-0.0401934
-0.0817408
-0.0139098
-0.0889717
-0.0985958
-0.128633
-0.123119
0.142856
0.0700635
-0.0487376
-0.0382504
0.103288
0.0907469
0.0164389
-0.0426351
0.171122
-0.0230775
0.113389
0.122363
0.140539
0.100996
0.173333
0.08256
0.00197582
-0.0378163
-0.0586878
-0.203499
-0.0855781
-0.085736
-0.164616
-0.0627871
-0.0324599
-0.229345
-0.0916227
0.0144603
-0.0285976
-0.175568
0.0182403
-0.0217478
0.0590442
0.0638435
0.0689968
0.0654197
0.0589742
0.0623489
0.0619865
0.0668225
0.0714781
0.0820336
0.0833165
0.0784311
0.0718047
0.0785042
0.0770396
0.083817
0.0851383
0.0908282
0.101427
0.0906863
0.0882714
0.0939986
0.0930452
0.0995254
0.0605728
0.0637641
0.0672503
0.0423334
0.0564658
0.0631046
0.047103
0.0605572
0.0637601
0.0710855
0.0639113
0.0660626
0.067051
0.0670251
0.0724637
0.0690047
0.0681429
0.0749974
0.0842504
0.0749712
0.0738398
0.0760697
0.0753715
0.0786679
0.0754421
0.0633516
0.0673596
0.0745443
0.074904
0.0722173
0.0775218
0.0714873
0.0810014
0.0860002
0.0773749
0.0896938
0.0845513
0.0836288
0.0845278
0.0802027
-0.177972
0.00645251
-0.0948591
-0.153668
-0.186315
0.0164213
-0.230316
-0.0863063
0.0338383
0.0118595
-0.0734622
-0.0889268
-0.0529902
0.0117933
-0.0628011
-0.00365175
-0.0209967
-0.0431808
-0.0175929
-0.0766943
-0.0212941
-0.0373606
-0.0258019
-0.00225046
0.0979353
0.0674966
-0.0281189
0.0805193
0.0422075
0.0404723
0.0124989
0.0155941
-0.109321
-0.0615753
-0.0586834
-0.097229
-0.179544
-0.205033
0.00829098
-0.0980999
-0.0739919
-0.090251
-0.0423715
-0.0823478
-0.0739722
-0.166221
-0.0812429
-0.0462465
-0.017106
-0.0866486
-0.0920601
-0.0737119
-0.00925268
-0.0619455
-0.0319285
-0.069754
-0.0333712
-0.0488297
-0.0515954
-0.0376163
-0.0824055
-0.0467317
-0.0464563
-0.0423686
0.213106
0.13176
0.237634
0.11677
0.336983
0.258377
0.304499
0.212695
0.0620442
0.0250148
-0.0417734
-0.00956425
0.0322953
0.0211394
0.0242263
0.00114865
0.0265897
-0.109124
-0.963392
-0.559971
-0.057248
-0.239257
-0.125907
-0.338927
0.034389
0.0230192
-0.125076
-0.0901773
0.0229047
-0.0623376
0.0399598
-0.0266385
0.120599
0.167896
0.128921
0.0620657
0.086092
0.161315
0.0590331
0.080523
0.114528
0.0393679
-0.0108863
0.100359
0.0624447
0.0173221
0.100369
0.00565865
0.105236
0.156421
0.026335
0.142884
0.106126
0.125797
0.0965655
0.0860039
0.0658379
0.0400894
0.00705255
-0.0945084
0.151392
0.0208244
-0.0666979
0.110025
0.348224
0.374923
0.361134
0.258415
0.157474
0.378983
0.154483
0.364614
0.496954
0.543849
0.507469
0.286379
0.451864
0.501913
0.393852
0.45414
0.488143
0.499679
0.552631
0.325064
0.480548
0.532826
0.399419
0.475308
0.129269
0.125536
0.107025
0.0002103
0.0172609
0.0542371
0.0384635
0.0624822
0.384863
0.407944
-0.00413659
0.222909
0.332925
0.334853
0.292978
0.123743
0.43443
0.271615
0.496497
0.482809
0.387734
0.383816
0.476284
0.446579
0.356874
0.080149
0.192343
0.207085
0.180513
0.130882
0.226204
0.202657
0.446644
0.26211
0.241451
0.442515
0.387728
0.282977
0.380384
0.311893
0.00227513
0.0027876
-0.0479867
-0.037766
-0.0280011
-0.00550732
-0.0331896
-0.0403472
-0.00169542
0.0301524
-0.0305829
-0.0645173
-0.0263417
-0.0030501
-0.0538199
-0.0556451
-0.0805138
-0.130829
-0.252923
-0.196048
-0.197891
-0.257209
-0.315067
-0.125697
-0.0646356
-0.0653476
-0.0800433
-0.0357602
-0.0531328
-0.0742906
-0.0951809
-0.0462298
-0.0292864
-0.0516224
-0.0395298
-0.0695563
-0.0358848
-0.0449156
-0.0392277
-0.0219795
-0.0142691
-0.0871709
-0.0054218
-0.021298
-0.0334681
-0.0509081
-0.0463776
-0.0681974
-0.0826316
-0.0604806
-0.113568
-0.172649
-0.0827634
-0.0761317
-0.0922088
-0.0747528
-0.0730219
-0.130451
-0.0868368
-0.132282
-0.117998
-0.115666
-0.144321
-0.100962
0.495889
0.508472
0.447599
0.227802
0.425717
0.459111
0.339393
0.369693
0.268881
0.0322547
0.317048
-0.0615271
0.0736463
0.054147
0.087394
0.0237017
0.451066
0.428731
0.478249
0.274984
0.395877
0.448675
0.354865
0.398479
0.061461
-0.0119842
0.0634063
-0.015618
0.0114887
0.0167926
0.0349129
0.0288118
0.3279
0.392684
0.162569
0.0537977
0.239806
0.307779
0.130283
0.200535
0.402384
0.0517432
0.360869
0.432752
0.265708
0.154043
0.454609
0.307696
0.337749
0.156335
0.0406005
0.169065
0.242035
0.17143
0.19249
0.105738
0.372527
0.187537
0.0498179
0.312563
0.337023
0.214047
0.289943
0.187067
-0.728561
-0.22042
0.18655
-0.333506
-0.0922924
0.053887
-0.138795
-0.10261
-0.0351283
-0.108844
-0.0513813
-0.190296
-0.0615555
-0.0371605
0.0017938
-0.0274375
0.224929
-0.0594031
0.0434789
0.0121188
0.0336011
-0.0758575
0.0967392
-0.0800874
-0.197927
0.0611142
-0.0131402
-0.00238573
-0.022411
-0.0207458
-0.0801412
-0.0353694
-0.0358135
-0.143225
0.0351282
-0.0580128
-0.0470355
-0.265291
-0.138149
-0.0684823
0.225358
-0.0305734
-0.0129019
0.0791478
0.0440048
-0.246689
0.20282
0.0779315
-0.1413
0.0411432
-0.0455359
-0.100036
-0.0918819
-0.0275628
-0.045873
-0.0797803
-0.00883266
-0.0628234
-0.0500713
-0.0141666
-0.127127
-0.0132394
0.0940243
-0.0771936
0.0891703
0.0721096
0.0662985
0.0597528
0.0791595
0.0772238
0.0535141
0.0685298
0.0558388
0.0453478
0.0430077
0.0446057
0.0465879
0.0491243
0.0488266
0.0406916
0.0341118
0.029038
0.0053136
0.00180471
0.0217883
0.0233932
0.01978
0.00126439
-0.0244952
0.022037
-0.0206166
-0.31107
-0.0506751
0.0207842
0.0341765
-0.065734
0.05814
0.0435571
0.0448862
0.0394173
0.0620439
0.0594858
0.0544445
0.0405197
0.063277
0.0375477
0.0388231
0.0470792
0.0519147
0.0468517
0.0507707
0.0377864
0.0207019
-0.0258922
0.0253533
0.054962
0.0255451
0.021744
0.0199305
0.0259605
0.0332928
0.00751059
0.0289286
0.0254986
0.0308779
0.0235482
0.0328899
0.0302985
-0.00385204
0.0029891
-0.0227901
-0.0158325
0.00385486
-0.00385602
-0.00190902
-0.000221282
0.0143174
0.00378164
0.000462877
-0.00975221
-0.0151427
0.000362353
-0.00576589
-0.00111142
-0.0169778
0.00996363
0.0209666
-0.0519502
-0.0164748
0.00820266
0.00857997
0.013143
0.0255174
-0.0302224
-0.0631002
0.00556386
-0.0489598
-0.02072
-0.0323779
-0.0423619
-0.0151214
-0.0223569
-0.0186352
-0.00703021
0.00173729
-0.016378
-0.020943
-0.0167736
-0.00380753
-0.00466207
-0.00557127
-0.00731165
0.00944826
-0.0100645
0.00522953
-0.0157735
-0.00287636
-0.0221922
-0.0144967
-0.0286559
-0.0205206
-0.0278212
-0.0199253
-0.0230733
-0.00106177
-0.0277502
-0.00879283
0.0007517
0.000629933
-0.020479
0.00549311
-0.0090733
-0.0153606
0.00478437
-0.00795996
-0.00537622
-0.0111428
0.0109887
-0.00141118
-0.0139786
-0.00965363
-0.00609643
0.00251118
-0.00743575
-0.00211526
-0.00808897
-0.00423292
-0.00554602
-0.0201406
-0.0218319
-0.0126957
0.00323175
-0.00196392
-0.00636967
-0.02674
0.0246287
-0.0245577
-0.0121318
0.00825114
-0.0103219
-0.00761581
-0.012796
-0.0494364
0.0094021
0.00277071
-0.00365898
-0.0121238
-0.00892553
-0.00598756
-0.00601978
-0.00440296
-0.00615883
-0.0117425
-0.0113376
-0.000735882
-0.00740042
-0.00675791
-0.0115354
-0.0168741
-0.00991818
-0.0174477
-0.0169871
-0.00661567
-0.0277817
-0.0327873
-0.0240531
0.000660172
-0.0239302
-0.00701176
0.00706036
-0.0055923
-0.00817371
-0.0182668
0.00535821
-0.0119118
-0.0110262
-0.00355783
-0.00142116
0.00599291
0.00473775
-0.000234334
0.0104839
0.000265269
0.00921437
0.00264248
0.0186308
0.0173894
0.0315191
-0.00185408
0.0150553
0.000297178
0.015373
0.00590208
0.00402265
0.00344778
0.011372
0.00777536
-0.00176731
0.00683466
-0.00243403
0.0212966
-0.000539329
0.0189246
0.039379
0.0371647
0.0128227
0.0365874
0.0153587
0.00512899
0.00819363
0.0147352
0.00566212
0.00618418
0.00615869
0.00510054
0.0119373
0.00907604
0.02111
0.0149175
0.00980041
0.0098493
-0.00332789
-0.011945
-0.00734566
0.00752597
0.0148921
0.00730068
0.0138707
0.00821772
0.0139099
0.0127686
0.01007
0.00684884
0.00836033
0.0221677
0.0167655
0.00231387
0.00633809
-0.00551855
0.00597671
-0.00934981
0.00327318
0.0064316
0.0112188
-0.00301662
0.00446568
0.00845225
0.0124286
0.00553264
0.00985343
0.0193229
0.0129643
0.0123825
0.0123222
0.00671157
0.014669
0.0303515
0.0231538
0.0536318
0.0391697
0.0330649
0.0296681
0.03775
0.0570118
0.0288795
0.0343929
0.0455642
0.0670673
0.0324427
0.0275714
0.0570383
0.0512263
0.00726417
0.0130776
0.0175074
0.0178051
0.0104254
0.0110487
0.0136195
0.0199553
0.0113446
0.0164165
0.017493
0.00599001
0.00868144
0.0102094
0.00687874
0.00991168
0.0159159
0.00702015
0.0268719
0.0340626
0.0342794
0.0210692
0.0367605
0.0336405
0.0277628
0.0471272
0.0304369
0.0222164
0.0305687
0.034274
0.018847
0.0311487
0.0967611
0.085933
0.0829262
0.0823482
0.0725699
0.0747624
0.0774188
0.0868253
0.0882915
0.0998558
0.0871582
0.0820942
0.0869527
0.0880449
0.0670683
0.0779943
0.0483322
0.0189534
0.0384312
0.0787873
0.0021895
0.0022771
0.013
0.0164407
0.0044288
-0.0176361
0.084686
0.0447839
-0.00392988
-0.00391481
0.0703558
0.086973
0.0861744
0.0587605
0.0478571
0.0372645
0.0672204
0.0549703
0.0727521
0.0462948
0.087112
0.0370296
0.0463224
0.0576011
0.0790412
0.047664
0.0654877
0.0486365
0.0384699
0.0424917
0.0312021
0.00340415
0.0464483
0.0482063
-0.00316691
0.00748419
0.049528
0.0209965
0.0282801
0.0507864
0.0108241
-0.00252016
0.0458346
0.0504067
0.24652
0.164895
0.117538
0.0886521
0.169868
0.174264
0.122059
0.129065
0.122026
0.0961905
0.0744253
0.0829143
0.104232
0.0998002
0.0849382
0.0847944
0.0698837
0.0578757
0.045991
0.0435838
0.0590632
0.05754
0.0488649
0.049781
0.0338224
0.0345094
0.0288679
0.00409243
0.0333111
0.037111
0.0218637
0.0279798
0.125927
0.0945402
0.0788428
0.0690066
0.106282
0.0962828
0.0851153
0.0828601
0.131513
0.0692715
0.076182
0.0904739
0.103681
0.0838564
0.0946498
0.0793708
0.0716015
0.0535909
0.0490783
0.0383976
0.064787
0.0643718
0.0532514
0.0477552
0.0747434
0.0463873
0.057609
0.0641896
0.0630293
0.0545359
0.0624301
0.0565261
-0.00572587
-0.0273498
-0.00960703
-0.0159489
-0.0116858
-0.00233638
-0.0103661
-0.0021056
-0.0179236
-0.000139867
-0.0149573
-0.0129336
-0.0329793
-0.0102254
-0.0287158
-0.00791506
-0.00623606
-0.0189853
-0.00224
-0.0144992
-0.0142146
-0.0153854
-0.0114928
-0.0130934
-0.0353866
-0.00249615
-0.0225564
-0.0353977
-0.0722974
-0.00982765
-0.0674472
-0.00637982
-0.0420227
-0.0256273
-0.038642
-0.0519765
-0.0403045
-0.0261973
-0.0266401
0.00439917
-0.0122495
-0.00866921
-0.022108
-0.00933343
-0.0109383
-0.0196038
-0.0299388
-0.0227715
-0.0244788
-0.0334039
-0.0497324
-0.0194548
-0.0166582
0.00537481
-0.0204411
-0.0282068
-0.00693179
-0.0114135
-0.00592261
-0.020289
-0.0179388
-0.0136915
-0.0216021
-0.0215685
0.0336922
0.00692961
0.0298055
0.228723
-0.0078885
-0.00627717
-0.0198274
-0.0367251
-0.0122967
-0.0148998
-0.007972
-0.111766
0.00940437
-0.00712555
-0.0456961
-0.0330788
0.0111879
-0.0440835
-0.0288719
0.232068
0.0487274
-0.0076575
-0.0378758
-0.04028
0.0728699
-0.0721414
0.299693
-0.0255205
0.209605
0.0124789
-0.142327
-0.346263
0.0122013
-0.00281556
-0.144998
-0.0517885
-0.00496065
-0.0456372
-0.0712208
-0.0612546
-0.0100629
-0.0835232
-0.00751997
-0.0123707
0.0128611
-0.109914
-0.0188557
0.0647843
-0.0229052
-0.0293165
-0.116172
-0.0117824
0.151671
0.00330488
0.231689
-0.283128
-0.0462272
0.0632046
-0.0896359
0.0110515
-0.238896
0.11187
-0.0278724
-0.0337567
0.000526821
-0.00205866
0.00495922
0.000824106
-0.00662314
0.000849785
-0.00761028
-0.00605524
-0.00119491
-0.00190619
0.00240251
-0.00736391
-0.00107534
0.00397896
-0.0138509
-0.0187156
0.0267287
0.0157409
0.0311484
-0.0748397
0.00768924
-0.00290367
0.0431183
0.0122862
-0.0285323
-0.0192056
-0.0493498
-0.0274805
-0.0227112
-0.00130677
-0.0241483
-0.0578803
-0.00765849
-0.0126241
-0.0104382
-0.00950813
-0.00935467
-0.0131364
-0.00477662
-0.0081706
-0.00473078
-0.00297937
0.00726945
-0.00643934
-0.0111703
-0.0148742
-0.00895351
-0.0168045
0.00349096
-0.0148636
-0.0136223
-0.00788567
0.00264416
-0.0175056
-0.0432338
-0.0253816
-0.00927836
-0.040379
-0.0248953
-0.0125951
0.0152739
-0.0112326
-0.0152893
-0.0398052
0.214008
-0.0131649
0.132106
-0.0519811
0.238609
0.0728471
0.186301
0.0843008
0.0622115
0.0340599
-0.000281994
-0.0709793
-0.0336081
-0.0864472
-0.0788102
-0.0617019
0.0146931
0.00503563
0.00250312
0.207065
-0.159166
-0.0653288
0.192871
-0.101954
-0.124741
0.0229616
0.127497
0.176665
0.272001
0.172401
0.081963
0.0957637
-0.0282047
-0.0727223
0.356576
-0.109504
-0.0634638
0.0176839
0.019345
0.13846
0.0543476
-0.0974261
-0.0830691
-0.00631674
0.092451
-0.052635
-0.0890396
-0.114402
0.385552
0.390533
-0.0123098
0.260763
0.0712709
0.17792
0.116778
0.0142078
0.00404914
0.00416187
0.0743672
-0.074647
0.0363991
-0.0491704
-0.0584014
0.232817
0.00874104
0.0141777
-0.0141951
-0.0372272
0.0121562
0.0128238
-0.0188456
-0.00189365
0.0114947
0.0162556
0.0245157
-0.0139642
0.00632015
0.000230702
-0.00511484
-0.0108479
-0.0332929
0.0180342
0.00610865
-0.0218804
0.0223164
0.00799937
0.0143702
0.00843623
-0.0489048
0.00669931
0.0254827
-0.00539057
-0.0105826
-0.0020888
-0.010119
-0.00391694
-0.00980909
0.00609129
-0.0119963
-0.00228926
0.0109026
0.016212
-0.00517687
-0.0151338
-0.0189272
-0.00296528
0.000586496
-0.000228201
-0.0223287
-8.03593e-05
0.0112432
0.0150887
-0.00615683
-0.0344328
0.000709259
0.00555626
-0.0334328
0.00143742
-0.000429092
0.000777708
0.0124304
0.00579418
0.00707141
-0.0105909
0.0043813
-0.0176122
0.00271056
-0.0260555
1.46755
1.08151
1.23502
1.12368
1.33302
1.30033
1.2891
1.19605
0.806159
0.652699
0.672239
0.680153
0.854666
0.761122
0.801403
0.695481
0.951503
0.676872
0.768374
0.749917
0.850154
0.794571
0.819249
0.746373
0.704385
0.728646
0.733267
-0.544779
0.749443
0.755422
0.473366
0.545202
1.07027
1.04628
1.04813
0.88857
1.00477
1.13312
0.929337
1.01228
0.973286
0.792012
0.75497
0.984903
0.899789
0.833029
0.845022
0.833115
1.0066
0.888171
0.796429
0.774845
1.00719
0.890328
0.827697
0.863661
0.912963
0.750491
0.703082
0.690906
0.810488
0.808475
0.792762
0.664582
0.0729659
-0.0211362
0.0737835
-0.00855762
0.0327438
-0.0218502
-0.0933028
-0.0389712
-0.00288407
0.0305068
0.0674991
0.0724141
0.0768025
0.0237527
-0.130007
0.0711952
0.0541242
0.0366299
-0.245209
-0.0618255
-0.112354
0.0513367
-0.157789
-0.0959615
-0.0421917
-0.0115149
-0.18214
-0.0721575
0.0177728
-0.0500073
-0.101121
-0.0999744
0.0495437
0.0533156
0.0822581
0.0418503
-0.0296489
0.0314368
-0.00707655
-0.0269847
-0.0216889
0.00174498
0.0756301
0.0413674
-0.0472211
-0.0235977
0.0626956
-0.00916526
-0.0834384
-0.140284
-0.0824647
-0.0745872
-0.0415155
-0.0845287
0.0105308
-0.0102796
-0.142252
-0.0257697
-0.011061
0.0268681
-0.0714771
0.0134815
-0.1609
0.0401324
0.00117487
0.00765064
0.00527701
-0.0037128
0.0168001
-0.0131021
0.00771085
-0.0125155
0.0532933
-0.0573384
0.0807272
0.0752031
0.0228169
-0.127242
-0.00791377
-0.0647959
-0.0154175
-0.0401327
0.0218089
-0.0196292
-0.0427624
-0.022583
-0.0324264
-0.0140626
0.0127734
0.105958
0.0261603
0.0214009
0.0131093
0.0394093
0.0214161
0.0581673
0.0114973
-0.0207183
0.0413974
0.0834671
-0.00130109
-0.0245741
0.0546157
0.00711026
-0.00578484
0.0331142
-0.0692705
-0.0072788
-0.0142009
0.00948432
-0.0100827
-0.0663087
-0.0111116
0.0431041
0.0670432
-0.0193836
0.00396784
-0.000207894
-0.00776433
0.0193384
-0.0215999
-0.0217107
0.0535738
-0.00834641
-0.0114969
-0.0248031
-0.0563804
-0.0383588
0.336406
0.253225
0.0952924
0.144669
0.234233
0.228304
0.1543
0.1559
0.183129
0.155607
0.121103
0.13206
0.149196
0.142352
0.13282
0.125236
0.0650826
0.0874973
0.0268685
0.0183966
0.0515806
0.0531382
0.0314581
0.0433849
0.0395667
0.0811038
0.0747499
0.0153323
0.0434469
0.0452954
-0.00095321
0.0151592
0.176128
0.122009
0.10953
0.113772
0.128909
0.10806
0.122381
0.109269
0.169789
0.104854
0.0963722
0.121997
0.122665
0.114379
0.124638
0.0973931
0.0842216
0.101327
0.0964498
0.0498631
0.0749703
0.105027
0.0563825
0.05944
0.0916009
0.0665812
0.0904363
0.0950886
0.0718372
0.0554145
0.0941734
0.0860816
-0.10443
-0.20188
0.0650563
-0.114719
-0.0031275
0.0184851
0.0158015
-0.0292775
-0.0295292
-0.422127
-0.290593
-0.146838
-0.132652
-0.290828
0.00440368
-0.330408
0.000119498
-0.0937551
0.0143674
-0.0774046
0.0318501
0.0475827
0.0332567
0.0430171
-0.0780031
-0.17708
-0.082148
-0.0132129
0.0081434
-0.0484775
-0.0375728
-0.0639825
-0.121382
-0.00612932
-0.0508152
-0.061756
0.0333039
-0.229002
-0.0365531
0.0231869
-0.169665
-0.0423739
0.00292727
-0.0632157
-0.155208
-0.0635733
-0.150073
-0.0581551
-0.0152343
0.00177185
-0.0222725
0.013504
-0.002299
-0.00293718
-0.0434341
-0.0056653
-0.0244375
-0.0462257
0.0305947
-0.0718119
-0.0730386
-0.111429
-0.0731361
0.0146913
-0.717713
-0.509121
-0.718574
-0.538137
-0.345072
-0.427544
-0.284331
-0.528129
-0.565593
-0.643928
-0.705224
-0.290583
-0.337115
-0.428104
-0.307453
-0.515407
-1.05062
-0.962817
-1.19948
0.118404
-0.721855
-1.00018
-0.393222
-0.767295
-0.040357
-0.0658891
0.00328719
-0.0114211
-0.0873569
-0.114704
0.00907592
-0.071328
-0.283766
-0.579077
-0.159033
-0.102577
-0.305901
-0.224281
-0.0790372
-0.281447
-0.440247
-0.295892
-0.518364
-0.627998
-0.342904
-0.314511
-0.582892
-0.36295
-0.562383
-0.0284896
-0.0154667
0.0934687
-0.192692
-0.140463
-0.0581748
0.083765
-0.706137
-0.0669877
-0.0696031
-0.477627
-0.352227
-0.247982
-0.327813
-0.0471105
-0.0227077
0.013631
-0.00569066
-0.0705662
0.000570046
0.006876
0.00754412
0.0030103
-0.00192439
-0.00991811
-0.00751139
-0.0149861
-0.002388
0.00235304
-0.0132075
-0.014189
0.0288101
0.00514174
0.126055
0.34682
-0.0171124
-0.0254751
-0.0192014
-0.0318096
-0.0625939
0.0117429
0.37147
0.0186938
0.188375
0.142349
-0.0628778
0.265692
-0.0161696
-0.0912524
-0.00716011
-0.0153891
0.0034903
-0.0559434
0.0130099
0.0452924
0.00130842
-0.00684911
0.0170284
-0.00845917
-0.0252518
-0.00712037
0.0134008
-0.00842114
-0.0441819
-0.073008
0.0280421
-0.0587378
0.0133442
0.0551705
-0.0071618
0.00898062
0.000572481
0.148691
0.000377813
-0.0108173
0.0018814
0.0702301
-0.0258287
0.0488296
-0.87186
-0.884817
-0.765595
-0.169233
-0.367513
-0.695865
-0.604366
-0.236167
-0.206962
-0.223503
-0.38522
-0.297722
-0.341951
-0.0154282
-0.291436
-0.508014
-0.705146
-0.599552
-0.822539
-0.0512411
-0.397485
-0.616926
-0.294169
-0.590673
-0.215417
-0.0346922
0.0262241
-0.0395154
-0.081621
-0.0921504
-0.105418
-0.019105
-0.288977
-0.331247
-0.190344
0.00283244
-0.226413
-0.501186
-0.576524
-0.288312
-0.338162
-0.235114
-0.361333
-0.387708
-0.385958
-0.073782
-0.526103
-0.390898
-0.457292
0.0952312
-0.0362985
0.0395336
-0.136618
-0.0217925
-0.0544191
-0.033919
-0.298977
-0.0967605
-0.0630865
-0.3779
-0.269398
-0.30211
-0.206092
-0.308726
-1.72299
-0.922231
-0.750402
-0.309695
-0.721556
-0.866874
-0.44187
-0.562552
-0.531376
-0.713127
-0.714225
-0.12963
-0.471248
-0.318294
-0.299161
-0.428026
-0.816003
-0.922362
-0.657651
0.20286
-0.685233
-0.816657
-0.313266
-0.971398
-0.0263313
-0.0188864
0.256628
-0.0171309
-0.066079
0.0464521
-0.0616056
-0.0130429
-0.536883
-0.561246
0.00713647
-0.0416277
-0.383528
-0.358242
-0.0734076
-0.147837
-0.472875
-0.219058
-0.630651
-0.777898
-0.52771
-0.300307
-0.745456
-0.450952
-0.482102
0.121274
0.00376037
0.106663
-0.0803015
0.133143
0.162212
0.0458459
-0.629827
0.171002
-0.129499
-0.551266
-0.519327
-0.0591002
-0.392376
-0.0539039
-0.586721
-0.640261
-0.552552
-0.262708
-0.296186
-0.80749
-0.170303
-0.618344
-0.961363
-1.95746
-1.27629
-0.18895
-0.699986
-1.1126
-0.860183
-1.02602
-1.76134
-1.48342
-0.296051
-2.18265
-1.36346
-1.52352
-1.61294
-1.74233
0.015512
-0.284783
-0.99434
-0.112513
0.113581
-0.445713
0.417305
0.101431
-0.517683
-0.76364
-0.322595
0.0490858
-0.416969
-0.463889
-0.205293
-0.0482985
-1.04154
-0.517525
-1.35042
-1.39432
-0.874422
-0.749606
-1.64051
-0.867422
-0.261515
-0.260403
0.178221
0.559818
-0.0396521
-0.268227
-0.0717499
0.185711
-1.05153
-0.0847216
-0.0164382
-1.50991
-1.87238
-1.0532
-1.16506
-0.810951
0.151854
0.118931
0.178316
0.123442
0.12067
0.133243
0.143414
0.147588
0.10623
0.0917231
0.126053
0.092462
0.0957541
0.108419
0.112641
0.114629
0.23634
0.172659
0.351236
0.147089
0.199535
0.227528
0.201245
0.215553
0.0916304
0.0698788
0.0848472
0.0446458
0.0672176
0.0799287
0.0693944
0.0845998
0.109955
0.157034
0.098855
0.101812
0.122375
0.122967
0.0962871
0.110612
0.119812
0.106369
0.148961
0.175197
0.127336
0.118624
0.141121
0.135001
0.159904
0.106076
0.10391
0.118942
0.133478
0.123968
0.130373
0.0998586
0.172838
0.143565
0.108144
0.154436
0.146741
0.139113
0.142706
0.119293
0.127367
0.211492
0.142515
0.138667
0.148401
0.160756
0.12314
0.146322
0.339869
0.460648
0.283637
0.27683
0.305109
0.334531
0.271689
0.30548
0.144261
0.196404
0.144197
0.136223
0.15591
0.164042
0.144742
0.159644
0.0976039
0.135917
0.0800229
0.042517
0.0832885
0.104581
0.0715629
0.0948524
0.211149
0.149051
0.136979
0.159323
0.182047
0.14154
0.174812
0.1604
0.227972
0.199141
0.218081
0.157068
0.205204
0.211977
0.200555
0.200466
0.131598
0.123315
0.146697
0.131201
0.12459
0.147108
0.14946
0.154673
0.150139
0.149182
0.185075
0.207071
0.162402
0.15999
0.183779
0.194103
0.104346
0.101836
0.105115
0.0861757
0.112064
0.11238
0.0943564
0.0957783
0.0748706
0.0520779
0.0965111
0.0331859
0.0814878
0.0780321
0.0579012
0.0541387
0.122685
0.111432
0.13105
0.103768
0.132029
0.134643
0.12781
0.127377
0.0617156
0.050482
0.06565
-0.00423117
0.0714816
0.0680926
0.0256813
0.0196961
0.0966952
0.111255
0.0879586
0.0793097
0.0786285
0.0967041
0.063486
0.0859348
0.0966713
0.0734318
0.10179
0.112619
0.0804366
0.0780012
0.10411
0.100934
0.105515
0.0805765
0.0500663
0.0884229
0.0978765
0.0812118
0.104025
0.0679818
0.108069
0.0862704
0.0493783
0.0915996
0.101303
0.103647
0.091334
0.0775799
-1.53419
-1.06665
-1.29809
0.136384
-0.117982
-1.33442
-0.25673
-0.591521
-0.741933
-0.615929
-0.630505
-0.154044
-0.306021
-0.393876
-0.357615
-0.50704
-0.84342
-0.666227
-0.532534
-0.294216
-0.392673
-0.568365
-0.353522
-0.545192
-0.0459541
0.0346389
-0.0731836
-0.00931074
-0.0528458
-0.0165414
-0.0801832
-0.0455687
-0.230821
-0.395037
-0.171032
-0.131529
-0.0348792
-0.213714
-0.00252626
-0.183065
-0.639664
-0.33504
-0.401535
-0.635202
-0.516253
-0.371252
-0.809541
-0.401557
-0.128096
-0.176079
-0.145453
-0.0660383
-0.13219
-0.111409
-0.164869
-0.123897
-0.494681
-0.166167
-0.146984
-0.582636
-0.395542
-0.335463
-0.428904
-0.251536
-0.0303977
0.00469939
-0.0101885
-0.0758517
-0.0487282
0.00191324
-0.0105043
-0.0452516
-0.00781317
-0.000573701
0.0105668
-0.0761288
0.00781283
-0.0151628
-0.00719233
-0.145028
-0.0161189
-0.00430574
0.00580679
-0.00221503
-0.00581353
-0.0017313
0.00597802
-0.0185744
-0.0155386
-0.11919
0.180915
0.0149197
-0.212197
-0.0724222
0.0512101
-0.114033
0.0072558
-0.0279903
-0.0928264
0.0193521
-0.00875792
-0.0594243
0.0166379
0.00673775
-0.0196783
-0.025598
-0.00619805
-0.0116902
-0.10677
-0.064074
-0.000836766
-0.0217873
-0.0253027
-0.0334171
-0.0151372
0.0042176
0.0446237
0.0490047
0.0452605
-0.0272713
-0.0449122
-0.0525258
-0.142312
0.00619131
-0.0324348
0.00855282
-0.0357295
0.0324199
0.568669
0.555686
0.601302
0.686457
0.644509
0.596949
0.74975
0.692413
0.560157
0.661823
0.63061
0.817366
0.66022
0.606041
0.713032
0.680741
0.590671
0.554332
-0.54968
0.52131
0.630362
0.350441
0.827281
0.604854
0.910796
1.02311
0.919712
1.29792
1.14542
1.04877
1.20436
1.16207
0.62539
0.68809
0.844007
0.84895
0.702858
0.735399
0.73641
0.772301
0.576964
0.778321
0.571976
0.608426
0.662746
0.725662
0.571161
0.648665
0.794255
0.922418
0.946397
0.97855
0.686614
0.867926
0.837693
0.973879
0.680882
0.856853
0.918731
0.578088
0.764607
0.720441
0.632626
0.74572
0.357586
0.295727
0.327782
0.488982
0.350312
0.329947
0.352454
0.371702
0.25705
0.277733
0.299645
0.421076
0.328661
0.267964
0.356779
0.282695
0.184179
0.131558
-0.673626
0.176279
0.351485
0.00729872
0.253013
-0.276596
0.676396
0.632267
0.698965
0.972834
0.809609
0.64865
0.82305
0.67311
0.3165
0.361188
0.520821
0.512838
0.333315
0.360267
0.436628
0.462628
0.266327
0.430498
0.258449
0.254616
0.298981
0.34401
0.253978
0.390407
0.338371
0.525927
0.553955
0.586204
0.461252
0.516511
0.615436
0.543765
0.282835
0.350273
0.436647
0.191411
0.286612
0.432348
0.366011
0.461116
-0.675746
-0.536037
-0.918797
-0.0743593
-0.41624
-0.63877
-0.233001
-0.340851
-0.489032
-0.370679
-0.574869
-0.139685
-0.325939
-0.361588
-0.318548
-0.328269
-1.32566
-0.868973
-2.51416
-0.130032
-0.316201
-1.10023
0.310738
-0.212077
-0.0291304
-0.0506056
-0.14691
-0.0359492
-0.0953566
-0.0749597
-0.023289
-0.0356055
-0.426532
-0.288937
-0.156017
-0.0537688
-0.347678
-0.0933692
-0.314162
-0.306252
-0.384859
-0.27061
-0.466832
-0.718823
-0.403059
-0.333179
-0.572648
-0.355884
-0.134303
-0.0776544
0.0166527
0.0900447
-0.189918
-0.173606
-0.0804671
-0.0322426
-0.264657
-0.193962
-0.0608175
-0.328801
-0.0301773
-0.329229
-0.434512
-0.137953
-2.42158
-1.4363
-1.04823
0.147531
-0.586755
-1.39894
0.266462
-0.339872
-1.1026
-0.441097
-0.00750715
-0.48757
-0.0912002
-0.246423
0.0764551
-0.165853
-0.191517
0.0923066
0.108428
-0.323908
-0.118889
-0.0227369
-0.315225
-0.229236
-0.0699102
-0.0582963
-0.0298548
-0.123678
-0.108531
-7.44923e-05
-0.233756
-0.142437
-0.301944
-0.161535
-0.261911
-0.244344
0.552865
0.677766
-0.297
-0.363192
-0.935417
-0.531219
0.0259929
-0.503157
-0.22138
0.172302
-0.438505
-0.102479
-0.00576872
0.153595
0.0887077
0.140324
-0.576621
-0.0968152
-0.135208
0.017519
-0.283241
-0.0554113
-0.064936
-0.325427
-0.279291
-0.439682
-0.373371
-0.446623
-0.755621
-0.962437
-0.513868
-0.186404
-0.5043
-0.706292
-0.142431
-0.390218
-0.996552
-1.39597
-0.984969
0.114797
-0.464851
-0.755588
-0.431052
-0.656862
-0.281014
-0.655501
-0.474369
-0.285998
-0.361005
-0.641922
-0.0431343
-0.351356
0.0278204
0.0338807
-0.0746316
0.0943501
0.0752677
0.00644585
-0.013531
0.143261
-0.477253
-0.465997
0.00999918
-0.121236
-0.195427
-0.103085
-0.174819
-0.146568
-0.864454
-0.179145
-0.838554
-0.46035
-0.417953
-0.343883
-0.479767
-0.482252
-0.304393
0.000142683
0.0795105
0.00043263
-0.207747
-0.0635603
-0.106542
-0.0578826
-0.351529
-0.230577
-0.0094779
-0.40981
-0.373768
-0.218178
-0.357011
-0.252991
0.496853
0.369469
0.364139
0.366275
0.43155
0.406939
0.385198
0.366517
0.277728
0.204064
0.207421
0.201345
0.238793
0.221949
0.218683
0.207398
0.275732
0.209
0.218329
0.220495
0.235945
0.225419
0.217946
0.210071
0.20842
0.168546
0.185702
0.121898
0.168437
0.187353
0.147541
0.167723
0.315557
0.312573
0.277552
0.214933
0.296121
0.301903
0.262328
0.288292
0.298253
0.218098
0.219139
0.291772
0.27558
0.232684
0.268586
0.236261
0.284162
0.264313
0.209763
0.193195
0.269905
0.2578
0.228182
0.207907
0.272631
0.208811
0.202497
0.209091
0.231743
0.226396
0.217697
0.208532
0.114673
0.117213
0.132875
0.0951625
0.100646
0.162598
0.0974976
0.158506
0.0918294
0.0236535
0.0708375
0.033882
0.0507175
0.0768011
0.0506887
0.0818155
0.124159
0.134848
0.142197
0.104763
0.116452
0.145561
0.113159
0.143679
0.0800297
0.0515963
0.0728419
0.0414415
0.0450577
0.0724842
0.0452904
0.0779944
0.108791
0.128171
0.0849063
0.0458634
0.107289
0.122799
0.0675074
0.119475
0.108914
0.0670096
0.126451
0.145849
0.110923
0.0726879
0.109015
0.0977107
0.125424
0.0834305
0.0444498
0.0740603
0.103893
0.122393
0.0769379
0.0623512
0.143834
0.115377
0.0680101
0.126304
0.11557
0.111303
0.0989656
0.0602428
0.10517
0.100331
0.154139
0.0939742
0.11
0.118045
0.109548
0.125669
0.0994007
0.110514
0.164266
0.0990811
0.111374
0.122545
0.116255
0.126865
0.224585
0.228965
0.34915
0.212365
0.219437
0.272429
0.227189
0.271819
0.0608094
0.0488834
0.0745338
0.00920252
0.0446985
0.0622436
0.0355476
0.0584859
0.101442
0.14863
0.0900702
0.0892346
0.105143
0.117367
0.0837407
0.113494
0.11469
0.110021
0.182322
0.173305
0.123577
0.120492
0.151702
0.154669
0.153545
0.0816747
0.0809012
0.110601
0.148989
0.106147
0.124355
0.0879372
0.180723
0.150695
0.110025
0.187272
0.175322
0.16556
0.170868
0.134802
-1.78542
-0.910025
-0.841406
-0.0944642
-0.616822
-0.85852
-0.686414
-0.726295
-0.470854
-0.362458
-0.159342
-0.131998
-0.321242
-0.15782
-0.241446
-0.250935
-0.33166
-0.169379
-0.209531
0.122246
-0.156009
-0.126211
-0.21805
-0.0653671
0.0401624
0.00674653
0.108375
0.0182191
0.0326924
0.00065463
0.0567362
0.104291
-0.386764
-0.318724
0.0312313
0.0014141
-0.153143
-0.45871
-0.176916
-0.0515047
-0.350251
-0.0805672
-0.121858
-0.335719
-0.485683
-0.2869
-0.366421
-0.184728
-0.362174
0.0971721
-0.0367448
0.150995
0.0475048
0.0782873
0.111344
0.0711747
-0.3627
0.195588
-0.0460495
-0.225627
-0.208385
-0.0154765
-0.129048
0.0260873
0.00272459
0.433255
0.261748
0.434843
0.406968
0.347179
0.18643
0.287027
0.606342
0.58361
0.37093
0.561484
0.605887
0.545144
0.482837
0.487294
0.229859
0.244392
0.145926
0.22742
0.243967
0.231252
0.216603
0.196398
0.504791
0.503924
0.32285
0.500843
0.51614
0.46415
0.459193
0.458815
0.423099
0.328021
0.466588
0.554888
0.475586
0.381764
0.487355
0.443093
0.548642
0.496103
0.343278
0.345801
0.413534
0.443465
0.374159
0.349816
0.296917
0.433328
0.464429
0.323286
0.326052
0.432209
0.370238
0.419426
0.279948
0.311626
0.460269
0.293788
0.291159
0.319762
0.323096
0.358014
-0.021201
0.021423
-0.00522306
0.0301086
0.0575637
0.00264906
0.0424631
0.00121456
0.0270567
-0.0135077
-0.00814647
-0.0372851
-0.00402014
-0.00050493
-0.00124525
0.00332775
-0.0150486
-0.00673258
-0.00246889
-0.0433885
0.0131201
-0.00694704
0.0135282
0.00507236
-0.00544333
-0.0426096
-0.0200984
-0.0407565
-0.0526162
-0.013432
-0.0241431
-0.0132537
0.0275073
0.019872
-0.0257095
-0.0375779
0.0341271
-0.00356769
-0.00707603
-0.000642812
0.00155784
-0.0172488
-0.00739598
-0.00458755
0.0129908
-0.0166895
-0.0168875
0.0152102
0.0115282
-0.0158637
-0.0201027
-0.00652766
-0.0371935
-0.00601601
-0.0173611
-0.0453201
0.014002
0.00108285
-0.0122011
0.0137566
-0.0084866
-0.0237139
0.0129111
-0.0360756
-1.65935
-0.939943
-1.16279
-0.164598
-0.6549
-1.01285
-0.806447
-0.889368
-0.503181
-0.53903
-0.762777
-0.242096
-0.539614
-0.453442
-0.467437
-0.592569
-0.95716
-0.6413
-0.878272
-0.380744
-0.61243
-0.629492
-0.452748
-0.601799
-0.0459091
-0.0643983
0.0959137
-0.043693
-0.00826633
-0.0067674
-0.0212824
0.0248359
-0.558556
-0.668985
-0.195829
-0.167108
-0.497613
-0.572004
-0.41611
-0.266481
-0.530955
-0.200164
-0.581533
-0.847312
-0.725136
-0.483708
-0.781888
-0.589603
-0.58834
-0.178478
-0.255115
-0.123988
-0.300426
-0.200664
-0.127931
-0.222143
-0.751663
-0.155273
-0.275777
-0.69535
-0.529954
-0.295274
-0.482446
-0.237919
0.00342788
0.00402512
0.00277628
0.00835117
0.0062576
0.00164555
0.00656956
0.00489714
0.0036533
0.00544255
0.003551
0.0111377
0.00575714
0.00240665
0.00708061
0.00803928
0.00303843
0.00398347
0.00273346
0.00631357
0.0040391
0.00215947
0.0047487
0.00411141
0.0139267
0.0170513
0.0118612
0.0221168
0.0165017
0.0127659
0.0176457
0.0169888
0.0062233
0.00471356
0.0113993
0.0110515
0.00614527
0.00673964
0.0106479
0.00789196
0.00151399
0.00759663
0.00250516
0.0022279
0.004899
0.00634949
0.00328476
0.00381994
0.00572245
0.0122736
0.0122019
0.0104875
0.0071426
0.0109956
0.00898182
0.0123093
0.00494289
0.00896347
0.0121376
0.00451703
0.00647417
0.00674424
0.0051306
0.00835742
0.01056
-0.0251324
0.00835159
-0.00388041
0.00226636
0.00151551
0.0143821
0.0273213
-0.0559666
-0.0320752
-0.0201428
-0.150036
-0.0676407
0.00467592
-0.0634805
-0.0116881
-0.00255372
0.0187876
0.0375261
-0.00833682
0.00541734
0.0010514
-0.00754428
0.0297788
0.0465119
-0.268628
-0.0182531
-0.0518227
-0.0881959
-0.0930349
-0.181831
0.111458
-0.0110165
0.0182504
-0.08926
-0.107798
-0.0696216
0.0253333
-0.0185133
-0.0347844
0.0348218
0.00606907
-0.0194114
-0.0174452
0.0110093
0.0279474
-0.016385
-0.0301706
-0.0146588
-0.0528255
-0.0959787
-0.0736847
-0.111145
-0.0323466
-0.074163
0.00886735
-0.00390488
-0.000883979
0.0523822
0.0400237
-0.0322059
-0.0559893
-0.050619
-0.087802
-0.439266
-0.479414
-0.508649
-0.301725
-0.461436
-0.514173
-0.37644
-0.42616
-0.49265
-0.586981
-0.511686
-0.42212
-0.351881
-0.553096
-0.280667
-0.464908
-0.611187
-0.908442
-1.88183
-0.123666
-0.693051
-0.783992
-0.647221
-0.618577
-0.116675
-0.184895
0.00723213
0.0145466
-0.107794
-0.150532
-0.026585
-0.0504037
-0.378661
-0.494062
-0.176126
-0.295033
-0.327354
-0.349577
-0.409666
-0.356908
-0.498651
-0.428174
-0.588028
-0.537445
-0.379684
-0.274531
-0.57757
-0.425289
-0.43748
-0.0838965
-0.141368
-0.0493504
-0.402219
-0.248473
-0.193912
-0.142889
-0.530591
-0.235679
-0.323295
-0.434854
-0.478256
-0.429842
-0.474732
-0.397365
-0.304638
-0.273272
-0.511221
-0.287258
-0.330403
-0.312842
-0.391524
-0.379425
-0.875381
-2.36417
-1.29308
-0.328508
-0.880478
-1.64704
-0.381401
-1.40343
-0.499163
-0.793186
-0.578389
-0.198444
-0.377322
-0.569007
-0.231218
-0.47722
-0.13723
-0.080395
-0.111646
0.00417188
-0.0817052
-0.109897
-0.0603703
-0.0834846
-0.654323
-0.363902
-0.167315
-0.177054
-0.386686
-0.266711
-0.428641
-0.39273
-0.745653
-0.447619
-0.742024
-0.659037
-0.697648
-0.512523
-0.57666
-0.542471
-0.381706
-0.195745
-0.14848
-0.171871
-0.316769
-0.170739
-0.20662
-0.256323
-0.408886
-0.226484
-0.313058
-0.68292
-0.497146
-0.160662
-0.471324
-0.391208
-0.943247
0.325252
-0.109369
-0.161296
-0.28018
0.00548452
-0.048434
0.0277336
0.404506
-0.0516566
-0.0130316
-0.283938
0.0856275
0.576749
0.0924255
-0.0665719
0.0942341
0.0471113
0.00214455
-0.0890997
0.00523516
0.0516852
-0.147343
-0.0342466
-0.0183007
-0.0226462
-0.0253282
0.0154528
0.0247039
0.0410023
0.0336331
0.0292484
0.0798468
-0.0741796
0.129171
-0.0149048
-0.0761575
0.123891
0.329402
0.130505
0.420754
0.0489645
0.0746284
-0.0226976
0.0281268
-0.192052
0.349197
0.109213
-0.0868653
0.105785
0.00353194
0.0395775
-0.100829
0.232406
-0.0107242
-0.180314
0.134801
0.11102
-0.00839084
-0.0949796
-0.036668
0.00760947
-0.0186695
-0.0728244
0.601589
0.524734
0.711077
0.556015
0.506453
0.563031
0.594929
0.625414
0.523064
0.498306
0.581358
0.528108
0.445173
0.510507
0.581757
0.616936
0.895347
0.799855
1.14596
0.832931
0.888552
0.956511
1.0281
1.06759
0.415506
0.372081
0.411718
-0.236349
0.262075
0.423923
0.256965
0.399165
0.472926
0.661371
0.498932
0.423472
0.568144
0.579284
0.551879
0.568014
0.526826
0.521345
0.701241
0.733747
0.612945
0.557317
0.636655
0.633618
0.785861
0.522507
0.527236
0.652849
0.644903
0.564778
0.612207
0.520864
0.818965
0.756609
0.649762
0.805698
0.836443
0.710246
0.751552
0.589906
-2.366
-0.716681
-1.04093
-1.72215
-1.67553
-0.72028
0.397659
-1.04809
-1.39062
-0.749378
-0.855119
-0.440696
-0.843558
-0.522933
-0.441507
-0.653746
-1.19143
-1.13613
-2.50007
-0.0331588
-0.944241
-1.24299
-0.436688
-0.992809
-0.472113
-0.20512
-0.275682
-0.0670658
-0.2394
-0.314504
0.0760533
-0.155914
-1.37722
-0.710357
-0.880193
-0.163335
-0.918379
-0.446852
-0.235348
-0.53259
-0.565058
-0.233958
-0.769788
-0.895883
-0.89392
-0.734795
-0.862091
-0.952958
-0.503213
0.452395
-0.0859815
-0.0545573
-0.365277
-0.286338
-0.196952
0.0860307
-0.727419
-0.160793
0.00608031
-0.856332
-0.600355
-0.285848
-0.586462
-0.255883
0.122655
0.10542
0.144432
0.10808
0.10921
0.116721
0.111131
0.119547
0.0985874
0.0917847
0.116819
0.0832742
0.0935139
0.103889
0.0953137
0.109929
0.190386
0.170011
0.262155
0.140726
0.175215
0.205652
0.181415
0.217867
0.0702674
0.0647714
0.0696849
0.0315817
0.0613441
0.0673681
0.0593561
0.0633959
0.100867
0.13047
0.0932373
0.0855392
0.103181
0.106469
0.0927345
0.102817
0.107715
0.0936836
0.14224
0.147274
0.111934
0.105028
0.127769
0.123631
0.134854
0.0864979
0.0786289
0.0944273
0.120077
0.101446
0.106482
0.0850811
0.152059
0.119418
0.0926337
0.149178
0.137983
0.124636
0.129474
0.107931
-0.0135556
-0.0544795
0.1019
0.0329574
-0.00533955
-0.000253626
-0.0447592
-0.0300351
0.00406998
0.0429485
0.0950487
0.00993896
0.0405918
0.101568
0.0225122
0.0532757
-0.0160825
0.113466
-0.172243
0.565113
-0.00738627
-0.152016
0.140805
-0.0140454
-0.0597163
-0.0173569
0.898856
0.108626
0.0180813
0.0123068
0.108142
0.132164
0.0328274
0.0820741
-0.0416838
0.0242866
-0.0180053
-0.0192095
-0.00912871
-0.0173613
0.0571895
0.0457736
0.0622533
0.047773
0.0169995
-0.128561
-0.0518795
0.0715402
-0.0146721
-0.138775
0.105773
0.414091
0.0282683
-0.0341437
-0.0290584
-0.174223
-0.0304792
0.269271
0.064335
0.0274408
-0.173264
-0.202669
0.0751139
0.143687
-1.57893
-0.841842
-0.890913
-0.142545
-0.525431
-1.03143
-0.492928
-0.43117
-0.607941
-0.976977
-0.561696
-0.29309
-0.526974
-0.607851
-0.419711
-0.406467
-0.283375
-0.588325
-0.0805683
-0.0780812
-0.231011
-0.377713
0.0410225
-0.115465
-0.0522075
-0.0308897
0.0323569
-0.0252151
-0.130793
-0.0760828
-0.0477874
-0.0480738
-0.462049
-0.428356
-0.161128
-0.220298
-0.425561
-0.357819
-0.208017
-0.350059
-0.554782
-0.394989
-0.414538
-0.558035
-0.343383
-0.441021
-0.580793
-0.131574
-0.309075
-0.0872917
-0.190283
-0.119523
-0.284081
-0.152428
-0.228564
-0.147396
-0.34439
-0.360847
-0.332
0.0012526
-0.211342
-0.380872
-0.133488
-0.424937
-1.66678
-0.872274
-0.952605
0.0236296
-0.139277
-0.961674
0.334487
-0.614237
-1.034
-1.13196
-0.738433
-0.254965
-0.591401
-0.828811
-0.536142
-0.709867
-1.05028
-0.78335
-1.9511
0.162143
-0.663276
-0.952475
-0.599595
-0.597079
-0.285626
-0.0539184
-0.0773756
0.0388244
-0.231195
-0.184753
-0.169403
-0.181934
-0.236614
-0.657571
-0.257362
-0.103305
-0.426345
-0.0723555
-0.439356
-0.403279
-0.61953
-0.306104
-0.679358
-0.818199
-0.403966
-0.435125
-0.758748
-0.64309
-0.310856
0.086398
-0.145507
0.0737153
-0.40128
-0.1981
-0.178518
-0.125619
-0.622387
-0.217712
-0.17192
-0.808089
-0.589524
-0.43192
-0.740732
-0.35277
0.000723857
0.00469998
0.015139
0.00481517
-0.0021246
0.00480275
0.00926468
-0.00765374
-0.000255585
-0.00166547
-0.00864058
0.00189079
0.00571817
-0.00301494
0.000508446
0.000368985
0.00712924
0.0247752
0.0179715
-0.0450546
0.00444959
-0.00156243
-0.00696769
-0.00988286
0.00833185
0.00695534
-0.026533
0.00689388
0.0105192
0.00576651
0.0102698
0.011774
-0.000717798
-0.0021414
0.00206603
0.00141199
-0.0021189
0.000665206
0.0083575
0.00899418
0.00221175
0.00434945
0.0102634
-0.00470637
-0.00219134
-0.0103481
0.00396744
-0.000696052
0.0223229
-0.00101041
-0.0012542
-0.0230234
-0.013191
0.00171547
-0.00937737
-0.00219801
-0.0116656
-0.0202623
-0.00945058
0.00612243
0.00560593
-0.0117567
0.0122261
-0.0107077
-0.0476922
0.00693041
-0.00994859
0.0345498
-0.00754917
-0.000641274
0.0996335
-0.0625121
0.0236951
0.0174323
0.0164557
-0.0596902
-0.0662395
-0.0557328
-0.125898
-0.145493
-0.0408853
0.0409471
0.0413817
0.0088807
-0.103478
-0.00164121
-0.0238491
-0.090349
0.143641
0.0235466
0.273209
0.00545544
0.0303819
0.120551
0.145585
0.156055
-0.0334753
-0.0631689
0.13737
-0.137384
-0.0857599
-0.0796616
-0.0266708
-0.00674965
0.0241622
-0.0103379
-0.00935558
0.0203938
0.0296068
-0.0603031
-0.0108111
-0.130458
0.0217009
0.208059
-0.169281
0.0276842
0.0783518
0.0163544
-0.0730354
-0.0192017
-0.128921
-0.012387
-0.0580566
-0.0150648
0.0104638
0.149629
-0.0720707
0.0209029
0.0662614
0.0513372
0.0893064
0.0377315
0.0614657
0.0668076
0.0652814
0.0678973
0.0419014
0.0437603
0.0548162
0.0288179
0.036294
0.0416685
0.0336355
0.0419236
0.114487
0.0857283
0.146397
0.0536291
0.0970986
0.115226
0.106696
0.122165
0.0119819
-0.00231892
-0.0134785
-0.0281601
-0.00775166
-0.0122406
-0.0157819
-0.0280419
0.0441208
0.0760133
0.0313194
0.017753
0.0437027
0.0519342
0.0271371
0.0317587
0.0492147
0.0222577
0.0657187
0.0847754
0.0505645
0.0393994
0.0626137
0.05483
0.0805729
0.0210038
0.00773746
0.000747643
0.0425893
0.0217562
0.0202332
0.0123982
0.0869151
0.0071148
0.0152345
0.0670105
0.0699484
0.0289221
0.0550907
0.028654
0.0400156
0.0418401
0.0450901
0.0417886
0.0397528
0.0417841
0.040819
0.0429183
0.045013
0.0482854
0.0494734
0.0456421
0.0451365
0.047804
0.04675
0.0487219
0.0516331
0.0524206
0.0569229
0.0506298
0.051729
0.0545254
0.0525806
0.0554795
0.0402955
0.0412248
0.0424036
0.0353365
0.0389333
0.0417827
0.0368611
0.041455
0.0418948
0.0452723
0.0408233
0.0431562
0.0435042
0.0433585
0.0435914
0.0432445
0.0440398
0.0458774
0.0502722
0.0474161
0.0454697
0.0462058
0.0470067
0.0480286
0.0460991
0.0399974
0.0437015
0.0451858
0.0468023
0.0439388
0.0460967
0.0437165
0.0486942
0.0495174
0.0464408
0.0513905
0.0494302
0.0490487
0.0493938
0.0477166
-0.574268
-0.286442
-0.276705
-0.251574
-0.220386
-0.155574
-0.329238
-0.201141
-0.0681787
0.0505419
-0.0175797
-0.00894158
-0.0341114
0.0756549
-0.0735307
-0.0435184
-0.19906
-0.049825
-0.0564118
0.017361
0.0195552
0.00436148
-0.120789
-0.0259005
-0.0151336
-0.0397557
-0.037393
0.00628845
0.00426541
-0.0349629
-0.0313676
-0.0179591
-0.0979165
-0.127407
-0.0391471
0.013294
-0.08272
-0.185509
-0.116928
0.0110111
-0.158393
0.0470667
0.0392854
-0.115583
-0.0684356
-0.00728707
-0.102791
0.0162975
-0.168562
-0.110848
-0.0550085
-0.0504621
-0.0454279
-0.0161285
0.0110111
-0.0795363
-0.102919
-0.0247127
0.000335275
-0.00789111
-0.089205
-0.00805427
-0.0994753
-0.0222403
0.00471397
-0.00135695
0.00926334
-0.0129272
-0.0068089
-0.00636701
0.00369471
-0.0102769
-0.0020338
-0.00861942
-0.00213711
-0.00622199
0.0028857
0.00239555
-0.00346628
0.00467166
0.0120319
-0.00952947
0.00138181
-0.00360312
-0.0261404
-0.00142539
-0.0118903
-0.0284116
-0.0136014
-0.00360018
-0.0434906
-0.028962
-0.0201072
-0.0267393
-0.0261144
-0.0523387
-0.003413
-0.0138085
-0.0096567
-0.00793443
-0.00238624
-0.00475087
-0.00870559
-0.0101419
-0.000463517
-0.0169575
0.00870846
-0.00782193
-0.000666717
-0.0100297
0.00163241
-0.0098512
0.00684754
-0.0291741
-0.011503
-0.020274
-0.0159348
-0.0265446
-0.0361541
-0.0228116
-0.0191743
-0.0540417
-0.0124284
-0.000780482
-0.00748925
-0.0271064
-0.00647614
-0.00102594
0.139427
0.217602
0.200712
0.259049
0.168365
0.182726
0.153961
0.18712
0.380688
0.688545
0.576881
0.825286
0.328171
0.348559
0.278486
0.451857
0.308157
0.525361
0.461152
0.415789
0.280881
0.354597
0.312664
0.428089
0.351242
0.700315
0.484966
0.803836
0.395838
0.423455
0.147597
0.352714
0.248321
0.216553
0.245625
0.404396
0.174808
0.178614
0.585447
0.338165
0.247292
0.506827
0.374699
0.234006
0.273656
0.180608
0.284596
0.320373
0.194641
0.171916
0.320348
0.253017
0.418075
0.328057
0.361715
0.304594
0.264943
0.360416
0.502049
0.467615
0.214702
0.384822
0.295559
0.644503
0.0779967
0.0672177
0.0697562
0.0706944
0.0766075
0.0739934
0.0748091
0.0711195
0.057798
0.050936
0.0521966
0.0528502
0.0557515
0.0545416
0.0553441
0.0510845
0.0609451
0.0528593
0.0546219
0.0567954
0.0585053
0.0561816
0.0578775
0.05355
0.0599163
0.0525477
0.0551138
0.0494123
0.0580391
0.0572715
0.0549394
0.0536244
0.0651048
0.0666539
0.0688509
0.0583201
0.0639597
0.0662604
0.0615123
0.0672675
0.0632658
0.0576993
0.0547301
0.064178
0.0607844
0.0563872
0.0594952
0.057233
0.065577
0.0656509
0.0571426
0.0580196
0.0634174
0.0644064
0.06045
0.0582159
0.0621278
0.0551133
0.0540677
0.0522837
0.0580733
0.05822
0.0562685
0.0555334
-0.0246107
-0.0190133
-0.0449778
-0.0485201
-0.0520247
-0.0363694
-0.0211785
-0.00897353
0.0131851
0.0357714
0.00872467
0.0527313
0.00670808
0.0202771
-0.00308909
-0.00744557
-0.00414489
0.00077122
0.00162858
-0.0163562
-0.00215514
0.000297573
-0.0129408
-0.00880547
-0.142406
0.0980047
-0.0269296
0.0837013
0.00722087
0.0988547
-0.0665601
0.0178606
-0.0465579
0.00244453
-0.0548671
-0.0194682
-0.0281081
0.000408555
-0.0195993
-0.0567795
-0.00536353
0.0548352
0.00677125
0.00995343
-0.0215909
0.00304803
-0.00905126
-0.0263054
-0.0118374
-0.0439765
-0.0231679
-0.0470975
-0.0877763
-0.0100707
-0.0411377
-0.0366506
0.0374164
-0.00427528
-0.00691566
-0.010989
-0.00764515
0.00372054
-0.0252727
-0.00134753
-0.00436255
0.340405
-0.147484
-0.0544284
-0.102516
-0.0184137
-0.299279
0.12164
-0.00792565
0.0241008
0.00274481
0.0236169
-0.0428943
0.00801421
-0.0482481
-0.00726844
-0.0755631
0.000189363
-0.00233682
-0.0169236
0.00276289
0.0756352
0.00510106
-0.0146346
-0.0168513
0.0253541
-0.0173415
-0.0252574
-0.00874187
0.0876271
-0.0348428
0.00890981
-0.0827753
-0.0761667
0.163704
-0.0768367
-0.0719605
-0.106782
0.32847
0.289442
-0.0845642
-0.0422122
0.0127898
0.0799037
-0.0364165
-0.0700808
-0.0266389
-0.0436574
0.0593112
0.10218
-0.103245
0.0901314
0.124608
0.187254
0.0239128
-0.229941
0.0772778
-0.00524487
-0.0236363
-0.0154517
-0.153246
0.0371225
-0.0688314
-0.0243251
-1.32605
-0.511108
-1.13052
0.34477
-0.942287
-0.690318
-1.17286
-0.842574
-0.354064
-0.455761
-0.46294
-0.0227783
-0.268109
-0.317643
-0.155739
-0.271679
-0.829793
-0.752934
-1.09244
-0.0377696
-0.497591
-0.464534
-0.0659631
-0.379261
0.11033
0.0145867
-0.0301559
0.0313922
0.0305678
-0.080589
0.0752932
-0.0201693
-0.550661
-0.872017
-0.0696208
-0.0612367
-0.471625
-0.410673
-0.0914107
-0.201297
-0.405436
-0.161868
-0.339253
-0.597532
-0.455279
-0.19141
-0.47197
-0.388942
-0.744326
1.32871e-05
-0.111093
-0.14625
-0.148299
-0.130243
-0.210807
-0.111556
-0.734847
-0.263395
-0.108087
-0.36119
-0.14158
-0.26878
-0.30613
-0.2484
0.366947
0.270254
0.241739
0.241827
0.304687
0.288678
0.246893
0.238588
0.218503
0.202053
0.178468
0.185734
0.214665
0.199667
0.182208
0.177808
0.175835
0.155291
0.137521
0.142153
0.157576
0.149667
0.141305
0.138349
0.111775
0.130944
0.11848
0.0789653
0.11984
0.119791
0.0895905
0.108227
0.246314
0.215597
0.204617
0.179453
0.205939
0.216955
0.198214
0.21219
0.232343
0.178914
0.171154
0.198946
0.204044
0.182899
0.195755
0.178219
0.188222
0.170195
0.138516
0.124576
0.168992
0.176757
0.155799
0.138082
0.182115
0.134704
0.15384
0.155804
0.158016
0.151
0.161768
0.155393
0.00342035
-0.00953373
-0.0474043
0.00457018
0.00058394
-0.00235039
-0.00925472
-0.0154617
0.0234998
0.0454032
0.0205722
-0.0246654
-0.0360444
0.0105432
-0.0330786
-0.0819917
-0.00065616
0.0153849
-0.431865
-0.0264388
-0.157255
-0.112181
-0.176047
-0.0125544
-0.00057316
-0.00602433
-0.0110255
0.028864
-0.00887763
0.000152806
-0.0159166
-0.0112503
-0.013237
-0.0333346
-0.000826863
-0.00747412
-0.0224457
-0.0219003
-0.0101343
-0.00907808
-0.0263159
-0.0046163
0.0132049
-0.0172704
-0.0536305
-0.0391232
-0.00275449
-0.053086
-0.0534846
-0.0193746
-0.00187115
-0.0478711
-0.0367535
-0.00967824
-0.0616128
0.000584441
-0.0667243
0.0183772
-0.0541644
-0.0344696
-0.0348439
-0.0650172
-0.0544248
-0.0363207
0.00390568
0.00424135
0.00362764
0.0107595
0.00608129
0.0032137
0.00787825
0.00546245
0.00364236
0.00580321
0.00451745
0.014911
0.00664277
0.00278965
0.00828438
0.00656531
0.00408292
0.00495364
0.00567611
0.0159384
0.00677048
0.0033866
0.0102093
0.00848949
0.0218508
0.0254696
0.0259053
0.0370527
0.0270356
0.0224147
0.0317806
0.02921
0.00668835
0.00603047
0.0155799
0.0167171
0.00845685
0.00818565
0.0125319
0.0119076
0.00355965
0.0120171
0.00345666
0.00333269
0.00639355
0.00853384
0.00363372
0.00736013
0.00912821
0.0182777
0.019432
0.0214913
0.0122524
0.017022
0.0175149
0.0189451
0.00706795
0.0201417
0.0185561
0.00766686
0.00946573
0.0127846
0.00930769
0.0151157
0.0683185
0.0762088
0.0976254
0.063882
0.0662119
0.0765799
0.0686455
0.0822622
0.084972
0.0924404
0.118236
0.0820191
0.0839073
0.0956381
0.0869126
0.103184
0.155696
0.172544
0.26769
0.147713
0.159473
0.185225
0.172218
0.20603
0.0438357
0.0535842
0.0538329
0.0182844
0.0349777
0.0556663
0.0159674
0.0484707
0.0752371
0.0994293
0.0601233
0.0689742
0.0773164
0.081976
0.0725812
0.0740506
0.0854972
0.0843705
0.130592
0.118794
0.0925925
0.0908377
0.107817
0.110693
0.104762
0.0505673
0.0626664
0.083476
0.0894624
0.0754485
0.0863127
0.0695581
0.129124
0.0992475
0.0813075
0.140723
0.122847
0.11073
0.118111
0.106108
-0.00182053
0.00713214
-0.00509921
0.00320295
-0.00103057
0.00233452
0.0109699
0.00148088
0.0100862
0.0180999
0.00866297
0.0045802
0.0114285
0.0148542
0.00859017
0.0113154
-0.0263792
0.0258427
0.0220645
0.0447016
-1.3431e-06
0.00578512
0.024929
-0.0238343
0.0184385
-0.00669209
-0.00201164
0.0349688
0.0162812
0.00448413
-0.00479991
-0.041989
0.00464898
-0.00148914
-0.00358459
0.00648671
0.00837595
0.01518
-0.00334081
0.000845422
0.00463251
0.00718142
0.00460596
0.000576677
-0.00349375
0.0118288
-0.00603711
0.00431368
-0.0102773
0.0073074
-0.00563762
-0.00880889
-0.0178089
-0.00481357
0.0065224
0.0019188
-0.0201626
-0.0363102
-0.0203874
0.00127685
-0.00139756
0.00374243
0.0221371
-0.0117653
-0.003324
-0.00638152
-0.00254986
-0.00178096
0.0030573
-0.00288125
-0.00496366
-0.0123334
-0.00836722
0.000112329
-0.00255526
-0.00352211
-0.00817929
-0.00240232
-0.0233263
-0.0138743
-0.0109116
0.0157072
0.0167813
-0.0377996
-0.00784031
-0.0182138
0.0101701
-0.00161146
-0.0152042
-0.0150364
-0.03019
-0.0268909
-0.0261499
-0.0242188
-0.0345609
-0.0474645
0.000365226
-0.0114226
-0.00282915
0.00373977
-0.0128992
-0.0151579
-0.014961
-0.00508936
-0.00266756
0.0113998
0.00730605
-0.00436353
-0.0074223
-0.00498056
-0.0156554
-0.0123832
-0.0131449
-0.0278446
-0.0233445
-0.0516358
-0.0260604
-0.0160685
-0.0349187
-0.0346531
0.000401833
-0.031877
-0.0215192
0.048643
-0.00895753
-0.0258475
-0.0135768
-0.00682786
0.300903
0.18191
0.24107
0.183959
0.243859
0.23757
0.223914
0.214493
0.13057
0.107189
0.120444
0.105126
0.121111
0.117018
0.118561
0.115271
0.205871
0.146156
0.17942
0.161411
0.168891
0.168621
0.165382
0.166011
0.100942
0.0905799
0.0988768
0.0585004
0.071159
0.0822144
0.0708652
0.0897404
0.160185
0.194425
0.140523
0.113594
0.156434
0.161545
0.123554
0.150286
0.156488
0.113821
0.140346
0.188487
0.147361
0.128586
0.158096
0.1426
0.188623
0.130522
0.106319
0.133955
0.164997
0.14675
0.137372
0.11261
0.181118
0.135729
0.111701
0.13699
0.150226
0.139675
0.140277
0.120027
0.140718
0.187712
0.197542
0.137494
0.132824
0.165843
0.138091
0.166891
0.269509
0.431628
0.400152
0.228153
0.290358
0.371215
0.269221
0.360873
0.296551
0.40895
0.463549
0.260417
0.293262
0.406104
0.293903
0.405628
0.082701
0.0901834
0.0692927
0.00432202
0.0643281
0.0760233
0.0480979
0.0545008
0.194702
0.198183
0.111268
0.177853
0.187091
0.172623
0.164903
0.159305
0.238945
0.217182
0.372776
0.256831
0.247873
0.247232
0.263226
0.282455
0.199814
0.0889619
0.140556
0.155777
0.177559
0.152713
0.176601
0.120291
0.260156
0.219134
0.203988
0.373258
0.268512
0.235889
0.280085
0.2385
-0.0255577
0.00521595
0.0128432
-0.0395307
-0.00195255
0.0118995
0.0196503
0.0160508
0.0194209
-0.00853677
-0.0202685
0.0300413
0.0141121
0.0592994
-0.0079484
0.0624775
-0.0372273
-0.0266795
-0.0391948
-0.143089
-0.00297997
0.0507219
-0.0255794
0.064005
-0.0224223
0.0163931
0.0496629
-0.00063342
-0.0230327
-0.0292612
-0.00615334
-0.0166159
0.0124763
-0.0297838
-0.0192181
0.00941367
0.00982806
-0.0196161
-0.0200026
-0.0268582
0.0198151
-0.0390118
0.0417118
0.00159488
0.0635016
-0.00172722
0.0304548
0.019976
-0.00760325
0.00574032
0.0269968
-0.000663386
-0.0160844
-0.0311772
-0.0146928
-0.0419489
0.0316341
-0.00641803
-0.00884362
0.0576257
-0.00590723
-0.0135524
0.0105621
-0.0260197
-0.0177474
-0.0788458
0.0429448
0.0243544
-0.0219144
-0.0969328
-0.0315861
0.0415428
-0.0959382
-0.0376281
0.0347125
0.0606124
0.035324
0.0474133
0.0193585
-0.00229671
0.0249935
-0.00456377
0.0122434
0.0292564
0.021668
0.00957598
0.0578635
-0.00324091
-0.00428168
0.00727973
0.0307671
0.106858
-0.0441552
-0.0154075
-0.0209537
0.00402229
0.0178488
0.0538888
-0.0210827
0.0018901
-0.044079
-0.0121821
0.0426828
-0.101483
-0.079425
-0.045204
0.0118481
0.0126835
0.0809067
-0.0639293
-0.00141702
0.0268468
0.0810596
0.0405614
0.0503342
-0.00260764
-0.0910222
-0.0353711
-0.00227048
0.0156448
0.0387202
-0.00477165
0.0155622
0.00747942
0.0687201
-0.0257355
0.0511301
-0.0253993
0.263169
0.180634
0.195337
0.171444
0.22606
0.222304
0.199758
0.187983
0.129089
0.0969942
0.106517
0.0959148
0.115424
0.110074
0.107709
0.103909
0.159843
0.117876
0.139861
0.12232
0.13622
0.13223
0.129017
0.126801
0.0817934
0.0836882
0.0781198
0.0482752
0.0813965
0.0838583
0.0580844
0.0726881
0.159351
0.16874
0.149302
0.109952
0.146491
0.155404
0.125435
0.147418
0.153256
0.110505
0.118259
0.160844
0.13666
0.116323
0.138685
0.125923
0.160932
0.115634
0.0940753
0.102132
0.135016
0.127649
0.116027
0.102324
0.144759
0.106848
0.101514
0.113375
0.126911
0.117149
0.116327
0.107032
0.167536
0.0896847
0.169604
0.0277604
0.119085
0.12888
0.112829
0.116679
0.0605246
0.0490996
0.0738123
0.0284619
0.0470461
0.0563803
0.0398428
0.0552042
0.17934
0.122131
0.228681
0.0602991
0.124549
0.164693
0.124683
0.163293
-0.0614366
0.00726624
-0.0198236
-0.0010782
-0.035578
-0.0262866
-0.0419575
-0.0414574
0.070893
0.110951
0.021841
0.0199452
0.0594662
0.0765138
0.0315135
0.0327538
0.077529
0.0258982
0.0932637
0.131245
0.071803
0.0497403
0.0914475
0.0755854
0.104491
0.00687345
0.0087411
0.0171322
0.0312788
0.0158802
0.0258975
0.0290991
0.121911
0.0364423
0.0202443
0.0919295
0.0797553
0.0479272
0.0702189
0.0363518
0.0453238
0.0487242
0.0637778
0.0408371
0.0455181
0.050401
0.0453341
0.0536181
0.0555542
0.0656103
0.0883649
0.0470942
0.0575827
0.0679602
0.0582362
0.070641
0.105263
0.124418
0.203893
0.0893489
0.111726
0.151111
0.122148
0.155702
0.0230571
0.0206782
0.0257702
-0.00296812
0.0199117
0.0186084
0.00326726
0.0122011
0.0484858
0.0646555
0.0396787
0.039592
0.0475026
0.0517577
0.0428425
0.0463758
0.0553246
0.04033
0.0969483
0.0787386
0.0589411
0.0545712
0.0715189
0.0738654
0.0667886
0.033342
0.0281654
0.0516233
0.0591726
0.0442931
0.0518923
0.0372878
0.0855976
0.0612466
0.032962
0.0957897
0.0804326
0.0660234
0.0823255
0.0587231
0.560765
0.385148
0.571742
0.421964
0.451541
0.473481
0.446258
0.460562
0.299979
0.236416
0.304147
0.234062
0.273851
0.275418
0.275275
0.27592
0.587014
0.408044
0.635583
0.430961
0.462088
0.506655
0.475108
0.496184
0.213454
0.197411
0.250255
0.119421
0.181815
0.208341
0.166193
0.189321
0.35052
0.450488
0.316199
0.258568
0.351937
0.37139
0.2822
0.355035
0.350985
0.274229
0.368111
0.473076
0.350238
0.29688
0.404032
0.354351
0.467829
0.305245
0.243479
0.302434
0.441192
0.325834
0.310157
0.272097
0.471129
0.343284
0.260666
0.365715
0.377159
0.363156
0.364697
0.29305
0.00188164
0.00213403
0.00178138
0.00281873
-4.06235e-05
0.00168148
0.00103708
0.000329728
0.00316445
0.00399298
0.00384535
0.00751358
0.00242606
0.00214193
0.00430384
0.00398133
0.00233759
0.00365221
0.00320475
0.00695987
0.00216177
0.00140635
0.00281681
0.00315978
0.00825067
0.0112861
0.0105954
0.0146252
0.00916928
0.00949672
0.0108759
0.010865
0.00157579
0.00123474
0.00378892
0.0062415
0.00264837
0.00180067
0.00528943
0.00465562
0.00163746
0.00575388
0.0016326
0.00133384
0.00213464
0.00313923
0.00223247
0.00296642
0.00212117
0.00502926
0.0076272
0.00606567
0.0036437
0.00502402
0.00550167
0.00565021
0.00172739
0.00684196
0.00717757
0.00358484
0.00291264
0.00496455
0.00361872
0.00726684
0.0275129
0.0280266
0.0286737
0.0266917
0.0269481
0.0275578
0.0267426
0.0277097
0.0296756
0.03154
0.0313409
0.029674
0.0298412
0.0306658
0.029804
0.0308557
0.0316403
0.0324023
0.0344866
0.0306753
0.0318686
0.0332495
0.032598
0.0337555
0.0243649
0.0259954
0.025624
0.0208067
0.0235364
0.0246148
0.0226141
0.0249907
0.0279956
0.028842
0.0257717
0.0274863
0.0278352
0.0277476
0.0278809
0.026742
0.0286652
0.0285127
0.0314042
0.0298595
0.0290476
0.029429
0.0298792
0.0302608
0.0291522
0.0250091
0.0269276
0.0279626
0.0282338
0.0269968
0.0282358
0.026948
0.0304024
0.0300712
0.0287013
0.0317826
0.0305378
0.0296462
0.0305884
0.029782
0.00318687
0.00360459
0.00389895
0.00842277
0.0032273
0.00248248
0.00523969
0.003941
0.00354134
0.00698298
0.00637325
0.0118964
0.00417721
0.0027381
0.00662029
0.00766263
0.00397023
0.00620974
0.00695115
0.0131573
0.00502469
0.00326758
0.00687382
0.00537539
0.0153805
0.0183114
0.0197387
0.0248565
0.0167278
0.0151913
0.0193347
0.0197721
0.00379104
0.00421752
0.00961124
0.0101769
0.00527134
0.00552746
0.00913597
0.0081381
0.0027175
0.00756043
0.00268438
0.00297619
0.0042581
0.00581482
0.00370756
0.00482195
0.00615709
0.0111995
0.0123827
0.0127154
0.00920493
0.0112542
0.0111485
0.0122464
0.00468474
0.0134673
0.0115645
0.00588088
0.0061322
0.00918247
0.00643328
0.0118794
-0.198764
-0.305254
-0.361721
-0.158658
-0.419443
-0.31395
-0.457275
-0.308666
-0.383556
-0.408445
-0.503671
-0.188429
-0.301312
-0.230277
-0.299267
-0.298332
-0.959184
-1.04391
-2.09105
0.0333656
-0.505887
-1.09262
-0.0948938
-0.266934
0.018222
0.022108
0.0404313
0.0324618
-0.0160634
-0.0110787
0.0319773
-0.00820481
-0.370718
-0.284537
-0.0623312
-0.0374316
-0.229812
-0.29015
-0.184065
-0.188663
-0.344351
-0.21609
-0.389244
-0.395252
-0.300677
-0.23488
-0.429422
-0.35429
-0.237661
0.0821989
0.129927
0.177748
-0.177465
-0.0296191
-0.108095
0.025821
-0.26193
-0.0753882
0.0192412
-0.235964
-0.305145
-0.21077
-0.0423104
-0.181601
0.49626
0.318091
0.472335
0.307092
0.405966
0.404507
0.37888
0.368953
0.226065
0.171604
0.218777
0.166347
0.200501
0.198855
0.201802
0.196815
0.466727
0.3031
0.505851
0.323136
0.371913
0.377307
0.361229
0.36038
0.130823
0.126433
0.124522
0.0307428
0.118932
0.114394
0.0904431
0.100197
0.277624
0.370665
0.248541
0.182439
0.274815
0.287365
0.205839
0.274629
0.279297
0.194341
0.26346
0.371934
0.265496
0.21322
0.311046
0.259802
0.358943
0.213013
0.164047
0.217976
0.328422
0.235562
0.247542
0.185562
0.352233
0.237584
0.18482
0.258204
0.265912
0.262796
0.259516
0.198309
-2.14104
-1.58302
-0.82231
-0.121376
-0.90456
-1.43064
-0.280373
-0.681807
-0.946826
-0.555833
-0.236292
-0.367196
-0.427011
-0.524375
-0.432098
-0.508621
-0.475752
-0.378052
-0.372748
-0.215673
-0.446899
-0.437397
-0.562707
-0.548707
0.0452621
-0.0671693
-0.140149
-0.0084636
-0.0303389
-0.058787
-0.0283018
-0.0330536
-0.515628
-0.500692
-0.20907
-0.217705
-0.38673
-0.284199
-0.339592
-0.523842
-0.6783
-0.477383
-0.283218
-0.367569
-0.407925
-0.442614
-0.361756
-0.463659
-0.7737
-0.00639365
-0.0151457
-0.161263
-0.465452
-0.178952
-0.208198
-0.0791092
-0.589745
-0.211207
-0.218411
-0.487816
-0.704219
-0.309176
-0.713693
-0.299453
0.0476507
0.0420231
0.0450966
0.0426245
0.0461532
0.0457593
0.0445274
0.0439456
0.0373727
0.0340779
0.0358055
0.0345036
0.03631
0.035927
0.0356595
0.035169
0.0429522
0.0384548
0.0434869
0.0401753
0.04128
0.0414801
0.0409119
0.0410041
0.0359103
0.0333208
0.0353841
0.030498
0.0349825
0.0348589
0.0317451
0.0336667
0.0407654
0.0427527
0.0414347
0.0367674
0.0399904
0.0414752
0.0380077
0.0411961
0.0403937
0.0364778
0.0379529
0.0426177
0.0390615
0.0370207
0.0394819
0.0382593
0.041961
0.0386673
0.0351775
0.0364589
0.0411083
0.0394849
0.0387694
0.0363845
0.0415328
0.0379061
0.0357254
0.037401
0.039349
0.0389227
0.0379711
0.036477
-0.672452
-0.640035
-0.527549
-0.169953
-0.51745
-0.767069
-0.397715
-0.430212
-0.900057
-1.01878
-1.00168
-0.201249
-0.561446
-0.299503
-0.490256
-0.587399
-0.552589
-0.746621
-0.550867
-0.363305
-0.46469
-0.668637
-0.412063
-0.403201
-0.0818832
-0.0403436
-0.105321
0.0290925
-0.0862287
-0.0400936
-0.0199292
-0.0167737
-0.452404
-0.435006
-0.169054
-0.134118
-0.313199
-0.364299
-0.316467
-0.219974
-0.757091
-0.400964
-0.646577
-0.643292
-0.463188
-0.488858
-0.627385
-0.735237
-0.196678
-0.14832
-0.087636
0.0699637
-0.258892
-0.145869
-0.0987908
-0.159229
-0.350857
-0.142517
-0.173756
-0.583744
-0.308849
-0.266768
-0.449402
-0.272829
-2.47288
-0.993111
-1.00862
0.0517711
-0.419487
-1.11964
-0.344712
-0.59644
-0.408374
-0.317098
-0.314607
-0.21719
-0.269382
-0.223687
-0.131108
-0.187436
-0.329998
-0.170252
-0.179759
-0.313333
-0.297097
-0.145552
-0.299848
-0.253834
0.0378656
-0.121612
-0.0813706
0.0203637
-0.0998675
-0.129986
0.00112366
-0.0715174
-0.333748
-0.324683
-0.273422
-0.0636745
-0.205767
-0.490221
-0.445126
-0.445188
-0.392185
-0.257502
-0.235404
-0.406075
-0.33708
-0.145949
-0.451069
-0.269627
-0.308604
0.0238353
0.0170989
-0.0242976
-0.294768
-0.270782
-0.164227
-0.104775
-0.297532
-0.166219
-0.0634287
-0.264543
-0.269072
-0.251597
-0.165611
-0.24739
0.0223294
0.052753
-0.0249501
-0.0563224
0.042877
0.0145194
-0.0282499
-0.0178113
0.0175956
0.00601137
0.0144778
0.00152178
0.00804099
-0.00214877
0.00294769
-0.00868062
0.0373484
0.0185138
-0.0440055
-0.140145
0.0142513
-0.0122905
0.0382734
0.014971
-0.1051
-0.0302285
-0.145318
-0.0403656
-0.0452661
-0.0202199
-0.0331552
-0.0253321
0.0303819
-0.0472479
-0.0660725
-0.0127082
0.0142804
-0.0255237
0.0131138
0.014322
-0.00934108
0.00808066
-0.0306507
-0.0152932
-0.0171623
-0.014069
0.0282837
-0.0179405
0.0134559
-0.0150567
-0.0152424
0.0373327
-0.0570076
-0.0228582
-0.0410462
0.0485436
0.0219804
0.0184761
-0.0139067
-0.0504406
0.0504331
-0.0165422
0.0104792
-0.0261465
0.0389006
0.0153455
0.031303
-0.0149521
0.0140706
0.00212045
0.019741
-0.01042
0.000844887
-0.00320848
-0.00341162
-0.00393852
0.00260271
-0.00104201
0.00131633
-0.00402671
-0.015367
-0.00913349
-0.0087379
-0.0189338
-0.0182689
-0.00620279
-0.0135396
-0.019333
-0.057941
-0.0206217
-0.0228592
-0.000431367
-0.0444659
-0.0280881
-0.0314499
-0.0149553
0.0130594
-0.00487339
-0.0258722
-0.0116763
0.00866151
-0.00358719
0.00411063
2.88699e-05
-0.00219205
-0.00522673
-0.00178319
-0.00034319
-0.0101445
-0.0107998
-0.00130977
-0.0074615
-0.0113649
-0.00153305
-0.0109442
-0.00888148
0.0131669
-0.0137048
-0.00943101
-0.00251345
-0.0214966
-0.0116879
-0.00769033
-0.00945352
-0.0222262
-0.00534862
-0.00366131
-0.0127904
0.0129845
-0.0111455
-0.0225513
-0.0216348
-0.0124473
-0.0019069
-0.0227786
-0.00399241
-0.00558864
0.0137125
-0.0389293
0.00161739
-0.0333841
-0.00619987
-0.0311521
-0.0466919
-0.0075307
-0.0186106
-0.0344857
-0.0563819
-0.00478921
0.0953937
0.0437293
-0.0380365
-0.0148379
-0.0484308
-0.041843
-0.0163928
-0.0361926
-0.0560583
-0.0406355
-0.0390948
-0.00899308
0.0119109
-0.0228773
-0.0331559
-0.0108182
-0.00600231
-0.0282454
-0.0270988
-0.00787114
-0.0320607
0.0696439
0.0115176
-0.00458624
-0.0118197
0.00887717
0.0277521
0.018966
-0.0443044
-0.0440279
-0.0328949
-0.063657
-0.0134515
-0.0282921
-0.0316652
0.0080428
-0.0185252
-0.0480429
0.029701
0.00309
-0.0295977
0.0488557
-0.00763479
-0.517338
-0.0374976
-0.464674
0.117657
-0.135818
-0.264331
-0.358266
-0.1463
-0.01419
-0.00196472
-0.0349007
-0.000818048
0.0108907
0.010413
0.00380293
0.0154894
-0.635032
-0.0936373
-1.29962
-0.0589229
-0.145363
-0.128281
-0.313435
-0.0940365
0.0262554
0.00741512
-0.00375963
-0.0371331
0.0685449
-0.056947
-0.0698977
-0.0774425
-0.0311393
-0.191623
-0.00787498
-0.0112728
-0.0260407
-0.00883209
-0.0163064
-0.0647216
-0.0354357
0.000216779
-0.0664812
-0.142875
-0.0351003
-0.0129498
-0.000340881
-0.0363309
-0.346847
-0.133715
-0.0179146
-0.111737
0.0310944
-0.0682897
-0.0543718
0.0100261
-0.102786
-0.134532
0.00287274
-0.0799377
0.0861065
-0.122235
-0.0372606
-0.108721
-2.52573
-1.29424
-1.23152
-0.118574
-0.663899
-1.39321
-0.447915
-0.850951
-0.804332
-0.618694
-0.574631
-0.225891
-0.546193
-0.563802
-0.403967
-0.35182
-0.724874
-0.483164
-0.584883
-0.351684
-0.535192
-0.502196
-0.477628
-0.568972
-0.181299
-0.128233
-0.111171
0.0287363
-0.185954
-0.173722
-0.0887415
-0.103281
-0.684256
-0.609063
-0.174672
-0.0476186
-0.29725
-0.457042
-0.241542
-0.250979
-0.697855
-0.313583
-0.505188
-0.716911
-0.65576
-0.393217
-0.681291
-0.544694
-0.484973
0.135255
-0.0348589
0.000954052
-0.2284
-0.156346
-0.0748839
0.000406724
-0.577149
-0.0946913
0.0575587
-0.500934
-0.334951
-0.305852
-0.295826
-0.2386
-0.752068
-0.793478
-0.987332
-0.0402081
-0.533596
-0.821375
-0.381634
-0.442935
-0.7767
-0.664986
-0.727845
-0.361958
-0.419824
-0.627004
-0.468433
-0.429553
-1.30466
-0.822802
-1.88545
-0.0572102
-0.480919
-1.1637
-0.0831175
-0.35887
-0.0268632
-0.109202
-0.254649
-0.0269155
-0.0953826
-0.0912237
-0.0237025
-0.0778507
-0.517443
-0.409161
-0.186465
-0.191241
-0.589364
-0.314035
-0.365908
-0.339262
-0.533136
-0.381121
-0.544748
-0.830576
-0.595509
-0.461183
-0.64212
-0.474031
-0.306976
-0.176976
-0.114418
-0.0540913
-0.207949
-0.232518
-0.206837
-0.163636
-0.465969
-0.259288
-0.181483
-0.45875
-0.198159
-0.374772
-0.503747
-0.319899
0.0592353
0.0244891
0.0206423
-0.0201113
0.000906559
0.0897799
-0.0507301
-0.00187644
0.00128004
0.00105237
0.0239749
-0.0172362
-0.00243876
-0.0116043
-0.0301937
0.018488
0.0361624
-0.0710458
-0.324286
0.0617233
-0.12023
-0.153687
-0.519211
-0.0605309
-0.0191392
-0.0251799
0.0127711
-0.00586986
-0.0305098
0.0311859
-0.140307
-0.00107936
0.0111813
0.0242552
-0.0280716
-0.002819
-0.0401007
0.0738006
-0.106146
-0.0222846
0.00751406
-0.0295124
-0.0525542
-0.0755621
0.00997706
0.0695793
-0.0312394
0.0345879
-0.0561778
-0.00705349
-0.166756
-0.241935
0.0485283
-0.0327183
-0.0826456
0.0552688
-0.000549738
0.0208392
0.049332
0.012107
0.139284
-0.014552
-0.223599
0.00236031
-0.50138
-0.462374
-0.799941
-0.0608823
-0.407321
-0.390415
-0.702723
-0.558722
-0.949385
-1.99374
-1.44063
-0.206089
-0.0395991
-0.312482
-0.0785425
0.313681
-0.906884
-0.752299
-0.917569
-0.296609
-0.495097
-0.976997
-0.315086
-0.591959
0.00237208
-0.030636
-0.0701707
0.0190316
0.0622404
0.0298889
-0.0371358
-0.0420977
-0.248535
-0.334834
-0.133646
-0.0606055
-0.354604
-0.559097
-0.286018
-0.217783
-0.495835
-0.20921
-1.15872
-0.766392
-0.450996
-0.415861
-0.974043
-0.470811
-0.292484
-0.0900242
0.161685
0.110612
-0.479942
-0.237141
-0.203336
-0.0482112
-0.451627
-0.128935
0.024979
-0.453518
-0.332873
-0.452984
-0.259304
-0.397362
-0.0079496
-0.00654981
-0.0327492
-0.0424882
0.0060685
0.00528462
-0.0344923
-0.0132786
-0.0906255
-0.950159
-1.34735
-0.397165
0.0192698
-0.623094
-0.204618
-0.157091
-0.0828106
-1.19437
-0.986648
-0.33638
0.0313977
-0.571852
-0.10598
-0.187279
-0.0964911
-0.103437
-0.184967
-0.0799382
-0.00419632
-0.0244698
-0.0853602
-0.0189574
0.0171646
-0.0136163
-0.00539892
-0.0055944
-0.0717502
-0.0501942
-0.180883
-0.0264046
-0.0662429
-0.21068
-0.664819
-0.109723
-0.0325063
-0.0487762
-0.117798
0.0380656
-0.0643285
0.00638813
-0.0350251
-0.0255119
-0.080015
-0.0248732
0.026512
0.0171837
-0.06527
-0.0585905
-0.0338904
-0.239096
-0.0265157
-0.17769
-0.162399
-0.347859
-0.751156
0.429957
0.703035
-0.735324
0.144522
0.173737
0.382132
0.331557
0.421825
0.463661
0.707905
0.444957
0.450984
0.55769
0.573597
0.587427
1.29785
1.24949
2.60417
1.42529
1.21162
1.56059
1.68517
1.45361
-0.744268
0.312107
0.757488
-0.749242
0.379683
0.18936
0.21089
0.322869
0.454122
0.790524
0.296369
0.371204
0.401365
0.538206
0.452554
0.154044
0.577353
0.548988
0.965948
0.982337
0.555648
0.602089
0.79521
0.828271
0.850135
0.252933
0.440884
0.825526
0.725318
0.315645
0.74563
0.474105
0.972587
0.876678
0.433668
0.926631
1.11053
0.905457
1.00394
0.861582
-0.387826
-0.0568565
-0.261836
-0.535024
-0.167847
-0.0783298
-0.141981
-0.0991506
-0.025992
-0.00215186
-0.0245098
-0.0217052
-0.0201843
-0.0101489
-0.0177394
-0.0167375
-0.122825
-0.0986655
0.00807773
-0.156579
-0.0416921
0.0239674
0.0189908
-0.00479461
-0.917314
-0.117114
-0.316536
-1.13307
-0.457764
-0.0351935
-0.182949
-0.128622
-0.0388379
-0.119411
-0.272572
-0.0633392
-0.0029694
-0.0535124
-0.0600778
-0.0308083
-0.0313507
-0.0267419
0.00601897
0.0177912
-0.030487
-0.044558
-0.0862451
-0.0304018
0.00223007
-0.156487
-0.0309947
-0.105491
-0.295035
-0.114419
-0.111934
-0.0799246
-0.00331275
-0.0144139
-0.0542347
-0.046332
-0.009893
0.0284344
0.00835364
-0.0956124
-0.269423
-0.314436
-0.254649
-0.0939829
-0.188334
-0.406852
0.0767506
-0.178737
-0.69699
-1.71554
-0.9663
-0.0976056
-0.0409349
-0.913345
-0.00939729
0.157219
-0.565145
-0.827299
-0.627957
-0.0644626
-0.184077
-0.571785
-0.0685009
-0.344336
-0.0247697
0.138929
0.0925355
0.0157489
0.0149357
0.0383937
0.084433
0.0254624
-0.229108
-0.208425
-0.0498535
0.21718
-0.0539952
-0.0155401
-0.230952
-0.0950627
-0.585759
-0.129123
-0.663865
-0.440085
-0.191383
0.0493401
-0.63502
-0.0514577
0.0384767
-0.0409185
0.138913
0.0523527
-0.122591
-0.102265
0.014392
0.090096
-0.216881
-0.0268639
0.143343
-0.0812513
-0.123721
-0.169969
0.0207647
-0.174158
0.00548443
-0.0114604
-0.0569637
-0.0123384
0.034462
-0.002761
-0.048367
-0.0607281
0.020871
0.00246029
0.023837
0.00738919
0.0028417
-0.00758733
-0.0304851
0.00455308
-0.0533772
0.0474989
-0.201101
0.0681447
-0.251333
-0.102661
-0.436009
-0.16176
0.00794038
0.00381502
0.0862733
0.0330244
-0.00913587
-0.0193852
-0.17407
0.0363349
-0.0154264
-0.0961169
-0.0122612
-0.00460709
-0.154753
-0.0232229
-0.0184324
0.00153789
-0.00639437
-0.0201701
-0.0200058
-0.0389155
-0.0422923
0.0353823
-0.00363531
-0.0352064
-0.22231
-0.126282
-0.142108
-0.178835
0.0587919
-0.0442716
-0.0601865
0.0485223
-0.0885014
0.0937785
0.0176959
-0.0125557
0.055628
-0.00978012
-0.11204
0.0354496
0.00402758
-0.0184492
-0.0254713
-0.00986111
0.0105215
0.0127271
-0.0430042
-0.0109637
-0.00304656
-0.00653167
-0.0187495
0.000382489
-0.00874458
-0.0161589
-0.0100866
-0.0113165
-0.0529465
-0.0683106
-0.190946
0.0162087
-0.134111
-0.114852
-0.11503
-0.00442103
-0.0019916
0.0114325
0.102203
0.00768394
-0.0281221
-0.036737
-0.109794
0.0667118
-0.00767774
-0.0492476
-0.0296934
-0.00753338
-0.0770045
0.00670355
-0.00394819
0.0108862
-0.0262025
-0.0239569
-0.0364295
-0.0425865
-0.000229293
-0.0108964
-0.0127497
-0.037168
-0.125338
-0.0480696
-0.0556501
-0.0328085
0.0312933
0.000583363
-0.00175011
0.0300376
0.00535276
0.069732
0.0132543
-0.0442071
-0.0177423
-0.0550979
-0.0546641
-0.00370835
-0.969671
-0.4996
0.383006
0.658197
0.052763
-0.400521
0.207101
0.102214
-0.06171
-0.0563275
0.321575
0.530095
0.038026
-0.100394
0.322067
0.0427917
0.471903
0.427447
0.386198
0.736669
0.534488
0.424837
0.575719
0.447401
1.34602
1.34707
1.31348
2.61289
1.52017
1.28279
1.77717
1.25822
0.0328483
0.37355
0.740908
0.784908
0.267714
0.469285
0.547204
0.694098
-0.0867172
0.634218
0.426196
0.476976
0.153021
0.557138
0.50116
0.429259
0.511886
1.00751
0.94311
0.984294
0.817343
0.789518
1.01579
1.06096
0.481868
0.82783
0.77336
0.468463
0.634245
0.794229
0.547184
0.834223
-0.0232442
-0.116325
-0.130946
-0.144635
-0.0552775
0.0550264
-0.0176972
-0.0412377
-0.0130985
0.00533797
-0.0133782
-0.100992
-0.0128399
-0.00517598
-0.0500408
-0.0220568
-0.31591
0.00799675
-0.97801
-1.30497
-0.0285886
0.102708
0.0155425
-0.56812
-0.313346
-0.177068
-0.941232
-1.14026
-0.156679
-0.103655
-0.132357
-0.293634
-0.0648351
-0.00555832
-0.0851788
-0.146673
-0.11681
-0.0993976
-0.231946
-0.0900257
-0.0120559
-0.148569
0.0103525
0.029314
-0.0534634
-0.164365
-0.2134
-0.124184
0.00873675
-0.147927
-0.164106
-0.183689
-0.389266
-0.18399
-0.22593
-0.163874
-0.220061
-0.603032
-0.167134
-0.0226541
-0.0448464
-0.0754866
-0.0624424
-0.157881
-0.842884
-0.77675
-0.274983
-0.105028
-0.502178
-0.340213
-0.0396126
-0.0148311
-1.77127
-1.78746
-0.67383
-0.199333
-0.746712
-0.478711
0.106281
-0.233914
-0.0626977
-0.260371
-0.123746
-0.292781
0.135032
-0.00451955
-0.000191611
-0.102251
0.00257342
-0.0139038
-0.02455
-0.000294165
-0.00873085
-0.015764
-0.0138333
-0.015719
-0.305757
-0.230622
-0.146335
-0.0956067
-0.0781026
-0.19406
-0.136062
-0.138876
-0.233994
0.0166724
-0.0136336
0.0106357
-0.206679
-0.0443634
-0.511346
-0.138676
0.0102164
-0.0933293
-0.000583359
0.0269819
-0.0967045
-0.0948206
-0.0543764
-0.0381763
0.0356528
0.0301268
-0.119826
-0.105957
0.0585766
0.01969
0.0353102
-0.187561
-0.000723969
0.00982681
-0.015609
-0.00790721
0.0016131
0.00168592
-0.00862686
-0.0117912
0.0733754
-0.163279
-0.0129029
-0.0415095
-0.0455347
-0.0653261
-0.00840647
-0.162305
-0.0179881
0.134211
-0.0395002
-0.0671049
0.0228405
0.0340327
-0.0215422
0.0153384
-0.051536
-0.0366141
-0.026736
-0.0423445
0.0683273
0.0157887
-0.00997229
-0.0668639
-0.0273736
0.00878488
0.018722
0.00936266
0.0326668
-0.0623483
0.00419496
-0.0285126
-0.0153984
-0.0162647
0.0205746
0.0161742
0.0258582
0.000112611
0.0157819
0.0431137
-0.0250431
-0.00197693
0.0304134
0.00332031
-0.0309044
0.0144072
0.0911112
-0.0680208
-0.0125604
0.000391282
0.00944917
-0.00688648
-0.0795453
0.0147719
0.0601668
-0.0353134
0.383242
0.43995
0.430269
0.716801
0.495038
0.425518
0.561985
0.50175
0.431165
0.479649
0.499372
0.840031
0.562937
0.44569
0.603517
0.541818
0.242453
0.206148
-0.0760371
0.694387
0.435739
0.215475
0.27854
0.0781543
1.22286
1.36193
1.33742
2.44944
1.64636
1.42896
1.81566
1.39297
0.519456
0.568913
0.904755
0.957505
0.573484
0.586654
0.747501
0.740626
0.417255
0.830559
0.442441
0.458653
0.511171
0.626332
0.462775
0.582073
0.60312
0.991995
1.05523
1.14768
0.817011
0.850789
1.03457
1.04896
0.445304
0.867992
0.970939
0.376158
0.513427
0.877297
0.629423
0.861167
-0.556525
0.433475
-0.323778
0.85331
0.530724
0.443422
0.421563
0.461526
0.788819
0.871272
0.84268
1.13998
0.804295
0.865806
0.900312
0.904806
-0.38272
0.615292
-0.558788
1.08505
0.297939
0.364656
0.472591
0.692535
1.67397
1.58165
1.59604
2.76824
1.59765
1.74866
1.81563
1.73016
0.703325
0.360478
0.959937
1.17947
0.778237
0.617228
1.04113
1.06136
0.651144
1.16046
0.759385
0.375214
0.661341
0.922575
0.553329
0.732347
0.362648
1.17647
1.28791
1.18042
1.07286
1.00889
1.00066
1.12627
0.495757
1.08709
1.2767
0.774231
0.622903
1.13419
0.821595
1.11674
2.39893
1.42053
1.541
1.35171
1.96593
1.77943
1.86709
1.59543
0.697777
0.415964
0.444948
0.554791
0.441833
0.163599
0.612198
0.564325
1.07879
0.740121
0.846135
0.699606
0.897197
0.850159
0.790525
0.678145
0.80689
0.515111
0.611349
0.51662
0.687726
0.621197
0.612607
0.51087
1.24973
1.26239
1.18697
0.742331
1.12949
1.24127
0.895905
1.05972
1.01691
0.599623
0.702043
1.19125
0.959569
0.919291
1.03164
0.829355
1.14646
1.05342
0.654451
0.692347
0.910616
0.931108
0.786982
0.748048
1.01224
0.58968
0.583098
0.623496
0.813138
0.723733
0.728644
0.60502
0.00703858
0.0130478
0.0595396
0.0154963
-0.0115522
0.0145836
0.0250006
0.017352
0.05283
-0.458059
-0.369894
-0.0518307
0.0326369
-0.26492
0.141173
-0.0714797
-0.0156416
-0.130716
-0.645537
-0.194147
-0.0384122
-0.0328191
0.0280576
0.0525066
-0.037712
-0.00419569
-0.147231
-0.0871522
-0.0156888
0.0153964
-0.00974818
-0.0111172
0.00364314
0.0134529
-0.036078
0.0330905
0.0162167
-0.00673482
-0.0264527
-0.0010111
0.0159263
0.000200983
-0.147885
0.0270252
0.0402194
0.0416019
0.0422797
0.0868537
-0.012043
-0.0346891
0.146806
0.0247971
0.0151626
0.0255635
0.0115804
-0.0215313
0.00694959
-0.0117091
0.0583623
-0.058199
-0.0395772
0.0261795
0.0260968
-0.0699716
0.422258
0.73797
0.398693
0.436335
0.450782
0.542137
0.384632
0.505722
1.29949
2.51252
1.4221
1.43631
1.32197
1.50991
1.14057
1.36134
0.459645
0.807701
0.448981
0.480565
0.470824
0.543449
0.446699
0.487653
0.22453
0.768285
0.336969
0.481341
0.144394
0.48704
-0.289924
0.433439
0.818018
0.460724
0.456417
0.846751
0.744027
0.57285
0.752694
0.57883
0.924029
0.996354
0.86474
0.515514
0.858273
1.04476
0.773054
0.810904
0.415779
0.385052
0.680206
0.360868
0.522775
0.513997
0.479389
0.711426
0.457762
0.538548
0.865255
0.749216
0.620793
0.562493
0.761066
0.873347
-0.013074
-0.00152141
-0.0105729
-0.00923621
-0.0109415
-0.00389246
-0.00882317
-0.012725
0.00262805
0.00119472
0.0023767
0.00859258
0.00230015
0.000751666
0.0114465
0.0171684
-0.0187774
0.00786057
0.0132161
0.0141059
-0.042637
-0.00150359
0.00256567
-0.00530811
-0.00475516
0.0109387
-0.0202673
0.008398
-0.00142046
0.000697334
-0.0163237
-0.0289032
-0.00103213
-0.00778187
-0.0112121
-0.0019277
-0.00147178
-0.00822848
-0.00326026
-0.00602414
0.000824857
0.0039297
-0.00297906
-0.00673114
-0.00476529
-0.0070368
-0.00210322
-0.00763306
-0.0119631
-0.0183271
0.000139568
-0.00351391
-0.0263763
-0.0200942
-0.0232455
-0.0178903
-0.0109779
-0.0213854
0.00187188
0.0281586
-0.0178983
-0.00202499
0.00787056
0.00605241
-0.000345211
-0.00766188
-0.015676
0.0048037
0.0057655
-0.000208513
-0.00284785
0.00920998
-0.00658325
0.00218065
0.00113515
0.00687491
0.00898798
0.0664612
-0.0220857
-0.0685636
-0.00901524
-0.148423
-0.294759
-0.310689
0.0404871
-0.0134511
0.0693184
0.108173
-0.0103548
-0.00151271
-0.0390596
-0.0303962
0.0255084
-0.0956128
0.02377
-0.0920387
0.0802921
0.0401579
0.0445719
0.0488022
0.0643616
-0.03611
-0.0423399
-0.0383734
0.0339981
-0.0310655
-0.0103648
-0.0236447
0.0566786
-0.00261293
-0.0302076
0.033461
0.0533166
0.0322383
0.0652696
0.123093
-0.103396
-0.00476421
0.26925
-0.086691
0.0042457
0.056088
0.0582753
0.124191
-0.0584226
0.17261
0.0563284
-0.184483
-0.175757
-0.28129
-0.29433
-0.184496
-0.180573
-0.248915
-0.380911
-0.363558
-0.320133
-0.632109
-0.843061
-0.254557
-0.247082
-0.517866
-0.0882828
-0.387203
-0.968322
-1.3251
-1.93752
-0.261405
-0.604543
-1.36732
0.295277
-0.562124
-0.111754
-0.0490153
-0.086767
-0.852626
-0.251319
-0.155632
-0.122981
-0.0458497
-0.375765
-0.420711
-0.0925886
-0.149733
-0.509446
-0.457369
-0.268108
-0.29822
-0.316174
-0.275461
-0.915612
-0.544587
-0.293994
-0.154524
-0.496959
-0.412835
-0.599262
-0.154367
0.0945062
-0.0260714
-0.445795
-0.173176
-0.264947
0.100826
-0.391333
-0.285011
-0.202827
-0.535706
-0.0650332
-0.338353
-0.00449987
-0.279235
-0.829326
-0.716201
-0.741764
-0.349412
-0.471392
-0.850598
-0.57589
-0.484135
-1.16323
-1.31373
-0.836132
-0.118546
-0.398932
-0.0973594
-0.389444
-0.522946
-0.396299
-0.702339
-0.790074
-0.721369
-0.334877
-0.685476
-0.0909141
-0.403558
-0.0806827
0.0717321
-0.054191
0.0162971
0.020427
0.0399489
0.0260073
0.118151
-0.182304
-0.419214
-0.215937
-0.189221
-0.320205
-0.489444
-0.277276
-0.20396
-0.904554
-0.165034
-0.540878
-0.482601
-0.477266
-0.63219
-0.5488
-0.482144
-0.375588
-0.322565
-0.248191
-0.0609096
-0.0698639
-0.15106
-0.133198
-0.27491
-0.406741
-0.202787
-0.174156
-0.469719
-0.408776
-0.22225
-0.415423
-0.331702
-0.517148
-0.58185
-0.230596
-0.377595
-0.255558
-0.416101
0.0150311
-0.217332
-1.12566
-1.58138
-0.911901
0.0144012
-1.12035
-1.45014
-0.28746
-0.517007
-0.477608
-0.235315
-0.151992
-0.31188
-0.372289
-0.150663
-0.426395
-0.427881
0.132098
-0.0149517
0.0520628
0.0737103
-0.00855642
-0.0330034
-0.0370785
0.0169094
-0.520451
-0.300722
-0.176552
-0.0933297
-0.383914
-0.288848
-0.235435
-0.1986
-0.508489
-0.243184
-0.673918
-0.512153
-0.407136
-0.41611
-0.496022
-0.6096
-0.160107
0.00625685
-0.0348866
-0.0817432
-0.154499
-0.135368
-0.0979389
-0.128582
-0.226266
-0.0795883
-0.020609
-0.587477
-0.129316
-0.296753
-0.318594
-0.259606
-0.807388
-0.39061
-0.0910988
-0.41797
-0.265905
0.116514
-0.214552
-0.0538074
-0.351032
-0.150725
-0.109587
-0.168887
-0.14432
-0.16212
-0.190927
0.0308014
-0.0818947
-0.149967
-0.0108041
-0.13795
-0.109755
-0.0433747
-0.104274
-0.0679898
-0.888858
-0.275063
-0.28373
-1.1795
-0.394751
0.0584727
-0.703598
-0.101188
-0.0430903
-0.110269
-0.368092
-0.104903
-0.0094768
-0.0780528
-0.23409
-0.0918474
-0.00445648
0.00971108
-0.0717529
-0.213501
-0.0287313
-0.253906
-0.346923
-0.334554
-0.0658505
-0.485105
-0.382219
-0.29063
-0.048013
0.0157647
-0.126327
-0.100774
-0.15912
-0.277438
-0.0211574
-0.118033
-0.23376
-0.203876
-0.178977
-0.243348
-0.100288
-0.448995
0.612088
0.424018
-0.250403
-0.0772149
0.233034
0.33851
-0.569251
-0.33151
0.612072
0.380936
-0.20606
-0.0284165
0.198801
0.334331
1.26143
1.36732
2.61289
1.54002
1.19806
1.58246
1.62765
1.5678
0.607082
0.570085
0.963193
0.675174
0.622815
0.722609
0.726822
0.801523
-0.309803
0.583927
0.355282
0.353205
0.204407
0.235541
0.410657
0.454736
-0.152871
0.464201
0.65743
0.676827
0.340559
0.342773
0.325726
0.536563
0.9422
0.613409
0.557788
0.995252
1.01131
0.64717
0.861311
0.737443
0.978925
1.11937
0.645673
0.993123
1.06491
1.03344
0.866685
0.926316
0.000684062
-0.0063881
0.00355785
0.0129955
-0.000304873
-0.00829018
-0.0147685
-0.0136191
-0.0118687
-0.0509853
-0.037024
0.114309
0.0755264
-0.0102689
0.0141991
-0.0287471
-0.048043
-0.0304153
-0.0415699
-0.0268342
0.0337051
-0.00834929
0.0158315
-0.0232028
0.0726035
0.0404167
-0.133982
-0.109647
-0.0487195
-0.131989
-0.141953
-0.429693
0.0528435
-0.0367615
-0.0118171
0.143012
0.00556883
-0.0178473
-0.0223154
-0.00332592
-0.0310773
-0.0016099
-0.000467258
-0.054988
-0.0597947
-0.0944635
-0.0674428
0.0739893
-0.0320395
-0.0508181
0.0305237
0.0599633
0.0819423
-0.0691138
0.0127831
-0.050697
-0.0607904
-0.0753011
-0.0527715
-0.0127358
-0.0830056
-0.0402022
0.0167969
-0.0082761
-0.566889
-0.581095
0.651957
0.610272
0.204494
0.105898
0.178205
0.414641
-0.782133
-1.07207
0.702818
0.313484
-0.407325
-0.0389662
-0.00368194
0.243642
1.37221
1.50021
2.70664
1.5371
1.36145
1.64374
1.57414
1.63253
0.684205
0.576362
1.05005
0.710788
0.682943
0.702772
0.793021
0.765092
-0.207202
0.761543
0.502791
0.427301
0.151021
0.549228
0.505732
0.51361
-0.0231487
0.399592
0.725336
0.835286
0.328873
0.462325
0.578853
0.668754
1.08207
0.703784
0.560245
1.16341
0.977929
0.695922
0.945773
0.778032
1.05038
1.11808
0.62138
1.08135
1.10995
1.14319
0.947503
0.910505
-0.167559
-0.0894
0.574067
0.793075
0.277625
0.122251
0.623761
0.529145
0.0395625
0.236779
0.703901
0.944127
0.351054
0.201549
0.695103
0.583652
0.731221
0.884284
0.839227
1.19216
0.934977
0.822108
0.987265
0.900631
1.63547
1.56422
1.79855
2.90153
1.87222
1.49462
1.848
1.92172
0.238981
0.689769
0.900982
0.991942
0.608795
0.646777
0.693923
0.795524
0.121929
0.914782
0.589156
0.596061
0.495578
0.525861
0.610157
0.715187
0.83984
1.22977
1.28825
1.36339
1.16698
1.11501
1.27966
1.3394
0.762603
1.23894
1.24468
0.880412
0.949699
1.11391
0.936437
1.29542
-0.633191
-0.702764
-0.460548
-0.116236
-0.407549
-0.48798
-0.187519
-0.316152
-0.934287
-1.58992
-1.05584
-0.531422
-1.11129
-0.910493
-0.620028
-0.846311
-0.517853
-0.663567
-0.692928
-0.404745
-0.531885
-0.678994
-0.439036
-0.481399
-0.197602
-0.265233
-0.13344
-0.114349
-0.224164
-0.232649
-0.0946458
-0.13973
-0.48744
-0.504529
-0.245621
-0.441052
-0.400707
-0.493904
-0.466353
-0.203654
-0.681292
-0.485403
-0.827889
-0.629684
-0.438431
-0.694197
-0.671039
-0.677221
-0.449654
-0.276393
-0.222175
-0.239991
-0.260961
-0.289917
-0.348071
-0.344175
-0.402403
-0.330692
-0.353714
-0.556059
-0.531211
-0.386258
-0.570523
-0.47423
-0.0175804
-0.0616926
-0.0257624
-0.0542511
0.0289529
0.0268606
-0.0117822
-0.0970409
-0.0314681
-0.00844497
-0.123266
-0.160322
-0.0294739
0.00947406
-0.0267377
-0.0289641
-0.0343018
-0.0150305
-0.0233181
0.0258582
0.0012627
-0.0137315
-0.0143534
-0.059976
-0.511519
-0.179238
-0.127641
-0.610662
-0.101362
-0.0691191
-0.0202101
-0.0640253
0.0346143
0.0355687
0.069553
-0.0286907
-0.0363439
-0.0186055
-0.13426
0.149747
0.0555164
-0.0447785
0.0371919
0.0421137
-0.145235
-0.142317
-0.0841562
0.0649422
-0.00360002
0.0265226
-0.158338
0.150402
-0.00681498
0.0892459
0.071842
-0.322157
-0.0525412
-0.133619
-0.234805
-0.161259
-0.00439494
-0.0480274
0.0135011
-0.154262
0.426218
0.709464
0.406185
0.483896
0.531805
0.578821
0.457259
0.530921
1.26947
2.2246
1.35096
1.41634
1.71708
1.91168
1.44291
1.75497
0.328163
0.493377
0.154367
0.309272
0.342093
0.454138
0.251191
0.114185
0.562465
0.966226
0.579106
0.695507
0.69097
0.764777
0.595995
0.71932
0.924534
0.547862
0.606083
1.04729
0.815755
0.627397
0.793291
0.677129
1.03586
1.18068
1.14565
0.599663
0.944382
1.08745
0.764447
0.980173
0.472281
0.52769
0.895549
0.525931
0.493958
0.632178
0.634173
0.664307
0.47728
0.556559
1.11441
0.977698
0.78527
0.662714
0.814851
0.858016
0.0544996
-0.117268
-0.000732319
-0.0009063
0.0695621
-0.0610084
0.0798474
-0.0425196
-0.335519
-0.469335
-0.788291
-0.013178
-0.0682119
-0.441096
-0.0709978
-0.436719
-0.12787
-0.565208
-0.561577
-0.0955667
-0.161667
-0.138738
-0.198111
-0.115285
-0.0201145
0.0592846
-0.0139573
0.058951
-0.019716
-0.0937311
-0.0224222
-0.0812702
0.0756833
0.0900203
-0.0627427
-0.140753
0.051493
-0.0573142
-0.0856439
-0.058114
-0.308064
-0.0458192
-0.229152
-0.0533366
-0.276472
-0.204446
-0.0974409
-0.306694
0.0437832
-0.0604716
-0.147613
-0.0793544
0.00430121
-0.0469333
-0.0568634
-0.0294222
-0.0633225
-0.130733
-0.0306012
-0.235793
-0.0222442
-0.139519
-0.318592
0.0448534
-0.134428
0.0515395
-0.0736214
-0.296763
-0.13569
0.00858971
-0.228139
-0.117711
-0.295423
-2.23001
-2.97537
-0.505068
-0.443923
-0.910194
-0.441767
-1.17157
-0.63283
-2.5213
-1.61182
-0.137764
-0.325986
-0.686203
-0.489952
-1.06741
-0.206485
-0.0503401
-0.212914
-0.152055
-0.13541
-0.111307
-0.127745
-0.136968
-0.0106509
-0.165815
-0.114225
-0.191916
-0.0811549
-0.247334
-0.440348
-0.18516
-0.132054
-0.0716207
-0.808489
-0.407892
-0.203837
0.560646
-0.547513
-0.175768
-0.0225295
-0.0982644
-0.0329857
-0.18844
-0.194136
-0.212938
-0.300826
-0.355882
-0.467933
-0.10845
-0.0976466
-0.960601
0.0790353
-0.129352
-0.341115
-0.0484033
-0.822112
-0.81434
-0.175704
0.0529575
-0.144965
-0.0994023
0.0497835
0.108839
-1.03231
-1.03856
-0.485885
-0.123608
-0.416241
-0.257057
-0.151865
-0.166457
0.00812073
-0.158452
-0.0297951
-0.0642737
0.0242523
0.0385507
0.0383268
0.0281202
-0.020174
0.00714153
-0.0786025
-0.0171563
0.00348764
0.013352
-0.0140898
-0.0086894
-0.184414
0.0608317
0.0764719
0.0465362
-0.0356756
0.0234054
0.0496813
0.0905141
-0.151088
0.0570395
0.0828673
-0.00659151
-0.0418669
0.189483
-0.0815379
0.0203634
0.0370347
0.0898917
0.0772394
0.0530249
0.0423225
0.106219
0.0919408
0.038556
0.0264168
0.0460071
0.00689565
0.0262564
-0.0046408
0.0978983
0.089565
-0.0957823
-0.192843
0.312187
0.603885
-0.312013
0.235496
0.205005
0.0577186
0.264745
0.552831
0.679537
1.02971
0.566574
0.657229
0.713314
0.671851
0.724241
1.11472
1.5347
2.59598
1.27771
1.20615
1.61401
1.80902
1.46136
-0.197618
0.328558
0.562036
-0.20878
-0.0445164
0.235237
-0.151148
0.36149
0.509376
0.557062
0.155
0.499233
0.399361
0.430186
0.305757
0.267972
0.554034
0.621858
1.15533
0.880249
0.57395
0.67953
0.814948
0.8723
0.711348
0.157128
0.502368
0.740328
0.470085
0.296464
0.5889
0.515161
0.986663
0.87004
0.577377
1.04258
1.06844
0.762087
1.07851
0.788955
0.90166
0.772599
1.19669
0.69894
0.844479
0.914073
0.85944
0.933919
0.471467
0.189826
0.946507
-0.107286
0.335224
0.281439
0.221978
0.335066
1.66164
1.35506
2.86881
1.57726
1.73828
1.75578
1.57173
1.82506
0.456658
-0.0768476
0.925382
-0.129706
0.261696
0.293864
0.410621
0.47266
0.671132
1.19145
0.643478
0.31133
0.626575
0.900063
0.515371
0.635749
0.699115
0.341066
1.00964
1.27441
0.736772
0.591375
1.0594
0.986276
1.23769
0.678906
0.366783
0.876509
1.0247
0.772155
1.01306
0.559712
1.33058
1.09738
0.381295
1.11805
1.08571
1.00689
0.969244
0.878746
-0.115187
-0.424871
-0.0143235
-0.110401
-0.0672214
-0.0481406
-0.0559861
-0.0694133
-1.07906
-2.93897
-2.16139
-0.507434
-0.526707
-0.845689
-0.44896
-1.06987
-0.237203
-1.42443
-1.10502
-0.0134662
-0.0040017
-0.41476
0.0612449
-0.515769
-0.145956
-0.0297385
-0.0493092
-0.0930101
-0.0691663
-0.0783612
-0.0458676
-0.0642303
-0.148858
-0.0689013
-0.138065
-0.183265
-0.0501732
0.0231407
-0.307643
-0.0315501
-0.137236
-0.13738
-0.51734
-0.134288
-0.110115
0.0133762
-0.239776
-0.242494
-0.0559887
-0.0715955
-0.0831818
-0.0727786
-0.0045993
-0.0625015
-0.0964154
-0.139147
-0.135475
-0.0606742
-0.136032
-0.583518
0.0865082
-0.0809429
-0.224835
-0.146712
-0.0169799
-0.100783
-0.0567746
-0.00439297
0.062469
0.03897
0.0750613
-0.00716457
-0.236505
-0.00613894
-0.0990555
0.0173857
0.127336
0.102451
0.0773783
0.152155
-0.00518606
0.0883888
0.0462705
-0.0403873
-0.0466383
-0.031246
0.0277133
0.0109336
-0.0511566
0.0476695
-0.0278583
-0.0043839
0.0515146
0.00716694
0.0435222
0.0271903
0.117984
0.0398848
0.0100843
0.129739
0.0727444
0.0703115
-0.0752353
0.162597
0.052607
0.0698093
0.132211
0.10245
0.0262295
-0.0371025
-0.162463
0.0658738
0.00933341
0.0386862
0.0825757
0.0427741
-0.00388645
0.0939218
0.0547797
0.0967665
0.138014
0.0962666
0.118015
0.241289
0.0572691
0.0546033
0.145031
-0.0432285
0.678154
1.08641
0.614225
0.484615
0.673319
0.769876
0.598635
0.632062
1.60918
2.75152
1.44393
1.25496
1.69859
1.55546
1.26565
1.90866
0.214133
0.827027
-0.48808
-0.672542
0.0463532
0.557678
-0.341651
-0.0606885
0.22996
0.441845
-0.701771
-0.691933
0.021733
0.0369452
-0.632568
-0.267336
1.19244
0.557552
0.37535
0.927958
0.897422
0.733127
0.873613
0.544437
1.11774
0.894739
1.03141
0.67167
1.13542
1.1419
0.925647
0.851783
0.45964
0.314594
0.51625
-0.499189
0.0744241
0.328396
0.0455147
0.342349
0.488054
-0.134493
0.722882
0.881158
0.531413
0.208038
0.66414
0.408297
2.74468
1.64026
1.6404
1.62942
1.84763
1.66006
1.62739
1.36568
1.13838
0.804492
0.697032
0.691975
0.872103
0.826373
0.821974
0.704212
0.848784
0.501718
0.159033
0.549663
0.652612
0.414999
0.525394
0.150284
0.99535
0.704917
0.696574
0.683624
0.777762
0.706643
0.727899
0.624169
1.2253
1.26986
1.1519
0.784923
1.12437
1.2039
1.06007
1.09532
1.17467
0.711722
0.737878
1.08198
1.0403
0.887169
1.03294
0.780334
1.00376
1.05873
0.725137
0.658812
1.05614
0.90961
0.794124
0.773638
0.844896
0.483484
0.654055
0.604617
0.767036
0.680103
0.723484
0.662118
-0.607695
1.05383
-0.511639
0.464816
0.470374
0.183336
0.210828
0.228291
1.59473
2.69862
1.55736
1.44211
1.59743
1.67311
1.6133
1.39409
-0.197496
0.859987
-0.28177
0.439893
0.472271
0.279081
0.383615
0.26725
0.702171
1.00882
0.671364
0.708135
0.737739
0.776708
0.676383
0.674907
0.962584
0.340504
0.609185
1.15455
1.04651
0.462173
1.0374
0.721751
1.15181
1.12307
1.03258
0.251465
0.983649
1.02905
0.996074
0.97898
0.334801
0.60299
1.02284
0.609878
0.501626
0.601722
0.650034
0.81966
0.232916
0.517002
0.985305
0.79593
0.461189
0.650886
1.00408
0.95519
2.5519
1.27312
1.22553
1.64807
1.52897
1.395
1.48595
1.27611
0.669871
0.390677
0.418236
0.469874
0.521574
0.402332
0.479979
0.35226
0.563016
0.293175
0.163253
0.512259
0.277645
0.316933
0.222098
0.0946109
1.01667
0.585442
0.694201
0.708903
0.712358
0.609264
0.67464
0.58086
0.950155
0.886744
1.02972
0.588067
0.907405
1.04328
0.879308
0.955192
0.790266
0.481866
0.421406
0.94583
0.756156
0.557247
0.678813
0.554974
0.823019
0.964621
0.558991
0.580326
1.07427
0.846552
0.660522
0.643528
0.823271
0.415507
0.443895
0.310115
0.579262
0.532859
0.477964
0.536873
0.901128
0.966473
0.823121
1.24572
0.856542
0.804431
0.917345
0.838177
0.802485
0.471369
0.666327
0.911988
0.647766
0.557576
0.646656
0.709906
0.75159
0.737057
0.740566
0.988225
0.8033
0.699598
0.84956
0.753286
1.92361
1.53743
1.57493
2.8457
1.7674
1.60082
1.82026
1.71965
0.867844
0.815348
1.23202
1.15899
0.949857
0.918356
1.35278
1.10887
0.718645
1.15165
0.691476
0.730291
0.842919
0.943405
0.83502
0.821601
0.848959
1.29327
1.21111
1.25737
1.17153
1.23428
1.20343
1.34969
0.78033
1.13069
1.28195
0.79141
0.857923
1.09238
0.89613
1.01332
-0.209896
-0.380633
0.0400577
0.610086
-0.160227
-0.11151
0.136397
-0.0679153
-0.453999
-0.243861
0.340055
0.489408
-0.172038
-0.106173
0.152851
0.0792646
0.387961
0.591385
0.616998
0.963678
0.547829
0.599301
0.654721
0.662397
1.27102
1.17243
1.49851
2.56105
1.53668
1.1534
1.59073
1.49997
-0.135889
0.228105
0.704135
0.614211
0.168742
0.302487
0.45089
0.5023
-0.0548249
0.481715
0.398698
0.384314
0.0835758
0.328542
0.21927
0.346149
0.387224
0.843122
0.828696
1.09248
0.730353
0.717367
0.919998
0.949561
0.408712
1.00502
0.828258
0.53674
0.593271
0.776995
0.508573
0.782409
0.349073
0.663041
0.412973
0.380785
0.397515
0.464516
0.361887
0.437228
1.20708
2.46793
1.64314
1.31989
1.20356
1.56995
1.06349
1.46411
0.483616
1.01376
0.636809
0.688315
0.522674
0.706309
0.465104
0.655458
0.317172
0.553084
0.453706
0.20824
0.219288
0.389193
0.0508038
0.289214
0.747127
0.444024
0.405396
0.747259
0.683875
0.512115
0.660898
0.492907
0.856763
0.908837
1.06357
0.496741
0.834403
0.969847
0.808797
0.905795
0.403391
0.33817
0.628111
0.245677
0.420881
0.444415
0.393195
0.509887
0.474986
0.483831
0.765329
0.990548
0.522104
0.615536
0.810241
0.850211
-0.898929
-0.704472
-0.943077
-0.115907
-0.547563
-0.72902
-0.50207
-0.514968
-0.511742
-0.299918
-0.371172
-0.136028
-0.241004
-0.370347
-0.300381
-0.38804
-1.34287
-0.971599
-1.57633
0.135958
-0.676417
-1.24336
-0.325356
-0.506359
-0.213223
-0.158792
-0.111245
-0.682526
-0.190205
-0.244876
-0.0682012
-0.127521
-0.44334
-0.553819
-0.29477
-0.169726
-0.518552
-0.35737
-0.370422
-0.333493
-0.471676
-0.299277
-0.442835
-0.707812
-0.526273
-0.431435
-0.56655
-0.391911
-0.598615
-0.194975
-0.173964
-0.283543
-0.374546
-0.331081
-0.359208
-0.153843
-0.680963
-0.437703
-0.134578
-0.381305
-0.458007
-0.550461
-0.491279
-0.365211
-0.576089
-0.811807
-0.621615
-0.14491
-0.433184
-0.642226
-0.373976
-0.39304
-0.793412
-1.6834
-1.08488
-0.21038
-0.197435
-0.53931
-0.260554
-0.303552
-0.476013
-0.620395
-0.690339
-0.302688
-0.515048
-0.71187
-0.366727
-0.520579
-0.0677099
-0.0459394
-0.139554
0.0580198
0.0397786
0.00132441
0.0656737
0.0530393
-0.259307
-0.450121
-0.114748
-0.146758
-0.287102
-0.32951
-0.288737
-0.199719
-0.728669
-0.270026
-0.927476
-0.55369
-0.262908
-0.332422
-0.643374
-0.433956
-0.365426
0.0303135
0.024089
-0.0978142
-0.364277
-0.171344
-0.185876
-0.0633184
-0.390434
-0.18674
-0.102051
-0.210171
-0.384746
-0.288415
-0.28089
-0.341887
0.75326
1.12992
0.64533
0.656946
0.843261
0.919267
0.663053
0.761965
1.70725
2.7205
1.33961
1.40548
1.81765
1.85225
1.37909
1.70402
0.46037
0.718667
0.199738
-0.292881
0.412999
0.475772
0.187513
0.303022
0.222063
0.759129
-0.285575
-0.322803
0.273996
0.324947
-0.218064
-0.0409529
1.26026
0.639406
0.693399
1.04345
0.951923
0.696856
0.97948
0.799072
1.40681
1.09407
1.08733
0.740639
1.10749
0.977221
1.04272
0.97781
0.462315
0.356416
0.698565
0.00444755
0.380706
0.49767
0.310915
0.392256
0.576249
0.0241404
0.802291
0.79763
0.560756
0.444634
0.672634
0.475242
-0.395005
-0.533328
-0.549948
0.00737264
-0.312138
-0.2943
-0.300989
-0.210698
-0.42262
-0.344895
-0.419242
-0.196639
-0.260931
-0.130979
-0.153847
-0.188972
-1.12674
-1.01785
-1.66343
0.438703
-0.699342
-1.18262
-0.222486
-0.265535
0.0599271
-0.0402222
0.0607394
0.0429646
0.0331934
0.0442138
0.0274281
0.00817011
-0.415108
-0.33608
-0.112156
-0.222066
-0.299759
-0.310783
-0.120163
-0.15216
-0.222804
-0.284091
-0.294159
-0.302203
-0.257032
-0.217091
-0.42117
-0.351824
-0.0786876
-0.00461917
-0.0796072
-0.185447
-0.101036
-0.131251
-0.15269
-0.148451
-0.284014
-0.261361
-0.134456
-0.0298651
-0.341204
-0.244361
0.0477291
-0.244619
5.50461
7.47679
3.4093
4.10081
4.68491
4.28668
3.67918
3.52758
8.60168
10.5684
5.34619
6.68582
7.26345
6.49841
5.81229
5.96473
2.65273
3.84734
2.26831
2.90956
2.67259
2.73421
2.62232
2.62495
4.40928
5.43729
3.48011
3.91042
4.56867
4.16132
4.03164
4.04642
5.51355
3.45328
4.35938
5.0585
4.36905
4.03192
4.98594
4.35148
5.26284
5.08235
4.16862
3.36871
4.44249
3.87013
3.9955
4.32628
3.01983
3.88708
4.97541
3.19947
3.13401
4.11258
3.65823
3.54726
2.97863
3.2993
5.6425
3.96779
3.29796
3.64219
4.02856
4.49118
5.24387
6.1644
4.09807
3.05746
3.97234
4.54745
3.22669
3.81578
7.49355
9.45182
6.65638
5.0292
6.21045
7.11237
5.35162
6.1778
3.79726
4.89816
4.13436
3.3184
3.86757
4.50334
3.61953
4.01849
2.38177
3.17
2.61455
1.96686
2.45007
2.76253
2.2255
2.54139
4.81402
3.88814
3.0021
3.67077
3.93719
3.8871
3.92436
3.33728
5.66889
4.48135
5.41825
4.32788
4.81774
4.89095
5.15786
5.0628
3.51498
2.69283
3.41901
2.93807
3.05966
2.9735
3.1588
3.11255
3.77729
3.38556
3.96614
5.14247
3.69624
3.56291
4.65611
4.15293
5.22478
2.84133
6.0226
3.25537
3.12951
3.25337
3.7756
3.42252
2.24129
1.79295
2.77802
2.29678
2.07477
2.18014
2.39575
2.36625
7.35152
4.43649
9.00079
5.08768
5.21049
5.73643
6.01983
5.43116
3.62059
2.87369
5.34459
3.68552
3.47792
3.4619
4.111
3.84138
2.50289
3.83055
3.56493
2.89597
2.89945
3.67584
2.67038
3.55563
2.60055
2.99831
3.39099
3.92822
2.83394
3.12398
3.62489
3.28842
4.79189
4.01239
3.18854
5.54444
4.34148
4.09688
5.01002
3.68403
4.57987
6.078
3.25388
3.72117
4.98447
4.91218
3.66064
3.67152
0.00931589
0.00350934
0.0066633
0.00799691
0.00796877
0.00811196
0.00761534
0.00468821
0.00057984
1.34378e-05
3.88997e-05
-0.000297268
0.00114973
0.00252448
-1.92328e-05
-0.000101508
0.0123237
-0.000639533
0.0010374
0.00571538
0.00852137
0.00791312
0.0105125
-0.00195225
0.0107549
-0.000413639
0.005807
0.00817951
0.00522315
0.00282051
-0.0244873
0.00643966
0.00351815
0.00491796
0.00547145
0.00185949
0.000933837
0.0050308
0.0014731
0.00065006
0.00473349
-0.00132389
0.00194019
0.00451893
0.00116921
0.00147145
0.00150299
0.00145718
0.00706451
0.00333251
-0.00303234
0.00135044
0.00811495
0.00397855
0.00441647
0.00132631
0.00222824
0.000680433
-0.000735488
-0.000164121
0.00196091
-0.00162217
-0.00130667
-0.000668179
0.000423842
0.000259622
0.00657902
-0.0012481
-0.00117027
0.00234705
0.00465535
0.00510425
7.49875e-05
0.000200709
0.00180711
-0.000123196
-9.92441e-05
0.00133836
-1.28613e-06
0.00155296
0.00657711
0.00609791
0.0124173
0.00796745
0.00737642
0.00817385
0.00925278
0.0117916
-0.00423154
-8.88737e-06
0.00498657
-0.0182956
-0.00561998
0.000891871
0.00609683
0.00444383
7.33946e-05
0.00310063
-0.00379783
-0.00250604
0.000209858
0.00278433
0.000654292
-0.00294568
0.00118102
0.00149473
0.00435563
0.00232687
0.00196685
0.00221128
0.00280165
0.00263404
0.00473055
0.00359305
-0.004429
0.0069013
0.000927335
-0.00148867
0.00478384
0.00741284
0.00596083
0.00886072
0.00625185
0.00609445
0.00771386
0.000153172
0.00159398
0.00611743
0.00198017
0.00960055
0.000741941
0.0039907
0.00463133
0.00289428
-0.00267292
0.00104976
0.00822172
0.00720795
0.00332976
0.00589002
0.00419898
0.00756069
0.00565089
0.0074034
2.23076e-05
0.00090239
0.000183048
0.000318075
-0.000271625
0.00127749
3.33318e-06
0.00254054
0.00250942
0.00554061
-9.22611e-05
0.00046912
0.00176942
0.0040393
-0.000656326
0.00408872
0.000334226
-0.00293561
0.00076048
0.0021801
0.00619107
0.00547776
0.00713056
0.0025152
0.006026
0.00530658
0.00356699
0.00290369
0.000689026
0.00523503
0.00274477
0.00158051
-0.00069245
0.00119282
0.00299225
-0.000352575
-0.000100393
-0.00214824
-0.000103279
0.00231529
-0.00112564
0.0018127
0.0050539
0.00455815
0.00135331
0.00155594
0.00122022
0.00158304
3.40135
4.45256
3.19226
2.81581
3.57843
3.94357
3.30091
3.74544
6.18497
9.31179
6.96544
4.65571
5.84976
6.42259
4.62163
6.17644
3.59501
5.71362
5.08503
2.65809
3.2028
4.08763
2.97165
3.62239
2.2305
2.79125
1.94146
1.56869
2.22015
2.39256
1.94447
2.19257
4.30161
3.01454
2.83148
3.54799
4.12352
3.58768
3.6702
3.08618
5.48898
4.11988
4.96856
3.75085
4.76391
4.65132
4.63022
4.25125
3.20701
2.60729
3.17369
2.37256
2.59516
2.90193
2.57368
2.77007
3.63144
2.69655
3.39617
4.4958
3.63731
3.00296
3.41309
3.58207
0.571456
0.895312
0.568632
0.870023
0.754255
0.76852
0.773342
0.781576
1.49795
3.57017
1.45602
3.49878
1.96205
1.89077
1.89105
2.07469
0.451806
0.697366
-0.390789
0.646834
0.519153
0.652289
0.299682
0.371662
1.35532
3.55038
1.0844
3.31028
1.8762
1.78689
1.69819
1.94962
1.24237
0.757438
1.21912
1.95967
1.23934
0.995216
1.4561
1.22836
1.25388
1.913
1.21172
0.75166
1.31195
1.3813
1.00695
1.25663
0.751986
1.24471
1.89071
1.24695
0.92005
1.28541
1.22513
1.3927
0.7567
1.20567
2.07288
1.19497
1.06119
1.09165
1.19185
1.33683
-0.473066
0.0114383
0.00275168
-0.134511
0.00230671
-0.00283218
-0.157842
0.0373953
-0.00242314
0.000573664
0.000570193
0.000101502
-0.000568558
-0.000268104
-0.0023451
-2.23729e-05
-0.0166752
-0.000326458
-0.00102162
-0.00795416
-0.000870377
-0.00116441
-0.00872946
-0.000420742
-0.100524
-0.0128694
-0.0086374
-0.0758475
0.0465665
-0.0208707
-0.01746
-0.0493552
0.0158418
0.0219189
-0.00804154
0.0070235
-0.0383938
0.0479283
-0.0134156
-0.03385
0.00857504
-0.00579629
0.0120796
-0.010095
0.0104509
0.00215029
-0.00509548
0.00362332
-0.0173871
-0.138305
-0.00519394
-0.00755823
-0.0556697
-0.0124638
-0.00403033
0.0103413
0.00341643
-0.0139975
-0.00798734
-0.00255949
-0.00561481
-0.0215033
-0.0137818
-0.00370222
0.750883
1.2954
1.12422
0.826921
0.774265
0.923285
0.798516
0.895924
2.27184
4.46833
4.09145
2.09679
2.45629
2.77877
2.24611
3.00762
1.80511
3.88322
4.06204
1.67237
1.85851
2.66354
1.73784
2.7445
0.650115
0.94493
0.897295
-0.0335308
0.452805
0.761079
0.242009
0.487652
1.36469
1.2157
0.77789
1.38453
1.35291
1.01266
1.30159
0.995605
1.5813
1.66128
2.6944
1.38318
1.66294
1.60461
1.93681
2.09267
1.18032
0.644578
1.17552
0.954913
1.18668
0.982154
1.20837
0.949603
1.47975
1.56007
1.68874
2.97187
1.48521
1.62968
1.95554
1.80608
-0.00155343
-0.0109994
-0.00251947
-0.00580138
0.00169178
0.00305147
-0.00430043
-0.000962141
-0.0397602
-0.616788
-0.14308
-0.00662922
0.165522
-0.0184214
-0.0245251
0.095787
-0.00725544
-0.0263483
0.00230874
-0.0867944
-0.0104307
-0.0110868
-0.00757082
-0.0290127
-0.02115
-0.0985391
-0.0488438
-0.0809562
0.0633428
-0.061124
0.030872
0.0309981
0.0275525
-0.000695857
0.0259628
0.0685402
-0.0110341
-0.0306951
0.0683223
-0.00296473
-0.00240947
-0.0363834
-0.0437379
-0.0025714
0.000467519
-0.150406
-0.0341122
-0.0181393
-0.00514606
-0.001821
-0.0623866
-0.050206
-0.0167607
0.0488371
0.0230499
-0.116634
-0.0167346
-0.00770138
0.0738534
-0.0225251
-0.0622074
-0.0373585
-0.0460476
0.00176911
0.0339412
-0.0299468
0.00376333
0.0139609
0.0432707
-0.000796178
0.0557252
-0.0102152
-0.0916242
-0.0933449
-0.252094
-0.0512815
0.0822428
0.032393
-0.163436
-0.0809404
-0.0202846
-0.604496
-1.06655
-1.46094
0.0569884
-0.252924
-0.770095
-0.386443
-0.214594
-0.326626
-1.8196
-1.09042
-0.0516849
-0.0249318
-0.890198
-0.146666
0.0518815
-0.00530227
0.018527
0.00264376
0.0374428
-0.0154361
-0.186804
-0.121721
-0.0259511
0.184199
0.0638902
0.0340027
-0.163161
0.00904123
-0.144079
0.243649
-0.00114217
-0.069226
-0.325716
-0.818943
-0.0953545
-0.0213957
0.137933
0.131039
0.0123742
-0.192792
-0.037353
0.087596
0.0947647
0.0724287
-0.0501462
-0.226932
0.508208
0.581881
0.845199
0.592234
0.515766
0.609295
0.572662
0.677082
0.680937
0.866172
1.13447
0.744175
0.670688
0.896216
0.777055
0.950823
1.38389
1.67699
2.66291
1.39077
1.56666
1.983
1.52021
2.00577
0.476993
0.565527
0.791092
0.209613
0.443803
0.569381
0.370774
0.629621
0.587957
0.919499
0.569794
0.614597
0.666922
0.717945
0.660909
0.68586
0.722908
0.786022
1.21535
1.07463
0.77021
0.840798
0.910994
0.981679
1.00208
0.575388
0.602386
1.05759
0.943589
0.738695
1.03888
0.713228
1.16187
1.30569
0.885808
1.31163
1.21472
1.20682
1.01312
1.05826
-0.0314966
-0.0481356
-0.0281924
-0.0291563
0.0401366
0.0610509
0.089892
-0.0339331
-0.0175102
-0.00626052
-0.0494838
0.00639424
0.0888369
0.0395341
0.101496
-0.0332871
-0.0141547
-0.0144759
-0.058616
-0.193348
0.00188432
-0.0219958
-0.00375552
-0.0093478
-0.207021
-0.214439
-0.3943
-0.245681
0.0521249
-0.10474
-0.164878
-0.16782
0.0191793
0.0205926
0.0869149
0.0544642
0.102361
-0.0164688
-0.139898
0.0138572
0.0388891
0.0284515
0.0728343
0.0516553
0.0239519
0.0188284
-0.0591771
0.141123
0.0298026
0.139348
-0.0248254
-0.100131
-0.04793
0.0314958
0.0119956
-0.136447
0.0527824
-0.116331
-0.0707159
-0.0455192
0.0318392
-0.0814089
0.0444579
-0.125923
-0.00130472
-0.000308482
-0.0134175
-0.00266487
-0.00263073
0.000168264
-0.00819026
-0.0057939
0.000472635
-0.000311725
0.0245109
-0.00650273
-0.0047441
0.000979569
0.00209171
0.00561787
-0.10903
0.0249529
-0.317259
-0.141019
-0.016086
-0.0217641
-0.0713132
-0.0369613
-0.0117324
-0.0158863
-0.0195388
-0.0199381
-0.0625186
-0.0442161
-0.0053722
0.136886
-0.00180962
-0.00461983
0.0061537
-0.00548343
-0.0044237
-0.0104867
-0.00518649
-0.00379192
-0.00134986
0.0114961
0.0315865
0.000503617
-0.00358107
0.00672683
-0.00351183
0.0130761
-0.0491707
-0.016966
-0.0190144
-0.0696949
-0.0433663
-0.00201239
0.0160288
0.0597927
-0.0314996
0.0296563
0.0129463
0.0175719
-0.0035642
-0.0209394
0.00746461
0.0238878
-0.22719
0.417068
0.705781
0.591016
0.136664
0.37237
0.276544
0.554241
0.506874
0.464513
0.880158
0.833797
0.538287
0.538704
0.665408
0.648787
1.53308
1.62314
3.7034
3.67264
1.74926
1.76043
2.57029
2.37888
1.24373
1.38092
3.5519
3.30517
1.26969
1.54288
2.45118
2.22806
0.5249
0.895485
0.799743
0.88693
0.766167
0.68817
0.876402
0.98621
0.572734
0.915927
0.962668
1.06186
0.728518
0.772047
0.961575
0.969771
1.31005
1.2152
1.20882
2.56949
1.49167
1.27972
1.64384
1.14688
1.2631
2.30575
1.12138
1.18842
1.24446
1.71816
1.28782
1.57483
-0.0720272
0.0158475
-0.0112492
-0.0695965
0.0237137
0.0420222
-0.200788
-0.0933008
0.00362724
-0.00166203
0.000690503
0.00951555
-0.0132867
-0.00678461
0.00226308
-0.00763823
0.00509246
-0.000445644
0.00969015
0.00423597
-0.00669025
-0.0142871
-0.0103648
0.0152478
0.0379007
0.00517009
-0.000467379
0.0263978
-0.140818
0.0352451
0.0123421
0.0430749
-0.120529
0.0221734
0.0291497
0.0288396
0.0680292
-0.0779201
0.0239356
0.0332835
0.0271878
0.0283984
0.012214
-0.00335169
0.0406063
-0.0145293
-0.0185839
-0.0315267
-0.0509758
-0.071918
0.0490273
-0.00726838
0.00113287
-0.0366957
-0.02299
-0.0134149
-0.0178958
0.0388826
0.0381187
0.0236107
0.00851174
0.0161752
0.0120273
-0.0155526
-0.714773
-0.727468
-0.674597
-0.434757
-0.466498
-0.840975
-0.396019
-0.522736
-1.30842
-1.70241
-1.17175
-0.496904
-0.520919
-0.551265
-0.36708
-0.732434
-0.735933
-0.890822
-0.697406
-0.211983
-0.634747
-0.817076
-0.613006
-0.570769
-0.163363
-0.241655
-0.0465481
-0.0973352
-0.110018
-0.120535
-0.00846504
-0.166585
-0.458767
-0.548485
-0.316259
-0.26657
-0.486449
-0.489197
-0.536022
-0.44189
-0.981968
-0.366862
-0.71906
-0.786676
-0.653741
-0.745787
-0.691233
-0.81913
-0.328575
-0.26424
-0.206875
-0.234047
-0.45657
-0.278141
-0.303805
-0.340754
-0.522311
-0.323008
-0.301798
-0.705054
-0.555092
-0.186459
-0.632589
-0.373607
-0.00225247
-0.000124122
-0.00578023
0.000341591
0.000646786
0.000239349
-0.00795261
0.000467806
-0.00102454
-0.000102162
-0.00790917
-0.0100208
-0.0037756
0.00951623
-0.0145655
-0.0091428
-0.0430118
-0.032666
-0.412395
-0.111736
-0.0182634
-0.0404474
-0.0900494
-0.076233
-0.0046834
-0.00825667
-0.00881122
-0.0255351
-0.0434083
-0.0536623
-0.0103138
0.092128
-0.000955384
0.00474356
-0.00435873
0.0040038
-0.00385432
-0.000872694
-0.00211449
-0.00878138
0.000746162
-0.00718661
0.00552051
-0.000700168
-0.00260187
-0.00781885
-0.000774908
-7.45562e-05
-0.015281
-0.0163778
-0.0212926
-0.0888302
-0.0177781
0.00642243
0.00204914
0.0180046
-0.00271636
0.0364583
0.00527931
-0.00244632
-0.0100379
-0.0275158
-0.00500265
-0.021594
0.549104
1.0256
0.953078
0.6486
0.577126
0.716434
0.614262
0.708858
1.84077
3.95069
3.78051
1.67609
1.9745
2.41916
1.86042
2.6506
1.65242
3.66397
3.98008
1.53882
1.71288
2.49975
1.60029
2.60155
0.505225
0.78891
0.69172
-0.0821487
0.545711
0.587175
0.234
0.493087
1.09691
1.03619
0.630451
1.12881
1.09641
0.820277
1.06731
0.820985
1.28795
1.36489
2.44308
1.21024
1.4051
1.33876
1.68225
1.84808
1.0156
0.557122
0.958031
0.865505
1.01599
0.842626
1.07155
0.772174
1.33508
1.40173
1.42502
2.74068
1.32993
1.46518
1.72339
1.59643
-0.00339655
-0.000339259
-0.00675052
-0.0158206
-0.00376799
0.0209116
-0.0304786
-0.000417431
-0.00212054
-0.00961501
-0.0835421
-0.0210972
0.00197854
-0.00722532
-0.0270549
-0.0347775
-0.0257749
-0.0817237
-0.425627
0.00907372
-0.0294417
-0.0936443
-0.0770315
-0.0137778
-0.036974
-0.016397
-0.0535111
-0.0444388
-0.0535635
-0.0632342
-0.0153752
0.042515
0.000265649
0.0128152
-0.0184663
-0.000381503
-0.0125031
-0.0115548
-0.00447985
-0.0297008
-0.000357326
-0.0245468
-0.040252
0.00230074
-0.00986864
-0.0313646
-0.0168522
-0.0395459
-0.0034019
-0.0621804
-0.0274293
-0.0806363
-0.00294227
0.00307343
-0.0840506
0.0438305
0.00938434
0.0599787
-0.0235713
-0.0344593
-0.0352227
-0.0824174
-0.0419441
-0.0499935
0.237765
0.5504
0.79239
0.752118
0.241394
0.461063
0.636321
0.582728
0.622304
0.572
0.956336
0.921948
0.632891
0.599039
0.76273
0.736287
1.63281
1.72199
3.54027
3.61021
1.77468
1.82836
2.51341
2.25878
1.55655
1.61991
3.72846
3.7316
1.60456
1.74443
2.69483
2.42192
0.576848
0.891549
0.901434
0.98088
0.835947
0.800079
1.04223
1.09272
0.614947
1.00031
1.01316
0.99873
0.811132
0.858039
1.03853
1.02821
1.32191
1.36296
1.32076
2.59886
1.54776
1.33841
1.76469
1.25483
1.27502
2.40902
1.2088
1.20392
1.24034
1.76182
1.29501
1.64344
0.608436
0.440454
0.479683
0.906439
0.602637
0.397878
0.634367
0.600395
0.367614
0.372656
0.460215
0.656593
0.436574
0.354845
0.500095
0.418615
0.265432
0.444764
0.24704
0.504233
0.186626
0.186541
0.356126
0.123423
1.40931
1.16961
1.18017
2.32577
1.72221
1.36039
1.80847
1.27154
0.501654
0.49753
1.00611
0.864516
0.530007
0.562613
0.669948
0.727759
0.376898
0.713644
0.387793
0.277657
0.442594
0.509358
0.427499
0.458501
0.564994
1.06465
0.955093
1.07472
0.807328
0.778109
0.99099
0.967447
0.400319
0.812452
0.784883
0.400687
0.428645
0.811182
0.531729
0.744317
0.011813
-0.113531
-0.103776
-0.0970854
-0.0364361
-0.0483207
0.0425614
-0.0172238
-0.70807
-1.25779
-0.566186
-0.326767
-0.649555
-0.695103
-0.157491
-0.0687044
-0.0909315
-0.228767
-0.0109302
0.0269676
0.0635582
-0.00867244
0.0196925
0.00219469
-0.0560271
-0.10849
-0.064186
-0.00247842
0.00124064
-0.0734486
0.086842
0.0758302
0.240686
0.116941
0.0345689
0.0993286
0.140046
-0.0545464
-0.258621
-0.0770945
0.0353697
0.00634323
0.125867
-0.0685153
0.125017
-0.116125
-0.0651683
0.201299
0.0573357
0.0861693
0.220545
-0.0159678
-0.105881
-0.161993
0.0621147
-0.187798
0.00661412
-0.0992939
0.0223748
-0.134719
0.0754426
0.0676976
-0.0987573
-0.328837
3.59579
1.40525
3.46396
1.30871
1.86267
1.87375
2.02238
1.82662
0.828519
0.500234
0.849821
0.5415
0.680968
0.663324
0.716527
0.679288
3.44442
1.45813
3.43106
1.36758
1.83255
1.85783
2.02732
1.82262
0.695581
0.538385
0.715467
0.0317947
0.693001
0.561522
0.531591
0.515516
1.16612
1.86205
1.22631
0.698921
1.23434
1.34839
0.959603
1.18553
1.1431
0.692305
1.14468
1.90246
1.16263
0.871217
1.45159
1.15818
2.07202
1.12267
0.740846
1.15399
1.23433
1.14516
1.14848
0.888295
1.86624
1.15871
0.702973
1.17613
1.30689
1.18703
1.23492
0.968836
0.568309
1.09028
0.555871
0.582659
0.681069
0.733224
0.611139
0.67796
1.73864
2.65711
1.33919
1.43876
1.55777
1.65524
1.25397
1.40837
0.631957
0.833115
0.561948
0.564802
0.682143
0.691471
0.622575
0.660818
0.267577
0.921309
0.521009
-0.495823
0.567434
0.59356
0.497871
0.612772
1.0631
0.583186
0.680763
0.88529
0.973923
0.575249
1.0129
0.774048
1.15603
1.0403
1.05186
0.576152
1.08822
1.13759
0.940464
1.01329
0.749631
0.653711
0.821408
0.645901
0.0830388
0.644579
0.897836
0.697783
0.79326
0.790466
1.01704
0.96594
0.702342
0.835786
0.932242
0.893666
-0.0205487
-0.0434347
-0.0327252
-0.0270292
0.0443765
-0.0918325
0.0209836
-0.127555
-0.0300722
0.0629552
0.074162
0.058887
-0.0212236
-0.0829505
-0.0232609
-0.0571167
0.0446481
-0.153009
-0.738431
-0.20828
-0.133934
-0.307206
-0.345733
-0.112901
0.000707818
-0.00281337
-0.0123086
-0.000910118
0.000774006
-0.00142817
0.00229556
-0.000441598
0.0819682
0.170629
-0.0398937
-0.0287977
-0.00805202
-0.00681887
0.0171282
-0.042865
-0.0356519
0.049125
-0.0896086
0.00449202
-0.0247925
0.1394
-0.133012
0.0710642
0.0801937
-0.00881087
-0.0164746
-0.00154792
0.0825845
0.0285283
0.0690459
-0.0134573
0.0665283
0.00776371
0.125177
-0.00798585
0.145136
0.031879
-0.0700892
0.0196747
-0.0278727
-0.0323011
-0.0283811
-0.0655171
-0.0829083
-0.0192212
0.010321
-0.0678287
-0.0152523
-0.00368513
6.90003e-05
-0.0283255
-0.03149
0.0016892
-0.0149251
-0.00501178
-0.00929268
-0.000444647
9.3764e-05
-0.0249516
-0.00819494
-1.89351e-05
-0.00658455
0.000601003
-0.245494
-0.0864549
-0.0263737
-0.74468
-0.2981
-0.0217303
-0.154276
-0.0823807
-0.0810841
-0.0600086
-0.185588
-0.0713329
-0.0320171
0.017122
-0.107452
-0.00265111
-0.00838476
-0.00491813
0.000901599
-0.00739358
-0.0197311
-0.019576
-0.00414721
-0.00885566
-0.0177256
-0.0324673
-0.0271375
-0.0811489
-0.031482
-0.0697016
-0.0575627
-0.0721706
-0.0119149
-0.0433882
-0.0453319
-0.002322
0.00159205
0.0076866
0.0010752
-0.0366765
0.0115293
0.0246128
0.0151787
-0.00890309
0.0373686
0.0881935
0.0417373
0.0280055
-0.00802502
-0.243087
-0.00417863
0.179688
0.203872
0.164122
0.159385
0.289602
-0.00243435
-0.0633536
-0.00918564
-0.049567
-0.0139576
-0.0127924
-0.0295013
0.00045955
-0.0299558
0.0970267
-0.0667391
-0.0293432
0.00333949
-0.0302647
0.00668982
0.02966
0.0175465
0.0228042
0.00776263
0.0617879
0.0101296
0.00366405
0.022117
0.0264808
0.0402147
0.0183041
0.00229137
0.0183939
0.0134548
0.0115034
0.00513439
0.0223732
0.0240511
-0.0245833
0.0441572
-0.0554807
-0.0194099
0.0118368
-0.0267024
0.00137151
-0.0104141
-0.0052364
0.0823699
0.0419578
-0.0741155
-0.012093
-0.0219327
0.0298938
2.38241
1.61016
1.33043
1.28878
1.88798
1.90003
1.52347
1.53699
1.06966
0.761049
0.597446
0.647442
0.819505
0.765541
0.733887
0.629079
0.788961
0.48359
0.473252
0.548491
0.624806
0.532687
0.488162
0.48248
0.671685
0.401592
0.41233
0.267207
0.492131
0.363712
0.41003
0.700403
1.17854
1.11317
1.23052
0.694682
1.02915
1.14808
0.967944
1.15069
1.21349
0.693665
0.623792
1.00452
0.880282
0.745394
0.832361
0.68584
0.956519
1.04876
0.583226
0.493305
0.897212
0.995529
0.730656
0.668156
0.885934
0.591483
0.506697
0.488288
0.668414
0.629282
0.554185
0.554904
0.899783
1.40262
0.908461
1.21648
1.12749
1.19074
1.07897
1.16128
2.13329
4.26106
1.98643
4.04831
2.59567
2.53258
2.43356
2.66129
0.823378
1.0633
-0.107285
1.08405
0.91136
0.944613
0.748704
0.714561
1.70406
3.90689
1.51955
3.81614
2.23476
2.13586
2.01993
2.22901
1.71806
1.11929
1.5277
2.41066
1.65333
1.34145
1.91679
1.58552
1.77381
2.36589
1.70911
1.1225
1.78091
1.87024
1.42678
1.7073
1.06474
1.49641
2.25829
1.53988
1.2393
1.60029
1.56685
1.71222
1.10581
1.50161
2.45831
1.6303
1.34035
1.48797
1.61867
1.68402
-0.0956286
-0.110509
-0.200055
0.0429191
-0.156865
-0.155654
-0.0684207
-0.228962
-0.34119
-2.02984
-1.70202
-0.711682
-0.416596
-1.31038
-0.977631
-0.900776
-0.251432
-1.0915
-0.774911
-0.212953
-0.253152
-0.6673
-0.162144
-0.379301
-0.00329487
-0.212157
4.17625e-05
-0.0624323
-0.0781385
-0.154675
-0.0987004
-0.0698362
-0.340152
-0.0951532
-0.0975146
-0.232062
-0.0958537
-0.161854
-0.0859289
-0.12006
-0.43446
-0.252111
-1.15037
-0.270318
-0.401701
-0.53045
-0.476924
-0.45444
-0.143844
-0.0774928
-0.269625
-0.0772262
-0.160707
-0.220328
-0.10482
-0.179818
-0.176968
-0.113301
-0.273654
-0.48222
-0.262219
-0.188126
-0.386655
-0.265489
0.0837988
0.0277138
0.0576065
0.08727
0.12324
0.0798224
0.0913823
0.0784435
-0.0558173
-0.0632318
-0.0410172
-0.0591101
0.112963
0.00490855
-0.118659
-0.0943261
0.0180286
0.00614176
-0.00360012
0.000338546
-0.00628245
-0.0119582
-0.00939627
-0.00474327
0.0859579
0.00889363
0.000595769
-4.70125e-05
0.0174699
-0.00213023
-0.00413428
-0.0111543
0.210105
0.0237143
0.0591022
-0.0312208
-0.0108118
0.0616466
0.0335303
0.0327306
0.0474836
-0.11552
-0.0299674
0.0182768
0.0209896
0.0483112
0.0595012
0.0379814
0.0319588
0.118546
-0.0001821
-0.0017937
0.0710365
0.0573667
0.0197737
0.0236128
0.0499516
-0.00684448
-0.00219374
-0.0419073
0.0206956
0.00262552
-0.0386936
0.0153577
0.119033
0.435041
0.796787
0.831144
0.313771
0.66043
0.652124
0.622566
0.586013
0.51613
0.912524
0.910886
0.587387
0.579181
0.724868
0.705224
1.57841
1.66432
3.52909
3.56377
1.72991
1.75152
2.47211
2.21448
1.49511
1.58661
3.61997
3.66275
1.5022
1.68121
2.63928
2.40193
0.536193
0.865629
0.85064
0.959395
0.846558
0.787031
0.975943
1.08668
0.604978
0.979425
0.976582
0.957487
0.781781
0.848913
1.0108
0.985953
1.28843
1.35883
1.30093
2.62954
1.5735
1.3591
1.67275
1.28439
1.24839
2.34588
1.18351
1.16017
1.20782
1.72355
1.26029
1.60673
-0.576545
0.362439
0.241312
-0.69892
0.448656
0.56062
-1.38492
-0.319059
0.447857
0.524943
0.498983
0.380266
0.514621
0.701492
0.549338
0.370063
0.48018
0.404238
0.46468
0.393244
0.583664
0.634874
0.280178
0.427177
-0.721303
0.27444
0.255913
-0.904166
1.12381
0.441155
-1.50783
-0.145161
0.513873
0.632479
1.97186
0.495121
0.0105476
0.303133
0.261066
0.425369
1.01328
0.270703
0.750217
1.01112
0.140272
0.422341
0.302623
0.595573
0.143342
-1.31561
0.129389
0.0867554
0.320541
0.113074
0.454121
0.338471
0.391316
0.461992
0.198208
0.326899
0.490906
0.615173
0.221071
0.409969
0.607417
1.04929
0.589857
0.93266
0.822477
0.85001
0.807526
0.8293
1.78875
3.98417
1.53561
3.75466
2.28185
2.26085
2.16056
2.31428
0.525938
0.910194
0.225669
0.797135
0.613135
0.495389
0.682807
0.55572
1.52747
3.66649
1.42803
3.68453
2.05452
1.95049
1.95618
2.08319
1.40111
0.830755
1.30153
2.1461
1.36542
1.0249
1.69156
1.31718
1.41392
2.07551
1.33692
0.798702
1.44959
1.52392
1.11412
1.39495
0.782627
1.28746
2.00533
1.26327
1.01475
1.351
1.29982
1.47838
0.780849
1.19139
2.1985
1.30768
0.947858
1.26539
1.34317
1.37084
-0.0035717
0.0013283
-0.0024077
-0.0481733
0.00450083
0.00473868
0.000545934
0.0120936
-0.0104799
-0.0726182
-0.0204531
0.126829
0.00881229
-0.0063099
-0.0458183
0.0328912
-0.0131627
-0.0147777
-0.00033136
-0.00909218
-0.011168
-0.00947937
-0.00990663
-0.0128842
-0.252306
0.419043
-0.192302
-0.310498
0.366856
0.290165
0.188048
0.362081
0.0546906
0.0175857
-0.104593
-0.0268283
-0.0185202
0.0148923
-0.09633
-0.0474805
0.00489972
0.0304807
-0.0103658
0.0112414
-0.00582334
0.0407714
-0.00124265
-0.0105585
0.00212323
-0.106564
-0.0567623
-0.0546358
-0.136478
-0.121296
-0.0552222
-0.0827325
0.0234827
0.0252995
0.0199015
0.0308709
-0.00418435
0.0187858
-0.0110162
0.0466274
5.78395
3.13039
6.52863
3.86789
3.72102
3.77779
4.37662
4.0343
2.56862
2.15273
3.29858
2.70862
2.58252
2.65589
2.88043
2.84197
7.67305
5.00178
9.75806
6.12579
5.83722
5.97919
7.07226
6.41287
4.2099
3.4469
5.30626
4.02103
4.01067
3.96454
4.4631
4.04052
3.05272
4.3613
3.9711
3.348
3.42349
4.1159
3.26909
3.97215
3.12898
3.40021
3.92802
4.44866
3.40804
3.48886
4.00616
3.76117
5.29201
4.52943
3.71844
5.50225
4.83467
4.78375
5.04959
4.25569
4.97387
5.74742
3.71521
4.35425
5.18134
5.17616
4.3744
4.20659
0.00139771
0.00380766
-3.83988e-05
-0.000765326
-0.000601344
0.000506022
0.00023415
0.000475062
0.00636128
0.00907797
0.00918069
-0.0013905
0.00426731
0.00555103
0.00113203
-0.000974341
0.000121319
0.00505162
0.00117186
-0.0018144
0.00200393
0.0036625
0.00338192
-0.00893795
0.000416018
0.012104
-0.00627704
0.00396609
0.00465747
-0.000723719
-0.00907011
0.0542744
0.00127191
-0.000125292
-0.00233256
-0.00158698
0.00122307
-0.00176907
-0.00170383
0.0013076
0.00255872
0.00199656
0.00518642
0.00081932
0.00150282
-0.00424561
0.00264642
0.00358803
0.00111574
0.00128596
-0.00137975
0.0012769
-0.000969432
-0.00720314
-0.00171577
-0.00250773
-0.000435052
-0.0114456
-0.00216147
-0.00351494
-0.00290385
0.00564016
0.00228093
-0.00381308
1.81885
2.25511
3.02974
2.43436
2.03457
2.37876
2.4348
2.59533
3.23469
5.19083
6.32628
4.06759
2.9192
4.07361
3.75216
4.57344
4.88446
7.35816
9.24782
6.49788
5.10579
5.98845
6.0321
6.99913
3.24697
3.83981
4.84291
4.06447
2.91037
3.65349
4.07146
4.43625
2.56158
3.20141
2.6948
3.29726
2.99806
3.00006
3.00753
3.0151
3.06309
3.90046
4.73655
3.49093
3.18889
3.82646
3.84676
3.99583
3.81964
3.40087
3.87406
5.00448
4.04087
3.28897
4.43496
3.44398
4.38774
5.2774
4.20231
5.55188
4.76221
4.86417
4.67143
4.98508
-0.0310175
-0.000446494
-0.00624664
0.00631708
0.00263165
-0.00424387
-0.0351489
0.0245144
-0.00113183
0.000250376
0.00201036
0.00052981
0.00155842
0.000435183
0.000299531
0.000995377
0.000407867
0.00559901
0.00774311
0.0133941
0.00973042
0.00560086
0.00472947
0.00798382
0.00640398
0.000372072
0.00846816
0.00217044
0.00955524
0.00132864
-0.0193645
0.00914382
0.0119539
0.0112129
0.0424351
0.00771015
-0.0221641
-0.00837498
0.0013733
-0.0249331
-0.00729476
-0.00143479
0.00336835
-0.00438827
0.00904159
0.0013478
-0.00278663
0.00735128
-0.00120973
-0.076134
-0.00321298
-0.0056805
-0.00884455
0.0151862
0.00578479
-0.00933347
0.0143637
0.0149179
0.00236654
0.00518051
-0.000973964
0.00679875
0.00695487
-3.25467e-05
0.00250847
-0.000599085
-0.0243778
0.0551693
-0.0300929
-0.0206142
-0.034347
-0.0513216
-0.00920187
-0.0265401
-0.00677391
-0.0920303
-0.124246
-0.0816166
-0.123944
-0.139757
-0.169341
-0.0818377
-0.0464407
-0.11578
-0.142535
-0.251416
0.213082
0.056563
-0.0105247
-0.0145675
0.15372
-0.194376
-0.0121348
-0.0199318
0.178872
-0.032401
0.0617616
-0.00815558
0.00084764
0.00714622
0.00375516
-0.0754884
0.0393179
-0.0404588
-0.033486
-0.0224994
-0.357706
-0.0441029
-0.0411465
-0.19148
-0.0235983
-0.256825
-0.0831199
-0.119407
0.0419283
0.385082
-0.333014
-0.18413
-0.227625
-0.012062
-0.155515
-0.10279
-0.00117842
-0.0830527
0.119262
-0.412034
0.146912
0.152972
1.55757
2.22423
2.80254
1.94436
1.97546
2.22387
2.20893
2.39328
2.79491
3.36579
4.43697
3.19847
3.4157
3.52608
3.75972
3.96136
4.66475
6.20169
9.29457
6.95048
4.58225
5.85766
6.17118
6.4159
2.68578
3.64207
5.7342
5.04776
3.01283
3.24933
3.65758
4.12466
2.59807
3.14781
2.39704
3.19653
2.87859
2.76205
2.64698
2.58515
2.8265
3.02448
4.29564
3.53908
3.12794
3.59182
3.65504
4.17107
3.38398
2.69961
3.62807
4.51279
3.59345
3.03854
3.40579
3.64169
4.12644
4.96633
3.78121
5.5084
4.68026
4.2637
4.75835
4.64692
5.42305
3.44374
6.2237
2.79403
3.60529
4.04797
3.64683
3.70072
4.0264
3.94963
5.47142
3.30657
3.67977
4.2101
3.64805
4.07422
7.52644
5.26036
9.17785
4.63781
5.46235
6.21439
5.86596
5.73597
2.31136
2.50796
2.98625
1.9366
2.34493
2.609
2.41053
2.60416
4.01221
4.18357
2.77635
3.19901
3.91359
4.04023
2.98628
3.14123
4.29271
3.44097
5.73545
5.03107
4.52033
3.90028
4.51565
5.19013
4.27426
2.87389
3.2511
3.67995
3.75873
3.11891
3.54891
3.3276
4.74145
3.92928
3.55416
6.13326
5.11435
3.94058
5.13445
3.82009
0.406496
0.714149
0.394622
0.729903
0.552448
0.557482
0.555922
0.609344
1.26387
3.42683
1.13813
3.30765
1.70781
1.67693
1.65817
1.83605
0.382758
0.589546
0.0182595
0.654332
0.438842
0.508082
0.341499
0.39706
1.33872
3.30812
1.15256
3.46833
1.69322
1.67921
1.63702
1.84004
1.00165
0.587033
0.983493
1.76053
1.01455
0.744839
1.31191
1.00404
1.01889
1.71001
1.05825
0.55868
1.09431
1.19906
0.793847
1.05446
0.558363
0.976858
1.70471
0.964728
0.762455
1.07816
1.03206
1.15084
0.590038
0.98729
1.90692
1.00178
0.802923
0.996519
1.01825
1.09498
0.0307997
0.00415907
0.0224542
-0.106363
0.0661049
-0.0255598
0.0428822
0.00398889
-0.71972
-1.08109
0.0519502
-0.221358
-0.254654
-0.334216
-0.0685333
-0.113761
-0.073358
0.0894776
-0.0484542
0.0575958
0.0691787
-0.0638718
-0.0549557
-0.0462642
-0.0592782
-0.0237751
-0.00259527
-0.00755781
-0.037452
-0.0586657
0.052219
0.0242343
0.0737827
0.00307614
0.0294044
-0.0125343
-0.00097605
0.156511
-0.149672
-0.0468086
0.00844945
-0.185657
-0.202219
0.0631469
-0.0723209
-0.2589
-0.201691
-0.218511
0.0543033
0.0793984
0.154223
0.0264346
-0.0454602
-0.016834
0.0865625
-0.139424
-0.0598785
0.0503653
0.0211038
-0.0553169
-0.00754696
-0.00320465
-0.0292655
-0.095788
-1.9994
-1.71535
-2.36418
-3.65163
-1.6963
-3.25876
-2.40672
-3.62981
-1.94341
-2.49948
-3.16876
-3.04994
-2.45072
-3.11683
-3.12931
-2.567
-3.09258
-3.00319
-2.54145
-3.92937
-3.04642
-2.88244
-2.96192
-2.64352
-4.73126
-3.50939
-4.46861
-3.97314
-3.96261
-4.26848
-4.05478
-3.53616
-2.51324
-3.29755
-1.91284
-3.0437
-2.45167
-1.92753
-2.90814
-2.4985
-2.34041
-3.29996
-2.92319
-2.24582
-2.06741
-3.42715
-2.98862
-2.077
-2.191
-3.03219
-3.58142
-3.50294
-5.19337
-2.51217
-3.04603
-4.81977
-3.27457
-2.75919
-3.05567
-3.07581
-3.05308
-3.28367
-2.96252
-3.12465
-0.699525
-1.03888
-1.79199
-0.76031
-0.566692
-1.04672
-0.606328
-1.12792
-1.04514
-0.914046
-0.947428
-0.807046
-0.930724
-0.829893
-1.15639
-1.11636
-1.22237
-3.21379
-12.0763
-3.07728
-2.06684
-2.4197
-3.09978
-2.28151
-0.776715
-0.494382
-2.02274
-1.00413
-0.671305
0.0633027
-1.31272
-0.517093
-1.0495
-1.19429
-0.789887
-0.532031
-1.20534
-0.712657
-0.670886
-0.74257
-1.31537
-1.14124
-0.648482
-1.14955
-1.16649
-1.1927
-1.3334
-1.2839
-2.19289
-0.986358
-0.78265
-1.62507
-1.81444
-0.848294
-1.22482
-0.224869
-1.60271
-1.77753
-0.721409
-1.47521
-2.30542
-1.60188
-2.22301
-1.75386
-1.93774
-1.72997
-1.74438
-1.51495
-2.06843
-1.73838
-1.61779
-1.54397
-1.74555
-2.01636
-2.28005
-2.35525
-1.88638
-1.86322
-1.90471
-1.98212
-1.77273
-2.66862
-3.22553
-2.3422
-3.05474
-2.7117
-3.01
-2.47383
-2.9236
-2.6596
-2.57454
-2.11561
-1.53443
-2.3639
-1.59157
-2.67801
-1.66495
-1.64
-1.4143
-1.9624
-1.58452
-1.56391
-1.79799
-1.75585
-1.73343
-2.22895
-2.15251
-1.64266
-1.69789
-1.77322
-1.65035
-2.00581
-1.87379
-1.97514
-2.22237
-2.44136
-1.62146
-1.92779
-1.91436
-2.17666
-1.89527
-2.76674
-2.52439
-2.29442
-2.16916
-2.58262
-2.23092
-2.59867
-1.67582
-1.26672
-1.86531
-1.31952
-1.38363
-1.00476
-1.22822
-1.03214
-1.66136
-1.05997
-2.62568
-1.9841
-0.9306
-1.15328
-1.77321
-2.17485
-2.88559
-3.23181
-2.39443
-3.69535
-3.70814
-3.29729
-3.22574
-3.33166
-1.61545
-2.29865
-3.42608
-1.92688
-1.65596
-1.90717
-1.88013
-2.29318
-1.13137
-2.16068
-1.33938
-1.27582
-1.36673
-1.35722
-1.44869
-1.29224
-1.3682
-1.6415
-2.79124
-2.29757
-1.57188
-1.78654
-1.97855
-2.24135
-2.45282
-1.51156
-2.05368
-3.85184
-2.13508
-1.67437
-2.96997
-1.82399
-3.08355
-4.67936
-2.57284
-3.30841
-3.715
-3.71559
-3.3208
-3.16877
-2.74891
-3.77399
-2.47048
-4.12926
-3.52402
-3.82151
-3.74047
-3.68053
-3.09583
-2.01242
-3.16335
-2.38151
-1.69061
-4.03411
-3.21225
-3.65667
-1.32244
-0.98853
0.104618
-0.898274
-1.48747
-0.929775
-0.511674
-0.91069
-2.78102
-1.85229
-1.65566
-1.90532
-2.2893
-2.28879
-2.13441
-1.8602
-4.08066
-2.10326
-4.16406
-3.20903
-4.68765
-3.9418
-3.61552
-3.52042
-4.2755
-3.40932
-2.37814
-1.96735
-4.33083
-4.07769
-5.42333
-2.17553
-1.83029
-3.32451
-3.09851
-1.44567
-2.12073
-3.33441
-2.14099
-2.76599
-1.00888
-1.85845
-3.04832
-2.06982
-2.17609
-2.11811
-1.60833
-2.16707
-0.259195
-0.445295
-0.140119
-0.119293
0.109433
-0.151061
-0.0970836
-0.186563
-0.450102
-0.948469
-1.44316
-0.406908
-0.52572
-0.762105
-0.42656
-0.521185
-0.703008
-0.939186
-0.475041
-0.809497
-0.200792
-0.493803
-0.652856
-0.462623
-0.19538
-0.732308
-0.857068
-0.517661
-0.0460105
-0.497932
0.136499
-0.123545
-0.415374
-0.291616
-0.131373
-0.233132
-0.2243
-0.666802
-0.858258
-0.0229647
-0.466371
-0.329665
-0.548499
-0.437041
-0.420292
-0.506025
-0.536574
-0.477804
-0.126946
-0.0398959
-0.634898
-0.534635
-0.259676
-0.238078
-0.363631
-0.591522
-0.213528
-0.4051
-0.39556
-0.504038
-0.184537
-0.785668
-0.63948
-0.459013
-2.06246
-2.02824
-2.41445
-2.60544
-2.39029
-2.28133
-2.20342
-2.36145
-1.19703
-0.289665
-1.90116
-2.15503
-1.5808
-1.39324
-1.98837
-1.68135
-2.85651
-2.46654
-3.33033
-2.02706
-2.98935
-2.62527
-2.53024
-2.11129
-3.31448
-3.27835
-2.54033
-2.2029
-3.15894
-2.54299
-1.87953
-2.70005
-2.24348
-2.79636
-2.7609
-3.04686
-2.31382
-2.54824
-2.83027
-3.09063
-2.05196
-3.26566
-2.17155
-3.51898
-2.32987
-2.03696
-2.83616
-2.94019
-2.90262
-2.74066
-3.30535
-2.83311
-2.62381
-3.11992
-2.84488
-3.20138
-3.10116
-3.42969
-3.15322
-2.55927
-3.35022
-3.72223
-3.44689
-4.16324
-1.77655
-2.51898
-2.9894
-3.04029
-1.47437
-2.04241
-2.13217
-2.38622
-3.04852
-2.4143
-4.25739
-3.7304
-3.30272
-2.64895
-3.87771
-3.44713
-5.24396
-5.18025
-4.58671
-5.11935
-5.10965
-4.73671
-5.32468
-5.33964
-3.35848
-4.21679
-4.54045
-4.25514
-4.33342
-4.28039
-4.31276
-4.43969
-2.38621
-2.91548
-3.22785
-3.82107
-3.80599
-3.43741
-3.78034
-3.39292
-2.26304
-4.23622
-3.80649
-3.6163
-3.43773
-3.98476
-3.84705
-4.88334
-3.95478
-3.54241
-4.30197
-4.72172
-4.76157
-3.58031
-4.68408
-4.38568
-4.88934
-4.95715
-4.50982
-4.37648
-4.60884
-4.59242
-4.66304
-4.70001
-0.454828
-0.104119
-0.0469822
-0.0417279
-0.300577
-0.146832
-0.258249
-0.141156
-0.0190732
-0.00310941
0.000588206
-0.0179369
-0.0201311
0.0212741
-0.0369057
-0.00353708
-0.0355
-0.00162792
-0.00469217
-0.0164845
-0.0367444
0.00708532
-0.0442004
-0.0182052
-0.0100576
-0.0104241
-0.064222
-0.00592969
0.030246
-0.114292
-0.029627
-0.0137647
-0.0561097
-0.074747
0.0422256
0.016237
-0.0221825
-0.00563093
-0.0240491
-0.116308
-0.0280046
-0.0535675
0.0190229
-0.0443665
-0.00296086
-0.04394
-0.0290896
-0.0166637
-0.105502
-0.0905553
-0.0702484
-0.019147
-0.118927
-0.0236202
-0.025767
0.0526637
-0.0570876
-0.0139486
-0.00612717
-0.00497406
-0.050257
-0.0372373
-0.0229934
-0.0166723
3.49244
1.48785
3.49065
1.35699
1.88252
1.89009
2.06203
1.89845
0.826396
0.495491
0.879283
0.543814
0.701621
0.691041
0.733232
0.718097
3.51915
1.52014
3.65002
1.32951
1.91291
1.94024
2.09594
1.91833
0.791686
0.576869
0.842664
0.230783
0.60226
0.620603
0.585004
0.617857
1.13258
1.9039
1.11025
0.733763
1.24241
1.30139
0.942505
1.1876
1.14732
0.758261
1.16949
1.94725
1.16929
0.903302
1.51535
1.18189
2.11188
1.16146
0.784563
1.18803
1.29622
1.17565
1.16914
0.946519
1.91318
1.20402
0.736378
1.17201
1.34589
1.22247
1.27496
0.961401
0.0113983
-0.0567032
0.00796721
0.0017098
0.0063306
-0.00133338
0.00492417
-0.0174209
0.044825
-0.900047
-0.141234
-0.048281
-0.0556881
-0.00637462
0.02194
-0.388818
-0.0137942
-0.224338
0.0150296
-0.0271611
0.0284636
0.134847
0.031116
0.0394286
-0.00187228
-0.00874501
-0.0128065
0.00111499
-0.00373703
-0.00404498
-0.00244548
-0.0044288
0.00556434
-0.00335933
0.0738261
0.0341976
0.04046
0.00053366
-0.0143297
0.00249603
-0.00600126
0.0412449
0.0281237
-0.00336465
0.00518467
0.0387033
-0.02527
0.0478174
0.00486378
-0.0102187
0.0130909
0.0247901
-0.0280303
-0.0394404
-0.000182053
0.0114126
-0.0229154
-0.00654743
-0.0150107
-0.137762
0.0206124
-0.0100577
0.0368657
-0.0397004
0.795746
1.09843
0.716704
1.19874
1.02583
0.973564
1.05326
1.02196
1.65731
3.58587
1.29141
3.8168
2.17896
2.05692
2.08542
2.22714
0.587358
0.823522
0.0903674
1.05481
0.738887
0.648236
0.706435
0.590885
1.96329
3.97494
1.77425
4.20821
2.48942
2.33559
2.46974
2.55515
1.45894
0.977762
1.61605
2.30655
1.49014
1.249
1.79127
1.57784
1.41015
2.15592
1.37025
0.929948
1.51999
1.62444
1.10581
1.45999
0.981919
1.63907
2.25504
1.62254
1.30847
1.65846
1.60133
1.78698
0.927641
1.50342
2.37685
1.38108
1.25704
1.49687
1.40868
1.56301
-0.783376
-1.29358
0.812327
0.388234
-0.166053
-0.0439411
0.282555
0.328182
-1.10899
-0.947867
1.46451
0.564957
-0.477297
-0.0586756
0.673018
0.565436
1.60674
2.44824
3.75703
2.35982
1.61804
2.12684
2.236
2.46673
0.920265
1.19299
1.74343
1.32792
1.08352
1.32312
1.35434
1.47369
-0.458068
0.854367
0.413329
0.50374
0.38955
0.234285
0.447296
0.671223
-0.208336
0.934526
1.30518
0.958749
0.552564
0.509745
0.822019
1.10216
1.28264
0.909895
1.06215
1.67499
1.2461
1.00876
1.39726
1.10615
1.35762
1.89744
1.29209
1.77766
1.46144
1.70651
1.68399
1.69405
3.91876
1.63243
3.63562
1.03305
1.85153
2.16372
1.88256
1.82323
0.966435
0.490174
0.959109
0.476619
0.800548
0.858943
0.823222
0.829259
3.57592
1.57165
3.79967
1.00206
1.75944
2.11361
1.82895
1.77188
0.463318
0.185836
0.498919
-0.530388
0.330244
0.369929
0.211341
0.383627
1.29265
1.78232
1.11093
0.680213
1.31481
1.49221
0.887497
1.15678
1.36313
0.703682
1.34985
2.07691
1.32245
1.06869
1.53918
1.30842
1.81445
0.994977
0.580205
1.00097
1.10044
1.07501
1.07486
0.90645
1.76869
1.09699
0.684408
1.27019
1.44456
1.16618
1.3057
0.866255
-0.0150393
-0.0970347
-0.037648
-0.0298308
-0.0509432
-0.0833265
-0.0187028
-0.047083
-0.549154
-0.915368
-0.0565191
-0.309698
-0.262525
-0.409651
-0.204238
-0.0563508
-5.50718e-05
-0.00538283
0.00155335
-0.00158797
-0.0154475
0.00522763
0.000425085
0.00434094
-0.039951
-0.14381
-0.0217432
-0.0960893
-0.0381279
-0.0113782
-0.021229
-0.0632857
-0.117627
-0.0349309
-0.0122067
-0.0423983
-0.106606
-0.0599812
-0.166113
-0.0403742
0.0536409
0.0125244
-0.0318154
-0.0255409
-0.0387914
0.035005
-0.0826894
-0.0251146
-0.0182478
-0.0292716
-0.0418826
-0.0120124
-0.0230713
-0.0490511
-0.0185194
-0.0265557
-0.0222334
-0.0268962
-0.00343777
-0.0227165
-0.00853408
-0.0123647
-0.0421158
-0.0698336
-1.21713
-0.37267
-0.00886967
-0.351945
-0.227932
-0.221167
0.0016966
-0.0269386
0.033907
0.0240727
-0.0276575
-0.0811333
-0.0166426
0.127893
-0.0222431
0.0131279
0.00560437
0.0049272
-0.00795998
0.0103898
0.0277725
0.0222075
0.00941597
0.0126591
-0.137997
0.0122915
-0.0138918
-0.0829216
0.0488225
0.00824168
-0.0133997
-0.0228221
-0.101637
0.0353479
0.0476459
-0.0108195
-0.018995
0.0622849
-0.0664449
0.0196709
-0.0759084
-0.0180626
-0.0138222
0.0339114
-0.0173119
-0.0314147
0.0269358
-0.00893588
-0.000262145
-0.00349866
-0.0142979
0.00084188
-0.0356596
0.0140327
0.0151486
0.0113996
0.00984769
0.00357565
-0.00891005
0.018673
0.0188319
0.0202679
-0.00438991
0.0114281
4.01141
2.79054
2.58095
2.29475
2.81133
2.68304
2.48221
2.60342
1.94905
0.190924
1.61198
-1.01935
1.10299
1.44249
1.12103
0.878743
2.10262
2.00065
1.87653
1.45668
1.8209
1.88163
1.72839
1.76563
1.23722
-0.669886
0.947347
-0.807934
0.644408
0.475705
0.838253
0.323231
2.085
2.1866
1.85569
0.582439
1.90816
2.04833
1.90015
1.70994
2.31654
0.846504
1.83988
2.16152
2.06749
1.45517
2.25555
1.86072
2.03294
1.60468
0.542118
1.20606
1.79908
1.66639
1.41964
0.97663
2.06522
1.19111
0.542032
1.66427
1.77461
1.30479
1.57147
1.1857
3.85376
2.43892
2.36211
1.99917
2.43224
2.71315
2.35836
2.1934
1.83835
1.55701
1.50793
1.13649
1.52813
1.67423
1.43879
1.37817
1.57934
1.14033
-1.19191
-1.06885
1.13559
1.00875
0.403345
-0.0950383
0.922748
0.644269
-0.867482
-1.20487
0.559889
0.442871
0.100961
-0.249375
1.93683
1.9893
1.4647
1.04465
1.88056
1.94147
1.55239
1.60396
2.17897
1.1508
1.61587
2.12761
1.75446
1.47725
1.78228
1.55484
1.69663
1.26553
0.875962
0.327
0.968766
1.18225
0.735948
0.813091
1.62624
-0.151883
0.742182
0.981243
1.01222
0.588623
1.10669
0.756571
0.65518
-0.83034
1.69474
1.40723
0.30125
0.646292
1.3394
1.4334
-1.50385
-1.02553
1.11168
0.648174
-0.55288
0.234766
0.518104
0.479562
2.40254
1.96693
3.94764
2.63858
2.3563
2.31663
2.71018
2.51884
1.7276
1.25754
2.04501
1.62416
1.52088
1.53442
1.71718
1.72294
-0.886993
1.60534
1.32783
0.848561
0.814551
1.10928
0.888415
1.28336
0.158893
0.901012
1.2738
1.40832
0.79953
0.767884
1.40046
1.27152
2.04588
1.69226
1.13728
2.0958
2.03212
1.60097
1.90521
1.64244
2.11825
2.09546
1.24286
1.6563
2.00515
1.89343
1.55493
1.62931
0.00177851
0.00846963
0.000299725
0.00549866
-0.00972077
0.00688447
0.0055996
0.00259142
0.00871044
0.00818844
0.00540139
0.00430453
0.00526531
0.00619888
0.00729079
0.00388339
7.43445e-05
0.00304473
0.000948562
-0.0014988
0.000256928
0.00104112
0.000369688
0.000675135
0.00315345
0.00155751
-0.00349957
-0.00583368
-0.0318031
0.014059
0.0122902
-0.0105808
0.00139786
-0.000949508
-0.0381163
-0.00381678
0.0050788
-0.00288158
-0.000491402
0.00947087
0.0068731
0.00935183
0.00269013
0.000182518
0.0031434
0.00124695
0.00125729
0.00248025
0.00364299
0.014716
0.00665053
0.00425634
0.000680429
-0.00749423
-0.0137981
-0.00457867
-0.00153619
-0.00381783
-0.00147759
0.00180909
-0.000163156
0.00380822
0.00318691
-0.00152561
-0.000935364
-0.00547296
-0.00468728
-0.0611271
-0.00490461
-0.000898478
-0.0186732
0.00488762
-0.0502811
-0.054299
-0.0177869
-0.224215
0.000700587
0.0490742
-0.102734
0.0940777
-0.0646251
0.0194547
0.00938398
0.0366671
0.0423201
-0.00514092
0.0291751
0.0166797
-0.17585
-0.284069
-0.345896
-0.288696
-0.133361
-0.235225
-0.21142
-0.108708
-0.0267953
-0.0108414
-0.0486826
-0.102237
-0.0641482
-0.112946
-0.131909
-0.135495
-0.0208515
-0.0947473
-0.0409365
-0.00773311
0.000294117
-0.150432
-0.0263495
0.00325663
-0.0450854
-0.135076
-0.191754
-0.162335
-0.122949
-0.10028
-0.157213
-0.365519
-0.026966
-0.0671602
-0.111267
0.0044078
0.00411196
-0.0873885
-0.0114823
-0.038873
-0.0720264
-0.0954167
0.000299958
-0.0317501
0.000307631
0.0216997
-0.0109068
0.00121881
-0.372409
-2.89325
-1.64305
-0.240194
0.0724204
0.0664038
0.183321
-0.383546
0.00536458
-0.182017
-0.00594024
0.0146396
0.0166431
0.00742281
0.0170235
0.0102132
0.00557342
0.0441817
0.0263746
0.00570226
0.0328815
0.052654
0.0178532
0.0613921
0.0123167
0.0109069
0.00516118
0.0516755
0.0365372
0.0177975
-0.119475
0.0163687
0.129405
0.0619981
-0.014427
0.0220434
0.082916
0.112842
-0.0557233
-0.0443993
0.00837073
-0.00440094
0.030734
0.0169456
0.0153299
0.0179853
0.0192624
0.0264817
0.0161163
0.0225742
0.0598356
-0.0271678
0.0316847
0.0251275
0.011437
-0.0143892
-1.0264
-0.2561
-0.306148
-0.066156
-0.44652
-0.836722
-0.256356
-0.184475
-0.0485496
-0.192492
-0.08426
-0.0553293
0.0366946
0.0197166
-0.138141
-0.079706
-0.107924
-0.0239474
-0.0242201
-0.0160266
-0.0659391
-0.163192
-0.0318588
0.00959632
0.044832
-0.0161688
-0.00630571
0.00442532
0.00501716
0.00123604
0.0136712
0.00134455
0.0891755
-0.159871
0.00258597
0.0283007
-0.199914
-0.10731
0.0716285
-0.130002
-0.285689
-0.0913852
-0.187702
-0.252136
-0.11494
0.00876748
-0.178671
-0.0236121
-0.0578492
-0.0308179
0.00486535
-0.00689563
-0.0661294
0.0106796
-0.00290378
0.061869
-0.00991107
-0.00277153
-0.00985178
-0.040944
-0.0396981
-0.0158363
-0.0240387
-0.0128165
3.78457
3.91759
1.67395
1.57498
2.6263
2.52089
1.76729
1.78046
4.04292
4.35326
2.2003
2.24491
3.04084
2.82127
2.32366
2.45518
1.07772
1.25219
0.706102
0.783101
0.911948
0.934123
0.792124
0.773097
0.968574
1.10157
0.687797
0.311198
0.748709
0.773963
0.424894
0.602671
2.87014
1.43199
1.53381
1.66751
2.03624
1.3273
1.83804
1.49681
2.72653
1.65436
1.55521
1.33808
2.01802
1.53693
1.90674
1.60733
1.11721
1.0853
1.20324
0.73274
1.23821
1.25474
1.03334
1.01697
1.1532
0.758214
1.43787
1.34298
1.05077
1.04676
1.31634
1.33706
-0.0364808
-0.0102322
-0.0238292
-0.0701247
-0.0738535
-0.0145099
0.0184802
-0.0181276
0.000728899
0.000317865
0.00160929
0.00418266
-0.000149556
-0.000499571
-0.00211028
0.00159301
-0.00468496
0.000956819
-0.0028708
-0.026393
0.000373871
-0.000783214
0.000409878
0.00445908
-0.133248
-0.0626182
-0.0469455
-0.190472
-0.191128
-0.123171
-0.178206
-0.114015
-0.0103096
-0.023355
-0.0672858
-0.0165483
-0.00565248
-0.0323839
-0.00246281
-0.0502879
-0.00633628
0.00474792
-0.000122799
-0.0061298
0.000473823
0.00756168
0.00267421
0.00622301
-0.0128565
-0.00859168
-0.0208857
-0.036626
-0.0243369
-0.0457781
-0.0454137
-0.067626
-0.00465029
-0.0287903
0.00536024
0.00674069
-0.00224164
-0.0212279
0.00757672
0.0251801
0.849291
1.23201
0.790308
1.25707
1.08616
1.02415
1.10432
1.07952
1.74935
4.07599
1.3153
3.81931
2.29377
1.91067
1.9897
2.01482
0.569389
0.829919
0.0147837
0.956195
0.725952
0.713191
0.598708
0.640295
1.77603
3.83712
1.52494
4.04129
2.34411
2.04798
2.0379
2.03372
1.55223
0.993825
1.58274
2.30526
1.52469
1.28217
1.76148
1.52144
1.49276
2.03202
1.36156
0.941076
1.54671
1.5766
1.15385
1.42658
0.980809
1.58138
2.07915
1.44547
1.14761
1.55229
1.45923
1.64233
0.958881
1.32002
2.09863
1.30431
1.13721
1.36189
1.33504
1.58511
-0.349243
0.582416
0.190135
0.491122
0.290263
0.345787
0.413307
0.39516
1.24223
3.76934
1.54104
3.60192
1.75572
1.76753
1.78506
2.0774
0.528302
1.00617
0.572647
0.934678
0.841484
0.846485
0.832046
0.863482
1.09057
3.57075
1.50257
3.58437
1.85929
1.74291
1.80379
2.09396
1.08256
0.671707
1.03926
1.85995
1.12594
0.935328
1.21079
1.14239
1.21106
1.81482
1.33897
0.725395
1.22166
1.3909
0.919594
1.3289
0.673609
1.11244
1.77561
1.2788
0.919997
1.19971
1.29976
1.44638
0.739336
1.31618
2.05099
1.36144
1.04547
1.29875
1.29288
1.52566
0.00172802
-0.00869207
-0.000691629
-0.0344894
-0.015267
0.0069333
-0.00709055
-0.0211442
-0.0310194
-0.0332919
-0.0343545
0.0664925
0.113058
-0.139448
-0.013509
0.0973099
-0.00487974
-0.00280119
-0.0108026
0.0327847
-0.00156855
-0.00239706
0.0428208
0.0368754
-0.062321
0.0250122
0.0457989
0.008096
0.00791796
-0.0230373
-0.0105776
-0.0281756
-0.0589201
-0.00882142
-0.0464323
0.019631
-0.0494623
-0.0253205
-0.0609032
-0.0367124
-0.038258
-0.00112936
-0.0396386
-0.00799328
-0.0866857
0.0793109
-0.0109315
-0.0113114
-0.00322743
-0.0448086
-0.010679
0.0194294
-0.0129167
-0.05275
-0.0274385
-0.0045511
-0.0101535
0.00727244
0.053369
-0.0009733
-0.010174
-0.0309009
-0.00315355
-0.0126436
0.0468348
-0.0293673
0.0474073
0.0135016
-0.0874105
-0.063825
-0.00532048
-0.12252
-0.0148484
-0.00279436
-0.00579636
-0.0625311
-0.0327243
-0.0122256
-0.0312542
-0.00117408
-0.0252746
-0.00362107
0.00668349
-0.0278069
-0.0196834
0.00129131
-0.0139892
0.00062702
-0.269225
-0.0803388
-0.208635
-0.798199
-0.526277
-0.057575
0.00044751
-0.258168
-0.117468
-0.102875
-0.239612
-0.159023
-0.0242389
-0.0863233
-0.0953777
-0.0626204
-0.00639438
-0.0876357
-0.0210589
-0.00970988
-0.0546808
-0.0972216
-0.0293657
-0.0653698
-0.0446454
0.0280031
-0.13339
-0.0636961
-0.0692033
-0.153406
-0.175756
-0.102213
-0.0280793
-0.0880731
-0.0810294
0.00311985
-0.0368525
-0.0477617
-0.0194677
-0.0852557
4.72499
2.49584
2.41066
4.29121
3.08191
2.69473
3.28062
2.5286
1.47305
0.886971
0.970013
1.25646
1.06159
0.919919
1.04307
0.966965
1.20798
0.970615
0.43897
1.1192
0.952658
0.694587
0.998781
0.655936
4.12047
1.90849
1.88773
3.96898
2.72369
2.03047
2.89237
2.0218
1.76124
1.85582
2.91988
1.52465
1.84191
1.74252
2.11528
2.23733
1.53642
1.32234
0.915416
1.62659
1.5331
1.20495
1.51648
1.19646
1.89773
3.08331
1.63394
1.6982
2.06076
2.24239
1.64577
1.52788
1.43373
1.25808
1.27386
0.905662
1.13316
1.46778
1.18567
1.41028
-0.216978
-0.235064
-0.177394
-0.225611
-0.0453993
-0.0852527
0.1861
0.044248
-0.0446672
-0.0277448
0.0127433
0.371143
0.0657776
0.153282
0.162162
0.165417
-0.473824
-0.115277
-2.09229
-3.8142
-0.0981373
0.170261
-0.758638
-0.986471
-0.840587
-1.33619
-6.15127
-3.12518
-0.256566
0.106442
-0.729279
-1.60572
0.0219413
-0.127267
-0.00891885
0.247281
0.155928
0.0435439
-0.846471
-0.288536
0.263837
0.334004
0.0020867
0.09955
-0.0357467
0.0858041
-0.0477338
-0.110168
-0.476618
0.00566506
-0.145669
-1.15134
-0.755346
-0.209261
-0.4096
0.612927
-0.422623
-1.44907
-0.157811
-0.0876453
0.27005
-0.27913
-0.090082
-0.392883
4.07863
1.79137
3.82285
1.38611
2.18947
2.31887
2.14964
2.05695
1.21013
0.829585
1.18131
0.784635
1.08333
1.09081
1.06512
1.06826
3.80085
1.67396
3.80757
1.30878
1.96847
2.3046
2.00327
1.92443
0.75803
0.615291
0.857368
0.0452758
0.82091
0.754684
0.585394
0.613248
1.57018
2.02585
1.49379
0.956737
1.58885
1.67592
1.2558
1.48784
1.60617
0.980347
1.57111
2.31391
1.55101
1.26985
1.76554
1.51718
2.11083
1.2904
0.902794
1.30602
1.52194
1.40965
1.31174
1.14312
2.0394
1.35199
0.945511
1.54675
1.56817
1.42936
1.55225
1.07062
0.0128491
-0.0820597
-0.0301092
0.125128
0.0707843
-0.0773262
0.196779
-0.175701
0.0048813
-0.00192602
-0.000402403
0.0233092
-0.0115796
-0.00937202
-0.00664675
-0.00646615
0.00509377
-0.000534966
0.00401234
0.0123911
0.00435195
-0.00276094
0.011873
0.000722137
0.102107
-0.121679
-0.0189143
-0.208011
-0.347034
-0.022004
-0.100517
-0.244311
-0.0235604
-0.0827181
-0.0448898
-0.119949
0.0560369
0.144756
-0.121213
-0.0178394
0.0421819
-0.0398696
-0.00906244
0.0242979
0.0130371
-0.024509
0.00621219
0.0053829
-0.021588
0.200276
-0.0778231
-0.0467313
-0.0129666
-0.113398
-0.0622764
0.0729942
-0.015851
0.0193153
0.00842942
-0.000802385
-0.0100278
0.0083393
0.00580374
0.0393904
0.104501
1.01922
0.706648
0.990179
0.581239
0.810869
0.802529
0.848274
1.45904
3.81097
1.64543
3.80305
2.24331
1.96364
2.06109
2.16169
0.747366
1.09258
0.719662
1.16638
0.989456
0.903482
0.957926
0.919461
1.7419
3.96249
1.99898
4.27236
2.60616
2.34464
2.52776
2.39985
1.42274
0.955985
1.52921
2.41237
1.43272
1.34457
1.64226
1.46639
1.40237
2.1905
1.33671
0.925712
1.44359
1.58329
1.14863
1.45994
0.980853
1.68496
2.27108
1.59626
1.30636
1.60114
1.62833
1.75883
0.963545
1.52186
2.25691
1.35172
1.15147
1.4953
1.4255
1.78014
4.0433
1.93288
1.97171
3.79498
2.55348
2.15623
2.76796
2.0049
1.01575
0.491944
0.559818
0.898339
0.708197
0.547346
0.679669
0.578391
0.877838
0.563426
0.0757404
0.740262
0.543222
0.232945
0.536397
0.20197
3.738
1.56776
1.5309
3.64984
2.38497
1.68307
2.54959
1.68727
1.32586
1.40162
2.51725
1.17428
1.39194
1.33156
1.68144
1.81827
1.12314
0.953791
0.52186
1.21532
1.09952
0.85566
1.11519
0.821407
1.43667
2.67542
1.28264
1.33891
1.64255
1.82793
1.27383
1.17736
0.987367
0.89601
0.923709
0.504276
0.754645
1.10028
0.802892
1.03533
-0.646285
-0.043792
0.0170931
-0.147285
0.0115032
-0.393513
-0.275141
-0.18487
0.0657362
0.0502824
-0.0331892
-0.0054859
-0.0417529
-0.0318537
-0.183199
-0.019481
-0.0299071
-0.0139345
-0.00124679
-0.00386397
-0.016646
-0.0209848
-0.000109739
0.00189013
-0.0164574
0.00138146
-0.00213729
0.00731971
-0.0224262
-0.0374714
-0.00493669
-0.00780334
0.140586
-0.0464612
-0.0670032
0.0625075
-0.141159
0.0497772
0.0033137
-0.0430136
-0.032079
-0.102791
-0.0349426
-0.0435774
0.0832935
-0.0545097
-0.041464
0.0333163
-0.0375327
0.023699
-0.0577829
-0.00104237
-0.0243381
0.0141559
0.00641177
0.0145483
0.00804104
0.00501827
-0.0293975
-0.0147252
0.0127898
-0.00868322
-0.0652771
0.0209985
1.37189
0.88895
1.3372
1.76042
1.36043
1.10028
1.51037
1.3253
0.307003
-1.03236
-0.944773
0.41101
0.00270546
-0.50537
0.254931
-0.330815
0.654459
-2.7293
-0.601317
1.4498
0.525636
-0.286938
0.62332
-0.0506556
2.4139
1.58834
2.54123
3.70607
2.34273
1.79587
2.51404
2.25653
0.912623
1.15758
1.77451
1.24094
0.926657
1.06156
1.15116
1.42574
0.548447
0.770389
-1.02818
0.74108
0.607873
0.551609
0.386829
0.0868116
1.27153
1.94901
1.29895
1.77805
1.68547
1.76947
1.75206
1.42939
1.00741
1.39026
0.8382
-0.566845
0.552069
1.24081
0.396917
0.434108
0.0544053
0.0387479
-0.114661
0.191819
-0.0607672
-0.0268309
-0.175138
-0.0789313
-0.0306295
-0.060527
-0.0496364
-0.107307
-0.0774566
-0.078895
-0.0811321
-0.0602594
-0.0271751
-0.0309807
0.00310899
-0.0550332
-0.0278353
-0.0195672
-0.0313433
-0.015448
0.0440015
-0.477082
-0.0648205
-0.732678
-0.197463
-0.0919365
-0.245635
-0.174282
-0.0477209
-0.0296826
-0.0362106
-0.218371
-0.0860643
-0.0057681
0.0850187
0.0259489
-0.09236
-0.108384
-0.0622621
-0.0590944
-0.097205
-0.0485904
-0.069348
-0.0720181
-0.0878584
-0.263813
-0.0897467
-0.0343913
-0.285491
-0.155847
-0.12297
-0.131543
-0.0502846
-0.0689728
-0.138064
-0.0528794
-0.0757276
-0.10408
-0.0722737
-0.0864297
4.30809
2.80556
2.74297
2.34199
2.85023
2.98078
2.79783
2.67018
2.26823
1.95043
1.91351
1.56283
1.9869
2.00898
1.8318
1.90538
2.14937
1.69711
0.981097
0.851397
1.62559
1.42959
0.950942
1.00739
1.22652
1.12607
0.521137
0.186085
0.999547
0.791397
0.383662
0.401075
2.33817
2.38133
1.80132
1.45925
2.26133
2.30064
1.88067
1.9297
2.42191
1.5246
1.93573
2.31471
2.20195
1.90139
2.34436
2.01139
1.8208
1.68121
1.39147
0.714459
1.54503
1.55126
1.29347
1.38066
1.97676
0.869574
1.33699
1.59811
1.56548
1.0636
1.53616
1.2049
0.00704636
-0.214873
-0.0551752
-0.00590788
-0.0159704
-0.0336474
0.00439854
-0.0352377
-0.33205
-0.943839
-0.516971
-0.0484243
-0.238893
-0.458716
-0.273717
-0.615779
-0.081189
-0.241178
-0.0601468
-0.00288225
-0.0387296
0.0625335
0.0482457
-0.0703549
0.00544239
-0.024434
-0.00634188
-0.00882998
0.0323177
0.00139444
0.0119049
-0.0114074
-0.0390916
-0.080325
-0.0385637
-0.0159141
0.0180489
-0.0225348
-0.055015
-0.00926777
-0.154783
0.0593135
0.0199205
-0.00149148
-0.135741
0.0346796
-0.263843
-0.0244618
-0.0470122
0.00737911
0.0400536
-0.0286608
-0.0237586
-0.0377768
-0.0409
0.0335874
-0.149416
-0.038558
-0.0238014
-0.287902
0.0086663
0.0345732
-0.0469384
-0.120231
-0.0416277
-0.0578522
-0.0176748
-0.0284825
-0.00693672
0.00202068
-0.00905917
-0.00883864
-3.48308
-4.19446
-0.683458
-0.785109
-0.886696
0.133149
0.474678
0.233535
-0.00858635
-0.221591
-0.105051
-0.0655461
-0.019631
0.134872
-0.13017
-0.199362
-0.0219838
-0.0546582
-0.0340586
-0.0271559
-0.0277739
-0.031216
-0.0161214
-0.0294384
-0.118997
0.00468926
-0.0709427
-0.123374
-0.223929
-0.0299846
-0.280951
-0.103379
-0.354753
-0.0839493
0.0185992
0.0298699
-0.21936
0.0252136
-0.106316
0.0129083
-0.0202754
-0.0781929
-0.118492
-0.14876
-0.0532901
-0.0846517
-0.0894683
-0.0855174
-0.0329356
-0.235778
-0.0866372
-0.287118
-0.0974408
-0.104917
-0.264844
-0.708167
1.50699
1.90471
1.40933
1.12176
1.56418
1.73713
1.33446
1.54468
2.63492
4.0024
2.50292
2.08366
2.51482
2.76735
2.05446
2.32084
0.773381
1.64649
-2.33014
-0.230042
0.847255
0.935314
-0.453048
0.261739
0.696343
0.818741
-0.357379
-0.209551
0.517245
0.672586
0.156912
-0.136196
1.9891
1.36293
1.12634
1.52922
1.56549
1.58946
1.59632
1.26919
2.26593
1.73868
2.04568
1.64629
1.8766
1.90911
1.79029
1.81017
0.942664
0.736561
1.11421
-0.123157
0.686542
0.932361
0.723535
0.791975
1.10972
-0.0280093
1.38117
1.63219
1.55497
0.851507
1.27077
1.30151
4.13241
2.00228
2.48056
2.64989
2.4956
2.46537
2.70036
2.32784
1.04253
0.200097
-0.220274
0.917208
0.818032
0.194093
0.575536
0.237509
1.84053
0.361347
0.805819
1.64769
1.50028
0.755913
1.35615
0.854281
2.11961
1.33162
1.73376
1.79388
1.80133
1.61433
1.83689
1.72216
1.59698
2.09124
2.14638
1.23809
1.67419
2.02144
1.60674
2.00589
1.45722
1.17167
0.617002
1.74645
1.34161
1.11145
1.3389
1.02882
2.23721
2.18676
1.34869
1.8043
2.10869
1.92815
1.63103
1.65601
1.73454
1.53153
1.08501
0.445734
1.39145
1.38132
0.865049
1.13931
-0.00444547
-0.0676373
0.00862193
-0.0057615
-0.00777577
-0.017612
-0.0136808
-0.0356793
-0.116546
-2.50012
-1.41047
-0.581805
-0.176947
-0.610426
-0.225541
-0.0293992
-0.00464152
-0.321342
-0.000965344
-0.0132441
-0.0058664
-0.015014
0.0100974
-0.0144781
-0.0856293
-0.337297
-0.0819773
-0.176156
-0.164288
-0.0904935
-0.0721821
-0.0588102
-0.159658
-0.0209149
-0.0807892
-0.161654
-0.079592
-0.0534873
-0.150768
-0.0864874
-0.0902992
-0.0572108
-0.232017
-0.0298335
-0.0637786
-0.0740403
-0.043515
0.00198769
-0.0153175
-0.0493603
-0.0322265
-0.0228835
-0.0269695
-0.0473951
-0.0368364
-0.0605385
-0.0115868
-0.0213933
-0.173057
-0.0612037
-0.0297573
-0.0139942
-0.0250877
-0.184203
-0.0110153
-0.0713785
-0.0854769
-0.0324055
-0.0286661
-0.0581491
-0.0345788
-0.101739
-0.246917
-0.346572
-0.568574
-0.327671
-0.112674
-0.235364
-0.344897
-0.132489
-0.217818
-0.816783
-3.05958
-0.622593
-0.0270237
-0.721445
-0.467263
0.033926
-0.126176
-0.359104
-0.339
-1.12394
-0.0707099
0.00522345
-0.382346
-0.0225141
-0.209586
-0.18277
-0.175838
-0.171162
-0.186218
-0.174648
-0.210463
-0.197102
-0.178942
-0.213473
-0.372062
-0.190855
-0.262365
-0.372046
-0.273566
-0.307951
-0.140392
-0.19105
-0.213971
-0.23831
-0.155628
-0.190216
-0.104317
-0.351648
-0.138242
-0.0393394
-0.152191
-0.11248
-0.153012
-0.0278046
-0.118207
-0.100192
-0.403634
-0.0316981
-0.0223884
-0.0620995
0.0423553
-0.0452353
-0.297058
-0.111871
0.0091243
-0.000485811
-0.013793
0.000305607
0.0102714
-0.00272561
-0.00348249
-0.00159063
-0.0529961
-0.0254007
-0.112116
-0.0815578
-0.0363751
-0.044282
-0.0787782
-0.0374019
-0.0584534
-0.0183307
-0.0712861
-0.0383342
0.116311
0.047149
-0.0324572
-0.0451178
-0.0572437
0.128144
0.145874
-0.0198838
-0.0514242
0.074646
0.0379757
0.115669
-0.0316181
-0.0205883
-0.0164353
0.0646649
-0.0557941
-0.00188406
-0.0367131
-0.0308459
-0.119389
-0.00518155
-0.09952
-0.0819018
-0.00660889
-0.0263167
0.089893
0.0710705
0.0375949
-0.0487772
-0.0312498
-0.0181779
-0.00383145
-0.00398023
-0.0662127
-0.0309059
1.37704
1.79109
1.09426
1.0934
1.37861
1.4224
1.11132
1.16381
2.47033
3.23606
2.01252
1.97854
2.36246
2.58857
1.8224
2.00431
0.86968
1.11687
0.664233
0.655725
0.877231
0.941498
0.668564
0.712685
0.615262
0.961617
0.356855
0.13133
0.45995
0.746939
0.0132174
0.181323
1.75859
1.07355
1.0725
1.45822
1.47596
1.16941
1.56806
1.16935
1.84669
1.58869
1.54923
1.13913
1.52904
1.64176
1.47524
1.47038
0.814831
0.666532
0.974431
0.571206
0.856897
0.868616
0.861449
0.859882
0.889162
0.679801
1.18035
1.23544
0.959915
0.94082
1.15603
1.13722
0.0197903
0.0183031
-0.0345003
-0.0395217
-0.0584491
-0.0242941
0.0332136
-0.00823287
0.15092
-0.165822
0.0353596
-0.0223477
-0.427123
0.0945352
-0.0379707
0.0750613
-0.00799832
0.0213028
-0.00967405
-0.00334727
-0.0275389
-0.0123454
0.000760321
0.0258318
-0.0193905
-0.0691556
-0.0119719
-0.0274083
-0.0974357
0.0437461
0.0204359
0.0347664
-0.202185
-0.0976759
-0.0869391
-0.240128
0.0541957
-0.0242364
0.0305564
0.0181755
0.0123011
-0.0394513
-0.00905821
-0.052228
-0.00454801
0.0713387
-0.0304711
-0.234649
0.00692105
0.036713
0.0616446
0.00459727
-0.0242486
0.0335119
-0.0270892
0.0539094
0.0273508
0.0203292
0.0671012
-0.0163244
0.0126217
0.0277339
0.10128
0.00443725
1.71912
1.33361
2.04495
1.33717
1.57318
1.63704
1.6985
1.74563
1.09896
0.865959
1.35542
0.882276
0.998581
1.05366
1.05801
1.13326
2.58798
2.05308
3.28266
2.00312
2.35189
2.61667
2.52023
2.77994
0.867356
0.710454
1.07576
0.535202
0.631206
0.818094
0.539896
0.794561
1.27812
1.86054
1.18078
0.969382
1.35059
1.54504
1.06094
1.30757
1.34567
1.07226
1.62798
1.98839
1.41077
1.27898
1.61645
1.52101
2.03405
1.27669
1.00228
1.55559
1.72599
1.40576
1.50672
1.27148
2.10832
1.79537
1.13344
1.75541
1.91679
1.6806
1.64018
1.28633
-0.0474474
-0.148579
-0.0173965
0.00668921
-0.0120311
-0.151796
0.028181
0.0147413
-0.140547
-0.0402024
-0.00685087
-0.0417239
-0.0527815
-0.0581364
0.0105672
0.0087958
-0.0297398
0.0543212
-0.117649
-0.0952383
-0.0488073
-0.669881
0.488645
-0.188712
0.0319337
-0.0815556
0.0842402
-0.0241473
-0.0090489
-0.111004
-0.0629527
0.0119328
-0.0402584
0.0611446
-0.00281812
0.0115552
0.0682475
0.0968975
-0.081732
-0.0865601
-0.186331
-0.146935
-0.0918442
-0.301193
-0.117829
-0.013094
0.0191256
-0.0305996
0.208596
0.0251153
-0.0511995
0.124008
-0.0565812
0.0591116
0.123484
0.0513788
-0.0875231
0.0224442
0.127429
0.128905
0.176732
-0.387741
0.118749
-0.144993
0.553072
0.565464
1.03802
0.67898
0.580177
0.616741
0.717207
0.798278
0.369636
0.0529225
0.612619
0.479379
0.443288
0.504288
0.509305
0.524448
1.72243
1.47889
2.91552
2.08889
1.88561
1.89235
2.29924
2.2593
0.896272
0.884761
1.61078
1.24237
1.01536
1.03721
1.18725
1.22048
0.6026
1.11879
0.720608
0.672068
0.748376
0.847601
0.674969
0.740234
0.511973
0.718133
1.14758
1.1897
0.866001
0.808003
1.07298
1.18528
1.29918
0.911027
0.91427
1.62245
1.1904
0.983044
1.27749
1.03175
1.39581
1.63142
0.885349
1.45405
1.46249
1.35511
1.31763
1.25344
0.0317999
0.0222843
0.00889326
0.110796
-0.00281274
0.0781151
-0.110393
-0.488198
0.0417535
0.014455
-0.0322324
-0.040543
0.213356
-0.0255036
-0.0351866
-0.0615418
-0.0144936
-0.00781492
0.042772
0.0523406
0.030354
0.0175395
-0.078664
-0.213267
0.0491063
0.0637467
0.344465
0.168411
0.444327
-0.307704
-0.00940225
-0.26671
0.212183
-0.0521091
0.364931
0.168202
0.0377739
0.19756
-0.0147881
0.0354152
-0.0423894
-0.0435146
-0.0246683
0.0169636
-0.302665
0.00864699
0.00932121
-0.0128805
0.0812661
-0.175636
-0.0127945
0.143227
0.120146
-0.824129
0.135858
0.0262158
-0.422143
-0.0844338
-0.0762041
-0.0196206
0.00117131
0.107932
0.0153158
0.0655013
3.19346
1.88363
1.96144
2.40191
2.55909
2.10175
2.48364
2.12768
0.904496
-0.226931
0.576749
0.618015
0.667835
0.396686
0.683462
0.517309
1.26718
0.776625
0.790732
0.951372
1.04343
0.894683
0.97648
0.809104
1.8716
1.13881
1.17984
1.52067
1.5887
1.32678
1.52446
1.22528
1.73246
1.6352
1.95361
1.29483
1.60033
1.70585
1.56667
1.61615
1.35785
0.870608
0.707365
1.44332
1.41376
0.976446
1.28149
1.05909
1.53749
1.87089
1.17248
1.21317
1.46924
1.57238
1.24213
1.32442
1.35043
0.95928
0.960097
0.846066
1.10216
1.03563
0.951939
0.923286
-0.166894
-0.177567
-0.104069
-0.0941467
-0.0591169
-0.324615
0.0484281
-0.0352409
-0.343208
-0.188776
-0.115386
-0.18733
-0.0507586
-0.3789
0.229517
-0.142466
-0.337211
0.0659764
0.320885
0.0902304
-0.355362
-0.787708
-0.347322
-0.522428
-0.0293399
-0.0448336
-0.0275743
-0.007092
-0.00961247
-0.0649931
0.103394
-0.0443716
-0.0658915
-0.128426
0.0594302
-0.100899
0.329569
-0.101932
-0.329287
-0.0497623
-0.439871
-0.193044
-0.126761
-0.14115
0.156971
-0.599149
-0.36317
0.0939446
0.0289056
0.291469
0.150774
-0.0540541
-0.0969483
0.0256407
-0.105718
-0.310595
-0.0496537
-0.150748
-0.0643601
-0.102208
-0.0519112
-0.261785
-0.0159297
-0.483971
3.0268
2.39391
1.83638
1.92876
2.67397
2.64919
1.92593
1.97536
1.75038
1.42681
1.06892
1.12943
1.46956
1.3803
1.22713
1.18727
1.08548
0.798742
0.644023
0.714195
0.904355
0.84119
0.722657
0.678312
0.941219
0.70412
0.464122
-0.254137
0.759789
0.789698
0.0507852
0.491766
1.87941
1.55629
1.65613
1.16941
1.60607
1.64968
1.48134
1.62515
1.84003
1.13081
1.05686
1.48823
1.45325
1.24044
1.33052
1.14304
1.24637
1.14171
0.831436
0.668867
1.15606
1.23783
0.935378
0.883774
1.20027
0.722246
0.931524
0.834069
0.973744
0.903907
0.915422
0.840455
0.0274953
-0.0488942
-0.107047
-0.195699
-0.190764
-0.00613387
0.0605899
0.0895225
-0.0222993
-0.00868016
-0.0160456
-0.0575812
-0.0357233
-0.0207335
-0.0219185
-0.026156
-0.042253
-0.0703932
0.0444573
-0.0815535
-0.142887
0.0863034
-0.052395
0.0590364
-0.0937221
-0.0955845
-0.331263
-0.294148
-0.355681
-0.0901149
0.268038
0.413438
-0.127499
-0.166826
-0.218475
-0.0485676
-0.0251107
0.063431
-0.222253
-0.142074
0.0301956
-0.0449976
0.101603
-0.010558
-0.0786389
-0.126649
-0.050604
-0.0339003
0.080151
0.177266
-0.017467
0.0933418
-0.235523
0.237203
0.15017
0.0617249
0.112056
0.284439
0.0364687
0.11294
0.0436927
0.334829
-0.00126847
-0.223507
-0.00998297
-0.0320783
-0.0107614
-0.0591976
-0.0149798
-0.0392883
-0.0304766
-0.0259926
-0.0505631
-0.0509782
-0.154009
0.00846382
0.165632
-0.0612648
0.0895638
-0.184859
-0.0396754
-0.237026
-0.102301
0.571309
-0.0556994
-0.0615377
-0.00456812
-0.0140418
-0.0421216
0.269187
0.230644
-0.146096
-0.056642
-0.368244
0.0598649
-0.466751
0.228446
-0.0913949
-0.179511
0.20865
-0.00687351
-0.146681
-0.0962857
0.0855435
0.076374
0.000689558
0.0378256
-0.0724182
0.0107648
-0.138118
-0.112552
0.304886
-0.077206
-0.256681
0.0668998
-0.128202
-0.186929
-0.0580517
-0.00901369
0.149407
-0.0788816
-0.0915617
-0.00456197
-0.0212136
-0.0128413
0.089492
0.159061
-0.0404113
1.80746
2.21858
1.34238
1.53245
1.76686
1.79548
1.45714
1.47863
2.87771
3.48834
2.28294
2.27253
2.66002
2.8845
2.14098
2.26858
1.06941
1.32131
0.772321
0.794946
1.0496
1.10245
0.823789
0.850253
1.15824
1.29045
0.585649
0.0382341
0.734954
1.03542
0.335375
0.515921
2.14981
1.32193
1.35267
1.78835
1.8317
1.42622
1.84764
1.44459
2.20432
1.91387
1.80097
1.3415
1.85923
1.91223
1.76274
1.76291
1.10786
0.991347
1.20569
0.752293
1.05603
1.13137
1.07906
1.1505
1.14283
0.854947
1.40146
1.46018
1.17934
1.1444
1.39176
1.36963
-0.00450349
-0.0245356
-0.0533425
-0.00741559
-0.0203171
0.000909927
-0.0134407
0.009942
-0.0940269
-0.0427831
-0.171613
-0.108871
0.0626729
0.0266957
0.0180609
-0.010001
-0.338075
-0.478365
-0.221192
-0.536453
0.170603
0.0666242
0.205377
0.185006
-0.00207908
-0.197218
-0.519941
-0.0661477
-0.0459595
0.143843
-0.186328
0.047473
0.0499418
-0.0647613
0.0119823
0.0787454
-0.0217666
-0.0197841
-0.0597883
0.106514
0.0568179
0.0884549
0.119055
0.157471
0.0666562
0.0935175
-0.179663
0.196209
-0.0944341
-0.0467144
-0.0490589
-0.0466874
-0.224172
0.0245302
0.0920356
0.058955
-0.136487
-0.144877
0.06586
0.0620762
-0.468837
-0.00691963
0.156776
-0.5755
3.33131
1.9556
2.02601
2.67376
2.48155
2.00001
2.31572
1.89344
1.13403
0.712141
0.695458
0.896661
0.920012
0.771507
0.88774
0.707273
1.04661
0.405337
-0.333853
0.857868
0.800431
0.257261
0.598129
-0.0102554
2.03481
1.17715
1.27729
1.64168
1.63156
1.3296
1.61367
1.30422
1.5776
1.64068
2.02359
1.17238
1.54034
1.71495
1.5265
1.68128
1.31196
0.97469
0.759236
1.34156
1.25173
0.966578
1.16299
0.97918
1.52699
1.97275
1.16008
1.21405
1.56439
1.62731
1.26518
1.24806
1.15476
0.886297
0.938458
0.650966
1.04628
1.03503
0.899923
0.943754
1.29256
0.849172
0.891013
1.62432
1.18467
0.913614
1.21212
1.03274
0.576538
0.412884
0.479332
0.849109
0.626857
0.426045
0.668574
0.486305
0.48409
0.345878
-0.21827
0.66925
0.530932
0.121551
0.458622
-0.124242
2.10882
1.56282
1.47236
2.72514
2.36499
1.70359
2.31137
1.63708
0.851034
0.909355
1.6012
1.23502
0.895681
0.98082
1.11704
1.28288
0.61736
0.955774
0.436157
0.610662
0.687856
0.723524
0.630583
0.700397
0.905322
1.63913
1.29664
1.37947
1.21305
1.34911
1.37275
1.3841
0.608292
0.90153
0.992164
0.397928
0.658971
0.927652
0.693249
0.92407
3.40457
2.40045
2.91785
2.23796
2.61253
2.93516
2.58873
2.94704
1.51401
0.0850607
1.33695
0.75283
0.875899
0.951669
1.06961
1.44792
2.98608
2.2325
3.24759
2.60142
2.51907
2.675
2.60169
2.98765
1.70359
1.44284
1.98042
1.45436
1.69813
1.68234
1.69287
1.81857
1.89967
2.43084
2.10342
1.61407
2.0126
2.19684
1.71593
2.14332
2.12327
1.37576
1.8911
2.84059
2.1799
1.81518
2.15304
1.87508
2.62338
2.1013
1.68361
2.21698
2.29099
2.18172
2.20074
2.0807
2.96997
2.26976
1.60528
2.20485
2.45628
2.05485
1.99961
1.81262
0.00943128
0.00700412
0.0107585
-0.0017828
-0.0192799
0.00831599
-0.0010163
0.0183427
0.0124775
0.011001
0.00711874
0.00370409
0.00872483
0.0110099
0.00828996
0.00928019
0.0250863
0.00988548
0.00565355
0.00722823
0.0155448
0.0175723
0.0166421
0.0120243
0.00945958
0.00294483
0.000259876
-0.00452567
0.00995581
0.00696744
-0.0194702
-0.0107781
0.0065397
0.00732288
0.0302142
0.0181099
0.00782709
0.0278945
0.017184
0.0205532
0.0117772
0.00778362
0.0111942
0.0176052
0.0162566
0.0138342
0.0127725
0.0107964
0.0245515
0.0129063
0.00495655
0.00441976
0.0260026
0.0230815
0.0175759
0.00939798
0.0218899
0.00612587
0.00648609
0.00926653
0.0211417
0.00999075
0.00562178
0.00270479
0.00258013
0.00369759
0.0038698
-0.00320437
0.00377384
0.00452006
0.00117542
0.00271896
0.0052113
0.00883669
0.0114749
-0.000490775
0.00685014
0.0112618
0.00623146
0.0117063
-0.0111357
0.00690289
-0.00938821
-0.00489268
-0.00300963
-0.000558593
-0.0106956
-0.000615886
-0.0133772
-0.0133663
-0.00742783
-0.052837
-0.0219579
-0.00580545
-0.0343786
-0.00586949
0.00321639
-0.00313958
-0.00416477
-0.00543926
0.000598064
0.00233639
-0.00487231
-0.00219259
0.00297454
0.00240563
0.00833482
-0.0049136
-0.000771868
0.00762897
0.00165205
0.00366098
-0.0122974
-0.00866642
-0.00707659
-0.0240102
-0.0092696
-0.0153492
-0.0173127
-2.29866e-05
-0.0151468
-0.0027245
0.002206
0.00804912
0.00218767
-0.00795104
0.00274914
0.000302802
3.25103
2.46739
2.57872
3.2812
3.01643
2.53188
2.81535
2.65567
2.06478
-0.183764
1.26303
1.54392
0.75643
0.189166
0.916922
0.846349
2.16925
1.67411
1.68105
2.25773
2.03554
1.68906
2.01904
1.64086
3.54645
2.12047
3.01428
3.52031
2.65891
2.39472
2.81777
2.6921
1.98656
2.36971
2.92521
2.10692
2.23477
2.1399
2.51258
2.52277
1.85958
1.30935
1.41713
1.95334
2.14594
1.55251
1.93984
1.69312
2.41084
2.88654
2.02336
2.39654
2.63575
2.52288
2.46986
2.27514
2.03034
1.706
1.41163
1.6636
2.03723
1.95416
1.78954
1.78291
3.65627
3.45554
2.58449
2.76308
3.07273
3.77703
3.07671
2.67977
3.54455
3.44042
2.83545
3.02005
3.05999
3.59147
3.2056
3.08667
1.89909
1.98155
1.07868
1.61134
1.79308
1.65812
1.55675
1.61146
2.18136
2.3327
1.78026
1.86837
2.1267
2.27022
1.9726
2.04836
2.95331
2.67238
2.59175
2.63712
3.05867
2.73454
2.81344
2.7612
3.63171
2.78051
2.6194
2.48699
2.80386
2.8439
2.60535
2.53484
2.32494
2.38659
2.54959
2.03119
2.17071
2.40169
2.24003
2.29682
2.42159
1.69122
2.38702
2.55478
2.16936
2.20937
2.29678
2.22881
4.10872
3.31041
3.0593
3.59536
3.61564
3.54376
3.75167
2.96026
2.57109
2.09763
2.11853
2.63328
2.35638
2.20109
2.52119
2.25507
2.3049
1.78088
1.10826
2.29735
2.27689
1.95921
1.84471
1.33569
4.09769
3.18174
3.08928
3.65369
3.49067
3.20315
3.19396
3.25326
2.85034
3.0055
3.47666
3.0738
2.92669
3.1334
2.94232
3.23479
2.59555
2.78637
2.18592
2.47896
2.58204
2.56564
2.29937
2.3891
2.74407
3.62324
3.039
2.72178
3.10572
3.18291
2.98192
3.12523
2.34278
2.41345
2.72788
2.09397
2.50602
2.47994
2.47712
2.46498
0.0111981
0.0132921
0.0127432
0.0165449
0.0129674
0.0137504
0.0173013
0.0157052
0.0133315
0.01034
0.00337138
0.010016
0.0117465
0.0103851
0.0114274
0.0108782
0.000858285
-0.00847643
-0.0348776
-0.0012813
0.0119068
0.00934368
0.0151177
0.00381127
0.0212619
0.00883417
-0.00229777
-0.000154696
0.0137158
0.0107432
0.00681033
0.00776746
0.0156138
0.0126732
0.0188424
0.0116995
0.0188239
0.0138303
0.0144504
0.0163926
0.0144058
0.0105436
0.010946
0.0111806
0.0173357
0.00999332
0.00953889
0.0137458
0.0207184
0.0245033
0.0101618
0.00733218
0.0140956
0.0208266
0.0171456
0.00982698
0.0133704
0.00363372
0.00973286
0.00915791
0.00457601
0.0105394
0.00623565
0.0029413
0.0504357
0.00160166
0.126332
-0.245458
0.0122166
-0.0708741
0.0651367
-0.158912
-0.532542
-0.84054
0.0324775
0.407529
0.066263
0.137606
-0.0303202
-0.36018
-0.0268728
-0.0982113
0.0110889
0.0384725
0.0364781
0.0294873
0.0408619
0.035255
-0.156335
-0.0443506
-0.0196538
0.0452963
0.0124129
0.0646295
0.0428638
0.0269762
0.0992544
-0.0302928
-0.13351
-0.0232612
-0.131343
0.223966
-0.468705
-0.0260787
-0.0769364
0.0346016
-0.0303425
0.0224062
-0.434111
-0.262253
0.118224
-0.0542226
-0.0284435
0.0229334
0.0721667
-0.00507419
0.049414
-0.0349745
-0.0247445
0.0106247
-0.0792119
-0.0231801
0.0208927
-0.0181445
0.0162097
0.00477339
0.00726467
0.0115268
-0.791133
1.09133
0.930891
1.74286
0.833227
0.912372
0.95779
1.13395
2.1852
3.24009
2.57861
2.98888
2.58697
2.98817
2.60843
2.59776
1.48592
1.9902
1.43411
1.72096
1.70086
1.80823
1.74231
1.70679
2.41291
2.9847
2.25338
3.35541
2.97578
2.92909
2.63388
2.63318
1.8215
1.46911
2.12475
2.95916
1.95518
1.69845
2.10879
2.29821
2.16384
2.98396
2.31928
1.62972
2.06571
2.42326
1.87173
2.11982
1.52824
1.9073
2.44399
2.16411
1.78287
2.0096
2.13978
2.27391
1.64098
2.12613
2.67972
2.19822
1.99409
2.2183
2.14896
2.32301
0.0156592
0.0175157
0.00559231
-0.000473649
0.0142546
0.0165535
-0.000602925
-0.00176041
0.0162869
-0.0300468
-0.0366718
-0.0426294
-0.0203484
-0.0243694
-0.0480963
-0.0421488
-0.00280771
-0.0170777
-0.00276592
-0.0183936
0.000346123
-0.00175779
-0.00536755
-0.00532455
0.012591
0.0114165
-0.0079072
-0.00296096
0.0148979
0.0105058
-0.0114602
-0.000168248
0.0156967
0.00963285
-0.00454775
-0.0191168
-0.00894419
-0.0123245
-0.0118282
-0.00344305
0.0177865
-0.0215287
-0.00352003
0.00734469
-0.0151958
-0.0368249
0.00121991
-0.0038131
-0.00124221
-0.0191146
-0.0598703
-0.0335565
-0.0100343
-0.021001
-0.00886938
-0.0271281
-0.00424207
-0.0276978
-0.0593964
-0.021436
-0.0155929
-0.0153726
-0.0164022
-0.0290137
1.22108
1.95166
2.31723
2.31788
1.74405
1.76786
1.96033
2.25867
2.06181
2.04479
2.42865
2.63389
2.25523
2.19111
2.51551
2.4257
2.8461
2.94844
3.93756
3.80774
3.06707
3.12884
3.69793
3.46502
2.8796
3.3362
3.69674
3.758
3.3417
3.33366
3.40648
3.4392
2.26832
2.63666
2.30777
2.79512
2.48638
2.50477
2.5353
2.5423
2.2888
2.7643
2.61979
2.5742
2.47652
2.56746
2.44859
2.6391
2.76579
2.82375
3.08573
3.64089
3.07357
2.83381
3.06604
3.13734
2.79638
3.30009
2.91284
2.89822
3.07535
3.14369
3.02098
3.09969
-0.135611
-0.0257257
-0.0111574
-0.0939259
-0.0346899
-0.00467854
-0.0638444
0.00303017
-0.0110745
0.0073936
0.0033075
0.00694127
0.00789799
0.0093596
0.00915729
0.0114715
-0.00842709
-0.00426186
-0.0289868
-0.00794712
0.00681411
-0.0126318
0.00439145
-0.0043898
-0.0516816
0.00183346
0.0104383
-0.0031665
-0.0121829
0.00829034
-0.0062522
0.00739237
-0.00754875
0.00613594
-0.0331902
0.000511902
-0.010975
-0.0124443
-0.0270865
-0.0151235
-0.00199701
0.0116334
0.00404924
-0.0142278
0.00966154
-0.00074108
-0.00959701
0.00773546
0.00120646
-0.0379122
-0.00105783
-0.0178403
-0.0221546
0.00150911
-0.0159657
-0.0241581
0.00198881
0.00702428
0.0177706
0.00822584
-0.00481507
0.00014479
0.00547665
0.00120214
1.69163
1.65471
2.20122
2.30685
1.79713
1.74543
1.98881
2.03151
1.05388
0.0964099
2.04539
1.37555
0.961709
0.397937
0.979626
0.865811
2.75152
2.63656
3.69767
3.6274
3.32954
3.06437
3.02916
3.37119
3.15127
2.35094
3.70352
3.67416
2.9939
2.50591
2.55692
2.35472
1.74443
2.2634
2.15146
1.7167
1.80302
2.02705
1.93718
2.05215
1.48252
1.47404
2.00006
2.1703
1.72447
1.54401
1.93997
2.15369
2.43064
2.45542
2.07877
2.75382
2.85189
2.50073
3.1136
2.50434
2.42003
2.70206
1.9297
2.34955
2.1492
2.73603
2.41186
3.03471
3.75587
2.56664
3.4556
2.46762
3.08208
3.14134
2.85522
3.14133
2.03817
1.36489
2.01795
1.84119
1.84907
1.63949
1.89237
1.87287
3.31212
2.84728
3.55669
3.15772
3.15257
3.17654
3.17038
3.11008
2.11131
2.01961
2.33776
1.78216
2.20328
2.1122
2.19623
2.29929
2.18398
3.07868
2.64059
2.01599
2.35334
2.73625
2.2703
2.6388
2.36777
2.00936
2.35622
3.09724
2.29768
2.37181
2.58968
2.45768
2.90182
2.5694
2.11918
2.69536
2.82076
2.76453
2.71846
2.38598
3.1676
2.79862
2.17882
2.41278
2.95567
2.64589
2.51022
2.41087
-0.00335107
0.00192007
0.00450751
-0.0253042
0.000296221
0.0102266
-0.00125137
0.0062046
0.00756596
0.00954925
0.013325
0.00598857
0.00711508
0.0139162
0.00977116
0.0138711
0.00697464
0.0138323
0.00987563
0.001264
0.0079089
0.0117571
0.00785406
0.0117339
-0.0173759
-0.0212515
-0.0247827
-0.0927809
-0.0458712
-0.00828284
-0.0375156
-0.0240543
0.00172139
0.00576136
-0.0102995
-0.00979808
0.00683405
-0.00311946
-0.0121637
0.00391906
0.0162076
0.00772959
0.0162982
0.012316
0.00933085
0.00460979
0.00753382
0.0111099
0.00416543
-0.00879521
-0.000676947
-0.00236979
-0.00781821
-0.00896537
-0.00318692
-0.0169619
0.00990577
0.0024682
-0.00347905
0.0154191
0.00555588
0.0111671
0.0120962
0.0044698
-0.0210882
-0.0669038
-0.0324548
-0.0521387
-0.0226875
-0.0488479
-0.0306363
-0.0525543
-0.14486
-2.19664
0.0761404
-0.0456496
-0.467405
0.240986
-0.1375
0.0419105
-0.0259334
0.1366
0.190497
-0.184887
-0.245374
-0.0880442
-0.0889318
0.0267967
-0.0722373
-0.240942
-0.00975133
0.038873
-0.109399
-0.0252323
0.000592126
-0.0859031
-0.126438
-0.10019
-0.0789156
-0.0699179
-0.163279
-0.1118
-0.171903
-0.132969
-0.180379
-0.0907004
-0.00111224
-0.209755
-0.22052
-0.145813
-0.152449
-0.529282
-0.0795498
-0.104144
-0.00799494
-0.0703717
-0.145046
-0.143217
-0.150384
-0.0588769
-0.180286
-0.089254
-0.219232
-0.00186222
-0.133225
-0.0658371
-0.333454
-0.314534
-0.0107939
-0.00447035
-0.0141521
-0.00319525
-0.00293233
-0.00385289
-0.00482637
-0.0086183
0.00284408
0.0144258
0.0121741
0.00758741
0.0060775
0.00974152
0.00472342
0.0113382
-0.0196151
0.00726234
-0.00207505
-0.0053575
-0.00516619
0.000370332
-0.00833879
0.003891
-0.00164113
0.00196561
-0.00250527
0.000165793
-0.000425499
0.00010975
-0.000787346
0.00257874
-0.00367867
-0.00899046
-0.00193201
0.000585932
-0.00327993
-0.00484719
-0.000751989
-0.00191084
0.00209589
0.00427296
0.00556896
-0.00388896
0.00373091
0.0011517
-0.00622794
0.000759518
-0.00940102
-0.00251966
-0.00067178
-0.0039235
-0.00370053
-0.00253223
-0.00472586
-0.00101299
-0.00266702
0.000439192
0.00554968
0.00714955
-0.00481712
-0.00176962
-0.0030471
0.0029785
-0.00648059
0.0074449
-0.0100132
-0.0162432
-0.00105407
0.0011608
-0.0147406
-0.0139659
0.0123887
0.0140101
0.00241949
0.00752903
0.0115917
0.011143
0.00782635
0.0082421
-0.00636203
-0.00543334
-0.00702969
-0.0159617
-0.013448
-0.0101234
-0.0158895
-0.00413039
-0.0154157
-0.000254465
-0.0215213
-0.0258553
-0.0120234
-0.0118631
-0.0180233
-0.0187126
0.00801958
-0.0195085
-0.00700871
0.000591515
-0.000212897
-0.00506413
0.000805326
-0.00342915
0.00676322
0.00346701
-0.000213989
-0.00673717
0.0022513
0.00155183
-0.00858296
-0.00367387
-0.0170894
-0.016947
-0.000660877
-0.0225527
-0.0199555
-0.0061182
-0.0187574
-0.00950871
-0.010669
-0.0137825
-0.00286836
-0.00116771
-0.0118474
-0.0109407
-0.00552965
-0.00858396
-0.0101252
-0.0220994
-0.00511743
-0.00917711
-0.00640199
-0.0172714
-0.0158518
-0.0170962
-0.0234921
-0.00521562
0.00280062
0.000476334
0.0123454
-0.0115017
-0.00668367
0.0118618
-0.000666226
-0.00421904
-0.00469728
-9.09742e-05
-0.00140281
-0.00344841
-0.00957093
-0.000823582
-0.00375315
0.000367952
-0.000862409
-0.000434424
-0.00125431
-0.00287479
-0.00332295
0.000174469
-0.000481292
-0.0174614
-0.00573535
-0.00205984
-0.00692472
-0.00505952
-0.010021
-0.0117855
-0.0204572
-0.00793316
0.0079013
-0.015846
-0.0198533
-0.00847552
-0.0164849
0.000492646
-0.0159678
-0.00967178
-0.00406666
-0.00604165
-0.00590574
-0.00749651
-0.00235279
-0.00327051
-0.0117551
-0.00142909
0.00159901
-0.007281
-0.00451939
-0.000288292
-0.00373812
-0.00119602
0.0165823
0.021273
0.0287758
0.0288212
0.00796437
0.0304188
0.0286229
0.0279239
0.0438931
0.0534906
0.0671473
0.0810909
0.0445148
0.0667226
0.0585045
0.0669772
0.0357963
0.0588356
0.0425051
0.0457665
0.0474396
0.0527322
0.0515241
0.0506375
0.0305863
0.0731423
0.0496662
0.0373344
0.0576471
0.0583181
0.0494407
0.0599854
0.0265537
0.0376721
0.0524451
0.0752968
0.0350112
0.0449376
0.0630653
0.04401
0.037893
0.0666039
0.0614427
0.0428176
0.039161
0.0558846
0.0452598
0.0526973
0.036877
0.0360647
0.0634102
0.0551118
0.037263
0.0427962
0.0530415
0.058454
0.0371591
0.0568208
0.0676194
0.0606668
0.0513601
0.0591157
0.0607285
0.0621197
9.52772e-06
-0.00183293
0.022142
0.0108059
0.00709074
0.00083469
0.0111015
0.0151765
0.00772466
0.00404319
0.0177371
0.00607577
0.00957368
0.00681668
0.0112395
0.0112323
0.0315552
0.0314671
0.0385803
0.0299634
0.0268916
0.0318272
0.0341437
0.0365803
0.00664465
0.00513671
0.0190998
0.00763241
0.00627987
0.00711027
0.0110517
0.012663
0.00327191
0.0187721
0.00360291
0.00471803
0.00747958
0.0116752
0.00518154
0.00757814
0.0103177
0.0059716
0.0227193
0.0228013
0.0134811
0.00948404
0.0190872
0.0148242
0.0253065
0.0104215
0.00810859
0.0219327
0.0195975
0.0133335
0.0159812
0.00986097
0.0271061
0.0245577
0.00958525
0.0224183
0.0228528
0.0202899
0.0214537
0.0181321
0.041827
0.0373239
0.033748
0.0449077
0.0386728
0.0363538
0.0398346
0.0410001
0.0209554
-9.62537e-05
0.00647186
0.0191938
0.0153219
0.00871001
0.0124121
0.00955252
0.0261967
-0.00574675
0.0101579
0.0295981
0.0287927
0.00687032
0.0179027
0.0153005
0.0448458
0.0260089
0.0281404
0.0333324
0.0299394
0.0345193
0.0385904
0.0258219
0.0286236
0.0345799
0.0404093
0.0285991
0.0282032
0.0248649
0.035673
0.0354565
0.020716
0.0233274
0.0107391
0.0254589
0.025513
0.00310848
0.0180736
0.0254985
0.0303577
0.0447898
0.0278441
0.0361212
0.0363991
0.0408375
0.0399005
0.0323565
0.0272436
0.032712
0.0237469
0.0209573
0.0162115
0.0186931
0.0241466
0.0309002
0.0179842
0.0103418
0.0140023
0.0108798
0.0160389
0.0150462
0.0137076
0.0134626
-0.000829168
0.00250886
0.00450783
0.00324355
-0.00223842
0.00026993
-0.00116809
0.00149925
0.00762388
0.00423105
0.00424362
0.0043095
-0.000334722
0.000809366
-5.03714e-05
0.00175234
0.00774051
0.00289287
0.0049481
0.00484771
0.00516963
0.00111742
0.00121278
0.0026672
0.0080155
0.00921703
0.010974
0.00107116
0.00676764
0.0105459
0.0071135
0.00790483
0.00544205
0.000644007
0.000414707
0.00882087
0.00445195
0.000569515
0.00539707
-0.00289144
0.00853586
0.00769738
-0.0008036
0.000258749
0.00879682
0.00797725
0.0017653
0.00432877
0.00710903
0.00228712
0.00186405
0.00200888
0.00309359
0.00140118
-0.00155109
0.00258044
0.0231333
0.0164087
0.0143156
0.0257401
0.0204588
0.016151
0.0199966
0.0159624
0.00669406
0.00270839
-0.00173272
-0.00296424
0.00382007
0.00720366
0.0053313
0.0021199
0.00223436
-0.00427981
0.0047603
-0.00752143
-3.625e-05
0.00115186
-6.04562e-05
0.00111382
0.0218796
0.0018345
-0.00308438
0.0119846
0.0147904
0.0101386
0.00807287
-0.00201171
0.0120298
0.00996927
0.0179372
0.00635145
0.0111107
0.0129101
0.0162624
0.0160934
0.010205
0.00412957
0.00120302
0.00518115
0.00650183
0.00681609
0.00542199
0.00371666
0.00755919
0.0159474
0.00598366
0.0018769
0.0107179
0.0100421
0.0046141
0.00905137
0.00148145
-0.020074
-0.00696905
-0.00143966
-0.000325491
-0.00269191
0.000878258
-0.00772644
0.0163485
0.0197499
0.0113838
0.0165737
0.0169664
0.0158671
0.0140209
0.0134431
0.0257353
0.0421956
0.0237651
0.0343308
0.0315436
0.0365506
0.0288804
0.0386933
0.00530434
0.00712803
-0.0161977
-0.00818712
-0.00217509
-0.00052075
-0.0106895
-0.00437713
0.0115572
0.0213226
-0.00376816
-0.00988803
0.00652847
0.00379249
-0.00602874
-0.00237529
0.0215786
0.00809607
0.014703
0.0237402
0.0185721
0.0147286
0.0221054
0.0131312
0.0221816
0.0248375
0.0171375
0.00910704
0.0209751
0.0247681
0.0154573
0.0150952
0.00446614
0.0108589
0.0169718
-0.00436536
0.00691727
0.0096791
0.00374916
0.00707562
0.0062635
-0.00076057
0.0244538
0.0132848
0.00768777
0.00252753
0.00812821
0.0127479
0.0181382
0.0133217
0.0212324
0.0217032
0.0174673
0.0149915
0.019568
0.0181506
0.00894067
-0.00988394
0.0106586
0.0128315
0.000691296
-0.00121973
0.00736168
0.00729164
0.0267726
0.0261413
0.0400243
0.0320422
0.029066
0.0325093
0.0340486
0.0353556
0.0246984
0.0239397
0.0280034
0.0268682
0.0248999
0.0238594
0.0259353
0.026753
0.011401
0.0212817
0.0213573
0.0180992
0.0145784
0.0195877
0.0182629
0.0188776
0.00799515
0.0143153
0.0152155
0.0205722
0.0126994
0.014338
0.0164537
0.0150239
0.0246262
0.0230219
0.0207339
0.0288423
0.0252278
0.0228786
0.0254379
0.0238926
0.0239784
0.0292117
0.0229375
0.0241646
0.0260573
0.0262512
0.0231896
0.025109
0.0270871
-0.0355015
-0.0235193
0.0891528
-0.0296394
-0.0123777
-0.017228
0.0416856
0.0417624
0.072262
0.00962525
0.0717897
-0.00333912
0.0296933
0.0344603
0.0848062
0.0334494
0.0404714
0.0151421
0.041761
0.0150526
0.0201408
0.0174082
0.0317469
-0.0581316
0.224929
0.10662
-0.222721
0.198057
0.04081
0.0313242
-0.0506174
0.00881552
0.0240596
0.0224347
0.048149
0.00461543
-0.0268936
-0.11714
0.00614329
0.0423185
0.0321607
0.0464433
0.0256216
0.0591853
-0.0259012
-0.0189435
0.0260819
0.0294709
-0.0627555
0.060734
-0.00232662
0.0733804
-0.0831673
-0.0300563
-0.115277
0.0361365
-0.00909283
-0.0192253
0.00942777
0.00311907
0.0620976
0.0323393
0.00868248
0.0252084
-0.00586447
0.011309
0.0255108
0.0172973
0.0416848
0.0285909
0.0191437
-0.000420357
0.0105276
0.0288312
0.00122134
0.0050678
0.00139006
-0.0101405
-0.000878039
0.0295556
0.0274926
0.00235889
0.0138229
0.00215282
0.0421774
-0.0184995
0.0304788
0.0182124
0.0251241
0.0174933
0.0115358
-2.79084e-05
0.0131413
0.00660673
0.0148935
0.0398657
-0.0159515
0.00567801
0.00876619
0.028392
0.0123109
0.0487979
0.0345693
0.0755847
0.00712642
0.0376048
0.0632606
0.0321481
0.0497528
-0.0321805
0.0126249
0.019173
0.0166496
0.00939316
0.00312547
0.0365867
0.0385151
0.00622593
0.00683177
0.0216286
0.0155115
0.0332721
0.0113505
0.0673247
0.0347697
-0.0267498
0.0266155
0.0295116
0.113814
0.0779858
0.0786273
0.053636
0.0308637
0.0580413
0.073522
0.19355
0.317776
0.368597
0.23286
0.21593
0.286129
0.233626
0.299066
0.268491
0.414213
0.490346
0.304293
0.291387
0.374356
0.327141
0.383431
0.127687
0.169034
0.199977
0.142369
0.133399
0.167433
0.144236
0.169137
0.0980563
0.118823
0.10406
0.158679
0.144657
0.124487
0.144485
0.139754
0.144011
0.204476
0.308471
0.188098
0.173447
0.207001
0.210906
0.25152
0.169403
0.131888
0.170299
0.209158
0.174582
0.144755
0.18999
0.175158
0.216274
0.249284
0.214747
0.332263
0.256031
0.246162
0.26872
0.254215
-0.0166287
0.0562955
-0.0301831
0.00878642
-0.0106505
-0.0458574
0.013003
-0.00650183
0.0536229
0.01934
0.0166715
0.0523268
-0.038081
-0.0313245
0.00732668
0.0543082
0.0110116
-0.00258109
-0.00782442
0.0222522
0.0614068
0.030401
-0.00300702
-0.0476679
0.0269759
-0.0364368
-0.0180352
-0.000739178
0.0114603
0.0164059
-0.0244454
-0.0301077
0.118965
0.0728355
-0.0113358
-0.00610589
0.0711529
-0.0698838
0.0842822
0.00749422
0.0524468
-0.0149787
-0.00227731
0.0639237
0.0990294
-0.0577365
-0.0774921
0.0309776
0.00661165
-0.00352172
-0.0315924
-0.00782065
-0.00377457
0.0369845
0.019948
0.0271483
0.00753825
-0.0276508
-0.0655396
-0.0887762
0.0138547
0.0130452
-0.0556375
-0.0595339
2.55061
1.38012
1.16455
1.4495
1.52446
1.24567
1.43616
1.43133
0.660654
-0.802261
0.383048
-0.818143
0.0356513
0.137239
0.117926
-0.224123
0.79836
0.464866
0.516251
0.515536
0.57864
0.503038
0.566151
0.479238
0.524643
-0.820953
0.519957
-0.910885
-0.0705254
-0.148601
0.0515707
-0.380178
0.819248
0.880086
0.912894
-0.0517782
0.78898
0.964554
0.766303
0.6841
0.625046
-0.0751373
0.341331
0.795277
0.795561
0.220156
0.771038
0.444153
0.938071
0.74826
0.124048
0.494628
0.850064
0.786679
0.487712
0.172815
0.812248
0.536514
-0.20785
0.550549
0.636378
0.430649
0.503555
0.425622
2.59483
1.36665
1.34887
1.26753
1.49304
1.36607
1.37616
1.18719
0.799741
0.470757
0.513969
0.454863
0.564727
0.511203
0.490065
0.438946
0.615903
0.371892
-0.15568
0.4295
0.332392
0.251395
0.411921
0.279781
0.696743
0.438573
0.429415
0.430109
0.548418
0.505344
0.47981
0.42939
0.891797
0.886351
0.887061
0.508122
0.839543
0.966499
0.788896
0.814428
0.817674
0.465654
0.564956
0.824192
0.723613
0.521645
0.847032
0.629269
0.929113
0.796664
0.47468
0.510723
0.714419
0.743789
0.528507
0.576603
0.737365
0.443293
0.429164
0.383992
0.602207
0.479502
0.490764
0.537326
-0.00517771
-0.0560148
-0.0593563
-0.00720513
-0.00345556
-0.0163885
0.000472151
-0.00823997
-0.0903568
0.0108506
0.126909
-0.0197309
0.118059
0.0561972
0.0196875
0.0204178
-0.0711896
0.132555
-0.396036
-0.331652
0.0420822
0.000529954
-0.0191425
-0.0440656
-0.0137729
0.0410903
-0.152987
-0.0182544
0.0232414
-0.0354426
-0.00999849
-0.102049
0.0844369
0.0140938
0.0607251
0.0319962
0.0597526
-0.102287
-0.0235039
-0.0267065
-0.0349991
-0.0977899
0.129828
0.0101326
0.0256859
-0.0900002
-0.124214
0.148189
0.0219439
0.0384205
0.0702333
0.0555634
-0.0569236
0.0133205
0.129634
-0.135492
0.0327974
-0.0136544
0.0222349
0.0831574
-0.240655
0.0396375
0.104708
-0.136071
-0.0139286
-0.0246865
-0.194715
-0.0435847
-0.0292894
-0.0480069
-0.0345456
-0.0392642
-0.127612
-0.696656
-0.0344718
-0.697737
-0.198975
-0.194317
-0.11985
-0.203637
-0.120338
0.0874515
0.0232874
-0.0436172
-0.0573027
-0.0790227
0.0326034
0.000902223
-0.111967
-0.565355
-0.149783
-0.749206
-0.262992
-0.123035
-0.136324
-0.413378
-0.066399
-0.103394
-0.0486247
-0.176236
-0.00760961
-0.0947111
-0.075325
-0.0549174
-0.072239
-0.0652617
-0.113501
-0.108017
-0.00911047
0.107976
-0.0742798
-0.0769676
-0.0216935
-0.0702831
-0.114717
0.034784
-0.039403
-0.0690308
-0.176894
0.127049
-0.0325515
-0.109477
-0.280811
-0.0918306
0.124636
-0.175911
-0.080794
-0.0600694
2.65581
1.4924
1.27773
1.629
1.67313
1.41692
1.57243
1.53891
0.682587
-0.699355
0.403813
-0.560972
0.0623365
0.0889527
0.233368
0.0390947
0.943765
0.565827
0.680163
0.670774
0.716499
0.650616
0.734646
0.655708
0.646677
-0.426488
0.592931
-0.701972
0.1739
0.097805
0.466374
-0.0631103
0.896149
1.02993
1.0333
0.137415
0.924513
1.10937
0.872764
0.865769
0.691085
0.0761846
0.383711
0.936492
0.919764
0.270778
0.860613
0.520123
1.08889
0.975596
0.270237
0.679122
0.991939
0.978839
0.65691
0.315104
0.964091
0.691201
0.156791
0.563899
0.806465
0.55788
0.581228
0.451335
2.68846
1.46546
1.46973
1.41115
1.76637
1.56355
1.4422
1.22174
0.944796
0.616201
0.615328
0.524
0.705206
0.659144
0.570994
0.527706
0.768443
0.423527
-0.0615769
0.259954
0.525609
0.281271
-0.0342557
-0.145096
0.795277
0.491178
0.411706
0.411277
0.594351
0.548536
0.464653
0.430645
1.04672
1.04474
0.946853
0.579996
0.930916
0.954797
0.878429
0.876121
0.958607
0.534608
0.594907
0.918824
0.812987
0.59124
0.961717
0.690089
0.878066
0.862865
0.516803
0.454393
0.812285
0.795961
0.615296
0.637791
0.674998
0.412504
0.477589
0.362938
0.595228
0.557811
0.511778
0.541615
2.24941
1.23984
1.3491
1.20353
1.7984
1.57672
1.47378
1.09367
0.708245
0.366604
0.503459
0.340591
0.549479
0.472288
0.516312
0.396786
0.555032
0.241177
-0.334656
-1.39655
0.578809
0.526647
-0.158813
-0.576942
0.582485
0.29075
-1.5111
-1.43367
0.30016
-0.0148358
-0.528505
-1.33024
0.934338
1.02453
1.01319
0.51266
0.857713
1.01744
0.665583
0.722494
0.831562
0.491368
0.516979
0.856363
0.695809
0.646452
0.87715
0.507151
0.684735
0.591739
0.402181
-0.647729
0.630883
0.287025
0.391089
-0.073723
0.516396
-1.30932
0.441549
0.454836
-0.0618162
0.155531
0.439947
0.285855
2.02052
1.29057
1.1827
1.13876
1.58377
1.35825
1.51945
1.26428
0.366835
0.24515
0.239558
0.366626
0.25631
0.0040936
0.548452
0.430962
0.687723
0.521012
0.375788
0.397057
0.533051
0.484916
0.493727
0.420032
0.673028
0.422183
0.419203
0.407465
0.553701
0.497777
0.490246
0.421917
0.999309
0.969867
0.943637
0.608456
0.932022
0.892738
0.688562
0.849939
0.806216
0.497722
0.455432
0.876114
0.726358
0.66115
0.886262
0.574224
0.838529
0.853804
0.550613
0.506807
0.666278
0.720902
0.572296
0.57038
0.704293
0.428872
0.438629
0.474569
0.569565
0.514216
0.569641
0.503034
0.00586545
0.0125112
0.0102908
0.0032743
0.00711357
0.00858238
0.0056299
0.00851198
0.0182628
0.0247919
0.0226181
0.0162789
0.019702
0.0207382
0.0170914
0.0216316
0.0140968
0.0200295
0.0175529
0.0129554
0.015148
0.0158701
0.0134286
0.0171168
0.00343794
0.00982119
0.00895277
0.00468679
0.00672214
0.00694088
0.0046156
0.00724306
0.0136579
0.0112356
0.00693759
0.0123059
0.0109131
0.00948707
0.00975872
0.00706456
0.0138576
0.0136431
0.0184822
0.012883
0.015412
0.015693
0.0162949
0.0171745
0.00995327
0.00527566
0.0100627
0.00907044
0.00922832
0.00705662
0.0104415
0.00982316
0.0135428
0.0119218
0.0134272
0.0196401
0.014017
0.0116998
0.0150156
0.0143169
0.018133
0.0209777
0.0149065
0.0226386
0.0202421
0.0196862
0.0206919
0.0190164
0.0234988
0.0259044
0.01912
0.0279309
0.0253288
0.0242663
0.0263685
0.023868
0.0107397
0.0129917
0.00519622
0.0144978
0.0124062
0.0106626
0.0115619
0.00845119
0.0285356
0.0317262
0.024655
0.0359769
0.0315269
0.0300188
0.0320912
0.02918
0.0228715
0.0167391
0.0251852
0.0277764
0.0240503
0.0220849
0.0254963
0.0239634
0.0218236
0.0264159
0.0183483
0.0159189
0.0221612
0.0242631
0.0171821
0.0191087
0.0167053
0.0252527
0.0292487
0.0211997
0.0195975
0.023064
0.0208563
0.0272187
0.0146588
0.0178069
0.025865
0.0160141
0.0178045
0.0190469
0.0196305
0.0212778
0.185331
0.0265019
-0.0126094
0.169729
0.045915
0.0923921
0.22181
-0.165063
-0.130457
-0.0901114
0.0134904
0.285832
0.080025
0.0295627
0.190763
-0.409965
-0.0699181
-0.00700706
-0.0743367
-0.075524
-0.0400887
0.0551972
-0.00765124
-0.0532047
0.0243548
0.0712714
0.0851349
-0.0241428
-0.0728942
0.0699373
0.035713
-0.135309
0.246763
0.0130875
-0.0646078
-0.20852
-0.0329279
-0.0398479
0.143369
-0.0934105
-0.166871
0.318451
0.0167776
-0.0171592
0.479333
0.217958
-0.0452334
-0.0761978
0.0148818
-0.00689465
0.06079
0.0665222
9.20517e-06
0.0383119
-0.0639108
0.00184354
0.166754
-0.0212445
-0.538091
0.0610252
0.0774163
0.0213558
0.058964
0.069218
-0.00782723
-0.0338141
0.00944134
0.00893459
-0.060815
-0.0186515
0.0186974
0.00640085
-0.00752944
-0.0149802
-0.0462156
-0.0294721
-0.0381083
-0.045508
-0.0369956
-0.0460955
-0.0185041
-0.0909733
-0.0985092
0.0305046
-0.0231336
-0.114369
-0.0863544
-0.170158
-0.0199514
-0.0431429
0.0241279
0.0195375
0.0667237
0.00548128
-0.0116141
0.0728367
-0.0304018
-0.0645336
-0.0170709
-0.00824774
-0.0244059
-0.0292415
-0.0109994
-0.0250616
-0.0041487
-0.0516209
-0.138447
-0.00760922
0.00481268
-0.00901181
0.0249727
-0.0386715
-0.0059766
-0.0524445
-0.072079
-0.0559765
0.0107527
-0.0295478
-0.0412844
0.00800372
-0.0454525
0.0700176
-0.0447864
-0.0329515
0.0141969
0.013197
-0.11336
-0.0553936
1.94505
1.34422
1.35446
1.22841
1.66529
1.46488
1.59771
1.33817
0.440337
0.283566
0.337803
0.447675
0.286502
-0.0427219
0.523625
0.358561
0.801155
0.566773
0.521745
0.491929
0.629833
0.567655
0.597354
0.51978
0.708778
0.408641
0.47165
0.435767
0.599166
0.552458
0.54164
0.459807
1.00614
1.04614
0.998731
0.606329
0.982281
0.973992
0.721421
0.910451
0.837056
0.495312
0.514752
0.960492
0.782546
0.594046
0.883277
0.645305
0.930687
0.91821
0.572089
0.570705
0.736052
0.773691
0.629345
0.595378
0.769902
0.484221
0.48581
0.533881
0.564173
0.577454
0.624234
0.501816
2.26489
1.44818
1.40998
1.3378
1.85342
1.62657
1.50136
1.16289
0.851445
0.535234
0.548838
0.490415
0.629452
0.567409
0.601259
0.498057
0.740204
0.298733
-0.940603
-1.57653
0.521103
0.657151
0.0760862
-0.119574
0.505333
0.365594
-1.80559
-1.54757
0.379159
0.279743
0.101562
-0.468956
0.974543
1.06929
0.979745
0.633654
0.910635
1.08164
0.794742
0.768914
0.879674
0.547515
0.597222
0.891202
0.766617
0.640938
0.891937
0.623317
0.688795
0.657551
0.495342
-0.219663
0.639586
0.487472
0.347533
0.245362
0.531017
-0.557516
0.362273
0.388867
0.102875
0.33157
0.491256
0.237187
-0.158442
0.0693608
0.0713602
0.140963
-0.00312746
-0.0538772
0.132555
-0.0609755
0.0609797
-0.0491413
0.00461766
0.1459
-0.0362999
-0.0621733
0.0899287
-0.0989893
-0.0600896
0.00805292
0.0438928
0.00759253
-0.0874587
0.028694
-0.0101772
-0.0370255
0.170724
0.0849489
0.0155497
0.00987578
0.0251229
-0.0913993
-0.0139551
0.0671726
-0.037192
0.240687
0.00716402
0.0311233
0.0849334
-0.0797031
0.134035
-0.0560407
-0.0869613
0.00782102
0.0211795
-0.0968752
-0.0480727
-0.0795893
0.00935203
-0.0189998
-0.0654368
0.0953983
0.0387312
-0.0613157
0.0655749
-0.128592
0.0028316
-0.0892824
-0.0139864
0.0127277
-0.0967412
-0.0872685
-0.019894
-0.0625784
0.0225574
0.082455
-0.177272
0.0576093
0.0148183
-0.113033
-0.00345046
-0.123976
-0.126344
-0.101535
-0.0973641
0.0160866
-0.0325589
-0.0783834
0.0261254
0.0150794
-0.066069
-0.0405481
-0.0909617
0.0143874
-0.175795
-0.185992
-0.0249112
-0.127927
-0.173436
-0.0858958
-0.246572
-0.133085
-0.0973117
-0.463074
-0.123085
-0.198559
-0.474024
-0.290315
0.111323
0.0160277
-0.139397
-0.0725039
-0.0570019
-0.0787845
-0.0915956
-0.104769
-0.116762
0.0168395
-0.0321267
-0.137994
-0.0302913
0.0180385
0.0310599
0.0467593
-0.14478
-0.242657
-0.111401
-0.174179
-0.128602
-0.274858
-0.0756104
-0.180404
-0.132292
-0.317874
-0.0507397
-0.0374456
-0.0876493
-0.117235
0.00236016
-0.0270732
0.0245711
0.0490474
-0.079352
-0.0885739
-0.0687468
-0.0665498
-0.0557607
-0.075827
0.0502762
-0.223869
-0.314635
-0.792071
-0.104063
0.00307899
0.0939672
0.0884569
-0.0366569
-0.374796
-0.26056
-0.241915
-0.292728
-0.139669
-0.108359
-0.127666
-0.261619
-0.561792
-0.13609
-0.181038
-0.0612493
-0.0717417
-0.09474
-0.123132
-0.328861
-0.161754
-0.314243
-0.062654
-0.251225
-0.175565
-0.188817
-0.182407
-0.199294
-0.0145892
-0.235311
-0.213752
-0.22454
0.124467
-0.143814
-0.479332
-0.189832
-0.142418
-0.0165575
-0.14967
-0.0331983
-0.282025
-0.362775
0.219807
-0.201951
-0.0869347
-0.139302
0.0291948
-0.0310754
-0.195707
-0.21641
-0.27918
-0.0304223
-0.0442564
-0.0104455
-0.0195584
-0.0359765
-0.0360995
-0.013219
-0.0426892
-0.0577523
0.0471746
0.00305163
-0.0230207
-0.145838
-0.0132535
-0.0317608
-0.00969873
-0.056095
-0.171946
-0.324766
0.0536122
-0.305754
-0.17798
-0.219496
-0.120074
-0.0205502
-0.0014581
0.0529297
-0.025162
-0.0091502
-0.0235669
0.0502177
0.0789657
-0.119457
0.00993535
0.0046705
-0.0502554
-0.0481234
-0.032532
-0.029021
-0.0398484
0.056497
-0.0656933
-0.0694954
-0.0100911
-0.014197
-0.0188809
-0.104266
-0.171984
0.0544071
-0.0151158
-0.0204829
0.0917111
-0.0391241
-0.0541307
0.012533
-0.0371673
-0.0373196
0.127147
-0.0162054
-0.133392
-0.080824
-0.031024
-0.124369
-0.00220974
-0.391798
-0.501506
-0.264941
-0.152906
-0.374134
-0.423582
-0.25029
-0.350301
-0.616018
-0.509727
-0.174286
-0.356893
-0.467931
-0.451737
-0.399333
-0.341133
-0.215668
-0.120406
-0.0361644
-0.139901
-0.177832
-0.0991907
-0.138994
-0.0828811
-0.0674436
-0.114894
-0.0607529
-0.0149894
-0.0964534
-0.0926228
-0.0916852
-0.0792784
-0.407309
-0.230128
-0.206592
-0.218219
-0.377923
-0.347645
-0.226064
-0.230438
-0.425418
-0.214948
-0.23033
-0.228548
-0.31395
-0.324447
-0.341194
-0.261374
-0.20057
-0.186282
-0.187266
-0.122874
-0.140696
-0.186042
-0.129938
-0.195853
-0.187718
-0.128296
-0.108025
-0.152128
-0.172277
-0.180854
-0.215284
-0.234962
-0.400172
-0.282873
-0.553858
-0.517958
-0.492998
-0.519623
-0.567237
-0.453261
-0.32172
-0.135949
-0.216706
-0.200251
-0.0742423
-0.0327218
-0.225907
-0.112232
-0.394704
-0.485731
-0.790597
-0.640051
-0.786076
-0.51767
-0.702359
-0.397883
-0.612181
-0.506761
-0.683105
-0.668348
-0.615334
-0.511317
-0.705274
-0.483964
-0.469437
-0.587373
-0.857999
-0.470975
-0.351619
-0.617221
-0.504095
-0.598759
-0.285102
-0.232016
-0.172279
-0.493742
-0.414781
-0.204687
-0.340107
-0.241056
-0.516238
-0.632928
-0.507597
-0.794619
-0.465821
-0.638997
-0.693098
-0.425533
-0.514619
-0.416538
-0.396003
-0.220993
-0.418875
-0.497964
-0.337286
-0.400628
-0.27181
-0.161628
-0.00794153
-0.138252
-0.237247
-0.314547
-0.09912
-0.0795052
-0.0325848
-0.00135971
-0.0635818
-0.0431253
-0.0139274
-0.00271826
-0.0391547
-0.00751574
0.0486598
0.0818938
0.0695647
-0.0246014
0.00656641
-0.0444056
0.0471549
0.0641753
-0.0178679
-0.0264705
-0.0267226
0.0242325
-0.100486
-0.0367163
-0.00150283
-0.0423383
-0.0594688
-0.0253438
-0.204775
-0.0813967
-0.0631152
-0.0760721
0.00422532
-0.149177
-0.116829
-0.042567
-0.0261659
-0.0929101
-0.0727186
-0.0083133
-0.025423
-0.032065
-0.0309264
-0.0358685
-0.0154816
-0.0448734
-0.0181794
-0.0952647
-0.00629011
-0.0620412
-0.0742885
-0.0205242
-0.0339352
-0.0974908
-0.0852914
-0.057044
-0.0083987
-0.000106739
-0.00632302
0.0465195
0.0139919
-0.0208829
-0.00578741
-0.014186
-0.0407935
-0.0122196
0.116922
0.289288
0.141758
0.189884
0.200154
0.202478
0.184745
0.207511
0.00381027
0.0246657
0.0274868
0.0199393
-0.00308484
-0.00422092
-0.0158665
0.00546752
-0.0729692
-0.0786977
-0.123192
-0.578464
0.040596
-0.0739752
0.0350468
-0.47632
0.0882446
0.00584222
-0.0299741
0.0689216
0.0394594
0.0025994
0.0738083
-0.0237578
0.0676736
0.107176
0.0649331
-0.00316625
0.0999072
0.0233729
0.0151016
0.0872307
-0.00179158
-0.0961938
0.00747106
-0.0502679
-0.0176658
0.0128443
-0.0169971
-0.188795
0.00183388
-0.116688
-0.0352492
0.0780539
-0.0397881
-0.012311
0.0810263
0.0723392
-0.00958783
-0.0116528
-0.0125326
-0.0440059
-0.0223218
-0.019868
-0.0375819
-0.057533
-0.0173163
-0.00302518
-0.0274243
-0.0138243
-0.0756374
-0.00192891
-0.0163556
-0.0403807
0.0312534
0.0531553
0.197461
0.183913
-0.0313612
0.0838332
0.168201
0.184157
-0.0108635
-0.126924
-0.199398
-0.249352
-1.10471
-0.300054
-0.101247
-0.30724
-0.0364803
-0.0507794
-0.0509322
0.142486
-0.021817
-0.0835432
-0.121618
-0.0166441
-0.0278849
-0.015358
0.0672615
-0.0208864
-0.017938
0.070849
0.0151087
0.0177755
0.07011
0.0301078
-0.0147783
-0.0360636
0.0312262
-0.0411589
-0.16883
-0.729434
0.0255908
0.141592
0.120641
-0.0128283
-0.066826
-0.147094
-0.000732962
-0.0494619
-0.309229
-0.180215
-0.118007
-0.12867
-0.243077
-0.413662
-0.158435
-0.119384
-0.320473
-0.122412
-0.0197822
-0.0943774
-0.228214
-0.158322
-0.134864
-0.137959
-0.0622422
-0.033478
0.0198665
0.00162093
-0.0766266
-0.0542358
-0.00849155
-0.0273623
-0.0257627
-0.0470922
0.00559575
0.0442178
-0.08198
-0.0861989
0.0516599
0.0143867
-0.192073
-0.127673
-0.136482
-0.0886348
-0.0616809
-0.126829
-0.0908896
-0.139022
-0.164132
-0.197208
-0.0718658
-0.149847
-0.0463727
-0.0308657
-0.145695
-0.136802
-0.0724165
-0.00271994
-0.0503614
-0.0186089
-0.0728864
0.00447661
-0.0712688
-0.0563435
-0.0263138
0.0321359
-0.0399279
-0.131349
0.0107665
-0.0658993
-0.0763478
-0.0465316
-0.00492275
-0.014795
-0.0204839
-0.0678994
-0.0210989
-0.0289335
-0.051257
-0.0645253
-0.0191686
-0.00142739
-0.0111249
0.0100428
-0.00846275
-0.0129778
0.0136414
0.0195747
0.0345342
0.0245972
-0.0219279
-0.0989635
-0.0721029
-0.0930038
-0.0303773
-0.0437055
-0.0376633
0.0225669
-0.00100326
-0.0355406
0.0112895
0.000974131
-0.0186327
-0.0124055
-0.0257021
-0.0819119
-0.0385382
-0.0249318
-0.019639
-0.0341775
-0.0229292
-0.0361175
-0.0415999
-0.0263195
-0.060405
-0.0901599
-0.0252546
-0.0108003
-0.0235321
-0.0774171
-0.0322749
-0.048428
-0.0266686
-0.017203
-0.117536
-0.0249687
-0.0275198
0.0252916
-0.0473226
0.00476588
-0.0156103
-0.0530474
-0.046854
-0.0231355
-0.0419397
-0.0534199
-0.154709
-0.205673
0.096733
0.158993
0.088502
0.11356
-1.51708
-1.55478
-0.309214
-0.248672
-0.0864926
-0.0511145
-0.178941
-0.247238
-0.0865778
-0.128903
0.0257431
0.0497234
-0.0460924
-0.0464149
0.0299146
0.0337954
-0.0596633
-0.0938391
-0.0651618
0.0259699
-0.0675784
-0.010325
0.0836191
0.0493002
-0.0259387
-0.106435
-0.330327
-0.396694
0.254419
-0.184778
-0.473234
-0.268416
0.172242
0.246468
-0.179017
-0.138773
-0.178536
-0.277866
-0.454738
-0.331289
-0.379787
-0.278834
0.191454
-0.450477
0.0113175
0.0857337
0.170898
-0.500066
-0.120293
-0.144002
0.226068
0.0172626
-0.0288133
-0.0244477
0.131643
-0.0614078
0.0254485
-0.149216
-2.70409
-2.6496
-0.524231
-1.4957
-2.21226
-0.208081
-0.519409
1.00499
-2.78998
-2.45413
-0.31214
-1.34903
-2.3166
-0.666644
-0.704203
0.340447
0.0215098
-0.0370827
-0.0365216
-0.115973
-0.0968017
-0.0145255
-0.0405526
0.03835
-0.760475
-0.63035
-0.59364
-0.523784
-0.779931
-0.543659
-0.471856
-0.219164
-2.1367
-0.497948
-1.25989
-1.32864
-0.63057
-0.0771937
-1.15907
-0.346523
-0.248288
-0.663199
-0.14305
-0.115324
0.757729
0.0884491
-0.529998
-0.272783
-0.33168
-0.523855
-0.678388
-0.377944
-0.740645
0.076267
-0.448724
-0.268361
0.085787
0.0830976
0.0665942
-0.0477571
0.0253239
-0.178785
-0.350062
-0.582101
-0.00544609
-0.0461024
0.00936608
-0.0194071
-0.0272827
-0.0141803
-0.0249645
-0.0243534
-0.293358
-0.655896
-0.475873
-0.0870344
-0.127902
0.0196901
-0.105251
0.0012663
0.0132892
-0.513621
-0.41864
-0.0157297
-0.108638
-0.131021
-0.0956845
-0.0856649
-0.0377647
-0.00384712
0.0158098
-0.0153031
-0.0639525
-0.0175859
-0.0149945
-0.00459452
-0.118956
-0.0833372
-0.0540079
-0.0240398
-0.0993407
-0.04387
-0.0058019
-0.0532664
-0.130521
-0.21474
-0.123943
-0.0838516
-0.139555
-0.176322
-0.129111
-0.112397
-0.05319
-0.0197896
-0.058772
-0.0959097
-0.0180782
-0.0634325
-0.0907269
-0.0301924
-0.11203
-0.164225
-0.216637
-0.188863
-0.125062
-0.108082
-0.130064
-0.377569
0.0129047
-0.122965
-0.0635193
-0.013786
-0.0260851
-0.0284511
-0.0448936
-0.0378982
-0.100275
-0.440604
-0.437959
-0.412154
-0.160621
-0.119439
-0.181669
-0.30897
-0.152858
-0.409609
-0.477501
-0.333831
-0.310204
-0.328462
-0.218227
0.179225
-0.0991089
-0.244572
-0.102348
-0.411553
-0.656483
-0.239114
-0.00210829
-0.0902123
0.0586152
-0.0610965
-0.151064
-0.269251
-0.0742796
-0.0557008
-0.0449697
-0.0250742
-0.0161377
-0.142395
-0.207266
-0.195787
-0.0669544
-0.307639
-0.116169
-0.283198
-0.323236
-0.037933
-0.246867
-0.0143569
-0.105056
-0.0344511
-0.449537
-0.449093
-0.220546
0.123338
-0.208871
-0.330633
-0.21377
-0.0906426
-0.241432
-0.442024
-0.445519
-0.347604
-0.180933
-0.0413393
-0.388931
-0.349309
-0.268631
-0.253469
-0.263275
-0.111003
-0.0864431
-0.0955757
-0.196455
-0.283408
-0.216639
-0.392376
-0.232858
-0.267972
-0.102116
-0.200919
-0.336188
-0.0258348
-0.402167
-0.00130215
-0.0380385
-0.0733821
-0.0893649
-0.0551185
-0.0591978
-0.0426271
-0.107748
0.0151177
-0.256335
-0.170244
-0.138373
-0.136427
-0.224063
-0.234249
-0.167384
-0.134538
-0.33734
-0.080776
-0.149744
-0.116411
-0.311645
-0.275642
-0.174526
-0.18528
-0.0838657
-0.15747
-0.127111
-0.242952
-0.193156
-0.132422
-0.215523
-0.157371
-0.1592
0.0393937
-0.127252
-0.150993
-0.218274
-0.0232747
-0.135293
-0.129639
-0.349601
-0.217013
-0.430518
-0.310134
-0.290728
-0.391442
-0.348593
-0.401211
-0.400928
-0.637811
-0.178838
-0.262155
-0.166433
0.0410235
-0.275696
-0.147694
-0.313644
-0.174743
-0.301267
-0.45957
-0.490543
-0.433611
-0.432943
-0.20884
-0.36556
-0.425953
-0.622113
-0.777465
-0.684066
-0.621055
-0.717488
-0.547217
-0.281517
-0.503561
-0.502344
-0.210184
-0.327822
-0.390079
-0.349734
-0.427937
-0.206307
-0.216216
-0.205979
-0.378431
-0.196668
-0.191492
-0.187638
-0.228905
-0.475266
-0.362659
-0.497947
-0.643738
-0.403577
-0.493345
-0.599652
-0.560385
-0.283827
-0.306638
-0.253842
-0.14526
-0.485658
-0.516809
-0.206219
-0.260244
-0.0611499
-0.0455431
-0.0290939
-0.0239724
-0.0351355
-0.052436
-0.0582179
-0.0804405
-0.31239
-0.310605
-0.0218669
-0.182179
-0.281269
-0.304701
-0.195522
-0.260718
0.0366339
-0.139591
0.00452058
0.0851007
-0.220987
-0.133072
-0.0554381
0.0518348
-0.0641768
-0.00414477
-0.00470326
-0.0427413
-0.134732
-0.117226
-0.0282543
-0.00736513
-0.158609
-0.195505
-0.142052
-0.18542
-0.108071
-0.1805
-0.0970961
-0.120943
-0.157428
-0.194368
-0.174723
-0.191305
-0.138998
-0.250521
-0.200048
-0.168531
-0.145453
-0.0508017
-0.0836963
-0.0584419
-0.0494744
-0.048338
-0.139944
-0.157237
-0.115078
-0.00303984
-0.0952213
-0.0641587
-0.0540776
-0.12364
-0.0743305
-0.0289584
-3.17932
-3.65795
-0.470829
-1.82572
-3.06257
-0.119713
-0.94625
0.41549
-3.16747
-3.33721
-0.623434
-1.4709
-2.37739
-0.799402
-0.599626
-0.177697
-0.0988485
-0.0852523
-0.0867875
-0.177406
-0.114163
-0.0613724
-0.109436
-0.0179115
-0.752408
-0.841028
-0.482488
-0.689968
-0.85438
-0.662774
-0.574362
-0.531013
-2.99004
-0.174945
-1.2361
-1.46962
-0.828915
-0.160794
-1.71953
-0.570124
-0.381754
-0.80729
-0.253951
-0.112929
0.170202
-0.453098
-0.42899
-0.287511
-0.235553
-0.551257
-0.678247
-0.22094
-0.547955
-0.2737
-0.393187
-0.455849
-0.151178
-0.0860266
-0.486048
-0.0653685
-0.00184004
-0.206248
-0.241293
-0.516264
-1.04137
-0.653404
-0.244261
-0.968711
-0.427651
-0.552667
-0.519005
-0.542043
-0.425719
-0.522148
-0.349055
-0.520353
-0.202173
-0.347838
-0.404258
-0.603671
-0.0744734
-0.00715072
-0.0251105
-0.185821
-0.14606
-0.0754564
-0.0354466
-0.0898701
-0.906064
-0.666299
-0.394292
-0.845338
-0.443253
-0.431146
-0.540062
-0.664089
-0.381263
-0.363225
-0.479996
-0.368854
-0.516556
-0.394227
-0.561752
-0.44331
-0.4722
-0.364905
-0.183853
-0.255046
-0.582161
-0.54123
-0.296929
-0.225387
-0.226593
-0.477886
-0.472634
-0.174352
-0.217996
-0.379163
-0.196069
-0.436166
-0.204055
-0.405936
-0.627521
-0.282511
-0.242469
-0.207891
-0.202832
-0.272104
-0.0516819
-0.099886
-0.121474
-0.0491197
-0.103704
-0.0326442
-0.101113
-0.0945885
-0.243378
-0.25125
-0.129659
-0.121156
-0.275332
-0.372753
-0.195705
-0.299068
-0.202006
-0.677545
-0.652514
-0.25923
-0.288972
-0.683089
-0.369189
-0.659146
-0.119786
-0.199192
-0.120613
-0.0577719
-0.176481
-0.162626
-0.15719
-0.147598
-0.153363
-0.191764
-0.142059
-0.319843
-0.139395
-0.16446
-0.203945
-0.145595
-0.301646
-0.287886
-0.624868
-0.162896
-0.281116
-0.360985
-0.290714
-0.405279
-0.124252
-0.102459
-0.197328
-0.226998
-0.161024
-0.134717
-0.244253
-0.140151
-0.219917
-0.34385
-0.384814
-0.712801
-0.186549
-0.389027
-0.318198
-0.357124
0.0449387
0.0390451
0.0376869
0.0398296
0.0424341
0.0404757
0.0413304
0.0374475
0.0333662
0.0273647
0.02495
0.0319775
0.0328515
0.0275818
0.0302574
0.0269419
0.0297015
0.0232923
0.0212286
0.026848
0.0260009
0.0234672
0.0255372
0.0230105
0.035995
0.0334192
0.0307236
0.0333
0.0347213
0.0338363
0.0335252
0.031735
0.038013
0.0343775
0.0382661
0.034741
0.0359338
0.0366918
0.0357198
0.0368577
0.0341162
0.0319206
0.0254067
0.031931
0.0320475
0.0311504
0.0315487
0.0281662
0.0335423
0.0368689
0.0325908
0.0301329
0.0336522
0.0339985
0.030728
0.0335363
0.0301485
0.0278152
0.0297912
0.0252493
0.028624
0.0293736
0.0272652
0.0288091
0.0216514
0.0233121
0.0299385
0.0263136
0.0215251
0.0238322
0.0250761
0.0260852
0.025095
0.0251982
0.0330555
0.0285831
0.0253229
0.0286018
0.0307841
0.0305627
0.0381772
0.0397283
0.0470579
0.04661
0.0403314
0.0414686
0.0450914
0.0447133
0.0325016
0.0325931
0.0439566
0.0388734
0.0351034
0.0376838
0.0407751
0.0408107
0.0226263
0.0306137
0.0273391
0.029511
0.027469
0.029357
0.0278215
0.0291965
0.0254844
0.0322303
0.0351428
0.0323238
0.0283819
0.0322664
0.0320515
0.0328004
0.0344154
0.0308872
0.0355749
0.0439135
0.0371174
0.0325076
0.0384756
0.0378411
0.0353582
0.0435713
0.035735
0.0375406
0.0393415
0.0404428
0.0375599
0.0369775
-0.362846
-0.23189
-0.0510203
-0.057396
-0.173585
-0.0175479
-0.190507
-0.11316
-0.0386512
-0.0265191
-0.0555452
-0.0527128
-0.0598552
-0.0409047
-0.051702
-0.0642158
-0.0296902
-0.0682133
-0.000397617
-0.0066649
-0.0744738
-0.0907023
-0.0472615
-0.0306426
-0.0750644
-0.142608
0.0209714
-0.0722635
-0.0424525
0.0101956
-0.0160804
-0.0127055
-0.127268
-0.177625
-0.100492
-0.0448394
-0.203471
0.00724266
-0.159918
0.0394689
-0.0496271
-0.0295145
-0.0506537
-0.164428
-0.0982695
-0.0549287
-0.0933249
-0.058067
-0.081036
-0.0833158
-0.114057
-0.0368999
-0.0208923
-0.0433115
-0.00773271
0.00145906
-0.111265
0.00704063
-0.0626451
-0.038203
0.00665466
-0.0164853
-0.0556813
-0.0723112
-0.229312
0.114542
-0.0936285
0.113353
-0.325706
-0.37146
-0.152778
-0.34039
0.0544214
-0.283273
-0.228031
-0.0266509
-0.262765
-0.377753
-0.254997
-0.0479695
-0.0600869
-0.0550154
-0.0737436
-0.0614503
-0.0962571
-0.058859
-0.026221
-0.0179552
0.0309238
-0.0456444
-0.023201
0.0536774
-0.0747217
-0.0960976
-0.0799605
-0.0893458
-0.229284
-0.156994
-0.108711
-0.013398
-0.117752
-0.32737
0.0553187
-0.174906
-0.29784
-0.0939895
0.0121742
-0.0854213
-0.36772
-0.38417
-0.0761314
-0.151433
-0.0930759
-0.0935846
-0.089182
-0.0271335
-0.0162505
-0.19802
-0.00177555
-0.265756
-0.153496
-0.0416257
-0.0709026
-0.0868679
-0.110633
-0.0880301
-0.135233
-0.0654206
-0.0492904
-0.0325333
-0.11163
-0.0758636
-0.0990728
-0.060281
-0.10168
-0.0647064
-0.297348
-0.456564
-0.0837169
-0.668162
-0.515131
-0.160099
0.0447115
-0.076232
-0.121282
-0.118852
-0.525049
-0.508002
-0.411955
-0.22886
-0.261152
-0.128578
-0.358429
-0.880562
-0.432107
-0.462987
0.0594856
-0.308522
-0.531618
-0.0674721
-0.105177
-0.130151
-0.301432
-0.242611
-0.187525
-0.147167
-0.137184
-0.175213
-0.184885
-0.293374
-0.209224
-0.149809
-0.206296
-0.442984
-0.0835346
-0.66649
-0.194318
-0.0893735
-0.204617
-0.288954
-0.0525199
-0.387359
-0.368667
0.178277
-0.142364
-0.263854
-0.368569
0.153019
-0.159905
-0.247803
-0.190661
-0.407223
-2.15017
-2.26331
-0.356316
-1.06689
-1.89661
-0.0687606
-0.161994
1.28511
-2.58799
-3.1976
0.0336145
-1.34581
-2.2564
-0.280717
-0.38995
0.880296
-0.00187383
0.0198975
-0.08554
-0.100234
0.0591249
-0.132466
-0.116316
-0.150543
-0.481696
-0.711923
-0.446018
-0.337077
-0.519204
-0.258075
-0.280782
0.159116
-2.02248
-0.119405
-1.32174
-1.34575
-0.269867
0.339878
-1.3659
-0.00619237
-0.0287801
-0.353892
-0.0565481
-0.0989962
0.879002
0.56617
-0.199886
-0.18906
-0.176488
-0.347621
-0.460746
-0.114524
-0.37585
0.447533
-0.437898
0.239144
-0.0128652
0.0519004
0.631131
-0.0912815
-0.0498206
-0.0700977
-0.195667
-0.471495
-1.30858
-0.226441
-1.35006
-0.262099
-0.528535
0.407444
-0.634302
0.274116
-0.0830143
-0.0858441
-0.0867744
0.0179793
-0.0181451
-0.00740137
-0.0585504
0.00246418
-1.4836
0.0208517
-1.61025
-0.174886
-0.255582
-0.785423
-0.333792
-0.197229
0.0651498
0.0884829
0.195396
0.252351
0.0847639
0.170926
0.164626
0.259939
-0.0115951
-0.141957
-0.218036
-0.0780671
-0.316768
-0.086355
-0.154811
0.181574
0.0237968
0.0585733
-0.137475
-0.547519
0.0701829
-0.0102346
-0.0456006
0.0311313
-0.207311
-0.0613775
0.00750228
0.0847962
0.13503
-0.0589594
-0.130831
0.222289
-0.0527861
0.0242024
-0.019757
0.0422642
-0.286189
0.213523
-0.00446748
-0.00496686
-2.26801
-0.214003
-2.68838
-0.95682
-0.463748
-0.601542
-1.40386
-0.645895
-0.219926
-1.27663
-0.105238
-0.385583
-0.33686
-0.111947
-0.306147
-0.822776
-2.8176
-0.256082
-3.15166
-1.40782
-0.0828582
-0.146413
-1.62942
-0.0548552
-0.868667
-0.417746
-0.998291
-0.810377
-0.839087
-0.595285
-0.959397
-0.823537
-0.217554
-0.12727
-1.19504
-0.278779
-0.364118
-0.789916
-0.507297
-0.857882
-0.51628
-0.186736
-0.303916
-0.515981
-0.0711327
-0.144249
-0.108082
-0.159642
-1.59589
-1.1561
-0.410447
-1.12122
-1.35984
-1.18036
-0.981018
-0.705304
-0.701121
-1.01107
-0.347477
-0.0201202
-0.636983
-0.660469
-0.449677
-0.38114
-0.401658
-0.590957
-0.25791
-0.500244
-0.337564
-0.533957
-0.426129
-0.581613
-0.55411
-0.691139
-0.289368
-0.563585
-0.412646
-0.484454
-0.412241
-0.435732
-0.189184
-0.151003
0.0189189
-0.0552959
-0.233401
-0.143388
-0.192288
0.0279552
-0.519386
-0.614894
-0.21644
-0.606357
-0.496203
-0.440495
-0.426311
-0.597273
-0.51169
-0.364331
-0.277083
-0.424097
-0.48845
-0.558773
-0.527537
-0.540498
-0.477858
-0.416421
-0.179132
-0.199387
-0.38997
-0.411747
-0.310522
-0.267923
-0.239952
-0.404378
-0.377691
-0.322362
-0.29895
-0.568561
-0.420049
-0.45519
-0.113513
-0.082625
-0.288381
-0.143391
-0.120078
-0.210991
-0.200928
-0.356165
-0.62681
-0.119041
-0.778333
-0.129303
-0.349363
-0.387037
-0.440198
-0.342462
-0.104187
-0.027838
-0.0795738
-0.0752437
-0.119592
-0.00652281
-0.148678
-0.062384
-0.701412
-0.120349
-0.668578
-0.161817
-0.236715
-0.351263
-0.384456
-0.294889
-0.0457823
-0.100727
-0.0208734
0.00482199
-0.0493553
-0.0529155
-0.029109
-0.0656678
-0.177032
-0.20113
-0.133561
-0.0734926
-0.146457
-0.271722
-0.0944634
-0.181612
-0.156865
-0.083765
-0.0865667
-0.355056
-0.21151
-0.159157
-0.195329
-0.210912
-0.448016
-0.0772447
-0.0524557
-0.12066
-0.101388
-0.172361
-0.170492
-0.191229
-0.321553
-0.152946
-0.0983833
-0.185638
-0.219714
-0.162858
-0.19212
-0.133849
-2.30386
-2.62788
-0.588062
-1.25939
-2.22122
-0.249938
-0.643685
0.489291
-2.60854
-3.15405
-0.168525
-1.18991
-1.9103
-0.688886
-0.583158
-0.118093
-0.0017689
0.0340712
0.0307626
-0.0537657
0.0399637
-0.01853
-0.0874093
-0.0399597
-0.659634
-0.738868
-0.406267
-0.524063
-0.720293
-0.524233
-0.465027
-0.5549
-2.20971
-0.269975
-1.36099
-1.359
-0.719103
-0.0789716
-1.40478
-0.414817
-0.615499
-0.640318
-0.038223
-0.0630488
-0.0429243
-0.195872
-0.114116
-0.113922
-0.230328
-0.532794
-0.576782
-0.140183
-0.493343
-0.260573
-0.382402
-0.448444
-0.183779
0.086313
-0.387324
-0.299028
-0.0430745
-0.132603
-0.277555
-0.381716
-0.349253
-0.595193
-0.00564719
-0.620078
0.0676326
-0.124554
-0.150144
-0.233927
-0.238363
-0.316066
-0.17268
-0.275015
-0.0407215
-0.0341104
-0.139364
-0.361465
0.0875632
-0.0769479
0.0539948
0.113708
0.0726645
0.0631632
0.0452171
-0.0673918
-0.535804
-0.560913
0.00378314
-0.616829
-0.0609474
-0.232275
-0.143793
-0.77585
-0.237656
-0.155579
0.0262067
-0.23935
-0.173067
-0.267946
-0.482623
-0.150678
-0.158076
-0.158429
-0.103571
-0.0414021
-0.297869
-0.0917031
-0.10958
-0.220627
-0.10009
-0.233944
-0.226515
-0.0373295
0.168474
-0.335527
0.0530078
-0.442534
0.00664449
-0.247612
-0.264808
-0.164363
-0.17746
-0.0555374
-0.156348
-0.427788
-0.188242
-0.0713441
-0.431417
-0.141072
-0.212621
-0.228049
-0.23343
-0.321509
-0.0121299
0.0395872
-0.0770777
0.00433419
-0.0234055
0.0316749
-0.0527646
-0.02421
-0.0162908
-0.146816
-0.154579
0.0552452
-0.268312
-0.347402
-0.254821
-0.349409
-0.0792893
-0.0463561
-0.00851046
0.00074583
-0.0707478
-0.065576
0.0500977
0.0163245
-0.0291806
-0.295184
-0.147269
-0.0796132
-0.0605774
-0.196554
-0.0812504
-0.110613
0.0157431
-0.0874257
-0.0647412
-0.279214
-0.058525
0.00257758
-0.0912512
-0.0983285
-0.00818307
0.00588775
0.00814055
-0.0410454
-0.0679876
-0.0793275
-0.129643
-0.0647927
-0.300563
-0.106053
-0.0178365
-0.0678483
-0.242921
-0.0732796
-0.0787024
-0.00566835
0.688263
0.605019
0.397482
0.556833
0.600623
0.536472
0.517922
0.466782
0.418849
-1.14623
-0.13785
0.29566
0.3055
0.371881
0.343735
-0.17205
0.190074
0.135926
0.16941
0.040775
0.0674119
0.0832013
0.0614016
-0.0877445
0.181819
0.0253965
-0.219246
-1.08752
-0.275492
0.204981
-0.401484
-0.00913807
0.454541
0.285177
0.381817
0.191908
0.417272
0.422604
0.423064
0.429708
0.479652
0.268263
0.149803
0.246525
0.300823
0.37429
0.258714
0.0592527
0.234335
0.288619
0.125075
-0.0813592
0.207132
0.223258
-0.0242877
0.315775
0.22174
0.103053
0.207027
-0.186087
0.257575
0.18596
0.0810102
0.00245529
0.13437
0.167797
0.213476
0.19939
0.112236
0.109797
0.17566
0.175037
-0.124535
-0.159129
0.517568
0.33668
0.234869
0.165308
0.325896
0.37233
0.421314
0.609534
0.661317
0.614857
0.476614
0.560934
0.567181
0.630731
0.396736
0.55857
0.615045
0.565894
0.491217
0.570234
0.575088
0.625305
0.115965
0.258032
0.269306
0.388635
0.22533
0.267965
0.280784
0.285959
0.0739622
0.429684
0.482326
0.306576
0.231619
0.431736
0.345394
0.413119
0.338582
0.345203
0.528128
0.549771
0.418334
0.367094
0.479522
0.500467
0.384184
0.622652
0.56981
0.55414
0.489185
0.562489
0.499898
0.570843
0.310329
0.24528
-0.177274
0.0610456
-0.16343
-0.0397059
0.0364112
-0.0964576
-0.00747728
0.000560364
0.0245401
0.108634
0.0202796
-0.0709901
-0.0457401
-0.00483353
-0.0864371
-0.103448
0.0793817
0.00667701
0.0204152
-0.0104941
0.0144803
0.0138236
0.0580767
0.0272837
0.0261463
-0.0631659
-0.17544
0.145114
-0.0922863
0.128584
-0.0524362
-0.0926688
-0.302762
0.118791
-0.0341898
-0.118837
-0.423412
0.116255
-0.0863401
-0.0649206
0.0242977
-0.0588302
-0.00984775
-0.285767
-0.0729757
0.0228419
-0.120522
-0.158126
0.134688
-0.022219
-0.0554255
0.0153038
-0.000345263
-0.0297414
-0.0380747
-0.0352754
-0.0230048
0.0581812
-0.122041
-0.0128445
0.0783232
-0.00768873
0.0576597
-0.132988
0.1147
0.18591
0.0112859
0.107321
0.176456
-0.00249464
0.0305509
0.085572
-0.0195522
-0.0874987
-0.0739031
-0.0213362
-0.0700382
0.00486109
0.0806367
-0.039832
-0.00973103
-0.0770052
0.0383135
0.00973315
-0.115902
-0.0613774
0.184908
-0.206197
-0.201364
-0.548776
-0.324852
-0.610266
-0.595156
-0.484284
0.0346008
-0.116607
0.122318
-0.10522
-0.057453
-0.0862818
0.11663
0.0395675
0.0730709
-0.0224309
0.0426403
0.0813983
-0.13777
-0.0311557
-0.0260523
-0.0329941
-0.0370379
-0.244237
-0.212184
-0.301629
-0.104006
0.0722156
-0.0029413
-0.154676
-0.00305031
-0.235301
-0.178202
-0.0100137
-0.0301939
-0.145226
-0.0944334
-0.0532062
-0.693787
-0.147921
-0.164898
-0.621778
0.215457
-0.141797
-0.145599
-0.499847
-0.332595
-0.131018
-0.16699
-0.251697
-0.135831
-0.215909
-0.187261
-0.165349
-0.0723889
-0.119822
0.0184038
-0.0464618
-0.275555
-0.0139079
-0.0133346
0.239325
-0.866555
-0.142314
-0.226906
-0.633496
-0.372397
-0.195088
-0.297916
-0.293683
0.0879399
-0.396867
-0.298356
-0.0467815
-0.12954
-0.38666
-0.153514
-0.124154
-0.213936
-0.113478
-0.0893207
-0.0246172
-0.218372
-0.158424
-0.0918212
-0.236645
-0.0294805
-0.0858099
-0.190754
0.00527423
-0.207444
-0.237898
-0.333819
-0.300422
0.102478
0.200133
-0.29328
-0.080382
0.0872823
0.0753555
-0.106124
-0.338189
0.00105887
-0.0498231
-0.0839409
-0.00910968
-0.0290034
-0.0126414
0.00150943
0.0338137
-0.105489
-0.179598
-0.0791101
0.063383
-0.154306
-0.250524
-0.147416
-0.0696368
-0.0102753
-0.0734763
-0.275528
-0.127775
-0.0899738
-0.236046
-0.406625
-0.0660368
-0.0223866
0.0118407
-0.0925236
0.0285407
-0.199423
-0.148594
-0.0729038
-0.0176439
-0.145472
-0.0892929
-0.0653302
-0.120549
-0.106516
-0.104841
-0.0603114
-0.0433736
-0.0708749
-0.0946601
-0.159254
-0.0661895
-0.0881746
0.0129427
-0.104239
-0.101793
-0.0257142
-0.0257987
-0.0783186
-0.0517856
-0.159856
-0.0347556
-0.215508
-0.109182
-0.0813226
-0.194988
-0.0323809
-0.0106539
0.261526
-0.221274
-0.283709
0.149488
-2.18028
-0.217312
-2.99244
-1.1802
-0.689234
-0.0826346
-1.49072
-0.320509
0.0331048
0.0416566
-0.0075636
-0.00848845
0.105274
0.14409
0.0596048
0.0646479
-2.83985
-0.0463224
-2.72938
-0.71638
-0.310151
-0.0488937
-1.16044
-0.519062
-0.765652
-0.345937
-0.767896
-0.640557
-0.487021
-0.167961
-0.769798
-0.554726
-0.0542986
-0.296826
-0.864599
-0.0443378
-0.307927
-0.294382
-0.355366
-0.335038
0.0503207
0.166083
0.0522306
-0.0954283
-0.0590415
0.208005
0.125697
-0.198335
-1.50469
-1.13589
-0.316969
-1.0274
-1.28792
-0.860496
-0.810633
-0.217549
-0.278949
-0.877402
-0.130828
0.00798762
-0.179051
-0.287743
-0.211818
-0.310933
-0.076283
0.203501
-0.0273907
0.0137567
0.0115159
-0.131664
-0.0367526
-0.0040437
0.22359
-0.902037
-0.0145564
-0.920043
-0.201398
-0.0510538
-0.00479657
-0.361041
-0.0620971
0.00697755
0.00859977
0.0466463
0.00558807
-0.0199024
0.00872627
0.000907959
0.138293
-0.410356
0.0955653
-0.144945
0.0321962
0.107278
0.0911701
0.0785209
0.171127
-0.00513641
0.0428858
-0.0998266
0.112953
0.0161576
0.317724
-0.0442653
-0.00897761
0.0178332
0.0492091
-0.203751
0.0847989
0.16708
0.0825674
0.062069
-0.028982
0.0448206
0.11069
0.0263685
0.0839701
-0.0124186
0.0466207
0.15319
-0.115767
0.00555234
-0.0741516
0.0215453
-0.00227258
0.0122109
0.0447773
0.049731
-0.000655776
-0.0158024
-0.0649793
-0.0214838
-0.00445624
0.00195048
-0.00876901
1.59318e-06
-0.0706944
-0.0180948
0.286949
-0.055397
-0.204311
-0.0900588
-0.270637
-0.416209
-0.0465195
0.275366
-0.00356369
-0.0168755
0.0109536
0.0401364
-0.0270009
-0.10403
-0.0298135
-0.156806
-0.0213839
-0.0338564
-0.00622492
-0.0905177
-0.0139762
-0.103625
-0.0739814
-0.0593991
-0.029422
-0.146242
-0.0246387
-0.047033
0.101956
-0.061375
-0.0451536
-0.201476
0.197339
-0.0725614
-0.0910644
-0.0929557
-0.00149739
0.251487
-0.0663726
-0.0389745
-0.0840541
0.00338971
-0.106479
-0.0060356
0.078745
-0.118143
-0.0314657
-0.10039
-0.15899
-0.207008
-0.0510718
0.0441772
0.0063404
-0.00721847
-0.949648
-1.02365
-0.323074
-0.68908
-0.477761
-0.410872
-0.540438
-0.315692
-1.48406
-1.57041
-0.369022
-0.925398
-0.829358
-0.671235
-0.696442
-0.387706
-0.0316217
-0.0952038
-0.0260488
0.059638
0.000583185
-0.122145
-0.061615
0.0927061
-0.468371
-0.660548
-0.27416
-0.615608
-0.367329
-0.545898
-0.502423
-0.834669
-0.831156
-0.376901
-0.444719
-0.679336
-0.702512
-0.454111
-0.78481
-0.589563
-0.609858
-0.472413
-0.383452
-0.331981
-0.232516
-0.432241
-0.324605
-0.363741
-0.28585
-0.550519
-0.55136
-0.271669
-0.254398
-0.682665
-0.477772
-0.535594
-0.136754
-0.300758
-0.372898
0.0611814
-0.221239
-0.311211
-0.328995
-0.345245
-0.00755958
0.07926
-0.0219984
-0.0751142
-0.0185223
-0.0315953
-0.0325647
-0.153056
-0.157661
-1.66192
-1.54261
-0.345258
-0.292972
-0.816939
-0.44961
-1.32806
-0.198227
-1.05143
-1.25411
-0.107122
-0.470948
-0.448291
-0.334171
-0.646016
0.0133424
-0.0306724
-0.0654506
-0.0354191
-0.179345
-0.109354
-0.135938
-0.033133
-0.251282
-0.114796
-0.0833577
-0.314966
-0.114637
-0.0510151
-0.213795
-0.117571
-0.192779
-0.361172
-0.543733
-0.23723
-0.417246
-0.483873
-0.289953
-0.542218
-0.141253
-0.129688
-0.228506
-0.162293
-0.17428
-0.173523
-0.234526
-0.246254
-0.406018
-0.164768
-0.22941
-1.05129
-0.530656
-0.232623
-0.491727
-0.0887066
-2.8116
-2.69276
-0.238467
-1.4414
-2.40397
-0.458637
-0.57148
0.519141
-2.41185
-2.13356
-0.431602
-1.14372
-1.41549
-0.521282
-0.240517
-0.222454
-0.0702292
-0.0495822
-0.0393167
-0.0660687
0.00883036
-0.12436
-0.109259
-0.0418626
-0.705143
-0.852797
-0.323606
-0.546915
-1.0449
-0.46366
-0.188062
-0.35633
-2.02914
-0.174079
-1.48986
-1.18771
-0.600781
0.084396
-1.48149
-0.594663
-0.618654
-0.562006
-0.0327001
-0.143582
0.0158748
-0.387096
-0.34589
-0.218281
-0.177817
-0.600584
-0.40276
-0.309765
-0.33549
0.144981
-0.147484
-0.331325
-0.294509
-0.163093
-0.182752
-0.296693
-0.297601
-0.21434
-0.202958
-0.234139
-1.53913
-1.6153
-0.332576
0.015607
-0.329404
-0.263466
-0.115854
-0.0469369
-1.76534
-1.87998
-0.385699
0.0716902
-0.524565
-0.142647
-0.0941898
-0.0940727
-0.128635
-0.0791474
-0.0190666
0.0110533
-0.0638125
-0.0563551
-0.025446
-0.0304092
0.333273
0.313872
0.163795
0.382972
0.337952
0.254816
0.357782
0.258796
-0.291355
-0.084628
0.182752
0.155936
-0.13109
-0.0593606
0.0862796
0.0542427
-0.408568
-0.00898261
-0.103206
-0.172764
-0.0691447
-0.127931
-0.269067
-0.158837
-0.0822234
0.163043
0.263353
0.138919
0.0752992
0.120123
0.106699
0.151404
-0.0669309
0.0631765
0.0958275
-0.0271853
-0.0293372
0.0162532
0.0114912
0.0620358
-2.4013
-0.240478
-2.81223
-0.975144
-0.57378
-0.666612
-1.42623
-0.663088
-0.10906
-0.00887235
-0.00369779
-0.10495
-0.105051
-0.0874062
-0.13431
-0.0324517
-2.85038
-0.575646
-3.29877
-1.43973
-0.508334
-0.0967874
-1.69689
-0.378956
-0.765896
-0.26629
-0.956901
-0.653177
-0.694156
-0.356778
-0.79937
-0.407058
-0.209582
-0.477152
-1.21876
0.0483138
-0.403826
-0.182757
-0.438196
-0.402716
-0.0967485
0.0294628
-0.246924
-0.506207
-0.294275
0.0597627
-0.189836
-0.38347
-1.87303
-1.11911
-0.280598
-1.07451
-1.4988
-1.04196
-0.671291
-0.239279
-0.749341
-0.986187
0.210947
-0.268616
-0.0136313
-0.219834
-0.588857
-0.642797
-0.00228885
0.120248
0.0187007
-0.169746
0.077925
0.013682
-0.108012
-0.0995959
0.0260522
0.0665738
-0.0211998
-0.715074
0.0218939
0.0673068
-0.00385359
0.0346589
0.0905969
-0.121705
-0.0313145
-0.299218
-0.0612739
-0.0620075
-0.0463272
-0.0919397
-0.240992
-0.300437
-0.314969
-0.488881
0.0659583
0.00755482
-0.178305
-0.208394
0.023293
0.0201783
-0.0125157
-0.4581
-0.0477257
-0.0254365
-0.215591
0.0528297
0.0266586
-0.259184
-0.366124
0.0639195
-0.0678595
-0.0769594
-0.0926326
-0.472137
-0.00030487
-0.0950659
0.0216166
-0.14535
-0.0219357
0.00182859
-0.0914901
0.172785
0.0429788
-0.14952
0.218303
-0.1255
0.0957559
-0.13623
-0.211714
-0.421715
-0.044441
0.0127138
0.0135128
0.0639708
0.0345247
0.0153444
0.060591
0.0500154
0.0140673
-0.0398574
-0.161972
0.0955903
-0.0322094
-0.0277608
0.0289954
0.0284096
-0.243295
-0.025577
-0.46656
0.217565
-0.0150377
-0.143593
-0.226293
-0.323873
0.175553
0.243461
0.378
0.448875
0.322257
0.291013
0.413551
0.401727
0.01176
0.00652477
0.0833575
0.105292
0.0634698
0.0322196
0.0485265
0.0571479
-0.0141506
0.067096
-0.055723
-0.0178049
0.0663566
-0.0217828
-0.147319
-0.0919477
-0.0121469
0.10992
0.135897
0.193248
-0.0265441
0.088403
0.17217
0.126686
-0.0396539
0.121759
0.0922938
-0.101695
0.02709
0.106519
-0.0560091
0.142017
-2.94636
-0.244735
-2.41955
-0.844898
-0.324707
-0.185095
-1.28941
-0.580489
-0.0287684
-0.0174659
-0.0744624
-0.026588
0.00307712
-0.0153312
-0.0350301
0.0110784
-2.59578
-0.123636
-2.17043
-1.21133
-0.214357
0.111174
-1.36529
-0.442351
-0.634246
-0.197322
-1.04728
-0.561662
-0.592921
-0.316307
-0.747218
-0.497479
-0.160906
-0.309384
-0.825988
0.0332767
-0.365673
-0.049674
-0.369217
-0.209055
0.0329862
-0.0261593
-0.124482
-0.258724
-0.262549
0.0414525
-0.0959928
-0.220533
-1.81183
-0.969073
-0.213809
-1.19587
-1.43077
-0.84183
-0.610041
-0.261308
-0.695247
-1.07042
-0.0112601
-0.149146
-0.100199
-0.211346
-0.250592
-0.288219
-1.46054
-1.50877
-0.143947
0.241615
-0.129671
-0.0154223
-0.087098
0.00860862
-1.27516
-1.54358
-0.199236
0.232556
-0.171053
-0.0662269
-0.0678815
0.303986
-0.0680311
-0.110262
-0.0581117
0.101722
0.0287399
0.0370731
0.0740446
0.140414
0.503114
0.474501
0.292463
0.52121
0.489949
0.389336
0.504658
0.3823
-0.289402
0.0095787
0.379628
0.306199
-0.0530182
0.0592453
0.193518
0.156547
-0.380008
0.147916
-0.0659067
-0.104312
-0.00442588
0.167413
-0.0741508
-0.0414711
0.00106237
0.3713
0.350694
0.246895
0.115026
0.296267
0.172114
0.297917
0.0337677
0.183035
0.286087
0.108277
0.0443356
0.08869
0.0875259
0.160718
-0.580559
-1.04723
-0.219444
-0.534674
-0.392436
-0.548422
-0.42579
-0.535046
-1.00158
-0.929687
-0.313097
-0.699444
-0.609437
-0.766556
-0.62234
-0.310772
-0.168511
-0.0209506
-0.0143126
-0.14206
-0.184939
-0.100726
-0.0816374
0.0648515
-0.546623
-0.675646
-0.251328
-0.589585
-0.491508
-0.414529
-0.377142
-0.515348
-0.55329
-0.423786
-0.405081
-0.586395
-0.576724
-0.304763
-0.773323
-0.554428
-0.666691
-0.472447
-0.229756
-0.286365
-0.557282
-0.685193
-0.291471
-0.256093
-0.305652
-0.424063
-0.457585
-0.121515
-0.213134
-0.477832
-0.217715
-0.475569
-0.234372
-0.200534
-0.458156
-0.13143
-0.164229
-0.186156
-0.17815
-0.166924
-0.0150048
-0.0443864
0.128881
-0.0848191
-0.0761515
-0.00362935
0.021241
0.0269082
-0.346826
-0.626722
0.0267189
-1.2455
-0.556249
-0.243346
-0.331127
-0.149398
0.161827
0.162009
0.167239
0.17757
0.126589
0.162598
0.154722
0.166439
-0.207
-1.26687
0.149397
-0.716393
-0.525681
-0.105894
-0.335179
-0.28347
-0.197506
0.0559492
-0.140301
-0.343668
-0.0879722
0.0365336
-0.345419
-0.0499675
-0.0969411
-0.121124
0.0803266
0.0779085
-0.0725449
0.235336
0.144751
-0.0266411
0.16553
0.0602337
-0.224601
0.0732953
0.209796
0.0688307
-0.0172832
0.353832
0.169524
0.169264
-0.304703
0.11949
0.113344
0.0647745
0.0701803
0.0526157
0.01886
0.078681
-0.037272
0.0662847
0.0252739
0.0323378
0.0237412
0.0474921
0.11719
0.148705
0.184021
0.192774
0.14266
0.147669
0.178782
0.186486
-0.301497
0.140706
-0.604718
0.292415
0.0852349
0.115659
-0.214
-0.192784
0.153468
0.271922
0.48455
0.343051
0.176182
0.183177
0.343101
0.36808
0.0861955
-0.014108
0.0803159
0.161099
0.115133
0.0865926
0.132556
0.0784495
0.0922831
0.164134
0.116223
0.0117612
0.123925
0.167947
0.145402
0.109627
0.132037
0.145226
0.240017
0.255457
0.143177
0.157733
0.0954136
0.172112
0.15327
0.311985
0.25487
0.165707
0.079929
0.0972011
0.134152
0.300377
0.602772
0.369263
0.494359
0.499254
0.533627
0.560952
0.5116
0.470606
0.229251
0.183442
0.216519
0.234156
0.201445
0.21333
0.245007
0.229017
-0.0150912
0.230525
-1.51947
-1.23469
-0.0484172
-0.0214672
-0.634052
-0.295973
0.180024
0.248892
-1.10668
-0.676859
0.0588787
0.210613
0.215716
0.51341
0.29166
0.381276
0.371967
0.24264
0.344419
0.465432
0.309559
0.489392
0.339728
0.22682
0.277799
0.615492
0.284834
0.26195
0.27057
0.241149
0.394935
0.4348
0.300559
-0.21427
0.133387
0.251562
0.025076
0.12924
0.259562
0.211442
0.226816
0.144941
0.108547
0.130513
0.196501
0.15233
0.476004
0.368153
0.396449
0.38777
0.535083
0.498626
0.461322
0.416871
-0.122929
-0.84479
0.326806
0.207571
0.176552
0.0748571
0.190497
0.174755
0.216482
0.218547
0.163642
0.218521
0.239573
0.219436
0.194512
0.178697
0.300268
0.269321
0.292747
0.173813
0.39825
0.373238
0.256864
0.18911
0.374383
0.325602
0.44424
0.400073
0.39913
0.421482
0.365446
0.40073
0.304392
0.334817
0.205372
0.284978
0.35789
0.392713
0.233567
0.264067
0.286744
0.335998
0.204812
0.227772
0.28472
0.280434
0.297373
0.275274
0.250038
0.186364
0.178023
0.235025
0.253727
0.266155
0.245496
0.346941
-0.280803
-0.35485
-0.184237
-0.126483
-0.320723
-0.208927
-0.0920343
-0.207899
0.190046
0.735296
-0.274586
0.022614
-0.0882256
-0.102364
-0.0748122
-0.00997779
-0.103627
0.0887469
-0.000771306
-0.0477257
-0.182772
-0.0824954
-0.0207728
0.0468079
-0.0259798
0.0505257
-0.0673586
-0.0799165
-0.0261511
0.0169685
0.00232933
-0.114353
-0.0319781
-0.128445
-0.0839357
-0.0146493
-0.090219
-0.067346
0.0245264
-0.0734233
-0.126968
-0.0470448
-0.114877
-0.134644
-0.257742
-0.158861
-0.105878
-0.058765
-0.0737313
-0.00146538
-0.0510799
-0.0351441
-0.0883273
-0.145518
-0.100105
-0.0632587
-0.111944
-0.0430806
-0.142287
-0.266245
-0.121437
-0.0758142
-0.146594
0.0111231
-0.497819
-0.190827
-0.451967
-0.378269
-0.0350853
-0.38671
-0.353967
-0.381684
-0.0949616
0.0363074
-0.042275
-0.0651511
-0.0178937
-0.016597
0.00099907
-0.11523
-0.0474741
-0.185803
0.220134
0.0718592
-0.0246993
-0.402601
0.01734
0.0348776
-0.304789
-0.326663
-0.145578
-0.284223
-0.374736
-0.245704
-0.348984
-0.336938
-0.10255
-0.176558
-0.503112
-0.191322
-0.119941
-0.403995
-0.206838
-0.376114
-0.101351
-0.159925
-0.341075
-0.515504
-0.105314
-0.176538
-0.152987
-0.230881
-0.231098
-0.292388
-0.316154
-0.245216
-0.157706
-0.652698
-0.377455
-0.194797
-0.114697
-0.391771
-0.0168023
-0.0957011
-0.396157
-0.40351
-0.233546
-0.287629
0.266872
-0.136401
0.274981
0.228877
0.392377
0.578487
0.276357
0.42519
-0.749443
-0.811242
0.265003
-0.990804
-0.167195
-0.12028
-0.525529
-0.375322
0.130383
0.145655
0.103935
0.158055
0.137456
0.114851
0.121755
0.0846677
-0.300292
-1.60707
0.420417
-1.12514
-0.129871
-0.0778333
-0.286864
-0.45181
0.127052
0.213658
0.271188
-0.146874
-0.176525
0.615605
-0.44314
0.293178
0.401595
-0.111894
0.0821982
0.173169
0.244393
0.0433513
0.199909
0.219821
0.167388
0.0644323
-0.486056
0.205489
0.116792
0.249454
0.270851
-0.255734
0.156926
0.135799
-0.317952
0.1153
0.0163219
0.166245
0.239788
0.228773
0.28794
0.260179
0.0450826
0.272562
0.361599
0.280475
0.308861
0.276577
0.1113
0.0960908
0.154145
0.102993
0.111987
0.0921374
0.109654
0.102994
-0.338416
0.0915573
-0.0856701
-0.0816421
0.394859
0.232236
-0.354747
-0.308656
0.222045
0.134187
0.251917
0.2196
0.260204
0.246118
0.232579
0.217809
0.23786
0.379572
0.265694
0.163587
0.169419
0.23151
0.147285
0.268364
0.236935
0.154233
0.0937448
0.357877
0.132445
0.144463
0.164676
0.130812
0.229888
0.23828
0.132831
0.231072
0.292287
0.17918
0.204853
0.266342
0.215305
0.225312
0.114661
0.146165
0.146283
0.174558
0.168954
0.176867
-0.0123326
-0.0174049
-0.0596894
0.0699043
-0.00880082
-0.0157666
-0.0312679
-0.0108551
0.0474886
0.0724536
0.0815988
0.104089
0.0651045
0.0952148
0.0956339
0.10558
-0.381992
-0.0252822
-1.07231
-1.25349
0.0577185
0.288183
-0.220745
-0.0796294
-0.136275
0.183551
-0.896266
-1.30518
-0.077487
0.0440795
-0.0332551
0.0285107
0.0286834
-0.00949804
-0.102944
0.0562268
-0.0271674
0.0553636
-0.00275058
-0.0373723
0.0466928
0.1294
0.147776
0.0610451
0.0137786
0.088259
-0.0660781
0.0823201
-0.198706
-0.240689
0.0495403
-0.249834
-0.517605
-0.0952831
0.074818
0.17567
-0.109974
-0.198821
0.106326
-0.0230615
0.0921733
0.144012
-0.0738335
0.0108756
-0.0132355
-0.0820931
0.00608914
0.015168
-0.00850991
-0.0261231
-0.00636222
-0.000285576
-0.390029
-0.73229
-0.0371637
0.0170081
0.0237098
-0.105971
0.161915
0.203267
0.0453897
0.102525
0.0764611
0.106547
0.0820173
0.0799149
0.0854814
0.0894651
0.0710718
0.206328
0.154069
0.25994
0.175458
0.174769
0.192609
0.200933
0.0118454
0.0285167
0.0382795
0.0562817
0.00599885
0.0401292
0.085649
0.0453559
-0.0713234
0.103782
0.0471593
0.0259131
0.0155614
0.121334
-0.0464338
0.0333253
0.0239631
0.0614937
0.162382
0.124558
0.0481657
0.069881
0.107382
0.113578
0.0291003
0.135732
0.196508
0.0889878
0.0573101
0.107445
0.0715035
0.128408
-0.0201171
-0.0016308
-0.0317222
-0.0244228
-0.063373
-0.0256022
-0.00979682
0.00405742
-0.182552
-0.128013
-0.458071
-0.0855803
-0.672151
0.173956
-0.286429
-0.158834
0.0129006
0.0265591
0.00206863
0.0157345
-0.0168092
-0.0155199
-0.00173212
0.00999295
-0.0325052
0.0207338
-0.0100235
-0.0580536
-0.0308482
0.0246838
0.0248208
0.0816897
-0.0578295
-0.144456
-0.0175089
-0.0735495
-0.0214912
-0.0874325
0.0393943
0.0907254
0.198199
0.16877
-0.113812
-0.0804995
0.180432
-0.0419252
-0.00632869
-0.125014
-0.0555697
0.00111087
-0.0974784
-0.0303261
-0.0780342
0.108116
-0.0632604
-0.117462
-0.0128643
0.0081823
0.0629802
-0.0377354
0.0878068
0.00391122
-0.0735378
-0.113177
-0.0215971
-0.104096
-0.0865442
-0.144272
-0.0804343
0.0846832
-0.102205
0.0368289
-0.0284511
-0.00204838
-0.00160765
-0.0153503
-0.0256578
-0.0312749
-0.0209406
-0.0325954
-0.228481
-0.247678
-1.09828
-1.6805
0.615811
0.106159
-0.277828
-0.709678
-0.302764
-0.130806
-1.00762
-0.611274
-0.106738
-0.0602906
-0.502868
-0.563224
0.0551449
0.211435
-0.0150862
-0.0219568
-0.0815584
0.00629605
-0.147676
0.148506
0.0542154
-0.00742693
-0.0149658
0.187902
-0.0614956
-0.048234
-0.186332
-0.0234108
0.0340969
0.00216029
-0.0739627
-0.48314
-0.255131
-0.097373
0.224396
-0.10588
-0.0229185
-0.716231
-0.127777
-0.0967292
0.123131
0.0456028
-0.0170765
-0.154638
-5.60384
-5.59441
-0.759792
-3.90849
-6.45955
-1.48399
-2.94795
-0.873527
-7.94944
-6.40873
-3.88425
-5.22089
-9.13678
-3.79339
-5.18373
-4.75131
-0.47135
-1.94563
-1.23921
-1.25577
-1.69452
-1.31987
-1.48654
-1.49951
-1.38006
-3.21262
-2.47053
-1.71082
-1.8671
-2.30649
-1.88521
-2.8026
-8.4269
-2.65057
-1.8308
-4.46773
-3.10887
-1.97272
-3.27932
-2.52336
-0.0288757
-3.01338
-2.87135
-0.0666457
-1.44067
-2.26204
-2.09053
-4.30654
-1.24365
-1.25708
-3.21861
-2.1006
-1.72532
-2.65494
-3.37261
-2.18612
-0.71462
-2.02599
-4.15514
-2.68862
-1.18104
-1.99821
-3.4787
-4.13431
-1.85327
-3.13875
-3.04841
-0.508205
-1.03596
0.207272
-1.81472
-0.401069
-1.35038
-1.48903
-2.5377
-0.958907
0.530371
0.754334
-0.455268
-0.180932
-3.16995
-2.53495
-3.76682
-1.777
-1.31856
-1.90194
-2.21688
-1.51205
-2.48949
0.636568
-1.58605
-1.59317
-1.42354
-1.32656
-1.43351
-0.810244
-1.18283
-0.218597
-3.88545
0.232266
-2.04813
-1.24355
0.230742
-2.59416
-0.591692
-0.107046
-1.23031
1.21419
-1.83532
-1.91313
-3.83898
-0.740134
-0.937529
-2.67302
-0.0172558
-2.06003
-1.13639
-1.30745
-1.15696
-2.46964
0.269086
-1.20706
0.110813
-1.80683
-1.10716
-1.64484
-1.63606
-1.73519
-0.0872626
-2.88441
-1.69195
-1.55085
-1.54616
-1.61796
-1.47907
-1.5354
-3.2724
-1.15662
-1.44657
-2.10784
-1.54262
-2.05846
-2.24041
-1.07901
-0.960894
-0.479322
-0.423041
-0.994931
-1.0081
-0.966178
-0.782598
-0.950078
-2.19457
-1.37893
-1.94328
-2.84933
-1.41934
-1.62114
-2.38187
-2.27476
-3.77377
-1.71269
-2.46095
-3.56935
-2.46997
-1.48951
-3.55905
-2.00083
-3.36699
-2.34649
-1.7277
-2.0935
-3.1282
-2.10213
-0.655703
-1.13897
-1.38326
-1.82623
-1.78152
-1.79271
-1.51345
-2.3714
-1.59986
-1.563
-1.34302
-1.64096
-0.550478
-0.210603
-1.52113
-1.63211
-1.02377
-0.77344
-0.228418
-0.854045
-0.546782
-0.305854
-0.0949287
-1.10161
-0.241252
-1.01552
-1.95028
-2.57869
-3.08438
-2.28679
-0.809395
-1.79746
-2.20921
-1.874
-0.65227
-1.98564
-0.140718
-0.984941
-0.671655
-1.56682
-0.751272
-1.05418
-0.667387
-1.95988
-1.79801
-1.96846
-1.62017
-1.23437
-1.54506
-1.45951
-0.0777707
-0.531434
-1.18939
-2.47219
-0.673043
-0.430556
-0.823367
-1.1736
-1.14256
-2.96364
-2.64446
-1.11468
-1.45503
-2.20291
-1.4877
-2.55148
-0.611717
-0.618295
-2.16047
-1.49289
-0.660601
-1.42283
-1.68185
-1.06774
-1.16203
-2.16839
-3.4943
-2.34251
-0.437826
-1.15394
-2.35048
-3.0686
-0.110214
-0.663373
-0.247629
0.104079
-0.342798
-0.259446
-0.206796
-0.333636
-0.951552
-1.43964
-1.16278
-0.742822
-0.404739
-0.269878
-0.349997
-0.380442
-0.757975
-0.642828
-0.388021
-0.676406
-0.349313
-0.312031
-0.435121
-0.499814
0.131282
0.851963
0.538329
-0.878635
-0.653603
-0.582824
0.0241558
-0.206763
-0.322065
-0.346009
0.139253
0.181921
0.0118481
0.160198
-0.24757
0.0168764
-0.258202
-0.118867
-0.192103
-0.335748
0.0658194
-0.248086
-0.515993
-0.180758
-0.448848
0.0679218
0.120425
-0.214173
-0.0716001
0.0792995
-0.200181
-1.17895
-0.26162
-0.112499
0.317269
-0.426856
-0.605563
-0.280732
-0.530166
-0.732137
0.145376
-0.340101
0.12123
0.164666
0.578828
-0.169561
-0.0387909
-0.325167
-0.139501
0.14633
0.768316
-0.181939
-0.247005
-0.165078
-0.249991
-0.194298
-0.0432824
-0.000720601
-0.496055
-0.0705441
0.0407053
-0.486684
-0.297054
-0.140753
-0.0282116
-0.0833769
0.0425923
0.13522
0.0677056
-0.15772
-0.0509013
0.0361818
0.636951
0.00994273
0.253605
-0.0192691
-0.148192
-0.491386
0.0305989
-0.0903791
-0.802396
-0.171074
-0.0138524
-0.208267
0.612589
-0.239909
0.0866935
0.153239
0.132142
0.0665294
-0.0159992
-0.0580962
-0.0694222
-0.129025
-0.172383
-0.232153
0.0933681
-0.20754
-0.069887
0.0176431
-0.114441
-0.203813
-0.0629048
-0.111773
-0.651149
-0.591871
-0.352388
-0.3976
-0.798895
-0.48774
-0.314639
-0.737069
-1.12232
-0.137587
-0.696683
-2.80216
-0.854921
0.0369501
-0.744989
-0.348884
-0.46515
-0.606987
-0.253848
0.221406
-0.184771
0.0622361
0.140334
0.115612
-0.823828
-0.979245
0.0823744
-0.69743
-1.38886
-1.10239
-0.811166
-0.611775
-2.59652
-1.16199
-1.12567
-1.90751
-0.272679
-0.217111
-1.72697
-0.69439
-0.88687
-1.24297
-0.0781475
-0.776439
-1.09523
0.011662
-0.411715
-0.880663
-0.234494
-0.595777
-0.915842
-0.0498795
-0.231023
-0.88974
-0.490601
-0.761885
-0.223243
-0.226521
-0.791197
-0.546171
-0.126132
-0.445832
-0.257207
-1.40369
-0.194312
-0.119143
-0.356866
0.317629
-0.329329
-0.430179
-0.39439
-0.3826
-0.558259
-2.61455
-1.67914
-0.216834
-0.669295
-1.18252
-0.634226
-1.53073
-0.519019
-2.14529
-1.13861
-1.02955
-0.550665
-1.16973
-0.356858
-1.61609
0.0100988
-0.0230927
-0.271985
-0.0240324
-0.233954
-0.192144
-0.0376944
0.0172614
-0.408218
-0.306449
0.082374
-0.342254
-0.206993
-0.572621
0.226688
-0.239345
-0.576465
-0.427597
-1.66924
-0.481573
-0.130413
-0.897013
-1.2045
-0.349256
-0.189336
-0.241592
-0.251887
-0.233581
-0.119954
-0.110505
-0.248216
-0.389078
-0.450905
-0.292245
-0.19881
-1.73023
-0.625088
-0.455809
-0.696382
-0.751845
-0.745312
-0.576917
-0.400523
-0.197637
-0.418984
-0.447282
-0.200316
-1.31053
-0.699617
-1.92187
-1.31693
-1.35424
-0.0749964
-1.07925
-1.55759
-1.42361
-0.318113
-2.67517
-1.14255
-1.15453
-2.20013
-0.985309
-1.95303
-0.460493
-0.0215216
-2.75378
-0.834963
-1.43819
-3.02563
-1.01247
-1.28783
-2.80483
-0.805666
-0.887492
-1.02892
-1.71173
-1.74142
-0.0909203
-1.52259
-0.367661
-0.385682
-1.31011
-0.642476
-0.464508
-0.150044
-1.60944
-0.931144
-1.53125
-0.379901
0.0629618
-2.82528
-1.25334
-0.447604
-2.17549
-3.49786
-0.84686
-1.49142
-3.02949
-1.83758
-1.30844
0.349334
-0.438395
-1.65111
-2.45219
-0.938128
-1.2599
-0.864514
-2.23859
-1.51415
-1.94979
-1.9649
-2.41532
-1.54754
-2.69012
-3.23271
-2.09696
-1.44419
-1.95875
-1.91742
-3.19688
-0.224035
-4.27469
-6.37746
-0.690148
-0.0399759
-1.93253
-0.644777
-2.39912
-3.35022
-2.46568
-0.713907
-3.05022
-3.70083
-0.301456
-3.4093
-5.05596
-0.963049
-0.912105
-1.63272
-1.3616
-1.35064
-2.15752
-1.98489
-2.32111
-1.05387
-1.63282
-0.242554
-0.87332
-2.01423
-2.21171
-1.33789
1.63762
-1.98135
-3.40074
-1.96645
-2.24048
-2.69445
-4.04552
-7.55033
-0.517733
-3.66444
-4.27056
-1.66085
-3.26868
-0.00858323
-1.18904
-2.20286
-2.53348
-0.878174
-1.16654
-0.82383
-0.225215
-0.490985
-0.806678
-0.664618
-0.617398
-1.33355
-7.18939
-5.944
-3.0523
-1.08
-1.25111
-1.43512
-3.13497
-2.8524
-7.02954
-9.15771
-3.04852
-2.38267
-3.40296
-3.14328
-4.95407
-1.40355
-2.17226
-1.07073
-0.928843
-1.165
-0.963216
-1.04404
-0.951275
-0.700199
-0.934257
-0.585187
-1.58025
-1.10203
-1.78819
-0.775142
-1.47043
-0.878844
-1.78418
-1.69227
-0.629983
-0.944044
-1.82897
-2.33616
-0.709474
-0.73694
-0.795438
-1.31425
-2.27838
-2.35541
-2.06151
-2.40221
-0.990947
-1.26176
-1.86357
-2.55378
-3.23864
-2.05606
-1.36424
-1.30908
-2.55365
-5.36531
-5.80719
-0.730381
-2.3655
-4.86349
-0.395407
-1.85815
0.239521
-4.56617
-2.37147
-1.15221
-2.14315
-3.57262
-1.44139
-2.05231
-0.885019
-1.14167
-1.02698
-0.821105
-2.6022
-2.3572
-2.54471
-2.26336
-1.75498
-1.12604
-3.18497
-3.08702
-1.98314
-1.86698
-2.58952
-2.0872
-3.49091
-6.27466
-2.72633
-1.72883
-2.89081
-2.93065
-1.88987
-3.67007
-2.18827
-0.453006
-2.57321
-1.94002
-0.818952
0.620161
-2.33541
-1.45795
-2.53008
-1.77654
-1.16613
-2.98561
-2.82185
-2.25344
-2.52966
-3.19548
-2.37045
-0.985742
-1.71911
-2.47256
-0.786673
-2.35853
-2.75504
-1.60503
-2.33158
-2.03979
-7.33473
-1.27073
-1.93799
-2.89206
1.2331
1.79776
0.890172
-6.86767
-4.48986
0.108191
-2.95349
-3.47649
-0.241004
-0.438102
0.322048
-2.92382
-0.103786
-2.90206
-0.606329
-0.317865
-0.432231
-1.06492
-0.703571
-1.43027
-0.704346
-1.57317
-0.963186
-0.767348
0.163291
-0.0829966
0.246594
-3.02418
-0.41037
-1.6127
-0.839639
0.388936
-0.202976
-3.92275
0.415087
0.835112
-0.124432
-0.11417
-0.0210266
1.33819
0.916575
-0.541868
-0.0994749
-1.06362
0.303196
0.192085
-1.12133
-1.67479
1.15309
-0.513365
0.619576
-0.023221
-0.762523
1.08586
0.0402695
-0.304151
-0.3547
-0.463317
-0.283295
-1.89528
-0.0966075
-1.47761
0.286983
0.0942286
-0.528852
-0.170765
0.0670246
-0.17138
-1.91698
-2.70294
0.391897
0.030473
-1.69941
-0.675579
-0.280473
-1.53084
-3.06894
-0.820012
1.07253
0.90578
-0.946725
0.776389
0.435328
0.948411
1.10806
1.42639
1.54022
1.1707
1.04079
1.39658
1.29122
0.245912
0.144713
0.694732
0.564654
0.341132
0.370262
0.646762
0.441204
0.279398
0.209396
-1.62206
0.120106
0.346492
-0.089169
-0.427214
0.453275
0.225583
0.897325
0.728259
1.13402
0.648283
0.753729
0.899524
0.987086
0.267578
1.15827
0.663735
0.106882
0.00965922
0.394427
-0.261545
0.777088
-1.12125
-2.80438
-0.68804
1.24353
0.876663
-0.509271
1.02265
0.439605
-2.49914
-1.63556
-0.0353608
0.515052
-0.14038
-0.403085
0.0971935
0.319525
-1.37147
0.493791
-2.20634
0.457282
0.153238
-0.0589805
0.269255
0.414702
1.7085
1.20869
1.1205
1.64086
1.57422
1.2565
1.59412
1.3359
0.211574
0.367726
1.29892
0.867654
0.126718
0.560115
0.844182
0.873213
-0.399764
0.65571
0.190261
-0.192914
0.57778
0.695339
0.212832
0.288723
0.436053
1.30945
1.04563
1.12301
0.935841
1.21681
1.0308
1.20183
0.43826
0.837461
0.930811
0.576643
0.556485
0.677216
0.489948
0.771574
-1.59042
-0.646664
-5.0852
-2.31706
-0.0153052
-2.04343
-3.21003
1.33808
-1.27168
-2.59322
0.780332
0.826421
-0.624638
0.856055
0.327073
-0.863821
-4.31909
0.126657
-3.91634
-2.48244
0.055689
-0.807109
-2.71315
0.199356
-2.88294
-1.3293
-1.31197
-1.50976
0.191089
0.13436
-1.70512
0.163092
-0.611321
-0.147139
0.219518
0.248589
-0.524298
0.606028
-0.11917
0.111379
0.739629
-0.921543
-0.0688187
-0.718213
-0.671894
-0.380834
0.223095
-0.32704
-2.732
-3.5292
-1.47855
-1.0107
-2.85742
-0.0742915
-1.02997
0.0663566
0.211484
-0.192627
0.609611
-0.0627236
0.121107
0.300048
-0.543448
-0.551908
-0.643959
-0.247608
0.139224
-0.675872
-0.320849
-0.11679
-0.0358131
0.19745
0.00128276
0.031918
0.0667691
-0.0441388
-0.00243923
0.0755575
0.0629112
0.0554744
0.215727
0.149456
0.202236
0.235933
0.171569
0.196086
0.223302
0.192044
-0.634462
-0.425602
0.256347
-0.738843
0.00926538
0.176156
-0.0120558
-0.068414
-0.0995705
0.212336
-0.149653
-0.0759595
-0.0988726
0.153715
-0.162703
0.0628584
-0.0170286
0.0390393
0.135351
0.175746
0.0125501
0.0262263
0.0697689
0.101121
0.20562
0.0288256
-0.138143
0.313176
0.12894
0.224337
0.145333
0.0800717
0.233739
0.259563
0.0181382
0.158499
0.20314
0.184738
0.129857
0.124783
0.19453
0.161912
0.218362
0.218719
0.187602
0.191916
0.21762
0.185984
0.0894274
0.0464429
-0.0035391
0.0827503
0.0803304
0.0694236
0.0583919
0.0172603
0.183995
-0.125383
-0.281562
0.170691
0.158708
-0.0739912
-0.018565
-0.163907
0.259382
0.167839
0.353366
0.357983
0.275877
0.256342
0.315661
0.334658
0.156803
0.219788
0.223266
0.153524
0.130321
0.207899
0.153713
0.218349
0.131491
0.106719
-0.0233141
0.175056
0.0816939
0.112879
0.0957716
0.0798553
0.224577
0.253632
0.148092
0.247816
0.263255
0.238713
0.257877
0.23734
0.192726
0.251824
0.055279
-0.0808622
0.172649
0.180557
0.0118265
0.104976
0.238273
0.295179
0.28938
0.304894
0.260355
0.266275
0.262259
0.291076
0.44181
0.67461
0.577345
0.603607
0.491473
0.564282
0.534554
0.570818
0.165701
0.37595
-0.713996
-1.04038
0.14347
0.148993
-0.157315
0.430976
0.293416
0.433028
-1.1736
-1.02044
0.2852
0.206623
-0.32802
0.335205
0.331244
0.289307
0.288169
0.449438
0.376083
0.296033
0.454262
0.359601
0.374885
0.491827
0.453825
0.264179
0.445219
0.461949
0.380102
0.4906
0.254374
0.321388
0.388254
-0.207564
0.223879
0.421526
0.137692
0.290655
0.312427
0.317929
0.475128
0.509066
0.187036
0.118288
0.323374
0.362421
0.0585107
0.442775
0.229918
0.403107
0.151964
0.317531
0.304533
0.320277
0.596567
0.616424
0.402571
0.510478
0.571529
0.539126
0.500056
0.485204
0.266941
0.287158
0.220461
0.251205
0.285888
0.252905
0.262665
0.24595
0.424527
0.421282
0.294903
0.361254
0.39679
0.383214
0.346573
0.377443
0.490555
0.343859
0.357235
0.443854
0.413698
0.320548
0.485185
0.404025
0.45953
0.448949
0.359896
0.274298
0.472733
0.423799
0.361052
0.39191
0.320531
0.362209
0.397347
0.292264
0.322782
0.388099
0.321706
0.374472
0.266832
0.290398
0.422329
0.334385
0.288914
0.304118
0.354467
0.360528
0.0379485
-0.0289074
-0.046884
-0.379565
-0.133861
0.069099
-0.137578
-0.209771
0.027175
-0.00515384
-0.0263276
-0.0466952
-0.00517674
-0.00895441
-0.0295119
-0.00799669
-0.0141449
-0.0224716
-0.00591855
0.0017305
-0.00295095
-0.0261637
0.00937172
0.00713884
-0.151784
-0.048897
-0.0147987
-0.0253796
-0.0345117
-0.00135109
0.0913431
0.0404354
0.00637515
0.00755393
-0.108115
0.0629494
-0.152278
0.0293457
-0.262875
0.125068
0.0113661
-0.00545018
0.015004
-0.0061022
-0.0768896
-0.033024
-0.117772
0.0748215
-0.0160124
0.00374673
0.0250135
-0.0259888
-0.100238
0.0375534
-0.017378
-0.024997
-0.0688509
-0.0151563
0.00527918
0.0221845
-0.0410124
-0.00636294
0.0265228
-0.0481048
-0.905214
-0.338351
-0.394258
-1.76206
-1.46213
0.381258
0.157951
-0.0416659
-0.091861
-0.00290692
-0.0608718
-0.0620435
-0.0749779
-0.0207423
-0.0550738
-0.0774453
-0.113397
-0.0787877
-0.0413192
-0.114241
-0.0670981
0.0479257
-0.0219796
0.0113067
-1.14424
-0.0575942
-0.308819
-0.80163
-0.418039
-0.00554989
-0.247366
-0.152661
-0.14376
-0.247536
-0.694547
-0.0599407
-0.0300363
0.105058
-0.0947102
0.226534
0.0525935
-0.0691218
0.0365223
0.0265823
-0.0981784
-0.0788078
-0.245496
-0.105728
0.00821918
-0.0379557
-0.00409761
0.0247558
-0.435247
-0.231095
-0.107764
-0.0720277
0.0688501
-0.0181967
-0.00610522
0.0214458
-0.0251564
0.185526
-0.0947811
-0.132133
1.01388
-0.216303
-0.0668193
-0.279799
-0.279095
-0.229612
-0.111838
-0.119829
-0.280838
-0.744945
0.0602389
-0.59021
0.0457446
0.134875
0.0200017
-0.00432842
0.135318
0.106279
0.12
0.142655
0.0551426
0.0859054
0.0931787
0.117401
-0.160826
-0.714643
0.0442229
-0.912
-0.52672
-0.187457
-0.374198
-0.234775
-0.171354
-0.113317
-0.169355
-0.132404
-0.137359
0.0559818
-0.108114
-0.16138
-0.268069
-0.0145577
0.0326119
-0.045589
-0.149927
0.215327
0.0864402
-0.0727915
0.0806457
-0.125011
-0.200509
0.0718841
-0.0382061
-0.128101
-0.0532051
0.225317
0.0459563
0.076984
-0.168041
0.0823022
0.0662202
-0.00305323
0.0325623
0.00307339
-0.210724
0.0538217
-0.366629
0.155177
-0.038958
-0.0251087
-0.0570922
0.00509825
0.0726754
0.106218
0.146295
0.137207
0.0859549
0.0949242
0.128001
0.135492
-0.199817
0.0676978
-0.426734
0.221337
0.108017
0.123514
-0.0194137
0.0251658
0.123285
0.192588
0.356278
0.25783
0.151017
0.154496
0.249379
0.267551
0.00228553
-0.059422
0.0843351
0.117495
0.0681383
0.0531688
0.0842125
0.0591287
0.0242347
0.120522
0.0728316
-0.00490759
0.069306
0.126308
0.114991
0.0669933
-0.00124552
0.121219
0.184965
0.220176
0.224279
0.135465
0.10356
0.178836
0.00989991
0.24855
0.199516
0.15069
0.0844419
0.114532
0.101468
0.239652
0.395555
0.18441
0.397219
0.326214
0.370222
0.517319
0.439428
0.431168
0.154477
0.127402
0.164255
0.14882
0.121508
0.151113
0.164588
0.157319
0.0804661
0.185055
-1.07742
-0.699417
-0.0942073
0.14007
-0.180179
-0.0854329
-0.0172963
0.0682286
-0.835712
-0.707475
-0.100054
0.191356
0.0295581
0.256278
0.130608
0.350511
0.299597
0.131688
0.22155
0.411736
0.185486
0.343017
0.226327
0.179479
0.194528
0.614662
0.181654
0.209594
0.205318
0.172369
0.237541
0.243285
0.231079
-0.297367
0.105754
0.200415
0.0319281
0.172529
0.228293
0.0264879
0.232318
0.0894968
0.192315
0.0483583
0.0623511
0.0686791
0.328153
0.291819
0.257132
0.328006
0.476869
0.422881
0.354445
0.312113
0.030598
-0.323796
0.148747
0.0835047
0.247058
0.0645529
0.156192
0.0831571
0.150165
0.190055
0.120368
0.168833
0.179935
0.158379
0.140624
0.130429
0.264638
0.196138
0.236433
0.139847
0.343662
0.305648
0.230601
0.16627
0.408673
0.261366
0.398835
0.361732
0.345923
0.391849
0.290732
0.351595
0.25929
0.331275
0.197509
0.223577
0.264817
0.412608
0.168365
0.235689
0.222914
0.302299
0.214641
0.194467
0.218056
0.266183
0.242097
0.289522
0.182921
0.155343
0.182475
0.176727
0.184733
0.213821
0.177793
0.277496
-0.944599
0.176196
0.0473772
-1.22228
0.0337508
-0.0600179
-0.3929
0.0522562
0.432245
0.577572
0.284444
0.53994
0.55894
0.462511
0.379083
0.526961
0.171563
0.199823
0.133761
0.136772
0.14151
0.130497
0.133714
0.156214
-1.03279
0.231075
0.106678
-0.543601
-0.0969827
0.106418
-0.227292
0.118798
0.383038
0.207815
0.00377645
0.445158
0.205859
0.125418
0.219953
-0.00747663
0.31902
0.348369
0.24185
0.174495
0.329369
0.340669
0.277131
0.235469
0.151939
-0.356782
0.256629
0.0963178
0.0404134
0.0754507
0.129439
0.242417
0.166609
0.233406
0.381759
0.276993
0.11272
0.173591
0.192184
0.247645
0.108974
0.168978
0.16104
0.144392
0.113681
0.119004
0.14438
0.173279
0.274435
0.505075
0.457972
0.397863
0.41228
0.433453
0.376153
0.449496
0.0961272
0.254955
-0.216692
0.180413
0.139609
0.0674708
0.136499
0.266295
0.194159
0.346324
0.305459
0.291032
0.25208
0.261845
0.280401
0.341023
0.185015
0.148632
0.180688
0.304267
0.24294
0.184387
0.243868
0.189761
0.211695
0.338835
0.350121
0.189945
0.283959
0.31388
0.247769
0.334776
0.19153
0.18676
0.339582
0.294183
0.200919
0.232035
0.233362
0.251589
0.196766
0.339553
0.375971
0.397054
0.210376
0.273667
0.311297
0.33172
0.0823898
0.0377985
0.106379
0.105426
0.0700603
0.0721283
0.0977578
0.0793409
-0.0118345
-0.0322711
-0.110864
-0.0135072
-0.0120681
-0.0377819
0.00144094
-0.0421214
0.0197762
-0.193965
-1.05573
-0.886685
-0.219453
0.0371711
-0.0932612
-0.437487
0.0722397
-0.220466
-0.705692
-0.513236
0.0315791
0.042358
0.0472627
-0.0608788
0.0102047
0.117892
0.126835
-0.0682391
-0.00752071
0.0745678
-0.0290582
0.0900604
0.00583655
-0.0718998
-0.145178
0.0742117
-0.0418573
-0.0599953
-0.0248533
-0.0246285
0.0888814
0.14611
-0.197413
0.00588664
0.0435165
0.128335
-0.149978
0.0108623
0.07639
-0.494462
-0.149082
-0.18095
0.0166037
0.110996
-0.211881
-0.245682
-0.586343
-0.0749429
0.0534941
-0.0544804
-0.772443
-0.0248138
-0.234379
0.0420928
-0.110741
-0.0140582
-0.000287519
-0.0611601
-0.0801687
-0.032088
-0.0472704
-0.0261221
0.111547
0.0388949
0.0781163
0.107526
0.0703985
0.0754198
0.0984166
0.077092
0.135633
0.0458237
0.135517
0.18461
0.0812971
0.115893
0.150799
0.133094
-0.179153
-0.00940286
-0.175336
-0.0337312
-0.0767642
0.109981
-0.00205773
0.0714622
-0.108725
-0.0325731
0.0101325
0.0881063
-0.0553548
-0.0374775
-0.0235103
-0.0196524
0.075946
0.0670005
-0.00032212
0.123577
0.136213
0.10101
0.0671257
0.123769
0.101353
0.100989
0.0114662
0.0278783
0.0992265
0.093565
0.0193504
0.043306
-0.0441909
-0.023637
-0.00183628
0.00291251
-0.0686816
-0.0174297
-0.0354896
-0.0729004
0.0725087
0.0955266
-0.0140867
-0.0250856
-0.253977
-0.119579
-0.122338
-0.14635
0.0446325
-0.0142145
-0.00343677
0.00138834
0.00952768
-0.000825352
0.00249518
0.00194516
-0.0127636
0.0606463
0.00350528
0.0299313
-0.0138914
0.102358
-0.0446879
0.0600197
-0.140129
-0.149693
-0.0380802
-0.0524617
-0.0579426
0.149601
0.05741
0.0687219
0.00923232
0.088072
-0.018073
-0.0067627
-0.0333512
0.115765
0.00930478
-0.0486735
-0.0821319
-0.0547021
0.0327947
-0.0169856
-0.00185899
-0.0792325
-0.0198648
0.0822522
-0.0711895
0.0028185
0.0788474
0.00921991
0.047264
0.0140472
6.69873e-07
-0.0302735
-0.00476183
-0.0245646
0.0888855
-0.0315662
0.0013933
-0.001399
-0.0258707
-0.0295739
-0.0495848
-0.776353
-0.0428006
-0.83271
-0.328485
0.0780383
-0.108925
-0.325598
0.0339503
-0.072919
-0.0185508
0.0475063
-0.110473
-0.108273
-0.0133898
-0.0895395
-0.205649
-1.08326
0.204176
-0.953752
-0.210995
-0.149687
-0.0918859
-0.487918
-0.0820704
-0.0514035
-0.128089
-0.235276
-0.150463
-0.118776
-0.174653
-0.138368
-0.0576104
-0.169511
-0.0711567
0.0218692
-0.15074
-0.0967298
-0.0645507
-0.118822
0.00975346
-0.22562
-0.104328
-0.0908578
-0.204466
-0.224896
-0.210217
0.0562827
-0.0525946
-0.100794
-0.393188
-0.121997
-0.0350584
-0.133333
-0.14782
-0.0378741
-0.325338
0.42734
0.386107
-0.373237
0.406548
0.21236
0.0228279
0.253618
0.693956
0.730737
0.448346
0.608142
0.706658
0.628478
0.559682
0.558525
0.340329
0.305419
0.242162
0.336935
0.328745
0.287335
0.300518
0.284029
-0.522672
0.401033
0.251479
-0.306006
0.268517
0.235042
-0.0446208
0.0990507
0.666106
0.437175
0.287126
0.781545
0.423371
0.486956
0.369295
0.159392
0.559216
0.536375
0.409459
0.372769
0.541548
0.513292
0.466848
0.469022
0.350551
0.0179623
0.459376
0.250755
0.353759
0.102091
0.338923
0.48297
0.355156
0.332784
0.505389
0.375163
0.316418
0.350397
0.395016
0.412717
0.239271
0.299993
0.325219
0.324015
0.273448
0.295997
0.321726
0.347527
0.435236
0.674723
0.691172
0.614192
0.56871
0.609481
0.582535
0.666363
0.369917
0.542547
0.299307
0.547429
0.423325
0.350164
0.471012
0.526878
0.440495
0.611602
0.64753
0.614796
0.530506
0.551942
0.596422
0.666628
0.374289
0.359463
0.380338
0.541132
0.417671
0.369385
0.436418
0.394353
0.408858
0.571315
0.588476
0.410709
0.459644
0.529475
0.459519
0.560038
0.448919
0.429541
0.586066
0.626231
0.454235
0.462361
0.5286
0.520017
0.475833
0.660738
0.63576
0.638365
0.456484
0.578049
0.568775
0.604785
0.212002
0.19486
0.289141
0.278061
0.213139
0.238292
0.242565
0.248982
0.151791
0.0946946
0.056556
0.100693
0.17511
0.0946568
0.137241
0.132338
0.268647
-0.0804527
-0.463635
-0.339904
0.319143
0.287435
0.209795
-0.132816
0.183386
-0.0297089
-0.318603
-0.608292
0.249522
0.260541
0.056278
-0.291226
0.20478
0.376438
0.375003
0.272556
0.196032
0.269356
0.172438
0.293875
0.189762
0.0837358
0.123312
0.26695
0.160468
0.13684
0.174911
0.216035
0.283714
0.290304
-0.0124589
0.20867
0.252937
0.348468
0.330582
0.21747
0.323041
-0.200405
0.0799464
-0.0185387
0.226328
0.2883
0.0794933
-0.0199342
-0.153348
0.0951022
0.323173
0.349328
-0.0255386
0.246763
0.142958
0.433295
0.126201
0.117606
0.186903
0.19243
0.116055
0.108578
0.14513
0.160494
0.309499
0.219134
0.219003
0.300356
0.250666
0.237862
0.279946
0.253285
0.523532
0.37506
0.397475
0.566602
0.495904
0.42312
0.523555
0.450429
0.0715062
0.294649
0.343631
0.244803
0.147654
0.402466
0.284537
0.416557
0.127689
0.246237
0.192639
0.286554
0.231218
0.233705
0.211983
0.195695
0.341235
0.45239
0.287798
0.376811
0.405975
0.391411
0.350516
0.399243
0.314727
0.33922
0.275122
0.223551
0.300126
0.307523
0.236629
0.282429
0.00378555
-0.0180735
-0.0418321
-0.0192232
0.043467
-0.0738829
-0.0841335
-0.109252
-0.00565404
0.0050394
-0.0192213
-0.00958393
-0.00131467
-0.0179993
-0.0284635
-0.0170139
-0.0630614
-0.021848
-0.0454071
-0.0648221
-0.0794517
-0.037382
-0.0515525
-0.0396294
0.0081821
-0.000731243
-0.0527137
0.00322899
-0.00759669
0.00775637
-0.0182123
-0.0209117
-0.0282353
-0.0380592
0.0038615
-0.0334681
-0.0966282
-0.0514709
-0.0303062
-0.0233749
-0.0403964
-0.0340491
-0.0331604
-0.0261875
-0.0484423
-0.0144525
-0.0372175
-0.0267267
-0.0386975
-0.0324809
-0.0271033
-0.0794441
-0.0378712
-0.0381723
-0.0691728
0.00550006
-0.107723
-0.0553581
-0.0176612
-0.0296115
-0.0843407
-0.0806231
-0.00164127
-0.0365429
-0.023739
-0.0183642
-0.101422
-0.103859
-0.0671619
-0.0340027
-0.0741743
-0.07605
-0.0168239
-0.021039
-0.0563543
-0.0242987
-0.0399716
-0.0200591
-0.0294204
-0.0481001
-0.0334807
-0.0815649
-0.112286
-0.217557
0.0710523
-0.0894632
-0.184154
-0.0971675
-0.226352
-0.254966
-0.257292
-0.280344
-0.366641
-0.131266
-0.252477
-0.309442
-0.0571494
-0.0968567
-0.155421
-0.137273
-0.079358
-0.0771731
-0.0439388
-0.135845
-0.036521
-0.0808347
-0.0521008
-0.0571907
-0.0360677
-0.000614195
-0.0361936
-0.0159327
-0.133421
-0.219318
-0.107287
-0.102609
-0.117678
-0.100707
-0.206058
-0.147416
-0.0570638
-0.290713
-0.125114
-0.0572378
0.0884326
-0.0836677
-0.0930896
-0.0659292
-0.0660105
-0.140496
-0.0503183
-0.113605
-0.129625
-0.0764066
-0.0749857
-0.0899426
-0.217894
-0.610392
-0.104271
-0.113411
-0.400415
-0.268408
-0.141247
-0.451315
-0.107671
-0.0168926
0.0947417
0.0365193
-0.0870878
-0.0393388
-0.0190365
-0.0194896
-0.0896311
-0.0592238
0.0283556
-0.0227257
0.0261694
-0.0253388
0.0174744
-0.172269
-0.131618
-0.145862
-0.0407496
-0.0938543
-0.0616601
-0.0375487
-0.138236
-0.0554579
-0.00543136
-0.153451
-0.239579
-0.0506736
-0.233048
-0.251497
-0.174173
-0.23238
-0.0769287
-0.0182559
-0.0472997
0.0192413
-0.0464891
-0.0431063
-0.0567813
-0.134055
-0.216364
0.026608
-0.199196
-0.111255
-0.0658962
-0.0684806
-0.0236834
-0.0177766
-0.158067
-0.151479
-0.126293
-0.199291
-0.106457
-0.0549617
-0.0915939
-0.071005
-0.464485
-1.35721
-0.224233
-1.09266
-0.854626
-0.31064
-0.250197
-0.29504
-0.0811325
-0.0690448
-0.052205
-0.159482
-0.156054
-0.0748172
-0.0958894
-0.00518017
-0.519071
-1.09706
-0.363866
-0.538178
-0.702962
-0.468248
-0.453266
-0.253022
-0.189081
-0.147306
-0.43259
-0.863117
-0.249912
-0.114896
-0.456967
-0.259739
-0.358018
-0.446374
-0.104657
-0.13953
-0.35476
-0.187466
-0.164303
-0.387436
-0.149268
-0.206147
-0.487202
-0.208179
-0.216741
-0.239068
-0.29088
-0.196783
-0.143001
-0.171928
-0.487922
0.0534415
-0.180345
-0.212747
-0.289187
-0.366079
-0.0645675
0.0340939
-0.0701028
0.117505
0.108659
-0.264963
-0.292706
-0.178669
-0.00558383
-0.301636
-0.0417278
0.0658682
0.098296
-0.475612
-0.15954
-0.364345
-0.119263
-0.0680668
-0.0123501
-0.0879088
-0.0844721
-0.0301524
-0.0379482
0.00212237
0.107099
0.0543952
0.125077
0.0904624
0.208007
-0.0331506
0.0241854
-0.0774019
0.192192
-0.0368933
0.120476
-0.0125955
-0.151946
-0.0858073
0.167083
0.0166812
-0.391084
-0.0722706
-0.102656
-0.0848188
-0.142728
-0.0763291
-0.115953
-0.129945
-0.188991
-0.0578878
0.015237
-0.0343229
0.0487142
-0.173887
0.115381
-0.118079
-0.0645729
0.0154516
-0.158752
-0.13135
-0.0746617
-0.0119182
-0.0499874
-0.0180794
-0.242526
-0.315885
0.0345809
-0.260044
-0.0999461
-0.320681
-0.128032
-0.322647
-0.0645163
0.0226249
-0.073424
-0.0445476
-0.0363778
0.0244196
-0.000330342
-0.0455468
-0.0154436
-0.22348
-0.617635
-0.504144
-0.607013
-0.6387
-0.585023
-0.207814
-0.249627
-0.230899
-0.491669
-0.372222
-0.233569
-0.326021
-0.391649
-0.268417
-0.067752
-0.239743
-0.150021
-0.134539
-0.152007
-0.230925
-0.227532
-0.296489
-0.0961487
-0.0944301
-0.0479474
-0.351015
-0.166794
-0.132679
-0.163999
-0.0700974
-0.150604
-0.258154
-0.26234
-0.621126
-0.133546
-0.29425
-0.384226
-0.256512
-0.30022
-0.209861
-0.191932
-0.320792
-0.334011
-0.387013
-0.0302826
-0.156538
0.305199
0.0793703
0.30516
0.288993
0.223546
0.166983
0.293841
0.189308
-0.0489388
-0.112592
0.00121777
-0.000290761
-0.0231213
0.0196116
-0.0122604
-0.0216211
0.282177
0.131815
0.247998
0.265292
0.198031
0.131935
0.291855
0.158481
-0.0461621
-0.114718
0.031341
-0.952104
-0.469052
-0.0757788
-0.338722
-0.344139
0.0355915
0.226359
0.00816444
-0.0559377
0.066158
0.122802
0.0647826
0.00423042
0.0490049
-0.0148787
0.018728
0.145109
0.0284703
0.0349296
0.0782292
0.0552566
0.296431
0.169692
0.0231242
0.191316
0.300096
-0.065735
0.0108584
-0.125767
0.191948
-0.0479059
0.0129608
0.0257212
0.0961976
0.109925
0.0421106
-0.0117841
0.229657
0.0945493
0.235944
0.11873
0.151073
0.159046
0.170952
0.154637
0.0108571
-0.082713
-0.00488662
0.00822549
-0.00196842
-0.0271213
-0.00318259
-0.00474524
0.251249
0.0866305
0.253005
0.130143
0.157839
0.149375
0.186191
0.165754
0.0762765
0.0315969
0.0777871
0.0509239
0.0563169
0.0488071
0.0616279
0.0575114
0.0211674
0.153725
0.0946966
0.0178111
0.0493366
0.128509
0.0550799
0.0884238
0.00716078
0.00505822
0.0198654
0.142633
0.0250721
0.00649429
0.0806531
0.0292177
0.179816
0.102193
0.0279513
0.105014
0.122942
0.0961977
0.0942453
0.0666449
0.16002
0.0979606
0.0174604
0.0394429
0.110879
0.0840314
0.0482038
0.0346508
-7.27958
-8.57475
-4.66134
-6.47101
-5.03942
0.527652
0.822025
1.73607
-6.32694
-4.33339
-0.507902
-2.2051
-2.83981
-0.000182277
-0.588806
1.62647
-4.86493
-0.457712
-4.7121
-0.78052
-0.936457
-0.496288
-1.62779
-0.599672
-2.19278
-1.22276
-1.15992
-1.29895
-1.32
-0.324496
-1.00408
0.277163
-3.41907
-1.22901
-2.80349
-1.45343
-0.774342
-0.676707
-4.31825
-0.251455
-0.265318
-0.54552
-0.56761
0.0366431
1.30082
0.0841627
-1.17274
-0.362552
-1.98099
-1.53416
-0.593752
-1.2668
-2.02828
0.477598
-0.387378
1.27998
0.0530381
-0.444853
-0.0705101
-0.546152
0.914043
-0.375774
-0.733601
-0.272157
-3.82485
-2.84036
-4.67743
0.0734581
-0.803035
-2.25313
-1.18856
-1.01038
-2.90446
-1.68792
-0.481061
-0.0554629
-0.537806
-1.31988
-0.478185
-0.362907
-3.11189
-0.657595
-2.64981
-0.160351
-0.532118
-1.01986
-0.885698
-0.241775
0.987896
0.743988
0.624005
1.13347
0.859358
0.697821
0.978352
0.768496
-0.177737
-0.973494
0.625086
0.308045
-0.52066
-1.10795
0.184455
0.0359127
-1.21565
0.177789
-0.577524
-2.14971
-0.338909
-0.205708
-0.723477
-0.233812
-1.17844
0.784011
0.422503
0.277003
-0.0455746
0.287888
0.114106
0.633195
-0.967075
0.071491
0.337143
-0.246794
-0.793623
-0.181091
-0.157812
-0.0692513
-0.894906
-0.517832
-0.192042
-0.413894
-0.360027
-0.188809
-0.383697
-0.44153
-0.168262
-0.0091154
-0.0616154
-0.107934
0.0584822
0.19178
-0.0285287
0.0428249
-0.387743
-0.517776
-1.215
-0.698801
-0.547061
-0.581595
-0.853461
-0.245039
-0.472415
-0.0764191
-0.368661
-0.40553
-0.0803821
-0.188145
-0.27784
-0.781873
-0.257229
-0.418061
-0.310345
-0.137624
-0.123688
0.0241971
-0.72667
-0.160178
0.132905
0.289482
0.0122995
-0.0943396
-0.122193
-0.240014
-0.256461
-0.0965762
-0.330223
-0.197003
0.00961615
-0.298784
-0.414388
-0.145533
-0.253314
-0.47979
-0.239182
-0.596447
-0.252373
0.0780408
-0.240052
-0.203915
-0.295493
-0.295972
-0.833918
-0.148293
-0.45547
0.238027
-0.110554
-0.396615
-0.422298
-0.297604
-0.549862
-1.07385
-0.516312
-0.243607
-0.213365
-0.549666
-0.133903
-0.632231
0.148138
0.0144795
0.0353644
0.0332454
-0.0404282
-0.0480354
0.103661
0.0146177
0.703276
0.0733292
-0.00938327
-0.0103036
-0.197672
0.0402758
0.0195948
-0.0527438
0.046267
-0.012014
0.040502
0.0915512
-0.164569
0.0132128
-0.209005
0.177103
-0.223169
0.0608289
-0.126207
0.097028
-0.122856
-0.132172
-0.415438
0.0355688
0.0600407
0.210223
0.185518
0.0906494
0.503727
0.236355
-0.0358248
-0.193141
0.0342149
0.0236506
-0.078996
-0.144606
-0.137889
0.0964466
0.246285
0.0099531
-2.36268
-1.77718
-0.559709
-1.15763
-0.968095
-0.526198
-1.10793
-0.859858
-0.356365
-0.00426165
-0.103484
-1.85883
-0.0866205
0.165203
-0.246374
-0.474316
-0.361577
-0.723253
-0.374452
-0.863817
-0.670119
-0.66021
-0.351033
-0.553479
-1.31059
-1.43205
-1.48327
-1.72874
-1.1775
-1.0005
-1.10967
-1.59182
-0.549678
-0.779039
-1.17229
-0.390301
-0.43395
0.155247
-2.18245
-0.220722
-0.288947
-0.765357
0.0679239
-0.387341
-0.941825
-0.0366465
-0.236403
-0.254022
-0.792968
-0.622738
-1.28893
-0.690409
-0.672363
-0.13516
-0.847791
-1.18781
-0.293055
-0.35947
-1.19448
-0.54971
0.345121
-0.558363
-0.029522
-1.37175
-1.81817
-0.186955
-1.26359
0.0381863
-0.565598
-1.16932
-1.13332
-0.66525
0.285323
-0.111776
0.0533728
-0.132492
-0.334923
-0.306749
0.375718
-0.402938
0.383359
0.949958
-0.100438
-0.0432342
-0.0390354
-0.248113
-0.050901
-0.14033
0.517998
-0.00166941
-0.0414843
-0.0954665
-0.0961418
0.0735668
-0.131037
-0.0250503
-0.030534
-0.329567
-0.102999
0.17001
0.077946
-0.369312
0.404907
0.267735
0.00545616
0.3069
0.34811
0.198335
-0.100108
-0.39525
0.495797
-0.0951423
0.0743257
-0.069989
0.252617
-0.0053132
0.134525
0.156958
0.0121341
-0.043586
-0.0274874
0.0432232
0.135621
0.104243
-0.0637685
0.0517574
0.466096
0.123046
-1.75855
-1.72272
-0.0217708
0.326616
-0.546751
-0.443697
0.05613
-0.304137
-1.85014
-4.43774
-2.2088
0.35073
-1.07415
-0.560672
-0.117265
-0.841104
-0.270769
-1.92904
-1.6418
0.258293
-0.189266
-0.0450937
0.0655883
-0.770819
0.845431
1.28643
0.834129
1.32055
1.18212
1.02327
1.17434
1.16763
-0.618641
0.145843
0.571399
0.864156
0.243032
0.00412621
0.528038
0.398188
-0.16434
0.466396
0.0538758
-0.368791
-0.193286
-0.138797
-0.294931
0.0597528
-0.0425735
0.671274
0.863973
0.711424
0.372144
0.557919
0.606685
0.723226
-0.028879
0.605835
0.86254
-0.714224
-0.104345
0.467801
0.131688
0.453459
-4.79053
0.0990738
-3.94602
-2.09238
0.616908
-1.10283
-2.36792
0.266615
-0.993186
-2.89885
-2.29569
-1.17764
0.0993202
-0.936345
-1.09401
-0.599756
-4.69892
-3.33227
-9.77554
-3.98897
-0.00290876
-1.19163
-4.2432
3.20752
-1.60391
-1.13242
-1.27714
-0.924195
0.0210977
-0.348431
-1.02967
0.38253
-0.557525
0.155825
-1.37646
0.257113
-0.608198
0.168818
-0.797593
0.411228
0.0563488
0.151093
-1.1142
-1.06911
-0.710266
0.239998
-0.824685
0.0340492
-2.89047
-1.63704
-1.30328
-1.54398
-2.854
-0.99061
-0.508125
-0.112033
0.458215
-1.92339
0.919951
-0.405847
-0.0617852
0.401005
-1.73285
-1.908
-0.0314503
-0.0335354
-0.101926
-0.0166645
-0.0186906
0.0166816
-0.0106914
-0.0187383
-0.0805093
-0.0216345
-0.0442657
0.0128453
0.0121263
-0.0046446
0.0144344
-0.00111743
-0.0563469
-0.446021
0.147622
0.13179
0.0437526
0.0227479
0.0129113
0.00567417
0.0779521
-0.00964922
-0.014475
-0.0388305
-0.0669844
0.0666461
-0.0367301
0.0535405
-0.0407717
0.0497314
0.0235019
-0.00617675
-0.0505703
0.0770875
-0.0388999
0.0140773
-0.00108871
-0.0188363
-0.03045
0.0821987
-0.00478625
-0.0296341
-0.12794
-0.0313917
0.0660478
0.0404236
-0.0124952
-0.0586447
0.0992427
0.0258101
-0.128144
0.0529854
0.00356836
0.148574
-0.0458439
0.0257306
0.221756
0.12281
-0.100393
-0.0681693
0.00466228
-0.363961
-0.0536279
-0.0654264
-0.0403589
0.116722
-0.0728176
-0.0218651
-0.0701116
-8.99113e-05
-0.0523298
-0.0527921
-0.000402274
0.0211731
-0.0572037
-0.0512809
-0.0393885
-0.0209825
-0.011185
-0.0171366
0.00227167
0.00830113
-0.0290375
-0.011201
-0.0493263
-0.0210457
-0.0203084
-0.0357208
-0.0307178
-0.0161398
-0.0375959
-0.0280531
-0.105854
0.0351594
0.0123255
-0.0279583
-0.123492
-0.0331568
-0.106616
-0.0375311
-0.0389513
-0.00180034
-0.0158553
0.111338
-0.112698
-0.0492786
-0.108544
-0.0318686
-0.0470594
-0.0429265
-0.0383961
-0.042312
-0.0482105
-0.0208008
-0.0134214
-0.0255635
-0.0297264
-0.038705
-0.0390546
-0.0340429
-0.0199408
-0.000318181
-0.0433256
-0.0383552
-0.168206
-0.0295752
-0.0575881
-0.0562185
-0.0372331
-0.174436
-0.354217
-0.069974
-0.0336806
-0.0682883
-0.0615524
0.0154683
-0.0177799
-0.0836017
0.0179891
-0.0149904
0.00753575
-0.0284146
0.00176832
-0.00459028
-0.016884
-0.0133691
-0.00288508
-0.00629137
-0.0150028
-0.0108789
-0.0021861
0.0138277
-0.0105563
-0.0120229
0.0223549
-4.65584e-05
-0.0468542
0.00252377
0.024212
-0.0184665
-0.0530439
-0.0377498
-0.0212612
-0.0144694
-0.112874
-0.0190978
-0.0408497
-0.00921654
0.00489091
0.0241414
-0.00856884
0.00740664
-0.0104815
-0.0430786
-0.0241391
-0.0211757
0.0275825
0.0306606
-0.0185386
-0.00361984
0.0165561
-0.00440332
-0.00895174
0.00371484
-0.00127459
-0.00389417
-0.0201655
0.00212592
-0.0159206
0.0125475
-0.0103013
-0.0170492
-0.00648396
0.00529213
-0.0225071
0.0108635
0.00873171
0.0405231
-0.0436746
-0.057967
-0.081095
0.0359335
-0.0640495
0.113559
-0.0439529
-0.00115332
-0.223307
-0.116592
-0.0901834
-0.0147285
-0.16712
-0.0184678
-0.0396891
-0.0583301
-0.0621736
-0.0485043
-0.0212274
-0.0315454
-0.015969
0.00173066
-0.0184486
-0.0492047
-0.0219162
-0.0369983
-0.0349395
-0.0139851
-0.0172029
-0.0211133
0.000868478
-0.0275567
0.0110507
-0.0311338
-0.0142435
-0.0156453
-0.0231406
-0.0149549
-0.0808953
-0.0291571
-0.0505852
-0.109621
-0.0458929
-0.027996
-0.0744178
-0.0394324
-0.00591533
-0.047727
-0.0158677
0.000169755
-0.0399451
-0.0517389
-0.0562968
-0.0600529
0.0460287
0.0286414
0.0520404
0.0606492
0.0478414
0.0390663
0.0554328
0.0520076
0.0168055
0.00419307
0.0137084
0.0140823
0.0224141
0.0200052
0.0209434
0.0154877
0.05262
0.0352213
0.0689827
0.0735435
0.0613567
0.0509406
0.0710485
0.0553762
0.0702836
0.0178987
0.0644368
0.0585645
0.0500507
0.0462299
0.064206
0.0400944
0.0379067
0.0524664
0.0532122
0.0344621
0.0417938
0.0487911
0.0327085
0.0483531
0.0291301
0.0291971
0.0250471
0.0421665
0.0347065
0.0313153
0.036004
0.0363543
0.0530207
0.0614509
0.0334179
0.0668248
0.0705553
0.0540961
0.0543097
0.0673826
0.0500198
0.0382692
0.0238507
0.0341578
0.0584258
0.0442562
0.0435887
0.0396051
0.0470605
0.0338791
0.0459616
0.0326553
0.0538433
0.0584853
0.0411037
0.036364
0.0175752
0.001876
0.0225827
0.00494519
0.0187669
0.0212737
0.0138764
0.0106696
0.0443249
0.0304635
0.0395883
0.0296541
0.0401503
0.0431685
0.0365468
0.0346416
0.0163852
0.00593144
0.0157713
0.00383552
0.0159689
0.0159161
0.0116899
0.00941568
0.0299014
0.0433748
0.0322584
0.018499
0.0285797
0.0348373
0.0213104
0.0316959
0.0353586
0.0163998
0.0364763
0.0470975
0.0255178
0.0177868
0.0356334
0.032519
0.0376539
0.0255413
0.0143988
0.0237225
0.0286316
0.0240689
0.0304716
0.0149846
0.0352611
0.0228897
0.0113975
0.0234127
0.0322978
0.0299188
0.0273347
0.018731
0.0527407
0.0379733
0.0657089
0.0469154
0.046268
0.0488406
0.0533218
0.0539727
0.0083186
-0.00286049
0.00602506
0.0210533
-0.00341256
-0.018831
0.00338054
0.00165756
0.0958475
0.0370386
0.161748
0.102998
0.086814
0.101338
0.123527
0.133645
0.0458377
0.0301888
0.0652121
0.0455307
0.0402304
0.0400533
0.0493832
0.051188
0.0322056
0.0576616
0.0428153
0.0275261
0.0380706
0.0478278
0.0364255
0.0428192
0.0266171
0.0186821
0.0182079
0.0623459
0.0338766
0.0297834
0.0631034
0.0296796
0.0749452
0.0514773
0.0330676
0.0773756
0.0630048
0.052957
0.0605069
0.0464979
0.0764379
0.0802554
0.0282548
0.0610545
0.0771504
0.0643694
0.0526145
0.0556442
0.0527425
0.0696205
0.0378451
0.0454211
0.0544324
0.0497918
0.0426054
0.0457221
0.0964003
0.167734
0.057239
0.0610539
0.0987812
0.103787
0.0848583
-0.000437714
0.0126306
-0.0107945
-0.0168402
-0.00939558
0.000738773
0.003904
-0.0143791
-0.0125568
0.0180717
0.00460891
-0.00505364
0.0222076
0.0089935
0.00514484
0.00442119
-0.035263
0.0749422
0.0336015
0.0369055
0.040097
0.0510261
0.0466509
0.0536411
0.0351509
0.0628075
0.0402079
0.0644124
0.0321767
0.0519002
0.0468927
0.0594289
0.0567545
0.0226158
0.0215486
0.0340303
-0.00240996
0.0181967
0.0274887
0.0136361
0.0113548
0.0183507
-0.00887484
0.00749553
0.0170688
0.0172834
0.0158051
0.010893
0.0306026
0.320505
0.141506
0.329812
0.335456
0.290893
0.23075
0.336841
0.264464
0.0159221
0.0346793
0.00930465
0.0886298
0.0514241
0.0188867
0.0210963
0.0052175
0.256421
-0.204394
-0.695153
-0.0439419
0.144107
-0.14865
-0.0368213
-0.534895
0.335571
0.169963
0.291738
0.313148
0.302533
0.257351
0.330664
0.23705
0.112799
0.285113
0.304486
0.0739775
0.101372
0.270133
0.142239
0.246105
0.0698771
0.026808
0.0228601
0.196108
0.0150542
0.0545228
-0.0285493
-0.0282224
0.33473
0.334019
0.138754
0.228706
0.287268
0.231301
0.2933
0.283944
0.209515
-0.0166839
0.04669
-0.015845
0.208919
0.14321
-0.0190357
0.0854177
-0.0290476
0.0271549
0.0034108
0.0147368
-0.0141355
0.00141303
-0.00414133
-0.00493531
-0.0167027
0.00984894
-0.0468358
0.00109017
0.0148489
0.026435
0.00780261
0.0228551
-0.0434967
0.0484574
0.0122207
0.0657196
-0.164365
-0.0151985
0.0585988
-0.0270352
0.0060916
-0.0113933
0.0361549
0.0616066
-0.0108686
0.0222195
0.00795732
0.00420482
-0.0042923
-0.000108808
-0.0264921
-0.00471219
0.0180641
-0.0213361
-0.00587781
-0.000961471
0.00701225
-0.0172339
-0.0696353
-0.0125944
0.018103
-0.00862572
-0.0127312
-0.039917
0.0398819
0.0668899
0.00801246
0.0192339
-0.02852
0.00817788
-0.0326768
-0.00512249
0.057355
-0.0465099
0.0223873
-0.0765507
-0.0018853
0.00560796
-0.0426797
-0.0426709
-0.0167374
-0.0505177
-0.148487
-0.051435
-0.0335542
-0.0206129
-0.108082
-0.10778
-0.0328926
-0.0195027
-0.0145306
-0.0367802
-0.0144067
-0.00863379
0.0103325
-0.00937825
-0.154451
0.0019794
-0.374996
-0.380113
-0.267112
-0.263945
-0.365562
-0.301937
-0.159496
-0.127418
-0.271086
-0.344696
-0.239261
-0.0216741
-0.284097
-0.318773
-0.0466638
-0.0420835
-0.0675682
-0.0897945
-0.0322431
0.0118132
-0.103765
0.0787379
-0.0378112
0.00747585
-0.0222465
-0.0192316
-0.00238411
-0.076233
-0.0753646
0.00180869
-0.174349
-0.0459966
-0.1291
-0.4085
-0.182662
-0.176397
-0.216688
-0.104053
-0.238594
-0.300523
-0.0843958
0.000210112
-0.248684
-0.172515
0.0439497
-0.250342
-0.0170322
-0.177523
-0.00470067
-0.0563018
-0.0354978
-0.0438426
-0.0450467
-0.054572
-0.208033
-0.388841
-0.0513817
-0.135393
-0.186275
-0.167279
-0.127792
-0.118854
-0.00481304
0.0138731
0.0147451
-0.0383521
-0.0154154
-0.0177257
-0.0174802
-0.0224079
-0.0495391
0.0569108
-0.0166241
-0.0318673
-0.0480301
-0.0343315
-0.02121
-0.0323567
-0.195003
-0.0370276
-0.0830203
-0.0829089
-0.0744933
-0.0873773
-0.061971
-0.079917
-0.152327
-0.0757628
0.0429341
-0.0321172
-0.0522131
-0.104811
0.0126145
0.0590762
-0.0359448
-0.052551
-0.0296927
0.000756962
-0.0543917
-0.0772301
-0.00472619
-0.14257
-0.0792418
0.00548915
-0.00939716
-0.0268856
-0.120424
0.00504017
0.0328837
-0.0832227
0.208156
-0.00553602
-0.104834
-0.130071
-0.168661
-0.146855
-0.159801
-0.118818
-0.120512
-0.0116634
-0.0248267
-0.0170211
-0.0380809
-0.00075254
0.00907837
-0.0256427
-0.0376665
-0.00979004
0.0243198
-0.0380196
-0.0073991
-0.0298969
-0.0202916
-0.0120646
-0.0502879
-0.132728
-0.107523
-0.0552877
0.0229085
-0.0871464
-0.0501342
-0.0950565
-0.0798199
-0.0814258
-0.0273151
-0.0559363
-0.101262
-0.141459
-0.126259
-0.173782
-0.124137
-0.0681542
-0.0173221
-0.0571833
-0.0798342
-0.0417019
-0.0332456
-0.00918307
-0.0900193
-0.0865698
-0.118498
-0.0896546
-0.0406524
-0.0912819
-0.00663956
-0.0694547
-0.102698
-0.00975968
-0.04914
-0.0185836
-0.0503281
-0.0685352
-0.033863
-0.0416712
0.0292104
-0.0174076
-0.0477736
-0.042368
-0.0367742
-0.0354126
-0.0631136
-0.0532912
-0.0288476
-0.0142599
-0.0605262
-0.0558208
0.00150268
-0.0131042
-0.0892705
-0.0638197
-0.125193
-0.00756233
-0.00480252
-0.187818
-0.198019
-0.13557
-0.0400671
-0.15053
-0.181947
-0.157758
-0.24557
-0.340717
-0.117741
-0.167747
-0.109392
-0.130564
-0.0298386
-0.0712766
-0.028699
-0.113718
-0.0631652
-0.0576721
-0.0404795
-0.0534194
-0.0285395
-0.100617
-0.123998
-0.0553569
-0.0696393
-0.0805751
-0.0773127
-0.104064
-0.115344
-0.123653
-0.180168
-0.113229
-0.130495
-0.0928445
-0.161615
-0.137855
-0.138854
-0.168591
-0.179235
-0.0406312
-0.124181
-0.136995
-0.0455989
-0.052257
0.0213034
-0.0883391
-0.0585776
0.00660357
0.0132475
-0.013392
-0.0161775
0.00971636
0.0379967
-0.140893
-0.23322
0.0798717
-0.0450471
-0.745718
-0.0594905
0.0959501
-0.0170012
-0.158762
-0.066222
0.0880236
-0.36401
-0.141087
-0.104131
0.216816
-0.0683239
0.0556193
-0.0150882
-0.0398861
-0.0539773
-0.108591
-0.0841205
-0.0211336
-0.0602881
-0.0369356
0.0343187
0.030571
0.0198825
-0.120326
0.0196962
-0.109533
0.0976225
-0.21919
-0.307597
-0.0230265
-0.109222
-0.106944
-0.081551
-0.150657
-0.087326
-0.0990765
0.0736254
-0.0829899
-0.0109991
0.0196406
-0.128673
-0.131312
-0.00818802
-0.0562183
-0.126276
0.237937
-0.219862
-0.290746
-0.0383005
0.0888173
-0.187429
-0.196368
-0.0861148
-0.303763
-0.0516639
-0.19266
-0.299779
-0.136725
-0.31062
-0.228311
0.104605
-0.319287
-0.213023
-0.448741
-0.306965
-0.757568
-0.0478014
-0.0833371
-0.0155454
-0.0205073
-0.0121315
-0.0552968
-0.0456051
-0.0275275
-0.416757
-0.266021
-0.109414
-0.493948
-0.309636
-0.317919
-0.443858
-0.281576
-0.162091
-0.210334
-0.253067
-0.309091
-0.266465
-0.0954839
-0.173385
-0.250347
-0.325932
-0.399828
0.0723011
-0.109856
-0.269603
0.038691
-0.118445
-0.212462
-0.128309
-0.256717
-0.345628
-0.142673
-0.180297
-0.206938
-0.292127
-0.257289
-0.051242
-0.0979732
-0.120431
0.106261
-0.0379185
-0.100694
-0.0543405
-0.400124
0.510712
0.251296
0.423242
0.450014
0.402662
0.366556
0.472044
0.396625
0.0424126
0.0145544
0.0236858
0.0733754
0.0772761
0.0541173
0.0198917
0.00756721
0.319781
-0.170202
-0.762102
0.164803
0.0723652
-0.056641
-0.0353487
-0.729027
0.40642
0.200929
0.326361
0.348803
0.300132
0.283697
0.369102
0.242274
0.18933
0.321626
0.337022
0.125766
0.162173
0.338937
0.216282
0.325886
0.16926
0.0777426
0.00273593
0.323816
0.103453
0.082878
0.0288004
-0.030528
0.447025
0.440433
0.154818
0.314707
0.396731
0.319817
0.251496
0.289409
0.289319
0.00369154
0.0934109
-0.139463
0.257719
0.181563
-0.0388253
0.0875378
-0.725813
-0.38519
0.278968
0.0690685
-0.437425
0.0516781
-0.31686
0.196488
-0.128213
-0.00607739
-0.0286783
0.0568147
-0.0428553
0.0305809
-0.0214709
0.0435377
0.290154
0.101234
0.271029
0.277714
0.241998
0.194628
0.283878
0.257627
0.321636
0.152015
0.314162
0.319467
0.268689
0.225988
0.307409
0.300965
-0.239776
0.245165
0.292859
0.0780147
-0.065255
0.242003
0.0741201
0.14661
0.0460022
0.0273156
0.0602217
0.193163
-0.0274843
0.0435016
-0.0756355
0.00119546
0.287587
0.244942
0.120971
0.313006
0.32091
0.305978
0.302129
0.245527
0.255359
0.291325
0.0826673
0.0950954
0.227646
0.21388
0.0694935
0.119067
0.0857928
0.0677477
0.114242
0.0710136
0.0813552
0.0857838
0.0821211
0.0910895
0.0419722
0.0115199
0.0554381
0.0136154
0.0414087
0.00335402
0.0293055
0.020473
0.176354
0.130552
0.254178
0.142891
0.160496
0.177314
0.168974
0.189448
0.0378514
0.00766057
0.0424832
0.0250347
0.0282995
0.0141395
0.0271891
0.00990459
0.0673131
0.106183
0.0566085
0.0324952
0.0602383
0.0785645
0.0343457
0.059759
0.0650641
0.00883177
0.0669518
0.113122
0.0708832
0.0312059
0.0960042
0.0857512
0.109747
0.0562197
0.0270185
0.0646592
0.0909959
0.0603282
0.0703084
0.025663
0.122551
0.0696863
0.0115144
0.0792481
0.0977839
0.0653682
0.0803279
0.0505804
0.0889971
0.116508
0.0797615
0.0943437
0.096859
0.0978775
0.0909584
0.09072
0.178596
0.266522
0.166159
0.189961
0.21308
0.213108
0.182226
0.183313
0.051753
0.11323
0.0408114
0.0738457
0.0584249
0.0511366
0.0529661
0.0577681
0.104201
0.14931
0.115249
0.122787
0.119224
0.121194
0.119613
0.123669
0.137216
0.0910839
0.102917
0.147496
0.127941
0.0969622
0.131068
0.104983
0.1408
0.151624
0.124311
0.0930662
0.12864
0.140675
0.107973
0.124195
0.087192
0.100514
0.144369
0.107302
0.0961835
0.104181
0.102
0.113327
0.077897
0.106132
0.152625
0.122452
0.0860147
0.104857
0.118377
0.12591
-0.526688
-0.23164
0.236497
0.0687059
-0.778406
0.0103598
-0.198498
-0.0128043
-0.050355
0.0290527
0.069359
0.0673049
-0.00994575
0.0697356
-0.00617719
0.0766985
0.419309
0.242501
0.429399
0.387491
0.385283
0.335747
0.406308
0.385842
0.346503
0.190068
0.367175
0.353246
0.318125
0.292615
0.372832
0.329225
-0.242206
0.259023
0.224892
0.127073
-0.129527
0.189385
0.0610672
0.165057
0.037782
0.100185
0.162982
0.27743
0.0446229
0.113938
0.0704662
0.119252
0.332349
0.232841
0.177357
0.393173
0.385402
0.316377
0.352442
0.274976
0.32971
0.352513
0.148891
0.185222
0.314942
0.316401
0.186596
0.226992
-3.33636
-3.67512
-0.219403
-1.81975
-2.71469
-0.323468
-0.705995
1.04799
-3.31341
-2.8734
-0.0987081
-1.31011
-2.25789
-0.084792
-0.0637326
0.525427
0.0983491
0.00765609
0.0586538
0.0661092
0.138176
-0.00605358
0.0125494
0.0579225
-0.528587
-0.548632
-0.272283
-0.369737
-0.392121
-0.238176
-0.0948895
-0.202671
-2.57625
-0.144547
-0.956129
-1.16623
-0.410376
0.106297
-1.45608
-0.140066
0.118623
-0.185722
-0.067682
-0.0179233
1.37334
-0.0706209
-0.326792
-0.0594725
-0.109184
-0.153565
-0.213977
-0.0628381
-0.296644
-0.00185585
-0.0869411
-0.0537776
-0.05053
0.116063
-0.0977589
-0.017089
0.014365
-0.0498702
-0.0808922
-0.385082
0.0293471
-0.0289391
-0.0210717
0.0497455
0.0682702
-0.0160361
0.047497
0.00781295
-0.167808
-1.41296
-2.06674
0.179073
-0.272718
-0.630989
-0.00183069
-0.0835743
-0.518669
-2.35229
-1.61416
0.250444
-0.332848
-1.00111
-0.313313
-0.328772
0.213401
0.396002
0.381929
0.453413
0.326953
0.332175
0.389289
0.457803
0.0979257
-0.0206347
0.119221
0.21239
0.00928975
0.126405
0.0732923
0.0485705
-0.144561
0.0972053
-0.83691
-0.203096
-0.202563
0.402438
-0.440322
-0.0913698
-0.0548626
0.139119
0.279805
0.286547
0.0331823
0.110753
0.193255
0.250599
-0.115317
0.243468
0.247838
0.205754
-0.0864202
0.135757
-0.0319387
0.226495
0.0869466
0.216186
0.0770178
0.192116
0.127171
0.121139
0.135286
0.144475
0.394319
0.650008
0.57329
0.59256
0.498754
0.550445
0.533113
0.615312
-0.0585653
0.347043
-0.436124
0.139689
0.133026
-0.0213734
-0.129466
-0.204489
0.29452
0.524879
0.420568
0.475116
0.358609
0.393736
0.381029
0.447494
0.269866
0.143455
0.237912
0.40185
0.311143
0.188203
0.349068
0.258135
0.284263
0.474742
0.387374
0.160998
0.340101
0.409209
0.205119
0.397379
0.221776
0.230095
0.467817
0.265178
0.161495
0.248118
0.242431
0.34598
0.211416
0.340319
0.528237
0.432982
0.0740733
0.289011
0.372039
0.542975
0.0186903
0.0434178
-0.0464848
0.089244
0.0565643
0.05762
0.0445386
0.0528768
0.170452
0.327543
0.377838
0.36936
0.283919
0.320855
0.323418
0.348806
-0.19071
0.241643
-0.130661
0.2347
0.129026
0.106996
0.288615
0.113027
0.206691
0.366863
0.360835
0.361416
0.279247
0.313698
0.32472
0.372445
0.155695
0.105754
0.141585
0.285759
0.146436
0.119167
0.183178
0.141481
0.162372
0.314512
0.215819
0.114766
0.167548
0.266172
0.0481271
0.233507
0.0629171
0.138644
0.346644
0.290692
0.130371
0.186258
0.237193
0.259009
0.0810076
0.345878
0.387961
0.302947
0.180422
0.264562
0.266851
0.32241
-1.03047
-0.826477
-0.254497
-0.11592
-0.450173
-0.338886
-0.542129
0.0480802
-0.700533
-0.882916
-0.102501
0.0115396
-0.310682
-0.588539
-0.338259
-0.0315439
-0.000253775
-0.0637932
0.00518314
0.0466237
0.00890197
-0.00477796
0.00377701
0.0587933
0.304254
0.327487
0.187282
0.347613
0.343347
0.254899
0.278296
0.269013
-0.350969
0.025648
0.134723
0.256299
-0.343216
-0.0217897
-0.0861205
0.0760425
-0.508242
0.011153
-0.0594272
0.0746892
-0.242442
-0.202107
-0.179406
0.0106494
0.0665232
0.2435
0.302902
0.138013
0.140425
0.0868697
0.141527
0.128864
0.0311398
0.14815
0.10248
0.124436
0.0429659
0.0814789
0.0206511
0.120019
-3.15391
0.273481
-3.06436
-1.13874
-0.149861
-0.460297
-1.43253
-0.62898
0.00132495
0.0128295
-0.0241133
-0.0507908
-0.05117
0.0022
-0.065388
0.0166871
-3.03194
-0.0391715
-2.93657
-0.808786
-0.18588
-0.442549
-1.32358
-0.700007
-0.99685
-0.259689
-0.731191
-0.58306
-0.177654
-0.207191
-0.642194
-0.512202
-0.136135
-0.576584
-0.828964
-0.0750413
-0.398293
-0.371066
-0.278938
-0.402486
-0.119135
-0.0189664
-0.0682953
-0.846005
-0.0508801
0.0321576
0.171596
-0.38374
-1.66481
-1.1243
-0.32133
-1.02262
-1.40481
-0.732272
-0.554533
-0.0923166
-0.776633
-0.772829
-0.00677722
-0.0785475
-0.0906311
-0.109789
-0.426712
-0.46138
-0.0375069
-0.0971622
-0.0812491
-0.0915629
-0.0473968
-0.0522046
-0.0385459
-0.0838686
-0.150791
-0.339418
-0.069683
0.0231795
-0.209938
-0.209941
-0.148445
-0.119076
-0.0589152
0.112326
0.0156444
-0.0504879
-0.0903054
-0.0598771
-0.0342256
-0.00423537
-0.0797584
-0.0337409
-0.0671942
-0.0967326
0.00216893
-0.0255021
0.0448628
0.0342003
-0.109587
-0.0909183
-0.0871607
-0.142743
-0.100175
-0.09823
-0.102407
-0.078963
-0.112822
-0.0683162
-0.0933425
-0.079068
-0.162799
-0.226406
-0.0888015
-0.10377
-0.0661895
-0.00969792
-0.0289428
-0.0366844
-0.0821225
-0.02523
-0.0319802
-0.198651
-0.106366
-0.0298443
0.022785
-0.0338717
-0.182561
-0.0205746
-0.0474051
0.004056
0.528788
0.362713
0.375893
0.449834
0.41566
0.316475
0.455652
0.410247
0.0860874
0.0260564
0.029789
0.0958585
0.106081
0.055053
0.069705
0.0434428
0.116189
0.0538563
-0.854431
0.0704007
0.0268077
-0.426883
-0.397739
-1.25675
0.389383
0.201842
0.32611
0.337838
0.324023
0.264695
0.346186
0.308779
0.212707
0.312836
0.351963
0.158766
0.187407
0.307698
0.223556
0.299184
0.155886
0.105319
0.0683237
0.24205
0.161525
0.0873589
0.0967771
0.0224198
0.312384
0.40506
0.194218
0.201867
0.365854
0.33054
0.247909
0.266766
0.25607
0.114734
0.137568
0.0688749
0.127027
0.127485
0.125001
0.177724
-1.58578
-2.47259
-0.324252
0.173282
-0.2302
-0.667065
0.105028
-0.0399259
-2.69428
-2.39516
-0.536314
0.217671
-0.0896848
-0.374786
0.465886
0.413098
-0.0690712
-0.128919
0.0214258
-0.0175952
0.0015455
-0.0151199
0.00941337
0.00756255
0.317324
0.274041
0.112993
0.302594
0.372948
0.240209
0.328206
0.207097
-0.281429
-0.253054
0.278221
0.179308
0.314528
-0.00996956
0.400295
0.152549
-0.628861
0.145271
-0.273209
-0.202355
0.157237
0.415757
-0.425111
-0.385996
-0.127538
0.236171
0.204474
0.126857
-0.090116
0.177482
0.0883174
0.17004
-0.0357928
0.0523596
0.169718
0.0223038
-0.0194427
0.00205261
-0.159607
-0.0253299
-0.000353484
-0.0850376
0.033493
-0.000361721
0.0597073
0.05766
-0.0194126
0.0482273
-0.554802
-3.73181
-3.76998
-1.73472
1.67462
-0.128924
0.0329987
-2.62352
-0.273858
-3.42283
-2.77005
-1.20987
1.05484
0.0882704
0.00933296
-2.23297
-0.302968
-0.470072
-0.334087
-0.158583
-0.10684
-0.150529
-0.253932
-0.451129
0.00938013
-0.0138929
-0.0463563
0.502872
-0.211095
-0.0774422
-0.371649
-0.092673
-0.11029
-0.33927
0.112052
-0.0743429
-0.0815613
0.467267
-0.385527
1.43641
-0.115967
-0.127792
-0.593905
-0.203787
-0.365768
-0.143085
0.591227
0.169968
-0.336588
-1.06321
-1.22955
-2.4325
0.527843
-0.0758309
-0.084243
-1.68558
-1.29448
-1.73252
-0.354659
0.183565
-0.621318
-0.710586
-0.187187
-0.235151
-1.7178
-1.06503
-0.226591
0.236041
-0.124547
-0.550718
0.0692054
-0.053196
0.0184427
-0.00109014
0.0308754
0.0541857
-0.00796709
-0.0474095
-0.0200852
0.00927445
0.426597
0.499663
0.237112
0.527355
0.496609
0.387129
0.446737
0.385646
-0.28854
-0.0382241
0.208354
0.239405
-0.114655
-0.140077
0.231197
0.073697
-0.723987
0.144148
-0.231357
-0.21643
-0.219075
0.322459
-0.269064
-0.129998
-0.108653
0.22612
0.303691
0.106506
0.0187388
0.214443
0.0992848
0.328074
-0.0951819
0.119358
0.282907
0.00515241
0.0864099
0.0229255
-0.0617704
0.0996262
0.0130097
0.0278967
0.0161971
-0.0385919
-0.0886059
-0.0460216
-0.0687194
-0.0446009
-0.00294944
-2.34843
-2.74208
-1.59698
0.246958
-0.0163495
-0.223316
-2.45763
-0.183349
-2.90087
-3.43752
-1.7148
0.575544
-0.227709
-0.750472
-2.82772
-0.381835
-0.760492
-0.843222
-0.552957
-0.404563
-0.405544
-0.440107
-0.788469
-0.122403
-0.198611
-0.0103343
-0.103779
-0.237841
-0.00563049
-0.364373
-0.234788
-0.189503
-0.391503
0.0162156
-0.118559
-0.212629
-0.0433121
-0.174934
0.174551
-0.340249
-0.303095
-0.445263
-0.455549
-0.439476
-0.174523
0.290918
-0.255649
-0.159015
-1.46576
-1.2302
-2.65048
0.337194
-0.238104
-0.415333
-1.63634
-3.15337
-3.71149
-0.410508
-1.23075
-2.45881
0.0701625
-0.00276668
1.43976
-3.78542
-3.47357
-0.0426905
-1.69314
-2.32284
-0.329159
-0.156861
0.457086
-0.0271252
-0.0217008
0.00452256
-0.0763933
-0.0549737
-0.00153276
-0.0561804
-0.0646762
-0.293446
-0.603308
-0.351938
-0.132591
-0.41769
-0.341931
-0.269242
-0.166118
-2.53835
-0.396766
-1.11206
-1.36171
-0.0691958
0.613748
-1.7623
-0.0947712
0.0385501
-0.769535
-0.25221
-0.19337
1.5067
0.0370705
-0.389607
-0.23681
-0.249165
-0.222939
-0.726713
-0.254991
-0.477329
0.744797
-0.228848
0.262582
-0.0847964
-0.0888964
0.018823
-0.391673
-0.0752651
-0.203716
-0.289351
-0.508096
0.0273663
0.0461799
-0.135687
-0.0200177
-0.0784868
-0.0244174
-0.0538244
0.0123828
-0.204468
-2.19163
-2.35033
0.109895
0.322238
-0.743538
0.286715
-0.289501
-0.405608
-2.43804
-1.72968
0.253679
-0.21867
-0.790064
-0.0437823
-0.0834414
0.0725488
0.263967
0.270715
0.28832
0.141701
0.208351
0.260454
0.340754
0.0238846
-0.054724
-0.0289881
0.0782084
-0.161693
-0.180939
0.0629472
-0.0383073
-0.154359
0.0218738
-0.736681
-0.222409
-0.422965
0.430033
-0.46491
0.140943
-0.17676
0.0649035
0.126767
0.19848
-0.165745
0.0946646
0.100448
0.0429043
-0.308839
0.245139
0.0522736
-0.278811
-0.172856
0.105961
0.237603
0.371385
-1.37137
-1.40067
0.16778
0.140768
-0.152982
-0.143587
-0.0667552
0.0264326
-1.32782
-1.44992
0.0554081
0.23658
-0.134104
-0.32618
-0.0578631
0.147059
0.0856531
0.0291751
0.0869899
0.166522
0.119093
0.103014
0.154454
0.106771
0.599377
0.575151
0.383785
0.672102
0.625942
0.441602
0.601526
0.494126
-0.270912
0.218057
0.505968
0.402259
-0.16276
-0.0105923
0.168617
0.0945654
-0.220256
0.144734
-0.0260112
0.0656465
0.00533665
0.03411
0.109708
0.124594
0.211775
0.397062
0.378059
0.334137
0.226724
0.375512
0.290895
0.376919
0.08156
0.22593
0.352616
0.0781543
0.0843711
0.151152
0.150217
0.224744
-3.3212
0.291243
-2.85965
-0.996177
-0.346529
-0.650767
-1.5093
-0.251558
0.105642
0.0657624
0.0675172
-0.00306958
0.00923434
0.0825289
0.0173224
0.117325
-2.49007
0.0214356
-2.73687
-1.33226
-0.257901
-0.577376
-1.53713
0.192549
-0.682224
-0.231937
-1.00614
-0.579345
-0.373739
-0.0562266
-0.706883
-0.342289
-0.255506
0.0921461
-0.412842
-0.106233
-0.155157
0.139313
-0.0962805
-0.0180445
0.19087
0.111176
-0.0182632
-0.371584
-0.0302312
0.152996
0.0113194
-0.121574
-1.82181
-1.04097
-0.285174
-1.11391
-1.43704
-0.633517
-0.559166
-0.0236736
-0.595674
-0.898448
0.137976
-0.235319
-0.16392
-0.0970543
-0.271735
-0.21492
-0.419764
-0.378262
-0.225684
-0.296889
-0.260789
-0.314476
-0.400188
-0.352238
-0.589009
-0.566449
-0.225483
-0.51186
-0.342506
-0.372543
-0.327255
-0.41136
-0.0825913
-0.132918
-0.0303969
-0.114676
-0.118485
-0.146874
-0.121835
-0.0703544
-0.429976
-0.358684
-0.170305
-0.504361
-0.322286
-0.433382
-0.4491
-0.612788
-0.378968
-0.21769
-0.174145
-0.271101
-0.369612
-0.190303
-0.340188
-0.376435
-0.343444
-0.375824
-0.172746
-0.181965
-0.30412
-0.383214
-0.289697
-0.216002
-0.230238
-0.366596
-0.386784
-0.211055
-0.269331
-0.354771
-0.258672
-0.582573
-0.289087
-0.161923
-0.465672
-0.136879
-0.170947
-0.205323
-0.199562
-0.225972
-0.403868
-0.246663
-0.210723
0.153567
-0.434648
-0.306818
-0.346708
-0.306598
-0.149077
-0.0509835
-0.0732069
-0.0973813
-0.0839377
-0.0472101
-0.0908722
-0.0718153
-0.476795
-0.182232
-0.599785
-0.218507
-0.356685
-0.21055
-0.289993
-0.240979
0.0167443
-0.0610251
-0.00939232
-0.0151201
0.000324734
-0.0769294
-0.00274267
-0.173364
-0.235325
-0.359833
-0.00191701
-0.0983852
-0.207792
-0.180369
-0.118776
-0.11281
-0.189545
-0.125834
-0.212446
-0.240166
-0.157954
-0.0869885
-0.227492
-0.219971
-0.121286
0.00470624
-0.0829052
-0.0290027
-0.0517843
-0.19853
-0.0852673
-0.195313
-0.276112
-0.184648
-0.117259
-0.206525
-0.217808
-0.125127
-0.13643
-0.131892
-3.78238
-3.9045
-0.431222
-1.45127
-2.18654
-0.146179
0.188062
1.14001
-4.0997
-3.53773
0.183978
-1.76937
-2.33996
-0.321223
-0.289868
1.33098
-0.177914
0.0154513
0.0377645
0.00527311
0.0737467
-0.0355143
-0.0287642
-0.0466811
-0.671558
-0.367392
-0.526197
-0.37224
-0.709796
-0.0589398
-0.432707
0.127906
-2.22386
-0.182296
-1.19131
-1.44291
-0.0803594
0.0158018
-1.59282
0.0222925
-0.271621
-0.0859159
-0.228886
-0.10691
1.34956
0.302395
-0.115634
0.191994
-0.0104629
-0.195476
-0.330084
-0.304756
-0.539925
0.291714
-0.211865
0.145035
-0.0884661
-0.0907313
0.815068
-0.250269
-0.434138
-0.288714
-0.170785
-0.228136
-1.28018
0.0421846
-1.7862
-0.0712509
-0.656519
-1.11058
-0.490371
-0.247191
-0.115583
0.0406689
0.00949849
0.025941
-0.0342273
0.0127859
-0.0273198
0.00218557
-1.80226
-0.0205451
-1.77434
-0.0275568
-0.754717
-1.10458
-0.914891
-0.266968
0.454712
0.324683
0.339008
0.568021
0.356508
0.293398
0.484977
0.388722
0.055032
-0.34462
-0.0154578
0.193526
-0.0115299
-0.375335
0.103039
-0.0357647
0.148932
0.147034
0.134045
-1.35044
0.0207165
-0.017942
-0.00989705
0.072276
-0.768208
0.198221
0.116397
0.111433
-0.0461228
0.0649048
-0.154629
0.339021
-0.208237
0.0519174
0.178385
0.056239
0.00354396
0.0452735
-0.112462
0.144157
)
;

boundaryField
{
    walls
    {
        type            zeroGradient;
    }
    pressure_outlet
    {
        type            fixedValue;
        value           uniform 0;
    }
    velocity_inlet
    {
        type            zeroGradient;
    }
}


// ************************************************************************* //
