/*--------------------------------*- C++ -*----------------------------------*\
| =========                 |                                                 |
| \\      /  F ield         | OpenFOAM: The Open Source CFD Toolbox           |
|  \\    /   O peration     | Version:  2412                                  |
|   \\  /    A nd           | Website:  www.openfoam.com                      |
|    \\/     M anipulation  |                                                 |
\*---------------------------------------------------------------------------*/
FoamFile
{
    version     2.0;
    format      ascii;
    arch        "LSB;label=32;scalar=64";
    class       volScalarField;
    location    "1600";
    object      nut;
}
// * * * * * * * * * * * * * * * * * * * * * * * * * * * * * * * * * * * * * //

dimensions      [0 2 -1 0 0 0 0];

internalField   nonuniform List<scalar> 
43136
(
0.00744566
0.0070653
0.00751801
0.00413802
0.00629657
0.00712233
0.00566305
0.00645549
0.00663238
0.0059225
0.00682438
0.00531969
0.00605076
0.006335
0.00587828
0.00615044
0.00733933
0.00718743
0.00705291
0.00510201
0.00671058
0.00716377
0.00611943
0.00658953
0.00328754
0.00425225
0.00377336
0.00340066
0.0035126
0.00393543
0.00342028
0.00370939
0.00634318
0.00670765
0.00393454
0.00484216
0.00595562
0.00594327
0.00510085
0.00484603
0.00687422
0.00537433
0.0070276
0.00728731
0.00650595
0.00608878
0.00726926
0.00668173
0.00605472
0.00362338
0.00462281
0.00416773
0.00485455
0.0043332
0.00458032
0.00429323
0.0066717
0.00473382
0.00507528
0.00664762
0.00622794
0.00530668
0.00627091
0.00554319
0.000231854
0.000443647
0.000555192
0.000797228
0.000485399
0.000522017
0.000652896
0.000760328
0.000552296
0.000482073
0.00110248
0.000654244
0.000521226
0.000584274
0.000653009
0.0010375
0.0010689
0.0024948
0.00272789
0.00210345
0.00154224
0.00185251
0.00194491
0.00262768
0.00102548
0.000901248
0.00186384
0.00168531
0.00145415
0.00141017
0.00184763
0.00190658
0.000589884
0.000680874
0.000819755
0.000919907
0.000670475
0.000621899
0.000707462
0.000715944
0.000529995
0.000995812
0.00083942
0.000733742
0.000752523
0.000812671
0.000883048
0.000811309
0.000821208
0.000884219
0.000992394
0.0015779
0.00075534
0.00113401
0.00162497
0.00122359
0.0014612
0.00187735
0.00156358
0.00163627
0.0013633
0.00111856
0.000895558
0.00103523
0.00475348
0.00491416
0.00510322
0.0044304
0.00469315
0.00494101
0.00465967
0.00494261
0.00551982
0.00676911
0.00687138
0.00491099
0.00568053
0.00642395
0.0056268
0.00634834
0.00586061
0.00674785
0.00646199
0.00556633
0.00600553
0.00642837
0.00591789
0.00631779
0.00406391
0.00388519
0.00448295
0.00368003
0.00389428
0.00403085
0.00388694
0.00406258
0.00492917
0.00530506
0.00429554
0.00437715
0.00489808
0.00486848
0.00441327
0.00449393
0.00539458
0.00485711
0.00656034
0.00565685
0.00539334
0.00544442
0.00584415
0.00599724
0.0052409
0.00427723
0.00435958
0.00484395
0.00485702
0.00450502
0.0048691
0.00440407
0.00560244
0.00523335
0.00485861
0.00646281
0.00569202
0.00528623
0.00592964
0.00542346
4.74834e-05
4.57196e-05
0.000106367
0.000250553
0.00021161
0.000110974
0.000193788
0.000322957
5.84008e-05
7.60662e-05
0.000147305
0.00029185
0.000253539
0.000196676
0.000422478
0.000352105
0.000184032
0.000203784
0.000255005
0.000822279
0.000368179
0.000346598
0.000642341
0.000633392
0.000341537
0.000359866
0.000562254
0.00048869
0.000893043
0.000483207
0.000424006
0.000442388
0.000229573
0.000291621
0.000620168
0.000572457
0.000354763
0.000356903
0.000644662
0.00063473
0.00013785
0.000399233
0.000295086
0.000208799
0.000378031
0.000423509
0.00012329
0.000312322
0.000334251
0.000368921
0.000658892
0.000506689
0.000583705
0.000683721
0.000781712
0.000748482
0.000475782
0.000887225
0.000464022
0.000526473
0.000511059
0.000754607
0.000508924
0.000691087
2.30814e-05
2.88444e-05
3.65247e-05
8.73468e-05
2.75689e-05
2.36169e-05
3.36237e-05
4.33403e-05
2.91292e-05
2.45594e-05
2.18733e-05
0.000123825
5.34034e-05
3.67411e-05
6.0102e-05
5.6752e-05
3.61129e-05
1.71124e-05
1.43039e-05
0.000101259
4.96723e-05
3.382e-05
5.31531e-05
5.58899e-05
0.000212094
0.000275762
0.000260621
0.000452788
0.000217499
0.000195754
0.000276435
0.000265993
4.17504e-05
5.42285e-05
8.82069e-05
0.000111064
5.01047e-05
5.83177e-05
6.93378e-05
9.4171e-05
3.22545e-05
7.97096e-05
5.18691e-05
4.15254e-05
5.56872e-05
5.19385e-05
2.52664e-05
5.5889e-05
4.81454e-05
0.000139119
0.000107816
0.000109487
8.04986e-05
0.000135959
0.000115206
0.000118028
4.46689e-05
8.99997e-05
0.000119559
5.88131e-05
6.02502e-05
7.76403e-05
6.13269e-05
0.000142024
0.00724075
0.00724325
0.00718744
0.00536974
0.00670234
0.00722345
0.00630424
0.00680612
0.00679592
0.00586634
0.00620281
0.00543085
0.00621672
0.00619651
0.0059719
0.00600572
0.00697209
0.00643683
0.0066094
0.00576682
0.00657174
0.0066462
0.00632113
0.00641371
0.00408803
0.00450099
0.00465833
0.00363574
0.00398309
0.00450511
0.00387266
0.00429542
0.006716
0.00677547
0.00501442
0.00526631
0.00640916
0.00646898
0.00572646
0.00567813
0.00691836
0.00558056
0.00646033
0.00701361
0.0066085
0.0062116
0.00685967
0.00644727
0.00647074
0.00470433
0.00503418
0.00518113
0.00573591
0.00530766
0.0054086
0.00508523
0.00669867
0.00547811
0.00533652
0.00625321
0.00633852
0.00573612
0.00620839
0.00565726
0.00152064
0.00312172
0.002577
0.00251548
0.00225619
0.00253575
0.0024292
0.00267758
0.00443317
0.00538734
0.00588125
0.00488657
0.00489336
0.00524077
0.00503228
0.00555419
0.00344184
0.00604866
0.00606585
0.0033979
0.0041363
0.00519199
0.00390102
0.00531798
0.00309227
0.00398761
0.00312108
0.00332126
0.0033808
0.00357602
0.0032739
0.00337024
0.00370019
0.00314378
0.00306089
0.00416661
0.00376996
0.00321236
0.00374303
0.0033129
0.0040171
0.00450912
0.00543222
0.00356699
0.00417908
0.0046113
0.00429296
0.00488034
0.00303638
0.00303341
0.00409742
0.00321921
0.00301004
0.00320616
0.00344327
0.00354424
0.00346658
0.00359067
0.00448484
0.00566029
0.00399205
0.00390467
0.0048534
0.00455783
0.000192517
0.000363379
0.000306767
0.000446186
0.000288825
0.000258619
0.000398728
0.000385388
0.000423698
0.000786221
0.000687421
0.00141665
0.000805168
0.000580668
0.000883886
0.001193
0.000550605
0.000811066
0.000663539
0.00155417
0.000455993
0.000518335
0.00062592
0.000688627
0.000846544
0.0018401
0.00184316
0.00218801
0.00153138
0.00111994
0.00118253
0.00154004
0.000450676
0.000372679
0.000700747
0.00114154
0.000490826
0.000615969
0.000977855
0.000575815
0.000364896
0.000880448
0.000600478
0.000391081
0.000528675
0.000872085
0.000503112
0.000576147
0.00046566
0.000687365
0.000975145
0.000949228
0.000803505
0.000691291
0.000933886
0.00138503
0.000382505
0.00140564
0.00126536
0.000794401
0.000836687
0.00109151
0.000844548
0.0015633
0.000146876
0.00015569
0.000125965
0.00135897
0.000228058
0.000111191
0.000399632
0.000332275
0.000186743
6.81964e-05
0.000138058
0.00106261
0.000210579
7.46244e-05
0.000290152
0.000273436
0.000127678
0.000169378
0.000116034
0.00135303
0.000267483
0.000122123
0.000440664
0.00040393
0.00339889
0.00314617
0.00356019
0.00440067
0.00367979
0.00335636
0.00403762
0.00375702
0.000217855
0.000252135
0.00176796
0.00156705
0.000348458
0.000371307
0.00120959
0.00148586
9.6777e-05
0.00119175
0.000102205
0.000117194
0.000292768
0.000325235
0.000148981
0.000243006
0.000427966
0.00229362
0.00208865
0.0025201
0.001618
0.00193316
0.00199975
0.00225374
0.000357396
0.00204286
0.00179759
0.000358102
0.000412425
0.00138119
0.00040919
0.00124759
0.00050999
0.000425398
0.00055764
0.00147068
0.000484218
0.000452832
0.000687446
0.000633229
0.000364969
0.000326179
0.000442385
0.0018987
0.000379527
0.000341552
0.00068843
0.000586389
0.000570574
0.000491544
0.000674606
0.00226175
0.000624172
0.000519155
0.00109875
0.00091149
0.00322012
0.00354362
0.00374682
0.00465846
0.00357885
0.00345023
0.00406052
0.00399867
0.000424087
0.000574798
0.00175545
0.00198085
0.000679803
0.000741357
0.00159904
0.00153963
0.000390276
0.00173515
0.000455624
0.000511176
0.000617858
0.000769298
0.000477875
0.00052319
0.000917288
0.00239543
0.00266099
0.0028735
0.00190918
0.00223958
0.00227981
0.00266583
0.000787829
0.00268151
0.00252038
0.000744993
0.000974311
0.00197329
0.000899437
0.00210138
0.000116837
0.000160636
0.000329328
0.000533521
0.000243389
0.000175984
0.000336112
0.000364646
0.00030647
0.000450344
0.000717042
0.000957995
0.000396712
0.000419893
0.000622787
0.000676728
0.000439756
0.000598016
0.000617797
0.00141638
0.00057577
0.00063864
0.000663689
0.000791621
0.000852765
0.00122543
0.00141134
0.00132418
0.00131187
0.00131115
0.00132367
0.00118115
0.000275114
0.000417957
0.000680498
0.000905479
0.000492315
0.000450422
0.000727011
0.000636233
0.000277297
0.000935104
0.000570672
0.000383698
0.000517003
0.000609061
0.000526677
0.00053924
0.000458715
0.000697733
0.000805467
0.000895466
0.000860597
0.000666303
0.000826637
0.00104509
0.000515707
0.000835628
0.000774514
0.000569983
0.000893213
0.000937731
0.000554154
0.00108722
0.000234473
0.000339445
0.000285644
0.000273331
0.000273606
0.000302014
0.000255197
0.00042794
0.000803175
0.00171252
0.000628254
0.0018151
0.00105198
0.00145307
0.00127198
0.00131422
0.000279223
0.000506949
0.000212976
0.000382183
0.000360118
0.000332204
0.000321381
0.000412967
0.000377558
0.00105287
0.000418466
0.000457584
0.000434759
0.000512898
0.000387549
0.000463921
0.000412958
0.000327729
0.000331309
0.000847538
0.000484084
0.000483506
0.00043674
0.000398944
0.000455025
0.00102301
0.000620896
0.000368565
0.000931929
0.000792019
0.000488981
0.000494207
0.000248928
0.000318004
0.000749775
0.000388177
0.000397887
0.000501103
0.000391805
0.000697717
0.000351849
0.000458034
0.000872217
0.000632793
0.000530073
0.000525122
0.000433589
0.000790115
6.24836e-06
4.29135e-06
2.03609e-05
0.00017131
1.64723e-05
9.772e-06
4.1045e-05
2.34872e-05
6.55194e-06
1.52962e-05
4.47544e-05
0.000267182
3.91908e-05
2.60015e-05
9.25273e-05
4.92589e-05
8.29079e-05
7.13246e-05
0.000187222
0.000490954
0.000103687
8.95934e-05
0.000276129
0.000225731
0.00033426
0.000282192
0.000501071
0.000653413
0.000291497
0.00032526
0.000427995
0.000429944
2.00567e-05
4.50772e-05
0.000203258
0.000250694
4.51809e-05
3.75804e-05
0.000218996
0.000189707
1.45294e-05
0.000262839
3.50024e-05
2.69835e-05
2.94013e-05
4.66595e-05
1.62278e-05
5.15175e-05
0.000168546
0.000259732
0.000251129
0.000475597
0.000311155
0.000246909
0.000371358
0.000278858
6.86194e-05
0.000448968
0.000303343
7.51271e-05
0.000120437
0.000373014
0.000118145
0.000345164
0.000439205
0.000679093
0.000491358
0.000465895
0.000318649
0.000601354
0.000292431
0.000687315
0.000967142
0.00163002
0.00149023
0.00107601
0.00124225
0.0012853
0.00112201
0.00149377
0.000362219
0.000713855
0.000196558
0.000375493
0.000382129
0.000437176
0.000347069
0.00042481
0.000438537
0.000591754
0.000449529
0.000415899
0.000297294
0.00048986
0.00031933
0.000455062
0.00070847
0.000363077
0.000282808
0.000939772
0.00058814
0.00046766
0.000793447
0.000471274
0.000917737
0.000988829
0.00104868
0.00053126
0.00119763
0.000822558
0.000896958
0.00100551
0.000413862
0.000278982
0.00062214
0.00040061
0.000389129
0.000603554
0.000492587
0.000370993
0.000486
0.000518109
0.000935547
0.000986783
0.00056575
0.000535994
0.00084742
0.000881799
0.00177408
0.00187264
0.00171343
0.00194406
0.00182655
0.00174781
0.00180574
0.00176181
0.00194287
0.00189732
0.00183621
0.0020242
0.00197002
0.00187625
0.00190432
0.00189091
0.00157872
0.00179763
0.000818913
0.00177962
0.00175442
0.00168148
0.00124839
0.00133951
0.00218105
0.00180542
0.00193452
0.0014996
0.00222569
0.0013883
0.00156465
0.00154296
0.00191919
0.00173796
0.00201453
0.00179751
0.0018895
0.0017965
0.00198351
0.00188439
0.00184516
0.00138144
0.00180326
0.00175543
0.00184913
0.00186785
0.00178539
0.00180603
0.00176015
0.00201496
0.00150127
0.00133787
0.00181961
0.00190619
0.00170269
0.00194538
0.00177553
0.00131331
0.00157118
0.00163311
0.00180063
0.0012956
0.00151947
0.00185091
0.000805107
0.00105071
0.00133635
0.00165448
0.00145321
0.00116768
0.00141012
0.00152583
0.000796625
0.000990185
0.00143145
0.00134354
0.00156286
0.00127106
0.00138745
0.00151974
0.00157305
0.00181721
0.00187208
0.0020689
0.00192007
0.00169357
0.00199916
0.00190363
0.0016279
0.00147836
0.00173578
0.00120387
0.00212145
0.00164955
0.00200462
0.00165576
0.00153169
0.00180557
0.00191473
0.0018182
0.00170287
0.00175162
0.00126254
0.00173747
0.0014676
0.00140501
0.00163739
0.00163124
0.00167343
0.00139893
0.00141283
0.00178639
0.00196158
0.00172313
0.00191538
0.00214164
0.00189525
0.00176556
0.0020179
0.00156037
0.00187512
0.0018101
0.00143496
0.00181943
0.00175432
0.00199532
0.00185906
0.00165413
0.0016823
0.00184974
0.00170889
0.00174281
0.00170328
0.00172797
0.00168819
0.0016972
0.00210153
0.00223571
0.00189592
0.00181301
0.00209821
0.00213383
0.00166472
0.00195687
0.00144631
0.00147186
0.000862578
0.000555625
0.00105356
0.00105617
0.000800382
0.000704255
0.00176282
0.00155019
0.00150058
0.00412328
0.00140915
0.00143155
0.00177957
0.00124284
0.00189117
0.00174191
0.00176229
0.00175471
0.00178634
0.00172404
0.00176433
0.00175874
0.0019508
0.00180283
0.00155789
0.00176694
0.00183365
0.00139932
0.00179827
0.00181209
0.00181462
0.001849
0.00161572
0.00119643
0.00182705
0.00177971
0.00138756
0.0015696
0.00180183
0.00113559
0.00138103
0.00176267
0.00117193
0.00104192
0.00153246
0.00158208
2.96679e-05
4.4409e-05
7.79485e-05
9.69478e-05
3.89594e-05
2.63049e-05
6.1672e-05
6.32002e-05
6.64178e-05
5.22911e-05
0.000133816
0.000231791
6.75699e-05
4.49791e-05
9.02025e-05
9.17193e-05
0.000225311
0.00032869
0.000710979
0.000837295
0.000300494
0.000288277
0.000459808
0.00046028
0.000268068
0.000522863
0.000926363
0.000460806
0.000392432
0.000325871
0.000494746
0.000631528
6.79226e-05
0.000104977
0.000151558
0.00019276
8.25508e-05
8.94677e-05
0.000112896
0.000148868
3.48341e-05
0.000209749
0.000129337
0.000107337
7.07715e-05
9.44117e-05
9.61613e-05
0.000125514
0.000135691
0.000190151
0.000289963
0.000601461
0.000270086
0.000212911
0.000412313
0.000303597
0.000153425
0.000696426
0.000335189
0.000193682
0.000203663
0.000300915
0.000192437
0.000465105
0.000257581
0.000217883
0.000828799
0.00036963
0.000193221
0.00029649
0.000467359
0.000515397
0.000437609
0.000694981
0.00139276
0.000627052
0.000696493
0.000703013
0.00105591
0.00119446
0.00147493
0.0034073
0.0027824
0.0024996
0.0021123
0.00463484
0.00256627
0.00464593
0.000465493
0.00049338
0.00135059
0.000566159
0.000615614
0.000576977
0.00093644
0.00093066
0.000378702
0.000666564
0.000483916
0.00100441
0.000849971
0.000701684
0.000444932
0.000447987
0.000541665
0.000817403
0.00176239
0.000995026
0.000719645
0.000866245
0.000874457
0.00126918
0.00129572
0.000556643
0.000911819
0.00145861
0.00132121
0.000784775
0.00128514
0.000627838
0.00130519
0.00215259
0.00116075
0.00350992
0.00162759
0.00164683
0.00274599
0.00160921
0.000261249
0.000857029
0.000376466
0.00105278
0.000556248
0.000620527
0.000518191
0.000618401
0.00187656
0.0033654
0.00219866
0.00379266
0.00275681
0.00284039
0.00288441
0.00289767
0.000450313
0.00119101
0.000475375
0.0019368
0.000769897
0.000770139
0.000771085
0.000755754
0.00336546
0.00412283
0.00374611
0.00448301
0.00389842
0.00391947
0.00408374
0.00408668
0.00149018
0.000723787
0.00231585
0.00351212
0.00160464
0.00114356
0.00246989
0.00230076
0.00148695
0.00345638
0.00171003
0.000726262
0.00149867
0.00230432
0.0010661
0.00169094
0.000730785
0.00252217
0.00370637
0.00294434
0.00178597
0.00252115
0.00274223
0.00338306
0.000713044
0.00283054
0.00366883
0.00172278
0.00118076
0.00259623
0.00175802
0.00304828
0.00194875
0.00365392
0.00183952
0.00404741
0.00308259
0.00272069
0.00285892
0.00272352
0.00530967
0.0071838
0.00389635
0.00656025
0.0063624
0.00541201
0.00567871
0.00512062
0.0015985
0.00259752
0.0014329
0.00313193
0.00217774
0.00199396
0.00212651
0.00204848
0.00501411
0.00606569
0.00449307
0.005429
0.00546852
0.0053524
0.00514308
0.00510737
0.00456695
0.00254923
0.00470572
0.00593186
0.00429589
0.00336757
0.0053033
0.00444382
0.00394985
0.00555935
0.00309808
0.00229199
0.00392356
0.0045286
0.0030012
0.0035563
0.00243301
0.00442635
0.0055311
0.00384216
0.00355372
0.00431093
0.00403844
0.00474175
0.00230722
0.00372826
0.00530403
0.00317647
0.00281515
0.00379715
0.00347089
0.00451883
0.00195593
0.0052426
0.0019573
0.00154591
0.00253281
0.00430647
0.00233102
0.00265974
0.00525453
0.00589152
0.0049387
0.00431306
0.00361136
0.00292257
0.00285163
0.00335838
0.00156488
0.0033712
0.000896825
0.000928948
0.00191113
0.00247372
0.0012835
0.00124566
0.00176563
0.00186894
0.0006508
0.000625422
0.00104346
0.00126214
0.000569035
0.000712886
0.00407212
0.00241993
0.001808
0.0031339
0.00490816
0.00455096
0.00429466
0.00300704
0.00409844
0.00268995
0.002825
0.00399835
0.00440353
0.00468127
0.00437713
0.00386329
0.00264363
0.00104804
0.00239722
0.000892073
0.00108476
0.00163698
0.0015103
0.00223655
0.00224554
0.000998122
0.00209851
0.00275481
0.00302791
0.00188855
0.00264317
0.00270399
0.000793437
0.00126777
0.000539447
0.00116527
0.00127568
0.00134604
0.00115613
0.000894668
0.00138328
0.00124503
0.0010906
0.00121326
0.00191161
0.00117334
0.000985535
0.00160093
0.000643605
0.00108488
0.000508792
0.00058294
0.000903279
0.000716367
0.000602308
0.000794111
0.0020814
0.00128322
0.00156284
0.00576758
0.00213711
0.00142983
0.00370215
0.00194153
0.00116533
0.00114868
0.00121765
0.00154942
0.00103548
0.000692768
0.00129964
0.000665552
0.000880507
0.00104977
0.000879869
0.000804797
0.00104134
0.00106004
0.000964483
0.00156599
0.00109323
0.00159837
0.00135976
0.00119272
0.001064
0.00126639
0.00108659
0.0010485
0.000872699
0.000699891
0.00165474
0.00109014
0.000827724
0.000544194
0.000717199
0.000899911
0.00146821
0.00247545
0.00254233
0.00241722
0.00168725
0.00223401
0.00186525
0.00243055
0.00213079
0.00314459
0.00352131
0.00276611
0.00317352
0.00251508
0.00335612
0.00370586
0.00209311
0.00328508
0.00317351
0.00317954
0.00301784
0.00299353
0.00402162
0.0039561
0.00165422
0.00212485
0.00478158
0.00142497
0.0014817
0.00207686
0.00215747
0.00227779
0.00244303
0.0019461
0.0020177
0.00409826
0.00232651
0.00241943
0.00216889
0.00173196
0.00177437
0.00295284
0.00285021
0.0020329
0.00255774
0.00256811
0.00258262
0.00349773
0.00260997
0.00255392
0.00221275
0.00345789
0.00254236
0.00237788
0.0028634
0.00214235
0.0024341
0.00307492
0.0037251
0.00455738
0.00275983
0.00318608
0.0032799
0.00413838
8.86333e-06
2.06467e-05
2.31218e-05
5.13198e-05
2.21539e-05
2.39251e-05
2.85771e-05
2.86053e-05
1.88826e-05
1.37669e-05
4.87311e-05
5.50418e-05
2.02561e-05
1.40118e-05
6.09168e-05
5.95302e-05
4.77155e-05
3.49498e-05
3.44511e-05
7.01686e-05
6.20173e-05
4.59146e-05
6.12441e-05
5.78565e-05
0.000128026
8.0673e-05
0.000208017
0.000330713
0.000201094
0.000138965
0.000309606
0.000223936
4.22981e-05
4.46773e-05
8.27207e-05
9.93673e-05
5.62356e-05
4.77157e-05
8.422e-05
7.21741e-05
4.03677e-05
9.23149e-05
4.79747e-05
4.29228e-05
5.42342e-05
6.31972e-05
3.81442e-05
4.39195e-05
5.82646e-05
0.000113793
0.000127668
0.000128882
8.33995e-05
0.000105522
0.000101572
0.000126278
5.69791e-05
0.000117088
0.000121163
6.93432e-05
6.87954e-05
9.59404e-05
7.07348e-05
9.02802e-05
3.94445e-05
3.65178e-05
9.0598e-05
8.17252e-05
4.45769e-05
6.18439e-05
5.97342e-05
9.85993e-05
5.53525e-05
2.14427e-05
3.72718e-05
7.59323e-05
5.65258e-05
3.27616e-05
3.92088e-05
5.14309e-05
0.000122026
6.04532e-05
7.15412e-05
0.000256793
0.000119139
8.04215e-05
0.000120431
9.03083e-05
0.000247914
8.88019e-05
0.000331287
0.000428183
0.00016924
9.68834e-05
0.000289062
0.000272083
6.91371e-05
8.02412e-05
0.000122761
0.000131552
5.4799e-05
7.72246e-05
0.000121156
0.000123755
4.0687e-05
6.35932e-05
3.27307e-05
5.34936e-05
9.15659e-05
7.08445e-05
7.44729e-05
9.86337e-05
0.00010711
0.000173081
0.00014001
0.00020997
0.000149916
0.000138984
0.000170769
0.000164753
0.000130835
0.000158889
0.000101519
7.10438e-05
0.000142682
8.96085e-05
0.000137198
0.000124947
5.5267e-05
0.000140322
9.39275e-05
0.00106808
0.000196317
0.000113553
0.000410386
0.000160453
0.000269047
0.000322937
0.000256461
0.00103578
0.000335735
0.000236655
0.000364404
0.00021583
0.000164378
0.000236717
0.000221781
0.00163476
0.000366713
0.000279832
0.000705413
0.000359021
0.00333662
0.003461
0.00396155
0.00477164
0.00383791
0.00358946
0.00437067
0.0041968
0.000288739
0.000332323
0.00166177
0.0016157
0.000403336
0.000397276
0.00108414
0.00117227
0.000252172
0.00120498
0.000247092
0.000196854
0.000247245
0.000353375
0.000183463
0.000281717
0.000586729
0.00249691
0.00241332
0.00292025
0.00165506
0.00197504
0.00219599
0.00253755
0.000308693
0.00218751
0.00183837
0.00030706
0.000474565
0.00164186
0.000485141
0.00144017
0.000229572
0.000266156
0.000351494
0.00174743
0.000337774
0.0003108
0.000535209
0.000450517
0.000154431
0.000354113
0.000425405
0.00130182
0.000238234
0.000315956
0.000469101
0.000401803
0.000455113
0.000774049
0.000519668
0.00309543
0.000805556
0.00072922
0.00106976
0.000943034
0.0042331
0.00380596
0.00512468
0.00516819
0.00455169
0.00425696
0.00510181
0.00492705
0.000268065
0.000553181
0.00229267
0.00208311
0.000570412
0.000657314
0.00164346
0.001948
0.000297274
0.00175875
0.000537841
0.000492058
0.000475007
0.000614498
0.000458261
0.00063462
0.000831443
0.00302803
0.00285466
0.00391951
0.00250623
0.0026852
0.00313037
0.00319505
0.000682779
0.00352071
0.00250963
0.000890681
0.00109986
0.0027142
0.00108359
0.0024217
0.0483731
0.0836521
0.126815
0.0297864
0.0489282
0.0849312
0.055203
0.103117
0.225566
0.440943
0.293682
0.185161
0.389716
0.459467
0.338986
0.361933
0.118389
0.157987
0.0948148
0.056345
0.113704
0.107202
0.0489279
0.0789581
0.00886361
0.0288278
0.0443799
0.00883845
0.0174403
0.0285971
0.0197591
0.0363278
0.117703
0.115972
0.0241457
0.0619435
0.139975
0.104927
0.045295
0.0285358
0.194361
0.119366
0.226553
0.152837
0.200231
0.241719
0.200664
0.194832
0.0935014
0.0160138
0.0407489
0.0327557
0.0530856
0.0373533
0.0460817
0.0379726
0.0976891
0.0484219
0.0650016
0.176707
0.106308
0.0520959
0.154625
0.0709414
0.0627454
0.183832
0.384331
0.0672306
0.136617
0.214633
0.202828
0.319266
0.364507
0.461987
0.220443
0.223287
0.437819
0.496694
0.447825
0.431471
0.580581
0.270204
0.154933
0.0707599
0.434986
0.30451
0.246274
0.191657
0.0449885
0.0344596
0.0277968
0.0116353
0.0377486
0.040176
0.00897368
0.0106671
0.245283
0.406987
0.0291868
0.0304433
0.365953
0.338938
0.121362
0.104669
0.386061
0.196064
0.315136
0.523618
0.428204
0.457708
0.498136
0.519892
0.442062
0.0222859
0.0189246
0.0733728
0.175184
0.0317831
0.0388662
0.0400643
0.590982
0.0562685
0.100402
0.478653
0.443569
0.114693
0.495555
0.159286
9.15456e-05
0.000177332
0.000129437
0.000153586
0.000105656
0.000133949
0.000131189
0.000171536
0.000123833
0.000120706
0.000128595
0.000198078
0.000138173
0.000175179
0.000147144
0.0001391
0.000142096
0.000143323
0.00010262
0.000101306
0.000150654
0.000144842
0.000156723
0.000148127
0.000193673
0.000363361
0.000214547
0.000218704
0.000417978
0.000463936
0.000444726
0.000221625
0.000198541
0.000103894
0.0002864
0.000330452
0.000173354
0.000131179
0.000295958
0.000273991
0.000151953
0.000325731
0.000207841
0.000113435
0.000201933
0.000166388
0.000185789
0.000201238
0.00014296
0.000319448
0.000338947
0.000244777
0.000219627
0.000319044
0.000336701
0.00035623
0.00015787
0.000313412
0.000287107
0.000149811
0.00016321
0.000335656
0.000192486
0.000129537
0.000199614
0.000165555
0.000343147
0.00060194
0.000244959
0.000227265
0.000382253
0.000268003
0.000129049
9.68414e-05
9.03713e-05
0.000114518
0.000166418
0.000131489
0.000263816
0.000201509
0.000191977
0.000122812
9.66305e-05
0.000177087
0.000252529
0.000175986
0.000239091
0.000146835
0.000553702
0.000221234
0.000296019
0.000280132
0.000494814
0.000184403
0.000272744
0.000328195
0.000207708
0.000319198
0.000639415
0.000453893
0.000304079
0.000394112
0.000274509
0.000383697
0.000178811
0.000261983
0.000187409
0.000279026
0.000301532
0.000334571
0.000202088
0.000308888
0.000294498
0.000489432
0.000245041
0.000230059
0.000446276
0.000512129
0.000270996
0.000553735
0.00021796
0.000202679
0.000194289
0.000168277
0.00031552
0.000212914
0.000295365
0.000124301
0.0100986
0.0108725
0.00949595
0.00932396
0.0100511
0.0104162
0.00963194
0.00994394
0.0110767
0.0106921
0.011367
0.00891554
0.0105304
0.0112068
0.010131
0.0106894
0.00764386
0.0096834
0.0033668
0.0076534
0.00805905
0.00796791
0.00708991
0.00694141
0.00809319
0.00764362
0.00794077
0.00649341
0.007624
0.007948
0.00725883
0.00760205
0.0105968
0.00958064
0.00905324
0.00888971
0.0102394
0.00991308
0.00948395
0.00940726
0.0110752
0.00928212
0.0111409
0.00990066
0.0106711
0.0102599
0.0108641
0.0106798
0.0088818
0.00867502
0.00855528
0.00839883
0.00894367
0.00900004
0.0088744
0.00868525
0.00906188
0.00871681
0.00892316
0.0106141
0.0093838
0.00920001
0.0101776
0.0095015
0.00163742
0.00171521
0.00166204
0.00178104
0.00166688
0.0016703
0.00168297
0.00169603
0.00130834
0.0011551
0.00186571
0.00129354
0.00123687
0.000911771
0.000957683
0.0010007
0.00178544
0.00188061
0.00188428
0.00205463
0.00189168
0.00187214
0.00194361
0.00191214
0.00180597
0.00117218
0.00161516
0.00326865
0.0013239
0.00108711
0.00190611
0.00134655
0.00163715
0.00177345
0.00183256
0.000861469
0.00170362
0.00179702
0.0015431
0.00190095
0.00180807
0.000549227
0.00186623
0.00177605
0.00182449
0.00181252
0.00180785
0.001876
0.00181933
0.00195762
0.000715469
0.00198722
0.0019442
0.00194424
0.0020203
0.00124472
0.00181963
0.00170042
0.000817875
0.00175838
0.00190638
0.00194192
0.00191082
0.00119343
1.91301e-05
2.66924e-05
3.89566e-05
6.47195e-05
5.51495e-05
4.02257e-05
5.80919e-05
4.65188e-05
2.7842e-05
1.70702e-05
1.98318e-05
5.64288e-05
2.62838e-05
2.02226e-05
2.54767e-05
2.06804e-05
4.78812e-05
2.52198e-05
6.08726e-06
3.72245e-05
2.15053e-05
1.23535e-05
1.46843e-05
5.95652e-06
0.000164399
0.000191124
0.00015639
0.000419502
0.000277534
0.000175961
0.000251508
0.000195276
5.21059e-05
4.04969e-05
0.00010673
6.87661e-05
4.54587e-05
3.7419e-05
8.41538e-05
7.89988e-05
2.38991e-05
5.62482e-05
1.84726e-05
3.68324e-05
3.92127e-05
3.46761e-05
3.17348e-05
1.96841e-05
4.56974e-05
0.000121547
9.97242e-05
9.57924e-05
5.06496e-05
8.977e-05
8.60707e-05
0.000105545
4.20255e-05
6.49563e-05
7.36785e-05
1.06263e-05
3.49939e-05
5.75291e-05
2.46277e-05
5.39147e-05
0.0111817
0.00987474
0.00734365
0.00969387
0.0115739
0.0118363
0.0110522
0.0104285
0.00695466
0.00364841
0.00399579
0.00484465
0.00826096
0.00436014
0.00535071
0.00386218
0.00480112
0.00394073
0.00379834
0.00361672
0.00556226
0.00584711
0.00582994
0.0047703
0.00669856
0.00420296
0.0027848
0.00276894
0.0040271
0.0036597
0.00359735
0.00291022
0.0126053
0.00775341
0.00920299
0.00649078
0.0109604
0.00671341
0.00647112
0.00931955
0.00813699
0.00447664
0.0066973
0.00951019
0.0083814
0.00442128
0.00449265
0.00629556
0.00908702
0.00891319
0.00448184
0.00495319
0.00458404
0.00699882
0.00524105
0.00424988
0.00737577
0.00437174
0.00462049
0.00510735
0.00453351
0.00544009
0.00628936
0.00463403
0.000183819
0.000248658
0.000417462
0.000245477
0.000254489
0.000260589
0.000315191
0.000248231
0.000225389
0.000194106
0.000724115
0.00037383
0.000182267
0.000289353
0.000371588
0.000312925
0.00149725
0.00142567
0.0022832
0.00216945
0.000949635
0.00140489
0.00134885
0.00143597
0.000379752
0.000540355
0.00143406
0.000759832
0.000338822
0.000536387
0.000446995
0.000582353
0.00017403
0.00032042
0.000248995
0.00027427
0.000267591
0.000336936
0.00032434
0.000387891
0.000239228
0.000391272
0.000632351
0.000560327
0.000228624
0.000498437
0.00050732
0.000425825
0.000586608
0.000358324
0.000341665
0.000815501
0.000407045
0.000311722
0.000550269
0.000499782
0.000508764
0.0011412
0.000496605
0.000760991
0.00105994
0.00103039
0.000781055
0.00110305
0.000938892
0.00101529
0.000927774
0.00873563
0.00172211
0.000904374
0.00376813
0.00254936
0.00111363
0.00115796
0.00107033
0.0101431
0.00229745
0.00105459
0.00482252
0.00280962
0.000944505
0.000982399
0.000912753
0.00844483
0.00216487
0.000886554
0.00389911
0.0022638
0.0120107
0.0126976
0.0116001
0.0119858
0.0124656
0.012262
0.0121769
0.0122055
0.00195985
0.00192687
0.0102766
0.0111494
0.00442499
0.00437112
0.00949422
0.00884662
0.00100337
0.00954023
0.000970759
0.000911406
0.00291564
0.004944
0.00101645
0.00225858
0.00382098
0.0108965
0.0118818
0.0106412
0.00859998
0.0102413
0.00997943
0.0114226
0.0024831
0.010119
0.0112554
0.00254529
0.00442573
0.008621
0.00436291
0.00919117
0.000180396
0.000156295
0.000137725
0.00154358
0.000501917
0.000148225
0.000608772
0.000494427
0.00012881
5.22138e-05
0.000143047
0.000869959
0.000353707
9.5811e-05
0.000309199
0.000180677
0.000211855
0.000226992
0.000168337
0.00152366
0.000504807
0.000298348
0.000581603
0.000492537
0.00477334
0.0023042
0.00296434
0.00464706
0.00477787
0.00318715
0.00524156
0.00478794
0.000413431
0.000467288
0.00243843
0.00143808
0.000461996
0.000583573
0.00146997
0.0021152
0.000105008
0.0013999
0.000181935
0.000144777
0.000415147
0.000474439
0.00014355
0.000432612
0.000564479
0.00184864
0.0017149
0.00269305
0.00153614
0.00218572
0.00241234
0.00240298
0.000484935
0.00174018
0.00137286
0.000464697
0.000496056
0.00151438
0.000450794
0.00110536
0.00014131
0.000174953
0.000100948
0.00074793
0.000216119
8.70679e-05
0.000344714
0.000330886
0.000168281
0.00012018
0.00016473
0.000928402
0.000263951
0.000114719
0.000336118
0.000515647
0.000102385
0.000143997
8.42313e-05
0.000767704
0.000231405
9.68408e-05
0.000362008
0.000408018
0.00158838
0.00189298
0.00169752
0.00311294
0.00202889
0.00180303
0.0023303
0.00216913
0.000241302
0.000225384
0.000847013
0.000985673
0.000380243
0.000385549
0.000840993
0.000773516
9.62251e-05
0.000882921
0.000109264
9.82002e-05
0.00038878
0.000480381
0.000154325
0.000253897
0.000391288
0.00110113
0.00126355
0.00119018
0.00085222
0.00103772
0.00098265
0.00123225
0.000366219
0.00113226
0.00122359
0.00048797
0.000453685
0.000884047
0.000501585
0.000930934
0.010289
0.0102163
0.0108397
0.00938319
0.0100902
0.0104297
0.00995062
0.0103187
0.00951435
0.00825045
0.00885479
0.00806612
0.00876981
0.00868927
0.00857231
0.00843761
0.0109009
0.00954391
0.0101158
0.00857653
0.00988834
0.0101141
0.00946754
0.00941614
0.00802037
0.00747439
0.007488
0.00644209
0.00747003
0.00763505
0.00710664
0.0071759
0.00970254
0.0102976
0.00891562
0.00834555
0.00956897
0.00990926
0.00899983
0.00918337
0.00983536
0.00836154
0.0093705
0.0105731
0.00971245
0.00905154
0.0102076
0.00932318
0.0100703
0.00865775
0.00802287
0.00816902
0.00936108
0.00888447
0.00857735
0.00833327
0.0103034
0.00815005
0.00801855
0.0089842
0.0095512
0.00868849
0.00902935
0.0083909
0.000723635
0.000877406
0.000873646
0.0044935
0.00107266
0.000807595
0.00155534
0.00130525
0.00106685
0.0012142
0.00122314
0.00614839
0.00182905
0.00118793
0.00291409
0.00247202
0.00106684
0.00122839
0.00117541
0.0060625
0.00186918
0.00118827
0.00334804
0.00273365
0.00655915
0.00735574
0.0069766
0.00615283
0.00680818
0.00706118
0.00660846
0.00693654
0.00134948
0.00137345
0.00572015
0.00660175
0.00196017
0.00184081
0.00528779
0.00500932
0.000984286
0.00588978
0.00119712
0.000984406
0.00167269
0.00250361
0.00106459
0.0018269
0.00210215
0.00623948
0.00707263
0.00682423
0.00524487
0.0060388
0.00635211
0.00679787
0.00176248
0.0067323
0.00690168
0.00255607
0.00268031
0.00582169
0.00302116
0.00611843
0.00154467
0.00224638
0.00200676
0.00242167
0.00164376
0.00165802
0.00187547
0.00181542
0.00185425
0.0075718
0.00274148
0.00524366
0.00182214
0.00203901
0.00270676
0.00211667
0.00239031
0.00280951
0.00275069
0.00232249
0.00242948
0.00253348
0.00228341
0.00238418
0.00184511
0.00374834
0.00188757
0.00141439
0.00182392
0.00173465
0.00171219
0.00184992
0.00318489
0.002071
0.00300856
0.00255311
0.00307762
0.00212798
0.00220275
0.00310735
0.00244563
0.00223042
0.00212247
0.00212026
0.0031694
0.00322775
0.00278769
0.00281403
0.00222886
0.00285709
0.00258376
0.00244397
0.00270322
0.00301994
0.00268504
0.00233776
0.00221257
0.00270365
0.00246165
0.00317197
0.00245536
0.00282985
0.0034325
0.00449095
0.00105929
0.00120393
0.000579851
0.00139432
0.00119825
0.00140009
0.00107909
0.000861472
0.000989363
0.000773241
0.00043945
0.000898112
0.001165
0.000789733
0.000893824
0.000640911
0.000537282
0.000168003
6.84286e-05
0.000340078
0.000456891
0.000177868
0.000335521
0.000101419
0.00131025
0.00098637
0.000773676
0.00078357
0.00104847
0.000855987
0.000595406
0.000667597
0.00125648
0.000580306
0.00136869
0.00124748
0.00132326
0.000858579
0.00144371
0.00145959
0.00113567
0.000928276
0.000412449
0.000826886
0.000838522
0.000800595
0.000517167
0.000589068
0.000717464
0.000968795
0.000966488
0.000638248
0.000609733
0.000868941
0.000640483
0.000736829
0.000668897
0.000453783
0.000830887
0.000272336
0.000658585
0.000682092
0.000542905
0.00053153
0.00284562
0.00320949
0.00311123
0.00242504
0.00246888
0.00264893
0.00250115
0.002769
0.00274281
0.00526381
0.00283569
0.00343985
0.00172568
0.00170203
0.0015397
0.00637586
0.00212347
0.0018457
0.00233186
0.00290782
0.00206993
0.00247998
0.00165507
0.00185661
0.00175331
0.00300373
0.0014872
0.0017345
0.00158878
0.00187933
0.00156232
0.00198171
0.00210449
0.0027533
0.00274364
0.00239612
0.00197824
0.00222073
0.00253988
0.00161478
0.00198639
0.00154977
0.00104196
0.00361344
0.00147265
0.00237903
0.00151293
0.0016897
0.00279802
0.00185328
0.00233187
0.00135675
0.00301347
0.00228279
0.00180916
0.00195685
0.00176532
0.00412566
0.00490956
0.00184707
0.00206517
0.00137389
0.00170249
0.00246778
0.00266995
0.00938675
0.0027792
0.00742317
0.00665611
0.00633651
0.00608198
0.00631131
0.0111937
0.01059
0.0108944
0.00872974
0.0106316
0.0111182
0.00995223
0.0103666
0.00272244
0.00910681
0.00260248
0.00727524
0.00647621
0.00645048
0.00637503
0.00689536
0.00775487
0.00743317
0.00736022
0.00632313
0.0074529
0.00769887
0.00694233
0.00720124
0.0104328
0.0063089
0.00859507
0.00876115
0.00987158
0.00912254
0.00927534
0.0089501
0.0107197
0.00907349
0.0103884
0.00633987
0.0101791
0.010052
0.00933698
0.0100079
0.00603019
0.00805237
0.00823741
0.00769139
0.00742242
0.00839213
0.00823332
0.00842721
0.00640696
0.00808348
0.00849222
0.00988948
0.00916251
0.0086799
0.00954207
0.00888691
0.0119215
0.00767702
0.0138139
0.0111897
0.0121823
0.0107686
0.0122422
0.0122353
0.00571291
0.00241568
0.0021311
0.00532455
0.00410781
0.00362315
0.00232459
0.00283327
0.0106247
0.0024008
0.00533464
0.00457905
0.00476864
0.00468892
0.00609518
0.00323556
0.00789472
0.00379498
0.00401454
0.00272395
0.00565785
0.00345838
0.00346289
0.00469282
0.010266
0.00885758
0.0107834
0.00612272
0.00664611
0.0095803
0.00496046
0.00623937
0.00519818
0.00513835
0.00305163
0.00594751
0.00488509
0.00912787
0.00765339
0.00347346
0.010038
0.0092321
0.00261323
0.0051173
0.00993074
0.0100203
0.00649246
0.00474462
0.00465847
0.00642841
0.00458443
0.00340507
0.0077539
0.00541602
0.00315191
0.00421541
0.00999642
0.00926839
0.00996484
0.0090812
0.00962164
0.00962468
0.0095959
0.00954882
0.00823624
0.00710198
0.00760229
0.00688287
0.00757061
0.00745513
0.00741258
0.00727903
0.00929242
0.00795128
0.00807959
0.00785575
0.00853571
0.00828181
0.0083087
0.00799382
0.00773928
0.0066175
0.00724972
0.00620595
0.00707642
0.00704598
0.00690184
0.00683492
0.00867863
0.00931185
0.00849726
0.00736063
0.00856389
0.00898502
0.00804336
0.00845663
0.00858916
0.0072952
0.00794616
0.00917913
0.00845569
0.00783579
0.00883243
0.00811867
0.0092108
0.00836858
0.00720235
0.00781925
0.00873122
0.00829983
0.00800715
0.00766677
0.00901212
0.00761723
0.00708964
0.00772433
0.00834951
0.00785819
0.00793336
0.00745457
0.000334807
0.0013952
0.000451591
0.000689931
0.000500241
0.000618502
0.000496774
0.000580645
0.00320602
0.00287714
0.00167562
0.00256991
0.00250429
0.00408516
0.00201815
0.00177552
0.00054191
0.00122741
0.000539151
0.000585326
0.000731431
0.000726331
0.000723657
0.00101272
0.000967324
0.00163396
0.000382352
0.000668175
0.00127282
0.00144309
0.00123236
0.00136922
0.00126426
0.000591577
0.000986351
0.0016368
0.00139242
0.00078245
0.00108933
0.00104063
0.00229609
0.00251799
0.00225023
0.000775986
0.00188503
0.00246606
0.00166423
0.00126646
0.000586721
0.000968545
0.00171723
0.000969047
0.00077697
0.00099976
0.000985525
0.00123144
0.000716483
0.00112614
0.00194494
0.00156705
0.000955815
0.00118432
0.00129782
0.000931959
8.32642e-05
0.000134717
7.8907e-05
0.000102199
9.13897e-05
9.8182e-05
8.90291e-05
9.48476e-05
0.000224449
0.000337999
0.000285896
0.000275635
0.000265794
0.000278886
0.000291114
0.000312031
9.35041e-05
0.000198278
0.000144141
0.000224383
0.000135935
0.000147411
0.00018233
0.000191562
0.000147752
0.000266545
0.000255579
0.000229082
0.000167354
0.000181927
0.000224429
0.000243331
0.000143217
0.000103661
0.00011188
0.000208577
0.000152932
0.00010958
0.000176352
0.000116377
0.000145772
0.000223026
0.000203415
0.000111231
0.000161061
0.000201143
0.00015236
0.000189208
0.000111318
0.000135316
0.000236866
0.00022213
0.000129496
0.000138613
0.000156865
0.000169642
0.000114451
0.000229573
0.000259523
0.000216649
0.000147829
0.000165965
0.000203514
0.000243835
0.00168696
0.00180608
0.00164945
0.00169298
0.00169714
0.00171021
0.00165121
0.00165926
0.00188162
0.00183627
0.0018098
0.00176215
0.00184879
0.00184178
0.00181839
0.00181344
0.00173036
0.00176574
0.00182876
0.00183917
0.00176877
0.00176656
0.00180069
0.00180531
0.00108986
0.00145343
0.00186009
0.000846705
0.00167435
0.00163329
0.00181169
0.00141475
0.00180137
0.00169356
0.00174642
0.00180622
0.00174471
0.00169618
0.00176935
0.00173694
0.00181427
0.00180289
0.00177526
0.00169919
0.00175423
0.00177435
0.00173698
0.00176501
0.00171005
0.00176568
0.00180411
0.00183475
0.00175369
0.00176232
0.00180381
0.00180167
0.00171624
0.00183843
0.00180462
0.00176351
0.00175351
0.00179105
0.00175579
0.00179466
0.0202886
0.0164924
0.00629229
0.00984053
0.0123833
0.0177675
0.0120889
0.00905104
0.00637648
0.00497128
0.00442617
0.00379456
0.00502749
0.00503211
0.00326883
0.00350629
0.0036378
0.00344952
0.00102037
0.00224598
0.00267845
0.00229478
0.00214566
0.00153095
0.0065482
0.00384346
0.00323163
0.00291122
0.00573417
0.00586812
0.00456479
0.00371495
0.00947284
0.00557894
0.010363
0.0117453
0.00526192
0.0102835
0.00579977
0.00558913
0.00866017
0.00367305
0.00447739
0.00688814
0.00696415
0.00594792
0.00578828
0.00317506
0.00410001
0.00735924
0.00616821
0.00432431
0.00404565
0.00673802
0.0046911
0.00444748
0.00447355
0.00238795
0.00277032
0.00246786
0.00571319
0.0033561
0.00216805
0.00358098
0.00610644
0.0095772
0.00733516
0.00748153
0.00771361
0.00859782
0.00753923
0.00800715
0.0105869
0.00974433
0.00727923
0.00789608
0.00969309
0.0100012
0.00850937
0.00831899
0.00495665
0.00459847
0.00274703
0.00468575
0.00497389
0.00423436
0.00441621
0.00394501
0.00690148
0.00678924
0.00555291
0.00588883
0.00668408
0.00656891
0.00615128
0.00604607
0.0095648
0.00709977
0.0076778
0.00778146
0.00874558
0.00803076
0.00827397
0.00787427
0.0100239
0.00767842
0.00691177
0.00686274
0.00872496
0.0079982
0.00762434
0.00720154
0.00648426
0.0071186
0.00711571
0.00571058
0.00643204
0.00711598
0.00625542
0.00675684
0.00612373
0.00542021
0.00691129
0.00591406
0.00583108
0.00589028
0.00634464
0.00616825
0.000365698
0.000384421
0.00157246
0.00100735
0.000385535
0.000384262
0.000745036
0.000641677
0.000421493
0.000335314
0.00066223
0.000716848
0.000502604
0.000498931
0.000855573
0.000471657
0.0030933
0.0012605
0.00296814
0.00275954
0.00179437
0.00326903
0.00301681
0.00125604
0.00117998
0.000830806
0.00163712
0.000605719
0.0012442
0.00136756
0.00130502
0.00120883
0.000418341
0.00106096
0.00109431
0.00128407
0.000852223
0.000935322
0.00081945
0.00116839
0.000418092
0.00136209
0.00166139
0.00188778
0.000972215
0.00112943
0.00140421
0.0015728
0.00182424
0.00112375
0.00153031
0.00175753
0.000949785
0.000870234
0.00168106
0.001074
0.00132158
0.00112074
0.00131633
0.000683821
0.00157062
0.00199566
0.00153317
0.00124244
0.00327252
0.00560308
0.00175698
0.00328169
0.00365487
0.00340127
0.00264936
0.0024439
0.00728781
0.00785762
0.0022819
0.00807153
0.00756629
0.00541388
0.00581087
0.00389825
0.00182442
0.00187374
0.00131472
0.00123161
0.001789
0.00195647
0.00159792
0.00206038
0.00413084
0.00848035
0.00182947
0.00701474
0.00562407
0.00402044
0.00259155
0.00202797
0.00629401
0.00166697
0.0041571
0.00767906
0.00510624
0.00242531
0.00723023
0.00383125
0.0049982
0.00515079
0.00172392
0.00159908
0.00384204
0.00347482
0.00216629
0.00214905
0.00150306
0.00247934
0.0056388
0.001531
0.00159573
0.0024813
0.00154996
0.00224941
0.00153153
0.00164282
0.00332556
0.00152168
0.00154631
0.0015579
0.00164439
0.00192256
0.000805159
0.000463033
0.00131333
0.000870859
0.000610634
0.000577741
0.000819539
0.000806065
0.00025152
6.41181e-05
0.00039454
0.000186044
0.000203452
0.000213544
0.00029113
0.000267724
0.0016491
0.000871676
0.00158659
0.00120558
0.000803668
0.00104088
0.00102397
0.00104525
0.000622136
0.000297346
0.000663026
0.000334505
0.000345714
0.00039136
0.000442086
0.00046073
0.000339272
0.000555348
0.000444008
0.000309899
0.000547952
0.000911299
0.000405228
0.000466324
0.000431864
0.000339524
0.000717842
0.000698525
0.000525978
0.000509578
0.000830384
0.000592402
0.000813351
0.000612392
0.000435841
0.000633973
0.00121827
0.000587083
0.000443145
0.000715745
0.000762139
0.000665549
0.000441083
0.000870751
0.00128748
0.000582299
0.000865274
0.000695746
0.00313252
0.00477292
0.00259191
0.00182846
0.00267635
0.00354712
0.00197391
0.00249539
0.00627982
0.00678893
0.00356829
0.00207083
0.00521039
0.0055959
0.0034368
0.00396922
0.00230366
0.00257948
0.00242378
0.00218122
0.00222131
0.00246722
0.00212508
0.00231097
0.00189595
0.00195307
0.00227581
0.0017812
0.00202293
0.00197735
0.00226796
0.0022412
0.00429182
0.00231894
0.00166961
0.00185995
0.00281429
0.00224446
0.00209088
0.0019456
0.00482571
0.00214405
0.00310887
0.00273371
0.00333048
0.00275256
0.00305038
0.00272114
0.00189584
0.00165961
0.00176235
0.00203398
0.00183902
0.00173476
0.00187779
0.00180854
0.00220683
0.00207377
0.00189563
0.00251531
0.00213163
0.00199865
0.0022165
0.00201306
0.000917446
0.00135877
0.00150775
0.00135798
0.00130333
0.00158666
0.00138247
0.00155196
0.0014283
0.00149946
0.00195559
0.00178913
0.00164471
0.00144735
0.0015937
0.00204954
0.00229338
0.00196294
0.00687153
0.00612504
0.00292349
0.00263903
0.00563743
0.00460797
0.00294009
0.00168041
0.00655895
0.00845334
0.00479631
0.00354212
0.00681383
0.00453227
0.00137873
0.00150213
0.00141091
0.00149935
0.00152202
0.00154196
0.00158341
0.00148914
0.00129149
0.00164643
0.00181161
0.00160092
0.0018505
0.00179596
0.00179822
0.0017171
0.00183972
0.00177857
0.00180049
0.00539649
0.00197515
0.00172125
0.00256165
0.00215593
0.00179594
0.00381528
0.00162643
0.00166168
0.00160748
0.00202562
0.00164197
0.0017234
4.96601e-05
5.28584e-05
4.82972e-05
0.000204542
0.000125185
5.06371e-05
0.000113186
0.000117281
5.05911e-05
4.65181e-05
3.63366e-05
0.000223027
0.000137206
4.95973e-05
0.000135718
0.0001255
4.94746e-05
3.33366e-05
3.51223e-05
0.000134211
9.99578e-05
4.94525e-05
9.74586e-05
9.30259e-05
0.000328084
0.000318003
0.000227616
0.000315157
0.000318969
0.000281651
0.000324075
0.000260953
0.00013283
0.000110749
0.000198654
0.000220431
0.00013284
0.000124317
0.000235897
0.000184297
5.0071e-05
0.000201623
4.40517e-05
4.82657e-05
0.000117936
0.000120607
5.18653e-05
0.00010663
0.000109992
0.000198892
0.000222907
0.000159201
0.000159489
0.000177364
0.000162097
0.000189035
0.000106803
0.000146283
0.000191154
9.94009e-05
0.000110523
0.000150302
0.000111042
0.000163735
0.00637565
0.00410718
0.006052
0.00725876
0.00704952
0.00648305
0.00709729
0.00606823
0.00411272
0.0042186
0.00467124
0.00497844
0.00334129
0.00315529
0.00333346
0.00311988
0.00530342
0.00438917
0.00458127
0.00450779
0.00230074
0.00161274
0.00229066
0.00181684
0.00688223
0.00438669
0.00465614
0.00342363
0.00414244
0.00296949
0.00367078
0.00366466
0.0043004
0.00383992
0.00529527
0.00334682
0.00429805
0.00665672
0.00637934
0.00439237
0.00376876
0.00303844
0.00233212
0.00288031
0.00361717
0.00548554
0.00366698
0.00279295
0.00414299
0.00527436
0.00311165
0.00303194
0.00613266
0.00455801
0.00322015
0.00571459
0.00306042
0.00278204
0.00325953
0.00247805
0.00555651
0.00230851
0.00279108
0.00509111
0.00240779
0.00283303
0.00266451
0.000995563
0.00235531
0.00268987
0.00213912
0.00253112
0.00213552
0.0021344
0.00254037
0.00157564
0.00256351
0.00199666
0.00183883
0.0027923
0.00323166
0.00338979
0.00394716
0.00273682
0.00333045
0.00293646
0.00271276
0.00317131
0.000605416
0.000776399
0.00165398
0.000334737
0.00117728
0.000813907
0.000644877
0.00112843
0.00278735
0.00270933
0.00175424
0.00186282
0.00241452
0.0025538
0.00125363
0.00164687
0.00225407
0.00157124
0.00230527
0.00301114
0.00291084
0.00255069
0.00337246
0.00333803
0.00246913
0.00148418
0.0013398
0.00156756
0.00212053
0.00193226
0.00212431
0.00150633
0.00274695
0.00179669
0.00208675
0.00328452
0.00312416
0.00154286
0.00232309
0.00208614
0.00573138
0.00617035
0.00434449
0.00502804
0.00644112
0.00717689
0.00562686
0.00519231
0.00452489
0.00356989
0.00350489
0.00337601
0.00397462
0.00384958
0.00386578
0.00323812
0.00289608
0.00293182
0.00222281
0.00186541
0.00261231
0.00487065
0.00382849
0.00195522
0.00401358
0.00329604
0.0018839
0.00200819
0.00380055
0.00320282
0.00257598
0.00188925
0.00474664
0.00404257
0.00461005
0.00380456
0.00660652
0.00475518
0.00429177
0.00630433
0.00652803
0.00369697
0.00463271
0.00639525
0.00406948
0.00361886
0.00334451
0.00324419
0.00457857
0.00393991
0.00349215
0.00328839
0.00319339
0.0039136
0.00303044
0.00297579
0.00327521
0.00185827
0.00301998
0.00257635
0.00282467
0.00383581
0.00424237
0.00290232
0.00109041
0.00100747
0.00259523
0.000588077
0.000984036
0.00181554
0.00211363
0.00220762
0.00115687
0.00136115
0.00117538
0.0012293
0.00130286
0.00167404
0.00155658
0.00157486
0.00215335
0.00136048
0.00170682
0.00115874
0.00178
0.00132816
0.00198784
0.00202637
0.000453063
0.000905167
0.000701582
0.000361163
0.000549625
0.00109584
0.000535354
0.000562809
0.00103198
0.00199976
0.000762838
0.000775621
0.00148369
0.00157343
0.000719131
0.00131977
0.00165378
0.0013761
0.00109719
0.00158438
0.00147809
0.00143488
0.00190992
0.00120455
0.00232611
0.00109064
0.00103322
0.00103339
0.0011257
0.00118376
0.000925042
0.00101114
0.00220804
0.00114798
0.00119431
0.00190098
0.00156916
0.000963535
0.0012196
0.000907642
0.00100714
0.00133148
0.00232553
0.00152349
0.00138619
0.00150145
0.0015902
0.00178764
0.00167743
0.00318735
0.00306829
0.00297078
0.00140296
0.00137218
0.00168529
0.00170454
0.00317427
0.00371904
0.00425271
0.00444366
0.0023095
0.00234469
0.00277276
0.00286603
0.00178273
0.00197778
0.00425268
0.0019476
0.00105844
0.00111809
0.00158565
0.00154135
0.0010348
0.00159649
0.000886811
0.00112521
0.00120594
0.00198466
0.0014427
0.000839441
0.00109095
0.00113506
0.00176896
0.00179089
0.00137434
0.00315468
0.00261397
0.00185612
0.00196829
0.00120821
0.00147372
0.00216053
0.0028732
0.00111088
0.00166464
0.00270402
0.00200678
0.00206567
0.00146965
0.00222735
0.00418538
0.00179286
0.00216697
0.00371148
0.00103678
0.00204813
0.00166032
0.00161702
0.00157067
0.00173869
0.00175163
0.00183282
0.00258876
0.00308618
0.00267731
0.00278937
0.00272065
0.002828
0.00267118
0.00275197
0.00219422
0.00257627
0.00531366
0.00180635
0.00209538
0.00263021
0.00215139
0.00296163
0.00146496
0.00239475
0.00214888
0.00151938
0.00237037
0.00243167
0.00196557
0.00237046
0.00230441
0.00187597
0.00213523
0.00254743
0.00232575
0.00206622
0.00227856
0.00222734
0.00235811
0.00255263
0.00241656
0.00193286
0.00233273
0.0024257
0.00219445
0.00227126
0.00180675
0.00189581
0.00252042
0.00195935
0.00202367
0.00218562
0.00203018
0.00230895
0.00188457
0.00180491
0.00246953
0.00226475
0.0018218
0.00191744
0.00212882
0.00223414
0.000728031
0.000607011
0.00117022
0.00125647
0.000817538
0.000724024
0.00126284
0.00117834
0.000521624
0.000478785
0.000840194
0.000663642
0.000551081
0.000513851
0.000740732
0.000843144
0.0012092
0.00104694
0.00142335
0.00132395
0.0010662
0.00164444
0.00160507
0.00132446
0.00232138
0.00157138
0.000751443
0.0088879
0.00264941
0.00184272
0.00518554
0.00210941
0.000656224
0.00107233
0.00119755
0.00106806
0.00101674
0.00114791
0.0010865
0.00116607
0.000581697
0.00095589
0.00121587
0.00123112
0.00101673
0.000734266
0.000918145
0.000902134
0.00139558
0.0014592
0.00121495
0.00136018
0.00135502
0.00134035
0.00113267
0.00129656
0.00115445
0.0014879
0.000954417
0.00106811
0.000924906
0.00141544
0.000961766
0.000916308
0.0214569
0.0190327
0.0159928
0.013052
0.0145206
0.0167007
0.0144237
0.0160738
0.0155791
0.0125405
0.0119005
0.0147174
0.0144716
0.0142275
0.0147293
0.01154
0.00762251
0.00915156
0.00395565
0.00287394
0.00530584
0.00526751
0.00647918
0.00336948
0.00626004
0.00772029
0.00288636
0.00278951
0.00434753
0.00773997
0.00531765
0.00333896
0.0143611
0.00990914
0.00888277
0.00944961
0.0144585
0.0155147
0.0126027
0.011392
0.0143358
0.0106262
0.0100498
0.012951
0.0137725
0.013754
0.0104643
0.00834619
0.011702
0.0106627
0.0097736
0.00579508
0.00911942
0.0087795
0.00604534
0.00543386
0.00730274
0.00321367
0.00729117
0.00802654
0.00716816
0.006193
0.012566
0.00987112
0.00532623
0.00256259
0.00304162
0.00179877
0.0030312
0.0029702
0.00261626
0.0025799
0.00271593
0.00324204
0.00310914
0.00288558
0.00284887
0.0030916
0.0028495
0.00310898
0.00258294
0.00290715
0.00262247
0.00237477
0.00250629
0.00269588
0.00241309
0.00263796
0.00214009
0.00270157
0.00244169
0.00256269
0.00244959
0.00242211
0.0020122
0.00257838
0.00229142
0.00244367
0.00185374
0.00254723
0.00226276
0.00224796
0.00222291
0.00208238
0.00261534
0.00272841
0.00292327
0.00259789
0.00252186
0.00266271
0.00260013
0.00268533
0.00230327
0.00195523
0.00256452
0.00227726
0.00212235
0.00212874
0.00229854
0.0023379
0.00246862
0.00245351
0.00274037
0.00291591
0.00246541
0.00245812
0.00265182
0.00264888
4.43201e-05
9.153e-05
0.000438265
0.000192645
7.35901e-05
9.32496e-05
0.000272299
0.000289153
0.000115106
0.000168773
0.000798721
0.000421772
0.000142057
0.000198783
0.00044608
0.000496449
0.00118471
0.00148624
0.00167406
0.00124732
0.00139238
0.00131465
0.00122002
0.00120964
0.000311011
0.000424329
0.00061282
0.000284516
0.00040207
0.000499675
0.000548065
0.000570202
0.000103695
0.00053479
0.000231498
0.000338913
0.000326975
0.000326767
0.000286167
0.000279865
0.00012172
0.000413552
0.000753087
0.000636919
0.000356708
0.000444163
0.000620592
0.000722623
0.000713982
0.000420294
0.000558246
0.000805822
0.000714613
0.000470515
0.000869864
0.000563891
0.000922752
0.000917888
0.000638954
0.00106069
0.00106159
0.000893493
0.00100527
0.000959086
0.000352001
0.000434575
7.63085e-05
0.000660735
0.000447731
0.000378894
0.000470718
0.000443415
0.000473996
0.0005767
0.000400143
0.000842247
0.000757809
0.000644649
0.000848598
0.000748051
4.64977e-05
0.00022233
3.08644e-05
0.00030923
0.000225361
0.000166061
0.000220883
0.000199217
0.00106006
0.00100207
0.000838046
0.00117054
0.0016364
0.00103693
0.00172471
0.0012425
0.000649438
0.000311246
0.00100593
0.00107503
0.000670169
0.000636967
0.000642149
0.00073007
0.000494472
0.000863465
0.000374703
0.000256009
0.000606572
0.000601204
0.000313506
0.000472028
0.000325694
0.0010198
0.00100047
0.000699054
0.000395242
0.00095811
0.000700448
0.00086133
0.000306374
0.000645419
0.00114613
0.000408508
0.000448741
0.000611661
0.000456785
0.000644171
0.00307616
0.0033401
0.00213789
0.00359335
0.00367061
0.00229097
0.00253982
0.00351835
0.00426599
0.00386036
0.00345917
0.0044974
0.00323471
0.00380383
0.00351777
0.00383762
0.00203869
0.00217192
0.00089024
0.00180088
0.00193612
0.00166417
0.00161416
0.00135181
0.00466317
0.004363
0.00326305
0.00399505
0.00356164
0.00253636
0.00323807
0.00334908
0.00290401
0.00270506
0.00375073
0.00335954
0.00293427
0.00395189
0.00402102
0.00243218
0.00296905
0.00274434
0.00216952
0.00188349
0.00354296
0.00413392
0.0030373
0.00266462
0.00242269
0.0030386
0.00270258
0.00295674
0.00368635
0.00334331
0.00333657
0.00360682
0.00269555
0.00310607
0.00344059
0.00262256
0.00320401
0.00253486
0.00244178
0.00357182
0.00260125
0.00174772
0.00191422
0.00225712
0.00229744
0.00187834
0.00220371
0.00195863
0.00180533
0.0017151
0.00214978
0.00186011
0.00199762
0.00174719
0.00176002
0.00211549
0.0016983
0.0019314
0.0017485
0.00172785
0.00169697
0.00181333
0.00167407
0.00173096
0.00189157
0.0015446
0.00178768
0.00407929
0.00120148
0.00142024
0.0010694
0.00144641
0.0016673
0.00186146
0.00169618
0.00158047
0.00169049
0.00182397
0.00159922
0.00170702
0.00173686
0.00172727
0.00199976
0.00172073
0.00171781
0.00180534
0.00174356
0.00181933
0.00189773
0.00142769
0.00162501
0.00189688
0.00190157
0.00172572
0.00185948
0.00173523
0.00172592
0.00175923
0.00172279
0.0019163
0.00170767
0.00174325
0.00177328
0.00173505
0.00678201
0.00824507
0.00699313
0.00756545
0.00759345
0.007286
0.0064257
0.00662555
0.00932428
0.0104649
0.0100117
0.0101144
0.00974662
0.00988321
0.0099553
0.00982815
0.00486877
0.00634654
0.0039039
0.0036995
0.005382
0.00509344
0.00477996
0.00473742
0.00518019
0.00663464
0.00342712
0.00308544
0.00452787
0.0048814
0.00382147
0.00347117
0.00859158
0.00618023
0.00773317
0.00890649
0.00873214
0.00840058
0.00875151
0.00647361
0.00858727
0.00747406
0.00742805
0.00659447
0.00853289
0.00956222
0.00870409
0.00851065
0.00553836
0.00541116
0.00565205
0.00445754
0.00483054
0.00621838
0.00528604
0.0052531
0.00646951
0.00443795
0.00646442
0.00745881
0.00560057
0.0060123
0.00664771
0.00619396
0.000921422
0.00113169
0.00196353
0.00173552
0.000964391
0.00107774
0.00156857
0.00169054
0.00117467
0.000993802
0.00151644
0.00219659
0.00120722
0.00101748
0.0018945
0.00171201
0.00152874
0.00138327
0.00242854
0.0024835
0.00185621
0.00236832
0.00266621
0.00393266
0.00320283
0.00249598
0.0033478
0.00356595
0.00361275
0.00319514
0.00330595
0.00502691
0.0011781
0.00217868
0.00201602
0.00231462
0.00182382
0.00190603
0.00206522
0.00216155
0.00117959
0.00234231
0.00203831
0.00230685
0.00186359
0.00205716
0.00180007
0.00174148
0.00265319
0.0029219
0.00205544
0.00346951
0.00253645
0.00336773
0.00301615
0.00236072
0.00309218
0.00452197
0.0034637
0.00302273
0.0015405
0.00261364
0.00146818
0.00189288
0.00109391
0.00125186
0.00136598
0.000659353
0.00091459
0.00169067
0.00189318
0.00171349
0.00250933
0.0043555
0.00646493
0.00470038
0.00278388
0.00341958
0.00398448
0.00653617
0.00406174
0.0049421
0.00642413
0.00438628
0.00231395
0.00315329
0.00376396
0.00374924
0.00161807
0.0034407
0.00628467
0.00312765
0.00193341
0.00364655
0.0039943
0.00365126
0.00121616
0.00134192
0.00100427
0.0021758
0.00258228
0.00136547
0.00185755
0.00186069
0.00234417
0.00340831
0.00299254
0.00151117
0.00434309
0.00293616
0.00372522
0.00241231
0.0018807
0.00278591
0.00418054
0.00272703
0.00251796
0.00354126
0.00211084
0.00239591
0.00184939
0.00281778
0.00626424
0.00357288
0.00569512
0.00197
0.00373376
0.00633245
0.00129733
0.00159007
0.000982796
0.000693921
0.0013221
0.00131824
0.00114396
0.00174181
0.0015075
0.00139563
0.00194797
0.00223509
0.00145131
0.00128149
0.00195236
0.00176665
0.00124461
0.00183241
0.00246863
0.00243791
0.00214222
0.00429861
0.00331072
0.00255757
0.00110225
0.00191851
0.00236795
0.00268466
0.00158896
0.00118538
0.0016786
0.00220053
0.00158542
0.00162026
0.00101008
0.00186705
0.00182959
0.00125293
0.00179222
0.00154417
0.00137639
0.00159106
0.00244682
0.0022021
0.00196196
0.00230651
0.00203192
0.00214172
0.00114952
0.0010455
0.00139354
0.00236395
0.00133145
0.00162759
0.00217977
0.00146201
0.00160002
0.00230605
0.00195208
0.00163627
0.00152881
0.00243605
0.00158533
0.00192361
0.00112114
0.00223746
0.00175619
0.00142253
0.00124102
0.00154357
0.00125307
0.00149735
0.00362166
0.00381361
0.00236365
0.00275981
0.00486208
0.00490196
0.00365932
0.00328011
0.00176091
0.00233108
0.00152691
0.00228133
0.00182588
0.00159893
0.00183713
0.00161212
0.000971571
0.00333258
0.00116715
0.0008831
0.00192242
0.00179245
0.00131703
0.00201263
0.00220895
0.00175231
0.00183488
0.00148975
0.00216244
0.00181579
0.00340167
0.00227061
0.00319584
0.00285231
0.00318962
0.00176942
0.00316455
0.00209354
0.00257306
0.00318159
0.00177414
0.0015769
0.00144149
0.00251856
0.00180591
0.00221742
0.00246277
0.00287984
0.00177963
0.00268855
0.00206481
0.00312943
0.00208156
0.00269785
0.00313856
0.00182793
0.000809851
0.00204491
0.00164593
0.00190712
0.00143354
0.00152078
0.00167309
0.00181198
0.00295973
0.00343025
0.0024684
0.00412488
0.00335176
0.00290452
0.00293016
0.0034385
0.00241988
0.00197419
0.00145323
0.00192896
0.00215544
0.002149
0.00239244
0.00265056
0.0023141
0.00348243
0.00206097
0.00284857
0.00258557
0.00216502
0.00298936
0.00294124
0.00192281
0.00146319
0.00208239
0.00332211
0.00201124
0.00296046
0.00325004
0.0018967
0.00174203
0.0026438
0.00261048
0.00152832
0.00204951
0.00398076
0.00256083
0.00271355
0.00205738
0.00257228
0.00264333
0.00245261
0.00178935
0.00241254
0.00204482
0.00419135
0.00169293
0.00242868
0.00325611
0.00309814
0.00371234
0.00194786
0.00300996
0.00363947
0.000788013
0.000620323
0.000910595
0.00257159
0.00107118
0.00085137
0.00151346
0.00117339
0.000535406
0.000367243
0.00046251
0.00225844
0.000696724
0.000555853
0.000949601
0.000666637
0.000990064
0.000548965
0.00083791
0.00341103
0.00137244
0.000993796
0.00201689
0.00141101
0.00404479
0.00388674
0.00455033
0.00498797
0.00432867
0.00412291
0.00469603
0.00453691
0.000891276
0.00124666
0.00294246
0.00282167
0.00125268
0.00148686
0.00243933
0.00258245
0.000729429
0.00238583
0.0007303
0.000957552
0.000910893
0.00118558
0.000698239
0.000977529
0.00177308
0.00339839
0.00331263
0.00393286
0.00294424
0.00314907
0.00339568
0.0034737
0.00133318
0.0036815
0.00306
0.000893906
0.00170039
0.00299984
0.00138272
0.00282952
0.000144165
0.000253887
0.000131413
0.000158112
0.000176331
0.000108319
0.000125503
0.000118556
0.000360943
0.000393477
0.000297753
0.000390457
0.000799353
0.000506482
0.000323565
0.000447588
7.7478e-05
7.75674e-05
3.8091e-05
0.000475027
6.86205e-05
4.93999e-05
0.000150584
9.42354e-05
0.00100228
0.00112425
0.0018055
0.00479598
0.000996616
0.00112882
0.00187879
0.00170768
0.000363618
0.000125321
0.000422027
0.000469608
0.000307188
0.000195532
0.000456758
0.000529504
0.000211765
0.000319693
0.000157693
0.000101918
0.000310191
0.000285697
0.000156194
0.000261732
0.000126001
0.000383535
0.000442299
0.000668536
0.000130521
0.000198166
0.000410932
0.000415431
0.000104085
0.000454614
0.000439772
0.000137139
0.000153724
0.000247873
0.000167686
0.000304738
0.000561206
0.00115683
0.000353791
0.00136307
0.000569527
0.000471494
0.000560594
0.00046873
0.00105625
0.000721534
0.000811533
0.000257539
0.00121407
0.000799638
0.000872018
0.000808855
0.000268602
0.000374437
0.000163215
0.000197823
0.000396262
0.000145114
0.000345292
0.000205722
0.00230611
0.000654589
0.00126918
0.00469661
0.00248817
0.000708835
0.00275942
0.000808084
0.000771017
0.000576294
0.000613586
0.000910512
0.000612273
0.000693794
0.000967821
0.000311441
0.000299217
0.000186513
0.000436642
0.000331397
0.000351882
0.000638957
0.000788044
0.000956593
0.000620068
0.000528209
0.000485074
0.00037783
0.000917363
0.000389785
0.000356145
0.000566438
0.000336647
0.000206855
0.000266299
0.00040315
0.000518107
0.000174182
0.000918496
0.00063192
0.00104644
0.000766117
0.001061
0.00179044
0.00116424
0.000873763
0.00137374
0.00079354
0.000932337
0.00205212
0.00261467
0.00228281
0.0013669
0.00109368
0.00190379
0.00127806
0.00187632
0.00268017
0.00292486
0.00405426
0.00169762
0.00179803
0.00299275
0.00179247
0.00193961
0.00261114
0.00464155
0.00296286
0.00256482
0.00267776
0.003828
0.00255901
0.0009129
0.000847629
0.00147095
0.00228908
0.00154434
0.00152407
0.0021837
0.00124661
0.000786379
0.00181434
0.00128288
0.00102341
0.00098735
0.00185283
0.00100852
0.00149099
0.00169016
0.00154299
0.00217027
0.0040471
0.00231689
0.0013825
0.00221541
0.0025483
0.000965245
0.00216077
0.00271277
0.00148518
0.00201701
0.00254986
0.00271019
0.00304179
0.00364437
0.00830164
0.00447879
0.00455995
0.0046351
0.00602195
0.00443905
0.00530921
0.00726446
0.00482097
0.00351465
0.00474457
0.00664422
0.0061569
0.0043806
0.0044653
0.00451018
0.00546722
0.00349573
0.00367443
0.00472813
0.00501966
0.0036536
0.00413993
0.00293921
0.00305507
0.00254852
0.00157927
0.00262874
0.00277468
0.00201963
0.00241534
0.00768497
0.00504524
0.00457921
0.0044501
0.0065667
0.00564851
0.00550388
0.00499
0.00836626
0.00458813
0.0075412
0.00585602
0.00702151
0.00614971
0.00743117
0.00689175
0.00457558
0.00399587
0.00369141
0.0032803
0.00439477
0.00430696
0.00408411
0.00381211
0.00516854
0.00372182
0.00413875
0.00517094
0.00513615
0.00433767
0.00560415
0.00457547
0.00339698
0.00246938
0.00776227
0.00331071
0.00297461
0.00312196
0.00464238
0.00507076
0.00123906
0.00247124
0.00507648
0.00316587
0.00137764
0.00178939
0.00258473
0.00366621
0.00643945
0.00464822
0.00510804
0.00304865
0.0043998
0.00282065
0.00283297
0.00307584
0.00147007
0.00224305
0.00214338
0.00124039
0.00112208
0.00128882
0.00134433
0.00220951
0.00199488
0.00623968
0.00167778
0.00161965
0.00229594
0.00483664
0.00175695
0.00179436
0.00165084
0.00180658
0.00379547
0.00705928
0.0035604
0.00325157
0.0060734
0.0042563
0.00377913
0.00218017
0.00175971
0.00211468
0.00396416
0.00171723
0.0022604
0.00154081
0.00420472
0.0025212
0.00206265
0.00259392
0.00331555
0.00194213
0.0027921
0.00391238
5.66542e-05
0.000283939
0.000188217
0.00101686
0.00018487
0.000239602
0.000460746
0.000427131
0.000228723
0.000386116
0.000701122
0.00104425
0.00033678
0.000193541
0.000424137
0.000297242
0.000361783
0.000700761
0.000411954
0.000746075
0.000641775
0.000553049
0.00066964
0.00050456
0.00289946
0.00189924
0.0023383
0.00565884
0.00352713
0.00340356
0.00400119
0.00347177
0.000406581
0.000587946
0.00140624
0.00150739
0.00079746
0.0007808
0.00121607
0.00117671
0.000241271
0.00126087
0.000295883
0.000505774
0.000711216
0.000862966
0.000419229
0.000447783
0.000562794
0.00147145
0.00210018
0.00135617
0.000999562
0.0010274
0.00157246
0.00217883
0.000559622
0.00114827
0.00165129
0.000785721
0.000864663
0.00118444
0.000929701
0.00143127
0.000923975
0.00182062
0.00100719
0.00211755
0.00119439
0.00127052
0.00118304
0.00124176
0.00127351
0.0026043
0.00297503
0.00363921
0.00355304
0.00353307
0.00353735
0.00351838
0.000969859
0.00165856
0.000705465
0.00215907
0.00120049
0.00111669
0.0012083
0.0010955
0.00326364
0.00399454
0.00329407
0.00363301
0.00354618
0.00358964
0.00346885
0.00357396
0.00236189
0.00125808
0.00270603
0.00365963
0.00233568
0.00169673
0.00228717
0.0026612
0.0023725
0.00366142
0.0023908
0.00126303
0.00232225
0.00291631
0.00181784
0.00237574
0.00125402
0.0026982
0.00362776
0.00276917
0.00224695
0.00271181
0.00275386
0.00315456
0.00123206
0.0027615
0.00368903
0.00236289
0.00169401
0.00269935
0.00237278
0.00320596
0.00436196
0.00427853
0.00446461
0.00380573
0.00419975
0.00438516
0.00413626
0.00427909
0.00408819
0.00370197
0.00254675
0.00338268
0.00379309
0.00390905
0.00373387
0.00380784
0.00280399
0.00189905
0.00132836
0.00189556
0.00277237
0.00222311
0.00213447
0.00282232
0.00281215
0.00247365
0.00182316
0.00163988
0.00259153
0.00233138
0.00214818
0.00285948
0.00409085
0.00432121
0.00367438
0.00347925
0.00403676
0.00384438
0.00368802
0.00380653
0.00424535
0.00351116
0.00356662
0.00443434
0.00414195
0.00321937
0.00408462
0.00412466
0.0041633
0.00327234
0.00317198
0.00215592
0.00294778
0.00371661
0.00268111
0.00218062
0.00423911
0.00295329
0.00344361
0.00376113
0.00231756
0.00249708
0.00305317
0.00234009
0.00269652
0.00293844
0.00177644
0.00258362
0.00232425
0.00210601
0.00247913
0.00205358
0.00302612
0.00255284
0.00150151
0.00293715
0.00168491
0.00152555
0.00178845
0.00145188
0.00133371
0.00113391
0.00150286
0.00176029
0.00124639
0.00119384
0.00129249
0.00121868
0.0023711
0.00290136
0.00190931
0.00263518
0.00144328
0.00139183
0.00149351
0.00127625
0.00215889
0.00171439
0.00193739
0.00148436
0.00281805
0.00247726
0.00285684
0.00241312
0.00224692
0.0015013
0.0012446
0.00157372
0.00179075
0.0018165
0.00164863
0.00138617
0.0022158
0.0023378
0.00165304
0.00139329
0.0018306
0.00180288
0.00129449
0.00203358
0.00153524
0.00109735
0.00138731
0.00117565
0.00161108
0.00131811
0.00137936
0.00202596
0.020517
0.0141734
0.0176675
0.0165954
0.0210523
0.0185754
0.0183722
0.0184062
0.00742454
0.00390467
0.00718557
0.00565681
0.0122142
0.00536919
0.00667115
0.00686949
0.0142019
0.00937209
0.0115898
0.0109653
0.0134512
0.0135443
0.0117746
0.0118911
0.0113353
0.00570626
0.00949058
0.00293379
0.00591153
0.00325294
0.00388444
0.00841213
0.0178015
0.0167598
0.0146132
0.00660213
0.0162372
0.0161078
0.0135164
0.0108649
0.00995168
0.00379037
0.00972722
0.0168105
0.0161672
0.0074197
0.01044
0.012425
0.014627
0.0130736
0.00505479
0.0107505
0.0113174
0.0130623
0.0120608
0.00900163
0.0147172
0.0108142
0.0068778
0.0133571
0.013486
0.00869494
0.0132797
0.0079452
0.0140787
0.00969563
0.0115368
0.0141492
0.0120451
0.00935954
0.0137295
0.00931756
0.00746213
0.00552496
0.00689419
0.00511473
0.0045205
0.00285519
0.00412876
0.00301988
0.00707058
0.00594414
0.00438877
0.00379489
0.00367366
0.002945
0.00340746
0.00273718
0.0128771
0.00801354
0.00439226
0.0104071
0.00490197
0.00388748
0.00508264
0.00341525
0.00636883
0.00572247
0.00685844
0.00476975
0.00663827
0.0120102
0.0115959
0.00583941
0.00458614
0.00345349
0.0028674
0.00472029
0.00456755
0.00780807
0.00765981
0.00421847
0.00640787
0.00805426
0.00494754
0.0040469
0.0106676
0.0054222
0.00425382
0.0102843
0.0045613
0.00316285
0.00339215
0.0028016
0.0076901
0.003256
0.00353224
0.00432722
4.14443e-05
6.96277e-05
4.88561e-05
6.44252e-05
5.82857e-05
5.31289e-05
4.50707e-05
4.83881e-05
0.000194878
0.00046242
0.000164597
0.000272776
0.000211443
0.000198979
0.000296123
0.00023589
4.19347e-05
7.95642e-05
1.96951e-05
6.28014e-05
5.32407e-05
4.2547e-05
3.48013e-05
4.2229e-05
8.80793e-05
0.000218111
0.000107208
0.000145468
0.000127833
0.000154436
0.000144265
0.000149438
8.49346e-05
4.47096e-05
9.70443e-05
0.00017138
7.884e-05
7.22579e-05
9.23138e-05
9.51684e-05
7.9246e-05
0.000180714
0.000126131
4.89609e-05
8.19756e-05
0.000166225
6.25001e-05
0.000109222
5.33571e-05
9.46142e-05
0.000214794
7.79249e-05
7.4304e-05
9.72092e-05
9.23256e-05
9.60924e-05
5.48837e-05
8.08259e-05
0.000225125
0.000107918
6.57415e-05
9.31848e-05
0.000105334
0.000135078
4.28294e-05
4.8946e-05
8.20148e-05
6.20188e-05
3.25795e-05
5.12202e-05
4.66112e-05
4.31292e-05
2.51749e-05
3.18081e-05
6.85042e-05
5.20881e-05
4.86056e-05
2.66391e-05
2.90186e-05
4.16762e-05
0.000240802
0.000196221
0.000392016
0.000323679
0.000300726
0.000241924
0.000323092
0.000425652
7.72941e-05
8.07847e-05
0.000251219
0.000147024
0.000132141
0.000119582
0.000159711
0.000159971
4.9184e-05
0.000120362
7.96274e-05
8.76388e-05
4.02103e-05
8.19286e-05
4.67107e-05
8.73318e-05
3.47862e-05
8.85286e-05
0.000140573
0.000106422
5.00672e-05
4.42537e-05
3.47517e-05
7.43277e-05
0.000100213
0.000135448
5.50038e-05
0.000193185
9.1199e-05
8.37392e-05
0.000119398
8.34157e-05
0.000126471
0.000196212
8.19944e-05
0.000118111
0.000231339
0.000137819
7.96421e-05
0.000180371
0.00715928
0.00720354
0.00592996
0.00737344
0.0072845
0.0070271
0.00719811
0.00702779
0.00703927
0.00673702
0.00615504
0.00700726
0.0069831
0.00668281
0.0068401
0.00656716
0.00484406
0.00529997
0.0042821
0.00371765
0.00542992
0.00513423
0.00506678
0.00479293
0.00674517
0.00650436
0.00327762
0.00410023
0.00532023
0.0059247
0.00556057
0.00384883
0.00722683
0.00659529
0.00696754
0.00719732
0.00710808
0.00700735
0.00727547
0.00713312
0.00697396
0.00690858
0.00606306
0.00604823
0.00686768
0.00677054
0.00647564
0.00634547
0.00637495
0.00718675
0.00685481
0.00560685
0.00489673
0.00568826
0.00497481
0.0055963
0.0060224
0.00402578
0.00580212
0.00583251
0.00564875
0.00551646
0.00610775
0.00585232
0.00256166
0.0025889
0.00483188
0.00451224
0.00378464
0.00366982
0.00424414
0.00432129
0.00202089
0.00190202
0.00263831
0.00252086
0.00253952
0.00242148
0.00285908
0.00310419
0.00714653
0.00449298
0.00847919
0.00729212
0.00824621
0.00802889
0.00844036
0.00825266
0.00463285
0.00293762
0.00615258
0.00398916
0.0040045
0.00396046
0.00526936
0.00445199
0.00292705
0.00669985
0.00415019
0.00436089
0.00381722
0.00440702
0.00351597
0.00413655
0.00287172
0.00312184
0.00466722
0.00630319
0.00380208
0.00318609
0.00369639
0.0047659
0.00755775
0.00458124
0.00347936
0.00807498
0.00607255
0.00441201
0.00650932
0.00423676
0.00822194
0.00727644
0.003887
0.00542149
0.00567081
0.00651722
0.00535763
0.00468197
0.00510654
0.00540547
0.0058135
0.00485122
0.00512969
0.00544961
0.00515785
0.00548015
0.00544334
0.00317836
0.00291207
0.00493895
0.00522162
0.00282103
0.0039876
0.00371167
0.00595958
0.00393098
0.00506125
0.00365674
0.00522936
0.00332471
0.00408514
0.00491627
0.00451499
0.0046469
0.00382299
0.00412592
0.00446783
0.00479664
0.00450035
0.00481858
0.00536206
0.00583126
0.0048343
0.00496587
0.00541133
0.00550213
0.0050601
0.00516767
0.00560321
0.00509511
0.00311585
0.00604638
0.00562804
0.00542026
0.00594064
0.00476999
0.00589517
0.0048685
0.00502033
0.00548961
0.00563764
0.00521253
0.00558975
0.00519285
0.00608735
0.0054993
0.00519814
0.00430443
0.00606564
0.0047071
0.00407911
0.00328906
0.000624465
0.00172003
0.000743037
0.00150122
0.00097949
0.00118562
0.000926205
0.00115675
0.00268919
0.00311349
0.00256122
0.00285176
0.00285222
0.00284885
0.00276195
0.00273402
0.000715898
0.00187012
0.000789994
0.00166201
0.0013582
0.00143513
0.0012542
0.00135481
0.00216615
0.00267844
0.0017314
0.00189471
0.00160046
0.00192632
0.0015339
0.00181979
0.00226536
0.00121308
0.00185617
0.00252343
0.00220745
0.00176394
0.00245671
0.00197468
0.00236697
0.00267786
0.00232666
0.00135731
0.00228585
0.00257415
0.00185018
0.00228765
0.00110204
0.00164298
0.00247362
0.0014322
0.0015801
0.00159295
0.00149226
0.00238032
0.00130187
0.00162346
0.00259081
0.00226292
0.00193279
0.00182093
0.00224187
0.00238956
0.0133879
0.0100606
0.0115345
0.0102248
0.0103219
0.00839671
0.00817013
0.0116176
0.0059311
0.00454483
0.00678009
0.00522801
0.0056393
0.00494342
0.00450554
0.00586397
0.0100751
0.00921727
0.00890321
0.0088093
0.00954873
0.00896702
0.00845862
0.00898686
0.00625961
0.00556594
0.00799706
0.00443232
0.00622584
0.00571623
0.004658
0.00495758
0.00771922
0.0108059
0.00863632
0.00551373
0.00566039
0.0094819
0.00524346
0.00697292
0.0061881
0.00489321
0.00726387
0.00938463
0.00670817
0.00646877
0.00822464
0.00787684
0.00885118
0.00655689
0.00439992
0.00588709
0.00861592
0.00662604
0.00653905
0.00626491
0.0101488
0.00700485
0.00524246
0.00745097
0.00888946
0.006679
0.0056455
0.00828936
0.000440887
0.000603447
0.000869306
0.000735634
0.00064321
0.000765443
0.000801789
0.000952404
0.00067252
0.001117
0.00124951
0.00106466
0.000724804
0.000763663
0.000817631
0.000959932
0.00119656
0.00145885
0.00176613
0.00186869
0.00149759
0.00133297
0.00142564
0.00144548
0.000960665
0.00113762
0.00191483
0.0015101
0.00146931
0.00141151
0.0015055
0.00174334
0.000590724
0.00114597
0.000920105
0.00100092
0.000702086
0.000725584
0.000739076
0.00106889
0.000704702
0.000943595
0.000917058
0.00153267
0.000867671
0.00100281
0.000926413
0.00108338
0.00125371
0.00109355
0.00104164
0.00156648
0.00124756
0.00130974
0.0015965
0.0011867
0.00130408
0.00177773
0.00117351
0.00115998
0.00109129
0.00139706
0.00112786
0.00132743
0.00844576
0.00704611
0.00854288
0.00533049
0.00734763
0.00829282
0.00774268
0.00726482
0.00438561
0.00328232
0.00500129
0.00363039
0.00559664
0.00491473
0.00520595
0.00412528
0.00873311
0.00691475
0.00914637
0.00719912
0.00854525
0.00772544
0.00810009
0.00762408
0.00308466
0.00272321
0.0040712
0.00252626
0.00293558
0.002876
0.00268464
0.00290006
0.0061777
0.00767514
0.00474931
0.00408664
0.0062575
0.00735485
0.00414365
0.00526805
0.00601031
0.00391198
0.00661419
0.00889801
0.00556786
0.00507766
0.00759988
0.0073542
0.00789149
0.00470411
0.00371284
0.0056449
0.0068892
0.00501376
0.00570396
0.00398357
0.00728833
0.00491819
0.00359289
0.00590458
0.00819521
0.00518019
0.00811696
0.00460411
3.71559e-05
2.58185e-05
4.25308e-05
6.0058e-05
3.20306e-05
3.13688e-05
5.3359e-05
5.00738e-05
2.97377e-05
2.46538e-05
2.85238e-05
7.84309e-05
1.91967e-05
1.99602e-05
5.17708e-05
4.57367e-05
1.68319e-05
1.5831e-05
6.39658e-06
5.60427e-05
2.38746e-05
9.125e-06
2.54426e-05
1.0551e-05
0.000176516
0.000182591
0.000154901
0.000293469
0.000241537
0.000222365
0.000300605
0.000251667
2.00269e-05
4.54455e-05
9.44657e-05
9.95399e-05
4.94249e-05
5.63132e-05
8.45452e-05
9.0046e-05
1.60365e-05
9.34276e-05
1.96021e-05
2.65526e-05
4.12711e-05
4.70408e-05
2.03813e-05
3.37715e-05
5.02573e-05
0.000122023
0.000115486
0.000112787
8.11265e-05
0.000108041
9.57676e-05
0.000117857
3.56198e-05
9.26625e-05
0.00010358
2.73235e-05
4.02559e-05
7.58277e-05
3.71714e-05
7.85539e-05
8.37134e-05
0.000274757
0.000133387
0.000297739
0.000195779
0.000187805
0.000205496
0.000194975
0.000149645
4.00407e-05
3.9432e-05
0.000222482
0.000158274
5.43452e-05
0.00013509
3.87465e-05
7.1402e-05
4.19312e-05
3.03618e-05
0.000103899
8.35081e-05
3.89433e-05
6.91776e-05
3.76413e-05
0.000362739
0.000380214
0.000175804
0.000481615
0.000443757
0.000153529
0.000387833
0.000167989
0.000346746
0.000167222
0.000386349
0.000377323
0.000310437
0.000256653
0.000406436
0.000144323
0.000187253
0.000153512
4.59098e-05
0.00010766
0.00014967
0.000131505
8.11585e-05
0.000114984
0.000133868
0.000316756
0.000291022
0.000192051
0.000182548
0.000137353
0.000216291
0.000295055
0.000106415
0.000102499
0.000129508
4.48625e-05
0.000106826
0.000115741
0.000107747
0.000127371
0.000225513
0.000342546
0.000204994
0.00180251
0.000339191
0.000279799
0.00070869
0.000567174
0.000418342
0.0005462
0.000824461
0.00256098
0.000635113
0.000548649
0.0011809
0.00100609
0.00011607
0.000476514
6.71239e-05
0.0011921
0.000393882
0.00021562
0.000465539
0.000280974
0.00417945
0.00455719
0.00356332
0.00496827
0.00460412
0.004214
0.00450863
0.00421586
0.000489717
0.000484026
0.00238965
0.00286725
0.000940204
0.000988492
0.00219474
0.00198553
0.000392341
0.00244003
0.000671693
0.000318773
0.000761315
0.00130042
0.000485595
0.000907963
0.000817488
0.00305736
0.0034847
0.00274258
0.00179299
0.00266237
0.00253038
0.00336675
0.000575642
0.00235062
0.00308727
0.00100241
0.000986028
0.00212441
0.00130617
0.00246395
0.000388904
0.000436441
0.000297146
0.00101569
0.000267856
0.000428919
0.000471001
0.000371112
0.000248725
0.000270959
0.00116405
0.00218281
0.00049019
0.000347865
0.00107582
0.000889072
0.000886314
0.00149071
0.00075432
0.0033957
0.00133098
0.00131993
0.0017591
0.00157218
0.00379712
0.00411418
0.00510142
0.00504206
0.00434006
0.00428875
0.00488371
0.00492784
0.000278801
0.000625339
0.00190948
0.00244867
0.000778051
0.000670339
0.00168448
0.00180469
0.000362101
0.00235634
0.00120392
0.000689725
0.000366177
0.00116655
0.00057445
0.00110204
0.00125434
0.00286421
0.00342472
0.00420833
0.00252814
0.00272819
0.00341299
0.00345273
0.00114553
0.00400563
0.0033219
0.00189636
0.00181293
0.0032584
0.00207584
0.00324529
0.0736969
0.0505158
0.101513
0.0379954
0.0647464
0.08063
0.0808307
0.0858462
0.0373309
0.0334164
0.0691075
0.0408903
0.042442
0.0447511
0.0585337
0.061497
0.10301
0.0661339
0.066623
0.0297401
0.0653858
0.0822059
0.0569597
0.0550766
0.033377
0.0112529
0.00615795
0.00667126
0.0263782
0.0256098
0.0178027
0.0123193
0.0389633
0.0848046
0.0435922
0.0300026
0.069876
0.0673093
0.028679
0.0319402
0.0586886
0.0375431
0.0743049
0.0919935
0.0737273
0.066214
0.0815883
0.0701286
0.0792759
0.0254012
0.0163748
0.0216425
0.0477637
0.0260273
0.0333007
0.0211206
0.0850106
0.0229134
0.0233789
0.0594835
0.0640537
0.0394645
0.0592543
0.0339011
0.0291537
0.362515
0.0499348
0.00733492
0.114906
0.138279
0.0203642
0.0545326
0.467361
0.251135
0.313438
0.105369
0.395361
0.390377
0.305706
0.333301
0.0905869
0.178414
0.0696078
0.0379338
0.115335
0.138222
0.0541932
0.0848341
0.0322925
0.0204123
0.0161949
0.00910371
0.0194267
0.0268285
0.0113869
0.0166922
0.371415
0.0584073
0.0423694
0.0754093
0.197383
0.0571527
0.0779873
0.0585037
0.421079
0.136181
0.252444
0.110021
0.257361
0.238526
0.231975
0.228274
0.0842579
0.0636282
0.0295467
0.0252948
0.0796729
0.0729928
0.0721045
0.0636043
0.105432
0.0418596
0.0541006
0.178081
0.115597
0.0836591
0.158401
0.0583323
0.00025006
0.000861951
0.000569666
0.00088215
0.000421674
0.000547998
0.000577022
0.000615067
0.000989287
0.00202074
0.000845558
0.00209895
0.00194253
0.00281317
0.00297782
0.00247065
0.000740226
0.000663817
0.000723381
0.000539203
0.000588929
0.0010524
0.000879672
0.00105482
0.00180089
0.00175777
0.00065458
0.0020437
0.00241292
0.00162159
0.00206835
0.00258751
0.000833935
0.000478982
0.000895852
0.00271061
0.000958394
0.000643962
0.00129753
0.000799074
0.000527074
0.00185861
0.0017039
0.000773849
0.000529186
0.00112174
0.00059561
0.000648916
0.000693317
0.000930878
0.0027348
0.000913688
0.000932085
0.00070373
0.000866125
0.00134243
0.000818229
0.00127134
0.00202913
0.00180271
0.000756351
0.00124002
0.000586522
0.000710415
9.71881e-05
0.00014139
0.000172623
0.000232345
0.000166934
0.000151049
0.000152544
0.000183372
0.000113243
5.08799e-05
7.79031e-05
0.000114228
0.000111432
5.07989e-05
9.74374e-05
6.31995e-05
0.000154016
7.94905e-05
0.000108793
0.00015578
0.000158979
7.30435e-05
0.000150441
0.000108133
0.000380266
0.00026337
0.000264743
0.000307966
0.00041173
0.000307078
0.000311035
0.000282384
0.000149126
0.000190235
0.00027595
0.000228508
0.000165036
0.000197385
0.000220966
0.000259981
0.000134573
0.000149562
6.86633e-05
0.000150794
0.000145745
0.000131031
0.000138548
8.83597e-05
0.000200017
0.000287598
0.000245505
0.000295094
0.000272055
0.000289779
0.000288386
0.000237295
0.00018331
0.000157021
0.000176657
7.50082e-05
0.000127088
0.000162061
0.000101568
0.000145274
0.000276111
0.000348432
0.000572437
0.000861677
0.000457183
0.000436543
0.000661111
0.000636245
0.000185275
9.65856e-05
9.85508e-05
0.000233856
0.000234608
8.21526e-05
0.000242512
0.000100657
0.000459005
0.000103487
8.59107e-05
0.000294268
0.000292392
8.99765e-05
0.000217299
0.000118337
0.000735043
0.000344659
0.0004792
0.000471568
0.00029697
0.000407692
0.000379636
0.000387195
0.00045646
0.000788033
0.000601784
0.000291157
0.000499373
0.000614435
0.000413822
0.000481628
0.000280572
0.000248092
0.000105742
0.000293863
0.0004105
0.000301447
0.000249632
0.000277438
0.000403905
0.000528639
0.00046228
0.000306381
0.000443328
0.00046774
0.000533144
0.000482505
0.000583018
0.000326606
0.00027172
0.000104698
0.000258912
0.000174695
0.000177971
0.000188269
0.0114249
0.0125031
0.0105085
0.0124052
0.012367
0.00974935
0.00985056
0.0101162
0.0133292
0.0141344
0.0115515
0.0143534
0.0134759
0.010785
0.013623
0.0131395
0.00676263
0.00757088
0.0039047
0.00367318
0.00524967
0.00424776
0.00417758
0.00369674
0.00581341
0.00989215
0.00430741
0.00326077
0.00763138
0.00744389
0.00487333
0.00600146
0.0129685
0.0084458
0.00953284
0.00959171
0.0129666
0.012298
0.01364
0.00876715
0.0104801
0.00936993
0.00688084
0.0072536
0.0123764
0.0129428
0.0110864
0.00884422
0.00667376
0.00689154
0.0105074
0.00461146
0.00571159
0.00818785
0.00701924
0.00818417
0.00674182
0.00422322
0.0099449
0.00807857
0.00809272
0.00693637
0.00871702
0.0111012
0.00274451
0.00292533
0.0031231
0.00300174
0.00280119
0.00290888
0.00288944
0.00300889
0.00393872
0.00672633
0.00680686
0.00339923
0.00445187
0.00628367
0.00428161
0.00592008
0.00442364
0.00667969
0.00648442
0.00440189
0.00491592
0.0062202
0.00484096
0.00602107
0.00319374
0.0029863
0.00340675
0.00332702
0.00315842
0.0030933
0.00326632
0.0032604
0.00313401
0.00338359
0.00299159
0.00303471
0.0031329
0.00306678
0.00289644
0.00297564
0.00373956
0.00338288
0.00634836
0.00400565
0.00377074
0.00393785
0.00427097
0.00476465
0.00339143
0.00309825
0.00311483
0.00349895
0.00325256
0.00312416
0.00343079
0.00314215
0.00404209
0.00397444
0.00352913
0.0060764
0.00428348
0.00387313
0.00466685
0.00408177
0.00104302
0.00119811
0.00104345
0.00112562
0.00107484
0.00108423
0.00129563
0.00134172
0.000961237
0.000871035
0.00139683
0.00163764
0.000863702
0.000856283
0.00129195
0.00135179
0.00144823
0.00218081
0.00286299
0.00376168
0.0013549
0.00159646
0.00126531
0.00108455
0.00100443
0.0016144
0.00329112
0.00219568
0.00217613
0.00229618
0.00186686
0.00190344
0.000943534
0.00128411
0.00138648
0.00195289
0.00125419
0.00145459
0.00165649
0.00174632
0.000928151
0.00178324
0.00160637
0.00158362
0.00129802
0.00148744
0.00141327
0.00157086
0.0011149
0.00121645
0.00143062
0.00152059
0.00194164
0.00125035
0.00150605
0.00319071
0.0012131
0.00129049
0.0012367
0.000990526
0.00225744
0.00196072
0.00113552
0.00298143
0.000924792
0.00206296
0.000732312
0.00206582
0.00160054
0.00144764
0.00153639
0.00139889
0.00276936
0.00524337
0.00246358
0.00290204
0.00305982
0.00356445
0.00269412
0.00299583
0.000733073
0.00142313
0.000774832
0.0018675
0.00126355
0.00117688
0.00132215
0.00122881
0.00281912
0.00285073
0.00257251
0.00313856
0.00294441
0.00276681
0.00292621
0.00276061
0.00239608
0.00132365
0.00250284
0.00275275
0.00229273
0.00189955
0.00261126
0.00233215
0.00223403
0.00259862
0.00188084
0.00112385
0.00209703
0.00227885
0.00161481
0.00189223
0.0013501
0.0024797
0.00265695
0.00226277
0.00191447
0.00232279
0.00222699
0.0025187
0.00119148
0.00211751
0.00248623
0.00176546
0.00162486
0.0020573
0.00184066
0.00222328
0.00284575
0.00332967
0.00323297
0.00303976
0.00264666
0.00323309
0.00273056
0.00262606
0.00376359
0.00423821
0.00435563
0.00374114
0.00387122
0.00418727
0.00391237
0.00418297
0.00354511
0.00417726
0.00333986
0.0024643
0.00199154
0.00284601
0.00174401
0.00191601
0.00287015
0.00331273
0.00204049
0.00199639
0.00148586
0.00236706
0.00171197
0.00153887
0.00345176
0.00326707
0.00189809
0.00257555
0.00349237
0.00339488
0.00336996
0.00295752
0.00370453
0.00326987
0.00424014
0.0036559
0.00371654
0.0038259
0.00381102
0.00332498
0.00266188
0.00206589
0.00276882
0.00193747
0.0033457
0.00203763
0.00221742
0.00337115
0.00273049
0.00195962
0.00287915
0.00339766
0.00372371
0.00285905
0.00316604
0.00377907
0.000809058
0.000848362
0.000745037
0.0018305
0.000823891
0.000797871
0.000846644
0.000796239
0.000809147
0.000651787
0.00070633
0.00199211
0.000818279
0.000730166
0.000910947
0.000796995
0.000671246
0.000704961
0.000655389
0.00188048
0.000797317
0.000691373
0.000920302
0.000836582
0.00302143
0.00310063
0.00287504
0.00339663
0.0031548
0.00300403
0.00317967
0.00307006
0.000857207
0.000784633
0.00217057
0.00227199
0.000911074
0.000871336
0.0019528
0.00192812
0.000800058
0.0020363
0.000725786
0.000721229
0.000831147
0.000933518
0.000756216
0.000829116
0.000843901
0.00232645
0.00244336
0.00233273
0.00183165
0.00211388
0.00217202
0.00238221
0.000765839
0.00217234
0.0022603
0.000832916
0.000914227
0.00194789
0.000950461
0.00198043
0.00292199
0.00206695
0.00239296
0.00255901
0.00264284
0.00227255
0.0026154
0.00237568
0.00170508
0.00162455
0.00164391
0.00175307
0.00166557
0.00160613
0.0017141
0.00163256
0.00212536
0.00178983
0.00191659
0.00208196
0.00204133
0.00188421
0.00204134
0.00192169
0.00207263
0.00192378
0.00159224
0.0034247
0.00172352
0.00189056
0.00205606
0.00171329
0.0019729
0.00227191
0.00226696
0.00196591
0.0020476
0.00226309
0.00204299
0.00218233
0.00180201
0.00185718
0.00171611
0.00206
0.00189292
0.00184066
0.00192854
0.00185411
0.00226079
0.00219332
0.00198799
0.00215319
0.00225132
0.00218072
0.00215613
0.00209961
0.00212106
0.00208263
0.00193818
0.00177075
0.00205204
0.00204813
0.00190603
0.00194394
0.00489214
0.00589545
0.00573731
0.00498847
0.00515787
0.0056119
0.00513129
0.0055854
0.00698141
0.00810347
0.00807448
0.00701677
0.00725679
0.00745189
0.00691934
0.00783122
0.00687948
0.00817047
0.00654384
0.006448
0.00719001
0.007898
0.00627927
0.00797304
0.00479394
0.00536826
0.00435839
0.00368823
0.00332075
0.00405454
0.00334373
0.00322275
0.00616133
0.00601518
0.00457437
0.00473345
0.00557178
0.00581926
0.00593688
0.00470723
0.00601148
0.00525473
0.00778024
0.00655827
0.00667227
0.00691525
0.00685047
0.00715252
0.00555989
0.00436171
0.00425197
0.00410713
0.00579965
0.00480664
0.00485857
0.00568976
0.00659191
0.00508936
0.00444298
0.00780674
0.00685209
0.00558734
0.00716332
0.00691454
0.00134396
0.00202978
0.00164478
0.00130907
0.00134241
0.00161713
0.00131721
0.00149088
0.00201082
0.00169416
0.00216908
0.00226698
0.00194886
0.00192925
0.0019422
0.00193935
0.00201526
0.00248927
0.00268425
0.00189123
0.00196352
0.00236858
0.0019898
0.00223231
0.00191326
0.00145724
0.00224679
0.00113635
0.00117702
0.00185349
0.00221251
0.00179212
0.00196999
0.00161105
0.00154263
0.0022506
0.00190568
0.00150366
0.00199195
0.00153304
0.00215444
0.00216536
0.00229523
0.00189722
0.00206799
0.00203036
0.00220641
0.00214725
0.00160101
0.00155153
0.00230017
0.00178956
0.00153527
0.00158694
0.00162319
0.00170552
0.00177905
0.00175916
0.00228023
0.00223367
0.00178665
0.00163946
0.0021102
0.00220168
0.00233756
0.00205998
0.00178569
0.00175513
0.0020217
0.00195543
0.00177918
0.00179138
0.0020513
0.00239325
0.00218269
0.00224807
0.00215241
0.00221349
0.00214281
0.00221792
0.00177528
0.00212711
0.00194909
0.00210159
0.00195421
0.00202032
0.00198826
0.00203554
0.00166665
0.00237248
0.0017466
0.00145329
0.00223225
0.00206481
0.00148573
0.00169623
0.00192628
0.0017766
0.00175483
0.00204738
0.00181527
0.00174978
0.00184009
0.00177151
0.00191874
0.00210059
0.00208097
0.00179995
0.00186997
0.00201611
0.00185863
0.00201618
0.00178323
0.00184057
0.00220267
0.00191848
0.00183778
0.00187911
0.00204237
0.00208219
0.0018187
0.00208678
0.00225878
0.00214722
0.00197951
0.00207521
0.00208931
0.00219145
0.00032632
3.58284e-05
0.000114269
0.000770085
0.0004565
6.32544e-05
0.000497364
0.000246225
1.99647e-05
1.009e-05
1.77585e-05
0.000372917
0.000131915
1.60562e-05
0.000230208
4.28649e-05
9.65163e-05
3.34454e-05
6.11183e-05
0.000743013
0.000327827
5.01154e-05
0.000374991
0.000172898
0.000994422
0.00104354
0.00122756
0.00135588
0.001148
0.000994966
0.00119564
0.00143235
0.000194564
0.000340985
0.000750541
0.000594549
0.000333296
0.000386535
0.000548355
0.000631436
2.8695e-05
0.000415936
2.72263e-05
6.30976e-05
9.82376e-05
0.000258627
4.61785e-05
0.000261929
0.000426663
0.000945482
0.000779539
0.0010032
0.000654892
0.000770484
0.000877654
0.00072677
0.000219764
0.000724996
0.000516466
0.000104615
0.000324306
0.000609933
0.000287011
0.000541193
0.000394723
0.00107538
0.00052072
0.000996589
0.000535558
0.000566704
0.000532113
0.000552745
0.00154801
0.00233129
0.00116084
0.00157541
0.00181067
0.0019182
0.00195052
0.00223928
0.000666408
0.00149647
0.000779085
0.0015179
0.000724886
0.000749831
0.000765
0.000761775
0.00103881
0.00177754
0.00126806
0.00124255
0.00182576
0.0016266
0.00160545
0.00218969
0.00142247
0.000610681
0.00113086
0.00167238
0.00146277
0.000724209
0.00146286
0.00128643
0.00133571
0.00134373
0.00134591
0.000646173
0.00133209
0.00123468
0.00132617
0.00121241
0.00064162
0.00101517
0.00174522
0.00156528
0.00139422
0.0014897
0.00134604
0.00157884
0.000643098
0.00182668
0.00196535
0.00159224
0.000813144
0.00159787
0.0015984
0.00208519
0.00041112
0.000398
0.000478645
0.00106252
0.000470089
0.000408913
0.00049928
0.000438185
0.000390179
0.000352537
0.000452551
0.000865973
0.000445795
0.000370158
0.000457883
0.00040088
0.000594735
0.000603678
0.000798787
0.00108733
0.000565534
0.000657595
0.000593758
0.000675447
0.00190545
0.00111466
0.00168237
0.00160472
0.000960263
0.000957937
0.00105903
0.00110021
0.000460937
0.000488479
0.00137857
0.00118246
0.000477482
0.000481808
0.000934891
0.000904419
0.000402456
0.000833744
0.000501464
0.000513397
0.000431954
0.000464572
0.000480003
0.000474337
0.000519591
0.00157036
0.00117629
0.00156169
0.00105041
0.00112238
0.0013609
0.00144235
0.000533725
0.00116516
0.00100989
0.000528293
0.000529608
0.00098623
0.000503003
0.00100074
0.00804818
0.00484705
0.00712855
0.0062474
0.00797641
0.00569277
0.00623106
0.00736804
0.00312802
0.00249909
0.00296982
0.00330289
0.00324056
0.00219325
0.0028366
0.00294809
0.0060329
0.00508958
0.00498883
0.00587269
0.00579671
0.00530171
0.00573143
0.00524996
0.0049327
0.00351499
0.00549356
0.00323085
0.00459521
0.00308011
0.00332808
0.0044714
0.00493573
0.00686428
0.00645417
0.00400939
0.00412205
0.00705352
0.00387394
0.00446118
0.00355327
0.00282146
0.00350718
0.00630045
0.00504271
0.00462453
0.0054815
0.00512273
0.00676733
0.00476783
0.00330037
0.00549006
0.0066805
0.00581628
0.00652363
0.00557241
0.00628685
0.00600432
0.00389945
0.00520552
0.00598745
0.00466643
0.00434703
0.00444456
0.00112251
0.00152363
0.00120956
0.000832674
0.00120272
0.00116863
0.000626596
0.00189751
0.002784
0.00374784
0.00361312
0.00274752
0.0029502
0.00345048
0.00273402
0.00295689
0.00138104
0.00359787
0.0023702
0.000997192
0.00167605
0.00219263
0.00106071
0.00180886
0.000668503
0.00176648
0.000647288
0.000556307
0.000584567
0.00100331
0.000625807
0.000662876
0.00213761
0.00154758
0.000862975
0.00154571
0.00158714
0.00196478
0.00200445
0.0011264
0.00236279
0.0017691
0.00306211
0.00201587
0.00251552
0.00264269
0.00271626
0.00286107
0.000906663
0.000636811
0.00152863
0.000844467
0.000850462
0.00112601
0.00107835
0.00177929
0.00235999
0.00108561
0.0015837
0.0026007
0.00257899
0.00161337
0.00236649
0.00263034
0.000191628
0.000305628
0.00031598
0.000471532
0.000315816
0.000300706
0.000351402
0.000339055
0.000418165
0.000519161
0.000509223
0.000831869
0.000552879
0.0005984
0.000671895
0.000737558
0.000409673
0.000473366
0.000423955
0.000674403
0.00049532
0.000499385
0.000534788
0.000525493
0.0008397
0.00110688
0.000882483
0.00147483
0.00127163
0.00116152
0.00163561
0.00137273
0.000414905
0.000410479
0.000539177
0.000897221
0.000593766
0.000423885
0.000829964
0.000608987
0.000465309
0.000732988
0.000613344
0.000408362
0.000579084
0.000487589
0.000529417
0.000622665
0.000461035
0.000896099
0.0011179
0.00114193
0.000622004
0.000936417
0.00094521
0.000904011
0.000443024
0.000803889
0.000963822
0.000634221
0.000571233
0.000950294
0.000707316
0.000630043
0.00685534
0.00751835
0.00637452
0.00714412
0.00711658
0.00705333
0.00694474
0.00689375
0.00798096
0.00750546
0.00736856
0.00613961
0.00825926
0.00809972
0.00806699
0.00793001
0.00577891
0.00623919
0.00512497
0.00601868
0.00599542
0.00585414
0.00579764
0.00567953
0.00615067
0.00506919
0.00619807
0.00409215
0.00713016
0.00581037
0.00563679
0.00660117
0.00775286
0.00660752
0.0073428
0.00792582
0.00754462
0.00710961
0.00673989
0.00731356
0.00766205
0.00773383
0.00698035
0.00650547
0.00749174
0.00768508
0.00693933
0.00713998
0.00641317
0.00712332
0.00728996
0.00657214
0.00661586
0.00709941
0.00679387
0.00723744
0.0063301
0.00651064
0.00764343
0.0067924
0.00651848
0.00672925
0.00691665
0.0071347
0.00499553
0.0143165
0.00540625
0.0111834
0.0106499
0.0113309
0.00904922
0.0100338
0.0157426
0.0141868
0.0167386
0.017597
0.0163192
0.0159257
0.0173736
0.0169905
0.0040877
0.0149219
0.00636891
0.0115225
0.0110928
0.0116492
0.00980589
0.0103201
0.0149599
0.0196203
0.0157256
0.0203767
0.0190728
0.0190634
0.0183119
0.0184582
0.0157543
0.0105272
0.014173
0.0190503
0.0158341
0.0134052
0.0172598
0.0147022
0.0156822
0.0187771
0.0164561
0.0113584
0.0159654
0.0175332
0.0145171
0.0165259
0.0088739
0.0132371
0.0187726
0.0134919
0.0111329
0.0141953
0.0152159
0.0175023
0.0102954
0.0138459
0.0187101
0.0163718
0.0143964
0.0154118
0.0163996
0.0175575
0.00467085
0.0148329
0.00640118
0.0110228
0.0100204
0.0113724
0.00952981
0.0108999
0.0166022
0.0141799
0.0156482
0.0172381
0.0167872
0.015891
0.0168753
0.0161669
0.00630623
0.0144374
0.00575312
0.0136273
0.0107222
0.0112212
0.0106025
0.0112592
0.0150384
0.0191662
0.0165522
0.020383
0.0178511
0.0177084
0.0179005
0.0176198
0.0162328
0.0108824
0.0134645
0.0182532
0.0161272
0.0140066
0.0172343
0.0147895
0.0161401
0.0177117
0.015469
0.0114548
0.0161264
0.0166767
0.0148658
0.0157751
0.0106793
0.0130919
0.0181433
0.0147055
0.0130224
0.0143761
0.0148456
0.0160639
0.0111331
0.0149655
0.0177746
0.0155536
0.0139737
0.0152296
0.0157826
0.0169185
0.000791643
0.00182162
0.00092795
0.00147497
0.00101325
0.0010132
0.00109706
0.0011146
0.00321248
0.00367856
0.00317972
0.00366482
0.00284034
0.00303756
0.00296746
0.00352864
0.00102324
0.00177768
0.000925899
0.00138369
0.00110912
0.00108837
0.00106946
0.00105023
0.00250677
0.00302196
0.00227579
0.00355751
0.00271461
0.00237575
0.00316173
0.00323464
0.00266074
0.00113182
0.00242712
0.00279883
0.00259008
0.00174708
0.00314219
0.00238562
0.00259397
0.00235597
0.00240377
0.0011141
0.00260172
0.0032589
0.00191658
0.00264782
0.0011787
0.00238761
0.00265688
0.00227784
0.0015572
0.00230356
0.0023185
0.00317357
0.00117524
0.00219006
0.00378658
0.00251602
0.00166366
0.00229776
0.00251907
0.00307105
0.000179236
0.000323754
0.000231298
0.000416235
0.000215642
0.000133856
0.000187362
0.000146075
0.000901438
0.00298961
0.00101124
0.00116118
0.00206034
0.00204831
0.0019908
0.00148703
0.00029939
0.000316328
0.000285605
0.000451947
0.000329322
0.000266295
0.00035687
0.000312716
0.000718979
0.000919902
0.000724863
0.000910611
0.000842648
0.000545893
0.000855421
0.00059812
0.000595381
0.000343807
0.00045555
0.000965069
0.000826344
0.000561602
0.000521783
0.00024723
0.000594757
0.000545099
0.000305651
0.000198485
0.000528024
0.00132027
0.000338954
0.000671136
0.000386779
0.000388864
0.0016077
0.000449916
0.000390194
0.000363437
0.000381249
0.000944975
0.000298659
0.00046885
0.000532625
0.00027285
0.000322229
0.000315736
0.000540067
0.000892723
0.00015943
0.000227127
0.000331003
0.00046734
0.000144884
0.000257595
0.000344506
0.000397041
0.000453141
0.000523983
0.00123932
0.00128339
0.000547842
0.000522574
0.000904303
0.000967078
0.00122766
0.00201767
0.00175034
0.00126006
0.00109389
0.00132446
0.00153155
0.0016161
0.000718221
0.00145051
0.00123621
0.000927525
0.000983871
0.00133539
0.00143147
0.00146535
0.00030796
0.000373948
0.000654438
0.000899498
0.000706431
0.000817441
0.000929184
0.000699428
0.000451434
0.00125938
0.00110062
0.000724931
0.000620657
0.00103138
0.000631268
0.000604714
0.00067409
0.000950263
0.00141893
0.00104656
0.000707217
0.00115336
0.0014333
0.00176242
0.00076245
0.00115157
0.00124527
0.000948567
0.00128001
0.00109799
0.00108773
0.00146825
2.83265e-05
0.000117753
2.55531e-05
6.1296e-05
3.00231e-05
3.99557e-05
4.61433e-05
5.35164e-05
0.000248245
0.000461472
0.000244555
0.000244418
0.000346733
0.000368368
0.000278277
0.000321412
3.48173e-05
9.27555e-05
4.26652e-05
3.9522e-05
4.11235e-05
4.20488e-05
3.41156e-05
4.84479e-05
0.000117497
0.000116406
8.09057e-05
0.000142487
0.000147835
0.000155734
0.000127154
0.000125976
0.000153489
6.26628e-05
0.000117178
0.000233854
0.00014682
9.55503e-05
0.000130411
0.000122493
0.000158148
0.0002512
0.000147265
7.39567e-05
0.000146987
0.000182601
0.000119501
0.000136974
5.76605e-05
0.000104076
0.000181574
7.72008e-05
7.98081e-05
0.000103432
9.18772e-05
0.000122275
5.42166e-05
7.85467e-05
0.000199272
0.00010943
7.5913e-05
8.4295e-05
0.000106381
0.000120888
4.41395e-05
9.30125e-05
4.43114e-05
3.76519e-05
4.5792e-05
5.21635e-05
4.27929e-05
5.08684e-05
0.000265119
0.000729248
0.000152852
0.00028712
0.000385573
0.000474448
0.000362296
0.000402667
4.71063e-05
6.14667e-05
2.5822e-05
4.41123e-05
2.509e-05
2.58661e-05
2.19325e-05
2.87273e-05
6.84189e-05
0.000119409
7.60619e-05
0.000125455
0.000105856
0.000108436
0.000115839
8.18102e-05
0.000121109
3.69899e-05
6.89084e-05
0.000206191
0.000115014
6.13758e-05
0.000115168
9.25045e-05
0.000138974
0.000206783
0.000102122
5.70745e-05
0.000133523
0.000160309
0.000105014
8.02124e-05
3.86327e-05
6.10841e-05
0.000223406
4.89903e-05
5.69158e-05
9.03359e-05
5.22766e-05
0.000103541
5.07603e-05
5.84567e-05
0.000159396
9.31102e-05
6.71665e-05
7.41061e-05
8.54943e-05
9.15529e-05
0.00131464
0.00114356
0.000989034
0.00135925
0.00140135
0.00276872
0.0013379
0.000849028
0.00179538
0.00208402
0.000971953
0.0017724
0.00213497
0.0015078
0.00177741
0.00172979
0.00109878
0.000600806
0.000350408
0.000878284
0.00123011
0.000967551
0.00126913
0.00104422
0.000754201
0.001318
0.00115646
0.000644563
0.000597902
0.000510932
0.000558456
0.000647344
0.00104345
0.00166598
0.000717349
0.00115932
0.00228328
0.000629321
0.000580878
0.000702166
0.00130107
0.00110856
0.00110771
0.00168852
0.00197544
0.00252643
0.000846619
0.00141666
0.00133983
0.000662467
0.00199855
0.000663153
0.000737157
0.000455109
0.000924246
0.00107327
0.000954284
0.000715609
0.00170571
0.00115936
0.001714
0.00120949
0.00208737
0.00139906
0.00507356
0.00549827
0.00559645
0.00486826
0.00523314
0.00560241
0.00512082
0.00552393
0.00426686
0.00510722
0.00655214
0.00476564
0.005239
0.00543266
0.00532417
0.00689894
0.0060979
0.00683451
0.00651481
0.00599564
0.00627862
0.00658811
0.00617246
0.00649702
0.00455231
0.00517866
0.0051513
0.00416921
0.00467522
0.00516746
0.0045019
0.00497482
0.00585854
0.00579967
0.00500499
0.00539857
0.00552614
0.00569654
0.00573895
0.00547516
0.00501821
0.00488597
0.00646769
0.00615142
0.00629338
0.00561057
0.00612393
0.00654533
0.00569764
0.00485248
0.00560905
0.00545969
0.00546129
0.00532175
0.00561504
0.00547126
0.00606311
0.00590657
0.00618984
0.00679169
0.00622858
0.00605907
0.00633857
0.0054606
8.36816e-05
0.000169141
0.000101749
0.000310867
0.000296094
0.000158694
0.000225434
0.000337158
0.000233906
0.000243097
0.000152813
0.000659307
0.000723847
0.000235678
0.00050399
0.000422814
8.76365e-05
9.72457e-05
7.31633e-05
0.000545539
0.000286699
0.000105451
0.000250374
0.000190188
0.00069375
0.0011567
0.000650046
0.00169055
0.00085111
0.00107048
0.000942163
0.00101822
0.000540688
0.000289629
0.000364136
0.00051156
0.000369393
0.000408687
0.000501181
0.000426975
0.000223449
0.00046204
0.000178366
0.000171408
0.000388397
0.000556748
0.000148494
0.000626877
0.000328923
0.00040494
0.000466739
0.000744304
0.00040526
0.000237736
0.000751159
0.000377698
0.00028933
0.000663923
0.000713544
0.0003293
0.000427355
0.000403431
0.000489116
0.000351071
0.00417488
0.00369831
0.00412581
0.00366315
0.00389914
0.0039141
0.00388704
0.00389448
0.00322012
0.00283358
0.00319946
0.00269149
0.00294193
0.00300326
0.0029264
0.00296256
0.00392575
0.00342711
0.00353074
0.00319105
0.00357183
0.0035611
0.00346514
0.00342805
0.00316426
0.002766
0.00288958
0.00233641
0.00300346
0.00292737
0.00249032
0.00291073
0.00342192
0.00382306
0.00341322
0.00293072
0.00341987
0.00362127
0.00320993
0.00338905
0.00343543
0.00286877
0.00337072
0.00385336
0.0034193
0.00311409
0.00365468
0.00332767
0.00378425
0.00340989
0.00291666
0.00318037
0.00352288
0.0033764
0.00321735
0.00309992
0.00377402
0.00309797
0.00284132
0.00328205
0.00342413
0.00314656
0.00327249
0.00298461
0.000983044
0.000966983
0.000703506
0.00162187
0.000834233
0.000848924
0.00074679
0.000725181
0.000853373
0.000741479
0.000645658
0.00155822
0.000725475
0.000685223
0.000702836
0.0006709
0.000598164
0.00057238
0.000509964
0.00143331
0.000609236
0.000570021
0.000617152
0.000558999
0.00282985
0.0028759
0.00270295
0.0033907
0.00310615
0.00286849
0.00313899
0.00295107
0.000819668
0.000686874
0.00200193
0.0019391
0.00075686
0.000725872
0.00162284
0.00162652
0.000796932
0.0015355
0.000613549
0.000671242
0.00071041
0.00068379
0.000714311
0.000648789
0.000668868
0.00215774
0.00214227
0.00205957
0.00157478
0.00181246
0.00187138
0.00209583
0.000623539
0.00173748
0.00179296
0.000598782
0.000651108
0.00148812
0.000652431
0.00148876
0.000537534
0.00124305
0.00102306
0.00059377
0.00131743
0.000992238
0.00116646
0.00128443
0.00165273
0.00384356
0.00754315
0.00340438
0.0029407
0.00304807
0.0031754
0.00428988
0.00121999
0.00530165
0.00134794
0.00207239
0.00182222
0.00165924
0.00227761
0.00224757
0.00100588
0.003952
0.00262574
0.00309528
0.00171547
0.00137434
0.00405969
0.00400058
0.00258682
0.00135377
0.00153176
0.00219773
0.00542455
0.00186289
0.00141773
0.00118645
0.00445382
0.00212959
0.00509866
0.00123767
0.00567552
0.00410107
0.00276967
0.00539026
0.00142028
0.00303064
0.0051497
0.00526129
0.00174348
0.00345711
0.00142251
0.00329851
0.00177677
0.0038637
0.0074038
0.00354502
0.00277377
0.00135423
0.00432891
0.00611348
0.00179013
0.00596859
0.00196507
0.00419997
0.00145542
0.0031294
0.00186439
0.00314963
0.00792033
0.00474925
0.00524013
0.00871611
0.00695557
0.00545161
0.0069764
0.00434915
0.0024348
0.00429929
0.00169812
0.00298936
0.00326832
0.00318019
0.00311248
0.00347236
0.00437093
0.00380744
0.00342266
0.00406602
0.00341935
0.00512451
0.00356301
0.00541345
0.0037944
0.00237426
0.0020907
0.00650263
0.00469414
0.0034849
0.00654465
0.0041082
0.00401657
0.00424229
0.00521999
0.00311327
0.00394097
0.00454162
0.00295672
0.00658941
0.00250894
0.00242436
0.0052629
0.00397226
0.00259451
0.00401924
0.00428593
0.00407974
0.00318873
0.00581973
0.00391537
0.0056357
0.00293058
0.00583756
0.00649766
0.00382553
9.12192e-06
4.50623e-06
2.34833e-06
0.000119083
1.35076e-05
4.4666e-06
4.42994e-05
2.18759e-05
2.26797e-06
2.20999e-06
1.55102e-06
6.40478e-05
7.78268e-06
2.03995e-06
1.10906e-05
6.34809e-06
1.95587e-06
1.5417e-06
1.56968e-06
4.03851e-05
5.39492e-06
1.988e-06
1.0168e-05
5.39947e-06
0.000214407
0.000144344
0.000104733
0.00038965
0.000202816
0.000153732
0.000248749
0.000157657
9.33653e-06
4.6669e-06
0.000112292
7.91975e-05
2.27715e-05
2.87588e-05
8.32793e-05
8.77892e-05
2.4395e-06
6.19323e-05
1.74631e-06
2.20184e-06
1.35441e-05
1.86762e-05
1.7668e-06
5.11309e-06
1.97333e-05
0.000134294
8.55389e-05
6.6174e-05
6.81093e-05
0.000100244
6.13433e-05
9.87122e-05
9.91931e-06
4.94402e-05
5.91071e-05
5.41741e-06
1.24621e-05
4.53007e-05
9.34437e-06
3.21848e-05
3.4429e-06
3.04339e-06
1.215e-05
0.000104157
1.31313e-05
1.00252e-05
2.68754e-05
1.80439e-05
3.23641e-06
7.14546e-06
9.81391e-06
8.84254e-05
1.42484e-05
8.81558e-06
1.89014e-05
1.55756e-05
1.64438e-05
1.16892e-05
2.07318e-05
0.000201925
2.7851e-05
1.54362e-05
4.1724e-05
3.41332e-05
0.000158694
0.000126582
0.000242653
0.000213041
0.00014848
0.000154151
0.000214743
0.000196516
1.59621e-05
2.09018e-05
0.000112329
0.000101709
2.33095e-05
2.51875e-05
0.000100174
0.000113614
9.14963e-06
0.000103402
1.04699e-05
1.32203e-05
1.94865e-05
2.65848e-05
9.29064e-06
1.93489e-05
3.80497e-05
0.000140446
0.000115627
0.000192345
0.000142618
0.000131132
0.000149693
0.000139349
2.59997e-05
0.000183671
0.000112549
2.27242e-05
3.89337e-05
0.000157276
2.38693e-05
0.000118131
0.00957837
0.0109903
0.00903776
0.00789481
0.0109275
0.0112936
0.0107444
0.0110702
0.0110913
0.0107629
0.0117347
0.0081755
0.0132614
0.0128374
0.0129031
0.0125431
0.00866612
0.0101904
0.00664574
0.00698257
0.0102175
0.00981497
0.00904902
0.0094844
0.00594763
0.00580078
0.00538473
0.00406956
0.00787293
0.00696676
0.00574345
0.00949397
0.0124249
0.0110103
0.0110288
0.0116202
0.0121495
0.0109194
0.00857839
0.0111894
0.0124648
0.0101677
0.0113541
0.011038
0.0122026
0.0103156
0.0115921
0.0117438
0.0105502
0.00862631
0.00972247
0.00877271
0.00781432
0.0111502
0.0109846
0.0083893
0.0107442
0.0106101
0.0121024
0.0110252
0.010926
0.0110618
0.0113784
0.00906822
0.004655
0.00418012
0.00461041
0.00432469
0.00447999
0.00432129
0.00439586
0.00433232
0.00358877
0.00300284
0.00320683
0.00325656
0.00336521
0.00310421
0.00324744
0.0030601
0.00503125
0.00435686
0.00622231
0.00437935
0.00475352
0.00497851
0.00491344
0.00523441
0.00396659
0.00346667
0.00357516
0.00358895
0.00374279
0.00354835
0.00361789
0.00347079
0.0039418
0.00431979
0.00410596
0.00357908
0.00383742
0.00405316
0.00380216
0.00392321
0.00370771
0.00334537
0.00354561
0.00431982
0.00369605
0.00341288
0.00394255
0.00360725
0.00437148
0.00399892
0.0034553
0.00379041
0.00409427
0.00388102
0.00377578
0.00361797
0.0044711
0.00378407
0.00327608
0.00367215
0.00410496
0.00372128
0.00363099
0.00339419
0.000988405
0.00231804
0.00118191
0.0017988
0.00140848
0.0012913
0.00116301
0.00129976
0.00244445
0.0024511
0.00166935
0.00241748
0.00244884
0.00212529
0.00238912
0.00238673
0.00085963
0.0012064
0.000899411
0.000539105
0.000788398
0.000866107
0.000699528
0.000814076
0.00236695
0.00231668
0.00077742
0.00582982
0.00191733
0.000989978
0.003028
0.00153406
0.00235065
0.000926809
0.00108296
0.00233132
0.00160352
0.00200252
0.00230145
0.0010208
0.00165143
0.00199082
0.00129779
0.000924301
0.00235549
0.00231146
0.00144973
0.00125848
0.000875577
0.00121064
0.00139595
0.000531776
0.000843379
0.00103909
0.000671484
0.00154971
0.000928347
0.000502159
0.00220452
0.00146121
0.00103643
0.000647313
0.00100446
0.00118945
1.45376e-05
7.3854e-05
3.00184e-05
0.000135195
4.87893e-05
7.70603e-05
4.91407e-05
4.70465e-05
0.000157695
0.000280756
0.000817398
0.00070397
0.000292921
0.000182689
0.000486701
0.000481534
0.000145962
0.000905367
0.000592542
0.000925646
0.000423413
0.000411314
0.000698471
0.000835813
0.00139535
0.00262503
0.00267013
0.0070354
0.0022986
0.00177347
0.004346
0.00346086
0.000107849
7.43821e-05
0.000270684
0.00131463
0.000107539
8.66299e-05
0.000244848
0.000134596
8.59728e-05
0.00100803
0.000596091
7.1493e-05
0.000184998
0.000731164
0.000125152
0.000697054
0.000137711
0.000436138
0.00210259
0.00181343
0.000202666
0.000356625
0.000958707
0.0012667
0.000156078
0.00127567
0.00183994
0.00113726
0.000503369
0.000767947
0.000697326
0.0013633
1.09723e-05
1.39829e-05
3.46761e-05
3.36128e-05
2.42465e-05
1.85613e-05
2.97333e-05
2.57639e-05
1.3591e-05
1.7132e-05
6.20025e-05
5.14571e-05
2.14771e-05
2.76127e-05
3.3732e-05
4.12919e-05
0.000129516
0.000177574
0.000272074
0.000211681
0.000159527
0.000185052
0.000250474
0.000186771
8.93218e-05
9.98808e-05
0.000173508
0.000172142
0.000102565
0.000104358
0.000135172
0.000145033
1.12775e-05
3.65851e-05
3.9483e-05
5.07548e-05
2.41886e-05
2.75749e-05
3.60797e-05
3.809e-05
1.39597e-05
5.3846e-05
6.36393e-05
4.24855e-05
2.80591e-05
3.60821e-05
4.11968e-05
5.2432e-05
6.10747e-05
5.92143e-05
7.05019e-05
0.000187961
0.000100118
6.47201e-05
0.000123713
7.43152e-05
7.02361e-05
0.000162854
7.66307e-05
9.60481e-05
8.87729e-05
0.000141532
8.14443e-05
0.000117063
0.000933045
0.0011429
0.00122229
0.00157071
0.000965346
0.00101784
0.000990725
0.00103342
0.00134512
0.00150283
0.00173713
0.00177205
0.00132088
0.00137688
0.00127077
0.0013691
0.00136194
0.00188461
0.00125947
0.0021568
0.00138445
0.00160704
0.00130941
0.00142671
0.00300799
0.00361153
0.00319532
0.00395391
0.00251379
0.00217602
0.00228363
0.00253849
0.00114578
0.00119422
0.00182302
0.00199248
0.00111093
0.00105951
0.00171919
0.00174862
0.0012028
0.00192693
0.00156447
0.00127887
0.00118766
0.00121084
0.0014101
0.00136496
0.00121865
0.0021778
0.00246932
0.00254977
0.00198022
0.00208263
0.00216698
0.00235303
0.00127548
0.00248665
0.00236343
0.00152112
0.00131549
0.00212402
0.00135648
0.00213709
0.00454621
0.00919576
0.0125134
0.00444746
0.0061431
0.00933115
0.00630485
0.00927447
0.00444056
0.00727275
0.00677333
0.00324396
0.00397386
0.00450386
0.00276339
0.0043262
0.0131238
0.0121554
0.0132952
0.0109401
0.0130438
0.0145201
0.0122096
0.0132871
0.0041138
0.00289016
0.00575128
0.00209357
0.00181039
0.0025008
0.00158381
0.00301505
0.00654669
0.0113325
0.00327149
0.00273224
0.00462389
0.00892338
0.00570654
0.00381386
0.00767183
0.00333798
0.00944398
0.0130515
0.00769197
0.00550778
0.0129205
0.00862291
0.0108441
0.00264966
0.00212727
0.00540975
0.00925345
0.00415405
0.00571807
0.00361911
0.0124162
0.00677642
0.00433983
0.00807178
0.0121688
0.00618382
0.00997026
0.007934
0.00441198
0.00390947
0.00501697
0.00443871
0.00428332
0.00424945
0.0045604
0.00459129
0.0034469
0.00312562
0.00412613
0.0035379
0.00337853
0.0033662
0.00366451
0.00372475
0.00564769
0.00521608
0.00621332
0.00566303
0.00553203
0.00552902
0.00580422
0.00583455
0.00430618
0.00379747
0.00485801
0.00389842
0.00407477
0.0041269
0.00421467
0.0042934
0.00380473
0.00489379
0.00430591
0.0038254
0.00408513
0.00446359
0.00396663
0.00431888
0.00377093
0.00385199
0.00445095
0.00488222
0.00412566
0.00401593
0.00452867
0.00444717
0.00518907
0.00452648
0.00402656
0.00512156
0.00505509
0.00458558
0.00490193
0.00438465
0.00522482
0.00518674
0.00410549
0.00480544
0.00511078
0.00494623
0.00474268
0.00460017
0.000439881
0.000391495
0.000610299
0.000455727
0.000394289
0.000481981
0.000440226
0.000482688
0.000340689
0.000294856
0.000491173
0.00068032
0.000365981
0.00038614
0.000420039
0.000430295
0.000666291
0.000580249
0.000638636
0.0013328
0.000606264
0.000602229
0.000664195
0.000643704
0.000874114
0.00139085
0.00191551
0.0021038
0.00135647
0.00139971
0.00238026
0.00173894
0.00038346
0.000548855
0.000411098
0.000757303
0.000428665
0.000442781
0.000605866
0.000598512
0.000432672
0.000715568
0.000510581
0.000581475
0.000448669
0.000438922
0.000544351
0.000501783
0.000583429
0.000630131
0.000948179
0.00146966
0.000894589
0.000773661
0.000934305
0.000771164
0.000586713
0.00137533
0.00105862
0.00055091
0.000573992
0.000980234
0.000554779
0.00100865
0.00179587
0.00223137
0.00243311
0.00216068
0.00175016
0.00187929
0.00173454
0.00185897
0.00257217
0.00305408
0.00360954
0.00217881
0.00245121
0.00262617
0.00233053
0.0025557
0.00303467
0.00387768
0.00396564
0.00337963
0.00293969
0.00346468
0.00286919
0.00317981
0.00142706
0.00149216
0.00383771
0.00547631
0.00154992
0.00136761
0.00198854
0.00288082
0.0021404
0.00226953
0.00209397
0.00229342
0.00202332
0.00184268
0.0020308
0.00237705
0.00230118
0.00207542
0.00307812
0.00253831
0.00222463
0.0022013
0.00288413
0.00269722
0.00224811
0.00192272
0.00164927
0.00191712
0.00271579
0.00271319
0.001755
0.00241931
0.00246218
0.00226671
0.00259393
0.00291902
0.00245448
0.00284708
0.00257593
0.00263468
6.95771e-05
0.000336644
0.00053669
0.00102323
0.000326843
0.000386972
0.000404485
0.000454873
0.000403338
0.000322756
0.000405245
0.000820173
0.000550304
0.000502689
0.000600777
0.000520225
0.000725537
0.000455522
0.000580293
0.00120484
0.000811151
0.00065808
0.000919774
0.000749109
0.00310488
0.00208861
0.00281312
0.00616104
0.00300262
0.00246086
0.00356678
0.00293598
0.000465987
0.000610189
0.00122421
0.00113189
0.000627177
0.000604659
0.0010183
0.00107184
0.000476743
0.000923325
0.00048029
0.000559692
0.00056306
0.000622594
0.000503527
0.000584316
0.00086586
0.00186973
0.00148289
0.00155303
0.00135116
0.00147757
0.00143309
0.00161766
0.000759595
0.00129536
0.00116902
0.000570542
0.000853542
0.00115761
0.00073492
0.00108899
0.0122568
0.0152214
0.0113046
0.0112025
0.012715
0.0132951
0.0117076
0.0122866
0.0183941
0.0207485
0.0167923
0.0163712
0.0187075
0.01908
0.0171985
0.0180051
0.010951
0.013452
0.0111016
0.01078
0.0113556
0.0120908
0.0109328
0.0114997
0.00683129
0.0113306
0.00496344
0.00230585
0.00715536
0.0106483
0.00638572
0.00827582
0.015549
0.011698
0.011258
0.0135333
0.0142329
0.0123987
0.0135863
0.0121397
0.0161661
0.0147041
0.0151479
0.0122582
0.0149363
0.0150561
0.013654
0.014227
0.0111171
0.0103413
0.0123049
0.0103809
0.0108202
0.0111826
0.0110103
0.0112151
0.0115741
0.0109545
0.0134276
0.0142756
0.0118128
0.0116428
0.0134148
0.00895432
0.000876939
0.00112375
0.00107474
0.00291478
0.00131078
0.00112486
0.00167294
0.00136864
0.000526101
4.24693e-05
0.000138268
0.00116622
0.000588415
0.000212229
0.000771382
0.000300019
0.000516396
0.000178633
3.49379e-05
0.00121936
0.000617738
0.000261138
0.00065595
0.000375076
0.0043478
0.00303067
0.00331997
0.00466671
0.00419167
0.00346164
0.00430143
0.0036438
0.0013243
0.00128768
0.00331204
0.00228644
0.00158899
0.00166696
0.00229625
0.00264453
0.000863493
0.00160489
0.000343473
0.000847306
0.00108907
0.00106903
0.000691951
0.000780507
0.00154091
0.0036517
0.00251053
0.00272185
0.00246334
0.00294587
0.00251751
0.00286179
0.0010618
0.00195368
0.00182254
0.000563486
0.00108465
0.00174963
0.000938109
0.00142507
5.45226e-05
0.00015226
7.96142e-05
7.68313e-05
8.58436e-05
0.000132441
6.10729e-05
7.86989e-05
0.000400343
0.00118815
0.00154692
0.00099671
0.000616854
0.00101875
0.000819553
0.00106395
0.000377288
0.00137856
0.000651474
0.000445564
0.000577225
0.000964597
0.000346394
0.00102037
0.00010552
0.000657905
0.000316563
0.00031983
0.00013465
0.00029149
0.000177049
0.000277
0.000160888
0.000118861
0.000134382
0.000296624
0.000111906
0.000131085
0.000111444
0.000140468
0.000278903
0.000491011
0.00105363
0.000252408
0.000176233
0.000627836
0.000463088
0.000627849
0.000155679
8.69223e-05
0.000371404
0.000205817
0.000220341
0.000131577
0.000233829
0.0003626
0.00023857
0.0004847
0.000571993
0.00108823
0.000660832
0.000502512
0.000546012
0.00082259
0.0041948
0.00858287
0.00752058
0.00532703
0.00642427
0.00793186
0.00623805
0.00749686
0.00834795
0.00613713
0.00867242
0.00444589
0.00664748
0.00651955
0.00478123
0.00621755
0.0080822
0.00876358
0.00424294
0.00517362
0.00794791
0.00855356
0.00632931
0.00597958
0.00329919
0.00283655
0.00301118
0.0016123
0.00269342
0.00283985
0.00182392
0.00264417
0.00784484
0.00824437
0.00505755
0.0044533
0.00734461
0.00770324
0.00567291
0.00586131
0.00870803
0.00457937
0.00910976
0.00968093
0.00840104
0.00669293
0.010374
0.00870896
0.00760721
0.00453742
0.00353737
0.00423699
0.00649799
0.00560036
0.00529751
0.00394711
0.0085353
0.0047717
0.00426534
0.00789618
0.00790425
0.00562916
0.00740451
0.00557752
0.00360459
0.00195102
0.00286136
0.00191026
0.00299815
0.00278073
0.0028214
0.00266965
0.000976982
0.00110871
0.000617905
0.000735109
0.00121195
0.00116706
0.00120414
0.000961106
0.00236403
0.000790194
0.00096298
0.000539453
0.00198829
0.00154962
0.00195487
0.000918125
0.00129491
0.000657752
0.000408221
0.000296982
0.000852617
0.000607357
0.000648861
0.000517928
0.00210566
0.00228647
0.00206964
0.00113246
0.00198889
0.00193415
0.00179124
0.00198734
0.00196464
0.000724339
0.00122838
0.00212251
0.00189337
0.00163084
0.00194446
0.00150236
0.00219238
0.00189375
0.000715235
0.000956969
0.00160666
0.00173984
0.00139326
0.00135863
0.00210278
0.000604334
0.000502717
0.000756893
0.00178161
0.000806111
0.0013107
0.000511878
0.00159245
0.00109874
0.0013178
0.00136159
0.00109172
0.000998887
0.00101671
0.000980278
0.000537527
6.52393e-05
0.000212049
0.00035123
0.000408298
0.000189626
0.000366031
0.000215736
0.000735662
0.000325203
0.000170949
0.000379642
0.000700786
0.000557244
0.000475117
0.000357977
0.000885991
0.000590481
0.000401133
0.000575702
0.000609875
0.000379752
0.000614017
0.000500235
0.000969453
0.000889498
0.000788415
0.000512403
0.000990414
0.00122459
0.00100292
0.00056208
0.000728768
0.000329478
0.000454164
0.000681822
0.000786232
0.000579896
0.000811886
0.000599469
0.000697213
0.000732562
0.000436024
0.000489615
0.000912832
0.00064075
0.00052145
0.000957165
0.000641595
0.000371319
0.00040182
0.000394709
0.000798787
0.000327419
0.000609951
0.000599315
0.0433318
0.0520352
0.0350354
0.0119712
0.0350269
0.0486965
0.0148798
0.0358467
0.0607974
0.0446387
0.0615182
0.0377038
0.0595792
0.0622223
0.053258
0.0560426
0.0466246
0.0555176
0.0310199
0.0345632
0.0472964
0.0535406
0.0415096
0.0467098
0.00513132
0.0157509
0.0177869
0.0068702
0.00683333
0.0164367
0.0103405
0.0168985
0.0508663
0.0383086
0.0103815
0.0139577
0.0422053
0.0361947
0.0279585
0.0256762
0.0589275
0.0395708
0.0641561
0.049157
0.0501204
0.052365
0.0548552
0.0570603
0.0340286
0.00994058
0.0267571
0.0240233
0.0241102
0.0241826
0.0276992
0.0193841
0.0433764
0.0325424
0.0363111
0.0563931
0.0454003
0.0375046
0.051487
0.0404113
0.000637684
0.000588936
0.000665544
0.00170269
0.000886656
0.000698582
0.00108412
0.000802415
0.000570805
0.000560883
0.000538724
0.00180921
0.000827987
0.000662382
0.00108331
0.000856471
0.000574816
0.000475649
0.000558706
0.00176394
0.000938405
0.000604562
0.00128237
0.000863945
0.00267725
0.00272157
0.00254392
0.00313291
0.00282597
0.00266545
0.00287166
0.00273207
0.000826847
0.000998057
0.00211598
0.00209413
0.00107155
0.00112991
0.00179563
0.00181331
0.000643544
0.0018124
0.00059634
0.000657083
0.000744201
0.00106981
0.000577627
0.000872576
0.00125384
0.00230476
0.0022858
0.00223208
0.0017991
0.0020338
0.0020715
0.00224649
0.000813751
0.00196721
0.00205754
0.000763233
0.00113961
0.0017767
0.0011341
0.00177109
5.80428e-06
1.21642e-05
1.51994e-05
3.84702e-05
1.07512e-05
1.0768e-05
1.13319e-05
1.19336e-05
1.93386e-05
1.69104e-05
1.8388e-05
7.23604e-05
3.44601e-05
2.35765e-05
3.19276e-05
2.46095e-05
2.46943e-05
1.20087e-05
6.306e-06
3.68192e-05
2.55213e-05
1.00256e-05
2.51382e-05
1.79175e-05
0.000166678
0.000149739
0.00010547
0.000348289
0.000207633
0.000131429
0.000196015
0.000141321
2.15367e-05
1.97268e-05
7.19496e-05
8.39307e-05
2.06122e-05
2.13133e-05
5.71108e-05
4.63003e-05
1.53989e-05
6.00283e-05
1.79331e-05
1.76129e-05
1.64156e-05
3.21876e-05
1.66824e-05
2.74522e-05
2.03983e-05
6.7036e-05
7.89995e-05
5.58487e-05
3.89431e-05
4.91176e-05
6.06107e-05
8.06229e-05
2.05063e-05
4.25379e-05
6.10093e-05
1.89644e-05
2.71464e-05
4.12455e-05
2.60352e-05
4.61347e-05
0.0953565
0.166241
0.0963172
0.04408
0.0902037
0.141723
0.0760758
0.0955095
0.310752
0.35552
0.191885
0.0788364
0.291456
0.34909
0.201853
0.17781
0.0536283
0.0709455
0.0391007
0.0383958
0.0469492
0.0479617
0.0438943
0.0339749
0.0159628
0.010992
0.0179287
0.00632676
0.00914759
0.00730104
0.00686677
0.019926
0.133635
0.0768444
0.0400654
0.0423893
0.090048
0.0782882
0.0512338
0.0455791
0.181361
0.063922
0.168994
0.0847129
0.115957
0.112059
0.115058
0.118705
0.0590238
0.025301
0.0146408
0.0215343
0.040348
0.0285731
0.0197399
0.0192736
0.0535801
0.0207952
0.0354322
0.0888287
0.0452073
0.037535
0.0718636
0.04324
0.021049
0.0144825
0.0180064
0.010149
0.0204773
0.0166484
0.020384
0.0200228
0.0133374
0.0154707
0.0148313
0.0132521
0.0169455
0.0159224
0.0155927
0.0155886
0.0155154
0.0139126
0.0123951
0.0139306
0.0151191
0.0140094
0.0145282
0.0136679
0.00528415
0.00877655
0.00720478
0.00400594
0.010898
0.00880859
0.00628835
0.0101356
0.0191684
0.0185009
0.0158362
0.0129843
0.0161035
0.0175809
0.0117213
0.0138649
0.0163945
0.0134126
0.0152235
0.0174913
0.018034
0.0169635
0.0172745
0.0163997
0.0179258
0.0142917
0.011653
0.0155834
0.0114024
0.0146671
0.0163673
0.0102066
0.0169893
0.0152422
0.012527
0.0148708
0.0160882
0.0151155
0.0158082
0.0142175
7.88895e-06
6.91581e-05
1.11077e-05
7.21105e-05
3.32169e-05
2.20624e-05
4.84193e-05
4.49376e-05
0.000192435
0.000364809
0.000186082
0.000182707
0.000270481
0.000232239
0.000208927
0.000277482
2.52773e-05
9.06729e-05
2.07455e-05
6.1263e-05
4.12215e-05
3.69061e-05
4.99226e-05
5.01772e-05
0.000120606
0.000133452
0.000122369
0.000156251
0.000138904
0.000134338
0.000139821
0.000134156
8.78825e-05
4.51034e-05
8.66284e-05
0.000201577
0.00010543
5.98776e-05
0.000163917
8.46143e-05
7.96445e-05
0.000185602
0.000103608
3.80746e-05
0.000101143
0.000122086
7.78674e-05
0.000113014
4.46386e-05
8.97041e-05
0.000183331
9.72673e-05
6.86362e-05
8.58016e-05
8.91063e-05
0.000100533
4.00428e-05
9.35956e-05
0.000204256
0.000122956
4.61083e-05
8.29852e-05
0.000126308
0.000147215
0.00257629
0.00270884
0.00313535
0.00306587
0.00267975
0.0027212
0.00292062
0.0030453
0.00335276
0.00427931
0.00557622
0.00600754
0.00416845
0.0043771
0.00504562
0.00549971
0.00469276
0.00643031
0.00700398
0.00743372
0.00581618
0.00609763
0.00664627
0.00701788
0.00468318
0.00761024
0.0079043
0.00836509
0.00605753
0.00674635
0.00720184
0.0080015
0.00312303
0.00365713
0.00351778
0.00516808
0.00346846
0.00340098
0.00401367
0.00375021
0.00326017
0.00561205
0.00532951
0.00378607
0.00384889
0.00484228
0.00387352
0.00502261
0.00423185
0.00408196
0.00638379
0.00694105
0.00472602
0.00458615
0.00601958
0.00594862
0.00461305
0.00747186
0.00699442
0.00642956
0.00579092
0.00646755
0.0060203
0.00695127
0.0130802
0.0111953
0.0121874
0.00976281
0.0118941
0.0116626
0.011744
0.0115352
0.00991482
0.00898623
0.00946247
0.00895451
0.00935511
0.00925745
0.00926365
0.00921977
0.0115041
0.010045
0.010825
0.0101688
0.0106293
0.0104486
0.0105931
0.0104654
0.0075212
0.00858235
0.00911824
0.00521866
0.0076748
0.00893117
0.00851466
0.00860685
0.0103976
0.011127
0.0101876
0.00799659
0.0101984
0.0107108
0.0098148
0.0102548
0.010242
0.00925612
0.00974845
0.0108952
0.0101036
0.00960625
0.010405
0.0098559
0.011073
0.0101009
0.00911917
0.00973539
0.0105756
0.00924596
0.00969152
0.00948922
0.0108939
0.0097435
0.0091346
0.00972318
0.0102442
0.00985415
0.00977089
0.00947079
2.67264e-06
4.05305e-06
8.92971e-06
4.74994e-05
1.11018e-05
5.24897e-06
2.54833e-05
1.72464e-05
7.19722e-06
4.59617e-06
1.80806e-05
4.04011e-05
2.30145e-05
1.35412e-05
4.08851e-05
3.7821e-05
1.55256e-05
2.00191e-05
2.08286e-05
0.00010218
3.16887e-05
1.95289e-05
5.11828e-05
5.05237e-05
0.00010871
9.85286e-05
0.000186703
0.000304556
0.000138879
0.000141624
0.000196438
0.0001725
1.53729e-05
1.63353e-05
4.67545e-05
5.28273e-05
3.30866e-05
3.03056e-05
5.22073e-05
5.01955e-05
8.67402e-06
5.54293e-05
2.04588e-05
1.18023e-05
2.66882e-05
3.92145e-05
1.55653e-05
2.8606e-05
3.58753e-05
6.45684e-05
6.58004e-05
9.95077e-05
6.40995e-05
5.92206e-05
7.46119e-05
7.81041e-05
2.60777e-05
9.27291e-05
6.20254e-05
4.91499e-05
4.35778e-05
8.21199e-05
5.02744e-05
6.61316e-05
0.00523355
0.00414383
0.00424643
0.00591679
0.00519676
0.00450439
0.00536328
0.00474047
0.00260688
0.00101438
0.00191903
0.00394474
0.00242253
0.00164058
0.00316555
0.00221492
0.00256225
0.00161861
0.000584782
0.00275423
0.00227988
0.00165514
0.00194601
0.0012398
0.00596557
0.00560945
0.00452439
0.00543443
0.0058454
0.00538366
0.00534728
0.00504263
0.00399902
0.00412306
0.0058497
0.00504888
0.00444675
0.00468648
0.00512289
0.00523688
0.00320182
0.00427386
0.0022631
0.00341982
0.00366465
0.0035889
0.00325075
0.00305186
0.00401779
0.00564601
0.00508801
0.00417698
0.00461167
0.00519587
0.00448814
0.00507557
0.0033042
0.00359837
0.00444688
0.00227172
0.00317046
0.00381835
0.00308603
0.00383098
0.00170407
0.00185214
0.00209956
0.00213591
0.00159323
0.00190818
0.00158792
0.00181956
0.00199605
0.00177448
0.00218072
0.000996217
0.00165544
0.00210362
0.00161472
0.00197019
0.00241625
0.00244794
0.0026288
0.00189512
0.00215392
0.0024349
0.00210023
0.00234025
0.00118253
0.00100592
0.00093779
0.00235268
0.00189613
0.00103344
0.00206808
0.00232107
0.00171591
0.00190889
0.0023919
0.00148153
0.00167743
0.00173907
0.00209393
0.00213203
0.00210189
0.00179052
0.0022771
0.00223096
0.00197147
0.00173712
0.00222973
0.00195148
0.00186248
0.00233491
0.000729036
0.00175778
0.00220573
0.00228953
0.00161366
0.00131808
0.00212836
0.0018581
0.00152334
0.00218368
0.00196064
0.00165404
0.00187378
0.00151569
1.57162e-05
2.12826e-05
4.51812e-05
5.05628e-05
1.57356e-05
1.37971e-05
3.8492e-05
2.50161e-05
2.81793e-05
1.25277e-05
1.77158e-05
5.78236e-05
2.65024e-05
2.23868e-05
4.51079e-05
2.95416e-05
0.000116604
3.8813e-05
0.000471117
0.000572018
0.000112821
0.000105616
0.000405504
0.000315616
0.000125707
0.000124022
0.000479682
0.000176741
0.00012989
0.000155638
0.000424424
0.000231126
2.29219e-05
3.48627e-05
5.89539e-05
5.22523e-05
4.03375e-05
3.69257e-05
7.10047e-05
4.79279e-05
2.21258e-05
6.48092e-05
3.96993e-05
3.53602e-05
3.37798e-05
4.44067e-05
3.78428e-05
4.99962e-05
6.29599e-05
0.000164498
0.000127102
0.00047385
7.8448e-05
7.30399e-05
0.000137442
8.89643e-05
5.61907e-05
0.000300736
7.81121e-05
3.85457e-05
6.61821e-05
9.93107e-05
6.18956e-05
8.61629e-05
0.000471413
0.000521662
0.000400051
0.00124604
0.000508316
0.000434912
0.000546949
0.000477486
0.000463671
0.000409412
0.000329932
0.0013673
0.000711902
0.00038143
0.000800808
0.000489871
0.000365337
0.000331797
0.00038705
0.000946206
0.00046822
0.000358759
0.000509775
0.000418508
0.00190061
0.00137644
0.00112733
0.00160302
0.00177609
0.00149577
0.00138176
0.00128648
0.000592338
0.000457412
0.00147734
0.00155447
0.00066825
0.000560469
0.00134654
0.00129621
0.000412231
0.00131901
0.000335449
0.000367548
0.0005019
0.000658902
0.000378473
0.000515722
0.000497263
0.00153057
0.0013339
0.00114622
0.00111765
0.00134146
0.00113242
0.00143744
0.000430082
0.00109954
0.00131123
0.000400959
0.000523917
0.00106434
0.000564264
0.00108075
5.99471e-06
1.18634e-05
6.70391e-05
7.53031e-05
9.78952e-06
1.47726e-05
4.47761e-05
5.37386e-05
2.06432e-05
3.61737e-05
0.000159544
0.000129487
3.12541e-05
4.06194e-05
9.59055e-05
0.000118258
0.000211424
0.000323713
0.000379111
0.000313743
0.000267302
0.000311838
0.000278381
0.000327818
0.000126678
0.000171385
0.000237317
0.000182362
0.000139972
0.000161649
0.000162452
0.000194069
2.54838e-05
7.62794e-05
7.95159e-05
0.000109903
6.47905e-05
6.34567e-05
9.16752e-05
8.7958e-05
2.72727e-05
0.000127004
0.000155096
8.80917e-05
6.91766e-05
8.32715e-05
8.93646e-05
0.000124758
0.000101298
9.35212e-05
0.00014813
0.000227094
0.000169143
0.000116044
0.000200695
0.000140439
0.000131473
0.000279844
0.000175907
0.000229895
0.000177406
0.000235638
0.000189316
0.000246756
0.00731577
0.0320779
0.0166067
0.0133277
0.0146589
0.0228214
0.0149443
0.0187422
0.0499654
0.0615989
0.0336266
0.0389382
0.0506736
0.0510451
0.0403508
0.0403213
0.0157844
0.0209192
0.0147652
0.0175504
0.0174899
0.0180259
0.0165399
0.0169763
0.0055167
0.0211423
0.0109274
0.00472058
0.0140399
0.0140426
0.0062191
0.0120619
0.0350278
0.018516
0.0161073
0.0296872
0.0292786
0.0208086
0.0276758
0.020618
0.0380505
0.0314115
0.0283592
0.0202692
0.0308872
0.0313765
0.0264244
0.027442
0.0164385
0.0133656
0.0253708
0.016488
0.0149228
0.0170612
0.0187742
0.017469
0.0176382
0.019008
0.0268541
0.0243713
0.0194894
0.020184
0.0238954
0.0245625
2.63525e-06
2.23932e-06
2.49336e-06
4.18434e-05
9.34908e-06
2.45102e-06
1.13142e-05
7.90841e-06
2.35881e-06
2.83094e-06
2.82133e-06
9.36555e-05
2.16167e-05
3.15309e-06
2.28982e-05
7.87952e-06
2.30736e-06
2.87915e-06
2.11878e-06
6.55222e-05
7.81501e-06
2.08104e-06
9.54289e-06
6.27652e-06
6.62309e-05
0.000116634
8.94127e-05
0.000126794
9.73708e-05
0.000101965
9.34217e-05
0.000100493
1.51939e-05
9.18387e-06
5.85613e-05
9.29394e-05
1.83761e-05
1.57347e-05
7.7929e-05
7.33262e-05
2.88339e-06
8.67976e-05
3.36403e-06
2.71861e-06
6.66777e-06
2.45636e-05
2.22431e-06
1.5996e-05
1.27073e-05
5.27449e-05
9.09309e-05
7.12593e-05
5.87954e-05
7.07627e-05
7.51131e-05
8.21002e-05
8.27299e-06
7.438e-05
8.59942e-05
7.8527e-06
1.68511e-05
7.42028e-05
2.22814e-05
7.91061e-05
0.00604843
0.0144156
0.011328
0.013703
0.0114946
0.0122793
0.0120746
0.0126736
0.0153111
0.0135022
0.0146863
0.0162497
0.0156193
0.0148929
0.0158971
0.0150673
0.0121345
0.0139587
0.0116726
0.0133445
0.0132039
0.0129597
0.0125403
0.0124267
0.0159922
0.0178755
0.0155659
0.0186758
0.0172046
0.0169983
0.0168987
0.0162253
0.0154487
0.0132586
0.0150333
0.017169
0.0154667
0.0143481
0.0163886
0.0151477
0.0152288
0.0167035
0.0148376
0.0133694
0.0153405
0.0160492
0.0145062
0.0152512
0.0130453
0.0148095
0.0170657
0.0144502
0.0140543
0.0150202
0.0152779
0.0163859
0.0132311
0.0141658
0.0164428
0.0146575
0.0142823
0.0149798
0.0150815
0.0157386
0.00522785
0.00480575
0.00586051
0.00552704
0.00539301
0.00519508
0.00556585
0.00569017
0.00468848
0.0040582
0.00488468
0.00560371
0.00556476
0.00445051
0.00568654
0.00569991
0.00613025
0.0052322
0.00552281
0.00435961
0.00615234
0.00475147
0.00538627
0.00648701
0.00559762
0.00442548
0.0031192
0.00255433
0.00551012
0.00552238
0.00408651
0.00486035
0.00556848
0.00596777
0.00561571
0.00568091
0.00571441
0.00579052
0.00565889
0.00574683
0.00487822
0.00575568
0.00515392
0.00592476
0.0057972
0.00582597
0.0059523
0.00599401
0.00609261
0.00573448
0.00577318
0.00532769
0.00603561
0.00586361
0.00603854
0.00585993
0.00615241
0.00615523
0.00585916
0.00613342
0.00616809
0.00612094
0.0060995
0.00571953
0.00143276
0.00172941
0.00143112
0.00125326
0.00132043
0.00155089
0.00117494
0.00137449
0.00156228
0.00144229
0.00131286
0.00153227
0.0012964
0.0013245
0.00122849
0.00130532
0.00114584
0.00118647
0.0010516
0.00145102
0.00103557
0.00109151
0.000961917
0.00107077
0.00120664
0.0029427
0.0021214
0.00261293
0.00192822
0.00187091
0.00167277
0.00149151
0.00137927
0.00115648
0.00200744
0.0020736
0.0012334
0.00116643
0.00178438
0.00177848
0.00146445
0.00163589
0.00120503
0.00124146
0.00133511
0.00116704
0.00140224
0.00116844
0.00102871
0.00135091
0.00224348
0.00188773
0.00166269
0.0017543
0.00195241
0.00217356
0.0011269
0.00164041
0.0017166
0.00118117
0.00103313
0.00155866
0.00109066
0.00143927
0.00277506
0.00238713
0.00318153
0.00217737
0.00289103
0.00289163
0.00298346
0.00300543
0.00248831
0.00216067
0.00264177
0.00236074
0.00234642
0.002301
0.00243982
0.00243317
0.00353033
0.00323311
0.00396213
0.00353937
0.00344326
0.00343942
0.00360952
0.00363626
0.0019499
0.00206284
0.0023611
0.00164136
0.00232742
0.0028156
0.00286591
0.00251904
0.00267475
0.00312456
0.00254762
0.0026103
0.00275921
0.00293168
0.00231364
0.0028799
0.00263597
0.00257652
0.002817
0.00311682
0.00274927
0.00263156
0.00293782
0.00283369
0.00325958
0.00296587
0.00269812
0.00321937
0.00303765
0.0029891
0.00311167
0.00288091
0.00328101
0.00324731
0.00269914
0.00297441
0.00318668
0.00311241
0.00296459
0.00292441
0.000316659
0.000422979
0.000223817
0.000648868
0.000450515
0.000347371
0.000448883
0.000389629
0.000386359
0.000231919
0.000316938
0.000373562
0.00031163
0.000248178
0.000265851
0.000236839
0.000712875
0.0006807
0.00113176
0.000892225
0.00059984
0.000601548
0.000962759
0.000986037
0.000768945
0.000623047
0.000759112
0.00071059
0.000581022
0.000515803
0.000664242
0.000543123
0.000550061
0.000208256
0.000659563
0.00041058
0.000442239
0.000495515
0.000608178
0.000559267
0.000316133
0.000340424
0.000221162
0.000225382
0.000340796
0.000319747
0.000253559
0.000204366
0.000474815
0.000673126
0.000540809
0.000798157
0.000388791
0.000621377
0.000412444
0.000587756
0.000521552
0.000780034
0.000511732
0.000543135
0.000594902
0.000457575
0.000407656
0.000785469
0.0112533
0.00883275
0.0107833
0.0094519
0.00637493
0.00820076
0.00795307
0.0147701
0.00692116
0.00385136
0.00679266
0.00476012
0.00259433
0.0033059
0.00318987
0.00336393
0.0131796
0.00911207
0.0142343
0.0108134
0.0152241
0.00976389
0.010931
0.0143683
0.00641798
0.00480114
0.00798576
0.00503076
0.00383871
0.00416348
0.00391586
0.0050259
0.00414245
0.0150973
0.00586364
0.00302002
0.0052253
0.00895481
0.0085795
0.00563251
0.00506171
0.00371322
0.00860327
0.0105017
0.00714309
0.00754904
0.00849566
0.00948503
0.0113105
0.00583032
0.00367685
0.00824819
0.0122834
0.00841412
0.010748
0.0106624
0.0155829
0.00924767
0.00467176
0.00853787
0.00986315
0.00781359
0.00778162
0.00754636
0.00240008
0.00227041
0.0016703
0.00237392
0.00239772
0.00228054
0.00238228
0.00217902
0.0021169
0.00192548
0.00193645
0.00211362
0.00208939
0.00153687
0.00178463
0.00190398
0.00101441
0.00155884
0.000918911
0.000549619
0.00118364
0.000860344
0.000786767
0.000814691
0.00215001
0.00138284
0.0006194
0.00358519
0.0019242
0.000881025
0.00209196
0.00112535
0.00226219
0.00162086
0.00229226
0.00220792
0.00177658
0.00225469
0.00228319
0.00188588
0.00172592
0.00158458
0.00125941
0.00127065
0.00208243
0.00210895
0.00163453
0.00175476
0.0012265
0.00156891
0.00102331
0.000579233
0.00138841
0.00209408
0.000939304
0.00141735
0.00149879
0.00059254
0.00178711
0.0014452
0.00158338
0.00071202
0.00120405
0.00164469
0.00233024
0.00221784
0.00223634
0.00127649
0.00230244
0.0022676
0.00187325
0.0019813
0.00200227
0.00192722
0.00204256
0.00196039
0.00200227
0.00197425
0.00198598
0.00197848
0.00199829
0.00191902
0.00186267
0.00194563
0.00185676
0.00197449
0.00149847
0.00199149
0.00082508
0.00182211
0.00156102
0.00141385
0.00128739
0.00133577
0.00139881
0.00133128
0.00201786
0.00219493
0.00145736
0.00172903
0.00191695
0.00215638
0.0013256
0.00156735
0.00192598
0.00175331
0.00207497
0.0021711
0.00187168
0.0020268
0.00211941
0.00208019
0.00191895
0.00174398
0.00197362
0.00161368
0.00146621
0.00140035
0.00163218
0.00142398
0.00202562
0.00172447
0.00199902
0.00207884
0.00162703
0.00167624
0.00208247
0.00204483
0.0138436
0.0085559
0.00856925
0.0101361
0.0120819
0.0133999
0.0137398
0.00812465
0.00465295
0.00135071
0.00452629
0.00399792
0.00501358
0.00577875
0.00450545
0.00392848
0.00470783
0.00375981
0.00439733
0.00339667
0.00474906
0.00622518
0.00520501
0.00388578
0.00494663
0.00460981
0.00433531
0.00444616
0.00539042
0.00852115
0.00554984
0.00584845
0.00685754
0.00691143
0.00782828
0.00493254
0.0120964
0.00774419
0.00490309
0.0113817
0.0079668
0.00777567
0.00646363
0.00956542
0.00551623
0.00456037
0.00472124
0.00422537
0.00885957
0.0119142
0.00591289
0.00461234
0.00534173
0.00641857
0.00468398
0.00510927
0.00586142
0.00436714
0.00602585
0.00558464
0.00470534
0.00522499
0.00553758
0.00355521
0.000985388
0.00119165
0.0010923
0.00179059
0.00113492
0.00115467
0.00125408
0.00112989
0.00115983
0.000966668
0.000827126
0.00132637
0.000914949
0.000889251
0.000877711
0.000829803
0.00102237
0.000764688
0.000680597
0.00150442
0.000929405
0.00077198
0.000996469
0.000718342
0.00154277
0.00110499
0.0027946
0.00237737
0.00221916
0.00161517
0.00270229
0.00290011
0.00114526
0.00115458
0.00215438
0.00164203
0.00115122
0.00119382
0.00174771
0.00181229
0.00110773
0.00142574
0.000814751
0.00106824
0.00103605
0.00092158
0.00105764
0.000887406
0.00123368
0.00229383
0.00190183
0.00178677
0.00174742
0.00189773
0.00203249
0.0013996
0.00104452
0.00163232
0.00147678
0.0007647
0.000964495
0.00155676
0.000883362
0.0013906
0.000909007
0.000835905
0.00103302
0.00110368
0.000836029
0.000879753
0.00083971
0.000889839
0.00044886
9.84284e-05
0.000162532
0.000846417
0.000492804
0.000165726
0.000522877
0.000305984
0.00138648
0.000404549
0.000872881
0.000925733
0.000930268
0.000665654
0.000936791
0.000740318
0.00121423
0.00101645
0.000827384
0.00141906
0.00112147
0.00093454
0.00133786
0.000876665
0.000682806
0.000866828
0.000942875
0.000981698
0.000682221
0.000733435
0.000986734
0.00100729
0.000634621
0.000715522
0.00031459
0.00111825
0.000701018
0.00058909
0.000956488
0.000675195
0.000894365
0.000867078
0.000713311
0.00101478
0.00110822
0.00113833
0.000923417
0.00110188
0.00111827
0.000882283
0.00102094
0.000478275
0.000796388
0.000935198
0.000678688
0.000668807
0.000782391
0.00118362
0.000825266
0.000651044
0.000731621
0.00110328
0.000580796
0.000869334
0.00175472
0.00235874
0.00197821
0.000942595
0.00129565
0.00224525
0.00133268
0.00154108
0.000836264
0.0010479
0.000394541
0.000759404
0.000796196
0.00126521
0.00114447
0.00048612
0.000494578
0.000677125
0.000653801
8.36623e-05
0.000493191
0.000706739
0.000475616
0.000533694
0.000902258
0.000871965
0.000552057
0.000973961
0.000872012
0.000813491
0.00084978
0.00060565
0.00148959
0.00107842
0.00166162
0.00146028
0.00106822
0.00111674
0.00111825
0.000978881
0.00115023
0.000424314
0.000723315
0.000965
0.000971044
0.000766163
0.000861508
0.000750551
0.000778616
0.000614268
0.00076115
0.000864374
0.000813541
0.0012637
0.00107865
0.000810026
0.000828412
0.000435982
0.00088695
0.00274563
0.001164
0.000914188
0.00187395
0.00124756
0.000220902
0.000384028
0.000388826
0.00112502
0.000494989
0.00040949
0.00076524
0.000651535
0.00079869
0.000446886
0.000772898
0.00183736
0.000972007
0.000684417
0.00134303
0.00091682
0.00448882
0.00256005
0.00277478
0.00626411
0.00438694
0.00290797
0.00441837
0.0030006
0.000614962
0.00110931
0.00289056
0.0016981
0.00103065
0.00134463
0.00163989
0.00201064
0.00035288
0.00118586
0.000399063
0.000783541
0.000547129
0.000721152
0.00040957
0.000565649
0.00157942
0.00318182
0.00190894
0.00242278
0.00211856
0.0022738
0.00205634
0.00214326
0.00105155
0.00187439
0.00137686
0.000563051
0.00112451
0.00162181
0.000897798
0.00130073
1.51921e-05
6.68343e-06
8.79578e-06
5.12943e-05
3.15764e-05
6.66374e-06
3.22376e-05
1.22985e-05
9.78479e-06
5.97967e-06
4.77594e-06
1.35753e-05
1.23284e-05
5.51538e-06
1.35821e-05
8.73105e-06
1.20495e-05
4.22207e-06
4.10724e-06
2.63624e-05
2.21622e-05
5.5997e-06
2.3445e-05
9.97077e-06
7.7059e-05
2.5816e-05
3.57747e-05
5.04469e-05
5.70669e-05
3.23723e-05
5.78114e-05
3.5606e-05
1.3853e-05
1.21868e-05
6.14313e-05
2.35232e-05
1.41323e-05
1.32333e-05
2.58392e-05
3.07204e-05
1.1191e-05
1.74541e-05
6.05547e-06
1.15222e-05
1.42175e-05
1.63986e-05
1.53413e-05
1.71083e-05
1.38667e-05
6.23127e-05
2.37746e-05
3.16344e-05
2.8986e-05
3.64191e-05
3.06587e-05
3.05611e-05
2.29413e-05
2.45854e-05
1.97585e-05
1.11974e-05
2.45471e-05
2.35417e-05
1.85401e-05
1.98291e-05
7.83102e-06
3.86762e-05
3.93784e-05
3.70347e-05
2.43765e-05
3.13229e-05
3.46102e-05
3.54633e-05
0.000134724
0.000312884
0.000271158
0.000222644
0.000183903
0.00029416
0.000203825
0.000281478
6.67956e-05
0.000145661
9.36292e-05
0.000113679
7.61363e-05
9.17432e-05
9.14756e-05
9.4934e-05
9.03855e-05
0.000184632
0.000163999
0.000176896
0.000122983
0.00017293
0.00013773
0.000158982
5.71892e-05
5.03867e-05
5.69558e-05
0.000160238
7.56429e-05
5.05987e-05
0.000104528
6.65644e-05
7.15955e-05
0.000239537
0.00014644
5.7109e-05
7.51547e-05
0.000119951
7.77445e-05
0.000110126
6.07046e-05
7.18821e-05
0.000183737
0.000107799
7.11362e-05
7.05285e-05
9.07883e-05
0.00010136
5.99563e-05
0.00011167
0.000219348
0.000145186
7.24771e-05
0.000114224
0.000137518
0.000224368
0.0027903
0.0034268
0.00316996
0.00324048
0.00314153
0.00326413
0.00315952
0.00331143
0.00393873
0.00446074
0.00470017
0.004572
0.00428116
0.00439697
0.00448977
0.0046593
0.00374068
0.00439863
0.00440208
0.0033855
0.00425544
0.00443581
0.00400532
0.00454048
0.00333538
0.00299032
0.00281447
0.00244131
0.00317617
0.00254645
0.00203355
0.00296537
0.00373495
0.00363038
0.00359194
0.00427794
0.0038675
0.0036633
0.0039407
0.00375931
0.00384421
0.00445303
0.00454655
0.00378782
0.00402498
0.00436046
0.00400428
0.00439688
0.00369805
0.00324675
0.00342947
0.00298042
0.00380028
0.00385943
0.00419159
0.00380229
0.00387902
0.0042483
0.00462781
0.0047356
0.00429822
0.00412118
0.00454955
0.00370934
0.000517006
0.00037815
0.000435441
0.0010423
0.000656867
0.000379847
0.000687009
0.000461515
0.000342879
0.00030972
0.000362137
0.000837202
0.000442718
0.000306053
0.000470091
0.000372585
0.000482855
0.000405807
0.000576873
0.00108405
0.000500166
0.000393302
0.000652004
0.00058833
0.00269564
0.00191609
0.00222216
0.00841481
0.00293465
0.0019338
0.00471321
0.00256803
0.000487657
0.00049701
0.00124514
0.00107844
0.000524591
0.000585825
0.000979955
0.000969161
0.000335851
0.000808256
0.000356255
0.000380689
0.000400294
0.000499963
0.00037961
0.000444984
0.000573074
0.00157542
0.00119618
0.00138859
0.00102872
0.00118235
0.00118113
0.00139262
0.000477292
0.00108581
0.000959687
0.000462459
0.000564077
0.000932019
0.000515431
0.000931242
0.000420075
0.00033423
0.000722724
0.000636709
0.000447093
0.000499095
0.000506927
0.000516293
0.00104215
0.00164584
0.00182222
0.00124975
0.000972359
0.00092077
0.00117826
0.00136328
0.000981497
0.00127198
0.000995976
0.00110089
0.000998717
0.000995178
0.000999803
0.000962059
0.000830189
0.00112143
0.000890722
0.00107287
0.000845346
0.000478261
0.00108443
0.000736559
0.000323333
0.000691943
0.000667762
0.000511637
0.000493889
0.000573529
0.000633692
0.000568171
0.000412381
0.000525919
0.000636078
0.000786041
0.000517435
0.00106217
0.00088087
0.000634297
0.000730155
0.000731163
0.000714412
0.00110937
0.000767343
0.000694047
0.000802723
0.00107474
0.000800568
0.000899487
0.000817078
0.000864369
0.00102807
0.000606589
0.000985116
0.00111149
0.0112469
0.0133207
0.0103061
0.012282
0.0118175
0.0118879
0.0114621
0.0115512
0.0137845
0.0120583
0.0108435
0.0138023
0.0137153
0.0126619
0.0133746
0.0119859
0.0079545
0.00822088
0.00456526
0.00507251
0.00767282
0.00711375
0.00555003
0.00549445
0.0135737
0.0150642
0.00766271
0.0139764
0.0140709
0.0130439
0.0123428
0.0107749
0.013875
0.0106502
0.0129586
0.0149107
0.013677
0.0122809
0.0145222
0.012757
0.0134311
0.0138676
0.0108333
0.0103268
0.0131802
0.0133715
0.0118498
0.0118221
0.00946823
0.0123463
0.0141202
0.00738113
0.0102123
0.0121099
0.0102584
0.0125968
0.00928317
0.00704507
0.0127445
0.00958627
0.00922702
0.00939435
0.0104992
0.011048
0.0105722
0.0105345
0.0113319
0.0112564
0.0108064
0.0108585
0.0111091
0.0111343
0.00990235
0.00870801
0.0104457
0.00937647
0.00952086
0.00947493
0.00978776
0.00964895
0.0118583
0.0115986
0.0115734
0.0128531
0.012055
0.0119368
0.0123839
0.012008
0.0115956
0.0103316
0.0130302
0.0113457
0.0114913
0.0114907
0.0119461
0.012029
0.0104866
0.0115661
0.0113466
0.010427
0.010812
0.0112498
0.0106404
0.0113142
0.0104894
0.0103242
0.0111129
0.011589
0.0107534
0.0105126
0.0112038
0.0111493
0.0119365
0.0117512
0.010811
0.0129045
0.0122619
0.0117662
0.0123963
0.011661
0.0118182
0.0126765
0.0106771
0.0112878
0.0119674
0.0122485
0.0115267
0.0114797
0.0105022
0.0101996
0.00835877
0.00990767
0.0104978
0.00974698
0.00982814
0.00936849
0.0100706
0.0103434
0.00916952
0.00998598
0.010135
0.0098999
0.00980969
0.00967438
0.00727314
0.0080846
0.00572967
0.00533635
0.00763098
0.00767
0.00509071
0.00745518
0.00647412
0.00670162
0.00493567
0.00356655
0.00529001
0.00621722
0.00325526
0.0052327
0.0101912
0.00849428
0.00976603
0.00979808
0.0097446
0.00921901
0.00985552
0.0093769
0.00967521
0.00951356
0.00872436
0.00826724
0.00940145
0.00934371
0.00870352
0.00880113
0.00720084
0.00735961
0.00837594
0.00477836
0.00729989
0.00883433
0.00823137
0.00866845
0.00799804
0.00778215
0.00915047
0.0084968
0.00804728
0.0081652
0.00853295
0.00862426
0.00709767
0.00736084
0.00809688
0.00748051
0.00727762
0.00745717
0.00754802
0.0077764
0.00749133
0.00736923
0.00825903
0.0072427
0.0075878
0.00762486
0.00788564
0.00795948
0.00920916
0.00929564
0.0102837
0.00757502
0.00941327
0.00956525
0.00968901
0.00995901
0.00702757
0.00588828
0.00537697
0.00393506
0.00607649
0.00690027
0.00573897
0.00493215
0.0075198
0.00829161
0.00759339
0.00782314
0.00780179
0.00794883
0.00773356
0.00787586
0.00764551
0.00790407
0.00856416
0.00848299
0.00799267
0.00813185
0.00831458
0.00847419
0.00860418
0.00776317
0.0074745
0.00799517
0.00837233
0.00811141
0.0086653
0.00781892
0.00886075
0.0081359
0.00735944
0.00896256
0.00906501
0.00847129
0.00865445
0.00752327
9.24305e-05
0.000202094
0.000192268
0.000547514
0.000267768
0.000164488
0.00031403
0.000346611
0.000397493
0.000401273
0.000408579
0.000863165
0.000450637
0.000462089
0.000546669
0.000511225
0.000414343
0.000394427
0.000486471
0.000982556
0.000501839
0.000445294
0.000561714
0.0005436
0.00102307
0.00159352
0.00160419
0.0021332
0.000810245
0.0011893
0.00119241
0.000993178
0.000354891
0.000392338
0.000566584
0.000878803
0.000478014
0.000433337
0.000738969
0.000690163
0.00037299
0.000853347
0.00044915
0.000387812
0.00047806
0.00052649
0.00039232
0.000468338
0.000421539
0.000871486
0.00112964
0.00102601
0.000639187
0.000620473
0.000759402
0.00102132
0.00046484
0.000769159
0.000995422
0.000530862
0.000528727
0.000883419
0.00056119
0.00092568
6.88266e-06
0.000175995
1.46444e-05
2.91221e-06
8.68471e-06
2.64738e-05
9.36822e-06
1.0316e-05
0.000626563
0.000297058
0.000511629
0.00013642
0.000426212
0.000475145
0.000289667
0.000417132
2.14951e-05
0.000112122
5.67868e-06
9.3062e-06
1.21269e-05
3.31142e-05
8.46539e-06
9.9685e-06
2.54332e-06
4.46675e-06
1.12299e-05
1.53939e-06
3.82016e-06
1.36291e-05
3.78821e-06
5.35474e-06
0.000154949
1.25559e-05
5.21939e-06
1.38644e-05
4.62944e-05
1.27622e-05
1.93986e-05
1.4566e-05
0.000479537
8.41634e-05
0.000408174
5.68103e-05
0.000224545
0.000194515
0.00026192
0.000186162
9.06501e-06
5.37908e-06
7.20193e-06
5.55995e-06
1.15234e-05
8.16596e-06
7.8835e-06
6.46429e-06
1.65274e-05
1.01875e-05
2.9323e-05
0.000205922
2.10309e-05
1.65526e-05
6.16519e-05
2.8823e-05
0.0102164
0.00902174
0.00774307
0.00993264
0.0098314
0.00917713
0.00947246
0.00844656
0.00687898
0.00417168
0.00377304
0.00404421
0.00548583
0.00470191
0.00448469
0.0040249
0.00435654
0.00316071
0.00267271
0.00274741
0.00357514
0.00320989
0.00300874
0.00287416
0.00948954
0.00497444
0.00308249
0.0092894
0.00822379
0.0054408
0.00680103
0.00447888
0.00806649
0.00655322
0.00938371
0.00613169
0.0073737
0.00740632
0.00749392
0.00758341
0.00723067
0.00450272
0.003953
0.00585817
0.00630315
0.00485761
0.00574508
0.00456678
0.00549747
0.00872124
0.00479947
0.00311613
0.0052144
0.0066858
0.0041951
0.00505943
0.00487806
0.00284958
0.00381194
0.00341153
0.00376005
0.00327767
0.00364536
0.00331647
0.000976766
0.000231659
0.000741652
0.00118928
0.000858578
0.00043008
0.0013026
0.000874207
6.5005e-05
3.69419e-05
0.000113944
0.000124729
0.00011561
8.22505e-05
0.000130651
0.00014084
0.00124373
0.000169119
0.00103706
0.00162396
0.00112441
0.000308056
0.00152415
0.00110204
0.000994184
0.000476174
0.000907882
0.000524277
0.000751781
0.000543065
0.000755749
0.000669384
0.000350588
0.000871474
0.000945175
0.000343048
0.000394785
0.000524329
0.000375417
0.00075893
8.56755e-05
0.000157706
7.08653e-05
0.000299722
0.000191019
0.000156807
0.000164908
0.000184656
0.0014307
0.000993482
0.000371839
0.00108628
0.0012126
0.000949145
0.00120136
0.000833457
0.00106996
0.00138762
0.000209391
0.000164352
0.000662956
0.000700441
0.00035468
0.000347248
0.00460415
0.00501284
0.00449843
0.0048995
0.0048737
0.00475724
0.00508607
0.00434326
0.00413812
0.0034479
0.00135499
0.00169035
0.00189545
0.00145341
0.00145339
0.00134238
0.00313718
0.00160451
0.000445592
0.00131495
0.00243959
0.00150948
0.0018013
0.00113588
0.00296199
0.00208524
0.00137119
0.0012485
0.00427853
0.00313729
0.00279302
0.00271671
0.00291472
0.00403941
0.00374355
0.00314175
0.00242653
0.0047466
0.00319233
0.00279885
0.00229146
0.00180418
0.0014396
0.00333592
0.00206349
0.00351747
0.00382617
0.00207889
0.00433897
0.00323843
0.00216849
0.00282339
0.00431357
0.00262127
0.00303795
0.00336562
0.00314314
0.00253834
0.00197092
0.00177102
0.0030989
0.00232054
0.00178516
0.0021176
0.00979795
0.00696542
0.0074442
0.00896661
0.00875907
0.00757334
0.00891243
0.00758883
0.00510464
0.00316989
0.00525054
0.00255248
0.00381114
0.00505252
0.00240469
0.00492366
0.00596704
0.00523102
0.00487179
0.00515159
0.0055771
0.00520971
0.00564767
0.00512782
0.00499622
0.00135246
0.00319317
0.00280389
0.00577963
0.00280127
0.00377612
0.00352389
0.00632948
0.00679005
0.00770964
0.00517924
0.00481402
0.0068875
0.00607785
0.0068913
0.00593539
0.00277115
0.0055039
0.00610617
0.00583833
0.0037433
0.00584935
0.00555628
0.00693135
0.00640628
0.00261882
0.00445636
0.00663926
0.00684329
0.00602535
0.0035254
0.00607405
0.00560027
0.00330896
0.00537525
0.0057059
0.0053583
0.00399698
0.00312868
0.0282157
0.0576783
0.0531812
0.0411228
0.0365966
0.0551415
0.0428907
0.0602438
0.0645822
0.0462205
0.0659479
0.0818594
0.0706447
0.0701973
0.0796486
0.077487
0.0414595
0.0549154
0.0459532
0.0415566
0.0470745
0.0492831
0.04315
0.0456285
0.0555924
0.0865795
0.0586149
0.069308
0.0695797
0.0812557
0.0737009
0.0808696
0.0658414
0.0582132
0.0526275
0.0798726
0.0710828
0.0679114
0.0739238
0.0699623
0.0689238
0.0832129
0.0629112
0.0540339
0.072051
0.0786961
0.0606924
0.0643761
0.0540626
0.0588588
0.083468
0.0522954
0.0607248
0.0725029
0.0614715
0.0790887
0.0495949
0.0484877
0.0872858
0.0620506
0.0546601
0.0559484
0.0614185
0.067952
0.014786
0.0150421
0.0122037
0.0143663
0.0150534
0.0142089
0.0148352
0.0122452
0.0153015
0.0144522
0.01402
0.0151438
0.0153229
0.0122826
0.0123618
0.0124553
0.00633269
0.00749778
0.00437732
0.00449252
0.00537684
0.00683657
0.00676469
0.00435295
0.00862295
0.00985213
0.00457633
0.00673368
0.00856829
0.0091039
0.00751048
0.00469345
0.0152634
0.00930542
0.0117923
0.0121866
0.0152028
0.0146942
0.0155444
0.0120588
0.0141318
0.0108721
0.00934987
0.00998573
0.0122114
0.0146914
0.0132818
0.00903783
0.0109397
0.0121494
0.00921938
0.00795561
0.00772516
0.00802758
0.00642141
0.00871855
0.00667355
0.00426689
0.00894305
0.00705738
0.00812186
0.00826429
0.00869631
0.00983072
0.000168158
0.000482946
0.000798421
0.000492861
0.000460627
0.000559995
0.000570688
0.000644661
0.000287412
9.09524e-05
0.000438129
0.000187812
0.000232239
0.000218968
0.000248086
0.000219602
0.00119298
0.000995828
0.00142394
0.000942951
0.00113146
0.00118455
0.00116007
0.00120314
0.000335041
0.000182531
0.000440262
0.000207736
0.000203104
0.000178936
0.000226301
0.000127726
0.000473868
0.000871596
0.000345235
0.000292283
0.000499546
0.000652663
0.000412573
0.000442953
0.000474736
0.000291256
0.000671034
0.000938565
0.000494666
0.00037386
0.000769217
0.000643502
0.000927196
0.000456775
0.000290834
0.000695182
0.000796604
0.000340136
0.000680283
0.000468784
0.000997449
0.000638603
0.000193523
0.000698156
0.000891124
0.000702049
0.000675251
0.000305566
0.00378547
0.00485191
0.00380132
0.00398454
0.0044831
0.00446274
0.00396812
0.00390075
0.00520619
0.00276014
0.00217719
0.00304227
0.0033355
0.00439625
0.0018424
0.00193211
0.00341465
0.00382311
0.0030261
0.00277274
0.00308092
0.00319231
0.00286013
0.00286591
0.00127814
0.00145091
0.00123829
0.00128356
0.00168756
0.00224547
0.0013525
0.00105765
0.00316044
0.00366322
0.00341431
0.00291878
0.00188272
0.00385262
0.00193565
0.00279629
0.00316922
0.00275935
0.00405608
0.00376072
0.00220464
0.00368954
0.0042501
0.00373787
0.00336425
0.00241525
0.00145541
0.00180645
0.00343765
0.00245725
0.00257408
0.00177901
0.00340055
0.00201623
0.00131099
0.00310387
0.00321977
0.00336687
0.00280001
0.00177433
0.00259687
0.00741406
0.0047367
0.00722374
0.00422202
0.004894
0.00560086
0.00614901
0.0121334
0.0132387
0.0154983
0.0171278
0.01456
0.014686
0.0168176
0.0160721
0.00742281
0.0144334
0.00840278
0.0119928
0.0113495
0.0116467
0.0102303
0.0106605
0.013965
0.0201419
0.0164031
0.0167599
0.0161379
0.0218075
0.0204514
0.0206705
0.0104911
0.00806097
0.0105252
0.0184603
0.0121154
0.00987472
0.013671
0.011394
0.0113456
0.0186217
0.015169
0.00861426
0.0129168
0.0169387
0.0117035
0.0153086
0.00764152
0.0118159
0.0203635
0.0146189
0.00867438
0.0131181
0.0143458
0.0199006
0.00929168
0.0148614
0.0197513
0.0157615
0.0142188
0.016075
0.0163534
0.017958
0.000925611
0.00114385
0.00142543
0.00133378
0.000710935
0.000547055
0.000545779
0.000978599
0.00201853
0.00284291
0.00250931
0.00307632
0.00258944
0.00245439
0.00275567
0.00270293
0.00229719
0.00219137
0.00249282
0.00265519
0.0023564
0.00208855
0.00248546
0.00252715
0.00112143
0.000991646
0.00174343
0.00127863
0.00172343
0.00105818
0.00133479
0.00139725
0.00138755
0.00159175
0.00117748
0.00134128
0.00102101
0.00120369
0.00145673
0.000896349
0.00205532
0.0020848
0.00203138
0.00219721
0.00211713
0.0023453
0.00205556
0.0023054
0.00151123
0.0016665
0.00136178
0.00158752
0.00120655
0.00101909
0.00129457
0.00122594
0.00234855
0.00271549
0.00299216
0.00230645
0.00243647
0.00198916
0.00243731
0.00291682
0.000494943
0.000864204
0.000835677
0.00102613
0.000567627
0.000705325
0.000988828
0.000899543
0.00117363
0.00114013
0.00132356
0.00112693
0.0011515
0.00121261
0.00108758
0.00116404
0.00133639
0.0015649
0.00208529
0.00332622
0.00178248
0.00180402
0.00304534
0.0022535
0.0013753
0.00111817
0.00249638
0.00118008
0.0013791
0.00148339
0.00153338
0.0015938
0.000875065
0.000991324
0.00100352
0.00104858
0.000904449
0.00089866
0.000962427
0.00104228
0.00101466
0.00108331
0.00124347
0.00103375
0.00096745
0.00096295
0.0010726
0.00109713
0.00195008
0.00152712
0.00129258
0.00285707
0.00213661
0.0014665
0.00207858
0.00148853
0.00155055
0.00260602
0.00126432
0.0013828
0.00163756
0.00198536
0.00147105
0.00170593
0.00171439
0.00159285
0.0053625
0.00534968
0.00294077
0.00284628
0.00422
0.00367335
0.00106115
0.000755726
0.00176001
0.00166519
0.00115996
0.000992862
0.00158911
0.0013945
0.0095162
0.00581251
0.0111405
0.0129156
0.00888854
0.00819417
0.012067
0.0103212
0.0110529
0.00668757
0.0138806
0.0145876
0.0114972
0.00988393
0.0144115
0.0119363
0.00173355
0.00599694
0.00572767
0.00286949
0.0032323
0.00460846
0.00325422
0.00575657
0.00153748
0.00270447
0.00283875
0.0058801
0.00271448
0.00242111
0.00383542
0.00319467
0.00935718
0.00869916
0.00567174
0.0135759
0.0103868
0.00727566
0.00970586
0.00787295
0.00804072
0.0110535
0.00461818
0.00439949
0.00730847
0.00868744
0.00540619
0.00594987
0.0147063
0.0156812
0.015969
0.0105507
0.015542
0.0158243
0.0154743
0.0161342
0.0156166
0.0156219
0.0135216
0.0131625
0.0158969
0.0160836
0.0155748
0.016941
0.0142525
0.0123127
0.0151175
0.0071606
0.01585
0.0110527
0.0108289
0.0124033
0.0070682
0.00939102
0.00479327
0.00432187
0.0114202
0.0119162
0.00985095
0.00954674
0.0158916
0.0167529
0.0155179
0.0163412
0.0164001
0.0158854
0.0142379
0.0138899
0.0159872
0.0141009
0.0139408
0.0147406
0.0166134
0.0163926
0.017045
0.017451
0.0149289
0.012088
0.0117908
0.0106846
0.0116614
0.0152799
0.014566
0.0114911
0.0169492
0.0110959
0.0120309
0.0154733
0.0156059
0.0123035
0.0131768
0.0119629
5.41687e-06
6.8457e-06
1.54678e-05
5.55956e-06
9.11425e-06
7.5519e-06
7.19347e-06
1.28548e-05
3.94218e-06
1.43393e-06
1.74246e-06
3.39195e-06
6.7357e-06
2.93596e-06
4.3022e-06
3.01317e-06
8.70387e-06
1.58577e-06
2.01851e-06
2.68415e-06
7.11407e-06
3.20514e-06
5.32497e-06
2.82821e-06
4.01033e-06
4.55464e-06
5.71341e-06
6.48477e-06
3.71219e-06
4.85352e-06
5.80556e-06
3.58914e-06
5.63849e-06
1.56124e-05
5.32666e-06
8.87172e-06
1.13488e-05
1.34143e-05
9.72513e-06
1.1994e-05
4.3065e-06
6.62575e-06
3.46137e-06
8.9987e-06
8.75454e-06
5.73862e-06
6.91303e-06
8.75007e-06
1.56338e-05
5.01998e-06
8.91152e-06
9.08193e-06
1.03966e-05
8.24342e-06
9.69587e-06
7.3043e-06
1.12194e-05
3.82708e-06
8.23636e-06
2.91065e-06
6.08056e-06
6.7422e-06
6.10585e-06
3.59527e-06
0.304794
0.302007
0.279051
0.194034
0.291227
0.312211
0.248632
0.275814
0.230562
0.124031
0.210623
0.123398
0.20063
0.185032
0.162627
0.172083
0.272318
0.351821
0.422624
0.23832
0.314559
0.365465
0.322458
0.395299
0.076196
0.0718934
0.07018
0.0423508
0.0671694
0.0697219
0.046742
0.054068
0.243921
0.273758
0.168861
0.119087
0.22722
0.255714
0.179501
0.19278
0.234028
0.116164
0.222841
0.317024
0.233593
0.173242
0.297273
0.227945
0.218245
0.114663
0.0992444
0.14535
0.124666
0.140642
0.149208
0.117152
0.277046
0.205302
0.100382
0.218143
0.278493
0.192702
0.235594
0.178964
0.000844218
0.00136005
0.00233042
0.00165854
0.00112265
0.00139787
0.00160292
0.00185901
0.00169765
0.00184821
0.00264915
0.00179594
0.00178948
0.0019765
0.00203882
0.00221134
0.00375492
0.00365571
0.00475831
0.00385637
0.0037874
0.00396012
0.0041352
0.00427036
0.00141513
0.00105281
0.0022408
0.000384137
0.000973889
0.00147327
0.00117904
0.00152443
0.00152004
0.00254014
0.0017285
0.00172156
0.00191119
0.00203021
0.00176527
0.00194248
0.00177403
0.00194508
0.00287856
0.00281333
0.0021322
0.00218983
0.00264076
0.00268406
0.00300027
0.00197204
0.0018595
0.00295158
0.0028728
0.0022309
0.00275861
0.00212078
0.00322569
0.00319918
0.00211367
0.00316663
0.0032558
0.00299108
0.00300372
0.00271015
0.00294332
0.00459019
0.00389825
0.00337344
0.00360241
0.00385623
0.00347842
0.00420611
0.00740894
0.0117531
0.00884138
0.0189523
0.0107163
0.00998603
0.012219
0.0124224
0.00436951
0.00568581
0.00369885
0.00794134
0.00514451
0.00474788
0.00571489
0.00573831
0.00463944
0.0127749
0.00826698
0.00376634
0.00708093
0.00949183
0.00545221
0.00885943
0.00623022
0.00477295
0.00525469
0.0128403
0.00731324
0.00500137
0.00782899
0.00576981
0.00586964
0.0139222
0.00735308
0.00440364
0.00789976
0.0110362
0.00558528
0.00768738
0.00520468
0.00516376
0.0130534
0.00851485
0.00586946
0.00617845
0.00851357
0.00913104
0.00561171
0.00947603
0.0146135
0.00878236
0.00723184
0.008804
0.00865344
0.0119556
0.0038708
0.00406748
0.00722123
0.00495178
0.00394711
0.00471136
0.00559609
0.00547225
0.00301328
0.00252555
0.00290747
0.00238007
0.00246842
0.00262703
0.00260066
0.00264834
0.0067785
0.00407004
0.00311912
0.00264384
0.00504288
0.00395007
0.00290101
0.00375139
0.00311944
0.00215738
0.0023292
0.00113137
0.00270278
0.00289323
0.00141992
0.00249328
0.00365464
0.00630646
0.00448697
0.00303887
0.00417456
0.00524068
0.00360368
0.00449255
0.00376316
0.00310503
0.0039511
0.00636566
0.00411215
0.00349722
0.00476269
0.00390152
0.00597364
0.00428711
0.00291879
0.00221655
0.00490769
0.00439027
0.00403931
0.00361658
0.00617151
0.00358383
0.00301451
0.00384599
0.00465187
0.00403906
0.00376938
0.0033499
0.008998
0.0103845
0.00928161
0.00887051
0.00950578
0.00976707
0.00941019
0.00966196
0.0119911
0.0136886
0.0126369
0.0095834
0.012682
0.0130125
0.0117583
0.0129519
0.00957181
0.0113508
0.00997845
0.0102759
0.0102563
0.0105566
0.0101313
0.0104241
0.00566137
0.00597204
0.0075599
0.00388881
0.00731638
0.00614639
0.00474965
0.00773347
0.0110151
0.00989293
0.00938143
0.00863214
0.0109507
0.00982343
0.0099169
0.00920576
0.0113366
0.00940962
0.0118947
0.0101888
0.0112824
0.00984487
0.0109524
0.011572
0.00973064
0.00797914
0.00891512
0.010115
0.00983707
0.0100706
0.0103258
0.00733694
0.010018
0.0105262
0.0117478
0.011738
0.0104501
0.0102868
0.0114254
0.0104455
0.0007559
0.000680033
0.000901785
0.00045798
0.00117116
0.00125093
0.000542384
0.00137197
0.000634542
0.000368456
0.000592118
0.00066191
0.0010014
0.000843758
0.000307075
0.000572042
0.000941178
0.000699223
0.000643664
0.000396489
0.000932122
0.000865451
0.000324763
0.000637762
0.000302546
0.000580071
0.000237248
0.000263949
0.00035686
0.000574959
0.000161717
0.000279321
0.00102617
0.0013582
0.000629474
0.000427341
0.000867393
0.0013191
0.000581386
0.000645862
0.00110501
0.000486152
0.000954862
0.00109865
0.00140993
0.000996676
0.000705204
0.00144732
0.000553982
0.000592896
0.000411829
0.000439935
0.000560205
0.000504313
0.000599886
0.00073877
0.00133312
0.000595411
0.000863059
0.000867692
0.00100958
0.000939136
0.000402297
0.000457956
0.00703139
0.00812495
0.00722586
0.00681141
0.0072294
0.00766661
0.00697694
0.00735107
0.00909268
0.00960815
0.00854467
0.00883528
0.00920714
0.00929433
0.00892087
0.00895054
0.00712886
0.00740033
0.00624511
0.00679879
0.00718378
0.00710754
0.00683666
0.00671539
0.006533
0.00757586
0.00665375
0.00607748
0.00668688
0.00712766
0.00636998
0.0067531
0.00830683
0.00739893
0.00699641
0.00807176
0.00804085
0.00758339
0.00790209
0.00743558
0.00867342
0.00841149
0.00822797
0.00770804
0.00834263
0.00852647
0.00812625
0.00821981
0.00711789
0.00673984
0.00776857
0.00682258
0.00700593
0.00711074
0.00713898
0.00732292
0.00737448
0.00705348
0.00805067
0.00785001
0.0075235
0.00743213
0.00789456
0.00783348
0.000674465
0.000485451
0.00134425
0.00261241
0.00091706
0.000677251
0.0018365
0.00138529
0.000158561
5.95015e-05
0.000616849
0.00128112
0.000390447
0.000186295
0.000934504
0.000635679
0.00154842
0.00125805
0.000893582
0.00312358
0.00176925
0.00143826
0.00189683
0.00156062
0.0040628
0.00319396
0.00459628
0.00489002
0.00405024
0.00373037
0.00469356
0.00435067
0.000677157
0.00163376
0.00274857
0.00204222
0.00138276
0.00167421
0.00191979
0.00236398
0.000408736
0.00166541
0.000858646
0.00126429
0.00100729
0.0011981
0.0010087
0.0012186
0.00235929
0.00356418
0.00278714
0.0039948
0.00329007
0.00313388
0.00339936
0.00327347
0.00187224
0.00351272
0.00237714
0.00146165
0.00216854
0.00297713
0.00193079
0.00249718
0.000228661
7.43372e-05
1.03699e-05
0.000334035
0.000185106
7.99666e-05
0.000170394
8.92515e-05
3.68883e-05
1.28875e-05
7.15368e-06
0.000143491
3.9696e-05
1.37419e-05
3.98102e-05
2.81942e-05
6.76581e-06
5.69845e-06
6.79513e-06
0.000160237
1.31933e-05
6.55599e-06
4.86326e-05
2.15413e-05
0.000395951
0.000285955
0.000326708
0.000355012
0.000376913
0.000324369
0.000429714
0.000325123
7.72267e-05
1.12727e-05
0.000296181
0.0001948
6.94436e-05
8.92458e-05
0.000221648
0.000228602
3.37052e-05
0.000144787
7.85743e-06
6.46613e-06
4.32205e-05
3.49049e-05
5.90848e-06
1.66772e-05
6.80189e-05
0.000320243
0.00019364
0.000219467
0.000191189
0.000241059
0.000172089
0.000230487
2.65856e-05
0.000162934
0.000142978
2.68799e-05
3.21718e-05
0.000151057
3.23298e-05
0.00014008
3.25616e-05
6.33087e-05
0.000192503
4.52276e-05
8.00233e-05
9.43024e-05
9.44626e-05
8.322e-05
0.000193992
0.000934526
0.000970202
0.000621621
0.000379931
0.000622724
0.000462071
0.000535659
0.000362474
0.00114146
0.000658066
0.000597781
0.000642926
0.00076562
0.000677997
0.00058584
6.98898e-05
0.000276703
0.000186182
0.000208319
0.000133746
0.000303036
0.000127576
0.000198644
0.000182105
0.000365981
9.68037e-05
0.00027444
0.000191154
0.000362651
0.000112345
0.000175696
0.000236277
0.000588027
0.000693646
0.000473718
0.0002536
0.000675571
0.00038633
0.000590686
0.000328664
0.000106129
0.000364936
0.000335261
0.000173709
0.000146314
0.000298288
0.000273185
0.000511138
0.000541823
0.000529668
0.000834673
0.000716861
0.000672541
0.000757247
0.00057119
0.000514682
0.000532098
0.000206611
0.00109953
0.00039407
0.000327527
0.000421108
0.000367697
0.00192211
0.00178685
0.00113014
0.00146228
0.00137623
0.00104217
0.00145245
0.00164268
0.000397345
0.000868821
0.000497044
0.000423517
0.000393213
0.000358478
0.000379888
0.000789037
0.00102532
0.00305152
0.00075133
0.00128307
0.00134847
0.00106006
0.00163513
0.00233616
0.000849442
0.000628247
0.00104723
0.00178434
0.00131021
0.0017182
0.00176416
0.000760924
0.000598678
0.001432
0.000568554
0.000662324
0.000993873
0.0021153
0.00120421
0.000740612
0.00116517
0.00198578
0.00194336
0.00113852
0.000840891
0.00116644
0.00144354
0.00304614
0.000916771
0.00157835
0.00257964
0.00115224
0.00123228
0.00115583
0.00106852
0.00127941
0.0174813
0.0300489
0.0143243
0.00567007
0.0208414
0.0205579
0.0140646
0.0155358
0.0380266
0.0226109
0.0157153
0.0273768
0.0335212
0.0254372
0.0278862
0.0242337
0.00941967
0.00983187
0.00446336
0.0067717
0.00836635
0.00906089
0.0070116
0.00721374
0.00495702
0.0149261
0.00781568
0.00710784
0.00797752
0.00831774
0.00545928
0.00802895
0.0291585
0.0133813
0.00682615
0.0194886
0.0235
0.0150386
0.020216
0.00626884
0.0326727
0.0219103
0.0169249
0.0157957
0.0244748
0.0225441
0.0211999
0.0180946
0.0100677
0.00494614
0.0157921
0.00815812
0.00912844
0.00513459
0.00949944
0.0104118
0.0103741
0.00820021
0.0162775
0.0156443
0.00943217
0.0101848
0.0152469
0.0132322
0.0114251
0.00858121
0.0119367
0.010214
0.0105602
0.0100844
0.0107947
0.010355
0.00666535
0.00523009
0.00767463
0.00630446
0.00629017
0.00606696
0.00656332
0.00647609
0.0119087
0.00799046
0.00350618
0.00410226
0.0091734
0.00891309
0.0060346
0.00450948
0.00454975
0.00463669
0.00249857
0.00151775
0.00344708
0.00443617
0.00292815
0.0028505
0.00799756
0.0104676
0.00731309
0.00580887
0.00823377
0.00944932
0.00784805
0.00877879
0.00771001
0.00695847
0.00848422
0.0103796
0.00797055
0.00742818
0.00916695
0.00825567
0.0102405
0.00732224
0.00533865
0.00552568
0.00906952
0.00855743
0.00732042
0.0071619
0.0101598
0.00458652
0.00631441
0.00794389
0.00873104
0.00757331
0.00814786
0.0072362
1.59443e-05
1.68914e-05
2.19773e-05
4.77557e-05
1.93094e-05
1.34282e-05
2.4689e-05
2.24506e-05
1.04345e-05
5.74586e-06
1.59673e-05
3.43057e-05
9.62324e-06
8.53904e-06
1.34412e-05
1.28667e-05
2.06819e-05
2.54614e-05
4.55584e-06
3.7236e-05
2.89497e-05
1.79208e-05
2.85565e-05
2.23645e-05
0.000141254
0.000154285
9.86634e-05
0.000389006
0.000153607
0.000141165
0.000173387
0.000159183
1.61594e-05
2.87023e-05
4.84458e-05
4.5605e-05
2.04088e-05
2.54367e-05
4.18836e-05
4.37217e-05
1.44799e-05
3.91039e-05
1.90036e-05
2.18886e-05
1.90297e-05
1.70977e-05
2.09183e-05
2.03031e-05
3.4167e-05
5.60308e-05
6.07897e-05
5.31853e-05
4.49639e-05
5.16282e-05
4.4958e-05
5.48096e-05
3.02465e-05
5.06651e-05
5.70142e-05
2.20701e-05
2.69781e-05
4.08733e-05
2.27536e-05
3.70117e-05
0.0769867
0.0893146
0.107757
0.0447395
0.0864947
0.107812
0.0697178
0.0843768
0.0563578
0.0411311
0.0567733
0.0403893
0.0514803
0.0532043
0.0499689
0.049569
0.0914957
0.0681008
0.0797614
0.0461456
0.0714195
0.0782477
0.0609942
0.0647817
0.0123362
0.0187765
0.0280167
0.00526807
0.01374
0.0165478
0.0112702
0.0162819
0.0691981
0.0810769
0.0402535
0.0404568
0.0608672
0.0698186
0.0427297
0.0469019
0.0678989
0.0441088
0.0650414
0.0873827
0.06171
0.0562095
0.0711057
0.0615969
0.0680246
0.0353696
0.0330119
0.0380348
0.0485465
0.0418369
0.0419046
0.0388694
0.0733038
0.0415428
0.0419256
0.0578953
0.062558
0.0455102
0.0568836
0.0449543
0.000639934
0.000512609
0.00137396
0.00127821
0.000727404
0.000626701
0.00114354
0.00103126
0.000578511
0.000703819
0.00126468
0.0011796
0.000701651
0.000783285
0.00107266
0.00121082
0.00436803
0.00296722
0.0090801
0.00958502
0.00460676
0.00458634
0.00785349
0.00726866
0.00465024
0.00291702
0.0095648
0.0114916
0.00493172
0.00437657
0.0102681
0.0078398
0.000599343
0.00152399
0.00148033
0.00121912
0.000982562
0.00115831
0.00110424
0.00145977
0.00063877
0.0012779
0.00137398
0.00153997
0.000976514
0.00108397
0.00102587
0.001134
0.00342563
0.00361151
0.00214321
0.00821691
0.00419181
0.00309531
0.00440614
0.00342873
0.00330546
0.00754528
0.00202523
0.00217492
0.00355919
0.00424243
0.00203124
0.00269542
0.00903278
0.00728412
0.00695952
0.00691022
0.00783027
0.00743977
0.0072399
0.0070207
0.00672225
0.0067075
0.00640687
0.0063805
0.00658899
0.00655268
0.00640823
0.00644719
0.0057139
0.00580291
0.00482352
0.00528819
0.0054859
0.00548311
0.00522475
0.00519053
0.00427199
0.00591574
0.00456363
0.00257382
0.00380412
0.00576793
0.00534833
0.00383359
0.00680691
0.00631306
0.00552455
0.00622757
0.0064653
0.00643352
0.00635219
0.00627858
0.0066433
0.00623895
0.00621905
0.00617067
0.00640539
0.00628898
0.00625075
0.00618345
0.00596754
0.00598493
0.00603146
0.00559772
0.00588261
0.00471735
0.00558211
0.00587498
0.00586862
0.0052174
0.00609655
0.00603329
0.00571626
0.00575376
0.00598325
0.00599796
0.00966183
0.00764133
0.00707147
0.00896156
0.00910405
0.00776083
0.00862426
0.00756529
0.00692045
0.00539831
0.00638688
0.00428794
0.00410471
0.00661927
0.0050743
0.00438094
0.00378707
0.00563096
0.00222046
0.00159945
0.0056107
0.0055604
0.00501848
0.00244831
0.00638143
0.00336778
0.00137852
0.0027103
0.00354643
0.00443066
0.00541881
0.00199069
0.00595604
0.00673103
0.00828824
0.0049603
0.00707087
0.00722398
0.00645464
0.00739114
0.00681912
0.0056483
0.00620596
0.00630107
0.00669532
0.00655456
0.00641114
0.00630015
0.00627758
0.007508
0.00437211
0.00497189
0.00517019
0.00682065
0.00483812
0.00412536
0.0060374
0.0018919
0.00349789
0.00303406
0.00445543
0.00538545
0.00606988
0.00396238
0.000844773
0.000714883
0.000660498
0.000476701
0.000592588
0.00120804
0.000392923
0.000741292
0.000646258
0.000494726
0.000868224
0.000875752
0.000742561
0.0011613
0.00063826
0.00149458
0.000735328
0.00068488
0.000732721
0.000362628
0.00096482
0.000908481
0.000948899
0.00105205
0.000310229
0.000686184
0.000298606
0.00029049
0.000342516
0.00091265
0.00027411
0.000558861
0.000795588
0.00110963
0.000821659
0.000445686
0.000673745
0.000648202
0.000439756
0.00126507
0.00104742
0.00129786
0.000865268
0.000990032
0.00112513
0.000641858
0.000584904
0.00165555
0.000965804
0.000473777
0.000417774
0.000828221
0.000363401
0.001254
0.000898861
0.00116646
0.000829665
0.000823473
0.00115487
0.000941574
0.00167058
0.00121762
0.0016603
0.000533773
0.00153095
0.00192458
0.00172645
0.00130165
0.00121001
0.00190652
0.00147326
0.00182713
0.00214044
0.00167194
0.00184693
0.00084499
0.00122951
0.00188905
0.00123244
0.00134044
0.00110608
0.00119629
0.0012479
0.00111669
0.00136651
0.00153085
0.00134193
0.00112826
0.000817118
0.000548397
0.000805152
0.000443412
0.000954345
0.000961957
0.000676981
0.000895699
0.00108949
0.00184582
0.000936474
0.000963024
0.00136097
0.0018561
0.000973244
0.00107574
0.00222857
0.00122291
0.00251955
0.00212823
0.00237258
0.00236706
0.00235076
0.00234068
0.00159938
0.00111299
0.000956097
0.0010302
0.00118512
0.00142144
0.00137731
0.00133533
0.00177217
0.00123679
0.00131894
0.00125615
0.00180844
0.0016564
0.00118845
0.000900145
2.47236e-05
0.000408007
0.000285871
0.00117712
0.000243465
0.000193633
0.000426729
0.000234011
0.000670824
0.000588899
0.00115391
0.00148385
0.000814612
0.000752499
0.0012431
0.001153
0.000219541
0.00114585
0.000311036
0.0010334
0.000947932
0.000798964
0.000973347
0.000929237
0.00323445
0.00279655
0.00224948
0.00609557
0.00376596
0.00367633
0.00448779
0.0044704
0.000775212
0.00081458
0.00175267
0.00176866
0.00118131
0.00104584
0.00156218
0.00173861
0.000756218
0.00178725
0.00121
0.00074839
0.00104637
0.00118867
0.000898619
0.00125604
0.000727666
0.00231157
0.00280858
0.00254008
0.00148702
0.00227428
0.00245009
0.00217033
0.000672064
0.00248734
0.0025857
0.00154638
0.0014224
0.00227013
0.0017667
0.00241466
0.00108534
0.000827049
0.000712508
0.00408075
0.00194183
0.000884794
0.00256916
0.00132379
0.000764735
0.000573853
0.000475752
0.00123431
0.000702837
0.000495957
0.000714266
0.000557864
0.000420246
0.00049584
0.000515657
0.00105079
0.00059054
0.000465262
0.00072391
0.000628694
0.00729768
0.0039322
0.00273448
0.00831609
0.00652811
0.00422273
0.00627189
0.00430552
0.00114112
0.00103718
0.00432084
0.00222807
0.00142183
0.00156756
0.00249912
0.00275746
0.000669201
0.00127686
0.000470993
0.000536304
0.000718624
0.000741894
0.000495527
0.000579233
0.00132572
0.00483714
0.00236302
0.0020171
0.00208223
0.00301688
0.00188633
0.00274486
0.000656858
0.00125219
0.00132338
0.000560887
0.000708833
0.00111978
0.000655632
0.000907749
0.0138034
0.00967367
0.0170989
0.0117697
0.0138412
0.0158088
0.0135273
0.0153469
0.00619106
0.00619696
0.00848265
0.00649133
0.00507038
0.00939425
0.00410786
0.0105665
0.0206836
0.0132941
0.0229991
0.0170457
0.0199119
0.0225683
0.019481
0.0213777
0.00937084
0.00659597
0.0113538
0.00292248
0.00675113
0.00380408
0.00503918
0.00608232
0.0144835
0.0166335
0.0111161
0.00448535
0.0141983
0.0146405
0.00689944
0.0123505
0.0119659
0.00908739
0.0122422
0.0191875
0.0139457
0.00975432
0.0123634
0.0149089
0.0162679
0.0109929
0.00361701
0.0130818
0.0141831
0.0121726
0.0131717
0.0106524
0.0185774
0.0145954
0.0106869
0.0140867
0.0175116
0.0147276
0.0133608
0.0139313
0.00304332
0.00252757
0.00402553
0.00408153
0.00453824
0.00417426
0.00441817
0.00435346
0.00181561
0.00124763
0.00127493
0.0023105
0.00272942
0.00206627
0.00257439
0.0022406
0.0028668
0.00169408
0.00395386
0.00307059
0.00352649
0.00335266
0.00347006
0.00352051
0.00252014
0.0016903
0.00195229
0.000470821
0.00181001
0.00188701
0.00140027
0.00157516
0.00369253
0.00404198
0.00348364
0.00255027
0.00348475
0.00378564
0.00312999
0.00337515
0.00301095
0.00248704
0.00200906
0.00362355
0.00335307
0.002793
0.00226094
0.00290945
0.00384916
0.00314614
0.0022882
0.00255181
0.00335918
0.00312864
0.00277169
0.00248608
0.00379368
0.00264656
0.0023126
0.00261202
0.00313424
0.0027534
0.00279817
0.0025231
0.00185645
0.00179
0.00189382
0.00188826
0.00183676
0.00181941
0.00187393
0.00185904
0.00181759
0.00134018
0.00121855
0.00172284
0.00181374
0.0018075
0.00182204
0.0017896
0.00170156
0.00112535
0.00147694
0.000996069
0.00174469
0.00170333
0.0013573
0.00144048
0.00145579
0.00142999
0.000935127
0.000879249
0.00128278
0.00119307
0.00105952
0.0013444
0.00179407
0.00187988
0.00163702
0.00183435
0.00183546
0.00186142
0.00183885
0.00152617
0.00182302
0.00163558
0.00179351
0.00187443
0.00184338
0.00183592
0.00185859
0.00183102
0.00180094
0.00152141
0.00160891
0.00122213
0.0014327
0.00175677
0.00164306
0.00151364
0.00186064
0.00127423
0.00174748
0.00151184
0.00147303
0.00131239
0.00145087
0.00118736
0.000750561
0.0011487
0.000668552
0.000343746
0.000671661
0.000821205
0.000643497
0.000790587
0.00156221
0.00220973
0.00158524
0.000842128
0.00169838
0.00194499
0.00148417
0.00171772
0.000529277
0.000982985
0.000652432
0.000350241
0.000666752
0.000844431
0.000620548
0.000733286
0.000314232
0.000644103
0.000267587
0.000133208
0.000324097
0.000595535
0.000291852
0.000370787
0.00119617
0.000703688
0.000354372
0.000568996
0.00100462
0.000786293
0.000626821
0.000732105
0.00138831
0.00108862
0.00133348
0.000844181
0.00116932
0.00118514
0.000999075
0.00107196
0.000634775
0.000447605
0.000675822
0.000506655
0.000369849
0.000521963
0.000599099
0.000634499
0.00071605
0.000462152
0.000769735
0.00103214
0.000715899
0.000693319
0.000915817
0.000749205
0.00127851
0.00191435
0.00152861
0.000880001
0.00156449
0.00175225
0.000799607
0.00172556
0.00223276
0.00203901
0.00203901
0.00112742
0.00228284
0.00208966
0.00204035
0.00142344
0.00135582
0.0014615
0.00128537
0.00080089
0.00110179
0.00159485
0.0010551
0.000853575
0.000770291
0.0016612
0.000626819
0.000426586
0.00153529
0.00124713
0.000593067
0.000803473
0.00205129
0.0017603
0.00173714
0.00210732
0.00204228
0.00188952
0.00202701
0.00158149
0.00212955
0.00188393
0.00198199
0.00178188
0.00210047
0.0019772
0.00198766
0.00201792
0.000882589
0.000756074
0.00205949
0.000922072
0.00081383
0.00171834
0.00130132
0.00186817
0.00181083
0.000908268
0.00106063
0.00135815
0.00187896
0.00153612
0.00195774
0.00081273
1.11583e-06
1.47316e-06
1.34164e-06
1.49837e-05
5.85171e-06
1.97052e-06
7.94547e-06
9.23483e-06
2.01568e-06
2.91473e-06
2.18173e-06
4.1808e-05
8.76447e-06
3.50921e-06
1.57889e-05
1.58429e-05
1.40381e-06
1.70507e-06
1.28917e-06
2.86681e-05
8.3941e-06
1.75849e-06
1.48466e-05
5.58037e-06
2.60098e-05
3.97765e-05
3.81075e-05
5.02455e-05
3.21423e-05
3.85405e-05
3.95252e-05
4.10706e-05
6.30435e-06
8.45493e-06
2.50004e-05
3.30922e-05
1.06273e-05
8.85394e-06
2.73442e-05
2.58669e-05
2.4718e-06
3.86081e-05
2.94877e-06
2.49356e-06
1.28161e-05
8.66326e-06
1.78991e-06
7.84283e-06
1.27041e-05
2.43963e-05
3.62285e-05
3.20189e-05
2.2943e-05
2.68599e-05
3.49028e-05
3.48511e-05
1.38798e-05
3.27535e-05
3.7997e-05
1.36288e-05
1.10652e-05
3.41784e-05
1.14901e-05
3.56641e-05
0.00154121
0.00123295
0.00108849
0.0010906
0.00133528
0.000856091
0.00130855
0.00124346
0.00132383
0.00119777
0.000847158
0.0012327
0.00135105
0.00114837
0.00128128
0.00112142
0.000530922
0.000443321
9.60649e-05
0.000340139
0.000516361
0.000395287
0.000431494
0.000344726
0.000830534
0.000857182
0.000511676
0.000501436
0.000777727
0.000690893
0.000661534
0.000574802
0.00138718
0.000901037
0.00103849
0.000986143
0.00105956
0.00115432
0.00146467
0.00113929
0.00107893
0.00119697
0.000783154
0.000900948
0.00123744
0.00122528
0.000967812
0.000966706
0.000977368
0.00103082
0.000758876
0.000826519
0.000839388
0.000922321
0.000841688
0.00083535
0.000844359
0.000521625
0.0011443
0.000739601
0.00079345
0.00086256
0.000879753
0.00095088
0.000621427
8.89003e-05
0.000316871
0.000212478
0.000371739
0.000128971
0.000387496
0.000185995
0.000117571
4.79351e-05
7.95342e-05
0.000105544
0.000115446
8.63615e-05
0.00010638
6.65538e-05
0.000190915
5.59548e-05
0.0001907
0.000224198
0.000233873
7.17778e-05
0.000188828
0.000119728
0.00016795
9.31445e-05
0.000245016
0.000135687
0.000238085
0.000189399
0.000316372
0.000186082
9.84793e-05
0.000290983
0.000233057
0.000122537
0.000154388
0.000276861
0.00010455
0.000174101
7.0777e-05
7.66741e-05
7.27965e-05
8.15251e-05
7.00078e-05
8.9273e-05
6.7909e-05
8.72751e-05
0.00022249
0.000285085
0.000109047
0.000397821
0.000251708
0.000185606
0.000209217
0.0001903
0.000159133
0.000166285
7.54165e-05
7.91783e-05
0.000167748
0.000144123
0.000124478
0.000106875
0.000780794
0.0018257
0.000960468
0.00128766
0.00122241
0.0012297
0.000539137
0.0005191
0.0022285
0.00277839
0.00109843
0.00236128
0.00228269
0.00229999
0.00219599
0.00214282
0.00260896
0.000604069
0.00121124
0.00200618
0.00180529
0.00226974
0.00170541
0.00178606
0.00129801
0.00178895
0.00189895
0.00228405
0.00176169
0.00150038
0.00173351
0.00177262
0.00170598
0.000446527
0.00055467
0.00168009
0.00142169
0.000521813
0.00166656
0.000387898
0.00172029
0.00142022
0.00118547
0.000536017
0.00134544
0.00198449
0.00137356
0.000891439
0.00108465
0.00121588
0.000959216
0.0018016
0.00147965
0.00117918
0.00354398
0.00109458
0.00122402
0.00206136
0.00118464
0.00127345
0.00117122
0.00342301
0.00098257
0.000979883
0.00537723
0.00432747
0.00515614
0.00588473
0.00530727
0.00489159
0.00565721
0.00518369
0.00261723
0.000543787
0.00162654
0.00273868
0.00202236
0.00130508
0.00233719
0.00160954
0.00463758
0.00306272
0.00398867
0.00467389
0.00432865
0.00377137
0.00451465
0.00400065
0.00576779
0.00443322
0.00502129
0.00526659
0.00536151
0.00495012
0.00535859
0.00500592
0.00401706
0.00492625
0.00559292
0.00418127
0.00434826
0.00491818
0.00457632
0.00514577
0.00344018
0.00353994
0.00263444
0.00445144
0.00374284
0.00321313
0.00381111
0.00332325
0.00510792
0.00571654
0.00437402
0.005042
0.00525807
0.0052939
0.00496649
0.00492444
0.00466569
0.00466029
0.00381602
0.00293272
0.00429933
0.00450243
0.00362025
0.00386259
2.82839e-05
2.91377e-05
3.98124e-05
7.79619e-05
3.22212e-05
2.60688e-05
3.18582e-05
3.55766e-05
2.63741e-05
1.61541e-05
2.04845e-05
8.00943e-05
5.40716e-05
2.42495e-05
5.53841e-05
5.23685e-05
2.02098e-05
1.7465e-05
2.1861e-05
7.27596e-05
4.88256e-05
3.57484e-05
3.67437e-05
4.37295e-05
0.000174691
0.00027008
0.00018039
0.000365126
0.000165113
0.000148728
0.000192571
0.00016402
4.67382e-05
4.45678e-05
5.69309e-05
8.90328e-05
4.13256e-05
4.70207e-05
9.04697e-05
5.54903e-05
2.84214e-05
4.62771e-05
3.82451e-05
4.05951e-05
4.71484e-05
5.1936e-05
2.88448e-05
4.92374e-05
3.38205e-05
8.7659e-05
7.59419e-05
9.79865e-05
7.65466e-05
8.37615e-05
6.49436e-05
0.000107482
2.9185e-05
0.000101084
0.000126475
4.70854e-05
5.01887e-05
6.30443e-05
4.52923e-05
0.000105961
0.00017274
0.000141936
0.000105321
5.13991e-05
0.000138136
0.0001437
0.000106838
0.000109644
0.000206875
0.00057074
0.000157976
0.000101091
0.000216217
0.000239909
0.000115317
0.000117109
0.000136825
0.000148543
0.000163101
0.00015842
0.000165974
0.000154642
0.000109528
0.00016337
6.8466e-05
0.000113638
8.05576e-05
5.11857e-05
0.000112972
9.11636e-05
7.87597e-05
8.28196e-05
0.000210823
0.000143684
0.000115092
9.76395e-05
0.000115072
0.000130139
7.7943e-05
8.15788e-05
0.000188135
8.05975e-05
0.000120579
0.000142331
0.000146302
0.000132949
0.000152207
0.000151134
0.000112364
7.71861e-05
6.97607e-05
7.50476e-05
0.00013323
0.000126908
0.000119772
0.000149866
0.000139416
0.000141894
6.47361e-05
9.70488e-05
0.000165555
0.000102964
9.57124e-05
8.47884e-05
8.42877e-05
0.000227317
0.000214281
0.000954057
0.000236352
0.000211557
0.000260465
0.000255927
0.000259908
0.000258489
0.000278448
0.00161088
0.000372396
0.000264597
0.000495203
0.000404942
0.000283956
0.000322974
0.000354082
0.00080839
0.000360621
0.000327912
0.000397796
0.000391745
0.00328767
0.0037136
0.00341056
0.00465605
0.00383918
0.00357248
0.00414632
0.00394301
0.000311438
0.000300034
0.00166024
0.00202572
0.000365763
0.000329394
0.00130474
0.00122239
0.000257535
0.00152563
0.0002989
0.000267046
0.000334236
0.000433178
0.000271931
0.000372797
0.000340227
0.00207277
0.00250479
0.00206977
0.00104245
0.00154454
0.00165636
0.00223938
0.000330782
0.00148681
0.00191559
0.000387813
0.000387873
0.00121074
0.000455854
0.00127036
0.0488851
0.00979509
0.0878824
0.021466
0.0361293
0.0279817
0.040406
0.0565462
0.00397322
0.0182158
0.203106
0.0339347
0.0209707
0.0447982
0.0917956
0.167742
0.205067
0.199913
0.121234
0.171035
0.131312
0.169983
0.295169
0.209958
0.00975809
0.00898043
0.0252295
0.0119587
0.0103235
0.0115087
0.016054
0.0133204
0.00607427
0.0875455
0.0175063
0.0233492
0.0185504
0.0342771
0.0080713
0.0171032
0.00862161
0.0462452
0.135855
0.0445535
0.00749743
0.0591615
0.0233019
0.0322737
0.096491
0.0186383
0.0199013
0.0377843
0.0388702
0.0209525
0.0467602
0.0205347
0.113372
0.107372
0.0639373
0.154381
0.0658764
0.0878184
0.112259
0.103298
6.78588e-05
7.2945e-05
6.90121e-05
0.000331388
0.000234141
0.000165528
0.00024976
0.000211802
5.01233e-05
3.49522e-05
9.87841e-05
0.000245577
0.000190651
4.78205e-05
0.000120268
7.08875e-05
6.66852e-05
0.000121594
9.85861e-05
0.000108664
0.000171952
0.000101681
0.000182482
0.000142753
0.000312345
0.000359983
0.000278228
0.000298668
0.000410071
0.000261954
0.000325619
0.000243269
0.000218654
0.000201538
0.000322072
0.000428215
0.000229729
0.000218191
0.000348159
0.000351956
0.000128386
0.000171208
6.69027e-05
0.000125635
0.00017551
0.000197882
7.54678e-05
0.000159184
0.000215629
0.000320808
0.000268928
0.000154514
0.000306613
0.000264325
0.00021228
0.000474964
0.000176408
0.000122775
0.000189108
7.56557e-05
0.000192586
0.000259048
0.000127827
0.000319363
0.00287411
0.00263513
0.00225334
0.000953856
0.00270323
0.00276672
0.0018725
0.00176923
0.00216493
0.000831161
0.0017629
0.000741444
0.00125385
0.00114338
0.000753307
0.000730502
0.00191001
0.00170985
0.000471631
0.000419336
0.00169756
0.00180777
0.000636255
0.000624849
0.000543058
0.000684373
0.00101361
0.000850423
0.000644701
0.000545488
0.000890471
0.000986018
0.00234149
0.0021603
0.000890743
0.000629724
0.0013178
0.00134187
0.000971446
0.00122187
0.00240214
0.000479756
0.00190577
0.00227658
0.00121929
0.000716592
0.00220999
0.00181178
0.00130352
0.000851048
0.000446345
0.000541169
0.0011191
0.000529525
0.000587531
0.00073489
0.00136551
0.00038079
0.000666617
0.00102434
0.00109011
0.000590264
0.00100762
0.000999757
0.00332438
0.00394241
0.00425586
0.00388389
0.00337521
0.00389565
0.00343825
0.00391957
0.00404505
0.00339325
0.00389284
0.00478484
0.00419187
0.00378909
0.00428636
0.00395465
0.00488383
0.00379486
0.00352851
0.00340253
0.00381106
0.00376057
0.00332518
0.0035111
0.00218007
0.00454878
0.00423658
0.00235798
0.00425636
0.00452282
0.00254277
0.0039336
0.00393781
0.0040088
0.00419922
0.00461936
0.00386593
0.00394051
0.00424105
0.00426822
0.00426525
0.00444416
0.00397633
0.00452263
0.00436405
0.00422922
0.00465401
0.00418438
0.00379667
0.00414493
0.00455135
0.00370319
0.00422938
0.00443555
0.00396239
0.0037572
0.00450386
0.00382915
0.0044611
0.00377725
0.00394332
0.00391065
0.00384629
0.00399575
0.00129412
0.00164577
0.00210584
0.000863141
0.00150373
0.00146925
0.00175112
0.0018061
0.00323819
0.00146927
0.000741142
0.00234737
0.00527051
0.00229136
0.00221551
0.00472498
0.00242347
0.00137154
0.00263713
0.00133726
0.00230323
0.00232467
0.00232943
0.00232261
0.0031168
0.00332914
0.00167604
0.00434424
0.00168884
0.0036053
0.00107503
0.00119737
0.00218616
0.00202179
0.000774136
0.00358218
0.00177763
0.00192909
0.00194115
0.00195519
0.000997228
0.00262548
0.00148004
0.00202365
0.00273502
0.00141521
0.00125218
0.00224122
0.00209428
0.000524192
0.00216563
0.00253768
0.00222622
0.000615681
0.00272665
0.00210116
0.00213354
0.00316035
0.00329167
0.00279916
0.00216634
0.00274588
0.00285937
0.00121317
1.34737e-05
1.80536e-05
2.06326e-05
6.19027e-05
4.48873e-05
2.8813e-05
5.66293e-05
5.78832e-05
1.96404e-05
1.45583e-05
3.08885e-05
0.000106209
5.13359e-05
3.00226e-05
6.48194e-05
6.79717e-05
2.52549e-05
3.55122e-05
4.23381e-05
0.000121716
5.37308e-05
4.3601e-05
6.57033e-05
6.29009e-05
0.000147414
0.000316467
0.00026688
0.000469801
0.000181401
0.000182595
0.000263479
0.000226816
4.88064e-05
5.26327e-05
0.000117749
0.000136685
6.0982e-05
6.23286e-05
0.000118665
8.90813e-05
3.02105e-05
7.26253e-05
3.6629e-05
4.56913e-05
6.22298e-05
5.79327e-05
3.05153e-05
4.53038e-05
6.47734e-05
0.000125711
0.000171929
0.000164428
8.76235e-05
0.000107831
0.000127604
0.000178398
6.48547e-05
0.00011915
7.54216e-05
6.61678e-05
6.91404e-05
0.000129496
6.70447e-05
0.00013591
0.00069313
0.000131159
0.000609833
0.000163219
0.000175566
0.000140671
0.000127913
0.000130243
0.000139431
0.000163538
9.3165e-05
0.000160913
0.000157294
0.000163242
0.00016366
0.000144943
0.000581823
0.000126795
0.000574367
0.000111792
0.000142331
0.000175175
9.49298e-05
0.000241047
8.37402e-05
0.000140411
0.000100055
5.33697e-05
0.000128909
0.00014639
0.000121205
0.000146092
0.00014921
0.000135174
0.000161129
0.00015392
0.000101765
8.40628e-05
9.44081e-05
9.91199e-05
0.000142458
0.000156742
0.000132949
0.000114626
9.95098e-05
0.00011646
0.000116638
0.000113334
8.31181e-05
8.30717e-05
0.000110492
0.000115721
0.000126395
7.84817e-05
0.000109315
9.24881e-05
9.67644e-05
8.06742e-05
9.70288e-05
0.000137843
7.07669e-05
9.891e-05
8.16307e-05
9.8354e-05
0.00316096
0.00865023
0.0116104
0.0108944
0.00763694
0.00929594
0.0102203
0.0140973
0.0130884
0.0164928
0.039105
0.0257848
0.0229993
0.0266203
0.0280446
0.0348822
0.0172164
0.0336955
0.0294945
0.0325548
0.025308
0.0244295
0.0241587
0.0300458
0.0216641
0.0337322
0.0493252
0.0394878
0.0377618
0.0483108
0.0444728
0.0622731
0.0158843
0.0180837
0.0188252
0.0309921
0.0188562
0.021982
0.01847
0.024343
0.0185611
0.0382017
0.0363036
0.0186035
0.025088
0.0348892
0.0233321
0.0345807
0.0208175
0.0215719
0.0368837
0.0397805
0.0278561
0.0330087
0.0398563
0.0433327
0.0217558
0.0421124
0.0493175
0.0413514
0.0338439
0.0420364
0.0414752
0.049752
4.8907e-06
2.97416e-05
0.000195032
1.24692e-06
3.0598e-06
4.13753e-05
5.06284e-06
3.91533e-05
0.000100274
0.000104312
0.000578349
4.56756e-06
8.40656e-05
0.000184338
5.1204e-05
0.000141768
0.00063501
0.00073843
0.000223618
0.00010786
0.00057881
0.000789772
0.000336661
0.000360983
1.15266e-06
1.24389e-06
5.88473e-06
1.66341e-06
9.66519e-07
1.82133e-06
1.62804e-06
2.72456e-06
2.51214e-05
0.000134652
1.08332e-06
1.34647e-06
2.75871e-05
3.01598e-05
2.52521e-06
6.39942e-06
0.000139762
1.53042e-05
0.000645825
0.000467844
0.000117266
5.91109e-05
0.000461122
0.000321298
0.000110804
2.98835e-06
3.22531e-06
7.91053e-06
3.82203e-05
7.59654e-06
1.83024e-05
4.05793e-06
0.000369953
4.14601e-05
8.39395e-06
0.000478871
0.000231394
6.55856e-05
0.000306864
5.54997e-05
0.000305386
0.000444463
0.000247009
0.00299351
0.000466103
0.000444526
0.000780574
0.000794315
0.000584974
0.013161
0.00266194
0.0162686
0.00301373
0.00140057
0.00721941
0.00778255
0.000295219
0.00181419
0.0063289
0.00298461
0.000770159
0.0031345
0.00148912
0.00722223
0.00309538
0.0063542
0.00342748
0.0067427
0.00344155
0.00366491
0.00321883
0.00512034
0.000648226
0.000535149
0.00377963
0.00817811
0.00163702
0.00105817
0.00299467
0.00171175
0.000402825
0.00829277
0.000482787
0.000401703
0.0008684
0.00299828
0.000393563
0.000558157
0.00169513
0.00248858
0.00725485
0.0018944
0.00202491
0.00414245
0.00420429
0.00579781
0.000681767
0.00537075
0.0121531
0.0013899
0.001551
0.0035085
0.00125954
0.00513723
5.78923e-05
0.000107639
0.000214417
0.000645757
0.000204549
0.000183722
0.00025784
0.000236184
0.000126553
0.000101265
0.000132121
0.00142018
0.000321697
0.000218286
0.000403787
0.000261003
0.000242321
0.00015885
0.000124148
0.00163466
0.000376062
0.000232707
0.000443994
0.000278089
0.00327119
0.00349762
0.00371104
0.00455129
0.0037121
0.00351045
0.00411176
0.00394759
0.000264646
0.000290813
0.00154766
0.00183666
0.000336883
0.000308694
0.00100214
0.00134229
0.000207348
0.00156811
0.000226586
0.000228171
0.000259712
0.000372077
0.000217429
0.000350289
0.000348813
0.00210154
0.00246466
0.00260788
0.00129761
0.00179911
0.0019269
0.00235093
0.000285279
0.00227031
0.00212825
0.000278776
0.000410949
0.00163009
0.000444274
0.00157586
8.49949e-05
5.59134e-05
0.000121111
0.000384625
0.000220647
0.000152112
0.000239468
0.000226869
4.87637e-05
3.37834e-05
5.70503e-05
0.000180192
0.000163884
8.5871e-05
0.000176229
0.00017258
0.00014549
9.11046e-05
0.000215975
0.00034444
0.00026043
0.000164854
0.000303865
0.00023323
0.000418591
0.000360737
0.00049843
0.000491654
0.000783066
0.000417804
0.000727589
0.000842043
0.000178858
0.000244734
0.000663954
0.000435225
0.000191481
0.00024204
0.000254211
0.000409039
0.00010511
0.000242485
0.000131972
0.000193121
0.00018532
0.000195371
6.81081e-05
0.000195852
0.000281837
0.00073233
0.000362027
0.000746238
0.000728348
0.00070434
0.000753393
0.000627942
0.000244572
0.000423615
0.000463828
0.000199576
0.000266471
0.000694635
0.000217947
0.000420633
2.03348e-05
4.06903e-05
3.59635e-05
0.000100551
6.83225e-05
3.09679e-05
6.61815e-05
7.74446e-05
4.96509e-05
3.51419e-05
2.69851e-05
0.000153565
0.000114508
3.0583e-05
0.000109113
7.80551e-05
3.03769e-05
2.33368e-05
2.12403e-05
0.00010225
7.63464e-05
2.14703e-05
7.11725e-05
5.28691e-05
0.000227021
0.000248452
0.000185892
0.000385978
0.000270016
0.000236509
0.000262429
0.000219069
0.000108374
9.13638e-05
0.000116864
0.000158038
0.000104152
9.56033e-05
0.000122064
0.000115738
3.78028e-05
0.000144308
2.32964e-05
2.93652e-05
8.89297e-05
9.99367e-05
3.87609e-05
9.04895e-05
8.79906e-05
0.000114974
0.000157583
0.000116611
0.000102636
0.000107932
0.000120617
0.000139145
7.31563e-05
0.000108829
0.000130701
6.24692e-05
8.35462e-05
0.000112276
9.11668e-05
0.000116832
0.0029707
0.00357525
0.0035312
0.00166603
0.00261677
0.00333363
0.00260007
0.00333383
0.0018206
0.0015203
0.00351029
0.00135345
0.00114065
0.00162332
0.00090398
0.00176762
0.00382948
0.00321663
0.00349772
0.00262501
0.00339331
0.00323345
0.00333516
0.00320509
0.00103058
0.00102843
0.00222041
0.00505395
0.00307263
0.00392715
0.00309973
0.00395859
0.00323443
0.00311495
0.00199465
0.00183809
0.00374564
0.00323902
0.00123963
0.00397441
0.00291236
0.00264458
0.00348581
0.00362405
0.00328136
0.00395554
0.00371337
0.00365772
0.00303192
0.00211833
0.00227457
0.00233958
0.00299839
0.00400313
0.00275974
0.00462198
0.00361017
0.00259176
0.00276508
0.00342641
0.00349036
0.00193112
0.00365532
0.00287761
3.76785e-06
8.00961e-05
4.19074e-06
0.000113997
2.77886e-05
1.17608e-05
2.23469e-05
2.1196e-05
0.000466304
0.000473262
3.33621e-05
0.000675575
0.000486006
0.000462414
0.00028873
0.000266678
7.24453e-06
8.91761e-06
6.60886e-06
5.49975e-05
1.7907e-05
8.13366e-06
3.06867e-05
2.02743e-05
0.000200467
0.000595122
0.000159584
0.000300538
0.000386953
0.000365979
0.000281551
0.000189802
0.000302498
1.05061e-05
0.000258506
0.00055895
0.000122769
4.26423e-05
0.000475623
0.000241027
0.000379894
0.000503195
1.57399e-05
4.99328e-06
0.000178237
0.000208774
1.28707e-05
3.371e-05
2.25692e-05
0.000155909
0.000277921
8.17402e-05
7.95608e-05
0.000151143
8.83869e-05
0.000188265
2.07582e-05
8.04528e-05
0.000267315
2.28395e-05
2.39702e-05
8.86081e-05
2.80327e-05
0.00010435
2.26829e-05
1.53993e-05
2.85448e-05
7.51096e-05
4.16327e-05
2.38004e-05
4.04401e-05
4.796e-05
1.57173e-05
1.38018e-05
2.40594e-05
5.65131e-05
4.14884e-05
1.79072e-05
5.88232e-05
4.10902e-05
3.61574e-05
2.90851e-05
2.39932e-05
8.97014e-05
4.67986e-05
2.29057e-05
4.84743e-05
4.70514e-05
0.000189353
0.000172931
0.000219689
0.000525179
0.000219668
0.000232133
0.000296196
0.000232495
4.55315e-05
4.85978e-05
9.39788e-05
0.000112606
5.30601e-05
3.94859e-05
0.000106477
7.30997e-05
2.79989e-05
6.19977e-05
2.4259e-05
2.9575e-05
5.44444e-05
5.89869e-05
2.16276e-05
4.71101e-05
5.16714e-05
0.000114789
0.00011285
0.000126789
0.000104883
6.94978e-05
0.000122583
0.000101286
4.99428e-05
9.70781e-05
6.49518e-05
4.92597e-05
5.63486e-05
9.08891e-05
5.49076e-05
9.08611e-05
0.000814018
0.000879747
0.00184916
0.00154449
0.000403076
0.000618753
0.000660075
0.00152977
0.00125808
0.0017625
0.00166706
0.00178401
0.00153636
0.00157569
0.0016334
0.00171702
0.00201145
0.001766
0.00266271
0.00190643
0.00190148
0.00195304
0.00204478
0.00221605
0.00178245
0.00172997
0.00179912
0.00186923
0.00171708
0.00167672
0.00176435
0.00177169
0.00134824
0.00186398
0.00164732
0.00162982
0.00145013
0.00160353
0.00150508
0.00159159
0.00133519
0.00164741
0.00159859
0.00185586
0.00147157
0.0015809
0.00162246
0.00157617
0.0018698
0.00172206
0.00165581
0.00170836
0.0017367
0.00166923
0.00164083
0.00162287
0.00184657
0.00178497
0.00170939
0.00171986
0.00175548
0.0016584
0.00164737
0.001684
0.0523767
0.0349846
0.0310033
0.0373213
0.0431257
0.0360583
0.0384936
0.0342839
0.0317036
0.0253562
0.0234412
0.0201334
0.0287861
0.0264526
0.027089
0.0252264
0.0211174
0.0194959
0.0156119
0.0147571
0.0204388
0.0190139
0.0189544
0.0178338
0.02211
0.0130167
0.0116349
0.00760699
0.0143562
0.0132178
0.00995516
0.0077271
0.0327351
0.028145
0.0322329
0.0280515
0.0308483
0.0304607
0.0308262
0.0305408
0.0309617
0.0251734
0.023239
0.0253974
0.0292754
0.0271055
0.0258759
0.0249472
0.0258739
0.028475
0.024097
0.0209827
0.0258256
0.027555
0.0236553
0.0246478
0.0240319
0.0186557
0.0178137
0.0218589
0.0225118
0.0225821
0.0232223
0.0172368
0.00195268
0.00190165
0.00210275
0.0136192
0.00551808
0.00197406
0.00997098
0.00567172
0.00201841
0.00214063
0.0023824
0.0135703
0.00573919
0.00230944
0.0100367
0.00559639
0.00230617
0.00254504
0.00285511
0.0144391
0.00718299
0.00280231
0.00965644
0.00644109
0.0152815
0.0152578
0.0163483
0.0140132
0.0153433
0.0156049
0.0154344
0.0159619
0.00609248
0.00555864
0.0145303
0.0146266
0.0105955
0.00987443
0.0138437
0.0139757
0.00218817
0.0139071
0.00257469
0.00233667
0.00583884
0.00968555
0.00217705
0.00628268
0.0102215
0.0151184
0.0151424
0.016023
0.0139722
0.0148292
0.0152704
0.0153685
0.00651348
0.0152657
0.0147565
0.00629356
0.0105367
0.0144994
0.0109341
0.0141544
0.00395811
0.00320739
0.00349569
0.00351305
0.00360903
0.00341873
0.00357379
0.00340262
0.00260585
0.00211767
0.00225698
0.00233776
0.0023777
0.00223832
0.0023474
0.00223616
0.00301436
0.00233291
0.00258631
0.00255834
0.00266938
0.00248318
0.00262468
0.00248038
0.00314218
0.00258983
0.00268023
0.00262638
0.00221997
0.00272836
0.00283351
0.00254855
0.00293032
0.00315771
0.00321525
0.00263819
0.00289482
0.00311399
0.00287536
0.003055
0.00276589
0.00247857
0.00236157
0.00295938
0.00274102
0.00251133
0.00276809
0.00251123
0.00311104
0.00317802
0.00259874
0.00271419
0.00306832
0.00302817
0.00277211
0.00276936
0.00293196
0.00254977
0.0024582
0.00233214
0.00264822
0.00259372
0.00246163
0.00243718
0.00207447
0.00242784
0.00170747
0.0022834
0.00256027
0.00206252
0.0025127
0.00290397
0.00278738
0.00269801
0.00454168
0.00411887
0.00437975
0.00320588
0.00426795
0.00450868
0.00339118
0.00424936
0.00379428
0.00303404
0.00356404
0.00392017
0.00334263
0.00374722
0.00155237
0.00260385
0.00182783
0.000513183
0.00151442
0.00216683
0.000838626
0.00105681
0.00359175
0.00314148
0.00234988
0.00332127
0.00344258
0.00308628
0.00319139
0.00283346
0.00310567
0.00377038
0.00432674
0.00353193
0.00383475
0.00399179
0.00388036
0.00403524
0.00289176
0.00198046
0.00302313
0.00236524
0.00259222
0.00253133
0.00271176
0.00261566
0.003355
0.00294751
0.00353687
0.00421137
0.00352332
0.00321775
0.00387241
0.00361704
0.000413066
0.000397645
0.000499445
0.00188489
0.00110829
0.000483452
0.0015375
0.00139467
0.000316413
0.000340293
0.000232743
0.00311741
0.001026
0.000340823
0.00177978
0.001559
0.000220322
0.00016006
0.000102398
0.00178843
0.000608923
0.000149915
0.000862124
0.000872493
0.00242244
0.0047704
0.00246896
0.00319517
0.00441845
0.00322443
0.00349759
0.00567849
0.00107763
0.000793009
0.00476813
0.00278933
0.00161303
0.00149916
0.00201531
0.00384328
0.000487264
0.00226184
0.000218782
0.000337299
0.00131987
0.00162114
0.000328845
0.000786343
0.00133022
0.0035813
0.00217353
0.00202628
0.00256334
0.00330036
0.00371333
0.00441793
0.00089414
0.00398767
0.0041956
0.00122255
0.00126085
0.00160769
0.00138501
0.00239979
0.000155035
0.000104491
0.00014181
0.000780583
0.00034359
0.000293005
0.00036649
0.000325268
6.80519e-05
3.30153e-05
5.60147e-05
0.000235668
0.00013949
5.05047e-05
0.000112975
6.80199e-05
0.000113547
5.82881e-05
6.23534e-05
0.000287784
0.000265188
9.60622e-05
0.000252724
0.00017101
0.00151589
0.000752003
0.00085823
0.00232404
0.00145486
0.000818389
0.00116893
0.00124023
0.000246764
0.000310023
0.000817445
0.000592157
0.000219066
0.000306516
0.000463539
0.000629497
0.000152849
0.000442447
8.19064e-05
0.000185266
0.000225134
0.000154379
6.82787e-05
0.000214837
0.000309449
0.000831061
0.000432922
0.000525441
0.000515435
0.00074285
0.000707276
0.000604656
0.000284675
0.000345318
0.000499054
0.000191956
0.000217551
0.000399391
0.000174238
0.000276859
0.0790393
0.215627
0.143444
0.114659
0.161972
0.178933
0.145847
0.154825
0.284064
0.30285
0.231116
0.196373
0.280726
0.276394
0.228161
0.242397
0.124897
0.156879
0.108165
0.087032
0.119731
0.136921
0.103047
0.109875
0.0723784
0.0866559
0.069672
0.0521521
0.0733787
0.0821764
0.0633702
0.0667738
0.214046
0.136093
0.106093
0.159249
0.173716
0.1399
0.157642
0.121006
0.220322
0.16811
0.183462
0.156301
0.189477
0.182223
0.178822
0.165543
0.118254
0.0878615
0.118633
0.0806742
0.0950489
0.0959628
0.0903351
0.0914332
0.128424
0.0852789
0.129837
0.154192
0.121255
0.105149
0.141357
0.120428
1.62823e-06
2.1424e-06
1.70304e-06
1.03186e-05
2.49418e-06
1.25922e-06
4.55407e-06
2.7965e-06
2.0203e-06
1.38161e-06
1.25939e-06
5.44575e-06
3.58331e-06
1.24398e-06
4.06149e-06
2.87441e-06
1.66324e-06
1.23295e-06
1.97137e-06
3.69652e-06
2.24644e-06
1.11165e-06
3.01054e-06
2.10372e-06
1.70507e-05
8.67074e-06
1.04421e-05
5.61216e-06
8.53646e-06
7.47392e-06
7.16354e-06
6.48605e-06
3.93659e-06
2.40298e-06
1.38153e-05
1.23918e-05
4.55498e-06
3.13496e-06
1.52119e-05
8.51108e-06
1.25895e-06
5.65474e-06
1.11019e-06
1.30336e-06
3.20741e-06
4.7522e-06
1.61207e-06
2.58034e-06
4.75335e-06
9.17813e-06
1.10153e-05
5.52901e-06
5.13698e-06
6.29013e-06
9.7023e-06
8.31097e-06
3.7142e-06
5.81595e-06
8.09155e-06
2.78437e-06
3.52397e-06
5.28782e-06
3.93841e-06
7.77816e-06
0.000251526
0.000309738
0.000282334
0.00190651
0.000384168
0.000281819
0.000528641
0.000440485
0.000355411
0.000377116
0.000358835
0.00310339
0.000552965
0.000363494
0.000819771
0.000609728
0.000319003
0.000352638
0.000343819
0.00227966
0.000472061
0.000341109
0.000682587
0.000564721
0.00449678
0.00537565
0.00486204
0.0054288
0.00510339
0.00499722
0.0052948
0.00531727
0.000471592
0.000427469
0.00267812
0.00341315
0.000696572
0.00064092
0.00261938
0.00231682
0.000327993
0.00286362
0.000347932
0.000306112
0.0005307
0.000779539
0.000333287
0.000494758
0.000621791
0.00312453
0.0040188
0.00360868
0.00221089
0.00283477
0.0029888
0.00361284
0.000504759
0.00320665
0.00360293
0.000571251
0.000704345
0.00246067
0.000721994
0.00259161
6.9966e-06
6.11321e-06
4.80605e-06
0.000150027
1.58329e-05
6.83049e-06
2.40063e-05
1.16284e-05
7.73476e-06
6.89962e-06
2.30367e-06
0.000119081
1.72631e-05
7.08436e-06
2.99725e-05
1.48503e-05
3.13013e-06
1.95554e-06
1.86595e-06
4.25522e-05
4.87086e-06
2.01234e-06
9.93288e-06
5.84958e-06
0.000294036
0.000220996
0.000116651
0.000379732
0.000292882
0.000219493
0.000321103
0.000201869
1.39141e-05
8.00175e-06
0.000150974
0.000134813
2.09719e-05
3.11084e-05
0.000131294
0.000117984
6.52937e-06
0.000116787
2.74845e-06
3.8659e-06
1.02454e-05
2.66308e-05
4.63597e-06
7.29835e-06
1.37679e-05
0.000167371
0.000145662
8.27788e-05
8.15142e-05
0.000110664
8.02708e-05
0.000118019
8.05565e-06
5.93121e-05
0.00011386
6.93031e-06
1.84699e-05
6.83394e-05
1.18739e-05
6.83534e-05
0.000988968
0.00110919
0.000687138
0.000494573
0.000948479
0.000994895
0.000688406
0.000761657
0.00123627
0.00140065
0.000945051
0.000574777
0.00118675
0.00123972
0.000960049
0.00102562
0.000370107
0.000447786
8.22047e-05
0.000146357
0.000350347
0.000348991
0.000136822
0.000143114
0.000160595
0.000276703
0.000108489
9.26327e-05
0.000134321
0.00015778
0.000110079
0.00012147
0.00104895
0.000646627
0.000475042
0.000629207
0.000804945
0.000682193
0.000648072
0.000516293
0.00109693
0.000676578
0.000787113
0.000666223
0.000872971
0.00081087
0.00080205
0.000761097
0.000390151
0.000284434
0.000390669
0.00014183
0.000304143
0.00033493
0.000132633
0.000279248
0.000426728
0.000137012
0.000468204
0.000520028
0.000371787
0.000154765
0.000472453
0.000409016
5.11564e-06
1.55672e-05
1.10043e-05
6.97193e-05
3.15322e-05
2.0814e-05
3.12235e-05
2.90122e-05
2.82967e-05
3.29424e-05
4.4299e-05
0.00018148
8.43917e-05
6.40292e-05
8.54771e-05
7.24259e-05
1.24265e-05
3.71169e-05
1.29649e-05
6.20954e-05
4.27757e-05
3.04235e-05
3.8339e-05
3.54569e-05
0.00017182
0.000380778
9.06606e-05
0.000479353
0.000332447
0.000330879
0.000350959
0.000233343
5.97793e-05
4.33364e-05
0.000121229
0.000150069
6.03624e-05
4.55458e-05
0.000115967
0.000127453
3.6146e-05
0.000153258
6.71864e-05
2.80099e-05
6.22045e-05
6.77321e-05
2.14519e-05
6.49218e-05
4.37271e-05
0.000116707
0.000176236
0.000135221
0.000112778
0.000128358
0.000135197
0.000144435
4.32266e-05
9.26503e-05
0.000132799
4.74816e-05
4.44103e-05
0.000135946
6.28514e-05
0.000114957
0.0229506
0.0358006
0.0128017
0.0359471
0.0274786
0.0292254
0.0186629
0.0149382
0.0302913
0.0251821
0.00574026
0.0186613
0.0338891
0.0199835
0.0206516
0.0186939
0.0141006
0.00515656
0.0156729
0.0302441
0.0174838
0.011499
0.0241641
0.0157553
0.0208709
0.00541444
0.00793936
0.00280071
0.0136132
0.00843202
0.0111382
0.00947312
0.0544453
0.0177373
0.0301842
0.00936397
0.0225198
0.0287757
0.0357055
0.0348095
0.0249707
0.008601
0.00621633
0.011575
0.0194255
0.0168515
0.00510335
0.00922908
0.0163609
0.0226701
0.00966294
0.0222783
0.0247858
0.0240335
0.0216222
0.0131461
0.0158925
0.0227468
0.00830077
0.00757064
0.0165615
0.0229728
0.00894102
0.0172978
0.0105725
0.0118551
0.0113682
0.00935936
0.0110167
0.0116341
0.00970989
0.0118989
0.0130821
0.0142119
0.0145461
0.0119004
0.0134588
0.0139953
0.0118136
0.0142165
0.0120881
0.0149438
0.0127386
0.00960076
0.0141222
0.0145593
0.0109628
0.0144492
0.00699822
0.00854104
0.00691688
0.00498279
0.00547649
0.0061447
0.0045177
0.00681182
0.0122789
0.0127856
0.00894802
0.00964932
0.0106513
0.0118707
0.0110344
0.00918724
0.01283
0.00937455
0.0143805
0.0133183
0.0131084
0.012411
0.0135185
0.0139093
0.0101994
0.00716675
0.0078201
0.00798898
0.009095
0.0108188
0.010843
0.00972196
0.0134846
0.0122046
0.0123129
0.0146173
0.0123464
0.0104932
0.012336
0.012562
0.0036935
0.00433809
0.00329435
0.00282961
0.00368641
0.00397273
0.00318754
0.00349115
0.004789
0.00492002
0.00383336
0.00398328
0.0046821
0.00466914
0.00419745
0.00417119
0.00273092
0.00281695
0.00199011
0.00192341
0.00262325
0.0026285
0.00216636
0.0021998
0.00158277
0.00234006
0.00126926
0.000421739
0.00126385
0.00189411
0.000784616
0.00133556
0.00430443
0.0032435
0.00270576
0.00338534
0.00381224
0.00342745
0.00351616
0.00310342
0.00447601
0.00364417
0.00360542
0.00343355
0.00400076
0.00388841
0.00374525
0.00363014
0.00272567
0.00211366
0.00274907
0.00173984
0.00239702
0.00249633
0.00226251
0.00235181
0.00294074
0.00203427
0.00305144
0.00310868
0.00281646
0.00255291
0.00309776
0.0028525
0.000906829
0.000675975
0.000902905
0.00378073
0.00183405
0.00119773
0.00282167
0.00160885
0.000558978
0.000426295
0.000494074
0.00235316
0.00093082
0.000633494
0.00141322
0.000690957
0.000689588
0.000489677
0.000529096
0.0027627
0.00109705
0.000728537
0.00174627
0.00102756
0.00473876
0.00394798
0.00427974
0.00505462
0.00461769
0.00423463
0.00483041
0.00442217
0.00127466
0.00152302
0.00391052
0.00320471
0.00203206
0.00202156
0.0030712
0.00334742
0.000873481
0.00255971
0.000709015
0.00100786
0.00108455
0.0013853
0.000686936
0.00109842
0.0024309
0.00430631
0.0035268
0.00383933
0.00351461
0.00377709
0.00357577
0.00375727
0.00140373
0.00322915
0.00295145
0.000828621
0.00162016
0.00288014
0.0016628
0.00263168
0.000905871
0.00108114
0.0011644
0.00148961
0.00100095
0.00109386
0.00101992
0.00107669
0.00122122
0.00111464
0.00123308
0.00134964
0.00114456
0.00115431
0.0011181
0.00113
0.00135595
0.00135652
0.00148633
0.00176948
0.00128504
0.00135093
0.00128137
0.00133022
0.00267337
0.00250971
0.00250028
0.00308169
0.00160006
0.00176953
0.00179037
0.00197208
0.00114135
0.00115312
0.00199983
0.0019701
0.00114733
0.00111553
0.00156331
0.00170423
0.00124385
0.00152698
0.00123463
0.00127207
0.00121457
0.00116127
0.00130175
0.00121233
0.00117003
0.00222594
0.00217493
0.00235149
0.00181213
0.00194204
0.00208343
0.00220584
0.00124644
0.00197428
0.00175795
0.00122094
0.00122217
0.00172949
0.00119703
0.00160549
0.00670604
0.0316235
0.0170577
0.0171135
0.0170691
0.0219911
0.0174647
0.0209207
0.0529457
0.0681679
0.0524452
0.0343563
0.0503635
0.060156
0.0431844
0.0505468
0.0239005
0.0369244
0.0240258
0.0196302
0.0249116
0.0296277
0.021742
0.0251686
0.0156591
0.0202435
0.0160644
0.0139797
0.0164396
0.0181671
0.0150904
0.0162523
0.035163
0.0238316
0.0188339
0.026998
0.0309513
0.024862
0.0266841
0.0225141
0.0435052
0.0311143
0.0440148
0.0294778
0.0369608
0.0366581
0.0370338
0.0368243
0.0214439
0.017033
0.0237701
0.0177793
0.0195186
0.019651
0.0198937
0.0200594
0.0252919
0.0198727
0.0266696
0.0371464
0.0257887
0.0229923
0.0317305
0.0268923
0.00816074
0.0078158
0.0101197
0.00889819
0.00833774
0.00859725
0.00893657
0.00928302
0.00697388
0.00531753
0.00821821
0.007985
0.00690249
0.00670004
0.00783572
0.00738172
0.0113987
0.0103694
0.0113068
0.0129151
0.011573
0.0111219
0.0122372
0.011528
0.0099328
0.0102377
0.0131483
0.0111844
0.0104697
0.0110377
0.0114075
0.0123126
0.00794875
0.0103659
0.00924568
0.00921867
0.0087433
0.00938849
0.00882866
0.0095353
0.00809545
0.00939467
0.00951429
0.0105112
0.00889247
0.00896385
0.00978157
0.00988804
0.0110679
0.00998935
0.0102225
0.0127183
0.0113753
0.0105265
0.0118552
0.0108235
0.0111211
0.0129177
0.0106358
0.0101563
0.0114014
0.0119565
0.0108458
0.0114272
0.000269445
0.000116106
5.65663e-06
0.000116944
0.000262055
0.000134301
0.000101825
2.12253e-05
4.64735e-06
3.97748e-06
3.09226e-06
1.77191e-05
7.70825e-06
3.39909e-06
1.63471e-05
9.28063e-06
2.93237e-06
2.05707e-06
1.63873e-06
2.23804e-05
5.78831e-06
1.82056e-06
1.1502e-05
4.25999e-06
2.79707e-05
1.44901e-05
1.84548e-05
9.89545e-06
1.91953e-05
1.89523e-05
1.66119e-05
1.25926e-05
2.16402e-05
8.25446e-06
3.90562e-05
2.0373e-05
1.77465e-05
1.63293e-05
2.5253e-05
2.85194e-05
4.53033e-06
2.02959e-05
2.62088e-06
2.8866e-06
8.54669e-06
1.49917e-05
3.84206e-06
5.74178e-06
1.56021e-05
4.08894e-05
2.13966e-05
2.68407e-05
2.82653e-05
3.45097e-05
2.597e-05
2.09654e-05
6.6147e-06
2.25404e-05
1.07492e-05
5.31717e-06
1.35852e-05
2.25983e-05
1.01786e-05
1.729e-05
9.62963e-05
0.000368258
0.00013694
0.000820102
0.000457436
0.000207163
0.000448701
0.000343719
0.000794758
0.00087648
0.00087633
0.00120673
0.00078771
0.000869926
0.000756718
0.000836505
0.000195923
0.000632374
0.000404917
0.00086339
0.00056732
0.000513319
0.000559124
0.000459644
0.00145781
0.00148088
0.00132829
0.00194022
0.0012586
0.00129663
0.00119741
0.00134396
0.000626316
0.00049979
0.00104975
0.00138933
0.000605273
0.000551726
0.00110043
0.00102301
0.000710596
0.00121956
0.000806491
0.000370044
0.000582094
0.000711273
0.000535516
0.000695513
0.000483141
0.0010164
0.00135285
0.00090079
0.000799446
0.00100372
0.00094068
0.00130964
0.000424586
0.00103805
0.0012818
0.000649459
0.000611371
0.00096442
0.000659763
0.00112049
0.00247136
0.00277305
0.00233267
0.00245736
0.00257012
0.00259396
0.00250302
0.00249868
0.00313042
0.0033577
0.00255996
0.00293612
0.00323705
0.00309798
0.0029291
0.00285773
0.00218172
0.00222531
0.00198367
0.00216875
0.00219998
0.00217048
0.00215032
0.00210144
0.00221471
0.002858
0.001846
0.00500938
0.00269042
0.00242674
0.00249816
0.00211543
0.00288849
0.00236847
0.00242478
0.00270718
0.00271552
0.00252563
0.00262189
0.00248179
0.00288097
0.00264703
0.00245569
0.00235464
0.00271358
0.00270165
0.00243662
0.00247949
0.00232544
0.00230756
0.00239501
0.00214531
0.00231924
0.00236676
0.00226149
0.00228177
0.00230001
0.00223891
0.00240905
0.00235811
0.00231364
0.002307
0.00239574
0.00233632
9.02585e-05
0.000218506
0.0003293
0.000214696
0.000295057
0.0002843
0.000289072
0.000372094
0.000526684
0.000659018
0.000809663
0.000329072
0.000811941
0.000597123
0.000878465
0.000938049
0.000447258
0.000753604
0.000495508
0.000430054
0.000511975
0.000599311
0.000471363
0.000520913
0.000213539
0.000147618
0.000407613
0.000369142
0.000343689
0.000402928
0.00041274
0.000413413
0.000655955
0.000404689
0.000278433
0.000368132
0.000591864
0.000457828
0.000322305
0.000341115
0.000397537
0.000424227
0.000766
0.000516731
0.000476172
0.000576489
0.000552127
0.000819271
0.000412624
0.000361359
0.000475568
0.000424096
0.000416534
0.00043391
0.000447688
0.000418794
0.0004858
0.000430901
0.000612083
0.000791645
0.0005443
0.000483543
0.000733427
0.000612223
2.33134e-05
2.62676e-05
4.04954e-05
8.71495e-05
6.37602e-05
4.23952e-05
7.58846e-05
8.42775e-05
3.53622e-05
2.52168e-05
4.57807e-05
0.000177452
8.38079e-05
4.37911e-05
0.000107249
0.000113259
5.41666e-05
5.40298e-05
5.97494e-05
0.000194402
8.5507e-05
5.67836e-05
0.000101812
9.90061e-05
0.000163579
0.00031031
0.000231407
0.000262212
0.000324477
0.000295757
0.000290768
0.000267089
7.53048e-05
8.14202e-05
0.000141388
0.000187339
0.000102271
8.07678e-05
0.000163404
0.000101023
4.12455e-05
9.908e-05
4.82361e-05
5.60303e-05
0.000107319
0.000113052
4.80852e-05
8.67833e-05
9.77111e-05
0.000125621
0.000188279
0.000229994
0.000100821
0.000105893
0.000185578
0.000111994
0.000102641
0.000188558
0.000151283
0.000103674
0.000108751
0.000161788
0.000106488
0.000229192
2.58048e-06
3.45463e-06
2.59298e-06
4.24759e-05
6.19923e-06
2.8182e-06
1.39095e-05
1.64653e-05
4.99613e-06
5.50637e-06
2.81623e-06
8.15106e-05
1.3652e-05
4.83787e-06
3.07366e-05
2.70771e-05
2.99409e-06
2.65427e-06
2.39375e-06
9.63149e-05
6.52562e-06
2.84543e-06
3.02596e-05
2.73709e-05
7.12178e-05
0.000112341
0.000122179
0.000159068
9.24224e-05
9.874e-05
0.000119364
0.00012519
8.27622e-06
6.53998e-06
5.3424e-05
7.25647e-05
2.36181e-05
2.30228e-05
6.28016e-05
6.05217e-05
3.56257e-06
7.82388e-05
3.22546e-06
3.29951e-06
1.92894e-05
2.8182e-05
3.43942e-06
7.76863e-06
2.5236e-05
6.28507e-05
9.18126e-05
0.000105789
7.95712e-05
6.89208e-05
9.25385e-05
8.0131e-05
2.01743e-05
0.000110285
9.79768e-05
3.08147e-05
3.17029e-05
9.77086e-05
3.34346e-05
9.9635e-05
0.0116828
0.0132644
0.0126503
0.00877853
0.0112023
0.0129949
0.0106909
0.0119494
0.0155454
0.0183846
0.0181347
0.0114558
0.0148022
0.0180053
0.0141065
0.0162672
0.0131752
0.0118227
0.00344425
0.00848266
0.012033
0.0121878
0.0106708
0.00802189
0.00678883
0.00759942
0.0078275
0.00506243
0.0065817
0.0075326
0.00631997
0.00699841
0.0127313
0.0121846
0.00845724
0.00959318
0.012099
0.0114053
0.00996399
0.00978334
0.0151675
0.0112047
0.0175714
0.0145583
0.0137988
0.0132762
0.0151933
0.0146331
0.0114848
0.00813064
0.00918379
0.00920487
0.00964716
0.00907185
0.00952182
0.00876524
0.0128594
0.00974382
0.010337
0.0145047
0.0127105
0.0111301
0.0138528
0.0114951
0.0048259
0.00579863
0.00506842
0.00417639
0.00511823
0.00535287
0.00502781
0.00521619
0.00684501
0.00693279
0.0067999
0.00501122
0.00710455
0.00733405
0.00630847
0.00705716
0.0050832
0.00576797
0.00481234
0.00477449
0.00521571
0.00535073
0.00462701
0.00507245
0.0026454
0.00337928
0.00368486
0.00257778
0.00323789
0.00330876
0.0030039
0.00440679
0.00607682
0.00528593
0.00516502
0.00489646
0.0059045
0.00543351
0.00484845
0.00541201
0.00632335
0.00479857
0.00630586
0.00547236
0.00610024
0.00512868
0.00589395
0.00609863
0.0049334
0.00414802
0.00467712
0.00389116
0.00389062
0.00518495
0.00516865
0.00384109
0.00527019
0.00506329
0.00594056
0.00601709
0.0051842
0.00472085
0.00586732
0.00551336
0.000645452
0.000721129
0.000701237
0.00128995
0.000657608
0.000713869
0.000675327
0.000680195
0.000830644
0.000998366
0.00101393
0.00110983
0.000831804
0.000967709
0.000765693
0.000881453
0.000671129
0.000807673
0.000541288
0.000473507
0.000614112
0.000726429
0.000455506
0.000535173
0.00204089
0.00150388
0.000960786
0.00310221
0.00195687
0.00129057
0.00133499
0.00140831
0.000724969
0.000687279
0.00141429
0.00125188
0.00069669
0.000698019
0.00118508
0.00122898
0.00081255
0.00113869
0.000932331
0.000775015
0.00074771
0.000767553
0.000823827
0.000791875
0.000596347
0.00126838
0.000798478
0.00046362
0.000866902
0.0011119
0.000766263
0.00103266
0.000646354
0.000603628
0.00107604
0.00076098
0.000639068
0.000692543
0.000653713
0.000780656
0.00166295
0.00234214
0.00176726
0.00190831
0.0020107
0.00213267
0.00194923
0.00202872
0.00288383
0.00228126
0.00195297
0.0019899
0.00309739
0.00253415
0.00216544
0.0030242
0.00171927
0.00185045
0.00138112
0.00157729
0.00182407
0.00165861
0.00169547
0.00168693
0.00120768
0.00129773
0.00117547
0.000830635
0.0018466
0.00101146
0.000922441
0.00101112
0.00257436
0.00211257
0.0021672
0.00258107
0.0025342
0.00192733
0.0019129
0.00209308
0.00268147
0.00170765
0.00223902
0.00221029
0.00259907
0.00172137
0.0024464
0.00234212
0.00197703
0.00172427
0.00159636
0.00157889
0.00125338
0.00206121
0.00165811
0.00118091
0.00201643
0.00150414
0.00236857
0.00239982
0.00151081
0.00135926
0.00185328
0.00150154
0.0132285
0.0133153
0.0143392
0.012538
0.0170846
0.0171359
0.0124539
0.0182527
0.0146996
0.0200635
0.0172726
0.0184354
0.0197181
0.0194692
0.0163523
0.0184415
0.0124747
0.0151646
0.0149875
0.00840418
0.0172751
0.0165598
0.0133156
0.0171274
0.00979555
0.0103082
0.00683789
0.00760261
0.00692837
0.00581474
0.00508493
0.0070221
0.0191989
0.0177887
0.0111064
0.0106613
0.0138622
0.0152108
0.0133844
0.0109867
0.0182061
0.00942728
0.017828
0.0162391
0.0195426
0.0160252
0.0166058
0.0187177
0.0126585
0.00861073
0.00845665
0.0088101
0.0118694
0.0143342
0.0117574
0.0126815
0.0187875
0.0114453
0.0125833
0.0174109
0.0138751
0.00953929
0.0137208
0.0129562
0.000275153
0.00104135
0.000165233
0.000473197
0.000466508
0.000405811
0.000444547
0.000406877
0.00100441
0.000437855
0.000374581
0.000553514
0.000693681
0.000454003
0.000647
0.000601599
0.000127448
0.000254108
9.65134e-05
0.0002622
0.000368078
0.000171533
0.00037584
0.000287986
0.00111408
0.000899197
0.00113535
0.00296828
0.00109467
0.000690353
0.00112398
0.000668932
0.000687416
0.000411098
0.000447481
0.000573611
0.000600561
0.000458277
0.000496113
0.000413243
0.000602786
0.000444049
0.000328777
0.000239532
0.000575513
0.00058479
0.000328261
0.000534553
0.000417343
0.000611749
0.000595199
0.000338071
0.000493368
0.000304846
0.000401258
0.000891473
0.000365109
0.000262002
0.000364902
0.000496111
0.00040774
0.000314629
0.000525532
0.00071815
3.99864e-06
4.89047e-06
2.67159e-06
0.000113651
1.23281e-05
3.41659e-06
1.52502e-05
7.0178e-06
7.93172e-06
7.05007e-06
6.56262e-06
5.39224e-05
2.00781e-05
7.85037e-06
2.90822e-05
1.40042e-05
3.26711e-06
3.94451e-06
3.6328e-06
3.92309e-05
1.44214e-05
3.36412e-06
1.62187e-05
1.19465e-05
0.000213978
0.000146222
9.89414e-05
0.000317914
0.000219603
0.000146424
0.000229952
0.000136927
1.62699e-05
1.20335e-05
0.000120618
7.23754e-05
2.15608e-05
2.20368e-05
7.76174e-05
8.29169e-05
6.29824e-06
5.82646e-05
5.6151e-06
3.87009e-06
1.35616e-05
3.38985e-05
6.58209e-06
2.08051e-05
1.36143e-05
0.000124224
7.66016e-05
6.37888e-05
6.6257e-05
7.61532e-05
6.3985e-05
7.7066e-05
9.67521e-06
4.83235e-05
5.49961e-05
1.56609e-05
3.10807e-05
5.55637e-05
2.46477e-05
5.12826e-05
0.0256422
0.0332287
0.0280867
0.0277978
0.0285008
0.0314853
0.0283827
0.030921
0.0387978
0.0631633
0.0560281
0.0413976
0.0432356
0.053378
0.0438724
0.0547589
0.0317958
0.048547
0.030893
0.03844
0.0380022
0.0438657
0.0380379
0.0421583
0.0158404
0.0279725
0.0172635
0.00804013
0.0110967
0.0231609
0.0129174
0.0170322
0.0339733
0.0325089
0.0218745
0.0333298
0.0342403
0.0327554
0.0332354
0.0324882
0.0368457
0.039408
0.0498213
0.0361988
0.0373828
0.0401824
0.0383509
0.0425924
0.0329062
0.0219543
0.0333197
0.0217717
0.0327973
0.026975
0.0264379
0.0302468
0.0356783
0.0329837
0.0395386
0.0497841
0.0390542
0.0371336
0.0431871
0.042561
0.00254914
0.00204616
0.00271984
0.00171491
0.00241107
0.00236538
0.00198803
0.00250027
0.00114956
0.0013685
0.0015546
0.00119521
0.000960547
0.00159841
0.00179686
0.00182709
0.00293546
0.00250596
0.00212705
0.00160994
0.0030169
0.00252247
0.0021998
0.00307273
0.000755851
0.000973618
0.00135198
0.00066528
0.000763189
0.00100507
0.00136738
0.00082333
0.001552
0.00262106
0.000999976
0.000803354
0.00215398
0.00238749
0.00120094
0.00167984
0.00194598
0.00142125
0.00202552
0.00262287
0.00216827
0.00181196
0.00241708
0.00215461
0.00149052
0.00203827
0.00149079
0.00242883
0.00074477
0.000772104
0.00140076
0.00164626
0.00282084
0.00167316
0.0014151
0.00252019
0.00266051
0.00196272
0.00197959
0.0016831
0.00257256
0.00150345
0.00238157
0.00332187
0.00243028
0.00215427
0.00273494
0.0023941
0.00141864
0.00128149
0.00162993
0.00111158
0.00126961
0.00131776
0.00125908
0.00133332
0.00228323
0.0020588
0.00242353
0.00202659
0.00201082
0.00213921
0.00204505
0.00213751
0.00267463
0.00150858
0.00216169
0.00165725
0.00208081
0.00196727
0.00218677
0.00206722
0.00143877
0.00225818
0.00299751
0.00148704
0.00148476
0.00215321
0.00170639
0.00240953
0.00146542
0.00130532
0.0016935
0.00202513
0.00148565
0.00137282
0.00168854
0.00153127
0.00239801
0.00311763
0.00154941
0.00245152
0.00267053
0.00263949
0.00240683
0.00225319
0.00215209
0.0020182
0.0013973
0.00170026
0.00183747
0.00187766
0.00154221
0.00142436
0.000432593
0.000389911
0.000326485
0.00232266
0.00076756
0.000546924
0.00111177
0.0007972
0.000396336
0.000374071
0.000437084
0.00196442
0.000548925
0.00052301
0.000933075
0.000684558
0.000152562
0.000373989
9.43823e-05
0.00124779
0.000381301
0.000171149
0.000540136
0.000283963
0.00382557
0.00357532
0.00305476
0.00467331
0.00402783
0.00353933
0.00407579
0.0036432
0.000616413
0.000647477
0.00275222
0.00255401
0.0010368
0.0010599
0.00217708
0.00217579
0.000549092
0.00201035
0.000468312
0.000372523
0.000756105
0.00095765
0.000468996
0.000601761
0.000861306
0.0029352
0.00278438
0.00223564
0.001782
0.00244631
0.00208567
0.0026842
0.000652998
0.00184665
0.0023073
0.000633754
0.00081008
0.00166091
0.000853616
0.00168805
0.000313247
0.000346907
0.00045453
0.00121974
0.000453276
0.000321301
0.000691312
0.00061739
0.000586068
0.00078052
0.000922942
0.00303637
0.00118476
0.000761065
0.00205522
0.00172148
0.000830274
0.00113883
0.00117236
0.00427415
0.00173467
0.000994915
0.00261495
0.0018712
0.00346437
0.0056424
0.00735498
0.00817828
0.00519589
0.00558143
0.00675298
0.00751556
0.000755453
0.000937919
0.00185661
0.00331596
0.00130462
0.00122264
0.00218966
0.00192945
0.000551641
0.0031469
0.000956158
0.00067031
0.00119754
0.00207249
0.000770718
0.00155138
0.0014865
0.0024331
0.00438614
0.00538374
0.0025572
0.00276387
0.00402901
0.00410258
0.00136249
0.00509691
0.00433319
0.00207907
0.00251604
0.00388977
0.00259504
0.0038959
1.87344e-05
2.88183e-05
2.09936e-05
9.67659e-05
5.28298e-05
2.74699e-05
5.80348e-05
5.03306e-05
2.79576e-05
1.79618e-05
2.23758e-05
0.000100278
6.18518e-05
2.73e-05
6.19973e-05
5.17734e-05
1.57426e-05
2.0448e-05
4.63083e-06
4.40727e-05
3.59187e-05
1.4984e-05
3.84893e-05
1.97765e-05
0.00021761
0.000177372
0.0001194
0.000271223
0.000208584
0.000155467
0.000228878
0.000148911
7.56223e-05
5.25089e-05
9.39983e-05
0.000103521
7.24764e-05
5.98854e-05
9.85293e-05
8.37214e-05
3.91989e-05
9.41075e-05
2.75698e-05
2.6747e-05
6.59226e-05
6.40268e-05
3.07603e-05
5.86257e-05
4.99211e-05
9.91486e-05
0.000106054
8.05983e-05
7.60111e-05
8.09149e-05
7.56186e-05
8.73364e-05
3.92658e-05
5.84686e-05
8.54628e-05
4.26711e-05
4.69065e-05
6.47372e-05
5.651e-05
6.64227e-05
0.00483922
0.0053025
0.00438887
0.00455473
0.00488061
0.00493247
0.00462109
0.00466553
0.00581441
0.00623088
0.00529125
0.00566273
0.00589165
0.0059067
0.00564369
0.005642
0.00382192
0.00421861
0.00322886
0.00355057
0.00385823
0.00386265
0.00357562
0.00356915
0.00422273
0.00479026
0.00375698
0.00385138
0.00426554
0.00438224
0.0039306
0.00401241
0.0054151
0.00441816
0.00459634
0.00518324
0.00513573
0.00470834
0.00510538
0.00470143
0.00546664
0.00527492
0.00493136
0.00444647
0.00518853
0.00525405
0.0048265
0.00491525
0.00412694
0.00428705
0.00483694
0.00380843
0.00407457
0.00435686
0.00411516
0.00439427
0.00414917
0.00385999
0.00492347
0.00461471
0.00418316
0.0041926
0.00460871
0.00460544
0.000481446
0.000498254
0.000590861
0.00176398
0.000634654
0.000516333
0.000766489
0.000610162
0.000522883
0.000557735
0.0006052
0.00167716
0.000690644
0.000565307
0.000746911
0.000606609
0.000697016
0.000676171
0.000775065
0.00185262
0.000731246
0.000696637
0.000794455
0.000726271
0.00276792
0.00274092
0.00297917
0.00327433
0.00292456
0.00281144
0.00311049
0.00301219
0.000651472
0.000673469
0.0020624
0.00208173
0.000739468
0.000744448
0.00173512
0.00169963
0.000528641
0.00165305
0.000618683
0.00062574
0.000600384
0.000737031
0.000603966
0.000672085
0.00077254
0.00227958
0.0022635
0.00229366
0.00180898
0.00200355
0.00208893
0.00226487
0.000684401
0.00199771
0.00192352
0.000650682
0.000763934
0.00172902
0.000736914
0.00175152
0.00720361
0.00822928
0.00791027
0.0075694
0.00757917
0.00788748
0.00761572
0.00792565
0.00931155
0.01041
0.0097882
0.00930853
0.00969329
0.00997863
0.0097198
0.00993061
0.00798697
0.00924972
0.00879833
0.00770617
0.00875242
0.00894481
0.00826847
0.00889772
0.00645272
0.00774156
0.00619497
0.00480385
0.00754373
0.00616315
0.00551558
0.00813936
0.00861058
0.00826088
0.00786919
0.00892511
0.00864986
0.00827511
0.00863943
0.00820566
0.00892553
0.00813557
0.00940071
0.0085331
0.00892259
0.00896094
0.00886991
0.00917159
0.00808555
0.00666232
0.00829933
0.00714132
0.00669113
0.00820932
0.00849449
0.0073923
0.00852457
0.00873351
0.00922281
0.00933487
0.00881382
0.00880358
0.00915214
0.0091844
2.55444e-05
2.85842e-05
1.99372e-05
6.83763e-05
4.6329e-05
3.18585e-05
4.15721e-05
4.38535e-05
2.33283e-05
1.4523e-05
1.31047e-05
8.12876e-05
5.62795e-05
3.20642e-05
5.75702e-05
3.48092e-05
1.56277e-05
1.45831e-05
1.87418e-05
4.91999e-05
3.94248e-05
2.2356e-05
2.66817e-05
4.54365e-05
0.00019775
0.000259575
0.000166928
0.000493779
0.00021504
0.000228106
0.000318344
0.000244094
5.41036e-05
3.81438e-05
8.7907e-05
6.1236e-05
5.46746e-05
5.08107e-05
9.73251e-05
0.000100875
3.73536e-05
6.20342e-05
2.8059e-05
3.37564e-05
4.94781e-05
5.63391e-05
2.26192e-05
5.31872e-05
3.84911e-05
0.000120274
0.000106524
0.000100103
7.87297e-05
0.000109311
8.81073e-05
0.000136632
3.87094e-05
0.00011362
0.000105211
4.75604e-05
5.26946e-05
9.11355e-05
5.43035e-05
0.000113478
0.0153068
0.00660773
0.0109214
0.0209753
0.0146858
0.0112647
0.0205346
0.0133307
0.00388047
0.00332276
0.00384118
0.0035559
0.00371166
0.00348759
0.00372671
0.00355914
0.00641703
0.00389391
0.00381715
0.00648635
0.00602431
0.00393496
0.00626909
0.00447155
0.014047
0.00572352
0.00776703
0.00721842
0.00932569
0.00739543
0.00912991
0.0079008
0.00629432
0.010258
0.0164185
0.00629623
0.00702847
0.0119123
0.00779269
0.0111864
0.00497671
0.00432155
0.00391119
0.0064907
0.00540546
0.00451193
0.00446188
0.00445604
0.0115736
0.0154466
0.00616711
0.00793727
0.0117041
0.0115731
0.00847093
0.00798356
0.00756642
0.00615435
0.00461841
0.00399061
0.00624546
0.00584626
0.00460665
0.00478746
0.00176942
0.00164274
0.00181145
0.0131797
0.00453788
0.00185895
0.00956467
0.00544658
0.00148621
0.00133955
0.00151181
0.011624
0.00300178
0.00150332
0.00756613
0.00452718
0.00188784
0.00173897
0.00200947
0.0132699
0.00442595
0.00193604
0.00870257
0.00531978
0.014696
0.0136696
0.0148066
0.013374
0.0143107
0.0141253
0.0145979
0.0144622
0.00369217
0.00479086
0.0138324
0.0131389
0.00864679
0.00869617
0.0124466
0.012979
0.00169811
0.0121521
0.0017055
0.00189573
0.00503632
0.00742102
0.00167693
0.00387839
0.00973873
0.0145222
0.0138405
0.0147394
0.0134505
0.0140164
0.0141455
0.0142196
0.00558903
0.0143023
0.0134274
0.00498349
0.00835085
0.0131273
0.00853612
0.0125732
0.000366991
0.000402948
0.000389408
0.000859389
0.000483531
0.000430738
0.000527541
0.000421427
0.000413665
0.000401798
0.00037813
0.00115215
0.000503783
0.000413576
0.000564215
0.000406387
0.000377951
0.000372758
0.000417266
0.00099541
0.000515217
0.000444221
0.000604938
0.0004931
0.00166178
0.00189443
0.00130845
0.00219356
0.0013265
0.00156501
0.00132122
0.00117568
0.00050137
0.000517484
0.00116888
0.00136458
0.000548014
0.000524761
0.000994389
0.000996276
0.000449456
0.00114328
0.000429521
0.000457133
0.000451228
0.000542952
0.000430538
0.000517022
0.000574295
0.00111487
0.00147495
0.000913878
0.000931306
0.00110994
0.0010253
0.00134474
0.000451912
0.000985244
0.00130249
0.000431598
0.000536267
0.00106844
0.000575411
0.00108497
0.000260984
0.000283678
0.000321504
0.0029086
0.0015238
0.000461386
0.00195595
0.000879649
0.000159921
7.94394e-05
0.00011728
0.00122595
0.000899616
0.00013495
0.000855704
0.000463185
0.000235415
0.000151475
0.000161376
0.00211431
0.000912645
0.00019256
0.000997671
0.000480871
0.00422676
0.00191207
0.00408141
0.00391951
0.00530663
0.00296906
0.0062062
0.00593425
0.00121483
0.00116541
0.0039834
0.00430833
0.00131997
0.00125353
0.0026248
0.00340016
0.000212954
0.00213272
0.00016092
0.000312121
0.000622349
0.00100666
0.000238649
0.000914711
0.00128901
0.00434171
0.00268856
0.00308503
0.00244737
0.00468561
0.00387964
0.00242748
0.000654116
0.00310571
0.00305133
0.000466341
0.00101179
0.00255817
0.00103041
0.00201189
1.9803e-05
7.47666e-05
6.70296e-05
0.000440221
0.000149316
7.49567e-05
0.00016582
0.000188594
0.000137465
0.000142859
0.000191302
0.000781629
0.0003243
0.000154008
0.00035245
0.000348448
8.70306e-05
0.000130233
0.000118372
0.00061973
0.000212301
0.000120788
0.000226668
0.000218259
0.00130745
0.00125231
0.00117452
0.00297933
0.00159547
0.00101218
0.00173749
0.00153296
0.000235035
0.000207067
0.000604023
0.000800743
0.000216646
0.000215643
0.000629185
0.000429783
0.000115628
0.000617892
0.000171605
9.20945e-05
0.00024185
0.000273786
0.000140613
0.000257945
0.000222538
0.000669945
0.000875347
0.000778283
0.000551899
0.000627475
0.000689876
0.000749204
0.000202326
0.000729918
0.000848211
0.000273819
0.000224319
0.000621658
0.000275674
0.000704237
0.00170081
0.00177707
0.00157427
0.00118734
0.001919
0.00193351
0.00162257
0.00187376
0.00201458
0.00189934
0.00191576
0.0019369
0.00194967
0.00191178
0.00193537
0.00191234
0.00154741
0.00174015
0.0014203
0.00120802
0.00166336
0.00168798
0.00158136
0.00160426
0.00112201
0.00155705
0.0010061
0.000905387
0.00129416
0.00100384
0.000886486
0.00103041
0.00203127
0.0015591
0.00164057
0.00196804
0.00199262
0.00152839
0.00187447
0.00139575
0.00200278
0.00168135
0.00189926
0.00172073
0.0019776
0.00180102
0.00167923
0.00192245
0.00142528
0.00119704
0.00160496
0.00123302
0.00122397
0.00140699
0.00148267
0.00124383
0.0017324
0.00136342
0.0017706
0.00187541
0.00131538
0.00135468
0.00167539
0.00140083
0.0046941
0.00506349
0.00367064
0.00536041
0.0052592
0.00552762
0.00531041
0.0054836
0.00538087
0.00653385
0.00486269
0.00635627
0.00645983
0.00650359
0.0064082
0.00643729
0.00338476
0.00408797
0.00329418
0.00485929
0.00546752
0.00493688
0.00527604
0.00554362
0.00425192
0.00590857
0.00353748
0.00273922
0.00429584
0.0035993
0.00269501
0.00415847
0.00611165
0.00561843
0.00567766
0.00614091
0.00609477
0.00582284
0.00607115
0.00528767
0.00623169
0.00593044
0.00600617
0.00502719
0.00618956
0.00629734
0.00521612
0.00618925
0.00462196
0.00401606
0.00574029
0.00372631
0.00421555
0.00575686
0.0051723
0.0054942
0.00565798
0.00571857
0.00613401
0.0060838
0.00586299
0.00499771
0.00608486
0.00607756
0.00661054
0.00676305
0.00585537
0.00640671
0.00661351
0.00647369
0.00629789
0.00620863
0.00668513
0.00593613
0.00561505
0.00640298
0.00655413
0.00613593
0.00630941
0.00596952
0.0051983
0.00502336
0.00442679
0.0050256
0.00515122
0.00494719
0.00496594
0.00475169
0.00613248
0.00622136
0.00535287
0.00567046
0.00606845
0.00596606
0.00571185
0.00563905
0.0067394
0.00584436
0.00639828
0.00649595
0.00643108
0.006197
0.00655753
0.0062814
0.00650323
0.00627731
0.00552821
0.00567152
0.00625885
0.00618658
0.00586876
0.00581814
0.00559044
0.00607619
0.00616283
0.00535659
0.00567932
0.00600343
0.00563414
0.005949
0.00547227
0.00524761
0.00598787
0.00532052
0.00542817
0.00548314
0.00555612
0.00564904
9.1694e-05
0.000109463
0.000131293
0.00172048
0.000556435
9.42289e-05
0.000844074
0.00050357
0.000159144
0.000201302
0.000250158
0.00254545
0.000686278
0.000164547
0.00157953
0.000972636
0.000176858
0.000215777
0.000216865
0.00322128
0.00113277
0.000176661
0.00161124
0.000689411
0.00483431
0.00512931
0.00670498
0.0069121
0.00591282
0.00564544
0.00657043
0.00655012
0.000594271
0.000801639
0.00338503
0.00356702
0.00115263
0.00142472
0.00231767
0.00299574
0.00011412
0.00296646
0.000177742
0.000128432
0.000729538
0.001793
0.000158773
0.000850009
0.0011928
0.00381711
0.0045274
0.00475536
0.00239307
0.00418087
0.00445974
0.0048906
0.000616516
0.00519832
0.00409392
0.000796392
0.00182189
0.00342785
0.001481
0.00313324
0.000387597
0.000393342
0.000436172
0.00267033
0.000697255
0.000409424
0.000973755
0.0006171
0.000399394
0.000409511
0.000421212
0.00342156
0.000757932
0.000419429
0.00110464
0.000632453
0.000498601
0.000475996
0.000556462
0.00365323
0.000893889
0.000530662
0.00122365
0.000760493
0.00521645
0.00570814
0.00601861
0.0056828
0.0056674
0.00569343
0.00591383
0.00606584
0.000695947
0.000796494
0.00376337
0.00416197
0.000984904
0.000973266
0.00293935
0.0030339
0.000414015
0.00339334
0.000463111
0.000469085
0.000617047
0.00103183
0.000439794
0.000807047
0.0011221
0.00461417
0.00503831
0.00549737
0.003271
0.00399321
0.00450116
0.00494107
0.000701494
0.00478678
0.00447289
0.000682467
0.00111068
0.00360698
0.00114475
0.00342489
1.93994e-05
2.32096e-05
1.25661e-05
0.000116954
7.30287e-05
3.25721e-05
7.50048e-05
7.24023e-05
2.76114e-05
2.84284e-05
2.75723e-05
0.000151783
6.86673e-05
4.5111e-05
8.37279e-05
8.34898e-05
9.74394e-06
1.50066e-05
4.74551e-06
7.37178e-05
3.383e-05
1.76831e-05
3.39356e-05
3.50782e-05
0.000154281
0.000281119
0.000222373
0.000338177
0.00015966
0.000158814
0.00016221
0.000203658
8.43046e-05
5.84645e-05
0.000113074
0.000137306
8.1859e-05
7.66627e-05
0.00011747
0.000132579
4.15172e-05
0.00020984
3.34505e-05
2.60113e-05
7.97383e-05
8.40995e-05
1.95488e-05
6.6586e-05
4.62151e-05
0.000105514
0.000207473
0.000105476
0.000146739
0.000125159
0.000127992
0.000192524
4.14354e-05
0.000102166
0.000196402
5.78674e-05
5.42061e-05
0.000117485
5.97996e-05
0.000121669
0.00741528
0.00559508
0.00758062
0.0088558
0.00744013
0.00667832
0.00830536
0.00755458
0.00287786
0.000530588
0.00111638
0.00357779
0.00247454
0.00143396
0.00319055
0.00200599
0.00393177
0.0013456
0.00170918
0.00538369
0.00358478
0.00185948
0.00515565
0.00248396
0.010358
0.00802803
0.010478
0.0118431
0.0103466
0.00943516
0.0112672
0.010478
0.00528944
0.00726263
0.00885296
0.00638672
0.0061953
0.00723297
0.00673442
0.00799249
0.00414098
0.00508155
0.00178364
0.00582849
0.004983
0.00424124
0.00474797
0.00395271
0.00814559
0.00977417
0.00742776
0.00960469
0.008971
0.00896142
0.00817941
0.00860413
0.00648133
0.00797439
0.00611706
0.00238663
0.00466874
0.00708658
0.0046843
0.00574158
0.00199408
0.00548653
0.00191052
0.00625307
0.00405269
0.00241104
0.00334115
0.0034453
0.00833442
0.0110446
0.00512413
0.0275459
0.0114541
0.00925898
0.0118274
0.011043
0.00870783
0.00447516
0.0195654
0.0241695
0.0115813
0.00923876
0.0244718
0.0223117
0.00511852
0.00989662
0.00512174
0.0056392
0.00672669
0.00506972
0.00541518
0.00433754
0.00716352
0.00341836
0.00815291
0.0190978
0.00682398
0.0042784
0.0148794
0.0071619
0.00584572
0.0188404
0.00365543
0.00252949
0.00638776
0.00721613
0.00331086
0.00596603
0.00946952
0.0066978
0.0177881
0.0125067
0.0131999
0.00657204
0.00672399
0.00935663
0.00819982
0.0131714
0.0181453
0.00671353
0.00866902
0.00879538
0.00736062
0.0112047
0.000540013
0.000531107
0.000457976
0.00542119
0.001763
0.000517978
0.00311633
0.00198933
0.000495168
0.000334429
0.000330234
0.00557204
0.00158285
0.000368039
0.004368
0.00349122
0.000282975
0.000307236
0.000242484
0.00607374
0.000918407
0.000211366
0.00171757
0.00148001
0.00963735
0.010455
0.0102098
0.0126073
0.00928724
0.00835332
0.00936321
0.00845104
0.00158633
0.00125833
0.0068809
0.00700783
0.00358184
0.00316406
0.00744858
0.00628492
0.000408651
0.00528122
0.000283829
0.000350027
0.00250246
0.00348462
0.000364003
0.0012154
0.002108
0.00756115
0.00779501
0.00648864
0.00623611
0.00758362
0.0064672
0.00898234
0.00157584
0.00548115
0.00646851
0.0017121
0.00238429
0.00513104
0.00300516
0.00684968
0.000190514
0.00053763
0.000389617
0.000421783
0.000431388
0.000482527
0.000251181
0.000523216
0.00057793
0.000332432
0.000465862
0.00132765
0.000669641
0.000394181
0.000847404
0.000477595
0.000518676
0.000658665
0.000723414
0.000790869
0.000788901
0.000805893
0.000570548
0.000847233
0.000693596
0.00215024
0.000969187
0.00119511
0.00128764
0.00163088
0.000837857
0.00167211
0.000789055
0.000633127
0.000760443
0.00148956
0.000845483
0.000652268
0.00121474
0.00089938
0.000744793
0.00148459
0.000640236
0.000771763
0.000872954
0.000999321
0.000838173
0.000947169
0.000433805
0.000477681
0.00154795
0.000713282
0.000653713
0.000925946
0.00105818
0.00116376
0.000805144
0.00139464
0.00157211
0.000675542
0.00099982
0.00133842
0.00106492
0.00151626
0.000174778
0.000280497
0.00439434
0.000539695
0.000275206
0.000661896
0.00120164
0.00191116
0.000275132
0.000222521
0.00425733
0.000354843
0.000294843
0.000882203
0.00114883
0.00219547
0.00791749
0.00775561
0.0101589
0.00998995
0.00830627
0.00854533
0.00981855
0.00964444
0.00108927
0.00064772
0.00733434
0.00119048
0.000884351
0.00139539
0.00315716
0.00366763
0.00031557
0.00490326
0.000555618
0.000421329
0.00107429
0.00236767
0.000393071
0.00158125
0.00077613
0.00148996
0.0052838
0.00545844
0.00218601
0.00245509
0.0044487
0.00468417
0.00635807
0.00237023
0.00181333
0.00807125
0.00583249
0.00289972
0.00561721
0.00275968
0.00657737
0.00827664
0.00272639
0.00634208
0.00676915
0.00639839
0.0059199
0.00531547
9.1667e-06
1.7826e-05
1.60509e-05
9.11254e-05
4.23069e-05
4.37782e-05
6.61384e-05
6.6102e-05
1.85521e-05
1.69576e-05
2.01653e-05
8.99527e-05
6.18755e-05
2.7901e-05
4.78224e-05
5.12395e-05
1.71534e-05
2.10624e-05
2.45068e-05
0.000104957
4.90581e-05
2.56704e-05
3.58312e-05
5.31491e-05
0.000136202
0.000206799
0.000196395
0.000419665
0.000173907
0.000119151
0.000167721
0.000190137
6.20256e-05
6.04437e-05
0.000125469
0.000114721
5.70068e-05
6.79285e-05
0.000130194
9.7131e-05
3.11079e-05
7.02387e-05
2.78716e-05
3.04865e-05
6.64712e-05
6.55046e-05
2.0068e-05
5.87066e-05
6.22431e-05
0.000108964
8.36517e-05
8.6497e-05
8.10967e-05
0.000126502
0.000108048
0.000162957
6.09874e-05
0.000105711
9.65805e-05
5.85593e-05
6.13047e-05
8.76576e-05
3.8382e-05
9.21189e-05
0.0130689
0.0101347
0.00884141
0.0139514
0.0128635
0.0117307
0.0135796
0.00989878
0.00589489
0.00141475
0.00282464
0.00657881
0.00517233
0.00329072
0.00613905
0.00435057
0.00585191
0.00307869
0.00201581
0.00465606
0.00485011
0.00468595
0.00507091
0.00484009
0.012816
0.0108282
0.00854764
0.0138041
0.0101771
0.0123113
0.0137462
0.00987028
0.00956834
0.00816444
0.0123686
0.00950127
0.0104262
0.010212
0.0108284
0.0123922
0.00791292
0.00862896
0.00405169
0.0100724
0.0087087
0.0062351
0.00775078
0.00512215
0.00959371
0.0138921
0.0106553
0.00868339
0.00926774
0.00990544
0.00710874
0.00904816
0.00804163
0.00667607
0.00896596
0.00538484
0.00687657
0.0101878
0.00833344
0.00774411
0.00977648
0.00767478
0.00748873
0.00731974
0.00863346
0.00808173
0.0078509
0.00739726
0.00454324
0.00066288
0.000831696
0.00324701
0.0033958
0.00171742
0.00323848
0.00178606
0.00420981
0.000735381
0.000650367
0.00260917
0.00323805
0.00127825
0.00266475
0.00135347
0.00427301
0.00335601
0.00280333
0.00271182
0.00355246
0.00331007
0.00296565
0.00293349
0.0065457
0.00586544
0.00598086
0.00447979
0.00575662
0.00618999
0.00541089
0.00549704
0.0054346
0.00385973
0.00157392
0.00512634
0.00505068
0.00406623
0.00465613
0.00356944
0.00477807
0.00488109
0.00366837
0.002952
0.00427024
0.00457762
0.00348241
0.00371032
0.00444514
0.00287237
0.00339989
0.00165905
0.0035982
0.00322059
0.00309507
0.00309071
1.32842e-06
1.5984e-06
1.77716e-05
1.0866e-06
1.40434e-06
7.6161e-06
5.44679e-06
5.55426e-06
1.91638e-06
2.11419e-06
2.55317e-05
1.18394e-06
1.80122e-06
1.195e-05
6.79117e-06
6.99433e-06
5.36254e-05
5.27717e-05
0.000104623
6.05398e-06
2.72579e-05
4.8319e-05
3.14782e-05
4.67979e-05
8.86919e-07
1.03984e-06
7.78016e-06
8.16588e-07
8.71416e-07
4.95273e-06
3.62546e-06
4.3668e-06
1.55493e-06
1.76009e-05
1.02475e-06
1.06919e-06
6.0512e-06
5.7475e-06
1.13341e-06
5.8027e-06
9.96718e-06
6.53764e-06
3.17951e-05
3.24956e-05
6.16857e-06
6.46531e-06
2.32538e-05
2.15946e-05
1.47606e-05
4.5494e-06
5.07808e-06
1.16823e-05
1.09068e-05
4.64232e-06
1.1056e-05
4.81857e-06
1.90405e-05
1.41741e-05
5.12558e-06
1.88049e-05
1.63115e-05
1.34793e-05
1.66984e-05
1.33435e-05
0.011049
0.00951004
0.0106355
0.0107596
0.0107543
0.0103727
0.0110361
0.0104071
0.00551427
0.000527984
0.000598964
0.000669335
0.00190694
0.00105048
0.00127216
0.000604016
0.00674675
0.000621497
0.000635899
0.000852437
0.00280829
0.00164976
0.00172251
0.000723179
0.00826841
0.000857804
0.00106123
0.00113766
0.0036744
0.0019281
0.00285094
0.00103635
0.00785139
0.0090929
0.00937632
0.00260793
0.00757326
0.0088409
0.00682008
0.00834964
0.00683766
0.00141588
0.001369
0.0078997
0.00632309
0.00233135
0.00633555
0.00241141
0.00882913
0.00938792
0.00173695
0.00238922
0.00797995
0.00792067
0.00344929
0.00318773
0.00725978
0.000923331
0.000772764
0.000682186
0.00288225
0.00190058
0.00146187
0.000776473
0.0001042
5.8546e-05
0.00128265
9.49616e-05
7.58671e-05
0.000371207
0.000273699
0.000527499
3.71558e-05
2.64774e-05
0.000712358
3.77705e-05
2.98961e-05
0.000137017
0.000114583
0.000171199
0.0015468
0.001269
0.00148826
0.00106299
0.00124356
0.00138133
0.00128131
0.00136789
0.000116387
5.81881e-05
0.000562018
4.37745e-05
8.08426e-05
0.000221725
0.000218293
0.000333594
4.90733e-05
0.00108765
9.20323e-05
4.84902e-05
0.000178752
0.000454469
6.1237e-05
0.000292965
0.000249518
0.000171856
0.000927472
0.00126354
0.000342727
0.000275706
0.000946074
0.000799198
0.00124402
0.000263511
0.000162873
0.000777625
0.000998763
0.00046856
0.000774835
0.000396048
0.00132606
0.000898682
0.000255772
0.00101305
0.00110708
0.000877078
0.000903499
0.00073582
0.000234186
0.000452943
0.00155785
0.00176146
0.000743267
0.00083437
0.00145374
0.00147729
0.000480897
0.000503718
0.00198951
0.00307092
0.000584686
0.000699557
0.00177148
0.00201603
0.00270281
0.00320705
0.00317545
0.00391683
0.00316593
0.00316334
0.00346492
0.00338893
0.00382421
0.00421531
0.00484043
0.00597287
0.00466676
0.00470416
0.00519283
0.00514005
0.000634537
0.00213681
0.00248235
0.00288718
0.00194028
0.00206465
0.00251495
0.00261857
0.000748178
0.003241
0.00265684
0.00223513
0.00188253
0.00247171
0.00213195
0.00262701
0.00274336
0.0032315
0.00411942
0.00423661
0.00321414
0.00326107
0.00382684
0.00400286
0.00274495
0.00416459
0.00400909
0.00325365
0.00330554
0.00383813
0.00337025
0.0039319
5.81137e-05
1.99819e-05
3.92704e-05
2.41742e-06
3.15914e-05
4.5877e-05
3.068e-05
2.86382e-05
8.6455e-06
2.2742e-06
1.86166e-05
1.67591e-06
4.0075e-06
9.60431e-06
9.55248e-06
8.48423e-06
2.93487e-05
1.4696e-05
5.49563e-06
4.65374e-06
1.05642e-05
1.15492e-05
5.35935e-06
4.91148e-06
4.07007e-06
3.02994e-06
3.84189e-06
7.53918e-07
3.25875e-06
6.40768e-06
3.98703e-06
3.10251e-06
1.13515e-05
2.18086e-05
1.89583e-06
1.6295e-06
1.76317e-05
2.06453e-05
1.9967e-06
4.4265e-06
2.33588e-05
3.68377e-06
1.73011e-05
4.57318e-05
1.58817e-05
1.11032e-05
3.61297e-05
1.33929e-05
1.77997e-05
8.90701e-06
7.57154e-06
4.43089e-06
1.13971e-05
1.12229e-05
8.11973e-06
8.44602e-06
1.80085e-05
4.24431e-06
9.72637e-06
1.33201e-05
1.00002e-05
9.25168e-06
1.47714e-05
1.00854e-05
2.04413e-06
6.55657e-06
1.98356e-06
1.06567e-06
3.85788e-06
4.78432e-06
1.6485e-06
4.50404e-06
1.13774e-05
5.46509e-06
9.7059e-06
2.65331e-06
9.30165e-06
9.60267e-06
5.74367e-06
8.78084e-06
2.37379e-06
5.31925e-06
2.63274e-06
1.35849e-06
3.11321e-06
5.12946e-06
1.92108e-06
5.11176e-06
7.88356e-07
2.92158e-06
8.92271e-07
7.95693e-07
1.84951e-06
2.91447e-06
9.47705e-07
2.56657e-06
7.56612e-06
3.94292e-06
3.41465e-06
4.08351e-06
5.21075e-06
3.76289e-06
3.82181e-06
3.40428e-06
7.84474e-06
4.62817e-06
7.21669e-06
4.82295e-06
5.54285e-06
5.90941e-06
5.45217e-06
7.15039e-06
1.73187e-06
1.18031e-06
2.14756e-06
1.25447e-06
1.21753e-06
3.4236e-06
3.64221e-06
3.35937e-06
4.61517e-06
3.79177e-06
5.13976e-06
5.23395e-06
3.71611e-06
3.62583e-06
5.20855e-06
6.30902e-06
9.28366e-07
2.84356e-06
1.76393e-06
1.10574e-06
1.91661e-06
1.93576e-06
1.06252e-06
1.33966e-06
3.81118e-06
3.51165e-06
6.8957e-06
6.49814e-06
4.11179e-06
4.11922e-06
6.08953e-06
5.62186e-06
1.64481e-06
6.58921e-06
1.7078e-06
1.56818e-06
3.42647e-06
6.06457e-06
1.2874e-06
2.04185e-06
1.20102e-06
7.52276e-06
1.53772e-06
1.30468e-06
2.60854e-06
4.49693e-06
1.15894e-06
1.73825e-06
3.22658e-06
2.41939e-06
2.468e-06
7.12621e-06
2.75673e-06
3.99455e-06
6.91823e-06
3.57037e-06
3.23446e-06
9.01083e-06
8.02676e-06
3.76212e-06
2.31821e-06
6.66819e-06
3.78332e-06
5.87515e-06
1.32524e-06
1.26386e-06
1.00773e-05
1.23826e-06
1.35435e-06
1.63112e-06
2.9574e-06
7.3807e-06
1.7774e-06
1.76746e-06
6.97859e-06
6.9325e-06
6.75395e-06
5.2369e-06
1.09296e-05
5.73323e-06
9.12429e-05
9.17397e-05
9.1841e-05
0.00142392
0.000378675
9.92578e-05
0.000765612
0.000429892
8.4869e-05
6.92945e-05
6.52976e-05
0.00140804
0.000282147
7.08783e-05
0.000591365
0.000486364
5.99597e-05
5.60196e-05
4.84986e-05
0.00133948
0.000193114
4.66013e-05
0.000426871
0.000326847
0.00253768
0.00286156
0.00249402
0.00296644
0.00281267
0.00271107
0.00282846
0.00275764
0.000297535
0.000254187
0.00180878
0.00177451
0.000688101
0.000668522
0.00172909
0.00162391
7.7441e-05
0.00159295
5.37955e-05
7.32123e-05
0.000429319
0.00057793
6.7596e-05
0.000222483
0.000517839
0.00210614
0.00234697
0.00171803
0.00153817
0.00190109
0.00160224
0.00218749
0.000354729
0.00156865
0.00207909
0.000401244
0.000497539
0.00151633
0.000530168
0.00151838
0.00187352
0.00151267
0.00118261
0.0042748
0.00250994
0.00134972
0.00254036
0.00139301
0.00124061
0.000747033
0.000699969
0.0012808
0.00121841
0.000879943
0.00118793
0.000947581
0.000707434
0.000470071
0.000346899
0.00148738
0.000851847
0.000401735
0.000806043
0.000436093
0.00495715
0.00173624
0.00244767
0.00223253
0.00338286
0.00233731
0.00328893
0.00242499
0.00196161
0.00158015
0.00451017
0.00232876
0.00193707
0.0017769
0.00296705
0.00310408
0.00124151
0.00171506
0.000627629
0.000816788
0.00133542
0.00124967
0.00102363
0.00111055
0.00156282
0.00442409
0.00226484
0.00256787
0.00279702
0.0032601
0.00264551
0.00266452
0.000830613
0.00175014
0.00182973
0.000671552
0.00104471
0.00168108
0.00110733
0.00163517
0.00176618
0.00219223
0.00137942
0.000984851
0.00198023
0.00203697
0.00111014
0.00190753
0.00234165
0.00196161
0.00216632
0.00138442
0.00242141
0.00218592
0.00182539
0.00234244
0.00100336
0.00191368
0.00130922
0.00122533
0.00156202
0.00172743
0.00134982
0.00157331
0.000839376
0.00120669
0.000928479
0.000618618
0.00154806
0.00129658
0.000764911
0.00170561
0.00227388
0.00170576
0.0016737
0.00194806
0.00211602
0.00170838
0.00174131
0.0015748
0.00230147
0.00139917
0.00216045
0.00190547
0.00222552
0.00165854
0.00208792
0.00214837
0.00143165
0.000981877
0.00161933
0.000975382
0.00121513
0.00190062
0.00182394
0.00166463
0.00175974
0.00173561
0.00185058
0.00206726
0.00178603
0.00158459
0.00203472
0.00186834
0.000111001
0.000582631
0.000352767
0.00116987
0.000362149
0.000432294
0.000791344
0.000738746
0.00108321
0.00153793
0.00168724
0.00188927
0.00138242
0.00144852
0.00170305
0.00169348
0.000496915
0.0015709
0.000635847
0.00215984
0.000934965
0.000924385
0.00111401
0.00107567
0.00221671
0.00227392
0.00247501
0.00245692
0.00234394
0.00233167
0.00245049
0.00242674
0.000874156
0.000794565
0.00149787
0.00183934
0.00132866
0.00118839
0.00158013
0.00153619
0.000951753
0.00187263
0.00157647
0.000798203
0.00130522
0.00164127
0.00118898
0.001548
0.0009825
0.0019506
0.00214064
0.00232844
0.00177778
0.00188862
0.00209214
0.00214956
0.000946449
0.00226815
0.00211039
0.00179644
0.00145219
0.00205028
0.0018242
0.0021349
0.000157431
0.000145553
0.000149559
0.000841996
0.000527901
0.000154125
0.000617854
0.000307615
7.75042e-05
3.33355e-05
2.83749e-05
0.000167352
0.000323096
3.49351e-05
0.000220876
0.000131795
6.74378e-05
2.70408e-05
2.36101e-05
0.000370956
0.000123357
2.59191e-05
9.71447e-05
7.39402e-05
0.00194187
0.00144986
0.00226043
0.00672458
0.00257252
0.00149541
0.00429209
0.00266726
0.000512246
0.000363246
0.000742706
0.000704237
0.000441417
0.000478931
0.00034069
0.000399687
7.24318e-05
0.000239518
3.03473e-05
6.1282e-05
0.000190922
0.000224377
9.29249e-05
0.000236261
0.000307879
0.00094295
0.000581887
0.000458924
0.000523725
0.000462699
0.000414568
0.000780981
0.000153089
0.000246405
0.000296537
9.83696e-05
0.000166647
0.00013349
0.000142294
0.000196826
0.00120199
0.000248239
0.000567601
0.00159395
0.00132025
0.000683499
0.00148754
0.00110981
0.000782079
0.00235157
0.0023231
0.00305952
0.00195756
0.002061
0.00245628
0.00299434
0.000443689
0.00193906
0.000866942
0.00275268
0.00161938
0.00157614
0.00142305
0.00183193
0.00107678
0.00193521
0.00197721
0.000952641
0.00147622
0.00146048
0.00074065
0.00115585
0.00081544
0.00101836
0.00125678
0.001981
0.000875308
0.00100733
0.00159002
0.00144283
0.000956359
0.00284456
0.00201679
0.00060978
0.00115373
0.00229102
0.000401657
0.00208049
0.000902463
0.00104427
0.00207751
0.00151735
0.00163609
0.00161583
0.00195652
0.00193344
0.00104379
0.00235769
0.00297512
0.00234787
0.00182733
0.00268434
0.00216696
0.00307752
1.36398e-05
1.51355e-05
1.40167e-05
4.59908e-05
2.86837e-05
2.68419e-05
3.70631e-05
4.10119e-05
1.38466e-05
8.78813e-06
8.28049e-06
4.63012e-05
1.52363e-05
1.76517e-05
2.52498e-05
3.01699e-05
1.13434e-05
9.52663e-06
9.22693e-06
5.30377e-05
2.46012e-05
1.71811e-05
3.62576e-05
3.63277e-05
7.58706e-05
6.89422e-05
8.48521e-05
0.000119128
6.33155e-05
8.72613e-05
9.04159e-05
7.20783e-05
2.51693e-05
4.42969e-05
4.12386e-05
5.55883e-05
3.92609e-05
4.40884e-05
5.37242e-05
5.44882e-05
2.30998e-05
5.04179e-05
1.64411e-05
2.04565e-05
3.61936e-05
3.07002e-05
1.00176e-05
3.61786e-05
4.23149e-05
6.09067e-05
6.07821e-05
5.31071e-05
4.48262e-05
5.20584e-05
4.45564e-05
6.8911e-05
3.88813e-05
4.62228e-05
5.50453e-05
3.31622e-05
4.03189e-05
5.11244e-05
3.79206e-05
5.15253e-05
0.000208201
0.00186187
0.000215795
0.00027914
0.00043617
0.000711985
0.000235207
0.000580067
0.00372011
0.00501528
0.00378843
0.0047401
0.004385
0.00444744
0.00426481
0.00439735
0.000230721
0.00195043
0.000243437
0.000317176
0.000510234
0.000746802
0.000266203
0.000579382
0.000367299
0.00328745
0.000391679
0.000476384
0.000874168
0.00132065
0.000399138
0.00105184
0.00257159
0.000449143
0.000616597
0.00337058
0.00225106
0.00105169
0.00256602
0.000962788
0.00279981
0.00364665
0.00287283
0.000758505
0.00260133
0.00339442
0.00202834
0.00268425
0.00024361
0.000307605
0.00294399
0.000330068
0.000286901
0.000737081
0.000645079
0.0014118
0.000581261
0.000785216
0.00338171
0.00261364
0.0010863
0.000994424
0.0023132
0.00260186
9.16241e-05
0.000150178
3.80751e-05
0.00117153
0.00017718
0.000101031
0.000351527
0.000220893
0.00022936
0.000311856
0.000104924
0.00240609
0.00066563
0.000220497
0.000981428
0.000540485
2.59094e-06
7.24659e-06
7.45441e-07
9.72443e-05
5.30863e-06
1.21764e-06
1.08877e-05
2.42046e-06
0.00208685
0.00296685
0.000496249
0.000944967
0.00224287
0.00197275
0.00118876
0.00118285
0.000331255
7.48997e-05
0.00156873
0.00238102
0.00063524
0.000426096
0.0017661
0.0011982
0.000157131
0.00178175
6.19663e-05
3.36428e-05
0.000398596
0.000799137
8.25661e-05
0.000211099
0.000109279
0.00145481
0.00216898
0.000357125
0.000610532
0.00124615
0.000682314
0.00152424
3.175e-05
0.000280307
0.00183714
0.000114702
6.429e-05
0.00046042
0.000335586
0.0011415
0.000999566
0.00562533
0.00622503
0.00112131
0.00195611
0.00470926
0.0016995
0.00541642
0.00876232
0.00993295
0.0107755
0.00891513
0.00930356
0.0100042
0.0094928
0.0102481
0.00990216
0.0112837
0.0112172
0.0107648
0.0106028
0.0111337
0.0107862
0.0112918
0.0010923
0.00609897
0.0073281
0.00107703
0.00240382
0.00547055
0.0021636
0.00606778
0.00686625
0.00748341
0.00233134
0.00712859
0.00697761
0.0064683
0.0061364
0.00537108
0.00846413
0.00875509
0.0107796
0.009084
0.00891943
0.00945176
0.0095367
0.0101468
0.00758434
0.00204046
0.00722089
0.00829536
0.00705335
0.00601212
0.0081709
0.00696555
0.0094936
0.0101616
0.00914034
0.0109878
0.0101489
0.00973778
0.010345
0.00998154
0.00711141
0.00397508
0.00449538
0.0378372
0.0140704
0.00477508
0.0158691
0.00916441
0.00244007
0.00168001
0.00194933
0.0130299
0.00561962
0.00180791
0.00619636
0.00368508
0.00297113
0.00211388
0.00238208
0.00888097
0.00501158
0.00231077
0.00558007
0.0050558
0.035797
0.0203145
0.011477
0.0122727
0.0272963
0.0210582
0.016709
0.0144022
0.00909082
0.00701035
0.0337536
0.0197997
0.0100763
0.00940458
0.0221648
0.025247
0.00278848
0.0145615
0.00219329
0.00320595
0.00563227
0.00592122
0.00278973
0.00504349
0.00891806
0.0329782
0.0197686
0.0125551
0.0200982
0.0253459
0.0168625
0.0207255
0.00703355
0.0109929
0.0148851
0.00510073
0.00670132
0.0132658
0.00678212
0.0121341
6.70721e-06
5.26853e-06
4.40803e-05
2.228e-06
5.78947e-06
4.83692e-05
1.57383e-05
1.33375e-05
4.49253e-06
3.85265e-06
2.14928e-05
1.36363e-06
3.80722e-06
1.92422e-05
1.00476e-05
1.59833e-05
7.63107e-05
3.37256e-05
0.000264792
0.000200895
6.74626e-05
5.87735e-05
0.000198831
0.00019351
4.44874e-06
3.02288e-06
9.95552e-05
1.31435e-06
4.37924e-06
1.72692e-05
4.35037e-05
5.34293e-05
4.77037e-06
2.54755e-05
1.89533e-06
1.54179e-06
1.66014e-05
1.61673e-05
1.46974e-06
9.02695e-06
3.63619e-05
8.69207e-06
2.71305e-05
2.58427e-05
1.59756e-05
1.33541e-05
4.68725e-05
3.42102e-05
2.29759e-05
1.17515e-05
2.18361e-05
0.000159468
5.68187e-05
1.18407e-05
4.79488e-05
1.83892e-05
2.37061e-05
0.000156559
1.69153e-05
3.40948e-05
3.28766e-05
3.31556e-05
2.83744e-05
2.70602e-05
0.000270062
0.0002486
0.000288183
0.00166098
0.000786951
0.000367573
0.000737152
0.00122898
0.000188889
0.000127608
0.000196071
0.00102898
0.000780815
0.000295383
0.000459012
0.000819199
0.000437983
0.000291614
0.000651126
0.00325442
0.00204145
0.000779038
0.00218468
0.00240857
0.00245141
0.00191208
0.00366158
0.00324356
0.00544369
0.0027961
0.00321175
0.00385715
0.000773473
0.00154977
0.00351631
0.00350766
0.000655429
0.00100768
0.00117259
0.00174645
0.0003085
0.00141032
0.00042774
0.000542652
0.00100909
0.000684562
0.000226058
0.00141065
0.00105945
0.00208868
0.00197042
0.00332867
0.00411178
0.00349099
0.00463534
0.00315886
0.00182193
0.00357942
0.00263177
0.00170064
0.00180696
0.00292818
0.00101695
0.00205858
0.00918647
0.0068173
0.00797011
0.00810071
0.00849683
0.00786736
0.00843463
0.00786624
0.00337829
0.000620445
0.00242419
0.000838408
0.0016354
0.0014756
0.00162761
0.0015418
0.00670609
0.00434918
0.00551302
0.00540715
0.00586738
0.00533382
0.00585567
0.00536639
0.00550429
0.00102126
0.00403046
0.0011788
0.00288568
0.00273029
0.00280173
0.00272592
0.00543644
0.0071377
0.00665996
0.0022608
0.00537538
0.00665888
0.00453181
0.00613319
0.0048006
0.00213334
0.00367665
0.00652817
0.0048454
0.00306928
0.00546166
0.00409697
0.0071042
0.00656551
0.0021465
0.00518799
0.00671587
0.00605824
0.00518697
0.00401027
0.00654282
0.00480606
0.0021018
0.00379037
0.00534664
0.00477564
0.00414975
0.00326964
0.00264803
0.00391384
0.00638181
0.00433702
0.00371339
0.00427305
0.00481667
0.00604345
0.00513822
0.00340617
0.00380295
0.00794895
0.00653271
0.0048397
0.00747945
0.00516243
0.00797471
0.00372239
0.00364104
0.0125665
0.00826723
0.00396508
0.00901255
0.00417163
0.00680667
0.00977921
0.0167312
0.0104937
0.0091059
0.010881
0.0108336
0.0137481
0.0052399
0.0070788
0.00585992
0.00814943
0.00618871
0.0064773
0.00613666
0.00704629
0.00588345
0.00891964
0.00444599
0.00732822
0.00760032
0.0081244
0.0073615
0.00771586
0.0090613
0.00723079
0.0096035
0.0147674
0.0101401
0.00944586
0.0111574
0.01012
0.00887689
0.0135831
0.0105002
0.00521067
0.0098952
0.0112694
0.00962973
0.0110922
0.0175992
0.0100349
0.014887
0.0111767
0.0140315
0.0127853
0.0139808
0.0129635
0.00352632
0.000401198
0.000555477
0.00317204
0.0024419
0.000751311
0.00243417
0.00076223
0.00630285
0.000905843
0.00145237
0.00543859
0.00455975
0.00144171
0.00475687
0.00160782
0.00715904
0.00426775
0.00585233
0.00367134
0.00579221
0.00585491
0.00583365
0.00582379
0.00687093
0.010773
0.00888753
0.004948
0.00688202
0.0102107
0.00670838
0.00893757
0.00450479
0.00417114
0.000952181
0.00613097
0.00473611
0.00378728
0.00457089
0.00330427
0.0109961
0.00888245
0.00505009
0.00815156
0.0102241
0.00887689
0.00809725
0.00719832
0.00665535
0.00616872
0.00439403
0.0010773
0.00527889
0.00591564
0.00326519
0.00411135
0.000166609
0.000124752
0.000133268
2.91807e-05
5.09448e-05
6.54321e-05
5.86899e-05
4.77227e-05
9.34834e-05
7.06845e-06
3.88238e-06
5.68853e-06
4.41197e-05
2.69545e-05
1.38908e-05
4.6148e-06
7.11549e-05
3.15128e-06
3.48193e-06
3.28856e-06
2.18317e-05
1.72757e-05
1.12308e-05
4.17801e-06
1.43653e-05
4.86027e-06
2.56128e-06
7.00894e-07
5.06718e-06
5.07079e-06
4.22657e-06
2.03858e-06
7.19798e-05
5.472e-05
1.73154e-05
3.35516e-05
4.98969e-05
5.44637e-05
3.62255e-05
1.92012e-05
9.57543e-05
1.93365e-05
1.55915e-05
8.41671e-05
4.02865e-05
2.48916e-05
5.45601e-05
2.13763e-05
6.61174e-05
2.76562e-05
6.64561e-06
8.29846e-06
4.82215e-05
2.24157e-05
1.67965e-05
1.0197e-05
5.69179e-05
3.3204e-06
2.92843e-06
3.06159e-06
1.88233e-05
1.15916e-05
8.51813e-06
2.38648e-06
0.00104337
0.000475526
0.00532694
0.00120333
0.00110949
0.00137313
0.00222286
0.00228784
0.000183072
0.000119386
0.00329257
0.000281847
0.000206821
0.000758345
0.000566417
0.00138333
0.014741
0.00980642
0.0189609
0.0131488
0.0126641
0.0126085
0.0162278
0.0151571
0.000727922
0.00038007
0.00558959
0.000384842
0.000525533
0.000759491
0.00199693
0.00234678
0.000446063
0.00488764
0.000849312
0.000374264
0.00115481
0.00183348
0.0006102
0.00101
0.000875266
0.000731142
0.00404068
0.00522144
0.00143267
0.00125972
0.00394449
0.00373738
0.00904255
0.0019011
0.00089657
0.00807297
0.00663025
0.00242609
0.00546874
0.0018972
0.00890516
0.00835343
0.00151363
0.00597289
0.00819286
0.00644382
0.00566061
0.00445348
2.19726e-06
9.07804e-06
1.77018e-06
2.06876e-06
9.79204e-06
6.49182e-06
1.45225e-06
7.70215e-06
1.82045e-05
1.6535e-05
2.28017e-05
3.12972e-05
2.28519e-05
2.55216e-05
2.21198e-05
2.73288e-05
1.57009e-06
8.96668e-06
6.61327e-07
2.60006e-05
3.7349e-06
2.65952e-06
1.99358e-06
2.07049e-06
0.000162291
0.000668347
0.000134062
0.000503187
0.00035408
0.000380742
0.000308301
0.000410005
1.07512e-05
5.7958e-06
2.64519e-05
6.50723e-05
1.0192e-05
7.52452e-06
1.69574e-05
2.07537e-05
1.22837e-05
4.59571e-05
1.46233e-05
4.5869e-06
1.26171e-05
1.75014e-05
1.1399e-05
1.49973e-05
1.68172e-06
1.46057e-05
0.000197931
2.45013e-05
9.29668e-06
5.35426e-05
7.05847e-05
0.000110928
4.36187e-06
8.78647e-05
9.54857e-05
8.47847e-06
6.38889e-06
7.42268e-05
1.16047e-05
7.00878e-05
0.000378732
6.80696e-05
0.000358491
0.000151711
0.00029373
0.000269066
0.000287139
0.000227688
3.91745e-05
9.51866e-06
3.07438e-06
1.10245e-05
5.63964e-05
3.04573e-05
5.5004e-05
6.91054e-06
0.000212046
3.17978e-06
9.37217e-06
8.40112e-06
9.31851e-05
5.42104e-05
9.68345e-05
8.84037e-06
8.04349e-05
1.30676e-05
5.8085e-06
1.89715e-05
0.000112262
5.37207e-05
0.000120777
1.08203e-05
4.01414e-05
0.000252226
0.000121167
9.42899e-05
3.70685e-05
5.8028e-05
5.71353e-05
5.02714e-05
2.25495e-05
5.12799e-05
1.67782e-05
0.000195952
3.08341e-05
4.89297e-05
3.43431e-05
2.28106e-05
0.000237601
9.90906e-05
9.86763e-05
6.60267e-05
0.000162038
0.000106008
5.21885e-05
7.62269e-05
0.000159197
5.23952e-06
8.4723e-06
3.72131e-06
4.26033e-05
2.86108e-05
2.87191e-05
4.8679e-06
0.0262184
0.0438378
0.0225967
0.0332664
0.034405
0.0354483
0.0312585
0.0309682
0.043814
0.0112865
0.00555868
0.00984214
0.0375882
0.0183177
0.0207382
0.00729479
0.010912
0.00298377
0.00177213
0.0027982
0.00809464
0.00583199
0.00485354
0.00223654
0.0215969
0.00692201
0.00389878
0.00427422
0.0145655
0.00804667
0.00947334
0.00465776
0.046096
0.0248943
0.0353178
0.0300529
0.038452
0.0334545
0.0373349
0.0336733
0.0394003
0.0112996
0.0106857
0.0206523
0.0298484
0.0189366
0.0254768
0.0173175
0.0203519
0.0285445
0.0198225
0.0111731
0.0219939
0.0251661
0.016534
0.0202646
0.0142131
0.00382866
0.00661915
0.0039177
0.00891103
0.00638149
0.0106026
0.0054972
0.0169686
0.00952648
0.0102219
0.0123923
0.014084
0.0111548
0.013245
0.0109603
0.00363592
0.000686125
0.00332103
0.00100164
0.00194729
0.00174412
0.00187577
0.00183205
0.00643639
0.00415932
0.00428031
0.00499306
0.0053292
0.00455722
0.00498006
0.00442605
0.00588479
0.00128965
0.00411368
0.000658138
0.00332446
0.00301425
0.00293441
0.00290612
0.00671191
0.0085871
0.00891076
0.00260332
0.00660765
0.00866315
0.00527849
0.00773779
0.00524013
0.00244133
0.00401982
0.00691233
0.00545906
0.00351029
0.00619643
0.00483088
0.00797103
0.00820827
0.00260648
0.00560157
0.00772095
0.00741727
0.00616251
0.00487741
0.00667109
0.00504719
0.00255998
0.00409166
0.00540238
0.00524674
0.00466413
0.00402285
8.70864e-06
8.55093e-06
1.24675e-05
1.6986e-05
1.49787e-05
1.08593e-05
1.54523e-05
1.40004e-05
6.84497e-06
7.34385e-07
7.24275e-07
9.97882e-07
2.77888e-06
2.54882e-06
3.48544e-06
9.02712e-07
6.50687e-06
7.72834e-07
8.7689e-07
1.08258e-06
4.38385e-06
4.30121e-06
4.44187e-06
1.09278e-06
8.57882e-06
1.23969e-06
1.22617e-06
1.33081e-06
5.32799e-06
5.21577e-06
7.65321e-06
1.37008e-06
9.55065e-06
8.37756e-06
9.70642e-06
3.93926e-06
7.95827e-06
9.20975e-06
8.29547e-06
9.36083e-06
8.28723e-06
3.899e-06
3.50367e-06
7.91189e-06
6.60814e-06
3.64295e-06
5.57327e-06
3.56229e-06
7.25741e-06
9.05769e-06
5.11973e-06
6.10622e-06
7.0876e-06
7.83097e-06
4.44176e-06
4.74445e-06
6.97159e-06
1.23576e-06
1.09648e-06
9.96391e-07
4.20967e-06
4.38713e-06
4.00535e-06
1.09622e-06
0.000269989
0.00139391
0.000651309
0.00116206
0.000968558
0.00115137
0.00115955
0.00115773
0.00175283
0.00175821
0.00104471
0.0017876
0.00170415
0.00165164
0.00162248
0.00157743
0.000411379
0.000526949
0.000256782
0.000492382
0.000544728
0.000529295
0.000330305
0.000409009
0.00139212
0.00173433
0.00180456
0.00169988
0.00164966
0.00172135
0.00171383
0.00174369
0.00164284
0.00111808
0.00149573
0.00171879
0.00158877
0.00155256
0.00164984
0.00160509
0.00160776
0.00170523
0.00094533
0.0008572
0.00156221
0.00159177
0.00108171
0.00116275
0.00104773
0.00153749
0.00168862
0.00153474
0.00144413
0.00161365
0.0015315
0.00168328
0.000910209
0.00142362
0.00166136
0.00105137
0.00114186
0.00135369
0.00112861
0.00140451
0.000559817
0.000326451
7.84842e-05
0.00254007
0.00113705
0.000543968
0.00101809
0.000506919
0.000330219
0.000303309
0.00013948
0.00124699
0.000920271
0.000376521
0.0010654
0.00101666
5.54034e-05
5.15431e-05
4.61349e-05
0.000418033
0.000186857
5.70321e-05
0.000258164
0.000248463
0.00281847
0.00159893
0.00218428
0.00216701
0.00221898
0.00187138
0.00225146
0.00187832
0.000831836
0.000209814
0.00273542
0.00176747
0.00105613
0.000984003
0.00239201
0.00242111
0.00029756
0.00155898
0.000195466
9.87561e-05
0.000929615
0.000973774
0.000134403
0.000777578
0.000293774
0.00209624
0.00175793
0.00185886
0.00079815
0.00167416
0.0010669
0.00180794
0.000440135
0.000983031
0.00164421
0.00040245
0.000465757
0.00122126
0.000685676
0.00129639
1.12925e-06
3.77372e-06
1.56531e-05
8.16576e-06
1.24934e-06
1.87654e-06
2.04392e-06
8.9061e-06
1.11308e-05
0.000151666
0.00077216
0.000203573
7.31819e-05
0.000252522
0.000256531
0.000467773
0.000127128
0.000849208
0.00020238
0.00130965
0.000394731
0.000474414
0.000569473
0.000585606
0.000221103
0.000264785
0.00184176
0.000354396
0.000382546
0.000744731
0.000682029
0.00125825
4.22981e-06
8.61183e-05
6.61263e-05
0.000254846
3.87404e-05
0.000121366
0.000135764
0.000283476
3.25902e-05
0.000473782
0.000727424
0.000136586
0.000149595
0.000470572
0.000307718
0.000596365
0.000228464
0.000231917
0.000442199
0.00147108
0.000663408
0.000520912
0.00107398
0.000887729
0.000275864
0.00161586
0.000808304
0.00103113
0.000718569
0.00125939
0.000942765
0.00129128
0.000234826
3.3815e-05
4.96102e-05
0.000160178
0.000170862
0.000109674
0.000142467
9.44513e-05
2.10886e-05
1.77063e-05
2.35363e-05
1.29406e-05
1.91604e-05
1.51728e-05
1.32395e-05
1.95076e-05
4.74169e-06
3.42959e-05
3.12474e-06
3.77508e-06
8.85563e-06
9.45108e-06
4.44426e-06
6.98864e-06
6.27317e-05
2.63637e-05
0.000102712
2.16347e-06
5.83617e-05
9.25721e-05
2.71371e-05
8.9429e-05
4.01174e-05
6.50175e-05
0.000143597
2.70495e-05
4.54217e-05
0.000101604
3.14487e-05
0.00013327
2.13501e-05
7.73781e-06
2.12784e-05
1.66344e-05
1.85826e-05
2.57511e-05
3.23336e-05
3.19946e-05
5.54387e-05
9.30915e-05
2.93421e-05
6.53646e-05
0.000113655
0.000120222
8.61087e-05
9.25539e-05
1.08707e-05
1.32432e-05
8.66842e-06
1.76219e-05
1.65409e-05
1.90646e-05
2.93605e-05
1.86584e-05
0.000821546
0.000656164
0.00417586
0.000418733
0.0006321
0.00221441
0.000794509
0.00212296
0.00051255
0.000376991
0.00267753
0.000214961
0.000375992
0.0011481
0.000517003
0.00124199
0.00386331
0.00336167
0.00124924
0.000789318
0.00286164
0.00309834
0.00163907
0.0017627
0.000101989
4.9792e-05
0.000301068
1.62741e-06
2.74603e-05
0.000112418
5.46053e-05
7.51643e-05
0.000494459
0.0029425
0.000306314
0.000210053
0.000622404
0.00156226
0.000306258
0.000715214
0.0017813
0.000577477
0.00306496
0.00368324
0.00174111
0.00137521
0.00341775
0.0024682
0.00250355
0.000340671
0.000263234
0.000629593
0.00116693
0.00063004
0.000875577
0.000373358
0.00322696
0.000826682
0.000590968
0.00277711
0.00249366
0.00148092
0.00219549
0.00133507
0.000325066
0.000290431
0.000270843
0.00215634
0.000641235
0.000266061
0.000801443
0.00032141
0.00016171
9.22929e-07
4.56722e-06
0.000126001
9.85263e-05
3.48379e-06
5.81068e-05
6.54558e-06
0.000166969
1.31738e-05
8.51182e-06
9.20729e-05
7.46266e-05
1.71902e-05
6.62974e-05
3.45289e-05
0.00374729
0.000389884
0.00101356
0.00209688
0.0021829
0.000820426
0.00241105
0.0010595
0.000377066
0.00035875
0.00234515
0.00052447
0.0004114
0.000447102
0.0010016
0.00108151
0.000157071
0.00015646
7.82588e-06
0.000145234
0.000180012
0.000103779
0.000140511
9.76134e-05
0.000409137
0.00257728
0.000513055
0.000728222
0.00102368
0.00127915
0.000740788
0.000747185
0.000176807
0.000219224
0.000177437
1.55761e-05
0.000101667
0.000143835
4.89515e-05
0.000140601
0.00129889
0.000706426
0.000149842
0.00296491
0.00192413
0.000726985
0.00193948
0.00101782
0.000358334
0.00020332
0.000113268
0.00146926
0.000505566
0.000259501
0.000610851
0.000572815
3.4336e-05
4.44497e-05
1.71314e-05
0.000191131
8.65199e-05
5.3927e-05
0.00014209
8.9059e-05
0.00794196
0.00298919
0.0034422
0.00969351
0.00762511
0.00438216
0.00840466
0.0051386
0.000776573
0.000165709
0.00256603
0.00182788
0.000678357
0.000596591
0.00176487
0.0018106
0.000383557
0.00130953
0.000136491
0.000110369
0.000565752
0.000611841
0.000114059
0.000260796
0.000154878
0.00474618
0.00193132
0.000827964
0.000764361
0.00240642
0.000830545
0.00212902
9.48718e-05
0.000413788
0.00139813
0.000244727
0.000144992
0.000257283
0.00021812
0.000390981
7.33693e-05
0.000372122
0.000112863
0.000377422
0.000276086
0.000203777
0.000295724
0.000342769
0.00113841
0.00151608
0.000802824
0.00242706
0.00162259
0.00144693
0.00163239
0.00156481
0.000307731
0.000234443
0.000821798
0.00146092
0.000617263
0.0003291
0.0014134
0.00123765
0.000824743
0.00183379
0.00161483
0.00113273
0.00111077
0.000952088
0.00108292
0.00128136
0.001055
0.000286599
0.000480749
0.00190175
0.00100416
0.000393141
0.00136777
0.000620052
0.000853676
0.00190817
0.000480292
0.000157129
0.000932701
0.00108077
0.000401848
0.000882661
0.00050605
0.00058465
0.00179315
0.00113879
0.000918134
0.000797255
0.000957328
0.000913875
0.000471613
0.00110201
0.0018623
0.0008094
0.000557909
0.000867442
0.000843569
0.0015984
0.00149693
0.00139468
0.000732568
0.000527423
0.00112358
0.00111431
0.000635101
0.000694625
0.00113754
0.000103568
1.70488e-05
1.36934e-05
0.00052359
0.000522982
8.66063e-05
1.67533e-05
0.000355235
1.32784e-05
3.33464e-05
3.09731e-05
0.000171655
0.000107871
0.000161385
3.24226e-05
0.000268305
1.28598e-05
3.0874e-05
2.47474e-05
0.000192941
0.000117014
0.000164302
2.5878e-05
0.00105453
0.000536311
0.000366806
0.00021235
0.000376785
0.00042061
0.000323472
0.000366906
0.00103369
0.000206535
0.000131419
0.00040281
0.000507822
0.000168155
0.000504631
0.000175699
0.000241156
0.000516937
0.000139637
0.000288187
0.000331524
0.000373201
0.000259483
0.000233301
0.000340212
3.30179e-05
1.19664e-05
1.26613e-05
0.000180569
0.000255342
6.46532e-05
1.04311e-05
1.54908e-05
1.22348e-05
9.35202e-06
4.86291e-05
2.89625e-05
1.36985e-05
2.99261e-05
2.81425e-05
1.2127e-05
6.85961e-06
8.66359e-06
4.66823e-05
3.41709e-05
1.16053e-05
3.44291e-05
3.40642e-05
8.72095e-06
7.98918e-06
6.71168e-06
4.8325e-05
2.95139e-05
1.33262e-05
2.34686e-05
2.86204e-05
7.38975e-05
7.71511e-05
6.98149e-05
0.000124038
8.42295e-05
7.36483e-05
9.19634e-05
8.04928e-05
3.06157e-05
2.31004e-05
5.04298e-05
5.29874e-05
3.13079e-05
3.03032e-05
3.75847e-05
4.36091e-05
1.71317e-05
3.78456e-05
1.36433e-05
1.6776e-05
3.03411e-05
3.31135e-05
1.11864e-05
3.16824e-05
2.14881e-05
5.90094e-05
5.77271e-05
5.84649e-05
4.6607e-05
5.36708e-05
4.27896e-05
5.76234e-05
2.18448e-05
5.53259e-05
4.88147e-05
3.10037e-05
3.04865e-05
3.75395e-05
3.25418e-05
5.1073e-05
3.91611e-07
3.01433e-07
1.23281e-06
5.66831e-07
4.36393e-07
6.62609e-07
1.14673e-06
8.59123e-07
3.16516e-07
2.84056e-07
7.74899e-07
3.38401e-07
4.19229e-07
3.80913e-07
1.00919e-06
8.60822e-07
8.3901e-07
6.19471e-07
4.51152e-07
1.12256e-06
1.53295e-06
9.66298e-07
1.61543e-06
1.15028e-06
5.73991e-07
5.99549e-07
3.94749e-06
1.21343e-06
6.95137e-07
1.59192e-06
2.12433e-06
2.30189e-06
4.12989e-07
9.13136e-07
5.68271e-07
5.10032e-07
1.11987e-06
1.38483e-06
5.1946e-07
1.2427e-06
4.95042e-07
8.89201e-07
8.64702e-07
1.52207e-06
9.16092e-07
1.10866e-06
1.29448e-06
1.2299e-06
2.40813e-06
1.26356e-06
1.29888e-06
2.69182e-06
1.68875e-06
1.3249e-06
1.86639e-06
1.80683e-06
1.16892e-06
3.23339e-06
1.64135e-06
1.03601e-06
1.12349e-06
1.82848e-06
1.38043e-06
1.01096e-06
0.00325112
0.00146235
0.00728222
0.007671
0.00515473
0.00531666
0.0134985
0.0107548
0.00145161
0.00136063
0.00325821
0.00343229
0.00329043
0.00394254
0.00333534
0.00409563
0.00641976
0.00330532
0.00511595
0.0386371
0.0102836
0.00490328
0.018073
0.00882372
0.0113241
0.00695202
0.0536309
0.0149087
0.00946353
0.0166859
0.0592819
0.0409293
0.00358622
0.00971718
0.00822912
0.0045499
0.00495784
0.00923743
0.00558544
0.00960779
0.00410418
0.0043711
0.00300332
0.004666
0.00553548
0.00507503
0.00456696
0.00494087
0.0243808
0.0339405
0.0139325
0.0516166
0.0378444
0.0259681
0.0377925
0.0206449
0.0149651
0.0396181
0.0084166
0.00551982
0.0159545
0.028682
0.00804411
0.0129975
3.1497e-07
1.45258e-06
4.58508e-07
5.94329e-07
9.80301e-07
1.11476e-06
7.12598e-07
9.11569e-07
1.52101e-06
1.72135e-06
1.83002e-06
2.04678e-06
2.36555e-06
1.47354e-06
2.44852e-06
1.81371e-06
4.51289e-07
8.53783e-07
4.72582e-07
6.83051e-07
4.40504e-07
4.04768e-07
6.67742e-07
7.28743e-07
7.15585e-07
2.10746e-06
7.58759e-07
9.34006e-07
2.05972e-06
1.63384e-06
9.44201e-07
2.17798e-06
2.25753e-06
5.43112e-07
1.65433e-06
1.50948e-06
2.30761e-06
1.29817e-06
2.50811e-06
2.78006e-06
1.30411e-06
1.40135e-06
1.73183e-06
5.80769e-07
1.22364e-06
1.25079e-06
1.71053e-06
1.48374e-06
6.34033e-07
7.80802e-07
1.65182e-06
7.99985e-07
5.52052e-07
1.46241e-06
1.15842e-06
1.47333e-06
8.69261e-07
1.69287e-06
1.35384e-06
2.49251e-06
1.33029e-06
1.58295e-06
1.86796e-06
1.74684e-06
1.1651e-05
7.94624e-06
1.49279e-05
0.000201654
1.91467e-05
1.09347e-05
9.97094e-05
7.0367e-05
3.64485e-06
1.44966e-07
6.5425e-07
0.000120725
9.02901e-06
1.05008e-06
4.06902e-05
8.27596e-06
1.46512e-05
1.35092e-06
2.50242e-06
0.000198273
3.08039e-05
5.27801e-06
9.20064e-05
3.55914e-05
0.000327226
0.000364839
0.000469242
0.000586596
0.00029769
0.000409767
0.000472007
0.000457428
1.57706e-05
2.68474e-05
0.00020485
0.000167908
7.66873e-05
9.54601e-05
0.000179935
0.000222057
6.62745e-06
0.000151414
3.0312e-06
1.12712e-05
4.6622e-05
6.70502e-05
6.53949e-06
1.34798e-05
0.000115221
0.000245983
0.000263884
0.000331579
0.000198659
0.000196406
0.000215184
0.000281105
7.63463e-05
0.000251538
0.000199311
1.61755e-05
9.2688e-05
0.000194362
5.75419e-05
0.000155555
0.0407657
0.0437147
0.0641211
0.132111
0.0747139
0.0449306
0.0849594
0.0692499
0.0329274
0.0171413
0.0219088
0.146323
0.0706365
0.0206475
0.0915622
0.0289874
0.0655296
0.0271139
0.0295213
0.206684
0.101236
0.0340445
0.120123
0.0557282
0.242375
0.264191
0.290521
0.295594
0.277921
0.276157
0.287407
0.289616
0.110503
0.137732
0.21674
0.219307
0.130523
0.138842
0.184563
0.200954
0.0321964
0.180263
0.0269156
0.0426681
0.0541457
0.093077
0.0413604
0.0850966
0.158544
0.232891
0.236408
0.266274
0.216784
0.218317
0.245217
0.244
0.0699665
0.232725
0.199381
0.0403438
0.109382
0.212034
0.10803
0.176761
0.000233692
0.00015613
0.000163873
0.000215439
0.000162842
0.000162492
0.00021613
0.000186131
7.9959e-05
2.60649e-06
1.63174e-06
3.25433e-06
3.07575e-05
4.06923e-06
2.04067e-05
2.21608e-06
4.27967e-05
5.32651e-07
2.58196e-08
1.15429e-07
1.09729e-05
1.56683e-06
1.28944e-06
1.30378e-07
7.87923e-05
2.43041e-06
2.15549e-07
3.2923e-07
2.65422e-05
5.02037e-06
5.03537e-06
7.47343e-07
0.000128703
0.000112661
0.000146944
3.53249e-05
0.000111869
0.000139444
8.23891e-05
0.000108675
0.000110271
5.69195e-06
3.19414e-06
7.51202e-05
9.22158e-05
3.02629e-05
7.41635e-05
2.3841e-05
7.97002e-05
0.000108193
2.05528e-05
2.70457e-06
5.79129e-05
7.75208e-05
1.65572e-05
2.9193e-05
5.65972e-05
3.65096e-07
2.31773e-06
1.15759e-06
2.01529e-05
2.75316e-06
1.29488e-05
1.26784e-06
1.32968e-06
7.6274e-07
8.84859e-07
2.39159e-06
2.84738e-06
7.89445e-07
1.53222e-06
2.3082e-06
6.07021e-07
3.0596e-07
3.31356e-07
1.02836e-06
1.10338e-06
4.30686e-07
4.99692e-07
4.12138e-07
6.40149e-07
3.42717e-07
3.29076e-07
7.92576e-07
1.1405e-06
3.93945e-07
1.37787e-06
7.23717e-07
2.80368e-06
2.24855e-06
1.6195e-06
2.35068e-06
2.88612e-06
1.30925e-06
1.6238e-06
9.96691e-07
1.94642e-06
1.73669e-06
3.27827e-06
1.6939e-06
8.84153e-07
1.53098e-06
1.73331e-06
1.1319e-06
5.81265e-07
9.17491e-07
4.16545e-07
5.69581e-07
1.5383e-06
1.28028e-06
4.66797e-07
1.13268e-06
1.41869e-06
1.90734e-06
1.1067e-06
1.45648e-06
1.5095e-06
1.42348e-06
2.07523e-06
1.54626e-06
1.7775e-06
9.65083e-07
1.44071e-06
5.48039e-07
1.3851e-06
9.74496e-07
6.51469e-07
1.00331e-06
1.02975e-06
1.05892e-06
5.67444e-06
1.22603e-06
1.04047e-06
2.40427e-06
2.0726e-06
3.40674e-06
9.50365e-07
5.24228e-07
8.06193e-07
6.54413e-07
1.04888e-06
1.27274e-06
1.51125e-06
7.51646e-07
5.72933e-06
1.18503e-06
2.01905e-06
1.34315e-06
4.2394e-06
4.4858e-06
4.4009e-06
2.05889e-06
1.07718e-06
6.17938e-07
8.35489e-07
6.53828e-07
1.27471e-06
1.23349e-06
1.1723e-06
7.09227e-07
1.14218e-06
3.81801e-06
1.23677e-06
1.37687e-06
1.59244e-06
3.14988e-06
1.26755e-06
1.33441e-06
1.5406e-06
1.19621e-06
3.74347e-06
4.00072e-06
2.13577e-06
1.85865e-06
3.35962e-06
3.47398e-06
4.47947e-06
1.71169e-06
1.39993e-06
2.86735e-06
3.07031e-06
2.62451e-06
4.00155e-06
2.05287e-06
3.7863e-06
1.34608e-06
7.24422e-07
1.16749e-06
3.37753e-06
4.01301e-06
2.7368e-06
8.27866e-07
8.04847e-05
9.59856e-05
0.000110334
0.00248853
0.000340511
9.46503e-05
0.000907716
0.000615625
0.000110798
5.44408e-05
6.70133e-05
0.00146811
0.00043884
0.000123266
0.000836161
0.000298616
0.0001618
7.54984e-05
0.000100981
0.00207791
0.000597433
0.000161569
0.00100378
0.000396548
0.00431473
0.00360419
0.00435491
0.00500977
0.00489653
0.00420993
0.00547123
0.00459425
0.000366111
0.000421182
0.0030456
0.0023471
0.000944954
0.000972105
0.00219084
0.00251022
0.000122799
0.00178902
0.000144736
0.000129705
0.000600717
0.00103199
0.000138864
0.00050982
0.00111622
0.00383651
0.00281906
0.00341815
0.00262253
0.00312579
0.00283069
0.00335583
0.00068719
0.00240523
0.0019832
0.000342964
0.00116358
0.00214893
0.000991138
0.00170088
2.72553e-06
2.8857e-06
2.89256e-06
3.26812e-06
2.80796e-06
2.79255e-06
3.08565e-06
4.29092e-06
1.76035e-06
4.65005e-07
4.99776e-07
8.92193e-07
1.76427e-06
1.10998e-06
2.01956e-06
7.35388e-07
2.15177e-06
5.039e-07
5.03404e-07
7.45747e-07
1.31464e-06
8.76305e-07
2.08141e-06
6.71589e-07
4.87175e-06
1.15333e-06
9.83585e-07
1.85296e-06
2.58726e-06
2.59941e-06
2.8372e-06
1.22582e-06
3.21744e-06
3.66229e-06
5.79383e-06
2.49817e-06
3.8784e-06
5.38997e-06
3.80591e-06
4.95072e-06
1.69038e-06
2.43536e-06
1.01413e-06
2.30991e-06
2.84499e-06
2.9444e-06
2.24877e-06
1.5021e-06
4.1959e-06
3.8251e-06
2.45461e-06
2.48135e-06
2.67228e-06
3.1015e-06
2.60065e-06
2.55435e-06
3.18187e-06
9.36024e-07
9.23541e-07
7.07374e-07
2.33849e-06
2.44019e-06
2.00777e-06
7.62693e-07
0.0286308
0.0129179
0.00811819
0.0740479
0.0457541
0.0177411
0.0583998
0.0413761
0.00392138
0.014274
0.00273583
0.0370347
0.0177611
0.00168158
0.0144062
0.0027266
0.005223
0.00335273
0.00355284
0.0215489
0.0202592
0.0066159
0.0236412
0.0183358
0.0501643
0.0305538
0.0280491
0.0300078
0.0373725
0.0345428
0.0316235
0.0315935
0.0278616
0.0226351
0.0608462
0.0197403
0.0333881
0.0446031
0.0472515
0.0546247
0.00763321
0.0122822
0.00375416
0.00825715
0.0176657
0.0128861
0.00610144
0.0149469
0.037632
0.0525602
0.0171224
0.0323437
0.0381986
0.0507055
0.0339316
0.0389761
0.0200881
0.0265869
0.0143502
0.0112421
0.0206029
0.0209898
0.0151508
0.0216284
2.74287e-05
0.000713527
3.85876e-05
3.71407e-05
0.000121819
0.000355141
2.95038e-05
0.000227817
0.00202896
0.00325447
0.00232153
0.00241006
0.00247356
0.00275101
0.00221176
0.00259463
5.05898e-05
0.000889813
4.7671e-05
4.3474e-05
0.000134372
0.000201027
4.29112e-05
0.000171982
4.74532e-05
0.00100482
4.20428e-05
5.06455e-05
0.000163222
0.000344235
4.77882e-05
0.00026413
0.0010776
0.000150276
0.000173203
0.00131954
0.00102925
0.000393165
0.00109847
0.00042614
0.00153561
0.00180161
0.00169311
0.000304186
0.00139232
0.00173775
0.00111406
0.00126475
3.70971e-05
3.99764e-05
0.00090859
4.1757e-05
4.64072e-05
0.000257363
0.000143006
0.000342256
0.000208915
0.000240225
0.00136542
0.00128089
0.000286249
0.000298498
0.000882795
0.000961867
0.000852717
0.00059307
0.000831206
0.000293853
0.000637704
0.000799704
0.000600732
0.000640996
0.000583463
0.000528466
0.000510102
0.000180284
0.000476528
0.000564155
0.000465139
0.000478002
0.000582176
0.000247444
4.04343e-05
0.000104485
0.000411867
0.000306318
0.000336218
0.000287756
0.00034062
0.000155333
0.000100341
0.000211082
0.000147547
0.000125632
0.000203248
0.000114086
0.000550748
0.000723506
0.000213211
0.00021633
0.000535206
0.000522904
0.000197286
0.000222618
0.000658151
0.000209938
0.00060971
0.000834962
0.000554382
0.000455492
0.000780813
0.000549526
0.000667461
0.00025794
0.000145396
0.000154381
0.000238937
0.000217828
0.000178814
0.000209043
0.000673362
9.51245e-05
0.000107254
0.000479158
0.000488927
0.000217977
0.000497929
0.000197121
0.00333916
0.00151975
0.00293162
0.00254523
0.00288113
0.00217557
0.00288474
0.00266403
0.000668929
5.84747e-05
0.000670598
0.000228502
0.000196941
0.000149346
0.000417098
0.00045431
0.00120008
0.00153837
0.00187267
0.00195225
0.00202587
0.00187001
0.00211779
0.00203647
0.00144373
0.00026305
0.0011977
0.000315159
0.000513272
0.000495527
0.000514093
0.000476308
0.00139318
0.0024237
0.0018599
0.000537531
0.00148951
0.00210556
0.00124935
0.00174811
0.00113498
0.000491778
0.00093724
0.00184288
0.00130838
0.000814794
0.0010362
0.00107656
0.00241336
0.00192355
0.000554965
0.00156277
0.00217294
0.00175283
0.0014507
0.000947606
0.00217928
0.00157102
0.00054241
0.00126475
0.00177229
0.0014881
0.00128135
0.00111315
0.000143952
9.19853e-05
0.000225202
0.00227648
0.000520232
0.000172386
0.00137679
0.000602174
6.64495e-05
3.67879e-05
0.000134753
0.00117052
0.000282648
9.563e-05
0.000763761
0.000401644
0.000197601
0.000129399
0.000128807
0.00205241
0.000641387
0.000129203
0.000997842
0.000358964
0.0029664
0.00233144
0.00257484
0.00255132
0.00274435
0.00257359
0.00265433
0.00256
0.000353627
0.000754091
0.00239152
0.00171615
0.00099612
0.00121895
0.00161863
0.00207074
0.000127941
0.00151422
0.00016647
0.000195883
0.000518094
0.000946978
0.000177393
0.000526126
0.00129579
0.00286979
0.00211249
0.00256782
0.00232841
0.00246859
0.00240131
0.0024447
0.000476049
0.00224317
0.00182419
0.000354807
0.00102358
0.00201216
0.00089401
0.0017221
1.93201e-06
2.66483e-05
1.14833e-06
1.3233e-06
7.73517e-06
7.28331e-06
1.2336e-06
7.35266e-06
4.40185e-05
0.000102184
2.48092e-06
4.15595e-06
4.79956e-05
3.4393e-05
7.8608e-06
3.87088e-06
9.61819e-07
4.33094e-06
4.59883e-07
4.8313e-07
3.67954e-06
4.47983e-06
8.90653e-07
8.259e-07
1.19442e-06
6.67636e-06
4.8248e-07
6.13151e-07
4.55995e-06
5.42632e-06
9.43134e-07
8.71825e-07
1.80368e-05
5.68855e-06
6.3979e-06
2.00799e-05
1.45194e-05
5.80583e-06
1.50497e-05
6.07464e-06
1.90682e-05
1.57752e-05
1.25943e-05
5.37863e-06
1.50494e-05
1.60424e-05
1.27843e-05
1.49727e-05
1.13914e-06
1.21058e-06
1.46579e-05
9.36824e-07
1.04311e-06
6.22763e-06
3.72003e-06
5.27739e-06
5.64206e-06
8.24409e-07
9.2895e-06
5.51846e-06
5.02015e-06
5.1545e-06
1.03654e-05
6.55594e-06
0.001163
0.000850714
0.000621898
0.000680705
0.000906884
0.000833413
0.00074725
0.000688503
0.000497744
3.93463e-05
2.86521e-05
4.4775e-05
0.000133725
7.85976e-05
7.25022e-05
3.29674e-05
0.000242131
1.89867e-05
7.39541e-06
9.92033e-06
8.41282e-05
6.56217e-05
1.62221e-05
6.6926e-06
0.00027445
2.50985e-05
1.35228e-05
2.16972e-05
5.9862e-05
4.8403e-05
2.30959e-05
1.16595e-05
0.000605986
0.000456154
0.000432234
0.000150538
0.000495109
0.000474997
0.000423831
0.000402289
0.000529523
8.4367e-05
0.000109031
0.000396863
0.000425206
0.000135191
0.000356212
0.000155211
0.000306279
0.000323768
6.04802e-05
1.84946e-05
0.000251495
0.000291121
7.69139e-05
6.77678e-05
0.000282372
8.48841e-06
3.0678e-05
2.59239e-05
7.9641e-05
6.17436e-05
4.68563e-05
2.32321e-05
0.000355532
0.000323933
0.000392379
0.00273766
0.00178753
0.000526071
0.00209109
0.0013037
0.000191611
0.000122431
0.000196124
0.0042184
0.00103027
0.00023971
0.00155925
0.00101448
0.000313073
0.000242453
0.000272017
0.00252899
0.0017464
0.000308603
0.00192817
0.00103049
0.00337851
0.00580074
0.00361556
0.00759193
0.00402399
0.00468272
0.00566655
0.00398392
0.0019348
0.00204757
0.00380394
0.00322522
0.00174546
0.00265937
0.00219441
0.00311594
0.0003906
0.00329568
0.000269003
0.000367263
0.000918515
0.00155624
0.000310958
0.00136566
0.00261896
0.0038313
0.00478374
0.00456085
0.0037486
0.00283147
0.00405767
0.00376826
0.00125866
0.00282832
0.00342084
0.00101977
0.00136109
0.00348474
0.00126799
0.00295549
0.000285132
0.000171488
0.000605128
0.00525326
0.00120507
0.000491384
0.00357358
0.00161165
0.000101562
5.49272e-05
0.000381483
0.00389508
0.000636085
0.000254361
0.0028852
0.0014191
0.000524398
0.000446164
0.000503948
0.00430196
0.00186777
0.000399144
0.00296057
0.00233637
0.00764514
0.00588538
0.00625444
0.00997106
0.0105587
0.00883771
0.0119925
0.0105414
0.000993941
0.00193701
0.00562507
0.00482186
0.00364084
0.00421718
0.00432296
0.00619821
0.000404013
0.005806
0.000431486
0.000474654
0.00147183
0.00331239
0.000500509
0.00168236
0.00407078
0.00857246
0.0070672
0.0060382
0.00498066
0.00435767
0.00440775
0.00574469
0.00210561
0.00583081
0.00453026
0.00229215
0.00394075
0.00467971
0.00307711
0.0035839
4.42211e-06
2.11855e-06
2.86935e-06
3.42307e-06
3.35075e-06
2.0811e-06
2.83584e-06
4.11442e-06
1.63776e-06
4.73066e-07
4.7979e-07
8.65928e-07
1.62005e-06
9.70244e-07
2.0528e-06
7.41889e-07
1.87316e-06
4.91593e-07
4.90233e-07
7.33555e-07
1.34331e-06
8.16102e-07
2.13103e-06
6.83645e-07
3.14929e-06
1.0688e-06
8.69983e-07
1.14929e-06
2.63091e-06
2.6111e-06
2.82289e-06
1.07936e-06
3.25429e-06
3.37249e-06
4.99628e-06
2.45548e-06
2.97563e-06
3.92772e-06
3.03879e-06
3.87634e-06
1.48753e-06
2.37779e-06
9.35215e-07
1.52821e-06
2.66943e-06
2.70686e-06
2.01623e-06
1.54309e-06
3.29621e-06
4.59596e-06
2.43278e-06
2.51055e-06
2.08846e-06
2.29948e-06
2.63137e-06
2.57891e-06
2.57173e-06
9.14538e-07
9.04792e-07
7.25889e-07
2.42539e-06
2.35035e-06
2.05918e-06
7.57048e-07
0.000130532
0.000153217
0.000272412
0.00299732
0.000601723
0.000234917
0.00169841
0.000912553
0.000221494
0.00023472
0.00042456
0.00467619
0.00101655
0.000404111
0.00261949
0.00152346
0.000255726
0.000296428
0.000213024
0.00583511
0.00115438
0.000259888
0.00193016
0.000938051
0.00758098
0.00880653
0.00994666
0.0117991
0.00901376
0.00892199
0.0104682
0.0102836
0.000765132
0.00122842
0.00407733
0.00501302
0.00215174
0.0022355
0.00372901
0.00389621
0.000317483
0.00482389
0.000334142
0.000252515
0.00117865
0.00289014
0.000320936
0.00157013
0.00206111
0.00580921
0.0069316
0.00649986
0.00474784
0.00478543
0.00504919
0.00718355
0.00086412
0.00536281
0.0058967
0.00107269
0.00215896
0.00559714
0.00255842
0.00585419
1.83566e-06
5.91696e-06
1.33288e-06
1.14402e-06
4.43934e-06
4.39297e-06
1.49342e-06
4.28875e-06
3.72649e-06
9.4465e-07
1.04434e-06
1.49703e-06
2.17949e-06
1.33798e-06
1.75962e-06
1.33711e-06
8.95149e-07
1.00781e-06
4.49617e-07
5.34216e-07
2.10432e-06
1.29986e-06
6.83253e-07
1.30212e-06
7.73704e-07
1.06635e-06
5.29252e-07
5.387e-07
2.09329e-06
1.22248e-06
6.32332e-07
1.06748e-06
5.16834e-06
3.31708e-06
3.13505e-06
3.07089e-06
3.36771e-06
3.16862e-06
2.51399e-06
3.04014e-06
4.92459e-06
1.74585e-06
1.59952e-06
2.45334e-06
3.64501e-06
3.28117e-06
3.03774e-06
3.13611e-06
1.04203e-06
1.02058e-06
1.54184e-06
6.33246e-07
7.70497e-07
3.36886e-06
2.05172e-06
1.75126e-06
2.84941e-06
1.22045e-06
1.65894e-06
1.52851e-06
2.10344e-06
1.21698e-06
1.6638e-06
1.09704e-06
0.000337381
0.000491713
0.00393533
0.00043339
0.000385118
0.00161955
0.00120186
0.00235931
0.000562422
0.000502909
0.00361529
0.000680031
0.000535449
0.00101177
0.00150671
0.00203406
0.00497472
0.00598231
0.00374526
0.00112909
0.0044393
0.0057694
0.00234124
0.00366593
0.00012004
0.000218715
0.000255242
4.66988e-06
0.000110297
0.00045809
0.00010018
0.000214368
0.000510752
0.00354175
0.000294217
0.000428923
0.00150612
0.00222953
0.000599005
0.000991289
0.00144573
0.001015
0.00442194
0.00462069
0.00242645
0.00229184
0.0044053
0.00397949
0.00290817
0.000570727
0.000881692
0.00047539
0.00151909
0.00101041
0.00123524
0.000992509
0.00418777
0.00106598
0.00147578
0.0047232
0.00383093
0.00209044
0.00384763
0.00239815
0.0985734
0.118759
0.0725777
0.109788
0.109402
0.0994371
0.0976815
0.0927859
0.121353
0.0297202
0.0568782
0.0224472
0.0842774
0.0699096
0.0550415
0.0568949
0.0503678
0.0537055
0.0318264
0.0407522
0.0508939
0.0469301
0.0418446
0.0404616
0.0609907
0.016977
0.0284069
0.0129357
0.0314484
0.0265435
0.0273344
0.0250106
0.126891
0.0775879
0.105052
0.0571563
0.108218
0.0970499
0.092678
0.09559
0.114303
0.0488958
0.0682808
0.0714629
0.102486
0.0726957
0.0876406
0.0754904
0.067314
0.087169
0.0481375
0.04681
0.0710473
0.0845937
0.0573276
0.0549875
0.0639593
0.0464464
0.0458305
0.0597449
0.0597485
0.0536942
0.0610459
0.0467228
0.000771607
0.00160708
0.00155216
0.00102684
0.00129537
0.00140927
0.00128485
0.00173393
0.00193706
0.00212124
0.00293348
0.00482604
0.00283525
0.00264932
0.00323644
0.00311963
0.00234573
0.00384467
0.00240948
0.00211987
0.00312692
0.00324521
0.00275543
0.00407949
0.00114133
0.00531556
0.00189742
0.00144071
0.00259267
0.00294831
0.00187085
0.00270115
0.0023924
0.00208475
0.00196152
0.0047769
0.00264515
0.00203858
0.00336213
0.00224897
0.0023643
0.00485072
0.00359333
0.00221321
0.00283946
0.00355291
0.00263144
0.00362734
0.0019174
0.00156908
0.00504312
0.00221796
0.00162293
0.00229588
0.0029355
0.0029481
0.00267014
0.00340415
0.00578343
0.00426389
0.00305489
0.00340174
0.00396298
0.00538705
5.26907e-06
4.97412e-06
3.45807e-06
1.0261e-05
6.69423e-06
3.84981e-06
7.75444e-06
7.12396e-06
5.22001e-06
8.04222e-07
2.15564e-06
3.83605e-06
1.86194e-06
1.48364e-06
3.39609e-06
3.13969e-06
2.3448e-06
1.28929e-06
1.52763e-06
1.192e-05
2.55474e-06
1.85467e-06
6.53189e-06
3.77908e-06
6.13142e-06
4.49375e-06
5.54042e-06
5.46906e-06
5.30836e-06
5.20853e-06
5.55807e-06
5.42324e-06
4.85073e-06
4.03594e-06
8.4594e-06
4.44133e-06
8.47801e-06
1.02093e-05
5.22389e-06
7.57281e-06
3.9576e-06
4.36288e-06
2.31393e-06
2.27928e-06
6.35143e-06
5.97138e-06
2.57607e-06
3.23787e-06
4.92815e-06
9.81458e-06
4.36878e-06
1.16631e-05
7.65739e-06
9.67068e-06
8.42209e-06
7.3529e-06
5.13825e-06
1.23821e-05
4.55987e-06
4.38821e-06
4.58232e-06
1.07228e-05
6.00787e-06
7.60046e-06
3.27107e-06
0.000303632
3.07363e-05
6.25854e-06
3.85958e-05
0.000161681
1.40223e-05
8.07871e-05
0.000816739
0.00136966
0.00114732
0.00097894
0.000996734
0.00118687
0.000998275
0.00117743
2.80057e-05
0.000693049
2.38259e-05
3.32612e-05
0.000134473
0.000208747
2.94077e-05
9.76727e-05
1.18241e-05
0.00049731
5.40931e-05
1.26988e-05
9.18705e-05
0.000277272
3.40909e-05
0.000169398
0.000415275
0.000133785
6.11036e-05
0.000533113
0.000405391
0.000230777
0.000393636
0.000218282
0.000616056
0.000763122
0.00087809
0.000226321
0.000463648
0.000798239
0.000518821
0.000606076
2.89619e-05
2.30023e-05
0.000521134
4.19376e-05
4.08017e-05
0.000123326
0.000180393
0.000316871
9.14843e-05
0.000121937
0.000697974
0.00078889
0.000249722
0.000292364
0.000644188
0.000669643
0.00930823
0.0079216
0.00670267
0.00801367
0.00883445
0.00813231
0.00813957
0.00743411
0.00462287
0.000502465
0.000415345
0.000555062
0.00218984
0.00149833
0.000890653
0.000486529
0.00299763
0.00034553
0.000267341
0.000346971
0.00144631
0.000805118
0.000650549
0.000317531
0.00499247
0.000557244
0.000429464
0.00053733
0.00254573
0.00125659
0.00129794
0.000507371
0.0066286
0.00559816
0.00677525
0.00251345
0.00558852
0.00604007
0.00508066
0.00573893
0.00549627
0.00147948
0.00117492
0.00449675
0.00463004
0.00181359
0.00395097
0.00193709
0.00450169
0.00559788
0.001137
0.000917429
0.0040857
0.00460623
0.00192959
0.00174383
0.00360753
0.000406881
0.000522067
0.000409327
0.00134691
0.00104703
0.000813712
0.00044321
7.86325e-05
8.62474e-05
8.02435e-05
0.00109618
0.000510977
0.000144934
0.0007731
0.000491359
6.5587e-05
4.21203e-05
5.4336e-05
0.00118802
0.000343852
6.70923e-05
0.00059954
0.000207897
6.35662e-05
6.11829e-05
4.43574e-05
0.000925294
0.000344167
9.78197e-05
0.000540727
0.000337494
0.00233865
0.00221343
0.00194512
0.00270298
0.00253557
0.00221292
0.00252978
0.00229713
0.000389644
0.000421158
0.00173644
0.00178952
0.000798959
0.000768704
0.00150592
0.00152186
9.56187e-05
0.00141076
8.44902e-05
0.000120381
0.00033246
0.000531573
7.39208e-05
0.00034842
0.000661117
0.00194636
0.00180608
0.00163577
0.00109695
0.00159428
0.00141402
0.00189169
0.000406162
0.00132608
0.00151394
0.000276411
0.000645037
0.00126302
0.00067361
0.00116977
0.000159941
0.0012
0.00132679
0.000148947
0.000452189
0.000898667
0.00052212
0.00117607
0.00147403
0.00155806
0.00142493
0.000474477
0.00103226
0.00146504
0.000953572
0.00132946
0.00132389
0.0013222
0.00115032
0.000274316
0.000947616
0.001239
0.00094512
0.00108635
0.000163845
0.000333876
0.000185461
0.000128764
0.000186455
0.000173791
0.000134605
0.000218322
0.00101831
0.00105807
0.000181761
0.000297681
0.00101111
0.00105478
0.000320524
0.000287838
0.00146279
0.00041173
0.00136674
0.00139065
0.00130377
0.00100419
0.00140653
0.00095983
0.000993825
0.000189705
0.000290919
0.00028995
0.000287826
0.000275811
0.000284277
0.000285512
0.00122904
0.000311629
0.000367934
0.00124045
0.00095219
0.000311907
0.000908726
0.000360148
1.01032e-06
1.13072e-06
9.87446e-06
1.17299e-06
1.00173e-06
3.30888e-06
2.66103e-06
4.4877e-06
9.85263e-07
5.48327e-07
8.36413e-07
6.42007e-07
1.20334e-06
1.49576e-06
1.47099e-06
7.30344e-07
4.84661e-06
1.3624e-06
2.35784e-06
1.38981e-06
4.16291e-06
4.60517e-06
4.67546e-06
2.20283e-06
1.08965e-06
6.21006e-07
8.69699e-07
6.16343e-07
1.04956e-06
1.21237e-06
1.39489e-06
6.90978e-07
1.09227e-06
7.37975e-06
1.10387e-06
1.21069e-06
1.60895e-06
4.20492e-06
1.26739e-06
1.21099e-06
1.79064e-06
1.24082e-06
3.19583e-06
6.45263e-06
2.04734e-06
1.93551e-06
4.08261e-06
3.36515e-06
6.23262e-06
1.41459e-06
1.41217e-06
2.97341e-06
3.60178e-06
1.89697e-06
3.52271e-06
1.85386e-06
5.37987e-06
1.34214e-06
7.13322e-07
1.24273e-06
3.51189e-06
3.48322e-06
2.65625e-06
8.69321e-07
0.0856142
0.104086
0.0643279
0.0635938
0.0832972
0.0920637
0.0673709
0.0722965
0.102443
0.0206844
0.013548
0.0513487
0.0681064
0.025982
0.0521897
0.0239349
0.032911
0.00713668
0.00395654
0.0139004
0.023893
0.00899158
0.0146026
0.00706163
0.0440198
0.047447
0.0250754
0.027706
0.0406099
0.0418779
0.0309369
0.0318191
0.0985192
0.0606162
0.0604744
0.0640828
0.0795349
0.0699394
0.0749387
0.0647009
0.0957269
0.053213
0.0167756
0.0542094
0.0701905
0.0537416
0.0559988
0.0417422
0.0447604
0.0474353
0.0508689
0.0273928
0.0423625
0.0492396
0.0385014
0.0455139
0.0413623
0.021235
0.0412845
0.0136402
0.031885
0.0316137
0.030942
0.0306492
0.000105422
0.00266171
0.000208549
0.000121597
0.000417539
0.00100511
0.000124865
0.000700076
0.00385604
0.00392223
0.00438097
0.00325223
0.00384103
0.00405728
0.00372925
0.00406786
0.000359398
0.00298818
0.000387855
0.000141273
0.000843322
0.00171247
0.000275151
0.000543203
0.000130637
0.00146857
8.5484e-05
3.8205e-05
0.000465437
0.000784914
0.000125479
0.000295225
0.0029675
0.000577984
0.000421999
0.00234873
0.00259987
0.00108703
0.00224495
0.00104512
0.00352218
0.00278927
0.00399885
0.00142368
0.0032093
0.00335838
0.00302605
0.00328956
0.000218819
0.000148742
0.00190167
0.00017692
0.000196639
0.000675634
0.000607415
0.00113231
0.000815988
0.000452309
0.00217358
0.00314062
0.00148922
0.00122712
0.00267343
0.00207282
0.000129679
0.000415825
9.88492e-05
0.00023593
0.000315909
0.000327704
0.000222365
0.0003235
0.000300553
0.000260903
0.000129459
0.000284993
0.000288688
0.000204604
0.000278564
0.000175925
4.69097e-06
4.74516e-06
4.14126e-07
8.07361e-06
8.89533e-06
2.15986e-06
3.82395e-06
6.97915e-07
0.000353118
0.000422689
0.000163529
0.000327364
0.000610434
0.000478073
0.000421958
0.000398332
0.000463116
0.00019338
0.000505754
0.000436821
0.000442509
0.000402076
0.000481456
0.000438698
0.00027499
0.000326845
5.7828e-05
9.06702e-05
0.000249647
0.000269287
0.000122521
0.000149218
0.000131256
0.000330819
0.000417451
0.000205662
0.000157109
0.000413513
0.000258621
0.000450886
6.03444e-05
0.000134667
0.000287347
1.97757e-05
0.000139498
0.000179182
0.000139289
0.000144534
4.62991e-06
9.83541e-06
6.40875e-06
4.96869e-06
4.7591e-06
5.72237e-06
4.77761e-06
6.17031e-06
1.35583e-05
2.55345e-06
3.24533e-06
1.69188e-05
1.19962e-05
7.69272e-06
1.60963e-05
5.7858e-06
1.2025e-05
4.29682e-06
8.01461e-06
1.58079e-05
1.25671e-05
7.00874e-06
1.46608e-05
8.08703e-06
6.39656e-06
1.05434e-05
9.65272e-06
8.2979e-06
6.65917e-06
8.31964e-06
7.49637e-06
9.23795e-06
1.07049e-05
6.98868e-06
5.23259e-06
1.11501e-05
1.07463e-05
6.87531e-06
9.96468e-06
7.40148e-06
1.27012e-05
1.40419e-05
4.44992e-06
1.01617e-05
1.02131e-05
1.47468e-05
1.01984e-05
1.36079e-05
7.70551e-06
5.76196e-06
1.10512e-05
1.01496e-05
7.57768e-06
7.55605e-06
8.54335e-06
8.09942e-06
1.20204e-05
1.50031e-05
1.48089e-05
6.23541e-06
1.24238e-05
1.27503e-05
1.33877e-05
1.44297e-05
1.08814e-06
1.16349e-06
7.0622e-06
1.40341e-06
1.11799e-06
4.06484e-06
2.98758e-06
5.57462e-06
9.12608e-07
5.74624e-07
8.55973e-07
5.9173e-07
1.03916e-06
1.48723e-06
1.33176e-06
7.4091e-07
6.46404e-06
1.08046e-06
1.4645e-06
9.52116e-07
4.09193e-06
4.11364e-06
4.24517e-06
1.30724e-06
2.27909e-06
6.20195e-07
7.63734e-07
5.28577e-07
9.77103e-07
1.77992e-06
2.02197e-06
7.29564e-07
1.12835e-06
1.04624e-05
1.62923e-06
1.0121e-06
3.24397e-06
9.20924e-06
1.29735e-06
4.66714e-06
4.16876e-06
1.46811e-06
3.02788e-06
7.78811e-06
4.44985e-06
2.59674e-06
5.55111e-06
3.6689e-06
9.80976e-06
4.18849e-06
1.40687e-06
3.95208e-06
8.30038e-06
5.48657e-06
3.99266e-06
2.72066e-06
6.25228e-06
1.00565e-06
7.13503e-07
9.97648e-07
3.61894e-06
3.36531e-06
3.46838e-06
8.03678e-07
0.000437145
0.00523696
0.000450033
0.000568407
0.000790589
0.00184807
0.000492171
0.00166058
0.00900306
0.0103721
0.00801882
0.00997283
0.00969811
0.00964687
0.0091753
0.00921185
0.000317268
0.00421079
0.000182721
0.000328964
0.00126883
0.00183681
0.000316046
0.00101648
0.000701584
0.00728616
0.000619734
0.000984292
0.00133766
0.00316113
0.00079807
0.00239357
0.00635676
0.00103081
0.00110046
0.00737093
0.00557692
0.00281718
0.00647266
0.00284202
0.00690471
0.00797264
0.00615701
0.00175781
0.00646622
0.00752677
0.00481479
0.0058916
0.000447628
0.000606518
0.00627997
0.00050751
0.000552459
0.00207274
0.0013172
0.00322689
0.00133907
0.00164607
0.00724303
0.00554765
0.00259924
0.00255976
0.00486831
0.0055004
2.76186e-07
5.5614e-07
4.04532e-07
6.27234e-07
6.3995e-07
3.81253e-07
6.26147e-07
5.98164e-07
5.9975e-07
4.5045e-07
6.13316e-07
1.62288e-06
6.27948e-07
5.62989e-07
1.52016e-06
7.08201e-07
4.59099e-07
9.57772e-07
3.22331e-07
5.67262e-07
5.15899e-07
5.47292e-07
5.39823e-07
5.11849e-07
7.91422e-07
2.90505e-06
8.10856e-07
1.08273e-06
1.41566e-06
1.82634e-06
1.14707e-06
2.60538e-06
6.43302e-07
5.58191e-07
1.01169e-06
1.21009e-06
1.05071e-06
1.19835e-06
2.51364e-06
1.70957e-06
4.50176e-07
2.66635e-06
6.71101e-07
4.66802e-07
6.86461e-07
2.16661e-06
7.93612e-07
7.11283e-07
5.81313e-07
8.25338e-07
1.64579e-06
8.83134e-07
5.58435e-07
1.67519e-06
1.33369e-06
1.36414e-06
7.61772e-07
1.71629e-06
1.34023e-06
9.39734e-07
1.37261e-06
1.51207e-06
1.3719e-06
1.98793e-06
4.62538e-07
7.97803e-06
5.2958e-06
0.000171208
2.23558e-05
1.13883e-05
0.000109748
8.039e-05
1.17381e-05
1.12849e-05
2.18582e-05
0.000243737
2.16456e-05
1.61792e-05
0.000131923
9.15628e-05
1.05464e-05
2.48236e-05
1.46405e-05
0.000303063
5.72344e-05
2.80661e-05
0.000200402
0.000156878
0.000410363
0.000437335
0.00036831
0.000480114
0.000376059
0.00032349
0.00025039
0.000386783
2.27746e-05
4.45178e-05
0.000246821
0.000251242
0.000112067
0.00011535
0.00024407
0.000181417
1.43402e-05
0.00024231
2.62121e-05
2.2229e-05
8.85942e-05
0.00011505
1.86037e-05
4.41439e-05
0.000185057
0.000320278
0.000271795
0.000317922
0.000297671
0.000354589
0.000359624
0.000401648
0.00012347
0.000409543
0.00039148
0.000126515
0.000172354
0.000330846
0.000189204
0.000333879
2.35818e-06
1.91296e-06
2.94522e-06
4.29869e-06
1.60631e-06
1.01012e-06
2.65342e-06
1.71336e-06
1.26718e-06
3.62986e-07
3.10997e-07
6.19994e-07
9.1778e-07
5.7136e-07
1.07656e-06
3.58187e-07
1.57216e-06
3.41956e-07
3.40789e-07
4.87254e-07
7.26852e-07
5.50872e-07
1.14646e-06
3.58364e-07
2.30236e-06
8.76353e-07
7.82961e-07
1.23205e-06
1.43198e-06
1.48918e-06
2.70152e-06
7.33135e-07
1.03766e-06
1.20463e-06
1.51313e-06
1.36543e-06
2.37092e-06
1.77627e-06
2.05525e-06
1.28679e-06
7.04433e-07
9.87937e-07
6.90714e-07
1.12643e-06
1.43118e-06
1.04406e-06
1.43162e-06
9.39051e-07
1.2063e-06
2.83211e-06
1.66176e-06
1.8489e-06
1.39533e-06
1.58222e-06
9.7571e-07
1.51978e-06
1.41663e-06
6.29323e-07
5.71006e-07
3.74281e-07
1.80267e-06
1.50133e-06
1.09877e-06
4.25267e-07
0.319297
0.280536
0.304013
0.322518
0.319628
0.299495
0.323069
0.301548
0.154161
0.0142273
0.0183122
0.0186171
0.0626223
0.0197771
0.0552614
0.0161004
0.227393
0.0223631
0.02424
0.0312219
0.13901
0.0395856
0.113274
0.0230828
0.23668
0.0268573
0.0363302
0.0292775
0.0895253
0.0459685
0.0716922
0.0302097
0.249818
0.284205
0.29786
0.0939459
0.24537
0.281226
0.219129
0.26619
0.197946
0.0335157
0.0277349
0.236176
0.186411
0.0960567
0.19102
0.0964851
0.287695
0.287185
0.0802333
0.117674
0.266641
0.246421
0.144618
0.136423
0.228128
0.0273328
0.0212213
0.0198153
0.131618
0.0464286
0.0779453
0.0248922
0.000199487
0.000145881
0.00164056
0.000196822
0.000178681
0.000260772
0.000501011
0.000642751
0.00010634
5.64002e-05
0.00113958
0.000115414
9.31811e-05
0.000131618
0.00041515
0.000506503
0.00327202
0.00260487
0.00444616
0.00329006
0.00310027
0.003162
0.00369456
0.00367945
0.000186077
0.000140197
0.00164023
0.00017341
0.000160707
0.000257349
0.000515583
0.000648643
0.000130683
0.00160361
0.000173776
0.000130673
0.000448871
0.000645294
0.000153007
0.000280211
0.000193222
0.000214261
0.00142228
0.00176406
0.000572021
0.000575504
0.00138171
0.00130554
0.00224028
0.000531023
0.000482938
0.00215496
0.00180709
0.000704213
0.00161394
0.00068035
0.00234469
0.00229408
0.000602822
0.00185369
0.00222104
0.00184623
0.00176804
0.00144828
1.23704e-06
2.44324e-06
1.83397e-06
2.59572e-06
1.54104e-06
2.41726e-06
2.95743e-06
1.81326e-06
3.11262e-06
1.23555e-06
7.42135e-07
8.32593e-07
1.81703e-06
2.6149e-06
1.76928e-06
7.55905e-07
1.06395e-06
6.16315e-07
3.09144e-07
3.25454e-07
4.67815e-07
1.01041e-06
3.70406e-07
4.22907e-07
1.37652e-06
6.48189e-07
3.62955e-07
3.37999e-07
1.39236e-06
1.04744e-06
6.53763e-07
3.65757e-07
1.80863e-06
1.55747e-06
1.4781e-06
1.70003e-06
1.89622e-06
1.64053e-06
1.73001e-06
1.55272e-06
2.42298e-06
1.56294e-06
1.89676e-06
1.60568e-06
9.79477e-07
1.71093e-06
1.53772e-06
9.02222e-07
2.68218e-06
1.51571e-06
1.72988e-06
3.94878e-07
9.26885e-07
8.23536e-07
5.11039e-07
1.33733e-06
8.77311e-07
4.45758e-07
5.45862e-07
5.78951e-07
1.3324e-06
9.81891e-07
1.35776e-06
5.16411e-07
0.00136969
0.00235835
0.00128763
0.00381385
0.00294386
0.00242353
0.00302424
0.00396703
0.00322213
0.00261855
0.00230436
0.0351801
0.0133703
0.00320997
0.0184113
0.00606487
0.00130577
0.00266197
0.00147952
0.0028066
0.00224143
0.0025669
0.00230748
0.00374396
0.00649215
0.0505321
0.00578026
0.00901846
0.0089376
0.0264531
0.00709852
0.0455322
0.00663439
0.00277862
0.0048691
0.030896
0.008554
0.00412646
0.0217031
0.00900084
0.00287733
0.0267952
0.00221443
0.00223886
0.00666528
0.0129321
0.00199691
0.00588057
0.00287544
0.00471008
0.0316101
0.0043401
0.0035812
0.00939241
0.00433953
0.0181192
0.00358163
0.00581209
0.0268408
0.00431669
0.00370738
0.0059462
0.00675646
0.0124529
0.000376964
0.000375783
0.00280682
0.000431094
0.000613167
0.000897395
0.00089274
0.00124389
0.000201178
5.53526e-07
7.78738e-05
1.84919e-05
1.56475e-05
1.52017e-05
6.06078e-05
2.21683e-05
0.00449915
0.000372917
0.000912725
0.000520961
0.00195598
0.00107108
0.001923
0.000575924
0.000194
2.8582e-05
0.000124303
2.93544e-06
4.09944e-05
7.72999e-05
0.000102161
3.51711e-05
0.000335536
0.00242876
0.000412617
5.26651e-05
0.000568222
0.000997964
0.000284062
0.000634517
0.000448419
8.40423e-05
0.000333468
0.0024138
0.000555442
0.000129869
0.00129818
0.000427139
0.00304654
0.000742609
8.45048e-05
0.000648153
0.00182455
0.000783168
0.00067511
0.000161412
0.00264905
0.000349151
3.90068e-05
0.000221031
0.000767048
0.000443644
0.0004176
0.000193875
0.000877881
0.000613036
0.000620848
0.000309619
0.000665313
0.000678323
0.00041898
0.000466568
0.000317467
4.72136e-05
8.70813e-05
3.82265e-05
9.75389e-05
9.3832e-05
7.60599e-05
7.72634e-05
0.00032173
0.000115088
0.000120998
8.88208e-06
0.000200093
0.000196901
2.01812e-05
2.92709e-05
8.40537e-05
2.39081e-05
3.78469e-06
1.12385e-06
4.68762e-05
3.20682e-05
2.40238e-06
2.94386e-06
0.000413612
0.000437802
0.000221999
7.84812e-05
0.00021846
0.000277697
0.000174525
0.000209034
0.000403603
7.3033e-05
0.000216076
0.000435736
0.000221108
0.00014516
0.000311065
0.000230526
0.000161272
0.000100636
4.07488e-05
6.24529e-06
0.000111469
0.000105815
7.85812e-05
4.44398e-05
0.000189682
7.26915e-06
4.64961e-05
0.000112935
8.88807e-05
4.69115e-05
6.52251e-05
3.26458e-05
1.59275e-05
3.17849e-05
0.000100105
2.85317e-05
3.05889e-05
4.25012e-05
4.33849e-05
5.51733e-05
3.58695e-05
3.66954e-05
9.66054e-05
3.35946e-05
4.89189e-05
8.95177e-05
8.11171e-05
7.00154e-05
0.00035259
0.000146926
0.000134626
0.000134423
0.000295863
0.000271125
0.000199686
0.000134103
3.71877e-05
3.0797e-05
9.42766e-05
6.3436e-05
4.29385e-05
8.4012e-05
7.52244e-05
6.53471e-05
5.06415e-05
0.000141809
3.64279e-05
6.1689e-05
9.29857e-05
9.59081e-05
4.78782e-05
7.07031e-05
6.53472e-05
9.96891e-05
0.000230946
0.000245437
0.000154896
0.000163726
0.000258487
0.00023278
0.000229756
7.23852e-05
8.54564e-05
0.00012631
0.000186275
8.84632e-05
0.000164613
0.000108307
0.00029863
9.18703e-05
5.50986e-05
8.24704e-05
0.000244007
0.00016852
0.00014825
9.3076e-05
2.74853e-06
4.42013e-06
1.99916e-06
3.43126e-06
3.50144e-06
2.35775e-06
2.6876e-06
2.75677e-06
5.28864e-06
8.53154e-06
5.98647e-06
2.57397e-05
9.44055e-06
5.17966e-06
9.05659e-06
8.32173e-06
6.00069e-06
4.20568e-06
2.45402e-06
6.50571e-06
8.47911e-06
5.74903e-06
7.77088e-06
9.67132e-06
3.27357e-06
1.80739e-05
5.44694e-06
2.46144e-06
4.97828e-06
8.27023e-06
1.96402e-06
8.40885e-06
7.04018e-06
3.58697e-06
4.77943e-06
2.00885e-05
6.57413e-06
3.5835e-06
1.52883e-05
5.10276e-06
2.79789e-06
1.70816e-05
3.83892e-06
2.53836e-06
6.47502e-06
6.62249e-06
3.80697e-06
5.71579e-06
3.18213e-06
2.28626e-06
1.6588e-05
5.10979e-06
3.96626e-06
5.20601e-06
8.35727e-06
7.30824e-06
7.20322e-06
1.04596e-05
1.75589e-05
5.52744e-06
8.98675e-06
1.06375e-05
6.40367e-06
1.39853e-05
7.79881e-06
7.84284e-06
7.14238e-06
1.1407e-05
8.1936e-06
1.04371e-05
2.51229e-05
2.66943e-05
7.51395e-06
5.75852e-06
9.40785e-06
1.20784e-05
6.87493e-06
1.05842e-05
3.34627e-05
3.5271e-05
7.39064e-06
9.57513e-06
1.07517e-05
0.000145471
2.80711e-05
1.31259e-05
4.17806e-05
4.05834e-05
1.39434e-05
1.35298e-05
0.000113759
1.90987e-05
1.10992e-05
3.24245e-05
6.69188e-05
7.88841e-05
7.33394e-06
2.14531e-05
8.62293e-06
9.04578e-06
2.9156e-05
2.87837e-05
8.69682e-06
2.44358e-05
1.08443e-05
2.73766e-05
1.26698e-05
1.20396e-05
3.10339e-05
3.28538e-05
8.87459e-06
2.39233e-05
3.38698e-05
4.94201e-05
5.73372e-05
0.000126733
8.36457e-05
5.3721e-05
9.05532e-05
5.48506e-05
3.48378e-05
0.000124375
6.641e-05
3.71749e-05
3.96918e-05
9.37448e-05
3.78555e-05
9.33989e-05
0.0463191
0.0990166
0.133122
0.0807571
0.0695915
0.156356
0.092402
0.172299
0.0797978
0.0363241
0.152993
0.0915681
0.0685777
0.0809616
0.122859
0.118592
0.235254
0.255744
0.323868
0.269366
0.315742
0.419331
0.292156
0.446863
0.108312
0.138038
0.200168
0.10993
0.0983832
0.208358
0.131259
0.223523
0.108796
0.190389
0.0875422
0.125354
0.148913
0.188087
0.103202
0.188344
0.132813
0.145807
0.224598
0.27101
0.170571
0.156353
0.249085
0.243516
0.175752
0.112657
0.177292
0.223845
0.18801
0.205905
0.246399
0.2241
0.291638
0.34292
0.203639
0.177509
0.326276
0.326041
0.320048
0.312242
0.374777
0.185079
0.319716
0.348507
0.477354
0.496566
0.376814
0.465337
0.107743
0.0291377
0.044414
0.0817509
0.115821
0.0927629
0.107604
0.051034
0.237738
0.0946704
0.143637
0.139491
0.29842
0.234125
0.201833
0.12435
0.225029
0.152007
0.140149
0.124111
0.244139
0.272162
0.141624
0.13812
0.177396
0.431558
0.375286
0.226313
0.338244
0.438568
0.300308
0.409063
0.147106
0.169961
0.150445
0.447224
0.201415
0.178636
0.131258
0.187521
0.298785
0.247039
0.229875
0.177644
0.266202
0.333376
0.27679
0.301721
0.446
0.146002
0.120363
0.0920725
0.395466
0.303857
0.232768
0.15167
2.86191e-06
9.74896e-06
3.03963e-06
4.09436e-06
9.03867e-06
4.39156e-06
4.24578e-06
7.61157e-06
9.72884e-06
1.00565e-05
7.08496e-06
3.49278e-05
1.60997e-05
8.33072e-06
1.58136e-05
1.26366e-05
4.38405e-06
4.60851e-06
3.31109e-06
4.32023e-06
5.27049e-06
3.36593e-06
3.78629e-06
4.20227e-06
5.08519e-06
1.8294e-05
4.4305e-06
3.55124e-06
8.15479e-06
9.24365e-06
4.19714e-06
8.13095e-06
1.62966e-05
7.02715e-06
9.60058e-06
3.10159e-05
1.52446e-05
7.6928e-06
2.70181e-05
9.75785e-06
6.39167e-06
3.07652e-05
5.09844e-06
4.1806e-06
1.22149e-05
1.24121e-05
7.07504e-06
1.00306e-05
4.2178e-06
5.37133e-06
2.43137e-05
4.57134e-06
5.34672e-06
8.8053e-06
7.19815e-06
8.98782e-06
5.91502e-06
6.90563e-06
2.77754e-05
8.56099e-06
5.96671e-06
7.39305e-06
9.5992e-06
1.57245e-05
5.90324e-06
8.36578e-06
1.12993e-05
1.12605e-05
1.16814e-05
6.73166e-06
3.64825e-05
3.73503e-05
9.06341e-06
6.43204e-06
1.04726e-05
1.82811e-05
1.15208e-05
7.52614e-06
2.67495e-05
4.07716e-05
1.13789e-05
1.16734e-05
1.14906e-05
0.00015021
3.25966e-05
1.07423e-05
4.54811e-05
4.01595e-05
1.26643e-05
2.17036e-05
0.000120528
2.10975e-05
1.97371e-05
3.59872e-05
7.80771e-05
9.26463e-05
1.22919e-05
2.78502e-05
1.66517e-05
1.86419e-05
3.92454e-05
3.86491e-05
1.1964e-05
3.13881e-05
8.05003e-06
3.53796e-05
9.74974e-06
9.22222e-06
3.96158e-05
4.04354e-05
9.67662e-06
3.11082e-05
4.01645e-05
6.62536e-05
7.72634e-05
0.000133724
9.91025e-05
7.4029e-05
0.000105677
7.50691e-05
3.78267e-05
0.000136742
8.65437e-05
3.87783e-05
4.1679e-05
0.000106582
3.98565e-05
0.000107812
2.10227e-05
9.8314e-05
3.1541e-05
3.94843e-05
3.37221e-05
3.47096e-05
1.63101e-05
3.51843e-05
0.000308752
0.000106102
9.14888e-05
9.97218e-05
0.000217765
0.000189434
0.0001515
0.000103092
3.8405e-05
5.13103e-05
1.78512e-05
2.48431e-05
6.23878e-05
5.90216e-05
3.20166e-05
2.10667e-05
3.91901e-05
8.11531e-05
3.31821e-05
3.30081e-05
7.23451e-05
7.43718e-05
5.32194e-05
3.14871e-05
0.000148668
5.46144e-05
6.21085e-05
0.000127728
0.000124462
6.65025e-05
0.000143046
6.43331e-05
0.00016764
0.000121391
0.000110218
5.83335e-05
0.000136314
0.000133557
0.000114793
0.000125321
4.28162e-05
5.00116e-05
9.46981e-05
4.14914e-05
3.95652e-05
5.72863e-05
7.199e-05
7.70715e-05
4.80123e-05
2.62438e-05
6.39892e-05
4.93149e-05
6.90842e-05
6.85859e-05
7.73109e-05
5.7895e-05
5.87572e-06
7.00515e-06
5.91078e-06
8.31661e-05
2.91428e-05
7.5169e-06
4.29495e-05
4.01328e-05
8.98755e-06
1.70624e-06
1.33869e-06
9.29548e-05
2.92664e-05
3.95539e-06
4.29186e-05
7.53142e-06
5.78117e-06
1.10334e-06
9.36975e-07
4.26015e-05
1.29941e-05
2.48598e-06
2.12756e-05
4.27222e-06
8.93388e-05
0.000163816
8.07086e-05
0.000170455
9.71154e-05
0.000140091
0.000179605
0.000122995
3.07247e-05
2.34578e-05
0.000112889
8.29344e-05
4.36653e-05
5.56828e-05
6.84328e-05
8.36073e-05
9.01656e-06
9.41302e-05
2.7515e-06
7.18275e-06
3.88359e-05
5.87584e-05
7.75641e-06
1.74119e-05
3.29147e-05
9.53647e-05
9.07889e-05
5.44262e-05
5.57631e-05
8.02593e-05
5.09346e-05
0.000123061
2.47049e-05
5.2671e-05
7.21529e-05
5.04445e-06
4.10149e-05
6.03688e-05
2.97231e-05
6.6037e-05
9.60273e-05
0.00115715
9.62598e-05
1.4426e-05
0.000518379
0.000295728
0.000104864
0.000453399
0.00131204
0.0011066
0.00102766
0.000217201
0.000985454
0.00106883
0.000846647
0.000874577
8.04481e-05
0.000815996
2.89638e-05
1.14463e-05
0.000340907
0.000190308
6.00698e-05
0.000264092
1.45533e-05
0.000167317
9.65463e-06
2.34251e-05
0.000115264
9.58024e-05
1.98655e-05
7.50945e-05
0.00104318
0.000420311
0.000125023
0.000261643
0.000867582
0.000464264
0.000251379
0.000174972
0.00116137
0.000292384
0.00094172
0.000233765
0.000894393
0.000819422
0.000830923
0.000850902
8.14621e-05
1.77888e-05
0.000145492
1.35264e-05
1.32146e-05
8.42351e-05
0.000116228
0.000170918
0.000370498
6.5375e-05
0.000135943
0.000758467
0.000378541
0.000148575
0.000731928
0.000216541
0.00331307
0.003228
0.017013
0.00191633
0.00273241
0.00770076
0.00354277
0.00822882
0.00230724
0.00145352
0.00783302
0.00129872
0.00164147
0.00306301
0.00261726
0.00308078
0.0271357
0.0198555
0.0224457
0.0155329
0.0225567
0.0242671
0.020346
0.0214004
0.000992055
0.000926397
0.00624257
0.000479704
0.000786349
0.00347195
0.000925451
0.00338855
0.00248417
0.0154315
0.00153455
0.00136518
0.00295783
0.0081634
0.00175253
0.00570236
0.00644848
0.00296252
0.0139505
0.0226662
0.00669126
0.00632571
0.0168572
0.0122937
0.0149102
0.00188854
0.00166632
0.00885822
0.0108805
0.00574017
0.0092472
0.00525278
0.0205273
0.0115845
0.00327666
0.0140167
0.0176632
0.0121396
0.0128793
0.00874918
0.0118618
0.0117002
0.0383825
0.0151487
0.0153901
0.0166948
0.0189764
0.0198408
0.00954443
0.00235118
0.00343463
0.00381755
0.00474514
0.00542532
0.00650129
0.00329447
0.0447986
0.00563747
0.00865846
0.00972497
0.017955
0.0138454
0.0161827
0.00938755
0.0161711
0.00518268
0.00828908
0.0063203
0.0104901
0.0100188
0.0141716
0.00755022
0.012635
0.0344531
0.0173866
0.00645133
0.0149271
0.0188648
0.0137185
0.0181841
0.0127684
0.00720238
0.00837379
0.033576
0.0139365
0.00740015
0.022641
0.0101196
0.0437969
0.021549
0.00886844
0.0169417
0.0391529
0.0207185
0.0173074
0.0104949
0.0367289
0.00991304
0.0044916
0.00575258
0.0141466
0.0128396
0.00996408
0.00565218
1.4385e-06
1.38403e-06
1.29146e-06
4.0188e-06
4.28748e-06
1.52412e-06
3.65083e-06
3.56929e-06
1.63992e-06
2.17981e-06
1.53978e-06
4.79736e-06
5.15848e-06
1.92027e-06
4.58578e-06
4.59817e-06
1.2104e-06
1.11606e-06
8.16471e-07
2.0257e-06
2.74874e-06
1.09674e-06
1.95758e-06
2.30077e-06
5.33474e-06
3.17279e-06
1.5702e-06
1.70754e-06
4.31177e-06
2.42736e-06
2.6501e-06
1.76874e-06
4.34792e-06
3.33003e-06
6.0551e-06
4.12594e-06
3.85667e-06
3.54249e-06
3.43751e-06
4.08846e-06
1.64134e-06
3.44571e-06
1.37285e-06
1.24865e-06
3.76917e-06
3.88654e-06
1.22394e-06
3.64234e-06
3.07227e-06
5.95078e-06
2.63206e-06
1.97977e-06
3.01406e-06
6.5974e-06
2.74989e-06
3.7908e-06
2.93075e-06
1.44322e-06
2.36765e-06
3.57808e-06
3.01283e-06
1.48295e-06
3.72149e-06
2.13369e-06
7.42295e-07
2.11851e-06
6.73776e-07
1.20468e-06
1.96383e-06
1.17203e-06
8.20177e-07
2.27929e-06
4.89498e-06
3.66669e-06
8.44846e-06
1.81304e-05
1.13449e-05
4.88343e-06
1.86362e-05
1.43747e-05
5.87167e-07
2.07163e-06
5.29187e-07
1.03759e-06
1.15435e-06
1.72704e-06
6.98308e-07
2.24796e-06
1.54339e-06
8.88511e-06
1.36146e-06
1.58693e-06
6.5394e-06
5.95905e-06
1.39641e-06
6.40171e-06
8.42427e-06
1.60777e-06
4.64252e-06
9.73935e-06
1.0055e-05
3.26069e-06
9.19969e-06
4.29745e-06
5.19274e-06
1.27067e-05
5.30628e-06
1.67388e-06
8.98682e-06
1.39966e-05
2.80846e-06
1.04161e-05
8.02547e-07
1.17424e-06
9.79579e-06
1.24033e-06
1.20552e-06
4.78591e-06
4.13032e-06
4.83291e-06
2.24467e-06
4.50366e-06
1.16695e-05
9.14419e-06
3.25668e-06
4.27665e-06
1.1954e-05
9.6445e-06
0.0949704
0.35237
0.166223
0.339151
0.307785
0.264146
0.266477
0.244781
0.327956
0.125651
0.0235743
0.191007
0.401649
0.103174
0.173504
0.0763764
0.0899309
0.0332772
0.0402474
0.13377
0.113087
0.0517947
0.107269
0.0672713
0.35007
0.223188
0.228597
0.286964
0.308695
0.249461
0.284281
0.239917
0.470247
0.293629
0.393092
0.317739
0.415139
0.363157
0.424306
0.389465
0.267812
0.202674
0.067332
0.134027
0.251798
0.203447
0.163314
0.177099
0.273019
0.363944
0.226589
0.241658
0.307597
0.361904
0.266263
0.271359
0.143804
0.162169
0.151488
0.0833479
0.143096
0.152167
0.158468
0.128215
4.59136e-05
2.0028e-05
4.3031e-05
0.000656445
0.000149204
3.18788e-05
0.000248494
0.000109433
1.20943e-05
5.71216e-06
8.87938e-06
0.000177432
7.70596e-05
1.11428e-05
0.000122497
4.84579e-05
4.78072e-05
1.35735e-05
2.67371e-05
0.000430187
0.00016084
2.78816e-05
0.00025124
9.19147e-05
0.00088308
0.000620935
0.000784361
0.000831178
0.000509209
0.000504398
0.000631997
0.000450059
0.000112548
0.000158371
0.000543033
0.000365723
0.00018909
0.00020861
0.000479259
0.000524066
1.8689e-05
0.000307567
1.48254e-05
3.21532e-05
7.38957e-05
0.000141957
1.99101e-05
0.000105122
0.000297863
0.000672464
0.000402868
0.000621539
0.000694276
0.000429099
0.000516063
0.00073505
9.86614e-05
0.00036753
0.000241417
5.46689e-05
0.000224064
0.000482985
0.000203146
0.000422947
7.59672e-07
1.06768e-06
2.95356e-06
8.47738e-07
1.04647e-06
2.47451e-06
2.8597e-06
2.84376e-06
1.72403e-06
3.78318e-06
3.55746e-06
3.92608e-06
2.14184e-06
3.02865e-06
3.78573e-06
3.73448e-06
2.92701e-06
4.80918e-06
5.85343e-06
6.23837e-06
4.85691e-06
8.77029e-06
9.02667e-06
9.52225e-06
1.21613e-06
2.75209e-06
5.26228e-06
2.74255e-06
1.94909e-06
4.12028e-06
3.82762e-06
4.77199e-06
1.41641e-06
3.07908e-06
1.36835e-06
2.01734e-06
3.42755e-06
3.06994e-06
1.47367e-06
3.3362e-06
3.26494e-06
3.64339e-06
3.87931e-06
5.73366e-06
3.39055e-06
3.45295e-06
3.96541e-06
3.72121e-06
4.68683e-06
3.09519e-06
3.69289e-06
4.82204e-06
4.41531e-06
3.16337e-06
3.73667e-06
3.19595e-06
5.73539e-06
4.49826e-06
4.24782e-06
4.13866e-06
7.24003e-06
3.90849e-06
4.24692e-06
4.20349e-06
7.22683e-07
1.52544e-06
9.97727e-07
9.42605e-07
1.90637e-06
2.00371e-06
8.43846e-07
2.02145e-06
2.16719e-06
1.86761e-06
3.68883e-06
4.45302e-06
3.84351e-06
3.71258e-06
3.07006e-06
3.11246e-06
1.1938e-06
4.64377e-06
1.35359e-06
1.75357e-06
2.88691e-06
3.18409e-06
1.40511e-06
3.19253e-06
1.18796e-06
3.57808e-06
1.39337e-06
1.47383e-06
2.58741e-06
2.51349e-06
1.54131e-06
2.44792e-06
4.77287e-06
2.2117e-06
2.47145e-06
5.85465e-06
1.96873e-06
2.05879e-06
2.62029e-06
2.27185e-06
4.49663e-06
4.06795e-06
6.46771e-06
2.24843e-06
3.7862e-06
3.9479e-06
2.849e-06
4.20284e-06
1.01552e-06
1.09167e-06
3.87904e-06
1.32382e-06
1.16659e-06
2.34713e-06
2.76814e-06
2.35855e-06
2.35322e-06
2.72064e-06
5.68302e-06
5.41862e-06
2.34831e-06
2.55117e-06
4.20861e-06
3.58517e-06
0.0597117
0.0474316
0.0330034
0.0956685
0.0789884
0.0461413
0.0751731
0.0541944
0.0219293
0.0103665
0.0126116
0.0662343
0.0266458
0.0126836
0.0397522
0.0318003
0.0177902
0.0107984
0.00971195
0.0456382
0.0215036
0.0132391
0.0244966
0.0177697
0.0927513
0.082373
0.0640971
0.0726153
0.0906538
0.0824866
0.0839282
0.0784999
0.0614337
0.0384443
0.0987925
0.0830597
0.0580136
0.0529006
0.0815411
0.0781357
0.0315916
0.070344
0.0158793
0.0246252
0.0401253
0.0400527
0.0219121
0.0250354
0.0383671
0.0931798
0.0790363
0.0649419
0.0678556
0.0808513
0.0692764
0.0780429
0.0284314
0.0575616
0.071041
0.0221206
0.0292583
0.0583364
0.028039
0.0566105
3.2523e-06
6.9347e-06
2.02252e-06
0.000131443
6.52615e-05
8.49358e-06
8.67761e-05
1.75692e-05
6.41815e-06
3.54933e-06
2.43489e-06
0.000118805
3.12941e-05
3.97685e-06
4.8978e-05
5.41308e-06
8.24705e-07
1.36416e-06
3.03883e-08
6.97297e-05
2.65888e-05
2.30026e-06
4.03136e-05
5.20596e-06
0.000164921
0.000200394
0.000185485
0.000187095
0.000190517
0.000171851
0.000108009
0.000201275
4.8124e-05
5.34274e-05
0.000179977
0.000175957
7.7495e-05
6.87291e-05
0.000148585
0.000151917
7.53103e-06
0.000124863
3.24047e-06
6.14971e-06
1.31313e-05
4.13257e-05
4.60628e-06
2.97579e-05
7.90469e-05
0.000176634
0.000152069
0.00016538
0.000135266
0.000161743
0.00016146
0.000180649
1.26284e-05
0.000107254
0.000132726
5.4303e-06
4.14203e-05
8.42452e-05
4.82078e-05
0.000106177
4.56962e-05
0.000686303
4.88232e-05
4.69867e-05
0.000351498
0.000507711
9.51771e-05
0.000333833
0.0016171
0.00177303
0.00149237
0.00177205
0.00180774
0.00188899
0.00174303
0.00177678
4.18432e-05
0.0006673
2.48802e-05
3.54954e-05
0.000290239
0.000418451
7.34522e-05
0.000245634
3.53967e-05
0.000967781
3.06221e-05
3.26992e-05
0.00020789
0.00039874
3.53242e-05
0.000148872
0.000812301
0.000327556
0.000264405
0.000984059
0.00108094
0.000562073
0.0010375
0.000524917
0.00136718
0.00126714
0.001233
0.000491404
0.00119391
0.00143173
0.000835486
0.0011412
8.67255e-05
5.54984e-05
0.000961525
4.75871e-05
4.17972e-05
0.000233311
0.000230612
0.000344432
0.000304925
0.000191627
0.00114525
0.0010137
0.000495876
0.00050954
0.000966835
0.000924071
0.000294207
0.000383051
0.000253926
0.000372266
0.000214761
0.000203508
0.000158669
0.00020203
0.000371556
1.88291e-05
1.02207e-05
2.22753e-05
0.000118831
6.73958e-05
4.8622e-05
1.51346e-05
0.000116601
6.07103e-06
3.52422e-06
4.1603e-06
4.89557e-05
2.6303e-05
1.47686e-05
4.66248e-06
0.000187984
2.32874e-05
5.85549e-06
3.89486e-06
0.000106695
6.4082e-05
2.83066e-05
1.14167e-05
0.000263982
0.000187285
0.000265454
0.000141763
0.000177336
0.000340239
0.000335425
0.000238848
0.000279309
7.34432e-05
4.75139e-05
0.000178216
0.00023005
0.000100252
0.000266363
8.42125e-05
0.000106838
0.000141481
3.9073e-05
1.54167e-05
0.00019388
0.000225278
8.75632e-05
0.000101096
0.000154194
6.38792e-06
1.45747e-05
9.21708e-06
5.99e-05
4.288e-05
2.82299e-05
9.36728e-06
0.0255859
0.138917
0.0395497
0.0216897
0.0708269
0.110945
0.0267278
0.0449716
0.147131
0.126132
0.210407
0.13772
0.139959
0.14978
0.155082
0.17088
0.040529
0.190528
0.0366339
0.0255096
0.0548768
0.12425
0.0313898
0.0875374
0.0153795
0.0677353
0.0161614
0.00985965
0.022418
0.0398311
0.0120062
0.0247373
0.147022
0.0766404
0.044389
0.109045
0.121895
0.0710355
0.103891
0.0665819
0.171731
0.138703
0.216421
0.134831
0.164969
0.165155
0.182908
0.184413
0.032738
0.0187329
0.0860607
0.0199537
0.0265423
0.0358731
0.0380309
0.0407701
0.0730147
0.0457958
0.117179
0.189913
0.0723242
0.0706017
0.150811
0.121796
3.94574e-07
4.20104e-07
1.61235e-06
7.34075e-07
7.33677e-07
7.07463e-07
2.35107e-06
2.557e-06
4.38058e-07
4.44931e-07
9.21464e-07
7.59964e-07
7.65747e-07
8.01638e-07
1.85628e-06
1.88405e-06
1.0837e-06
9.94341e-07
1.04515e-06
8.51843e-06
1.91643e-06
1.26824e-06
5.37643e-06
4.26559e-06
8.07924e-07
9.64883e-07
8.34343e-06
1.27767e-06
8.55652e-07
3.46424e-06
3.94915e-06
3.99018e-06
7.47943e-07
2.43506e-06
7.86374e-07
7.36157e-07
1.94441e-06
2.26973e-06
7.17162e-07
3.06167e-06
7.10319e-07
2.55218e-06
9.2137e-07
1.40489e-06
1.98736e-06
1.99474e-06
1.04705e-06
1.50072e-06
5.55986e-06
3.4559e-06
3.19747e-06
8.58654e-06
4.68291e-06
3.42723e-06
4.41076e-06
3.43752e-06
3.84294e-06
7.03169e-06
3.3806e-06
3.22106e-06
4.8809e-06
7.09708e-06
2.92657e-06
3.83393e-06
0.000160174
0.000116405
0.000111794
0.00011657
9.40707e-05
0.000102912
8.2707e-05
0.000110649
5.12107e-05
6.25608e-07
6.30343e-07
5.99153e-06
3.1952e-05
4.76321e-06
1.58107e-05
1.94279e-06
5.51597e-05
4.9862e-07
3.17369e-07
5.17961e-06
2.86666e-05
5.94033e-06
1.59325e-05
1.82134e-06
7.72906e-05
5.04064e-06
4.48846e-06
4.381e-06
3.78577e-05
2.70852e-05
1.84274e-05
4.64299e-06
7.14023e-05
5.56805e-05
5.86739e-05
3.3798e-05
6.1661e-05
0.000109525
8.32189e-05
6.31002e-05
6.02624e-05
2.67061e-05
6.91885e-06
5.43294e-05
6.14077e-05
3.9892e-05
5.89006e-05
3.17238e-05
5.35062e-05
8.35451e-05
1.8901e-05
1.75237e-05
6.22372e-05
6.24999e-05
3.56805e-05
4.03866e-05
6.35115e-05
5.25347e-06
5.53199e-06
2.23498e-06
4.19973e-05
2.70206e-05
1.83235e-05
6.49291e-06
0.000415106
0.000273422
6.69737e-05
0.000181796
0.000303632
0.000327675
0.00024745
0.000252946
0.00010441
1.13204e-05
3.4462e-06
9.87607e-06
3.74194e-05
7.28675e-05
4.28559e-05
8.39708e-06
4.00139e-05
2.80187e-06
6.42756e-06
2.07164e-06
3.008e-05
3.24987e-05
2.94778e-05
3.282e-06
4.70519e-05
7.40441e-06
3.85153e-06
1.2112e-06
2.1273e-05
3.30729e-05
2.2467e-05
4.80541e-06
0.000186638
7.33182e-05
0.000138756
3.17134e-05
0.000179195
0.000184596
7.74809e-05
0.000178366
0.000235948
5.1812e-05
3.60872e-05
4.28272e-05
0.000179889
7.747e-05
3.79204e-05
3.70263e-05
3.74291e-05
0.000119446
2.87298e-05
1.76239e-05
4.46752e-05
0.000126864
3.78201e-05
5.4495e-05
3.705e-05
2.98869e-06
5.9873e-06
3.21952e-06
3.56735e-05
2.96324e-05
3.53757e-05
3.15601e-06
0.000274877
9.05777e-05
0.00226273
0.0001466
0.000184938
0.000404108
0.000642997
0.000900969
4.36199e-06
5.67932e-07
2.96755e-05
6.88555e-07
1.65957e-06
2.55464e-06
6.77623e-06
6.30966e-06
0.00262421
0.000219229
0.00035162
0.000299343
0.00134124
0.000790451
0.00089044
0.000402763
3.33179e-05
7.93678e-07
0.000134639
8.35664e-07
4.92006e-06
1.72884e-05
4.40041e-05
4.42219e-05
5.45339e-05
0.00153079
7.90108e-05
4.27202e-06
0.000302868
0.000733507
1.63979e-05
0.000224552
0.000154382
1.32659e-05
0.000212344
0.00162934
0.000347151
9.64762e-05
0.00106058
0.000406435
0.00186488
0.000236301
2.92449e-05
0.000364544
0.001216
0.00043803
0.000554479
0.000158374
0.0017484
0.000185216
2.92518e-05
0.000146572
0.000929627
0.000452367
0.000344489
0.000135031
1.68306e-05
0.000434649
1.05776e-05
2.59253e-05
0.000167769
0.000242104
3.35408e-05
9.0493e-05
0.000711774
0.00124195
0.000664737
0.000738026
0.000962814
0.000982068
0.000773955
0.000586092
1.0249e-05
0.000270204
1.4475e-05
1.20084e-05
5.7169e-05
7.11416e-05
1.5082e-05
2.19326e-05
2.14889e-05
0.000291474
1.42206e-05
1.95312e-05
4.26939e-05
5.76394e-05
2.14325e-05
2.68413e-05
0.000618475
0.00010441
7.32255e-05
0.000475708
0.000440802
0.000168657
0.000422741
0.000144877
0.000683082
0.000538442
0.000486552
0.000137624
0.000526663
0.000573441
0.000375066
0.000456332
1.20559e-05
1.82517e-05
0.000304347
1.65655e-05
1.66177e-05
3.84149e-05
5.78573e-05
6.85218e-05
3.29483e-05
2.38896e-05
0.000358307
0.000333376
8.20219e-05
7.13297e-05
0.000296918
0.00028645
0.000372079
0.000281295
0.000221076
0.000237196
0.000438088
0.000322543
0.000257065
0.000327758
0.000130842
1.7991e-06
2.07385e-06
1.23476e-05
6.96014e-05
1.17282e-05
3.17978e-05
6.10861e-06
0.000102046
1.82416e-06
1.74345e-06
9.1802e-06
4.39722e-05
7.61612e-06
2.72144e-05
5.16005e-06
0.000183436
1.12273e-05
8.79665e-06
8.26287e-06
8.3279e-05
6.49096e-05
4.83143e-05
1.02625e-05
0.000245844
0.000195017
0.000288205
0.000101523
0.000159007
0.000200354
0.000149878
0.000174021
0.000165097
5.52222e-05
9.98765e-06
0.000141396
0.000158033
9.33266e-05
0.00012116
5.39853e-05
0.000130199
0.00020493
4.94327e-05
4.62332e-05
0.000105954
0.000194669
7.50009e-05
9.49214e-05
0.000142856
1.09695e-05
1.13306e-05
6.42421e-06
8.53181e-05
5.24451e-05
3.10457e-05
1.22381e-05
4.0647e-07
6.48667e-06
1.14025e-06
4.00456e-07
7.32806e-07
7.93519e-06
6.53815e-07
5.47854e-06
2.8975e-06
2.53952e-06
3.32093e-05
2.87832e-06
4.12545e-06
7.41859e-06
7.72351e-06
1.0321e-05
1.62455e-06
2.27564e-05
4.26211e-06
1.24402e-06
1.02482e-05
1.4516e-05
1.29725e-06
1.62186e-05
4.58033e-07
4.706e-05
1.72225e-06
5.17963e-07
1.57601e-06
2.19922e-05
1.00806e-06
2.4206e-05
1.0631e-05
5.99043e-06
9.69103e-07
3.88666e-05
1.95594e-05
9.24909e-06
1.66916e-05
1.25816e-05
8.28678e-06
9.13299e-06
1.82116e-05
8.62977e-06
1.08092e-05
1.30595e-05
1.31846e-05
1.43024e-05
1.088e-06
7.63417e-07
4.61083e-05
1.50355e-06
1.44671e-06
1.11566e-05
1.23026e-05
1.9557e-05
5.71457e-06
6.99403e-06
1.31352e-05
1.56576e-05
1.02105e-05
1.02025e-05
1.2616e-05
1.84663e-05
0.00140225
0.00102087
0.000739453
0.00111115
0.00123863
0.00104446
0.00111174
0.000904033
0.00066694
5.68163e-05
4.87505e-05
7.4481e-05
0.000346281
0.000264554
0.000105042
6.02993e-05
0.000206612
3.17154e-05
4.74987e-05
4.28008e-05
0.000129529
5.23915e-05
5.90944e-05
2.67433e-05
0.000669091
8.983e-05
7.94399e-05
0.000118434
0.000343886
0.000229451
0.000169972
9.19328e-05
0.000823139
0.000512351
0.000866976
0.000353259
0.0006702
0.000685239
0.000649738
0.000656993
0.000692729
0.000245061
0.000202499
0.000414131
0.000544727
0.000277197
0.000477393
0.000269343
0.000346797
0.000702025
0.000122565
9.57231e-05
0.000307509
0.000500001
0.000178976
0.000253776
0.000259621
5.45549e-05
7.11283e-05
4.89113e-05
0.000131373
0.000138577
7.37807e-05
5.66424e-05
0.000102024
0.000852537
0.000117457
4.04049e-05
0.000463995
0.000248181
0.00010754
0.000506437
0.00174571
0.00170132
0.00161676
0.000780209
0.00149816
0.00157932
0.00136789
0.00141454
0.000110453
0.000916041
7.8087e-05
1.67134e-05
0.000506512
0.000316683
8.24919e-05
0.00046841
1.73989e-05
0.000562238
1.21029e-05
2.54404e-05
0.000202462
0.000260676
1.51856e-05
0.000132629
0.00131334
0.000476138
0.000326776
0.00069849
0.00117864
0.000569177
0.000788483
0.00038517
0.00141883
0.000767316
0.00139683
0.000271743
0.00121878
0.00122645
0.000790418
0.00126241
9.39967e-05
2.83801e-05
0.000580684
1.82897e-05
2.68738e-05
0.000270971
0.000277687
0.000300059
0.000483635
0.0001655
0.000579358
0.0011313
0.000520491
0.000350705
0.00109494
0.000586637
0.00308995
0.0010756
0.00137771
0.00223904
0.0026048
0.00123918
0.00242464
0.00202583
0.000728823
7.16818e-06
1.24576e-05
4.52974e-05
0.000342953
8.28126e-05
0.000162393
2.52535e-05
0.000727137
1.21221e-05
9.47989e-06
4.40968e-05
0.000314508
8.38598e-05
0.000193489
3.25124e-05
0.000951036
5.53458e-05
4.34887e-05
4.79881e-05
0.000280654
0.000209095
0.000149695
5.37922e-05
0.00138962
0.00146401
0.00156131
0.00039849
0.00123154
0.00156911
0.00106922
0.00137678
0.00099415
0.000244889
9.80234e-05
0.00102976
0.000909416
0.000457663
0.000777181
0.000387718
0.0012669
0.00139821
0.00016303
0.000178348
0.00114433
0.00114397
0.000430174
0.000371873
0.000928957
5.31939e-05
5.00317e-05
3.44531e-05
0.00048516
0.000258631
0.000193362
4.50169e-05
0.00102337
0.000879312
0.00604795
0.00264308
0.00159845
0.00312114
0.00455725
0.0048022
0.000698549
0.000525221
0.00143441
0.00194909
0.000777681
0.000513683
0.00250181
0.00122508
0.00425001
0.00176279
0.00159173
0.00209595
0.00339299
0.00196774
0.0040861
0.00180967
0.00354392
0.00357884
0.00398534
0.00287651
0.00415563
0.00473069
0.00615053
0.00511206
0.00131345
0.00525069
0.00347753
0.00288706
0.00301501
0.0046979
0.00269931
0.00464823
0.00224627
0.00311223
0.00179019
0.00387642
0.00314958
0.00302403
0.00295895
0.00275298
0.00604394
0.00573302
0.00399644
0.00486556
0.0056701
0.00512851
0.00465757
0.00459723
0.00419718
0.0032215
0.00341476
0.00209359
0.00359058
0.00362891
0.00267632
0.00257881
4.62778e-07
1.26041e-06
8.55682e-07
5.29604e-07
1.21231e-06
1.63634e-06
7.24393e-07
2.0923e-06
1.14334e-06
4.66707e-05
0.000411406
1.79884e-06
3.89069e-06
3.76149e-05
1.65425e-05
0.000226422
1.25109e-06
0.000469699
6.8386e-05
9.59268e-06
1.68846e-05
8.91177e-05
1.04323e-05
0.000128407
5.34929e-07
1.1849e-06
7.69493e-07
5.39956e-07
1.00392e-06
1.18813e-06
6.77522e-07
2.09462e-06
1.79618e-06
2.77786e-06
9.80873e-07
1.8675e-06
1.97984e-06
2.76441e-06
1.44102e-06
1.21129e-06
2.50504e-06
2.65081e-06
0.000256326
2.63648e-06
4.2556e-06
6.25892e-06
4.94541e-06
5.4029e-05
1.00976e-06
6.70618e-07
1.60911e-06
1.08943e-06
7.57149e-07
2.10787e-06
3.02758e-06
2.18776e-06
3.0225e-06
1.10973e-05
2.17444e-05
0.000411536
8.06336e-06
5.90645e-06
9.70433e-05
0.000111478
8.30928e-06
0.000173159
8.51631e-06
7.40373e-06
3.22441e-05
6.5622e-05
7.97482e-06
4.18982e-05
0.000373194
0.000758793
0.000259943
0.0002959
0.000488857
0.000548863
0.000343172
0.000346402
7.30958e-06
6.64812e-05
4.75874e-07
7.78138e-07
1.61296e-05
3.39392e-05
1.80142e-06
3.35947e-06
7.3861e-06
7.98912e-05
9.55942e-07
1.05409e-06
1.97495e-05
2.94838e-05
2.27075e-06
4.34196e-06
0.000220439
2.76422e-05
2.98174e-05
0.000123383
0.000137339
6.61479e-05
0.000130434
5.19927e-05
0.000263946
0.000177814
0.000174001
6.013e-05
0.000135705
0.000194303
0.000115405
0.000111502
8.46688e-06
8.68005e-06
9.2442e-05
2.14791e-06
8.27293e-06
3.49752e-05
1.99861e-05
5.42039e-05
2.80106e-05
4.26449e-06
9.82905e-05
8.55866e-05
4.85418e-05
3.17175e-05
9.29859e-05
8.19107e-05
1.32512e-06
3.95432e-06
6.19523e-06
2.07752e-06
2.49088e-06
2.74684e-06
3.20684e-06
3.21057e-06
3.31539e-05
3.30163e-05
1.40089e-06
1.15609e-06
6.40309e-06
1.97427e-05
2.46154e-06
1.37911e-06
3.12246e-06
1.22653e-06
2.20731e-06
1.39133e-06
3.12142e-06
3.38209e-06
3.23539e-06
1.69216e-06
2.92329e-06
9.00206e-07
1.09851e-06
6.99074e-07
2.02674e-06
2.15257e-06
1.66374e-06
9.49964e-07
5.42885e-06
6.10048e-06
3.45962e-06
2.17895e-06
3.57517e-06
3.63474e-06
3.54765e-06
2.29397e-06
4.76712e-06
2.18287e-06
2.80356e-06
4.44313e-06
4.14298e-06
2.2057e-06
3.83102e-06
2.58115e-06
5.49572e-06
2.27664e-06
1.84138e-06
2.59574e-06
4.45724e-06
2.18186e-06
2.44054e-06
2.14975e-06
3.75458e-06
1.33371e-06
9.82797e-07
1.27341e-06
2.62895e-06
2.64056e-06
2.81232e-06
1.11407e-06
0.000591134
0.000321251
0.000271451
0.000444356
0.000387109
0.000335005
0.000301821
0.000368214
0.000192717
8.0862e-06
1.0191e-05
1.06328e-05
9.71849e-05
5.99713e-05
6.02159e-05
1.12125e-05
0.000140321
1.38679e-05
5.74857e-06
1.0383e-05
0.000124068
4.76032e-05
5.43983e-05
6.36124e-06
0.000215647
9.76646e-06
8.90531e-06
9.62756e-06
8.4389e-05
5.80897e-05
4.54403e-05
8.8058e-06
0.000268973
0.000286169
0.000390868
0.000115193
0.000276366
0.000325212
0.000269652
0.000272926
0.0002376
6.799e-05
4.99537e-05
0.000250532
0.000264901
0.000128862
0.000190316
0.000107299
0.000268392
0.000249537
5.87745e-05
4.90795e-05
0.000130435
0.00018851
8.78313e-05
0.000109354
0.000208106
8.76917e-06
1.04746e-05
1.08686e-05
0.000155852
5.81128e-05
7.3606e-05
1.14991e-05
7.18903e-07
1.5166e-06
9.80141e-07
9.56556e-07
2.82817e-06
1.63857e-06
7.3666e-07
3.31097e-06
3.35932e-06
5.22587e-06
7.17612e-06
1.27486e-05
7.5479e-06
5.98149e-06
1.09941e-05
1.04136e-05
1.36694e-06
3.66583e-06
2.20677e-06
2.09104e-06
5.01134e-06
4.38332e-06
1.4436e-06
6.58823e-06
1.3029e-06
1.13177e-05
2.27947e-06
2.51995e-06
6.30933e-06
6.19018e-06
2.10084e-06
1.24099e-05
3.74175e-06
3.97492e-06
4.816e-06
8.88189e-06
3.2565e-06
3.47933e-06
5.04233e-06
3.05707e-06
3.1046e-06
1.05987e-05
6.02874e-06
2.89576e-06
4.90242e-06
9.04897e-06
2.72684e-06
6.88548e-06
9.58734e-07
9.96458e-07
8.22049e-06
1.66783e-06
1.3637e-06
5.38558e-06
5.3467e-06
5.52556e-06
4.59807e-06
8.84677e-06
7.78259e-06
4.40517e-06
4.92807e-06
5.14977e-06
4.87222e-06
6.12118e-06
4.72444e-07
4.40816e-06
4.70765e-05
3.99867e-07
1.31173e-06
1.39729e-05
3.28936e-06
2.5972e-05
5.16802e-06
4.43415e-06
9.44167e-05
6.13831e-06
4.84398e-06
1.74654e-05
2.73293e-05
3.79859e-05
0.000117293
0.000130044
0.000235265
0.000200058
0.000188739
0.000146134
0.000174734
0.000238059
4.61986e-07
6.85067e-06
8.03266e-05
5.24481e-07
1.6995e-06
1.7278e-05
4.51749e-06
4.20802e-05
5.4893e-06
7.27052e-05
1.90727e-06
6.09275e-06
2.64877e-05
4.48422e-05
6.46824e-06
1.76576e-05
1.77371e-05
1.92892e-05
0.000150466
6.22013e-05
3.71675e-05
4.50855e-05
5.19269e-05
0.00011878
6.18717e-05
5.70833e-06
2.84378e-05
8.2721e-05
7.54822e-05
4.11817e-05
9.14054e-05
5.07108e-05
7.71164e-05
0.000124321
5.1935e-05
0.000153295
0.000162287
8.05984e-05
0.000115393
0.000117691
0.0792367
0.0840107
0.398224
0.0681781
0.0879269
0.284703
0.247008
0.332349
0.0701875
0.0314947
0.26487
0.0488727
0.0478635
0.0626719
0.16801
0.171799
0.399766
0.330799
0.33422
0.335612
0.375738
0.360145
0.355722
0.350785
0.0576406
0.0417678
0.267716
0.0352031
0.0476595
0.170821
0.0636841
0.154025
0.0760342
0.403241
0.0720156
0.0525615
0.209997
0.347751
0.0665536
0.255799
0.267052
0.178789
0.32504
0.428966
0.298804
0.27071
0.385938
0.340862
0.387101
0.140069
0.0880167
0.314741
0.353027
0.260339
0.326396
0.237825
0.403979
0.32693
0.174846
0.32538
0.373103
0.341433
0.341964
0.293771
1.56269e-06
1.48722e-06
2.67607e-06
3.90799e-06
2.19296e-06
2.16053e-06
2.98551e-06
2.37474e-06
1.49893e-06
8.04568e-07
1.03976e-06
1.10472e-06
2.16255e-06
1.80206e-06
2.48045e-06
1.02804e-06
2.57543e-06
1.15446e-06
1.21432e-06
1.37887e-06
3.64375e-06
3.5533e-06
4.15248e-06
1.46752e-06
4.16807e-06
1.2118e-06
1.30253e-06
1.34409e-06
3.51608e-06
3.46392e-06
4.13571e-06
1.4091e-06
2.17219e-06
3.55253e-06
5.79448e-06
2.80822e-06
2.75772e-06
3.88847e-06
2.84356e-06
5.5283e-06
1.70868e-06
2.73731e-06
2.61412e-06
3.60846e-06
1.77672e-06
2.57554e-06
2.63981e-06
2.70052e-06
4.73593e-06
5.90361e-06
3.18698e-06
4.00297e-06
3.47982e-06
3.18192e-06
3.50792e-06
3.36381e-06
2.63674e-06
1.51468e-06
1.23223e-06
1.25076e-06
3.34497e-06
3.45484e-06
3.18923e-06
1.18052e-06
0.00184463
0.00185322
0.00311531
0.00924382
0.00556047
0.00273433
0.00602699
0.00599323
0.00232107
0.0099185
0.0177783
0.0266846
0.00684256
0.00458094
0.0201099
0.0274401
0.00954544
0.038407
0.0444973
0.0601093
0.0292975
0.0260942
0.0496347
0.0518629
0.029504
0.0430132
0.0650303
0.0547502
0.0476298
0.0508395
0.0560655
0.0657924
0.00817347
0.0102461
0.0203326
0.0301688
0.0168087
0.0148822
0.0242465
0.0250419
0.00332136
0.0275282
0.0124364
0.00453879
0.0150128
0.0181507
0.00357685
0.0132164
0.019713
0.0227964
0.0364485
0.058227
0.0330286
0.0309257
0.0419501
0.0389756
0.015529
0.0632259
0.0335658
0.0484592
0.0265423
0.0370727
0.0230122
0.031258
1.25093e-06
3.83524e-06
5.54436e-06
3.95372e-05
1.84189e-06
1.35282e-06
2.71567e-05
1.46723e-05
5.13374e-06
6.70367e-06
3.87985e-06
7.66701e-05
1.94492e-05
4.70096e-06
2.77596e-05
2.10791e-05
5.17801e-06
4.09332e-06
4.32408e-06
8.44215e-05
1.22779e-05
3.7291e-06
3.39693e-05
2.30569e-05
7.90292e-05
7.31682e-05
0.000102726
0.000124775
5.77588e-05
5.39329e-05
9.13465e-05
0.00011294
1.12343e-05
9.2621e-06
2.68959e-05
5.06318e-05
1.99452e-05
1.92416e-05
3.78093e-05
2.6678e-05
3.80914e-06
5.03517e-05
2.76903e-06
3.52141e-06
1.36603e-05
2.0365e-05
3.34586e-06
9.40253e-06
3.13357e-05
7.91397e-05
6.52493e-05
9.44215e-05
7.20382e-05
7.56155e-05
7.07658e-05
6.07306e-05
1.89461e-05
0.000108591
6.085e-05
1.77792e-05
2.78464e-05
6.68187e-05
2.61133e-05
6.27249e-05
1.31978e-05
0.000497417
3.70627e-05
2.4885e-05
7.09988e-05
0.000253126
1.84836e-05
0.000136205
0.0011859
0.00151437
0.000885108
0.00136017
0.00133831
0.00130833
0.00123739
0.00118627
3.69551e-05
0.000318541
7.2896e-05
7.10875e-05
0.000113757
0.000197768
5.55656e-05
0.000207815
3.13656e-05
0.000665297
2.22727e-05
3.49734e-05
9.96989e-05
0.000229011
2.706e-05
0.000169454
0.000748591
8.80695e-05
0.000104072
0.000779025
0.000678185
0.000250753
0.000700655
0.000256859
0.000943941
0.00102793
0.000682256
0.000239632
0.00081749
0.000971475
0.000617179
0.000694648
2.9719e-05
2.9501e-05
0.000623999
2.62194e-05
3.21563e-05
0.000164339
7.03678e-05
0.000221895
0.000155124
0.000144514
0.000804755
0.000514532
0.000207511
0.000234599
0.00048967
0.000531417
0.142766
0.0229571
0.129238
0.0965755
0.0789537
0.0578822
0.114788
0.0799758
0.0277406
0.0497608
0.132575
0.0735774
0.0361407
0.066765
0.0693614
0.104576
0.180075
0.20634
0.274991
0.168465
0.160029
0.200797
0.188123
0.223638
0.0396507
0.0557588
0.0707167
0.0380457
0.0374608
0.0550391
0.0434774
0.0585251
0.0324848
0.087194
0.0546749
0.0610837
0.0514186
0.0591137
0.028767
0.0522093
0.0256795
0.072385
0.138471
0.0982765
0.0530928
0.0712252
0.0860023
0.0989709
0.100902
0.0504383
0.0628798
0.0873675
0.0781424
0.0526234
0.0788696
0.0582432
0.118891
0.133158
0.0825989
0.16026
0.123849
0.111944
0.120953
0.10504
1.92522e-06
2.18439e-06
2.68917e-06
5.87599e-06
2.51848e-06
2.54749e-06
3.08437e-06
3.22992e-06
2.56126e-06
1.35148e-06
2.44218e-06
2.69331e-06
1.60577e-06
1.15575e-06
3.03292e-06
2.33302e-06
2.60093e-06
3.43838e-06
5.15492e-06
3.54777e-06
2.67025e-06
3.77452e-06
2.99625e-06
3.3653e-06
4.26982e-06
2.90837e-06
4.75021e-06
2.83633e-06
3.26468e-06
3.27451e-06
3.18483e-06
3.13923e-06
3.39788e-06
2.19864e-06
7.29261e-06
3.52319e-06
4.03206e-06
2.98061e-06
3.77631e-06
5.61196e-06
2.35689e-06
3.50737e-06
2.38383e-06
2.61734e-06
4.25542e-06
3.94566e-06
3.34753e-06
2.45321e-06
2.72616e-06
7.85777e-06
3.64121e-06
3.58873e-06
3.39908e-06
7.067e-06
4.59856e-06
4.76664e-06
3.41638e-06
3.95446e-06
3.68043e-06
2.80414e-06
2.97594e-06
5.66891e-06
2.61686e-06
3.48392e-06
0.00249885
0.0017539
0.00184921
0.00191854
0.00234181
0.00182374
0.00207515
0.00200848
0.00113545
0.000266306
0.000253294
0.000763806
0.000861046
0.00038628
0.000736518
0.000340444
0.0009246
0.000225222
7.2663e-05
0.000544542
0.000768945
0.000433861
0.000512709
0.000260354
0.00139245
0.000933488
0.000858462
0.000861976
0.00128346
0.00117615
0.00109521
0.00104821
0.00160894
0.00167101
0.00178
0.00132881
0.00139784
0.00157536
0.00143044
0.00156225
0.00136891
0.00109147
0.000430305
0.00145332
0.00151038
0.0010749
0.00116127
0.00103288
0.00137158
0.00153857
0.00102736
0.000956845
0.00133286
0.00148154
0.00120176
0.00119012
0.00117594
0.000785724
0.00108024
0.000349501
0.00096713
0.00101724
0.000801642
0.000794018
1.84623e-06
1.90705e-06
1.84986e-06
9.73152e-06
2.57253e-06
1.46347e-06
6.75858e-06
3.3328e-06
1.77811e-06
1.27975e-06
1.32898e-06
1.10295e-05
2.10787e-06
1.16189e-06
6.02015e-06
2.9899e-06
1.78148e-06
1.13981e-06
1.03798e-06
2.67361e-06
1.27156e-06
1.28805e-06
2.7853e-06
2.16085e-06
5.22933e-06
5.2714e-06
3.69767e-06
3.97058e-06
4.6185e-06
4.84929e-06
4.1819e-06
4.18018e-06
2.41605e-06
2.10217e-06
8.54612e-06
9.52483e-06
5.83916e-06
6.74309e-06
8.80424e-06
9.23453e-06
1.41149e-06
1.00096e-05
1.37519e-06
1.50557e-06
3.19022e-06
9.84279e-06
1.60491e-06
1.94801e-06
3.72139e-06
6.27386e-06
7.43693e-06
2.89057e-06
5.85168e-06
6.14531e-06
4.99167e-06
6.06735e-06
2.07683e-06
2.89592e-06
7.08125e-06
2.44008e-06
4.90547e-06
4.78045e-06
3.58038e-06
7.00098e-06
0.000423732
0.000644193
0.000381046
0.000333704
0.000503087
0.000601012
0.000476167
0.000518903
0.000994839
0.0013425
0.00113901
0.000842053
0.00106882
0.00123912
0.000985669
0.00114427
0.000458535
0.000773678
0.000131106
0.000112058
0.000358484
0.000520194
0.000147858
0.000212621
0.000239255
0.000352687
8.75025e-05
1.45696e-05
0.00021443
0.000312791
9.64085e-05
0.000182827
0.000755062
0.000566229
0.000453593
0.000627786
0.000716986
0.000530614
0.000618801
0.000574187
0.000904576
0.000770439
0.00100567
0.000736657
0.000793689
0.000852808
0.000688624
0.000879637
0.000439353
0.000360785
0.000504145
0.000148593
0.000318695
0.000388159
0.000301029
0.000360277
0.000609252
0.000232995
0.00063977
0.000843076
0.000522392
0.00049079
0.000722199
0.000551812
1.2001e-06
6.88618e-06
1.26506e-06
9.91891e-07
2.84129e-06
8.07822e-06
1.18268e-06
4.91841e-06
7.45993e-06
4.5005e-06
3.71971e-06
4.92383e-06
6.44819e-06
4.11236e-06
3.25918e-06
3.95003e-06
1.31113e-06
3.48788e-06
1.09104e-06
9.1493e-07
2.32049e-06
1.75938e-06
9.37403e-07
1.19433e-06
9.67027e-07
6.15536e-06
9.14959e-07
9.37697e-07
2.60409e-06
3.63982e-06
1.02963e-06
2.17878e-06
9.16727e-06
3.10345e-06
2.95514e-06
1.10265e-05
9.59923e-06
6.66661e-06
7.72338e-06
4.77216e-06
1.001e-05
9.49012e-06
3.88097e-06
8.98994e-06
9.45751e-06
5.36924e-06
6.49016e-06
7.14975e-06
1.12331e-06
1.04372e-06
5.66709e-06
8.91768e-07
1.00836e-06
3.62865e-06
3.00971e-06
4.65063e-06
4.08212e-06
1.96459e-06
5.29703e-06
3.67817e-06
4.07891e-06
3.38866e-06
3.69309e-06
4.2061e-06
0.000104686
0.000810619
0.00119969
0.000154841
0.000408542
0.000760149
0.000472196
0.000923894
0.00127125
0.00167095
0.00237592
0.00152458
0.00148679
0.00172233
0.00163647
0.00197366
0.00260767
0.00331847
0.00437266
0.00334228
0.00305136
0.00341233
0.00343193
0.0038885
0.000183581
0.00106788
0.00182444
0.000241668
0.000510765
0.000970181
0.000546548
0.00118826
0.0010122
0.00152483
0.000441337
0.00116204
0.00108427
0.00108183
0.000944625
0.000867981
0.00126825
0.00152794
0.00246442
0.00186342
0.00146961
0.00167515
0.00183381
0.00215676
0.00169761
0.000500761
0.0012419
0.00206405
0.00153706
0.00103788
0.00187187
0.00124331
0.00218015
0.00269762
0.0017444
0.00285128
0.00250111
0.00236477
0.00244466
0.00234457
0.0125639
0.0142788
0.0220054
0.0288992
0.018229
0.018856
0.0208128
0.0264609
0.0139476
0.0293844
0.0559251
0.066597
0.0354048
0.037147
0.0599982
0.0563076
0.0199538
0.048737
0.0154483
0.0220192
0.0366506
0.0353253
0.0189146
0.0207486
0.0364605
0.0795294
0.0278661
0.0338051
0.065514
0.0685427
0.0301837
0.0427829
0.0250172
0.0371353
0.0462149
0.068149
0.0520612
0.0456181
0.0578581
0.0482841
0.0264054
0.0667314
0.0561046
0.0355623
0.0501449
0.0614306
0.0477818
0.0585707
0.021874
0.0259327
0.0739731
0.0251577
0.0277642
0.036065
0.0528108
0.0650575
0.0243706
0.0301263
0.0717858
0.0585691
0.0482474
0.0525714
0.0614451
0.0666033
0.134734
0.200397
0.154231
0.223973
0.1649
0.164024
0.181144
0.183454
0.268834
0.321546
0.305678
0.325955
0.300153
0.301345
0.314517
0.326284
0.164702
0.247425
0.043162
0.0554982
0.190366
0.19224
0.123068
0.13063
0.233545
0.279056
0.0668509
0.0654053
0.230225
0.248926
0.131527
0.12535
0.230755
0.192378
0.249808
0.303348
0.247794
0.221707
0.279482
0.252905
0.229945
0.307685
0.270125
0.189997
0.256843
0.290748
0.232918
0.269014
0.206027
0.244153
0.297895
0.146908
0.221371
0.252539
0.231832
0.269983
0.212388
0.145483
0.308793
0.292293
0.25103
0.248663
0.280841
0.284528
1.04668e-06
1.1971e-06
1.13029e-06
3.30968e-06
1.04892e-06
8.84366e-07
1.49973e-06
1.70198e-06
1.1986e-06
1.23251e-06
9.60931e-07
4.24426e-06
1.46217e-06
1.30359e-06
2.91231e-06
2.02313e-06
1.01448e-06
1.02411e-06
1.1698e-06
6.48497e-06
4.20888e-06
1.21046e-06
5.61509e-06
2.72878e-06
3.6505e-06
6.66627e-06
7.4766e-06
4.50227e-06
3.80515e-06
3.5379e-06
4.13125e-06
8.12303e-06
1.18963e-06
2.07706e-06
3.39436e-06
4.77354e-06
2.07711e-06
3.41068e-06
3.7551e-06
2.53087e-06
9.56721e-07
4.46966e-06
1.10737e-06
1.0193e-06
1.90887e-06
3.87137e-06
9.58073e-07
2.96515e-06
3.95485e-06
3.12756e-06
5.55465e-06
9.00257e-06
5.75951e-06
3.79698e-06
7.31161e-06
6.04659e-06
2.42539e-06
8.01456e-06
6.57464e-06
2.86613e-06
5.82823e-06
7.63301e-06
4.4358e-06
6.02366e-06
0.00177608
0.00131545
0.00238651
0.00162068
0.00120141
0.00169311
0.00188231
0.00192652
0.000504494
2.59218e-05
0.000866943
0.000189782
0.000166689
0.000108559
0.00040211
0.000454743
0.00286663
0.00171354
0.00324664
0.00237675
0.00219648
0.00253073
0.00274939
0.00275113
0.000863999
0.000245506
0.00101421
0.000260299
0.000426457
0.000427007
0.000466194
0.000461154
0.000915069
0.00192165
0.00121133
0.000446
0.0012376
0.00168122
0.000870366
0.00129749
0.0009272
0.00042904
0.00130088
0.00215075
0.00123282
0.000833189
0.00138609
0.00104137
0.00234363
0.00136807
0.000551978
0.00169543
0.00200425
0.00142739
0.00154581
0.000875413
0.0023667
0.00169458
0.000605527
0.0015546
0.00205627
0.0016609
0.00157782
0.00123468
8.58836e-06
0.000158654
0.000194523
5.44406e-05
7.25837e-05
0.00013277
8.22763e-05
0.00013912
0.000365569
0.000514346
0.000408716
0.000435945
0.000411467
0.000520634
0.000377784
0.000407498
0.000420099
0.000397441
0.000484185
0.000294146
0.000485423
0.000544917
0.000507273
0.00042041
6.0941e-05
0.000265706
0.000187637
5.88441e-05
7.66485e-05
0.000187266
8.25057e-05
0.000172737
0.0002525
0.000237462
8.6327e-05
0.000311327
0.000223868
0.00022924
0.000258328
0.000136444
0.000258554
0.000310404
0.000420733
0.000296179
0.000231571
0.000417559
0.000394032
0.000471229
0.000275695
8.69131e-05
0.00033581
0.000293532
0.00027889
0.000167716
0.00024957
0.000281584
0.000251497
0.000264668
0.000319952
0.000379474
0.000451892
0.000276057
0.000456359
0.000393847
1.35973e-06
1.3981e-06
2.14645e-06
1.42326e-05
2.87439e-06
1.46515e-06
7.44052e-06
6.74359e-06
1.25803e-06
8.42324e-07
7.01205e-06
4.51134e-06
2.45913e-06
5.84437e-06
4.96788e-06
7.01846e-06
3.11087e-06
3.19482e-06
2.84818e-06
2.81767e-05
4.76281e-06
2.92142e-06
1.06894e-05
1.27252e-05
1.61104e-05
7.73322e-06
2.22866e-05
2.23822e-05
8.56607e-06
8.01581e-06
1.70759e-05
1.48531e-05
2.9379e-06
4.70283e-06
8.28964e-06
5.23213e-06
4.94657e-06
7.05553e-06
7.97686e-06
7.58671e-06
1.6624e-06
5.14782e-06
3.12655e-06
2.13309e-06
4.33261e-06
5.24781e-06
2.83362e-06
4.57037e-06
9.23516e-06
1.85893e-05
6.57573e-06
2.65332e-05
2.17972e-05
1.74975e-05
1.73675e-05
8.98181e-06
8.07915e-06
2.50114e-05
8.72263e-06
7.96342e-06
1.02877e-05
1.5178e-05
1.01873e-05
1.22854e-05
4.90657e-07
6.7813e-05
1.97217e-05
1.04016e-05
1.99463e-06
4.18343e-05
2.75973e-06
2.68198e-05
0.000265531
0.00080329
0.000451041
0.00038154
0.000341653
0.000589692
0.000360189
0.000561534
3.98739e-05
0.000223267
5.38311e-05
0.000115259
7.33736e-05
0.000123599
7.56542e-05
0.000108103
3.06589e-05
0.000129559
8.65108e-05
6.81417e-05
3.49085e-05
9.59933e-05
3.8647e-05
8.5355e-05
8.80047e-05
2.95266e-05
1.28537e-05
0.000115589
9.13634e-05
4.93456e-05
8.22213e-05
6.38421e-05
0.000189459
0.000273107
0.000375478
8.87031e-05
0.000150096
0.000194906
0.000138357
0.000132202
3.00475e-05
1.461e-05
0.00012286
5.24911e-05
4.15368e-05
5.03175e-05
4.93731e-05
8.44427e-05
7.57691e-05
0.000137804
0.000242033
0.000285209
0.000122541
0.00015861
0.000127806
0.000155247
0.00378764
0.00544203
0.00647462
0.00946426
0.00748358
0.00771549
0.00840911
0.00904531
0.00386327
0.00262024
0.00852234
0.00820488
0.00660025
0.00656842
0.00912074
0.0085263
0.011422
0.0116916
0.0117516
0.0276144
0.0147381
0.0111997
0.0165751
0.0141319
0.018128
0.0160634
0.0397953
0.0285518
0.0238584
0.0284132
0.0321677
0.036542
0.00718666
0.0121588
0.0141881
0.0134482
0.00949064
0.0144832
0.00871614
0.01542
0.0072944
0.0147056
0.0103192
0.0115186
0.00976376
0.0138188
0.0101057
0.0127178
0.0155538
0.0177326
0.0176348
0.0342916
0.0203779
0.0195635
0.0262453
0.0270961
0.0139697
0.0301618
0.018067
0.0128707
0.017644
0.024792
0.0165375
0.0204796
1.41916e-06
1.40443e-06
4.0789e-06
1.89881e-06
1.57075e-06
1.27907e-06
1.55072e-06
1.82658e-06
2.42034e-06
4.15237e-05
0.000383708
1.46235e-06
4.23326e-06
4.66569e-05
5.62813e-06
6.20907e-05
4.28175e-05
0.000460343
9.0055e-05
3.44212e-06
6.68246e-05
0.000271979
8.28496e-06
9.67269e-05
1.70879e-06
1.31064e-06
2.55839e-06
1.10552e-06
1.63032e-06
3.27707e-06
1.66946e-06
2.53383e-06
1.32048e-06
2.79589e-06
2.34102e-06
1.64498e-06
1.36952e-06
2.06499e-06
1.66842e-06
2.4229e-06
3.48995e-06
2.414e-06
0.000339937
3.22139e-05
5.12784e-06
4.50353e-06
3.26834e-05
4.11679e-05
4.65212e-06
2.21497e-06
2.0807e-06
2.56279e-06
4.0444e-06
3.22587e-06
3.92911e-06
2.4066e-06
2.03262e-05
2.80865e-06
2.6825e-06
0.000285227
1.78136e-05
7.27571e-06
4.30622e-05
3.88581e-06
4.25028e-07
8.4813e-07
6.70908e-07
1.48956e-06
1.44168e-06
6.06715e-07
1.43479e-06
1.77599e-06
1.24569e-06
1.918e-06
1.73822e-06
2.4608e-06
4.25284e-06
1.43624e-06
3.8318e-06
5.52572e-06
8.84147e-07
1.46815e-06
1.1958e-06
1.85409e-06
2.88124e-06
1.02712e-06
2.68369e-06
3.82079e-06
2.08398e-06
2.6275e-06
2.07443e-06
1.555e-06
1.6943e-06
1.6651e-06
2.09249e-06
1.32677e-06
3.5077e-06
2.2404e-06
1.47877e-06
1.94038e-06
2.48346e-06
1.92425e-06
2.0562e-06
1.58272e-06
9.3697e-07
2.74511e-06
1.22889e-06
7.52002e-07
3.18288e-06
2.77438e-06
8.5984e-07
3.49775e-06
2.04751e-06
1.91617e-06
1.76872e-06
2.31649e-06
1.72271e-06
1.36149e-06
3.50169e-06
3.31085e-06
2.46572e-06
3.32811e-06
4.23963e-06
4.7326e-06
2.44379e-06
2.09135e-06
2.75741e-06
2.53978e-06
7.08672e-06
6.17093e-06
1.10993e-05
0.000222813
2.66522e-05
9.18027e-06
8.44282e-05
8.93541e-05
7.41918e-06
7.34144e-06
1.02067e-05
0.000180926
1.98588e-05
9.6984e-06
9.91727e-05
7.59531e-05
1.45679e-05
1.03808e-05
5.24736e-06
0.000247553
4.01588e-05
1.57388e-05
0.000126212
7.53123e-05
0.000341145
0.000256153
0.000549583
0.000500452
0.000362616
0.000342458
0.000551093
0.000512388
2.31336e-05
3.37082e-05
0.000245444
0.00025107
0.00010095
0.00011044
0.000216184
0.000194621
7.76686e-06
0.000243919
1.07373e-05
1.37317e-05
7.76257e-05
0.000106293
9.40661e-06
2.87123e-05
0.000122442
0.000402821
0.000279549
0.0003948
0.000222102
0.000291139
0.000257527
0.000281399
8.88074e-05
0.00027554
0.000259442
8.1728e-05
0.000126662
0.000229338
0.000109687
0.000161209
0.043215
0.0654669
0.0836176
0.141846
0.0887501
0.0706469
0.103602
0.102091
0.0709089
0.0366994
0.0385666
0.234579
0.117624
0.0452525
0.147362
0.0804887
0.148818
0.0353223
0.0507369
0.311946
0.211186
0.0601326
0.248648
0.152569
0.243199
0.304138
0.345204
0.296383
0.284654
0.309126
0.29508
0.331594
0.167732
0.215485
0.237239
0.275338
0.192797
0.207695
0.237422
0.252255
0.0830855
0.257158
0.0547483
0.119337
0.106369
0.14978
0.103902
0.155508
0.248016
0.251247
0.294307
0.34271
0.286676
0.278806
0.319976
0.305681
0.15039
0.323683
0.283387
0.128615
0.201146
0.295526
0.195044
0.271836
4.35906e-07
8.21747e-07
1.36987e-06
7.88784e-07
7.1768e-07
1.9053e-06
2.28927e-06
1.93044e-06
9.20435e-07
1.07166e-06
3.03135e-06
1.154e-06
1.11095e-06
3.23048e-06
3.15387e-06
3.20673e-06
1.35333e-06
4.41627e-06
2.12473e-06
1.88686e-06
1.46672e-06
3.69062e-06
1.35132e-06
1.64021e-06
8.7952e-07
1.11606e-06
1.82016e-06
1.2982e-06
1.04319e-06
2.99463e-06
3.09869e-06
3.18929e-06
1.00143e-06
1.42054e-06
8.90428e-07
1.09794e-06
2.30816e-06
2.28323e-06
8.3845e-07
2.21397e-06
2.28912e-06
3.06736e-06
6.29961e-06
3.21302e-06
2.34353e-06
2.98769e-06
1.72403e-06
2.63424e-06
1.54615e-06
2.37137e-06
3.04899e-06
1.74612e-06
1.34532e-06
2.43296e-06
1.55131e-06
2.97248e-06
1.41889e-06
2.09298e-06
3.10422e-06
2.9465e-06
3.26641e-06
2.94507e-06
3.62546e-06
1.58748e-06
0.00764618
0.00898481
0.0135231
0.0352666
0.0200048
0.0101915
0.0249498
0.0167837
0.0076801
0.0035129
0.00647216
0.0523472
0.0163247
0.00709516
0.0396279
0.0162904
0.0210985
0.00944772
0.0205693
0.0811195
0.0587324
0.0153518
0.0679712
0.0258949
0.0545157
0.0669909
0.0833333
0.0653105
0.0601249
0.0718063
0.0746004
0.0776103
0.0235696
0.0314114
0.0484424
0.0622013
0.0388469
0.0371793
0.0542444
0.0577497
0.00941558
0.0591468
0.0114141
0.0137872
0.0293623
0.0441281
0.0107442
0.0352954
0.0413049
0.0603649
0.0684215
0.0839364
0.0674636
0.0671507
0.078424
0.0736729
0.0327316
0.0777763
0.0636405
0.0215782
0.0597708
0.0741521
0.0560128
0.0669293
4.6849e-07
1.46262e-06
8.13143e-07
7.24964e-07
1.22502e-06
1.34464e-06
7.69796e-07
1.71306e-06
1.10614e-06
1.25641e-06
5.08187e-06
4.14853e-06
1.44567e-06
1.60961e-06
6.5704e-06
8.30505e-06
1.22901e-06
2.8312e-06
2.77409e-06
1.74538e-06
2.50576e-06
2.71543e-06
1.90401e-06
4.5198e-06
7.66174e-07
3.48626e-06
1.29815e-06
1.23671e-06
2.25567e-06
2.25694e-06
1.37947e-06
3.56736e-06
1.49534e-06
1.84528e-06
1.38579e-06
2.77398e-06
3.27578e-06
1.55124e-06
2.14687e-06
1.39514e-06
2.06272e-06
5.2622e-06
3.64984e-06
1.86826e-06
3.32329e-06
5.24313e-06
2.68425e-06
3.53943e-06
1.02884e-06
8.46508e-07
3.30575e-06
1.51293e-06
9.31124e-07
2.00049e-06
2.24865e-06
2.1919e-06
2.44522e-06
4.08034e-06
3.52829e-06
2.8911e-06
2.32235e-06
2.27533e-06
2.79866e-06
2.97917e-06
3.32174e-06
3.83525e-06
9.36305e-05
4.94157e-06
3.09016e-06
7.23711e-06
3.21435e-05
4.61588e-05
3.0744e-06
2.49614e-06
7.53246e-05
3.09362e-06
2.91268e-06
4.64307e-06
2.47147e-05
3.93032e-05
0.000127929
0.000115795
0.000137184
0.000198202
0.000145508
0.000214874
0.000193613
0.000174824
5.2844e-06
2.41243e-06
8.87213e-05
8.7203e-07
5.51733e-06
1.05322e-05
3.0457e-05
4.48088e-05
2.61553e-06
0.00010316
4.21051e-06
4.36998e-06
2.85268e-05
3.68653e-05
3.52243e-06
1.00441e-05
5.61527e-06
8.06533e-06
0.000137534
0.000110829
4.19572e-05
3.35452e-05
9.27788e-05
0.000102386
0.000149348
2.78505e-05
2.73475e-05
0.00012188
0.000105141
5.187e-05
0.00010577
4.25653e-05
0.000130495
0.000186269
4.6401e-05
0.000137783
0.000116325
0.000148036
0.000122198
8.03852e-05
0.00127453
0.000670089
0.000942579
0.000745932
0.000940819
0.000870991
0.000854949
0.00079594
0.000169837
3.5705e-05
3.6994e-05
2.21783e-05
5.27391e-05
4.32695e-05
4.08362e-05
2.76847e-05
0.000625794
4.52911e-05
4.7512e-05
5.50296e-05
0.000200615
0.000148048
9.57959e-05
5.54742e-05
0.000320213
2.61678e-05
3.79244e-05
2.58864e-05
6.73592e-05
4.8535e-05
4.5185e-05
2.64477e-05
0.000351263
0.000619812
0.000411651
7.06697e-05
0.000324817
0.000442666
0.000266698
0.000350276
0.000299003
5.67122e-05
0.000142247
0.000576993
0.00028881
9.9499e-05
0.000435784
0.000187888
0.000566394
0.000374282
5.01266e-05
8.60948e-05
0.000497874
0.000334536
0.000200327
8.8764e-05
0.000514055
4.34632e-05
2.69303e-05
3.83014e-05
0.000185823
0.000137846
7.57681e-05
3.85279e-05
1.9161e-06
1.61257e-06
3.01302e-06
1.13041e-06
1.4017e-06
4.86275e-06
2.51748e-06
2.29832e-06
1.36269e-06
1.14004e-06
2.70934e-06
8.69757e-07
9.51416e-07
3.47352e-06
1.9675e-06
1.85564e-06
3.36309e-06
1.90304e-06
1.21889e-06
1.51752e-06
4.12035e-06
1.94383e-06
1.81578e-06
1.40509e-06
9.12561e-07
7.58225e-07
1.39649e-06
4.43724e-07
6.59377e-07
1.79865e-06
1.97515e-06
1.50323e-06
1.16119e-06
3.27436e-06
8.52331e-07
6.73788e-07
2.20485e-06
2.28154e-06
8.16833e-07
2.48564e-06
4.20796e-06
2.15708e-06
3.18828e-06
3.68644e-06
2.04613e-06
2.0284e-06
3.41429e-06
3.98853e-06
1.86207e-06
1.99915e-06
1.84185e-06
2.73081e-06
1.84921e-06
1.91718e-06
2.09627e-06
1.87478e-06
3.80592e-06
2.86974e-06
2.00812e-06
2.15354e-06
2.877e-06
3.06926e-06
2.12138e-06
1.89474e-06
1.01869e-05
8.93822e-06
1.74582e-05
0.000191879
2.09781e-05
9.26256e-06
0.000113204
7.87071e-05
9.38506e-06
8.10396e-06
1.44113e-05
0.000208904
2.77621e-05
7.80517e-06
0.00011934
8.84761e-05
2.1621e-05
1.89892e-05
1.43409e-05
0.00027978
6.4475e-05
2.78147e-05
0.00019008
0.000118965
0.000327143
0.000265935
0.000299778
0.000273582
0.000387306
0.000349843
0.000338796
0.00033296
2.34692e-05
4.29683e-05
0.000197491
0.000246833
0.000115428
9.78241e-05
0.000234945
0.00027936
7.05145e-06
0.000316197
1.50778e-05
1.62703e-05
8.18071e-05
0.000101056
1.50297e-05
4.52764e-05
0.000158831
0.000297016
0.000365292
0.000382151
0.000321039
0.000210185
0.000366081
0.000282378
9.33669e-05
0.000271429
0.000263484
9.25697e-05
0.000131583
0.000346967
0.000151766
0.000262872
2.14066e-06
3.3886e-06
1.08337e-06
1.77811e-06
5.73559e-06
5.10778e-06
1.91451e-06
5.01537e-06
7.0212e-06
1.4963e-06
9.98423e-07
3.28047e-06
8.89503e-06
3.06752e-06
5.30063e-06
1.28925e-06
7.39868e-07
8.48196e-07
4.14902e-07
7.10094e-07
2.67203e-06
2.05473e-06
8.93716e-07
1.06799e-06
1.4218e-06
3.46297e-06
8.80028e-07
1.23952e-06
4.64718e-06
3.43581e-06
1.41395e-06
2.37376e-06
3.55216e-06
3.88342e-06
5.31326e-06
4.28769e-06
3.94544e-06
4.69221e-06
3.84927e-06
4.69654e-06
5.25746e-06
5.1771e-06
1.70411e-06
3.93517e-06
4.72024e-06
4.56327e-06
1.71803e-06
3.1994e-06
1.12321e-06
1.60517e-06
4.09637e-06
9.94917e-07
9.4244e-07
4.51476e-06
3.38266e-06
2.62189e-06
3.76777e-06
1.49478e-06
1.40471e-06
8.02288e-07
2.65533e-06
3.63608e-06
1.7642e-06
1.37239e-06
0.32541
0.320267
0.368077
0.331557
0.333878
0.334979
0.343594
0.350626
0.254017
0.0293599
0.0314545
0.0364688
0.176141
0.0724509
0.138698
0.0317019
0.348242
0.036771
0.0481106
0.0542888
0.272857
0.143791
0.194038
0.0541947
0.261385
0.0420801
0.0500683
0.031854
0.11684
0.0959927
0.0583654
0.0410303
0.317872
0.35752
0.321775
0.187396
0.320822
0.34377
0.293478
0.325218
0.293048
0.0755926
0.112486
0.336553
0.290096
0.2057
0.296714
0.21849
0.365372
0.308889
0.147088
0.142533
0.335666
0.308047
0.237701
0.222771
0.341192
0.0460225
0.0386208
0.0424735
0.254863
0.112787
0.169878
0.0458148
1.8772e-06
2.50127e-06
1.20602e-06
3.21001e-06
1.98848e-06
3.23668e-06
1.74957e-06
1.89629e-06
2.0517e-06
1.01033e-06
8.05404e-07
1.16929e-06
3.39114e-06
3.41988e-06
3.33854e-06
1.01645e-06
1.08412e-06
7.39253e-07
4.47292e-07
6.26926e-07
2.16413e-06
1.86552e-06
1.99285e-06
8.30259e-07
1.9369e-06
1.13189e-06
8.42189e-07
1.28152e-06
3.56317e-06
3.25124e-06
3.52728e-06
1.04629e-06
2.79162e-06
1.71633e-06
2.28262e-06
3.25842e-06
5.12211e-06
2.266e-06
2.69398e-06
2.62078e-06
4.14381e-06
3.24688e-06
2.46832e-06
3.40095e-06
1.83324e-06
3.31812e-06
1.16596e-06
2.59829e-06
1.28462e-06
1.79896e-06
3.21095e-06
2.53651e-06
1.68634e-06
1.4303e-06
2.71628e-06
3.28944e-06
1.7141e-06
9.1466e-07
1.02826e-06
9.24132e-07
2.45636e-06
2.32581e-06
2.40521e-06
7.50931e-07
0.00240173
0.00410993
0.00302143
0.00719335
0.00451195
0.00258735
0.0046361
0.00636011
0.00979686
0.0109832
0.00762932
0.0608155
0.041316
0.0156536
0.0459319
0.0236776
0.00513673
0.00429032
0.00274736
0.0443507
0.0201526
0.00417169
0.0256231
0.00897683
0.0205975
0.0668757
0.0581611
0.0487053
0.0398877
0.0557135
0.0340973
0.0599786
0.0144465
0.00987093
0.0148936
0.0505516
0.0193479
0.013518
0.0398474
0.0289769
0.00758041
0.0537798
0.00578163
0.0051691
0.0142158
0.0457239
0.00633798
0.0332201
0.0125971
0.0140237
0.0545496
0.049102
0.0318
0.0354274
0.0456078
0.049065
0.0106695
0.0506216
0.0551858
0.0113852
0.0322189
0.0457859
0.0399819
0.0538339
3.08158e-06
8.06439e-06
5.83633e-06
0.000112212
4.57801e-05
9.74822e-06
7.9744e-05
2.03095e-05
6.03706e-06
3.47619e-06
4.06197e-06
0.000103237
2.98914e-05
3.26331e-06
4.15668e-05
7.55814e-06
5.55492e-06
3.50704e-06
3.1726e-06
9.15197e-05
2.57867e-05
3.53281e-06
4.02097e-05
5.1867e-06
0.000132042
0.000118799
0.000156089
0.000117969
0.000151808
0.000161072
0.000147285
0.000193869
3.11976e-05
3.28647e-05
0.000103392
0.000119639
5.466e-05
4.62742e-05
0.000115862
0.000148266
6.30799e-06
0.000138981
2.85658e-06
6.5113e-06
1.33725e-05
3.3883e-05
6.2349e-06
2.66223e-05
6.17512e-05
0.000181081
0.000153736
0.000170943
0.00014228
0.000169321
0.000117436
0.000126925
1.24364e-05
0.000106449
0.000111328
6.05045e-06
3.3337e-05
0.000126156
4.03917e-05
9.9937e-05
1.47637e-05
4.15842e-05
0.000471768
2.23485e-05
3.28326e-05
0.000110096
0.000111659
0.000270811
2.89735e-05
5.56885e-05
0.000262053
4.3627e-05
5.21816e-05
0.000104635
7.12345e-05
0.000101983
0.00105678
0.000762989
0.00134943
0.000804911
0.000947422
0.00101394
0.000982015
0.00103513
3.22888e-05
3.43949e-05
0.000338293
2.73772e-05
3.03979e-05
4.99659e-05
4.4669e-05
6.31491e-05
3.1234e-05
0.000558702
3.1643e-05
3.92314e-05
0.000136058
0.000305627
3.63447e-05
0.000109337
0.000101029
6.14845e-05
0.000422994
0.000753469
0.000250977
9.47031e-05
0.000573558
0.000376258
0.000703268
7.65626e-05
5.1654e-05
0.000456445
0.000497179
0.000188657
0.000372769
7.54584e-05
0.000824916
0.000494996
6.95411e-05
0.000450375
0.000628673
0.000441013
0.000440477
0.000315933
0.00602898
0.0052674
0.00505638
0.0055138
0.005747
0.00538136
0.0054703
0.00520287
0.00439127
0.00385728
0.00440747
0.00426231
0.00417116
0.00410641
0.00428432
0.00426396
0.00494257
0.00475485
0.00296037
0.0052529
0.00498279
0.0048796
0.00511969
0.00437823
0.00510338
0.00460059
0.00514054
0.00490479
0.0048581
0.00477407
0.00493436
0.00492788
0.00491812
0.00494808
0.00523355
0.00451922
0.00480076
0.00499303
0.00474047
0.0049551
0.00467119
0.00446032
0.00457691
0.00483466
0.00463886
0.00449763
0.00467639
0.00462149
0.00494031
0.00509428
0.00461843
0.00510039
0.00494927
0.00490825
0.00492216
0.00479572
0.00488471
0.00512499
0.00462028
0.00471792
0.00490854
0.00493735
0.00475238
0.00480178
0.00256889
0.00458527
0.00479629
0.00440235
0.00453637
0.00469462
0.00453508
0.0046791
0.00428112
0.00376405
0.00446599
0.00431643
0.00415734
0.00409149
0.00429922
0.00427048
0.0050826
0.00538621
0.00611352
0.00594975
0.005371
0.00547518
0.00566129
0.00595717
0.00459107
0.00500021
0.00571608
0.00531142
0.00486361
0.00508866
0.00512926
0.00553146
0.00447894
0.00478178
0.00447965
0.00459181
0.00451719
0.00464696
0.00447367
0.00460181
0.00448372
0.00464894
0.0047829
0.00481726
0.00454737
0.00456283
0.00467156
0.0047874
0.00485105
0.00457238
0.00485242
0.00547063
0.00492626
0.00478563
0.00521156
0.0049789
0.00498272
0.00579483
0.00504271
0.00518859
0.00517901
0.00534735
0.00505406
0.00527032
0.00235972
0.00488153
0.00502733
0.00538662
0.00432795
0.00516802
0.0052361
0.00518067
0.00539495
0.00526775
0.00513919
0.00536171
0.00538337
0.00526338
0.00530918
0.00406936
0.00505848
0.00532616
0.00588784
0.00547479
0.00524567
0.00537556
0.00546611
0.00565497
0.00525955
0.00526517
0.00519128
0.00503635
0.00520654
0.00519405
0.00508797
0.00446335
0.00542941
0.00506745
0.00538726
0.00537649
0.00534571
0.00523802
0.00542168
0.00530423
0.00532711
0.00530772
0.00512912
0.0050433
0.00524829
0.00525176
0.00511363
0.0051356
0.00501138
0.00521438
0.0052617
0.00519044
0.00504248
0.0051504
0.00511782
0.00516623
0.00502821
0.00531959
0.00407058
0.00364857
0.00514208
0.00519533
0.00517276
0.00521368
0.00281148
0.00209727
0.00265436
0.00595587
0.00276277
0.00424876
0.00485
0.00305987
0.00135298
0.000583105
0.000739699
0.00155216
0.00120857
0.000811874
0.00138515
0.000938497
0.00188868
0.00098802
0.00135112
0.00262864
0.00155225
0.00112099
0.00170958
0.00136667
0.00509067
0.002603
0.00355859
0.00431663
0.0041044
0.00297073
0.00263787
0.00212325
0.00179686
0.00224295
0.00367031
0.00388775
0.00310599
0.00402544
0.00438973
0.00405095
0.00185454
0.0023829
0.000942011
0.00191083
0.00211291
0.00197058
0.00171989
0.00155035
0.00258449
0.00346035
0.00244272
0.00215384
0.00444296
0.00357777
0.00339637
0.00345164
0.00198767
0.00174584
0.00183977
0.00126025
0.00227223
0.00252838
0.00152955
0.00205761
0.0048325
0.00603432
0.00467628
0.00459694
0.00505929
0.00533928
0.00467097
0.00488243
0.00712419
0.00693403
0.0057886
0.00665332
0.00722109
0.00751614
0.00674024
0.00700178
0.0026902
0.00366415
0.00220593
0.00350773
0.00463701
0.00377954
0.00286922
0.00436753
0.00449181
0.00547469
0.00421703
0.00458859
0.00472666
0.00497598
0.0045731
0.00480856
0.00612174
0.00488927
0.00477858
0.00576574
0.00568072
0.00510063
0.00558387
0.00502752
0.00639666
0.00603811
0.00602878
0.00506805
0.00592288
0.00610625
0.0056828
0.00585167
0.00378805
0.00451739
0.00549208
0.00382014
0.00339047
0.00474652
0.00483143
0.00499477
0.0046318
0.00475955
0.00572954
0.00563168
0.00493089
0.00500055
0.00550125
0.00521568
0.00245204
0.00428235
0.00312302
0.00247863
0.00245555
0.00292502
0.00293733
0.00270564
0.00711844
0.00838749
0.00770414
0.00665626
0.0069548
0.00815116
0.00805074
0.00842806
0.00502895
0.00656541
0.00531689
0.00657677
0.00595057
0.00589044
0.00530361
0.00610267
0.00320684
0.00531126
0.00476106
0.00419999
0.00371418
0.0045685
0.00363213
0.00479756
0.00438323
0.00418804
0.00283531
0.00538882
0.00507549
0.00517247
0.00448758
0.00370667
0.00496713
0.00651785
0.00697958
0.0054609
0.0064091
0.0077351
0.00607591
0.00702608
0.00367158
0.0032275
0.00581555
0.00458558
0.00356318
0.00342899
0.00507878
0.00616707
0.00513066
0.00623481
0.00715183
0.00723481
0.00667988
0.00726458
0.00720309
0.00793788
0.00139414
0.00189014
0.00211442
0.00188336
0.00187766
0.00169817
0.00203711
0.00155895
0.0022047
0.00205237
0.00231862
0.00213065
0.00215669
0.00216979
0.0021869
0.0022139
0.0025431
0.00255537
0.00249867
0.00235923
0.00271177
0.00266657
0.00274758
0.00269567
0.00222657
0.00211605
0.00243585
0.00205759
0.00190104
0.00221334
0.00217228
0.00227459
0.00209147
0.00263845
0.00193523
0.00216391
0.00231916
0.00245249
0.002219
0.00235372
0.00231391
0.00221949
0.00243152
0.00252169
0.00235414
0.0022842
0.00249236
0.00243254
0.00268055
0.00227296
0.00219698
0.00251972
0.00221708
0.00239255
0.00248213
0.00229756
0.00239061
0.00256926
0.00227316
0.00247106
0.00258433
0.00251783
0.00247358
0.00241778
0.00136112
0.00249476
0.00203523
0.00237134
0.00160139
0.00169818
0.00156817
0.00154595
0.00277261
0.00265378
0.00250713
0.00236915
0.00216801
0.00225142
0.00229746
0.00203422
0.00221538
0.0022804
0.00199311
0.00200786
0.00222363
0.00221157
0.00209952
0.00208162
0.00205294
0.002135
0.00188914
0.00150761
0.00154438
0.00157367
0.00138961
0.00141812
0.00191298
0.00222467
0.00163806
0.00181371
0.00179991
0.0024828
0.00251567
0.00162888
0.00203038
0.00182553
0.00246542
0.002395
0.00175651
0.00253702
0.00248751
0.00225518
0.002302
0.00147702
0.00163745
0.00205771
0.00225734
0.00166689
0.00208489
0.00225905
0.00209255
0.00182989
0.001541
0.00231215
0.00230881
0.00226099
0.00237707
0.00230718
0.00368226
0.00348719
0.00406689
0.00413123
0.0038161
0.00373149
0.00400385
0.00395374
0.00237917
0.000725436
0.00210666
0.00206939
0.00179814
0.00159097
0.00200532
0.00188229
0.00458248
0.00361246
0.00479771
0.00428432
0.00431985
0.00423803
0.00446689
0.00438904
0.00432787
0.003294
0.00414146
0.00362879
0.00403667
0.00343867
0.00296971
0.00392034
0.00335605
0.00410952
0.00411487
0.00319315
0.00361436
0.00397638
0.00356244
0.003989
0.00320131
0.00273157
0.00310381
0.00406172
0.00347026
0.00314813
0.0036527
0.00333411
0.0042978
0.00428852
0.00314405
0.00422074
0.00426109
0.00415468
0.00410604
0.00397752
0.00427922
0.0040687
0.00321784
0.00332845
0.00407842
0.0039499
0.0035413
0.00344128
0.00343131
0.0039294
0.00330507
0.00305819
0.00342654
0.00367038
0.0032216
0.00338945
0.00459079
0.00491006
0.00358208
0.00401286
0.00458796
0.00454126
0.00407065
0.00401101
0.00224849
0.00196575
0.000655742
0.000783478
0.00196246
0.00176389
0.000934935
0.000838075
0.00230991
0.00266398
0.000875832
0.00105621
0.00214043
0.00220916
0.00123228
0.00122421
0.00401132
0.00321704
0.00302019
0.0035145
0.00366148
0.00338058
0.00355252
0.00320457
0.00419705
0.00359845
0.00333139
0.0032897
0.00378514
0.0037461
0.0035494
0.00341612
0.00254785
0.00249666
0.00285396
0.0010643
0.00234165
0.00259933
0.00211372
0.00247352
0.0025453
0.00104801
0.00284774
0.0024949
0.0022852
0.00200942
0.00259731
0.00236293
0.00427852
0.0051992
0.00578716
0.00322977
0.00315671
0.00637133
0.00372081
0.00391941
0.00663774
0.00658707
0.00741043
0.00527834
0.0047896
0.0078655
0.00620155
0.00697486
0.00663737
0.00678406
0.00453717
0.00600372
0.00571494
0.00668741
0.0044209
0.00458577
0.00235526
0.00332373
0.00498531
0.000889148
0.00235552
0.00444347
0.00215741
0.00294881
0.00434531
0.00505669
0.00289517
0.00388858
0.00580839
0.00792233
0.00446641
0.00650949
0.00873516
0.00682364
0.00750032
0.00803754
0.00726344
0.00755304
0.00823133
0.00746685
0.00495516
0.00347203
0.00487163
0.00384276
0.00416503
0.00376321
0.00485898
0.00615513
0.00615755
0.00498788
0.00557625
0.00703392
0.0071391
0.00666245
0.00713723
0.0066297
0.00412918
0.00839544
0.00580015
0.00586312
0.0042482
0.00767344
0.00607087
0.00573437
0.00735273
0.00581443
0.0069984
0.00719239
0.00704719
0.00662573
0.0073197
0.00681342
0.00682759
0.00778001
0.00637644
0.00863069
0.00858517
0.00839933
0.00927553
0.00842109
0.00793413
0.00837523
0.0097576
0.00945224
0.00955296
0.0092491
0.00988288
0.00946971
0.00771304
0.00748438
0.00781981
0.00827772
0.00872158
0.0092905
0.00862236
0.00937252
0.00803443
0.00797493
0.00771523
0.00911061
0.00833829
0.00799709
0.00855532
0.00825104
0.00996364
0.00949135
0.00857288
0.00998757
0.00905053
0.0095862
0.00970924
0.0093217
0.00890522
0.00938362
0.00817764
0.00782645
0.00910858
0.00925123
0.00850456
0.00851062
0.000378836
8.96745e-05
9.67541e-05
0.000197807
0.000222086
0.000122707
0.000180038
0.000122454
2.96967e-05
1.86229e-06
1.8132e-06
1.85068e-06
8.07525e-06
3.69187e-06
4.98443e-06
2.22097e-06
3.92091e-05
1.79655e-06
1.4674e-06
1.8102e-06
8.13813e-06
4.30808e-06
4.1416e-06
1.59072e-06
0.000110916
2.08628e-06
2.31417e-06
4.31238e-06
1.70949e-05
1.32224e-05
8.48992e-06
2.08446e-06
6.22951e-05
5.89378e-05
0.000118613
1.06554e-05
5.508e-05
7.06736e-05
6.05204e-05
7.31418e-05
4.45572e-05
6.70958e-06
3.48479e-06
4.21412e-05
3.46141e-05
1.06046e-05
3.0486e-05
7.47924e-06
5.37201e-05
0.000101191
4.16145e-06
5.62562e-06
6.35133e-05
8.01331e-05
1.47177e-05
1.14641e-05
4.40919e-05
1.82075e-06
2.30441e-06
2.08178e-06
1.2826e-05
8.28763e-06
4.17993e-06
1.60658e-06
0.00326907
0.00352418
0.00274707
0.00411806
0.00360034
0.0034053
0.00385607
0.00350742
0.00202981
0.000993774
0.00458053
0.00337795
0.00163527
0.00142744
0.00263935
0.00283551
0.00268967
0.00538742
0.00273904
0.00467625
0.00401791
0.00404174
0.00362589
0.00268406
0.00518308
0.00566924
0.00651296
0.00652479
0.00567882
0.00588181
0.00616819
0.00571827
0.00269091
0.00435057
0.00451689
0.00469557
0.00401006
0.00439909
0.0044546
0.00464546
0.00200571
0.0041242
0.00484314
0.00440279
0.0041453
0.00462868
0.00448353
0.00488845
0.00332313
0.00488313
0.00544285
0.00604825
0.00468659
0.00464391
0.0051342
0.00559508
0.00297218
0.00399252
0.00562554
0.00435149
0.00489043
0.00514564
0.0045857
0.00545175
6.40528e-07
9.71974e-07
1.915e-06
9.33935e-07
8.84769e-07
3.05553e-06
2.34934e-06
2.75199e-06
1.37711e-06
2.52985e-06
3.06506e-06
1.52384e-06
1.65174e-06
4.7767e-06
4.12049e-06
4.55532e-06
2.56625e-06
2.37293e-06
2.02733e-06
3.44223e-06
2.94843e-06
3.89765e-06
4.16824e-06
3.36837e-06
1.11096e-06
1.38005e-06
4.1053e-06
1.44007e-06
1.47037e-06
3.9388e-06
3.24486e-06
3.48644e-06
1.21949e-06
1.61069e-06
1.24139e-06
1.40716e-06
3.39588e-06
3.2637e-06
1.09968e-06
3.51324e-06
3.7468e-06
4.05663e-06
3.72052e-06
2.44166e-06
3.75289e-06
4.00431e-06
5.52443e-06
3.2218e-06
2.45294e-06
2.84067e-06
3.55393e-06
7.73172e-06
2.20056e-06
3.10427e-06
2.91439e-06
3.21159e-06
2.36824e-06
3.83357e-06
3.8609e-06
4.9308e-06
4.19776e-06
5.88175e-06
3.60913e-06
4.84714e-06
1.23813e-06
2.65086e-06
3.65055e-06
2.32482e-06
9.99359e-07
1.57298e-06
1.695e-06
2.00311e-06
2.03843e-06
1.57696e-06
3.04988e-06
1.84927e-06
2.01065e-06
2.77665e-06
2.45982e-06
2.94097e-06
4.4126e-06
2.93399e-06
3.61949e-06
6.74775e-06
4.70145e-06
4.92323e-06
4.27684e-06
3.84676e-06
1.54382e-06
2.06406e-06
2.32494e-06
1.4778e-06
1.41628e-06
1.52339e-06
2.1826e-06
2.02625e-06
1.80671e-06
3.59067e-06
1.65875e-06
1.50542e-06
2.58275e-06
4.487e-06
2.61175e-06
2.00401e-06
2.98768e-06
1.52023e-06
4.86885e-06
3.42883e-06
3.1971e-06
4.46561e-06
6.41085e-06
3.7228e-06
3.12225e-06
2.00375e-06
2.29981e-06
3.86622e-06
3.64651e-06
2.66855e-06
2.43591e-06
4.04158e-06
4.63377e-06
4.80532e-06
2.91932e-06
2.90337e-06
5.17422e-06
4.01938e-06
4.38276e-06
1.73281e-06
0.000280571
0.00399261
0.00122136
0.00413421
0.000614721
0.000487188
0.00299676
0.00322302
0.00693142
0.0118878
0.00562235
0.00637128
0.00728957
0.00717125
0.00314771
0.00315799
0.00266093
0.00248412
0.00150527
0.00845016
0.00307043
0.00283832
0.00281059
0.002679
0.00722828
0.00845388
0.0103018
0.0127966
0.0053486
0.00495268
0.0054812
0.00493802
0.00573349
0.00334896
0.00513484
0.00367102
0.00323348
0.00189229
0.00340448
0.00268816
0.00307471
0.00417157
0.00263814
0.0019693
0.00428486
0.00568884
0.00240177
0.00271675
0.00321215
0.00436761
0.00352918
0.00349882
0.00456991
0.0061484
0.00753871
0.00685319
0.00369862
0.00389952
0.00331028
0.00236489
0.00304841
0.00351919
0.00237072
0.00788602
0.00100052
0.000295216
0.0101995
0.00204674
0.00123776
0.000602606
0.00904757
0.00505247
0.00041139
0.000494895
0.00279025
0.000426515
0.00038825
0.00152021
0.00139035
0.00379865
0.00997547
0.00488466
0.0168059
0.0100685
0.00528171
0.00465838
0.0100502
0.0103813
0.000879748
0.000338842
0.00615859
0.00240234
0.000924686
0.00206133
0.0029718
0.00342277
0.000338339
0.0058878
0.00143802
0.000311039
0.00175472
0.00625005
0.000358407
0.00555034
0.00147175
0.00102487
0.00149129
0.00273545
0.001452
0.0019616
0.00179421
0.00142677
0.00758195
0.00579666
0.00099697
0.00551349
0.00885547
0.00761319
0.00396145
0.00692808
0.00557668
0.00599823
0.003546
0.00354487
0.0113625
0.00300158
0.00205665
0.00216081
6.62124e-07
8.6187e-07
2.1094e-06
9.37386e-07
8.92363e-07
3.02082e-06
2.34089e-06
2.96566e-06
1.06575e-06
1.74677e-06
3.30863e-06
1.5822e-06
1.34268e-06
3.49027e-06
3.39708e-06
3.44268e-06
3.39532e-06
2.10621e-06
2.29056e-06
4.07664e-06
4.56215e-06
7.1253e-06
3.06303e-06
2.93902e-06
1.27413e-06
1.77562e-06
4.16676e-06
2.31763e-06
1.61223e-06
3.62351e-06
3.05991e-06
3.50778e-06
1.11285e-06
1.92946e-06
1.22854e-06
1.35185e-06
3.12231e-06
3.17421e-06
1.05627e-06
3.32579e-06
3.21984e-06
3.56879e-06
4.48281e-06
3.25853e-06
3.2912e-06
3.2901e-06
5.3346e-06
3.4677e-06
2.97494e-06
2.90243e-06
3.36423e-06
5.02098e-06
3.09974e-06
3.04937e-06
4.60365e-06
3.06437e-06
2.5049e-06
5.80235e-06
3.43971e-06
6.73564e-06
3.46091e-06
8.22898e-06
5.344e-06
5.79217e-06
1.28182e-06
2.20724e-06
3.22881e-06
3.69212e-06
1.3027e-06
1.96493e-06
2.35054e-06
2.91304e-06
2.84509e-06
2.07297e-06
2.58545e-06
2.52676e-06
2.87539e-06
2.67058e-06
3.1531e-06
4.16769e-06
3.37422e-06
4.51053e-06
2.4785e-06
3.20372e-06
3.88175e-06
3.90057e-06
3.78908e-06
3.85103e-06
3.58384e-06
3.68392e-06
2.85872e-06
3.59696e-06
2.68136e-06
2.68941e-06
3.5651e-06
4.05129e-06
2.85725e-06
3.59752e-06
2.56931e-06
2.48481e-06
5.06579e-06
3.83115e-06
3.31499e-06
2.60689e-06
4.53052e-06
2.04256e-06
4.28541e-06
4.33569e-06
6.72495e-06
3.28181e-06
5.82483e-06
4.75302e-06
3.34923e-06
2.60579e-06
3.55087e-06
2.98956e-06
3.32792e-06
3.21745e-06
6.05253e-06
3.97271e-06
4.34099e-06
3.07551e-06
3.78866e-06
7.18135e-06
5.03082e-06
3.02458e-06
4.80784e-06
2.78325e-06
8.50594e-07
1.74296e-05
1.74051e-06
1.38097e-06
4.15668e-06
6.10022e-06
1.75665e-06
6.90564e-06
1.01306e-05
0.00016209
4.21822e-05
6.28592e-05
4.43202e-05
5.93171e-05
4.9039e-05
3.98322e-05
2.22531e-06
1.67169e-05
6.4738e-06
3.18417e-06
6.97353e-06
1.19204e-05
3.582e-06
1.08235e-05
1.50018e-06
2.83155e-05
3.22651e-06
2.5089e-06
7.55452e-06
8.93141e-06
3.25293e-06
1.54606e-05
2.20326e-05
7.29686e-06
6.98419e-06
1.74182e-05
1.68716e-05
7.09038e-06
1.55168e-05
7.10197e-06
2.29427e-05
1.86101e-05
1.90607e-05
7.71579e-06
1.81817e-05
1.88115e-05
1.68221e-05
1.82339e-05
2.18816e-06
2.08448e-06
2.27055e-05
3.78242e-06
1.63167e-06
9.21293e-06
6.88842e-06
9.0566e-06
8.93056e-06
1.35896e-05
2.54017e-05
2.18299e-05
9.54414e-06
9.99313e-06
1.9926e-05
2.27893e-05
1.11219e-06
5.2379e-06
6.34295e-06
3.45139e-06
1.67033e-06
4.17375e-06
2.36075e-06
7.62918e-06
5.53196e-05
0.000221708
2.52694e-05
0.000235422
0.000215432
0.00018305
0.000161405
0.000121447
7.83392e-06
5.1935e-05
0.000149312
0.000191023
5.34905e-05
6.30837e-05
0.000112216
0.0001696
0.000132282
0.000148345
0.000203585
0.000256784
0.000153489
0.000110821
0.000243272
0.000184277
2.25285e-05
2.24811e-05
1.9108e-05
0.00011654
3.33273e-05
1.60867e-05
3.88251e-05
2.52456e-05
1.70789e-05
5.88375e-05
2.01515e-05
2.90835e-05
2.59367e-05
2.53797e-05
2.25347e-05
2.33766e-05
1.61411e-05
2.59512e-05
0.000118713
0.000105691
1.8497e-05
4.02554e-05
6.67559e-05
5.74699e-05
3.55943e-05
0.000151447
8.69933e-05
5.39076e-05
5.7561e-05
7.68626e-05
4.73406e-05
5.8938e-05
0.00482426
0.0057004
0.00478079
0.00544588
0.00526471
0.00527766
0.00512214
0.00519502
0.00619882
0.00424755
0.00421977
0.0067944
0.00558661
0.00409525
0.00587149
0.00402381
0.00456778
0.00454763
0.00409315
0.00507983
0.00443824
0.0046134
0.00470383
0.00459439
0.00604875
0.00679278
0.00593499
0.00654355
0.00644258
0.0064442
0.00630291
0.00634424
0.00606076
0.00516654
0.00588429
0.00661106
0.00597308
0.00561882
0.0062847
0.00589689
0.00595652
0.00653645
0.00411025
0.00513285
0.00574031
0.00621679
0.00539216
0.00456478
0.00505064
0.00574472
0.00650793
0.00543488
0.00538604
0.00581085
0.00556838
0.00618447
0.00507172
0.00495721
0.00533552
0.00403691
0.0053724
0.00568871
0.00539382
0.00596862
0.00398919
0.00412802
0.00445867
0.00291718
0.00376545
0.00457454
0.00430822
0.00455635
0.00404241
0.00375106
0.00557533
0.00306718
0.00326033
0.00350096
0.00509974
0.00535436
0.00470092
0.00559517
0.00477172
0.00484625
0.00499962
0.00518776
0.00484275
0.00499887
0.00229414
0.00270876
0.00336602
0.00167631
0.00364527
0.00305861
0.00277958
0.00279089
0.00291575
0.00479203
0.00343569
0.0033947
0.00486923
0.00482037
0.00394374
0.00455928
0.00411058
0.00351573
0.00584332
0.00502312
0.00488347
0.00438844
0.00527589
0.00517189
0.00468196
0.00313886
0.00436889
0.00476778
0.00450161
0.0035204
0.00409469
0.00341294
0.00487368
0.00497152
0.00414966
0.00570459
0.00512569
0.00511372
0.00546228
0.00362172
0.000549994
0.000403226
0.00185461
0.00193535
0.0011057
0.000768326
0.00114764
0.00123458
0.00031148
0.000266319
0.00131811
0.00117868
0.000556104
0.000446634
0.000607988
0.000778313
0.00325707
0.00341387
0.00491667
0.00466987
0.0036607
0.00327772
0.00396805
0.00465436
0.0036412
0.00260127
0.00397853
0.00404531
0.00376426
0.00199426
0.0028781
0.00350306
0.000783592
0.00204688
0.00307555
0.00240049
0.00116385
0.00157115
0.00215282
0.00271541
0.000567828
0.00111603
0.00140965
0.00151831
0.000792227
0.00101954
0.00160057
0.00120704
0.00228346
0.00209026
0.00121722
0.00287823
0.00267099
0.00224982
0.00303759
0.00188871
0.00246161
0.00419166
0.00203705
0.00254733
0.00272934
0.00276164
0.00176649
0.00326828
0.00515303
0.00532554
0.0037169
0.00446943
0.00524873
0.00519679
0.0043154
0.00497701
0.00400843
0.00403138
0.00193954
0.00270572
0.00300721
0.00236646
0.00198375
0.00202081
0.0016388
0.00161469
0.000618641
0.00172458
0.00177187
0.00168942
0.00138031
0.00127116
0.00400191
0.00402693
0.00355616
0.00435998
0.00485435
0.00440945
0.00434861
0.00445045
0.00437354
0.00326591
0.00424143
0.00417529
0.00344346
0.00398462
0.00345465
0.0039861
0.00497229
0.00285676
0.00192475
0.00378639
0.00412344
0.00256858
0.00344931
0.00258433
0.00236363
0.00339081
0.00291084
0.00298366
0.00353777
0.00410275
0.00324375
0.00390225
0.00224676
0.00307401
0.00302322
0.00218113
0.00227103
0.00300234
0.00224832
0.00242004
9.05614e-07
2.68266e-06
1.6569e-06
1.02128e-06
1.99416e-06
2.6443e-06
1.11936e-06
1.29063e-06
3.68468e-06
3.3103e-06
4.51775e-06
5.2286e-06
3.95587e-06
3.96607e-06
3.78559e-06
3.89609e-06
1.39039e-06
3.23834e-06
1.21013e-06
1.08154e-06
1.74298e-06
3.07302e-06
1.17129e-06
1.39048e-06
1.11468e-06
3.99384e-06
1.0826e-06
1.19215e-06
1.64926e-06
3.29247e-06
1.49832e-06
1.26457e-06
3.35779e-06
1.97101e-06
1.90114e-06
5.63336e-06
2.09988e-06
4.80052e-06
6.24693e-06
2.70346e-06
3.46008e-06
3.9978e-06
4.91424e-06
3.18425e-06
2.02398e-06
4.36541e-06
5.94608e-06
3.12931e-06
1.55123e-06
1.42093e-06
5.2374e-06
1.40411e-06
1.14545e-06
1.31811e-06
1.57878e-06
2.83518e-06
1.4223e-06
1.2898e-06
3.73841e-06
4.01403e-06
2.85425e-06
2.94549e-06
6.9645e-06
2.87003e-06
7.99462e-07
1.5733e-06
1.03507e-06
1.01199e-06
1.89384e-06
2.44496e-06
1.04521e-06
2.98434e-06
1.58452e-06
2.51745e-06
4.61227e-06
9.29011e-06
3.66411e-06
5.7611e-06
6.6596e-06
7.73405e-06
1.33355e-06
4.60532e-06
1.80583e-06
1.46434e-06
3.45164e-06
3.80424e-06
1.57711e-06
4.18523e-06
1.2935e-06
4.91341e-06
1.81017e-06
2.07357e-06
4.54485e-06
4.06437e-06
2.15736e-06
4.4541e-06
2.68642e-06
2.6165e-06
3.24555e-06
8.17048e-06
2.70592e-06
3.37047e-06
5.86594e-06
3.45348e-06
3.28039e-06
5.6425e-06
3.4828e-06
2.36743e-06
2.9056e-06
4.66964e-06
2.95284e-06
2.5335e-06
1.22023e-06
1.42641e-06
5.51693e-06
1.88845e-06
1.19734e-06
3.69972e-06
3.81585e-06
3.75277e-06
3.52695e-06
4.18488e-06
7.28574e-06
7.61953e-06
3.49081e-06
3.60813e-06
6.8465e-06
5.64744e-06
0.000307527
0.000343864
0.00225759
0.00180579
0.000686405
0.00106164
0.00128974
0.00207758
0.000427788
0.000426065
0.00106886
0.00136189
0.00097539
0.00146891
0.00116333
0.00249715
0.00353138
0.00205386
0.00452336
0.00378498
0.00396734
0.00345783
0.00312315
0.00400794
0.00272264
0.0031895
0.00247585
0.00260121
0.00299194
0.00329162
0.00297816
0.00346374
0.000815005
0.00255747
0.0022216
0.00256687
0.00166233
0.00248963
0.00195072
0.00241775
0.00110345
0.00212954
0.0036518
0.0031329
0.00237443
0.0027698
0.00297986
0.00347375
0.00196814
0.00167929
0.00227597
0.00217194
0.00243735
0.00302224
0.00348296
0.00328611
0.00344225
0.00401512
0.00244687
0.00371715
0.00386401
0.00386632
0.00401388
0.00400597
0.000280042
0.00210219
0.000275753
0.000291586
0.000411625
0.00107122
0.00030096
0.000514398
0.00345772
0.00449828
0.0022822
0.00345969
0.00373127
0.0031986
0.00365672
0.00285204
0.00032492
0.00165244
0.00012119
0.000229674
0.000565027
0.00133988
0.000280907
0.000744918
0.000286034
0.00123882
0.000166645
0.000191314
0.000335866
0.000468278
0.000208907
0.000399364
0.00237969
0.00046926
0.000358951
0.00169134
0.0017485
0.000563166
0.00142819
0.0005629
0.00306029
0.00238516
0.00373896
0.00124432
0.00273309
0.0030017
0.00243224
0.00278692
0.000350933
0.000258889
0.00144726
0.000185115
0.0003362
0.000469453
0.000422551
0.000470867
0.000676342
0.00048995
0.00101115
0.00160063
0.000665766
0.000532319
0.00042392
0.000633171
0.00323801
0.00191632
0.00110059
0.0012574
0.00239075
0.00185869
0.00205926
0.00105723
0.000771381
0.000123875
0.000108241
0.000127769
0.000320122
0.000307047
0.000270849
0.000109468
0.000766774
0.000135556
0.000151111
0.000230017
0.000478425
0.000465199
0.000401004
0.000147898
0.000714565
9.81762e-05
0.000148541
0.000129663
0.000259116
0.000246979
0.000239513
8.75643e-05
0.00110032
0.00115835
0.000950181
0.000285128
0.000872902
0.000916012
0.000782636
0.000881843
0.000978468
0.000272598
0.000367909
0.000980033
0.000746409
0.000314626
0.000831731
0.000381976
0.00100952
0.000853886
0.000257056
0.000305203
0.000787964
0.000769514
0.000334653
0.000280403
0.000845244
0.000118852
0.00011138
0.00011317
0.000379944
0.000321832
0.000325282
0.000192772
0.00383505
0.0024426
0.00222735
0.00360778
0.00354578
0.00149484
0.0036386
0.00265945
0.00132072
0.000560319
0.000422912
0.00154697
0.00111484
0.000620353
0.00145587
0.000748683
0.000928956
0.000323787
0.000280408
0.00117953
0.000745062
0.000357239
0.000963085
0.000430873
0.00510759
0.00301131
0.00283166
0.00481875
0.0050038
0.00434599
0.00491835
0.00401958
0.00180625
0.00210241
0.00469434
0.00332956
0.00244455
0.00248945
0.00308735
0.00329236
0.00124657
0.00206631
0.000446833
0.00117839
0.00150693
0.00169558
0.00102996
0.000886902
0.00215113
0.00474907
0.00294143
0.00360847
0.00273238
0.00403986
0.00344861
0.00370143
0.00130058
0.00204993
0.00176981
0.000555193
0.00137548
0.00197757
0.00108425
0.00126034
0.000874656
0.00115131
0.0049818
0.00537993
0.00177723
0.00169767
0.00294969
0.00384516
0.00139373
0.00106444
0.00348437
0.00518777
0.00293593
0.00321531
0.0040137
0.00457621
0.00586615
0.00409288
0.00539369
0.00628157
0.0063939
0.00513267
0.00519398
0.00812642
0.00773515
0.0072619
0.00871226
0.0129784
0.0122016
0.00815909
0.013153
0.0129737
0.00213584
0.00496838
0.0074525
0.00825566
0.00372971
0.00565846
0.00538524
0.00442341
0.00239425
0.00438823
0.00547266
0.00483045
0.00443941
0.0056853
0.00448922
0.0051097
0.00447364
0.00679433
0.0078765
0.00917075
0.00644989
0.00954081
0.0136398
0.00717148
0.00694447
0.0125488
0.0102375
0.00763802
0.00474232
0.00437427
0.00484764
0.00463801
0.000427528
0.00402986
0.000410702
0.000436983
0.00101874
0.00313977
0.000570134
0.00111747
0.00502385
0.00633246
0.00563592
0.00449749
0.00359317
0.00549319
0.00480769
0.00458596
0.000562837
0.00456141
0.000382092
0.000379227
0.00104399
0.00313082
0.000731278
0.00199359
0.000428136
0.00292922
0.000339559
0.000260276
0.000779681
0.00160196
0.000454722
0.00175869
0.00288657
0.0010454
0.000806548
0.00317625
0.00400579
0.00180225
0.00399906
0.00225381
0.00525525
0.00432299
0.00564047
0.00379965
0.00402954
0.00502746
0.00377711
0.00414898
0.000616949
0.000626794
0.0032889
0.00057733
0.000474472
0.00204923
0.00125014
0.00216918
0.00120456
0.00256184
0.00424284
0.00493558
0.00204323
0.00312215
0.00409397
0.00276026
0.00215948
0.00605102
0.00584159
0.00617117
0.00292235
0.00476236
0.00456493
0.00419931
0.00754554
0.0081319
0.00764276
0.00829032
0.00475246
0.00415753
0.00483869
0.00486152
0.0086594
0.0098133
0.00826978
0.00982464
0.00941119
0.00930689
0.00917644
0.00917951
0.0116579
0.0122017
0.0113832
0.0129043
0.0107173
0.0104282
0.010249
0.0123033
0.00443648
0.00601245
0.00656851
0.00707948
0.00537735
0.00860494
0.0113476
0.0071987
0.004368
0.00643093
0.00678882
0.00658869
0.00468214
0.0106914
0.00990609
0.00699649
0.00707715
0.00785718
0.00731747
0.0102302
0.0101306
0.00844514
0.00988839
0.0118331
0.00795663
0.0107553
0.00791175
0.00870675
0.0102946
0.0104361
0.00773964
0.011414
0.000622946
0.000187976
0.000793818
0.000208685
0.000350985
0.000353802
0.000377315
0.000367672
7.46645e-05
2.48859e-05
7.96207e-05
6.07731e-06
1.70766e-05
3.74396e-05
2.75949e-05
3.62089e-05
0.000746209
0.000195195
0.000553286
0.000187489
0.000280923
0.000293985
0.000306922
0.000315093
8.23666e-05
1.78785e-05
6.47099e-05
8.9021e-06
2.26559e-05
2.73512e-05
3.35197e-05
3.57718e-05
9.16594e-05
0.000381471
0.000106508
1.98674e-05
0.000109494
0.000134528
8.34516e-05
0.000117225
0.000103285
2.29345e-05
8.50849e-05
0.000359882
0.000116059
2.78506e-05
0.000218886
7.84728e-05
0.000409791
0.000129583
2.39208e-05
9.252e-05
0.000196865
0.000131439
7.78215e-05
2.93471e-05
0.000400153
9.4255e-05
2.50675e-05
9.26312e-05
9.93717e-05
8.45225e-05
8.37573e-05
6.82301e-05
0.00431837
0.00394135
0.00286865
0.00317522
0.0039687
0.00378975
0.00341749
0.0032944
0.00294745
0.00205869
0.00140842
0.00160931
0.00303586
0.00237541
0.00212568
0.00202293
0.00123667
0.000676122
0.000297482
0.000335334
0.000967889
0.000816738
0.000404757
0.000421984
0.000919225
0.000739655
0.000274913
0.000179344
0.00067667
0.000604216
0.00022248
0.000238621
0.00367734
0.00255786
0.00268109
0.00176179
0.00301344
0.00290837
0.00220531
0.00250892
0.00354141
0.00163488
0.00183028
0.00237225
0.00291485
0.00215052
0.00228246
0.00201097
0.00177545
0.00172263
0.000931027
0.000281596
0.0014566
0.00171443
0.000996695
0.000979478
0.00173758
0.000411981
0.00096819
0.00119858
0.000998977
0.000717009
0.00119174
0.000916369
0.000997008
0.00229035
0.00426609
0.00244343
0.0024044
0.0028863
0.00260557
0.00331418
0.00321088
0.00929356
0.0087149
0.00270592
0.0037931
0.0066934
0.00375339
0.0064892
0.00783614
0.00971469
0.0099191
0.00733099
0.00800082
0.00961396
0.00817436
0.00926423
0.00257504
0.00260506
0.00407378
0.00261624
0.00263392
0.00289034
0.00277625
0.00322277
0.00249023
0.00462211
0.00253467
0.00256127
0.00277247
0.00329427
0.00244278
0.00283107
0.00325999
0.00304559
0.00881567
0.00610729
0.00392229
0.00410145
0.00549978
0.00610729
0.00506521
0.00272448
0.00279302
0.00482164
0.00420483
0.00327048
0.00439829
0.00330267
0.00642997
0.00585827
0.00354164
0.00843431
0.00651204
0.00549772
0.00649333
0.00491638
0.000490925
0.000670097
0.000564819
0.000629084
0.000643902
0.000961983
0.000780721
0.000837681
0.000806961
0.000799598
0.000312062
0.00051911
0.000965223
0.000956448
0.000572099
0.000698284
0.00015587
0.000125637
4.64245e-05
0.000142309
0.00013506
0.000175711
9.01345e-05
7.98993e-05
0.000645724
0.000504295
0.000322557
0.000505101
0.000935123
0.000739331
0.000418656
0.00025982
0.000879191
0.000623798
0.000713994
0.000876236
0.000836345
0.000922374
0.000837286
0.000644037
0.00103199
0.000573925
0.000560834
0.000573004
0.0010365
0.000805811
0.00086841
0.000372181
0.000539583
0.000602477
0.00042963
0.00012141
0.000398266
0.000999528
0.000409714
0.000579617
0.000460649
0.000101501
0.000342394
0.000309145
0.00046283
0.000421019
0.000365958
0.000336631
4.91785e-05
4.76294e-05
0.000235746
0.000155692
4.71411e-05
6.13093e-05
0.000109268
8.67432e-05
4.64891e-05
3.19975e-05
0.000101707
0.000142148
4.72127e-05
5.43567e-05
0.000212809
0.000139897
0.000417993
0.000200259
0.000452716
0.000185818
0.000659615
0.000465739
0.000482795
0.000590634
0.000140801
0.000193383
0.000138109
0.000356532
0.00010518
0.000114228
0.000177562
0.000275064
3.62835e-05
0.000221982
0.000113193
8.63457e-05
0.000174481
0.000172575
0.000220569
0.00011705
4.84674e-05
8.75839e-05
0.0002249
0.000313618
0.000150154
0.000150521
0.00022634
0.000310172
0.000200279
0.000134655
9.61391e-05
0.000238451
0.000213274
0.000106957
0.000188029
0.000204646
0.000166165
0.00046843
0.000193804
0.000290197
0.000385474
0.000244851
0.000330453
0.000213284
0.000992751
0.00126599
0.00906239
0.00108773
0.00108745
0.00278198
0.00301119
0.00542743
0.00161765
0.00201257
0.0124153
0.0018066
0.00176045
0.00449384
0.00438002
0.00836524
0.0119252
0.013761
0.0122927
0.0130222
0.0126711
0.013216
0.012873
0.0132724
0.00123481
0.00155886
0.0107783
0.00135059
0.00136376
0.00300041
0.00304991
0.00511586
0.00140202
0.00962942
0.00124142
0.00158603
0.00356801
0.00531987
0.00141376
0.00298756
0.00360699
0.003745
0.0126861
0.0110493
0.00676954
0.00675532
0.010705
0.0113481
0.0109618
0.00303837
0.00351961
0.0120995
0.00974645
0.00517161
0.0104675
0.00523775
0.0117935
0.0129644
0.00645318
0.0134959
0.0124905
0.0121324
0.0125852
0.0116774
0.000871695
0.000376423
0.000445751
0.00103799
0.000714868
0.000391294
0.000920499
0.000494601
0.000142032
5.44703e-05
5.07427e-05
0.000296753
0.000128156
4.75808e-05
0.000138268
6.78587e-05
0.000112752
4.93576e-05
4.50991e-05
0.00011243
0.000123697
6.27417e-05
0.000150786
6.15784e-05
0.00122201
0.000630113
0.000258644
0.000588605
0.000733402
0.0005617
0.000670789
0.000391558
0.000332034
0.000369173
0.000740757
0.000606741
0.000400866
0.000501754
0.000582906
0.000486978
0.000159782
0.000326833
6.65533e-05
0.000192654
0.000173994
0.000189369
9.28807e-05
0.000121312
0.000449889
0.000807477
0.000671352
0.000594769
0.000683008
0.000538893
0.000578333
0.000685604
0.000186741
0.000241691
0.000329124
6.47651e-05
0.000191661
0.000261807
0.00015188
0.00019617
0.000686336
0.00033593
0.000274133
0.000244251
0.0004181
0.000405478
0.000311505
0.000245712
0.000131167
1.81571e-05
2.14069e-05
4.86308e-05
5.8811e-05
5.71199e-05
5.33176e-05
1.41652e-05
0.000112454
3.11683e-05
2.40784e-05
4.87687e-05
5.19731e-05
4.77944e-05
4.83262e-05
1.59804e-05
7.64704e-05
3.28061e-05
4.22593e-05
2.84898e-05
5.67694e-05
5.44122e-05
4.57581e-05
3.56294e-05
0.000102808
8.81967e-05
0.00013815
4.94446e-05
8.79595e-05
7.63582e-05
7.84972e-05
0.000102051
0.000118643
5.01738e-05
4.47938e-05
8.96366e-05
0.00011518
5.17313e-05
8.59388e-05
5.24922e-05
0.000118365
0.000110001
4.86929e-05
5.26657e-05
9.83551e-05
8.46752e-05
5.87576e-05
5.00776e-05
6.24701e-05
2.53678e-05
1.98484e-05
1.39206e-05
5.52458e-05
4.56052e-05
5.21104e-05
4.77707e-05
0.00290836
0.00309047
0.0120912
0.00870199
0.0044443
0.00602913
0.00813471
0.00947188
0.00286525
0.000657395
0.00263824
0.00551149
0.00274739
0.00163676
0.00479789
0.00336577
0.0136357
0.00497492
0.0136739
0.0123144
0.0102223
0.00805208
0.0108075
0.00924666
0.0109946
0.00880605
0.0114092
0.0106602
0.0104319
0.0102003
0.0107502
0.0105622
0.00375695
0.0113916
0.00937361
0.00736404
0.00680899
0.00985378
0.00750284
0.00963889
0.0048254
0.00677373
0.00376799
0.0107656
0.00684671
0.00635487
0.00774818
0.00550235
0.012237
0.0110684
0.00844741
0.011498
0.0122908
0.0112249
0.0109371
0.0106066
0.01188
0.0107103
0.00702847
0.00429307
0.0101291
0.0098558
0.00660149
0.00724667
0.00229881
0.012056
0.00200738
0.00245141
0.005039
0.00654131
0.00217518
0.00403921
0.0135397
0.0131389
0.00458445
0.00947305
0.0124081
0.0116654
0.00708582
0.00873912
0.00106511
0.00207045
0.000280591
0.0005586
0.00149973
0.00167419
0.000623174
0.000649774
0.00233997
0.00740159
0.000991384
0.00181239
0.00490316
0.00616767
0.00167545
0.00307295
0.0123289
0.00471388
0.00562704
0.00938242
0.0105236
0.00724488
0.0107521
0.00699677
0.0116947
0.00816202
0.00390129
0.00507904
0.00939851
0.00783827
0.00662559
0.00511284
0.0015681
0.00210216
0.00674952
0.00102665
0.00164448
0.00350653
0.00296522
0.00574441
0.00258556
0.00114126
0.0052304
0.00242073
0.00264534
0.00286125
0.0025878
0.00280658
0.00101791
0.00112819
0.00129122
0.00116186
0.000958515
0.000923697
0.000984496
0.00118786
0.00122538
0.000782758
0.00168531
0.00221639
0.00111144
0.000805631
0.00122249
0.00118592
0.00168688
0.00183593
0.00176338
0.0020467
0.00144116
0.00174862
0.00186333
0.00139704
0.00164219
0.00246201
0.00228093
0.00240744
0.00196696
0.00232183
0.00228105
0.00218001
0.00102244
0.00114643
0.00121278
0.00161798
0.00108458
0.0012989
0.00163337
0.00146143
0.00085215
0.0017319
0.00154481
0.00122779
0.00116717
0.00162409
0.00163292
0.00153138
0.00111179
0.00143543
0.00205865
0.00208658
0.0017945
0.00167757
0.00177096
0.00231653
0.00112856
0.00153831
0.00203324
0.00132807
0.00192823
0.00196318
0.00170489
0.00221582
0.000135145
0.000150105
0.000867582
0.00015058
0.000138642
0.000769317
0.000605649
0.00109868
0.000158341
0.000164908
0.00209706
0.000273057
0.000124945
0.000773293
0.000737078
0.00105306
0.00155744
0.00295976
0.00370797
0.00280484
0.00220037
0.0028522
0.00200812
0.00244978
0.000210261
0.000319627
0.00208507
0.000431839
0.0002123
0.00108986
0.00139417
0.00154906
0.000115704
0.00157026
0.000160574
0.000180245
0.000949044
0.00109687
0.000226274
0.000924202
0.000803695
0.000991616
0.00196051
0.00204843
0.000869867
0.00100681
0.00143744
0.00139323
0.00152784
0.00121512
0.00115478
0.00172991
0.00292432
0.00112704
0.00202753
0.00130823
0.00252162
0.00232822
0.00126482
0.00228201
0.00188506
0.00217442
0.00178073
0.00215396
2.69415e-05
4.65424e-05
0.000272324
3.63756e-05
3.05026e-05
0.000181554
9.65348e-05
0.000165333
7.38742e-05
0.00022039
0.000969627
0.000155115
7.8171e-05
0.00045171
0.000249343
0.000469782
0.0004273
0.000582182
0.000610425
0.000253035
0.000424644
0.000456505
0.000254559
0.000863067
2.78729e-05
8.06891e-05
0.000190035
3.73796e-05
2.74481e-05
0.000165978
0.000101302
0.000162188
4.28526e-05
0.00032535
2.92441e-05
4.83769e-05
0.000128538
0.00014438
5.5878e-05
0.000143011
0.000306288
0.000267943
0.000655694
0.000420703
0.000321442
0.000240877
0.000468782
0.000563022
0.000180947
9.89009e-05
0.000158799
0.000228755
0.000161481
0.000144916
0.000309001
0.000179591
0.000432452
0.00045888
0.000235217
0.00103155
0.000278202
0.000248552
0.000402081
0.000396186
0.000967012
0.000840684
0.000585721
0.00153492
0.00060666
0.000493364
0.000464498
0.000619411
0.000941888
0.000273797
0.0001831
0.00141104
0.00065368
0.0003883
0.000575859
0.000492407
0.000512885
0.000118214
8.14608e-05
0.000781872
0.000368179
0.000161949
0.000308112
0.00017667
0.00149261
0.001674
0.00119186
0.00140046
0.00170841
0.00131545
0.00102056
0.00153018
0.000569587
0.000503517
0.00100857
0.00138959
0.000603298
0.000779944
0.00140478
0.000777103
0.000663463
0.000987163
0.000285509
0.00045604
0.000657624
0.0010384
0.000603039
0.000674853
0.000511144
0.000694721
0.00109037
0.000792753
0.00132667
0.00104559
0.00112761
0.00130027
0.00059296
0.00101297
0.00135689
0.000325001
0.000667229
0.000724771
0.00047162
0.00108805
0.000767448
0.00139676
0.00172826
0.000605568
0.00066101
0.00128033
0.000679863
0.00142432
0.00170667
0.00223383
0.00288557
0.00131678
0.00206404
0.00172607
0.00122976
0.00212628
0.00301497
0.00309339
0.00332803
0.00276016
0.0030412
0.00320699
0.00301454
0.00313361
0.000524971
0.00138424
0.00156326
0.000497803
0.000553934
0.00125587
0.000570687
0.00118867
0.00174385
0.00196108
0.000587046
0.00172705
0.00180892
0.00163952
0.00141829
0.00131663
0.00206247
0.00157628
0.0021918
0.00264085
0.00237743
0.0020067
0.00267489
0.00276242
0.00202365
0.000610054
0.00176644
0.00193252
0.00172089
0.0014254
0.00190321
0.00161319
0.00270826
0.00251049
0.00222831
0.0029034
0.00274028
0.00232946
0.00214077
0.00206045
0.00363453
0.00337652
0.00299895
0.00240057
0.00256061
0.00332192
0.00302708
0.00258449
0.00247364
0.00172758
0.00183498
0.0019299
0.00247637
0.00204837
0.00224688
0.00178489
0.00191453
0.00160623
0.000781262
0.00149485
0.00167916
0.00146686
0.00120578
0.000994689
0.00186496
0.00207211
0.00233541
0.00146248
0.00217019
0.00264026
0.00259125
0.00139106
0.00242298
0.00221854
0.00222271
0.00183444
0.00274507
0.00280628
0.0024234
0.00251888
0.0022849
0.0018055
0.00235717
0.00239025
0.00312711
0.00214236
0.00288994
0.00273218
0.00274552
0.00268055
0.00207726
0.00209184
0.00228029
0.00229371
0.00157389
0.00173265
0.00212971
0.00119018
0.00222766
0.00214553
0.00159857
0.00154449
0.00198635
0.00166891
0.00317902
0.00700047
0.00548327
0.00693061
0.00553919
0.00577058
0.00575478
0.00602225
0.00754727
0.00627844
0.00679443
0.00776678
0.00736372
0.00686719
0.00751375
0.00701034
0.0061755
0.00675327
0.00603924
0.0072283
0.00669737
0.00652812
0.00671054
0.00654137
0.00880764
0.00890355
0.0084215
0.00954865
0.00915438
0.00888807
0.00914831
0.00889764
0.00774103
0.00656098
0.0080118
0.00847358
0.00782713
0.00715285
0.00836093
0.00791486
0.00754363
0.00810632
0.0070632
0.00656293
0.00762677
0.00772934
0.00716013
0.00741029
0.00670503
0.00809975
0.0085748
0.00793696
0.00746171
0.00800543
0.00793583
0.00840485
0.00667501
0.00773244
0.00819349
0.00713117
0.00718023
0.00772195
0.0074669
0.00785521
0.000896383
0.00115936
0.00404678
0.00260241
0.00136362
0.00145899
0.00233905
0.00274438
0.0014926
0.00191527
0.00615461
0.00445995
0.00233868
0.00246339
0.00405047
0.00462767
0.00611835
0.00720738
0.00601126
0.00650916
0.0064906
0.00677994
0.00641028
0.00652763
0.00430265
0.00544724
0.00631369
0.00551676
0.004997
0.00543065
0.00548851
0.00595921
0.0018004
0.0047104
0.00336231
0.0043421
0.00313188
0.00346978
0.00347706
0.00366181
0.00190317
0.00468609
0.00644485
0.00530955
0.0035975
0.00443663
0.00502607
0.00578896
0.00536786
0.00412545
0.00526584
0.0062744
0.00538922
0.00461892
0.00596583
0.00531741
0.00586767
0.00662784
0.0058042
0.00702664
0.00637681
0.00644602
0.00651953
0.00657553
0.00601986
0.00717526
0.00607377
0.00637126
0.00659168
0.00675683
0.00641288
0.00642787
0.005755
0.0010759
0.000768328
0.000908358
0.00246853
0.0018712
0.00144137
0.000874958
0.0037289
0.000579339
0.000461841
0.000477375
0.00172597
0.00111863
0.000880718
0.000502808
0.00403266
0.000746906
0.000523894
0.000625541
0.00136819
0.00101784
0.00095826
0.000596482
0.00697318
0.00578169
0.00611407
0.0017114
0.00600359
0.00619918
0.00483212
0.00554541
0.0064002
0.00130077
0.0014299
0.00523335
0.0050048
0.00186101
0.00461439
0.00211927
0.00488497
0.00525116
0.001132
0.000920392
0.00380119
0.0042118
0.00156883
0.00144641
0.00400446
0.000534153
0.00070968
0.000648235
0.00155284
0.00103838
0.00114617
0.00061843
5.394e-05
6.629e-05
0.000864256
0.000109262
6.51976e-05
0.000201195
0.000244674
0.000255612
5.00832e-05
4.68543e-05
0.00105217
0.000118521
4.99535e-05
0.000151274
0.000181617
0.000240245
0.00308575
0.00311886
0.00435759
0.0033435
0.00317359
0.00345935
0.00358576
0.0038421
0.000120775
0.000142809
0.00135755
0.000162579
0.000101602
0.000270332
0.000257809
0.000362265
6.08042e-05
0.00113813
9.18579e-05
8.38791e-05
0.000198422
0.000283597
0.000116945
0.000203933
0.000179896
0.00021018
0.00136378
0.00132191
0.000262783
0.00027525
0.000919541
0.00121446
0.0016238
0.000252005
0.000253641
0.00181699
0.000910276
0.000313606
0.00130491
0.000316943
0.0020065
0.0021992
0.000312668
0.00194451
0.0020599
0.00166023
0.00164234
0.00122582
0.000109816
0.00104717
0.000133911
0.000257339
0.000198705
0.000243602
0.000153029
0.000195043
0.00300426
0.0042414
0.00302
0.002752
0.0032672
0.00360564
0.00294305
0.00326422
0.000123513
0.00113299
4.29765e-05
0.000178852
0.000172151
0.000219346
0.00012709
0.000146816
0.000317676
0.00118437
0.000223456
0.000293416
0.000382498
0.00046473
0.000321149
0.000330955
0.00155342
0.000196028
0.000397501
0.0015924
0.00125909
0.000262179
0.00137406
0.000422064
0.00188488
0.00186111
0.00192615
0.000218623
0.00155215
0.00191495
0.000961794
0.00162009
0.000147785
0.000333248
0.00135474
0.000348403
0.0002342
0.000368122
0.000384558
0.000521421
0.000184381
0.000313092
0.00155075
0.00155388
0.000262651
0.000406715
0.00132764
0.00141778
1.15907e-05
0.000136957
9.37315e-06
3.07656e-05
2.99879e-05
3.3337e-05
3.19376e-05
3.39381e-05
0.00359521
0.0107839
0.00721732
0.00882776
0.00735492
0.0101709
0.00607412
0.00865541
0.000833783
0.00746179
0.00157604
0.00152122
0.00264224
0.00455653
0.00128983
0.0033393
0.000238854
0.00545825
0.00173778
0.00153141
0.00208717
0.00398083
0.00121368
0.00349398
0.000317727
9.01698e-05
0.000110223
0.0032306
0.000593248
8.33767e-05
0.00120245
0.000263399
0.00104364
0.00502429
0.00624651
0.00081426
0.000984124
0.00507786
0.00243411
0.00479827
0.00032676
0.000107508
0.00306552
0.00133508
0.000664713
0.00061567
0.00249455
0.00226046
0.001657
0.00370832
0.00350785
0.00711205
0.00386878
0.00416418
0.00529651
0.00691587
0.000247955
0.000411244
0.00117226
0.000216532
0.000181232
0.000873701
0.000506807
0.000847506
0.000838842
0.00108996
0.00197077
0.000783737
0.000683995
0.00174827
0.00120129
0.001644
0.00112938
0.00120962
0.000742474
0.000922148
0.001276
0.00145201
0.00107067
0.000991009
0.000151694
0.000208646
0.000418103
5.94767e-05
7.90614e-05
0.000388112
0.000265042
0.000250537
0.0003121
0.00114488
0.00015355
0.000232711
0.000744579
0.000869657
0.000349345
0.000711718
0.00113758
0.000913561
0.00176906
0.00151039
0.00109946
0.00114772
0.00139056
0.00136518
0.001114
0.000454644
0.000676371
0.000672099
0.00085387
0.000652273
0.000907553
0.000492381
0.00143431
0.000551437
0.000829092
0.00161436
0.000982153
0.0010338
0.00140039
0.000846441
0.000433391
0.0013691
0.000578621
0.00293336
0.00113284
0.00110355
0.00122392
0.00106648
0.0026907
0.00219025
0.00325223
0.00437069
0.00143459
0.00212988
0.00250724
0.00166286
0.000925268
0.0025596
0.00149922
0.00513198
0.00200898
0.0019992
0.00203608
0.00196725
0.00447027
0.00547655
0.0058435
0.00479784
0.00514054
0.00577923
0.00423479
0.00615459
0.0022519
0.00132413
0.00417117
0.0052635
0.00296095
0.00230971
0.00418076
0.00433965
0.00229974
0.00455979
0.00269489
0.00126157
0.00201897
0.00291299
0.00159869
0.00257216
0.00140295
0.00374061
0.00546888
0.00630996
0.00374821
0.00485461
0.00559846
0.00566554
0.00121555
0.00658691
0.00576098
0.00283302
0.00259865
0.00554424
0.00352782
0.00557461
4.46982e-05
7.29506e-05
0.00107486
9.3346e-05
5.09476e-05
0.000322022
0.0003332
0.000377183
8.4081e-05
8.19527e-05
0.0014284
0.000153929
6.72856e-05
0.000394652
0.000466056
0.00056924
0.00263663
0.00172633
0.00476832
0.00476108
0.00171689
0.00135093
0.00447104
0.00286384
0.000119611
0.000168194
0.00171678
0.000193716
8.87913e-05
0.000455234
0.000462174
0.000535212
5.51678e-05
0.000923666
6.41929e-05
7.95271e-05
0.000396497
0.00042729
0.000110314
0.000385562
0.000379042
0.000450574
0.00114258
0.000863954
0.000378644
0.000432788
0.000878929
0.00104253
0.00160984
0.00038684
0.000466923
0.00217475
0.00152368
0.00045837
0.00144705
0.000487228
0.00127499
0.002598
0.00053805
0.00189951
0.0016896
0.00164267
0.00224028
0.00181299
5.77954e-06
5.09515e-06
3.44196e-05
1.14082e-05
5.59467e-06
2.38886e-05
3.17306e-05
1.89926e-05
4.58801e-06
1.58098e-05
3.11411e-05
1.49098e-05
4.76116e-06
2.61369e-05
1.95374e-05
3.24711e-05
5.28513e-05
7.42132e-05
0.000113231
6.12223e-05
6.69321e-05
6.30699e-05
5.70211e-05
0.000130928
1.25523e-05
1.74222e-05
3.85286e-05
2.35182e-05
8.75023e-06
3.04491e-05
2.98615e-05
3.14214e-05
4.2189e-06
3.02088e-05
7.03331e-06
6.14151e-06
1.65008e-05
2.0505e-05
1.03849e-05
2.96644e-05
2.74539e-05
2.16629e-05
4.65323e-05
3.97843e-05
1.90413e-05
1.82549e-05
4.31974e-05
3.86659e-05
5.49194e-05
3.11321e-05
2.99685e-05
4.70897e-05
3.97702e-05
2.25077e-05
3.82191e-05
2.83717e-05
4.57727e-05
6.01535e-05
2.11871e-05
7.47954e-05
4.67211e-05
3.80005e-05
4.80122e-05
4.05187e-05
3.06506e-05
5.7115e-05
2.04296e-05
8.6175e-05
4.5037e-05
4.12654e-05
4.32402e-05
3.91704e-05
9.88139e-05
0.000105878
0.000100687
0.000208409
9.89013e-05
7.62855e-05
0.000192729
9.35885e-05
2.13003e-05
4.56433e-05
3.00079e-05
0.000101999
4.15194e-05
2.69888e-05
5.87021e-05
5.53668e-05
9.51287e-05
0.000204458
0.000219531
0.000295977
9.5384e-05
8.48141e-05
0.000164416
0.000175767
8.13399e-05
3.5374e-05
0.000101269
0.000132022
8.79169e-05
6.6651e-05
0.000118741
9.86201e-05
7.21512e-05
0.000168357
5.93817e-05
3.14252e-05
8.89677e-05
0.000133849
4.6659e-05
8.56479e-05
3.70026e-05
5.8947e-05
0.000234818
0.000163301
7.11155e-05
4.88152e-05
0.000114512
0.000105872
2.94157e-05
0.000171017
0.000177936
9.00862e-05
7.45071e-05
0.000111256
0.000112608
0.000164328
2.01169e-05
4.2286e-05
5.30114e-05
2.29285e-05
2.50664e-05
3.22445e-05
2.33609e-05
3.64826e-05
6.36489e-05
7.75386e-05
0.000187217
0.000109097
8.27924e-05
0.000110619
0.000109079
0.000142364
0.000160549
0.000314045
0.000363452
0.000223622
0.000206552
0.000284441
0.000214287
0.000265638
3.30817e-05
8.88124e-05
0.000115447
3.55115e-05
4.89097e-05
7.28841e-05
4.79524e-05
8.45273e-05
5.05842e-05
6.62266e-05
2.78546e-05
7.63133e-05
6.04072e-05
5.05323e-05
6.10697e-05
4.71828e-05
6.63694e-05
0.000100096
0.000189272
9.60856e-05
8.17746e-05
0.000102638
0.000114463
0.000147302
6.77201e-05
2.9808e-05
8.7179e-05
0.000103959
7.3539e-05
5.80065e-05
9.87484e-05
7.56598e-05
0.00011898
0.000175293
0.00012191
0.000233091
0.000157257
0.000148038
0.000178116
0.000177335
0.000277769
0.000251643
0.000153099
0.000200896
0.000270561
0.000271341
0.000218991
0.000189069
0.000160907
7.236e-05
5.94332e-05
6.42629e-05
9.61843e-05
9.40376e-05
7.21252e-05
6.54468e-05
5.23729e-05
4.39003e-05
1.61889e-05
2.85459e-05
3.983e-05
3.75829e-05
3.12318e-05
2.54158e-05
8.84078e-05
5.40636e-05
2.88988e-05
3.49938e-05
5.83726e-05
5.53168e-05
4.0495e-05
3.19526e-05
0.000183803
0.000104357
0.000128113
7.07589e-05
0.000133634
0.000117763
0.000118598
0.000121619
0.000177722
6.9051e-05
6.47494e-05
0.000100645
0.000118513
7.00872e-05
0.000106544
6.71181e-05
7.41197e-05
9.64719e-05
5.58607e-05
3.69798e-05
7.28651e-05
8.44611e-05
4.83189e-05
5.14319e-05
6.352e-05
3.23324e-05
5.1659e-05
4.64399e-05
4.52403e-05
4.69006e-05
5.12912e-05
4.89504e-05
0.000163177
0.000607322
0.000415792
0.000476054
0.000426303
0.000492845
0.00043732
0.00046592
0.000945639
0.00234112
0.00139427
0.00116816
0.00182086
0.00158717
0.00117343
0.00186866
0.000472885
0.000553749
0.000322047
0.000573119
0.000792056
0.000672196
0.000934288
0.000749215
0.000612064
0.000819719
0.000599868
0.000788141
0.000955925
0.00107181
0.00102872
0.000834469
0.00103434
0.000526578
0.000667672
0.00133544
0.000856061
0.000639013
0.0007823
0.000805416
0.0012373
0.00130973
0.00104312
0.000848992
0.00103401
0.00109381
0.000992289
0.00131149
0.000598049
0.000718551
0.000816021
0.000653595
0.000761335
0.000851063
0.00114812
0.000790415
0.000641769
0.000841138
0.00104935
0.00136231
0.000889468
0.000710646
0.000805303
0.000736751
0.000176563
0.000275516
0.000698674
0.000408499
0.000340374
0.000519582
0.000573395
0.000830776
0.000457596
0.000457188
0.00102546
0.000839936
0.000663646
0.000491189
0.000486925
0.000533405
0.000984659
0.00131601
0.00242107
0.00195047
0.00168574
0.00197936
0.00210704
0.00237553
0.000603787
0.00102041
0.000917272
0.000419091
0.00117344
0.00108532
0.000579462
0.000717318
0.000347289
0.00117683
0.000775621
0.000717786
0.00102301
0.000937488
0.000556362
0.000504741
0.000609206
0.000821531
0.000776579
0.00115796
0.00095555
0.000662295
0.000666583
0.000779783
0.000854376
0.00063426
0.00056825
0.00108213
0.000886265
0.00137479
0.00177409
0.0016236
0.00112638
0.00175261
0.00069871
0.00050061
0.0013562
0.0019061
0.00107373
0.00093386
9.53e-06
1.10157e-05
0.000134155
2.34616e-05
1.07472e-05
6.99711e-05
4.91282e-05
7.163e-05
9.59037e-06
2.09062e-05
3.5581e-05
2.40369e-05
7.57642e-06
3.73999e-05
3.56238e-05
4.63434e-05
0.000256
0.000108093
0.000383652
0.000132574
0.000103557
0.000112087
0.000103286
0.000116223
2.25507e-05
2.9576e-05
0.000110372
5.03278e-05
1.48822e-05
5.32009e-05
5.35063e-05
5.4108e-05
8.0566e-06
8.98962e-05
1.47843e-05
9.75979e-06
4.14623e-05
4.64632e-05
1.80758e-05
5.98025e-05
4.17997e-05
4.43379e-05
5.47335e-05
0.000116524
5.47674e-05
4.31455e-05
7.01132e-05
6.13933e-05
0.000127628
5.9566e-05
5.02217e-05
0.000125424
7.04243e-05
4.83473e-05
0.000105504
5.10137e-05
0.000117765
0.000113699
3.52517e-05
8.61429e-05
7.91339e-05
9.65708e-05
7.60423e-05
4.69245e-05
0.000683188
0.000168241
0.000467635
0.000952274
0.00055817
0.000184817
0.000439588
0.00037795
5.68256e-05
2.58904e-05
2.64327e-05
0.000104849
0.000102854
2.32743e-05
7.29366e-05
4.75383e-05
0.000213587
3.09306e-05
4.30957e-05
0.000253681
0.000208178
4.90878e-05
0.000182174
7.52494e-05
0.00108895
0.000303434
0.000445986
0.000822023
0.000701613
0.00063736
0.000849822
0.000609815
0.000343162
0.000444684
0.000820791
0.000352765
0.000231863
0.000455471
0.000268839
0.000481735
7.2552e-05
0.000191452
3.11419e-05
0.000169322
0.000126325
0.000134711
7.20087e-05
0.000171379
0.000493291
0.000630403
0.000250576
0.000511819
0.000596272
0.000514454
0.000542575
0.000654009
0.000302009
0.000322798
0.000138335
6.10561e-05
0.000217989
0.000358431
8.60422e-05
0.000119808
5.76547e-05
0.000276214
6.41926e-05
3.99908e-05
0.000194472
0.000172244
7.53329e-05
0.000170077
0.000370303
0.00054772
0.000498624
0.000482648
0.000729711
0.000552687
0.000671353
0.000538383
5.96108e-05
0.000247315
3.80177e-05
3.95266e-05
0.000150908
0.000158788
6.40463e-05
0.000156352
4.70065e-05
0.000317738
4.85806e-05
5.36458e-05
0.000204826
0.000182886
0.000114277
0.00021396
0.000520486
0.000165119
0.000200834
0.000609334
0.000529753
0.000220843
0.000515166
0.0002276
0.000323983
0.000383387
0.000387747
0.00011617
0.000285576
0.00031493
0.00035961
0.000394956
6.83816e-05
9.20231e-05
0.000522434
8.74687e-05
6.23866e-05
0.000211399
0.000167795
0.000136877
0.000114598
0.000173909
0.000510448
0.000354796
0.000116507
0.000135791
0.000249302
0.000213251
0.0038003
0.00287221
0.00297343
0.00360678
0.00365625
0.00276374
0.00363278
0.00314828
0.00115322
6.40802e-05
6.61964e-05
7.13125e-05
0.00034366
0.000299136
0.000234448
5.36297e-05
0.00129408
7.86554e-05
5.90343e-05
8.44498e-05
0.000749922
0.0003401
0.000327305
5.44626e-05
0.002193
9.29721e-05
8.60346e-05
8.60599e-05
0.000720772
0.000549966
0.000295073
7.04801e-05
0.00224797
0.00246961
0.00292912
0.000495358
0.00162301
0.00261027
0.00177049
0.00232462
0.00111713
0.000372789
0.000348015
0.00121584
0.00151166
0.000636227
0.0013363
0.000560946
0.00199186
0.00194794
0.000309226
0.000300536
0.00193001
0.0019726
0.000810012
0.000923033
0.00149379
6.78184e-05
5.86881e-05
6.30783e-05
0.00087894
0.000506689
0.000310154
7.319e-05
0.000155103
0.00031459
0.00125174
0.000951423
0.000539412
0.000624679
0.000869238
0.000894137
0.000260631
0.000202298
0.00118183
0.00127621
0.000327728
0.000421078
0.000642657
0.000629776
0.00281245
0.00283371
0.00369121
0.00195282
0.00288407
0.00307013
0.00308769
0.00331163
0.00174049
0.00198464
0.00133879
0.00145805
0.00197589
0.00205178
0.00211119
0.00184157
0.00045893
0.00165807
0.00136645
0.00152504
0.000777589
0.00103812
0.0013122
0.00147131
0.000570489
0.00150492
0.00149358
0.00154977
0.000869576
0.00147237
0.00123657
0.00185446
0.00197997
0.00163502
0.00171463
0.00231915
0.00197796
0.00172302
0.00217742
0.00140911
0.00218264
0.00218586
0.00167685
0.00181653
0.00182219
0.00230109
0.0021534
0.0021697
0.0031695
0.00570866
0.0101805
0.00232073
0.00318897
0.00770936
0.00448269
0.00737075
0.0114058
0.0217968
0.0326909
0.0106861
0.0119846
0.0264309
0.0171756
0.0272297
0.00615549
0.0101303
0.00342263
0.00349309
0.00934246
0.00411615
0.00681981
0.00613327
0.000946587
0.00347246
0.00404476
0.000943104
0.000623923
0.00369628
0.00228895
0.00257945
0.00600831
0.0104034
0.00199288
0.00534151
0.00889137
0.00719122
0.00514638
0.0057831
0.0144895
0.0121087
0.0262478
0.0148141
0.0142895
0.0139562
0.0186312
0.0189083
0.010128
0.00339641
0.00764803
0.00804164
0.0064808
0.00502985
0.00738245
0.00460622
0.0119456
0.00879614
0.0112721
0.0221745
0.0126717
0.012151
0.0189169
0.0153073
0.00505995
0.0106901
0.010716
0.0241777
0.0149978
0.00657819
0.0143372
0.0177039
0.0439958
0.0319319
0.0170691
0.0991163
0.0606775
0.0349109
0.0625611
0.0282278
0.0150487
0.0091932
0.00528629
0.0355222
0.0203236
0.0110535
0.0211264
0.00942874
0.0449463
0.0916154
0.0597141
0.0751883
0.0606577
0.0689119
0.0640444
0.0732635
0.033733
0.0219718
0.035642
0.0670329
0.0360377
0.0275862
0.0482609
0.0371474
0.0319901
0.0726406
0.0200038
0.0193429
0.0351996
0.0466571
0.0266177
0.0343955
0.0228661
0.0368712
0.0734153
0.0471574
0.0331891
0.0399075
0.0449877
0.0548039
0.0210543
0.0468603
0.0782506
0.0174967
0.0280481
0.0445617
0.0362393
0.0594682
0.000402743
0.000547368
0.00297897
0.000456745
0.000463959
0.000934699
0.000877817
0.00143761
0.000739482
0.00102347
0.00557734
0.000889129
0.000865864
0.00190229
0.00186514
0.00335339
0.005387
0.00657787
0.00580408
0.00616666
0.00588893
0.00618596
0.00604186
0.00620135
0.00052624
0.000735573
0.00406588
0.000624695
0.000611939
0.00107543
0.00108049
0.0016126
0.000625883
0.00346548
0.000529181
0.000726821
0.00128586
0.0015943
0.000613301
0.00101316
0.00133463
0.00139516
0.00582848
0.00450875
0.00223862
0.00234566
0.00417274
0.00466611
0.00429636
0.000990069
0.00139884
0.00502459
0.00354217
0.00156439
0.00403563
0.00171333
0.00507046
0.00583739
0.00217128
0.00644697
0.00565549
0.00520494
0.00561047
0.00476581
4.71423e-06
7.3318e-06
3.60819e-05
1.05242e-05
5.54998e-06
6.46544e-06
9.8833e-06
1.1579e-05
9.61765e-06
9.51027e-06
4.71333e-05
1.21222e-05
1.19378e-05
1.69111e-05
1.70352e-05
1.84711e-05
0.000106771
0.000215004
0.000496892
0.000128656
0.000101953
0.000178035
0.000167377
0.000124078
1.7244e-05
2.19899e-05
5.06339e-05
2.26768e-05
1.85768e-05
2.13874e-05
2.62383e-05
2.92004e-05
8.30255e-06
4.80056e-05
1.11602e-05
1.30638e-05
1.23289e-05
1.28073e-05
1.24495e-05
1.20675e-05
1.20045e-05
1.37925e-05
5.9902e-05
7.01986e-05
1.4462e-05
1.69556e-05
7.59445e-05
7.93948e-05
4.8284e-05
1.69447e-05
2.68123e-05
4.92531e-05
4.48646e-05
1.91593e-05
4.75135e-05
2.2793e-05
5.46612e-05
6.19363e-05
2.87195e-05
0.000110547
6.59947e-05
5.85866e-05
6.91268e-05
6.58713e-05
8.76205e-06
8.5804e-05
8.04102e-06
8.83333e-06
2.00666e-05
2.43695e-05
1.02454e-05
2.56797e-05
0.000270019
0.000464416
0.00019298
0.000170307
0.00017155
0.000166762
0.000138896
0.000145453
8.68862e-06
4.59962e-05
1.12949e-05
1.47202e-05
2.15142e-05
4.18196e-05
1.55819e-05
1.93671e-05
1.25813e-05
0.000196075
1.92775e-05
1.77977e-05
6.97072e-05
5.8313e-05
2.78085e-05
5.71654e-05
8.055e-05
2.52665e-05
4.7388e-05
0.000181811
4.38154e-05
2.55766e-05
4.85636e-05
3.04484e-05
8.84926e-05
0.000131881
0.000155764
3.11489e-05
8.6113e-05
9.13896e-05
6.70962e-05
9.28166e-05
1.28237e-05
1.74447e-05
0.000190402
2.26602e-05
1.30949e-05
5.48621e-05
6.35966e-05
4.62764e-05
3.13445e-05
4.41016e-05
9.5348e-05
0.000137221
2.97638e-05
4.19216e-05
7.34566e-05
6.26327e-05
0.00308005
0.00193828
0.00264135
0.00210223
0.00300474
0.00228165
0.0029731
0.00270724
0.00102928
0.000307301
0.000793926
0.00052162
0.000565866
0.000448912
0.000724029
0.000629631
0.00211533
0.00184024
0.00255346
0.00450218
0.00210239
0.00142678
0.00335537
0.0032584
0.00118318
0.000526046
0.00121851
0.000474313
0.00124998
0.000674685
0.000797351
0.000989848
0.00184575
0.00120369
0.00225965
0.000670761
0.002611
0.00179117
0.00110519
0.00192594
0.00148694
0.000538263
0.000836718
0.00127921
0.00127436
0.000969468
0.00180962
0.000996988
0.00266282
0.00265513
0.00074431
0.00205511
0.00198617
0.00145949
0.00137356
0.00114179
0.00225771
0.00263415
0.000538144
0.00139446
0.00248084
0.0018687
0.00147183
0.00104937
0.00136084
0.0015838
0.00173686
0.00110618
0.00188987
0.00157647
0.00201516
0.00351576
0.00120206
0.00167247
0.00102633
0.00366152
0.00190425
0.00201147
0.0014682
0.00209128
0.00111084
0.00119856
0.000790055
0.00180098
0.000526428
0.000652491
0.000861734
0.00102973
0.00360447
0.00467678
0.00276611
0.00339698
0.00329314
0.00263937
0.00333732
0.00350771
0.0016237
0.00137939
0.00147894
0.00198209
0.00206689
0.00156979
0.00189153
0.00124434
0.00168151
0.00186964
0.00109548
0.00134951
0.00178302
0.00244006
0.000998897
0.000884693
0.00167503
0.00294463
0.0026306
0.00206904
0.00176406
0.00257657
0.00102409
0.00302058
0.00177955
0.00204124
0.00308501
0.00125833
0.00313704
0.00108934
0.00092804
0.00177596
0.00077302
0.00140156
0.000309437
0.000325249
0.000686758
0.00051478
0.000648049
0.00019859
0.00175567
0.00243147
0.002403
0.00280999
0.0023818
0.00257893
0.00299243
0.00227692
0.000249266
0.000815897
0.000281348
0.00025553
0.000181582
0.00035716
0.000260235
0.000289038
0.000298173
0.0013856
0.000314546
0.000172514
0.000653302
0.000652527
0.00027694
0.000282587
0.00159509
0.000337166
0.000856198
0.00225765
0.00105403
0.000410583
0.001147
0.000760684
0.00162223
0.00191671
0.0012374
0.000521132
0.00109158
0.00169945
0.0013497
0.00128537
0.00012585
0.000207812
0.00112806
0.000308775
0.000228243
0.000225206
0.000316121
0.000455905
0.000301309
0.00021119
0.0014389
0.000832698
0.000368641
0.000530859
0.00108711
0.000939477
0.00236424
0.000212951
0.00164192
0.00336985
0.00134302
0.00234957
0.00340188
0.00105832
0.000252839
0.000363693
0.000778897
0.000545889
0.00057288
0.000734603
0.000622541
0.000688618
0.00216597
0.00175584
0.00234817
0.00205115
0.001873
0.00297048
0.00187182
0.00199822
0.0043224
0.00247855
0.00378387
0.00360555
0.00397423
0.00366617
0.00427589
0.00395513
0.000706143
0.0011589
0.00364879
0.00130533
0.000734616
0.00105877
0.00113501
0.00312548
0.000461542
0.00227576
0.000869383
0.0024816
0.000480581
0.000568104
0.00115546
0.0012134
0.00177991
0.00376332
0.00245421
0.00278141
0.00186052
0.00205983
0.00460738
0.0028088
0.00160727
0.00273529
0.00105245
0.00157328
0.00190754
0.00160625
0.0012187
0.00120334
1.16223e-05
1.43331e-05
0.000183621
3.58122e-05
1.16883e-05
5.45442e-05
6.36995e-05
6.53772e-05
1.71618e-05
1.30691e-05
0.000188375
4.40812e-05
1.46036e-05
7.70937e-05
6.08917e-05
7.88485e-05
0.000468105
0.000439556
0.00078173
0.000341056
0.000283618
0.000376658
0.000327691
0.000411294
4.25145e-05
5.59531e-05
0.00014323
4.22303e-05
1.80252e-05
6.19271e-05
5.84357e-05
6.3944e-05
1.14769e-05
0.00016569
1.56782e-05
1.71884e-05
5.90264e-05
5.79466e-05
4.23266e-05
6.4687e-05
7.51743e-05
5.22404e-05
0.000138914
0.000260225
7.73683e-05
5.48052e-05
0.000164753
0.000120424
0.00020722
6.09553e-05
6.14455e-05
0.000172238
0.00016571
6.73361e-05
0.000112967
5.8743e-05
0.000274674
0.000194888
6.81444e-05
0.000138214
0.000143323
0.000139631
0.000119081
0.000127014
0.00170586
0.000979751
0.000984907
0.00231003
0.00157925
0.00109258
0.00180957
0.0013292
0.000544856
0.000218568
0.000545114
0.000642402
0.000584074
0.000361979
0.000817562
0.000479524
0.00126926
0.00207032
0.00267737
0.00236984
0.0023295
0.00223543
0.002381
0.0024123
0.00180111
0.00111031
0.0018004
0.000534867
0.000577642
0.000375307
0.000697077
0.000585517
0.00108649
0.0011356
0.000971939
0.000861515
0.0012835
0.00214349
0.00152146
0.000586203
0.00057709
0.000540566
0.00074498
0.000761887
0.000855762
0.00102984
0.000676829
0.000817806
0.00162555
0.00104561
0.000921988
0.0015189
0.00124049
0.000810018
0.000810874
0.00133656
0.00142232
0.00116402
0.000625463
0.00118241
0.00205256
0.000780348
0.00155442
0.00101487
0.00272903
0.001435
0.00143437
0.00121552
0.00452286
0.00436968
0.00278263
0.00200401
0.00191173
0.00276447
0.00197211
0.00206147
0.00229231
0.00228233
0.00198776
0.00203751
0.000782887
0.000488339
0.000554175
0.000764861
0.000578752
0.00118875
0.000517841
0.000639804
0.00122311
0.00162284
0.000732774
0.000786695
0.000915551
0.000712199
0.000797101
0.000834149
0.00234297
0.00242185
0.000754277
0.0017276
0.000778696
0.00224894
0.00190854
0.000514276
0.00268407
0.00173478
0.00183572
0.00289208
0.000503022
0.00178075
0.000553287
0.00187158
0.000973515
0.00141324
0.00151623
0.000296577
0.000811818
0.000655217
0.000384194
0.00123454
0.000622682
0.000365638
0.00153664
0.00152981
0.000895205
0.000441213
0.00152614
0.00089473
0.00170652
0.00158589
0.000957583
0.00115628
0.00144574
0.00150119
0.00111967
0.00108736
0.00180288
0.00319755
0.00208426
0.00219117
0.00227259
0.00258146
0.0021502
0.00219485
0.000453074
0.000639559
0.000215203
0.000560261
0.000457161
0.000699053
0.000509166
0.000663591
0.000558891
0.00173524
0.000572015
0.000458532
0.000449999
0.000514482
0.000725877
0.000478712
0.00165175
0.00118322
0.000649271
0.00193535
0.00163973
0.00118702
0.00169502
0.000883967
0.00174117
0.00206326
0.00183919
0.00119819
0.00170059
0.00196383
0.00165121
0.00184163
0.000520864
0.000695492
0.00147027
0.000515831
0.000518177
0.000399484
0.000883912
0.000779655
0.000500935
0.000840297
0.00116807
0.00155408
0.000419609
0.000737365
0.000659242
0.000562997
0.00181886
0.000950785
0.00166079
0.00182617
0.00169596
0.00151119
0.00184065
0.00155978
0.000510246
0.00019005
0.00059815
0.000427434
0.000492555
0.000557987
0.000377015
0.000407737
0.00185968
0.00204928
0.00372082
0.00202352
0.0021038
0.00232453
0.00220215
0.00255131
0.00173607
0.000538817
0.00164373
0.00133165
0.0014241
0.00134947
0.00148765
0.00142945
0.000854969
0.00184676
0.00166899
0.000915403
0.000915531
0.00153879
0.000763692
0.00153129
0.000772949
0.000677072
0.00165828
0.00175447
0.000715111
0.000730545
0.00162827
0.00156875
0.00195263
0.00179208
0.000835123
0.00176884
0.00195612
0.00162266
0.00171565
0.00144266
0.00180514
0.00181069
0.000673924
0.00168522
0.00181822
0.00172387
0.00157435
0.00141469
0.000221706
0.000189099
0.00206707
0.00129577
0.000398071
0.00042767
0.00111955
0.00109122
0.000165838
0.000203856
0.0022199
0.00140177
0.000285158
0.00040676
0.000911423
0.00101606
0.00396307
0.00407088
0.00484052
0.00472038
0.00417439
0.00426032
0.0045845
0.00468783
0.00279264
0.00269976
0.00435006
0.00367377
0.00301449
0.0030634
0.0036027
0.00378936
0.000352818
0.00237987
0.00183171
0.00176659
0.00105317
0.00157052
0.00151151
0.0018351
0.000398888
0.00176108
0.00270913
0.00257668
0.000995663
0.00153817
0.00213418
0.00250609
0.00320184
0.00252396
0.00246199
0.00426663
0.00338772
0.00266988
0.00366993
0.00290708
0.00343138
0.00443048
0.00262991
0.00355591
0.0037077
0.0038317
0.00332705
0.00344278
0.000101965
0.00158378
0.000133764
0.0001338
0.000410676
0.000470395
0.000226321
0.000233898
0.00369922
0.00457416
0.0037986
0.00356372
0.00395184
0.00423682
0.00366612
0.00401499
0.000127913
0.00168871
0.000201591
0.00017888
0.000379398
0.000524175
0.000231322
0.000250494
0.000131397
0.00152556
0.000123669
9.72386e-05
0.000399234
0.000477137
0.000210152
0.000246585
0.00222423
0.000376744
0.00040435
0.0020909
0.00166637
0.000441645
0.00163179
0.000466556
0.00279259
0.00266897
0.00292855
0.000462635
0.00227132
0.00275368
0.00167716
0.00225551
0.000222962
0.00022285
0.00161818
0.000222769
0.000184664
0.000263266
0.000424119
0.000481766
0.00022322
0.000265495
0.0021633
0.00234091
0.000480516
0.000502536
0.00168308
0.00160425
0.00193949
0.00563769
0.00233225
0.00474496
0.0033746
0.0036387
0.00375283
0.00377076
0.00755277
0.0051745
0.00813161
0.00421961
0.00683423
0.00797984
0.0100503
0.00941304
0.00224757
0.00456513
0.00205301
0.00450235
0.00330693
0.00302747
0.00321289
0.00299055
0.00543204
0.00344754
0.00687448
0.00269337
0.00447706
0.00571031
0.00743509
0.00722634
0.00625331
0.00371302
0.00536056
0.00577447
0.00712204
0.0056201
0.00650786
0.00643304
0.00729677
0.00684719
0.00660924
0.00362816
0.00725207
0.00914852
0.00557512
0.00696799
0.00374151
0.00621546
0.00878389
0.00615472
0.00510201
0.00642893
0.00642367
0.00809891
0.00355583
0.00603416
0.00854415
0.00636201
0.00505098
0.00632404
0.00656091
0.00770463
0.000503587
0.000730043
0.00499507
0.000616225
0.00068524
0.00140847
0.00180578
0.002939
0.000730897
0.000917894
0.00380862
0.000853552
0.000663503
0.00126011
0.00160948
0.00213996
0.00724582
0.00746524
0.00815762
0.00697287
0.00766253
0.00824697
0.00775999
0.00844026
0.000650799
0.000984732
0.0036338
0.000760836
0.000744482
0.00159534
0.00122028
0.00207038
0.000712437
0.00508729
0.000730988
0.000729876
0.00186836
0.00308445
0.00071803
0.00153638
0.00133526
0.00147684
0.00486871
0.00603317
0.00258082
0.00269359
0.00480618
0.00432169
0.00583196
0.00160122
0.00170076
0.00479511
0.00489563
0.00267272
0.0044593
0.00275402
0.00672425
0.00559736
0.00243542
0.00573044
0.00620885
0.00512301
0.00508908
0.00410483
0.0110584
0.00811619
0.0135796
0.0115689
0.0110183
0.0110185
0.01213
0.0123126
0.00477853
0.00247647
0.00508127
0.00486956
0.00413997
0.00353305
0.00490805
0.00413111
0.012851
0.00896446
0.00715217
0.00610332
0.0111637
0.0105404
0.00873738
0.00956656
0.00992217
0.00748932
0.00509456
0.00411122
0.00840056
0.00826368
0.00604683
0.00703308
0.0073801
0.0122332
0.0105004
0.00694199
0.00867662
0.0112564
0.00817062
0.0103035
0.00697772
0.00633317
0.00698356
0.0120294
0.00804967
0.00673853
0.00940579
0.00775103
0.0122064
0.010686
0.00802437
0.00747623
0.0113796
0.0106984
0.00983481
0.00944888
0.0121442
0.0085278
0.00748459
0.00802782
0.0106466
0.0094853
0.00877354
0.00832309
0.0110267
0.014015
0.00771253
0.0102662
0.012778
0.0122201
0.00989217
0.00971794
0.013365
0.00922649
0.00810851
0.0076934
0.0115617
0.0106983
0.009238
0.00868177
0.00402446
0.00431664
0.00157375
0.00158361
0.00373471
0.00364497
0.00245797
0.00217906
0.00592137
0.00427293
0.00185317
0.00168633
0.00426198
0.004102
0.00273712
0.0023133
0.0138724
0.0082175
0.0101279
0.00815542
0.0109941
0.00968981
0.0104266
0.00961439
0.0131263
0.00759076
0.00750087
0.00783525
0.0104451
0.00880415
0.00900549
0.00804188
0.00584336
0.00699511
0.00573342
0.00290237
0.00511226
0.00646414
0.00446235
0.00504282
0.00546419
0.00246391
0.00519594
0.00520794
0.00478967
0.00432379
0.00571509
0.00464594
0.000341046
0.000274413
0.000274077
0.000383243
0.000263219
0.000358055
0.000377621
0.000344339
0.000185265
3.67751e-05
4.32895e-05
0.000219327
0.000203286
7.44568e-05
0.000144795
5.9276e-05
0.000110085
4.1195e-05
1.00345e-05
9.38017e-05
0.000109709
7.84888e-05
0.000107929
6.93797e-05
0.000376112
0.000313515
0.000207532
0.000350432
0.000359722
0.000325802
0.000344761
0.000304343
0.000211527
0.00024954
0.000373105
0.000218927
0.000206966
0.000323964
0.000343865
0.000346974
0.000282455
0.000250763
9.26453e-05
0.000222864
0.000264514
0.000217301
0.000113953
0.00013081
0.000224856
0.000367121
0.000180176
0.000232298
0.000269866
0.000331075
0.00021781
0.000294391
0.000185859
0.000191534
0.000231805
7.53429e-05
0.000133817
0.00018074
0.000100766
0.000171931
0.000175039
0.000231694
0.000336163
0.000117325
0.000168873
0.000163564
0.000161227
0.000156243
0.000126037
5.89408e-06
1.01571e-05
1.02739e-05
6.39122e-05
3.5869e-05
4.56859e-05
1.06939e-05
0.00022586
9.23974e-06
8.03778e-06
7.63588e-06
6.17655e-05
3.63139e-05
4.46727e-05
8.19127e-06
0.000165504
7.85523e-06
7.04693e-06
5.93551e-06
4.26219e-05
3.22955e-05
3.51445e-05
7.62445e-06
0.000150167
0.000226882
0.000144885
5.33417e-05
0.000114658
0.000205427
0.000120084
0.00015897
0.00011639
3.46171e-05
3.84353e-05
0.000150131
0.000119974
7.30229e-05
0.000143793
7.6421e-05
0.000224235
0.000195182
4.06854e-05
4.37617e-05
0.000202735
0.000137763
5.91902e-05
5.9569e-05
0.000170309
8.27663e-06
8.89267e-06
9.32496e-06
6.78543e-05
3.43733e-05
5.12281e-05
8.73888e-06
1.2569e-05
2.00904e-05
6.99669e-05
2.95892e-05
1.45117e-05
3.36518e-05
5.75765e-05
6.89905e-05
2.13528e-05
1.69282e-05
4.79912e-05
4.6212e-05
2.33572e-05
5.60393e-05
5.24836e-05
5.94707e-05
6.05535e-05
6.28385e-05
6.99038e-05
0.000104382
7.83634e-05
6.48016e-05
8.05241e-05
6.51201e-05
4.61828e-05
6.71842e-05
0.000236442
6.41613e-05
9.00228e-05
0.000122286
0.000125678
0.000161435
1.83811e-05
5.68154e-05
3.95373e-05
5.94941e-05
5.7266e-05
7.20018e-05
4.57165e-05
8.09413e-05
5.32447e-05
8.16911e-05
6.83167e-05
6.54331e-05
7.05342e-05
8.2161e-05
7.76813e-05
9.17581e-05
6.82453e-05
8.41354e-05
8.56198e-05
0.000183513
7.04714e-05
0.000110518
0.000134875
0.000118376
7.02029e-05
0.000136807
9.71781e-05
6.95019e-05
0.000104916
0.000107728
0.000107292
0.000115076
0.000331304
0.000146164
0.000356319
0.000358451
0.000319613
0.000366858
0.000374926
0.000375613
0.000475899
0.000107715
6.45855e-05
9.78256e-05
0.000389544
0.000258718
0.000134302
8.11731e-05
0.000290183
4.32208e-05
5.69095e-05
5.31522e-05
0.000196329
0.000216629
0.000143102
7.158e-05
0.000150967
6.62132e-05
2.8261e-05
4.07472e-05
0.00010123
6.79969e-05
4.40818e-05
3.31366e-05
0.000145256
0.000353287
0.00020875
0.000149058
0.000155508
0.000321597
0.000114498
0.000166252
0.00021044
0.000127111
9.29089e-05
0.000327806
0.000183065
0.000141643
0.000182108
0.000117893
0.000338921
0.000120065
8.0473e-05
5.39778e-05
0.000265128
0.00011133
0.000141235
5.00585e-05
0.000325193
3.887e-05
5.08085e-05
4.80031e-05
0.000218505
0.000112547
8.71457e-05
4.9812e-05
8.79245e-06
8.94802e-05
1.89912e-05
1.09989e-05
4.24486e-05
7.60621e-05
1.43722e-05
5.54843e-05
9.05195e-05
8.65737e-05
0.000186203
0.00011067
9.61397e-05
8.88961e-05
0.000123531
9.66027e-05
2.82101e-05
0.00027716
4.17158e-05
2.99673e-05
7.49465e-05
0.000139171
3.78367e-05
9.77373e-05
1.31705e-05
0.000155507
2.00542e-05
1.32231e-05
4.40524e-05
6.59064e-05
1.84124e-05
4.85527e-05
9.81612e-05
4.49884e-05
4.15076e-05
0.000139277
0.00011511
6.4007e-05
0.000113911
6.41534e-05
0.00011294
0.000164687
0.000177296
7.85322e-05
0.000144892
0.000170227
0.000194898
0.000163352
2.66243e-05
1.64453e-05
0.000157502
2.60559e-05
2.07509e-05
5.49336e-05
5.80913e-05
6.09819e-05
6.55374e-05
7.85688e-05
9.07418e-05
0.000245733
9.11576e-05
9.35812e-05
0.000227171
0.000218505
0.453081
0.508356
0.664151
0.239628
0.174861
0.214971
0.224896
0.232908
0.287667
0.0728768
0.171492
0.18484
0.271241
0.177644
0.256639
0.168817
0.23488
0.23655
0.0640968
0.247036
0.150348
0.29154
0.105804
0.175526
0.375815
0.325868
0.371203
0.403147
0.523255
0.524708
0.452202
0.521889
0.413311
0.178019
0.264071
0.277184
0.445215
0.302052
0.452835
0.50992
0.347424
0.251338
0.250649
0.318408
0.26015
0.197913
0.422889
0.205862
0.215249
0.317355
0.362429
0.304914
0.537003
0.248509
0.41475
0.435905
0.203947
0.489137
0.293366
0.204158
0.34141
0.475575
0.334626
0.248062
2.43449e-06
4.43924e-06
2.54163e-05
4.11789e-06
3.7607e-06
2.65163e-05
1.15593e-05
2.74799e-05
6.39169e-06
1.8659e-05
7.29412e-05
1.32057e-05
1.03091e-05
6.09521e-05
2.31149e-05
5.97351e-05
3.5932e-05
4.70969e-05
2.6646e-05
4.5729e-05
3.74062e-05
3.72804e-05
4.27713e-05
5.10377e-05
5.08123e-06
7.42254e-06
3.08772e-05
4.62771e-06
4.58785e-06
1.77967e-05
9.00453e-06
1.63018e-05
7.43556e-06
3.56898e-05
4.30086e-06
7.97664e-06
1.79504e-05
2.39725e-05
6.6738e-06
2.05649e-05
4.1726e-05
3.2571e-05
7.05931e-05
4.84913e-05
3.50843e-05
3.67926e-05
6.34202e-05
5.58374e-05
3.76065e-05
1.10593e-05
1.4275e-05
3.57792e-05
3.53096e-05
2.13306e-05
3.24608e-05
2.10256e-05
4.87729e-05
5.27003e-05
3.15133e-05
8.33245e-05
4.23261e-05
5.23174e-05
5.87187e-05
5.05719e-05
6.26273e-05
6.3819e-05
0.000585832
0.000405756
0.000114445
7.911e-05
0.000271143
0.000419744
7.21271e-05
2.00525e-05
6.45291e-05
0.000335046
0.000176443
7.05772e-05
0.000213524
0.000166464
0.000875205
9.44565e-05
0.000146407
0.000854691
0.000829409
0.000210494
0.000515512
0.000244403
0.000588046
0.000414762
0.000872061
0.000591132
0.000689575
0.000526
0.000597737
0.000740723
0.000200994
0.000705425
0.000522592
0.000467564
0.00029021
0.000571868
0.000459013
0.000574199
9.35232e-05
0.000558777
0.000150128
0.000629369
0.000487751
0.000514058
0.000563338
0.000573486
0.000852971
0.000483097
0.000387548
0.000805763
0.000832023
0.000669382
0.000913807
0.000470985
0.000840609
0.000674872
0.000490135
0.000214644
0.000666878
0.000681509
0.000363581
0.00056326
0.000153761
0.000108788
0.000656735
0.000288588
0.00022896
0.000225949
0.000290253
0.000329091
7.79922e-05
2.70487e-05
3.29423e-05
3.03172e-05
0.000118491
5.33625e-05
9.93002e-05
2.05934e-05
0.000282091
3.10787e-05
2.17948e-05
2.73834e-05
0.00014751
9.62358e-05
0.0001044
2.06577e-05
0.000208686
3.98314e-05
3.19255e-05
6.56302e-05
0.000104413
0.000101927
9.48022e-05
3.12599e-05
0.000173294
0.000589843
0.000259084
0.000112453
0.000211297
0.000302196
0.000200963
0.000255387
0.000149601
0.000111064
0.000106551
0.000550287
0.000232124
0.00012764
0.000396589
0.000165619
0.000293806
0.000269219
0.000100152
0.000100177
0.000254525
0.000280162
0.000116674
0.000109902
0.000405493
2.6262e-05
2.86018e-05
2.53044e-05
0.000131064
0.000114325
0.000114892
2.18938e-05
0.000142796
0.000190748
0.00101113
0.000804463
0.000243285
0.000280114
0.000573921
0.000581513
0.000313532
0.000214641
0.000120139
0.000290694
0.000286318
0.000279311
0.000255292
0.000145319
0.00126185
0.000219987
0.000438523
0.000827278
0.00065717
0.000495542
0.000708589
0.0004516
0.00141555
0.000787004
0.0012096
0.00151001
0.00129636
0.00105371
0.00144712
0.00119858
0.000287263
0.00105475
0.000984262
0.000571511
0.000530121
0.000803796
0.000636614
0.000895396
0.000332037
0.000406074
0.000247849
0.000967771
0.000462179
0.000340124
0.000607442
0.000302415
0.00130597
0.0013064
0.00066116
0.0010799
0.00133907
0.00118878
0.000921456
0.000956381
0.00114449
0.000810667
0.000429022
0.000222694
0.000659803
0.000670496
0.000324111
0.000376437
0.000147559
0.000647286
0.000284016
0.000133524
0.000219315
0.000203685
0.000122039
0.000178778
0.00119151
0.000323386
0.00020624
0.000624018
0.000962188
0.000552255
0.000644886
0.000385641
0.000236884
0.00016029
0.000191875
9.46645e-05
0.000298486
0.000309542
0.000166739
0.000281412
0.000316284
0.000227271
0.000227485
0.000327167
0.000338256
0.000214653
0.000371304
0.000263889
0.000784111
0.000130878
0.000171592
0.000395564
0.000286826
0.000125462
0.000292372
0.000110889
0.000991689
0.000370083
0.000262929
0.000316593
0.000626112
0.000576371
0.000556249
0.000514713
0.000337625
0.000352445
0.000337126
0.000114185
0.000354552
0.000126619
0.000153995
0.000206297
0.000252381
0.000207613
0.000295341
0.000167481
0.000215642
0.000308035
0.000263509
0.000249339
5.58287e-05
4.84517e-05
0.000137787
0.000116435
8.95334e-05
0.000103371
0.000152382
0.000151819
3.63689e-05
8.88437e-06
6.87863e-06
7.20496e-06
2.41528e-05
2.36422e-05
2.1338e-05
6.30794e-06
0.000109713
7.31152e-06
9.37955e-06
1.03285e-05
4.6738e-05
4.29558e-05
3.91365e-05
8.01787e-06
0.000117792
7.94051e-06
1.31463e-05
1.03333e-05
4.62922e-05
4.24119e-05
4.78896e-05
1.02694e-05
7.18897e-05
0.000151664
0.000146042
3.31056e-05
9.95766e-05
0.000147859
8.98337e-05
0.000147867
6.43437e-05
3.03788e-05
3.11117e-05
0.000129086
0.000106106
3.21742e-05
9.89725e-05
3.23395e-05
0.00015526
0.000173034
2.92483e-05
4.86848e-05
0.000146166
0.000161592
4.70898e-05
4.41095e-05
0.000125411
1.12213e-05
6.77582e-06
6.05856e-06
4.59667e-05
4.42224e-05
2.72999e-05
6.76418e-06
1.40683e-05
3.58344e-05
1.05667e-05
3.2362e-05
2.70937e-05
3.40236e-05
2.10512e-05
2.74901e-05
2.10811e-05
4.03369e-06
3.68379e-06
7.57099e-06
2.27571e-05
1.1887e-05
2.27887e-05
5.05135e-06
1.01924e-05
2.91307e-06
1.28817e-06
4.89385e-06
2.84273e-05
1.81656e-05
1.33501e-05
2.00423e-06
1.76953e-05
7.08998e-06
5.89622e-06
3.00384e-06
1.19306e-05
1.55051e-05
1.09242e-05
5.22724e-06
3.40405e-05
1.66026e-05
2.20422e-05
2.233e-05
2.9315e-05
2.74166e-05
1.8389e-05
2.28468e-05
2.68276e-05
1.74724e-05
1.15859e-05
1.78402e-05
2.5826e-05
2.07967e-05
2.09084e-05
2.6753e-05
1.36693e-05
1.83347e-05
2.06895e-05
1.38302e-05
1.86731e-05
1.97656e-05
1.42006e-05
1.24493e-05
1.55567e-05
4.71472e-06
6.52854e-06
5.26538e-06
1.98689e-05
1.76947e-05
2.5555e-05
9.66252e-06
0.0316707
0.0584125
0.195755
0.0875209
0.0524947
0.132815
0.0949794
0.190174
0.0853015
0.0782207
0.129819
0.131453
0.109183
0.126973
0.149599
0.149561
0.155172
0.133956
0.0913791
0.173113
0.154436
0.14005
0.145289
0.122864
0.169134
0.203388
0.273246
0.214026
0.221647
0.313607
0.302129
0.374821
0.0888858
0.213543
0.119288
0.164574
0.142514
0.214232
0.126287
0.2217
0.141465
0.202579
0.188768
0.205788
0.17352
0.19504
0.187928
0.200403
0.238439
0.178405
0.227154
0.289793
0.271345
0.272024
0.292476
0.30265
0.207006
0.246841
0.243499
0.172123
0.21266
0.254474
0.227214
0.244947
0.15596
0.126957
0.104915
0.173786
0.162608
0.15084
0.148827
0.144161
0.0624599
0.024496
0.0827268
0.0313637
0.036826
0.0519638
0.0588858
0.0632122
0.092549
0.0860884
0.0812731
0.160049
0.126476
0.109297
0.148147
0.116462
0.133503
0.047387
0.132579
0.066465
0.0852627
0.111716
0.122538
0.124828
0.0888311
0.1469
0.134759
0.051733
0.137596
0.154424
0.0959441
0.148459
0.108564
0.0774557
0.0900913
0.138809
0.131577
0.102197
0.128204
0.109999
0.15082
0.174197
0.0888534
0.155298
0.1712
0.165349
0.131752
0.133877
0.137487
0.130299
0.0952469
0.0883381
0.123083
0.120794
0.106973
0.103459
0.0457941
0.0675135
0.0773951
0.0420009
0.0522191
0.0672662
0.0429114
0.066923
0.0848855
0.0404639
0.0839385
0.0893915
0.0865231
0.0695638
0.094286
0.071316
0.0980059
0.127175
0.147047
0.123512
0.128287
0.144749
0.13094
0.139653
0.0563574
0.0926885
0.100702
0.0826749
0.087196
0.0948246
0.088166
0.0963064
0.0785623
0.100831
0.054599
0.0939513
0.083833
0.0871245
0.072983
0.0688398
0.0906232
0.0991575
0.112338
0.111461
0.10106
0.107288
0.110656
0.114183
0.0887849
0.0540346
0.0976693
0.107799
0.0740942
0.0716349
0.105334
0.0983383
0.0962676
0.117294
0.102143
0.114542
0.120435
0.116103
0.1153
0.110015
1.88486e-05
5.03638e-05
3.10364e-05
3.84058e-06
1.50144e-05
3.49387e-05
2.04185e-05
3.29387e-05
2.22588e-05
3.51482e-05
6.30319e-05
7.70566e-06
1.34985e-05
4.21217e-05
1.65647e-05
4.6951e-05
3.91815e-05
8.35459e-05
4.66258e-05
2.66857e-05
4.0584e-05
4.8935e-05
4.02427e-05
4.55322e-05
4.9767e-06
7.22193e-06
1.26601e-05
1.3055e-05
8.81647e-06
1.02377e-05
1.22241e-05
1.21117e-05
2.27551e-05
3.34171e-05
4.3338e-06
5.78997e-06
4.06446e-05
3.48086e-05
5.78243e-06
1.4653e-05
3.45643e-05
2.30532e-05
7.3276e-05
4.46022e-05
5.06058e-05
4.67222e-05
6.51511e-05
5.81169e-05
3.29517e-05
4.79067e-06
7.27363e-06
1.30021e-05
1.35901e-05
1.05523e-05
1.2448e-05
1.03848e-05
4.05745e-05
2.13752e-05
1.91575e-05
6.74958e-05
4.27996e-05
2.59611e-05
6.00435e-05
3.2364e-05
2.04251e-05
2.88694e-05
4.3301e-05
5.34832e-05
3.9127e-05
5.04668e-05
3.84303e-05
3.30483e-05
3.84491e-05
4.7842e-05
0.000129002
0.000112526
4.23835e-05
5.44026e-05
0.000108418
0.000116976
4.53276e-05
9.26386e-05
3.2358e-05
3.37889e-05
4.40747e-05
5.14262e-05
2.65224e-05
7.33289e-05
6.23921e-05
0.000111346
7.80168e-05
6.81583e-05
9.26588e-05
9.57546e-05
5.96027e-05
9.15691e-05
4.42694e-05
3.4928e-05
7.99183e-05
0.000126979
4.98093e-05
4.85741e-05
5.42167e-05
8.27526e-05
5.77547e-05
0.000136447
0.000122674
5.52853e-05
9.81849e-05
0.000127052
8.86776e-05
0.000117182
4.41546e-05
5.18872e-05
9.45455e-05
6.35033e-05
7.29205e-05
8.48903e-05
8.72281e-05
8.37178e-05
6.04751e-05
6.73397e-05
0.000145596
0.000115846
5.07541e-05
6.64474e-05
7.47452e-05
8.10889e-05
0.000470441
0.00133427
0.000344608
0.000350711
0.000375084
0.000720664
0.000365954
0.000410232
0.0019547
0.00276755
0.00101227
0.00216346
0.00137082
0.00200964
0.00168972
0.00236687
0.000169309
0.000357557
0.000165658
0.000151802
0.000165136
0.000315947
0.000202759
0.000307615
0.000318597
0.000998472
0.000259578
0.000255866
0.000273225
0.000406949
0.000187541
0.00048008
0.00116414
0.000229446
0.000363695
0.000766557
0.00125641
0.000542566
0.00109126
0.000937304
0.00144859
0.00121274
0.000565163
0.000788651
0.00100922
0.00117604
0.000746643
0.000801734
0.000346627
0.000290907
0.000608234
0.000180724
0.000352399
0.000423684
0.000262279
0.000752261
0.00036332
0.00027611
0.0010361
0.000532412
0.000254502
0.000223147
0.000362858
0.000383016
0.000198336
0.00026152
0.000352239
0.000268046
0.000217628
0.000185656
0.000259395
0.000283444
0.000751267
0.00228434
0.00143729
0.00122702
0.00287133
0.00249294
0.00169247
0.00268552
0.000378834
0.000860431
0.000315625
0.000243115
0.000969144
0.000645761
0.000337657
0.000800641
0.000296218
0.000316221
0.000154512
0.000374359
0.000345532
0.000153854
0.000355636
0.000313042
0.000636212
0.0002372
0.000292986
0.00104634
0.000249491
0.000244348
0.000269499
0.000182647
0.000549107
0.000575061
0.00143165
0.000364293
0.000987459
0.000658661
0.00075007
0.00162219
0.000285842
0.000314857
0.00033692
0.000182792
0.000316685
0.000331694
0.000261151
0.000166895
0.000289984
0.000536509
0.000824417
0.00224671
0.000424622
0.000344442
0.000716865
0.000601791
0.000150756
0.000158261
0.00019125
0.000206254
0.000150102
0.000162575
0.000128467
0.000147747
0.000130413
0.00016271
6.55581e-05
8.22389e-05
0.000118367
0.000129577
6.46727e-05
6.84556e-05
0.000350419
8.92908e-05
0.000274492
0.000333081
0.000313857
0.000223318
0.000267823
0.000250791
0.000261807
7.22621e-05
0.000272907
0.000210566
9.15552e-05
0.000125818
0.000158729
0.000118095
0.000141972
0.000158419
0.000105383
6.70851e-05
0.000145366
0.000139177
0.000113881
0.000102427
0.000131613
7.89325e-05
0.000104298
0.000186954
0.000159907
9.52363e-05
0.000223054
0.000119675
0.000194211
0.000119747
9.32936e-05
0.000198853
0.000311077
0.000108433
0.000121496
0.000191549
0.000198126
0.000181663
7.15706e-05
0.000139366
0.000270738
0.000154413
0.000118064
0.00021805
0.000249485
0.000108085
0.000218655
0.000127936
0.000286251
0.000164038
0.000131818
0.000214315
8.75277e-05
0.000172123
6.10563e-05
0.00022281
0.000169493
0.000166103
0.000175103
0.000109843
0.000198986
7.05818e-05
4.79181e-05
8.709e-05
0.000192896
0.000177028
0.000169454
6.64241e-05
0.000130302
0.000307861
0.000143904
0.000377676
0.000299015
0.000289824
0.000292583
0.000226906
0.000122701
0.000211248
0.000249717
0.000226375
8.61792e-05
0.000125069
0.00011338
0.00014778
9.64249e-05
0.000217814
0.000159097
0.000189152
9.39798e-05
0.000188845
0.00010335
0.000180969
0.000205059
0.000111753
0.00023752
0.000200441
0.000145388
0.000139917
0.000232976
0.000249379
0.000160615
0.000108727
0.000172188
7.68423e-05
0.000208091
0.000211709
0.000160416
0.00010509
3.05533e-05
8.39723e-05
2.77559e-05
8.92624e-05
5.12793e-05
4.22123e-05
5.10652e-05
4.69375e-05
7.34062e-05
0.000100845
3.35571e-05
9.37127e-05
6.95353e-05
4.41158e-05
9.15266e-05
4.13809e-05
2.15094e-05
1.61313e-05
7.70613e-07
5.81174e-05
2.50666e-05
5.02013e-06
4.15314e-05
4.25457e-06
7.16835e-05
0.000101836
0.000115327
0.000162421
7.8284e-05
0.000125474
0.000155425
9.25705e-05
0.000100439
4.70814e-05
7.9235e-05
8.54054e-05
6.60023e-05
3.99391e-05
5.79384e-05
6.2391e-05
7.34061e-05
8.89645e-05
2.37491e-05
3.8709e-05
6.73092e-05
5.34298e-05
4.89323e-05
5.42593e-05
4.96016e-05
8.85186e-05
0.000125924
0.000103883
5.98848e-05
6.03092e-05
5.6468e-05
5.49613e-05
3.45316e-05
6.34706e-05
8.73505e-05
2.24624e-05
2.77377e-05
6.85489e-05
6.84318e-05
7.72612e-05
4.82629e-06
5.00405e-06
6.26008e-05
3.26396e-06
4.59921e-06
2.60062e-05
2.63963e-05
3.06829e-05
4.17929e-06
1.07365e-06
2.69494e-05
3.91751e-06
1.39602e-06
3.1e-06
1.2535e-05
1.9864e-05
5.69974e-05
5.26157e-05
0.000124606
9.48191e-05
4.34045e-05
4.92487e-05
0.000112247
8.1998e-05
3.30326e-06
4.4387e-06
8.09553e-05
4.57393e-06
3.7109e-06
1.94233e-05
3.32258e-05
4.45763e-05
4.65047e-06
4.73072e-05
3.03782e-06
2.9577e-06
2.16313e-05
2.74582e-05
3.45489e-06
1.61915e-05
1.97791e-05
1.23117e-05
2.51001e-05
6.38504e-05
2.5363e-05
1.21605e-05
3.44047e-05
2.2933e-05
6.35026e-05
2.1992e-05
2.54867e-05
7.99442e-05
4.21644e-05
2.6995e-05
3.2407e-05
3.04195e-05
4.55596e-05
7.70409e-05
3.34866e-05
5.29852e-05
4.51023e-05
4.68973e-05
4.24789e-05
4.76613e-05
0.0114122
0.00909405
0.00388183
0.00310834
0.00906598
0.00872267
0.00500868
0.00590088
0.00682462
0.00512319
0.0029682
0.00129327
0.00473271
0.00560396
0.00275004
0.00380925
0.00143325
0.00164976
0.000727192
0.000388168
0.00119589
0.00143137
0.000858967
0.00104179
0.000144061
1.75219e-05
2.87645e-05
1.47996e-05
3.5532e-05
3.31438e-05
2.8143e-05
3.26128e-05
0.00531926
0.00249001
0.00144994
0.000298308
0.00266714
0.00267066
0.00155442
0.00100971
0.00283245
0.00035224
0.00115856
0.0026027
0.00146071
0.000834256
0.00140018
0.000744043
0.00144133
0.000335707
5.30516e-05
6.43249e-05
0.000426819
0.000373887
0.000125075
0.000128253
0.00154378
0.000159899
0.000138478
0.000866858
0.000947144
0.000262521
0.000528437
0.000262357
0.0120711
0.00712545
0.0109888
0.00769039
0.0127713
0.00858462
0.00746875
0.0089892
0.00231859
0.000785598
0.00208474
0.0013609
0.00156926
0.00140272
0.00214182
0.00197794
0.00895678
0.00390332
0.00745677
0.00561411
0.00674488
0.00569688
0.00743913
0.00682688
0.00481884
0.00130785
0.00321649
0.000930336
0.00345593
0.00316479
0.00255476
0.00198958
0.0043448
0.00298544
0.0057344
0.00236066
0.00348169
0.00431207
0.00337988
0.00506316
0.00332075
0.00216534
0.00227882
0.00326379
0.00284647
0.00287258
0.00205615
0.00173536
0.00841546
0.00482161
0.0022725
0.00509309
0.00653508
0.00537042
0.00481227
0.00417958
0.00690967
0.00404456
0.00246572
0.00134553
0.00533786
0.00434135
0.00163569
0.00306179
1.64313e-05
1.70161e-05
5.92945e-05
1.93362e-05
2.22788e-05
2.79256e-05
2.33516e-05
1.60294e-05
0.000185524
0.000494476
0.00137515
0.000286897
0.000347168
0.000858623
0.000463494
0.00089952
0.00120192
0.00194443
0.00377525
0.000650278
0.0014198
0.00301308
0.00112935
0.00326891
1.21475e-05
2.23371e-05
2.19267e-05
1.12779e-05
1.46217e-05
1.65934e-05
1.14274e-05
1.32326e-05
3.53277e-05
4.48661e-05
2.16278e-05
3.01987e-05
4.26912e-05
2.76581e-05
2.74588e-05
2.28804e-05
0.000121712
9.57058e-05
0.000679837
0.000240243
9.31881e-05
0.000257061
0.000246533
0.000242314
0.000110948
1.51217e-05
3.46752e-05
3.79069e-05
3.84367e-05
1.24233e-05
2.10069e-05
1.87828e-05
0.000222657
0.000140048
8.00476e-05
0.000670031
0.000337878
0.000137526
0.000259349
0.000193077
9.45765e-06
0.00016224
9.98529e-05
0.000195789
5.09442e-05
5.49995e-05
8.12141e-05
0.000118806
0.00161968
0.0062648
0.00343014
0.00395041
0.00304495
0.00410471
0.00341736
0.0044631
0.000175738
0.00153159
0.000344924
0.000649552
0.000770198
0.00106119
0.000716509
0.00119674
0.000272266
0.00191123
0.000602417
0.000316587
0.00060255
0.00092747
0.000455667
0.000909439
0.000481044
0.000220795
0.000313635
0.00206689
0.000654916
0.000314576
0.00117606
0.000439939
0.000671998
0.00265672
0.000871152
0.000315121
0.000764161
0.00226792
0.000662341
0.00116696
0.000180846
0.000281281
0.00180723
0.000668206
0.000348707
0.000422229
0.000736614
0.000935563
0.000292604
0.00111542
0.00219547
0.00113325
0.000847054
0.00112621
0.000995484
0.00196198
0.000560404
0.00216345
0.00385782
0.00109152
0.000908832
0.00213828
0.00163223
0.0030412
0.00302432
0.00163227
0.00212433
0.00417335
0.00315338
0.00224357
0.00365669
0.00280449
0.00413444
0.0021162
0.00187574
0.00462924
0.00384871
0.00247345
0.00387986
0.0026732
0.00185148
0.00460806
0.00675771
0.00236534
0.00271237
0.00462271
0.00370648
0.00638217
0.00275172
0.00435234
0.00170554
0.00398251
0.00343276
0.0036204
0.00327378
0.00326425
0.00323795
0.00448166
0.00257048
0.0042294
0.0038763
0.0041743
0.00399093
0.00387695
0.00486888
0.00261523
0.00479843
0.00615749
0.00522206
0.00431952
0.0057411
0.00503042
0.00457451
0.00547486
0.00528346
0.00296534
0.0045958
0.00531606
0.00418244
0.00500292
0.000727351
0.000831204
0.00342017
0.000612549
0.000516102
0.00143407
0.00152886
0.00228269
0.000844594
0.000708609
0.00241799
0.000481956
0.000405355
0.00121454
0.0010629
0.00166511
0.00340998
0.00202111
0.000623649
0.00140705
0.00254443
0.00209506
0.00182335
0.00129852
0.000452397
0.000350089
0.00111314
0.000287769
0.000274429
0.000608802
0.000540893
0.000732365
0.000484457
0.00311853
0.000410431
0.000337784
0.00139843
0.00196927
0.000570788
0.00107939
0.00142842
0.000890226
0.00274432
0.003567
0.00213204
0.00165585
0.00318753
0.00259001
0.00315526
0.00101651
0.000736803
0.00168545
0.00236995
0.00153615
0.00187858
0.00115405
0.00330781
0.00157026
0.00114811
0.00227568
0.00264037
0.00201323
0.00241432
0.00173815
0.00258388
0.00470587
0.0045341
0.00504247
0.00389927
0.00435812
0.00441141
0.00474445
0.00546086
0.00566508
0.00551115
0.00655812
0.00586662
0.00569711
0.00617975
0.00589736
0.00411878
0.0038481
0.00102458
0.00168202
0.00354714
0.00313699
0.00199979
0.00190034
0.00680447
0.00660714
0.0025526
0.00376149
0.00651546
0.00591015
0.00453124
0.00412883
0.00536776
0.00514333
0.00593721
0.00663823
0.00578768
0.00556331
0.00625978
0.00599834
0.00538227
0.00640594
0.005299
0.00508843
0.00566483
0.00605949
0.00539878
0.00558085
0.00510064
0.00628678
0.00645829
0.00305594
0.00542094
0.00606776
0.0049257
0.00595923
0.00485485
0.0028536
0.00611382
0.00481919
0.00455543
0.00440809
0.00511248
0.00518618
0.000909673
0.00356112
0.00376341
0.00175952
0.00159634
0.00303638
0.00212842
0.00337724
0.00515705
0.0053438
0.00511549
0.00455246
0.00510097
0.00532668
0.00488891
0.00504729
0.00395956
0.00428864
0.00179725
0.00165145
0.00376887
0.00393615
0.00251525
0.00281358
0.00162234
0.0030811
0.00118417
0.000729118
0.00190399
0.0026533
0.00108706
0.00160778
0.00410008
0.00403844
0.00228989
0.00382721
0.00414581
0.00377102
0.00374255
0.00338248
0.00494901
0.00436456
0.00500637
0.00470497
0.00478693
0.00475771
0.00497315
0.00480819
0.00362051
0.00214736
0.00352273
0.00184039
0.00299123
0.00300781
0.00305598
0.00311882
0.0041218
0.00236159
0.00394585
0.00447402
0.00400858
0.00355121
0.00436448
0.00394221
0.000406462
7.98506e-05
0.00016113
0.000111843
0.000141693
0.00013478
0.000178516
0.000171726
0.000113514
2.74137e-05
2.99969e-05
0.000119809
4.55137e-05
4.82023e-05
4.42663e-05
4.28601e-05
7.72943e-05
2.93177e-05
4.33816e-06
5.97793e-05
6.32653e-05
5.18454e-05
6.31723e-05
4.36846e-05
0.000137489
0.000152117
9.5682e-05
0.000161768
0.000138105
0.000154205
0.000161014
0.000150332
4.41719e-05
0.000105736
0.000137292
4.63399e-05
4.36467e-05
0.000103984
0.000150976
0.000159531
6.99818e-05
7.01036e-05
5.56497e-05
0.000118372
8.08339e-05
0.000113464
0.000115852
5.12752e-05
0.000132241
0.000167172
4.89226e-05
0.000124767
0.000110799
0.000155179
9.96689e-05
9.34214e-05
0.000111456
0.000104377
8.34445e-05
4.79165e-05
9.5345e-05
0.000111896
4.61522e-05
0.000105105
2.18509e-06
8.6819e-06
8.23122e-05
6.45858e-06
3.25114e-06
2.61159e-05
2.07891e-05
5.53613e-05
6.47442e-06
6.80157e-06
7.29375e-05
6.79136e-06
7.39195e-06
2.96189e-05
3.58394e-05
4.18766e-05
0.00013413
0.000126399
0.000520844
0.000274461
0.000128817
6.59449e-05
0.000144222
0.000202244
6.41196e-06
7.55947e-06
0.000145242
8.42572e-06
7.37429e-06
4.2141e-05
3.78463e-05
6.0451e-05
7.2555e-06
6.68998e-05
5.51357e-06
6.78004e-06
3.69903e-05
6.7635e-05
6.09282e-06
4.45741e-05
3.24893e-05
4.12017e-05
7.38642e-05
5.49578e-05
5.45133e-05
5.19214e-05
6.94453e-05
7.61471e-05
9.75132e-05
3.2446e-05
4.15554e-05
0.000106581
0.000106866
6.38355e-05
0.000149977
6.40174e-05
0.000127788
0.000120484
4.89935e-05
0.000106609
0.000173012
0.000136447
0.000143412
0.000135106
4.23849e-05
3.64168e-05
0.000105554
9.89278e-05
7.39389e-05
5.25565e-05
9.25485e-05
7.8351e-05
4.78647e-05
0.000157101
0.00010258
8.12626e-05
7.46109e-05
9.32676e-05
8.42869e-05
9.97215e-05
0.000123438
0.000122473
0.000109258
0.000164466
0.000148046
0.000133173
0.000157404
0.000130528
8.25689e-05
9.57028e-05
0.000144385
9.79079e-05
0.000135176
6.69343e-05
0.000114129
0.000143395
5.74284e-05
6.73859e-05
0.000103241
8.32967e-05
6.02042e-05
8.63467e-05
4.94155e-05
6.71154e-05
5.00276e-05
5.62985e-05
0.00011114
7.29553e-05
6.07311e-05
9.09191e-05
7.51207e-05
0.000109905
0.000114255
8.60314e-05
5.96182e-05
0.000114848
0.000136201
0.000113047
7.46026e-05
7.04334e-05
0.000124782
0.000136952
9.56711e-05
0.000122474
0.00013412
9.64415e-05
0.000125381
0.000131992
3.94566e-05
6.25207e-05
0.000109862
4.12253e-05
5.01057e-05
9.01372e-05
0.000106234
0.000116209
4.84573e-05
0.000101076
4.57343e-05
2.94664e-05
3.29696e-05
7.61332e-05
4.63901e-05
7.40393e-05
8.4926e-05
3.66749e-05
3.0729e-05
4.61356e-05
6.21223e-05
3.75413e-05
5.14439e-05
3.14527e-05
2.5626e-05
1.35438e-05
4.76766e-05
1.01396e-05
1.5007e-05
2.39114e-05
3.06254e-05
2.66045e-05
4.99186e-05
0.000101127
3.42405e-05
1.82739e-05
6.79718e-05
8.98048e-05
3.54776e-05
5.5064e-05
8.62601e-05
2.84967e-05
6.67583e-05
6.09821e-05
8.37325e-05
5.05078e-05
8.49183e-05
6.52357e-05
9.26254e-05
7.16681e-05
2.87364e-05
4.22478e-05
8.91957e-05
6.14742e-05
6.21165e-05
4.70292e-05
5.30609e-05
3.54173e-05
3.66078e-05
3.26921e-05
5.27902e-05
4.30283e-05
5.28777e-05
5.89345e-05
0.000116693
0.000180972
0.000112343
0.000126861
0.000169511
0.000169751
0.000156457
0.000151149
0.000232409
0.000381207
0.000378978
0.000254192
0.000353867
0.000467932
0.000452424
0.000385377
7.40107e-05
0.000153444
7.69779e-05
8.81984e-05
9.65454e-05
8.64334e-05
0.000103973
0.000118542
0.0001063
0.000230855
8.41817e-05
9.33749e-05
0.000265623
0.000231673
0.000167218
0.000177544
0.000259657
0.000172731
0.000218086
0.00025814
0.000251624
0.000159545
0.000175117
0.000151466
0.000233749
0.000254055
0.000274281
0.000129034
0.00023592
0.000202913
0.000122032
0.00020054
0.000139743
0.000158318
0.000346932
0.000148052
8.53745e-05
0.000131842
0.000196715
0.000173054
7.84886e-05
0.000137417
0.000272546
0.00026268
0.000127912
0.00019537
0.000200708
0.000190917
5.64411e-05
0.000141283
0.000103626
6.75424e-05
9.42261e-05
6.60482e-05
5.83906e-05
9.8872e-05
0.000272932
0.000310655
0.000271907
0.000217604
0.000302305
0.000394955
0.000230591
0.000253706
8.44651e-05
0.000164461
0.000101457
0.000103096
0.000121925
0.000150941
0.000107747
0.000117779
5.79283e-05
9.68676e-05
7.4372e-05
4.61758e-05
5.77219e-05
7.87225e-05
5.01468e-05
6.73666e-05
0.000181747
0.000108347
6.93424e-05
0.000124723
0.000130253
0.000111781
0.000123621
9.97706e-05
0.000239944
0.000173884
0.000179521
0.000109407
0.000181552
0.000196164
0.000104161
0.000189299
9.15888e-05
6.04937e-05
0.000101347
7.81128e-05
8.76947e-05
7.13488e-05
8.56027e-05
8.79351e-05
0.000118138
0.000106217
0.000120456
0.000161948
0.000125699
0.000113914
0.000139483
0.000127846
0.00076961
0.00129148
0.00124967
0.00107668
0.00107574
0.00123773
0.00110178
0.00127947
0.00154407
0.00157042
0.0017699
0.00122889
0.00136436
0.0015464
0.00139961
0.00141543
0.00115692
0.00132786
0.000686373
0.000861813
0.000702621
0.000780133
0.000921828
0.00091719
0.00123448
0.00121384
0.00115779
0.00135161
0.00136514
0.00150307
0.00138193
0.00118323
0.00143372
0.000903897
0.00123222
0.00156479
0.00148831
0.00140935
0.00147597
0.00140013
0.00151093
0.00164974
0.00104365
0.0009674
0.00151811
0.00164963
0.00155932
0.0008119
0.00107193
0.00126493
0.00137699
0.00125771
0.00141086
0.0014205
0.00103792
0.0015178
0.00110047
0.000958209
0.00117276
0.001268
0.00142091
0.00115352
0.0010478
0.00110091
0.000560494
0.000938029
0.00126221
0.000802328
0.000588038
0.000810616
0.000779343
0.000758946
0.00139135
0.00149175
0.00146096
0.00115309
0.00083445
0.00124875
0.000793856
0.000922484
0.00110447
0.00117573
0.000721895
0.000503929
0.000965104
0.00101971
0.000669801
0.000756993
0.0003621
0.000652257
0.000310424
8.57471e-05
0.000327855
0.000489081
0.000128506
0.000187034
0.000713172
0.000825981
0.000657589
0.000670688
0.000656165
0.000862841
0.000964955
0.00100374
0.0010514
0.00115457
0.00110396
0.00105489
0.000851553
0.00115088
0.00143804
0.000929146
0.000988635
0.000585514
0.000668599
0.000370933
0.000770406
0.000771837
0.000646283
0.000669127
0.00112515
0.000344924
0.000887349
0.00108836
0.0010039
0.000769007
0.000793227
0.00087472
0.000578905
0.000488039
0.00106115
0.000806996
0.00063654
0.000504086
0.000764987
0.000654298
0.000326606
4.97117e-05
0.000171856
0.000412095
0.000391093
0.000206955
0.000419788
0.000167681
0.0010588
0.000350214
0.000538225
0.000775819
0.000897246
0.000671355
0.000878865
0.000579057
0.00132192
0.000810058
0.0010061
0.0011553
0.00120485
0.00105806
0.00122178
0.00102228
0.000789336
0.000942122
0.00096559
0.000820644
0.000908551
0.00112511
0.000910191
0.00115911
0.000643894
0.000660871
0.000470802
0.00100796
0.000718705
0.000644541
0.000751169
0.000671465
0.00124361
0.00134493
0.000854976
0.00108423
0.00124152
0.00120783
0.00109187
0.00106778
0.00104904
0.000825018
0.000630104
0.000374071
0.000898901
0.000894063
0.000679479
0.000631056
0.00046412
0.000331244
0.000908312
0.000324642
0.000367493
0.00054271
0.000424104
0.000569683
0.000179946
3.39767e-05
0.000233224
3.55967e-05
7.94548e-05
9.58542e-05
8.33846e-05
9.91189e-05
0.00107307
0.000576192
0.00092956
0.000590288
0.000837739
0.000697861
0.000836827
0.000611796
0.000188897
3.30078e-05
0.000224581
3.49653e-05
7.81661e-05
9.94592e-05
8.2263e-05
6.26287e-05
0.000256501
0.000748312
0.000239258
7.56272e-05
0.000277785
0.000475502
0.000187565
0.000339326
0.000335892
9.51467e-05
0.000302746
0.000820135
0.000343212
0.000196076
0.000578325
0.000380582
0.000779051
0.000259066
7.97789e-05
0.00039976
0.000588065
0.000345572
0.000393685
0.000204365
0.000834083
0.000369532
9.80551e-05
0.000201029
0.000602344
0.00037416
0.000394853
0.000193525
0.000470434
0.000611623
0.00349508
0.00272754
0.00113839
0.0012225
0.0021717
0.00228089
0.00078322
0.000892746
0.00565926
0.0037784
0.00148106
0.00177811
0.00269217
0.00321886
0.00649776
0.00801502
0.00751032
0.00524093
0.004554
0.0048223
0.002973
0.00512286
0.00445462
0.00633355
0.00683351
0.00637925
0.00698426
0.0075508
0.00597645
0.00867431
0.0013988
0.0042844
0.0039598
0.00474298
0.00216089
0.00327254
0.00303131
0.00346184
0.00135043
0.00372337
0.00414558
0.00390691
0.00313458
0.00417017
0.00563116
0.0057119
0.00335399
0.00465224
0.0055471
0.00550769
0.00441008
0.00649877
0.00828887
0.00634293
0.00443344
0.00931187
0.00762044
0.00600184
0.00408194
0.00474931
0.00436586
0.00507314
0.00020154
0.0021411
0.000324754
0.00021647
0.000542886
0.00149375
0.000350614
0.00059134
0.0044873
0.00641109
0.00704961
0.00558462
0.00395503
0.00641374
0.00534617
0.0066651
0.000344919
0.00333122
0.000276293
0.000353597
0.000918631
0.00284648
0.000582029
0.00176112
0.000200091
0.0022042
0.00028753
0.000132727
0.000527605
0.000992688
0.000256216
0.00094443
0.00226941
0.000816194
0.000576386
0.00191445
0.00316234
0.000872088
0.00266759
0.00103573
0.00379436
0.00410225
0.00443985
0.00238629
0.0026377
0.00405711
0.00325345
0.00353701
0.000509076
0.000441858
0.00310776
0.000416039
0.000353196
0.000909205
0.000717915
0.00094381
0.000875904
0.00122206
0.00333981
0.00444438
0.00123395
0.00141922
0.00399228
0.00267192
6.74997e-05
0.0011042
0.000198209
0.000144576
0.000195014
0.000373783
0.000172223
0.00026057
0.00280651
0.00430826
0.00280053
0.00304007
0.00323329
0.00347108
0.00297076
0.00318524
0.000249157
0.00124779
0.000269956
0.000281297
0.000376889
0.000452699
0.000281942
0.000387772
0.000199819
0.00125874
0.000184905
4.38975e-05
0.000302606
0.000451667
0.000272627
0.000347719
0.00148095
0.000336123
0.000411507
0.00168484
0.00133184
0.00027999
0.00136735
0.000540031
0.00174958
0.00201278
0.0017561
0.000433693
0.00150108
0.00186092
0.00127113
0.00155086
0.000213341
0.000354337
0.00148105
0.000439017
0.000381365
0.000429432
0.000487434
0.000583682
0.000357059
0.000513241
0.00171645
0.00152943
0.000466718
0.000626918
0.00138286
0.00151216
0.00022973
0.00111798
0.000185045
0.00045579
0.000429941
0.000448519
0.000284772
0.000396446
0.00273162
0.00434386
0.0028071
0.00325479
0.00315886
0.00346596
0.00295568
0.00330528
0.000149342
0.00109745
0.000100404
0.000339528
0.000282182
0.000377656
0.000199074
0.000245357
0.000443753
0.00166768
0.000384715
0.00032901
0.000514622
0.000642093
0.000446532
0.000530955
0.0014068
0.00038135
0.000529378
0.00175983
0.00122489
0.000490427
0.00137501
0.000588958
0.00169655
0.00215933
0.00175366
0.000430244
0.00150631
0.0019004
0.00118861
0.00146259
0.000216606
0.000496836
0.0015014
0.00043125
0.000392956
0.000513838
0.000489023
0.000618126
0.000364203
0.000485086
0.00194233
0.00154551
0.000463338
0.000564829
0.00123428
0.00143195
9.87384e-06
1.64394e-06
1.9978e-05
2.31807e-05
1.03801e-05
1.49297e-05
3.91792e-05
1.53416e-05
6.76346e-06
0.000132673
0.00024857
9.15634e-05
6.0958e-05
0.000140547
0.000117595
0.000181379
1.83861e-05
0.000157993
2.12497e-05
3.6641e-05
1.98232e-05
2.50943e-05
2.42724e-05
2.76523e-05
3.04768e-05
3.96522e-05
4.57768e-05
5.19822e-05
6.22849e-05
3.41356e-05
4.69264e-05
6.03454e-05
3.88467e-06
2.23719e-05
4.7509e-05
3.48528e-05
5.41949e-06
1.30623e-05
1.82206e-06
1.01228e-05
1.00211e-05
9.7292e-05
0.000103224
1.11737e-05
1.37754e-05
7.4883e-05
8.18905e-06
3.90894e-05
2.68294e-05
5.56215e-05
7.39686e-05
3.60738e-05
3.04335e-05
1.97027e-05
3.30693e-05
4.32836e-05
1.57187e-05
5.94892e-05
0.000111267
0.00013961
2.22513e-05
4.99188e-05
5.6651e-05
9.09059e-05
7.12455e-06
6.06163e-06
3.93223e-06
3.51204e-06
6.10857e-06
6.24537e-06
3.46714e-06
3.61592e-06
5.52126e-06
5.31408e-06
6.33242e-05
8.16013e-06
5.16754e-06
5.25151e-06
6.85413e-06
9.00158e-06
1.28928e-05
0.000216575
0.000120409
4.56887e-05
3.87363e-05
0.000122083
3.60571e-05
0.000148906
9.53471e-06
1.16794e-05
5.33542e-06
2.84812e-06
6.27176e-06
6.27136e-06
2.60823e-06
5.22208e-06
5.40583e-06
3.93875e-06
4.54517e-06
7.13834e-06
4.6491e-06
4.25408e-06
5.49164e-06
4.99983e-06
5.49821e-06
8.00868e-06
5.21196e-05
5.03168e-06
5.07897e-06
6.03943e-06
5.3955e-06
1.25478e-05
3.50895e-06
5.64824e-06
8.25128e-06
6.58144e-06
4.31731e-06
6.27775e-06
6.97971e-06
9.34994e-06
5.67894e-06
1.41281e-05
1.26715e-05
8.37599e-05
1.87097e-05
1.54157e-05
2.94424e-05
1.77431e-05
1.40235e-05
1.03687e-05
0.0001118
1.28948e-05
9.87188e-06
4.59876e-05
3.57034e-05
5.20891e-05
1.28422e-05
1.28918e-05
2.79699e-05
1.3883e-05
9.29955e-06
2.68423e-05
3.80343e-05
3.32809e-05
0.000284445
4.75069e-05
6.61477e-05
0.000103712
0.000117186
8.88458e-05
0.000107134
5.06013e-05
1.53328e-05
1.83388e-05
7.86903e-05
2.88481e-05
1.14201e-05
3.91303e-05
3.74882e-05
3.7068e-05
9.85715e-06
0.00014359
1.03987e-05
1.12723e-05
4.41785e-05
4.84097e-05
9.40321e-06
4.34566e-05
5.92584e-05
4.1621e-05
6.28431e-05
0.000205657
6.019e-05
4.63666e-05
0.00013946
7.67378e-05
0.000167007
4.01994e-05
3.87988e-05
9.18463e-05
9.8208e-05
4.48293e-05
9.15815e-05
4.23966e-05
0.000207454
8.32854e-05
4.2228e-05
6.3367e-05
9.29403e-05
7.94295e-05
7.22457e-05
7.01877e-05
2.66255e-05
0.000139044
2.28015e-05
0.000122579
6.74904e-05
5.33784e-05
5.866e-05
8.30921e-05
0.000352922
6.33842e-05
4.55093e-05
0.000411429
0.000172735
0.000102084
0.000264647
0.000109917
2.60259e-05
2.60905e-05
1.06592e-05
0.000129235
7.73369e-05
3.24629e-05
5.70792e-05
4.31914e-05
0.000165745
0.000307677
0.000169755
0.000218987
0.000143603
0.000225468
0.000123182
0.000269721
0.000198379
7.44511e-05
0.000118654
0.000327277
0.00026772
0.000182684
0.000309627
0.000187118
0.00022332
0.000398133
6.65327e-05
7.55606e-05
0.000306655
0.000326905
0.000159876
0.000138259
6.44925e-05
9.9256e-05
0.000299921
0.000135209
0.000139513
0.000185409
0.000138292
0.000179777
0.000103983
0.000225948
0.000383143
8.1202e-05
0.000104981
0.000171203
0.000153852
0.000267084
0.0509334
0.102865
0.209711
0.0586335
0.066912
0.15121
0.108222
0.208779
0.225885
0.214861
0.625618
0.147587
0.168071
0.368559
0.261374
0.36255
0.381727
0.633695
0.48201
0.535888
0.349149
0.536146
0.533012
0.529753
0.0582622
0.0978504
0.386857
0.0453796
0.0595522
0.169383
0.113251
0.242235
0.158161
0.256697
0.0625743
0.124011
0.277834
0.274947
0.137751
0.189753
0.35747
0.271036
0.699878
0.384491
0.369515
0.32384
0.399121
0.246235
0.326612
0.119486
0.252857
0.418159
0.241054
0.226243
0.378964
0.279796
0.325734
0.533766
0.364299
0.515596
0.406967
0.439508
0.429294
0.403414
0.0814282
0.249377
0.21056
0.260663
0.203535
0.256885
0.208507
0.288857
0.493958
0.455592
0.625038
0.429549
0.473501
0.510311
0.481504
0.510411
0.39753
0.656362
0.302017
0.430501
0.498132
0.598368
0.470995
0.512397
0.341101
0.372881
0.424058
0.344479
0.366964
0.387891
0.368774
0.377122
0.266495
0.364876
0.299974
0.407869
0.323944
0.336299
0.356656
0.345152
0.424663
0.437558
0.644473
0.433721
0.446725
0.468432
0.469932
0.560539
0.414219
0.354724
0.414555
0.46021
0.421205
0.389175
0.477534
0.410459
0.480569
0.475249
0.42904
0.631642
0.540324
0.520015
0.585305
0.538783
6.20453e-06
2.96789e-06
3.5422e-06
3.86416e-06
2.9898e-06
3.1086e-06
3.27003e-06
3.47305e-06
3.27691e-06
4.92958e-06
4.61464e-06
5.1867e-06
3.41863e-06
4.64412e-06
5.4006e-06
4.51245e-06
5.06378e-06
4.36982e-06
4.44708e-06
8.28631e-06
7.96865e-06
4.4536e-06
8.46377e-06
4.37905e-06
4.97729e-06
7.63252e-06
6.19045e-06
2.21292e-06
4.06135e-06
7.74881e-06
7.96942e-06
4.52336e-06
2.72074e-06
4.17371e-06
5.86331e-06
5.4669e-06
3.57134e-06
3.97007e-06
3.97838e-06
4.75414e-06
3.18244e-06
5.54207e-06
4.71495e-06
4.22445e-06
3.69849e-06
5.60688e-06
4.09404e-06
6.43543e-06
4.81435e-06
9.14039e-06
6.90512e-06
4.57764e-06
6.98884e-06
6.51628e-06
8.94446e-06
6.79468e-06
4.70394e-06
8.21469e-06
6.78802e-06
4.38118e-06
7.43787e-06
7.92945e-06
7.02855e-06
6.08476e-06
1.98982e-05
5.2569e-06
2.99481e-06
2.62902e-06
1.07541e-05
4.62187e-06
2.19567e-06
4.16464e-06
6.42269e-06
5.70732e-06
5.47748e-06
1.31855e-05
7.79644e-06
6.1145e-06
8.15816e-06
6.74792e-06
2.64807e-06
5.62008e-06
3.88209e-06
3.4984e-06
7.89765e-06
6.14927e-06
2.85224e-06
5.1781e-06
1.10657e-05
3.64349e-05
6.80783e-06
1.22599e-05
2.95323e-05
3.00365e-05
1.28612e-05
2.03275e-05
7.72504e-06
4.71829e-06
1.17555e-05
2.60601e-05
6.81995e-06
6.51189e-06
1.11252e-05
9.76718e-06
5.94147e-06
1.66409e-05
5.78534e-06
4.60046e-06
5.72722e-06
8.95772e-06
4.73016e-06
8.15647e-06
2.4845e-06
6.11483e-06
2.82315e-05
6.48644e-06
3.89327e-06
1.19465e-05
2.00161e-05
2.19927e-05
4.22133e-06
1.91164e-05
1.85176e-05
6.49684e-06
1.06505e-05
1.64496e-05
1.00168e-05
1.73472e-05
0.00571013
0.00502157
0.0049599
0.00520572
0.00536887
0.00512158
0.00522552
0.00504098
0.00492372
0.00377946
0.00319323
0.00487103
0.00452504
0.00381458
0.004135
0.00298434
0.00385675
0.00182122
0.000710718
0.00264936
0.00301969
0.00172243
0.00231222
0.00136742
0.00506759
0.00518952
0.0044882
0.005093
0.00510932
0.00502123
0.0049904
0.00486316
0.00497945
0.00482062
0.00506949
0.00511061
0.00497113
0.00494082
0.0050623
0.00499441
0.00487931
0.00489296
0.00324383
0.00455502
0.00481772
0.00466981
0.00456544
0.00421264
0.004693
0.00500901
0.00499829
0.00431883
0.00477195
0.00493667
0.00458632
0.00488989
0.00431147
0.0037494
0.00469338
0.00262926
0.00389081
0.00412225
0.0035149
0.00414694
0.000750516
0.00190697
0.00378952
0.00286609
0.00131122
0.00193689
0.00251293
0.00303135
0.00314522
0.00405644
0.00478298
0.00429277
0.00371722
0.0031734
0.0043054
0.0043895
0.00496791
0.0050183
0.00583903
0.00567709
0.00516564
0.00520409
0.0055237
0.00554247
0.00427389
0.00444094
0.00540641
0.00494814
0.00450102
0.00464587
0.00489522
0.00502019
0.002652
0.00428194
0.00363776
0.00418744
0.00368966
0.00378436
0.00388855
0.00400261
0.00321576
0.00438263
0.00479444
0.0045347
0.00402935
0.00438214
0.00449365
0.00465585
0.00467508
0.00420212
0.00446473
0.00529649
0.00472763
0.00442667
0.00493301
0.00458773
0.0048016
0.00535479
0.0045933
0.00488603
0.00491712
0.00501309
0.00482656
0.0048247
0.000876153
0.00194735
0.00377389
0.002531
0.00143813
0.00167921
0.00189574
0.00318447
0.00340152
0.00408585
0.0048901
0.00449763
0.00391463
0.0042178
0.00442795
0.00465111
0.00499912
0.00537317
0.00590536
0.00526835
0.00514516
0.00535511
0.00530998
0.00563334
0.00439612
0.00471609
0.0033491
0.00371526
0.00463645
0.00473965
0.0048313
0.00259212
0.00312397
0.00433039
0.00348948
0.00435798
0.00380988
0.00388617
0.00396249
0.00404806
0.0035119
0.00457124
0.00491413
0.00456069
0.00414624
0.00449759
0.00448963
0.00474536
0.00468171
0.0042728
0.00468564
0.00500792
0.00473776
0.00450504
0.00488383
0.00472827
0.00482792
0.00512745
0.00482109
0.00516302
0.00497725
0.00497926
0.00495504
0.00496223
0.00609243
0.00548244
0.00505005
0.00592136
0.00589348
0.00546053
0.00567434
0.00531084
0.00495963
0.00412084
0.00335606
0.00473922
0.00476038
0.00424906
0.00455961
0.00393566
0.00375138
0.00171704
0.000575632
0.00276006
0.00317368
0.00212298
0.00250445
0.00155142
0.00564888
0.00500586
0.00434347
0.00517846
0.00538747
0.00496731
0.0050523
0.00470186
0.00531759
0.00490479
0.00571105
0.0051326
0.00517693
0.00517072
0.00533092
0.00530075
0.00497774
0.0047831
0.00345668
0.00457518
0.00487045
0.00463212
0.00452528
0.00418143
0.00471198
0.00544943
0.00490579
0.00422981
0.00480751
0.00510053
0.00455776
0.00489264
0.00427358
0.00353564
0.00449755
0.00289224
0.00383759
0.00402291
0.00374074
0.00395127
0.00120912
0.00214556
0.0016783
0.000760342
0.00167596
0.00181102
0.00228886
0.00151478
0.00280176
0.00267356
0.000973714
0.00160536
0.00208803
0.00188995
0.00193527
0.00147947
0.000987645
0.000700697
0.000534488
0.00058132
0.00117491
0.00102665
0.000406214
0.000483598
0.000545086
0.00151848
0.000603166
0.0004874
0.00116323
0.00133541
0.000693424
0.000701835
0.00155288
0.00130642
0.00141731
0.00176154
0.00146586
0.00234873
0.00218853
0.00159752
0.00187273
0.00168351
0.00134956
0.00131713
0.00136566
0.00264954
0.0023768
0.00158227
0.000952001
0.00126812
0.00091708
0.000614113
0.00144797
0.00104731
0.00129479
0.00174229
0.000880598
0.000683919
0.000890131
0.000970091
0.00143601
0.00117464
0.000864168
0.000717335
0.000596349
0.000720048
0.00112354
0.00177034
0.000739891
0.00133523
0.00155341
0.00103932
0.00140624
0.00392931
0.00274956
0.00385647
0.00295418
0.00323518
0.00224975
0.00264488
0.00196028
0.00188282
0.00243811
0.00300822
0.00198289
0.00283423
0.0022109
0.00203121
0.00285785
0.00386406
0.00343294
0.00402268
0.00315665
0.0036889
0.00323329
0.00403577
0.00152372
0.00134764
0.00184979
0.00294434
0.00196365
0.00144151
0.00270021
0.00243221
0.00227689
0.00312015
0.00252881
0.00219191
0.00162863
0.00236499
0.00174041
0.00232066
0.00205672
0.00243576
0.00258587
0.00239551
0.00275351
0.00235182
0.00316984
0.00278031
0.00161972
0.00275329
0.0030498
0.00196156
0.00211653
0.00331828
0.0018133
0.00265058
0.000499109
0.00127064
0.000465334
0.00040367
0.000463607
0.000584516
0.000432324
0.000531822
0.0029353
0.00431348
0.00263905
0.00319214
0.00326744
0.00347988
0.00291497
0.00316367
0.000418559
0.000978947
0.000337942
0.000410785
0.000425523
0.000456761
0.000413295
0.000423651
0.000341014
0.00152774
0.000394373
0.000304626
0.000347954
0.000524013
0.000317579
0.0004546
0.00146961
0.000465349
0.000397709
0.00161978
0.0012092
0.000573488
0.00134207
0.000549422
0.00188212
0.00201899
0.00158668
0.000545899
0.00161713
0.00194408
0.00108993
0.00124764
0.000442399
0.000365344
0.00130067
0.000402512
0.000416695
0.000491148
0.000423905
0.000555603
0.000502749
0.000484386
0.00169663
0.00134441
0.000534178
0.000530323
0.00104102
0.00119631
0.0005793
0.000523692
0.00156596
0.00152137
0.000684755
0.000616256
0.00132781
0.00137737
0.000449193
0.000349189
0.00108849
0.000879029
0.000450729
0.000424276
0.000814089
0.00085386
0.00315181
0.00280111
0.00435652
0.00393815
0.0033334
0.00329738
0.00385532
0.00392195
0.00187011
0.00175082
0.0025692
0.00167531
0.00189719
0.00246227
0.00258203
0.00245928
0.000581298
0.00191137
0.00136692
0.00129649
0.00107391
0.00152538
0.00118298
0.00157871
0.000535768
0.00119538
0.00150755
0.00181246
0.00112504
0.0012131
0.00131734
0.0015956
0.00276379
0.00240464
0.0021053
0.00365078
0.00297071
0.00265458
0.00312233
0.00268533
0.00280451
0.00366027
0.00187647
0.00242899
0.00296119
0.00304547
0.0024184
0.00254587
4.02699e-06
5.34701e-05
3.66947e-06
2.6749e-06
9.27969e-06
2.03432e-05
4.11614e-06
8.64975e-06
0.000119907
0.000238246
0.000119927
9.31063e-05
0.000146611
0.000163124
0.000100953
0.000124548
7.43263e-06
4.74516e-05
1.35167e-05
1.25352e-05
1.77026e-05
2.1349e-05
1.19687e-05
2.10804e-05
2.79615e-06
3.48946e-05
6.18025e-06
3.22894e-06
6.11517e-06
1.30511e-05
4.73614e-06
9.99213e-06
5.54417e-05
1.0241e-05
6.50079e-06
4.70303e-05
4.02898e-05
9.34713e-06
3.43673e-05
1.09337e-05
5.82517e-05
5.34944e-05
4.991e-05
1.71288e-05
4.66745e-05
4.99989e-05
4.04578e-05
4.59382e-05
7.11632e-06
3.79677e-06
3.62795e-05
1.38131e-05
3.71062e-06
7.38228e-06
9.93883e-06
1.21231e-05
1.37589e-05
1.72268e-05
4.05942e-05
5.01451e-05
1.96655e-05
2.27348e-05
3.88099e-05
3.58466e-05
0.015441
0.0135528
0.00502316
0.00691267
0.0130085
0.0123377
0.0073758
0.00481994
0.0138253
0.0164482
0.0034399
0.00934748
0.0133345
0.0135408
0.0101437
0.0107797
0.00317747
0.00312158
0.00299518
0.0094438
0.00416956
0.00311217
0.00401798
0.00346139
0.00939172
0.010086
0.0081854
0.0119309
0.00720019
0.0107513
0.00986363
0.0043685
0.0119595
0.00252117
0.00699392
0.0100567
0.00885623
0.00295762
0.0088171
0.00826264
0.0117329
0.00896468
0.00762646
0.00492198
0.00848093
0.00543262
0.00535246
0.00345616
0.00441916
0.00891985
0.0104684
0.00561052
0.00482456
0.0047031
0.004488
0.00413231
0.00332365
0.00312858
0.00510218
0.00267584
0.0033147
0.00612543
0.00427246
0.00651395
0.00368375
0.00674719
0.00498848
0.00348706
0.00500401
0.00664311
0.00929237
0.00499681
0.0103936
0.0183611
0.00537521
0.00691695
0.00820721
0.00763604
0.0123584
0.0129195
0.00528421
0.00412073
0.00237191
0.00148731
0.00552656
0.005416
0.00597133
0.00261404
0.00221609
0.00249746
0.00134013
0.000998212
0.00267945
0.00280509
0.00276981
0.00271079
0.00672229
0.00521379
0.00381051
0.00406365
0.0102788
0.00533157
0.00406424
0.00578376
0.00908254
0.00688405
0.0055382
0.00872788
0.00438231
0.00931281
0.00537598
0.00432287
0.00967438
0.00816588
0.00639216
0.00480155
0.00348248
0.00285052
0.00314525
0.00292196
0.00435251
0.00172896
0.00324073
0.00272451
0.00384292
0.00367359
0.00422135
0.00260617
0.00783465
0.00703915
0.0115937
0.0100085
0.00896401
0.0136132
0.0132885
0.00982752
0.00893838
0.00544468
0.00261217
0.00844353
0.00918811
0.0104047
0.00976885
0.00813675
0.018282
0.00343319
0.0185845
0.0153849
0.0107102
0.0114066
0.0107747
0.00740413
0.00993814
0.0091858
0.0113945
0.014315
0.0113233
0.0107032
0.00902463
0.00631766
0.00912497
0.0134817
0.0141161
0.0134548
0.0141991
0.0097067
0.0110478
0.0146008
0.0124046
0.0126668
0.0102099
0.0171092
0.014505
0.00656137
0.00767593
0.0111902
0.0155649
0.0123215
0.0103062
0.00705038
0.0100847
0.00997925
0.0107804
0.00757164
0.011155
0.00528005
0.00859935
0.00784712
0.0091936
0.00865221
0.00961645
0.00667995
0.134774
0.0340414
0.0122579
0.071347
0.0787004
0.0377872
0.055695
0.0300039
0.00677724
0.00614326
0.017946
0.0138801
0.00713117
0.00930123
0.00873445
0.0137034
0.018567
0.0239141
0.0230863
0.0246093
0.0197292
0.0167676
0.0233076
0.0257974
0.0253015
0.0322723
0.0271747
0.0277244
0.0121452
0.0272798
0.0247454
0.0309165
0.0243433
0.008981
0.00535582
0.0185559
0.0164736
0.00888
0.023011
0.0206588
0.0129421
0.0143785
0.013101
0.0108615
0.00781668
0.0110908
0.0105431
0.011291
0.015236
0.0221447
0.0156323
0.0258235
0.0189995
0.0236261
0.0233683
0.0275119
0.0146847
0.0288853
0.0205547
0.016982
0.0221836
0.0254082
0.0215184
0.0269862
0.0213177
0.0163741
0.0172348
0.00629375
0.0138991
0.0134637
0.00870989
0.00890082
0.00603751
0.0049152
0.00418807
0.00391995
0.00364832
0.00472617
0.00533
0.00875401
0.0056561
0.0220246
0.0548906
0.00128698
0.00595153
0.0226577
0.0032215
0.00859915
0.00379216
0.00245053
0.00124498
0.00110567
0.0018599
0.00175378
0.000839324
0.00101252
0.00575645
0.00589052
0.00350617
0.00265678
0.00887137
0.0111631
0.00521924
0.00485232
0.00891061
0.0035057
0.00726454
0.00734679
0.00565177
0.00749115
0.00709277
0.0041165
0.0106254
0.00740354
0.00312604
0.00126178
0.00281286
0.00288989
0.00138139
0.00330313
0.00354444
0.00120799
0.0034219
0.00662897
0.00508149
0.00202951
0.00500421
0.00273443
0.017773
0.00690201
0.0156145
0.0156524
0.013546
0.01158
0.0163507
0.00874963
0.00326841
0.00255784
0.0021225
0.00251878
0.00194126
0.00285434
0.00235693
0.00370403
0.00731271
0.000975062
0.0511691
0.0359613
0.00549902
0.00259076
0.0308177
0.0264221
0.0156671
0.00572991
0.0130693
0.0164036
0.00890297
0.00542378
0.018057
0.0144551
0.00426838
0.00585073
0.0120449
0.00188376
0.00515009
0.0106492
0.00773385
0.00568235
0.00285161
0.00200764
0.00318882
0.00401084
0.0051366
0.00177177
0.00302573
0.00132249
0.0102774
0.0163975
0.00238648
0.0176719
0.0106613
0.0131078
0.0042082
0.011577
0.00594474
0.0175377
0.00340174
0.00190257
0.0029666
0.00389486
0.00172457
0.00194433
0.0257997
0.000336992
0.00578629
0.000950297
0.000348321
0.00112089
0.00311354
0.00356883
0.000597956
0.000855373
0.0036486
0.000513682
0.000605078
0.00319156
0.00310635
0.00255269
0.0105348
0.00976668
0.0175329
0.00586052
0.00915357
0.0086326
0.00802933
0.0108426
0.000575465
0.000512259
0.0033434
0.000664588
0.000604131
0.000931139
0.0010053
0.00115428
0.000354673
0.00261746
0.000664626
0.000256401
0.000666202
0.00337764
0.000384454
0.000913738
0.0012724
0.00181643
0.00279168
0.00403939
0.00193374
0.00132157
0.00280576
0.0026382
0.00604809
0.00166434
0.000740937
0.0037794
0.00360767
0.0017555
0.00294091
0.00139263
0.00458889
0.00348816
0.0015525
0.00333698
0.00491713
0.00463358
0.00365981
0.00335384
2.90145e-06
3.72896e-05
4.09538e-06
2.78728e-06
7.48101e-06
1.20934e-05
3.89935e-06
7.92659e-06
9.38775e-05
0.000300397
0.00010927
8.29506e-05
0.000129184
0.000156825
9.18766e-05
0.000119541
7.4695e-06
2.92576e-05
4.81968e-06
7.81942e-06
1.11751e-05
1.09834e-05
6.80794e-06
7.65001e-06
2.82025e-06
3.00678e-05
3.602e-06
4.03865e-06
5.65738e-06
8.08959e-06
3.97128e-06
7.49666e-06
4.16037e-05
9.54706e-06
5.93556e-06
4.0692e-05
3.21104e-05
9.81696e-06
2.92933e-05
1.43043e-05
4.6653e-05
4.78628e-05
4.93974e-05
1.34362e-05
3.97599e-05
4.45008e-05
3.73623e-05
4.37179e-05
1.12921e-05
5.4925e-06
2.91215e-05
6.26856e-06
4.74853e-06
7.22702e-06
1.0088e-05
6.9926e-06
1.21075e-05
1.03671e-05
2.98964e-05
3.24691e-05
1.23064e-05
1.26107e-05
2.59384e-05
2.37685e-05
0.000142898
0.000192713
3.82308e-05
0.000113304
0.000128989
0.000115081
8.43801e-05
7.36603e-05
0.000659877
0.00151598
0.00152309
0.000792637
0.00101511
0.00117447
0.00111867
0.00111104
8.29302e-05
0.000698273
0.000210756
0.000242716
0.000146293
0.000310165
0.00023818
0.000268673
0.000139835
0.000256515
0.000235472
0.000253997
0.000180554
0.000119007
0.000218496
0.000253439
0.000359401
7.4277e-05
0.000136221
0.000256822
0.000236208
7.01927e-05
0.000185471
8.00814e-05
0.000499973
0.000363091
0.000818392
0.000159326
0.000572684
0.000464192
0.000419966
0.000500039
9.18392e-05
0.000106735
0.000186299
0.000217186
5.4389e-05
9.2438e-05
0.00010247
9.87962e-05
0.000132436
0.000255847
0.000457325
0.000654542
0.000187454
0.000196733
0.000611618
0.000527688
0.000117422
0.000247715
7.69236e-05
0.000228993
0.000156576
0.000137432
0.00015435
0.000126022
0.000283082
0.000601502
0.000201157
0.000437615
0.000468184
0.000346409
0.000394305
0.000320254
4.19481e-05
8.87e-05
2.306e-05
8.68932e-05
5.52073e-05
4.76198e-05
5.5215e-05
4.488e-05
0.000404923
0.000448863
0.000201483
0.000503902
0.000408184
0.000311406
0.000403522
0.000285647
0.000313309
9.31583e-05
0.000233732
0.000477919
0.000289681
0.000140939
0.000346115
0.00019536
0.000258044
0.000411969
0.00010779
7.85917e-05
0.000241345
0.00027456
0.000172358
0.000176152
9.16378e-05
0.000244159
0.00042469
0.000141299
0.000135631
0.000178267
0.000128318
0.000207982
7.35812e-05
8.80067e-05
0.00038802
0.000100802
7.94867e-05
9.62346e-05
0.000171535
0.00019979
1.07607e-05
6.23523e-06
0.000253012
5.74045e-06
7.43757e-06
2.43434e-05
4.61284e-05
6.04192e-05
3.87899e-06
3.92615e-06
6.16066e-05
2.01221e-06
2.39843e-06
1.00009e-05
7.24204e-06
1.1177e-05
0.000399723
0.000210607
0.000594613
0.000335689
0.00026208
0.000250946
0.000363051
0.000360123
3.71377e-06
2.13061e-06
0.000170871
4.79595e-06
4.05653e-06
9.21661e-06
2.77297e-05
3.31557e-05
3.59595e-06
0.00020792
3.82272e-06
1.99708e-06
1.93344e-05
3.54661e-05
2.11225e-06
8.43242e-06
1.18206e-05
5.21603e-06
9.1217e-05
0.000189007
2.72551e-05
1.75508e-05
0.000130562
9.87359e-05
0.000243129
2.64818e-05
1.44158e-05
0.000187719
0.000221699
3.66753e-05
0.000164108
2.33104e-05
0.000253993
0.000195305
1.44983e-05
0.000118916
0.000182478
0.000153444
0.000104009
9.82641e-05
9.79628e-06
3.28083e-05
9.80118e-06
1.85466e-05
1.63663e-05
1.65843e-05
1.6757e-05
1.6992e-05
7.45633e-05
0.000116433
5.52799e-05
7.49683e-05
8.05835e-05
8.06391e-05
6.94167e-05
7.57506e-05
8.82881e-06
3.06297e-05
4.40161e-06
4.29506e-06
1.63857e-05
1.86689e-05
4.00454e-06
1.01139e-05
8.06284e-06
5.75654e-05
4.39984e-06
4.66474e-06
3.08806e-05
3.61914e-05
5.82371e-06
1.23416e-05
4.75e-05
2.11182e-05
3.44725e-05
6.74976e-05
4.43055e-05
3.04007e-05
5.51026e-05
4.28044e-05
4.39912e-05
6.56215e-05
3.94239e-05
2.53963e-05
4.59168e-05
4.88872e-05
3.37461e-05
4.01154e-05
6.71619e-06
9.26339e-06
5.97132e-05
3.93907e-06
1.31483e-05
2.53494e-05
2.03845e-05
3.46223e-05
1.82821e-05
1.09904e-05
6.3042e-05
3.84635e-05
2.33324e-05
2.14503e-05
3.53461e-05
4.74148e-05
1.5672e-05
1.10721e-05
7.23755e-05
1.73849e-05
1.18965e-05
4.06711e-05
4.36866e-05
5.13375e-05
1.11971e-05
9.18263e-06
3.83113e-05
2.14171e-05
1.05947e-05
1.94029e-05
3.01928e-05
2.93983e-05
0.00010135
7.78059e-05
0.000128755
8.45346e-05
8.79833e-05
9.23742e-05
9.63422e-05
9.7075e-05
1.80884e-05
1.68256e-05
5.768e-05
1.87522e-05
1.43799e-05
3.28097e-05
3.79551e-05
3.7657e-05
9.4521e-06
6.21124e-05
1.36122e-05
1.04245e-05
3.70515e-05
3.38249e-05
1.79248e-05
2.87345e-05
2.64025e-05
2.46559e-05
5.47382e-05
7.03343e-05
4.21776e-05
2.76311e-05
5.73982e-05
4.84599e-05
6.42841e-05
4.44275e-05
3.33773e-05
6.57135e-05
6.48825e-05
4.76642e-05
6.1296e-05
3.6656e-05
8.00209e-05
6.93093e-05
3.38217e-05
6.18318e-05
7.03498e-05
6.54905e-05
6.15677e-05
5.42402e-05
0.000119326
6.92763e-05
8.48975e-05
6.10222e-05
8.37512e-05
8.14861e-05
7.35444e-05
6.93326e-05
3.49474e-05
1.02084e-05
8.97673e-06
8.03301e-06
1.83506e-05
1.35766e-05
1.05193e-05
9.94493e-06
4.16314e-05
6.79498e-06
1.11045e-05
1.07523e-05
1.56171e-05
1.5496e-05
1.26515e-05
1.04235e-05
2.55852e-05
1.27944e-05
1.01429e-05
6.39264e-06
2.12911e-05
1.70285e-05
1.68279e-05
9.28713e-06
4.31338e-05
4.98073e-05
3.41772e-05
1.05618e-05
2.43806e-05
4.06569e-05
2.0071e-05
3.28829e-05
4.26691e-05
1.04267e-05
1.2949e-05
5.03165e-05
2.27688e-05
1.20753e-05
3.1284e-05
1.23368e-05
3.23551e-05
2.66435e-05
9.76034e-06
1.64935e-05
2.68011e-05
2.50602e-05
1.51019e-05
1.56222e-05
3.08068e-05
9.19183e-06
8.20642e-06
6.74392e-06
1.53778e-05
1.34142e-05
7.58276e-06
7.778e-06
0.000177648
9.32004e-05
0.000128661
0.000100376
0.000159184
0.00016679
0.000120146
0.000111498
3.7005e-05
9.40894e-06
2.02641e-05
1.76768e-05
3.36637e-05
2.9243e-05
3.1546e-05
1.51404e-05
4.17684e-05
1.43902e-05
9.88323e-06
1.10046e-05
2.05817e-05
2.1388e-05
1.75473e-05
9.9022e-06
4.17613e-05
1.08364e-05
1.33431e-05
5.86461e-06
2.37029e-05
1.82058e-05
1.93648e-05
1.00267e-05
5.07598e-05
5.99062e-05
4.32392e-05
2.75287e-05
4.21411e-05
6.09007e-05
4.60501e-05
4.606e-05
5.33251e-05
2.28495e-05
2.06725e-05
6.51942e-05
3.61085e-05
2.41874e-05
3.79829e-05
2.35958e-05
4.38251e-05
3.48187e-05
2.24451e-05
1.94746e-05
3.53438e-05
3.25992e-05
1.99221e-05
2.16532e-05
3.80703e-05
1.4544e-05
1.63901e-05
1.66932e-05
2.18363e-05
1.82841e-05
2.43872e-05
1.71448e-05
0.00144201
0.00159961
0.00278248
0.00306995
0.00169758
0.00157355
0.00258392
0.0027227
0.00114468
0.00043524
0.00161288
0.0008966
0.00111242
0.00102427
0.00131913
0.00119695
0.0041017
0.00267141
0.00255743
0.00567592
0.00433836
0.00331708
0.00500172
0.00327483
0.00386029
0.00148234
0.00516953
0.00227829
0.00347968
0.00345201
0.00361887
0.00357484
0.00183125
0.00334884
0.00349767
0.00221246
0.00249691
0.00297381
0.00241389
0.0034331
0.00175436
0.00205715
0.00254358
0.00321404
0.00246997
0.00239262
0.00268764
0.00281526
0.00430576
0.00438701
0.00247873
0.00548343
0.00501143
0.00443416
0.00500958
0.00427962
0.00413404
0.00487723
0.00224468
0.00264968
0.0042583
0.00466733
0.00315167
0.00316136
0.000322781
0.000592686
0.000650318
0.000566763
0.000439506
0.000564624
0.000516775
0.000643823
0.00101898
0.00182528
0.00287487
0.00230369
0.00135269
0.00183079
0.00200204
0.00273845
0.000950818
0.00213379
0.00131421
0.00140302
0.00117669
0.00131057
0.00110474
0.00121135
0.000596343
0.00138905
0.00108301
0.000428684
0.000719986
0.00125421
0.000732599
0.00109899
0.000781031
0.000943191
0.000807018
0.00156191
0.00108647
0.00108595
0.0012873
0.00117492
0.00100957
0.002208
0.00233224
0.00107109
0.00146137
0.00201769
0.00145426
0.00190502
0.000923943
0.000813024
0.00161809
0.00128962
0.00111247
0.00111108
0.00138018
0.00145366
0.00102186
0.00154891
0.00221947
0.00226675
0.00136846
0.00174228
0.00198657
0.00223164
0.000243222
0.000616726
0.000473277
0.000215913
0.000202382
0.00057455
0.000297133
0.000458645
0.000882996
0.000739281
0.00195243
0.000899068
0.00056098
0.00108618
0.00105106
0.0012162
0.000842001
0.00244738
0.00148792
0.00119005
0.00149699
0.0018538
0.00133071
0.00181892
0.000172491
0.000568763
0.000453477
6.81721e-05
0.00017112
0.0005467
0.000219687
0.00046191
0.000527475
0.000726872
0.000236962
0.000398959
0.000746348
0.000707656
0.000680642
0.000672617
0.000871439
0.000873625
0.00207056
0.00102698
0.000815276
0.00106105
0.00123915
0.00142252
0.000606755
0.000312719
0.00073459
0.000738847
0.00045511
0.000652803
0.000763015
0.000623835
0.000926351
0.00128947
0.000890272
0.00229135
0.00130911
0.00127784
0.00159585
0.00146513
0.0122907
0.0123464
0.0136735
0.012123
0.0124314
0.012912
0.0125706
0.0129947
0.00981197
0.00269753
0.00855471
0.00729982
0.00722353
0.00572335
0.00789998
0.00698984
0.0132218
0.01146
0.0115653
0.0117263
0.0124899
0.012205
0.0121263
0.0118798
0.0114201
0.0095692
0.011177
0.0103545
0.0107591
0.010567
0.0107934
0.0106775
0.0118496
0.013224
0.0118676
0.0099925
0.0120223
0.0125994
0.011265
0.0119743
0.0117402
0.0093815
0.010729
0.0133188
0.0118718
0.0103974
0.0125982
0.0114222
0.0130327
0.0119003
0.0101941
0.0116399
0.0124985
0.0120038
0.0117882
0.0112273
0.0130561
0.0114673
0.00980933
0.0109262
0.0122114
0.0115497
0.0113889
0.0106861
0.0160678
0.0266709
0.0202142
0.0107926
0.0164552
0.025814
0.0136714
0.0205304
0.0168137
0.00356542
0.0113879
0.0107601
0.0124777
0.0110947
0.0122675
0.00675952
0.0135369
0.0113407
0.00428544
0.00847614
0.0128827
0.0119194
0.00952494
0.00881593
0.00693051
0.0099176
0.00771433
0.00419835
0.00699089
0.0100258
0.00566661
0.00786684
0.0221991
0.0194707
0.010904
0.0132392
0.0190035
0.0195999
0.0156777
0.0158826
0.0209824
0.012411
0.0136587
0.0200387
0.0188413
0.0144303
0.0198359
0.015479
0.015657
0.00893734
0.0117947
0.0096333
0.0124484
0.0126955
0.0120944
0.0121841
0.0162532
0.00996794
0.0115903
0.0124266
0.0147062
0.0126475
0.0139588
0.0124272
1.59616e-05
4.07418e-06
5.28986e-05
9.8546e-06
6.38354e-06
1.61499e-05
1.99955e-05
2.41244e-05
3.96009e-06
3.94515e-06
2.59652e-05
8.00001e-06
3.91373e-06
4.25244e-06
6.32537e-06
7.42744e-06
0.000133258
0.000132612
0.00041222
0.000134977
0.000129152
0.000159513
0.000151702
0.000181869
5.1046e-06
3.64592e-06
4.89023e-05
1.32375e-05
4.54737e-06
8.17526e-06
1.99684e-05
2.40427e-05
4.29052e-06
3.9698e-05
4.96906e-06
4.25639e-06
7.90825e-06
1.01239e-05
3.72943e-06
1.06933e-05
4.6464e-06
1.06623e-05
3.34003e-05
4.97994e-05
7.35075e-06
7.2228e-06
3.56302e-05
2.86245e-05
4.68275e-05
1.4752e-05
9.87755e-06
5.32424e-05
4.10404e-05
1.55461e-05
4.3423e-05
2.07677e-05
5.38118e-05
6.0954e-05
2.26798e-05
5.00867e-05
4.528e-05
4.84564e-05
4.20926e-05
4.72633e-05
0.00046795
0.00014382
0.000157339
0.000172016
0.000227022
0.000193185
0.000217229
0.000170862
1.52633e-05
2.41965e-06
2.10979e-06
9.58394e-06
6.5317e-06
5.56961e-06
6.31782e-06
1.75805e-06
6.17458e-05
6.28827e-06
1.40572e-05
1.44582e-05
2.89696e-05
2.33959e-05
2.36221e-05
2.46169e-05
4.79256e-05
5.72536e-06
1.34055e-05
1.91788e-05
1.88995e-05
1.44062e-05
1.54527e-05
2.56648e-05
6.97817e-05
9.58398e-05
9.78521e-05
1.46666e-05
6.3026e-05
8.90833e-05
4.09422e-05
7.9055e-05
4.85767e-05
1.05089e-05
6.10125e-06
7.46892e-05
2.17482e-05
8.1461e-06
3.98053e-05
7.34102e-06
6.35903e-05
8.36245e-05
1.5023e-05
2.03608e-05
5.59019e-05
5.4925e-05
2.19367e-05
2.75108e-05
5.86582e-05
2.07724e-05
5.52658e-06
6.43621e-06
2.80888e-05
1.30966e-05
1.54438e-05
1.29541e-05
5.3529e-06
3.87491e-06
3.4946e-05
8.95535e-06
6.29757e-06
1.36223e-05
1.05263e-05
1.38404e-05
7.85992e-06
1.64114e-05
5.8316e-05
1.24314e-05
1.36329e-05
2.06727e-05
2.664e-05
4.07846e-05
0.000130301
0.000147571
0.000305702
0.00010967
0.000127186
0.000187968
0.000149244
0.000195366
4.86014e-06
4.65763e-06
3.84863e-05
3.72805e-06
3.93333e-06
1.31591e-05
9.35193e-06
1.7066e-05
8.73184e-06
3.96052e-05
8.28134e-06
1.32921e-05
1.37739e-05
1.39469e-05
7.53794e-06
1.06899e-05
2.09221e-05
1.7663e-05
8.83835e-05
6.16497e-05
2.22088e-05
2.70645e-05
4.62558e-05
5.39721e-05
4.78687e-05
1.19276e-05
1.70785e-05
4.38233e-05
3.80064e-05
1.23548e-05
3.82625e-05
1.77424e-05
6.31139e-05
5.26956e-05
1.81795e-05
8.92452e-05
6.52654e-05
5.146e-05
6.42777e-05
4.18641e-05
0.000370636
0.000159408
0.000180179
0.00018366
0.000232439
0.00025008
0.000178569
0.0001324
5.10777e-05
1.85858e-05
1.26749e-05
3.70811e-05
3.34593e-05
2.99021e-05
3.72319e-05
2.00737e-05
6.57621e-05
1.02124e-05
1.25397e-05
2.24393e-05
2.50397e-05
2.67668e-05
3.87286e-05
1.17298e-05
8.60799e-05
4.49487e-05
2.22133e-05
2.75489e-05
6.02565e-05
5.30862e-05
5.05717e-05
2.76165e-05
0.000138863
9.81676e-05
0.000151167
6.16604e-05
9.58305e-05
0.000128489
6.84732e-05
0.000108636
7.27144e-05
5.5962e-05
2.87157e-05
9.89746e-05
7.81215e-05
4.39404e-05
7.16244e-05
2.62239e-05
8.82157e-05
0.000121207
4.94439e-05
4.73611e-05
8.26936e-05
0.00010146
5.43145e-05
5.61729e-05
5.48633e-05
2.13972e-05
2.15038e-05
1.47024e-05
4.63438e-05
4.37688e-05
3.78307e-05
2.89458e-05
1.52166e-05
6.10553e-05
0.000399745
6.14245e-05
4.86393e-05
0.000128862
0.000207873
0.000225321
6.60472e-05
6.4292e-05
0.000677745
8.22041e-05
6.9879e-05
0.000256284
0.00019024
0.00021023
0.000751
0.00155339
0.00296235
0.00130373
0.000953096
0.00167263
0.00177394
0.0022396
7.29119e-05
7.93045e-05
0.000661873
8.86836e-05
8.35806e-05
0.000285925
0.000214589
0.000348916
7.82511e-05
0.000408569
7.50653e-05
8.75478e-05
0.000199805
0.000243716
7.60646e-05
0.000227813
0.000216016
0.000286675
0.000867314
0.000637217
0.000203088
0.000279867
0.000481356
0.000473601
0.000628888
0.000232955
0.000235147
0.000740039
0.000561245
0.00029469
0.00057516
0.000286175
0.000641704
0.00107311
0.000327962
0.0011377
0.000733651
0.00086639
0.000853796
0.000754042
0.00204431
0.0011201
0.000903023
0.00172181
0.00201974
0.00151053
0.00183691
0.00110887
0.000626567
0.000105994
0.000106146
0.000208174
0.000209073
0.000192486
0.000200819
0.000158352
0.000260587
6.59548e-05
2.49009e-05
4.37207e-05
0.000104967
7.45286e-05
8.90084e-05
3.32352e-05
0.000780532
0.000271161
0.000114317
0.000213388
0.000250932
0.000247936
0.0003355
0.000143739
0.000893911
0.000699953
0.00109671
0.000358504
0.000775212
0.00068477
0.000781883
0.000824624
0.000719082
0.00021741
0.000147662
0.000564073
0.000610674
0.000219094
0.000341009
0.000131952
0.000612752
0.000934526
0.000286767
0.000198685
0.000607596
0.000694491
0.000225449
0.000296904
0.000455168
0.000112478
0.000181576
0.000109506
0.000191461
0.000142402
0.00016445
0.000106201
2.73441e-05
2.07082e-05
8.00075e-05
1.75308e-05
1.64325e-05
4.27192e-05
2.7746e-05
4.80083e-05
1.8195e-05
1.41804e-05
5.61555e-05
1.69164e-05
1.91471e-05
2.17887e-05
2.17331e-05
3.47531e-05
0.000154104
0.000123876
0.000254647
0.00011096
0.00013454
0.000205879
0.000140079
0.000208091
1.44413e-05
1.82941e-05
3.52402e-05
1.98021e-05
1.85517e-05
2.16562e-05
2.20019e-05
2.39233e-05
1.6525e-05
6.29954e-05
1.45143e-05
1.66265e-05
2.21156e-05
3.4534e-05
1.53369e-05
2.4974e-05
3.27296e-05
2.42887e-05
8.24588e-05
9.09042e-05
4.31054e-05
3.12357e-05
6.87338e-05
5.37997e-05
6.43364e-05
1.67814e-05
1.99425e-05
4.26067e-05
4.84425e-05
2.54043e-05
4.01052e-05
2.23417e-05
9.16885e-05
6.83312e-05
2.51604e-05
8.36959e-05
7.909e-05
6.56214e-05
5.61314e-05
4.48005e-05
2.68566e-05
6.09379e-05
2.68702e-05
1.78149e-05
4.63465e-05
5.44638e-05
3.21536e-05
3.61815e-05
0.000177663
0.000220038
0.000191923
0.000167681
0.000209642
0.000237512
0.000155938
0.000137996
1.82403e-05
7.14316e-05
1.78254e-05
1.93535e-05
4.44464e-05
4.77087e-05
1.82082e-05
3.37691e-05
1.80292e-05
9.4341e-05
2.7822e-05
1.86886e-05
4.9499e-05
4.99853e-05
3.57919e-05
5.1765e-05
8.13489e-05
3.56718e-05
5.19977e-05
0.000103296
8.94665e-05
3.19778e-05
9.66319e-05
3.88492e-05
0.000106008
0.000100107
0.000100605
5.21079e-05
7.26032e-05
7.17295e-05
5.77233e-05
9.50708e-05
3.02533e-05
3.19525e-05
6.93374e-05
3.47617e-05
3.35439e-05
5.315e-05
4.40316e-05
4.2914e-05
4.08565e-05
5.45607e-05
6.78656e-05
9.70834e-05
3.69145e-05
4.70693e-05
7.3125e-05
7.43899e-05
0.00182549
0.00174676
0.0127676
0.00154456
0.00182775
0.00405564
0.00373006
0.00666368
0.00143916
0.00113385
0.00940684
0.00116882
0.0012235
0.00236633
0.00245853
0.00383502
0.0143616
0.0125855
0.0127539
0.0132364
0.0136171
0.0133051
0.0136821
0.0131588
0.00133716
0.0012546
0.0106961
0.00119048
0.00134771
0.0028724
0.00301576
0.00512569
0.0015444
0.0122164
0.00154215
0.00128469
0.0032462
0.00594317
0.0014212
0.00333748
0.00321952
0.00249598
0.0113145
0.0131261
0.00534647
0.00451823
0.0112997
0.0104754
0.0136263
0.00332282
0.00273755
0.0126079
0.0117534
0.00579906
0.0111142
0.00519575
0.0137929
0.0127943
0.00431441
0.0120138
0.0130992
0.0120809
0.0118007
0.0100468
0.00362537
0.0133121
0.00386134
0.00991395
0.00843906
0.00893473
0.00759009
0.00821436
0.0146234
0.0130186
0.0128748
0.014245
0.0145274
0.0136707
0.0141408
0.0135659
0.00331015
0.010242
0.00255204
0.00851407
0.00635692
0.00588919
0.00564093
0.00542931
0.0117006
0.0136427
0.0115763
0.0115884
0.0122861
0.0129157
0.011876
0.0123864
0.0142767
0.00789779
0.0118849
0.0142627
0.0136265
0.0111409
0.0139703
0.0124374
0.0141317
0.0141192
0.0125533
0.00768498
0.013684
0.0138983
0.0120353
0.0129455
0.00700581
0.0113428
0.0137875
0.0108106
0.00979945
0.0118312
0.011356
0.0127235
0.00704184
0.01081
0.0137623
0.0121411
0.00960187
0.0113667
0.0123109
0.0129667
0.0113988
0.00749303
0.0287776
0.00946074
0.0102594
0.0176605
0.0134894
0.0187244
0.00479722
0.00326016
0.00953807
0.00373182
0.00385641
0.00640905
0.00520425
0.00661264
0.0153267
0.0112245
0.0041685
0.00562352
0.00735098
0.00798601
0.00797155
0.00558172
0.00638641
0.00363346
0.00808772
0.00364977
0.00360915
0.00492067
0.00493526
0.00526711
0.00604059
0.0214459
0.00734833
0.00434778
0.008286
0.0129034
0.00571102
0.00945537
0.0104405
0.00585382
0.0116021
0.0200324
0.010971
0.00788267
0.0164645
0.0120258
0.0209935
0.00869185
0.00522099
0.0123144
0.014184
0.00994175
0.0118789
0.00622281
0.0190329
0.00912196
0.00606289
0.0112021
0.0135149
0.0119817
0.0120327
0.0101596
0.0157976
0.0328079
0.00796952
0.0462409
0.0343544
0.029386
0.0287331
0.0282282
0.0184185
0.0039181
0.0123139
0.0190417
0.0142307
0.00957543
0.0182222
0.00893594
0.00470762
0.010717
0.00316554
0.0149328
0.0106283
0.00948425
0.00947312
0.00896812
0.044518
0.0339283
0.0248715
0.0209731
0.0431581
0.0390948
0.0307327
0.0315856
0.0334022
0.0189579
0.0497079
0.0333657
0.0353642
0.0364333
0.0390023
0.0434903
0.0240313
0.0253753
0.0143993
0.0164273
0.0240643
0.0222675
0.0187128
0.019604
0.0163593
0.0402812
0.0337565
0.0224854
0.0266279
0.0390962
0.0287258
0.0368678
0.0156958
0.0217261
0.0253829
0.0142312
0.0207082
0.0247218
0.0205429
0.022907
)
;

boundaryField
{
    walls
    {
        type            nutkWallFunction;
        blending        stepwise;
        value           nonuniform List<scalar> 
3584
(
2.22514e-05
2.39909e-05
3.04883e-05
2.3699e-05
2.65751e-05
2.97666e-05
3.62251e-05
2.90338e-05
3.89816e-05
4.28836e-05
4.92199e-05
4.1324e-05
2.61127e-05
3.50984e-05
3.2061e-05
3.2729e-05
7.17487e-07
1.43392e-06
2.10877e-06
1.48219e-06
1.63601e-06
2.07975e-06
2.43855e-06
1.95406e-06
2.52606e-06
2.80587e-06
2.27138e-06
2.58312e-06
1.59305e-06
2.32542e-06
2.16415e-06
2.03194e-06
2.27599e-05
2.1902e-05
2.47389e-05
2.30276e-05
2.08842e-05
1.99134e-05
2.35771e-05
2.11139e-05
2.64984e-05
2.6668e-05
2.9107e-05
2.70436e-05
2.19117e-05
2.41559e-05
2.48228e-05
2.39128e-05
1.85962e-06
9.97089e-07
3.94636e-07
5.59252e-07
0
0
0
0
1.73885e-06
0
0
0
0
0
6.3083e-08
0
0.000111478
0.00012004
0.00011023
0.0001076
0.000130949
0.000135845
0.000126141
0.00012442
0.000112114
0.000116345
0.000108529
0.000105571
0.00011871
0.000115052
0.000108384
0.000120149
5.02095e-05
4.17628e-05
4.97654e-05
4.87561e-05
3.61e-05
2.60118e-05
3.60206e-05
3.51539e-05
5.00583e-05
4.22488e-05
4.88421e-05
4.63105e-05
4.07117e-05
4.15055e-05
4.8547e-05
4.18634e-05
2.20774e-05
2.41136e-05
2.21581e-05
2.31985e-05
2.56437e-05
2.67935e-05
2.47458e-05
2.59521e-05
2.11165e-05
2.15177e-05
1.71385e-05
2.1293e-05
2.47152e-05
2.3933e-05
2.27988e-05
2.36152e-05
8.69549e-05
0.000104556
0.000104125
9.66078e-05
0.000125791
0.000142037
0.000143019
0.000139155
0.000125777
0.000143595
0.000137797
0.000139183
0.000116586
0.000140158
0.000116596
0.000125532
7.458e-07
1.06637e-06
7.01465e-07
8.6488e-07
1.77773e-06
2.58142e-06
1.8215e-06
2.12361e-06
6.05511e-07
1.15331e-06
6.29052e-07
8.78716e-07
1.35064e-06
1.3645e-06
6.68542e-07
1.13358e-06
1.63394e-05
2.61538e-05
2.44524e-05
2.40304e-05
3.05477e-05
3.02882e-05
3.29502e-05
3.11904e-05
3.36001e-05
3.87107e-05
4.25586e-05
3.93194e-05
3.02347e-05
3.56872e-05
3.1466e-05
3.20868e-05
0.00421087
0.00238442
0.00709303
0.00349569
0.00197001
0.00783685
0.0290025
0.0114163
0.0154793
0.0303872
0.0291642
0.021626
0.00194015
0.0186181
0.00700007
0.00466812
2.34179e-05
2.0408e-05
1.963e-05
2.11175e-05
1.67054e-05
1.42839e-05
1.4718e-05
1.49391e-05
1.57839e-05
1.41604e-05
1.28543e-05
1.46813e-05
1.71354e-05
1.52191e-05
1.72058e-05
1.65959e-05
7.34066e-07
1.33191e-06
1.58821e-06
1.11344e-06
1.94437e-06
2.49968e-06
2.88811e-06
2.27526e-06
1.71239e-06
2.52248e-06
1.89894e-06
2.0287e-06
1.73712e-06
2.5202e-06
2.05509e-06
2.42021e-06
0.000286594
0.000387055
0.000296955
0.000357419
0.000620144
0.00625375
0.00177134
0.00207852
0.000387133
0.00121783
0.001823
0.00120315
0.000491509
0.000602873
0.000369048
0.00043812
1.57769e-05
1.96602e-05
2.448e-05
2.03152e-05
2.27956e-05
2.45028e-05
2.5138e-05
2.51363e-05
2.82701e-05
2.5724e-05
2.71308e-05
2.7122e-05
2.35742e-05
2.62758e-05
2.63721e-05
2.49682e-05
2.27198e-05
1.80487e-05
2.4506e-05
2.24882e-05
1.6104e-05
1.41348e-05
1.65273e-05
1.61315e-05
2.62521e-05
2.06358e-05
2.59913e-05
2.3567e-05
1.80066e-05
1.93286e-05
2.41361e-05
1.92847e-05
6.6975e-07
9.6305e-07
9.86102e-07
7.85636e-07
1.26164e-06
1.25601e-06
1.40333e-06
1.12087e-06
7.57682e-07
8.58616e-07
5.97521e-07
5.11256e-07
1.08487e-06
1.13097e-06
8.90297e-07
1.14467e-06
0.000220675
0.000215337
0.000236261
0.000222898
0.000227485
0.000240137
0.000264947
0.000257479
0.000257191
0.000281505
0.000312762
0.000307467
0.000245029
0.000284493
0.00026027
0.000243888
0.000101124
0.000105914
8.44917e-05
0.00010325
0.000105082
0.000102916
8.19482e-05
0.000103347
6.49325e-05
6.49611e-05
5.0704e-05
6.47881e-05
0.000105614
8.20632e-05
8.35113e-05
8.243e-05
4.20491e-05
3.00732e-05
3.53008e-05
3.46082e-05
2.09277e-05
1.40265e-05
1.78889e-05
1.50209e-05
3.06576e-05
2.04557e-05
2.5739e-05
2.40687e-05
2.31543e-05
1.93519e-05
2.91712e-05
2.40309e-05
2.95476e-05
3.70754e-05
3.35741e-05
3.34838e-05
4.28469e-05
4.54708e-05
4.32169e-05
4.38641e-05
3.82618e-05
4.24607e-05
4.13505e-05
4.10671e-05
3.93902e-05
4.19326e-05
3.66291e-05
4.00746e-05
0
2.25169e-06
8.04182e-07
9.23454e-07
5.62288e-06
7.42796e-06
5.66929e-06
6.7784e-06
9.62941e-07
3.25825e-06
0
1.95533e-06
3.32555e-06
4.52359e-06
9.85007e-07
3.07339e-06
0.00255695
0.00311128
0.00150291
0.002577
0.00267212
0.00224115
0.000797013
0.00181424
0.00132769
0.000770481
0.00146592
0.00110374
0.00223923
0.000706794
0.00110931
0.00089369
2.95224e-06
4.22459e-06
4.85143e-06
3.91865e-06
5.90686e-06
6.95861e-06
7.43114e-06
6.59744e-06
5.87945e-06
7.23887e-06
7.04927e-06
6.64989e-06
5.43968e-06
6.95707e-06
5.52601e-06
6.0797e-06
0
1.39064e-06
3.48251e-07
6.54676e-07
1.57518e-06
1.75106e-06
1.58218e-06
1.49288e-06
8.11953e-07
1.14033e-06
8.73092e-07
9.58647e-07
1.4962e-06
1.40447e-06
9.65806e-07
1.35254e-06
0.000201502
0.000188105
0.000205909
0.000210868
0.000171415
0.000155619
0.000174181
0.00017323
0.0002139
0.000198277
0.000226564
0.000218915
0.00019394
0.000194739
0.000214709
0.000191734
9.41781e-05
8.49364e-05
8.40578e-05
8.76438e-05
6.54644e-05
5.05948e-05
5.08037e-05
5.14534e-05
6.89354e-05
5.23055e-05
5.42261e-05
5.37067e-05
6.66584e-05
5.20873e-05
6.90605e-05
6.69695e-05
1.2497e-05
2.13507e-05
1.94477e-05
1.91737e-05
3.09787e-05
4.30731e-05
3.46062e-05
3.53266e-05
2.07565e-05
2.78608e-05
2.221e-05
2.22191e-05
2.50342e-05
2.82624e-05
2.05013e-05
2.47679e-05
2.81083e-05
3.01473e-05
3.56412e-05
2.88886e-05
3.08645e-05
2.45215e-05
4.29289e-05
2.75702e-05
4.45466e-05
5.09708e-05
5.66511e-05
4.77652e-05
2.98603e-05
4.00319e-05
3.71704e-05
3.91522e-05
4.68153e-05
4.75148e-05
5.28054e-05
4.95153e-05
4.82372e-05
4.94491e-05
5.09407e-05
5.06877e-05
6.03894e-05
5.76586e-05
6.73498e-05
6.4234e-05
5.00737e-05
5.60629e-05
5.68138e-05
5.32252e-05
5.49602e-06
6.32444e-06
2.98038e-06
5.68363e-06
7.23916e-06
7.58014e-06
5.41887e-06
6.94885e-06
1.00804e-06
2.14685e-06
0
1.31013e-06
6.59159e-06
4.53e-06
3.24066e-06
3.97744e-06
0.000339057
0.00056908
0.000390842
0.000375197
0.000821959
0.0011657
0.000773955
0.000924552
0.000855984
0.000741384
0.00178567
0.000903848
0.000596605
0.000534777
0.000417265
0.000494588
6.48063e-05
9.93427e-05
7.94997e-05
8.57096e-05
0.000117613
0.00012408
0.000103547
0.000121787
7.34105e-05
8.08366e-05
6.72499e-05
7.55072e-05
0.000105705
9.66284e-05
8.4296e-05
9.28468e-05
3.32241e-05
5.61289e-05
6.18485e-05
4.80878e-05
7.40019e-05
8.62109e-05
0.000117934
9.59272e-05
0.000103463
0.000145808
0.000168035
0.000129196
7.2087e-05
8.0715e-05
0.000117541
9.31757e-05
3.34396e-05
3.33729e-05
6.57266e-05
3.84368e-05
3.26749e-05
2.58487e-05
4.28061e-05
3.52072e-05
0.000128321
7.81793e-05
0.000139445
0.0001054
3.78501e-05
6.72923e-05
5.1024e-05
4.75815e-05
3.36879e-06
3.37228e-06
3.35078e-06
3.52112e-06
3.05997e-06
2.7302e-06
2.50588e-06
2.8563e-06
2.70325e-06
2.11273e-06
1.85356e-06
2.26387e-06
3.22411e-06
2.65515e-06
3.02533e-06
2.84948e-06
0
0
0
0
0
0
0
0
0
0
0
0
0
0
0
0
6.3964e-05
7.24087e-05
8.06692e-05
7.30011e-05
7.5065e-05
7.67627e-05
0.000101746
8.69256e-05
0.00010236
0.000125186
0.00013363
0.000122413
0.000109765
9.26405e-05
8.21684e-05
9.30732e-05
2.05578e-05
1.29917e-05
1.65872e-05
1.74358e-05
7.5628e-06
3.97258e-06
5.29239e-06
5.77817e-06
1.18316e-05
5.70188e-06
1.17501e-06
6.54354e-06
1.06833e-05
1.32226e-05
7.12763e-06
9.92121e-06
0
0
0
0
0
0
0
0
0
0
0
0
0
0
0
0
9.56363e-06
1.76242e-05
1.55304e-05
1.60174e-05
1.98696e-05
2.19962e-05
1.76542e-05
2.07744e-05
1.40474e-05
1.45968e-05
1.19546e-05
1.3938e-05
1.9105e-05
1.70512e-05
1.58435e-05
1.71329e-05
3.53834e-05
2.83045e-05
2.9994e-05
2.98972e-05
1.81516e-05
9.80202e-06
1.03167e-05
9.992e-06
1.66062e-05
9.66309e-06
8.34012e-06
9.6015e-06
1.82996e-05
1.03104e-05
1.80661e-05
1.81271e-05
0.000156986
8.00339e-05
0.000116657
0.000102257
0.00013862
0.000259796
0.00025692
0.000230107
0.000111658
0.000217638
0.000179766
0.000185386
0.000121786
0.000225608
0.000112056
0.000121217
5.86698e-07
0
4.14997e-07
1.59838e-07
0
0
0
0
3.42332e-07
0
1.16252e-08
0
0
0
1.833e-07
0
2.39993e-05
2.49688e-05
3.32241e-05
2.75268e-05
2.69147e-05
2.85737e-05
3.80412e-05
3.15288e-05
4.43659e-05
4.73758e-05
5.77673e-05
4.83108e-05
2.86064e-05
3.68502e-05
3.96779e-05
3.41952e-05
8.0333e-06
1.61379e-05
1.01081e-06
9.35185e-06
2.66861e-05
3.73319e-05
9.91861e-06
2.55334e-05
0
0
0
0
1.70709e-05
3.81372e-06
7.48136e-08
6.76373e-06
0.000732383
0.000495215
0.000626943
0.000571202
0.000342721
0.000245222
0.000322684
0.000278478
0.000522614
0.000377636
0.000420289
0.000417311
0.000390999
0.000360624
0.000496804
0.000443879
2.51033e-06
5.9305e-07
0
1.2337e-06
0
0
0
0
0
0
0
0
0
0
0
0
0.000175009
0.000141771
0.000188225
0.000162811
0.0001152
9.93799e-05
0.00012293
0.00010936
0.000197622
0.000157274
0.000196503
0.000190259
0.000131629
0.000141873
0.000176738
0.000150642
0
0
0
0
0
0
0
0
0
0
0
0
0
0
0
0
0.000157127
9.99707e-05
0.000139563
0.000129293
5.34655e-05
3.1148e-05
3.66719e-05
3.79387e-05
8.67104e-05
4.55165e-05
4.60926e-05
6.31082e-05
7.04761e-05
0.000100454
4.47738e-05
7.30469e-05
0
0
0
0
0
0
2.73922e-06
0
2.04446e-05
1.99504e-05
6.10084e-05
3.69831e-05
0
2.8214e-06
4.38379e-06
0
4.21357e-06
4.9295e-07
6.10273e-06
2.83066e-06
9.11661e-07
7.21971e-06
7.20646e-06
5.14251e-06
8.82847e-06
5.27769e-06
1.20816e-05
8.18975e-06
2.98059e-06
5.53598e-06
6.11893e-07
2.5073e-06
0.00109955
0.000568393
0.000961255
0.000727055
0.000322602
0.000200003
0.000349088
0.000247767
0.000695896
0.000412064
0.000448084
0.000484264
0.000404981
0.000666029
0.00041352
0.000565456
0
0
0
0
0
0
0
0
0
0
0
0
0
0
0
0
0.000272797
0.000176038
0.000102205
0.000170461
0.000107572
9.14556e-05
7.89182e-05
0.000103428
6.58362e-05
5.5408e-05
5.29573e-05
5.77403e-05
0.000104214
8.0727e-05
8.63327e-05
8.2994e-05
9.82257e-05
7.91178e-05
5.06955e-05
7.62964e-05
6.20887e-05
4.55228e-05
2.48032e-05
4.53997e-05
1.28816e-05
3.79046e-06
0
3.41629e-06
5.991e-05
3.66177e-05
2.4137e-05
3.66279e-05
0.000151248
8.49267e-05
3.82502e-05
8.73096e-05
5.50114e-05
4.29585e-05
2.95509e-05
4.07324e-05
1.45541e-05
1.65046e-05
8.27379e-06
1.48032e-05
5.26351e-05
2.77689e-05
2.7198e-05
2.95066e-05
2.89817e-05
7.43049e-05
4.57024e-05
4.50266e-05
0.000132639
0.000196283
0.00014078
0.000165869
7.95931e-05
8.0602e-05
0.000154288
7.6588e-05
0.000101128
9.10035e-05
4.82143e-05
8.29996e-05
5.14588e-05
2.01659e-05
1.5872e-05
1.95609e-05
1.82187e-05
3.45096e-05
3.11608e-05
3.36119e-05
1.2888e-05
2.72815e-05
2.16989e-05
2.46237e-05
2.86273e-05
1.39305e-05
1.74647e-05
1.52636e-05
0
0
0
0
0
0
0
0
0
0
0
0
0
0
0
0
0
0
0
0
0
0
0
0
0
0
0
0
0
0
0
0
0.000588861
0.000650712
0.00072901
0.000741556
0.000571011
0.000341148
0.000350938
0.000491775
0.00064998
0.000393175
0.000527902
0.000508339
0.000674537
0.000414937
0.000614259
0.000510074
0
0
0
0
0
0
0
0
0
0
0
0
0
0
0
0
0
0
0
0
0
0
0
0
0
0
0
0
0
0
0
0
0.00355375
0.00416145
0.00533543
0.00460911
0.00332214
0.0015851
0.00198309
0.00187913
0.00542271
0.00240937
0.00260302
0.00296764
0.00372858
0.00239404
0.0047418
0.00416904
0
0
0
0
0
0
0
0
0
0
0
0
0
0
0
0
0
0
0
0
0
0
0
0
0
0
0
0
0
0
0
0
0
0
0
0
0
0
0
0
0
0
0
0
0
0
0
0
2.73588e-05
2.42701e-05
2.91229e-05
2.67994e-05
1.97058e-05
4.41562e-06
6.40922e-06
1.23382e-05
2.81882e-05
8.46124e-06
1.15471e-05
1.86121e-05
2.30356e-05
1.52555e-05
2.76258e-05
2.33595e-05
0
0
0
0
0
0
0
0
0
0
0
0
0
0
0
0
0.00261533
0.00143863
0.000772124
0.00149089
0.00125829
0.00303005
0.000771616
0.00088491
0.000537386
0.000622885
0.000378285
0.000667323
0.00119015
0.000822194
0.000989228
0.000917953
3.76195e-07
7.63336e-06
8.18804e-06
4.70779e-06
9.70591e-06
9.1435e-06
9.5868e-06
9.17755e-06
1.11407e-05
1.03926e-05
1.23111e-05
1.14632e-05
8.75688e-06
1.00259e-05
9.84637e-06
9.79175e-06
1.53309e-05
8.11989e-06
2.61905e-05
1.91807e-05
4.4859e-06
1.15787e-07
1.40544e-05
8.62789e-06
2.66476e-05
1.96222e-05
2.42487e-05
2.24037e-05
1.31243e-05
1.83708e-05
2.4036e-05
1.98437e-05
0
0
0
0
0
0
0
0
0
0
0
0
0
0
0
0
5.52467e-07
1.28693e-07
1.30022e-06
9.95387e-07
0
0
0
0
0
0
0
0
0
0
0
0
0.000198535
0.000158655
0.000158926
0.000162853
0.000123453
9.9749e-05
0.000103032
0.000104732
0.000127374
0.000104757
0.000106711
0.000107342
0.000128198
0.00010629
0.000128877
0.000126227
4.78182e-05
4.55282e-05
0.00010297
7.04737e-05
4.57187e-05
4.44132e-05
0.000148166
8.50704e-05
0.000135925
0.000166656
0.00016808
0.000153502
7.90291e-05
0.000154872
0.000126419
0.000123446
0
0
0
0
0
0
0
0
0
0
0
0
0
0
0
0
1.76293e-05
2.1192e-05
4.31572e-05
2.94644e-05
2.91674e-05
3.2989e-05
6.91305e-05
4.84613e-05
5.58304e-05
6.96903e-05
6.66816e-05
6.50489e-05
3.77718e-05
6.80455e-05
5.33204e-05
5.47742e-05
0
0
0
0
0
0
0
0
0
0
0
0
0
0
0
0
0.000111484
0.000177359
0.000154474
0.000148824
0.000269697
0.000394767
0.000333678
0.000333851
0.000184729
0.00027643
0.000208986
0.000228042
0.000228368
0.000195792
0.000283355
0.000231799
0
0
0
0
1.93079e-06
3.73579e-06
4.19716e-06
3.68547e-06
0
3.79064e-06
0
0
1.41255e-06
0
3.67984e-06
1.5233e-06
6.08964e-05
5.02897e-05
6.71949e-05
5.89639e-05
4.1615e-05
3.16721e-05
4.17976e-05
3.80791e-05
6.74531e-05
5.20263e-05
6.50854e-05
6.14804e-05
4.92411e-05
6.32405e-05
4.9541e-05
5.37034e-05
6.13422e-06
1.35501e-05
6.3626e-06
1.52881e-05
1.32996e-05
1.136e-05
1.01366e-05
1.21365e-05
3.99879e-06
7.60805e-06
1.21016e-06
8.82364e-06
1.45913e-05
1.12737e-05
1.19427e-05
1.0569e-05
0
0
0
0
0
0
0
0
0
0
0
0
0
0
0
0
3.29255e-05
3.86362e-05
2.72245e-05
3.09161e-05
4.29583e-05
4.64564e-05
1.48039e-05
3.23639e-05
2.07261e-05
8.08386e-06
2.62484e-06
1.26522e-05
3.53464e-05
2.57068e-05
1.95882e-05
2.80971e-05
2.92245e-05
1.58548e-05
4.4055e-05
3.70064e-05
0
0
0
0
5.95069e-05
3.08975e-05
6.72126e-05
5.66661e-05
1.90556e-05
5.1347e-05
2.46552e-05
2.41302e-05
0
0
0
0
0
0
0
0
0
0
0
0
0
0
0
0
5.29829e-05
5.45625e-05
6.88015e-05
5.96654e-05
3.80954e-05
2.05712e-05
3.95517e-05
3.7893e-05
8.44431e-05
7.49009e-05
0.000116615
9.55493e-05
5.42731e-05
7.33091e-05
6.15397e-05
6.69147e-05
0
0
0
0
0
0
0
0
0
0
0
0
0
0
0
0
0
0
0
0
0
0
0
0
0
0
0
0
0
0
0
0
0
0
0
0
0
0
0
0
0
0
0
0
0
0
0
0
0.00133797
0.00168325
0.00170704
0.00149752
0.00201878
0.00217169
0.00273576
0.00207676
0.00238229
0.00314758
0.00257611
0.00265121
0.00241951
0.00192224
0.00180808
0.00222463
2.28035e-05
1.56011e-05
2.24464e-05
2.00338e-05
1.01556e-05
5.23967e-06
1.13468e-05
8.29956e-06
2.10184e-05
1.48148e-05
1.93442e-05
1.76369e-05
1.35257e-05
1.93815e-05
1.34756e-05
1.65509e-05
0
0
0
0
0
0
0
0
0
0
0
0
0
0
0
0
0.000411914
0.000422996
0.000418261
0.000390808
0.00049279
0.000427972
0.000330662
0.00042674
0.000372349
0.000306794
0.000258034
0.000333352
0.000432876
0.000346203
0.00036275
0.000386052
0
1.4158e-05
0
2.21396e-06
4.51078e-05
0.000108597
6.31237e-05
6.97132e-05
9.37055e-07
2.36219e-05
0
7.1479e-06
4.20648e-05
7.33113e-06
2.88225e-05
2.79798e-05
0
0
7.49005e-07
0
2.98125e-06
3.49818e-06
3.49818e-06
8.96116e-06
4.18395e-06
4.18395e-06
3.90044e-06
5.77934e-06
1.60251e-05
1.40104e-05
1.40161e-05
1.61016e-05
3.03085e-06
5.58502e-06
5.58502e-06
8.43976e-06
4.0495e-06
4.0495e-06
4.91049e-06
5.83414e-06
2.14248e-06
2.40823e-06
5.11833e-06
3.64833e-06
1.08978e-05
7.5287e-06
1.29258e-05
1.02226e-05
0
0
0
0
0
0
0
0
0
0
0
0
0
0
0
0
0
0
0
0
0
0
0
0
0
0
0
0
0
0
0
0
0
0
0
0
0
0
0
0
0
0
0
0
0
0
0
0
0
0
0
0
0
0
0
0
0
0
0
0
0
0
0
0
0.00646268
0.00646268
0.00791512
0.0113868
0.0076295
0.0076295
0.00705909
0.00741817
0.00649401
0.00315574
0.00736398
0.00564599
0.0183123
0.0248217
0.0229139
0.0215028
0.00859015
0.00859015
0.0107507
0.0153282
0.00892293
0.00892293
0.00956745
0.0102538
0.00862874
0.0084265
0.00983196
0.00946478
0.0134368
0.00890479
0.0168007
0.0142974
0.0272949
0.0260728
0.0253132
0.0272142
0.00260216
0.00417401
0.00663411
0.0043114
0.0217747
0.00760996
0.0111568
0.0111568
0.0108498
0.0108498
0.0152641
0.0132411
0.0168832
0.0117566
0.0108979
0.0108979
0.00973741
0.00973741
0.010998
0.0107458
0.0219409
0.0184064
0.0135631
0.0197175
0.0115308
0.00947924
0.00842503
0.0117317
0
0
0
0
0
0
0
0
0
0
0
0
0
0
0
0
0
0
0
0
0
0
0
0
0
0
0
0
0
0
0
0
0
0
0
0
0
0
0
0
0
0
0
0
0
0
0
0
0
0
0
0
0
0
0
0
0
0
0
0
0
0
0
0
0
0
4.92088e-07
0
1.21175e-05
7.99626e-06
1.17511e-05
9.63311e-06
3.54051e-07
2.26687e-06
0
0
0
0
0
0
2.81408e-06
6.56971e-06
1.28014e-06
1.28014e-06
3.23881e-06
3.23881e-06
2.55606e-06
2.0675e-06
1.0145e-06
2.08395e-06
8.13884e-07
1.73088e-06
3.80149e-07
5.69435e-06
3.30179e-06
4.24608e-06
0
0
0
0
0
0
0
0
0
0
0
0
0
0
0
0
6.42785e-05
5.12005e-05
2.08123e-05
5.28996e-05
4.09995e-05
2.32492e-05
1.3395e-05
3.24004e-05
1.78269e-05
1.22411e-05
2.26759e-05
1.79232e-05
4.2135e-05
1.76429e-05
1.42511e-05
1.72926e-05
0.000355018
0.000346799
0.000214903
0.000297686
0.000297267
0.000190247
0.000167012
0.000246925
0.000116421
0.000109162
5.75906e-05
9.33455e-05
0.000282192
0.000175075
0.000157056
0.000197995
0.000468204
0.000580217
0.000607894
0.000536426
0.000714173
0.000858989
0.00103727
0.000917453
0.000786926
0.00106098
0.000955539
0.00091424
0.000977414
0.000689877
0.00070071
0.000812863
0
0
0
0
0
0
0
0
0
0
0
0
0
0
0
0
0
0
0
0
0
0
0
0
0
0
0
0
0
0
0
0
0.00758976
0.0255964
0.0132915
0.0195995
0.0241148
0.0101958
0.00281102
0.00819318
0.00810927
0.00292158
0.00353377
0.00442146
0.0198298
0.00561852
0.0110491
0.0129604
7.59504e-06
4.10762e-06
6.46139e-06
5.39717e-06
1.25228e-06
0
0
0
4.65772e-06
0
0
9.93614e-07
2.13783e-06
0
3.80812e-06
2.37537e-06
0
0
0
0
0
0
0
0
0
0
0
0
0
0
0
0
0
0
0
0
0
0
0
0
0
0
0
0
0
0
0
0
0.00496851
0.00402453
0.00288659
0.00392217
0.00198825
0.00100504
0.0012193
0.00120709
0.00164264
0.00112451
0.000947009
0.00128857
0.00277487
0.00148218
0.00220921
0.00198713
0
0
0
0
0
0
0
0
0
0
0
0
0
0
0
0
1.42725e-06
1.88164e-06
7.31399e-06
8.49261e-06
8.47372e-07
0
4.45366e-06
5.42753e-06
7.78891e-06
6.08828e-06
6.65514e-06
7.27381e-06
7.30057e-06
8.59642e-06
6.79128e-06
6.26542e-06
6.37875e-07
0
0
0
0
0
0
0
0
0
0
0
0
0
0
0
0.00233582
0.00348556
0.0019805
0.00240286
0.00349868
0.00317073
0.00227946
0.00275422
0.00144244
0.00150675
0.000959365
0.00114776
0.00287648
0.00172789
0.00182605
0.0023694
0
0
0
0
0
0
0
0
0
0
0
0
0
0
0
0
0
0
0
0
0
0
0
0
0
0
0
0
0
0
0
0
6.914e-06
4.08285e-07
3.66099e-06
5.03128e-06
0
2.77097e-06
0
0
9.40998e-07
1.61031e-08
0
2.62484e-07
0
2.15251e-06
0
0
3.26138e-05
7.8646e-06
1.56774e-05
2.08315e-05
0
0
0
0
2.00679e-06
0
0
0
2.75266e-06
6.25173e-06
0
0
0
0
0
0
0
0
0
0
0
0
0
0
0
0
0
0
0
0
0
0
0
0
0
0
0
0
1.46703e-07
0
0
0
0
0
0
0
0
0
0
0
0
0
0
0
0
0
0
0
0
0
3.12072e-06
2.37981e-06
5.6208e-06
3.56764e-06
5.82976e-07
1.97373e-06
1.03701e-06
0
7.80829e-06
6.37613e-06
1.18605e-05
8.13386e-06
2.78432e-06
5.14109e-06
1.84656e-06
3.42058e-06
5.25335e-05
5.3448e-05
3.72064e-05
5.40191e-05
5.44861e-05
4.89146e-05
2.23686e-05
4.92272e-05
2.49308e-05
1.94661e-05
3.38147e-05
2.2401e-05
5.29391e-05
2.85553e-05
2.33246e-05
2.93425e-05
0
0
5.31288e-06
4.14989e-07
0
0
6.85629e-06
1.35486e-06
8.90821e-06
9.94687e-06
9.71275e-06
9.87516e-06
8.78383e-06
7.90996e-06
1.5368e-06
6.82088e-06
0.000349989
0.000231859
0.000400902
0.000335525
0.000146131
7.77661e-05
0.000218607
0.000154837
0.000472817
0.000383925
0.00051888
0.000486065
0.00024276
0.000422611
0.000324527
0.000303871
0
0
0
0
0
7.43299e-06
0
0
0
0
0
0
0
0
0
0
0
0
0
0
0
0
0
0
0
0
0
0
0
0
0
0
1.88791e-06
0
0
0
0
0
0
0
0
0
0
0
0
0
0
0
0
0
4.51859e-08
0
0
0
0
0
0
0
0
0
0
0
0
0
0
0
0
0
0
0
0
0
0
0
0
0
0
0
0
0
0
0
0
0
0
0
0
0
0
0
0
0
0
0
0
0
0.00641312
0.00681343
0.00559195
0.00706073
0.00589129
0.00284648
0.00427077
0.00416978
0.00482887
0.00361213
0.00305815
0.00404187
0.00622435
0.0059301
0.00446394
0.00553855
0
0
0
0
0
0
0
0
0
0
0
0
0
0
0
0
0.000380056
0.000382932
0.000468767
0.000413582
0.000418889
0.000896457
0.00159019
0.000585848
0.000930119
0.00332433
0.00379436
0.00233229
0.000456577
0.00114584
0.000597531
0.000556448
0
0
0
0
0
0
0
0
0
0
0
0
0
0
0
0
0
1.13959e-06
2.14431e-06
0
2.14882e-07
5.53703e-06
5.47445e-06
3.01849e-06
4.58529e-06
2.2562e-06
5.09152e-06
4.71723e-06
1.72115e-06
3.39016e-06
2.35662e-06
2.07149e-06
0
0
0
0
0
0
0
0
0
0
0
0
0
0
0
0
0
0
0
0
0
0
0
0
0
0
0
0
0
0
0
0
0.00382327
0.00595138
0.00752691
0.00633962
0.00621802
0.00317737
0.00333033
0.00384954
0.0115494
0.00306574
0.00427052
0.0049756
0.00690656
0.00459088
0.00942237
0.0082981
0
0
0
0
0
0
0
0
0
0
0
0
0
0
0
0
0.000761239
0.000882004
0.0012797
0.000989264
0.000764203
0.000488375
0.000815938
0.000710294
0.00191849
0.00114934
0.00205097
0.00143534
0.00091994
0.00109577
0.00130178
0.00103709
0
0
0
0
0
0
0
0
0
0
0
0
0
0
0
0
0
0
0
0
0
0
0
0
0
0
0
0
0
0
0
0
1.54749e-07
4.59159e-07
0
0
1.56164e-06
2.23651e-06
2.78808e-06
2.87766e-06
0
2.74453e-07
0
0
1.09991e-06
0
3.29166e-07
2.81114e-07
0
0
0
0
0
0
0
0
0
0
0
0
0
0
0
0
0
0
0
0
0
0
0
0
0
0
0
0
0
0
0
0
0
0
0
0
0
0
0
0
0
0
0
0
0
0
0
0
0.00258763
0.00275596
0.00315348
0.00277258
0.00317248
0.00405497
0.00452404
0.00452115
0.00360207
0.00422593
0.00278394
0.00350815
0.00388678
0.00331718
0.00362256
0.00388278
0
0
0
0
0
0
0
0
0
0
0
0
0
0
0
0
0.00041709
0.000517456
0.000468477
0.000477323
0.000953073
0.00166437
0.000856919
0.00146133
0.000571571
0.000590573
0.000417934
0.000579127
0.000754303
0.000875265
0.000624759
0.00072918
0
0
0
0
0
0
0
0
0
0
0
0
0
0
0
0
0
8.11603e-07
0
0
0
3.06946e-06
1.23097e-06
2.52332e-06
0
0
0
0
0
0
5.37739e-07
5.45266e-08
0
0
0
0
0
0
0
0
0
0
0
0
0
0
0
0
0.000239004
0.000164826
0.000467961
0.000230869
0.000179364
0.000188408
0.000206843
0.000188033
0.000490743
0.000253787
0.00104434
0.000489487
0.000168311
0.000441293
0.000219358
0.000201406
0
0
0
0
0
0
0
0
0
0
0
0
0
0
0
0
0
0
0
0
0
0
0
0
0
0
0
0
0
0
0
0
0
0
0
0
0
0
0
0
0
0
0
0
0
0
0
0
3.41839e-05
3.89633e-05
3.4416e-05
3.58806e-05
4.67096e-05
5.35246e-05
4.87673e-05
5.04388e-05
3.39392e-05
4.16073e-05
3.3937e-05
3.52908e-05
4.18604e-05
3.55516e-05
4.30462e-05
4.00247e-05
2.57805e-05
2.90827e-05
2.585e-05
2.70924e-05
3.5894e-05
4.50983e-05
3.73902e-05
3.95453e-05
2.51005e-05
2.9756e-05
2.33768e-05
2.44659e-05
3.13374e-05
2.61667e-05
3.23187e-05
3.05602e-05
9.76447e-05
0.000119126
0.000104283
0.000108122
0.000151946
0.000200326
0.000160671
0.000163699
0.000106
0.000129546
0.000109706
0.000109804
0.000134259
0.000108663
0.00013137
0.000129991
0.00011752
0.000147689
0.000128104
0.000128037
0.000185477
0.000226921
0.000205391
0.000200544
0.000144264
0.000179202
0.000156847
0.000158268
0.000162398
0.000144983
0.000182085
0.000163654
1.88287e-06
2.08763e-06
1.85112e-06
1.95133e-06
2.09871e-06
2.34751e-06
1.85786e-06
2.13101e-06
1.67948e-06
8.65549e-07
1.84281e-07
5.52817e-07
1.45404e-06
1.7368e-06
1.98296e-06
1.92099e-06
0.000256426
0.00022641
0.000272013
0.000243746
0.000125905
5.20858e-05
7.15587e-05
7.54019e-05
0.000260653
0.000117394
0.000206059
0.000191612
0.000180229
0.000236208
0.000121319
0.000188358
5.67607e-05
7.34839e-05
7.13194e-05
7.18013e-05
8.37244e-05
9.49206e-05
0.000100231
8.94841e-05
8.6288e-05
0.000102295
0.000102897
0.000101461
8.17098e-05
8.59968e-05
9.63e-05
8.73547e-05
9.36567e-06
1.46255e-05
9.44088e-06
9.26053e-06
2.262e-05
3.25694e-05
2.5332e-05
2.44271e-05
8.92718e-06
1.6376e-05
8.04331e-06
8.87141e-06
1.56496e-05
9.31332e-06
1.62597e-05
1.61664e-05
0.000126805
9.21078e-05
0.000108077
0.000104271
7.00379e-05
5.58833e-05
5.78171e-05
6.08573e-05
8.9667e-05
6.34563e-05
7.5536e-05
7.20991e-05
6.46618e-05
8.53373e-05
7.81521e-05
7.46846e-05
1.90018e-05
1.74529e-05
2.09587e-05
1.96599e-05
1.37326e-05
1.2838e-05
1.78398e-05
1.42411e-05
2.18707e-05
2.11817e-05
2.30948e-05
2.31147e-05
1.81453e-05
2.21535e-05
2.02945e-05
1.92649e-05
4.29327e-06
3.49625e-06
1.35798e-05
9.30384e-06
0.000100105
0.000181079
0.000175176
0.000150265
5.19892e-05
0.000198157
0.000176284
0.000141944
5.37324e-05
2.91433e-05
0.000155168
9.09964e-05
5.33493e-05
7.69729e-05
4.83062e-05
5.17405e-05
0.000122202
0.000184735
9.52569e-05
0.000115418
3.99777e-05
4.83871e-05
2.42834e-05
3.88575e-05
7.44681e-05
4.67538e-05
6.6054e-05
6.8656e-05
2.57015e-05
3.44202e-05
3.52353e-05
3.38064e-05
4.03918e-05
4.82201e-05
4.73511e-05
4.60776e-05
4.06296e-05
4.80788e-05
4.88124e-05
4.77241e-05
3.94374e-05
4.00395e-05
4.66871e-05
4.06296e-05
0
0
0
0
0
0
0
0
0
0
0
0
0
0
0
0
3.35359e-06
2.35101e-06
3.55978e-06
3.45061e-06
1.4384e-06
1.12561e-06
1.44313e-06
1.44006e-06
2.89507e-06
1.751e-06
2.05436e-06
2.3191e-06
2.26521e-06
3.11635e-06
1.93244e-06
2.2539e-06
2.00164e-05
1.69869e-05
2.10169e-05
2.01958e-05
1.50335e-05
1.38393e-05
1.57613e-05
1.53498e-05
2.18095e-05
1.77382e-05
2.24432e-05
2.17022e-05
1.69298e-05
2.10141e-05
1.7257e-05
1.73532e-05
1.46212e-05
1.55944e-05
1.65658e-05
1.46723e-05
1.54559e-05
7.45001e-06
1.75079e-05
9.06959e-06
2.13918e-05
2.24308e-05
2.55428e-05
2.16694e-05
1.68752e-05
1.74733e-05
1.44053e-05
1.83585e-05
0.000341129
0.00058301
0.000268104
0.000343055
0.00109277
0.00197089
0.00103077
0.00114048
0.000193649
0.000428291
0.000234169
0.000210784
0.000610661
0.00027885
0.000549368
0.000531335
4.87548e-05
6.63582e-05
5.53948e-05
5.62916e-05
8.88901e-05
0.000121038
0.000105891
0.000103279
6.37732e-05
8.83517e-05
7.54297e-05
7.39557e-05
7.56253e-05
6.4144e-05
8.73588e-05
7.41254e-05
0
2.34243e-07
9.49301e-07
2.09291e-07
1.64787e-06
2.89217e-06
4.4338e-06
3.08902e-06
2.9394e-06
5.10158e-06
5.54746e-06
4.83476e-06
1.73873e-06
2.37664e-06
4.21697e-06
2.45141e-06
0.000597871
0.000220834
0.000384552
0.000384968
0.000148268
0.000129142
0.000154531
0.000147687
0.000274022
0.000191521
0.000241873
0.00022729
0.000175973
0.000270315
0.000180632
0.000178521
2.38045e-06
1.89214e-06
3.11598e-06
2.93823e-06
2.33209e-06
2.57599e-06
3.19583e-06
3.0318e-06
2.80232e-06
2.91613e-06
2.41644e-06
2.66635e-06
2.71701e-06
2.98454e-06
3.033e-06
2.94526e-06
2.96192e-05
2.63374e-05
2.70586e-05
2.73919e-05
2.41574e-05
2.59578e-05
2.50544e-05
2.67801e-05
2.53861e-05
2.4302e-05
2.38729e-05
2.44439e-05
2.56318e-05
2.56773e-05
2.56838e-05
2.49197e-05
0
0
0
0
0
0
0
0
0
0
0
0
0
0
0
0
0
0
2.10827e-06
0
0
0
1.49832e-06
2.41651e-07
5.7584e-06
5.97145e-06
1.03186e-05
7.74811e-06
2.39538e-07
3.59336e-06
3.80373e-06
1.80088e-06
1.03592e-05
4.24525e-06
8.96005e-06
6.60238e-06
1.34325e-06
5.00031e-06
3.50426e-06
5.21303e-06
4.51202e-06
0
7.28557e-07
0
3.7605e-07
2.44637e-06
1.87705e-06
2.0828e-06
0
4.62935e-07
0
0
2.64918e-06
5.18902e-06
3.07115e-06
3.4876e-06
0
1.19661e-06
0
0
1.53363e-06
0
1.4385e-06
1.22777e-06
0.0339491
0.0460271
0.0374895
0.0401416
0.0271531
0.0095195
0.0268434
0.0210467
0.034293
0.0297172
0.0292503
0.0322194
0.0398494
0.0439105
0.0265584
0.037782
0
0
0
0
0
0
0
0
0
0
0
0
0
0
0
0
3.87226e-06
7.58529e-06
7.62701e-06
7.63272e-06
7.03666e-06
5.89476e-06
7.58432e-06
7.25957e-06
7.8442e-06
7.69745e-06
7.23522e-06
7.44619e-06
7.79179e-06
8.14293e-06
8.30984e-06
8.63149e-06
1.66519e-05
3.47306e-05
2.52055e-05
2.67069e-05
3.04625e-05
2.19581e-05
2.84399e-05
3.2452e-05
3.78773e-05
4.18355e-05
3.9261e-05
4.48749e-05
4.08037e-05
4.24459e-05
3.91141e-05
5.02557e-05
0
0
0
0
0
0
2.43861e-07
0
0
4.61148e-07
5.48979e-08
2.06514e-07
3.7921e-07
0
0
0
0
0
0
0
0
0
0
0
0
0
0
0
0
0
0
0
0.00290963
0.00493503
0.00707339
0.00444245
0.00690801
0.0066036
0.0102797
0.00866185
0.0129708
0.0155679
0.020717
0.0166453
0.00717253
0.00939836
0.0126499
0.00990606
0.0120208
0.00994762
0.0132903
0.0124976
0.00518523
0.00221513
0.00276314
0.00319922
0.0104392
0.00403921
0.00548548
0.00691488
0.00716461
0.0105243
0.00437484
0.00769624
1.76491e-06
5.34574e-06
4.91876e-06
4.6233e-06
3.97088e-06
3.40957e-06
4.90417e-06
4.11169e-06
6.28329e-06
6.31581e-06
6.81249e-06
6.44675e-06
5.30984e-06
5.97077e-06
5.76653e-06
5.73734e-06
0
0
0
0
0
0
0
0
0
0
0
0
0
0
0
0
0
0
0
0
0
0
0
0
0
0
0
0
0
0
0
0
5.16133e-05
6.43293e-05
5.72431e-05
5.93671e-05
7.90626e-05
9.65645e-05
8.7089e-05
8.98387e-05
5.81084e-05
7.13627e-05
5.61079e-05
5.74775e-05
7.39741e-05
6.01765e-05
7.37315e-05
7.09406e-05
1.1635e-06
0
6.0701e-06
1.14018e-06
0
1.36749e-05
1.12799e-05
6.33918e-06
4.37479e-06
5.61124e-06
4.39079e-06
3.74446e-06
0
4.78724e-06
2.67907e-06
0
4.18671e-07
0
2.42225e-07
2.53049e-07
0
0
0
0
3.51937e-08
0
0
0
1.20752e-07
1.3269e-07
6.18887e-08
3.00588e-07
0.00433599
0.00836067
0.00487954
0.00551697
0.0172199
0.0162366
0.0133559
0.0154712
0.00510011
0.0078893
0.00409432
0.00532172
0.0121898
0.00533683
0.00976591
0.0106631
0
0
0
0
0
0
0
0
0
0
0
0
0
0
0
0
0.00444396
0.000499643
0.00083855
0.000797463
0.000402786
0.000360649
0.000367197
0.000366024
0.000489024
0.000376444
0.000358433
0.000486375
0.000412917
0.000676363
0.000384083
0.000425936
6.98185e-07
0
4.31756e-07
6.31213e-07
0
0
0
0
0
0
0
0
0
2.26037e-08
0
0
4.23979e-05
7.31447e-05
4.39457e-05
4.87246e-05
0.000119526
0.000196936
0.000142755
0.000153478
4.00598e-05
8.24614e-05
3.22162e-05
4.00032e-05
8.46432e-05
4.64063e-05
8.81425e-05
7.60959e-05
0
0
0
0
0
4.44717e-07
8.53146e-09
5.40681e-07
0
0
0
0
0
0
0
0
8.36194e-07
4.79231e-07
1.34597e-06
1.18203e-06
0
9.94596e-08
5.54715e-07
5.74997e-07
1.2964e-06
9.42705e-07
1.55815e-06
1.30627e-06
8.1425e-07
1.07345e-06
2.71014e-07
5.66226e-07
1.07105e-05
1.85605e-05
1.91944e-05
1.69499e-05
1.93425e-05
1.63799e-05
2.018e-05
2.03891e-05
1.99664e-05
2.1213e-05
2.10442e-05
2.1039e-05
2.01548e-05
2.03873e-05
2.18129e-05
2.06752e-05
2.25257e-06
1.63446e-06
2.03242e-06
1.83786e-06
8.71679e-07
2.63127e-07
1.03003e-06
8.24166e-07
1.69336e-06
1.66973e-06
1.66844e-06
1.511e-06
1.39607e-06
1.51194e-06
1.47743e-06
1.60437e-06
0.000207371
0.000199099
0.000177667
0.000207601
0.000166393
0.000133191
0.000137026
0.00014303
0.000155386
0.000146417
0.000139399
0.000156528
0.00017765
0.00017741
0.0001497
0.000164445
0.00118913
0.000746513
0.000922293
0.00102889
0.00049837
0.000350529
0.000396317
0.000443743
0.000646315
0.000386936
0.000388794
0.000460103
0.000654872
0.000733692
0.000455503
0.000583636
)
;
    }
    pressure_outlet
    {
        type            calculated;
        value           nonuniform List<scalar> 
1888
(
0.00475348
0.00491416
0.00431101
0.00494101
0.00551982
0.00676911
0.00687138
0.00642395
0.00586061
0.00674785
0.00646199
0.00642837
0.00539458
0.00656034
0.00565685
0.00584415
0.00999642
0.00926839
0.00996484
0.00962468
0.00823624
0.00710198
0.00760229
0.00745513
0.00929242
0.00795128
0.00807959
0.00828181
0.00858916
0.00794616
0.00917913
0.00883243
0.00168696
0.00180608
0.00164945
0.00171021
0.00188162
0.00183627
0.0018098
0.00184178
0.00173036
0.00176574
0.00182876
0.00176656
0.00181427
0.00177526
0.00169919
0.00173698
0.00292199
0.00206695
0.00239296
0.00227255
0.00170508
0.00162455
0.00164391
0.00160613
0.00212536
0.00178983
0.00191659
0.00188421
0.00180201
0.00171611
0.00206
0.00192854
0.00489214
0.00589545
0.00573731
0.00559052
0.00698141
0.00810347
0.00807448
0.00704624
0.00687948
0.00817047
0.00611521
0.007898
0.00563814
0.00775162
0.00623903
0.00685047
0.00233756
0.00205998
0.00178569
0.00195543
0.0020513
0.00239325
0.00218269
0.00221349
0.00177528
0.00212711
0.00194909
0.00202032
0.00191874
0.00208097
0.00179995
0.00185863
0.000904367
0.0014569
0.00117488
0.00119718
0.002784
0.00374784
0.00361312
0.00345048
0.00130043
0.00359787
0.0021454
0.00224944
0.00239902
0.0029993
0.00205307
0.00271626
0.00685534
0.00751835
0.00637452
0.00705333
0.00780255
0.00743906
0.00736856
0.00809972
0.00577891
0.00623919
0.00512497
0.00585414
0.00766205
0.00698035
0.00650547
0.00693933
0.00507356
0.00519907
0.00559645
0.00560241
0.00410123
0.00499
0.0063154
0.00533684
0.0060979
0.00683451
0.00651481
0.00658811
0.00482808
0.00625682
0.00615142
0.00607729
0.00911364
0.0105202
0.00866413
0.0112936
0.0105792
0.0104925
0.0117347
0.0128374
0.00830306
0.0101904
0.00635552
0.00981497
0.0124648
0.0113541
0.011038
0.0114819
0.004655
0.00418012
0.00461041
0.00432129
0.00358877
0.00300284
0.00320683
0.00310421
0.00503125
0.00435686
0.00622231
0.00497851
0.00370771
0.00354561
0.00431982
0.00394255
0.00441198
0.00390947
0.00501697
0.00424945
0.0034469
0.00312562
0.00412613
0.0033662
0.00564769
0.00521608
0.00621332
0.00552902
0.00377093
0.00445095
0.00488222
0.00452867
0.0122568
0.0152214
0.0113046
0.0132951
0.0183941
0.0207485
0.0167923
0.01908
0.010951
0.013452
0.0111016
0.0120908
0.0161661
0.0151479
0.0122582
0.013654
0.00360459
0.00188963
0.00286136
0.00278073
0.000943864
0.001118
0.000589251
0.000886414
0.00236403
0.000743868
0.000884009
0.00166944
0.00185461
0.00130715
0.00212251
0.00194446
0.0204625
0.0138441
0.0171082
0.0158774
0.0126677
0.0152752
0.0148313
0.0159224
0.0155154
0.0139126
0.0123951
0.0140094
0.015815
0.0152235
0.0174913
0.0172745
0.00257629
0.00270884
0.00313535
0.0027212
0.00335276
0.00427931
0.00557622
0.0043771
0.00469276
0.00643031
0.00700398
0.00609763
0.00326017
0.00532951
0.00378607
0.00387352
0.0130802
0.0111953
0.0121874
0.0116626
0.00991482
0.00898623
0.00946247
0.00925745
0.0115041
0.010045
0.010825
0.0104486
0.010242
0.00974845
0.0108952
0.010405
0.00518471
0.0045679
0.00586051
0.0049925
0.00446988
0.0040582
0.00463534
0.00414326
0.0057364
0.00491374
0.00531597
0.00447771
0.00457744
0.00487859
0.00566874
0.0059523
0.00284164
0.00232717
0.00318153
0.00289163
0.00247583
0.00216067
0.00264177
0.002301
0.00353033
0.00323311
0.00396213
0.00343942
0.00263597
0.002817
0.00311682
0.00293782
0.00233024
0.00222316
0.00223634
0.0022676
0.00206902
0.00192722
0.00204256
0.00197425
0.00196841
0.00184406
0.00186267
0.00195962
0.00206556
0.00207497
0.0021711
0.00211941
0.0027903
0.0034268
0.00316996
0.00326413
0.00393873
0.00446074
0.00470017
0.00439697
0.00374068
0.00421301
0.00440208
0.00443581
0.00384421
0.00454655
0.00378782
0.00400428
0.0105722
0.0105345
0.0113319
0.0108585
0.00990235
0.00870801
0.0104457
0.00947493
0.0118583
0.0115986
0.0115734
0.0119368
0.0104894
0.0111129
0.011589
0.0112038
0.0105022
0.0101996
0.00835877
0.00974698
0.0100706
0.0103434
0.00916952
0.0098999
0.00711225
0.0080846
0.00579914
0.00767
0.00967521
0.00872436
0.00826724
0.00870352
0.00709767
0.00736084
0.00809688
0.00745717
0.00749133
0.00736923
0.00825903
0.00762486
0.00920916
0.00929564
0.0102837
0.00956525
0.00764551
0.00856416
0.00848299
0.00831458
0.0102164
0.00902174
0.00774307
0.00917713
0.00687898
0.00417168
0.00377304
0.00470191
0.00435654
0.00316071
0.00267271
0.00320989
0.00723067
0.003953
0.00585817
0.00574508
0.0147063
0.0156812
0.015969
0.0158243
0.0156166
0.0156219
0.0129026
0.0160836
0.0141347
0.0117434
0.0139394
0.0108023
0.0159872
0.0133032
0.0145589
0.017045
0.008998
0.0103845
0.00928161
0.00976707
0.0115714
0.0136886
0.0126369
0.0130125
0.00957181
0.0113508
0.00997845
0.0105566
0.0113366
0.0118947
0.0101888
0.0109524
0.00703139
0.00812495
0.00722586
0.00766661
0.00909268
0.00960815
0.00854467
0.00929433
0.00712886
0.00740033
0.00624511
0.00710754
0.00867342
0.00822797
0.00770804
0.00812625
0.00903278
0.00728412
0.00695952
0.00743977
0.00672225
0.0067075
0.00640687
0.00655268
0.0057139
0.00580291
0.00482352
0.00548311
0.0066433
0.00621905
0.00617067
0.00625075
0.00291216
0.00247503
0.00381391
0.00371122
0.00177821
0.00124763
0.00126369
0.00186347
0.00274047
0.00166438
0.00395386
0.00288572
0.00263372
0.00174395
0.00303141
0.0021914
0.00185645
0.00179
0.00189382
0.00181941
0.00181759
0.00134018
0.00118433
0.0018075
0.00169132
0.00110329
0.00147694
0.00170333
0.00182302
0.00179351
0.00187443
0.00185859
0.000750561
0.0011487
0.000672331
0.000781473
0.00162636
0.00220973
0.00158524
0.00194499
0.000575771
0.00101359
0.000669601
0.000844431
0.00138831
0.00133348
0.000844181
0.000999075
0.00127851
0.00191435
0.00152861
0.00175225
0.00223276
0.0022233
0.00203901
0.00191056
0.00158088
0.00135485
0.00148859
0.00157714
0.00212955
0.00198199
0.00179011
0.00198766
0.000165955
0.000145173
0.000105321
0.0001437
0.000221604
0.000594072
0.000173558
0.000223962
0.000136825
0.000172857
0.000163101
0.000140919
0.000174283
0.000111804
0.000131351
0.000159667
0.00069313
0.000128697
0.000572796
0.000128881
0.000138358
0.000163538
9.05291e-05
0.000163242
0.00053389
0.000120297
0.000522303
0.000159409
0.000116379
0.000110888
0.000116092
0.00011015
0.0523767
0.0349846
0.0310033
0.0360583
0.0317036
0.0253562
0.0234412
0.0264526
0.0211174
0.0194959
0.0156119
0.0190139
0.0309617
0.023239
0.0253974
0.0258759
0.00395811
0.00320739
0.00349569
0.00341873
0.00260585
0.00211767
0.00225698
0.00223832
0.00301436
0.00233291
0.00258631
0.00248318
0.00276589
0.00236157
0.00295938
0.00276809
0.00217909
0.00240917
0.00155626
0.00194894
0.00267512
0.00269801
0.00454168
0.00306215
0.00339118
0.00424936
0.00379428
0.00392017
0.00294596
0.00432674
0.00353193
0.00388036
0.30285
0.231116
0.196373
0.242397
0.156879
0.108165
0.087032
0.109875
0.0866559
0.069672
0.0521521
0.0667738
0.0852789
0.129837
0.154192
0.120428
0.000988968
0.00110919
0.000494573
0.000948479
0.00123627
0.00140065
0.0005309
0.00118675
0.000160595
0.000276703
9.26327e-05
0.000151811
0.00104895
0.000475042
0.000629207
0.000648072
0.0105725
0.0118551
0.011318
0.0116341
0.0130821
0.0142119
0.0145461
0.0139953
0.0120351
0.0149438
0.0127119
0.0145593
0.012403
0.0143805
0.0133183
0.0135185
0.0036935
0.00433809
0.00329435
0.00397273
0.004789
0.00492002
0.00383336
0.00466914
0.00273092
0.00281695
0.00199011
0.0026285
0.00447601
0.00360542
0.00343355
0.00374525
0.0681679
0.0524452
0.0343563
0.0505468
0.0369244
0.0240258
0.0196302
0.0251686
0.0202435
0.0160644
0.0139797
0.0162523
0.0198727
0.0266696
0.0371464
0.0268923
0.00816074
0.0078158
0.0101197
0.00859725
0.00697388
0.00531753
0.00821821
0.00670004
0.0113987
0.0103694
0.0113068
0.0111219
0.00809545
0.00951429
0.0105112
0.00978157
0.00247136
0.00277305
0.00233267
0.00259396
0.00313042
0.0033577
0.00255996
0.00309798
0.00218172
0.00222531
0.00198367
0.00217048
0.00288097
0.00245569
0.00235464
0.00243662
0.000609377
0.000758938
0.000359427
0.000825847
0.000713966
0.000495508
0.000430054
0.000482374
0.000142639
0.000407613
0.000327397
0.0003703
0.000342823
0.000612083
0.000625039
0.000612223
0.0116828
0.0132644
0.00877853
0.0112023
0.0155454
0.0183846
0.0114558
0.0148022
0.00678883
0.00759942
0.0049082
0.0065817
0.0127313
0.00845724
0.00959318
0.00996399
0.0048259
0.00579863
0.00506842
0.00535287
0.00684501
0.00668694
0.0067999
0.00733405
0.0050832
0.00576797
0.00481234
0.00535073
0.00632335
0.00630586
0.00547236
0.00589395
0.00166295
0.00234214
0.00176726
0.00213267
0.00288383
0.00221583
0.00185461
0.00222532
0.00171927
0.00181724
0.00138112
0.00167896
0.00268147
0.0022573
0.00221029
0.0024464
0.0126447
0.0127876
0.014161
0.0169874
0.0143012
0.019964
0.0172726
0.0194692
0.0122772
0.0159008
0.0153713
0.017286
0.0181015
0.017828
0.0159758
0.016498
0.0252367
0.0332287
0.0280867
0.0314853
0.0387978
0.0631633
0.0560281
0.053378
0.0317958
0.048547
0.030893
0.0438657
0.0368457
0.0498213
0.0361988
0.0383509
0.00254914
0.00206607
0.00271984
0.00236538
0.00107626
0.00132256
0.00141888
0.00159841
0.0031689
0.00235509
0.00211098
0.00245659
0.00194598
0.00197044
0.00262287
0.00241708
0.00483922
0.0053025
0.00438887
0.00493247
0.00581441
0.00623088
0.00529125
0.0059067
0.00382192
0.00421861
0.00322886
0.00386265
0.00546664
0.00493136
0.00444647
0.0048265
0.00720361
0.00822928
0.00791027
0.00788748
0.00931155
0.01041
0.0097882
0.00997863
0.00787615
0.00924972
0.00879833
0.00894481
0.00892553
0.00940071
0.0085331
0.00886991
0.00166262
0.00170925
0.00158801
0.00193351
0.00192899
0.00189934
0.00190234
0.00191178
0.00154741
0.00168751
0.0014203
0.00168798
0.00200278
0.00189926
0.00181768
0.00160395
0.00422511
0.00491687
0.00344007
0.00552762
0.00520169
0.00653385
0.00467801
0.00650359
0.00313212
0.00389967
0.00314721
0.00473734
0.00623169
0.00596771
0.00477554
0.00514181
0.00661054
0.00676305
0.00585537
0.00647369
0.00668513
0.00593613
0.00561505
0.00613593
0.0051983
0.00502336
0.00442679
0.00494719
0.00650323
0.00552821
0.00567152
0.00586876
0.00741528
0.00559508
0.0088558
0.00744013
0.00287786
0.000530588
0.00357779
0.00247454
0.010358
0.00802803
0.0118431
0.0103466
0.00528944
0.00885296
0.00638672
0.00673442
0.0130689
0.0101347
0.0139514
0.0128401
0.00589489
0.00141475
0.00657881
0.00517233
0.0137004
0.0108282
0.0138041
0.0100528
0.00956834
0.0122848
0.00953812
0.0108284
0.00977648
0.00767478
0.00731974
0.00863346
0.00454324
0.00066288
0.00324701
0.0033958
0.00427301
0.00335601
0.00271182
0.00355246
0.0065457
0.00598086
0.00447979
0.00541089
0.000234186
0.00155785
0.00176146
0.00145374
0.00270281
0.00317545
0.00391683
0.00346492
0.00382421
0.00484043
0.00597287
0.00519283
0.00274336
0.0032315
0.00423661
0.00321414
0.00182436
0.00219223
0.00138434
0.00203697
0.00223784
0.00190847
0.00212127
0.0023674
0.000938841
0.00191368
0.00130922
0.00172743
0.00230147
0.00216045
0.00190547
0.00208792
0.000111001
0.000582631
0.00116987
0.000362149
0.00108321
0.00153793
0.00188927
0.00138242
0.00221671
0.00227392
0.00245692
0.00234394
0.000874156
0.00149787
0.00183934
0.00158013
0.000999566
0.00562533
0.00622503
0.00470926
0.00876232
0.00993295
0.0107755
0.0100042
0.00990216
0.0112837
0.0112172
0.0111337
0.00846413
0.0107796
0.009084
0.0095367
0.00918647
0.0068173
0.00797011
0.00786736
0.00337829
0.000620445
0.00242419
0.0014756
0.00670609
0.00434918
0.00551302
0.00533382
0.0048006
0.00367665
0.00652817
0.00546166
0.0169686
0.0102219
0.0123923
0.013245
0.00643639
0.00428031
0.00499306
0.00498006
0.00588479
0.00411368
0.000658138
0.00293441
0.00797103
0.00820827
0.00560157
0.00772095
1.44966e-07
6.5425e-07
0.000120725
8.27596e-06
1.35092e-06
2.50242e-06
0.000198273
3.55914e-05
0.000364839
0.000469242
0.000586596
0.000459414
0.000251538
0.000199311
1.61755e-05
0.000155555
0.0407657
0.0430015
0.132111
0.0747139
0.032299
0.0171413
0.146323
0.0706365
0.242375
0.264191
0.295594
0.277921
0.110503
0.21674
0.219307
0.184563
0.000244902
0.000163873
0.000215439
0.00021613
4.27967e-05
2.58196e-08
1.15429e-07
1.28944e-06
7.87923e-05
2.15549e-07
3.2923e-07
5.03537e-06
7.97002e-05
0.000108193
2.70457e-06
5.79129e-05
5.39816e-05
6.5272e-05
0.00146811
0.000298616
7.45989e-05
9.57433e-05
0.00207791
0.000396548
0.00360419
0.00435491
0.00496475
0.00459425
0.00240523
0.0019832
0.000342964
0.00170088
0.0286308
0.00811819
0.0740479
0.0583998
0.005223
0.00355284
0.0209596
0.0236412
0.0501643
0.028756
0.0300078
0.0316235
0.0385579
0.0525602
0.0315771
0.0370553
0.00333916
0.00141027
0.00293162
0.00198881
0.000668929
5.84747e-05
0.000670598
0.000149346
0.00111688
0.00153837
0.00180659
0.00185428
0.00113498
0.00093724
0.0018846
0.000964902
0.000143952
9.19853e-05
0.00227648
0.000520232
6.64495e-05
3.67879e-05
0.00117052
0.000282648
0.0029664
0.00233144
0.00255132
0.00274435
0.000353627
0.00239152
0.00171615
0.00161863
0.001163
0.000850714
0.000621898
0.000833413
0.000497744
3.93463e-05
2.82722e-05
7.85976e-05
0.000242131
1.86915e-05
7.17779e-06
6.56217e-05
0.000529523
0.000109031
0.000396863
0.000356212
0.000265543
0.000159558
0.0050643
0.00129837
9.34249e-05
5.18816e-05
0.00379052
0.000693612
0.00732085
0.00571385
0.00977677
0.0106964
0.00108992
0.00614095
0.00518969
0.00405731
0.000122687
0.000146968
0.00299732
0.000601723
0.00021247
0.000250959
0.00467619
0.00101655
0.00758098
0.00880653
0.0117991
0.00901376
0.000765132
0.00407733
0.00501302
0.00372901
0.0985734
0.0725777
0.109788
0.0976815
0.0503678
0.0318264
0.0407522
0.0418446
0.0609907
0.0284069
0.0129357
0.0273344
0.067314
0.087169
0.04681
0.0710473
3.27107e-06
0.000303632
6.25854e-06
3.85958e-05
0.000816739
0.00136966
0.00097894
0.000996734
1.18241e-05
0.00049731
1.26988e-05
9.18705e-05
0.000415275
6.11036e-05
0.000533113
0.000393636
0.00930823
0.0079216
0.00670267
0.00813231
0.00462287
0.000502465
0.000409295
0.00149833
0.00299763
0.00034553
0.000267341
0.000805118
0.00549627
0.00117492
0.00449675
0.00395097
7.86325e-05
8.02435e-05
0.00107726
0.0007731
6.35662e-05
4.43574e-05
0.000925294
0.000540727
0.00233865
0.00194512
0.00270298
0.00252978
0.000661117
0.00194636
0.00163577
0.00106441
0.00392223
0.00438097
0.00325223
0.00406786
0.00298818
0.000387855
0.000141273
0.000543203
0.00146857
8.36405e-05
3.79018e-05
0.000295225
0.000452309
0.00217358
0.00314062
0.00207282
0.000437145
0.00523696
0.000450033
0.00184807
0.00900306
0.0103721
0.00801882
0.00964687
0.000317268
0.00421079
0.000182721
0.00183681
0.00690471
0.00615701
0.00175781
0.00481479
4.62538e-07
5.2958e-06
0.000171208
0.000109748
1.05464e-05
1.46405e-05
0.000305222
0.000200402
0.000410363
0.000376066
0.000513278
0.000243224
0.000185057
0.000314307
0.00030497
0.000297671
0.319297
0.280536
0.322518
0.319628
0.154161
0.0142273
0.0186171
0.0626223
0.23668
0.0268573
0.0292775
0.0895253
0.249818
0.29786
0.0939459
0.219129
0.000199487
0.000145881
0.00164056
0.000260772
0.00010634
5.2123e-05
0.00113958
0.000131618
0.00327202
0.00260487
0.00444616
0.003162
0.000193222
0.00142228
0.00176406
0.00138171
0.000877881
0.000620848
0.000309619
0.00041898
0.00032173
0.000120998
8.88208e-06
2.01812e-05
7.88217e-05
3.78469e-06
1.12385e-06
2.40238e-06
0.000161272
0.000100636
6.24529e-06
0.000107266
1.73502e-06
1.33869e-06
9.53691e-05
7.53142e-06
1.10334e-06
9.23857e-07
4.15617e-05
4.41877e-06
0.000166279
8.04599e-05
0.000156604
0.00012322
5.44411e-05
7.56839e-05
5.09831e-06
6.39654e-05
0.00331307
0.017013
0.00191633
0.00354277
0.0271357
0.0224457
0.0155329
0.020346
0.000992055
0.00624257
0.000479704
0.000925451
0.0149102
0.00188854
0.00885822
0.0108805
3.2523e-06
2.02252e-06
0.000133185
8.67761e-05
8.24705e-07
3.03883e-08
6.97297e-05
4.03136e-05
0.000166473
0.000185485
0.000196658
0.000104433
7.90469e-05
0.00017156
0.00016538
0.000135266
4.56962e-05
0.000674903
4.88232e-05
0.000507711
0.0016171
0.00177303
0.00149237
0.00188899
4.18432e-05
0.000657164
2.48802e-05
0.000418451
0.00136718
0.001233
0.000491404
0.000812206
0.126132
0.210407
0.13772
0.17088
0.190528
0.0366339
0.0255096
0.0875374
0.0677353
0.0161614
0.00985965
0.0247373
0.0457958
0.117179
0.189913
0.121796
0.000159488
0.000116206
0.000111794
0.000108349
5.12107e-05
6.25608e-07
6.30343e-07
4.76321e-06
5.3114e-05
4.9862e-07
3.17369e-07
5.94033e-06
6.12085e-05
6.91885e-06
5.68124e-05
5.89006e-05
1.68306e-05
0.000434649
1.05776e-05
0.000242104
0.000670551
0.00124195
0.000664737
0.000982068
1.0249e-05
0.000270204
1.4641e-05
7.11416e-05
0.000683082
0.000486552
0.000137624
0.000375066
0.000343449
0.000268309
0.000205582
0.000346977
0.000127209
1.67541e-06
2.04338e-06
1.24962e-05
0.000100135
1.76304e-06
1.78925e-06
8.03656e-06
0.000165097
1.07032e-05
0.000150005
0.000117044
0.00308995
0.00106924
0.00131832
0.00114241
0.000728823
6.69629e-06
1.24517e-05
8.28126e-05
0.000727137
1.20791e-05
1.01577e-05
8.69107e-05
0.00099415
9.8159e-05
0.00102976
0.000777181
0.000758793
0.000251947
0.0002959
0.000346402
6.49668e-05
4.75874e-07
7.78138e-07
3.35947e-06
8.03355e-05
9.55942e-07
1.05409e-06
4.34196e-06
4.26449e-06
0.000103518
9.07301e-05
8.07439e-05
4.72444e-07
4.98243e-05
3.99867e-07
3.28936e-06
0.000118952
0.000225777
0.000200058
0.000197032
4.61986e-07
8.03266e-05
5.24481e-07
4.51749e-06
6.53387e-05
5.70833e-06
8.83475e-05
7.27822e-05
0.0497608
0.132575
0.0735774
0.104576
0.20634
0.274991
0.168465
0.223638
0.0557588
0.0707167
0.0380457
0.0585251
0.133158
0.0825989
0.16026
0.10504
0.00249885
0.00184921
0.00191854
0.00207515
0.0009246
7.2663e-05
0.000544542
0.000512709
0.00139245
0.00081975
0.000851664
0.00109521
0.00137158
0.00153857
0.000956845
0.00133286
0.000423732
0.000608894
0.000312729
0.000503087
0.000994839
0.0013425
0.000842053
0.00106882
0.000229951
0.000354208
1.45696e-05
0.00021443
0.000755062
0.000453593
0.000627786
0.000615035
0.000104686
0.000810619
0.00119969
0.000760149
0.00127125
0.00167095
0.00237592
0.00172233
0.00260767
0.00331847
0.00437266
0.00341233
0.00126825
0.00246442
0.00186342
0.00183381
0.134734
0.200397
0.223973
0.1649
0.268834
0.321546
0.325955
0.300153
0.233545
0.279056
0.0654053
0.230225
0.230755
0.249808
0.303348
0.279482
0.00177608
0.00127829
0.00238651
0.00169311
0.000504494
2.60542e-05
0.000866943
0.000108559
0.00286663
0.00166704
0.00324664
0.00253073
0.0009272
0.00130088
0.00215075
0.00134547
8.06102e-06
0.000155831
0.000186983
0.000150329
0.000365569
0.000514346
0.000395271
0.000570272
0.000408801
0.000383031
0.000443778
0.000562474
0.000303489
0.00044707
0.000351929
0.000392491
4.90657e-07
6.4944e-05
1.04016e-05
1.99463e-06
0.000251893
0.00080329
0.00038154
0.000341653
3.06589e-05
0.000129559
6.81417e-05
3.49085e-05
8.80047e-05
1.28537e-05
0.000115589
7.79914e-05
0.00526775
0.00459298
0.00514322
0.00378638
0.00532616
0.00588784
0.00547479
0.00565497
0.00526517
0.00510137
0.00503635
0.00417368
0.00531959
0.00379188
0.00333956
0.00466183
0.0048325
0.00603432
0.00459694
0.00505929
0.00712419
0.00666528
0.00665332
0.00722109
0.00449181
0.00547469
0.00458859
0.00472666
0.00612174
0.00477858
0.00576574
0.00558387
0.00205237
0.00231862
0.00213065
0.0022139
0.00255537
0.00236925
0.00233143
0.00269567
0.00211605
0.00243585
0.00205759
0.00227459
0.00256926
0.00227316
0.00247106
0.00241778
0.00581443
0.0069984
0.00719239
0.00681342
0.00778001
0.006311
0.00823941
0.00842109
0.00837523
0.00951197
0.00961947
0.00946971
0.00938362
0.00817764
0.00782645
0.00851062
0.00317339
0.00260241
0.00411806
0.00385607
0.00259075
0.00261015
0.00459008
0.00405643
0.00518308
0.00651296
0.00652479
0.00616819
0.00360505
0.00488313
0.00604825
0.00464153
0.00027571
0.00399583
0.00418131
0.000614721
0.007216
0.0116326
0.00637128
0.00687953
0.00718495
0.0079104
0.0127966
0.00597259
0.00573349
0.0053324
0.00358411
0.00336417
0.000155103
0.00125174
0.000954971
0.000869238
0.00281245
0.00369121
0.0019177
0.00308769
0.00174049
0.00131131
0.00145805
0.00211119
0.00197997
0.00163502
0.00226647
0.00197796
0.00037255
0.000274077
0.000383243
0.000377621
0.000116329
1.00345e-05
9.29612e-05
0.000111171
0.000376112
0.00020488
0.000350432
0.000344761
0.000259535
0.000367121
0.000236859
0.000269866
0.000100845
3.35571e-05
9.07992e-05
4.13809e-05
1.61313e-05
7.70613e-07
5.81174e-05
4.25457e-06
9.72963e-05
0.000115327
0.000162421
0.000100236
6.57812e-05
8.73505e-05
2.24624e-05
7.74427e-05
0.000427214
0.00016113
0.000111907
0.000180784
7.72943e-05
4.33816e-06
5.92618e-05
6.31723e-05
0.000138678
9.4829e-05
0.000161768
0.000161014
0.000132241
0.000167172
0.000124767
0.000109821
0.000699354
0.00127607
0.00107668
0.00107574
0.00151361
0.00140788
0.00112198
0.00136683
0.00123448
0.00112117
0.00135161
0.00136514
0.00143372
0.00123222
0.00156479
0.00147597
0.00408585
0.0048901
0.00449763
0.00465111
0.00537317
0.00590536
0.00526835
0.00563334
0.00471609
0.00280892
0.00336031
0.00251144
0.00512745
0.00482109
0.00516302
0.00496223
0.015441
0.0135528
0.00691267
0.0130085
0.0138253
0.0160822
0.0093843
0.0133345
0.00939172
0.0101594
0.0119032
0.00752757
0.0119595
0.00715829
0.0104543
0.0088171
)
;
    }
    velocity_inlet
    {
        type            calculated;
        value           nonuniform List<scalar> 
1888
(
1.67827e-07
1.68215e-07
1.75028e-07
2.04437e-07
1.94948e-07
2.14838e-07
2.27772e-07
2.43936e-07
2.00267e-07
2.38256e-07
2.72155e-07
2.60377e-07
2.2693e-07
2.5449e-07
2.30185e-07
1.97719e-07
4.08646e-07
5.90541e-07
4.69413e-07
5.27526e-07
7.56511e-07
6.90515e-07
5.26092e-07
4.93885e-07
4.5941e-07
4.0264e-07
2.9274e-07
4.27355e-07
5.25264e-07
4.42085e-07
6.18957e-07
4.02357e-07
9.61474e-08
1.06509e-07
1.30491e-07
1.20667e-07
1.16727e-07
1.34792e-07
1.28143e-07
1.45143e-07
1.56974e-07
1.34624e-07
1.41167e-07
1.65814e-07
1.3474e-07
1.5388e-07
1.30286e-07
1.44972e-07
2.56503e-07
2.28729e-07
3.48638e-07
2.76804e-07
2.18547e-07
2.40367e-07
2.54928e-07
2.55937e-07
3.73037e-07
2.62575e-07
3.09085e-07
3.24534e-07
2.48878e-07
2.85572e-07
3.28721e-07
2.81422e-07
8.65061e-08
1.03225e-07
1.39619e-07
1.1413e-07
1.13858e-07
1.52692e-07
1.73502e-07
1.49884e-07
1.82572e-07
1.98246e-07
2.30581e-07
1.91652e-07
1.24003e-07
1.67962e-07
1.46294e-07
1.5515e-07
3.26531e-08
3.32228e-08
3.22832e-08
3.86386e-08
3.30683e-08
3.77613e-08
3.09485e-08
3.66664e-08
2.57825e-08
2.56232e-08
1.98265e-08
2.32038e-08
3.60387e-08
3.0225e-08
3.00528e-08
3.20505e-08
1.55092e-07
1.5803e-07
1.2664e-07
1.90692e-07
1.704e-07
1.84793e-07
1.35582e-07
2.66591e-07
1.12884e-07
1.11166e-07
8.72224e-08
1.43671e-07
2.13569e-07
1.77084e-07
1.60522e-07
1.33524e-07
2.02941e-07
1.81959e-07
1.59103e-07
2.00638e-07
1.83e-07
1.90044e-07
1.45906e-07
2.09382e-07
1.27723e-07
1.18726e-07
1.14432e-07
1.2465e-07
2.00796e-07
1.51041e-07
1.5413e-07
1.38889e-07
6.68346e-08
5.16612e-08
8.64341e-08
6.29145e-08
4.48908e-08
3.84652e-08
5.7172e-08
4.95083e-08
8.02785e-08
6.97107e-08
9.91206e-08
6.91641e-08
5.5259e-08
5.57514e-08
6.30482e-08
6.98513e-08
8.9086e-08
8.71656e-08
1.15648e-07
9.68706e-08
8.96938e-08
9.18592e-08
1.15605e-07
1.04091e-07
1.42529e-07
1.42754e-07
2.14543e-07
1.39697e-07
9.78011e-08
1.15701e-07
1.17119e-07
1.18042e-07
3.74007e-07
4.72855e-07
3.95378e-07
9.96378e-07
6.45912e-07
9.16365e-07
8.76693e-07
1.6555e-06
4.97615e-07
7.08488e-07
6.17743e-07
1.59776e-06
1.35656e-06
1.69115e-06
1.12962e-06
5.55799e-07
4.13956e-07
2.79068e-07
2.6803e-07
2.88272e-07
2.36185e-07
2.22103e-07
1.76784e-07
2.57886e-07
2.05938e-07
1.51564e-07
1.15502e-07
1.92776e-07
2.45064e-07
2.05706e-07
2.25918e-07
2.15164e-07
8.78934e-08
6.68724e-08
7.62451e-08
6.86964e-08
5.37322e-08
3.97459e-08
4.11814e-08
4.67355e-08
6.73763e-08
4.32497e-08
5.22445e-08
5.23218e-08
5.54575e-08
4.9126e-08
5.96327e-08
5.87158e-08
9.09841e-08
1.20299e-07
9.60383e-08
1.38375e-07
1.46427e-07
1.79848e-07
1.54924e-07
2.03479e-07
1.00732e-07
1.32938e-07
1.12404e-07
1.46627e-07
1.69554e-07
1.7492e-07
1.40098e-07
1.22851e-07
3.38132e-08
2.64156e-08
2.74314e-08
2.95943e-08
2.24237e-08
1.51891e-08
1.4195e-08
2.16618e-08
2.37607e-08
1.65302e-08
1.52011e-08
2.09871e-08
2.45117e-08
2.14369e-08
2.50607e-08
2.28849e-08
2.38804e-07
3.89407e-07
2.54857e-07
3.22043e-07
3.72624e-07
3.19521e-07
2.49339e-07
2.79026e-07
2.03655e-07
2.08813e-07
2.35486e-07
1.94005e-07
2.91364e-07
2.94529e-07
2.417e-07
2.68429e-07
2.0046e-07
1.99379e-07
2.83038e-07
2.25045e-07
2.13079e-07
2.32178e-07
3.22115e-07
2.81886e-07
4.38101e-07
4.31869e-07
6.8584e-07
5.2128e-07
2.40253e-07
3.69782e-07
3.31851e-07
2.95173e-07
5.1793e-07
4.54364e-07
5.67278e-07
5.18203e-07
4.29894e-07
3.87978e-07
1.93769e-07
5.40068e-07
3.61983e-07
1.59918e-07
1.53737e-07
2.39239e-07
5.17064e-07
3.3448e-07
4.25737e-07
4.61109e-07
3.05308e-08
3.4862e-08
2.51206e-08
3.52067e-08
3.62914e-08
3.66641e-08
2.79804e-08
3.90792e-08
2.07002e-08
2.16867e-08
1.87231e-08
2.60214e-08
3.50214e-08
2.96007e-08
2.93526e-08
2.64991e-08
2.09805e-07
2.96947e-07
2.79468e-07
2.79264e-07
4.39141e-07
5.21723e-07
5.08489e-07
5.02566e-07
3.59192e-07
3.99367e-07
3.04347e-07
3.49262e-07
4.02924e-07
4.39792e-07
3.7089e-07
4.10186e-07
4.78938e-07
3.73383e-07
5.74352e-07
5.94874e-07
2.88114e-07
3.49697e-07
4.86492e-07
2.98792e-07
7.37052e-07
5.79359e-07
6.21481e-07
7.9345e-07
3.92316e-07
4.03171e-07
5.20581e-07
6.98486e-07
4.8703e-08
4.81162e-08
5.73487e-08
4.54785e-08
4.48728e-08
4.24165e-08
5.00268e-08
4.42129e-08
6.8367e-08
6.10937e-08
8.20986e-08
6.40763e-08
4.49218e-08
5.27123e-08
5.53753e-08
5.32796e-08
1.02661e-07
8.19573e-08
1.03451e-07
8.21089e-08
6.94467e-08
5.71041e-08
7.87939e-08
6.0791e-08
1.14479e-07
9.6389e-08
1.28107e-07
9.30986e-08
7.05531e-08
7.43713e-08
8.52244e-08
8.76017e-08
9.48313e-08
8.39533e-08
7.4052e-08
9.75723e-08
8.73195e-08
9.53784e-08
7.79959e-08
1.1265e-07
6.34799e-08
6.27984e-08
5.90754e-08
6.99225e-08
1.01166e-07
8.47784e-08
8.20199e-08
6.93208e-08
4.20166e-07
5.18414e-07
5.25427e-07
5.45518e-07
1.32673e-06
6.776e-07
1.00458e-06
8.04796e-07
5.21471e-07
5.70163e-07
4.04074e-07
5.02157e-07
9.95396e-07
7.27913e-07
5.96151e-07
9.3527e-07
2.59522e-07
2.38748e-07
3.05441e-07
2.49525e-07
2.82417e-07
3.24532e-07
3.04267e-07
3.8842e-07
3.00407e-07
3.27618e-07
3.72026e-07
3.89456e-07
3.23048e-07
3.47859e-07
3.12142e-07
2.57379e-07
5.12001e-07
3.60722e-07
4.81886e-07
3.0297e-07
2.77497e-07
2.04515e-07
2.48403e-07
2.20044e-07
3.86211e-07
2.86698e-07
2.57473e-07
3.93019e-07
2.55893e-07
3.04673e-07
3.48426e-07
3.79495e-07
9.87718e-08
6.65757e-08
7.50182e-08
6.51994e-08
5.4136e-08
4.23888e-08
3.90473e-08
5.09995e-08
5.16469e-08
3.57971e-08
2.76073e-08
3.47376e-08
5.80177e-08
4.2221e-08
5.21904e-08
5.28436e-08
1.77479e-08
1.70127e-08
2.21712e-08
1.53468e-08
1.47582e-08
8.5882e-09
1.21929e-08
1.07361e-08
2.61965e-08
1.76091e-08
2.48621e-08
2.23196e-08
2.00353e-08
1.59433e-08
2.37678e-08
2.08811e-08
2.96369e-07
2.74847e-07
3.01825e-07
3.59445e-07
3.78533e-07
4.27872e-07
3.42009e-07
5.23854e-07
3.26892e-07
2.79735e-07
2.97162e-07
3.86182e-07
4.45614e-07
4.22464e-07
4.16902e-07
2.79407e-07
1.06129e-07
2.09141e-07
2.93207e-07
2.41741e-07
8.45548e-08
1.74405e-07
2.28337e-07
2.33607e-07
3.98964e-07
2.87766e-07
4.16333e-07
3.52872e-07
1.43245e-07
2.72964e-07
2.72718e-07
2.52074e-07
5.7065e-07
2.94769e-07
4.53029e-07
2.07687e-07
2.06443e-07
1.46503e-07
1.81091e-07
9.39406e-08
4.12595e-07
2.9138e-07
3.91531e-07
1.75972e-07
1.30517e-07
1.11417e-07
1.70238e-07
2.47011e-07
2.08546e-08
2.26371e-08
2.57877e-08
2.63322e-08
2.83347e-08
3.44633e-08
3.08398e-08
3.78642e-08
2.98193e-08
3.00282e-08
2.78368e-08
3.58482e-08
3.16479e-08
3.35959e-08
3.02908e-08
2.45618e-08
1.58722e-08
1.44409e-08
1.48906e-08
1.4084e-08
1.40312e-08
1.49386e-08
1.23722e-08
1.47862e-08
1.44421e-08
1.33626e-08
1.55469e-08
1.30762e-08
1.32585e-08
1.20813e-08
1.32247e-08
1.36652e-08
1.13897e-08
5.74587e-09
5.17974e-09
8.65848e-09
3.87569e-09
4.20872e-09
3.05983e-09
4.194e-09
2.64018e-09
2.39201e-09
2.24623e-09
3.25887e-09
4.56285e-09
4.61584e-09
3.33042e-09
3.01346e-09
7.54736e-07
7.27132e-07
9.44932e-07
4.10618e-07
5.95287e-07
7.87306e-07
9.15717e-07
4.87575e-07
1.01003e-06
1.38259e-06
1.79136e-06
6.82933e-07
4.53876e-07
5.56044e-07
5.93448e-07
1.00836e-06
1.37227e-07
1.2915e-07
1.56209e-07
1.05701e-07
1.10094e-07
8.98418e-08
1.12297e-07
7.99653e-08
1.50427e-07
1.33404e-07
1.51705e-07
1.14224e-07
9.17672e-08
9.65245e-08
1.03494e-07
1.3948e-07
5.3986e-07
3.98531e-07
4.67139e-07
2.47358e-07
1.93765e-07
1.88146e-07
2.57084e-07
1.72073e-07
4.52881e-07
3.58559e-07
4.41926e-07
2.25748e-07
1.9674e-07
1.82136e-07
2.41083e-07
3.31204e-07
1.06788e-08
1.09136e-08
1.01017e-08
1.0608e-08
1.15222e-08
1.09299e-08
9.76401e-09
1.12595e-08
1.05828e-08
9.05852e-09
1.16721e-08
9.6896e-09
1.04077e-08
1.01971e-08
1.1045e-08
9.77186e-09
1.20314e-06
1.07538e-06
1.49266e-06
8.27525e-07
6.85651e-07
4.78707e-07
6.29521e-07
4.09627e-07
1.39543e-06
8.8379e-07
2.08435e-06
8.74838e-07
5.42705e-07
5.62772e-07
1.01293e-06
8.89425e-07
2.39136e-07
2.87902e-07
7.24748e-07
4.77907e-07
3.29229e-07
4.19281e-07
5.52116e-07
6.52822e-07
9.77866e-07
6.71902e-07
1.14982e-06
8.14313e-07
5.26372e-07
6.16646e-07
7.43646e-07
6.71412e-07
3.46767e-07
2.76536e-07
3.30843e-07
3.61231e-07
2.53339e-07
2.30993e-07
2.76941e-07
2.64267e-07
3.78467e-07
3.27008e-07
4.58546e-07
4.05543e-07
2.96607e-07
3.15044e-07
3.7131e-07
2.84693e-07
7.32265e-08
7.36885e-08
6.44214e-08
8.1789e-08
6.79584e-08
6.56093e-08
5.21122e-08
7.56565e-08
5.21142e-08
4.30607e-08
3.5625e-08
5.27491e-08
7.89177e-08
6.29244e-08
6.92512e-08
6.33218e-08
1.93062e-07
2.4776e-07
3.12088e-07
4.0075e-07
2.60331e-07
3.75695e-07
4.31827e-07
5.16835e-07
3.35067e-07
3.3715e-07
4.98423e-07
4.45895e-07
3.57842e-07
3.95522e-07
4.64309e-07
3.27252e-07
1.08708e-07
9.9444e-08
1.32776e-07
9.13512e-08
8.94631e-08
8.39438e-08
1.15767e-07
9.24621e-08
1.46263e-07
1.36055e-07
1.72342e-07
1.19241e-07
8.87336e-08
1.02907e-07
1.05651e-07
1.2725e-07
6.56502e-07
4.74091e-07
5.83334e-07
3.10398e-07
3.73363e-07
1.75099e-07
2.0494e-07
2.10728e-07
4.77185e-07
2.4001e-07
2.77937e-07
2.4931e-07
2.34502e-07
2.27926e-07
2.41228e-07
3.8935e-07
1.2215e-07
9.31237e-08
1.12386e-07
8.39158e-08
7.33991e-08
5.69896e-08
6.57262e-08
4.84076e-08
1.10359e-07
8.2186e-08
9.95409e-08
6.98671e-08
6.49807e-08
5.78e-08
7.72088e-08
8.78462e-08
2.70086e-08
3.31964e-08
3.01405e-08
3.59538e-08
3.46895e-08
4.24411e-08
4.6373e-08
4.46464e-08
3.81144e-08
5.4803e-08
6.57322e-08
5.28088e-08
4.08549e-08
4.32642e-08
4.45884e-08
4.36002e-08
3.76129e-07
3.62049e-07
6.5684e-07
7.18941e-07
3.23519e-07
3.52775e-07
6.79943e-07
4.8929e-07
1.15342e-06
1.6465e-06
4.4034e-06
6.62659e-07
5.06158e-07
6.29318e-07
5.73224e-07
6.92147e-07
2.92234e-08
3.30814e-08
3.04086e-08
3.46701e-08
3.5104e-08
3.77013e-08
2.69416e-08
3.89132e-08
2.6151e-08
2.15033e-08
2.35191e-08
2.60339e-08
3.5709e-08
3.04087e-08
3.17179e-08
2.66493e-08
5.18431e-07
3.45764e-07
4.51965e-07
4.49848e-07
2.97981e-07
2.38857e-07
2.66934e-07
2.93457e-07
4.8701e-07
2.95028e-07
3.26168e-07
3.41319e-07
3.5061e-07
3.23902e-07
3.79036e-07
3.50437e-07
4.87577e-07
9.0777e-07
4.36707e-07
7.65916e-07
4.7704e-07
3.89995e-07
4.24487e-07
4.29501e-07
3.1076e-07
2.58477e-07
1.32537e-07
2.591e-07
5.84194e-07
4.51387e-07
3.95976e-07
4.06994e-07
1.35456e-07
1.3219e-07
1.94318e-07
1.9064e-07
1.38856e-07
1.48564e-07
1.85248e-07
1.92795e-07
2.1102e-07
2.40961e-07
4.44982e-07
2.9966e-07
1.99975e-07
2.23205e-07
2.46993e-07
2.14924e-07
2.22912e-07
2.02874e-07
1.69667e-07
2.23393e-07
1.87996e-07
1.68673e-07
1.22843e-07
1.82201e-07
1.30436e-07
1.01532e-07
8.2919e-08
1.20266e-07
2.05753e-07
1.43795e-07
1.67198e-07
1.52515e-07
7.60426e-09
1.73708e-08
9.38045e-09
1.49925e-08
1.6897e-08
1.52779e-08
1.18396e-08
1.57282e-08
1.23249e-08
1.23988e-08
2.41853e-08
1.59552e-08
1.74236e-08
1.47119e-08
2.08877e-08
1.62903e-08
2.10816e-07
1.83435e-07
2.64851e-07
1.86888e-07
1.78977e-07
1.75448e-07
2.5535e-07
1.84964e-07
3.01391e-07
2.96772e-07
2.70241e-07
2.4792e-07
1.84817e-07
2.12698e-07
2.07502e-07
2.4071e-07
3.00553e-07
3.6618e-07
3.37527e-07
2.20321e-07
4.3652e-07
4.63847e-07
4.02536e-07
3.02478e-07
3.38036e-07
3.15879e-07
2.53418e-07
3.03961e-07
2.51936e-07
2.72383e-07
2.97657e-07
4.02544e-07
4.77006e-07
1.3128e-06
8.09724e-07
8.60262e-07
1.17516e-06
1.09248e-06
8.94699e-07
1.04587e-06
8.02532e-07
9.33136e-07
9.29099e-07
1.07124e-06
1.20263e-06
1.13807e-06
9.68226e-07
8.65602e-07
1.46993e-08
1.85625e-08
3.01461e-08
1.98324e-08
2.27717e-08
3.35965e-08
4.9467e-08
3.85075e-08
5.29447e-08
7.28699e-08
1.0338e-07
7.84308e-08
2.50124e-08
5.7564e-08
3.79583e-08
3.12579e-08
1.29463e-08
8.43069e-09
8.77563e-09
1.28532e-08
5.82533e-09
5.25804e-09
3.98776e-09
5.34339e-09
5.43165e-09
3.75281e-09
3.27164e-09
4.99122e-09
7.83822e-09
8.34506e-09
5.16368e-09
5.43539e-09
1.31207e-08
1.10634e-08
1.71743e-08
1.32197e-08
9.97733e-09
1.00539e-08
1.06025e-08
1.06195e-08
1.75163e-08
1.13929e-08
1.5013e-08
1.43508e-08
1.16584e-08
1.47604e-08
1.2157e-08
1.21289e-08
8.10434e-07
3.28654e-06
8.93173e-07
1.10431e-06
1.13905e-06
5.0228e-07
5.79253e-07
1.03804e-06
9.96768e-07
6.96464e-07
1.37854e-06
1.33884e-06
1.36113e-06
1.35151e-06
9.14714e-07
9.3034e-07
7.44658e-08
9.04597e-08
8.32333e-08
8.94969e-08
1.10889e-07
1.22586e-07
1.0819e-07
1.26342e-07
1.00499e-07
8.45666e-08
7.97216e-08
1.08714e-07
9.85358e-08
1.01686e-07
1.00695e-07
8.95035e-08
9.15334e-08
1.39189e-07
1.18618e-07
1.3854e-07
2.9054e-07
5.70071e-07
4.98723e-07
4.12632e-07
1.77002e-07
3.42231e-07
2.89773e-07
3.41545e-07
2.42881e-07
3.93802e-07
3.04838e-07
3.1958e-07
3.21091e-07
2.15027e-07
1.14601e-06
4.79234e-07
2.25322e-07
1.81586e-07
7.45752e-07
2.56021e-07
8.58574e-07
6.07117e-07
4.39e-07
9.38204e-07
3.521e-07
8.4471e-07
1.61093e-06
1.26601e-06
1.90128e-09
7.5171e-10
2.57035e-09
1.24342e-09
9.95155e-10
2.79629e-09
1.52517e-09
1.93647e-09
1.88809e-09
1.31592e-09
1.82757e-09
9.5127e-10
1.14045e-09
1.09678e-09
1.22644e-09
1.07722e-09
2.46209e-07
1.34201e-06
3.30287e-07
1.02395e-06
1.40116e-06
1.70817e-06
1.79306e-06
1.42148e-06
3.19962e-07
8.35659e-07
3.02046e-07
3.3569e-07
1.24624e-06
1.72064e-06
5.30331e-07
1.65618e-06
2.2535e-07
2.55205e-07
9.75599e-07
3.19691e-07
2.69748e-07
2.60226e-07
7.19851e-07
6.25675e-07
2.2549e-06
1.57763e-06
2.43128e-06
9.7731e-07
9.53814e-07
1.43757e-06
4.54717e-07
9.71273e-07
5.46978e-07
6.5537e-07
1.12253e-06
9.04984e-07
7.04168e-07
2.30672e-07
4.14725e-07
8.55661e-07
9.1594e-07
3.80321e-07
4.98144e-07
1.20148e-06
1.06581e-06
1.29787e-06
1.34976e-06
1.16922e-06
2.62268e-06
2.84423e-06
2.96884e-06
2.64743e-06
1.66542e-06
2.55386e-07
3.05807e-07
7.31149e-07
2.10934e-06
3.10463e-07
3.20886e-07
5.88724e-07
1.45816e-06
6.8551e-07
1.9906e-06
2.20588e-06
1.88298e-08
2.18267e-08
2.18959e-08
2.48848e-08
2.61518e-08
3.13533e-08
2.85234e-08
4.01025e-08
2.34278e-08
2.51367e-08
2.48681e-08
2.88077e-08
3.26461e-08
3.42224e-08
2.6717e-08
2.31647e-08
2.39549e-07
2.33928e-07
3.53422e-07
4.19337e-07
2.75083e-07
1.19877e-07
1.24545e-07
2.49643e-07
3.47348e-07
1.2971e-07
2.70294e-07
2.82999e-07
2.44803e-07
3.35927e-07
3.06662e-07
2.62537e-07
4.5172e-06
2.05515e-06
3.11606e-06
1.97892e-06
1.55737e-06
2.67527e-07
2.79936e-07
6.33443e-07
1.82244e-06
2.87862e-07
3.05303e-07
5.29728e-07
1.28337e-06
6.05313e-07
1.30066e-06
1.98933e-06
8.70735e-07
9.65731e-07
1.44447e-06
1.44052e-06
8.87287e-07
2.39495e-07
3.78516e-07
9.88137e-07
9.54774e-07
3.71335e-07
3.84322e-07
7.59879e-07
8.93906e-07
1.74333e-06
1.68348e-06
9.85043e-07
3.1198e-07
1.72467e-07
3.54343e-07
2.65686e-07
1.15151e-07
9.58419e-08
1.12725e-07
1.06813e-07
2.74615e-07
1.44529e-07
3.35882e-07
3.24395e-07
1.38529e-07
2.97129e-07
1.3942e-07
1.81722e-07
2.38725e-08
1.91922e-08
1.80873e-08
2.19248e-08
1.58631e-08
1.20943e-08
9.5383e-09
1.19422e-08
9.6199e-09
6.88042e-09
4.97828e-09
7.74975e-09
1.44014e-08
8.73913e-09
1.22583e-08
1.17136e-08
4.88459e-07
4.39314e-07
5.45592e-07
3.95823e-07
4.86808e-07
3.16871e-07
4.00361e-07
4.41775e-07
6.32132e-07
4.22532e-07
7.64507e-07
6.96174e-07
4.98604e-07
5.74074e-07
3.66005e-07
4.02866e-07
1.32648e-08
1.3548e-08
1.44449e-08
1.18034e-08
1.25187e-08
1.03545e-08
1.17384e-08
1.02579e-08
1.58592e-08
1.35529e-08
1.64425e-08
1.3213e-08
1.12673e-08
1.13657e-08
1.25349e-08
1.38747e-08
4.71312e-07
5.60668e-07
1.06571e-06
6.31451e-07
7.40065e-07
2.41464e-07
3.95129e-07
1.12344e-06
9.29207e-07
3.93204e-07
4.08054e-07
9.74869e-07
9.74437e-07
9.78922e-07
1.23478e-06
1.13735e-06
1.00304e-07
1.41676e-07
1.25478e-07
1.92472e-07
3.11521e-07
1.97948e-07
2.66213e-07
3.57394e-07
1.0273e-07
6.95951e-08
3.06493e-08
7.85287e-08
3.29913e-07
1.77439e-07
3.69378e-07
2.41346e-07
3.23424e-07
4.4993e-07
3.11011e-07
4.4012e-07
5.6426e-07
3.25858e-07
2.55301e-07
7.50998e-07
2.92427e-07
2.95501e-07
1.39503e-07
3.66142e-07
6.74708e-07
4.19138e-07
6.22604e-07
5.15363e-07
1.79062e-07
5.07054e-07
2.54525e-07
3.32228e-07
5.62062e-07
4.22954e-07
5.99916e-07
5.29273e-07
3.28794e-07
9.45976e-07
2.15955e-07
5.09959e-07
4.20173e-07
6.63447e-07
4.30331e-07
7.69627e-07
2.34895e-06
1.7386e-06
3.0122e-06
9.81112e-07
1.1004e-06
2.96448e-07
2.45172e-07
4.6827e-07
1.58413e-06
2.737e-07
2.79144e-07
4.59216e-07
6.75742e-07
5.91828e-07
1.10798e-06
1.4035e-06
1.25437e-06
1.85624e-06
2.64239e-06
2.99748e-06
1.00341e-06
2.28447e-07
2.40574e-07
2.77836e-07
1.32052e-06
2.89325e-07
2.73655e-07
5.59815e-07
2.62233e-06
1.47202e-06
3.05886e-07
8.73877e-07
1.54823e-09
1.53025e-09
1.5702e-09
1.6856e-09
2.01962e-09
5.27414e-09
1.86441e-09
1.98108e-09
1.12671e-09
1.89983e-09
7.70653e-10
8.06139e-10
1.7308e-09
1.26534e-09
1.03799e-09
1.6062e-09
1.02168e-07
1.28826e-07
1.01489e-07
1.21467e-07
2.43704e-07
2.93059e-07
2.90238e-07
4.34653e-07
1.35339e-07
3.3759e-07
2.03642e-07
1.78793e-07
1.51757e-07
1.41782e-07
2.73411e-07
1.58872e-07
9.31975e-09
1.38506e-08
1.26346e-08
1.68669e-08
1.4858e-08
1.7421e-08
1.91977e-08
1.97194e-08
1.64705e-08
2.09462e-08
1.88714e-08
2.50738e-08
1.75877e-08
2.16362e-08
2.09519e-08
1.82469e-08
2.51761e-09
2.84079e-09
2.0096e-09
2.65175e-09
3.0479e-09
2.741e-09
2.25841e-09
3.14349e-09
1.91293e-09
1.76718e-09
1.54775e-09
2.19491e-09
2.78302e-09
2.20502e-09
2.40506e-09
2.27555e-09
1.6309e-07
3.33571e-07
2.13701e-07
4.67694e-07
3.3231e-07
2.65778e-07
2.96658e-07
4.29723e-07
2.95517e-07
4.29487e-07
1.83413e-07
8.44928e-07
4.69221e-07
4.64641e-07
7.11586e-07
4.16859e-07
1.34016e-07
1.75472e-07
3.77515e-07
3.4305e-07
2.17475e-07
2.44145e-07
7.58411e-07
5.06495e-07
3.51605e-07
6.12976e-07
3.3565e-07
9.76516e-07
4.0126e-07
7.1943e-07
5.67205e-07
5.31448e-07
5.33339e-08
4.27619e-08
5.52968e-08
6.05275e-08
3.61664e-08
2.11336e-08
2.83165e-08
4.37427e-08
6.27572e-08
3.75117e-08
4.26574e-08
7.34809e-08
5.01787e-08
6.41232e-08
5.88014e-08
5.28916e-08
3.03104e-07
1.70277e-06
2.74818e-07
1.42925e-06
1.65498e-06
6.42234e-07
7.68419e-07
6.92819e-07
2.53208e-07
7.14288e-07
3.14174e-07
9.66908e-07
7.84701e-07
1.64226e-06
1.4888e-06
1.83613e-06
1.11219e-07
1.52945e-07
7.50712e-08
2.12722e-07
1.30172e-07
1.02825e-07
9.81062e-08
1.78336e-07
5.89736e-08
9.29929e-08
4.20384e-08
1.18412e-07
1.85309e-07
1.55031e-07
1.76597e-07
1.15594e-07
8.29088e-09
1.13932e-08
8.40458e-09
1.31104e-08
1.05117e-08
9.58065e-09
1.14084e-08
1.23789e-08
7.59248e-09
1.21194e-08
7.22723e-09
1.37411e-08
1.31585e-08
1.31338e-08
1.28404e-08
1.13646e-08
3.95187e-08
1.51211e-08
3.06657e-08
1.26942e-08
1.35485e-08
1.41871e-08
1.48189e-08
1.59565e-08
6.80288e-09
8.08108e-09
3.22376e-09
5.77983e-09
1.32942e-08
8.99236e-09
1.1487e-08
1.26892e-08
2.66773e-07
1.13814e-06
3.65097e-07
8.32932e-07
1.04963e-06
6.1119e-07
1.11077e-06
1.75403e-06
3.72678e-07
1.08865e-06
3.83748e-07
6.98482e-07
1.60099e-06
6.83549e-07
1.78289e-06
1.33874e-06
1.8363e-06
2.099e-06
2.75553e-06
2.6058e-06
2.50641e-06
9.22938e-07
2.27953e-06
7.73011e-07
2.57415e-06
3.34795e-06
5.98875e-06
4.1667e-06
2.07746e-06
2.4131e-06
3.01921e-06
3.11357e-06
7.89229e-07
6.96224e-07
1.29211e-06
1.07745e-06
7.29985e-07
7.4658e-07
7.31785e-07
1.12942e-06
1.26236e-06
8.70213e-07
5.19667e-07
1.05638e-06
1.1398e-06
1.12194e-06
1.29829e-06
8.87764e-07
3.0592e-07
3.43586e-07
3.70125e-07
7.14058e-07
4.78512e-07
6.81429e-07
6.85209e-07
7.44871e-07
5.23319e-07
7.34968e-07
6.86468e-07
9.95378e-07
8.98323e-07
8.15874e-07
7.71357e-07
5.62314e-07
3.08831e-09
2.34079e-09
3.04913e-09
2.01043e-09
2.21583e-09
2.55317e-09
2.11849e-09
2.14275e-09
2.70918e-09
2.33873e-09
2.21754e-09
1.76837e-09
1.89679e-09
1.84048e-09
1.86579e-09
2.46838e-09
6.72957e-07
1.19105e-06
1.1122e-06
7.22772e-07
1.10417e-06
1.11437e-06
5.44626e-07
1.40713e-06
5.82768e-07
3.95848e-07
3.47212e-07
8.04529e-07
9.33375e-07
9.6881e-07
9.57011e-07
7.87457e-07
3.78105e-07
2.89761e-07
2.90676e-07
2.47345e-07
2.42499e-07
2.19815e-07
1.65747e-07
2.59823e-07
2.80648e-07
1.30984e-07
1.12173e-07
1.92104e-07
2.86051e-07
2.51123e-07
1.79121e-07
3.16979e-07
3.65313e-09
6.19793e-09
4.31902e-09
3.49193e-09
1.01891e-08
1.32957e-08
6.06416e-09
9.18635e-09
3.23762e-09
3.32034e-09
2.59019e-09
2.62051e-09
6.48793e-09
3.17094e-09
4.21099e-09
6.04479e-09
1.36288e-06
1.28203e-06
2.00049e-06
1.55727e-06
9.27484e-07
6.32713e-07
1.4852e-06
9.46603e-07
1.45681e-06
1.09543e-06
6.76151e-07
1.55778e-06
1.30762e-06
2.44835e-06
1.63583e-06
1.55113e-06
1.1223e-06
1.04478e-06
9.35634e-07
1.82929e-06
1.21536e-06
1.06119e-06
6.9558e-07
1.28132e-06
7.78299e-07
5.99305e-07
4.23289e-07
7.46977e-07
7.85846e-07
2.17088e-06
2.04653e-06
9.84551e-07
9.42868e-07
2.38224e-06
2.19755e-06
7.36306e-07
1.83379e-06
1.57244e-06
1.98213e-06
2.13497e-06
1.45606e-06
2.30778e-06
1.54942e-06
1.49618e-06
1.69019e-06
1.70114e-06
1.67733e-06
2.61835e-06
9.13221e-07
1.92593e-06
3.58391e-06
9.32721e-07
2.43544e-06
2.02865e-06
2.66003e-06
3.35055e-06
3.58253e-06
4.45664e-06
3.54952e-06
2.80032e-06
2.62413e-06
2.52704e-06
2.6801e-06
3.11422e-06
5.58823e-07
4.95203e-07
4.42098e-07
3.08553e-07
3.54531e-07
2.85249e-07
2.097e-07
1.66943e-07
1.93179e-07
1.76363e-07
1.1524e-07
1.03157e-07
1.96419e-07
1.49362e-07
1.40082e-07
2.66728e-07
5.09775e-07
1.62415e-06
9.1384e-07
1.0915e-06
1.35588e-06
1.19017e-06
1.00681e-06
1.21213e-06
1.04954e-06
1.04348e-06
1.19644e-06
1.68857e-06
1.59091e-06
1.505e-06
1.59721e-06
1.04354e-06
1.25942e-08
1.07669e-08
1.18984e-08
1.42698e-08
1.03317e-08
1.18244e-08
8.81198e-09
1.41734e-08
1.33449e-08
1.05004e-08
1.5216e-08
1.90037e-08
1.53007e-08
1.56919e-08
1.54105e-08
1.18991e-08
2.59332e-07
1.9137e-07
1.3814e-07
2.11086e-07
1.76645e-07
2.44145e-07
2.04152e-07
1.94448e-07
1.02315e-07
1.30722e-07
1.20628e-07
1.03147e-07
1.91711e-07
1.18317e-07
1.50332e-07
1.46779e-07
3.87455e-08
3.81782e-08
3.54319e-08
4.45545e-08
4.53592e-08
4.0507e-08
3.43969e-08
4.5532e-08
2.97697e-08
2.37194e-08
1.85838e-08
2.54905e-08
2.94399e-08
3.49064e-08
3.69311e-08
3.01803e-08
4.25005e-07
2.0806e-07
1.64199e-07
2.09544e-07
9.46614e-08
2.31571e-07
6.74974e-08
1.10018e-07
1.38137e-07
9.25479e-08
1.00713e-07
1.20971e-07
1.30777e-07
2.1216e-07
1.16418e-07
1.13252e-07
2.41832e-07
2.92953e-07
3.27354e-07
2.76778e-07
3.7984e-07
8.21228e-07
6.88251e-07
7.51798e-07
4.39157e-07
6.16846e-07
5.81374e-07
3.77381e-07
4.17951e-07
3.1595e-07
4.5779e-07
4.69833e-07
6.67655e-08
8.14449e-08
8.21832e-08
8.14497e-08
7.21892e-08
6.56394e-08
9.72031e-08
8.62301e-08
9.80157e-08
1.18169e-07
1.1544e-07
1.28861e-07
9.08985e-08
1.0708e-07
9.97159e-08
1.00516e-07
1.94222e-07
2.82993e-07
2.28718e-07
2.78713e-07
3.12399e-07
3.98856e-07
3.31727e-07
4.26751e-07
2.328e-07
2.96253e-07
2.54093e-07
2.90099e-07
3.42667e-07
2.80306e-07
3.56527e-07
2.99166e-07
1.8347e-07
2.05579e-07
1.79523e-07
2.20066e-07
2.34196e-07
2.27973e-07
2.39369e-07
2.89453e-07
2.07477e-07
2.35392e-07
2.23101e-07
2.67449e-07
2.50044e-07
2.418e-07
2.79154e-07
2.17954e-07
5.44639e-07
1.14782e-06
5.2859e-07
5.12798e-07
1.55029e-06
2.30519e-06
1.26193e-06
7.53992e-07
4.19796e-07
9.91233e-07
3.11487e-07
6.015e-07
6.21739e-07
7.14305e-07
9.31885e-07
9.94647e-07
)
;
    }
}


// ************************************************************************* //
